node 0: rendezvous master=b300-1-em6dm6d3-0017 (10.1.77.42)
node 1: rendezvous master=b300-1-em6dm6d3-0017 (10.1.77.42)
node 0: NCCL_IB_HCA=mlx5_bond
node 1: NCCL_IB_HCA=mlx5_bond
/root/.cache/user_artifacts/trainers_main/server/.venv/lib/python3.12/site-packages/torch/cuda/__init__.py:61: FutureWarning: The pynvml package is deprecated. Please install nvidia-ml-py instead. If you did not install pynvml directly, please report this to the maintainers of the package that installed pynvml for you.
  import pynvml  # type: ignore[import]
/root/.cache/user_artifacts/trainers_main/server/.venv/lib/python3.12/site-packages/torch/cuda/__init__.py:61: FutureWarning: The pynvml package is deprecated. Please install nvidia-ml-py instead. If you did not install pynvml directly, please report this to the maintainers of the package that installed pynvml for you.
  import pynvml  # type: ignore[import]
W0813 04:05:01.528000 75669 torch/distributed/run.py:851] 
W0813 04:05:01.528000 75669 torch/distributed/run.py:851] *****************************************
W0813 04:05:01.528000 75669 torch/distributed/run.py:851] Setting OMP_NUM_THREADS environment variable for each process to be 1 in default, to avoid your system being overloaded, please further tune the variable for optimal performance in your application as needed. 
W0813 04:05:01.528000 75669 torch/distributed/run.py:851] *****************************************
W0813 04:05:01.971000 36009 torch/distributed/run.py:851] 
W0813 04:05:01.971000 36009 torch/distributed/run.py:851] *****************************************
W0813 04:05:01.971000 36009 torch/distributed/run.py:851] Setting OMP_NUM_THREADS environment variable for each process to be 1 in default, to avoid your system being overloaded, please further tune the variable for optimal performance in your application as needed. 
W0813 04:05:01.971000 36009 torch/distributed/run.py:851] *****************************************
/root/.cache/user_artifacts/trainers_main/server/.venv/lib/python3.12/site-packages/torch/cuda/__init__.py:61: FutureWarning: The pynvml package is deprecated. Please install nvidia-ml-py instead. If you did not install pynvml directly, please report this to the maintainers of the package that installed pynvml for you.
  import pynvml  # type: ignore[import]
/root/.cache/user_artifacts/trainers_main/server/.venv/lib/python3.12/site-packages/torch/cuda/__init__.py:61: FutureWarning: The pynvml package is deprecated. Please install nvidia-ml-py instead. If you did not install pynvml directly, please report this to the maintainers of the package that installed pynvml for you.
  import pynvml  # type: ignore[import]
/root/.cache/user_artifacts/trainers_main/server/.venv/lib/python3.12/site-packages/torch/cuda/__init__.py:61: FutureWarning: The pynvml package is deprecated. Please install nvidia-ml-py instead. If you did not install pynvml directly, please report this to the maintainers of the package that installed pynvml for you.
  import pynvml  # type: ignore[import]
/root/.cache/user_artifacts/trainers_main/server/.venv/lib/python3.12/site-packages/torch/cuda/__init__.py:61: FutureWarning: The pynvml package is deprecated. Please install nvidia-ml-py instead. If you did not install pynvml directly, please report this to the maintainers of the package that installed pynvml for you.
  import pynvml  # type: ignore[import]
/root/.cache/user_artifacts/trainers_main/server/.venv/lib/python3.12/site-packages/torch/cuda/__init__.py:61: FutureWarning: The pynvml package is deprecated. Please install nvidia-ml-py instead. If you did not install pynvml directly, please report this to the maintainers of the package that installed pynvml for you.
  import pynvml  # type: ignore[import]
/root/.cache/user_artifacts/trainers_main/server/.venv/lib/python3.12/site-packages/torch/cuda/__init__.py:61: FutureWarning: The pynvml package is deprecated. Please install nvidia-ml-py instead. If you did not install pynvml directly, please report this to the maintainers of the package that installed pynvml for you.
  import pynvml  # type: ignore[import]
/root/.cache/user_artifacts/trainers_main/server/.venv/lib/python3.12/site-packages/torch/cuda/__init__.py:61: FutureWarning: The pynvml package is deprecated. Please install nvidia-ml-py instead. If you did not install pynvml directly, please report this to the maintainers of the package that installed pynvml for you.
  import pynvml  # type: ignore[import]
/root/.cache/user_artifacts/trainers_main/server/.venv/lib/python3.12/site-packages/torch/cuda/__init__.py:61: FutureWarning: The pynvml package is deprecated. Please install nvidia-ml-py instead. If you did not install pynvml directly, please report this to the maintainers of the package that installed pynvml for you.
  import pynvml  # type: ignore[import]
/root/.cache/user_artifacts/trainers_main/server/.venv/lib/python3.12/site-packages/torch/cuda/__init__.py:61: FutureWarning: The pynvml package is deprecated. Please install nvidia-ml-py instead. If you did not install pynvml directly, please report this to the maintainers of the package that installed pynvml for you.
  import pynvml  # type: ignore[import]
/root/.cache/user_artifacts/trainers_main/server/.venv/lib/python3.12/site-packages/torch/cuda/__init__.py:61: FutureWarning: The pynvml package is deprecated. Please install nvidia-ml-py instead. If you did not install pynvml directly, please report this to the maintainers of the package that installed pynvml for you.
  import pynvml  # type: ignore[import]
/root/.cache/user_artifacts/trainers_main/server/.venv/lib/python3.12/site-packages/torch/cuda/__init__.py:61: FutureWarning: The pynvml package is deprecated. Please install nvidia-ml-py instead. If you did not install pynvml directly, please report this to the maintainers of the package that installed pynvml for you.
  import pynvml  # type: ignore[import]
/root/.cache/user_artifacts/trainers_main/server/.venv/lib/python3.12/site-packages/torch/cuda/__init__.py:61: FutureWarning: The pynvml package is deprecated. Please install nvidia-ml-py instead. If you did not install pynvml directly, please report this to the maintainers of the package that installed pynvml for you.
  import pynvml  # type: ignore[import]
/root/.cache/user_artifacts/trainers_main/server/.venv/lib/python3.12/site-packages/torch/cuda/__init__.py:61: FutureWarning: The pynvml package is deprecated. Please install nvidia-ml-py instead. If you did not install pynvml directly, please report this to the maintainers of the package that installed pynvml for you.
  import pynvml  # type: ignore[import]
/root/.cache/user_artifacts/trainers_main/server/.venv/lib/python3.12/site-packages/torch/cuda/__init__.py:61: FutureWarning: The pynvml package is deprecated. Please install nvidia-ml-py instead. If you did not install pynvml directly, please report this to the maintainers of the package that installed pynvml for you.
  import pynvml  # type: ignore[import]
/root/.cache/user_artifacts/trainers_main/server/.venv/lib/python3.12/site-packages/torch/cuda/__init__.py:61: FutureWarning: The pynvml package is deprecated. Please install nvidia-ml-py instead. If you did not install pynvml directly, please report this to the maintainers of the package that installed pynvml for you.
  import pynvml  # type: ignore[import]
/root/.cache/user_artifacts/trainers_main/server/.venv/lib/python3.12/site-packages/torch/cuda/__init__.py:61: FutureWarning: The pynvml package is deprecated. Please install nvidia-ml-py instead. If you did not install pynvml directly, please report this to the maintainers of the package that installed pynvml for you.
  import pynvml  # type: ignore[import]
/root/.cache/user_artifacts/trainers_main/server/vendor/megatron-bridge/3rdparty/Megatron-LM/megatron/core/models/backends.py:34: UserWarning: Apex is not installed. Falling back to Torch Norm
  warnings.warn("Apex is not installed. Falling back to Torch Norm")
/root/.cache/user_artifacts/trainers_main/server/vendor/megatron-bridge/3rdparty/Megatron-LM/megatron/core/models/gpt/gpt_layer_specs.py:74: UserWarning: Apex is not installed. Falling back to Torch Norm
  warnings.warn("Apex is not installed. Falling back to Torch Norm")
/root/.cache/user_artifacts/trainers_main/server/vendor/megatron-bridge/3rdparty/Megatron-LM/megatron/core/models/backends.py:34: UserWarning: Apex is not installed. Falling back to Torch Norm
  warnings.warn("Apex is not installed. Falling back to Torch Norm")
/root/.cache/user_artifacts/trainers_main/server/vendor/megatron-bridge/3rdparty/Megatron-LM/megatron/core/models/gpt/gpt_layer_specs.py:74: UserWarning: Apex is not installed. Falling back to Torch Norm
  warnings.warn("Apex is not installed. Falling back to Torch Norm")
/root/.cache/user_artifacts/trainers_main/server/vendor/megatron-bridge/3rdparty/Megatron-LM/megatron/core/models/backends.py:34: UserWarning: Apex is not installed. Falling back to Torch Norm
  warnings.warn("Apex is not installed. Falling back to Torch Norm")
/root/.cache/user_artifacts/trainers_main/server/vendor/megatron-bridge/3rdparty/Megatron-LM/megatron/core/models/backends.py:34: UserWarning: Apex is not installed. Falling back to Torch Norm
  warnings.warn("Apex is not installed. Falling back to Torch Norm")
/root/.cache/user_artifacts/trainers_main/server/vendor/megatron-bridge/3rdparty/Megatron-LM/megatron/core/models/backends.py:34: UserWarning: Apex is not installed. Falling back to Torch Norm
  warnings.warn("Apex is not installed. Falling back to Torch Norm")
/root/.cache/user_artifacts/trainers_main/server/vendor/megatron-bridge/3rdparty/Megatron-LM/megatron/core/models/backends.py:34: UserWarning: Apex is not installed. Falling back to Torch Norm
  warnings.warn("Apex is not installed. Falling back to Torch Norm")
/root/.cache/user_artifacts/trainers_main/server/vendor/megatron-bridge/3rdparty/Megatron-LM/megatron/core/models/backends.py:34: UserWarning: Apex is not installed. Falling back to Torch Norm
  warnings.warn("Apex is not installed. Falling back to Torch Norm")
/root/.cache/user_artifacts/trainers_main/server/vendor/megatron-bridge/3rdparty/Megatron-LM/megatron/core/models/backends.py:34: UserWarning: Apex is not installed. Falling back to Torch Norm
  warnings.warn("Apex is not installed. Falling back to Torch Norm")
/root/.cache/user_artifacts/trainers_main/server/vendor/megatron-bridge/3rdparty/Megatron-LM/megatron/core/models/backends.py:34: UserWarning: Apex is not installed. Falling back to Torch Norm
  warnings.warn("Apex is not installed. Falling back to Torch Norm")
/root/.cache/user_artifacts/trainers_main/server/vendor/megatron-bridge/3rdparty/Megatron-LM/megatron/core/models/backends.py:34: UserWarning: Apex is not installed. Falling back to Torch Norm
  warnings.warn("Apex is not installed. Falling back to Torch Norm")
/root/.cache/user_artifacts/trainers_main/server/vendor/megatron-bridge/3rdparty/Megatron-LM/megatron/core/models/gpt/gpt_layer_specs.py:74: UserWarning: Apex is not installed. Falling back to Torch Norm
  warnings.warn("Apex is not installed. Falling back to Torch Norm")
/root/.cache/user_artifacts/trainers_main/server/vendor/megatron-bridge/3rdparty/Megatron-LM/megatron/core/models/gpt/gpt_layer_specs.py:74: UserWarning: Apex is not installed. Falling back to Torch Norm
  warnings.warn("Apex is not installed. Falling back to Torch Norm")
/root/.cache/user_artifacts/trainers_main/server/vendor/megatron-bridge/3rdparty/Megatron-LM/megatron/core/models/gpt/gpt_layer_specs.py:74: UserWarning: Apex is not installed. Falling back to Torch Norm
  warnings.warn("Apex is not installed. Falling back to Torch Norm")
/root/.cache/user_artifacts/trainers_main/server/vendor/megatron-bridge/3rdparty/Megatron-LM/megatron/core/models/gpt/gpt_layer_specs.py:74: UserWarning: Apex is not installed. Falling back to Torch Norm
  warnings.warn("Apex is not installed. Falling back to Torch Norm")
/root/.cache/user_artifacts/trainers_main/server/vendor/megatron-bridge/3rdparty/Megatron-LM/megatron/core/models/gpt/gpt_layer_specs.py:74: UserWarning: Apex is not installed. Falling back to Torch Norm
  warnings.warn("Apex is not installed. Falling back to Torch Norm")
/root/.cache/user_artifacts/trainers_main/server/vendor/megatron-bridge/3rdparty/Megatron-LM/megatron/core/models/gpt/gpt_layer_specs.py:74: UserWarning: Apex is not installed. Falling back to Torch Norm
  warnings.warn("Apex is not installed. Falling back to Torch Norm")
/root/.cache/user_artifacts/trainers_main/server/vendor/megatron-bridge/3rdparty/Megatron-LM/megatron/core/models/gpt/gpt_layer_specs.py:74: UserWarning: Apex is not installed. Falling back to Torch Norm
  warnings.warn("Apex is not installed. Falling back to Torch Norm")
/root/.cache/user_artifacts/trainers_main/server/vendor/megatron-bridge/3rdparty/Megatron-LM/megatron/core/models/gpt/gpt_layer_specs.py:74: UserWarning: Apex is not installed. Falling back to Torch Norm
  warnings.warn("Apex is not installed. Falling back to Torch Norm")
/root/.cache/user_artifacts/trainers_main/server/vendor/megatron-bridge/3rdparty/Megatron-LM/megatron/core/models/backends.py:34: UserWarning: Apex is not installed. Falling back to Torch Norm
  warnings.warn("Apex is not installed. Falling back to Torch Norm")
/root/.cache/user_artifacts/trainers_main/server/vendor/megatron-bridge/3rdparty/Megatron-LM/megatron/core/models/gpt/gpt_layer_specs.py:74: UserWarning: Apex is not installed. Falling back to Torch Norm
  warnings.warn("Apex is not installed. Falling back to Torch Norm")
/root/.cache/user_artifacts/trainers_main/server/vendor/megatron-bridge/3rdparty/Megatron-LM/megatron/core/models/backends.py:34: UserWarning: Apex is not installed. Falling back to Torch Norm
  warnings.warn("Apex is not installed. Falling back to Torch Norm")
/root/.cache/user_artifacts/trainers_main/server/vendor/megatron-bridge/3rdparty/Megatron-LM/megatron/core/models/gpt/gpt_layer_specs.py:74: UserWarning: Apex is not installed. Falling back to Torch Norm
  warnings.warn("Apex is not installed. Falling back to Torch Norm")
/root/.cache/user_artifacts/trainers_main/server/vendor/megatron-bridge/3rdparty/Megatron-LM/megatron/core/models/backends.py:34: UserWarning: Apex is not installed. Falling back to Torch Norm
  warnings.warn("Apex is not installed. Falling back to Torch Norm")
/root/.cache/user_artifacts/trainers_main/server/vendor/megatron-bridge/3rdparty/Megatron-LM/megatron/core/models/gpt/gpt_layer_specs.py:74: UserWarning: Apex is not installed. Falling back to Torch Norm
  warnings.warn("Apex is not installed. Falling back to Torch Norm")
/root/.cache/user_artifacts/trainers_main/server/vendor/megatron-bridge/3rdparty/Megatron-LM/megatron/core/models/backends.py:34: UserWarning: Apex is not installed. Falling back to Torch Norm
  warnings.warn("Apex is not installed. Falling back to Torch Norm")
/root/.cache/user_artifacts/trainers_main/server/vendor/megatron-bridge/3rdparty/Megatron-LM/megatron/core/models/gpt/gpt_layer_specs.py:74: UserWarning: Apex is not installed. Falling back to Torch Norm
  warnings.warn("Apex is not installed. Falling back to Torch Norm")
/root/.cache/user_artifacts/trainers_main/server/vendor/megatron-bridge/3rdparty/Megatron-LM/megatron/core/models/backends.py:34: UserWarning: Apex is not installed. Falling back to Torch Norm
  warnings.warn("Apex is not installed. Falling back to Torch Norm")
/root/.cache/user_artifacts/trainers_main/server/vendor/megatron-bridge/3rdparty/Megatron-LM/megatron/core/models/backends.py:34: UserWarning: Apex is not installed. Falling back to Torch Norm
  warnings.warn("Apex is not installed. Falling back to Torch Norm")
/root/.cache/user_artifacts/trainers_main/server/vendor/megatron-bridge/3rdparty/Megatron-LM/megatron/core/models/gpt/gpt_layer_specs.py:74: UserWarning: Apex is not installed. Falling back to Torch Norm
  warnings.warn("Apex is not installed. Falling back to Torch Norm")
/root/.cache/user_artifacts/trainers_main/server/vendor/megatron-bridge/3rdparty/Megatron-LM/megatron/core/models/gpt/gpt_layer_specs.py:74: UserWarning: Apex is not installed. Falling back to Torch Norm
  warnings.warn("Apex is not installed. Falling back to Torch Norm")
/root/.cache/user_artifacts/trainers_main/server/.venv/lib/python3.12/site-packages/modelopt/torch/__init__.py:53: UserWarning: transformers>=5.0 support is experimental. Unified Hugging Face checkpoint export for quantized checkpoints may not work for some models yet.
  _warnings.warn(
/root/.cache/user_artifacts/trainers_main/server/.venv/lib/python3.12/site-packages/modelopt/torch/__init__.py:53: UserWarning: transformers>=5.0 support is experimental. Unified Hugging Face checkpoint export for quantized checkpoints may not work for some models yet.
  _warnings.warn(
/root/.cache/user_artifacts/trainers_main/server/.venv/lib/python3.12/site-packages/modelopt/torch/__init__.py:53: UserWarning: transformers>=5.0 support is experimental. Unified Hugging Face checkpoint export for quantized checkpoints may not work for some models yet.
  _warnings.warn(
/root/.cache/user_artifacts/trainers_main/server/.venv/lib/python3.12/site-packages/modelopt/torch/__init__.py:53: UserWarning: transformers>=5.0 support is experimental. Unified Hugging Face checkpoint export for quantized checkpoints may not work for some models yet.
  _warnings.warn(
/root/.cache/user_artifacts/trainers_main/server/vendor/megatron-bridge/3rdparty/Megatron-LM/megatron/core/models/gpt/heterogeneous/heterogeneous_layer_specs.py:68: UserWarning: Apex is not installed. Falling back to Torch Norm
  warnings.warn("Apex is not installed. Falling back to Torch Norm")
/root/.cache/user_artifacts/trainers_main/server/vendor/megatron-bridge/3rdparty/Megatron-LM/megatron/core/models/gpt/heterogeneous/heterogeneous_layer_specs.py:68: UserWarning: Apex is not installed. Falling back to Torch Norm
  warnings.warn("Apex is not installed. Falling back to Torch Norm")
/root/.cache/user_artifacts/trainers_main/server/vendor/megatron-bridge/3rdparty/Megatron-LM/megatron/core/models/gpt/heterogeneous/heterogeneous_layer_specs.py:68: UserWarning: Apex is not installed. Falling back to Torch Norm
  warnings.warn("Apex is not installed. Falling back to Torch Norm")
/root/.cache/user_artifacts/trainers_main/server/vendor/megatron-bridge/3rdparty/Megatron-LM/megatron/core/models/gpt/heterogeneous/heterogeneous_layer_specs.py:68: UserWarning: Apex is not installed. Falling back to Torch Norm
  warnings.warn("Apex is not installed. Falling back to Torch Norm")
/root/.cache/user_artifacts/trainers_main/server/.venv/lib/python3.12/site-packages/modelopt/torch/__init__.py:53: UserWarning: transformers>=5.0 support is experimental. Unified Hugging Face checkpoint export for quantized checkpoints may not work for some models yet.
  _warnings.warn(
/root/.cache/user_artifacts/trainers_main/server/.venv/lib/python3.12/site-packages/modelopt/torch/__init__.py:53: UserWarning: transformers>=5.0 support is experimental. Unified Hugging Face checkpoint export for quantized checkpoints may not work for some models yet.
  _warnings.warn(
/root/.cache/user_artifacts/trainers_main/server/vendor/megatron-bridge/3rdparty/Megatron-LM/megatron/core/models/gpt/heterogeneous/heterogeneous_layer_specs.py:68: UserWarning: Apex is not installed. Falling back to Torch Norm
  warnings.warn("Apex is not installed. Falling back to Torch Norm")
/root/.cache/user_artifacts/trainers_main/server/.venv/lib/python3.12/site-packages/modelopt/torch/__init__.py:53: UserWarning: transformers>=5.0 support is experimental. Unified Hugging Face checkpoint export for quantized checkpoints may not work for some models yet.
  _warnings.warn(
/root/.cache/user_artifacts/trainers_main/server/vendor/megatron-bridge/3rdparty/Megatron-LM/megatron/core/models/gpt/heterogeneous/heterogeneous_layer_specs.py:68: UserWarning: Apex is not installed. Falling back to Torch Norm
  warnings.warn("Apex is not installed. Falling back to Torch Norm")
/root/.cache/user_artifacts/trainers_main/server/vendor/megatron-bridge/3rdparty/Megatron-LM/megatron/core/models/gpt/heterogeneous/heterogeneous_layer_specs.py:68: UserWarning: Apex is not installed. Falling back to Torch Norm
  warnings.warn("Apex is not installed. Falling back to Torch Norm")
/root/.cache/user_artifacts/trainers_main/server/.venv/lib/python3.12/site-packages/modelopt/torch/__init__.py:53: UserWarning: transformers>=5.0 support is experimental. Unified Hugging Face checkpoint export for quantized checkpoints may not work for some models yet.
  _warnings.warn(
/root/.cache/user_artifacts/trainers_main/server/vendor/megatron-bridge/3rdparty/Megatron-LM/megatron/core/models/gpt/heterogeneous/heterogeneous_layer_specs.py:68: UserWarning: Apex is not installed. Falling back to Torch Norm
  warnings.warn("Apex is not installed. Falling back to Torch Norm")
/root/.cache/user_artifacts/trainers_main/server/vendor/megatron-bridge/3rdparty/Megatron-LM/megatron/core/models/vision/vit_layer_specs.py:31: UserWarning: Apex is not installed. Falling back to Torch Norm
  warnings.warn("Apex is not installed. Falling back to Torch Norm")
/root/.cache/user_artifacts/trainers_main/server/vendor/megatron-bridge/3rdparty/Megatron-LM/megatron/core/models/vision/vit_layer_specs.py:31: UserWarning: Apex is not installed. Falling back to Torch Norm
  warnings.warn("Apex is not installed. Falling back to Torch Norm")
/root/.cache/user_artifacts/trainers_main/server/vendor/megatron-bridge/3rdparty/Megatron-LM/megatron/core/models/vision/vit_layer_specs.py:31: UserWarning: Apex is not installed. Falling back to Torch Norm
  warnings.warn("Apex is not installed. Falling back to Torch Norm")
/root/.cache/user_artifacts/trainers_main/server/vendor/megatron-bridge/3rdparty/Megatron-LM/megatron/core/models/vision/vit_layer_specs.py:31: UserWarning: Apex is not installed. Falling back to Torch Norm
  warnings.warn("Apex is not installed. Falling back to Torch Norm")
/root/.cache/user_artifacts/trainers_main/server/vendor/megatron-bridge/3rdparty/Megatron-LM/megatron/core/models/vision/vit_layer_specs.py:31: UserWarning: Apex is not installed. Falling back to Torch Norm
  warnings.warn("Apex is not installed. Falling back to Torch Norm")
/root/.cache/user_artifacts/trainers_main/server/vendor/megatron-bridge/3rdparty/Megatron-LM/megatron/core/models/vision/vit_layer_specs.py:31: UserWarning: Apex is not installed. Falling back to Torch Norm
  warnings.warn("Apex is not installed. Falling back to Torch Norm")
/root/.cache/user_artifacts/trainers_main/server/vendor/megatron-bridge/3rdparty/Megatron-LM/megatron/core/models/vision/vit_layer_specs.py:31: UserWarning: Apex is not installed. Falling back to Torch Norm
  warnings.warn("Apex is not installed. Falling back to Torch Norm")
/root/.cache/user_artifacts/trainers_main/server/vendor/megatron-bridge/3rdparty/Megatron-LM/megatron/core/models/vision/vit_layer_specs.py:31: UserWarning: Apex is not installed. Falling back to Torch Norm
  warnings.warn("Apex is not installed. Falling back to Torch Norm")
/root/.cache/user_artifacts/trainers_main/server/.venv/lib/python3.12/site-packages/modelopt/torch/__init__.py:53: UserWarning: transformers>=5.0 support is experimental. Unified Hugging Face checkpoint export for quantized checkpoints may not work for some models yet.
  _warnings.warn(
/root/.cache/user_artifacts/trainers_main/server/.venv/lib/python3.12/site-packages/modelopt/torch/__init__.py:53: UserWarning: transformers>=5.0 support is experimental. Unified Hugging Face checkpoint export for quantized checkpoints may not work for some models yet.
  _warnings.warn(
/root/.cache/user_artifacts/trainers_main/server/.venv/lib/python3.12/site-packages/modelopt/torch/__init__.py:53: UserWarning: transformers>=5.0 support is experimental. Unified Hugging Face checkpoint export for quantized checkpoints may not work for some models yet.
  _warnings.warn(
/root/.cache/user_artifacts/trainers_main/server/.venv/lib/python3.12/site-packages/modelopt/torch/__init__.py:53: UserWarning: transformers>=5.0 support is experimental. Unified Hugging Face checkpoint export for quantized checkpoints may not work for some models yet.
  _warnings.warn(
/root/.cache/user_artifacts/trainers_main/server/.venv/lib/python3.12/site-packages/modelopt/torch/__init__.py:53: UserWarning: transformers>=5.0 support is experimental. Unified Hugging Face checkpoint export for quantized checkpoints may not work for some models yet.
  _warnings.warn(
/root/.cache/user_artifacts/trainers_main/server/.venv/lib/python3.12/site-packages/modelopt/torch/__init__.py:53: UserWarning: transformers>=5.0 support is experimental. Unified Hugging Face checkpoint export for quantized checkpoints may not work for some models yet.
  _warnings.warn(
/root/.cache/user_artifacts/trainers_main/server/.venv/lib/python3.12/site-packages/modelopt/torch/__init__.py:53: UserWarning: transformers>=5.0 support is experimental. Unified Hugging Face checkpoint export for quantized checkpoints may not work for some models yet.
  _warnings.warn(
/root/.cache/user_artifacts/trainers_main/server/.venv/lib/python3.12/site-packages/modelopt/torch/__init__.py:53: UserWarning: transformers>=5.0 support is experimental. Unified Hugging Face checkpoint export for quantized checkpoints may not work for some models yet.
  _warnings.warn(
/root/.cache/user_artifacts/trainers_main/server/vendor/megatron-bridge/3rdparty/Megatron-LM/megatron/core/models/gpt/heterogeneous/heterogeneous_layer_specs.py:68: UserWarning: Apex is not installed. Falling back to Torch Norm
  warnings.warn("Apex is not installed. Falling back to Torch Norm")
/root/.cache/user_artifacts/trainers_main/server/vendor/megatron-bridge/3rdparty/Megatron-LM/megatron/core/models/gpt/heterogeneous/heterogeneous_layer_specs.py:68: UserWarning: Apex is not installed. Falling back to Torch Norm
  warnings.warn("Apex is not installed. Falling back to Torch Norm")
/root/.cache/user_artifacts/trainers_main/server/vendor/megatron-bridge/3rdparty/Megatron-LM/megatron/core/models/gpt/heterogeneous/heterogeneous_layer_specs.py:68: UserWarning: Apex is not installed. Falling back to Torch Norm
  warnings.warn("Apex is not installed. Falling back to Torch Norm")
/root/.cache/user_artifacts/trainers_main/server/vendor/megatron-bridge/3rdparty/Megatron-LM/megatron/core/models/gpt/heterogeneous/heterogeneous_layer_specs.py:68: UserWarning: Apex is not installed. Falling back to Torch Norm
  warnings.warn("Apex is not installed. Falling back to Torch Norm")
/root/.cache/user_artifacts/trainers_main/server/vendor/megatron-bridge/3rdparty/Megatron-LM/megatron/core/models/gpt/heterogeneous/heterogeneous_layer_specs.py:68: UserWarning: Apex is not installed. Falling back to Torch Norm
  warnings.warn("Apex is not installed. Falling back to Torch Norm")
/root/.cache/user_artifacts/trainers_main/server/vendor/megatron-bridge/3rdparty/Megatron-LM/megatron/core/models/gpt/heterogeneous/heterogeneous_layer_specs.py:68: UserWarning: Apex is not installed. Falling back to Torch Norm
  warnings.warn("Apex is not installed. Falling back to Torch Norm")
/root/.cache/user_artifacts/trainers_main/server/vendor/megatron-bridge/3rdparty/Megatron-LM/megatron/core/models/gpt/heterogeneous/heterogeneous_layer_specs.py:68: UserWarning: Apex is not installed. Falling back to Torch Norm
  warnings.warn("Apex is not installed. Falling back to Torch Norm")
/root/.cache/user_artifacts/trainers_main/server/vendor/megatron-bridge/3rdparty/Megatron-LM/megatron/core/models/gpt/heterogeneous/heterogeneous_layer_specs.py:68: UserWarning: Apex is not installed. Falling back to Torch Norm
  warnings.warn("Apex is not installed. Falling back to Torch Norm")
/root/.cache/user_artifacts/trainers_main/server/vendor/megatron-bridge/3rdparty/Megatron-LM/megatron/core/models/vision/vit_layer_specs.py:31: UserWarning: Apex is not installed. Falling back to Torch Norm
  warnings.warn("Apex is not installed. Falling back to Torch Norm")
/root/.cache/user_artifacts/trainers_main/server/vendor/megatron-bridge/3rdparty/Megatron-LM/megatron/core/models/vision/vit_layer_specs.py:31: UserWarning: Apex is not installed. Falling back to Torch Norm
  warnings.warn("Apex is not installed. Falling back to Torch Norm")
/root/.cache/user_artifacts/trainers_main/server/vendor/megatron-bridge/3rdparty/Megatron-LM/megatron/core/models/vision/vit_layer_specs.py:31: UserWarning: Apex is not installed. Falling back to Torch Norm
  warnings.warn("Apex is not installed. Falling back to Torch Norm")
/root/.cache/user_artifacts/trainers_main/server/vendor/megatron-bridge/3rdparty/Megatron-LM/megatron/core/models/vision/vit_layer_specs.py:31: UserWarning: Apex is not installed. Falling back to Torch Norm
  warnings.warn("Apex is not installed. Falling back to Torch Norm")
/root/.cache/user_artifacts/trainers_main/server/vendor/megatron-bridge/3rdparty/Megatron-LM/megatron/core/models/vision/vit_layer_specs.py:31: UserWarning: Apex is not installed. Falling back to Torch Norm
  warnings.warn("Apex is not installed. Falling back to Torch Norm")
/root/.cache/user_artifacts/trainers_main/server/vendor/megatron-bridge/3rdparty/Megatron-LM/megatron/core/models/vision/vit_layer_specs.py:31: UserWarning: Apex is not installed. Falling back to Torch Norm
  warnings.warn("Apex is not installed. Falling back to Torch Norm")
/root/.cache/user_artifacts/trainers_main/server/vendor/megatron-bridge/3rdparty/Megatron-LM/megatron/core/models/vision/vit_layer_specs.py:31: UserWarning: Apex is not installed. Falling back to Torch Norm
  warnings.warn("Apex is not installed. Falling back to Torch Norm")
/root/.cache/user_artifacts/trainers_main/server/vendor/megatron-bridge/3rdparty/Megatron-LM/megatron/core/models/vision/vit_layer_specs.py:31: UserWarning: Apex is not installed. Falling back to Torch Norm
  warnings.warn("Apex is not installed. Falling back to Torch Norm")
/root/.cache/user_artifacts/trainers_main/server/vendor/megatron-bridge/3rdparty/Megatron-LM/megatron/core/models/mimo/config/base_configs.py:12: UserWarning: MimoModelConfig is experimental and still under active development. The API may change without notice in future releases.
  class MimoModelConfig:
/root/.cache/user_artifacts/trainers_main/server/vendor/megatron-bridge/3rdparty/Megatron-LM/megatron/core/models/mimo/config/base_configs.py:12: UserWarning: MimoModelConfig is experimental and still under active development. The API may change without notice in future releases.
  class MimoModelConfig:
/root/.cache/user_artifacts/trainers_main/server/vendor/megatron-bridge/3rdparty/Megatron-LM/megatron/core/models/mimo/config/base_configs.py:12: UserWarning: MimoModelConfig is experimental and still under active development. The API may change without notice in future releases.
  class MimoModelConfig:
/root/.cache/user_artifacts/trainers_main/server/vendor/megatron-bridge/3rdparty/Megatron-LM/megatron/core/models/mimo/config/base_configs.py:12: UserWarning: MimoModelConfig is experimental and still under active development. The API may change without notice in future releases.
  class MimoModelConfig:
/root/.cache/user_artifacts/trainers_main/server/vendor/megatron-bridge/3rdparty/Megatron-LM/megatron/core/models/mimo/config/base_configs.py:12: UserWarning: MimoModelConfig is experimental and still under active development. The API may change without notice in future releases.
  class MimoModelConfig:
/root/.cache/user_artifacts/trainers_main/server/vendor/megatron-bridge/3rdparty/Megatron-LM/megatron/core/models/mimo/config/base_configs.py:12: UserWarning: MimoModelConfig is experimental and still under active development. The API may change without notice in future releases.
  class MimoModelConfig:
/root/.cache/user_artifacts/trainers_main/server/vendor/megatron-bridge/3rdparty/Megatron-LM/megatron/core/models/mimo/config/base_configs.py:12: UserWarning: MimoModelConfig is experimental and still under active development. The API may change without notice in future releases.
  class MimoModelConfig:
/root/.cache/user_artifacts/trainers_main/server/vendor/megatron-bridge/3rdparty/Megatron-LM/megatron/core/models/mimo/config/base_configs.py:12: UserWarning: MimoModelConfig is experimental and still under active development. The API may change without notice in future releases.
  class MimoModelConfig:
WARNING:megatron.bridge.models.conversion.auto_bridge:Loading a model with trust_remote_code=True allows arbitrary code execution from the model repository. Only use this with models you trust.
WARNING:megatron.bridge.models.conversion.auto_bridge:Loading a model with trust_remote_code=True allows arbitrary code execution from the model repository. Only use this with models you trust.
WARNING:megatron.bridge.models.conversion.auto_bridge:Loading a model with trust_remote_code=True allows arbitrary code execution from the model repository. Only use this with models you trust.
WARNING:megatron.bridge.models.conversion.auto_bridge:Loading a model with trust_remote_code=True allows arbitrary code execution from the model repository. Only use this with models you trust.
WARNING:megatron.bridge.models.conversion.auto_bridge:Loading a model with trust_remote_code=True allows arbitrary code execution from the model repository. Only use this with models you trust.
WARNING:megatron.bridge.models.conversion.auto_bridge:Loading a model with trust_remote_code=True allows arbitrary code execution from the model repository. Only use this with models you trust.
WARNING:megatron.bridge.models.conversion.auto_bridge:Loading a model with trust_remote_code=True allows arbitrary code execution from the model repository. Only use this with models you trust.
WARNING:megatron.bridge.models.conversion.auto_bridge:Loading a model with trust_remote_code=True allows arbitrary code execution from the model repository. Only use this with models you trust.
/root/.cache/user_artifacts/trainers_main/server/vendor/megatron-bridge/3rdparty/Megatron-LM/megatron/core/models/mimo/config/base_configs.py:12: UserWarning: MimoModelConfig is experimental and still under active development. The API may change without notice in future releases.
  class MimoModelConfig:
/root/.cache/user_artifacts/trainers_main/server/vendor/megatron-bridge/3rdparty/Megatron-LM/megatron/core/models/mimo/config/base_configs.py:12: UserWarning: MimoModelConfig is experimental and still under active development. The API may change without notice in future releases.
  class MimoModelConfig:
/root/.cache/user_artifacts/trainers_main/server/vendor/megatron-bridge/3rdparty/Megatron-LM/megatron/core/models/mimo/config/base_configs.py:12: UserWarning: MimoModelConfig is experimental and still under active development. The API may change without notice in future releases.
  class MimoModelConfig:
/root/.cache/user_artifacts/trainers_main/server/vendor/megatron-bridge/3rdparty/Megatron-LM/megatron/core/models/mimo/config/base_configs.py:12: UserWarning: MimoModelConfig is experimental and still under active development. The API may change without notice in future releases.
  class MimoModelConfig:
/root/.cache/user_artifacts/trainers_main/server/vendor/megatron-bridge/3rdparty/Megatron-LM/megatron/core/models/mimo/config/base_configs.py:12: UserWarning: MimoModelConfig is experimental and still under active development. The API may change without notice in future releases.
  class MimoModelConfig:
/root/.cache/user_artifacts/trainers_main/server/vendor/megatron-bridge/3rdparty/Megatron-LM/megatron/core/models/mimo/config/base_configs.py:12: UserWarning: MimoModelConfig is experimental and still under active development. The API may change without notice in future releases.
  class MimoModelConfig:
/root/.cache/user_artifacts/trainers_main/server/vendor/megatron-bridge/3rdparty/Megatron-LM/megatron/core/models/mimo/config/base_configs.py:12: UserWarning: MimoModelConfig is experimental and still under active development. The API may change without notice in future releases.
  class MimoModelConfig:
/root/.cache/user_artifacts/trainers_main/server/vendor/megatron-bridge/3rdparty/Megatron-LM/megatron/core/models/mimo/config/base_configs.py:12: UserWarning: MimoModelConfig is experimental and still under active development. The API may change without notice in future releases.
  class MimoModelConfig:
WARNING:megatron.bridge.models.conversion.auto_bridge:Loading a model with trust_remote_code=True allows arbitrary code execution from the model repository. Only use this with models you trust.
WARNING:megatron.bridge.models.conversion.auto_bridge:Loading a model with trust_remote_code=True allows arbitrary code execution from the model repository. Only use this with models you trust.
WARNING:megatron.bridge.models.conversion.auto_bridge:Loading a model with trust_remote_code=True allows arbitrary code execution from the model repository. Only use this with models you trust.
WARNING:megatron.bridge.models.conversion.auto_bridge:Loading a model with trust_remote_code=True allows arbitrary code execution from the model repository. Only use this with models you trust.
WARNING:megatron.bridge.models.conversion.auto_bridge:Loading a model with trust_remote_code=True allows arbitrary code execution from the model repository. Only use this with models you trust.
WARNING:megatron.bridge.models.conversion.auto_bridge:Loading a model with trust_remote_code=True allows arbitrary code execution from the model repository. Only use this with models you trust.
WARNING:megatron.bridge.models.conversion.auto_bridge:Loading a model with trust_remote_code=True allows arbitrary code execution from the model repository. Only use this with models you trust.
WARNING:megatron.bridge.models.conversion.auto_bridge:Loading a model with trust_remote_code=True allows arbitrary code execution from the model repository. Only use this with models you trust.
[transformers] `torch_dtype` is deprecated! Use `dtype` instead!
INFO:trainers_server.dp_worker.backends.megatron_bridge.backend:LoRA config: rank=32 alpha=32 (explicit) -> forward scale=1
INFO:trainers_server.dp_worker.backends.megatron_bridge.megatron_config:Installed TE get_attention_backend logging wrapper
INFO:trainers_server.dp_worker.backends.megatron_bridge.megatron_config:attention_backend=AttnBackend.flash (set from trainer config)
/root/.cache/user_artifacts/trainers_main/server/vendor/megatron-bridge/3rdparty/Megatron-LM/megatron/core/transformer/transformer_config.py:1769: UserWarning: If you are using transformer_engine as the transformer implementation, the core_attn is from transformer_engine and may be the fused version. For fused attention, you have no need to set 'core_attn' to recompute. Please check that the core_attn recompute is really needed.
  warnings.warn(
/root/.cache/user_artifacts/trainers_main/server/vendor/megatron-bridge/3rdparty/Megatron-LM/megatron/core/transformer/transformer_config.py:2379: UserWarning: full scope is deprecated. Use empty cuda_graph_modules to capture the whole layer.
  warnings.warn(
[transformers] `torch_dtype` is deprecated! Use `dtype` instead!
INFO:trainers_server.dp_worker.backends.megatron_bridge.backend:LoRA config: rank=32 alpha=32 (explicit) -> forward scale=1
INFO:trainers_server.dp_worker.backends.megatron_bridge.megatron_config:Installed TE get_attention_backend logging wrapper
INFO:trainers_server.dp_worker.backends.megatron_bridge.megatron_config:attention_backend=AttnBackend.flash (set from trainer config)
/root/.cache/user_artifacts/trainers_main/server/vendor/megatron-bridge/3rdparty/Megatron-LM/megatron/core/transformer/transformer_config.py:1769: UserWarning: If you are using transformer_engine as the transformer implementation, the core_attn is from transformer_engine and may be the fused version. For fused attention, you have no need to set 'core_attn' to recompute. Please check that the core_attn recompute is really needed.
  warnings.warn(
/root/.cache/user_artifacts/trainers_main/server/vendor/megatron-bridge/3rdparty/Megatron-LM/megatron/core/transformer/transformer_config.py:2379: UserWarning: full scope is deprecated. Use empty cuda_graph_modules to capture the whole layer.
  warnings.warn(
[transformers] `torch_dtype` is deprecated! Use `dtype` instead!
INFO:trainers_server.dp_worker.backends.megatron_bridge.backend:LoRA config: rank=32 alpha=32 (explicit) -> forward scale=1
INFO:trainers_server.dp_worker.backends.megatron_bridge.megatron_config:Installed TE get_attention_backend logging wrapper
INFO:trainers_server.dp_worker.backends.megatron_bridge.megatron_config:attention_backend=AttnBackend.flash (set from trainer config)
/root/.cache/user_artifacts/trainers_main/server/vendor/megatron-bridge/3rdparty/Megatron-LM/megatron/core/transformer/transformer_config.py:1769: UserWarning: If you are using transformer_engine as the transformer implementation, the core_attn is from transformer_engine and may be the fused version. For fused attention, you have no need to set 'core_attn' to recompute. Please check that the core_attn recompute is really needed.
  warnings.warn(
/root/.cache/user_artifacts/trainers_main/server/vendor/megatron-bridge/3rdparty/Megatron-LM/megatron/core/transformer/transformer_config.py:2379: UserWarning: full scope is deprecated. Use empty cuda_graph_modules to capture the whole layer.
  warnings.warn(
[transformers] `torch_dtype` is deprecated! Use `dtype` instead!
INFO:trainers_server.dp_worker.backends.megatron_bridge.backend:LoRA config: rank=32 alpha=32 (explicit) -> forward scale=1
INFO:trainers_server.dp_worker.backends.megatron_bridge.megatron_config:Installed TE get_attention_backend logging wrapper
INFO:trainers_server.dp_worker.backends.megatron_bridge.megatron_config:attention_backend=AttnBackend.flash (set from trainer config)
/root/.cache/user_artifacts/trainers_main/server/vendor/megatron-bridge/3rdparty/Megatron-LM/megatron/core/transformer/transformer_config.py:1769: UserWarning: If you are using transformer_engine as the transformer implementation, the core_attn is from transformer_engine and may be the fused version. For fused attention, you have no need to set 'core_attn' to recompute. Please check that the core_attn recompute is really needed.
  warnings.warn(
/root/.cache/user_artifacts/trainers_main/server/vendor/megatron-bridge/3rdparty/Megatron-LM/megatron/core/transformer/transformer_config.py:2379: UserWarning: full scope is deprecated. Use empty cuda_graph_modules to capture the whole layer.
  warnings.warn(
WARNING:megatron.core.rerun_state_machine:RerunStateMachine initialized in mode RerunMode.DISABLED
> initializing torch distributed ...
[transformers] `torch_dtype` is deprecated! Use `dtype` instead!
INFO:trainers_server.dp_worker.backends.megatron_bridge.backend:LoRA config: rank=32 alpha=32 (explicit) -> forward scale=1
INFO:trainers_server.dp_worker.backends.megatron_bridge.megatron_config:Installed TE get_attention_backend logging wrapper
INFO:trainers_server.dp_worker.backends.megatron_bridge.megatron_config:attention_backend=AttnBackend.flash (set from trainer config)
/root/.cache/user_artifacts/trainers_main/server/vendor/megatron-bridge/3rdparty/Megatron-LM/megatron/core/transformer/transformer_config.py:1769: UserWarning: If you are using transformer_engine as the transformer implementation, the core_attn is from transformer_engine and may be the fused version. For fused attention, you have no need to set 'core_attn' to recompute. Please check that the core_attn recompute is really needed.
  warnings.warn(
/root/.cache/user_artifacts/trainers_main/server/vendor/megatron-bridge/3rdparty/Megatron-LM/megatron/core/transformer/transformer_config.py:2379: UserWarning: full scope is deprecated. Use empty cuda_graph_modules to capture the whole layer.
  warnings.warn(
[transformers] `torch_dtype` is deprecated! Use `dtype` instead!
INFO:trainers_server.dp_worker.backends.megatron_bridge.backend:LoRA config: rank=32 alpha=32 (explicit) -> forward scale=1
INFO:trainers_server.dp_worker.backends.megatron_bridge.megatron_config:Installed TE get_attention_backend logging wrapper
INFO:trainers_server.dp_worker.backends.megatron_bridge.megatron_config:attention_backend=AttnBackend.flash (set from trainer config)
/root/.cache/user_artifacts/trainers_main/server/vendor/megatron-bridge/3rdparty/Megatron-LM/megatron/core/transformer/transformer_config.py:1769: UserWarning: If you are using transformer_engine as the transformer implementation, the core_attn is from transformer_engine and may be the fused version. For fused attention, you have no need to set 'core_attn' to recompute. Please check that the core_attn recompute is really needed.
  warnings.warn(
/root/.cache/user_artifacts/trainers_main/server/vendor/megatron-bridge/3rdparty/Megatron-LM/megatron/core/transformer/transformer_config.py:2379: UserWarning: full scope is deprecated. Use empty cuda_graph_modules to capture the whole layer.
  warnings.warn(
[transformers] `torch_dtype` is deprecated! Use `dtype` instead!
INFO:trainers_server.dp_worker.backends.megatron_bridge.backend:LoRA config: rank=32 alpha=32 (explicit) -> forward scale=1
INFO:trainers_server.dp_worker.backends.megatron_bridge.megatron_config:Installed TE get_attention_backend logging wrapper
INFO:trainers_server.dp_worker.backends.megatron_bridge.megatron_config:attention_backend=AttnBackend.flash (set from trainer config)
/root/.cache/user_artifacts/trainers_main/server/vendor/megatron-bridge/3rdparty/Megatron-LM/megatron/core/transformer/transformer_config.py:1769: UserWarning: If you are using transformer_engine as the transformer implementation, the core_attn is from transformer_engine and may be the fused version. For fused attention, you have no need to set 'core_attn' to recompute. Please check that the core_attn recompute is really needed.
  warnings.warn(
/root/.cache/user_artifacts/trainers_main/server/vendor/megatron-bridge/3rdparty/Megatron-LM/megatron/core/transformer/transformer_config.py:2379: UserWarning: full scope is deprecated. Use empty cuda_graph_modules to capture the whole layer.
  warnings.warn(
[transformers] `torch_dtype` is deprecated! Use `dtype` instead!
[transformers] `torch_dtype` is deprecated! Use `dtype` instead!
INFO:trainers_server.dp_worker.backends.megatron_bridge.backend:LoRA config: rank=32 alpha=32 (explicit) -> forward scale=1
INFO:trainers_server.dp_worker.backends.megatron_bridge.megatron_config:Installed TE get_attention_backend logging wrapper
INFO:trainers_server.dp_worker.backends.megatron_bridge.megatron_config:attention_backend=AttnBackend.flash (set from trainer config)
/root/.cache/user_artifacts/trainers_main/server/vendor/megatron-bridge/3rdparty/Megatron-LM/megatron/core/transformer/transformer_config.py:1769: UserWarning: If you are using transformer_engine as the transformer implementation, the core_attn is from transformer_engine and may be the fused version. For fused attention, you have no need to set 'core_attn' to recompute. Please check that the core_attn recompute is really needed.
  warnings.warn(
/root/.cache/user_artifacts/trainers_main/server/vendor/megatron-bridge/3rdparty/Megatron-LM/megatron/core/transformer/transformer_config.py:2379: UserWarning: full scope is deprecated. Use empty cuda_graph_modules to capture the whole layer.
  warnings.warn(
INFO:trainers_server.dp_worker.backends.megatron_bridge.backend:LoRA config: rank=32 alpha=32 (explicit) -> forward scale=1
INFO:trainers_server.dp_worker.backends.megatron_bridge.megatron_config:Installed TE get_attention_backend logging wrapper
INFO:trainers_server.dp_worker.backends.megatron_bridge.megatron_config:attention_backend=AttnBackend.flash (set from trainer config)
/root/.cache/user_artifacts/trainers_main/server/vendor/megatron-bridge/3rdparty/Megatron-LM/megatron/core/transformer/transformer_config.py:1769: UserWarning: If you are using transformer_engine as the transformer implementation, the core_attn is from transformer_engine and may be the fused version. For fused attention, you have no need to set 'core_attn' to recompute. Please check that the core_attn recompute is really needed.
  warnings.warn(
/root/.cache/user_artifacts/trainers_main/server/vendor/megatron-bridge/3rdparty/Megatron-LM/megatron/core/transformer/transformer_config.py:2379: UserWarning: full scope is deprecated. Use empty cuda_graph_modules to capture the whole layer.
  warnings.warn(
[transformers] `torch_dtype` is deprecated! Use `dtype` instead!
[transformers] `torch_dtype` is deprecated! Use `dtype` instead!
INFO:trainers_server.dp_worker.backends.megatron_bridge.backend:LoRA config: rank=32 alpha=32 (explicit) -> forward scale=1
INFO:trainers_server.dp_worker.backends.megatron_bridge.megatron_config:Installed TE get_attention_backend logging wrapper
INFO:trainers_server.dp_worker.backends.megatron_bridge.megatron_config:attention_backend=AttnBackend.flash (set from trainer config)
/root/.cache/user_artifacts/trainers_main/server/vendor/megatron-bridge/3rdparty/Megatron-LM/megatron/core/transformer/transformer_config.py:1769: UserWarning: If you are using transformer_engine as the transformer implementation, the core_attn is from transformer_engine and may be the fused version. For fused attention, you have no need to set 'core_attn' to recompute. Please check that the core_attn recompute is really needed.
  warnings.warn(
/root/.cache/user_artifacts/trainers_main/server/vendor/megatron-bridge/3rdparty/Megatron-LM/megatron/core/transformer/transformer_config.py:2379: UserWarning: full scope is deprecated. Use empty cuda_graph_modules to capture the whole layer.
  warnings.warn(
INFO:trainers_server.dp_worker.backends.megatron_bridge.backend:LoRA config: rank=32 alpha=32 (explicit) -> forward scale=1
INFO:trainers_server.dp_worker.backends.megatron_bridge.megatron_config:Installed TE get_attention_backend logging wrapper
INFO:trainers_server.dp_worker.backends.megatron_bridge.megatron_config:attention_backend=AttnBackend.flash (set from trainer config)
/root/.cache/user_artifacts/trainers_main/server/vendor/megatron-bridge/3rdparty/Megatron-LM/megatron/core/transformer/transformer_config.py:1769: UserWarning: If you are using transformer_engine as the transformer implementation, the core_attn is from transformer_engine and may be the fused version. For fused attention, you have no need to set 'core_attn' to recompute. Please check that the core_attn recompute is really needed.
  warnings.warn(
/root/.cache/user_artifacts/trainers_main/server/vendor/megatron-bridge/3rdparty/Megatron-LM/megatron/core/transformer/transformer_config.py:2379: UserWarning: full scope is deprecated. Use empty cuda_graph_modules to capture the whole layer.
  warnings.warn(
[transformers] `torch_dtype` is deprecated! Use `dtype` instead!
[transformers] `torch_dtype` is deprecated! Use `dtype` instead!
INFO:trainers_server.dp_worker.backends.megatron_bridge.backend:LoRA config: rank=32 alpha=32 (explicit) -> forward scale=1
INFO:trainers_server.dp_worker.backends.megatron_bridge.megatron_config:Installed TE get_attention_backend logging wrapper
INFO:trainers_server.dp_worker.backends.megatron_bridge.megatron_config:attention_backend=AttnBackend.flash (set from trainer config)
/root/.cache/user_artifacts/trainers_main/server/vendor/megatron-bridge/3rdparty/Megatron-LM/megatron/core/transformer/transformer_config.py:1769: UserWarning: If you are using transformer_engine as the transformer implementation, the core_attn is from transformer_engine and may be the fused version. For fused attention, you have no need to set 'core_attn' to recompute. Please check that the core_attn recompute is really needed.
  warnings.warn(
/root/.cache/user_artifacts/trainers_main/server/vendor/megatron-bridge/3rdparty/Megatron-LM/megatron/core/transformer/transformer_config.py:2379: UserWarning: full scope is deprecated. Use empty cuda_graph_modules to capture the whole layer.
  warnings.warn(
INFO:trainers_server.dp_worker.backends.megatron_bridge.backend:LoRA config: rank=32 alpha=32 (explicit) -> forward scale=1
INFO:trainers_server.dp_worker.backends.megatron_bridge.megatron_config:Installed TE get_attention_backend logging wrapper
INFO:trainers_server.dp_worker.backends.megatron_bridge.megatron_config:attention_backend=AttnBackend.flash (set from trainer config)
/root/.cache/user_artifacts/trainers_main/server/vendor/megatron-bridge/3rdparty/Megatron-LM/megatron/core/transformer/transformer_config.py:1769: UserWarning: If you are using transformer_engine as the transformer implementation, the core_attn is from transformer_engine and may be the fused version. For fused attention, you have no need to set 'core_attn' to recompute. Please check that the core_attn recompute is really needed.
  warnings.warn(
/root/.cache/user_artifacts/trainers_main/server/vendor/megatron-bridge/3rdparty/Megatron-LM/megatron/core/transformer/transformer_config.py:2379: UserWarning: full scope is deprecated. Use empty cuda_graph_modules to capture the whole layer.
  warnings.warn(
[transformers] `torch_dtype` is deprecated! Use `dtype` instead!
[transformers] `torch_dtype` is deprecated! Use `dtype` instead!
INFO:trainers_server.dp_worker.backends.megatron_bridge.backend:LoRA config: rank=32 alpha=32 (explicit) -> forward scale=1
INFO:trainers_server.dp_worker.backends.megatron_bridge.megatron_config:Installed TE get_attention_backend logging wrapper
INFO:trainers_server.dp_worker.backends.megatron_bridge.megatron_config:attention_backend=AttnBackend.flash (set from trainer config)
/root/.cache/user_artifacts/trainers_main/server/vendor/megatron-bridge/3rdparty/Megatron-LM/megatron/core/transformer/transformer_config.py:1769: UserWarning: If you are using transformer_engine as the transformer implementation, the core_attn is from transformer_engine and may be the fused version. For fused attention, you have no need to set 'core_attn' to recompute. Please check that the core_attn recompute is really needed.
  warnings.warn(
/root/.cache/user_artifacts/trainers_main/server/vendor/megatron-bridge/3rdparty/Megatron-LM/megatron/core/transformer/transformer_config.py:2379: UserWarning: full scope is deprecated. Use empty cuda_graph_modules to capture the whole layer.
  warnings.warn(
INFO:trainers_server.dp_worker.backends.megatron_bridge.backend:LoRA config: rank=32 alpha=32 (explicit) -> forward scale=1
INFO:trainers_server.dp_worker.backends.megatron_bridge.megatron_config:Installed TE get_attention_backend logging wrapper
INFO:trainers_server.dp_worker.backends.megatron_bridge.megatron_config:attention_backend=AttnBackend.flash (set from trainer config)
/root/.cache/user_artifacts/trainers_main/server/vendor/megatron-bridge/3rdparty/Megatron-LM/megatron/core/transformer/transformer_config.py:1769: UserWarning: If you are using transformer_engine as the transformer implementation, the core_attn is from transformer_engine and may be the fused version. For fused attention, you have no need to set 'core_attn' to recompute. Please check that the core_attn recompute is really needed.
  warnings.warn(
/root/.cache/user_artifacts/trainers_main/server/vendor/megatron-bridge/3rdparty/Megatron-LM/megatron/core/transformer/transformer_config.py:2379: UserWarning: full scope is deprecated. Use empty cuda_graph_modules to capture the whole layer.
  warnings.warn(
[transformers] `torch_dtype` is deprecated! Use `dtype` instead!
INFO:trainers_server.dp_worker.backends.megatron_bridge.backend:LoRA config: rank=32 alpha=32 (explicit) -> forward scale=1
INFO:trainers_server.dp_worker.backends.megatron_bridge.megatron_config:Installed TE get_attention_backend logging wrapper
INFO:trainers_server.dp_worker.backends.megatron_bridge.megatron_config:attention_backend=AttnBackend.flash (set from trainer config)
/root/.cache/user_artifacts/trainers_main/server/vendor/megatron-bridge/3rdparty/Megatron-LM/megatron/core/transformer/transformer_config.py:1769: UserWarning: If you are using transformer_engine as the transformer implementation, the core_attn is from transformer_engine and may be the fused version. For fused attention, you have no need to set 'core_attn' to recompute. Please check that the core_attn recompute is really needed.
  warnings.warn(
/root/.cache/user_artifacts/trainers_main/server/vendor/megatron-bridge/3rdparty/Megatron-LM/megatron/core/transformer/transformer_config.py:2379: UserWarning: full scope is deprecated. Use empty cuda_graph_modules to capture the whole layer.
  warnings.warn(
> initialized tensor model parallel with size 1
> initialized pipeline model parallel with size 2
> setting random seeds to 1234 ...
> compiling dataset index builder ...
make: Entering directory '/root/.cache/user_artifacts/trainers_main/server/vendor/megatron-bridge/3rdparty/Megatron-LM/megatron/core/datasets'
> compiling dataset index builder ...
make: Entering directory '/root/.cache/user_artifacts/trainers_main/server/vendor/megatron-bridge/3rdparty/Megatron-LM/megatron/core/datasets'
make: Nothing to be done for 'default'.
make: Leaving directory '/root/.cache/user_artifacts/trainers_main/server/vendor/megatron-bridge/3rdparty/Megatron-LM/megatron/core/datasets'
>>> done with dataset index builder. Compilation time: 0.036 seconds
/root/.cache/user_artifacts/trainers_main/server/.venv/lib/python3.12/site-packages/torch/distributed/c10d_logger.py:83: UserWarning: barrier(): using the device under current context. You can specify `device_id` in `init_process_group` to mute this warning.
  return func(*args, **kwargs)
make: Nothing to be done for 'default'.
make: Leaving directory '/root/.cache/user_artifacts/trainers_main/server/vendor/megatron-bridge/3rdparty/Megatron-LM/megatron/core/datasets'
>>> done with dataset index builder. Compilation time: 0.035 seconds
WARNING:megatron.core.transformer.moe.token_dispatcher:BT_MOE_PROBS_A2A_COMM present but DISABLED (env unset or != '1'); probs all-to-all stays serialized behind the tokens all-to-all
WARNING:megatron.core.transformer.moe.token_dispatcher:BT_MOE_PROBS_A2A_COMM present but DISABLED (env unset or != '1'); probs all-to-all stays serialized behind the tokens all-to-all
WARNING:megatron.core.transformer.moe.token_dispatcher:BT_MOE_PROBS_A2A_COMM present but DISABLED (env unset or != '1'); probs all-to-all stays serialized behind the tokens all-to-all
WARNING:megatron.core.transformer.moe.token_dispatcher:BT_MOE_PROBS_A2A_COMM present but DISABLED (env unset or != '1'); probs all-to-all stays serialized behind the tokens all-to-all
WARNING:megatron.core.transformer.moe.token_dispatcher:BT_MOE_PROBS_A2A_COMM present but DISABLED (env unset or != '1'); probs all-to-all stays serialized behind the tokens all-to-all
WARNING:megatron.core.transformer.moe.token_dispatcher:BT_MOE_PROBS_A2A_COMM present but DISABLED (env unset or != '1'); probs all-to-all stays serialized behind the tokens all-to-all
WARNING:megatron.core.transformer.moe.token_dispatcher:BT_MOE_PROBS_A2A_COMM present but DISABLED (env unset or != '1'); probs all-to-all stays serialized behind the tokens all-to-all
WARNING:megatron.core.transformer.moe.token_dispatcher:BT_MOE_PROBS_A2A_COMM present but DISABLED (env unset or != '1'); probs all-to-all stays serialized behind the tokens all-to-all
WARNING:megatron.core.transformer.moe.token_dispatcher:BT_MOE_PROBS_A2A_COMM present but DISABLED (env unset or != '1'); probs all-to-all stays serialized behind the tokens all-to-all
WARNING:megatron.core.transformer.moe.token_dispatcher:BT_MOE_PROBS_A2A_COMM present but DISABLED (env unset or != '1'); probs all-to-all stays serialized behind the tokens all-to-all
WARNING:megatron.core.transformer.moe.token_dispatcher:BT_MOE_PROBS_A2A_COMM present but DISABLED (env unset or != '1'); probs all-to-all stays serialized behind the tokens all-to-all
WARNING:megatron.core.transformer.moe.token_dispatcher:BT_MOE_PROBS_A2A_COMM present but DISABLED (env unset or != '1'); probs all-to-all stays serialized behind the tokens all-to-all
WARNING:megatron.core.transformer.moe.token_dispatcher:BT_MOE_PROBS_A2A_COMM present but DISABLED (env unset or != '1'); probs all-to-all stays serialized behind the tokens all-to-all
WARNING:megatron.core.transformer.moe.token_dispatcher:BT_MOE_PROBS_A2A_COMM present but DISABLED (env unset or != '1'); probs all-to-all stays serialized behind the tokens all-to-all
WARNING:megatron.core.transformer.moe.token_dispatcher:BT_MOE_PROBS_A2A_COMM present but DISABLED (env unset or != '1'); probs all-to-all stays serialized behind the tokens all-to-all
WARNING:megatron.core.transformer.moe.token_dispatcher:BT_MOE_PROBS_A2A_COMM present but DISABLED (env unset or != '1'); probs all-to-all stays serialized behind the tokens all-to-all
Fetching 142 files:   0%|          | 0/142 [00:00<?, ?it/s]Fetching 142 files: 100%|██████████| 142/142 [00:00<00:00, 9336.46it/s]
Fetching 142 files:   0%|          | 0/142 [00:00<?, ?it/s]Fetching 142 files: 100%|██████████| 142/142 [00:00<00:00, 12039.44it/s]
Fetching 142 files:   0%|          | 0/142 [00:00<?, ?it/s]Fetching 142 files: 100%|██████████| 142/142 [00:00<00:00, 9688.03it/s]
Fetching 142 files:   0%|          | 0/142 [00:00<?, ?it/s]Fetching 142 files: 100%|██████████| 142/142 [00:00<00:00, 12813.10it/s]
Fetching 142 files:   0%|          | 0/142 [00:00<?, ?it/s]Fetching 142 files: 100%|██████████| 142/142 [00:00<00:00, 14364.40it/s]
Fetching 142 files:   0%|          | 0/142 [00:00<?, ?it/s]Fetching 142 files: 100%|██████████| 142/142 [00:00<00:00, 14937.95it/s]
Fetching 142 files:   0%|          | 0/142 [00:00<?, ?it/s]Fetching 142 files: 100%|██████████| 142/142 [00:00<00:00, 14422.84it/s]
Fetching 142 files:   0%|          | 0/142 [00:00<?, ?it/s]Fetching 142 files: 100%|██████████| 142/142 [00:00<00:00, 12950.73it/s]
Fetching 142 files:   0%|          | 0/142 [00:00<?, ?it/s]Fetching 142 files: 100%|██████████| 142/142 [00:00<00:00, 13318.82it/s]
Fetching 142 files:   0%|          | 0/142 [00:00<?, ?it/s]Fetching 142 files: 100%|██████████| 142/142 [00:00<00:00, 13852.89it/s]
Fetching 142 files:   0%|          | 0/142 [00:00<?, ?it/s]Fetching 142 files: 100%|██████████| 142/142 [00:00<00:00, 13011.84it/s]
Fetching 142 files:   0%|          | 0/142 [00:00<?, ?it/s]Fetching 142 files: 100%|██████████| 142/142 [00:00<00:00, 13127.13it/s]
Fetching 142 files:   0%|          | 0/142 [00:00<?, ?it/s]Fetching 142 files: 100%|██████████| 142/142 [00:00<00:00, 13991.52it/s]
Fetching 142 files:   0%|          | 0/142 [00:00<?, ?it/s]Fetching 142 files: 100%|██████████| 142/142 [00:00<00:00, 15397.91it/s]
Fetching 142 files:   0%|          | 0/142 [00:00<?, ?it/s]Fetching 142 files:   0%|          | 0/142 [00:00<?, ?it/s]Fetching 142 files: 100%|██████████| 142/142 [00:00<00:00, 12718.43it/s]
Fetching 142 files: 100%|██████████| 142/142 [00:00<00:00, 16038.54it/s]

WARNING:megatron.bridge.peft.module_matcher:No modules matched the requested target_modules entries: *output_layer*
INFO:trainers_server.dp_worker.backends.megatron_bridge.backend:LoRA training: disabled dynamic MoE router expert-bias updates
INFO:trainers_server.dp_worker.backends.megatron_bridge.backend:LoRA training: froze 35 MoE router expert-bias updates

WARNING:megatron.bridge.peft.module_matcher:No modules matched the requested target_modules entries: *output_layer*
INFO:trainers_server.dp_worker.backends.megatron_bridge.backend:LoRA training: disabled dynamic MoE router expert-bias updates
INFO:trainers_server.dp_worker.backends.megatron_bridge.backend:LoRA training: froze 35 MoE router expert-bias updates

WARNING:megatron.bridge.peft.module_matcher:No modules matched the requested target_modules entries: *output_layer*
INFO:trainers_server.dp_worker.backends.megatron_bridge.backend:LoRA training: disabled dynamic MoE router expert-bias updates
INFO:trainers_server.dp_worker.backends.megatron_bridge.backend:LoRA training: froze 35 MoE router expert-bias updates


WARNING:megatron.bridge.peft.module_matcher:No modules matched the requested target_modules entries: *output_layer*
WARNING:megatron.bridge.peft.module_matcher:No modules matched the requested target_modules entries: *output_layer*
INFO:trainers_server.dp_worker.backends.megatron_bridge.backend:LoRA training: disabled dynamic MoE router expert-bias updates
INFO:trainers_server.dp_worker.backends.megatron_bridge.backend:LoRA training: froze 35 MoE router expert-bias updates
INFO:trainers_server.dp_worker.backends.megatron_bridge.backend:LoRA training: disabled dynamic MoE router expert-bias updates
INFO:trainers_server.dp_worker.backends.megatron_bridge.backend:LoRA training: froze 35 MoE router expert-bias updates

WARNING:megatron.bridge.peft.module_matcher:No modules matched the requested target_modules entries: *output_layer*
INFO:trainers_server.dp_worker.backends.megatron_bridge.backend:LoRA training: disabled dynamic MoE router expert-bias updates
INFO:trainers_server.dp_worker.backends.megatron_bridge.backend:LoRA training: froze 35 MoE router expert-bias updates

WARNING:megatron.bridge.peft.module_matcher:No modules matched the requested target_modules entries: *output_layer*
INFO:trainers_server.dp_worker.backends.megatron_bridge.backend:LoRA training: disabled dynamic MoE router expert-bias updates
INFO:trainers_server.dp_worker.backends.megatron_bridge.backend:LoRA training: froze 35 MoE router expert-bias updates
Loading from zai-org/GLM-5.2-FP8 ━━━━━━━━━━━ 100% 0:00:00 (5916/5916) GLM5Bridge
WARNING:megatron.bridge.peft.module_matcher:No modules matched the requested target_modules entries: *output_layer*
 > number of parameters on (tensor, pipeline) model parallel rank (0, 0): 51753604864
INFO:trainers_server.dp_worker.backends.megatron_bridge.backend:LoRA training: disabled dynamic MoE router expert-bias updates
INFO:trainers_server.dp_worker.backends.megatron_bridge.backend:LoRA training: froze 35 MoE router expert-bias updates

WARNING:megatron.bridge.peft.module_matcher:No modules matched the requested target_modules entries: *.mlp.linear_fc1, *.mlp.linear_fc2

WARNING:megatron.bridge.peft.module_matcher:No modules matched the requested target_modules entries: *.mlp.linear_fc1, *.mlp.linear_fc2
INFO:trainers_server.dp_worker.backends.megatron_bridge.backend:LoRA training: disabled dynamic MoE router expert-bias updates
INFO:trainers_server.dp_worker.backends.megatron_bridge.backend:LoRA training: froze 40 MoE router expert-bias updates
INFO:trainers_server.dp_worker.backends.megatron_bridge.backend:LoRA training: disabled dynamic MoE router expert-bias updates
INFO:trainers_server.dp_worker.backends.megatron_bridge.backend:LoRA training: froze 40 MoE router expert-bias updates

WARNING:megatron.bridge.peft.module_matcher:No modules matched the requested target_modules entries: *.mlp.linear_fc1, *.mlp.linear_fc2
INFO:trainers_server.dp_worker.backends.megatron_bridge.backend:LoRA training: disabled dynamic MoE router expert-bias updates
INFO:trainers_server.dp_worker.backends.megatron_bridge.backend:LoRA training: froze 40 MoE router expert-bias updates

WARNING:megatron.bridge.peft.module_matcher:No modules matched the requested target_modules entries: *.mlp.linear_fc1, *.mlp.linear_fc2

WARNING:megatron.bridge.peft.module_matcher:No modules matched the requested target_modules entries: *.mlp.linear_fc1, *.mlp.linear_fc2
INFO:trainers_server.dp_worker.backends.megatron_bridge.backend:LoRA training: disabled dynamic MoE router expert-bias updates
INFO:trainers_server.dp_worker.backends.megatron_bridge.backend:LoRA training: froze 40 MoE router expert-bias updates
INFO:trainers_server.dp_worker.backends.megatron_bridge.backend:LoRA training: disabled dynamic MoE router expert-bias updates
INFO:trainers_server.dp_worker.backends.megatron_bridge.backend:LoRA training: froze 40 MoE router expert-bias updates

WARNING:megatron.bridge.peft.module_matcher:No modules matched the requested target_modules entries: *.mlp.linear_fc1, *.mlp.linear_fc2
INFO:trainers_server.dp_worker.backends.megatron_bridge.backend:LoRA training: disabled dynamic MoE router expert-bias updates
INFO:trainers_server.dp_worker.backends.megatron_bridge.backend:LoRA training: froze 40 MoE router expert-bias updates

WARNING:megatron.bridge.peft.module_matcher:No modules matched the requested target_modules entries: *.mlp.linear_fc1, *.mlp.linear_fc2
INFO:trainers_server.dp_worker.backends.megatron_bridge.backend:LoRA training: disabled dynamic MoE router expert-bias updates
INFO:trainers_server.dp_worker.backends.megatron_bridge.backend:LoRA training: froze 40 MoE router expert-bias updates

WARNING:megatron.bridge.peft.module_matcher:No modules matched the requested target_modules entries: *.mlp.linear_fc1, *.mlp.linear_fc2
 > number of parameters on (tensor, pipeline) model parallel rank (0, 1): 57638195712
INFO:trainers_server.dp_worker.backends.megatron_bridge.backend:LoRA training: disabled dynamic MoE router expert-bias updates
INFO:trainers_server.dp_worker.backends.megatron_bridge.backend:LoRA training: froze 40 MoE router expert-bias updates
INFO:trainers_server.dp_worker.backends.megatron_bridge.backend:MegatronBridgeBackend ready
INFO:trainers_server.dp_worker.backends.megatron_bridge.backend:MegatronBridgeBackend ready
INFO:trainers_server.dp_worker.backends.megatron_bridge.backend:MegatronBridgeBackend ready
INFO:trainers_server.dp_worker.controller.checkpoints.manager:weight_sync disabled
INFO:trainers_server.dp_worker.controller.checkpoints.manager:weight_sync disabled
INFO:trainers_server.dp_worker.controller.checkpoints.manager:weight_sync disabled
INFO:trainers_server.dp_worker.backends.megatron_bridge.backend:MegatronBridgeBackend ready
INFO:trainers_server.dp_worker.backends.megatron_bridge.backend:MegatronBridgeBackend ready
INFO:trainers_server.dp_worker.backends.megatron_bridge.backend:MegatronBridgeBackend ready
INFO:trainers_server.dp_worker.backends.megatron_bridge.backend:MegatronBridgeBackend ready
INFO:trainers_server.dp_worker.backends.megatron_bridge.backend:MegatronBridgeBackend ready
INFO:trainers_server.dp_worker.controller.checkpoints.manager:weight_sync disabled
INFO:trainers_server.dp_worker.controller.checkpoints.manager:weight_sync disabled
INFO:trainers_server.dp_worker.controller.checkpoints.manager:weight_sync disabled
INFO:trainers_server.dp_worker.controller.checkpoints.manager:weight_sync disabled
INFO:trainers_server.dp_worker.controller.checkpoints.manager:weight_sync disabled
/root/.cache/user_artifacts/trainers_main/server/.venv/lib/python3.12/site-packages/torch/distributed/c10d_logger.py:83: UserWarning: barrier(): using the device under current context. You can specify `device_id` in `init_process_group` to mute this warning.
  return func(*args, **kwargs)
INFO:trainers_server.dp_worker.backends.megatron_bridge.backend:MegatronBridgeBackend ready
INFO:trainers_server.dp_worker.backends.megatron_bridge.backend:MegatronBridgeBackend ready
INFO:trainers_server.dp_worker.backends.megatron_bridge.backend:MegatronBridgeBackend ready
INFO:trainers_server.dp_worker.controller.checkpoints.manager:weight_sync disabled
INFO:trainers_server.dp_worker.backends.megatron_bridge.backend:MegatronBridgeBackend ready
INFO:trainers_server.dp_worker.backends.megatron_bridge.backend:MegatronBridgeBackend ready
INFO:trainers_server.dp_worker.backends.megatron_bridge.backend:MegatronBridgeBackend ready
INFO:trainers_server.dp_worker.controller.checkpoints.manager:weight_sync disabled
INFO:trainers_server.dp_worker.controller.checkpoints.manager:weight_sync disabled
INFO:trainers_server.dp_worker.backends.megatron_bridge.backend:MegatronBridgeBackend ready
INFO:trainers_server.dp_worker.controller.checkpoints.manager:weight_sync disabled
INFO:trainers_server.dp_worker.controller.checkpoints.manager:weight_sync disabled
INFO:trainers_server.dp_worker.controller.checkpoints.manager:weight_sync disabled
INFO:trainers_server.dp_worker.controller.checkpoints.manager:weight_sync disabled
INFO:trainers_server.dp_worker.backends.megatron_bridge.backend:MegatronBridgeBackend ready
INFO:trainers_server.dp_worker.controller.checkpoints.manager:weight_sync disabled
INFO:trainers_server.dp_worker.backends.megatron_bridge.backend:starting — forward+backward seq=64 across PP=2 (establishing pipeline p2p connections + compiling DSA/Triton/cuDNN forward and backward kernels)...
INFO:trainers_server.dp_worker.backends.megatron_bridge.backend:FAILED after 0.2s — ValueError: The number of contiguous micro-batches in a virtual pipeline stageshould range in [PP=2 , M=1]
[rank14]: Traceback (most recent call last):
[rank14]:   File "<frozen runpy>", line 198, in _run_module_as_main
[rank14]:   File "<frozen runpy>", line 88, in _run_code
[rank14]:   File "/root/.cache/user_artifacts/trainers_main/server/src/trainers_server/dp_worker/main.py", line 242, in <module>
[rank14]:     main()
[rank14]:   File "/root/.cache/user_artifacts/trainers_main/server/src/trainers_server/dp_worker/main.py", line 238, in main
[rank14]:     run_rank(config)
[rank14]:   File "/root/.cache/user_artifacts/trainers_main/server/src/trainers_server/dp_worker/worker.py", line 385, in run_rank
[rank14]:     controller.run_startup_warmup()
[rank14]:   File "/root/.cache/user_artifacts/trainers_main/server/src/trainers_server/dp_worker/controller/controller.py", line 153, in run_startup_warmup
[rank14]:     self._backend.run_startup_warmup()
[rank14]:   File "/root/.cache/user_artifacts/trainers_main/server/src/trainers_server/dp_worker/backends/megatron_bridge/backend.py", line 212, in run_startup_warmup
[rank14]:     self.forward_backward(
[rank14]:   File "/root/.cache/user_artifacts/trainers_main/server/src/trainers_server/dp_worker/backends/megatron_bridge/backend.py", line 431, in forward_backward
[rank14]:     return self._require_runner().forward_backward(
[rank14]:            ^^^^^^^^^^^^^^^^^^^^^^^^^^^^^^^^^^^^^^^^
[rank14]:   File "/root/.cache/user_artifacts/trainers_main/server/src/trainers_server/dp_worker/backends/megatron_bridge/training_runner.py", line 728, in forward_backward
[rank14]:     ) = self._run_forward_backward(
[rank14]:         ^^^^^^^^^^^^^^^^^^^^^^^^^^^
[rank14]:   File "/root/.cache/user_artifacts/trainers_main/server/src/trainers_server/dp_worker/backends/megatron_bridge/training_runner.py", line 417, in _run_forward_backward
[rank14]:     partition_metrics = self._stack.forward_backward(
[rank14]:                         ^^^^^^^^^^^^^^^^^^^^^^^^^^^^^
[rank14]:   File "/root/.cache/user_artifacts/trainers_main/server/vendor/megatron-bridge/3rdparty/Megatron-LM/megatron/core/pipeline_parallel/schedules.py", line 1148, in forward_backward_pipelining_with_interleaving
[rank14]:     raise ValueError(msg)
[rank14]: ValueError: The number of contiguous micro-batches in a virtual pipeline stageshould range in [PP=2 , M=1]
[rank13]: Traceback (most recent call last):
[rank13]:   File "<frozen runpy>", line 198, in _run_module_as_main
[rank13]:   File "<frozen runpy>", line 88, in _run_code
[rank13]:   File "/root/.cache/user_artifacts/trainers_main/server/src/trainers_server/dp_worker/main.py", line 242, in <module>
[rank13]:     main()
[rank13]:   File "/root/.cache/user_artifacts/trainers_main/server/src/trainers_server/dp_worker/main.py", line 238, in main
[rank13]:     run_rank(config)
[rank13]:   File "/root/.cache/user_artifacts/trainers_main/server/src/trainers_server/dp_worker/worker.py", line 385, in run_rank
[rank13]:     controller.run_startup_warmup()
[rank13]:   File "/root/.cache/user_artifacts/trainers_main/server/src/trainers_server/dp_worker/controller/controller.py", line 153, in run_startup_warmup
[rank13]:     self._backend.run_startup_warmup()
[rank13]:   File "/root/.cache/user_artifacts/trainers_main/server/src/trainers_server/dp_worker/backends/megatron_bridge/backend.py", line 212, in run_startup_warmup
[rank13]:     self.forward_backward(
[rank13]:   File "/root/.cache/user_artifacts/trainers_main/server/src/trainers_server/dp_worker/backends/megatron_bridge/backend.py", line 431, in forward_backward
[rank13]:     return self._require_runner().forward_backward(
[rank13]:            ^^^^^^^^^^^^^^^^^^^^^^^^^^^^^^^^^^^^^^^^
[rank13]:   File "/root/.cache/user_artifacts/trainers_main/server/src/trainers_server/dp_worker/backends/megatron_bridge/training_runner.py", line 728, in forward_backward
[rank13]:     ) = self._run_forward_backward(
[rank13]:         ^^^^^^^^^^^^^^^^^^^^^^^^^^^
[rank13]:   File "/root/.cache/user_artifacts/trainers_main/server/src/trainers_server/dp_worker/backends/megatron_bridge/training_runner.py", line 417, in _run_forward_backward
[rank13]:     partition_metrics = self._stack.forward_backward(
[rank13]:                         ^^^^^^^^^^^^^^^^^^^^^^^^^^^^^
[rank13]:   File "/root/.cache/user_artifacts/trainers_main/server/vendor/megatron-bridge/3rdparty/Megatron-LM/megatron/core/pipeline_parallel/schedules.py", line 1148, in forward_backward_pipelining_with_interleaving
[rank13]:     raise ValueError(msg)
[rank13]: ValueError: The number of contiguous micro-batches in a virtual pipeline stageshould range in [PP=2 , M=1]
[rank8]: Traceback (most recent call last):
[rank8]:   File "<frozen runpy>", line 198, in _run_module_as_main
[rank8]:   File "<frozen runpy>", line 88, in _run_code
[rank8]:   File "/root/.cache/user_artifacts/trainers_main/server/src/trainers_server/dp_worker/main.py", line 242, in <module>
[rank8]:     main()
[rank8]:   File "/root/.cache/user_artifacts/trainers_main/server/src/trainers_server/dp_worker/main.py", line 238, in main
[rank8]:     run_rank(config)
[rank8]:   File "/root/.cache/user_artifacts/trainers_main/server/src/trainers_server/dp_worker/worker.py", line 385, in run_rank
[rank8]:     controller.run_startup_warmup()
[rank8]:   File "/root/.cache/user_artifacts/trainers_main/server/src/trainers_server/dp_worker/controller/controller.py", line 153, in run_startup_warmup
[rank8]:     self._backend.run_startup_warmup()
[rank8]:   File "/root/.cache/user_artifacts/trainers_main/server/src/trainers_server/dp_worker/backends/megatron_bridge/backend.py", line 212, in run_startup_warmup
[rank8]:     self.forward_backward(
[rank8]:   File "/root/.cache/user_artifacts/trainers_main/server/src/trainers_server/dp_worker/backends/megatron_bridge/backend.py", line 431, in forward_backward
[rank8]:     return self._require_runner().forward_backward(
[rank8]:            ^^^^^^^^^^^^^^^^^^^^^^^^^^^^^^^^^^^^^^^^
[rank8]:   File "/root/.cache/user_artifacts/trainers_main/server/src/trainers_server/dp_worker/backends/megatron_bridge/training_runner.py", line 728, in forward_backward
[rank8]:     ) = self._run_forward_backward(
[rank8]:         ^^^^^^^^^^^^^^^^^^^^^^^^^^^
[rank8]:   File "/root/.cache/user_artifacts/trainers_main/server/src/trainers_server/dp_worker/backends/megatron_bridge/training_runner.py", line 417, in _run_forward_backward
[rank8]:     partition_metrics = self._stack.forward_backward(
[rank8]:                         ^^^^^^^^^^^^^^^^^^^^^^^^^^^^^
[rank8]:   File "/root/.cache/user_artifacts/trainers_main/server/vendor/megatron-bridge/3rdparty/Megatron-LM/megatron/core/pipeline_parallel/schedules.py", line 1148, in forward_backward_pipelining_with_interleaving
[rank8]:     raise ValueError(msg)
[rank8]: ValueError: The number of contiguous micro-batches in a virtual pipeline stageshould range in [PP=2 , M=1]
[rank11]: Traceback (most recent call last):
[rank11]:   File "<frozen runpy>", line 198, in _run_module_as_main
[rank11]:   File "<frozen runpy>", line 88, in _run_code
[rank11]:   File "/root/.cache/user_artifacts/trainers_main/server/src/trainers_server/dp_worker/main.py", line 242, in <module>
[rank11]:     main()
[rank11]:   File "/root/.cache/user_artifacts/trainers_main/server/src/trainers_server/dp_worker/main.py", line 238, in main
[rank11]:     run_rank(config)
[rank11]:   File "/root/.cache/user_artifacts/trainers_main/server/src/trainers_server/dp_worker/worker.py", line 385, in run_rank
[rank11]:     controller.run_startup_warmup()
[rank11]:   File "/root/.cache/user_artifacts/trainers_main/server/src/trainers_server/dp_worker/controller/controller.py", line 153, in run_startup_warmup
[rank11]:     self._backend.run_startup_warmup()
[rank11]:   File "/root/.cache/user_artifacts/trainers_main/server/src/trainers_server/dp_worker/backends/megatron_bridge/backend.py", line 212, in run_startup_warmup
[rank11]:     self.forward_backward(
[rank11]:   File "/root/.cache/user_artifacts/trainers_main/server/src/trainers_server/dp_worker/backends/megatron_bridge/backend.py", line 431, in forward_backward
[rank11]:     return self._require_runner().forward_backward(
[rank11]:            ^^^^^^^^^^^^^^^^^^^^^^^^^^^^^^^^^^^^^^^^
[rank11]:   File "/root/.cache/user_artifacts/trainers_main/server/src/trainers_server/dp_worker/backends/megatron_bridge/training_runner.py", line 728, in forward_backward
[rank11]:     ) = self._run_forward_backward(
[rank11]:         ^^^^^^^^^^^^^^^^^^^^^^^^^^^
[rank11]:   File "/root/.cache/user_artifacts/trainers_main/server/src/trainers_server/dp_worker/backends/megatron_bridge/training_runner.py", line 417, in _run_forward_backward
[rank11]:     partition_metrics = self._stack.forward_backward(
[rank11]:                         ^^^^^^^^^^^^^^^^^^^^^^^^^^^^^
[rank11]:   File "/root/.cache/user_artifacts/trainers_main/server/vendor/megatron-bridge/3rdparty/Megatron-LM/megatron/core/pipeline_parallel/schedules.py", line 1148, in forward_backward_pipelining_with_interleaving
[rank11]:     raise ValueError(msg)
[rank11]: ValueError: The number of contiguous micro-batches in a virtual pipeline stageshould range in [PP=2 , M=1]
[rank15]: Traceback (most recent call last):
[rank15]:   File "<frozen runpy>", line 198, in _run_module_as_main
[rank15]:   File "<frozen runpy>", line 88, in _run_code
[rank15]:   File "/root/.cache/user_artifacts/trainers_main/server/src/trainers_server/dp_worker/main.py", line 242, in <module>
[rank15]:     main()
[rank15]:   File "/root/.cache/user_artifacts/trainers_main/server/src/trainers_server/dp_worker/main.py", line 238, in main
[rank15]:     run_rank(config)
[rank15]:   File "/root/.cache/user_artifacts/trainers_main/server/src/trainers_server/dp_worker/worker.py", line 385, in run_rank
[rank15]:     controller.run_startup_warmup()
[rank15]:   File "/root/.cache/user_artifacts/trainers_main/server/src/trainers_server/dp_worker/controller/controller.py", line 153, in run_startup_warmup
[rank15]:     self._backend.run_startup_warmup()
[rank15]:   File "/root/.cache/user_artifacts/trainers_main/server/src/trainers_server/dp_worker/backends/megatron_bridge/backend.py", line 212, in run_startup_warmup
[rank15]:     self.forward_backward(
[rank15]:   File "/root/.cache/user_artifacts/trainers_main/server/src/trainers_server/dp_worker/backends/megatron_bridge/backend.py", line 431, in forward_backward
[rank15]:     return self._require_runner().forward_backward(
[rank15]:            ^^^^^^^^^^^^^^^^^^^^^^^^^^^^^^^^^^^^^^^^
[rank15]:   File "/root/.cache/user_artifacts/trainers_main/server/src/trainers_server/dp_worker/backends/megatron_bridge/training_runner.py", line 728, in forward_backward
[rank15]:     ) = self._run_forward_backward(
[rank15]:         ^^^^^^^^^^^^^^^^^^^^^^^^^^^
[rank15]:   File "/root/.cache/user_artifacts/trainers_main/server/src/trainers_server/dp_worker/backends/megatron_bridge/training_runner.py", line 417, in _run_forward_backward
[rank15]:     partition_metrics = self._stack.forward_backward(
[rank15]:                         ^^^^^^^^^^^^^^^^^^^^^^^^^^^^^
[rank15]:   File "/root/.cache/user_artifacts/trainers_main/server/vendor/megatron-bridge/3rdparty/Megatron-LM/megatron/core/pipeline_parallel/schedules.py", line 1148, in forward_backward_pipelining_with_interleaving
[rank15]:     raise ValueError(msg)
[rank15]: ValueError: The number of contiguous micro-batches in a virtual pipeline stageshould range in [PP=2 , M=1]
[rank10]: Traceback (most recent call last):
[rank10]:   File "<frozen runpy>", line 198, in _run_module_as_main
[rank10]:   File "<frozen runpy>", line 88, in _run_code
[rank10]:   File "/root/.cache/user_artifacts/trainers_main/server/src/trainers_server/dp_worker/main.py", line 242, in <module>
[rank10]:     main()
[rank10]:   File "/root/.cache/user_artifacts/trainers_main/server/src/trainers_server/dp_worker/main.py", line 238, in main
[rank10]:     run_rank(config)
[rank10]:   File "/root/.cache/user_artifacts/trainers_main/server/src/trainers_server/dp_worker/worker.py", line 385, in run_rank
[rank10]:     controller.run_startup_warmup()
[rank10]:   File "/root/.cache/user_artifacts/trainers_main/server/src/trainers_server/dp_worker/controller/controller.py", line 153, in run_startup_warmup
[rank10]:     self._backend.run_startup_warmup()
[rank10]:   File "/root/.cache/user_artifacts/trainers_main/server/src/trainers_server/dp_worker/backends/megatron_bridge/backend.py", line 212, in run_startup_warmup
[rank10]:     self.forward_backward(
[rank10]:   File "/root/.cache/user_artifacts/trainers_main/server/src/trainers_server/dp_worker/backends/megatron_bridge/backend.py", line 431, in forward_backward
[rank10]:     return self._require_runner().forward_backward(
[rank10]:            ^^^^^^^^^^^^^^^^^^^^^^^^^^^^^^^^^^^^^^^^
[rank10]:   File "/root/.cache/user_artifacts/trainers_main/server/src/trainers_server/dp_worker/backends/megatron_bridge/training_runner.py", line 728, in forward_backward
[rank10]:     ) = self._run_forward_backward(
[rank10]:         ^^^^^^^^^^^^^^^^^^^^^^^^^^^
[rank10]:   File "/root/.cache/user_artifacts/trainers_main/server/src/trainers_server/dp_worker/backends/megatron_bridge/training_runner.py", line 417, in _run_forward_backward
[rank10]:     partition_metrics = self._stack.forward_backward(
[rank10]:                         ^^^^^^^^^^^^^^^^^^^^^^^^^^^^^
[rank10]:   File "/root/.cache/user_artifacts/trainers_main/server/vendor/megatron-bridge/3rdparty/Megatron-LM/megatron/core/pipeline_parallel/schedules.py", line 1148, in forward_backward_pipelining_with_interleaving
[rank10]:     raise ValueError(msg)
[rank10]: ValueError: The number of contiguous micro-batches in a virtual pipeline stageshould range in [PP=2 , M=1]
[rank12]: Traceback (most recent call last):
[rank12]:   File "<frozen runpy>", line 198, in _run_module_as_main
[rank12]:   File "<frozen runpy>", line 88, in _run_code
[rank12]:   File "/root/.cache/user_artifacts/trainers_main/server/src/trainers_server/dp_worker/main.py", line 242, in <module>
[rank12]:     main()
[rank12]:   File "/root/.cache/user_artifacts/trainers_main/server/src/trainers_server/dp_worker/main.py", line 238, in main
[rank12]:     run_rank(config)
[rank12]:   File "/root/.cache/user_artifacts/trainers_main/server/src/trainers_server/dp_worker/worker.py", line 385, in run_rank
[rank12]:     controller.run_startup_warmup()
[rank12]:   File "/root/.cache/user_artifacts/trainers_main/server/src/trainers_server/dp_worker/controller/controller.py", line 153, in run_startup_warmup
[rank12]:     self._backend.run_startup_warmup()
[rank12]:   File "/root/.cache/user_artifacts/trainers_main/server/src/trainers_server/dp_worker/backends/megatron_bridge/backend.py", line 212, in run_startup_warmup
[rank12]:     self.forward_backward(
[rank12]:   File "/root/.cache/user_artifacts/trainers_main/server/src/trainers_server/dp_worker/backends/megatron_bridge/backend.py", line 431, in forward_backward
[rank12]:     return self._require_runner().forward_backward(
[rank12]:            ^^^^^^^^^^^^^^^^^^^^^^^^^^^^^^^^^^^^^^^^
[rank12]:   File "/root/.cache/user_artifacts/trainers_main/server/src/trainers_server/dp_worker/backends/megatron_bridge/training_runner.py", line 728, in forward_backward
[rank12]:     ) = self._run_forward_backward(
[rank12]:         ^^^^^^^^^^^^^^^^^^^^^^^^^^^
[rank12]:   File "/root/.cache/user_artifacts/trainers_main/server/src/trainers_server/dp_worker/backends/megatron_bridge/training_runner.py", line 417, in _run_forward_backward
[rank12]:     partition_metrics = self._stack.forward_backward(
[rank12]:                         ^^^^^^^^^^^^^^^^^^^^^^^^^^^^^
[rank12]:   File "/root/.cache/user_artifacts/trainers_main/server/vendor/megatron-bridge/3rdparty/Megatron-LM/megatron/core/pipeline_parallel/schedules.py", line 1148, in forward_backward_pipelining_with_interleaving
[rank12]:     raise ValueError(msg)
[rank12]: ValueError: The number of contiguous micro-batches in a virtual pipeline stageshould range in [PP=2 , M=1]
[rank9]: Traceback (most recent call last):
[rank9]:   File "<frozen runpy>", line 198, in _run_module_as_main
[rank9]:   File "<frozen runpy>", line 88, in _run_code
[rank9]:   File "/root/.cache/user_artifacts/trainers_main/server/src/trainers_server/dp_worker/main.py", line 242, in <module>
[rank9]:     main()
[rank9]:   File "/root/.cache/user_artifacts/trainers_main/server/src/trainers_server/dp_worker/main.py", line 238, in main
[rank9]:     run_rank(config)
[rank9]:   File "/root/.cache/user_artifacts/trainers_main/server/src/trainers_server/dp_worker/worker.py", line 385, in run_rank
[rank9]:     controller.run_startup_warmup()
[rank9]:   File "/root/.cache/user_artifacts/trainers_main/server/src/trainers_server/dp_worker/controller/controller.py", line 153, in run_startup_warmup
[rank9]:     self._backend.run_startup_warmup()
[rank9]:   File "/root/.cache/user_artifacts/trainers_main/server/src/trainers_server/dp_worker/backends/megatron_bridge/backend.py", line 212, in run_startup_warmup
[rank9]:     self.forward_backward(
[rank9]:   File "/root/.cache/user_artifacts/trainers_main/server/src/trainers_server/dp_worker/backends/megatron_bridge/backend.py", line 431, in forward_backward
[rank9]:     return self._require_runner().forward_backward(
[rank9]:            ^^^^^^^^^^^^^^^^^^^^^^^^^^^^^^^^^^^^^^^^
[rank9]:   File "/root/.cache/user_artifacts/trainers_main/server/src/trainers_server/dp_worker/backends/megatron_bridge/training_runner.py", line 728, in forward_backward
[rank9]:     ) = self._run_forward_backward(
[rank9]:         ^^^^^^^^^^^^^^^^^^^^^^^^^^^
[rank9]:   File "/root/.cache/user_artifacts/trainers_main/server/src/trainers_server/dp_worker/backends/megatron_bridge/training_runner.py", line 417, in _run_forward_backward
[rank9]:     partition_metrics = self._stack.forward_backward(
[rank9]:                         ^^^^^^^^^^^^^^^^^^^^^^^^^^^^^
[rank9]:   File "/root/.cache/user_artifacts/trainers_main/server/vendor/megatron-bridge/3rdparty/Megatron-LM/megatron/core/pipeline_parallel/schedules.py", line 1148, in forward_backward_pipelining_with_interleaving
[rank9]:     raise ValueError(msg)
[rank9]: ValueError: The number of contiguous micro-batches in a virtual pipeline stageshould range in [PP=2 , M=1]
[rank1]: Traceback (most recent call last):
[rank1]:   File "<frozen runpy>", line 198, in _run_module_as_main
[rank1]:   File "<frozen runpy>", line 88, in _run_code
[rank1]:   File "/root/.cache/user_artifacts/trainers_main/server/src/trainers_server/dp_worker/main.py", line 242, in <module>
[rank1]:     main()
[rank1]:   File "/root/.cache/user_artifacts/trainers_main/server/src/trainers_server/dp_worker/main.py", line 238, in main
[rank1]:     run_rank(config)
[rank1]:   File "/root/.cache/user_artifacts/trainers_main/server/src/trainers_server/dp_worker/worker.py", line 385, in run_rank
[rank1]:     controller.run_startup_warmup()
[rank1]:   File "/root/.cache/user_artifacts/trainers_main/server/src/trainers_server/dp_worker/controller/controller.py", line 153, in run_startup_warmup
[rank1]:     self._backend.run_startup_warmup()
[rank1]:   File "/root/.cache/user_artifacts/trainers_main/server/src/trainers_server/dp_worker/backends/megatron_bridge/backend.py", line 212, in run_startup_warmup
[rank1]:     self.forward_backward(
[rank1]:   File "/root/.cache/user_artifacts/trainers_main/server/src/trainers_server/dp_worker/backends/megatron_bridge/backend.py", line 431, in forward_backward
[rank1]:     return self._require_runner().forward_backward(
[rank1]:            ^^^^^^^^^^^^^^^^^^^^^^^^^^^^^^^^^^^^^^^^
[rank1]:   File "/root/.cache/user_artifacts/trainers_main/server/src/trainers_server/dp_worker/backends/megatron_bridge/training_runner.py", line 728, in forward_backward
[rank1]:     ) = self._run_forward_backward(
[rank1]:         ^^^^^^^^^^^^^^^^^^^^^^^^^^^
[rank1]:   File "/root/.cache/user_artifacts/trainers_main/server/src/trainers_server/dp_worker/backends/megatron_bridge/training_runner.py", line 417, in _run_forward_backward
[rank1]:     partition_metrics = self._stack.forward_backward(
[rank1]:                         ^^^^^^^^^^^^^^^^^^^^^^^^^^^^^
[rank1]:   File "/root/.cache/user_artifacts/trainers_main/server/vendor/megatron-bridge/3rdparty/Megatron-LM/megatron/core/pipeline_parallel/schedules.py", line 1148, in forward_backward_pipelining_with_interleaving
[rank1]:     raise ValueError(msg)
[rank1]: ValueError: The number of contiguous micro-batches in a virtual pipeline stageshould range in [PP=2 , M=1]
[rank7]: Traceback (most recent call last):
[rank7]:   File "<frozen runpy>", line 198, in _run_module_as_main
[rank7]:   File "<frozen runpy>", line 88, in _run_code
[rank7]:   File "/root/.cache/user_artifacts/trainers_main/server/src/trainers_server/dp_worker/main.py", line 242, in <module>
[rank7]:     main()
[rank7]:   File "/root/.cache/user_artifacts/trainers_main/server/src/trainers_server/dp_worker/main.py", line 238, in main
[rank7]:     run_rank(config)
[rank7]:   File "/root/.cache/user_artifacts/trainers_main/server/src/trainers_server/dp_worker/worker.py", line 385, in run_rank
[rank7]:     controller.run_startup_warmup()
[rank7]:   File "/root/.cache/user_artifacts/trainers_main/server/src/trainers_server/dp_worker/controller/controller.py", line 153, in run_startup_warmup
[rank7]:     self._backend.run_startup_warmup()
[rank7]:   File "/root/.cache/user_artifacts/trainers_main/server/src/trainers_server/dp_worker/backends/megatron_bridge/backend.py", line 212, in run_startup_warmup
[rank7]:     self.forward_backward(
[rank7]:   File "/root/.cache/user_artifacts/trainers_main/server/src/trainers_server/dp_worker/backends/megatron_bridge/backend.py", line 431, in forward_backward
[rank7]:     return self._require_runner().forward_backward(
[rank7]:            ^^^^^^^^^^^^^^^^^^^^^^^^^^^^^^^^^^^^^^^^
[rank7]:   File "/root/.cache/user_artifacts/trainers_main/server/src/trainers_server/dp_worker/backends/megatron_bridge/training_runner.py", line 728, in forward_backward
[rank7]:     ) = self._run_forward_backward(
[rank7]:         ^^^^^^^^^^^^^^^^^^^^^^^^^^^
[rank7]:   File "/root/.cache/user_artifacts/trainers_main/server/src/trainers_server/dp_worker/backends/megatron_bridge/training_runner.py", line 417, in _run_forward_backward
[rank7]:     partition_metrics = self._stack.forward_backward(
[rank7]:                         ^^^^^^^^^^^^^^^^^^^^^^^^^^^^^
[rank7]:   File "/root/.cache/user_artifacts/trainers_main/server/vendor/megatron-bridge/3rdparty/Megatron-LM/megatron/core/pipeline_parallel/schedules.py", line 1148, in forward_backward_pipelining_with_interleaving
[rank7]:     raise ValueError(msg)
[rank7]: ValueError: The number of contiguous micro-batches in a virtual pipeline stageshould range in [PP=2 , M=1]
[rank6]: Traceback (most recent call last):
[rank6]:   File "<frozen runpy>", line 198, in _run_module_as_main
[rank6]:   File "<frozen runpy>", line 88, in _run_code
[rank6]:   File "/root/.cache/user_artifacts/trainers_main/server/src/trainers_server/dp_worker/main.py", line 242, in <module>
[rank6]:     main()
[rank6]:   File "/root/.cache/user_artifacts/trainers_main/server/src/trainers_server/dp_worker/main.py", line 238, in main
[rank6]:     run_rank(config)
[rank6]:   File "/root/.cache/user_artifacts/trainers_main/server/src/trainers_server/dp_worker/worker.py", line 385, in run_rank
[rank6]:     controller.run_startup_warmup()
[rank6]:   File "/root/.cache/user_artifacts/trainers_main/server/src/trainers_server/dp_worker/controller/controller.py", line 153, in run_startup_warmup
[rank6]:     self._backend.run_startup_warmup()
[rank6]:   File "/root/.cache/user_artifacts/trainers_main/server/src/trainers_server/dp_worker/backends/megatron_bridge/backend.py", line 212, in run_startup_warmup
[rank6]:     self.forward_backward(
[rank6]:   File "/root/.cache/user_artifacts/trainers_main/server/src/trainers_server/dp_worker/backends/megatron_bridge/backend.py", line 431, in forward_backward
[rank6]:     return self._require_runner().forward_backward(
[rank6]:            ^^^^^^^^^^^^^^^^^^^^^^^^^^^^^^^^^^^^^^^^
[rank6]:   File "/root/.cache/user_artifacts/trainers_main/server/src/trainers_server/dp_worker/backends/megatron_bridge/training_runner.py", line 728, in forward_backward
[rank6]:     ) = self._run_forward_backward(
[rank6]:         ^^^^^^^^^^^^^^^^^^^^^^^^^^^
[rank6]:   File "/root/.cache/user_artifacts/trainers_main/server/src/trainers_server/dp_worker/backends/megatron_bridge/training_runner.py", line 417, in _run_forward_backward
[rank6]:     partition_metrics = self._stack.forward_backward(
[rank6]:                         ^^^^^^^^^^^^^^^^^^^^^^^^^^^^^
[rank6]:   File "/root/.cache/user_artifacts/trainers_main/server/vendor/megatron-bridge/3rdparty/Megatron-LM/megatron/core/pipeline_parallel/schedules.py", line 1148, in forward_backward_pipelining_with_interleaving
[rank6]:     raise ValueError(msg)
[rank6]: ValueError: The number of contiguous micro-batches in a virtual pipeline stageshould range in [PP=2 , M=1]
[rank4]: Traceback (most recent call last):
[rank4]:   File "<frozen runpy>", line 198, in _run_module_as_main
[rank4]:   File "<frozen runpy>", line 88, in _run_code
[rank4]:   File "/root/.cache/user_artifacts/trainers_main/server/src/trainers_server/dp_worker/main.py", line 242, in <module>
[rank4]:     main()
[rank4]:   File "/root/.cache/user_artifacts/trainers_main/server/src/trainers_server/dp_worker/main.py", line 238, in main
[rank4]:     run_rank(config)
[rank4]:   File "/root/.cache/user_artifacts/trainers_main/server/src/trainers_server/dp_worker/worker.py", line 385, in run_rank
[rank4]:     controller.run_startup_warmup()
[rank4]:   File "/root/.cache/user_artifacts/trainers_main/server/src/trainers_server/dp_worker/controller/controller.py", line 153, in run_startup_warmup
[rank4]:     self._backend.run_startup_warmup()
[rank4]:   File "/root/.cache/user_artifacts/trainers_main/server/src/trainers_server/dp_worker/backends/megatron_bridge/backend.py", line 212, in run_startup_warmup
[rank4]:     self.forward_backward(
[rank4]:   File "/root/.cache/user_artifacts/trainers_main/server/src/trainers_server/dp_worker/backends/megatron_bridge/backend.py", line 431, in forward_backward
[rank4]:     return self._require_runner().forward_backward(
[rank4]:            ^^^^^^^^^^^^^^^^^^^^^^^^^^^^^^^^^^^^^^^^
[rank4]:   File "/root/.cache/user_artifacts/trainers_main/server/src/trainers_server/dp_worker/backends/megatron_bridge/training_runner.py", line 728, in forward_backward
[rank4]:     ) = self._run_forward_backward(
[rank4]:         ^^^^^^^^^^^^^^^^^^^^^^^^^^^
[rank4]:   File "/root/.cache/user_artifacts/trainers_main/server/src/trainers_server/dp_worker/backends/megatron_bridge/training_runner.py", line 417, in _run_forward_backward
[rank4]:     partition_metrics = self._stack.forward_backward(
[rank4]:                         ^^^^^^^^^^^^^^^^^^^^^^^^^^^^^
[rank4]:   File "/root/.cache/user_artifacts/trainers_main/server/vendor/megatron-bridge/3rdparty/Megatron-LM/megatron/core/pipeline_parallel/schedules.py", line 1148, in forward_backward_pipelining_with_interleaving
[rank4]:     raise ValueError(msg)
[rank4]: ValueError: The number of contiguous micro-batches in a virtual pipeline stageshould range in [PP=2 , M=1]
[rank2]: Traceback (most recent call last):
[rank2]:   File "<frozen runpy>", line 198, in _run_module_as_main
[rank2]:   File "<frozen runpy>", line 88, in _run_code
[rank2]:   File "/root/.cache/user_artifacts/trainers_main/server/src/trainers_server/dp_worker/main.py", line 242, in <module>
[rank2]:     main()
[rank2]:   File "/root/.cache/user_artifacts/trainers_main/server/src/trainers_server/dp_worker/main.py", line 238, in main
[rank2]:     run_rank(config)
[rank2]:   File "/root/.cache/user_artifacts/trainers_main/server/src/trainers_server/dp_worker/worker.py", line 385, in run_rank
[rank2]:     controller.run_startup_warmup()
[rank2]:   File "/root/.cache/user_artifacts/trainers_main/server/src/trainers_server/dp_worker/controller/controller.py", line 153, in run_startup_warmup
[rank2]:     self._backend.run_startup_warmup()
[rank2]:   File "/root/.cache/user_artifacts/trainers_main/server/src/trainers_server/dp_worker/backends/megatron_bridge/backend.py", line 212, in run_startup_warmup
[rank2]:     self.forward_backward(
[rank2]:   File "/root/.cache/user_artifacts/trainers_main/server/src/trainers_server/dp_worker/backends/megatron_bridge/backend.py", line 431, in forward_backward
[rank2]:     return self._require_runner().forward_backward(
[rank2]:            ^^^^^^^^^^^^^^^^^^^^^^^^^^^^^^^^^^^^^^^^
[rank2]:   File "/root/.cache/user_artifacts/trainers_main/server/src/trainers_server/dp_worker/backends/megatron_bridge/training_runner.py", line 728, in forward_backward
[rank2]:     ) = self._run_forward_backward(
[rank2]:         ^^^^^^^^^^^^^^^^^^^^^^^^^^^
[rank2]:   File "/root/.cache/user_artifacts/trainers_main/server/src/trainers_server/dp_worker/backends/megatron_bridge/training_runner.py", line 417, in _run_forward_backward
[rank2]:     partition_metrics = self._stack.forward_backward(
[rank2]:                         ^^^^^^^^^^^^^^^^^^^^^^^^^^^^^
[rank2]:   File "/root/.cache/user_artifacts/trainers_main/server/vendor/megatron-bridge/3rdparty/Megatron-LM/megatron/core/pipeline_parallel/schedules.py", line 1148, in forward_backward_pipelining_with_interleaving
[rank2]:     raise ValueError(msg)
[rank2]: ValueError: The number of contiguous micro-batches in a virtual pipeline stageshould range in [PP=2 , M=1]
[rank0]: Traceback (most recent call last):
[rank0]:   File "<frozen runpy>", line 198, in _run_module_as_main
[rank0]:   File "<frozen runpy>", line 88, in _run_code
[rank0]:   File "/root/.cache/user_artifacts/trainers_main/server/src/trainers_server/dp_worker/main.py", line 242, in <module>
[rank0]:     main()
[rank0]:   File "/root/.cache/user_artifacts/trainers_main/server/src/trainers_server/dp_worker/main.py", line 238, in main
[rank0]:     run_rank(config)
[rank0]:   File "/root/.cache/user_artifacts/trainers_main/server/src/trainers_server/dp_worker/worker.py", line 385, in run_rank
[rank0]:     controller.run_startup_warmup()
[rank0]:   File "/root/.cache/user_artifacts/trainers_main/server/src/trainers_server/dp_worker/controller/controller.py", line 153, in run_startup_warmup
[rank0]:     self._backend.run_startup_warmup()
[rank0]:   File "/root/.cache/user_artifacts/trainers_main/server/src/trainers_server/dp_worker/backends/megatron_bridge/backend.py", line 212, in run_startup_warmup
[rank0]:     self.forward_backward(
[rank0]:   File "/root/.cache/user_artifacts/trainers_main/server/src/trainers_server/dp_worker/backends/megatron_bridge/backend.py", line 431, in forward_backward
[rank0]:     return self._require_runner().forward_backward(
[rank0]:            ^^^^^^^^^^^^^^^^^^^^^^^^^^^^^^^^^^^^^^^^
[rank0]:   File "/root/.cache/user_artifacts/trainers_main/server/src/trainers_server/dp_worker/backends/megatron_bridge/training_runner.py", line 728, in forward_backward
[rank0]:     ) = self._run_forward_backward(
[rank0]:         ^^^^^^^^^^^^^^^^^^^^^^^^^^^
[rank0]:   File "/root/.cache/user_artifacts/trainers_main/server/src/trainers_server/dp_worker/backends/megatron_bridge/training_runner.py", line 417, in _run_forward_backward
[rank0]:     partition_metrics = self._stack.forward_backward(
[rank0]:                         ^^^^^^^^^^^^^^^^^^^^^^^^^^^^^
[rank0]:   File "/root/.cache/user_artifacts/trainers_main/server/vendor/megatron-bridge/3rdparty/Megatron-LM/megatron/core/pipeline_parallel/schedules.py", line 1148, in forward_backward_pipelining_with_interleaving
[rank0]:     raise ValueError(msg)
[rank0]: ValueError: The number of contiguous micro-batches in a virtual pipeline stageshould range in [PP=2 , M=1]
[rank5]: Traceback (most recent call last):
[rank5]:   File "<frozen runpy>", line 198, in _run_module_as_main
[rank5]:   File "<frozen runpy>", line 88, in _run_code
[rank5]:   File "/root/.cache/user_artifacts/trainers_main/server/src/trainers_server/dp_worker/main.py", line 242, in <module>
[rank5]:     main()
[rank5]:   File "/root/.cache/user_artifacts/trainers_main/server/src/trainers_server/dp_worker/main.py", line 238, in main
[rank5]:     run_rank(config)
[rank5]:   File "/root/.cache/user_artifacts/trainers_main/server/src/trainers_server/dp_worker/worker.py", line 385, in run_rank
[rank5]:     controller.run_startup_warmup()
[rank5]:   File "/root/.cache/user_artifacts/trainers_main/server/src/trainers_server/dp_worker/controller/controller.py", line 153, in run_startup_warmup
[rank5]:     self._backend.run_startup_warmup()
[rank5]:   File "/root/.cache/user_artifacts/trainers_main/server/src/trainers_server/dp_worker/backends/megatron_bridge/backend.py", line 212, in run_startup_warmup
[rank5]:     self.forward_backward(
[rank5]:   File "/root/.cache/user_artifacts/trainers_main/server/src/trainers_server/dp_worker/backends/megatron_bridge/backend.py", line 431, in forward_backward
[rank5]:     return self._require_runner().forward_backward(
[rank5]:            ^^^^^^^^^^^^^^^^^^^^^^^^^^^^^^^^^^^^^^^^
[rank5]:   File "/root/.cache/user_artifacts/trainers_main/server/src/trainers_server/dp_worker/backends/megatron_bridge/training_runner.py", line 728, in forward_backward
[rank5]:     ) = self._run_forward_backward(
[rank5]:         ^^^^^^^^^^^^^^^^^^^^^^^^^^^
[rank5]:   File "/root/.cache/user_artifacts/trainers_main/server/src/trainers_server/dp_worker/backends/megatron_bridge/training_runner.py", line 417, in _run_forward_backward
[rank5]:     partition_metrics = self._stack.forward_backward(
[rank5]:                         ^^^^^^^^^^^^^^^^^^^^^^^^^^^^^
[rank5]:   File "/root/.cache/user_artifacts/trainers_main/server/vendor/megatron-bridge/3rdparty/Megatron-LM/megatron/core/pipeline_parallel/schedules.py", line 1148, in forward_backward_pipelining_with_interleaving
[rank5]:     raise ValueError(msg)
[rank5]: ValueError: The number of contiguous micro-batches in a virtual pipeline stageshould range in [PP=2 , M=1]
[rank3]: Traceback (most recent call last):
[rank3]:   File "<frozen runpy>", line 198, in _run_module_as_main
[rank3]:   File "<frozen runpy>", line 88, in _run_code
[rank3]:   File "/root/.cache/user_artifacts/trainers_main/server/src/trainers_server/dp_worker/main.py", line 242, in <module>
[rank3]:     main()
[rank3]:   File "/root/.cache/user_artifacts/trainers_main/server/src/trainers_server/dp_worker/main.py", line 238, in main
[rank3]:     run_rank(config)
[rank3]:   File "/root/.cache/user_artifacts/trainers_main/server/src/trainers_server/dp_worker/worker.py", line 385, in run_rank
[rank3]:     controller.run_startup_warmup()
[rank3]:   File "/root/.cache/user_artifacts/trainers_main/server/src/trainers_server/dp_worker/controller/controller.py", line 153, in run_startup_warmup
[rank3]:     self._backend.run_startup_warmup()
[rank3]:   File "/root/.cache/user_artifacts/trainers_main/server/src/trainers_server/dp_worker/backends/megatron_bridge/backend.py", line 212, in run_startup_warmup
[rank3]:     self.forward_backward(
[rank3]:   File "/root/.cache/user_artifacts/trainers_main/server/src/trainers_server/dp_worker/backends/megatron_bridge/backend.py", line 431, in forward_backward
[rank3]:     return self._require_runner().forward_backward(
[rank3]:            ^^^^^^^^^^^^^^^^^^^^^^^^^^^^^^^^^^^^^^^^
[rank3]:   File "/root/.cache/user_artifacts/trainers_main/server/src/trainers_server/dp_worker/backends/megatron_bridge/training_runner.py", line 728, in forward_backward
[rank3]:     ) = self._run_forward_backward(
[rank3]:         ^^^^^^^^^^^^^^^^^^^^^^^^^^^
[rank3]:   File "/root/.cache/user_artifacts/trainers_main/server/src/trainers_server/dp_worker/backends/megatron_bridge/training_runner.py", line 417, in _run_forward_backward
[rank3]:     partition_metrics = self._stack.forward_backward(
[rank3]:                         ^^^^^^^^^^^^^^^^^^^^^^^^^^^^^
[rank3]:   File "/root/.cache/user_artifacts/trainers_main/server/vendor/megatron-bridge/3rdparty/Megatron-LM/megatron/core/pipeline_parallel/schedules.py", line 1148, in forward_backward_pipelining_with_interleaving
[rank3]:     raise ValueError(msg)
[rank3]: ValueError: The number of contiguous micro-batches in a virtual pipeline stageshould range in [PP=2 , M=1]
Exception ignored in: <function AsyncCallsQueue.__del__ at 0x7fc7fde90400>
Traceback (most recent call last):
  File "/root/.cache/user_artifacts/trainers_main/server/.venv/lib/python3.12/site-packages/nvidia_resiliency_ext/checkpointing/async_ckpt/core.py", line 1038, in __del__
  File "/root/.cache/user_artifacts/trainers_main/server/.venv/lib/python3.12/site-packages/nvidia_resiliency_ext/checkpointing/async_ckpt/core.py", line 1029, in close
  File "/root/.cache/user_artifacts/trainers_main/server/.venv/lib/python3.12/site-packages/nvidia_resiliency_ext/checkpointing/async_ckpt/core.py", line 643, in close
  File "/usr/lib/python3.12/multiprocessing/queues.py", line 338, in put
  File "/usr/lib/python3.12/multiprocessing/queues.py", line 192, in _start_thread
  File "/usr/lib/python3.12/threading.py", line 992, in start
RuntimeError: can't create new thread at interpreter shutdown
Exception ignored in: <function AsyncCallsQueue.__del__ at 0x7f2625d90400>
Traceback (most recent call last):
  File "/root/.cache/user_artifacts/trainers_main/server/.venv/lib/python3.12/site-packages/nvidia_resiliency_ext/checkpointing/async_ckpt/core.py", line 1038, in __del__
  File "/root/.cache/user_artifacts/trainers_main/server/.venv/lib/python3.12/site-packages/nvidia_resiliency_ext/checkpointing/async_ckpt/core.py", line 1029, in close
  File "/root/.cache/user_artifacts/trainers_main/server/.venv/lib/python3.12/site-packages/nvidia_resiliency_ext/checkpointing/async_ckpt/core.py", line 643, in close
  File "/usr/lib/python3.12/multiprocessing/queues.py", line 338, in put
  File "/usr/lib/python3.12/multiprocessing/queues.py", line 192, in _start_thread
  File "/usr/lib/python3.12/threading.py", line 992, in start
RuntimeError: can't create new thread at interpreter shutdown
Exception ignored in: <function AsyncCallsQueue.__del__ at 0x7f71ae08c400>
Traceback (most recent call last):
  File "/root/.cache/user_artifacts/trainers_main/server/.venv/lib/python3.12/site-packages/nvidia_resiliency_ext/checkpointing/async_ckpt/core.py", line 1038, in __del__
  File "/root/.cache/user_artifacts/trainers_main/server/.venv/lib/python3.12/site-packages/nvidia_resiliency_ext/checkpointing/async_ckpt/core.py", line 1029, in close
  File "/root/.cache/user_artifacts/trainers_main/server/.venv/lib/python3.12/site-packages/nvidia_resiliency_ext/checkpointing/async_ckpt/core.py", line 643, in close
  File "/usr/lib/python3.12/multiprocessing/queues.py", line 338, in put
  File "/usr/lib/python3.12/multiprocessing/queues.py", line 192, in _start_thread
  File "/usr/lib/python3.12/threading.py", line 992, in start
RuntimeError: can't create new thread at interpreter shutdown
Exception ignored in: <function AsyncCallsQueue.__del__ at 0x7f7981890400>
Traceback (most recent call last):
  File "/root/.cache/user_artifacts/trainers_main/server/.venv/lib/python3.12/site-packages/nvidia_resiliency_ext/checkpointing/async_ckpt/core.py", line 1038, in __del__
  File "/root/.cache/user_artifacts/trainers_main/server/.venv/lib/python3.12/site-packages/nvidia_resiliency_ext/checkpointing/async_ckpt/core.py", line 1029, in close
  File "/root/.cache/user_artifacts/trainers_main/server/.venv/lib/python3.12/site-packages/nvidia_resiliency_ext/checkpointing/async_ckpt/core.py", line 643, in close
  File "/usr/lib/python3.12/multiprocessing/queues.py", line 338, in put
  File "/usr/lib/python3.12/multiprocessing/queues.py", line 192, in _start_thread
  File "/usr/lib/python3.12/threading.py", line 992, in start
RuntimeError: can't create new thread at interpreter shutdown
[rank8]:[W813 04:14:27.411970369 ProcessGroupNCCL.cpp:1575] Warning: WARNING: destroy_process_group() was not called before program exit, which can leak resources. For more info, please see https://pytorch.org/docs/stable/distributed.html#shutdown (function operator())
Exception ignored in: <function AsyncCallsQueue.__del__ at 0x7f595b690400>
Traceback (most recent call last):
  File "/root/.cache/user_artifacts/trainers_main/server/.venv/lib/python3.12/site-packages/nvidia_resiliency_ext/checkpointing/async_ckpt/core.py", line 1038, in __del__
  File "/root/.cache/user_artifacts/trainers_main/server/.venv/lib/python3.12/site-packages/nvidia_resiliency_ext/checkpointing/async_ckpt/core.py", line 1029, in close
  File "/root/.cache/user_artifacts/trainers_main/server/.venv/lib/python3.12/site-packages/nvidia_resiliency_ext/checkpointing/async_ckpt/core.py", line 643, in close
  File "/usr/lib/python3.12/multiprocessing/queues.py", line 338, in put
  File "/usr/lib/python3.12/multiprocessing/queues.py", line 192, in _start_thread
  File "/usr/lib/python3.12/threading.py", line 992, in start
RuntimeError: can't create new thread at interpreter shutdown
[rank3]:[W813 04:14:27.785222603 ProcessGroupNCCL.cpp:1575] Warning: WARNING: destroy_process_group() was not called before program exit, which can leak resources. For more info, please see https://pytorch.org/docs/stable/distributed.html#shutdown (function operator())
Exception ignored in: <function AsyncCallsQueue.__del__ at 0x7f04c4e9c400>
Traceback (most recent call last):
  File "/root/.cache/user_artifacts/trainers_main/server/.venv/lib/python3.12/site-packages/nvidia_resiliency_ext/checkpointing/async_ckpt/core.py", line 1038, in __del__
  File "/root/.cache/user_artifacts/trainers_main/server/.venv/lib/python3.12/site-packages/nvidia_resiliency_ext/checkpointing/async_ckpt/core.py", line 1029, in close
  File "/root/.cache/user_artifacts/trainers_main/server/.venv/lib/python3.12/site-packages/nvidia_resiliency_ext/checkpointing/async_ckpt/core.py", line 643, in close
  File "/usr/lib/python3.12/multiprocessing/queues.py", line 338, in put
  File "/usr/lib/python3.12/multiprocessing/queues.py", line 192, in _start_thread
  File "/usr/lib/python3.12/threading.py", line 992, in start
RuntimeError: can't create new thread at interpreter shutdown
[rank0]:[W813 04:14:27.787913814 ProcessGroupNCCL.cpp:1575] Warning: WARNING: destroy_process_group() was not called before program exit, which can leak resources. For more info, please see https://pytorch.org/docs/stable/distributed.html#shutdown (function operator())
[rank2]:[W813 04:14:27.795395263 ProcessGroupNCCL.cpp:1575] Warning: WARNING: destroy_process_group() was not called before program exit, which can leak resources. For more info, please see https://pytorch.org/docs/stable/distributed.html#shutdown (function operator())
Exception ignored in: <function AsyncCallsQueue.__del__ at 0x7fa83a48c400>
Traceback (most recent call last):
  File "/root/.cache/user_artifacts/trainers_main/server/.venv/lib/python3.12/site-packages/nvidia_resiliency_ext/checkpointing/async_ckpt/core.py", line 1038, in __del__
  File "/root/.cache/user_artifacts/trainers_main/server/.venv/lib/python3.12/site-packages/nvidia_resiliency_ext/checkpointing/async_ckpt/core.py", line 1029, in close
  File "/root/.cache/user_artifacts/trainers_main/server/.venv/lib/python3.12/site-packages/nvidia_resiliency_ext/checkpointing/async_ckpt/core.py", line 643, in close
  File "/usr/lib/python3.12/multiprocessing/queues.py", line 338, in put
  File "/usr/lib/python3.12/multiprocessing/queues.py", line 192, in _start_thread
  File "/usr/lib/python3.12/threading.py", line 992, in start
RuntimeError: can't create new thread at interpreter shutdown
Exception ignored in: <function AsyncCallsQueue.__del__ at 0x7f9f38398400>
Traceback (most recent call last):
  File "/root/.cache/user_artifacts/trainers_main/server/.venv/lib/python3.12/site-packages/nvidia_resiliency_ext/checkpointing/async_ckpt/core.py", line 1038, in __del__
  File "/root/.cache/user_artifacts/trainers_main/server/.venv/lib/python3.12/site-packages/nvidia_resiliency_ext/checkpointing/async_ckpt/core.py", line 1029, in close
  File "/root/.cache/user_artifacts/trainers_main/server/.venv/lib/python3.12/site-packages/nvidia_resiliency_ext/checkpointing/async_ckpt/core.py", line 643, in close
  File "/usr/lib/python3.12/multiprocessing/queues.py", line 338, in put
  File "/usr/lib/python3.12/multiprocessing/queues.py", line 192, in _start_thread
  File "/usr/lib/python3.12/threading.py", line 992, in start
RuntimeError: can't create new thread at interpreter shutdown
Exception ignored in: <function AsyncCallsQueue.__del__ at 0x7fee0e288400>
Traceback (most recent call last):
  File "/root/.cache/user_artifacts/trainers_main/server/.venv/lib/python3.12/site-packages/nvidia_resiliency_ext/checkpointing/async_ckpt/core.py", line 1038, in __del__
  File "/root/.cache/user_artifacts/trainers_main/server/.venv/lib/python3.12/site-packages/nvidia_resiliency_ext/checkpointing/async_ckpt/core.py", line 1029, in close
  File "/root/.cache/user_artifacts/trainers_main/server/.venv/lib/python3.12/site-packages/nvidia_resiliency_ext/checkpointing/async_ckpt/core.py", line 643, in close
  File "/usr/lib/python3.12/multiprocessing/queues.py", line 338, in put
  File "/usr/lib/python3.12/multiprocessing/queues.py", line 192, in _start_thread
  File "/usr/lib/python3.12/threading.py", line 992, in start
RuntimeError: can't create new thread at interpreter shutdown
Exception ignored in: <function AsyncCallsQueue.__del__ at 0x7f19234a4400>
Traceback (most recent call last):
  File "/root/.cache/user_artifacts/trainers_main/server/.venv/lib/python3.12/site-packages/nvidia_resiliency_ext/checkpointing/async_ckpt/core.py", line 1038, in __del__
  File "/root/.cache/user_artifacts/trainers_main/server/.venv/lib/python3.12/site-packages/nvidia_resiliency_ext/checkpointing/async_ckpt/core.py", line 1029, in close
  File "/root/.cache/user_artifacts/trainers_main/server/.venv/lib/python3.12/site-packages/nvidia_resiliency_ext/checkpointing/async_ckpt/core.py", line 643, in close
  File "/usr/lib/python3.12/multiprocessing/queues.py", line 338, in put
  File "/usr/lib/python3.12/multiprocessing/queues.py", line 192, in _start_thread
  File "/usr/lib/python3.12/threading.py", line 992, in start
RuntimeError: can't create new thread at interpreter shutdown
Exception ignored in: <function AsyncCallsQueue.__del__ at 0x7f6b66598400>
Traceback (most recent call last):
  File "/root/.cache/user_artifacts/trainers_main/server/.venv/lib/python3.12/site-packages/nvidia_resiliency_ext/checkpointing/async_ckpt/core.py", line 1038, in __del__
  File "/root/.cache/user_artifacts/trainers_main/server/.venv/lib/python3.12/site-packages/nvidia_resiliency_ext/checkpointing/async_ckpt/core.py", line 1029, in close
  File "/root/.cache/user_artifacts/trainers_main/server/.venv/lib/python3.12/site-packages/nvidia_resiliency_ext/checkpointing/async_ckpt/core.py", line 643, in close
  File "/usr/lib/python3.12/multiprocessing/queues.py", line 338, in put
  File "/usr/lib/python3.12/multiprocessing/queues.py", line 192, in _start_thread
  File "/usr/lib/python3.12/threading.py", line 992, in start
RuntimeError: can't create new thread at interpreter shutdown
[rank6]:[W813 04:14:27.936365507 ProcessGroupNCCL.cpp:1575] Warning: WARNING: destroy_process_group() was not called before program exit, which can leak resources. For more info, please see https://pytorch.org/docs/stable/distributed.html#shutdown (function operator())
Exception ignored in: <function AsyncCallsQueue.__del__ at 0x7f92fb590400>
Traceback (most recent call last):
  File "/root/.cache/user_artifacts/trainers_main/server/.venv/lib/python3.12/site-packages/nvidia_resiliency_ext/checkpointing/async_ckpt/core.py", line 1038, in __del__
  File "/root/.cache/user_artifacts/trainers_main/server/.venv/lib/python3.12/site-packages/nvidia_resiliency_ext/checkpointing/async_ckpt/core.py", line 1029, in close
  File "/root/.cache/user_artifacts/trainers_main/server/.venv/lib/python3.12/site-packages/nvidia_resiliency_ext/checkpointing/async_ckpt/core.py", line 643, in close
  File "/usr/lib/python3.12/multiprocessing/queues.py", line 338, in put
  File "/usr/lib/python3.12/multiprocessing/queues.py", line 192, in _start_thread
  File "/usr/lib/python3.12/threading.py", line 992, in start
RuntimeError: can't create new thread at interpreter shutdown
[rank7]:[W813 04:14:27.946377513 ProcessGroupNCCL.cpp:1575] Warning: WARNING: destroy_process_group() was not called before program exit, which can leak resources. For more info, please see https://pytorch.org/docs/stable/distributed.html#shutdown (function operator())
[rank4]:[W813 04:14:27.996698785 ProcessGroupNCCL.cpp:1575] Warning: WARNING: destroy_process_group() was not called before program exit, which can leak resources. For more info, please see https://pytorch.org/docs/stable/distributed.html#shutdown (function operator())
[rank10]:[W813 04:14:27.753338201 ProcessGroupNCCL.cpp:1575] Warning: WARNING: destroy_process_group() was not called before program exit, which can leak resources. For more info, please see https://pytorch.org/docs/stable/distributed.html#shutdown (function operator())
[rank9]:[W813 04:14:27.753458519 ProcessGroupNCCL.cpp:1575] Warning: WARNING: destroy_process_group() was not called before program exit, which can leak resources. For more info, please see https://pytorch.org/docs/stable/distributed.html#shutdown (function operator())
[rank11]:[W813 04:14:27.763424357 ProcessGroupNCCL.cpp:1575] Warning: WARNING: destroy_process_group() was not called before program exit, which can leak resources. For more info, please see https://pytorch.org/docs/stable/distributed.html#shutdown (function operator())
[rank13]:[W813 04:14:27.773436718 ProcessGroupNCCL.cpp:1575] Warning: WARNING: destroy_process_group() was not called before program exit, which can leak resources. For more info, please see https://pytorch.org/docs/stable/distributed.html#shutdown (function operator())
[rank1]:[W813 04:14:27.067137373 ProcessGroupNCCL.cpp:1575] Warning: WARNING: destroy_process_group() was not called before program exit, which can leak resources. For more info, please see https://pytorch.org/docs/stable/distributed.html#shutdown (function operator())
Exception ignored in: <function AsyncCallsQueue.__del__ at 0x7f3dd9888400>
Traceback (most recent call last):
  File "/root/.cache/user_artifacts/trainers_main/server/.venv/lib/python3.12/site-packages/nvidia_resiliency_ext/checkpointing/async_ckpt/core.py", line 1038, in __del__
  File "/root/.cache/user_artifacts/trainers_main/server/.venv/lib/python3.12/site-packages/nvidia_resiliency_ext/checkpointing/async_ckpt/core.py", line 1029, in close
  File "/root/.cache/user_artifacts/trainers_main/server/.venv/lib/python3.12/site-packages/nvidia_resiliency_ext/checkpointing/async_ckpt/core.py", line 643, in close
  File "/usr/lib/python3.12/multiprocessing/queues.py", line 338, in put
  File "/usr/lib/python3.12/multiprocessing/queues.py", line 192, in _start_thread
  File "/usr/lib/python3.12/threading.py", line 992, in start
RuntimeError: can't create new thread at interpreter shutdown
Exception ignored in: <function AsyncCallsQueue.__del__ at 0x7f9381690400>
Traceback (most recent call last):
  File "/root/.cache/user_artifacts/trainers_main/server/.venv/lib/python3.12/site-packages/nvidia_resiliency_ext/checkpointing/async_ckpt/core.py", line 1038, in __del__
  File "/root/.cache/user_artifacts/trainers_main/server/.venv/lib/python3.12/site-packages/nvidia_resiliency_ext/checkpointing/async_ckpt/core.py", line 1029, in close
  File "/root/.cache/user_artifacts/trainers_main/server/.venv/lib/python3.12/site-packages/nvidia_resiliency_ext/checkpointing/async_ckpt/core.py", line 643, in close
  File "/usr/lib/python3.12/multiprocessing/queues.py", line 338, in put
  File "/usr/lib/python3.12/multiprocessing/queues.py", line 192, in _start_thread
  File "/usr/lib/python3.12/threading.py", line 992, in start
RuntimeError: can't create new thread at interpreter shutdown
[rank5]:[W813 04:14:27.238232398 ProcessGroupNCCL.cpp:1575] Warning: WARNING: destroy_process_group() was not called before program exit, which can leak resources. For more info, please see https://pytorch.org/docs/stable/distributed.html#shutdown (function operator())
Exception ignored in: <function AsyncCallsQueue.__del__ at 0x7f2830ca4400>
Traceback (most recent call last):
  File "/root/.cache/user_artifacts/trainers_main/server/.venv/lib/python3.12/site-packages/nvidia_resiliency_ext/checkpointing/async_ckpt/core.py", line 1038, in __del__
  File "/root/.cache/user_artifacts/trainers_main/server/.venv/lib/python3.12/site-packages/nvidia_resiliency_ext/checkpointing/async_ckpt/core.py", line 1029, in close
  File "/root/.cache/user_artifacts/trainers_main/server/.venv/lib/python3.12/site-packages/nvidia_resiliency_ext/checkpointing/async_ckpt/core.py", line 643, in close
  File "/usr/lib/python3.12/multiprocessing/queues.py", line 338, in put
  File "/usr/lib/python3.12/multiprocessing/queues.py", line 192, in _start_thread
  File "/usr/lib/python3.12/threading.py", line 992, in start
RuntimeError: can't create new thread at interpreter shutdown
[rank12]:[W813 04:14:27.004788328 ProcessGroupNCCL.cpp:1575] Warning: WARNING: destroy_process_group() was not called before program exit, which can leak resources. For more info, please see https://pytorch.org/docs/stable/distributed.html#shutdown (function operator())
[rank14]:[W813 04:14:27.145716406 ProcessGroupNCCL.cpp:1575] Warning: WARNING: destroy_process_group() was not called before program exit, which can leak resources. For more info, please see https://pytorch.org/docs/stable/distributed.html#shutdown (function operator())
W0813 04:14:32.689000 36009 torch/distributed/elastic/multiprocessing/api.py:1012] Sending process 36089 closing signal SIGTERM
W0813 04:14:32.692000 36009 torch/distributed/elastic/multiprocessing/api.py:1012] Sending process 36091 closing signal SIGTERM
W0813 04:14:32.692000 36009 torch/distributed/elastic/multiprocessing/api.py:1012] Sending process 36092 closing signal SIGTERM
W0813 04:14:32.693000 36009 torch/distributed/elastic/multiprocessing/api.py:1012] Sending process 36093 closing signal SIGTERM
W0813 04:14:32.693000 36009 torch/distributed/elastic/multiprocessing/api.py:1012] Sending process 36094 closing signal SIGTERM
W0813 04:14:32.693000 36009 torch/distributed/elastic/multiprocessing/api.py:1012] Sending process 36095 closing signal SIGTERM
W0813 04:14:32.693000 36009 torch/distributed/elastic/multiprocessing/api.py:1012] Sending process 36096 closing signal SIGTERM
W0813 04:14:33.442000 75669 torch/distributed/elastic/multiprocessing/api.py:1012] Sending process 75821 closing signal SIGTERM
W0813 04:14:33.445000 75669 torch/distributed/elastic/multiprocessing/api.py:1012] Sending process 75822 closing signal SIGTERM
W0813 04:14:33.445000 75669 torch/distributed/elastic/multiprocessing/api.py:1012] Sending process 75823 closing signal SIGTERM
W0813 04:14:33.445000 75669 torch/distributed/elastic/multiprocessing/api.py:1012] Sending process 75824 closing signal SIGTERM
W0813 04:14:33.445000 75669 torch/distributed/elastic/multiprocessing/api.py:1012] Sending process 75825 closing signal SIGTERM
W0813 04:14:33.445000 75669 torch/distributed/elastic/multiprocessing/api.py:1012] Sending process 75826 closing signal SIGTERM
W0813 04:14:33.445000 75669 torch/distributed/elastic/multiprocessing/api.py:1012] Sending process 75827 closing signal SIGTERM
E0813 04:14:38.166000 75669 torch/distributed/elastic/multiprocessing/api.py:986] failed (exitcode: 1) local_rank: 0 (pid: 75820) of binary: /root/.cache/user_artifacts/trainers_main/server/.venv/bin/python
Traceback (most recent call last):
  File "/root/.cache/user_artifacts/trainers_main/server/.venv/bin/torchrun", line 10, in <module>
    sys.exit(main())
             ^^^^^^
  File "/root/.cache/user_artifacts/trainers_main/server/.venv/lib/python3.12/site-packages/torch/distributed/elastic/multiprocessing/errors/__init__.py", line 362, in wrapper
    return f(*args, **kwargs)
           ^^^^^^^^^^^^^^^^^^
  File "/root/.cache/user_artifacts/trainers_main/server/.venv/lib/python3.12/site-packages/torch/distributed/run.py", line 990, in main
    run(args)
  File "/root/.cache/user_artifacts/trainers_main/server/.venv/lib/python3.12/site-packages/torch/distributed/run.py", line 981, in run
    elastic_launch(
  File "/root/.cache/user_artifacts/trainers_main/server/.venv/lib/python3.12/site-packages/torch/distributed/launcher/api.py", line 170, in __call__
    return launch_agent(self._config, self._entrypoint, list(args))
           ^^^^^^^^^^^^^^^^^^^^^^^^^^^^^^^^^^^^^^^^^^^^^^^^^^^^^^^^
  File "/root/.cache/user_artifacts/trainers_main/server/.venv/lib/python3.12/site-packages/torch/distributed/launcher/api.py", line 317, in launch_agent
    raise ChildFailedError(
torch.distributed.elastic.multiprocessing.errors.ChildFailedError: 
============================================================
trainers_server.dp_worker.main FAILED
------------------------------------------------------------
Failures:
[1]:
  time      : 2026-08-13_04:14:38
  host      : b300-1-em6dm6d3-0017
  rank      : 1 (local_rank: 1)
  exitcode  : 1 (pid: 75821)
  error_file: <N/A>
  traceback : To enable traceback see: https://pytorch.org/docs/stable/elastic/errors.html
[2]:
  time      : 2026-08-13_04:14:38
  host      : b300-1-em6dm6d3-0017
  rank      : 2 (local_rank: 2)
  exitcode  : 1 (pid: 75822)
  error_file: <N/A>
  traceback : To enable traceback see: https://pytorch.org/docs/stable/elastic/errors.html
[3]:
  time      : 2026-08-13_04:14:38
  host      : b300-1-em6dm6d3-0017
  rank      : 3 (local_rank: 3)
  exitcode  : 1 (pid: 75823)
  error_file: <N/A>
  traceback : To enable traceback see: https://pytorch.org/docs/stable/elastic/errors.html
[4]:
  time      : 2026-08-13_04:14:38
  host      : b300-1-em6dm6d3-0017
  rank      : 4 (local_rank: 4)
  exitcode  : 1 (pid: 75824)
  error_file: <N/A>
  traceback : To enable traceback see: https://pytorch.org/docs/stable/elastic/errors.html
[5]:
  time      : 2026-08-13_04:14:38
  host      : b300-1-em6dm6d3-0017
  rank      : 5 (local_rank: 5)
  exitcode  : 1 (pid: 75825)
  error_file: <N/A>
  traceback : To enable traceback see: https://pytorch.org/docs/stable/elastic/errors.html
[6]:
  time      : 2026-08-13_04:14:38
  host      : b300-1-em6dm6d3-0017
  rank      : 6 (local_rank: 6)
  exitcode  : 1 (pid: 75826)
  error_file: <N/A>
  traceback : To enable traceback see: https://pytorch.org/docs/stable/elastic/errors.html
[7]:
  time      : 2026-08-13_04:14:38
  host      : b300-1-em6dm6d3-0017
  rank      : 7 (local_rank: 7)
  exitcode  : 1 (pid: 75827)
  error_file: <N/A>
  traceback : To enable traceback see: https://pytorch.org/docs/stable/elastic/errors.html
------------------------------------------------------------
Root Cause (first observed failure):
[0]:
  time      : 2026-08-13_04:14:33
  host      : b300-1-em6dm6d3-0017
  rank      : 0 (local_rank: 0)
  exitcode  : 1 (pid: 75820)
  error_file: <N/A>
  traceback : To enable traceback see: https://pytorch.org/docs/stable/elastic/errors.html
============================================================
srun: error: b300-1-em6dm6d3-0017: task 0: Exited with exit code 1
E0813 04:14:40.631000 36009 torch/distributed/elastic/multiprocessing/api.py:986] failed (exitcode: 1) local_rank: 1 (pid: 36090) of binary: /root/.cache/user_artifacts/trainers_main/server/.venv/bin/python
Traceback (most recent call last):
  File "/root/.cache/user_artifacts/trainers_main/server/.venv/bin/torchrun", line 10, in <module>
    sys.exit(main())
             ^^^^^^
  File "/root/.cache/user_artifacts/trainers_main/server/.venv/lib/python3.12/site-packages/torch/distributed/elastic/multiprocessing/errors/__init__.py", line 362, in wrapper
    return f(*args, **kwargs)
           ^^^^^^^^^^^^^^^^^^
  File "/root/.cache/user_artifacts/trainers_main/server/.venv/lib/python3.12/site-packages/torch/distributed/run.py", line 990, in main
    run(args)
  File "/root/.cache/user_artifacts/trainers_main/server/.venv/lib/python3.12/site-packages/torch/distributed/run.py", line 981, in run
    elastic_launch(
  File "/root/.cache/user_artifacts/trainers_main/server/.venv/lib/python3.12/site-packages/torch/distributed/launcher/api.py", line 170, in __call__
    return launch_agent(self._config, self._entrypoint, list(args))
           ^^^^^^^^^^^^^^^^^^^^^^^^^^^^^^^^^^^^^^^^^^^^^^^^^^^^^^^^
  File "/root/.cache/user_artifacts/trainers_main/server/.venv/lib/python3.12/site-packages/torch/distributed/launcher/api.py", line 317, in launch_agent
    raise ChildFailedError(
torch.distributed.elastic.multiprocessing.errors.ChildFailedError: 
============================================================
trainers_server.dp_worker.main FAILED
------------------------------------------------------------
Failures:
[1]:
  time      : 2026-08-13_04:14:40
  host      : b300-1-kytcx5dz-0006
  rank      : 8 (local_rank: 0)
  exitcode  : 1 (pid: 36089)
  error_file: <N/A>
  traceback : To enable traceback see: https://pytorch.org/docs/stable/elastic/errors.html
[2]:
  time      : 2026-08-13_04:14:40
  host      : b300-1-kytcx5dz-0006
  rank      : 10 (local_rank: 2)
  exitcode  : 1 (pid: 36091)
  error_file: <N/A>
  traceback : To enable traceback see: https://pytorch.org/docs/stable/elastic/errors.html
[3]:
  time      : 2026-08-13_04:14:40
  host      : b300-1-kytcx5dz-0006
  rank      : 11 (local_rank: 3)
  exitcode  : 1 (pid: 36092)
  error_file: <N/A>
  traceback : To enable traceback see: https://pytorch.org/docs/stable/elastic/errors.html
[4]:
  time      : 2026-08-13_04:14:40
  host      : b300-1-kytcx5dz-0006
  rank      : 12 (local_rank: 4)
  exitcode  : 1 (pid: 36093)
  error_file: <N/A>
  traceback : To enable traceback see: https://pytorch.org/docs/stable/elastic/errors.html
[5]:
  time      : 2026-08-13_04:14:40
  host      : b300-1-kytcx5dz-0006
  rank      : 13 (local_rank: 5)
  exitcode  : 1 (pid: 36094)
  error_file: <N/A>
  traceback : To enable traceback see: https://pytorch.org/docs/stable/elastic/errors.html
[6]:
  time      : 2026-08-13_04:14:40
  host      : b300-1-kytcx5dz-0006
  rank      : 14 (local_rank: 6)
  exitcode  : 1 (pid: 36095)
  error_file: <N/A>
  traceback : To enable traceback see: https://pytorch.org/docs/stable/elastic/errors.html
[7]:
  time      : 2026-08-13_04:14:40
  host      : b300-1-kytcx5dz-0006
  rank      : 15 (local_rank: 7)
  exitcode  : -15 (pid: 36096)
  error_file: <N/A>
  traceback : Signal 15 (SIGTERM) received by PID 36096
------------------------------------------------------------
Root Cause (first observed failure):
[0]:
  time      : 2026-08-13_04:14:32
  host      : b300-1-kytcx5dz-0006
  rank      : 9 (local_rank: 1)
  exitcode  : 1 (pid: 36090)
  error_file: <N/A>
  traceback : To enable traceback see: https://pytorch.org/docs/stable/elastic/errors.html
============================================================
