node 1: rendezvous master=b300-1-em6dm6d3-0017srun: Job has been cancelled
srun: error: Unable to allocate resources: Job/step already completing or completed
CCL_IB_HCA=mlx5_bond
/root/.cache/user_artifacts/trainers_main/server/.venv/lib/python3.12/site-packages/torch/cuda/__init__.py:61: FutureWarning: The pynvml package is deprecated. Please install nvidia-ml-py instead. If you did not install pynvml directly, please report this to the maintainers of the package that installed pynvml for you.
  import pynvml  # type: ignore[import]
/root/.cache/user_artifacts/trainers_main/server/.venv/lib/python3.12/site-packages/torch/cuda/__init__.py:61: FutureWarning: The pynvml package is deprecated. Please install nvidia-ml-py instead. If you did not install pynvml directly, please report this to the maintainers of the package that installed pynvml for you.
  import pynvml  # type: ignore[import]
W0813 05:45:28.796000 82600 torch/distributed/run.py:851] 
W0813 05:45:28.796000 82600 torch/distributed/run.py:851] *****************************************
W0813 05:45:28.796000 82600 torch/distributed/run.py:851] Setting OMP_NUM_THREADS environment variable for each process to be 1 in default, to avoid your system being overloaded, please further tune the variable for optimal performance in your application as needed. 
W0813 05:45:28.796000 82600 torch/distributed/run.py:851] *****************************************
W0813 05:45:28.995000 40028 torch/distributed/run.py:851] 
W0813 05:45:28.995000 40028 torch/distributed/run.py:851] *****************************************
W0813 05:45:28.995000 40028 torch/distributed/run.py:851] Setting OMP_NUM_THREADS environment variable for each process to be 1 in default, to avoid your system being overloaded, please further tune the variable for optimal performance in your application as needed. 
W0813 05:45:28.995000 40028 torch/distributed/run.py:851] *****************************************
/root/.cache/user_artifacts/trainers_main/server/.venv/lib/python3.12/site-packages/torch/cuda/__init__.py:61: FutureWarning: The pynvml package is deprecated. Please install nvidia-ml-py instead. If you did not install pynvml directly, please report this to the maintainers of the package that installed pynvml for you.
  import pynvml  # type: ignore[import]
/root/.cache/user_artifacts/trainers_main/server/.venv/lib/python3.12/site-packages/torch/cuda/__init__.py:61: FutureWarning: The pynvml package is deprecated. Please install nvidia-ml-py instead. If you did not install pynvml directly, please report this to the maintainers of the package that installed pynvml for you.
  import pynvml  # type: ignore[import]
/root/.cache/user_artifacts/trainers_main/server/.venv/lib/python3.12/site-packages/torch/cuda/__init__.py:61: FutureWarning: The pynvml package is deprecated. Please install nvidia-ml-py instead. If you did not install pynvml directly, please report this to the maintainers of the package that installed pynvml for you.
  import pynvml  # type: ignore[import]
/root/.cache/user_artifacts/trainers_main/server/.venv/lib/python3.12/site-packages/torch/cuda/__init__.py:61: FutureWarning: The pynvml package is deprecated. Please install nvidia-ml-py instead. If you did not install pynvml directly, please report this to the maintainers of the package that installed pynvml for you.
  import pynvml  # type: ignore[import]
/root/.cache/user_artifacts/trainers_main/server/.venv/lib/python3.12/site-packages/torch/cuda/__init__.py:61: FutureWarning: The pynvml package is deprecated. Please install nvidia-ml-py instead. If you did not install pynvml directly, please report this to the maintainers of the package that installed pynvml for you.
  import pynvml  # type: ignore[import]
/root/.cache/user_artifacts/trainers_main/server/.venv/lib/python3.12/site-packages/torch/cuda/__init__.py:61: FutureWarning: The pynvml package is deprecated. Please install nvidia-ml-py instead. If you did not install pynvml directly, please report this to the maintainers of the package that installed pynvml for you.
  import pynvml  # type: ignore[import]
/root/.cache/user_artifacts/trainers_main/server/.venv/lib/python3.12/site-packages/torch/cuda/__init__.py:61: FutureWarning: The pynvml package is deprecated. Please install nvidia-ml-py instead. If you did not install pynvml directly, please report this to the maintainers of the package that installed pynvml for you.
  import pynvml  # type: ignore[import]
/root/.cache/user_artifacts/trainers_main/server/.venv/lib/python3.12/site-packages/torch/cuda/__init__.py:61: FutureWarning: The pynvml package is deprecated. Please install nvidia-ml-py instead. If you did not install pynvml directly, please report this to the maintainers of the package that installed pynvml for you.
  import pynvml  # type: ignore[import]
/root/.cache/user_artifacts/trainers_main/server/.venv/lib/python3.12/site-packages/torch/cuda/__init__.py:61: FutureWarning: The pynvml package is deprecated. Please install nvidia-ml-py instead. If you did not install pynvml directly, please report this to the maintainers of the package that installed pynvml for you.
  import pynvml  # type: ignore[import]
/root/.cache/user_artifacts/trainers_main/server/.venv/lib/python3.12/site-packages/torch/cuda/__init__.py:61: FutureWarning: The pynvml package is deprecated. Please install nvidia-ml-py instead. If you did not install pynvml directly, please report this to the maintainers of the package that installed pynvml for you.
  import pynvml  # type: ignore[import]
/root/.cache/user_artifacts/trainers_main/server/.venv/lib/python3.12/site-packages/torch/cuda/__init__.py:61: FutureWarning: The pynvml package is deprecated. Please install nvidia-ml-py instead. If you did not install pynvml directly, please report this to the maintainers of the package that installed pynvml for you.
  import pynvml  # type: ignore[import]
/root/.cache/user_artifacts/trainers_main/server/.venv/lib/python3.12/site-packages/torch/cuda/__init__.py:61: FutureWarning: The pynvml package is deprecated. Please install nvidia-ml-py instead. If you did not install pynvml directly, please report this to the maintainers of the package that installed pynvml for you.
  import pynvml  # type: ignore[import]
/root/.cache/user_artifacts/trainers_main/server/.venv/lib/python3.12/site-packages/torch/cuda/__init__.py:61: FutureWarning: The pynvml package is deprecated. Please install nvidia-ml-py instead. If you did not install pynvml directly, please report this to the maintainers of the package that installed pynvml for you.
  import pynvml  # type: ignore[import]
/root/.cache/user_artifacts/trainers_main/server/.venv/lib/python3.12/site-packages/torch/cuda/__init__.py:61: FutureWarning: The pynvml package is deprecated. Please install nvidia-ml-py instead. If you did not install pynvml directly, please report this to the maintainers of the package that installed pynvml for you.
  import pynvml  # type: ignore[import]
/root/.cache/user_artifacts/trainers_main/server/.venv/lib/python3.12/site-packages/torch/cuda/__init__.py:61: FutureWarning: The pynvml package is deprecated. Please install nvidia-ml-py instead. If you did not install pynvml directly, please report this to the maintainers of the package that installed pynvml for you.
  import pynvml  # type: ignore[import]
/root/.cache/user_artifacts/trainers_main/server/.venv/lib/python3.12/site-packages/torch/cuda/__init__.py:61: FutureWarning: The pynvml package is deprecated. Please install nvidia-ml-py instead. If you did not install pynvml directly, please report this to the maintainers of the package that installed pynvml for you.
  import pynvml  # type: ignore[import]
/root/.cache/user_artifacts/trainers_main/server/vendor/megatron-bridge/3rdparty/Megatron-LM/megatron/core/models/backends.py:34: UserWarning: Apex is not installed. Falling back to Torch Norm
  warnings.warn("Apex is not installed. Falling back to Torch Norm")
/root/.cache/user_artifacts/trainers_main/server/vendor/megatron-bridge/3rdparty/Megatron-LM/megatron/core/models/backends.py:34: UserWarning: Apex is not installed. Falling back to Torch Norm
  warnings.warn("Apex is not installed. Falling back to Torch Norm")
/root/.cache/user_artifacts/trainers_main/server/vendor/megatron-bridge/3rdparty/Megatron-LM/megatron/core/models/backends.py:34: UserWarning: Apex is not installed. Falling back to Torch Norm
  warnings.warn("Apex is not installed. Falling back to Torch Norm")
/root/.cache/user_artifacts/trainers_main/server/vendor/megatron-bridge/3rdparty/Megatron-LM/megatron/core/models/backends.py:34: UserWarning: Apex is not installed. Falling back to Torch Norm
  warnings.warn("Apex is not installed. Falling back to Torch Norm")
/root/.cache/user_artifacts/trainers_main/server/vendor/megatron-bridge/3rdparty/Megatron-LM/megatron/core/models/backends.py:34: UserWarning: Apex is not installed. Falling back to Torch Norm
  warnings.warn("Apex is not installed. Falling back to Torch Norm")
/root/.cache/user_artifacts/trainers_main/server/vendor/megatron-bridge/3rdparty/Megatron-LM/megatron/core/models/backends.py:34: UserWarning: Apex is not installed. Falling back to Torch Norm
  warnings.warn("Apex is not installed. Falling back to Torch Norm")
/root/.cache/user_artifacts/trainers_main/server/vendor/megatron-bridge/3rdparty/Megatron-LM/megatron/core/models/backends.py:34: UserWarning: Apex is not installed. Falling back to Torch Norm
  warnings.warn("Apex is not installed. Falling back to Torch Norm")
/root/.cache/user_artifacts/trainers_main/server/vendor/megatron-bridge/3rdparty/Megatron-LM/megatron/core/models/backends.py:34: UserWarning: Apex is not installed. Falling back to Torch Norm
  warnings.warn("Apex is not installed. Falling back to Torch Norm")
/root/.cache/user_artifacts/trainers_main/server/vendor/megatron-bridge/3rdparty/Megatron-LM/megatron/core/models/gpt/gpt_layer_specs.py:74: UserWarning: Apex is not installed. Falling back to Torch Norm
  warnings.warn("Apex is not installed. Falling back to Torch Norm")
/root/.cache/user_artifacts/trainers_main/server/vendor/megatron-bridge/3rdparty/Megatron-LM/megatron/core/models/gpt/gpt_layer_specs.py:74: UserWarning: Apex is not installed. Falling back to Torch Norm
  warnings.warn("Apex is not installed. Falling back to Torch Norm")
/root/.cache/user_artifacts/trainers_main/server/vendor/megatron-bridge/3rdparty/Megatron-LM/megatron/core/models/gpt/gpt_layer_specs.py:74: UserWarning: Apex is not installed. Falling back to Torch Norm
  warnings.warn("Apex is not installed. Falling back to Torch Norm")
/root/.cache/user_artifacts/trainers_main/server/vendor/megatron-bridge/3rdparty/Megatron-LM/megatron/core/models/gpt/gpt_layer_specs.py:74: UserWarning: Apex is not installed. Falling back to Torch Norm
  warnings.warn("Apex is not installed. Falling back to Torch Norm")
/root/.cache/user_artifacts/trainers_main/server/vendor/megatron-bridge/3rdparty/Megatron-LM/megatron/core/models/gpt/gpt_layer_specs.py:74: UserWarning: Apex is not installed. Falling back to Torch Norm
  warnings.warn("Apex is not installed. Falling back to Torch Norm")
/root/.cache/user_artifacts/trainers_main/server/vendor/megatron-bridge/3rdparty/Megatron-LM/megatron/core/models/gpt/gpt_layer_specs.py:74: UserWarning: Apex is not installed. Falling back to Torch Norm
  warnings.warn("Apex is not installed. Falling back to Torch Norm")
/root/.cache/user_artifacts/trainers_main/server/vendor/megatron-bridge/3rdparty/Megatron-LM/megatron/core/models/gpt/gpt_layer_specs.py:74: UserWarning: Apex is not installed. Falling back to Torch Norm
  warnings.warn("Apex is not installed. Falling back to Torch Norm")
/root/.cache/user_artifacts/trainers_main/server/vendor/megatron-bridge/3rdparty/Megatron-LM/megatron/core/models/gpt/gpt_layer_specs.py:74: UserWarning: Apex is not installed. Falling back to Torch Norm
  warnings.warn("Apex is not installed. Falling back to Torch Norm")
/root/.cache/user_artifacts/trainers_main/server/vendor/megatron-bridge/3rdparty/Megatron-LM/megatron/core/models/backends.py:34: UserWarning: Apex is not installed. Falling back to Torch Norm
  warnings.warn("Apex is not installed. Falling back to Torch Norm")
/root/.cache/user_artifacts/trainers_main/server/vendor/megatron-bridge/3rdparty/Megatron-LM/megatron/core/models/backends.py:34: UserWarning: Apex is not installed. Falling back to Torch Norm
  warnings.warn("Apex is not installed. Falling back to Torch Norm")
/root/.cache/user_artifacts/trainers_main/server/vendor/megatron-bridge/3rdparty/Megatron-LM/megatron/core/models/backends.py:34: UserWarning: Apex is not installed. Falling back to Torch Norm
  warnings.warn("Apex is not installed. Falling back to Torch Norm")
/root/.cache/user_artifacts/trainers_main/server/vendor/megatron-bridge/3rdparty/Megatron-LM/megatron/core/models/backends.py:34: UserWarning: Apex is not installed. Falling back to Torch Norm
  warnings.warn("Apex is not installed. Falling back to Torch Norm")
/root/.cache/user_artifacts/trainers_main/server/vendor/megatron-bridge/3rdparty/Megatron-LM/megatron/core/models/backends.py:34: UserWarning: Apex is not installed. Falling back to Torch Norm
  warnings.warn("Apex is not installed. Falling back to Torch Norm")
/root/.cache/user_artifacts/trainers_main/server/vendor/megatron-bridge/3rdparty/Megatron-LM/megatron/core/models/backends.py:34: UserWarning: Apex is not installed. Falling back to Torch Norm
  warnings.warn("Apex is not installed. Falling back to Torch Norm")
/root/.cache/user_artifacts/trainers_main/server/vendor/megatron-bridge/3rdparty/Megatron-LM/megatron/core/models/backends.py:34: UserWarning: Apex is not installed. Falling back to Torch Norm
  warnings.warn("Apex is not installed. Falling back to Torch Norm")
/root/.cache/user_artifacts/trainers_main/server/vendor/megatron-bridge/3rdparty/Megatron-LM/megatron/core/models/backends.py:34: UserWarning: Apex is not installed. Falling back to Torch Norm
  warnings.warn("Apex is not installed. Falling back to Torch Norm")
/root/.cache/user_artifacts/trainers_main/server/vendor/megatron-bridge/3rdparty/Megatron-LM/megatron/core/models/gpt/gpt_layer_specs.py:74: UserWarning: Apex is not installed. Falling back to Torch Norm
  warnings.warn("Apex is not installed. Falling back to Torch Norm")
/root/.cache/user_artifacts/trainers_main/server/vendor/megatron-bridge/3rdparty/Megatron-LM/megatron/core/models/gpt/gpt_layer_specs.py:74: UserWarning: Apex is not installed. Falling back to Torch Norm
  warnings.warn("Apex is not installed. Falling back to Torch Norm")
/root/.cache/user_artifacts/trainers_main/server/vendor/megatron-bridge/3rdparty/Megatron-LM/megatron/core/models/gpt/gpt_layer_specs.py:74: UserWarning: Apex is not installed. Falling back to Torch Norm
  warnings.warn("Apex is not installed. Falling back to Torch Norm")
/root/.cache/user_artifacts/trainers_main/server/vendor/megatron-bridge/3rdparty/Megatron-LM/megatron/core/models/gpt/gpt_layer_specs.py:74: UserWarning: Apex is not installed. Falling back to Torch Norm
  warnings.warn("Apex is not installed. Falling back to Torch Norm")
/root/.cache/user_artifacts/trainers_main/server/vendor/megatron-bridge/3rdparty/Megatron-LM/megatron/core/models/gpt/gpt_layer_specs.py:74: UserWarning: Apex is not installed. Falling back to Torch Norm
  warnings.warn("Apex is not installed. Falling back to Torch Norm")
/root/.cache/user_artifacts/trainers_main/server/vendor/megatron-bridge/3rdparty/Megatron-LM/megatron/core/models/gpt/gpt_layer_specs.py:74: UserWarning: Apex is not installed. Falling back to Torch Norm
  warnings.warn("Apex is not installed. Falling back to Torch Norm")
/root/.cache/user_artifacts/trainers_main/server/vendor/megatron-bridge/3rdparty/Megatron-LM/megatron/core/models/gpt/gpt_layer_specs.py:74: UserWarning: Apex is not installed. Falling back to Torch Norm
  warnings.warn("Apex is not installed. Falling back to Torch Norm")
/root/.cache/user_artifacts/trainers_main/server/vendor/megatron-bridge/3rdparty/Megatron-LM/megatron/core/models/gpt/gpt_layer_specs.py:74: UserWarning: Apex is not installed. Falling back to Torch Norm
  warnings.warn("Apex is not installed. Falling back to Torch Norm")
/root/.cache/user_artifacts/trainers_main/server/.venv/lib/python3.12/site-packages/modelopt/torch/__init__.py:53: UserWarning: transformers>=5.0 support is experimental. Unified Hugging Face checkpoint export for quantized checkpoints may not work for some models yet.
  _warnings.warn(
/root/.cache/user_artifacts/trainers_main/server/.venv/lib/python3.12/site-packages/modelopt/torch/__init__.py:53: UserWarning: transformers>=5.0 support is experimental. Unified Hugging Face checkpoint export for quantized checkpoints may not work for some models yet.
  _warnings.warn(
/root/.cache/user_artifacts/trainers_main/server/.venv/lib/python3.12/site-packages/modelopt/torch/__init__.py:53: UserWarning: transformers>=5.0 support is experimental. Unified Hugging Face checkpoint export for quantized checkpoints may not work for some models yet.
  _warnings.warn(
/root/.cache/user_artifacts/trainers_main/server/.venv/lib/python3.12/site-packages/modelopt/torch/__init__.py:53: UserWarning: transformers>=5.0 support is experimental. Unified Hugging Face checkpoint export for quantized checkpoints may not work for some models yet.
  _warnings.warn(
/root/.cache/user_artifacts/trainers_main/server/.venv/lib/python3.12/site-packages/modelopt/torch/__init__.py:53: UserWarning: transformers>=5.0 support is experimental. Unified Hugging Face checkpoint export for quantized checkpoints may not work for some models yet.
  _warnings.warn(
/root/.cache/user_artifacts/trainers_main/server/.venv/lib/python3.12/site-packages/modelopt/torch/__init__.py:53: UserWarning: transformers>=5.0 support is experimental. Unified Hugging Face checkpoint export for quantized checkpoints may not work for some models yet.
  _warnings.warn(
/root/.cache/user_artifacts/trainers_main/server/.venv/lib/python3.12/site-packages/modelopt/torch/__init__.py:53: UserWarning: transformers>=5.0 support is experimental. Unified Hugging Face checkpoint export for quantized checkpoints may not work for some models yet.
  _warnings.warn(
/root/.cache/user_artifacts/trainers_main/server/.venv/lib/python3.12/site-packages/modelopt/torch/__init__.py:53: UserWarning: transformers>=5.0 support is experimental. Unified Hugging Face checkpoint export for quantized checkpoints may not work for some models yet.
  _warnings.warn(
/root/.cache/user_artifacts/trainers_main/server/vendor/megatron-bridge/3rdparty/Megatron-LM/megatron/core/models/gpt/heterogeneous/heterogeneous_layer_specs.py:68: UserWarning: Apex is not installed. Falling back to Torch Norm
  warnings.warn("Apex is not installed. Falling back to Torch Norm")
/root/.cache/user_artifacts/trainers_main/server/vendor/megatron-bridge/3rdparty/Megatron-LM/megatron/core/models/gpt/heterogeneous/heterogeneous_layer_specs.py:68: UserWarning: Apex is not installed. Falling back to Torch Norm
  warnings.warn("Apex is not installed. Falling back to Torch Norm")
/root/.cache/user_artifacts/trainers_main/server/vendor/megatron-bridge/3rdparty/Megatron-LM/megatron/core/models/gpt/heterogeneous/heterogeneous_layer_specs.py:68: UserWarning: Apex is not installed. Falling back to Torch Norm
  warnings.warn("Apex is not installed. Falling back to Torch Norm")
/root/.cache/user_artifacts/trainers_main/server/vendor/megatron-bridge/3rdparty/Megatron-LM/megatron/core/models/gpt/heterogeneous/heterogeneous_layer_specs.py:68: UserWarning: Apex is not installed. Falling back to Torch Norm
  warnings.warn("Apex is not installed. Falling back to Torch Norm")
/root/.cache/user_artifacts/trainers_main/server/vendor/megatron-bridge/3rdparty/Megatron-LM/megatron/core/models/gpt/heterogeneous/heterogeneous_layer_specs.py:68: UserWarning: Apex is not installed. Falling back to Torch Norm
  warnings.warn("Apex is not installed. Falling back to Torch Norm")
/root/.cache/user_artifacts/trainers_main/server/vendor/megatron-bridge/3rdparty/Megatron-LM/megatron/core/models/gpt/heterogeneous/heterogeneous_layer_specs.py:68: UserWarning: Apex is not installed. Falling back to Torch Norm
  warnings.warn("Apex is not installed. Falling back to Torch Norm")
/root/.cache/user_artifacts/trainers_main/server/vendor/megatron-bridge/3rdparty/Megatron-LM/megatron/core/models/gpt/heterogeneous/heterogeneous_layer_specs.py:68: UserWarning: Apex is not installed. Falling back to Torch Norm
  warnings.warn("Apex is not installed. Falling back to Torch Norm")
/root/.cache/user_artifacts/trainers_main/server/vendor/megatron-bridge/3rdparty/Megatron-LM/megatron/core/models/gpt/heterogeneous/heterogeneous_layer_specs.py:68: UserWarning: Apex is not installed. Falling back to Torch Norm
  warnings.warn("Apex is not installed. Falling back to Torch Norm")
/root/.cache/user_artifacts/trainers_main/server/.venv/lib/python3.12/site-packages/modelopt/torch/__init__.py:53: UserWarning: transformers>=5.0 support is experimental. Unified Hugging Face checkpoint export for quantized checkpoints may not work for some models yet.
  _warnings.warn(
/root/.cache/user_artifacts/trainers_main/server/.venv/lib/python3.12/site-packages/modelopt/torch/__init__.py:53: UserWarning: transformers>=5.0 support is experimental. Unified Hugging Face checkpoint export for quantized checkpoints may not work for some models yet.
  _warnings.warn(
/root/.cache/user_artifacts/trainers_main/server/.venv/lib/python3.12/site-packages/modelopt/torch/__init__.py:53: UserWarning: transformers>=5.0 support is experimental. Unified Hugging Face checkpoint export for quantized checkpoints may not work for some models yet.
  _warnings.warn(
/root/.cache/user_artifacts/trainers_main/server/.venv/lib/python3.12/site-packages/modelopt/torch/__init__.py:53: UserWarning: transformers>=5.0 support is experimental. Unified Hugging Face checkpoint export for quantized checkpoints may not work for some models yet.
  _warnings.warn(
/root/.cache/user_artifacts/trainers_main/server/.venv/lib/python3.12/site-packages/modelopt/torch/__init__.py:53: UserWarning: transformers>=5.0 support is experimental. Unified Hugging Face checkpoint export for quantized checkpoints may not work for some models yet.
  _warnings.warn(
/root/.cache/user_artifacts/trainers_main/server/.venv/lib/python3.12/site-packages/modelopt/torch/__init__.py:53: UserWarning: transformers>=5.0 support is experimental. Unified Hugging Face checkpoint export for quantized checkpoints may not work for some models yet.
  _warnings.warn(
/root/.cache/user_artifacts/trainers_main/server/.venv/lib/python3.12/site-packages/modelopt/torch/__init__.py:53: UserWarning: transformers>=5.0 support is experimental. Unified Hugging Face checkpoint export for quantized checkpoints may not work for some models yet.
  _warnings.warn(
/root/.cache/user_artifacts/trainers_main/server/.venv/lib/python3.12/site-packages/modelopt/torch/__init__.py:53: UserWarning: transformers>=5.0 support is experimental. Unified Hugging Face checkpoint export for quantized checkpoints may not work for some models yet.
  _warnings.warn(
/root/.cache/user_artifacts/trainers_main/server/vendor/megatron-bridge/3rdparty/Megatron-LM/megatron/core/models/gpt/heterogeneous/heterogeneous_layer_specs.py:68: UserWarning: Apex is not installed. Falling back to Torch Norm
  warnings.warn("Apex is not installed. Falling back to Torch Norm")
/root/.cache/user_artifacts/trainers_main/server/vendor/megatron-bridge/3rdparty/Megatron-LM/megatron/core/models/gpt/heterogeneous/heterogeneous_layer_specs.py:68: UserWarning: Apex is not installed. Falling back to Torch Norm
  warnings.warn("Apex is not installed. Falling back to Torch Norm")
/root/.cache/user_artifacts/trainers_main/server/vendor/megatron-bridge/3rdparty/Megatron-LM/megatron/core/models/gpt/heterogeneous/heterogeneous_layer_specs.py:68: UserWarning: Apex is not installed. Falling back to Torch Norm
  warnings.warn("Apex is not installed. Falling back to Torch Norm")
/root/.cache/user_artifacts/trainers_main/server/vendor/megatron-bridge/3rdparty/Megatron-LM/megatron/core/models/gpt/heterogeneous/heterogeneous_layer_specs.py:68: UserWarning: Apex is not installed. Falling back to Torch Norm
  warnings.warn("Apex is not installed. Falling back to Torch Norm")
/root/.cache/user_artifacts/trainers_main/server/vendor/megatron-bridge/3rdparty/Megatron-LM/megatron/core/models/gpt/heterogeneous/heterogeneous_layer_specs.py:68: UserWarning: Apex is not installed. Falling back to Torch Norm
  warnings.warn("Apex is not installed. Falling back to Torch Norm")
/root/.cache/user_artifacts/trainers_main/server/vendor/megatron-bridge/3rdparty/Megatron-LM/megatron/core/models/gpt/heterogeneous/heterogeneous_layer_specs.py:68: UserWarning: Apex is not installed. Falling back to Torch Norm
  warnings.warn("Apex is not installed. Falling back to Torch Norm")
/root/.cache/user_artifacts/trainers_main/server/vendor/megatron-bridge/3rdparty/Megatron-LM/megatron/core/models/gpt/heterogeneous/heterogeneous_layer_specs.py:68: UserWarning: Apex is not installed. Falling back to Torch Norm
  warnings.warn("Apex is not installed. Falling back to Torch Norm")
/root/.cache/user_artifacts/trainers_main/server/vendor/megatron-bridge/3rdparty/Megatron-LM/megatron/core/models/gpt/heterogeneous/heterogeneous_layer_specs.py:68: UserWarning: Apex is not installed. Falling back to Torch Norm
  warnings.warn("Apex is not installed. Falling back to Torch Norm")
/root/.cache/user_artifacts/trainers_main/server/vendor/megatron-bridge/3rdparty/Megatron-LM/megatron/core/models/vision/vit_layer_specs.py:31: UserWarning: Apex is not installed. Falling back to Torch Norm
  warnings.warn("Apex is not installed. Falling back to Torch Norm")
/root/.cache/user_artifacts/trainers_main/server/vendor/megatron-bridge/3rdparty/Megatron-LM/megatron/core/models/vision/vit_layer_specs.py:31: UserWarning: Apex is not installed. Falling back to Torch Norm
  warnings.warn("Apex is not installed. Falling back to Torch Norm")
/root/.cache/user_artifacts/trainers_main/server/vendor/megatron-bridge/3rdparty/Megatron-LM/megatron/core/models/vision/vit_layer_specs.py:31: UserWarning: Apex is not installed. Falling back to Torch Norm
  warnings.warn("Apex is not installed. Falling back to Torch Norm")
/root/.cache/user_artifacts/trainers_main/server/vendor/megatron-bridge/3rdparty/Megatron-LM/megatron/core/models/vision/vit_layer_specs.py:31: UserWarning: Apex is not installed. Falling back to Torch Norm
  warnings.warn("Apex is not installed. Falling back to Torch Norm")
/root/.cache/user_artifacts/trainers_main/server/vendor/megatron-bridge/3rdparty/Megatron-LM/megatron/core/models/vision/vit_layer_specs.py:31: UserWarning: Apex is not installed. Falling back to Torch Norm
  warnings.warn("Apex is not installed. Falling back to Torch Norm")
/root/.cache/user_artifacts/trainers_main/server/vendor/megatron-bridge/3rdparty/Megatron-LM/megatron/core/models/vision/vit_layer_specs.py:31: UserWarning: Apex is not installed. Falling back to Torch Norm
  warnings.warn("Apex is not installed. Falling back to Torch Norm")
/root/.cache/user_artifacts/trainers_main/server/vendor/megatron-bridge/3rdparty/Megatron-LM/megatron/core/models/vision/vit_layer_specs.py:31: UserWarning: Apex is not installed. Falling back to Torch Norm
  warnings.warn("Apex is not installed. Falling back to Torch Norm")
/root/.cache/user_artifacts/trainers_main/server/vendor/megatron-bridge/3rdparty/Megatron-LM/megatron/core/models/vision/vit_layer_specs.py:31: UserWarning: Apex is not installed. Falling back to Torch Norm
  warnings.warn("Apex is not installed. Falling back to Torch Norm")
/root/.cache/user_artifacts/trainers_main/server/vendor/megatron-bridge/3rdparty/Megatron-LM/megatron/core/models/vision/vit_layer_specs.py:31: UserWarning: Apex is not installed. Falling back to Torch Norm
  warnings.warn("Apex is not installed. Falling back to Torch Norm")
/root/.cache/user_artifacts/trainers_main/server/vendor/megatron-bridge/3rdparty/Megatron-LM/megatron/core/models/vision/vit_layer_specs.py:31: UserWarning: Apex is not installed. Falling back to Torch Norm
  warnings.warn("Apex is not installed. Falling back to Torch Norm")
/root/.cache/user_artifacts/trainers_main/server/vendor/megatron-bridge/3rdparty/Megatron-LM/megatron/core/models/vision/vit_layer_specs.py:31: UserWarning: Apex is not installed. Falling back to Torch Norm
  warnings.warn("Apex is not installed. Falling back to Torch Norm")
/root/.cache/user_artifacts/trainers_main/server/vendor/megatron-bridge/3rdparty/Megatron-LM/megatron/core/models/vision/vit_layer_specs.py:31: UserWarning: Apex is not installed. Falling back to Torch Norm
  warnings.warn("Apex is not installed. Falling back to Torch Norm")
/root/.cache/user_artifacts/trainers_main/server/vendor/megatron-bridge/3rdparty/Megatron-LM/megatron/core/models/vision/vit_layer_specs.py:31: UserWarning: Apex is not installed. Falling back to Torch Norm
  warnings.warn("Apex is not installed. Falling back to Torch Norm")
/root/.cache/user_artifacts/trainers_main/server/vendor/megatron-bridge/3rdparty/Megatron-LM/megatron/core/models/vision/vit_layer_specs.py:31: UserWarning: Apex is not installed. Falling back to Torch Norm
  warnings.warn("Apex is not installed. Falling back to Torch Norm")
/root/.cache/user_artifacts/trainers_main/server/vendor/megatron-bridge/3rdparty/Megatron-LM/megatron/core/models/vision/vit_layer_specs.py:31: UserWarning: Apex is not installed. Falling back to Torch Norm
  warnings.warn("Apex is not installed. Falling back to Torch Norm")
/root/.cache/user_artifacts/trainers_main/server/vendor/megatron-bridge/3rdparty/Megatron-LM/megatron/core/models/vision/vit_layer_specs.py:31: UserWarning: Apex is not installed. Falling back to Torch Norm
  warnings.warn("Apex is not installed. Falling back to Torch Norm")
/root/.cache/user_artifacts/trainers_main/server/vendor/megatron-bridge/3rdparty/Megatron-LM/megatron/core/models/mimo/config/base_configs.py:12: UserWarning: MimoModelConfig is experimental and still under active development. The API may change without notice in future releases.
  class MimoModelConfig:
/root/.cache/user_artifacts/trainers_main/server/vendor/megatron-bridge/3rdparty/Megatron-LM/megatron/core/models/mimo/config/base_configs.py:12: UserWarning: MimoModelConfig is experimental and still under active development. The API may change without notice in future releases.
  class MimoModelConfig:
/root/.cache/user_artifacts/trainers_main/server/vendor/megatron-bridge/3rdparty/Megatron-LM/megatron/core/models/mimo/config/base_configs.py:12: UserWarning: MimoModelConfig is experimental and still under active development. The API may change without notice in future releases.
  class MimoModelConfig:
/root/.cache/user_artifacts/trainers_main/server/vendor/megatron-bridge/3rdparty/Megatron-LM/megatron/core/models/mimo/config/base_configs.py:12: UserWarning: MimoModelConfig is experimental and still under active development. The API may change without notice in future releases.
  class MimoModelConfig:
/root/.cache/user_artifacts/trainers_main/server/vendor/megatron-bridge/3rdparty/Megatron-LM/megatron/core/models/mimo/config/base_configs.py:12: UserWarning: MimoModelConfig is experimental and still under active development. The API may change without notice in future releases.
  class MimoModelConfig:
/root/.cache/user_artifacts/trainers_main/server/vendor/megatron-bridge/3rdparty/Megatron-LM/megatron/core/models/mimo/config/base_configs.py:12: UserWarning: MimoModelConfig is experimental and still under active development. The API may change without notice in future releases.
  class MimoModelConfig:
/root/.cache/user_artifacts/trainers_main/server/vendor/megatron-bridge/3rdparty/Megatron-LM/megatron/core/models/mimo/config/base_configs.py:12: UserWarning: MimoModelConfig is experimental and still under active development. The API may change without notice in future releases.
  class MimoModelConfig:
/root/.cache/user_artifacts/trainers_main/server/vendor/megatron-bridge/3rdparty/Megatron-LM/megatron/core/models/mimo/config/base_configs.py:12: UserWarning: MimoModelConfig is experimental and still under active development. The API may change without notice in future releases.
  class MimoModelConfig:
/root/.cache/user_artifacts/trainers_main/server/vendor/megatron-bridge/3rdparty/Megatron-LM/megatron/core/models/mimo/config/base_configs.py:12: UserWarning: MimoModelConfig is experimental and still under active development. The API may change without notice in future releases.
  class MimoModelConfig:
/root/.cache/user_artifacts/trainers_main/server/vendor/megatron-bridge/3rdparty/Megatron-LM/megatron/core/models/mimo/config/base_configs.py:12: UserWarning: MimoModelConfig is experimental and still under active development. The API may change without notice in future releases.
  class MimoModelConfig:
/root/.cache/user_artifacts/trainers_main/server/vendor/megatron-bridge/3rdparty/Megatron-LM/megatron/core/models/mimo/config/base_configs.py:12: UserWarning: MimoModelConfig is experimental and still under active development. The API may change without notice in future releases.
  class MimoModelConfig:
/root/.cache/user_artifacts/trainers_main/server/vendor/megatron-bridge/3rdparty/Megatron-LM/megatron/core/models/mimo/config/base_configs.py:12: UserWarning: MimoModelConfig is experimental and still under active development. The API may change without notice in future releases.
  class MimoModelConfig:
/root/.cache/user_artifacts/trainers_main/server/vendor/megatron-bridge/3rdparty/Megatron-LM/megatron/core/models/mimo/config/base_configs.py:12: UserWarning: MimoModelConfig is experimental and still under active development. The API may change without notice in future releases.
  class MimoModelConfig:
/root/.cache/user_artifacts/trainers_main/server/vendor/megatron-bridge/3rdparty/Megatron-LM/megatron/core/models/mimo/config/base_configs.py:12: UserWarning: MimoModelConfig is experimental and still under active development. The API may change without notice in future releases.
  class MimoModelConfig:
/root/.cache/user_artifacts/trainers_main/server/vendor/megatron-bridge/3rdparty/Megatron-LM/megatron/core/models/mimo/config/base_configs.py:12: UserWarning: MimoModelConfig is experimental and still under active development. The API may change without notice in future releases.
  class MimoModelConfig:
/root/.cache/user_artifacts/trainers_main/server/vendor/megatron-bridge/3rdparty/Megatron-LM/megatron/core/models/mimo/config/base_configs.py:12: UserWarning: MimoModelConfig is experimental and still under active development. The API may change without notice in future releases.
  class MimoModelConfig:
WARNING:megatron.bridge.models.conversion.auto_bridge:Loading a model with trust_remote_code=True allows arbitrary code execution from the model repository. Only use this with models you trust.
WARNING:megatron.bridge.models.conversion.auto_bridge:Loading a model with trust_remote_code=True allows arbitrary code execution from the model repository. Only use this with models you trust.
WARNING:megatron.bridge.models.conversion.auto_bridge:Loading a model with trust_remote_code=True allows arbitrary code execution from the model repository. Only use this with models you trust.
WARNING:megatron.bridge.models.conversion.auto_bridge:Loading a model with trust_remote_code=True allows arbitrary code execution from the model repository. Only use this with models you trust.
WARNING:megatron.bridge.models.conversion.auto_bridge:Loading a model with trust_remote_code=True allows arbitrary code execution from the model repository. Only use this with models you trust.
WARNING:megatron.bridge.models.conversion.auto_bridge:Loading a model with trust_remote_code=True allows arbitrary code execution from the model repository. Only use this with models you trust.
WARNING:megatron.bridge.models.conversion.auto_bridge:Loading a model with trust_remote_code=True allows arbitrary code execution from the model repository. Only use this with models you trust.
WARNING:megatron.bridge.models.conversion.auto_bridge:Loading a model with trust_remote_code=True allows arbitrary code execution from the model repository. Only use this with models you trust.
WARNING:megatron.bridge.models.conversion.auto_bridge:Loading a model with trust_remote_code=True allows arbitrary code execution from the model repository. Only use this with models you trust.
WARNING:megatron.bridge.models.conversion.auto_bridge:Loading a model with trust_remote_code=True allows arbitrary code execution from the model repository. Only use this with models you trust.
WARNING:megatron.bridge.models.conversion.auto_bridge:Loading a model with trust_remote_code=True allows arbitrary code execution from the model repository. Only use this with models you trust.
WARNING:megatron.bridge.models.conversion.auto_bridge:Loading a model with trust_remote_code=True allows arbitrary code execution from the model repository. Only use this with models you trust.
WARNING:megatron.bridge.models.conversion.auto_bridge:Loading a model with trust_remote_code=True allows arbitrary code execution from the model repository. Only use this with models you trust.
WARNING:megatron.bridge.models.conversion.auto_bridge:Loading a model with trust_remote_code=True allows arbitrary code execution from the model repository. Only use this with models you trust.
WARNING:megatron.bridge.models.conversion.auto_bridge:Loading a model with trust_remote_code=True allows arbitrary code execution from the model repository. Only use this with models you trust.
WARNING:megatron.bridge.models.conversion.auto_bridge:Loading a model with trust_remote_code=True allows arbitrary code execution from the model repository. Only use this with models you trust.
[transformers] `torch_dtype` is deprecated! Use `dtype` instead!
[transformers] `torch_dtype` is deprecated! Use `dtype` instead!
INFO:trainers_server.dp_worker.backends.megatron_bridge.backend:LoRA config: rank=32 alpha=32 (explicit) -> forward scale=1
INFO:trainers_server.dp_worker.backends.megatron_bridge.megatron_config:Installed TE get_attention_backend logging wrapper
INFO:trainers_server.dp_worker.backends.megatron_bridge.megatron_config:attention_backend=AttnBackend.flash (set from trainer config)
/root/.cache/user_artifacts/trainers_main/server/vendor/megatron-bridge/3rdparty/Megatron-LM/megatron/core/transformer/transformer_config.py:1769: UserWarning: If you are using transformer_engine as the transformer implementation, the core_attn is from transformer_engine and may be the fused version. For fused attention, you have no need to set 'core_attn' to recompute. Please check that the core_attn recompute is really needed.
  warnings.warn(
/root/.cache/user_artifacts/trainers_main/server/vendor/megatron-bridge/3rdparty/Megatron-LM/megatron/core/transformer/transformer_config.py:2379: UserWarning: full scope is deprecated. Use empty cuda_graph_modules to capture the whole layer.
  warnings.warn(
INFO:trainers_server.dp_worker.backends.megatron_bridge.backend:LoRA config: rank=32 alpha=32 (explicit) -> forward scale=1
INFO:trainers_server.dp_worker.backends.megatron_bridge.megatron_config:Installed TE get_attention_backend logging wrapper
INFO:trainers_server.dp_worker.backends.megatron_bridge.megatron_config:attention_backend=AttnBackend.flash (set from trainer config)
/root/.cache/user_artifacts/trainers_main/server/vendor/megatron-bridge/3rdparty/Megatron-LM/megatron/core/transformer/transformer_config.py:1769: UserWarning: If you are using transformer_engine as the transformer implementation, the core_attn is from transformer_engine and may be the fused version. For fused attention, you have no need to set 'core_attn' to recompute. Please check that the core_attn recompute is really needed.
  warnings.warn(
/root/.cache/user_artifacts/trainers_main/server/vendor/megatron-bridge/3rdparty/Megatron-LM/megatron/core/transformer/transformer_config.py:2379: UserWarning: full scope is deprecated. Use empty cuda_graph_modules to capture the whole layer.
  warnings.warn(
[transformers] `torch_dtype` is deprecated! Use `dtype` instead!
[transformers] `torch_dtype` is deprecated! Use `dtype` instead!
INFO:trainers_server.dp_worker.backends.megatron_bridge.backend:LoRA config: rank=32 alpha=32 (explicit) -> forward scale=1
INFO:trainers_server.dp_worker.backends.megatron_bridge.megatron_config:Installed TE get_attention_backend logging wrapper
INFO:trainers_server.dp_worker.backends.megatron_bridge.megatron_config:attention_backend=AttnBackend.flash (set from trainer config)
/root/.cache/user_artifacts/trainers_main/server/vendor/megatron-bridge/3rdparty/Megatron-LM/megatron/core/transformer/transformer_config.py:1769: UserWarning: If you are using transformer_engine as the transformer implementation, the core_attn is from transformer_engine and may be the fused version. For fused attention, you have no need to set 'core_attn' to recompute. Please check that the core_attn recompute is really needed.
  warnings.warn(
/root/.cache/user_artifacts/trainers_main/server/vendor/megatron-bridge/3rdparty/Megatron-LM/megatron/core/transformer/transformer_config.py:2379: UserWarning: full scope is deprecated. Use empty cuda_graph_modules to capture the whole layer.
  warnings.warn(
INFO:trainers_server.dp_worker.backends.megatron_bridge.backend:LoRA config: rank=32 alpha=32 (explicit) -> forward scale=1
INFO:trainers_server.dp_worker.backends.megatron_bridge.megatron_config:Installed TE get_attention_backend logging wrapper
INFO:trainers_server.dp_worker.backends.megatron_bridge.megatron_config:attention_backend=AttnBackend.flash (set from trainer config)
/root/.cache/user_artifacts/trainers_main/server/vendor/megatron-bridge/3rdparty/Megatron-LM/megatron/core/transformer/transformer_config.py:1769: UserWarning: If you are using transformer_engine as the transformer implementation, the core_attn is from transformer_engine and may be the fused version. For fused attention, you have no need to set 'core_attn' to recompute. Please check that the core_attn recompute is really needed.
  warnings.warn(
/root/.cache/user_artifacts/trainers_main/server/vendor/megatron-bridge/3rdparty/Megatron-LM/megatron/core/transformer/transformer_config.py:2379: UserWarning: full scope is deprecated. Use empty cuda_graph_modules to capture the whole layer.
  warnings.warn(
[transformers] `torch_dtype` is deprecated! Use `dtype` instead!
[transformers] `torch_dtype` is deprecated! Use `dtype` instead!
INFO:trainers_server.dp_worker.backends.megatron_bridge.backend:LoRA config: rank=32 alpha=32 (explicit) -> forward scale=1
INFO:trainers_server.dp_worker.backends.megatron_bridge.megatron_config:Installed TE get_attention_backend logging wrapper
INFO:trainers_server.dp_worker.backends.megatron_bridge.megatron_config:attention_backend=AttnBackend.flash (set from trainer config)
/root/.cache/user_artifacts/trainers_main/server/vendor/megatron-bridge/3rdparty/Megatron-LM/megatron/core/transformer/transformer_config.py:1769: UserWarning: If you are using transformer_engine as the transformer implementation, the core_attn is from transformer_engine and may be the fused version. For fused attention, you have no need to set 'core_attn' to recompute. Please check that the core_attn recompute is really needed.
  warnings.warn(
/root/.cache/user_artifacts/trainers_main/server/vendor/megatron-bridge/3rdparty/Megatron-LM/megatron/core/transformer/transformer_config.py:2379: UserWarning: full scope is deprecated. Use empty cuda_graph_modules to capture the whole layer.
  warnings.warn(
INFO:trainers_server.dp_worker.backends.megatron_bridge.backend:LoRA config: rank=32 alpha=32 (explicit) -> forward scale=1
INFO:trainers_server.dp_worker.backends.megatron_bridge.megatron_config:Installed TE get_attention_backend logging wrapper
INFO:trainers_server.dp_worker.backends.megatron_bridge.megatron_config:attention_backend=AttnBackend.flash (set from trainer config)
/root/.cache/user_artifacts/trainers_main/server/vendor/megatron-bridge/3rdparty/Megatron-LM/megatron/core/transformer/transformer_config.py:1769: UserWarning: If you are using transformer_engine as the transformer implementation, the core_attn is from transformer_engine and may be the fused version. For fused attention, you have no need to set 'core_attn' to recompute. Please check that the core_attn recompute is really needed.
  warnings.warn(
/root/.cache/user_artifacts/trainers_main/server/vendor/megatron-bridge/3rdparty/Megatron-LM/megatron/core/transformer/transformer_config.py:2379: UserWarning: full scope is deprecated. Use empty cuda_graph_modules to capture the whole layer.
  warnings.warn(
[transformers] `torch_dtype` is deprecated! Use `dtype` instead!
[transformers] `torch_dtype` is deprecated! Use `dtype` instead!
INFO:trainers_server.dp_worker.backends.megatron_bridge.backend:LoRA config: rank=32 alpha=32 (explicit) -> forward scale=1
INFO:trainers_server.dp_worker.backends.megatron_bridge.megatron_config:Installed TE get_attention_backend logging wrapper
INFO:trainers_server.dp_worker.backends.megatron_bridge.megatron_config:attention_backend=AttnBackend.flash (set from trainer config)
/root/.cache/user_artifacts/trainers_main/server/vendor/megatron-bridge/3rdparty/Megatron-LM/megatron/core/transformer/transformer_config.py:1769: UserWarning: If you are using transformer_engine as the transformer implementation, the core_attn is from transformer_engine and may be the fused version. For fused attention, you have no need to set 'core_attn' to recompute. Please check that the core_attn recompute is really needed.
  warnings.warn(
/root/.cache/user_artifacts/trainers_main/server/vendor/megatron-bridge/3rdparty/Megatron-LM/megatron/core/transformer/transformer_config.py:2379: UserWarning: full scope is deprecated. Use empty cuda_graph_modules to capture the whole layer.
  warnings.warn(
INFO:trainers_server.dp_worker.backends.megatron_bridge.backend:LoRA config: rank=32 alpha=32 (explicit) -> forward scale=1
INFO:trainers_server.dp_worker.backends.megatron_bridge.megatron_config:Installed TE get_attention_backend logging wrapper
INFO:trainers_server.dp_worker.backends.megatron_bridge.megatron_config:attention_backend=AttnBackend.flash (set from trainer config)
/root/.cache/user_artifacts/trainers_main/server/vendor/megatron-bridge/3rdparty/Megatron-LM/megatron/core/transformer/transformer_config.py:1769: UserWarning: If you are using transformer_engine as the transformer implementation, the core_attn is from transformer_engine and may be the fused version. For fused attention, you have no need to set 'core_attn' to recompute. Please check that the core_attn recompute is really needed.
  warnings.warn(
/root/.cache/user_artifacts/trainers_main/server/vendor/megatron-bridge/3rdparty/Megatron-LM/megatron/core/transformer/transformer_config.py:2379: UserWarning: full scope is deprecated. Use empty cuda_graph_modules to capture the whole layer.
  warnings.warn(
[transformers] `torch_dtype` is deprecated! Use `dtype` instead!
[transformers] `torch_dtype` is deprecated! Use `dtype` instead!
INFO:trainers_server.dp_worker.backends.megatron_bridge.backend:LoRA config: rank=32 alpha=32 (explicit) -> forward scale=1
INFO:trainers_server.dp_worker.backends.megatron_bridge.megatron_config:Installed TE get_attention_backend logging wrapper
INFO:trainers_server.dp_worker.backends.megatron_bridge.megatron_config:attention_backend=AttnBackend.flash (set from trainer config)
/root/.cache/user_artifacts/trainers_main/server/vendor/megatron-bridge/3rdparty/Megatron-LM/megatron/core/transformer/transformer_config.py:1769: UserWarning: If you are using transformer_engine as the transformer implementation, the core_attn is from transformer_engine and may be the fused version. For fused attention, you have no need to set 'core_attn' to recompute. Please check that the core_attn recompute is really needed.
  warnings.warn(
/root/.cache/user_artifacts/trainers_main/server/vendor/megatron-bridge/3rdparty/Megatron-LM/megatron/core/transformer/transformer_config.py:2379: UserWarning: full scope is deprecated. Use empty cuda_graph_modules to capture the whole layer.
  warnings.warn(
INFO:trainers_server.dp_worker.backends.megatron_bridge.backend:LoRA config: rank=32 alpha=32 (explicit) -> forward scale=1
INFO:trainers_server.dp_worker.backends.megatron_bridge.megatron_config:Installed TE get_attention_backend logging wrapper
INFO:trainers_server.dp_worker.backends.megatron_bridge.megatron_config:attention_backend=AttnBackend.flash (set from trainer config)
/root/.cache/user_artifacts/trainers_main/server/vendor/megatron-bridge/3rdparty/Megatron-LM/megatron/core/transformer/transformer_config.py:1769: UserWarning: If you are using transformer_engine as the transformer implementation, the core_attn is from transformer_engine and may be the fused version. For fused attention, you have no need to set 'core_attn' to recompute. Please check that the core_attn recompute is really needed.
  warnings.warn(
/root/.cache/user_artifacts/trainers_main/server/vendor/megatron-bridge/3rdparty/Megatron-LM/megatron/core/transformer/transformer_config.py:2379: UserWarning: full scope is deprecated. Use empty cuda_graph_modules to capture the whole layer.
  warnings.warn(
WARNING:megatron.core.rerun_state_machine:RerunStateMachine initialized in mode RerunMode.DISABLED
> initializing torch distributed ...
[transformers] `torch_dtype` is deprecated! Use `dtype` instead!
INFO:trainers_server.dp_worker.backends.megatron_bridge.backend:LoRA config: rank=32 alpha=32 (explicit) -> forward scale=1
INFO:trainers_server.dp_worker.backends.megatron_bridge.megatron_config:Installed TE get_attention_backend logging wrapper
INFO:trainers_server.dp_worker.backends.megatron_bridge.megatron_config:attention_backend=AttnBackend.flash (set from trainer config)
/root/.cache/user_artifacts/trainers_main/server/vendor/megatron-bridge/3rdparty/Megatron-LM/megatron/core/transformer/transformer_config.py:1769: UserWarning: If you are using transformer_engine as the transformer implementation, the core_attn is from transformer_engine and may be the fused version. For fused attention, you have no need to set 'core_attn' to recompute. Please check that the core_attn recompute is really needed.
  warnings.warn(
/root/.cache/user_artifacts/trainers_main/server/vendor/megatron-bridge/3rdparty/Megatron-LM/megatron/core/transformer/transformer_config.py:2379: UserWarning: full scope is deprecated. Use empty cuda_graph_modules to capture the whole layer.
  warnings.warn(
[transformers] `torch_dtype` is deprecated! Use `dtype` instead!
INFO:trainers_server.dp_worker.backends.megatron_bridge.backend:LoRA config: rank=32 alpha=32 (explicit) -> forward scale=1
INFO:trainers_server.dp_worker.backends.megatron_bridge.megatron_config:Installed TE get_attention_backend logging wrapper
INFO:trainers_server.dp_worker.backends.megatron_bridge.megatron_config:attention_backend=AttnBackend.flash (set from trainer config)
/root/.cache/user_artifacts/trainers_main/server/vendor/megatron-bridge/3rdparty/Megatron-LM/megatron/core/transformer/transformer_config.py:1769: UserWarning: If you are using transformer_engine as the transformer implementation, the core_attn is from transformer_engine and may be the fused version. For fused attention, you have no need to set 'core_attn' to recompute. Please check that the core_attn recompute is really needed.
  warnings.warn(
/root/.cache/user_artifacts/trainers_main/server/vendor/megatron-bridge/3rdparty/Megatron-LM/megatron/core/transformer/transformer_config.py:2379: UserWarning: full scope is deprecated. Use empty cuda_graph_modules to capture the whole layer.
  warnings.warn(
[transformers] `torch_dtype` is deprecated! Use `dtype` instead!
INFO:trainers_server.dp_worker.backends.megatron_bridge.backend:LoRA config: rank=32 alpha=32 (explicit) -> forward scale=1
INFO:trainers_server.dp_worker.backends.megatron_bridge.megatron_config:Installed TE get_attention_backend logging wrapper
INFO:trainers_server.dp_worker.backends.megatron_bridge.megatron_config:attention_backend=AttnBackend.flash (set from trainer config)
/root/.cache/user_artifacts/trainers_main/server/vendor/megatron-bridge/3rdparty/Megatron-LM/megatron/core/transformer/transformer_config.py:1769: UserWarning: If you are using transformer_engine as the transformer implementation, the core_attn is from transformer_engine and may be the fused version. For fused attention, you have no need to set 'core_attn' to recompute. Please check that the core_attn recompute is really needed.
  warnings.warn(
/root/.cache/user_artifacts/trainers_main/server/vendor/megatron-bridge/3rdparty/Megatron-LM/megatron/core/transformer/transformer_config.py:2379: UserWarning: full scope is deprecated. Use empty cuda_graph_modules to capture the whole layer.
  warnings.warn(
[transformers] `torch_dtype` is deprecated! Use `dtype` instead!
INFO:trainers_server.dp_worker.backends.megatron_bridge.backend:LoRA config: rank=32 alpha=32 (explicit) -> forward scale=1
INFO:trainers_server.dp_worker.backends.megatron_bridge.megatron_config:Installed TE get_attention_backend logging wrapper
INFO:trainers_server.dp_worker.backends.megatron_bridge.megatron_config:attention_backend=AttnBackend.flash (set from trainer config)
/root/.cache/user_artifacts/trainers_main/server/vendor/megatron-bridge/3rdparty/Megatron-LM/megatron/core/transformer/transformer_config.py:1769: UserWarning: If you are using transformer_engine as the transformer implementation, the core_attn is from transformer_engine and may be the fused version. For fused attention, you have no need to set 'core_attn' to recompute. Please check that the core_attn recompute is really needed.
  warnings.warn(
/root/.cache/user_artifacts/trainers_main/server/vendor/megatron-bridge/3rdparty/Megatron-LM/megatron/core/transformer/transformer_config.py:2379: UserWarning: full scope is deprecated. Use empty cuda_graph_modules to capture the whole layer.
  warnings.warn(
[transformers] `torch_dtype` is deprecated! Use `dtype` instead!
[transformers] `torch_dtype` is deprecated! Use `dtype` instead!
INFO:trainers_server.dp_worker.backends.megatron_bridge.backend:LoRA config: rank=32 alpha=32 (explicit) -> forward scale=1
INFO:trainers_server.dp_worker.backends.megatron_bridge.megatron_config:Installed TE get_attention_backend logging wrapper
INFO:trainers_server.dp_worker.backends.megatron_bridge.megatron_config:attention_backend=AttnBackend.flash (set from trainer config)
/root/.cache/user_artifacts/trainers_main/server/vendor/megatron-bridge/3rdparty/Megatron-LM/megatron/core/transformer/transformer_config.py:1769: UserWarning: If you are using transformer_engine as the transformer implementation, the core_attn is from transformer_engine and may be the fused version. For fused attention, you have no need to set 'core_attn' to recompute. Please check that the core_attn recompute is really needed.
  warnings.warn(
/root/.cache/user_artifacts/trainers_main/server/vendor/megatron-bridge/3rdparty/Megatron-LM/megatron/core/transformer/transformer_config.py:2379: UserWarning: full scope is deprecated. Use empty cuda_graph_modules to capture the whole layer.
  warnings.warn(
INFO:trainers_server.dp_worker.backends.megatron_bridge.backend:LoRA config: rank=32 alpha=32 (explicit) -> forward scale=1
INFO:trainers_server.dp_worker.backends.megatron_bridge.megatron_config:Installed TE get_attention_backend logging wrapper
INFO:trainers_server.dp_worker.backends.megatron_bridge.megatron_config:attention_backend=AttnBackend.flash (set from trainer config)
/root/.cache/user_artifacts/trainers_main/server/vendor/megatron-bridge/3rdparty/Megatron-LM/megatron/core/transformer/transformer_config.py:1769: UserWarning: If you are using transformer_engine as the transformer implementation, the core_attn is from transformer_engine and may be the fused version. For fused attention, you have no need to set 'core_attn' to recompute. Please check that the core_attn recompute is really needed.
  warnings.warn(
/root/.cache/user_artifacts/trainers_main/server/vendor/megatron-bridge/3rdparty/Megatron-LM/megatron/core/transformer/transformer_config.py:2379: UserWarning: full scope is deprecated. Use empty cuda_graph_modules to capture the whole layer.
  warnings.warn(
> initialized tensor model parallel with size 1
> initialized pipeline model parallel with size 2
> setting random seeds to 1234 ...
> compiling dataset index builder ...
> compiling dataset index builder ...
make: Entering directory '/root/.cache/user_artifacts/trainers_main/server/vendor/megatron-bridge/3rdparty/Megatron-LM/megatron/core/datasets'
make: Entering directory '/root/.cache/user_artifacts/trainers_main/server/vendor/megatron-bridge/3rdparty/Megatron-LM/megatron/core/datasets'
make: Nothing to be done for 'default'.
make: Leaving directory '/root/.cache/user_artifacts/trainers_main/server/vendor/megatron-bridge/3rdparty/Megatron-LM/megatron/core/datasets'
>>> done with dataset index builder. Compilation time: 0.036 seconds
make: Nothing to be done for 'default'.
make: Leaving directory '/root/.cache/user_artifacts/trainers_main/server/vendor/megatron-bridge/3rdparty/Megatron-LM/megatron/core/datasets'
>>> done with dataset index builder. Compilation time: 0.037 seconds
/root/.cache/user_artifacts/trainers_main/server/.venv/lib/python3.12/site-packages/torch/distributed/c10d_logger.py:83: UserWarning: barrier(): using the device under current context. You can specify `device_id` in `init_process_group` to mute this warning.
  return func(*args, **kwargs)
WARNING:megatron.core.transformer.moe.token_dispatcher:BT_MOE_PROBS_A2A_COMM present but DISABLED (env unset or != '1'); probs all-to-all stays serialized behind the tokens all-to-all
WARNING:megatron.core.transformer.moe.token_dispatcher:BT_MOE_PROBS_A2A_COMM present but DISABLED (env unset or != '1'); probs all-to-all stays serialized behind the tokens all-to-all
WARNING:megatron.core.transformer.moe.token_dispatcher:BT_MOE_PROBS_A2A_COMM present but DISABLED (env unset or != '1'); probs all-to-all stays serialized behind the tokens all-to-all
WARNING:megatron.core.transformer.moe.token_dispatcher:BT_MOE_PROBS_A2A_COMM present but DISABLED (env unset or != '1'); probs all-to-all stays serialized behind the tokens all-to-all
WARNING:megatron.core.transformer.moe.token_dispatcher:BT_MOE_PROBS_A2A_COMM present but DISABLED (env unset or != '1'); probs all-to-all stays serialized behind the tokens all-to-all
WARNING:megatron.core.transformer.moe.token_dispatcher:BT_MOE_PROBS_A2A_COMM present but DISABLED (env unset or != '1'); probs all-to-all stays serialized behind the tokens all-to-all
WARNING:megatron.core.transformer.moe.token_dispatcher:BT_MOE_PROBS_A2A_COMM present but DISABLED (env unset or != '1'); probs all-to-all stays serialized behind the tokens all-to-all
WARNING:megatron.core.transformer.moe.token_dispatcher:BT_MOE_PROBS_A2A_COMM present but DISABLED (env unset or != '1'); probs all-to-all stays serialized behind the tokens all-to-all
WARNING:megatron.core.transformer.moe.token_dispatcher:BT_MOE_PROBS_A2A_COMM present but DISABLED (env unset or != '1'); probs all-to-all stays serialized behind the tokens all-to-all
WARNING:megatron.core.transformer.moe.token_dispatcher:BT_MOE_PROBS_A2A_COMM present but DISABLED (env unset or != '1'); probs all-to-all stays serialized behind the tokens all-to-all
WARNING:megatron.core.transformer.moe.token_dispatcher:BT_MOE_PROBS_A2A_COMM present but DISABLED (env unset or != '1'); probs all-to-all stays serialized behind the tokens all-to-all
WARNING:megatron.core.transformer.moe.token_dispatcher:BT_MOE_PROBS_A2A_COMM present but DISABLED (env unset or != '1'); probs all-to-all stays serialized behind the tokens all-to-all
WARNING:megatron.core.transformer.moe.token_dispatcher:BT_MOE_PROBS_A2A_COMM present but DISABLED (env unset or != '1'); probs all-to-all stays serialized behind the tokens all-to-all
WARNING:megatron.core.transformer.moe.token_dispatcher:BT_MOE_PROBS_A2A_COMM present but DISABLED (env unset or != '1'); probs all-to-all stays serialized behind the tokens all-to-all
WARNING:megatron.core.transformer.moe.token_dispatcher:BT_MOE_PROBS_A2A_COMM present but DISABLED (env unset or != '1'); probs all-to-all stays serialized behind the tokens all-to-all
WARNING:megatron.core.transformer.moe.token_dispatcher:BT_MOE_PROBS_A2A_COMM present but DISABLED (env unset or != '1'); probs all-to-all stays serialized behind the tokens all-to-all
Fetching 142 files:   0%|          | 0/142 [00:00<?, ?it/s]Fetching 142 files: 100%|██████████| 142/142 [00:00<00:00, 9754.67it/s]
Fetching 142 files:   0%|          | 0/142 [00:00<?, ?it/s]Fetching 142 files: 100%|██████████| 142/142 [00:00<00:00, 13565.76it/s]
Fetching 142 files:   0%|          | 0/142 [00:00<?, ?it/s]Fetching 142 files: 100%|██████████| 142/142 [00:00<00:00, 9163.22it/s]
Fetching 142 files:   0%|          | 0/142 [00:00<?, ?it/s]Fetching 142 files: 100%|██████████| 142/142 [00:00<00:00, 14420.05it/s]
Fetching 142 files:   0%|          | 0/142 [00:00<?, ?it/s]Fetching 142 files: 100%|██████████| 142/142 [00:00<00:00, 12930.77it/s]
Fetching 142 files:   0%|          | 0/142 [00:00<?, ?it/s]Fetching 142 files: 100%|██████████| 142/142 [00:00<00:00, 13478.57it/s]
Fetching 142 files:   0%|          | 0/142 [00:00<?, ?it/s]Fetching 142 files: 100%|██████████| 142/142 [00:00<00:00, 13930.65it/s]
Fetching 142 files:   0%|          | 0/142 [00:00<?, ?it/s]Fetching 142 files: 100%|██████████| 142/142 [00:00<00:00, 14506.80it/s]
Fetching 142 files:   0%|          | 0/142 [00:00<?, ?it/s]Fetching 142 files: 100%|██████████| 142/142 [00:00<00:00, 13635.33it/s]
Fetching 142 files:   0%|          | 0/142 [00:00<?, ?it/s]Fetching 142 files: 100%|██████████| 142/142 [00:00<00:00, 12670.00it/s]
Fetching 142 files:   0%|          | 0/142 [00:00<?, ?it/s]Fetching 142 files: 100%|██████████| 142/142 [00:00<00:00, 14448.73it/s]
Fetching 142 files:   0%|          | 0/142 [00:00<?, ?it/s]Fetching 142 files: 100%|██████████| 142/142 [00:00<00:00, 12977.82it/s]
Fetching 142 files:   0%|          | 0/142 [00:00<?, ?it/s]Fetching 142 files: 100%|██████████| 142/142 [00:00<00:00, 13910.81it/s]
Fetching 142 files:   0%|          | 0/142 [00:00<?, ?it/s]Fetching 142 files: 100%|██████████| 142/142 [00:00<00:00, 16503.40it/s]
Fetching 142 files:   0%|          | 0/142 [00:00<?, ?it/s]Fetching 142 files: 100%|██████████| 142/142 [00:00<00:00, 17053.92it/s]
Fetching 142 files:   0%|          | 0/142 [00:00<?, ?it/s]Fetching 142 files: 100%|██████████| 142/142 [00:00<00:00, 13256.27it/s]

WARNING:megatron.bridge.peft.module_matcher:No modules matched the requested target_modules entries: *output_layer*

WARNING:megatron.bridge.peft.module_matcher:No modules matched the requested target_modules entries: *output_layer*

WARNING:megatron.bridge.peft.module_matcher:No modules matched the requested target_modules entries: *output_layer*
INFO:trainers_server.dp_worker.backends.megatron_bridge.backend:LoRA training: disabled dynamic MoE router expert-bias updates
INFO:trainers_server.dp_worker.backends.megatron_bridge.backend:LoRA training: froze 35 MoE router expert-bias updates
INFO:trainers_server.dp_worker.backends.megatron_bridge.backend:LoRA training: disabled dynamic MoE router expert-bias updates
INFO:trainers_server.dp_worker.backends.megatron_bridge.backend:LoRA training: froze 35 MoE router expert-bias updates
INFO:trainers_server.dp_worker.backends.megatron_bridge.backend:LoRA training: disabled dynamic MoE router expert-bias updates
INFO:trainers_server.dp_worker.backends.megatron_bridge.backend:LoRA training: froze 35 MoE router expert-bias updates

WARNING:megatron.bridge.peft.module_matcher:No modules matched the requested target_modules entries: *output_layer*
INFO:trainers_server.dp_worker.backends.megatron_bridge.backend:LoRA training: disabled dynamic MoE router expert-bias updates
INFO:trainers_server.dp_worker.backends.megatron_bridge.backend:LoRA training: froze 35 MoE router expert-bias updates

WARNING:megatron.bridge.peft.module_matcher:No modules matched the requested target_modules entries: *output_layer*
INFO:trainers_server.dp_worker.backends.megatron_bridge.backend:LoRA training: disabled dynamic MoE router expert-bias updates
INFO:trainers_server.dp_worker.backends.megatron_bridge.backend:LoRA training: froze 35 MoE router expert-bias updates

WARNING:megatron.bridge.peft.module_matcher:No modules matched the requested target_modules entries: *output_layer*
INFO:trainers_server.dp_worker.backends.megatron_bridge.backend:LoRA training: disabled dynamic MoE router expert-bias updates
INFO:trainers_server.dp_worker.backends.megatron_bridge.backend:LoRA training: froze 35 MoE router expert-bias updates

WARNING:megatron.bridge.peft.module_matcher:No modules matched the requested target_modules entries: *output_layer*
INFO:trainers_server.dp_worker.backends.megatron_bridge.backend:LoRA training: disabled dynamic MoE router expert-bias updates
INFO:trainers_server.dp_worker.backends.megatron_bridge.backend:LoRA training: froze 35 MoE router expert-bias updates
Loading from zai-org/GLM-5.2-FP8 ━━━━━━━━━━━ 100% 0:00:00 (5916/5916) GLM5Bridge
WARNING:megatron.bridge.peft.module_matcher:No modules matched the requested target_modules entries: *output_layer*
 > number of parameters on (tensor, pipeline) model parallel rank (0, 0): 51753604864
INFO:trainers_server.dp_worker.backends.megatron_bridge.backend:LoRA training: disabled dynamic MoE router expert-bias updates
INFO:trainers_server.dp_worker.backends.megatron_bridge.backend:LoRA training: froze 35 MoE router expert-bias updates

WARNING:megatron.bridge.peft.module_matcher:No modules matched the requested target_modules entries: *.mlp.linear_fc1, *.mlp.linear_fc2
INFO:trainers_server.dp_worker.backends.megatron_bridge.backend:LoRA training: disabled dynamic MoE router expert-bias updates
INFO:trainers_server.dp_worker.backends.megatron_bridge.backend:LoRA training: froze 40 MoE router expert-bias updates


WARNING:megatron.bridge.peft.module_matcher:No modules matched the requested target_modules entries: *.mlp.linear_fc1, *.mlp.linear_fc2
WARNING:megatron.bridge.peft.module_matcher:No modules matched the requested target_modules entries: *.mlp.linear_fc1, *.mlp.linear_fc2
INFO:trainers_server.dp_worker.backends.megatron_bridge.backend:LoRA training: disabled dynamic MoE router expert-bias updates
INFO:trainers_server.dp_worker.backends.megatron_bridge.backend:LoRA training: froze 40 MoE router expert-bias updates
INFO:trainers_server.dp_worker.backends.megatron_bridge.backend:LoRA training: disabled dynamic MoE router expert-bias updates
INFO:trainers_server.dp_worker.backends.megatron_bridge.backend:LoRA training: froze 40 MoE router expert-bias updates

WARNING:megatron.bridge.peft.module_matcher:No modules matched the requested target_modules entries: *.mlp.linear_fc1, *.mlp.linear_fc2
INFO:trainers_server.dp_worker.backends.megatron_bridge.backend:LoRA training: disabled dynamic MoE router expert-bias updates
INFO:trainers_server.dp_worker.backends.megatron_bridge.backend:LoRA training: froze 40 MoE router expert-bias updates

WARNING:megatron.bridge.peft.module_matcher:No modules matched the requested target_modules entries: *.mlp.linear_fc1, *.mlp.linear_fc2
 > number of parameters on (tensor, pipeline) model parallel rank (0, 1): 57638195712
INFO:trainers_server.dp_worker.backends.megatron_bridge.backend:LoRA training: disabled dynamic MoE router expert-bias updates
INFO:trainers_server.dp_worker.backends.megatron_bridge.backend:LoRA training: froze 40 MoE router expert-bias updates

WARNING:megatron.bridge.peft.module_matcher:No modules matched the requested target_modules entries: *.mlp.linear_fc1, *.mlp.linear_fc2
INFO:trainers_server.dp_worker.backends.megatron_bridge.backend:LoRA training: disabled dynamic MoE router expert-bias updates
INFO:trainers_server.dp_worker.backends.megatron_bridge.backend:LoRA training: froze 40 MoE router expert-bias updates

WARNING:megatron.bridge.peft.module_matcher:No modules matched the requested target_modules entries: *.mlp.linear_fc1, *.mlp.linear_fc2

WARNING:megatron.bridge.peft.module_matcher:No modules matched the requested target_modules entries: *.mlp.linear_fc1, *.mlp.linear_fc2
INFO:trainers_server.dp_worker.backends.megatron_bridge.backend:LoRA training: disabled dynamic MoE router expert-bias updates
INFO:trainers_server.dp_worker.backends.megatron_bridge.backend:LoRA training: froze 40 MoE router expert-bias updates
INFO:trainers_server.dp_worker.backends.megatron_bridge.backend:LoRA training: disabled dynamic MoE router expert-bias updates
INFO:trainers_server.dp_worker.backends.megatron_bridge.backend:LoRA training: froze 40 MoE router expert-bias updates
INFO:trainers_server.dp_worker.backends.megatron_bridge.backend:MegatronBridgeBackend ready
INFO:trainers_server.dp_worker.backends.megatron_bridge.backend:MegatronBridgeBackend ready
INFO:trainers_server.dp_worker.backends.megatron_bridge.backend:MegatronBridgeBackend ready
INFO:trainers_server.dp_worker.controller.checkpoints.manager:weight_sync disabled
INFO:trainers_server.dp_worker.controller.checkpoints.manager:weight_sync disabled
INFO:trainers_server.dp_worker.controller.checkpoints.manager:weight_sync disabled
INFO:trainers_server.dp_worker.backends.megatron_bridge.backend:startup warmup SKIPPED (BT_SKIP_WARMUP set)
INFO:trainers_server.dp_worker.backends.megatron_bridge.backend:MegatronBridgeBackend ready
INFO:trainers_server.dp_worker.controller.checkpoints.manager:weight_sync disabled
INFO:trainers_server.dp_worker.backends.megatron_bridge.backend:MegatronBridgeBackend ready
INFO:trainers_server.dp_worker.controller.checkpoints.manager:weight_sync disabled
INFO:trainers_server.dp_worker.backends.megatron_bridge.backend:MegatronBridgeBackend ready
INFO:trainers_server.dp_worker.backends.megatron_bridge.backend:MegatronBridgeBackend ready
INFO:trainers_server.dp_worker.controller.checkpoints.manager:weight_sync disabled
INFO:trainers_server.dp_worker.controller.checkpoints.manager:weight_sync disabled
INFO:trainers_server.dp_worker.backends.megatron_bridge.backend:MegatronBridgeBackend ready
INFO:trainers_server.dp_worker.controller.checkpoints.manager:weight_sync disabled
INFO:trainers_server.dp_worker.backends.megatron_bridge.backend:MegatronBridgeBackend ready
INFO:trainers_server.dp_worker.controller.checkpoints.manager:weight_sync disabled
INFO:trainers_server.dp_worker.backends.megatron_bridge.backend:MegatronBridgeBackend ready
INFO:trainers_server.dp_worker.backends.megatron_bridge.backend:MegatronBridgeBackend ready
INFO:trainers_server.dp_worker.controller.checkpoints.manager:weight_sync disabled
INFO:trainers_server.dp_worker.controller.checkpoints.manager:weight_sync disabled
INFO:trainers_server.dp_worker.backends.megatron_bridge.backend:MegatronBridgeBackend ready
INFO:trainers_server.dp_worker.controller.checkpoints.manager:weight_sync disabled
INFO:trainers_server.dp_worker.backends.megatron_bridge.backend:MegatronBridgeBackend ready
INFO:trainers_server.dp_worker.controller.checkpoints.manager:weight_sync disabled
INFO:trainers_server.dp_worker.backends.megatron_bridge.backend:MegatronBridgeBackend ready
INFO:trainers_server.dp_worker.controller.checkpoints.manager:weight_sync disabled
INFO:trainers_server.dp_worker.backends.megatron_bridge.backend:MegatronBridgeBackend ready
INFO:trainers_server.dp_worker.controller.checkpoints.manager:weight_sync disabled
INFO:trainers_server.dp_worker.backends.megatron_bridge.backend:MegatronBridgeBackend ready
INFO:trainers_server.dp_worker.controller.checkpoints.manager:weight_sync disabled
INFO:     Started server process [82685]
INFO:     Waiting for application startup.
INFO:     Application startup complete.
INFO:     Uvicorn running on http://0.0.0.0:8001 (Press CTRL+C to quit)
INFO:     127.0.0.1:35674 - "GET /health HTTP/1.1" 200 OK
/root/.cache/user_artifacts/trainers_main/server/.venv/lib/python3.12/site-packages/torch/cuda/__init__.py:61: FutureWarning: The pynvml package is deprecated. Please install nvidia-ml-py instead. If you did not install pynvml directly, please report this to the maintainers of the package that installed pynvml for you.
  import pynvml  # type: ignore[import]
/root/.cache/user_artifacts/trainers_main/server/.venv/lib/python3.12/site-packages/torch/cuda/__init__.py:61: FutureWarning: The pynvml package is deprecated. Please install nvidia-ml-py instead. If you did not install pynvml directly, please report this to the maintainers of the package that installed pynvml for you.
  import pynvml  # type: ignore[import]
/root/.cache/user_artifacts/trainers_main/server/.venv/lib/python3.12/site-packages/torch/cuda/__init__.py:61: FutureWarning: The pynvml package is deprecated. Please install nvidia-ml-py instead. If you did not install pynvml directly, please report this to the maintainers of the package that installed pynvml for you.
  import pynvml  # type: ignore[import]
/root/.cache/user_artifacts/trainers_main/server/.venv/lib/python3.12/site-packages/torch/cuda/__init__.py:61: FutureWarning: The pynvml package is deprecated. Please install nvidia-ml-py instead. If you did not install pynvml directly, please report this to the maintainers of the package that installed pynvml for you.
  import pynvml  # type: ignore[import]
/root/.cache/user_artifacts/trainers_main/server/.venv/lib/python3.12/site-packages/torch/cuda/__init__.py:61: FutureWarning: The pynvml package is deprecated. Please install nvidia-ml-py instead. If you did not install pynvml directly, please report this to the maintainers of the package that installed pynvml for you.
  import pynvml  # type: ignore[import]
/root/.cache/user_artifacts/trainers_main/server/.venv/lib/python3.12/site-packages/torch/cuda/__init__.py:61: FutureWarning: The pynvml package is deprecated. Please install nvidia-ml-py instead. If you did not install pynvml directly, please report this to the maintainers of the package that installed pynvml for you.
  import pynvml  # type: ignore[import]
/root/.cache/user_artifacts/trainers_main/server/.venv/lib/python3.12/site-packages/torch/cuda/__init__.py:61: FutureWarning: The pynvml package is deprecated. Please install nvidia-ml-py instead. If you did not install pynvml directly, please report this to the maintainers of the package that installed pynvml for you.
  import pynvml  # type: ignore[import]
/root/.cache/user_artifacts/trainers_main/server/.venv/lib/python3.12/site-packages/torch/cuda/__init__.py:61: FutureWarning: The pynvml package is deprecated. Please install nvidia-ml-py instead. If you did not install pynvml directly, please report this to the maintainers of the package that installed pynvml for you.
  import pynvml  # type: ignore[import]
/root/.cache/user_artifacts/trainers_main/server/.venv/lib/python3.12/site-packages/torch/cuda/__init__.py:61: FutureWarning: The pynvml package is deprecated. Please install nvidia-ml-py instead. If you did not install pynvml directly, please report this to the maintainers of the package that installed pynvml for you.
  import pynvml  # type: ignore[import]
/root/.cache/user_artifacts/trainers_main/server/.venv/lib/python3.12/site-packages/torch/cuda/__init__.py:61: FutureWarning: The pynvml package is deprecated. Please install nvidia-ml-py instead. If you did not install pynvml directly, please report this to the maintainers of the package that installed pynvml for you.
  import pynvml  # type: ignore[import]
/root/.cache/user_artifacts/trainers_main/server/.venv/lib/python3.12/site-packages/torch/cuda/__init__.py:61: FutureWarning: The pynvml package is deprecated. Please install nvidia-ml-py instead. If you did not install pynvml directly, please report this to the maintainers of the package that installed pynvml for you.
  import pynvml  # type: ignore[import]
/root/.cache/user_artifacts/trainers_main/server/.venv/lib/python3.12/site-packages/torch/cuda/__init__.py:61: FutureWarning: The pynvml package is deprecated. Please install nvidia-ml-py instead. If you did not install pynvml directly, please report this to the maintainers of the package that installed pynvml for you.
  import pynvml  # type: ignore[import]
/root/.cache/user_artifacts/trainers_main/server/.venv/lib/python3.12/site-packages/torch/cuda/__init__.py:61: FutureWarning: The pynvml package is deprecated. Please install nvidia-ml-py instead. If you did not install pynvml directly, please report this to the maintainers of the package that installed pynvml for you.
  import pynvml  # type: ignore[import]
/root/.cache/user_artifacts/trainers_main/server/.venv/lib/python3.12/site-packages/torch/cuda/__init__.py:61: FutureWarning: The pynvml package is deprecated. Please install nvidia-ml-py instead. If you did not install pynvml directly, please report this to the maintainers of the package that installed pynvml for you.
  import pynvml  # type: ignore[import]
/root/.cache/user_artifacts/trainers_main/server/.venv/lib/python3.12/site-packages/torch/cuda/__init__.py:61: FutureWarning: The pynvml package is deprecated. Please install nvidia-ml-py instead. If you did not install pynvml directly, please report this to the maintainers of the package that installed pynvml for you.
  import pynvml  # type: ignore[import]
/root/.cache/user_artifacts/trainers_main/server/.venv/lib/python3.12/site-packages/torch/cuda/__init__.py:61: FutureWarning: The pynvml package is deprecated. Please install nvidia-ml-py instead. If you did not install pynvml directly, please report this to the maintainers of the package that installed pynvml for you.
  import pynvml  # type: ignore[import]
INFO:     127.0.0.1:55816 - "GET /status HTTP/1.1" 200 OK
INFO:     127.0.0.1:55818 - "GET /status HTTP/1.1" 200 OK
INFO:trainers_server.dp_worker.api.server:submit: op=start_memory_profile operation_id=0b082521f8fb405c990a20b26f338286 enqueued (qsize=1) 
INFO:     127.0.0.1:55818 - "POST /memory_profile/start HTTP/1.1" 202 Accepted
/root/.cache/user_artifacts/trainers_main/server/.venv/lib/python3.12/site-packages/torch/distributed/c10d_logger.py:83: UserWarning: barrier(): using the device under current context. You can specify `device_id` in `init_process_group` to mute this warning.
  return func(*args, **kwargs)
INFO:trainers_server.dp_worker.profiling:profiling: cuda memory history recording started (rank=0)
INFO:trainers_server.dp_worker.profiling:profiling: OOM observer attached (rank=0)
INFO:trainers_server.dp_worker.profile_manager:memory_profile/start: recording=True max_entries=100000 local_path=/tmp/checkpoints/profiles/latest/memory
INFO:trainers_server.dp_worker.profiling:profiling: cuda memory history recording started (rank=2)
INFO:trainers_server.dp_worker.profiling:profiling: cuda memory history recording started (rank=4)
INFO:trainers_server.dp_worker.profiling:profiling: cuda memory history recording started (rank=5)
INFO:trainers_server.dp_worker.profiling:profiling: cuda memory history recording started (rank=8)
INFO:trainers_server.dp_worker.profiling:profiling: cuda memory history recording started (rank=3)
INFO:trainers_server.dp_worker.profiling:profiling: cuda memory history recording started (rank=6)
INFO:trainers_server.dp_worker.api.dispatcher_worker:dispatcher_worker: op=start_memory_profile operation_id=0b082521f8fb405c990a20b26f338286 done in 0.00s 
INFO:trainers_server.dp_worker.profiling:profiling: cuda memory history recording started (rank=1)
INFO:trainers_server.dp_worker.profiling:profiling: OOM observer attached (rank=2)
INFO:trainers_server.dp_worker.profiling:profiling: OOM observer attached (rank=4)
INFO:trainers_server.dp_worker.profile_manager:memory_profile/start: recording=True max_entries=100000 local_path=/tmp/checkpoints/profiles/latest/memory
INFO:trainers_server.dp_worker.profile_manager:memory_profile/start: recording=True max_entries=100000 local_path=/tmp/checkpoints/profiles/latest/memory
INFO:trainers_server.dp_worker.profiling:profiling: OOM observer attached (rank=5)
INFO:trainers_server.dp_worker.api.server:retrieve: operation_id=0b082521f8fb405c990a20b26f338286 done after 0.00s
INFO:trainers_server.dp_worker.profiling:profiling: cuda memory history recording started (rank=7)
INFO:trainers_server.dp_worker.profiling:profiling: cuda memory history recording started (rank=15)
INFO:trainers_server.dp_worker.profile_manager:memory_profile/start: recording=True max_entries=100000 local_path=/tmp/checkpoints/profiles/latest/memory
INFO:trainers_server.dp_worker.profiling:profiling: OOM observer attached (rank=3)
INFO:trainers_server.dp_worker.profiling:profiling: cuda memory history recording started (rank=13)
INFO:trainers_server.dp_worker.profiling:profiling: cuda memory history recording started (rank=11)
INFO:trainers_server.dp_worker.profiling:profiling: OOM observer attached (rank=6)
INFO:     127.0.0.1:55818 - "GET /operations/0b082521f8fb405c990a20b26f338286 HTTP/1.1" 200 OK
INFO:trainers_server.dp_worker.profiling:profiling: cuda memory history recording started (rank=14)
INFO:trainers_server.dp_worker.profiling:profiling: OOM observer attached (rank=1)
INFO:trainers_server.dp_worker.profiling:profiling: OOM observer attached (rank=8)
INFO:trainers_server.dp_worker.profile_manager:memory_profile/start: recording=True max_entries=100000 local_path=/tmp/checkpoints/profiles/latest/memory
INFO:trainers_server.dp_worker.profile_manager:memory_profile/start: recording=True max_entries=100000 local_path=/tmp/checkpoints/profiles/latest/memory
INFO:trainers_server.dp_worker.profile_manager:memory_profile/start: recording=True max_entries=100000 local_path=/tmp/checkpoints/profiles/latest/memory
INFO:trainers_server.dp_worker.profiling:profiling: cuda memory history recording started (rank=10)
INFO:trainers_server.dp_worker.profile_manager:memory_profile/start: recording=True max_entries=100000 local_path=/tmp/checkpoints/profiles/latest/memory
INFO:trainers_server.dp_worker.profiling:profiling: OOM observer attached (rank=15)
INFO:trainers_server.dp_worker.profiling:profiling: OOM observer attached (rank=13)
INFO:trainers_server.dp_worker.profile_manager:memory_profile/start: recording=True max_entries=100000 local_path=/tmp/checkpoints/profiles/latest/memory
INFO:trainers_server.dp_worker.profiling:profiling: OOM observer attached (rank=11)
INFO:trainers_server.dp_worker.profiling:profiling: OOM observer attached (rank=14)
INFO:trainers_server.dp_worker.profile_manager:memory_profile/start: recording=True max_entries=100000 local_path=/tmp/checkpoints/profiles/latest/memory
INFO:trainers_server.dp_worker.profiling:profiling: OOM observer attached (rank=7)
INFO:trainers_server.dp_worker.profile_manager:memory_profile/start: recording=True max_entries=100000 local_path=/tmp/checkpoints/profiles/latest/memory
INFO:trainers_server.dp_worker.profile_manager:memory_profile/start: recording=True max_entries=100000 local_path=/tmp/checkpoints/profiles/latest/memory
INFO:trainers_server.dp_worker.profiling:profiling: cuda memory history recording started (rank=12)
INFO:trainers_server.dp_worker.profile_manager:memory_profile/start: recording=True max_entries=100000 local_path=/tmp/checkpoints/profiles/latest/memory
INFO:trainers_server.dp_worker.profiling:profiling: OOM observer attached (rank=10)
INFO:trainers_server.dp_worker.profile_manager:memory_profile/start: recording=True max_entries=100000 local_path=/tmp/checkpoints/profiles/latest/memory
INFO:trainers_server.dp_worker.profiling:profiling: OOM observer attached (rank=12)
INFO:trainers_server.dp_worker.profile_manager:memory_profile/start: recording=True max_entries=100000 local_path=/tmp/checkpoints/profiles/latest/memory
INFO:trainers_server.dp_worker.profiling:profiling: cuda memory history recording started (rank=9)
INFO:trainers_server.dp_worker.profiling:profiling: OOM observer attached (rank=9)
INFO:trainers_server.dp_worker.profile_manager:memory_profile/start: recording=True max_entries=100000 local_path=/tmp/checkpoints/profiles/latest/memory
INFO:trainers_server.dp_worker.api.server:submit: op=forward_backward operation_id=103a9dff992546538424ce15d55b6529 enqueued (qsize=1) n_datums=2 total_tokens=262144 seq_len[min/max]=131072/131072
INFO:     127.0.0.1:55818 - "POST /forward_backward HTTP/1.1" 202 Accepted
ERROR:opentelemetry.sdk.trace.export:Exception while exporting Span batch.
Traceback (most recent call last):
  File "/root/.cache/user_artifacts/trainers_main/server/.venv/lib/python3.12/site-packages/urllib3/connection.py", line 204, in _new_conn
    sock = connection.create_connection(
           ^^^^^^^^^^^^^^^^^^^^^^^^^^^^^
  File "/root/.cache/user_artifacts/trainers_main/server/.venv/lib/python3.12/site-packages/urllib3/util/connection.py", line 85, in create_connection
    raise err
  File "/root/.cache/user_artifacts/trainers_main/server/.venv/lib/python3.12/site-packages/urllib3/util/connection.py", line 73, in create_connection
    sock.connect(sa)
ConnectionRefusedError: [Errno 111] Connection refused

The above exception was the direct cause of the following exception:

Traceback (most recent call last):
  File "/root/.cache/user_artifacts/trainers_main/server/.venv/lib/python3.12/site-packages/urllib3/connectionpool.py", line 787, in urlopen
    response = self._make_request(
               ^^^^^^^^^^^^^^^^^^^
  File "/root/.cache/user_artifacts/trainers_main/server/.venv/lib/python3.12/site-packages/urllib3/connectionpool.py", line 493, in _make_request
    conn.request(
  File "/root/.cache/user_artifacts/trainers_main/server/.venv/lib/python3.12/site-packages/urllib3/connection.py", line 500, in request
    self.endheaders()
  File "/usr/lib/python3.12/http/client.py", line 1360, in endheaders
    self._send_output(message_body, encode_chunked=encode_chunked)
  File "/usr/lib/python3.12/http/client.py", line 1120, in _send_output
    self.send(msg)
  File "/usr/lib/python3.12/http/client.py", line 1064, in send
    self.connect()
  File "/root/.cache/user_artifacts/trainers_main/server/.venv/lib/python3.12/site-packages/urllib3/connection.py", line 331, in connect
    self.sock = self._new_conn()
                ^^^^^^^^^^^^^^^^
  File "/root/.cache/user_artifacts/trainers_main/server/.venv/lib/python3.12/site-packages/urllib3/connection.py", line 219, in _new_conn
    raise NewConnectionError(
urllib3.exceptions.NewConnectionError: HTTPConnection(host='localhost', port=4318): Failed to establish a new connection: [Errno 111] Connection refused

The above exception was the direct cause of the following exception:

Traceback (most recent call last):
  File "/root/.cache/user_artifacts/trainers_main/server/.venv/lib/python3.12/site-packages/requests/adapters.py", line 644, in send
    resp = conn.urlopen(
           ^^^^^^^^^^^^^
  File "/root/.cache/user_artifacts/trainers_main/server/.venv/lib/python3.12/site-packages/urllib3/connectionpool.py", line 841, in urlopen
    retries = retries.increment(
              ^^^^^^^^^^^^^^^^^^
  File "/root/.cache/user_artifacts/trainers_main/server/.venv/lib/python3.12/site-packages/urllib3/util/retry.py", line 535, in increment
    raise MaxRetryError(_pool, url, reason) from reason  # type: ignore[arg-type]
    ^^^^^^^^^^^^^^^^^^^^^^^^^^^^^^^^^^^^^^^^^^^^^^^^^^^
urllib3.exceptions.MaxRetryError: HTTPConnectionPool(host='localhost', port=4318): Max retries exceeded with url: /v1/traces (Caused by NewConnectionError("HTTPConnection(host='localhost', port=4318): Failed to establish a new connection: [Errno 111] Connection refused"))

During handling of the above exception, another exception occurred:

Traceback (most recent call last):
  File "/root/.cache/user_artifacts/trainers_main/server/.venv/lib/python3.12/site-packages/opentelemetry/sdk/trace/export/__init__.py", line 362, in _export_batch
    self.span_exporter.export(self.spans_list[:idx])  # type: ignore
    ^^^^^^^^^^^^^^^^^^^^^^^^^^^^^^^^^^^^^^^^^^^^^^^^
  File "/root/.cache/user_artifacts/trainers_main/server/.venv/lib/python3.12/site-packages/opentelemetry/exporter/otlp/proto/http/trace_exporter/__init__.py", line 139, in export
    resp = self._export(serialized_data)
           ^^^^^^^^^^^^^^^^^^^^^^^^^^^^^
  File "/root/.cache/user_artifacts/trainers_main/server/.venv/lib/python3.12/site-packages/opentelemetry/exporter/otlp/proto/http/trace_exporter/__init__.py", line 110, in _export
    return self._session.post(
           ^^^^^^^^^^^^^^^^^^^
  File "/root/.cache/user_artifacts/trainers_main/server/.venv/lib/python3.12/site-packages/requests/sessions.py", line 637, in post
    return self.request("POST", url, data=data, json=json, **kwargs)
           ^^^^^^^^^^^^^^^^^^^^^^^^^^^^^^^^^^^^^^^^^^^^^^^^^^^^^^^^^
  File "/root/.cache/user_artifacts/trainers_main/server/.venv/lib/python3.12/site-packages/requests/sessions.py", line 589, in request
    resp = self.send(prep, **send_kwargs)
           ^^^^^^^^^^^^^^^^^^^^^^^^^^^^^^
  File "/root/.cache/user_artifacts/trainers_main/server/.venv/lib/python3.12/site-packages/requests/sessions.py", line 703, in send
    r = adapter.send(request, **kwargs)
        ^^^^^^^^^^^^^^^^^^^^^^^^^^^^^^^
  File "/root/.cache/user_artifacts/trainers_main/server/.venv/lib/python3.12/site-packages/requests/adapters.py", line 677, in send
    raise ConnectionError(e, request=request)
requests.exceptions.ConnectionError: HTTPConnectionPool(host='localhost', port=4318): Max retries exceeded with url: /v1/traces (Caused by NewConnectionError("HTTPConnection(host='localhost', port=4318): Failed to establish a new connection: [Errno 111] Connection refused"))
WARNING:megatron.core.models.common.embeddings.rope_utils:BT_THD_ROPE_HOST_CACHE present but DISABLED (env unset or != '1'); reading cu_seqlens per call
WARNING:megatron.core.models.common.embeddings.rope_utils:BT_THD_ROPE_HOST_CACHE present but DISABLED (env unset or != '1'); reading cu_seqlens per call
WARNING:megatron.core.models.common.embeddings.rope_utils:BT_THD_ROPE_HOST_CACHE present but DISABLED (env unset or != '1'); reading cu_seqlens per call
WARNING:megatron.core.transformer.experimental_attention_variant.dsa:BT_DSA_CP_LAYOUT_CACHE present but DISABLED (env unset or != '1'); rebuilding the packed CP layout per layer
WARNING:megatron.core.transformer.experimental_attention_variant.dsa:BT_DSA_CP_LAYOUT_CACHE present but DISABLED (env unset or != '1'); rebuilding the packed CP layout per layer
WARNING:megatron.core.models.common.embeddings.rope_utils:BT_THD_ROPE_HOST_CACHE present but DISABLED (env unset or != '1'); reading cu_seqlens per call
WARNING:megatron.core.transformer.experimental_attention_variant.dsa:BT_DSA_CP_LAYOUT_CACHE present but DISABLED (env unset or != '1'); rebuilding the packed CP layout per layer
WARNING:megatron.core.models.common.embeddings.rope_utils:BT_THD_ROPE_HOST_CACHE present but DISABLED (env unset or != '1'); reading cu_seqlens per call
WARNING:megatron.core.transformer.experimental_attention_variant.dsa:BT_DSA_CP_LAYOUT_CACHE present but DISABLED (env unset or != '1'); rebuilding the packed CP layout per layer
WARNING:megatron.core.models.common.embeddings.rope_utils:BT_THD_ROPE_HOST_CACHE present but DISABLED (env unset or != '1'); reading cu_seqlens per call
WARNING:megatron.core.models.common.embeddings.rope_utils:BT_THD_ROPE_HOST_CACHE present but DISABLED (env unset or != '1'); reading cu_seqlens per call
WARNING:megatron.core.models.common.embeddings.rope_utils:BT_THD_ROPE_HOST_CACHE present but DISABLED (env unset or != '1'); reading cu_seqlens per call
WARNING:megatron.core.transformer.experimental_attention_variant.dsa:BT_DSA_CP_LAYOUT_CACHE present but DISABLED (env unset or != '1'); rebuilding the packed CP layout per layer
WARNING:megatron.core.transformer.experimental_attention_variant.dsa:BT_DSA_CP_LAYOUT_CACHE present but DISABLED (env unset or != '1'); rebuilding the packed CP layout per layer
WARNING:megatron.core.transformer.experimental_attention_variant.dsa:BT_DSA_CP_LAYOUT_CACHE present but DISABLED (env unset or != '1'); rebuilding the packed CP layout per layer
WARNING:megatron.core.transformer.experimental_attention_variant.dsa:BT_DSA_CP_LAYOUT_CACHE present but DISABLED (env unset or != '1'); rebuilding the packed CP layout per layer
/root/.cache/user_artifacts/trainers_main/server/vendor/megatron-bridge/3rdparty/Megatron-LM/megatron/core/models/backends.py:34: UserWarning: Apex is not installed. Falling back to Torch Norm
  warnings.warn("Apex is not installed. Falling back to Torch Norm")
/root/.cache/user_artifacts/trainers_main/server/vendor/megatron-bridge/3rdparty/Megatron-LM/megatron/core/models/backends.py:34: UserWarning: Apex is not installed. Falling back to Torch Norm
  warnings.warn("Apex is not installed. Falling back to Torch Norm")
/root/.cache/user_artifacts/trainers_main/server/vendor/megatron-bridge/3rdparty/Megatron-LM/megatron/core/models/backends.py:34: UserWarning: Apex is not installed. Falling back to Torch Norm
  warnings.warn("Apex is not installed. Falling back to Torch Norm")
/root/.cache/user_artifacts/trainers_main/server/vendor/megatron-bridge/3rdparty/Megatron-LM/megatron/core/models/backends.py:34: UserWarning: Apex is not installed. Falling back to Torch Norm
  warnings.warn("Apex is not installed. Falling back to Torch Norm")
/root/.cache/user_artifacts/trainers_main/server/vendor/megatron-bridge/3rdparty/Megatron-LM/megatron/core/models/backends.py:34: UserWarning: Apex is not installed. Falling back to Torch Norm
  warnings.warn("Apex is not installed. Falling back to Torch Norm")
/root/.cache/user_artifacts/trainers_main/server/vendor/megatron-bridge/3rdparty/Megatron-LM/megatron/core/models/backends.py:34: UserWarning: Apex is not installed. Falling back to Torch Norm
  warnings.warn("Apex is not installed. Falling back to Torch Norm")
/root/.cache/user_artifacts/trainers_main/server/vendor/megatron-bridge/3rdparty/Megatron-LM/megatron/core/models/backends.py:34: UserWarning: Apex is not installed. Falling back to Torch Norm
  warnings.warn("Apex is not installed. Falling back to Torch Norm")
/root/.cache/user_artifacts/trainers_main/server/vendor/megatron-bridge/3rdparty/Megatron-LM/megatron/core/models/backends.py:34: UserWarning: Apex is not installed. Falling back to Torch Norm
  warnings.warn("Apex is not installed. Falling back to Torch Norm")
/root/.cache/user_artifacts/trainers_main/server/vendor/megatron-bridge/3rdparty/Megatron-LM/megatron/core/models/gpt/gpt_layer_specs.py:74: UserWarning: Apex is not installed. Falling back to Torch Norm
  warnings.warn("Apex is not installed. Falling back to Torch Norm")
/root/.cache/user_artifacts/trainers_main/server/vendor/megatron-bridge/3rdparty/Megatron-LM/megatron/core/models/gpt/gpt_layer_specs.py:74: UserWarning: Apex is not installed. Falling back to Torch Norm
  warnings.warn("Apex is not installed. Falling back to Torch Norm")
/root/.cache/user_artifacts/trainers_main/server/vendor/megatron-bridge/3rdparty/Megatron-LM/megatron/core/models/gpt/gpt_layer_specs.py:74: UserWarning: Apex is not installed. Falling back to Torch Norm
  warnings.warn("Apex is not installed. Falling back to Torch Norm")
/root/.cache/user_artifacts/trainers_main/server/vendor/megatron-bridge/3rdparty/Megatron-LM/megatron/core/models/gpt/gpt_layer_specs.py:74: UserWarning: Apex is not installed. Falling back to Torch Norm
  warnings.warn("Apex is not installed. Falling back to Torch Norm")
/root/.cache/user_artifacts/trainers_main/server/vendor/megatron-bridge/3rdparty/Megatron-LM/megatron/core/models/gpt/gpt_layer_specs.py:74: UserWarning: Apex is not installed. Falling back to Torch Norm
  warnings.warn("Apex is not installed. Falling back to Torch Norm")
/root/.cache/user_artifacts/trainers_main/server/vendor/megatron-bridge/3rdparty/Megatron-LM/megatron/core/models/gpt/gpt_layer_specs.py:74: UserWarning: Apex is not installed. Falling back to Torch Norm
  warnings.warn("Apex is not installed. Falling back to Torch Norm")
/root/.cache/user_artifacts/trainers_main/server/vendor/megatron-bridge/3rdparty/Megatron-LM/megatron/core/models/gpt/gpt_layer_specs.py:74: UserWarning: Apex is not installed. Falling back to Torch Norm
  warnings.warn("Apex is not installed. Falling back to Torch Norm")
/root/.cache/user_artifacts/trainers_main/server/vendor/megatron-bridge/3rdparty/Megatron-LM/megatron/core/models/gpt/gpt_layer_specs.py:74: UserWarning: Apex is not installed. Falling back to Torch Norm
  warnings.warn("Apex is not installed. Falling back to Torch Norm")
/root/.cache/user_artifacts/trainers_main/server/vendor/megatron-bridge/3rdparty/Megatron-LM/megatron/core/models/backends.py:34: UserWarning: Apex is not installed. Falling back to Torch Norm
  warnings.warn("Apex is not installed. Falling back to Torch Norm")
/root/.cache/user_artifacts/trainers_main/server/vendor/megatron-bridge/3rdparty/Megatron-LM/megatron/core/models/backends.py:34: UserWarning: Apex is not installed. Falling back to Torch Norm
  warnings.warn("Apex is not installed. Falling back to Torch Norm")
/root/.cache/user_artifacts/trainers_main/server/vendor/megatron-bridge/3rdparty/Megatron-LM/megatron/core/models/backends.py:34: UserWarning: Apex is not installed. Falling back to Torch Norm
  warnings.warn("Apex is not installed. Falling back to Torch Norm")
/root/.cache/user_artifacts/trainers_main/server/vendor/megatron-bridge/3rdparty/Megatron-LM/megatron/core/models/backends.py:34: UserWarning: Apex is not installed. Falling back to Torch Norm
  warnings.warn("Apex is not installed. Falling back to Torch Norm")
/root/.cache/user_artifacts/trainers_main/server/vendor/megatron-bridge/3rdparty/Megatron-LM/megatron/core/models/backends.py:34: UserWarning: Apex is not installed. Falling back to Torch Norm
  warnings.warn("Apex is not installed. Falling back to Torch Norm")
/root/.cache/user_artifacts/trainers_main/server/vendor/megatron-bridge/3rdparty/Megatron-LM/megatron/core/models/backends.py:34: UserWarning: Apex is not installed. Falling back to Torch Norm
  warnings.warn("Apex is not installed. Falling back to Torch Norm")
/root/.cache/user_artifacts/trainers_main/server/vendor/megatron-bridge/3rdparty/Megatron-LM/megatron/core/models/backends.py:34: UserWarning: Apex is not installed. Falling back to Torch Norm
  warnings.warn("Apex is not installed. Falling back to Torch Norm")
/root/.cache/user_artifacts/trainers_main/server/vendor/megatron-bridge/3rdparty/Megatron-LM/megatron/core/models/backends.py:34: UserWarning: Apex is not installed. Falling back to Torch Norm
  warnings.warn("Apex is not installed. Falling back to Torch Norm")
/root/.cache/user_artifacts/trainers_main/server/vendor/megatron-bridge/3rdparty/Megatron-LM/megatron/core/models/gpt/gpt_layer_specs.py:74: UserWarning: Apex is not installed. Falling back to Torch Norm
  warnings.warn("Apex is not installed. Falling back to Torch Norm")
/root/.cache/user_artifacts/trainers_main/server/vendor/megatron-bridge/3rdparty/Megatron-LM/megatron/core/models/gpt/gpt_layer_specs.py:74: UserWarning: Apex is not installed. Falling back to Torch Norm
  warnings.warn("Apex is not installed. Falling back to Torch Norm")
/root/.cache/user_artifacts/trainers_main/server/vendor/megatron-bridge/3rdparty/Megatron-LM/megatron/core/models/gpt/gpt_layer_specs.py:74: UserWarning: Apex is not installed. Falling back to Torch Norm
  warnings.warn("Apex is not installed. Falling back to Torch Norm")
/root/.cache/user_artifacts/trainers_main/server/vendor/megatron-bridge/3rdparty/Megatron-LM/megatron/core/models/gpt/gpt_layer_specs.py:74: UserWarning: Apex is not installed. Falling back to Torch Norm
  warnings.warn("Apex is not installed. Falling back to Torch Norm")
/root/.cache/user_artifacts/trainers_main/server/vendor/megatron-bridge/3rdparty/Megatron-LM/megatron/core/models/gpt/gpt_layer_specs.py:74: UserWarning: Apex is not installed. Falling back to Torch Norm
  warnings.warn("Apex is not installed. Falling back to Torch Norm")
/root/.cache/user_artifacts/trainers_main/server/vendor/megatron-bridge/3rdparty/Megatron-LM/megatron/core/models/gpt/gpt_layer_specs.py:74: UserWarning: Apex is not installed. Falling back to Torch Norm
  warnings.warn("Apex is not installed. Falling back to Torch Norm")
/root/.cache/user_artifacts/trainers_main/server/vendor/megatron-bridge/3rdparty/Megatron-LM/megatron/core/models/gpt/gpt_layer_specs.py:74: UserWarning: Apex is not installed. Falling back to Torch Norm
  warnings.warn("Apex is not installed. Falling back to Torch Norm")
/root/.cache/user_artifacts/trainers_main/server/vendor/megatron-bridge/3rdparty/Megatron-LM/megatron/core/models/gpt/gpt_layer_specs.py:74: UserWarning: Apex is not installed. Falling back to Torch Norm
  warnings.warn("Apex is not installed. Falling back to Torch Norm")
/root/.cache/user_artifacts/trainers_main/server/.venv/lib/python3.12/site-packages/nvidia_cutlass_dsl/python_packages/cutlass/cute/core.py:5791: DeprecationWarning: Use explicit `struct.scalar.ptr` for pointer instead.
  warnings.warn(
/root/.cache/user_artifacts/trainers_main/server/.venv/lib/python3.12/site-packages/nvidia_cutlass_dsl/python_packages/cutlass/cute/core.py:5791: DeprecationWarning: Use explicit `struct.scalar.ptr` for pointer instead.
  warnings.warn(
/root/.cache/user_artifacts/trainers_main/server/.venv/lib/python3.12/site-packages/nvidia_cutlass_dsl/python_packages/cutlass/cute/core.py:5791: DeprecationWarning: Use explicit `struct.scalar.ptr` for pointer instead.
  warnings.warn(
/root/.cache/user_artifacts/trainers_main/server/.venv/lib/python3.12/site-packages/nvidia_cutlass_dsl/python_packages/cutlass/cute/core.py:5791: DeprecationWarning: Use explicit `struct.scalar.ptr` for pointer instead.
  warnings.warn(
/root/.cache/user_artifacts/trainers_main/server/.venv/lib/python3.12/site-packages/nvidia_cutlass_dsl/python_packages/cutlass/cute/core.py:5791: DeprecationWarning: Use explicit `struct.scalar.ptr` for pointer instead.
  warnings.warn(
/root/.cache/user_artifacts/trainers_main/server/.venv/lib/python3.12/site-packages/nvidia_cutlass_dsl/python_packages/cutlass/cute/core.py:5791: DeprecationWarning: Use explicit `struct.scalar.ptr` for pointer instead.
  warnings.warn(
/root/.cache/user_artifacts/trainers_main/server/.venv/lib/python3.12/site-packages/nvidia_cutlass_dsl/python_packages/cutlass/cute/core.py:5791: DeprecationWarning: Use explicit `struct.scalar.ptr` for pointer instead.
  warnings.warn(
/root/.cache/user_artifacts/trainers_main/server/.venv/lib/python3.12/site-packages/nvidia_cutlass_dsl/python_packages/cutlass/cute/core.py:5791: DeprecationWarning: Use explicit `struct.scalar.ptr` for pointer instead.
  warnings.warn(
/root/.cache/user_artifacts/trainers_main/server/.venv/lib/python3.12/site-packages/nvidia_cutlass_dsl/python_packages/cutlass/cute/core.py:5791: DeprecationWarning: Use explicit `struct.scalar.ptr` for pointer instead.
  warnings.warn(
/root/.cache/user_artifacts/trainers_main/server/.venv/lib/python3.12/site-packages/nvidia_cutlass_dsl/python_packages/cutlass/cute/core.py:5791: DeprecationWarning: Use explicit `struct.scalar.ptr` for pointer instead.
  warnings.warn(
/root/.cache/user_artifacts/trainers_main/server/.venv/lib/python3.12/site-packages/nvidia_cutlass_dsl/python_packages/cutlass/cute/core.py:5791: DeprecationWarning: Use explicit `struct.scalar.ptr` for pointer instead.
  warnings.warn(
/root/.cache/user_artifacts/trainers_main/server/.venv/lib/python3.12/site-packages/nvidia_cutlass_dsl/python_packages/cutlass/cute/core.py:5791: DeprecationWarning: Use explicit `struct.scalar.ptr` for pointer instead.
  warnings.warn(
/root/.cache/user_artifacts/trainers_main/server/.venv/lib/python3.12/site-packages/nvidia_cutlass_dsl/python_packages/cutlass/cute/core.py:5791: DeprecationWarning: Use explicit `struct.scalar.ptr` for pointer instead.
  warnings.warn(
/root/.cache/user_artifacts/trainers_main/server/.venv/lib/python3.12/site-packages/nvidia_cutlass_dsl/python_packages/cutlass/cute/core.py:5791: DeprecationWarning: Use explicit `struct.scalar.ptr` for pointer instead.
  warnings.warn(
/root/.cache/user_artifacts/trainers_main/server/.venv/lib/python3.12/site-packages/nvidia_cutlass_dsl/python_packages/cutlass/cute/core.py:5791: DeprecationWarning: Use explicit `struct.scalar.ptr` for pointer instead.
  warnings.warn(
/root/.cache/user_artifacts/trainers_main/server/.venv/lib/python3.12/site-packages/nvidia_cutlass_dsl/python_packages/cutlass/cute/core.py:5791: DeprecationWarning: Use explicit `struct.scalar.ptr` for pointer instead.
  warnings.warn(
WARNING:megatron.core.transformer.experimental_attention_variant.dsa_cudnn_kernels:BT_DSA_BWD_ASYNC_NONEMPTY present but DISABLED (env unset or != '1'); using the original syncing nonzero path
WARNING:megatron.core.transformer.experimental_attention_variant.dsa_cudnn_kernels:BT_DSA_BWD_ASYNC_NONEMPTY present but DISABLED (env unset or != '1'); using the original syncing nonzero path
WARNING:megatron.core.transformer.experimental_attention_variant.dsa_cudnn_kernels:BT_DSA_BWD_ASYNC_NONEMPTY present but DISABLED (env unset or != '1'); using the original syncing nonzero path
WARNING:megatron.core.transformer.experimental_attention_variant.dsa_cudnn_kernels:BT_DSA_BWD_ASYNC_NONEMPTY present but DISABLED (env unset or != '1'); using the original syncing nonzero path
WARNING:megatron.core.transformer.experimental_attention_variant.dsa_cudnn_kernels:BT_DSA_BWD_ASYNC_NONEMPTY present but DISABLED (env unset or != '1'); using the original syncing nonzero path
WARNING:megatron.core.transformer.experimental_attention_variant.dsa_cudnn_kernels:BT_DSA_BWD_ASYNC_NONEMPTY present but DISABLED (env unset or != '1'); using the original syncing nonzero path
WARNING:megatron.core.transformer.experimental_attention_variant.dsa_cudnn_kernels:BT_DSA_BWD_ASYNC_NONEMPTY present but DISABLED (env unset or != '1'); using the original syncing nonzero path
WARNING:megatron.core.transformer.experimental_attention_variant.dsa_cudnn_kernels:BT_DSA_BWD_ASYNC_NONEMPTY present but DISABLED (env unset or != '1'); using the original syncing nonzero path
WARNING:megatron.core.transformer.moe.router:BT_MOE_ROUTING_REPLAY_FORCE present but DISABLED (env unset or != '1'); the replay recomputes routing
WARNING:megatron.core.transformer.moe.router:BT_MOE_ROUTING_REPLAY_FORCE present but DISABLED (env unset or != '1'); the replay recomputes routing
WARNING:megatron.core.transformer.moe.router:BT_MOE_ROUTING_REPLAY_FORCE present but DISABLED (env unset or != '1'); the replay recomputes routing
WARNING:megatron.core.transformer.moe.router:BT_MOE_ROUTING_REPLAY_FORCE present but DISABLED (env unset or != '1'); the replay recomputes routing
WARNING:megatron.core.transformer.moe.router:BT_MOE_ROUTING_REPLAY_FORCE present but DISABLED (env unset or != '1'); the replay recomputes routing
WARNING:megatron.core.transformer.moe.router:BT_MOE_ROUTING_REPLAY_FORCE present but DISABLED (env unset or != '1'); the replay recomputes routing
WARNING:megatron.core.transformer.moe.router:BT_MOE_ROUTING_REPLAY_FORCE present but DISABLED (env unset or != '1'); the replay recomputes routing
WARNING:megatron.core.transformer.moe.router:BT_MOE_ROUTING_REPLAY_FORCE present but DISABLED (env unset or != '1'); the replay recomputes routing
WARNING:megatron.core.transformer.moe.token_dispatcher:BT_MOE_DISPATCH_REPLAY_CACHE present but DISABLED (env unset or != '1'); recomputing dispatcher split metadata in the recompute replay
WARNING:megatron.core.transformer.moe.token_dispatcher:BT_MOE_DISPATCH_REPLAY_CACHE present but DISABLED (env unset or != '1'); recomputing dispatcher split metadata in the recompute replay
WARNING:megatron.core.transformer.moe.token_dispatcher:BT_MOE_DISPATCH_REPLAY_CACHE present but DISABLED (env unset or != '1'); recomputing dispatcher split metadata in the recompute replay
WARNING:megatron.core.transformer.moe.token_dispatcher:BT_MOE_DISPATCH_REPLAY_CACHE present but DISABLED (env unset or != '1'); recomputing dispatcher split metadata in the recompute replay
WARNING:megatron.core.transformer.moe.token_dispatcher:BT_MOE_DISPATCH_REPLAY_CACHE present but DISABLED (env unset or != '1'); recomputing dispatcher split metadata in the recompute replay
WARNING:megatron.core.transformer.moe.token_dispatcher:BT_MOE_DISPATCH_REPLAY_CACHE present but DISABLED (env unset or != '1'); recomputing dispatcher split metadata in the recompute replay
WARNING:megatron.core.transformer.moe.token_dispatcher:BT_MOE_DISPATCH_REPLAY_CACHE present but DISABLED (env unset or != '1'); recomputing dispatcher split metadata in the recompute replay
WARNING:megatron.core.transformer.moe.token_dispatcher:BT_MOE_DISPATCH_REPLAY_CACHE present but DISABLED (env unset or != '1'); recomputing dispatcher split metadata in the recompute replay
/root/.cache/user_artifacts/trainers_main/server/.venv/lib/python3.12/site-packages/modelopt/torch/__init__.py:53: UserWarning: transformers>=5.0 support is experimental. Unified Hugging Face checkpoint export for quantized checkpoints may not work for some models yet.
  _warnings.warn(
/root/.cache/user_artifacts/trainers_main/server/.venv/lib/python3.12/site-packages/modelopt/torch/__init__.py:53: UserWarning: transformers>=5.0 support is experimental. Unified Hugging Face checkpoint export for quantized checkpoints may not work for some models yet.
  _warnings.warn(
/root/.cache/user_artifacts/trainers_main/server/.venv/lib/python3.12/site-packages/modelopt/torch/__init__.py:53: UserWarning: transformers>=5.0 support is experimental. Unified Hugging Face checkpoint export for quantized checkpoints may not work for some models yet.
  _warnings.warn(
/root/.cache/user_artifacts/trainers_main/server/.venv/lib/python3.12/site-packages/modelopt/torch/__init__.py:53: UserWarning: transformers>=5.0 support is experimental. Unified Hugging Face checkpoint export for quantized checkpoints may not work for some models yet.
  _warnings.warn(
/root/.cache/user_artifacts/trainers_main/server/.venv/lib/python3.12/site-packages/modelopt/torch/__init__.py:53: UserWarning: transformers>=5.0 support is experimental. Unified Hugging Face checkpoint export for quantized checkpoints may not work for some models yet.
  _warnings.warn(
/root/.cache/user_artifacts/trainers_main/server/.venv/lib/python3.12/site-packages/modelopt/torch/__init__.py:53: UserWarning: transformers>=5.0 support is experimental. Unified Hugging Face checkpoint export for quantized checkpoints may not work for some models yet.
  _warnings.warn(
/root/.cache/user_artifacts/trainers_main/server/.venv/lib/python3.12/site-packages/modelopt/torch/__init__.py:53: UserWarning: transformers>=5.0 support is experimental. Unified Hugging Face checkpoint export for quantized checkpoints may not work for some models yet.
  _warnings.warn(
/root/.cache/user_artifacts/trainers_main/server/.venv/lib/python3.12/site-packages/modelopt/torch/__init__.py:53: UserWarning: transformers>=5.0 support is experimental. Unified Hugging Face checkpoint export for quantized checkpoints may not work for some models yet.
  _warnings.warn(
/root/.cache/user_artifacts/trainers_main/server/vendor/megatron-bridge/3rdparty/Megatron-LM/megatron/core/models/gpt/heterogeneous/heterogeneous_layer_specs.py:68: UserWarning: Apex is not installed. Falling back to Torch Norm
  warnings.warn("Apex is not installed. Falling back to Torch Norm")
/root/.cache/user_artifacts/trainers_main/server/vendor/megatron-bridge/3rdparty/Megatron-LM/megatron/core/models/gpt/heterogeneous/heterogeneous_layer_specs.py:68: UserWarning: Apex is not installed. Falling back to Torch Norm
  warnings.warn("Apex is not installed. Falling back to Torch Norm")
/root/.cache/user_artifacts/trainers_main/server/vendor/megatron-bridge/3rdparty/Megatron-LM/megatron/core/models/gpt/heterogeneous/heterogeneous_layer_specs.py:68: UserWarning: Apex is not installed. Falling back to Torch Norm
  warnings.warn("Apex is not installed. Falling back to Torch Norm")
/root/.cache/user_artifacts/trainers_main/server/vendor/megatron-bridge/3rdparty/Megatron-LM/megatron/core/models/gpt/heterogeneous/heterogeneous_layer_specs.py:68: UserWarning: Apex is not installed. Falling back to Torch Norm
  warnings.warn("Apex is not installed. Falling back to Torch Norm")
/root/.cache/user_artifacts/trainers_main/server/vendor/megatron-bridge/3rdparty/Megatron-LM/megatron/core/models/gpt/heterogeneous/heterogeneous_layer_specs.py:68: UserWarning: Apex is not installed. Falling back to Torch Norm
  warnings.warn("Apex is not installed. Falling back to Torch Norm")
/root/.cache/user_artifacts/trainers_main/server/vendor/megatron-bridge/3rdparty/Megatron-LM/megatron/core/models/gpt/heterogeneous/heterogeneous_layer_specs.py:68: UserWarning: Apex is not installed. Falling back to Torch Norm
  warnings.warn("Apex is not installed. Falling back to Torch Norm")
/root/.cache/user_artifacts/trainers_main/server/vendor/megatron-bridge/3rdparty/Megatron-LM/megatron/core/models/gpt/heterogeneous/heterogeneous_layer_specs.py:68: UserWarning: Apex is not installed. Falling back to Torch Norm
  warnings.warn("Apex is not installed. Falling back to Torch Norm")
/root/.cache/user_artifacts/trainers_main/server/vendor/megatron-bridge/3rdparty/Megatron-LM/megatron/core/models/gpt/heterogeneous/heterogeneous_layer_specs.py:68: UserWarning: Apex is not installed. Falling back to Torch Norm
  warnings.warn("Apex is not installed. Falling back to Torch Norm")
/root/.cache/user_artifacts/trainers_main/server/vendor/megatron-bridge/3rdparty/Megatron-LM/megatron/core/models/vision/vit_layer_specs.py:31: UserWarning: Apex is not installed. Falling back to Torch Norm
  warnings.warn("Apex is not installed. Falling back to Torch Norm")
/root/.cache/user_artifacts/trainers_main/server/vendor/megatron-bridge/3rdparty/Megatron-LM/megatron/core/models/vision/vit_layer_specs.py:31: UserWarning: Apex is not installed. Falling back to Torch Norm
  warnings.warn("Apex is not installed. Falling back to Torch Norm")
/root/.cache/user_artifacts/trainers_main/server/vendor/megatron-bridge/3rdparty/Megatron-LM/megatron/core/models/vision/vit_layer_specs.py:31: UserWarning: Apex is not installed. Falling back to Torch Norm
  warnings.warn("Apex is not installed. Falling back to Torch Norm")
/root/.cache/user_artifacts/trainers_main/server/vendor/megatron-bridge/3rdparty/Megatron-LM/megatron/core/models/vision/vit_layer_specs.py:31: UserWarning: Apex is not installed. Falling back to Torch Norm
  warnings.warn("Apex is not installed. Falling back to Torch Norm")
/root/.cache/user_artifacts/trainers_main/server/vendor/megatron-bridge/3rdparty/Megatron-LM/megatron/core/models/vision/vit_layer_specs.py:31: UserWarning: Apex is not installed. Falling back to Torch Norm
  warnings.warn("Apex is not installed. Falling back to Torch Norm")
/root/.cache/user_artifacts/trainers_main/server/vendor/megatron-bridge/3rdparty/Megatron-LM/megatron/core/models/vision/vit_layer_specs.py:31: UserWarning: Apex is not installed. Falling back to Torch Norm
  warnings.warn("Apex is not installed. Falling back to Torch Norm")
/root/.cache/user_artifacts/trainers_main/server/vendor/megatron-bridge/3rdparty/Megatron-LM/megatron/core/models/vision/vit_layer_specs.py:31: UserWarning: Apex is not installed. Falling back to Torch Norm
  warnings.warn("Apex is not installed. Falling back to Torch Norm")
/root/.cache/user_artifacts/trainers_main/server/vendor/megatron-bridge/3rdparty/Megatron-LM/megatron/core/models/vision/vit_layer_specs.py:31: UserWarning: Apex is not installed. Falling back to Torch Norm
  warnings.warn("Apex is not installed. Falling back to Torch Norm")
/root/.cache/user_artifacts/trainers_main/server/.venv/lib/python3.12/site-packages/modelopt/torch/__init__.py:53: UserWarning: transformers>=5.0 support is experimental. Unified Hugging Face checkpoint export for quantized checkpoints may not work for some models yet.
  _warnings.warn(
/root/.cache/user_artifacts/trainers_main/server/.venv/lib/python3.12/site-packages/modelopt/torch/__init__.py:53: UserWarning: transformers>=5.0 support is experimental. Unified Hugging Face checkpoint export for quantized checkpoints may not work for some models yet.
  _warnings.warn(
/root/.cache/user_artifacts/trainers_main/server/.venv/lib/python3.12/site-packages/modelopt/torch/__init__.py:53: UserWarning: transformers>=5.0 support is experimental. Unified Hugging Face checkpoint export for quantized checkpoints may not work for some models yet.
  _warnings.warn(
/root/.cache/user_artifacts/trainers_main/server/vendor/megatron-bridge/3rdparty/Megatron-LM/megatron/core/models/gpt/heterogeneous/heterogeneous_layer_specs.py:68: UserWarning: Apex is not installed. Falling back to Torch Norm
  warnings.warn("Apex is not installed. Falling back to Torch Norm")
/root/.cache/user_artifacts/trainers_main/server/vendor/megatron-bridge/3rdparty/Megatron-LM/megatron/core/models/gpt/heterogeneous/heterogeneous_layer_specs.py:68: UserWarning: Apex is not installed. Falling back to Torch Norm
  warnings.warn("Apex is not installed. Falling back to Torch Norm")
/root/.cache/user_artifacts/trainers_main/server/vendor/megatron-bridge/3rdparty/Megatron-LM/megatron/core/models/gpt/heterogeneous/heterogeneous_layer_specs.py:68: UserWarning: Apex is not installed. Falling back to Torch Norm
  warnings.warn("Apex is not installed. Falling back to Torch Norm")
/root/.cache/user_artifacts/trainers_main/server/.venv/lib/python3.12/site-packages/modelopt/torch/__init__.py:53: UserWarning: transformers>=5.0 support is experimental. Unified Hugging Face checkpoint export for quantized checkpoints may not work for some models yet.
  _warnings.warn(
/root/.cache/user_artifacts/trainers_main/server/vendor/megatron-bridge/3rdparty/Megatron-LM/megatron/core/models/gpt/heterogeneous/heterogeneous_layer_specs.py:68: UserWarning: Apex is not installed. Falling back to Torch Norm
  warnings.warn("Apex is not installed. Falling back to Torch Norm")
/root/.cache/user_artifacts/trainers_main/server/.venv/lib/python3.12/site-packages/modelopt/torch/__init__.py:53: UserWarning: transformers>=5.0 support is experimental. Unified Hugging Face checkpoint export for quantized checkpoints may not work for some models yet.
  _warnings.warn(
/root/.cache/user_artifacts/trainers_main/server/vendor/megatron-bridge/3rdparty/Megatron-LM/megatron/core/models/gpt/heterogeneous/heterogeneous_layer_specs.py:68: UserWarning: Apex is not installed. Falling back to Torch Norm
  warnings.warn("Apex is not installed. Falling back to Torch Norm")
/root/.cache/user_artifacts/trainers_main/server/vendor/megatron-bridge/3rdparty/Megatron-LM/megatron/core/models/vision/vit_layer_specs.py:31: UserWarning: Apex is not installed. Falling back to Torch Norm
  warnings.warn("Apex is not installed. Falling back to Torch Norm")
/root/.cache/user_artifacts/trainers_main/server/vendor/megatron-bridge/3rdparty/Megatron-LM/megatron/core/models/vision/vit_layer_specs.py:31: UserWarning: Apex is not installed. Falling back to Torch Norm
  warnings.warn("Apex is not installed. Falling back to Torch Norm")
/root/.cache/user_artifacts/trainers_main/server/vendor/megatron-bridge/3rdparty/Megatron-LM/megatron/core/models/vision/vit_layer_specs.py:31: UserWarning: Apex is not installed. Falling back to Torch Norm
  warnings.warn("Apex is not installed. Falling back to Torch Norm")
/root/.cache/user_artifacts/trainers_main/server/vendor/megatron-bridge/3rdparty/Megatron-LM/megatron/core/models/vision/vit_layer_specs.py:31: UserWarning: Apex is not installed. Falling back to Torch Norm
  warnings.warn("Apex is not installed. Falling back to Torch Norm")
/root/.cache/user_artifacts/trainers_main/server/vendor/megatron-bridge/3rdparty/Megatron-LM/megatron/core/models/vision/vit_layer_specs.py:31: UserWarning: Apex is not installed. Falling back to Torch Norm
  warnings.warn("Apex is not installed. Falling back to Torch Norm")
/root/.cache/user_artifacts/trainers_main/server/vendor/megatron-bridge/3rdparty/Megatron-LM/megatron/core/models/mimo/config/base_configs.py:12: UserWarning: MimoModelConfig is experimental and still under active development. The API may change without notice in future releases.
  class MimoModelConfig:
/root/.cache/user_artifacts/trainers_main/server/vendor/megatron-bridge/3rdparty/Megatron-LM/megatron/core/models/mimo/config/base_configs.py:12: UserWarning: MimoModelConfig is experimental and still under active development. The API may change without notice in future releases.
  class MimoModelConfig:
/root/.cache/user_artifacts/trainers_main/server/vendor/megatron-bridge/3rdparty/Megatron-LM/megatron/core/models/mimo/config/base_configs.py:12: UserWarning: MimoModelConfig is experimental and still under active development. The API may change without notice in future releases.
  class MimoModelConfig:
/root/.cache/user_artifacts/trainers_main/server/vendor/megatron-bridge/3rdparty/Megatron-LM/megatron/core/models/mimo/config/base_configs.py:12: UserWarning: MimoModelConfig is experimental and still under active development. The API may change without notice in future releases.
  class MimoModelConfig:
/root/.cache/user_artifacts/trainers_main/server/vendor/megatron-bridge/3rdparty/Megatron-LM/megatron/core/models/mimo/config/base_configs.py:12: UserWarning: MimoModelConfig is experimental and still under active development. The API may change without notice in future releases.
  class MimoModelConfig:
/root/.cache/user_artifacts/trainers_main/server/vendor/megatron-bridge/3rdparty/Megatron-LM/megatron/core/models/mimo/config/base_configs.py:12: UserWarning: MimoModelConfig is experimental and still under active development. The API may change without notice in future releases.
  class MimoModelConfig:
/root/.cache/user_artifacts/trainers_main/server/vendor/megatron-bridge/3rdparty/Megatron-LM/megatron/core/models/mimo/config/base_configs.py:12: UserWarning: MimoModelConfig is experimental and still under active development. The API may change without notice in future releases.
  class MimoModelConfig:
/root/.cache/user_artifacts/trainers_main/server/vendor/megatron-bridge/3rdparty/Megatron-LM/megatron/core/models/mimo/config/base_configs.py:12: UserWarning: MimoModelConfig is experimental and still under active development. The API may change without notice in future releases.
  class MimoModelConfig:
/root/.cache/user_artifacts/trainers_main/server/.venv/lib/python3.12/site-packages/modelopt/torch/__init__.py:53: UserWarning: transformers>=5.0 support is experimental. Unified Hugging Face checkpoint export for quantized checkpoints may not work for some models yet.
  _warnings.warn(
/root/.cache/user_artifacts/trainers_main/server/vendor/megatron-bridge/3rdparty/Megatron-LM/megatron/core/models/gpt/heterogeneous/heterogeneous_layer_specs.py:68: UserWarning: Apex is not installed. Falling back to Torch Norm
  warnings.warn("Apex is not installed. Falling back to Torch Norm")
/root/.cache/user_artifacts/trainers_main/server/.venv/lib/python3.12/site-packages/modelopt/torch/__init__.py:53: UserWarning: transformers>=5.0 support is experimental. Unified Hugging Face checkpoint export for quantized checkpoints may not work for some models yet.
  _warnings.warn(
/root/.cache/user_artifacts/trainers_main/server/vendor/megatron-bridge/3rdparty/Megatron-LM/megatron/core/models/gpt/heterogeneous/heterogeneous_layer_specs.py:68: UserWarning: Apex is not installed. Falling back to Torch Norm
  warnings.warn("Apex is not installed. Falling back to Torch Norm")
/root/.cache/user_artifacts/trainers_main/server/vendor/megatron-bridge/3rdparty/Megatron-LM/megatron/core/models/vision/vit_layer_specs.py:31: UserWarning: Apex is not installed. Falling back to Torch Norm
  warnings.warn("Apex is not installed. Falling back to Torch Norm")
/root/.cache/user_artifacts/trainers_main/server/.venv/lib/python3.12/site-packages/modelopt/torch/__init__.py:53: UserWarning: transformers>=5.0 support is experimental. Unified Hugging Face checkpoint export for quantized checkpoints may not work for some models yet.
  _warnings.warn(
/root/.cache/user_artifacts/trainers_main/server/vendor/megatron-bridge/3rdparty/Megatron-LM/megatron/core/models/gpt/heterogeneous/heterogeneous_layer_specs.py:68: UserWarning: Apex is not installed. Falling back to Torch Norm
  warnings.warn("Apex is not installed. Falling back to Torch Norm")
/root/.cache/user_artifacts/trainers_main/server/vendor/megatron-bridge/3rdparty/Megatron-LM/megatron/core/models/vision/vit_layer_specs.py:31: UserWarning: Apex is not installed. Falling back to Torch Norm
  warnings.warn("Apex is not installed. Falling back to Torch Norm")
/root/.cache/user_artifacts/trainers_main/server/vendor/megatron-bridge/3rdparty/Megatron-LM/megatron/core/models/vision/vit_layer_specs.py:31: UserWarning: Apex is not installed. Falling back to Torch Norm
  warnings.warn("Apex is not installed. Falling back to Torch Norm")
/root/.cache/user_artifacts/trainers_main/server/vendor/megatron-bridge/3rdparty/Megatron-LM/megatron/core/models/mimo/config/base_configs.py:12: UserWarning: MimoModelConfig is experimental and still under active development. The API may change without notice in future releases.
  class MimoModelConfig:
/root/.cache/user_artifacts/trainers_main/server/vendor/megatron-bridge/3rdparty/Megatron-LM/megatron/core/models/mimo/config/base_configs.py:12: UserWarning: MimoModelConfig is experimental and still under active development. The API may change without notice in future releases.
  class MimoModelConfig:
/root/.cache/user_artifacts/trainers_main/server/vendor/megatron-bridge/3rdparty/Megatron-LM/megatron/core/models/mimo/config/base_configs.py:12: UserWarning: MimoModelConfig is experimental and still under active development. The API may change without notice in future releases.
  class MimoModelConfig:
/root/.cache/user_artifacts/trainers_main/server/vendor/megatron-bridge/3rdparty/Megatron-LM/megatron/core/models/mimo/config/base_configs.py:12: UserWarning: MimoModelConfig is experimental and still under active development. The API may change without notice in future releases.
  class MimoModelConfig:
/root/.cache/user_artifacts/trainers_main/server/vendor/megatron-bridge/3rdparty/Megatron-LM/megatron/core/models/mimo/config/base_configs.py:12: UserWarning: MimoModelConfig is experimental and still under active development. The API may change without notice in future releases.
  class MimoModelConfig:
/root/.cache/user_artifacts/trainers_main/server/vendor/megatron-bridge/3rdparty/Megatron-LM/megatron/core/models/mimo/config/base_configs.py:12: UserWarning: MimoModelConfig is experimental and still under active development. The API may change without notice in future releases.
  class MimoModelConfig:
/root/.cache/user_artifacts/trainers_main/server/vendor/megatron-bridge/3rdparty/Megatron-LM/megatron/core/models/mimo/config/base_configs.py:12: UserWarning: MimoModelConfig is experimental and still under active development. The API may change without notice in future releases.
  class MimoModelConfig:
/root/.cache/user_artifacts/trainers_main/server/vendor/megatron-bridge/3rdparty/Megatron-LM/megatron/core/models/mimo/config/base_configs.py:12: UserWarning: MimoModelConfig is experimental and still under active development. The API may change without notice in future releases.
  class MimoModelConfig:
[rank6]:[W813 05:57:31.842675491 ProcessGroupNCCL.cpp:4094] Warning: An unbatched P2P op (send/recv) was called on this ProcessGroup with size 2.  In lazy initialization mode, this will result in a new 2-rank NCCL communicator to be created. (function operator())
[rank7]:[W813 05:57:31.843411350 ProcessGroupNCCL.cpp:4094] Warning: An unbatched P2P op (send/recv) was called on this ProcessGroup with size 2.  In lazy initialization mode, this will result in a new 2-rank NCCL communicator to be created. (function operator())
[rank14]:[W813 05:57:31.570754988 ProcessGroupNCCL.cpp:4094] Warning: An unbatched P2P op (send/recv) was called on this ProcessGroup with size 2.  In lazy initialization mode, this will result in a new 2-rank NCCL communicator to be created. (function operator())
[rank15]:[W813 05:57:31.570818065 ProcessGroupNCCL.cpp:4094] Warning: An unbatched P2P op (send/recv) was called on this ProcessGroup with size 2.  In lazy initialization mode, this will result in a new 2-rank NCCL communicator to be created. (function operator())
[rank0]:[W813 05:57:31.876967087 ProcessGroupNCCL.cpp:4094] Warning: An unbatched P2P op (send/recv) was called on this ProcessGroup with size 2.  In lazy initialization mode, this will result in a new 2-rank NCCL communicator to be created. (function operator())
[rank1]:[W813 05:57:31.876999388 ProcessGroupNCCL.cpp:4094] Warning: An unbatched P2P op (send/recv) was called on this ProcessGroup with size 2.  In lazy initialization mode, this will result in a new 2-rank NCCL communicator to be created. (function operator())
[rank2]:[W813 05:57:31.877023769 ProcessGroupNCCL.cpp:4094] Warning: An unbatched P2P op (send/recv) was called on this ProcessGroup with size 2.  In lazy initialization mode, this will result in a new 2-rank NCCL communicator to be created. (function operator())
[rank3]:[W813 05:57:31.877119782 ProcessGroupNCCL.cpp:4094] Warning: An unbatched P2P op (send/recv) was called on this ProcessGroup with size 2.  In lazy initialization mode, this will result in a new 2-rank NCCL communicator to be created. (function operator())
[rank8]:[W813 05:57:31.650526836 ProcessGroupNCCL.cpp:4094] Warning: An unbatched P2P op (send/recv) was called on this ProcessGroup with size 2.  In lazy initialization mode, this will result in a new 2-rank NCCL communicator to be created. (function operator())
[rank10]:[W813 05:57:31.662267205 ProcessGroupNCCL.cpp:4094] Warning: An unbatched P2P op (send/recv) was called on this ProcessGroup with size 2.  In lazy initialization mode, this will result in a new 2-rank NCCL communicator to be created. (function operator())
[rank4]:[W813 05:57:31.953928856 ProcessGroupNCCL.cpp:4094] Warning: An unbatched P2P op (send/recv) was called on this ProcessGroup with size 2.  In lazy initialization mode, this will result in a new 2-rank NCCL communicator to be created. (function operator())
[rank5]:[W813 05:57:31.955361312 ProcessGroupNCCL.cpp:4094] Warning: An unbatched P2P op (send/recv) was called on this ProcessGroup with size 2.  In lazy initialization mode, this will result in a new 2-rank NCCL communicator to be created. (function operator())
[rank11]:[W813 05:57:31.696125718 ProcessGroupNCCL.cpp:4094] Warning: An unbatched P2P op (send/recv) was called on this ProcessGroup with size 2.  In lazy initialization mode, this will result in a new 2-rank NCCL communicator to be created. (function operator())
[rank9]:[W813 05:57:31.833911081 ProcessGroupNCCL.cpp:4094] Warning: An unbatched P2P op (send/recv) was called on this ProcessGroup with size 2.  In lazy initialization mode, this will result in a new 2-rank NCCL communicator to be created. (function operator())
[rank13]:[W813 05:57:31.117657900 ProcessGroupNCCL.cpp:4094] Warning: An unbatched P2P op (send/recv) was called on this ProcessGroup with size 2.  In lazy initialization mode, this will result in a new 2-rank NCCL communicator to be created. (function operator())
[rank12]:[W813 05:57:31.187725866 ProcessGroupNCCL.cpp:4094] Warning: An unbatched P2P op (send/recv) was called on this ProcessGroup with size 2.  In lazy initialization mode, this will result in a new 2-rank NCCL communicator to be created. (function operator())
INFO:trainers_server.dp_worker.profiling:profiling: memory snapshot written → /tmp/checkpoints/profiles/latest/memory/memory.rank14.error.pickle
ERROR:trainers_server.dp_worker.worker:peer op ForwardBackwardOp failed
Traceback (most recent call last):
  File "/root/.cache/user_artifacts/trainers_main/server/src/trainers_server/dp_worker/worker.py", line 319, in _peer_loop
    _execute(controller, profiler_manager, op)
  File "/root/.cache/user_artifacts/trainers_main/server/src/trainers_server/dp_worker/worker.py", line 159, in _execute
    result = controller.execute_forward_backward(op.details)
             ^^^^^^^^^^^^^^^^^^^^^^^^^^^^^^^^^^^^^^^^^^^^^^^
  File "/root/.cache/user_artifacts/trainers_main/server/src/trainers_server/dp_worker/controller/controller.py", line 161, in execute_forward_backward
    outcome = self._backend.forward_backward(details, forward_only=forward_only)
              ^^^^^^^^^^^^^^^^^^^^^^^^^^^^^^^^^^^^^^^^^^^^^^^^^^^^^^^^^^^^^^^^^^
  File "/root/.cache/user_artifacts/trainers_main/server/src/trainers_server/dp_worker/backends/megatron_bridge/backend.py", line 431, in forward_backward
    return self._require_runner().forward_backward(
           ^^^^^^^^^^^^^^^^^^^^^^^^^^^^^^^^^^^^^^^^
  File "/root/.cache/user_artifacts/trainers_main/server/src/trainers_server/dp_worker/backends/megatron_bridge/training_runner.py", line 728, in forward_backward
    ) = self._run_forward_backward(
        ^^^^^^^^^^^^^^^^^^^^^^^^^^^
  File "/root/.cache/user_artifacts/trainers_main/server/src/trainers_server/dp_worker/backends/megatron_bridge/training_runner.py", line 417, in _run_forward_backward
    partition_metrics = self._stack.forward_backward(
                        ^^^^^^^^^^^^^^^^^^^^^^^^^^^^^
  File "/root/.cache/user_artifacts/trainers_main/server/vendor/megatron-bridge/3rdparty/Megatron-LM/megatron/core/pipeline_parallel/schedules.py", line 1602, in forward_backward_pipelining_with_interleaving
    output_tensor, _ = forward_backward_helper_wrapper(
                       ^^^^^^^^^^^^^^^^^^^^^^^^^^^^^^^^
  File "/root/.cache/user_artifacts/trainers_main/server/vendor/megatron-bridge/3rdparty/Megatron-LM/megatron/core/pipeline_parallel/schedules.py", line 1497, in forward_backward_helper_wrapper
    forward_output_tensor = forward_step_helper(
                            ^^^^^^^^^^^^^^^^^^^^
  File "/root/.cache/user_artifacts/trainers_main/server/vendor/megatron-bridge/3rdparty/Megatron-LM/megatron/core/pipeline_parallel/schedules.py", line 1374, in forward_step_helper
    output_tensor, num_tokens = forward_step(
                                ^^^^^^^^^^^^^
  File "/root/.cache/user_artifacts/trainers_main/server/vendor/megatron-bridge/3rdparty/Megatron-LM/megatron/core/pipeline_parallel/schedules.py", line 509, in forward_step
    output_tensor, loss_func = forward_step_func(data_iterator, model)
                               ^^^^^^^^^^^^^^^^^^^^^^^^^^^^^^^^^^^^^^^
  File "/root/.cache/user_artifacts/trainers_main/server/src/trainers_server/dp_worker/backends/megatron_bridge/loss.py", line 1065, in wrapped
    output, loss_func = forward_step(data_iterator, model)
                        ^^^^^^^^^^^^^^^^^^^^^^^^^^^^^^^^^^
  File "/root/.cache/user_artifacts/trainers_main/server/src/trainers_server/dp_worker/backends/megatron_bridge/loss.py", line 220, in step
    language_model = language_model_for_chunked_output(model, "cross_entropy")
                     ^^^^^^^^^^^^^^^^^^^^^^^^^^^^^^^^^^^^^^^^^^^^^^^^^^^^^^^^^
  File "/root/.cache/user_artifacts/trainers_main/server/src/trainers_server/dp_worker/backends/megatron_bridge/chunked_lm_head.py", line 196, in language_model_for_chunked_output
    raise RuntimeError(
RuntimeError: loss_fn='cross_entropy' requires a model stage with an output_layer so target-token logits can be projected in 4096-token chunks.
INFO:trainers_server.dp_worker.profiling:profiling: memory snapshot written → /tmp/checkpoints/profiles/latest/memory/memory.rank11.error.pickle
ERROR:trainers_server.dp_worker.worker:peer op ForwardBackwardOp failed
Traceback (most recent call last):
  File "/root/.cache/user_artifacts/trainers_main/server/src/trainers_server/dp_worker/worker.py", line 319, in _peer_loop
    _execute(controller, profiler_manager, op)
  File "/root/.cache/user_artifacts/trainers_main/server/src/trainers_server/dp_worker/worker.py", line 159, in _execute
    result = controller.execute_forward_backward(op.details)
             ^^^^^^^^^^^^^^^^^^^^^^^^^^^^^^^^^^^^^^^^^^^^^^^
  File "/root/.cache/user_artifacts/trainers_main/server/src/trainers_server/dp_worker/controller/controller.py", line 161, in execute_forward_backward
    outcome = self._backend.forward_backward(details, forward_only=forward_only)
              ^^^^^^^^^^^^^^^^^^^^^^^^^^^^^^^^^^^^^^^^^^^^^^^^^^^^^^^^^^^^^^^^^^
  File "/root/.cache/user_artifacts/trainers_main/server/src/trainers_server/dp_worker/backends/megatron_bridge/backend.py", line 431, in forward_backward
    return self._require_runner().forward_backward(
           ^^^^^^^^^^^^^^^^^^^^^^^^^^^^^^^^^^^^^^^^
  File "/root/.cache/user_artifacts/trainers_main/server/src/trainers_server/dp_worker/backends/megatron_bridge/training_runner.py", line 728, in forward_backward
    ) = self._run_forward_backward(
        ^^^^^^^^^^^^^^^^^^^^^^^^^^^
  File "/root/.cache/user_artifacts/trainers_main/server/src/trainers_server/dp_worker/backends/megatron_bridge/training_runner.py", line 417, in _run_forward_backward
    partition_metrics = self._stack.forward_backward(
                        ^^^^^^^^^^^^^^^^^^^^^^^^^^^^^
  File "/root/.cache/user_artifacts/trainers_main/server/vendor/megatron-bridge/3rdparty/Megatron-LM/megatron/core/pipeline_parallel/schedules.py", line 1602, in forward_backward_pipelining_with_interleaving
    output_tensor, _ = forward_backward_helper_wrapper(
                       ^^^^^^^^^^^^^^^^^^^^^^^^^^^^^^^^
  File "/root/.cache/user_artifacts/trainers_main/server/vendor/megatron-bridge/3rdparty/Megatron-LM/megatron/core/pipeline_parallel/schedules.py", line 1497, in forward_backward_helper_wrapper
    forward_output_tensor = forward_step_helper(
                            ^^^^^^^^^^^^^^^^^^^^
  File "/root/.cache/user_artifacts/trainers_main/server/vendor/megatron-bridge/3rdparty/Megatron-LM/megatron/core/pipeline_parallel/schedules.py", line 1374, in forward_step_helper
    output_tensor, num_tokens = forward_step(
                                ^^^^^^^^^^^^^
  File "/root/.cache/user_artifacts/trainers_main/server/vendor/megatron-bridge/3rdparty/Megatron-LM/megatron/core/pipeline_parallel/schedules.py", line 509, in forward_step
    output_tensor, loss_func = forward_step_func(data_iterator, model)
                               ^^^^^^^^^^^^^^^^^^^^^^^^^^^^^^^^^^^^^^^
  File "/root/.cache/user_artifacts/trainers_main/server/src/trainers_server/dp_worker/backends/megatron_bridge/loss.py", line 1065, in wrapped
    output, loss_func = forward_step(data_iterator, model)
                        ^^^^^^^^^^^^^^^^^^^^^^^^^^^^^^^^^^
  File "/root/.cache/user_artifacts/trainers_main/server/src/trainers_server/dp_worker/backends/megatron_bridge/loss.py", line 220, in step
    language_model = language_model_for_chunked_output(model, "cross_entropy")
                     ^^^^^^^^^^^^^^^^^^^^^^^^^^^^^^^^^^^^^^^^^^^^^^^^^^^^^^^^^
  File "/root/.cache/user_artifacts/trainers_main/server/src/trainers_server/dp_worker/backends/megatron_bridge/chunked_lm_head.py", line 196, in language_model_for_chunked_output
    raise RuntimeError(
RuntimeError: loss_fn='cross_entropy' requires a model stage with an output_layer so target-token logits can be projected in 4096-token chunks.
INFO:trainers_server.dp_worker.profiling:profiling: memory snapshot written → /tmp/checkpoints/profiles/latest/memory/memory.rank9.error.pickle
ERROR:trainers_server.dp_worker.worker:peer op ForwardBackwardOp failed
Traceback (most recent call last):
  File "/root/.cache/user_artifacts/trainers_main/server/src/trainers_server/dp_worker/worker.py", line 319, in _peer_loop
    _execute(controller, profiler_manager, op)
  File "/root/.cache/user_artifacts/trainers_main/server/src/trainers_server/dp_worker/worker.py", line 159, in _execute
    result = controller.execute_forward_backward(op.details)
             ^^^^^^^^^^^^^^^^^^^^^^^^^^^^^^^^^^^^^^^^^^^^^^^
  File "/root/.cache/user_artifacts/trainers_main/server/src/trainers_server/dp_worker/controller/controller.py", line 161, in execute_forward_backward
    outcome = self._backend.forward_backward(details, forward_only=forward_only)
              ^^^^^^^^^^^^^^^^^^^^^^^^^^^^^^^^^^^^^^^^^^^^^^^^^^^^^^^^^^^^^^^^^^
  File "/root/.cache/user_artifacts/trainers_main/server/src/trainers_server/dp_worker/backends/megatron_bridge/backend.py", line 431, in forward_backward
    return self._require_runner().forward_backward(
           ^^^^^^^^^^^^^^^^^^^^^^^^^^^^^^^^^^^^^^^^
  File "/root/.cache/user_artifacts/trainers_main/server/src/trainers_server/dp_worker/backends/megatron_bridge/training_runner.py", line 728, in forward_backward
    ) = self._run_forward_backward(
        ^^^^^^^^^^^^^^^^^^^^^^^^^^^
  File "/root/.cache/user_artifacts/trainers_main/server/src/trainers_server/dp_worker/backends/megatron_bridge/training_runner.py", line 417, in _run_forward_backward
    partition_metrics = self._stack.forward_backward(
                        ^^^^^^^^^^^^^^^^^^^^^^^^^^^^^
  File "/root/.cache/user_artifacts/trainers_main/server/vendor/megatron-bridge/3rdparty/Megatron-LM/megatron/core/pipeline_parallel/schedules.py", line 1602, in forward_backward_pipelining_with_interleaving
    output_tensor, _ = forward_backward_helper_wrapper(
                       ^^^^^^^^^^^^^^^^^^^^^^^^^^^^^^^^
  File "/root/.cache/user_artifacts/trainers_main/server/vendor/megatron-bridge/3rdparty/Megatron-LM/megatron/core/pipeline_parallel/schedules.py", line 1497, in forward_backward_helper_wrapper
    forward_output_tensor = forward_step_helper(
                            ^^^^^^^^^^^^^^^^^^^^
  File "/root/.cache/user_artifacts/trainers_main/server/vendor/megatron-bridge/3rdparty/Megatron-LM/megatron/core/pipeline_parallel/schedules.py", line 1374, in forward_step_helper
    output_tensor, num_tokens = forward_step(
                                ^^^^^^^^^^^^^
  File "/root/.cache/user_artifacts/trainers_main/server/vendor/megatron-bridge/3rdparty/Megatron-LM/megatron/core/pipeline_parallel/schedules.py", line 509, in forward_step
    output_tensor, loss_func = forward_step_func(data_iterator, model)
                               ^^^^^^^^^^^^^^^^^^^^^^^^^^^^^^^^^^^^^^^
  File "/root/.cache/user_artifacts/trainers_main/server/src/trainers_server/dp_worker/backends/megatron_bridge/loss.py", line 1065, in wrapped
    output, loss_func = forward_step(data_iterator, model)
                        ^^^^^^^^^^^^^^^^^^^^^^^^^^^^^^^^^^
  File "/root/.cache/user_artifacts/trainers_main/server/src/trainers_server/dp_worker/backends/megatron_bridge/loss.py", line 220, in step
    language_model = language_model_for_chunked_output(model, "cross_entropy")
                     ^^^^^^^^^^^^^^^^^^^^^^^^^^^^^^^^^^^^^^^^^^^^^^^^^^^^^^^^^
  File "/root/.cache/user_artifacts/trainers_main/server/src/trainers_server/dp_worker/backends/megatron_bridge/chunked_lm_head.py", line 196, in language_model_for_chunked_output
    raise RuntimeError(
RuntimeError: loss_fn='cross_entropy' requires a model stage with an output_layer so target-token logits can be projected in 4096-token chunks.
INFO:trainers_server.dp_worker.profiling:profiling: memory snapshot written → /tmp/checkpoints/profiles/latest/memory/memory.rank15.error.pickle
ERROR:trainers_server.dp_worker.worker:peer op ForwardBackwardOp failed
Traceback (most recent call last):
  File "/root/.cache/user_artifacts/trainers_main/server/src/trainers_server/dp_worker/worker.py", line 319, in _peer_loop
    _execute(controller, profiler_manager, op)
  File "/root/.cache/user_artifacts/trainers_main/server/src/trainers_server/dp_worker/worker.py", line 159, in _execute
    result = controller.execute_forward_backward(op.details)
             ^^^^^^^^^^^^^^^^^^^^^^^^^^^^^^^^^^^^^^^^^^^^^^^
  File "/root/.cache/user_artifacts/trainers_main/server/src/trainers_server/dp_worker/controller/controller.py", line 161, in execute_forward_backward
    outcome = self._backend.forward_backward(details, forward_only=forward_only)
              ^^^^^^^^^^^^^^^^^^^^^^^^^^^^^^^^^^^^^^^^^^^^^^^^^^^^^^^^^^^^^^^^^^
  File "/root/.cache/user_artifacts/trainers_main/server/src/trainers_server/dp_worker/backends/megatron_bridge/backend.py", line 431, in forward_backward
    return self._require_runner().forward_backward(
           ^^^^^^^^^^^^^^^^^^^^^^^^^^^^^^^^^^^^^^^^
  File "/root/.cache/user_artifacts/trainers_main/server/src/trainers_server/dp_worker/backends/megatron_bridge/training_runner.py", line 728, in forward_backward
    ) = self._run_forward_backward(
        ^^^^^^^^^^^^^^^^^^^^^^^^^^^
  File "/root/.cache/user_artifacts/trainers_main/server/src/trainers_server/dp_worker/backends/megatron_bridge/training_runner.py", line 417, in _run_forward_backward
    partition_metrics = self._stack.forward_backward(
                        ^^^^^^^^^^^^^^^^^^^^^^^^^^^^^
  File "/root/.cache/user_artifacts/trainers_main/server/vendor/megatron-bridge/3rdparty/Megatron-LM/megatron/core/pipeline_parallel/schedules.py", line 1602, in forward_backward_pipelining_with_interleaving
    output_tensor, _ = forward_backward_helper_wrapper(
                       ^^^^^^^^^^^^^^^^^^^^^^^^^^^^^^^^
  File "/root/.cache/user_artifacts/trainers_main/server/vendor/megatron-bridge/3rdparty/Megatron-LM/megatron/core/pipeline_parallel/schedules.py", line 1497, in forward_backward_helper_wrapper
    forward_output_tensor = forward_step_helper(
                            ^^^^^^^^^^^^^^^^^^^^
  File "/root/.cache/user_artifacts/trainers_main/server/vendor/megatron-bridge/3rdparty/Megatron-LM/megatron/core/pipeline_parallel/schedules.py", line 1374, in forward_step_helper
    output_tensor, num_tokens = forward_step(
                                ^^^^^^^^^^^^^
  File "/root/.cache/user_artifacts/trainers_main/server/vendor/megatron-bridge/3rdparty/Megatron-LM/megatron/core/pipeline_parallel/schedules.py", line 509, in forward_step
    output_tensor, loss_func = forward_step_func(data_iterator, model)
                               ^^^^^^^^^^^^^^^^^^^^^^^^^^^^^^^^^^^^^^^
  File "/root/.cache/user_artifacts/trainers_main/server/src/trainers_server/dp_worker/backends/megatron_bridge/loss.py", line 1065, in wrapped
    output, loss_func = forward_step(data_iterator, model)
                        ^^^^^^^^^^^^^^^^^^^^^^^^^^^^^^^^^^
  File "/root/.cache/user_artifacts/trainers_main/server/src/trainers_server/dp_worker/backends/megatron_bridge/loss.py", line 220, in step
    language_model = language_model_for_chunked_output(model, "cross_entropy")
                     ^^^^^^^^^^^^^^^^^^^^^^^^^^^^^^^^^^^^^^^^^^^^^^^^^^^^^^^^^
  File "/root/.cache/user_artifacts/trainers_main/server/src/trainers_server/dp_worker/backends/megatron_bridge/chunked_lm_head.py", line 196, in language_model_for_chunked_output
    raise RuntimeError(
RuntimeError: loss_fn='cross_entropy' requires a model stage with an output_layer so target-token logits can be projected in 4096-token chunks.
INFO:trainers_server.dp_worker.profiling:profiling: memory snapshot written → /tmp/checkpoints/profiles/latest/memory/memory.rank8.error.pickle
ERROR:trainers_server.dp_worker.worker:peer op ForwardBackwardOp failed
Traceback (most recent call last):
  File "/root/.cache/user_artifacts/trainers_main/server/src/trainers_server/dp_worker/worker.py", line 319, in _peer_loop
    _execute(controller, profiler_manager, op)
  File "/root/.cache/user_artifacts/trainers_main/server/src/trainers_server/dp_worker/worker.py", line 159, in _execute
    result = controller.execute_forward_backward(op.details)
             ^^^^^^^^^^^^^^^^^^^^^^^^^^^^^^^^^^^^^^^^^^^^^^^
  File "/root/.cache/user_artifacts/trainers_main/server/src/trainers_server/dp_worker/controller/controller.py", line 161, in execute_forward_backward
    outcome = self._backend.forward_backward(details, forward_only=forward_only)
              ^^^^^^^^^^^^^^^^^^^^^^^^^^^^^^^^^^^^^^^^^^^^^^^^^^^^^^^^^^^^^^^^^^
  File "/root/.cache/user_artifacts/trainers_main/server/src/trainers_server/dp_worker/backends/megatron_bridge/backend.py", line 431, in forward_backward
    return self._require_runner().forward_backward(
           ^^^^^^^^^^^^^^^^^^^^^^^^^^^^^^^^^^^^^^^^
  File "/root/.cache/user_artifacts/trainers_main/server/src/trainers_server/dp_worker/backends/megatron_bridge/training_runner.py", line 728, in forward_backward
    ) = self._run_forward_backward(
        ^^^^^^^^^^^^^^^^^^^^^^^^^^^
  File "/root/.cache/user_artifacts/trainers_main/server/src/trainers_server/dp_worker/backends/megatron_bridge/training_runner.py", line 417, in _run_forward_backward
    partition_metrics = self._stack.forward_backward(
                        ^^^^^^^^^^^^^^^^^^^^^^^^^^^^^
  File "/root/.cache/user_artifacts/trainers_main/server/vendor/megatron-bridge/3rdparty/Megatron-LM/megatron/core/pipeline_parallel/schedules.py", line 1602, in forward_backward_pipelining_with_interleaving
    output_tensor, _ = forward_backward_helper_wrapper(
                       ^^^^^^^^^^^^^^^^^^^^^^^^^^^^^^^^
  File "/root/.cache/user_artifacts/trainers_main/server/vendor/megatron-bridge/3rdparty/Megatron-LM/megatron/core/pipeline_parallel/schedules.py", line 1497, in forward_backward_helper_wrapper
    forward_output_tensor = forward_step_helper(
                            ^^^^^^^^^^^^^^^^^^^^
  File "/root/.cache/user_artifacts/trainers_main/server/vendor/megatron-bridge/3rdparty/Megatron-LM/megatron/core/pipeline_parallel/schedules.py", line 1374, in forward_step_helper
    output_tensor, num_tokens = forward_step(
                                ^^^^^^^^^^^^^
  File "/root/.cache/user_artifacts/trainers_main/server/vendor/megatron-bridge/3rdparty/Megatron-LM/megatron/core/pipeline_parallel/schedules.py", line 509, in forward_step
    output_tensor, loss_func = forward_step_func(data_iterator, model)
                               ^^^^^^^^^^^^^^^^^^^^^^^^^^^^^^^^^^^^^^^
  File "/root/.cache/user_artifacts/trainers_main/server/src/trainers_server/dp_worker/backends/megatron_bridge/loss.py", line 1065, in wrapped
    output, loss_func = forward_step(data_iterator, model)
                        ^^^^^^^^^^^^^^^^^^^^^^^^^^^^^^^^^^
  File "/root/.cache/user_artifacts/trainers_main/server/src/trainers_server/dp_worker/backends/megatron_bridge/loss.py", line 220, in step
    language_model = language_model_for_chunked_output(model, "cross_entropy")
                     ^^^^^^^^^^^^^^^^^^^^^^^^^^^^^^^^^^^^^^^^^^^^^^^^^^^^^^^^^
  File "/root/.cache/user_artifacts/trainers_main/server/src/trainers_server/dp_worker/backends/megatron_bridge/chunked_lm_head.py", line 196, in language_model_for_chunked_output
    raise RuntimeError(
RuntimeError: loss_fn='cross_entropy' requires a model stage with an output_layer so target-token logits can be projected in 4096-token chunks.
INFO:trainers_server.dp_worker.profiling:profiling: memory snapshot written → /tmp/checkpoints/profiles/latest/memory/memory.rank12.error.pickle
ERROR:trainers_server.dp_worker.worker:peer op ForwardBackwardOp failed
Traceback (most recent call last):
  File "/root/.cache/user_artifacts/trainers_main/server/src/trainers_server/dp_worker/worker.py", line 319, in _peer_loop
    _execute(controller, profiler_manager, op)
  File "/root/.cache/user_artifacts/trainers_main/server/src/trainers_server/dp_worker/worker.py", line 159, in _execute
    result = controller.execute_forward_backward(op.details)
             ^^^^^^^^^^^^^^^^^^^^^^^^^^^^^^^^^^^^^^^^^^^^^^^
  File "/root/.cache/user_artifacts/trainers_main/server/src/trainers_server/dp_worker/controller/controller.py", line 161, in execute_forward_backward
    outcome = self._backend.forward_backward(details, forward_only=forward_only)
              ^^^^^^^^^^^^^^^^^^^^^^^^^^^^^^^^^^^^^^^^^^^^^^^^^^^^^^^^^^^^^^^^^^
  File "/root/.cache/user_artifacts/trainers_main/server/src/trainers_server/dp_worker/backends/megatron_bridge/backend.py", line 431, in forward_backward
    return self._require_runner().forward_backward(
           ^^^^^^^^^^^^^^^^^^^^^^^^^^^^^^^^^^^^^^^^
  File "/root/.cache/user_artifacts/trainers_main/server/src/trainers_server/dp_worker/backends/megatron_bridge/training_runner.py", line 728, in forward_backward
    ) = self._run_forward_backward(
        ^^^^^^^^^^^^^^^^^^^^^^^^^^^
  File "/root/.cache/user_artifacts/trainers_main/server/src/trainers_server/dp_worker/backends/megatron_bridge/training_runner.py", line 417, in _run_forward_backward
    partition_metrics = self._stack.forward_backward(
                        ^^^^^^^^^^^^^^^^^^^^^^^^^^^^^
  File "/root/.cache/user_artifacts/trainers_main/server/vendor/megatron-bridge/3rdparty/Megatron-LM/megatron/core/pipeline_parallel/schedules.py", line 1602, in forward_backward_pipelining_with_interleaving
    output_tensor, _ = forward_backward_helper_wrapper(
                       ^^^^^^^^^^^^^^^^^^^^^^^^^^^^^^^^
  File "/root/.cache/user_artifacts/trainers_main/server/vendor/megatron-bridge/3rdparty/Megatron-LM/megatron/core/pipeline_parallel/schedules.py", line 1497, in forward_backward_helper_wrapper
    forward_output_tensor = forward_step_helper(
                            ^^^^^^^^^^^^^^^^^^^^
  File "/root/.cache/user_artifacts/trainers_main/server/vendor/megatron-bridge/3rdparty/Megatron-LM/megatron/core/pipeline_parallel/schedules.py", line 1374, in forward_step_helper
    output_tensor, num_tokens = forward_step(
                                ^^^^^^^^^^^^^
  File "/root/.cache/user_artifacts/trainers_main/server/vendor/megatron-bridge/3rdparty/Megatron-LM/megatron/core/pipeline_parallel/schedules.py", line 509, in forward_step
    output_tensor, loss_func = forward_step_func(data_iterator, model)
                               ^^^^^^^^^^^^^^^^^^^^^^^^^^^^^^^^^^^^^^^
  File "/root/.cache/user_artifacts/trainers_main/server/src/trainers_server/dp_worker/backends/megatron_bridge/loss.py", line 1065, in wrapped
    output, loss_func = forward_step(data_iterator, model)
                        ^^^^^^^^^^^^^^^^^^^^^^^^^^^^^^^^^^
  File "/root/.cache/user_artifacts/trainers_main/server/src/trainers_server/dp_worker/backends/megatron_bridge/loss.py", line 220, in step
    language_model = language_model_for_chunked_output(model, "cross_entropy")
                     ^^^^^^^^^^^^^^^^^^^^^^^^^^^^^^^^^^^^^^^^^^^^^^^^^^^^^^^^^
  File "/root/.cache/user_artifacts/trainers_main/server/src/trainers_server/dp_worker/backends/megatron_bridge/chunked_lm_head.py", line 196, in language_model_for_chunked_output
    raise RuntimeError(
RuntimeError: loss_fn='cross_entropy' requires a model stage with an output_layer so target-token logits can be projected in 4096-token chunks.
INFO:trainers_server.dp_worker.profiling:profiling: memory snapshot written → /tmp/checkpoints/profiles/latest/memory/memory.rank10.error.pickle
ERROR:trainers_server.dp_worker.worker:peer op ForwardBackwardOp failed
Traceback (most recent call last):
  File "/root/.cache/user_artifacts/trainers_main/server/src/trainers_server/dp_worker/worker.py", line 319, in _peer_loop
    _execute(controller, profiler_manager, op)
  File "/root/.cache/user_artifacts/trainers_main/server/src/trainers_server/dp_worker/worker.py", line 159, in _execute
    result = controller.execute_forward_backward(op.details)
             ^^^^^^^^^^^^^^^^^^^^^^^^^^^^^^^^^^^^^^^^^^^^^^^
  File "/root/.cache/user_artifacts/trainers_main/server/src/trainers_server/dp_worker/controller/controller.py", line 161, in execute_forward_backward
    outcome = self._backend.forward_backward(details, forward_only=forward_only)
              ^^^^^^^^^^^^^^^^^^^^^^^^^^^^^^^^^^^^^^^^^^^^^^^^^^^^^^^^^^^^^^^^^^
  File "/root/.cache/user_artifacts/trainers_main/server/src/trainers_server/dp_worker/backends/megatron_bridge/backend.py", line 431, in forward_backward
    return self._require_runner().forward_backward(
           ^^^^^^^^^^^^^^^^^^^^^^^^^^^^^^^^^^^^^^^^
  File "/root/.cache/user_artifacts/trainers_main/server/src/trainers_server/dp_worker/backends/megatron_bridge/training_runner.py", line 728, in forward_backward
    ) = self._run_forward_backward(
        ^^^^^^^^^^^^^^^^^^^^^^^^^^^
  File "/root/.cache/user_artifacts/trainers_main/server/src/trainers_server/dp_worker/backends/megatron_bridge/training_runner.py", line 417, in _run_forward_backward
    partition_metrics = self._stack.forward_backward(
                        ^^^^^^^^^^^^^^^^^^^^^^^^^^^^^
  File "/root/.cache/user_artifacts/trainers_main/server/vendor/megatron-bridge/3rdparty/Megatron-LM/megatron/core/pipeline_parallel/schedules.py", line 1602, in forward_backward_pipelining_with_interleaving
    output_tensor, _ = forward_backward_helper_wrapper(
                       ^^^^^^^^^^^^^^^^^^^^^^^^^^^^^^^^
  File "/root/.cache/user_artifacts/trainers_main/server/vendor/megatron-bridge/3rdparty/Megatron-LM/megatron/core/pipeline_parallel/schedules.py", line 1497, in forward_backward_helper_wrapper
    forward_output_tensor = forward_step_helper(
                            ^^^^^^^^^^^^^^^^^^^^
  File "/root/.cache/user_artifacts/trainers_main/server/vendor/megatron-bridge/3rdparty/Megatron-LM/megatron/core/pipeline_parallel/schedules.py", line 1374, in forward_step_helper
    output_tensor, num_tokens = forward_step(
                                ^^^^^^^^^^^^^
  File "/root/.cache/user_artifacts/trainers_main/server/vendor/megatron-bridge/3rdparty/Megatron-LM/megatron/core/pipeline_parallel/schedules.py", line 509, in forward_step
    output_tensor, loss_func = forward_step_func(data_iterator, model)
                               ^^^^^^^^^^^^^^^^^^^^^^^^^^^^^^^^^^^^^^^
  File "/root/.cache/user_artifacts/trainers_main/server/src/trainers_server/dp_worker/backends/megatron_bridge/loss.py", line 1065, in wrapped
    output, loss_func = forward_step(data_iterator, model)
                        ^^^^^^^^^^^^^^^^^^^^^^^^^^^^^^^^^^
  File "/root/.cache/user_artifacts/trainers_main/server/src/trainers_server/dp_worker/backends/megatron_bridge/loss.py", line 220, in step
    language_model = language_model_for_chunked_output(model, "cross_entropy")
                     ^^^^^^^^^^^^^^^^^^^^^^^^^^^^^^^^^^^^^^^^^^^^^^^^^^^^^^^^^
  File "/root/.cache/user_artifacts/trainers_main/server/src/trainers_server/dp_worker/backends/megatron_bridge/chunked_lm_head.py", line 196, in language_model_for_chunked_output
    raise RuntimeError(
RuntimeError: loss_fn='cross_entropy' requires a model stage with an output_layer so target-token logits can be projected in 4096-token chunks.
INFO:trainers_server.dp_worker.profiling:profiling: memory snapshot written → /tmp/checkpoints/profiles/latest/memory/memory.rank13.error.pickle
ERROR:trainers_server.dp_worker.worker:peer op ForwardBackwardOp failed
Traceback (most recent call last):
  File "/root/.cache/user_artifacts/trainers_main/server/src/trainers_server/dp_worker/worker.py", line 319, in _peer_loop
    _execute(controller, profiler_manager, op)
  File "/root/.cache/user_artifacts/trainers_main/server/src/trainers_server/dp_worker/worker.py", line 159, in _execute
    result = controller.execute_forward_backward(op.details)
             ^^^^^^^^^^^^^^^^^^^^^^^^^^^^^^^^^^^^^^^^^^^^^^^
  File "/root/.cache/user_artifacts/trainers_main/server/src/trainers_server/dp_worker/controller/controller.py", line 161, in execute_forward_backward
    outcome = self._backend.forward_backward(details, forward_only=forward_only)
              ^^^^^^^^^^^^^^^^^^^^^^^^^^^^^^^^^^^^^^^^^^^^^^^^^^^^^^^^^^^^^^^^^^
  File "/root/.cache/user_artifacts/trainers_main/server/src/trainers_server/dp_worker/backends/megatron_bridge/backend.py", line 431, in forward_backward
    return self._require_runner().forward_backward(
           ^^^^^^^^^^^^^^^^^^^^^^^^^^^^^^^^^^^^^^^^
  File "/root/.cache/user_artifacts/trainers_main/server/src/trainers_server/dp_worker/backends/megatron_bridge/training_runner.py", line 728, in forward_backward
    ) = self._run_forward_backward(
        ^^^^^^^^^^^^^^^^^^^^^^^^^^^
  File "/root/.cache/user_artifacts/trainers_main/server/src/trainers_server/dp_worker/backends/megatron_bridge/training_runner.py", line 417, in _run_forward_backward
    partition_metrics = self._stack.forward_backward(
                        ^^^^^^^^^^^^^^^^^^^^^^^^^^^^^
  File "/root/.cache/user_artifacts/trainers_main/server/vendor/megatron-bridge/3rdparty/Megatron-LM/megatron/core/pipeline_parallel/schedules.py", line 1602, in forward_backward_pipelining_with_interleaving
    output_tensor, _ = forward_backward_helper_wrapper(
                       ^^^^^^^^^^^^^^^^^^^^^^^^^^^^^^^^
  File "/root/.cache/user_artifacts/trainers_main/server/vendor/megatron-bridge/3rdparty/Megatron-LM/megatron/core/pipeline_parallel/schedules.py", line 1497, in forward_backward_helper_wrapper
    forward_output_tensor = forward_step_helper(
                            ^^^^^^^^^^^^^^^^^^^^
  File "/root/.cache/user_artifacts/trainers_main/server/vendor/megatron-bridge/3rdparty/Megatron-LM/megatron/core/pipeline_parallel/schedules.py", line 1374, in forward_step_helper
    output_tensor, num_tokens = forward_step(
                                ^^^^^^^^^^^^^
  File "/root/.cache/user_artifacts/trainers_main/server/vendor/megatron-bridge/3rdparty/Megatron-LM/megatron/core/pipeline_parallel/schedules.py", line 509, in forward_step
    output_tensor, loss_func = forward_step_func(data_iterator, model)
                               ^^^^^^^^^^^^^^^^^^^^^^^^^^^^^^^^^^^^^^^
  File "/root/.cache/user_artifacts/trainers_main/server/src/trainers_server/dp_worker/backends/megatron_bridge/loss.py", line 1065, in wrapped
    output, loss_func = forward_step(data_iterator, model)
                        ^^^^^^^^^^^^^^^^^^^^^^^^^^^^^^^^^^
  File "/root/.cache/user_artifacts/trainers_main/server/src/trainers_server/dp_worker/backends/megatron_bridge/loss.py", line 220, in step
    language_model = language_model_for_chunked_output(model, "cross_entropy")
                     ^^^^^^^^^^^^^^^^^^^^^^^^^^^^^^^^^^^^^^^^^^^^^^^^^^^^^^^^^
  File "/root/.cache/user_artifacts/trainers_main/server/src/trainers_server/dp_worker/backends/megatron_bridge/chunked_lm_head.py", line 196, in language_model_for_chunked_output
    raise RuntimeError(
RuntimeError: loss_fn='cross_entropy' requires a model stage with an output_layer so target-token logits can be projected in 4096-token chunks.
srun: Job step aborted: Waiting up to 32 seconds for job step to finish.
slurmstepd-b300-1-em6dm6d3-0017: error: *** STEP 67.0 ON b300-1-em6dm6d3-0017 CANCELLED AT 2026-08-13T06:00:34 ***
W0813 06:00:34.413000 40028 torch/distributed/elastic/agent/server/api.py:739] Received 15 death signal, shutting down workers
W0813 06:00:34.417000 82600 torch/distributed/elastic/agent/server/api.py:739] Received 15 death signal, shutting down workers
W0813 06:00:34.423000 82600 torch/distributed/elastic/multiprocessing/api.py:1012] Sending process 82685 closing signal SIGTERM
Exception ignored in atexit callback: <function matmul_ext_update_autotune_table at 0x7fa8b8337560>
Traceback (most recent call last):
  File "/root/.cache/user_artifacts/trainers_main/server/.venv/lib/python3.12/site-packages/deepspeed/ops/transformer/inference/triton/matmul_ext.py", line 489, in matmul_ext_update_autotune_table
    fp16_matmul._update_autotune_table()
  File "/root/.cache/user_artifacts/trainers_main/server/.venv/lib/python3.12/site-packages/deepspeed/ops/transformer/inference/triton/matmul_ext.py", line 466, in _update_autotune_table
    TritonMatmul._update_autotune_table(__class__.__name__ + "_2d_kernel", __class__._2d_kernel)
  File "/root/.cache/user_artifacts/trainers_main/server/.venv/lib/python3.12/site-packages/deepspeed/ops/transformer/inference/triton/matmul_ext.py", line 194, in _update_autotune_table
    cache_manager = AutotuneCacheManager(cache_key)
                    ^^^^^^^^^^^^^^^^^^^^^^^^^^^^^^^
  File "/root/.cache/user_artifacts/trainers_main/server/.venv/lib/python3.12/site-packages/deepspeed/ops/transformer/inference/triton/matmul_ext.py", line 99, in __init__
    TritonCacheDir.warn_if_nfs(self.cache_dir)
  File "/root/.cache/user_artifacts/trainers_main/server/.venv/lib/python3.12/site-packages/deepspeed/ops/transformer/inference/triton/matmul_ext.py", line 55, in warn_if_nfs
    if is_nfs_path(cache_dir) and not TritonCacheDir._warning_printed:
       ^^^^^^^^^^^^^^^^^^^^^^
  File "/root/.cache/user_artifacts/trainers_main/server/.venv/lib/python3.12/site-packages/deepspeed/ops/transformer/inference/triton/matmul_ext.py", line 38, in is_nfs_path
    output = subprocess.check_output(['df', '-T', path], encoding='utf-8', stderr=subprocess.DEVNULL)
             ^^^^^^^^^^^^^^^^^^^^^^^^^^^^^^^^^^^^^^^^^^^^^^^^^^^^^^^^^^^^^^^^^^^^^^^^^^^^^^^^^^^^^^^^
  File "/usr/lib/python3.12/subprocess.py", line 466, in check_output
    return run(*popenargs, stdout=PIPE, timeout=timeout, check=True,
           ^^^^^^^^^^^^^^^^^^^^^^^^^^^^^^^^^^^^^^^^^^^^^^^^^^^^^^^^^
  File "/usr/lib/python3.12/subprocess.py", line 548, in run
    with Popen(*popenargs, **kwargs) as process:
         ^^^^^^^^^^^^^^^^^^^^^^^^^^^
  File "/usr/lib/python3.12/subprocess.py", line 1026, in __init__
    self._execute_child(args, executable, preexec_fn, close_fds,
  File "/usr/lib/python3.12/subprocess.py", line 1885, in _execute_child
    self.pid = _fork_exec(
               ^^^^^^^^^^^
  File "/root/.cache/user_artifacts/trainers_main/server/.venv/lib/python3.12/site-packages/nvidia_resiliency_ext/checkpointing/async_ckpt/core.py", line 741, in _handle_sigterm
    raise SystemExit(128 + signum)
SystemExit: 143
Traceback (most recent call last):
  File "/root/.cache/user_artifacts/trainers_main/server/.venv/bin/torchrun", line 10, in <module>
    sys.exit(main())
             ^^^^^^
  File "/root/.cache/user_artifacts/trainers_main/server/.venv/lib/python3.12/site-packages/torch/distributed/elastic/multiprocessing/errors/__init__.py", line 362, in wrapper
    return f(*args, **kwargs)
           ^^^^^^^^^^^^^^^^^^
  File "/root/.cache/user_artifacts/trainers_main/server/.venv/lib/python3.12/site-packages/torch/distributed/run.py", line 990, in main
    run(args)
  File "/root/.cache/user_artifacts/trainers_main/server/.venv/lib/python3.12/site-packages/torch/distributed/run.py", line 981, in run
    elastic_launch(
  File "/root/.cache/user_artifacts/trainers_main/server/.venv/lib/python3.12/site-packages/torch/distributed/launcher/api.py", line 170, in __call__
    return launch_agent(self._config, self._entrypoint, list(args))
           ^^^^^^^^^^^^^^^^^^^^^^^^^^^^^^^^^^^^^^^^^^^^^^^^^^^^^^^^
  File "/root/.cache/user_artifacts/trainers_main/server/.venv/lib/python3.12/site-packages/torch/distributed/launcher/api.py", line 308, in launch_agent
    result = agent.run()
             ^^^^^^^^^^^
  File "/root/.cache/user_artifacts/trainers_main/server/.venv/lib/python3.12/site-packages/torch/distributed/elastic/metrics/api.py", line 134, in wrapper
    result = f(*args, **kwargs)
             ^^^^^^^^^^^^^^^^^^
  File "/root/.cache/user_artifacts/trainers_main/server/.venv/lib/python3.12/site-packages/torch/distributed/elastic/agent/server/api.py", line 731, in run
    result = self._invoke_run(role)
             ^^^^^^^^^^^^^^^^^^^^^^
  File "/root/.cache/user_artifacts/trainers_main/server/.venv/lib/python3.12/site-packages/torch/distributed/elastic/agent/server/api.py", line 908, in _invoke_run
    time.sleep(monitor_interval)
  File "/root/.cache/user_artifacts/trainers_main/server/.venv/lib/python3.12/site-packages/torch/distributed/elastic/multiprocessing/api.py", line 86, in _terminate_process_handler
    raise SignalException(f"Process {os.getpid()} got signal: {sigval}", sigval=sigval)
torch.distributed.elastic.multiprocessing.api.SignalException: Process 40028 got signal: 15
INFO:     Shutting down
INFO:     Waiting for connections to close. (CTRL+C to force quit)
/usr/lib/python3.12/multiprocessing/resource_tracker.py:254: UserWarning: resource_tracker: There appear to be 19 leaked semaphore objects to clean up at shutdown
  warnings.warn('resource_tracker: There appear to be %d '
/usr/lib/python3.12/multiprocessing/resource_tracker.py:254: UserWarning: resource_tracker: There appear to be 19 leaked semaphore objects to clean up at shutdown
  warnings.warn('resource_tracker: There appear to be %d '
/usr/lib/python3.12/multiprocessing/resource_tracker.py:254: UserWarning: resource_tracker: There appear to be 19 leaked semaphore objects to clean up at shutdown
  warnings.warn('resource_tracker: There appear to be %d '
/usr/lib/python3.12/multiprocessing/resource_tracker.py:254: UserWarning: resource_tracker: There appear to be 19 leaked semaphore objects to clean up at shutdown
  warnings.warn('resource_tracker: There appear to be %d '
/usr/lib/python3.12/multiprocessing/resource_tracker.py:254: UserWarning: resource_tracker: There appear to be 19 leaked semaphore objects to clean up at shutdown
  warnings.warn('resource_tracker: There appear to be %d '
/usr/lib/python3.12/multiprocessing/resource_tracker.py:254: UserWarning: resource_tracker: There appear to be 19 leaked semaphore objects to clean up at shutdown
  warnings.warn('resource_tracker: There appear to be %d '
/usr/lib/python3.12/multiprocessing/resource_tracker.py:254: UserWarning: resource_tracker: There appear to be 19 leaked semaphore objects to clean up at shutdown
  warnings.warn('resource_tracker: There appear to be %d '
/usr/lib/python3.12/multiprocessing/resource_tracker.py:254: UserWarning: resource_tracker: There appear to be 19 leaked semaphore objects to clean up at shutdown
  warnings.warn('resource_tracker: There appear to be %d '
/usr/lib/python3.12/multiprocessing/resource_tracker.py:254: UserWarning: resource_tracker: There appear to be 19 leaked semaphore objects to clean up at shutdown
  warnings.warn('resource_tracker: There appear to be %d '
/usr/lib/python3.12/multiprocessing/resource_tracker.py:254: UserWarning: resource_tracker: There appear to be 19 leaked semaphore objects to clean up at shutdown
  warnings.warn('resource_tracker: There appear to be %d '
/usr/lib/python3.12/multiprocessing/resource_tracker.py:254: UserWarning: resource_tracker: There appear to be 19 leaked semaphore objects to clean up at shutdown
  warnings.warn('resource_tracker: There appear to be %d '
/usr/lib/python3.12/multiprocessing/resource_tracker.py:254: UserWarning: resource_tracker: There appear to be 19 leaked semaphore objects to clean up at shutdown
  warnings.warn('resource_tracker: There appear to be %d '
/usr/lib/python3.12/multiprocessing/resource_tracker.py:254: UserWarning: resource_tracker: There appear to be 19 leaked semaphore objects to clean up at shutdown
  warnings.warn('resource_tracker: There appear to be %d '
/usr/lib/python3.12/multiprocessing/resource_tracker.py:254: UserWarning: resource_tracker: There appear to be 19 leaked semaphore objects to clean up at shutdown
  warnings.warn('resource_tracker: There appear to be %d '
/usr/lib/python3.12/multiprocessing/resource_tracker.py:254: UserWarning: resource_tracker: There appear to be 19 leaked semaphore objects to clean up at shutdown
  warnings.warn('resource_tracker: There appear to be %d '
srun: error: b300-1-kytcx5dz-0006: task 1: Exited with exit code 1
INFO:     Waiting for application shutdown.
srun: error: Timed out waiting for job step to complete
