node 0: rendezvous master=b300-1-3xpzznsc-0018 (10.1.77.30)
node 1: rendezvous master=b300-1-3xpzznsc-0018 (10.1.77.30)
node 0: NCCL_IB_HCA=mlx5_bond
node 1: NCCL_IB_HCA=mlx5_bond
[sitecustomize av3] megatron_core re-pointed -> /root/.cache/user_artifacts/mcore_318g61w_av3
[sitecustomize av3] megatron_core re-pointed -> /root/.cache/user_artifacts/mcore_318g61w_av3
/root/.cache/user_artifacts/trainers_main/server/.venv/lib/python3.12/site-packages/torch/cuda/__init__.py:61: FutureWarning: The pynvml package is deprecated. Please install nvidia-ml-py instead. If you did not install pynvml directly, please report this to the maintainers of the package that installed pynvml for you.
  import pynvml  # type: ignore[import]
/root/.cache/user_artifacts/trainers_main/server/.venv/lib/python3.12/site-packages/torch/cuda/__init__.py:61: FutureWarning: The pynvml package is deprecated. Please install nvidia-ml-py instead. If you did not install pynvml directly, please report this to the maintainers of the package that installed pynvml for you.
  import pynvml  # type: ignore[import]
W0810 14:26:14.890000 71383 torch/distributed/run.py:851] 
W0810 14:26:14.890000 71383 torch/distributed/run.py:851] *****************************************
W0810 14:26:14.890000 71383 torch/distributed/run.py:851] Setting OMP_NUM_THREADS environment variable for each process to be 1 in default, to avoid your system being overloaded, please further tune the variable for optimal performance in your application as needed. 
W0810 14:26:14.890000 71383 torch/distributed/run.py:851] *****************************************
W0810 14:26:15.027000 76103 torch/distributed/run.py:851] 
W0810 14:26:15.027000 76103 torch/distributed/run.py:851] *****************************************
W0810 14:26:15.027000 76103 torch/distributed/run.py:851] Setting OMP_NUM_THREADS environment variable for each process to be 1 in default, to avoid your system being overloaded, please further tune the variable for optimal performance in your application as needed. 
W0810 14:26:15.027000 76103 torch/distributed/run.py:851] *****************************************
[sitecustomize av3] megatron_core re-pointed -> /root/.cache/user_artifacts/mcore_318g61w_av3
[sitecustomize av3] megatron_core re-pointed -> /root/.cache/user_artifacts/mcore_318g61w_av3
[sitecustomize av3] megatron_core re-pointed -> /root/.cache/user_artifacts/mcore_318g61w_av3
[sitecustomize av3] megatron_core re-pointed -> /root/.cache/user_artifacts/mcore_318g61w_av3
[sitecustomize av3] megatron_core re-pointed -> /root/.cache/user_artifacts/mcore_318g61w_av3
[sitecustomize av3] megatron_core re-pointed -> /root/.cache/user_artifacts/mcore_318g61w_av3
[sitecustomize av3] megatron_core re-pointed -> /root/.cache/user_artifacts/mcore_318g61w_av3
[sitecustomize av3] megatron_core re-pointed -> /root/.cache/user_artifacts/mcore_318g61w_av3
[sitecustomize av3] megatron_core re-pointed -> /root/.cache/user_artifacts/mcore_318g61w_av3
[sitecustomize av3] megatron_core re-pointed -> /root/.cache/user_artifacts/mcore_318g61w_av3
[sitecustomize av3] megatron_core re-pointed -> /root/.cache/user_artifacts/mcore_318g61w_av3
[sitecustomize av3] megatron_core re-pointed -> /root/.cache/user_artifacts/mcore_318g61w_av3
[sitecustomize av3] megatron_core re-pointed -> /root/.cache/user_artifacts/mcore_318g61w_av3
[sitecustomize av3] megatron_core re-pointed -> /root/.cache/user_artifacts/mcore_318g61w_av3
[sitecustomize av3] megatron_core re-pointed -> /root/.cache/user_artifacts/mcore_318g61w_av3
[sitecustomize av3] megatron_core re-pointed -> /root/.cache/user_artifacts/mcore_318g61w_av3
/root/.cache/user_artifacts/trainers_main/server/.venv/lib/python3.12/site-packages/torch/cuda/__init__.py:61: FutureWarning: The pynvml package is deprecated. Please install nvidia-ml-py instead. If you did not install pynvml directly, please report this to the maintainers of the package that installed pynvml for you.
  import pynvml  # type: ignore[import]
/root/.cache/user_artifacts/trainers_main/server/.venv/lib/python3.12/site-packages/torch/cuda/__init__.py:61: FutureWarning: The pynvml package is deprecated. Please install nvidia-ml-py instead. If you did not install pynvml directly, please report this to the maintainers of the package that installed pynvml for you.
  import pynvml  # type: ignore[import]
/root/.cache/user_artifacts/trainers_main/server/.venv/lib/python3.12/site-packages/torch/cuda/__init__.py:61: FutureWarning: The pynvml package is deprecated. Please install nvidia-ml-py instead. If you did not install pynvml directly, please report this to the maintainers of the package that installed pynvml for you.
  import pynvml  # type: ignore[import]
/root/.cache/user_artifacts/trainers_main/server/.venv/lib/python3.12/site-packages/torch/cuda/__init__.py:61: FutureWarning: The pynvml package is deprecated. Please install nvidia-ml-py instead. If you did not install pynvml directly, please report this to the maintainers of the package that installed pynvml for you.
  import pynvml  # type: ignore[import]
/root/.cache/user_artifacts/trainers_main/server/.venv/lib/python3.12/site-packages/torch/cuda/__init__.py:61: FutureWarning: The pynvml package is deprecated. Please install nvidia-ml-py instead. If you did not install pynvml directly, please report this to the maintainers of the package that installed pynvml for you.
  import pynvml  # type: ignore[import]
/root/.cache/user_artifacts/trainers_main/server/.venv/lib/python3.12/site-packages/torch/cuda/__init__.py:61: FutureWarning: The pynvml package is deprecated. Please install nvidia-ml-py instead. If you did not install pynvml directly, please report this to the maintainers of the package that installed pynvml for you.
  import pynvml  # type: ignore[import]
/root/.cache/user_artifacts/trainers_main/server/.venv/lib/python3.12/site-packages/torch/cuda/__init__.py:61: FutureWarning: The pynvml package is deprecated. Please install nvidia-ml-py instead. If you did not install pynvml directly, please report this to the maintainers of the package that installed pynvml for you.
  import pynvml  # type: ignore[import]
/root/.cache/user_artifacts/trainers_main/server/.venv/lib/python3.12/site-packages/torch/cuda/__init__.py:61: FutureWarning: The pynvml package is deprecated. Please install nvidia-ml-py instead. If you did not install pynvml directly, please report this to the maintainers of the package that installed pynvml for you.
  import pynvml  # type: ignore[import]
/root/.cache/user_artifacts/trainers_main/server/.venv/lib/python3.12/site-packages/torch/cuda/__init__.py:61: FutureWarning: The pynvml package is deprecated. Please install nvidia-ml-py instead. If you did not install pynvml directly, please report this to the maintainers of the package that installed pynvml for you.
  import pynvml  # type: ignore[import]
/root/.cache/user_artifacts/trainers_main/server/.venv/lib/python3.12/site-packages/torch/cuda/__init__.py:61: FutureWarning: The pynvml package is deprecated. Please install nvidia-ml-py instead. If you did not install pynvml directly, please report this to the maintainers of the package that installed pynvml for you.
  import pynvml  # type: ignore[import]
/root/.cache/user_artifacts/trainers_main/server/.venv/lib/python3.12/site-packages/torch/cuda/__init__.py:61: FutureWarning: The pynvml package is deprecated. Please install nvidia-ml-py instead. If you did not install pynvml directly, please report this to the maintainers of the package that installed pynvml for you.
  import pynvml  # type: ignore[import]
/root/.cache/user_artifacts/trainers_main/server/.venv/lib/python3.12/site-packages/torch/cuda/__init__.py:61: FutureWarning: The pynvml package is deprecated. Please install nvidia-ml-py instead. If you did not install pynvml directly, please report this to the maintainers of the package that installed pynvml for you.
  import pynvml  # type: ignore[import]
/root/.cache/user_artifacts/trainers_main/server/.venv/lib/python3.12/site-packages/torch/cuda/__init__.py:61: FutureWarning: The pynvml package is deprecated. Please install nvidia-ml-py instead. If you did not install pynvml directly, please report this to the maintainers of the package that installed pynvml for you.
  import pynvml  # type: ignore[import]
/root/.cache/user_artifacts/trainers_main/server/.venv/lib/python3.12/site-packages/torch/cuda/__init__.py:61: FutureWarning: The pynvml package is deprecated. Please install nvidia-ml-py instead. If you did not install pynvml directly, please report this to the maintainers of the package that installed pynvml for you.
  import pynvml  # type: ignore[import]
/root/.cache/user_artifacts/trainers_main/server/.venv/lib/python3.12/site-packages/torch/cuda/__init__.py:61: FutureWarning: The pynvml package is deprecated. Please install nvidia-ml-py instead. If you did not install pynvml directly, please report this to the maintainers of the package that installed pynvml for you.
  import pynvml  # type: ignore[import]
/root/.cache/user_artifacts/trainers_main/server/.venv/lib/python3.12/site-packages/torch/cuda/__init__.py:61: FutureWarning: The pynvml package is deprecated. Please install nvidia-ml-py instead. If you did not install pynvml directly, please report this to the maintainers of the package that installed pynvml for you.
  import pynvml  # type: ignore[import]
/root/.cache/user_artifacts/mcore_318g61w_av3/megatron/core/models/backends.py:34: UserWarning: Apex is not installed. Falling back to Torch Norm
  warnings.warn("Apex is not installed. Falling back to Torch Norm")
/root/.cache/user_artifacts/mcore_318g61w_av3/megatron/core/models/backends.py:34: UserWarning: Apex is not installed. Falling back to Torch Norm
  warnings.warn("Apex is not installed. Falling back to Torch Norm")
/root/.cache/user_artifacts/mcore_318g61w_av3/megatron/core/models/backends.py:34: UserWarning: Apex is not installed. Falling back to Torch Norm
  warnings.warn("Apex is not installed. Falling back to Torch Norm")
/root/.cache/user_artifacts/mcore_318g61w_av3/megatron/core/models/backends.py:34: UserWarning: Apex is not installed. Falling back to Torch Norm
  warnings.warn("Apex is not installed. Falling back to Torch Norm")
/root/.cache/user_artifacts/mcore_318g61w_av3/megatron/core/models/backends.py:34: UserWarning: Apex is not installed. Falling back to Torch Norm
  warnings.warn("Apex is not installed. Falling back to Torch Norm")
/root/.cache/user_artifacts/mcore_318g61w_av3/megatron/core/models/backends.py:34: UserWarning: Apex is not installed. Falling back to Torch Norm
  warnings.warn("Apex is not installed. Falling back to Torch Norm")
/root/.cache/user_artifacts/mcore_318g61w_av3/megatron/core/models/backends.py:34: UserWarning: Apex is not installed. Falling back to Torch Norm
  warnings.warn("Apex is not installed. Falling back to Torch Norm")
/root/.cache/user_artifacts/mcore_318g61w_av3/megatron/core/models/backends.py:34: UserWarning: Apex is not installed. Falling back to Torch Norm
  warnings.warn("Apex is not installed. Falling back to Torch Norm")
/root/.cache/user_artifacts/mcore_318g61w_av3/megatron/core/models/gpt/gpt_layer_specs.py:74: UserWarning: Apex is not installed. Falling back to Torch Norm
  warnings.warn("Apex is not installed. Falling back to Torch Norm")
/root/.cache/user_artifacts/mcore_318g61w_av3/megatron/core/models/gpt/gpt_layer_specs.py:74: UserWarning: Apex is not installed. Falling back to Torch Norm
  warnings.warn("Apex is not installed. Falling back to Torch Norm")
/root/.cache/user_artifacts/mcore_318g61w_av3/megatron/core/models/gpt/gpt_layer_specs.py:74: UserWarning: Apex is not installed. Falling back to Torch Norm
  warnings.warn("Apex is not installed. Falling back to Torch Norm")
/root/.cache/user_artifacts/mcore_318g61w_av3/megatron/core/models/gpt/gpt_layer_specs.py:74: UserWarning: Apex is not installed. Falling back to Torch Norm
  warnings.warn("Apex is not installed. Falling back to Torch Norm")
/root/.cache/user_artifacts/mcore_318g61w_av3/megatron/core/models/gpt/gpt_layer_specs.py:74: UserWarning: Apex is not installed. Falling back to Torch Norm
  warnings.warn("Apex is not installed. Falling back to Torch Norm")
/root/.cache/user_artifacts/mcore_318g61w_av3/megatron/core/models/gpt/gpt_layer_specs.py:74: UserWarning: Apex is not installed. Falling back to Torch Norm
  warnings.warn("Apex is not installed. Falling back to Torch Norm")
/root/.cache/user_artifacts/mcore_318g61w_av3/megatron/core/models/gpt/gpt_layer_specs.py:74: UserWarning: Apex is not installed. Falling back to Torch Norm
  warnings.warn("Apex is not installed. Falling back to Torch Norm")
/root/.cache/user_artifacts/mcore_318g61w_av3/megatron/core/models/gpt/gpt_layer_specs.py:74: UserWarning: Apex is not installed. Falling back to Torch Norm
  warnings.warn("Apex is not installed. Falling back to Torch Norm")
/root/.cache/user_artifacts/mcore_318g61w_av3/megatron/core/models/backends.py:34: UserWarning: Apex is not installed. Falling back to Torch Norm
  warnings.warn("Apex is not installed. Falling back to Torch Norm")
/root/.cache/user_artifacts/mcore_318g61w_av3/megatron/core/models/backends.py:34: UserWarning: Apex is not installed. Falling back to Torch Norm
  warnings.warn("Apex is not installed. Falling back to Torch Norm")
/root/.cache/user_artifacts/mcore_318g61w_av3/megatron/core/models/backends.py:34: UserWarning: Apex is not installed. Falling back to Torch Norm
  warnings.warn("Apex is not installed. Falling back to Torch Norm")
/root/.cache/user_artifacts/mcore_318g61w_av3/megatron/core/models/backends.py:34: UserWarning: Apex is not installed. Falling back to Torch Norm
  warnings.warn("Apex is not installed. Falling back to Torch Norm")
/root/.cache/user_artifacts/mcore_318g61w_av3/megatron/core/models/backends.py:34: UserWarning: Apex is not installed. Falling back to Torch Norm
  warnings.warn("Apex is not installed. Falling back to Torch Norm")
/root/.cache/user_artifacts/mcore_318g61w_av3/megatron/core/models/backends.py:34: UserWarning: Apex is not installed. Falling back to Torch Norm
  warnings.warn("Apex is not installed. Falling back to Torch Norm")
/root/.cache/user_artifacts/mcore_318g61w_av3/megatron/core/models/backends.py:34: UserWarning: Apex is not installed. Falling back to Torch Norm
  warnings.warn("Apex is not installed. Falling back to Torch Norm")
/root/.cache/user_artifacts/mcore_318g61w_av3/megatron/core/models/backends.py:34: UserWarning: Apex is not installed. Falling back to Torch Norm
  warnings.warn("Apex is not installed. Falling back to Torch Norm")
/root/.cache/user_artifacts/mcore_318g61w_av3/megatron/core/models/gpt/gpt_layer_specs.py:74: UserWarning: Apex is not installed. Falling back to Torch Norm
  warnings.warn("Apex is not installed. Falling back to Torch Norm")
/root/.cache/user_artifacts/mcore_318g61w_av3/megatron/core/models/gpt/gpt_layer_specs.py:74: UserWarning: Apex is not installed. Falling back to Torch Norm
  warnings.warn("Apex is not installed. Falling back to Torch Norm")
/root/.cache/user_artifacts/mcore_318g61w_av3/megatron/core/models/gpt/gpt_layer_specs.py:74: UserWarning: Apex is not installed. Falling back to Torch Norm
  warnings.warn("Apex is not installed. Falling back to Torch Norm")
/root/.cache/user_artifacts/mcore_318g61w_av3/megatron/core/models/gpt/gpt_layer_specs.py:74: UserWarning: Apex is not installed. Falling back to Torch Norm
  warnings.warn("Apex is not installed. Falling back to Torch Norm")
/root/.cache/user_artifacts/mcore_318g61w_av3/megatron/core/models/gpt/gpt_layer_specs.py:74: UserWarning: Apex is not installed. Falling back to Torch Norm
  warnings.warn("Apex is not installed. Falling back to Torch Norm")
/root/.cache/user_artifacts/mcore_318g61w_av3/megatron/core/models/gpt/gpt_layer_specs.py:74: UserWarning: Apex is not installed. Falling back to Torch Norm
  warnings.warn("Apex is not installed. Falling back to Torch Norm")
/root/.cache/user_artifacts/mcore_318g61w_av3/megatron/core/models/gpt/gpt_layer_specs.py:74: UserWarning: Apex is not installed. Falling back to Torch Norm
  warnings.warn("Apex is not installed. Falling back to Torch Norm")
/root/.cache/user_artifacts/mcore_318g61w_av3/megatron/core/models/gpt/gpt_layer_specs.py:74: UserWarning: Apex is not installed. Falling back to Torch Norm
  warnings.warn("Apex is not installed. Falling back to Torch Norm")
/root/.cache/user_artifacts/trainers_main/server/.venv/lib/python3.12/site-packages/modelopt/torch/__init__.py:53: UserWarning: transformers>=5.0 support is experimental. Unified Hugging Face checkpoint export for quantized checkpoints may not work for some models yet.
  _warnings.warn(
/root/.cache/user_artifacts/trainers_main/server/.venv/lib/python3.12/site-packages/modelopt/torch/__init__.py:53: UserWarning: transformers>=5.0 support is experimental. Unified Hugging Face checkpoint export for quantized checkpoints may not work for some models yet.
  _warnings.warn(
/root/.cache/user_artifacts/trainers_main/server/.venv/lib/python3.12/site-packages/modelopt/torch/__init__.py:53: UserWarning: transformers>=5.0 support is experimental. Unified Hugging Face checkpoint export for quantized checkpoints may not work for some models yet.
  _warnings.warn(
/root/.cache/user_artifacts/trainers_main/server/.venv/lib/python3.12/site-packages/modelopt/torch/__init__.py:53: UserWarning: transformers>=5.0 support is experimental. Unified Hugging Face checkpoint export for quantized checkpoints may not work for some models yet.
  _warnings.warn(
/root/.cache/user_artifacts/trainers_main/server/.venv/lib/python3.12/site-packages/modelopt/torch/__init__.py:53: UserWarning: transformers>=5.0 support is experimental. Unified Hugging Face checkpoint export for quantized checkpoints may not work for some models yet.
  _warnings.warn(
/root/.cache/user_artifacts/trainers_main/server/.venv/lib/python3.12/site-packages/modelopt/torch/__init__.py:53: UserWarning: transformers>=5.0 support is experimental. Unified Hugging Face checkpoint export for quantized checkpoints may not work for some models yet.
  _warnings.warn(
/root/.cache/user_artifacts/trainers_main/server/.venv/lib/python3.12/site-packages/modelopt/torch/__init__.py:53: UserWarning: transformers>=5.0 support is experimental. Unified Hugging Face checkpoint export for quantized checkpoints may not work for some models yet.
  _warnings.warn(
/root/.cache/user_artifacts/trainers_main/server/.venv/lib/python3.12/site-packages/modelopt/torch/__init__.py:53: UserWarning: transformers>=5.0 support is experimental. Unified Hugging Face checkpoint export for quantized checkpoints may not work for some models yet.
  _warnings.warn(
/root/.cache/user_artifacts/mcore_318g61w_av3/megatron/core/models/gpt/heterogeneous/heterogeneous_layer_specs.py:68: UserWarning: Apex is not installed. Falling back to Torch Norm
  warnings.warn("Apex is not installed. Falling back to Torch Norm")
/root/.cache/user_artifacts/mcore_318g61w_av3/megatron/core/models/gpt/heterogeneous/heterogeneous_layer_specs.py:68: UserWarning: Apex is not installed. Falling back to Torch Norm
  warnings.warn("Apex is not installed. Falling back to Torch Norm")
/root/.cache/user_artifacts/mcore_318g61w_av3/megatron/core/models/gpt/heterogeneous/heterogeneous_layer_specs.py:68: UserWarning: Apex is not installed. Falling back to Torch Norm
  warnings.warn("Apex is not installed. Falling back to Torch Norm")
/root/.cache/user_artifacts/mcore_318g61w_av3/megatron/core/models/gpt/heterogeneous/heterogeneous_layer_specs.py:68: UserWarning: Apex is not installed. Falling back to Torch Norm
  warnings.warn("Apex is not installed. Falling back to Torch Norm")
/root/.cache/user_artifacts/mcore_318g61w_av3/megatron/core/models/gpt/heterogeneous/heterogeneous_layer_specs.py:68: UserWarning: Apex is not installed. Falling back to Torch Norm
  warnings.warn("Apex is not installed. Falling back to Torch Norm")
/root/.cache/user_artifacts/mcore_318g61w_av3/megatron/core/models/gpt/heterogeneous/heterogeneous_layer_specs.py:68: UserWarning: Apex is not installed. Falling back to Torch Norm
  warnings.warn("Apex is not installed. Falling back to Torch Norm")
/root/.cache/user_artifacts/mcore_318g61w_av3/megatron/core/models/gpt/heterogeneous/heterogeneous_layer_specs.py:68: UserWarning: Apex is not installed. Falling back to Torch Norm
  warnings.warn("Apex is not installed. Falling back to Torch Norm")
/root/.cache/user_artifacts/mcore_318g61w_av3/megatron/core/models/gpt/heterogeneous/heterogeneous_layer_specs.py:68: UserWarning: Apex is not installed. Falling back to Torch Norm
  warnings.warn("Apex is not installed. Falling back to Torch Norm")
/root/.cache/user_artifacts/mcore_318g61w_av3/megatron/core/models/vision/vit_layer_specs.py:31: UserWarning: Apex is not installed. Falling back to Torch Norm
  warnings.warn("Apex is not installed. Falling back to Torch Norm")
/root/.cache/user_artifacts/mcore_318g61w_av3/megatron/core/models/vision/vit_layer_specs.py:31: UserWarning: Apex is not installed. Falling back to Torch Norm
  warnings.warn("Apex is not installed. Falling back to Torch Norm")
/root/.cache/user_artifacts/mcore_318g61w_av3/megatron/core/models/vision/vit_layer_specs.py:31: UserWarning: Apex is not installed. Falling back to Torch Norm
  warnings.warn("Apex is not installed. Falling back to Torch Norm")
/root/.cache/user_artifacts/mcore_318g61w_av3/megatron/core/models/vision/vit_layer_specs.py:31: UserWarning: Apex is not installed. Falling back to Torch Norm
  warnings.warn("Apex is not installed. Falling back to Torch Norm")
/root/.cache/user_artifacts/mcore_318g61w_av3/megatron/core/models/vision/vit_layer_specs.py:31: UserWarning: Apex is not installed. Falling back to Torch Norm
  warnings.warn("Apex is not installed. Falling back to Torch Norm")
/root/.cache/user_artifacts/mcore_318g61w_av3/megatron/core/models/vision/vit_layer_specs.py:31: UserWarning: Apex is not installed. Falling back to Torch Norm
  warnings.warn("Apex is not installed. Falling back to Torch Norm")
/root/.cache/user_artifacts/mcore_318g61w_av3/megatron/core/models/vision/vit_layer_specs.py:31: UserWarning: Apex is not installed. Falling back to Torch Norm
  warnings.warn("Apex is not installed. Falling back to Torch Norm")
/root/.cache/user_artifacts/mcore_318g61w_av3/megatron/core/models/vision/vit_layer_specs.py:31: UserWarning: Apex is not installed. Falling back to Torch Norm
  warnings.warn("Apex is not installed. Falling back to Torch Norm")
/root/.cache/user_artifacts/trainers_main/server/.venv/lib/python3.12/site-packages/modelopt/torch/__init__.py:53: UserWarning: transformers>=5.0 support is experimental. Unified Hugging Face checkpoint export for quantized checkpoints may not work for some models yet.
  _warnings.warn(
/root/.cache/user_artifacts/trainers_main/server/.venv/lib/python3.12/site-packages/modelopt/torch/__init__.py:53: UserWarning: transformers>=5.0 support is experimental. Unified Hugging Face checkpoint export for quantized checkpoints may not work for some models yet.
  _warnings.warn(
/root/.cache/user_artifacts/trainers_main/server/.venv/lib/python3.12/site-packages/modelopt/torch/__init__.py:53: UserWarning: transformers>=5.0 support is experimental. Unified Hugging Face checkpoint export for quantized checkpoints may not work for some models yet.
  _warnings.warn(
/root/.cache/user_artifacts/trainers_main/server/.venv/lib/python3.12/site-packages/modelopt/torch/__init__.py:53: UserWarning: transformers>=5.0 support is experimental. Unified Hugging Face checkpoint export for quantized checkpoints may not work for some models yet.
  _warnings.warn(
/root/.cache/user_artifacts/trainers_main/server/.venv/lib/python3.12/site-packages/modelopt/torch/__init__.py:53: UserWarning: transformers>=5.0 support is experimental. Unified Hugging Face checkpoint export for quantized checkpoints may not work for some models yet.
  _warnings.warn(
/root/.cache/user_artifacts/trainers_main/server/.venv/lib/python3.12/site-packages/modelopt/torch/__init__.py:53: UserWarning: transformers>=5.0 support is experimental. Unified Hugging Face checkpoint export for quantized checkpoints may not work for some models yet.
  _warnings.warn(
/root/.cache/user_artifacts/trainers_main/server/.venv/lib/python3.12/site-packages/modelopt/torch/__init__.py:53: UserWarning: transformers>=5.0 support is experimental. Unified Hugging Face checkpoint export for quantized checkpoints may not work for some models yet.
  _warnings.warn(
/root/.cache/user_artifacts/trainers_main/server/.venv/lib/python3.12/site-packages/modelopt/torch/__init__.py:53: UserWarning: transformers>=5.0 support is experimental. Unified Hugging Face checkpoint export for quantized checkpoints may not work for some models yet.
  _warnings.warn(
/root/.cache/user_artifacts/mcore_318g61w_av3/megatron/core/models/gpt/heterogeneous/heterogeneous_layer_specs.py:68: UserWarning: Apex is not installed. Falling back to Torch Norm
  warnings.warn("Apex is not installed. Falling back to Torch Norm")
/root/.cache/user_artifacts/mcore_318g61w_av3/megatron/core/models/gpt/heterogeneous/heterogeneous_layer_specs.py:68: UserWarning: Apex is not installed. Falling back to Torch Norm
  warnings.warn("Apex is not installed. Falling back to Torch Norm")
/root/.cache/user_artifacts/mcore_318g61w_av3/megatron/core/models/gpt/heterogeneous/heterogeneous_layer_specs.py:68: UserWarning: Apex is not installed. Falling back to Torch Norm
  warnings.warn("Apex is not installed. Falling back to Torch Norm")
/root/.cache/user_artifacts/mcore_318g61w_av3/megatron/core/models/gpt/heterogeneous/heterogeneous_layer_specs.py:68: UserWarning: Apex is not installed. Falling back to Torch Norm
  warnings.warn("Apex is not installed. Falling back to Torch Norm")
/root/.cache/user_artifacts/mcore_318g61w_av3/megatron/core/models/gpt/heterogeneous/heterogeneous_layer_specs.py:68: UserWarning: Apex is not installed. Falling back to Torch Norm
  warnings.warn("Apex is not installed. Falling back to Torch Norm")
/root/.cache/user_artifacts/mcore_318g61w_av3/megatron/core/models/gpt/heterogeneous/heterogeneous_layer_specs.py:68: UserWarning: Apex is not installed. Falling back to Torch Norm
  warnings.warn("Apex is not installed. Falling back to Torch Norm")
/root/.cache/user_artifacts/mcore_318g61w_av3/megatron/core/models/gpt/heterogeneous/heterogeneous_layer_specs.py:68: UserWarning: Apex is not installed. Falling back to Torch Norm
  warnings.warn("Apex is not installed. Falling back to Torch Norm")
/root/.cache/user_artifacts/mcore_318g61w_av3/megatron/core/models/gpt/heterogeneous/heterogeneous_layer_specs.py:68: UserWarning: Apex is not installed. Falling back to Torch Norm
  warnings.warn("Apex is not installed. Falling back to Torch Norm")
/root/.cache/user_artifacts/mcore_318g61w_av3/megatron/core/models/vision/vit_layer_specs.py:31: UserWarning: Apex is not installed. Falling back to Torch Norm
  warnings.warn("Apex is not installed. Falling back to Torch Norm")
/root/.cache/user_artifacts/mcore_318g61w_av3/megatron/core/models/vision/vit_layer_specs.py:31: UserWarning: Apex is not installed. Falling back to Torch Norm
  warnings.warn("Apex is not installed. Falling back to Torch Norm")
/root/.cache/user_artifacts/mcore_318g61w_av3/megatron/core/models/vision/vit_layer_specs.py:31: UserWarning: Apex is not installed. Falling back to Torch Norm
  warnings.warn("Apex is not installed. Falling back to Torch Norm")
/root/.cache/user_artifacts/mcore_318g61w_av3/megatron/core/models/vision/vit_layer_specs.py:31: UserWarning: Apex is not installed. Falling back to Torch Norm
  warnings.warn("Apex is not installed. Falling back to Torch Norm")
/root/.cache/user_artifacts/mcore_318g61w_av3/megatron/core/models/vision/vit_layer_specs.py:31: UserWarning: Apex is not installed. Falling back to Torch Norm
  warnings.warn("Apex is not installed. Falling back to Torch Norm")
/root/.cache/user_artifacts/mcore_318g61w_av3/megatron/core/models/vision/vit_layer_specs.py:31: UserWarning: Apex is not installed. Falling back to Torch Norm
  warnings.warn("Apex is not installed. Falling back to Torch Norm")
/root/.cache/user_artifacts/mcore_318g61w_av3/megatron/core/models/vision/vit_layer_specs.py:31: UserWarning: Apex is not installed. Falling back to Torch Norm
  warnings.warn("Apex is not installed. Falling back to Torch Norm")
/root/.cache/user_artifacts/mcore_318g61w_av3/megatron/core/models/vision/vit_layer_specs.py:31: UserWarning: Apex is not installed. Falling back to Torch Norm
  warnings.warn("Apex is not installed. Falling back to Torch Norm")
/root/.cache/user_artifacts/mcore_318g61w_av3/megatron/core/models/mimo/config/base_configs.py:12: UserWarning: MimoModelConfig is experimental and still under active development. The API may change without notice in future releases.
  class MimoModelConfig:
/root/.cache/user_artifacts/mcore_318g61w_av3/megatron/core/models/mimo/config/base_configs.py:12: UserWarning: MimoModelConfig is experimental and still under active development. The API may change without notice in future releases.
  class MimoModelConfig:
/root/.cache/user_artifacts/mcore_318g61w_av3/megatron/core/models/mimo/config/base_configs.py:12: UserWarning: MimoModelConfig is experimental and still under active development. The API may change without notice in future releases.
  class MimoModelConfig:
/root/.cache/user_artifacts/mcore_318g61w_av3/megatron/core/models/mimo/config/base_configs.py:12: UserWarning: MimoModelConfig is experimental and still under active development. The API may change without notice in future releases.
  class MimoModelConfig:
/root/.cache/user_artifacts/mcore_318g61w_av3/megatron/core/models/mimo/config/base_configs.py:12: UserWarning: MimoModelConfig is experimental and still under active development. The API may change without notice in future releases.
  class MimoModelConfig:
/root/.cache/user_artifacts/mcore_318g61w_av3/megatron/core/models/mimo/config/base_configs.py:12: UserWarning: MimoModelConfig is experimental and still under active development. The API may change without notice in future releases.
  class MimoModelConfig:
/root/.cache/user_artifacts/mcore_318g61w_av3/megatron/core/models/mimo/config/base_configs.py:12: UserWarning: MimoModelConfig is experimental and still under active development. The API may change without notice in future releases.
  class MimoModelConfig:
/root/.cache/user_artifacts/mcore_318g61w_av3/megatron/core/models/mimo/config/base_configs.py:12: UserWarning: MimoModelConfig is experimental and still under active development. The API may change without notice in future releases.
  class MimoModelConfig:
WARNING:megatron.bridge.models.conversion.auto_bridge:Loading a model with trust_remote_code=True allows arbitrary code execution from the model repository. Only use this with models you trust.
WARNING:megatron.bridge.models.conversion.auto_bridge:Loading a model with trust_remote_code=True allows arbitrary code execution from the model repository. Only use this with models you trust.
WARNING:megatron.bridge.models.conversion.auto_bridge:Loading a model with trust_remote_code=True allows arbitrary code execution from the model repository. Only use this with models you trust.
WARNING:megatron.bridge.models.conversion.auto_bridge:Loading a model with trust_remote_code=True allows arbitrary code execution from the model repository. Only use this with models you trust.
WARNING:megatron.bridge.models.conversion.auto_bridge:Loading a model with trust_remote_code=True allows arbitrary code execution from the model repository. Only use this with models you trust.
WARNING:megatron.bridge.models.conversion.auto_bridge:Loading a model with trust_remote_code=True allows arbitrary code execution from the model repository. Only use this with models you trust.
WARNING:megatron.bridge.models.conversion.auto_bridge:Loading a model with trust_remote_code=True allows arbitrary code execution from the model repository. Only use this with models you trust.
WARNING:megatron.bridge.models.conversion.auto_bridge:Loading a model with trust_remote_code=True allows arbitrary code execution from the model repository. Only use this with models you trust.
/root/.cache/user_artifacts/mcore_318g61w_av3/megatron/core/models/mimo/config/base_configs.py:12: UserWarning: MimoModelConfig is experimental and still under active development. The API may change without notice in future releases.
  class MimoModelConfig:
/root/.cache/user_artifacts/mcore_318g61w_av3/megatron/core/models/mimo/config/base_configs.py:12: UserWarning: MimoModelConfig is experimental and still under active development. The API may change without notice in future releases.
  class MimoModelConfig:
/root/.cache/user_artifacts/mcore_318g61w_av3/megatron/core/models/mimo/config/base_configs.py:12: UserWarning: MimoModelConfig is experimental and still under active development. The API may change without notice in future releases.
  class MimoModelConfig:
/root/.cache/user_artifacts/mcore_318g61w_av3/megatron/core/models/mimo/config/base_configs.py:12: UserWarning: MimoModelConfig is experimental and still under active development. The API may change without notice in future releases.
  class MimoModelConfig:
/root/.cache/user_artifacts/mcore_318g61w_av3/megatron/core/models/mimo/config/base_configs.py:12: UserWarning: MimoModelConfig is experimental and still under active development. The API may change without notice in future releases.
  class MimoModelConfig:
/root/.cache/user_artifacts/mcore_318g61w_av3/megatron/core/models/mimo/config/base_configs.py:12: UserWarning: MimoModelConfig is experimental and still under active development. The API may change without notice in future releases.
  class MimoModelConfig:
/root/.cache/user_artifacts/mcore_318g61w_av3/megatron/core/models/mimo/config/base_configs.py:12: UserWarning: MimoModelConfig is experimental and still under active development. The API may change without notice in future releases.
  class MimoModelConfig:
/root/.cache/user_artifacts/mcore_318g61w_av3/megatron/core/models/mimo/config/base_configs.py:12: UserWarning: MimoModelConfig is experimental and still under active development. The API may change without notice in future releases.
  class MimoModelConfig:
WARNING:megatron.bridge.models.conversion.auto_bridge:Loading a model with trust_remote_code=True allows arbitrary code execution from the model repository. Only use this with models you trust.
WARNING:megatron.bridge.models.conversion.auto_bridge:Loading a model with trust_remote_code=True allows arbitrary code execution from the model repository. Only use this with models you trust.
WARNING:megatron.bridge.models.conversion.auto_bridge:Loading a model with trust_remote_code=True allows arbitrary code execution from the model repository. Only use this with models you trust.
WARNING:megatron.bridge.models.conversion.auto_bridge:Loading a model with trust_remote_code=True allows arbitrary code execution from the model repository. Only use this with models you trust.
WARNING:megatron.bridge.models.conversion.auto_bridge:Loading a model with trust_remote_code=True allows arbitrary code execution from the model repository. Only use this with models you trust.
WARNING:megatron.bridge.models.conversion.auto_bridge:Loading a model with trust_remote_code=True allows arbitrary code execution from the model repository. Only use this with models you trust.
WARNING:megatron.bridge.models.conversion.auto_bridge:Loading a model with trust_remote_code=True allows arbitrary code execution from the model repository. Only use this with models you trust.
[transformers] `torch_dtype` is deprecated! Use `dtype` instead!
WARNING:megatron.bridge.models.conversion.auto_bridge:Loading a model with trust_remote_code=True allows arbitrary code execution from the model repository. Only use this with models you trust.
INFO:trainers_server.dp_worker.api.megatron_controller:LoRA config: rank=32 alpha=64 (explicit) -> forward scale=2
INFO:trainers_server.dp_worker.api.megatron_controller:Installed TE get_attention_backend logging wrapper
INFO:trainers_server.dp_worker.api.megatron_controller:attention_backend=AttnBackend.flash (set from trainer config)
/root/.cache/user_artifacts/mcore_318g61w_av3/megatron/core/transformer/transformer_config.py:2379: UserWarning: full scope is deprecated. Use empty cuda_graph_modules to capture the whole layer.
  warnings.warn(
[transformers] `torch_dtype` is deprecated! Use `dtype` instead!
[transformers] `torch_dtype` is deprecated! Use `dtype` instead!
INFO:trainers_server.dp_worker.api.megatron_controller:LoRA config: rank=32 alpha=64 (explicit) -> forward scale=2
INFO:trainers_server.dp_worker.api.megatron_controller:Installed TE get_attention_backend logging wrapper
INFO:trainers_server.dp_worker.api.megatron_controller:attention_backend=AttnBackend.flash (set from trainer config)
/root/.cache/user_artifacts/mcore_318g61w_av3/megatron/core/transformer/transformer_config.py:2379: UserWarning: full scope is deprecated. Use empty cuda_graph_modules to capture the whole layer.
  warnings.warn(
INFO:trainers_server.dp_worker.api.megatron_controller:LoRA config: rank=32 alpha=64 (explicit) -> forward scale=2
INFO:trainers_server.dp_worker.api.megatron_controller:Installed TE get_attention_backend logging wrapper
INFO:trainers_server.dp_worker.api.megatron_controller:attention_backend=AttnBackend.flash (set from trainer config)
/root/.cache/user_artifacts/mcore_318g61w_av3/megatron/core/transformer/transformer_config.py:2379: UserWarning: full scope is deprecated. Use empty cuda_graph_modules to capture the whole layer.
  warnings.warn(
[transformers] `torch_dtype` is deprecated! Use `dtype` instead!
[transformers] `torch_dtype` is deprecated! Use `dtype` instead!
INFO:trainers_server.dp_worker.api.megatron_controller:LoRA config: rank=32 alpha=64 (explicit) -> forward scale=2
INFO:trainers_server.dp_worker.api.megatron_controller:Installed TE get_attention_backend logging wrapper
INFO:trainers_server.dp_worker.api.megatron_controller:attention_backend=AttnBackend.flash (set from trainer config)
/root/.cache/user_artifacts/mcore_318g61w_av3/megatron/core/transformer/transformer_config.py:2379: UserWarning: full scope is deprecated. Use empty cuda_graph_modules to capture the whole layer.
  warnings.warn(
INFO:trainers_server.dp_worker.api.megatron_controller:LoRA config: rank=32 alpha=64 (explicit) -> forward scale=2
INFO:trainers_server.dp_worker.api.megatron_controller:Installed TE get_attention_backend logging wrapper
INFO:trainers_server.dp_worker.api.megatron_controller:attention_backend=AttnBackend.flash (set from trainer config)
/root/.cache/user_artifacts/mcore_318g61w_av3/megatron/core/transformer/transformer_config.py:2379: UserWarning: full scope is deprecated. Use empty cuda_graph_modules to capture the whole layer.
  warnings.warn(
[transformers] `torch_dtype` is deprecated! Use `dtype` instead!
[transformers] `torch_dtype` is deprecated! Use `dtype` instead!
INFO:trainers_server.dp_worker.api.megatron_controller:LoRA config: rank=32 alpha=64 (explicit) -> forward scale=2
INFO:trainers_server.dp_worker.api.megatron_controller:Installed TE get_attention_backend logging wrapper
INFO:trainers_server.dp_worker.api.megatron_controller:attention_backend=AttnBackend.flash (set from trainer config)
/root/.cache/user_artifacts/mcore_318g61w_av3/megatron/core/transformer/transformer_config.py:2379: UserWarning: full scope is deprecated. Use empty cuda_graph_modules to capture the whole layer.
  warnings.warn(
INFO:trainers_server.dp_worker.api.megatron_controller:LoRA config: rank=32 alpha=64 (explicit) -> forward scale=2
INFO:trainers_server.dp_worker.api.megatron_controller:Installed TE get_attention_backend logging wrapper
INFO:trainers_server.dp_worker.api.megatron_controller:attention_backend=AttnBackend.flash (set from trainer config)
/root/.cache/user_artifacts/mcore_318g61w_av3/megatron/core/transformer/transformer_config.py:2379: UserWarning: full scope is deprecated. Use empty cuda_graph_modules to capture the whole layer.
  warnings.warn(
[transformers] `torch_dtype` is deprecated! Use `dtype` instead!
[transformers] `torch_dtype` is deprecated! Use `dtype` instead!
INFO:trainers_server.dp_worker.api.megatron_controller:LoRA config: rank=32 alpha=64 (explicit) -> forward scale=2
INFO:trainers_server.dp_worker.api.megatron_controller:Installed TE get_attention_backend logging wrapper
INFO:trainers_server.dp_worker.api.megatron_controller:attention_backend=AttnBackend.flash (set from trainer config)
/root/.cache/user_artifacts/mcore_318g61w_av3/megatron/core/transformer/transformer_config.py:2379: UserWarning: full scope is deprecated. Use empty cuda_graph_modules to capture the whole layer.
  warnings.warn(
INFO:trainers_server.dp_worker.api.megatron_controller:LoRA config: rank=32 alpha=64 (explicit) -> forward scale=2
INFO:trainers_server.dp_worker.api.megatron_controller:Installed TE get_attention_backend logging wrapper
INFO:trainers_server.dp_worker.api.megatron_controller:attention_backend=AttnBackend.flash (set from trainer config)
/root/.cache/user_artifacts/mcore_318g61w_av3/megatron/core/transformer/transformer_config.py:2379: UserWarning: full scope is deprecated. Use empty cuda_graph_modules to capture the whole layer.
  warnings.warn(
[transformers] `torch_dtype` is deprecated! Use `dtype` instead!
[transformers] `torch_dtype` is deprecated! Use `dtype` instead!
INFO:trainers_server.dp_worker.api.megatron_controller:LoRA config: rank=32 alpha=64 (explicit) -> forward scale=2
INFO:trainers_server.dp_worker.api.megatron_controller:Installed TE get_attention_backend logging wrapper
INFO:trainers_server.dp_worker.api.megatron_controller:attention_backend=AttnBackend.flash (set from trainer config)
/root/.cache/user_artifacts/mcore_318g61w_av3/megatron/core/transformer/transformer_config.py:2379: UserWarning: full scope is deprecated. Use empty cuda_graph_modules to capture the whole layer.
  warnings.warn(
WARNING:megatron.core.rerun_state_machine:RerunStateMachine initialized in mode RerunMode.DISABLED
> initializing torch distributed ...
INFO:trainers_server.dp_worker.api.megatron_controller:LoRA config: rank=32 alpha=64 (explicit) -> forward scale=2
INFO:trainers_server.dp_worker.api.megatron_controller:Installed TE get_attention_backend logging wrapper
INFO:trainers_server.dp_worker.api.megatron_controller:attention_backend=AttnBackend.flash (set from trainer config)
/root/.cache/user_artifacts/mcore_318g61w_av3/megatron/core/transformer/transformer_config.py:2379: UserWarning: full scope is deprecated. Use empty cuda_graph_modules to capture the whole layer.
  warnings.warn(
[transformers] `torch_dtype` is deprecated! Use `dtype` instead!
[transformers] `torch_dtype` is deprecated! Use `dtype` instead!
INFO:trainers_server.dp_worker.api.megatron_controller:LoRA config: rank=32 alpha=64 (explicit) -> forward scale=2
INFO:trainers_server.dp_worker.api.megatron_controller:Installed TE get_attention_backend logging wrapper
INFO:trainers_server.dp_worker.api.megatron_controller:attention_backend=AttnBackend.flash (set from trainer config)
/root/.cache/user_artifacts/mcore_318g61w_av3/megatron/core/transformer/transformer_config.py:2379: UserWarning: full scope is deprecated. Use empty cuda_graph_modules to capture the whole layer.
  warnings.warn(
INFO:trainers_server.dp_worker.api.megatron_controller:LoRA config: rank=32 alpha=64 (explicit) -> forward scale=2
INFO:trainers_server.dp_worker.api.megatron_controller:Installed TE get_attention_backend logging wrapper
INFO:trainers_server.dp_worker.api.megatron_controller:attention_backend=AttnBackend.flash (set from trainer config)
/root/.cache/user_artifacts/mcore_318g61w_av3/megatron/core/transformer/transformer_config.py:2379: UserWarning: full scope is deprecated. Use empty cuda_graph_modules to capture the whole layer.
  warnings.warn(
[transformers] `torch_dtype` is deprecated! Use `dtype` instead!
[transformers] `torch_dtype` is deprecated! Use `dtype` instead!
INFO:trainers_server.dp_worker.api.megatron_controller:LoRA config: rank=32 alpha=64 (explicit) -> forward scale=2
INFO:trainers_server.dp_worker.api.megatron_controller:Installed TE get_attention_backend logging wrapper
INFO:trainers_server.dp_worker.api.megatron_controller:attention_backend=AttnBackend.flash (set from trainer config)
/root/.cache/user_artifacts/mcore_318g61w_av3/megatron/core/transformer/transformer_config.py:2379: UserWarning: full scope is deprecated. Use empty cuda_graph_modules to capture the whole layer.
  warnings.warn(
INFO:trainers_server.dp_worker.api.megatron_controller:LoRA config: rank=32 alpha=64 (explicit) -> forward scale=2
INFO:trainers_server.dp_worker.api.megatron_controller:Installed TE get_attention_backend logging wrapper
INFO:trainers_server.dp_worker.api.megatron_controller:attention_backend=AttnBackend.flash (set from trainer config)
/root/.cache/user_artifacts/mcore_318g61w_av3/megatron/core/transformer/transformer_config.py:2379: UserWarning: full scope is deprecated. Use empty cuda_graph_modules to capture the whole layer.
  warnings.warn(
[transformers] `torch_dtype` is deprecated! Use `dtype` instead!
INFO:trainers_server.dp_worker.api.megatron_controller:LoRA config: rank=32 alpha=64 (explicit) -> forward scale=2
INFO:trainers_server.dp_worker.api.megatron_controller:Installed TE get_attention_backend logging wrapper
INFO:trainers_server.dp_worker.api.megatron_controller:attention_backend=AttnBackend.flash (set from trainer config)
/root/.cache/user_artifacts/mcore_318g61w_av3/megatron/core/transformer/transformer_config.py:2379: UserWarning: full scope is deprecated. Use empty cuda_graph_modules to capture the whole layer.
  warnings.warn(
> initialized tensor model parallel with size 1
> initialized pipeline model parallel with size 1
> setting random seeds to 1234 ...
> compiling dataset index builder ...
> compiling dataset index builder ...
make: Entering directory '/root/.cache/user_artifacts/mcore_318g61w_av3/megatron/core/datasets'
make: Entering directory '/root/.cache/user_artifacts/mcore_318g61w_av3/megatron/core/datasets'
make: Nothing to be done for 'default'.
make: Leaving directory '/root/.cache/user_artifacts/mcore_318g61w_av3/megatron/core/datasets'
>>> done with dataset index builder. Compilation time: 0.036 seconds
make: Nothing to be done for 'default'.
make: Leaving directory '/root/.cache/user_artifacts/mcore_318g61w_av3/megatron/core/datasets'
>>> done with dataset index builder. Compilation time: 0.040 seconds
/root/.cache/user_artifacts/trainers_main/server/.venv/lib/python3.12/site-packages/torch/distributed/c10d_logger.py:83: UserWarning: barrier(): using the device under current context. You can specify `device_id` in `init_process_group` to mute this warning.
  return func(*args, **kwargs)
WARNING:megatron.core.transformer.moe.token_dispatcher:BT_MOE_PROBS_A2A_COMM=1: MoE probs all-to-all on a second communicator ACTIVE
WARNING:megatron.core.transformer.moe.token_dispatcher:BT_MOE_PROBS_A2A_COMM: armed — second communicator created over 16 EP ranks (shared by all MoE layers)
WARNING:megatron.core.transformer.moe.token_dispatcher:BT_MOE_PROBS_A2A_COMM=1: MoE probs all-to-all on a second communicator ACTIVE
WARNING:megatron.core.transformer.moe.token_dispatcher:BT_MOE_PROBS_A2A_COMM: armed — second communicator created over 16 EP ranks (shared by all MoE layers)
WARNING:megatron.core.transformer.moe.token_dispatcher:BT_MOE_PROBS_A2A_COMM=1: MoE probs all-to-all on a second communicator ACTIVE
WARNING:megatron.core.transformer.moe.token_dispatcher:BT_MOE_PROBS_A2A_COMM: armed — second communicator created over 16 EP ranks (shared by all MoE layers)
WARNING:megatron.core.transformer.moe.token_dispatcher:BT_MOE_PROBS_A2A_COMM=1: MoE probs all-to-all on a second communicator ACTIVE
WARNING:megatron.core.transformer.moe.token_dispatcher:BT_MOE_PROBS_A2A_COMM: armed — second communicator created over 16 EP ranks (shared by all MoE layers)
WARNING:megatron.core.transformer.moe.token_dispatcher:BT_MOE_PROBS_A2A_COMM=1: MoE probs all-to-all on a second communicator ACTIVE
WARNING:megatron.core.transformer.moe.token_dispatcher:BT_MOE_PROBS_A2A_COMM=1: MoE probs all-to-all on a second communicator ACTIVE
WARNING:megatron.core.transformer.moe.token_dispatcher:BT_MOE_PROBS_A2A_COMM: armed — second communicator created over 16 EP ranks (shared by all MoE layers)
WARNING:megatron.core.transformer.moe.token_dispatcher:BT_MOE_PROBS_A2A_COMM: armed — second communicator created over 16 EP ranks (shared by all MoE layers)
WARNING:megatron.core.transformer.moe.token_dispatcher:BT_MOE_PROBS_A2A_COMM=1: MoE probs all-to-all on a second communicator ACTIVE
WARNING:megatron.core.transformer.moe.token_dispatcher:BT_MOE_PROBS_A2A_COMM: armed — second communicator created over 16 EP ranks (shared by all MoE layers)
WARNING:megatron.core.transformer.moe.token_dispatcher:BT_MOE_PROBS_A2A_COMM=1: MoE probs all-to-all on a second communicator ACTIVE
WARNING:megatron.core.transformer.moe.token_dispatcher:BT_MOE_PROBS_A2A_COMM: armed — second communicator created over 16 EP ranks (shared by all MoE layers)
WARNING:megatron.core.transformer.moe.token_dispatcher:BT_MOE_PROBS_A2A_COMM=1: MoE probs all-to-all on a second communicator ACTIVE
WARNING:megatron.core.transformer.moe.token_dispatcher:BT_MOE_PROBS_A2A_COMM: armed — second communicator created over 16 EP ranks (shared by all MoE layers)
WARNING:megatron.core.transformer.moe.token_dispatcher:BT_MOE_PROBS_A2A_COMM=1: MoE probs all-to-all on a second communicator ACTIVE
WARNING:megatron.core.transformer.moe.token_dispatcher:BT_MOE_PROBS_A2A_COMM: armed — second communicator created over 16 EP ranks (shared by all MoE layers)
WARNING:megatron.core.transformer.moe.token_dispatcher:BT_MOE_PROBS_A2A_COMM=1: MoE probs all-to-all on a second communicator ACTIVE
WARNING:megatron.core.transformer.moe.token_dispatcher:BT_MOE_PROBS_A2A_COMM: armed — second communicator created over 16 EP ranks (shared by all MoE layers)
WARNING:megatron.core.transformer.moe.token_dispatcher:BT_MOE_PROBS_A2A_COMM=1: MoE probs all-to-all on a second communicator ACTIVE
WARNING:megatron.core.transformer.moe.token_dispatcher:BT_MOE_PROBS_A2A_COMM: armed — second communicator created over 16 EP ranks (shared by all MoE layers)
WARNING:megatron.core.transformer.moe.token_dispatcher:BT_MOE_PROBS_A2A_COMM=1: MoE probs all-to-all on a second communicator ACTIVE
WARNING:megatron.core.transformer.moe.token_dispatcher:BT_MOE_PROBS_A2A_COMM=1: MoE probs all-to-all on a second communicator ACTIVE
WARNING:megatron.core.transformer.moe.token_dispatcher:BT_MOE_PROBS_A2A_COMM: armed — second communicator created over 16 EP ranks (shared by all MoE layers)
WARNING:megatron.core.transformer.moe.token_dispatcher:BT_MOE_PROBS_A2A_COMM: armed — second communicator created over 16 EP ranks (shared by all MoE layers)
WARNING:megatron.core.transformer.moe.token_dispatcher:BT_MOE_PROBS_A2A_COMM=1: MoE probs all-to-all on a second communicator ACTIVE
WARNING:megatron.core.transformer.moe.token_dispatcher:BT_MOE_PROBS_A2A_COMM: armed — second communicator created over 16 EP ranks (shared by all MoE layers)
WARNING:megatron.core.transformer.moe.token_dispatcher:BT_MOE_PROBS_A2A_COMM=1: MoE probs all-to-all on a second communicator ACTIVE
WARNING:megatron.core.transformer.moe.token_dispatcher:BT_MOE_PROBS_A2A_COMM: armed — second communicator created over 16 EP ranks (shared by all MoE layers)
Fetching 142 files:   0%|          | 0/142 [00:00<?, ?it/s]Fetching 142 files: 100%|██████████| 142/142 [00:00<00:00, 9908.19it/s]
Fetching 142 files:   0%|          | 0/142 [00:00<?, ?it/s]Fetching 142 files: 100%|██████████| 142/142 [00:00<00:00, 13734.69it/s]
Fetching 142 files:   0%|          | 0/142 [00:00<?, ?it/s]Fetching 142 files: 100%|██████████| 142/142 [00:00<00:00, 10032.36it/s]
Fetching 142 files:   0%|          | 0/142 [00:00<?, ?it/s]Fetching 142 files: 100%|██████████| 142/142 [00:00<00:00, 13288.81it/s]
Fetching 142 files:   0%|          | 0/142 [00:00<?, ?it/s]Fetching 142 files: 100%|██████████| 142/142 [00:00<00:00, 14297.16it/s]
Fetching 142 files:   0%|          | 0/142 [00:00<?, ?it/s]Fetching 142 files: 100%|██████████| 142/142 [00:00<00:00, 14421.44it/s]
Fetching 142 files:   0%|          | 0/142 [00:00<?, ?it/s]Fetching 142 files: 100%|██████████| 142/142 [00:00<00:00, 13838.41it/s]
Fetching 142 files:   0%|          | 0/142 [00:00<?, ?it/s]Fetching 142 files: 100%|██████████| 142/142 [00:00<00:00, 14112.87it/s]
Fetching 142 files:   0%|          | 0/142 [00:00<?, ?it/s]Fetching 142 files: 100%|██████████| 142/142 [00:00<00:00, 16829.84it/s]
Fetching 142 files:   0%|          | 0/142 [00:00<?, ?it/s]Fetching 142 files: 100%|██████████| 142/142 [00:00<00:00, 17201.69it/s]
Fetching 142 files:   0%|          | 0/142 [00:00<?, ?it/s]Fetching 142 files: 100%|██████████| 142/142 [00:00<00:00, 13784.92it/s]
Fetching 142 files:   0%|          | 0/142 [00:00<?, ?it/s]Fetching 142 files: 100%|██████████| 142/142 [00:00<00:00, 15970.59it/s]
Fetching 142 files:   0%|          | 0/142 [00:00<?, ?it/s]Fetching 142 files: 100%|██████████| 142/142 [00:00<00:00, 14390.43it/s]
Fetching 142 files:   0%|          | 0/142 [00:00<?, ?it/s]Fetching 142 files: 100%|██████████| 142/142 [00:00<00:00, 13740.08it/s]
Fetching 142 files:   0%|          | 0/142 [00:00<?, ?it/s]Fetching 142 files: 100%|██████████| 142/142 [00:00<00:00, 13006.16it/s]
Fetching 142 files:   0%|          | 0/142 [00:00<?, ?it/s]Fetching 142 files: 100%|██████████| 142/142 [00:00<00:00, 13854.18it/s]


INFO:trainers_server.dp_worker.api.megatron_controller:LoRA training: disabled dynamic MoE router expert-bias updates
INFO:trainers_server.dp_worker.api.megatron_controller:LoRA training: froze 75 MoE router expert-bias updates
INFO:trainers_server.dp_worker.api.megatron_controller:LoRA training: disabled dynamic MoE router expert-bias updates
INFO:trainers_server.dp_worker.api.megatron_controller:LoRA training: froze 75 MoE router expert-bias updates


INFO:trainers_server.dp_worker.api.megatron_controller:LoRA training: disabled dynamic MoE router expert-bias updates
INFO:trainers_server.dp_worker.api.megatron_controller:LoRA training: froze 75 MoE router expert-bias updates

INFO:trainers_server.dp_worker.api.megatron_controller:LoRA training: disabled dynamic MoE router expert-bias updates
INFO:trainers_server.dp_worker.api.megatron_controller:LoRA training: froze 75 MoE router expert-bias updates

INFO:trainers_server.dp_worker.api.megatron_controller:LoRA training: disabled dynamic MoE router expert-bias updates
INFO:trainers_server.dp_worker.api.megatron_controller:LoRA training: froze 75 MoE router expert-bias updates
INFO:trainers_server.dp_worker.api.megatron_controller:LoRA training: disabled dynamic MoE router expert-bias updates
INFO:trainers_server.dp_worker.api.megatron_controller:LoRA training: froze 75 MoE router expert-bias updates



INFO:trainers_server.dp_worker.api.megatron_controller:LoRA training: disabled dynamic MoE router expert-bias updates
INFO:trainers_server.dp_worker.api.megatron_controller:LoRA training: froze 75 MoE router expert-bias updates
INFO:trainers_server.dp_worker.api.megatron_controller:LoRA training: disabled dynamic MoE router expert-bias updates
INFO:trainers_server.dp_worker.api.megatron_controller:LoRA training: froze 75 MoE router expert-bias updates

INFO:trainers_server.dp_worker.api.megatron_controller:LoRA training: disabled dynamic MoE router expert-bias updates
INFO:trainers_server.dp_worker.api.megatron_controller:LoRA training: froze 75 MoE router expert-bias updates
INFO:trainers_server.dp_worker.api.megatron_controller:LoRA training: disabled dynamic MoE router expert-bias updates
INFO:trainers_server.dp_worker.api.megatron_controller:LoRA training: froze 75 MoE router expert-bias updates



INFO:trainers_server.dp_worker.api.megatron_controller:LoRA training: disabled dynamic MoE router expert-bias updates
INFO:trainers_server.dp_worker.api.megatron_controller:LoRA training: froze 75 MoE router expert-bias updates
INFO:trainers_server.dp_worker.api.megatron_controller:LoRA training: disabled dynamic MoE router expert-bias updates
INFO:trainers_server.dp_worker.api.megatron_controller:LoRA training: froze 75 MoE router expert-bias updates
Loading from zai-org/GLM-5.2-FP8 ━━━━━━━━━━━ 100% 0:00:00 (3516/3516) GLM5Bridge
INFO:trainers_server.dp_worker.api.megatron_controller:LoRA training: disabled dynamic MoE router expert-bias updates
INFO:trainers_server.dp_worker.api.megatron_controller:LoRA training: froze 75 MoE router expert-bias updates
[PEFT+Recompute] Patched decoder block forward to enable grad on hidden_states input. This ensures checkpoint backward is called when only adapters are trainable (PP=1 with frozen base model).
 > number of parameters on (tensor, pipeline) model parallel rank (0, 0): 64093317376
INFO:trainers_server.dp_worker.api.megatron_controller:LoRA training: disabled dynamic MoE router expert-bias updates
INFO:trainers_server.dp_worker.api.megatron_controller:LoRA training: froze 75 MoE router expert-bias updates

INFO:trainers_server.dp_worker.api.megatron_controller:LoRA training: disabled dynamic MoE router expert-bias updates
INFO:trainers_server.dp_worker.api.megatron_controller:LoRA training: froze 75 MoE router expert-bias updates

INFO:trainers_server.dp_worker.api.megatron_controller:LoRA training: disabled dynamic MoE router expert-bias updates
INFO:trainers_server.dp_worker.api.megatron_controller:LoRA training: froze 75 MoE router expert-bias updates
INFO:trainers_server.dp_worker.api.megatron_controller:weight_sync disabled
INFO:trainers_server.dp_worker.api.megatron_controller:MegatronBridgeController ready
INFO:trainers_server.dp_worker.api.megatron_controller:weight_sync disabled
INFO:trainers_server.dp_worker.api.megatron_controller:MegatronBridgeController ready
/root/.cache/user_artifacts/trainers_main/server/.venv/lib/python3.12/site-packages/torch/distributed/c10d_logger.py:83: UserWarning: barrier(): using the device under current context. You can specify `device_id` in `init_process_group` to mute this warning.
  return func(*args, **kwargs)
INFO:trainers_server.dp_worker.api.megatron_controller:weight_sync disabled
INFO:trainers_server.dp_worker.api.megatron_controller:MegatronBridgeController ready
INFO:trainers_server.dp_worker.api.megatron_controller:weight_sync disabled
[sitecustomize av3] megatron_core re-pointed -> /root/.cache/user_artifacts/mcore_318g61w_av3
[sitecustomize av3] megatron_core re-pointed -> /root/.cache/user_artifacts/mcore_318g61w_av3
[sitecustomize av3] megatron_core re-pointed -> /root/.cache/user_artifacts/mcore_318g61w_av3
[sitecustomize av3] megatron_core re-pointed -> /root/.cache/user_artifacts/mcore_318g61w_av3
[sitecustomize av3] megatron_core re-pointed -> /root/.cache/user_artifacts/mcore_318g61w_av3
INFO:trainers_server.dp_worker.api.megatron_controller:MegatronBridgeController ready
[sitecustomize av3] megatron_core re-pointed -> /root/.cache/user_artifacts/mcore_318g61w_av3
[sitecustomize av3] megatron_core re-pointed -> /root/.cache/user_artifacts/mcore_318g61w_av3
[sitecustomize av3] megatron_core re-pointed -> /root/.cache/user_artifacts/mcore_318g61w_av3INFO:trainers_server.dp_worker.api.megatron_controller:weight_sync disabled

INFO:trainers_server.dp_worker.api.megatron_controller:weight_sync disabled
[sitecustomize av3] megatron_core re-pointed -> /root/.cache/user_artifacts/mcore_318g61w_av3
INFO:trainers_server.dp_worker.api.megatron_controller:weight_sync disabled
[sitecustomize av3] megatron_core re-pointed -> /root/.cache/user_artifacts/mcore_318g61w_av3
INFO:trainers_server.dp_worker.api.megatron_controller:MegatronBridgeController ready
INFO:trainers_server.dp_worker.api.megatron_controller:MegatronBridgeController ready
INFO:trainers_server.dp_worker.api.megatron_controller:MegatronBridgeController ready
INFO:trainers_server.dp_worker.api.megatron_controller:weight_sync disabled
[sitecustomize av3] megatron_core re-pointed -> /root/.cache/user_artifacts/mcore_318g61w_av3
[sitecustomize av3] megatron_core re-pointed -> /root/.cache/user_artifacts/mcore_318g61w_av3
[sitecustomize av3] megatron_core re-pointed -> /root/.cache/user_artifacts/mcore_318g61w_av3
INFO:trainers_server.dp_worker.api.megatron_controller:weight_sync disabled
[sitecustomize av3] megatron_core re-pointed -> /root/.cache/user_artifacts/mcore_318g61w_av3
[sitecustomize av3] megatron_core re-pointed -> /root/.cache/user_artifacts/mcore_318g61w_av3
[sitecustomize av3] megatron_core re-pointed -> /root/.cache/user_artifacts/mcore_318g61w_av3
[sitecustomize av3] megatron_core re-pointed -> /root/.cache/user_artifacts/mcore_318g61w_av3
[sitecustomize av3] megatron_core re-pointed -> /root/.cache/user_artifacts/mcore_318g61w_av3
[sitecustomize av3] megatron_core re-pointed -> /root/.cache/user_artifacts/mcore_318g61w_av3
INFO:trainers_server.dp_worker.api.megatron_controller:weight_sync disabled
[sitecustomize av3] megatron_core re-pointed -> /root/.cache/user_artifacts/mcore_318g61w_av3
INFO:trainers_server.dp_worker.api.megatron_controller:MegatronBridgeController ready
[sitecustomize av3] megatron_core re-pointed -> /root/.cache/user_artifacts/mcore_318g61w_av3
[sitecustomize av3] megatron_core re-pointed -> /root/.cache/user_artifacts/mcore_318g61w_av3
INFO:trainers_server.dp_worker.api.megatron_controller:weight_sync disabled
INFO:trainers_server.dp_worker.api.megatron_controller:MegatronBridgeController ready
INFO:trainers_server.dp_worker.api.megatron_controller:MegatronBridgeController ready
INFO:trainers_server.dp_worker.api.megatron_controller:MegatronBridgeController ready
[sitecustomize av3] megatron_core re-pointed -> /root/.cache/user_artifacts/mcore_318g61w_av3
INFO:trainers_server.dp_worker.api.megatron_controller:weight_sync disabled
[sitecustomize av3] megatron_core re-pointed -> /root/.cache/user_artifacts/mcore_318g61w_av3
[sitecustomize av3] megatron_core re-pointed -> /root/.cache/user_artifacts/mcore_318g61w_av3
INFO:trainers_server.dp_worker.api.megatron_controller:MegatronBridgeController ready
INFO:trainers_server.dp_worker.api.megatron_controller:weight_sync disabled
INFO:trainers_server.dp_worker.api.megatron_controller:weight_sync disabled
[sitecustomize av3] megatron_core re-pointed -> /root/.cache/user_artifacts/mcore_318g61w_av3
[sitecustomize av3] megatron_core re-pointed -> /root/.cache/user_artifacts/mcore_318g61w_av3
[sitecustomize av3] megatron_core re-pointed -> /root/.cache/user_artifacts/mcore_318g61w_av3
[sitecustomize av3] megatron_core re-pointed -> /root/.cache/user_artifacts/mcore_318g61w_av3
[sitecustomize av3] megatron_core re-pointed -> /root/.cache/user_artifacts/mcore_318g61w_av3
INFO:trainers_server.dp_worker.api.megatron_controller:MegatronBridgeController ready
[sitecustomize av3] megatron_core re-pointed -> /root/.cache/user_artifacts/mcore_318g61w_av3
INFO:trainers_server.dp_worker.api.megatron_controller:MegatronBridgeController ready
[sitecustomize av3] megatron_core re-pointed -> /root/.cache/user_artifacts/mcore_318g61w_av3
INFO:trainers_server.dp_worker.api.megatron_controller:weight_sync disabled
INFO:trainers_server.dp_worker.api.megatron_controller:MegatronBridgeController ready
INFO:trainers_server.dp_worker.api.megatron_controller:weight_sync disabled
INFO:trainers_server.dp_worker.api.megatron_controller:MegatronBridgeController ready
INFO:trainers_server.dp_worker.api.megatron_controller:starting — forward+backward seq=64 across PP=1 (establishing pipeline p2p connections + compiling DSA/Triton/cuDNN forward and backward kernels)...
WARNING:megatron.core.lookahead_checkpoint:BT_MOE_LOOKAHEAD_RECOMPUTE present but DISABLED (env unset or != '1'); status-quo checkpoint recompute order
WARNING:megatron.core.lookahead_checkpoint:BT_MOE_LOOKAHEAD_RECOMPUTE present but DISABLED (env unset or != '1'); status-quo checkpoint recompute order
WARNING:megatron.core.lookahead_checkpoint:BT_MOE_LOOKAHEAD_RECOMPUTE present but DISABLED (env unset or != '1'); status-quo checkpoint recompute order
WARNING:megatron.core.lookahead_checkpoint:BT_MOE_LOOKAHEAD_RECOMPUTE present but DISABLED (env unset or != '1'); status-quo checkpoint recompute order
WARNING:megatron.core.lookahead_checkpoint:BT_MOE_LOOKAHEAD_RECOMPUTE present but DISABLED (env unset or != '1'); status-quo checkpoint recompute order
WARNING:megatron.core.lookahead_checkpoint:BT_MOE_LOOKAHEAD_RECOMPUTE present but DISABLED (env unset or != '1'); status-quo checkpoint recompute order
WARNING:megatron.core.lookahead_checkpoint:BT_MOE_LOOKAHEAD_RECOMPUTE present but DISABLED (env unset or != '1'); status-quo checkpoint recompute order
WARNING:megatron.core.lookahead_checkpoint:BT_MOE_LOOKAHEAD_RECOMPUTE present but DISABLED (env unset or != '1'); status-quo checkpoint recompute order
WARNING:megatron.core.lookahead_checkpoint:BT_MOE_LOOKAHEAD_RECOMPUTE present but DISABLED (env unset or != '1'); status-quo checkpoint recompute order
WARNING:megatron.core.lookahead_checkpoint:BT_MOE_LOOKAHEAD_RECOMPUTE present but DISABLED (env unset or != '1'); status-quo checkpoint recompute order
WARNING:megatron.core.lookahead_checkpoint:BT_MOE_LOOKAHEAD_RECOMPUTE present but DISABLED (env unset or != '1'); status-quo checkpoint recompute order
WARNING:megatron.core.lookahead_checkpoint:BT_MOE_LOOKAHEAD_RECOMPUTE present but DISABLED (env unset or != '1'); status-quo checkpoint recompute order
WARNING:megatron.core.lookahead_checkpoint:BT_MOE_LOOKAHEAD_RECOMPUTE present but DISABLED (env unset or != '1'); status-quo checkpoint recompute order
WARNING:megatron.core.lookahead_checkpoint:BT_MOE_LOOKAHEAD_RECOMPUTE present but DISABLED (env unset or != '1'); status-quo checkpoint recompute order
WARNING:megatron.core.lookahead_checkpoint:BT_MOE_LOOKAHEAD_RECOMPUTE present but DISABLED (env unset or != '1'); status-quo checkpoint recompute order
WARNING:megatron.core.lookahead_checkpoint:BT_MOE_LOOKAHEAD_RECOMPUTE present but DISABLED (env unset or != '1'); status-quo checkpoint recompute order
WARNING:megatron.core.models.common.embeddings.rope_utils:BT_THD_ROPE_HOST_CACHE=1: THD RoPE cu_seqlens host cache ACTIVE
WARNING:megatron.core.models.common.embeddings.rope_utils:BT_THD_ROPE_HOST_CACHE=1: THD RoPE cu_seqlens host cache ACTIVE
WARNING:megatron.core.models.common.embeddings.rope_utils:BT_THD_ROPE_HOST_CACHE=1: THD RoPE cu_seqlens host cache ACTIVE
WARNING:megatron.core.models.common.embeddings.rope_utils:BT_THD_ROPE_HOST_CACHE=1: THD RoPE cu_seqlens host cache ACTIVE
WARNING:megatron.core.transformer.experimental_attention_variant.dsa:BT_DSA_CP_LAYOUT_CACHE=1: DSA packed-CP layout cache ACTIVE
WARNING:megatron.core.models.common.embeddings.rope_utils:BT_THD_ROPE_HOST_CACHE=1: THD RoPE cu_seqlens host cache ACTIVE
WARNING:megatron.core.transformer.experimental_attention_variant.dsa:BT_DSA_CP_LAYOUT_CACHE=1: DSA packed-CP layout cache ACTIVE
WARNING:megatron.core.transformer.experimental_attention_variant.dsa:BT_DSA_CP_LAYOUT_CACHE=1: DSA packed-CP layout cache ACTIVE
WARNING:megatron.core.transformer.experimental_attention_variant.dsa:BT_DSA_CP_LAYOUT_CACHE=1: DSA packed-CP layout cache ACTIVE
WARNING:megatron.core.transformer.experimental_attention_variant.dsa:BT_DSA_CP_LAYOUT_CACHE=1: DSA packed-CP layout cache ACTIVE
WARNING:megatron.core.models.common.embeddings.rope_utils:BT_THD_ROPE_HOST_CACHE=1: THD RoPE cu_seqlens host cache ACTIVE
WARNING:megatron.core.models.common.embeddings.rope_utils:BT_THD_ROPE_HOST_CACHE=1: THD RoPE cu_seqlens host cache ACTIVE
WARNING:megatron.core.models.common.embeddings.rope_utils:BT_THD_ROPE_HOST_CACHE=1: THD RoPE cu_seqlens host cache ACTIVE
WARNING:megatron.core.transformer.experimental_attention_variant.dsa:BT_DSA_CP_LAYOUT_CACHE=1: DSA packed-CP layout cache ACTIVE
WARNING:megatron.core.transformer.experimental_attention_variant.dsa:BT_DSA_CP_LAYOUT_CACHE=1: DSA packed-CP layout cache ACTIVE
WARNING:megatron.core.transformer.experimental_attention_variant.dsa:BT_DSA_CP_LAYOUT_CACHE=1: DSA packed-CP layout cache ACTIVE
WARNING:megatron.core.models.common.embeddings.rope_utils:BT_THD_ROPE_HOST_CACHE=1: THD RoPE cu_seqlens host cache ACTIVE
WARNING:megatron.core.models.common.embeddings.rope_utils:BT_THD_ROPE_HOST_CACHE=1: THD RoPE cu_seqlens host cache ACTIVE
WARNING:megatron.core.models.common.embeddings.rope_utils:BT_THD_ROPE_HOST_CACHE=1: THD RoPE cu_seqlens host cache ACTIVE
WARNING:megatron.core.models.common.embeddings.rope_utils:BT_THD_ROPE_HOST_CACHE=1: THD RoPE cu_seqlens host cache ACTIVE
WARNING:megatron.core.models.common.embeddings.rope_utils:BT_THD_ROPE_HOST_CACHE=1: THD RoPE cu_seqlens host cache ACTIVE
WARNING:megatron.core.models.common.embeddings.rope_utils:BT_THD_ROPE_HOST_CACHE=1: THD RoPE cu_seqlens host cache ACTIVE
WARNING:megatron.core.models.common.embeddings.rope_utils:BT_THD_ROPE_HOST_CACHE=1: THD RoPE cu_seqlens host cache ACTIVE
WARNING:megatron.core.models.common.embeddings.rope_utils:BT_THD_ROPE_HOST_CACHE=1: THD RoPE cu_seqlens host cache ACTIVE
WARNING:megatron.core.transformer.experimental_attention_variant.dsa:BT_DSA_CP_LAYOUT_CACHE=1: DSA packed-CP layout cache ACTIVE
WARNING:megatron.core.transformer.experimental_attention_variant.dsa:BT_DSA_CP_LAYOUT_CACHE=1: DSA packed-CP layout cache ACTIVE
WARNING:megatron.core.transformer.experimental_attention_variant.dsa:BT_DSA_CP_LAYOUT_CACHE=1: DSA packed-CP layout cache ACTIVE
WARNING:megatron.core.transformer.experimental_attention_variant.dsa:BT_DSA_CP_LAYOUT_CACHE=1: DSA packed-CP layout cache ACTIVE
WARNING:megatron.core.transformer.experimental_attention_variant.dsa:BT_DSA_CP_LAYOUT_CACHE=1: DSA packed-CP layout cache ACTIVE
WARNING:megatron.core.transformer.experimental_attention_variant.dsa:BT_DSA_CP_LAYOUT_CACHE=1: DSA packed-CP layout cache ACTIVE
WARNING:megatron.core.transformer.experimental_attention_variant.dsa:BT_DSA_CP_LAYOUT_CACHE=1: DSA packed-CP layout cache ACTIVE
WARNING:megatron.core.transformer.experimental_attention_variant.dsa:BT_DSA_CP_LAYOUT_CACHE=1: DSA packed-CP layout cache ACTIVE
/root/.cache/user_artifacts/trainers_main/server/.venv/lib/python3.12/site-packages/torch/cuda/__init__.py:61: FutureWarning: The pynvml package is deprecated. Please install nvidia-ml-py instead. If you did not install pynvml directly, please report this to the maintainers of the package that installed pynvml for you.
  import pynvml  # type: ignore[import]
/root/.cache/user_artifacts/trainers_main/server/.venv/lib/python3.12/site-packages/torch/cuda/__init__.py:61: FutureWarning: The pynvml package is deprecated. Please install nvidia-ml-py instead. If you did not install pynvml directly, please report this to the maintainers of the package that installed pynvml for you.
  import pynvml  # type: ignore[import]
/root/.cache/user_artifacts/trainers_main/server/.venv/lib/python3.12/site-packages/torch/cuda/__init__.py:61: FutureWarning: The pynvml package is deprecated. Please install nvidia-ml-py instead. If you did not install pynvml directly, please report this to the maintainers of the package that installed pynvml for you.
  import pynvml  # type: ignore[import]
/root/.cache/user_artifacts/trainers_main/server/.venv/lib/python3.12/site-packages/torch/cuda/__init__.py:61: FutureWarning: The pynvml package is deprecated. Please install nvidia-ml-py instead. If you did not install pynvml directly, please report this to the maintainers of the package that installed pynvml for you.
  import pynvml  # type: ignore[import]
/root/.cache/user_artifacts/trainers_main/server/.venv/lib/python3.12/site-packages/torch/cuda/__init__.py:61: FutureWarning: The pynvml package is deprecated. Please install nvidia-ml-py instead. If you did not install pynvml directly, please report this to the maintainers of the package that installed pynvml for you.
  import pynvml  # type: ignore[import]
/root/.cache/user_artifacts/trainers_main/server/.venv/lib/python3.12/site-packages/torch/cuda/__init__.py:61: FutureWarning: The pynvml package is deprecated. Please install nvidia-ml-py instead. If you did not install pynvml directly, please report this to the maintainers of the package that installed pynvml for you.
  import pynvml  # type: ignore[import]
/root/.cache/user_artifacts/trainers_main/server/.venv/lib/python3.12/site-packages/torch/cuda/__init__.py:61: FutureWarning: The pynvml package is deprecated. Please install nvidia-ml-py instead. If you did not install pynvml directly, please report this to the maintainers of the package that installed pynvml for you.
  import pynvml  # type: ignore[import]
/root/.cache/user_artifacts/trainers_main/server/.venv/lib/python3.12/site-packages/torch/cuda/__init__.py:61: FutureWarning: The pynvml package is deprecated. Please install nvidia-ml-py instead. If you did not install pynvml directly, please report this to the maintainers of the package that installed pynvml for you.
  import pynvml  # type: ignore[import]
/root/.cache/user_artifacts/trainers_main/server/.venv/lib/python3.12/site-packages/torch/cuda/__init__.py:61: FutureWarning: The pynvml package is deprecated. Please install nvidia-ml-py instead. If you did not install pynvml directly, please report this to the maintainers of the package that installed pynvml for you.
  import pynvml  # type: ignore[import]
/root/.cache/user_artifacts/trainers_main/server/.venv/lib/python3.12/site-packages/torch/cuda/__init__.py:61: FutureWarning: The pynvml package is deprecated. Please install nvidia-ml-py instead. If you did not install pynvml directly, please report this to the maintainers of the package that installed pynvml for you.
  import pynvml  # type: ignore[import]
/root/.cache/user_artifacts/trainers_main/server/.venv/lib/python3.12/site-packages/torch/cuda/__init__.py:61: FutureWarning: The pynvml package is deprecated. Please install nvidia-ml-py instead. If you did not install pynvml directly, please report this to the maintainers of the package that installed pynvml for you.
  import pynvml  # type: ignore[import]
/root/.cache/user_artifacts/trainers_main/server/.venv/lib/python3.12/site-packages/torch/cuda/__init__.py:61: FutureWarning: The pynvml package is deprecated. Please install nvidia-ml-py instead. If you did not install pynvml directly, please report this to the maintainers of the package that installed pynvml for you.
  import pynvml  # type: ignore[import]
/root/.cache/user_artifacts/trainers_main/server/.venv/lib/python3.12/site-packages/torch/cuda/__init__.py:61: FutureWarning: The pynvml package is deprecated. Please install nvidia-ml-py instead. If you did not install pynvml directly, please report this to the maintainers of the package that installed pynvml for you.
  import pynvml  # type: ignore[import]
/root/.cache/user_artifacts/trainers_main/server/.venv/lib/python3.12/site-packages/torch/cuda/__init__.py:61: FutureWarning: The pynvml package is deprecated. Please install nvidia-ml-py instead. If you did not install pynvml directly, please report this to the maintainers of the package that installed pynvml for you.
  import pynvml  # type: ignore[import]
/root/.cache/user_artifacts/trainers_main/server/.venv/lib/python3.12/site-packages/torch/cuda/__init__.py:61: FutureWarning: The pynvml package is deprecated. Please install nvidia-ml-py instead. If you did not install pynvml directly, please report this to the maintainers of the package that installed pynvml for you.
  import pynvml  # type: ignore[import]
/root/.cache/user_artifacts/trainers_main/server/.venv/lib/python3.12/site-packages/torch/cuda/__init__.py:61: FutureWarning: The pynvml package is deprecated. Please install nvidia-ml-py instead. If you did not install pynvml directly, please report this to the maintainers of the package that installed pynvml for you.
  import pynvml  # type: ignore[import]
/root/.cache/user_artifacts/trainers_main/server/.venv/lib/python3.12/site-packages/nvidia_cutlass_dsl/python_packages/cutlass/cute/core.py:5791: DeprecationWarning: Use explicit `struct.scalar.ptr` for pointer instead.
  warnings.warn(
/root/.cache/user_artifacts/trainers_main/server/.venv/lib/python3.12/site-packages/nvidia_cutlass_dsl/python_packages/cutlass/cute/core.py:5791: DeprecationWarning: Use explicit `struct.scalar.ptr` for pointer instead.
  warnings.warn(
/root/.cache/user_artifacts/trainers_main/server/.venv/lib/python3.12/site-packages/nvidia_cutlass_dsl/python_packages/cutlass/cute/core.py:5791: DeprecationWarning: Use explicit `struct.scalar.ptr` for pointer instead.
  warnings.warn(
/root/.cache/user_artifacts/trainers_main/server/.venv/lib/python3.12/site-packages/nvidia_cutlass_dsl/python_packages/cutlass/cute/core.py:5791: DeprecationWarning: Use explicit `struct.scalar.ptr` for pointer instead.
  warnings.warn(
/root/.cache/user_artifacts/trainers_main/server/.venv/lib/python3.12/site-packages/nvidia_cutlass_dsl/python_packages/cutlass/cute/core.py:5791: DeprecationWarning: Use explicit `struct.scalar.ptr` for pointer instead.
  warnings.warn(
/root/.cache/user_artifacts/trainers_main/server/.venv/lib/python3.12/site-packages/nvidia_cutlass_dsl/python_packages/cutlass/cute/core.py:5791: DeprecationWarning: Use explicit `struct.scalar.ptr` for pointer instead.
  warnings.warn(
/root/.cache/user_artifacts/trainers_main/server/.venv/lib/python3.12/site-packages/nvidia_cutlass_dsl/python_packages/cutlass/cute/core.py:5791: DeprecationWarning: Use explicit `struct.scalar.ptr` for pointer instead.
  warnings.warn(
/root/.cache/user_artifacts/trainers_main/server/.venv/lib/python3.12/site-packages/nvidia_cutlass_dsl/python_packages/cutlass/cute/core.py:5791: DeprecationWarning: Use explicit `struct.scalar.ptr` for pointer instead.
  warnings.warn(
/root/.cache/user_artifacts/trainers_main/server/.venv/lib/python3.12/site-packages/nvidia_cutlass_dsl/python_packages/cutlass/cute/core.py:5791: DeprecationWarning: Use explicit `struct.scalar.ptr` for pointer instead.
  warnings.warn(
/root/.cache/user_artifacts/trainers_main/server/.venv/lib/python3.12/site-packages/nvidia_cutlass_dsl/python_packages/cutlass/cute/core.py:5791: DeprecationWarning: Use explicit `struct.scalar.ptr` for pointer instead.
  warnings.warn(
/root/.cache/user_artifacts/trainers_main/server/.venv/lib/python3.12/site-packages/nvidia_cutlass_dsl/python_packages/cutlass/cute/core.py:5791: DeprecationWarning: Use explicit `struct.scalar.ptr` for pointer instead.
  warnings.warn(
/root/.cache/user_artifacts/trainers_main/server/.venv/lib/python3.12/site-packages/nvidia_cutlass_dsl/python_packages/cutlass/cute/core.py:5791: DeprecationWarning: Use explicit `struct.scalar.ptr` for pointer instead.
  warnings.warn(
/root/.cache/user_artifacts/trainers_main/server/.venv/lib/python3.12/site-packages/nvidia_cutlass_dsl/python_packages/cutlass/cute/core.py:5791: DeprecationWarning: Use explicit `struct.scalar.ptr` for pointer instead.
  warnings.warn(
/root/.cache/user_artifacts/trainers_main/server/.venv/lib/python3.12/site-packages/nvidia_cutlass_dsl/python_packages/cutlass/cute/core.py:5791: DeprecationWarning: Use explicit `struct.scalar.ptr` for pointer instead.
  warnings.warn(
/root/.cache/user_artifacts/trainers_main/server/.venv/lib/python3.12/site-packages/nvidia_cutlass_dsl/python_packages/cutlass/cute/core.py:5791: DeprecationWarning: Use explicit `struct.scalar.ptr` for pointer instead.
  warnings.warn(
/root/.cache/user_artifacts/trainers_main/server/.venv/lib/python3.12/site-packages/nvidia_cutlass_dsl/python_packages/cutlass/cute/core.py:5791: DeprecationWarning: Use explicit `struct.scalar.ptr` for pointer instead.
  warnings.warn(
/root/.cache/user_artifacts/trainers_main/server/.venv/lib/python3.12/site-packages/nvidia_cutlass_dsl/python_packages/cutlass/cute/core.py:5791: DeprecationWarning: Use explicit `struct.scalar.ptr` for pointer instead.
  warnings.warn(
/root/.cache/user_artifacts/trainers_main/server/.venv/lib/python3.12/site-packages/nvidia_cutlass_dsl/python_packages/cutlass/cute/core.py:5791: DeprecationWarning: Use explicit `struct.scalar.ptr` for pointer instead.
  warnings.warn(
/root/.cache/user_artifacts/trainers_main/server/.venv/lib/python3.12/site-packages/nvidia_cutlass_dsl/python_packages/cutlass/cute/core.py:5791: DeprecationWarning: Use explicit `struct.scalar.ptr` for pointer instead.
  warnings.warn(
/root/.cache/user_artifacts/trainers_main/server/.venv/lib/python3.12/site-packages/nvidia_cutlass_dsl/python_packages/cutlass/cute/core.py:5791: DeprecationWarning: Use explicit `struct.scalar.ptr` for pointer instead.
  warnings.warn(
/root/.cache/user_artifacts/trainers_main/server/.venv/lib/python3.12/site-packages/nvidia_cutlass_dsl/python_packages/cutlass/cute/core.py:5791: DeprecationWarning: Use explicit `struct.scalar.ptr` for pointer instead.
  warnings.warn(
/root/.cache/user_artifacts/trainers_main/server/.venv/lib/python3.12/site-packages/nvidia_cutlass_dsl/python_packages/cutlass/cute/core.py:5791: DeprecationWarning: Use explicit `struct.scalar.ptr` for pointer instead.
  warnings.warn(
/root/.cache/user_artifacts/trainers_main/server/.venv/lib/python3.12/site-packages/nvidia_cutlass_dsl/python_packages/cutlass/cute/core.py:5791: DeprecationWarning: Use explicit `struct.scalar.ptr` for pointer instead.
  warnings.warn(
/root/.cache/user_artifacts/trainers_main/server/.venv/lib/python3.12/site-packages/nvidia_cutlass_dsl/python_packages/cutlass/cute/core.py:5791: DeprecationWarning: Use explicit `struct.scalar.ptr` for pointer instead.
  warnings.warn(
/root/.cache/user_artifacts/trainers_main/server/.venv/lib/python3.12/site-packages/nvidia_cutlass_dsl/python_packages/cutlass/cute/core.py:5791: DeprecationWarning: Use explicit `struct.scalar.ptr` for pointer instead.
  warnings.warn(
/root/.cache/user_artifacts/trainers_main/server/.venv/lib/python3.12/site-packages/nvidia_cutlass_dsl/python_packages/cutlass/cute/core.py:5791: DeprecationWarning: Use explicit `struct.scalar.ptr` for pointer instead.
  warnings.warn(
/root/.cache/user_artifacts/trainers_main/server/.venv/lib/python3.12/site-packages/nvidia_cutlass_dsl/python_packages/cutlass/cute/core.py:5791: DeprecationWarning: Use explicit `struct.scalar.ptr` for pointer instead.
  warnings.warn(
/root/.cache/user_artifacts/trainers_main/server/.venv/lib/python3.12/site-packages/nvidia_cutlass_dsl/python_packages/cutlass/cute/core.py:5791: DeprecationWarning: Use explicit `struct.scalar.ptr` for pointer instead.
  warnings.warn(
/root/.cache/user_artifacts/trainers_main/server/.venv/lib/python3.12/site-packages/nvidia_cutlass_dsl/python_packages/cutlass/cute/core.py:5791: DeprecationWarning: Use explicit `struct.scalar.ptr` for pointer instead.
  warnings.warn(
/root/.cache/user_artifacts/trainers_main/server/.venv/lib/python3.12/site-packages/nvidia_cutlass_dsl/python_packages/cutlass/cute/core.py:5791: DeprecationWarning: Use explicit `struct.scalar.ptr` for pointer instead.
  warnings.warn(
/root/.cache/user_artifacts/trainers_main/server/.venv/lib/python3.12/site-packages/nvidia_cutlass_dsl/python_packages/cutlass/cute/core.py:5791: DeprecationWarning: Use explicit `struct.scalar.ptr` for pointer instead.
  warnings.warn(
/root/.cache/user_artifacts/trainers_main/server/.venv/lib/python3.12/site-packages/nvidia_cutlass_dsl/python_packages/cutlass/cute/core.py:5791: DeprecationWarning: Use explicit `struct.scalar.ptr` for pointer instead.
  warnings.warn(
WARNING:megatron.core.transformer.experimental_attention_variant.dsa_cudnn_kernels:BT_DSA_BWD_ASYNC_NONEMPTY_V3=1: first-pass-anchored DSA-bwd nonempty probe ACTIVE
WARNING:megatron.core.transformer.experimental_attention_variant.dsa_cudnn_kernels:BT_DSA_BWD_ASYNC_NONEMPTY_V3: armed — first first-pass probe kicked
WARNING:megatron.core.transformer.experimental_attention_variant.dsa_cudnn_kernels:BT_DSA_BWD_ASYNC_NONEMPTY present but DISABLED (env unset or != '1'); using the original syncing nonzero path
WARNING:megatron.core.transformer.experimental_attention_variant.dsa_cudnn_kernels:BT_DSA_BWD_ASYNC_NONEMPTY_V3=1: first-pass-anchored DSA-bwd nonempty probe ACTIVE
WARNING:megatron.core.transformer.experimental_attention_variant.dsa_cudnn_kernels:BT_DSA_BWD_ASYNC_NONEMPTY_V3: armed — first first-pass probe kicked
WARNING:megatron.core.transformer.experimental_attention_variant.dsa_cudnn_kernels:BT_DSA_BWD_ASYNC_NONEMPTY present but DISABLED (env unset or != '1'); using the original syncing nonzero path
WARNING:megatron.core.transformer.experimental_attention_variant.dsa_cudnn_kernels:BT_DSA_BWD_ASYNC_NONEMPTY_V3=1: first-pass-anchored DSA-bwd nonempty probe ACTIVE
WARNING:megatron.core.transformer.experimental_attention_variant.dsa_cudnn_kernels:BT_DSA_BWD_ASYNC_NONEMPTY_V3=1: first-pass-anchored DSA-bwd nonempty probe ACTIVE
WARNING:megatron.core.transformer.experimental_attention_variant.dsa_cudnn_kernels:BT_DSA_BWD_ASYNC_NONEMPTY_V3=1: first-pass-anchored DSA-bwd nonempty probe ACTIVE
WARNING:megatron.core.transformer.experimental_attention_variant.dsa_cudnn_kernels:BT_DSA_BWD_ASYNC_NONEMPTY_V3: armed — first first-pass probe kicked
WARNING:megatron.core.transformer.experimental_attention_variant.dsa_cudnn_kernels:BT_DSA_BWD_ASYNC_NONEMPTY_V3: armed — first first-pass probe kicked
WARNING:megatron.core.transformer.experimental_attention_variant.dsa_cudnn_kernels:BT_DSA_BWD_ASYNC_NONEMPTY_V3: armed — first first-pass probe kicked
WARNING:megatron.core.transformer.experimental_attention_variant.dsa_cudnn_kernels:BT_DSA_BWD_ASYNC_NONEMPTY present but DISABLED (env unset or != '1'); using the original syncing nonzero path
WARNING:megatron.core.transformer.experimental_attention_variant.dsa_cudnn_kernels:BT_DSA_BWD_ASYNC_NONEMPTY present but DISABLED (env unset or != '1'); using the original syncing nonzero path
WARNING:megatron.core.transformer.experimental_attention_variant.dsa_cudnn_kernels:BT_DSA_BWD_ASYNC_NONEMPTY present but DISABLED (env unset or != '1'); using the original syncing nonzero path
WARNING:megatron.core.transformer.experimental_attention_variant.dsa_cudnn_kernels:BT_DSA_BWD_ASYNC_NONEMPTY_V3=1: first-pass-anchored DSA-bwd nonempty probe ACTIVE
WARNING:megatron.core.transformer.experimental_attention_variant.dsa_cudnn_kernels:BT_DSA_BWD_ASYNC_NONEMPTY_V3: armed — first first-pass probe kicked
WARNING:megatron.core.transformer.experimental_attention_variant.dsa_cudnn_kernels:BT_DSA_BWD_ASYNC_NONEMPTY present but DISABLED (env unset or != '1'); using the original syncing nonzero path
WARNING:megatron.core.transformer.experimental_attention_variant.dsa_cudnn_kernels:BT_DSA_BWD_ASYNC_NONEMPTY_V3=1: first-pass-anchored DSA-bwd nonempty probe ACTIVE
WARNING:megatron.core.transformer.experimental_attention_variant.dsa_cudnn_kernels:BT_DSA_BWD_ASYNC_NONEMPTY_V3: armed — first first-pass probe kicked
WARNING:megatron.core.transformer.experimental_attention_variant.dsa_cudnn_kernels:BT_DSA_BWD_ASYNC_NONEMPTY present but DISABLED (env unset or != '1'); using the original syncing nonzero path
WARNING:megatron.core.transformer.experimental_attention_variant.dsa_cudnn_kernels:BT_DSA_BWD_ASYNC_NONEMPTY_V3=1: first-pass-anchored DSA-bwd nonempty probe ACTIVE
WARNING:megatron.core.transformer.experimental_attention_variant.dsa_cudnn_kernels:BT_DSA_BWD_ASYNC_NONEMPTY_V3: armed — first first-pass probe kicked
WARNING:megatron.core.transformer.experimental_attention_variant.dsa_cudnn_kernels:BT_DSA_BWD_ASYNC_NONEMPTY present but DISABLED (env unset or != '1'); using the original syncing nonzero path
WARNING:megatron.core.transformer.experimental_attention_variant.dsa_cudnn_kernels:BT_DSA_BWD_ASYNC_NONEMPTY_V3=1: first-pass-anchored DSA-bwd nonempty probe ACTIVE
WARNING:megatron.core.transformer.experimental_attention_variant.dsa_cudnn_kernels:BT_DSA_BWD_ASYNC_NONEMPTY_V3: armed — first first-pass probe kicked
WARNING:megatron.core.transformer.experimental_attention_variant.dsa_cudnn_kernels:BT_DSA_BWD_ASYNC_NONEMPTY present but DISABLED (env unset or != '1'); using the original syncing nonzero path
WARNING:megatron.core.transformer.experimental_attention_variant.dsa_cudnn_kernels:BT_DSA_BWD_ASYNC_NONEMPTY_V3=1: first-pass-anchored DSA-bwd nonempty probe ACTIVE
WARNING:megatron.core.transformer.experimental_attention_variant.dsa_cudnn_kernels:BT_DSA_BWD_ASYNC_NONEMPTY_V3: armed — first first-pass probe kicked
WARNING:megatron.core.transformer.experimental_attention_variant.dsa_cudnn_kernels:BT_DSA_BWD_ASYNC_NONEMPTY present but DISABLED (env unset or != '1'); using the original syncing nonzero path
WARNING:megatron.core.transformer.experimental_attention_variant.dsa_cudnn_kernels:BT_DSA_BWD_ASYNC_NONEMPTY_V3=1: first-pass-anchored DSA-bwd nonempty probe ACTIVE
WARNING:megatron.core.transformer.experimental_attention_variant.dsa_cudnn_kernels:BT_DSA_BWD_ASYNC_NONEMPTY_V3: armed — first first-pass probe kicked
WARNING:megatron.core.transformer.experimental_attention_variant.dsa_cudnn_kernels:BT_DSA_BWD_ASYNC_NONEMPTY present but DISABLED (env unset or != '1'); using the original syncing nonzero path
WARNING:megatron.core.transformer.experimental_attention_variant.dsa_cudnn_kernels:BT_DSA_BWD_ASYNC_NONEMPTY_V3=1: first-pass-anchored DSA-bwd nonempty probe ACTIVE
WARNING:megatron.core.transformer.experimental_attention_variant.dsa_cudnn_kernels:BT_DSA_BWD_ASYNC_NONEMPTY_V3: armed — first first-pass probe kicked
WARNING:megatron.core.transformer.experimental_attention_variant.dsa_cudnn_kernels:BT_DSA_BWD_ASYNC_NONEMPTY present but DISABLED (env unset or != '1'); using the original syncing nonzero path
WARNING:megatron.core.transformer.experimental_attention_variant.dsa_cudnn_kernels:BT_DSA_BWD_ASYNC_NONEMPTY_V3=1: first-pass-anchored DSA-bwd nonempty probe ACTIVE
WARNING:megatron.core.transformer.experimental_attention_variant.dsa_cudnn_kernels:BT_DSA_BWD_ASYNC_NONEMPTY_V3: armed — first first-pass probe kicked
WARNING:megatron.core.transformer.experimental_attention_variant.dsa_cudnn_kernels:BT_DSA_BWD_ASYNC_NONEMPTY present but DISABLED (env unset or != '1'); using the original syncing nonzero path
WARNING:megatron.core.transformer.experimental_attention_variant.dsa_cudnn_kernels:BT_DSA_BWD_ASYNC_NONEMPTY_V3=1: first-pass-anchored DSA-bwd nonempty probe ACTIVE
WARNING:megatron.core.transformer.experimental_attention_variant.dsa_cudnn_kernels:BT_DSA_BWD_ASYNC_NONEMPTY_V3: armed — first first-pass probe kicked
WARNING:megatron.core.transformer.experimental_attention_variant.dsa_cudnn_kernels:BT_DSA_BWD_ASYNC_NONEMPTY present but DISABLED (env unset or != '1'); using the original syncing nonzero path
WARNING:megatron.core.transformer.experimental_attention_variant.dsa_cudnn_kernels:BT_DSA_BWD_ASYNC_NONEMPTY_V3=1: first-pass-anchored DSA-bwd nonempty probe ACTIVE
WARNING:megatron.core.transformer.experimental_attention_variant.dsa_cudnn_kernels:BT_DSA_BWD_ASYNC_NONEMPTY_V3: armed — first first-pass probe kicked
WARNING:megatron.core.transformer.experimental_attention_variant.dsa_cudnn_kernels:BT_DSA_BWD_ASYNC_NONEMPTY present but DISABLED (env unset or != '1'); using the original syncing nonzero path
WARNING:megatron.core.transformer.experimental_attention_variant.dsa_cudnn_kernels:BT_DSA_BWD_ASYNC_NONEMPTY_V3=1: first-pass-anchored DSA-bwd nonempty probe ACTIVE
WARNING:megatron.core.transformer.experimental_attention_variant.dsa_cudnn_kernels:BT_DSA_BWD_ASYNC_NONEMPTY_V3: armed — first first-pass probe kicked
WARNING:megatron.core.transformer.experimental_attention_variant.dsa_cudnn_kernels:BT_DSA_BWD_ASYNC_NONEMPTY present but DISABLED (env unset or != '1'); using the original syncing nonzero path
WARNING:megatron.core.transformer.moe.router:BT_MOE_ROUTING_REPLAY_FORCE=1: recompute-replay routing forced to the first-pass decision (FIX C-prime) ACTIVE
WARNING:megatron.core.transformer.moe.router:BT_MOE_ROUTING_REPLAY_FORCE=1: recompute-replay routing forced to the first-pass decision (FIX C-prime) ACTIVE
WARNING:megatron.core.transformer.moe.router:BT_MOE_ROUTING_REPLAY_FORCE=1: recompute-replay routing forced to the first-pass decision (FIX C-prime) ACTIVE
WARNING:megatron.core.transformer.moe.router:BT_MOE_ROUTING_REPLAY_FORCE=1: recompute-replay routing forced to the first-pass decision (FIX C-prime) ACTIVE
WARNING:megatron.core.transformer.moe.router:BT_MOE_ROUTING_REPLAY_FORCE=1: recompute-replay routing forced to the first-pass decision (FIX C-prime) ACTIVE
WARNING:megatron.core.transformer.moe.router:BT_MOE_ROUTING_REPLAY_FORCE=1: recompute-replay routing forced to the first-pass decision (FIX C-prime) ACTIVE
WARNING:megatron.core.transformer.moe.router:BT_MOE_ROUTING_REPLAY_FORCE=1: recompute-replay routing forced to the first-pass decision (FIX C-prime) ACTIVE
WARNING:megatron.core.transformer.moe.router:BT_MOE_ROUTING_REPLAY_FORCE=1: recompute-replay routing forced to the first-pass decision (FIX C-prime) ACTIVE
WARNING:megatron.core.transformer.moe.router:BT_MOE_ROUTING_REPLAY_FORCE=1: recompute-replay routing forced to the first-pass decision (FIX C-prime) ACTIVE
WARNING:megatron.core.transformer.moe.router:BT_MOE_ROUTING_REPLAY_FORCE=1: recompute-replay routing forced to the first-pass decision (FIX C-prime) ACTIVE
WARNING:megatron.core.transformer.moe.router:BT_MOE_ROUTING_REPLAY_FORCE=1: recompute-replay routing forced to the first-pass decision (FIX C-prime) ACTIVE
WARNING:megatron.core.transformer.moe.router:BT_MOE_ROUTING_REPLAY_FORCE=1: recompute-replay routing forced to the first-pass decision (FIX C-prime) ACTIVE
WARNING:megatron.core.transformer.moe.router:BT_MOE_ROUTING_REPLAY_FORCE=1: recompute-replay routing forced to the first-pass decision (FIX C-prime) ACTIVE
WARNING:megatron.core.transformer.moe.router:BT_MOE_ROUTING_REPLAY_FORCE=1: recompute-replay routing forced to the first-pass decision (FIX C-prime) ACTIVE
WARNING:megatron.core.transformer.moe.router:BT_MOE_ROUTING_REPLAY_FORCE=1: recompute-replay routing forced to the first-pass decision (FIX C-prime) ACTIVE
WARNING:megatron.core.transformer.moe.router:BT_MOE_ROUTING_REPLAY_FORCE=1: recompute-replay routing forced to the first-pass decision (FIX C-prime) ACTIVE
WARNING:megatron.core.transformer.moe.router:BT_MOE_ROUTING_REPLAY_FORCE: armed — first routing_map stashed on the carrier
WARNING:megatron.core.transformer.moe.token_dispatcher:BT_MOE_DISPATCH_REPLAY_CACHE=1: MoE dispatcher replay-metadata cache ACTIVE
WARNING:megatron.core.transformer.moe.router:BT_MOE_ROUTING_REPLAY_FORCE: armed — first routing_map stashed on the carrier
WARNING:megatron.core.transformer.moe.token_dispatcher:BT_MOE_DISPATCH_REPLAY_CACHE=1: MoE dispatcher replay-metadata cache ACTIVE
WARNING:megatron.core.transformer.moe.router:BT_MOE_ROUTING_REPLAY_FORCE: armed — first routing_map stashed on the carrier
WARNING:megatron.core.transformer.moe.token_dispatcher:BT_MOE_DISPATCH_REPLAY_CACHE=1: MoE dispatcher replay-metadata cache ACTIVE
WARNING:megatron.core.transformer.moe.router:BT_MOE_ROUTING_REPLAY_FORCE: armed — first routing_map stashed on the carrier
WARNING:megatron.core.transformer.moe.token_dispatcher:BT_MOE_DISPATCH_REPLAY_CACHE=1: MoE dispatcher replay-metadata cache ACTIVE
WARNING:megatron.core.transformer.moe.router:BT_MOE_ROUTING_REPLAY_FORCE: armed — first routing_map stashed on the carrier
WARNING:megatron.core.transformer.moe.token_dispatcher:BT_MOE_DISPATCH_REPLAY_CACHE=1: MoE dispatcher replay-metadata cache ACTIVE
WARNING:megatron.core.transformer.moe.router:BT_MOE_ROUTING_REPLAY_FORCE: armed — first routing_map stashed on the carrier
WARNING:megatron.core.transformer.moe.router:BT_MOE_ROUTING_REPLAY_FORCE: armed — first routing_map stashed on the carrier
WARNING:megatron.core.transformer.moe.token_dispatcher:BT_MOE_DISPATCH_REPLAY_CACHE=1: MoE dispatcher replay-metadata cache ACTIVE
WARNING:megatron.core.transformer.moe.token_dispatcher:BT_MOE_DISPATCH_REPLAY_CACHE=1: MoE dispatcher replay-metadata cache ACTIVE
WARNING:megatron.core.transformer.moe.router:BT_MOE_ROUTING_REPLAY_FORCE: armed — first routing_map stashed on the carrier
WARNING:megatron.core.transformer.moe.token_dispatcher:BT_MOE_DISPATCH_REPLAY_CACHE=1: MoE dispatcher replay-metadata cache ACTIVE
WARNING:megatron.core.transformer.moe.router:BT_MOE_ROUTING_REPLAY_FORCE: armed — first routing_map stashed on the carrier
WARNING:megatron.core.transformer.moe.token_dispatcher:BT_MOE_DISPATCH_REPLAY_CACHE=1: MoE dispatcher replay-metadata cache ACTIVE
WARNING:megatron.core.transformer.moe.router:BT_MOE_ROUTING_REPLAY_FORCE: armed — first routing_map stashed on the carrier
WARNING:megatron.core.transformer.moe.token_dispatcher:BT_MOE_DISPATCH_REPLAY_CACHE=1: MoE dispatcher replay-metadata cache ACTIVE
WARNING:megatron.core.transformer.moe.router:BT_MOE_ROUTING_REPLAY_FORCE: armed — first routing_map stashed on the carrier
WARNING:megatron.core.transformer.moe.token_dispatcher:BT_MOE_DISPATCH_REPLAY_CACHE=1: MoE dispatcher replay-metadata cache ACTIVE
WARNING:megatron.core.transformer.moe.router:BT_MOE_ROUTING_REPLAY_FORCE: armed — first routing_map stashed on the carrier
WARNING:megatron.core.transformer.moe.router:BT_MOE_ROUTING_REPLAY_FORCE: armed — first routing_map stashed on the carrier
WARNING:megatron.core.transformer.moe.token_dispatcher:BT_MOE_DISPATCH_REPLAY_CACHE=1: MoE dispatcher replay-metadata cache ACTIVE
WARNING:megatron.core.transformer.moe.token_dispatcher:BT_MOE_DISPATCH_REPLAY_CACHE=1: MoE dispatcher replay-metadata cache ACTIVE
WARNING:megatron.core.transformer.moe.router:BT_MOE_ROUTING_REPLAY_FORCE: armed — first routing_map stashed on the carrier
WARNING:megatron.core.transformer.moe.router:BT_MOE_ROUTING_REPLAY_FORCE: armed — first routing_map stashed on the carrier
WARNING:megatron.core.transformer.moe.token_dispatcher:BT_MOE_DISPATCH_REPLAY_CACHE=1: MoE dispatcher replay-metadata cache ACTIVE
WARNING:megatron.core.transformer.moe.token_dispatcher:BT_MOE_DISPATCH_REPLAY_CACHE=1: MoE dispatcher replay-metadata cache ACTIVE
WARNING:megatron.core.transformer.moe.router:BT_MOE_ROUTING_REPLAY_FORCE: armed — first routing_map stashed on the carrier
WARNING:megatron.core.transformer.moe.token_dispatcher:BT_MOE_DISPATCH_REPLAY_CACHE=1: MoE dispatcher replay-metadata cache ACTIVE
/root/.cache/user_artifacts/mcore_318g61w_av3/megatron/core/models/backends.py:34: UserWarning: Apex is not installed. Falling back to Torch Norm
  warnings.warn("Apex is not installed. Falling back to Torch Norm")
/root/.cache/user_artifacts/mcore_318g61w_av3/megatron/core/models/backends.py:34: UserWarning: Apex is not installed. Falling back to Torch Norm
  warnings.warn("Apex is not installed. Falling back to Torch Norm")
/root/.cache/user_artifacts/mcore_318g61w_av3/megatron/core/models/backends.py:34: UserWarning: Apex is not installed. Falling back to Torch Norm
  warnings.warn("Apex is not installed. Falling back to Torch Norm")
/root/.cache/user_artifacts/mcore_318g61w_av3/megatron/core/models/backends.py:34: UserWarning: Apex is not installed. Falling back to Torch Norm
  warnings.warn("Apex is not installed. Falling back to Torch Norm")
/root/.cache/user_artifacts/mcore_318g61w_av3/megatron/core/models/backends.py:34: UserWarning: Apex is not installed. Falling back to Torch Norm
  warnings.warn("Apex is not installed. Falling back to Torch Norm")
/root/.cache/user_artifacts/mcore_318g61w_av3/megatron/core/models/backends.py:34: UserWarning: Apex is not installed. Falling back to Torch Norm
  warnings.warn("Apex is not installed. Falling back to Torch Norm")
/root/.cache/user_artifacts/mcore_318g61w_av3/megatron/core/models/backends.py:34: UserWarning: Apex is not installed. Falling back to Torch Norm
  warnings.warn("Apex is not installed. Falling back to Torch Norm")
/root/.cache/user_artifacts/mcore_318g61w_av3/megatron/core/models/backends.py:34: UserWarning: Apex is not installed. Falling back to Torch Norm
  warnings.warn("Apex is not installed. Falling back to Torch Norm")
/root/.cache/user_artifacts/mcore_318g61w_av3/megatron/core/models/gpt/gpt_layer_specs.py:74: UserWarning: Apex is not installed. Falling back to Torch Norm
  warnings.warn("Apex is not installed. Falling back to Torch Norm")
/root/.cache/user_artifacts/mcore_318g61w_av3/megatron/core/models/gpt/gpt_layer_specs.py:74: UserWarning: Apex is not installed. Falling back to Torch Norm
  warnings.warn("Apex is not installed. Falling back to Torch Norm")
/root/.cache/user_artifacts/mcore_318g61w_av3/megatron/core/models/gpt/gpt_layer_specs.py:74: UserWarning: Apex is not installed. Falling back to Torch Norm
  warnings.warn("Apex is not installed. Falling back to Torch Norm")
/root/.cache/user_artifacts/mcore_318g61w_av3/megatron/core/models/gpt/gpt_layer_specs.py:74: UserWarning: Apex is not installed. Falling back to Torch Norm
  warnings.warn("Apex is not installed. Falling back to Torch Norm")
/root/.cache/user_artifacts/mcore_318g61w_av3/megatron/core/models/gpt/gpt_layer_specs.py:74: UserWarning: Apex is not installed. Falling back to Torch Norm
  warnings.warn("Apex is not installed. Falling back to Torch Norm")
/root/.cache/user_artifacts/mcore_318g61w_av3/megatron/core/models/gpt/gpt_layer_specs.py:74: UserWarning: Apex is not installed. Falling back to Torch Norm
  warnings.warn("Apex is not installed. Falling back to Torch Norm")
/root/.cache/user_artifacts/mcore_318g61w_av3/megatron/core/models/gpt/gpt_layer_specs.py:74: UserWarning: Apex is not installed. Falling back to Torch Norm
  warnings.warn("Apex is not installed. Falling back to Torch Norm")
/root/.cache/user_artifacts/mcore_318g61w_av3/megatron/core/models/gpt/gpt_layer_specs.py:74: UserWarning: Apex is not installed. Falling back to Torch Norm
  warnings.warn("Apex is not installed. Falling back to Torch Norm")
/root/.cache/user_artifacts/mcore_318g61w_av3/megatron/core/models/backends.py:34: UserWarning: Apex is not installed. Falling back to Torch Norm
  warnings.warn("Apex is not installed. Falling back to Torch Norm")
/root/.cache/user_artifacts/mcore_318g61w_av3/megatron/core/models/backends.py:34: UserWarning: Apex is not installed. Falling back to Torch Norm
  warnings.warn("Apex is not installed. Falling back to Torch Norm")
/root/.cache/user_artifacts/mcore_318g61w_av3/megatron/core/models/backends.py:34: UserWarning: Apex is not installed. Falling back to Torch Norm
  warnings.warn("Apex is not installed. Falling back to Torch Norm")
/root/.cache/user_artifacts/mcore_318g61w_av3/megatron/core/models/backends.py:34: UserWarning: Apex is not installed. Falling back to Torch Norm
  warnings.warn("Apex is not installed. Falling back to Torch Norm")
/root/.cache/user_artifacts/mcore_318g61w_av3/megatron/core/models/backends.py:34: UserWarning: Apex is not installed. Falling back to Torch Norm
  warnings.warn("Apex is not installed. Falling back to Torch Norm")
/root/.cache/user_artifacts/mcore_318g61w_av3/megatron/core/models/backends.py:34: UserWarning: Apex is not installed. Falling back to Torch Norm
  warnings.warn("Apex is not installed. Falling back to Torch Norm")
/root/.cache/user_artifacts/mcore_318g61w_av3/megatron/core/models/backends.py:34: UserWarning: Apex is not installed. Falling back to Torch Norm
  warnings.warn("Apex is not installed. Falling back to Torch Norm")
/root/.cache/user_artifacts/mcore_318g61w_av3/megatron/core/models/backends.py:34: UserWarning: Apex is not installed. Falling back to Torch Norm
  warnings.warn("Apex is not installed. Falling back to Torch Norm")
/root/.cache/user_artifacts/mcore_318g61w_av3/megatron/core/models/gpt/gpt_layer_specs.py:74: UserWarning: Apex is not installed. Falling back to Torch Norm
  warnings.warn("Apex is not installed. Falling back to Torch Norm")
/root/.cache/user_artifacts/mcore_318g61w_av3/megatron/core/models/gpt/gpt_layer_specs.py:74: UserWarning: Apex is not installed. Falling back to Torch Norm
  warnings.warn("Apex is not installed. Falling back to Torch Norm")
/root/.cache/user_artifacts/mcore_318g61w_av3/megatron/core/models/gpt/gpt_layer_specs.py:74: UserWarning: Apex is not installed. Falling back to Torch Norm
  warnings.warn("Apex is not installed. Falling back to Torch Norm")
/root/.cache/user_artifacts/mcore_318g61w_av3/megatron/core/models/gpt/gpt_layer_specs.py:74: UserWarning: Apex is not installed. Falling back to Torch Norm
  warnings.warn("Apex is not installed. Falling back to Torch Norm")
/root/.cache/user_artifacts/mcore_318g61w_av3/megatron/core/models/gpt/gpt_layer_specs.py:74: UserWarning: Apex is not installed. Falling back to Torch Norm
  warnings.warn("Apex is not installed. Falling back to Torch Norm")
/root/.cache/user_artifacts/mcore_318g61w_av3/megatron/core/models/gpt/gpt_layer_specs.py:74: UserWarning: Apex is not installed. Falling back to Torch Norm
  warnings.warn("Apex is not installed. Falling back to Torch Norm")
/root/.cache/user_artifacts/mcore_318g61w_av3/megatron/core/models/gpt/gpt_layer_specs.py:74: UserWarning: Apex is not installed. Falling back to Torch Norm
  warnings.warn("Apex is not installed. Falling back to Torch Norm")
/root/.cache/user_artifacts/mcore_318g61w_av3/megatron/core/models/gpt/gpt_layer_specs.py:74: UserWarning: Apex is not installed. Falling back to Torch Norm
  warnings.warn("Apex is not installed. Falling back to Torch Norm")
WARNING:megatron.core.transformer.moe.token_dispatcher:BT_MOE_DISPATCH_REPLAY_CACHE: armed — first replay-metadata entry stored
WARNING:megatron.core.transformer.moe.token_dispatcher:BT_MOE_DISPATCH_REPLAY_CACHE: armed — first replay-metadata entry stored
WARNING:megatron.core.transformer.moe.token_dispatcher:BT_MOE_DISPATCH_REPLAY_CACHE: armed — first replay-metadata entry stored
WARNING:megatron.core.transformer.moe.token_dispatcher:BT_MOE_DISPATCH_REPLAY_CACHE: armed — first replay-metadata entry stored
WARNING:megatron.core.transformer.moe.token_dispatcher:BT_MOE_DISPATCH_REPLAY_CACHE: armed — first replay-metadata entry stored
WARNING:megatron.core.transformer.moe.token_dispatcher:BT_MOE_DISPATCH_REPLAY_CACHE: armed — first replay-metadata entry stored
WARNING:megatron.core.transformer.moe.token_dispatcher:BT_MOE_DISPATCH_REPLAY_CACHE: armed — first replay-metadata entry stored
WARNING:megatron.core.transformer.moe.token_dispatcher:BT_MOE_DISPATCH_REPLAY_CACHE: armed — first replay-metadata entry stored
WARNING:megatron.core.transformer.moe.token_dispatcher:BT_MOE_DISPATCH_REPLAY_CACHE: armed — first replay-metadata entry stored
WARNING:megatron.core.transformer.moe.token_dispatcher:BT_MOE_DISPATCH_REPLAY_CACHE: armed — first replay-metadata entry stored
WARNING:megatron.core.transformer.moe.token_dispatcher:BT_MOE_DISPATCH_REPLAY_CACHE: armed — first replay-metadata entry stored
WARNING:megatron.core.transformer.moe.token_dispatcher:BT_MOE_DISPATCH_REPLAY_CACHE: armed — first replay-metadata entry stored
WARNING:megatron.core.transformer.moe.token_dispatcher:BT_MOE_DISPATCH_REPLAY_CACHE: armed — first replay-metadata entry stored
WARNING:megatron.core.transformer.moe.token_dispatcher:BT_MOE_DISPATCH_REPLAY_CACHE: armed — first replay-metadata entry stored
WARNING:megatron.core.transformer.moe.token_dispatcher:BT_MOE_DISPATCH_REPLAY_CACHE: armed — first replay-metadata entry stored
WARNING:megatron.core.transformer.moe.token_dispatcher:BT_MOE_DISPATCH_REPLAY_CACHE: armed — first replay-metadata entry stored
/root/.cache/user_artifacts/trainers_main/server/.venv/lib/python3.12/site-packages/modelopt/torch/__init__.py:53: UserWarning: transformers>=5.0 support is experimental. Unified Hugging Face checkpoint export for quantized checkpoints may not work for some models yet.
  _warnings.warn(
/root/.cache/user_artifacts/trainers_main/server/.venv/lib/python3.12/site-packages/modelopt/torch/__init__.py:53: UserWarning: transformers>=5.0 support is experimental. Unified Hugging Face checkpoint export for quantized checkpoints may not work for some models yet.
  _warnings.warn(
/root/.cache/user_artifacts/trainers_main/server/.venv/lib/python3.12/site-packages/modelopt/torch/__init__.py:53: UserWarning: transformers>=5.0 support is experimental. Unified Hugging Face checkpoint export for quantized checkpoints may not work for some models yet.
  _warnings.warn(
/root/.cache/user_artifacts/trainers_main/server/.venv/lib/python3.12/site-packages/modelopt/torch/__init__.py:53: UserWarning: transformers>=5.0 support is experimental. Unified Hugging Face checkpoint export for quantized checkpoints may not work for some models yet.
  _warnings.warn(
/root/.cache/user_artifacts/trainers_main/server/.venv/lib/python3.12/site-packages/modelopt/torch/__init__.py:53: UserWarning: transformers>=5.0 support is experimental. Unified Hugging Face checkpoint export for quantized checkpoints may not work for some models yet.
  _warnings.warn(
/root/.cache/user_artifacts/trainers_main/server/.venv/lib/python3.12/site-packages/modelopt/torch/__init__.py:53: UserWarning: transformers>=5.0 support is experimental. Unified Hugging Face checkpoint export for quantized checkpoints may not work for some models yet.
  _warnings.warn(
/root/.cache/user_artifacts/trainers_main/server/.venv/lib/python3.12/site-packages/modelopt/torch/__init__.py:53: UserWarning: transformers>=5.0 support is experimental. Unified Hugging Face checkpoint export for quantized checkpoints may not work for some models yet.
  _warnings.warn(
/root/.cache/user_artifacts/trainers_main/server/.venv/lib/python3.12/site-packages/modelopt/torch/__init__.py:53: UserWarning: transformers>=5.0 support is experimental. Unified Hugging Face checkpoint export for quantized checkpoints may not work for some models yet.
  _warnings.warn(
/root/.cache/user_artifacts/mcore_318g61w_av3/megatron/core/models/gpt/heterogeneous/heterogeneous_layer_specs.py:68: UserWarning: Apex is not installed. Falling back to Torch Norm
  warnings.warn("Apex is not installed. Falling back to Torch Norm")
/root/.cache/user_artifacts/mcore_318g61w_av3/megatron/core/models/gpt/heterogeneous/heterogeneous_layer_specs.py:68: UserWarning: Apex is not installed. Falling back to Torch Norm
  warnings.warn("Apex is not installed. Falling back to Torch Norm")
/root/.cache/user_artifacts/mcore_318g61w_av3/megatron/core/models/gpt/heterogeneous/heterogeneous_layer_specs.py:68: UserWarning: Apex is not installed. Falling back to Torch Norm
  warnings.warn("Apex is not installed. Falling back to Torch Norm")
/root/.cache/user_artifacts/mcore_318g61w_av3/megatron/core/models/gpt/heterogeneous/heterogeneous_layer_specs.py:68: UserWarning: Apex is not installed. Falling back to Torch Norm
  warnings.warn("Apex is not installed. Falling back to Torch Norm")
/root/.cache/user_artifacts/mcore_318g61w_av3/megatron/core/models/gpt/heterogeneous/heterogeneous_layer_specs.py:68: UserWarning: Apex is not installed. Falling back to Torch Norm
  warnings.warn("Apex is not installed. Falling back to Torch Norm")
/root/.cache/user_artifacts/mcore_318g61w_av3/megatron/core/models/gpt/heterogeneous/heterogeneous_layer_specs.py:68: UserWarning: Apex is not installed. Falling back to Torch Norm
  warnings.warn("Apex is not installed. Falling back to Torch Norm")
/root/.cache/user_artifacts/mcore_318g61w_av3/megatron/core/models/gpt/heterogeneous/heterogeneous_layer_specs.py:68: UserWarning: Apex is not installed. Falling back to Torch Norm
  warnings.warn("Apex is not installed. Falling back to Torch Norm")
/root/.cache/user_artifacts/mcore_318g61w_av3/megatron/core/models/gpt/heterogeneous/heterogeneous_layer_specs.py:68: UserWarning: Apex is not installed. Falling back to Torch Norm
  warnings.warn("Apex is not installed. Falling back to Torch Norm")
/root/.cache/user_artifacts/trainers_main/server/.venv/lib/python3.12/site-packages/modelopt/torch/__init__.py:53: UserWarning: transformers>=5.0 support is experimental. Unified Hugging Face checkpoint export for quantized checkpoints may not work for some models yet.
  _warnings.warn(
/root/.cache/user_artifacts/trainers_main/server/.venv/lib/python3.12/site-packages/modelopt/torch/__init__.py:53: UserWarning: transformers>=5.0 support is experimental. Unified Hugging Face checkpoint export for quantized checkpoints may not work for some models yet.
  _warnings.warn(
/root/.cache/user_artifacts/trainers_main/server/.venv/lib/python3.12/site-packages/modelopt/torch/__init__.py:53: UserWarning: transformers>=5.0 support is experimental. Unified Hugging Face checkpoint export for quantized checkpoints may not work for some models yet.
  _warnings.warn(
/root/.cache/user_artifacts/trainers_main/server/.venv/lib/python3.12/site-packages/modelopt/torch/__init__.py:53: UserWarning: transformers>=5.0 support is experimental. Unified Hugging Face checkpoint export for quantized checkpoints may not work for some models yet.
  _warnings.warn(
/root/.cache/user_artifacts/trainers_main/server/.venv/lib/python3.12/site-packages/modelopt/torch/__init__.py:53: UserWarning: transformers>=5.0 support is experimental. Unified Hugging Face checkpoint export for quantized checkpoints may not work for some models yet.
  _warnings.warn(
/root/.cache/user_artifacts/trainers_main/server/.venv/lib/python3.12/site-packages/modelopt/torch/__init__.py:53: UserWarning: transformers>=5.0 support is experimental. Unified Hugging Face checkpoint export for quantized checkpoints may not work for some models yet.
  _warnings.warn(
/root/.cache/user_artifacts/trainers_main/server/.venv/lib/python3.12/site-packages/modelopt/torch/__init__.py:53: UserWarning: transformers>=5.0 support is experimental. Unified Hugging Face checkpoint export for quantized checkpoints may not work for some models yet.
  _warnings.warn(
/root/.cache/user_artifacts/trainers_main/server/.venv/lib/python3.12/site-packages/modelopt/torch/__init__.py:53: UserWarning: transformers>=5.0 support is experimental. Unified Hugging Face checkpoint export for quantized checkpoints may not work for some models yet.
  _warnings.warn(
/root/.cache/user_artifacts/mcore_318g61w_av3/megatron/core/models/vision/vit_layer_specs.py:31: UserWarning: Apex is not installed. Falling back to Torch Norm
  warnings.warn("Apex is not installed. Falling back to Torch Norm")
/root/.cache/user_artifacts/mcore_318g61w_av3/megatron/core/models/vision/vit_layer_specs.py:31: UserWarning: Apex is not installed. Falling back to Torch Norm
  warnings.warn("Apex is not installed. Falling back to Torch Norm")
/root/.cache/user_artifacts/mcore_318g61w_av3/megatron/core/models/vision/vit_layer_specs.py:31: UserWarning: Apex is not installed. Falling back to Torch Norm
  warnings.warn("Apex is not installed. Falling back to Torch Norm")
/root/.cache/user_artifacts/mcore_318g61w_av3/megatron/core/models/vision/vit_layer_specs.py:31: UserWarning: Apex is not installed. Falling back to Torch Norm
  warnings.warn("Apex is not installed. Falling back to Torch Norm")
/root/.cache/user_artifacts/mcore_318g61w_av3/megatron/core/models/vision/vit_layer_specs.py:31: UserWarning: Apex is not installed. Falling back to Torch Norm
  warnings.warn("Apex is not installed. Falling back to Torch Norm")
/root/.cache/user_artifacts/mcore_318g61w_av3/megatron/core/models/vision/vit_layer_specs.py:31: UserWarning: Apex is not installed. Falling back to Torch Norm
  warnings.warn("Apex is not installed. Falling back to Torch Norm")
/root/.cache/user_artifacts/mcore_318g61w_av3/megatron/core/models/vision/vit_layer_specs.py:31: UserWarning: Apex is not installed. Falling back to Torch Norm
  warnings.warn("Apex is not installed. Falling back to Torch Norm")
/root/.cache/user_artifacts/mcore_318g61w_av3/megatron/core/models/vision/vit_layer_specs.py:31: UserWarning: Apex is not installed. Falling back to Torch Norm
  warnings.warn("Apex is not installed. Falling back to Torch Norm")
/root/.cache/user_artifacts/mcore_318g61w_av3/megatron/core/models/gpt/heterogeneous/heterogeneous_layer_specs.py:68: UserWarning: Apex is not installed. Falling back to Torch Norm
  warnings.warn("Apex is not installed. Falling back to Torch Norm")
/root/.cache/user_artifacts/mcore_318g61w_av3/megatron/core/models/gpt/heterogeneous/heterogeneous_layer_specs.py:68: UserWarning: Apex is not installed. Falling back to Torch Norm
  warnings.warn("Apex is not installed. Falling back to Torch Norm")
/root/.cache/user_artifacts/mcore_318g61w_av3/megatron/core/models/gpt/heterogeneous/heterogeneous_layer_specs.py:68: UserWarning: Apex is not installed. Falling back to Torch Norm
  warnings.warn("Apex is not installed. Falling back to Torch Norm")
/root/.cache/user_artifacts/mcore_318g61w_av3/megatron/core/models/gpt/heterogeneous/heterogeneous_layer_specs.py:68: UserWarning: Apex is not installed. Falling back to Torch Norm
  warnings.warn("Apex is not installed. Falling back to Torch Norm")
/root/.cache/user_artifacts/mcore_318g61w_av3/megatron/core/models/gpt/heterogeneous/heterogeneous_layer_specs.py:68: UserWarning: Apex is not installed. Falling back to Torch Norm
  warnings.warn("Apex is not installed. Falling back to Torch Norm")
/root/.cache/user_artifacts/mcore_318g61w_av3/megatron/core/models/gpt/heterogeneous/heterogeneous_layer_specs.py:68: UserWarning: Apex is not installed. Falling back to Torch Norm
  warnings.warn("Apex is not installed. Falling back to Torch Norm")
/root/.cache/user_artifacts/mcore_318g61w_av3/megatron/core/models/gpt/heterogeneous/heterogeneous_layer_specs.py:68: UserWarning: Apex is not installed. Falling back to Torch Norm
  warnings.warn("Apex is not installed. Falling back to Torch Norm")
/root/.cache/user_artifacts/mcore_318g61w_av3/megatron/core/models/gpt/heterogeneous/heterogeneous_layer_specs.py:68: UserWarning: Apex is not installed. Falling back to Torch Norm
  warnings.warn("Apex is not installed. Falling back to Torch Norm")
/root/.cache/user_artifacts/mcore_318g61w_av3/megatron/core/models/vision/vit_layer_specs.py:31: UserWarning: Apex is not installed. Falling back to Torch Norm
  warnings.warn("Apex is not installed. Falling back to Torch Norm")
/root/.cache/user_artifacts/mcore_318g61w_av3/megatron/core/models/vision/vit_layer_specs.py:31: UserWarning: Apex is not installed. Falling back to Torch Norm
  warnings.warn("Apex is not installed. Falling back to Torch Norm")
/root/.cache/user_artifacts/mcore_318g61w_av3/megatron/core/models/vision/vit_layer_specs.py:31: UserWarning: Apex is not installed. Falling back to Torch Norm
  warnings.warn("Apex is not installed. Falling back to Torch Norm")
/root/.cache/user_artifacts/mcore_318g61w_av3/megatron/core/models/vision/vit_layer_specs.py:31: UserWarning: Apex is not installed. Falling back to Torch Norm
  warnings.warn("Apex is not installed. Falling back to Torch Norm")
/root/.cache/user_artifacts/mcore_318g61w_av3/megatron/core/models/vision/vit_layer_specs.py:31: UserWarning: Apex is not installed. Falling back to Torch Norm
  warnings.warn("Apex is not installed. Falling back to Torch Norm")
/root/.cache/user_artifacts/mcore_318g61w_av3/megatron/core/models/vision/vit_layer_specs.py:31: UserWarning: Apex is not installed. Falling back to Torch Norm
  warnings.warn("Apex is not installed. Falling back to Torch Norm")
/root/.cache/user_artifacts/mcore_318g61w_av3/megatron/core/models/vision/vit_layer_specs.py:31: UserWarning: Apex is not installed. Falling back to Torch Norm
  warnings.warn("Apex is not installed. Falling back to Torch Norm")
/root/.cache/user_artifacts/mcore_318g61w_av3/megatron/core/models/vision/vit_layer_specs.py:31: UserWarning: Apex is not installed. Falling back to Torch Norm
  warnings.warn("Apex is not installed. Falling back to Torch Norm")
/root/.cache/user_artifacts/mcore_318g61w_av3/megatron/core/models/mimo/config/base_configs.py:12: UserWarning: MimoModelConfig is experimental and still under active development. The API may change without notice in future releases.
  class MimoModelConfig:
/root/.cache/user_artifacts/mcore_318g61w_av3/megatron/core/models/mimo/config/base_configs.py:12: UserWarning: MimoModelConfig is experimental and still under active development. The API may change without notice in future releases.
  class MimoModelConfig:
/root/.cache/user_artifacts/mcore_318g61w_av3/megatron/core/models/mimo/config/base_configs.py:12: UserWarning: MimoModelConfig is experimental and still under active development. The API may change without notice in future releases.
  class MimoModelConfig:
/root/.cache/user_artifacts/mcore_318g61w_av3/megatron/core/models/mimo/config/base_configs.py:12: UserWarning: MimoModelConfig is experimental and still under active development. The API may change without notice in future releases.
  class MimoModelConfig:
/root/.cache/user_artifacts/mcore_318g61w_av3/megatron/core/models/mimo/config/base_configs.py:12: UserWarning: MimoModelConfig is experimental and still under active development. The API may change without notice in future releases.
  class MimoModelConfig:
/root/.cache/user_artifacts/mcore_318g61w_av3/megatron/core/models/mimo/config/base_configs.py:12: UserWarning: MimoModelConfig is experimental and still under active development. The API may change without notice in future releases.
  class MimoModelConfig:
/root/.cache/user_artifacts/mcore_318g61w_av3/megatron/core/models/mimo/config/base_configs.py:12: UserWarning: MimoModelConfig is experimental and still under active development. The API may change without notice in future releases.
  class MimoModelConfig:
/root/.cache/user_artifacts/mcore_318g61w_av3/megatron/core/models/mimo/config/base_configs.py:12: UserWarning: MimoModelConfig is experimental and still under active development. The API may change without notice in future releases.
  class MimoModelConfig:
/root/.cache/user_artifacts/mcore_318g61w_av3/megatron/core/models/mimo/config/base_configs.py:12: UserWarning: MimoModelConfig is experimental and still under active development. The API may change without notice in future releases.
  class MimoModelConfig:
/root/.cache/user_artifacts/mcore_318g61w_av3/megatron/core/models/mimo/config/base_configs.py:12: UserWarning: MimoModelConfig is experimental and still under active development. The API may change without notice in future releases.
  class MimoModelConfig:
/root/.cache/user_artifacts/mcore_318g61w_av3/megatron/core/models/mimo/config/base_configs.py:12: UserWarning: MimoModelConfig is experimental and still under active development. The API may change without notice in future releases.
  class MimoModelConfig:
/root/.cache/user_artifacts/mcore_318g61w_av3/megatron/core/models/mimo/config/base_configs.py:12: UserWarning: MimoModelConfig is experimental and still under active development. The API may change without notice in future releases.
  class MimoModelConfig:
/root/.cache/user_artifacts/mcore_318g61w_av3/megatron/core/models/mimo/config/base_configs.py:12: UserWarning: MimoModelConfig is experimental and still under active development. The API may change without notice in future releases.
  class MimoModelConfig:
/root/.cache/user_artifacts/mcore_318g61w_av3/megatron/core/models/mimo/config/base_configs.py:12: UserWarning: MimoModelConfig is experimental and still under active development. The API may change without notice in future releases.
  class MimoModelConfig:
/root/.cache/user_artifacts/mcore_318g61w_av3/megatron/core/models/mimo/config/base_configs.py:12: UserWarning: MimoModelConfig is experimental and still under active development. The API may change without notice in future releases.
  class MimoModelConfig:
/root/.cache/user_artifacts/mcore_318g61w_av3/megatron/core/models/mimo/config/base_configs.py:12: UserWarning: MimoModelConfig is experimental and still under active development. The API may change without notice in future releases.
  class MimoModelConfig:
TF32 LM-head fast path ACTIVETF32 LM-head fast path ACTIVE
TF32 LM-head fast path ACTIVE
TF32 LM-head fast path ACTIVE

TF32 LM-head fast path ACTIVETF32 LM-head fast path ACTIVE

TF32 LM-head fast path ACTIVE
TF32 LM-head fast path ACTIVETF32 LM-head fast path ACTIVETF32 LM-head fast path ACTIVE


TF32 LM-head fast path ACTIVETF32 LM-head fast path ACTIVE

TF32 LM-head fast path ACTIVE
TF32 LM-head fast path ACTIVE
TF32 LM-head fast path ACTIVE
TF32 LM-head fast path ACTIVE
WARNING:megatron.core.transformer.experimental_attention_variant.dsa_cudnn_kernels:BT_DSA_BWD_ASYNC_NONEMPTY_V3: first replay hit — first-pass probe consumed
WARNING:megatron.core.transformer.experimental_attention_variant.dsa_cudnn_kernels:BT_DSA_BWD_ASYNC_NONEMPTY_V3_VERIFY=1: cross-pass probe verify ACTIVE (recomputes the flag on every replay and asserts equality; soak only)
WARNING:megatron.core.transformer.experimental_attention_variant.dsa_cudnn_kernels:BT_DSA_BWD_ASYNC_NONEMPTY_V3: first replay hit — first-pass probe consumed
WARNING:megatron.core.transformer.experimental_attention_variant.dsa_cudnn_kernels:BT_DSA_BWD_ASYNC_NONEMPTY_V3: first replay hit — first-pass probe consumed
WARNING:megatron.core.transformer.experimental_attention_variant.dsa_cudnn_kernels:BT_DSA_BWD_ASYNC_NONEMPTY_V3: first replay hit — first-pass probe consumed
WARNING:megatron.core.transformer.experimental_attention_variant.dsa_cudnn_kernels:BT_DSA_BWD_ASYNC_NONEMPTY_V3: first replay hit — first-pass probe consumed
WARNING:megatron.core.transformer.experimental_attention_variant.dsa_cudnn_kernels:BT_DSA_BWD_ASYNC_NONEMPTY_V3: first replay hit — first-pass probe consumed
WARNING:megatron.core.transformer.experimental_attention_variant.dsa_cudnn_kernels:BT_DSA_BWD_ASYNC_NONEMPTY_V3_VERIFY=1: cross-pass probe verify ACTIVE (recomputes the flag on every replay and asserts equality; soak only)
WARNING:megatron.core.transformer.experimental_attention_variant.dsa_cudnn_kernels:BT_DSA_BWD_ASYNC_NONEMPTY_V3_VERIFY=1: cross-pass probe verify ACTIVE (recomputes the flag on every replay and asserts equality; soak only)
WARNING:megatron.core.transformer.experimental_attention_variant.dsa_cudnn_kernels:BT_DSA_BWD_ASYNC_NONEMPTY_V3_VERIFY=1: cross-pass probe verify ACTIVE (recomputes the flag on every replay and asserts equality; soak only)
WARNING:megatron.core.transformer.experimental_attention_variant.dsa_cudnn_kernels:BT_DSA_BWD_ASYNC_NONEMPTY_V3_VERIFY=1: cross-pass probe verify ACTIVE (recomputes the flag on every replay and asserts equality; soak only)
WARNING:megatron.core.transformer.experimental_attention_variant.dsa_cudnn_kernels:BT_DSA_BWD_ASYNC_NONEMPTY_V3_VERIFY=1: cross-pass probe verify ACTIVE (recomputes the flag on every replay and asserts equality; soak only)
WARNING:megatron.core.transformer.experimental_attention_variant.dsa_cudnn_kernels:BT_DSA_BWD_ASYNC_NONEMPTY_V3: first replay hit — first-pass probe consumed
WARNING:megatron.core.transformer.experimental_attention_variant.dsa_cudnn_kernels:BT_DSA_BWD_ASYNC_NONEMPTY_V3_VERIFY=1: cross-pass probe verify ACTIVE (recomputes the flag on every replay and asserts equality; soak only)
WARNING:megatron.core.transformer.experimental_attention_variant.dsa_cudnn_kernels:BT_DSA_BWD_ASYNC_NONEMPTY_V3: first replay hit — first-pass probe consumed
WARNING:megatron.core.transformer.experimental_attention_variant.dsa_cudnn_kernels:BT_DSA_BWD_ASYNC_NONEMPTY_V3_VERIFY=1: cross-pass probe verify ACTIVE (recomputes the flag on every replay and asserts equality; soak only)
WARNING:megatron.core.transformer.experimental_attention_variant.dsa_cudnn_kernels:BT_DSA_BWD_ASYNC_NONEMPTY_V3: first replay hit — first-pass probe consumed
WARNING:megatron.core.transformer.experimental_attention_variant.dsa_cudnn_kernels:BT_DSA_BWD_ASYNC_NONEMPTY_V3: first replay hit — first-pass probe consumed
WARNING:megatron.core.transformer.experimental_attention_variant.dsa_cudnn_kernels:BT_DSA_BWD_ASYNC_NONEMPTY_V3: first replay hit — first-pass probe consumed
WARNING:megatron.core.transformer.experimental_attention_variant.dsa_cudnn_kernels:BT_DSA_BWD_ASYNC_NONEMPTY_V3_VERIFY=1: cross-pass probe verify ACTIVE (recomputes the flag on every replay and asserts equality; soak only)
WARNING:megatron.core.transformer.experimental_attention_variant.dsa_cudnn_kernels:BT_DSA_BWD_ASYNC_NONEMPTY_V3_VERIFY=1: cross-pass probe verify ACTIVE (recomputes the flag on every replay and asserts equality; soak only)
WARNING:megatron.core.transformer.experimental_attention_variant.dsa_cudnn_kernels:BT_DSA_BWD_ASYNC_NONEMPTY_V3_VERIFY=1: cross-pass probe verify ACTIVE (recomputes the flag on every replay and asserts equality; soak only)
WARNING:megatron.core.transformer.experimental_attention_variant.dsa_cudnn_kernels:BT_DSA_BWD_ASYNC_NONEMPTY_V3: first replay hit — first-pass probe consumed
WARNING:megatron.core.transformer.experimental_attention_variant.dsa_cudnn_kernels:BT_DSA_BWD_ASYNC_NONEMPTY_V3: first replay hit — first-pass probe consumed
WARNING:megatron.core.transformer.experimental_attention_variant.dsa_cudnn_kernels:BT_DSA_BWD_ASYNC_NONEMPTY_V3: first replay hit — first-pass probe consumed
WARNING:megatron.core.transformer.experimental_attention_variant.dsa_cudnn_kernels:BT_DSA_BWD_ASYNC_NONEMPTY_V3_VERIFY=1: cross-pass probe verify ACTIVE (recomputes the flag on every replay and asserts equality; soak only)
WARNING:megatron.core.transformer.experimental_attention_variant.dsa_cudnn_kernels:BT_DSA_BWD_ASYNC_NONEMPTY_V3_VERIFY=1: cross-pass probe verify ACTIVE (recomputes the flag on every replay and asserts equality; soak only)
WARNING:megatron.core.transformer.experimental_attention_variant.dsa_cudnn_kernels:BT_DSA_BWD_ASYNC_NONEMPTY_V3_VERIFY=1: cross-pass probe verify ACTIVE (recomputes the flag on every replay and asserts equality; soak only)
WARNING:megatron.core.transformer.experimental_attention_variant.dsa_cudnn_kernels:BT_DSA_BWD_ASYNC_NONEMPTY_V3: first replay hit — first-pass probe consumed
WARNING:megatron.core.transformer.experimental_attention_variant.dsa_cudnn_kernels:BT_DSA_BWD_ASYNC_NONEMPTY_V3_VERIFY=1: cross-pass probe verify ACTIVE (recomputes the flag on every replay and asserts equality; soak only)
WARNING:megatron.core.transformer.experimental_attention_variant.dsa_cudnn_kernels:BT_DSA_BWD_ASYNC_NONEMPTY_V3: first replay hit — first-pass probe consumed
WARNING:megatron.core.transformer.experimental_attention_variant.dsa_cudnn_kernels:BT_DSA_BWD_ASYNC_NONEMPTY_V3_VERIFY=1: cross-pass probe verify ACTIVE (recomputes the flag on every replay and asserts equality; soak only)
WARNING:megatron.core.transformer.moe.router:BT_MOE_ROUTING_REPLAY_FORCE: first replay force — saved first-pass routing_map consumed; router params trainable=none (assumed frozen under attention-only LoRA; the hybrid preserves router grads either way)
WARNING:megatron.core.transformer.moe.router:BT_MOE_ROUTING_REPLAY_FORCE: first replay force — saved first-pass routing_map consumed; router params trainable=none (assumed frozen under attention-only LoRA; the hybrid preserves router grads either way)
WARNING:megatron.core.transformer.moe.router:BT_MOE_ROUTING_REPLAY_FORCE: first replay force — saved first-pass routing_map consumed; router params trainable=none (assumed frozen under attention-only LoRA; the hybrid preserves router grads either way)
WARNING:megatron.core.transformer.moe.router:BT_MOE_ROUTING_REPLAY_FORCE: first replay force — saved first-pass routing_map consumed; router params trainable=none (assumed frozen under attention-only LoRA; the hybrid preserves router grads either way)
WARNING:megatron.core.transformer.moe.router:BT_MOE_ROUTING_REPLAY_FORCE: first replay force — saved first-pass routing_map consumed; router params trainable=none (assumed frozen under attention-only LoRA; the hybrid preserves router grads either way)
WARNING:megatron.core.transformer.moe.router:BT_MOE_ROUTING_REPLAY_FORCE: first replay force — saved first-pass routing_map consumed; router params trainable=none (assumed frozen under attention-only LoRA; the hybrid preserves router grads either way)
WARNING:megatron.core.transformer.moe.router:BT_MOE_ROUTING_REPLAY_FORCE: first replay force — saved first-pass routing_map consumed; router params trainable=none (assumed frozen under attention-only LoRA; the hybrid preserves router grads either way)
WARNING:megatron.core.transformer.moe.router:BT_MOE_ROUTING_REPLAY_FORCE: first replay force — saved first-pass routing_map consumed; router params trainable=none (assumed frozen under attention-only LoRA; the hybrid preserves router grads either way)
WARNING:megatron.core.transformer.moe.router:BT_MOE_ROUTING_REPLAY_FORCE: first replay force — saved first-pass routing_map consumed; router params trainable=none (assumed frozen under attention-only LoRA; the hybrid preserves router grads either way)
WARNING:megatron.core.transformer.moe.router:BT_MOE_ROUTING_REPLAY_FORCE: first replay force — saved first-pass routing_map consumed; router params trainable=none (assumed frozen under attention-only LoRA; the hybrid preserves router grads either way)
WARNING:megatron.core.transformer.moe.router:BT_MOE_ROUTING_REPLAY_FORCE: first replay force — saved first-pass routing_map consumed; router params trainable=none (assumed frozen under attention-only LoRA; the hybrid preserves router grads either way)
WARNING:megatron.core.transformer.moe.router:BT_MOE_ROUTING_REPLAY_FORCE: first replay force — saved first-pass routing_map consumed; router params trainable=none (assumed frozen under attention-only LoRA; the hybrid preserves router grads either way)
WARNING:megatron.core.transformer.moe.router:BT_MOE_ROUTING_REPLAY_FORCE: first replay force — saved first-pass routing_map consumed; router params trainable=none (assumed frozen under attention-only LoRA; the hybrid preserves router grads either way)
WARNING:megatron.core.transformer.moe.router:BT_MOE_ROUTING_REPLAY_FORCE: first replay force — saved first-pass routing_map consumed; router params trainable=none (assumed frozen under attention-only LoRA; the hybrid preserves router grads either way)
WARNING:megatron.core.transformer.moe.router:BT_MOE_ROUTING_REPLAY_FORCE: first replay force — saved first-pass routing_map consumed; router params trainable=none (assumed frozen under attention-only LoRA; the hybrid preserves router grads either way)
WARNING:megatron.core.transformer.moe.token_dispatcher:BT_MOE_DISPATCH_REPLAY_CACHE: first replay cache hit — replay all-gather, D2H copies, and d2h_event.synchronize() skipped
WARNING:megatron.core.transformer.moe.token_dispatcher:BT_MOE_DISPATCH_REPLAY_CACHE: first replay cache hit — replay all-gather, D2H copies, and d2h_event.synchronize() skipped
WARNING:megatron.core.transformer.moe.token_dispatcher:BT_MOE_DISPATCH_REPLAY_CACHE: first replay cache hit — replay all-gather, D2H copies, and d2h_event.synchronize() skipped
WARNING:megatron.core.transformer.moe.token_dispatcher:BT_MOE_DISPATCH_REPLAY_CACHE: first replay cache hit — replay all-gather, D2H copies, and d2h_event.synchronize() skipped
WARNING:megatron.core.transformer.moe.token_dispatcher:BT_MOE_DISPATCH_REPLAY_CACHE: first replay cache hit — replay all-gather, D2H copies, and d2h_event.synchronize() skipped
WARNING:megatron.core.transformer.moe.token_dispatcher:BT_MOE_DISPATCH_REPLAY_CACHE: first replay cache hit — replay all-gather, D2H copies, and d2h_event.synchronize() skipped
WARNING:megatron.core.transformer.moe.token_dispatcher:BT_MOE_DISPATCH_REPLAY_CACHE: first replay cache hit — replay all-gather, D2H copies, and d2h_event.synchronize() skipped
WARNING:megatron.core.transformer.moe.router:BT_MOE_ROUTING_REPLAY_FORCE: first replay force — saved first-pass routing_map consumed; router params trainable=none (assumed frozen under attention-only LoRA; the hybrid preserves router grads either way)
WARNING:megatron.core.transformer.moe.token_dispatcher:BT_MOE_DISPATCH_REPLAY_CACHE: first replay cache hit — replay all-gather, D2H copies, and d2h_event.synchronize() skipped
WARNING:megatron.core.transformer.moe.token_dispatcher:BT_MOE_DISPATCH_REPLAY_CACHE: first replay cache hit — replay all-gather, D2H copies, and d2h_event.synchronize() skipped
WARNING:megatron.core.transformer.moe.token_dispatcher:BT_MOE_DISPATCH_REPLAY_CACHE: first replay cache hit — replay all-gather, D2H copies, and d2h_event.synchronize() skipped
WARNING:megatron.core.transformer.moe.token_dispatcher:BT_MOE_DISPATCH_REPLAY_CACHE: first replay cache hit — replay all-gather, D2H copies, and d2h_event.synchronize() skipped
WARNING:megatron.core.transformer.moe.token_dispatcher:BT_MOE_DISPATCH_REPLAY_CACHE: first replay cache hit — replay all-gather, D2H copies, and d2h_event.synchronize() skipped
WARNING:megatron.core.transformer.moe.token_dispatcher:BT_MOE_DISPATCH_REPLAY_CACHE: first replay cache hit — replay all-gather, D2H copies, and d2h_event.synchronize() skipped
WARNING:megatron.core.transformer.moe.token_dispatcher:BT_MOE_DISPATCH_REPLAY_CACHE: first replay cache hit — replay all-gather, D2H copies, and d2h_event.synchronize() skipped
WARNING:megatron.core.transformer.moe.token_dispatcher:BT_MOE_DISPATCH_REPLAY_CACHE: first replay cache hit — replay all-gather, D2H copies, and d2h_event.synchronize() skipped
WARNING:megatron.core.transformer.moe.token_dispatcher:BT_MOE_DISPATCH_REPLAY_CACHE: first replay cache hit — replay all-gather, D2H copies, and d2h_event.synchronize() skipped
/root/.cache/user_artifacts/trainers_main/server/.venv/lib/python3.12/site-packages/torch/autograd/graph.py:869: UserWarning: The AccumulateGrad node's stream does not match the stream of the node that produced the incoming gradient. This may incur unnecessary synchronization and break CUDA graph capture if the AccumulateGrad node's stream is the default stream. This mismatch is caused by an AccumulateGrad node created prior to the current iteration being kept alive. This can happen if the autograd graph is still being kept alive by tensors such as the loss, or if you are using DDP, which will stash a reference to the node. To resolve the mismatch, delete all references to the autograd graph or ensure that DDP initialization is performed under the same stream as subsequent forwards. If the mismatch is intentional, you can use torch.autograd.graph.set_warn_on_accumulate_grad_stream_mismatch(False) to suppress this warning. (Triggered internally at /pytorch/torch/csrc/autograd/input_buffer.cpp:240.)
  return Variable._execution_engine.run_backward(  # Calls into the C++ engine to run the backward pass
/root/.cache/user_artifacts/trainers_main/server/.venv/lib/python3.12/site-packages/torch/autograd/graph.py:869: UserWarning: The AccumulateGrad node's stream does not match the stream of the node that produced the incoming gradient. This may incur unnecessary synchronization and break CUDA graph capture if the AccumulateGrad node's stream is the default stream. This mismatch is caused by an AccumulateGrad node created prior to the current iteration being kept alive. This can happen if the autograd graph is still being kept alive by tensors such as the loss, or if you are using DDP, which will stash a reference to the node. To resolve the mismatch, delete all references to the autograd graph or ensure that DDP initialization is performed under the same stream as subsequent forwards. If the mismatch is intentional, you can use torch.autograd.graph.set_warn_on_accumulate_grad_stream_mismatch(False) to suppress this warning. (Triggered internally at /pytorch/torch/csrc/autograd/input_buffer.cpp:240.)
/root/.cache/user_artifacts/trainers_main/server/.venv/lib/python3.12/site-packages/torch/autograd/graph.py:869: UserWarning: The AccumulateGrad node's stream does not match the stream of the node that produced the incoming gradient. This may incur unnecessary synchronization and break CUDA graph capture if the AccumulateGrad node's stream is the default stream. This mismatch is caused by an AccumulateGrad node created prior to the current iteration being kept alive. This can happen if the autograd graph is still being kept alive by tensors such as the loss, or if you are using DDP, which will stash a reference to the node. To resolve the mismatch, delete all references to the autograd graph or ensure that DDP initialization is performed under the same stream as subsequent forwards. If the mismatch is intentional, you can use torch.autograd.graph.set_warn_on_accumulate_grad_stream_mismatch(False) to suppress this warning. (Triggered internally at /pytorch/torch/csrc/autograd/input_buffer.cpp:240.)
  return Variable._execution_engine.run_backward(  # Calls into the C++ engine to run the backward pass
/root/.cache/user_artifacts/trainers_main/server/.venv/lib/python3.12/site-packages/torch/autograd/graph.py:869: UserWarning: The AccumulateGrad node's stream does not match the stream of the node that produced the incoming gradient. This may incur unnecessary synchronization and break CUDA graph capture if the AccumulateGrad node's stream is the default stream. This mismatch is caused by an AccumulateGrad node created prior to the current iteration being kept alive. This can happen if the autograd graph is still being kept alive by tensors such as the loss, or if you are using DDP, which will stash a reference to the node. To resolve the mismatch, delete all references to the autograd graph or ensure that DDP initialization is performed under the same stream as subsequent forwards. If the mismatch is intentional, you can use torch.autograd.graph.set_warn_on_accumulate_grad_stream_mismatch(False) to suppress this warning. (Triggered internally at /pytorch/torch/csrc/autograd/input_buffer.cpp:240.)
  return Variable._execution_engine.run_backward(  # Calls into the C++ engine to run the backward pass
  return Variable._execution_engine.run_backward(  # Calls into the C++ engine to run the backward pass
/root/.cache/user_artifacts/trainers_main/server/.venv/lib/python3.12/site-packages/torch/autograd/graph.py:869: UserWarning: The AccumulateGrad node's stream does not match the stream of the node that produced the incoming gradient. This may incur unnecessary synchronization and break CUDA graph capture if the AccumulateGrad node's stream is the default stream. This mismatch is caused by an AccumulateGrad node created prior to the current iteration being kept alive. This can happen if the autograd graph is still being kept alive by tensors such as the loss, or if you are using DDP, which will stash a reference to the node. To resolve the mismatch, delete all references to the autograd graph or ensure that DDP initialization is performed under the same stream as subsequent forwards. If the mismatch is intentional, you can use torch.autograd.graph.set_warn_on_accumulate_grad_stream_mismatch(False) to suppress this warning. (Triggered internally at /pytorch/torch/csrc/autograd/input_buffer.cpp:240.)
  return Variable._execution_engine.run_backward(  # Calls into the C++ engine to run the backward pass
/root/.cache/user_artifacts/trainers_main/server/.venv/lib/python3.12/site-packages/torch/autograd/graph.py:869: UserWarning: The AccumulateGrad node's stream does not match the stream of the node that produced the incoming gradient. This may incur unnecessary synchronization and break CUDA graph capture if the AccumulateGrad node's stream is the default stream. This mismatch is caused by an AccumulateGrad node created prior to the current iteration being kept alive. This can happen if the autograd graph is still being kept alive by tensors such as the loss, or if you are using DDP, which will stash a reference to the node. To resolve the mismatch, delete all references to the autograd graph or ensure that DDP initialization is performed under the same stream as subsequent forwards. If the mismatch is intentional, you can use torch.autograd.graph.set_warn_on_accumulate_grad_stream_mismatch(False) to suppress this warning. (Triggered internally at /pytorch/torch/csrc/autograd/input_buffer.cpp:240.)
/root/.cache/user_artifacts/trainers_main/server/.venv/lib/python3.12/site-packages/torch/autograd/graph.py:869: UserWarning: The AccumulateGrad node's stream does not match the stream of the node that produced the incoming gradient. This may incur unnecessary synchronization and break CUDA graph capture if the AccumulateGrad node's stream is the default stream. This mismatch is caused by an AccumulateGrad node created prior to the current iteration being kept alive. This can happen if the autograd graph is still being kept alive by tensors such as the loss, or if you are using DDP, which will stash a reference to the node. To resolve the mismatch, delete all references to the autograd graph or ensure that DDP initialization is performed under the same stream as subsequent forwards. If the mismatch is intentional, you can use torch.autograd.graph.set_warn_on_accumulate_grad_stream_mismatch(False) to suppress this warning. (Triggered internally at /pytorch/torch/csrc/autograd/input_buffer.cpp:240.)
  return Variable._execution_engine.run_backward(  # Calls into the C++ engine to run the backward pass
  return Variable._execution_engine.run_backward(  # Calls into the C++ engine to run the backward pass
/root/.cache/user_artifacts/trainers_main/server/.venv/lib/python3.12/site-packages/torch/autograd/graph.py:869: UserWarning: The AccumulateGrad node's stream does not match the stream of the node that produced the incoming gradient. This may incur unnecessary synchronization and break CUDA graph capture if the AccumulateGrad node's stream is the default stream. This mismatch is caused by an AccumulateGrad node created prior to the current iteration being kept alive. This can happen if the autograd graph is still being kept alive by tensors such as the loss, or if you are using DDP, which will stash a reference to the node. To resolve the mismatch, delete all references to the autograd graph or ensure that DDP initialization is performed under the same stream as subsequent forwards. If the mismatch is intentional, you can use torch.autograd.graph.set_warn_on_accumulate_grad_stream_mismatch(False) to suppress this warning. (Triggered internally at /pytorch/torch/csrc/autograd/input_buffer.cpp:240.)
/root/.cache/user_artifacts/trainers_main/server/.venv/lib/python3.12/site-packages/torch/autograd/graph.py:869: UserWarning: The AccumulateGrad node's stream does not match the stream of the node that produced the incoming gradient. This may incur unnecessary synchronization and break CUDA graph capture if the AccumulateGrad node's stream is the default stream. This mismatch is caused by an AccumulateGrad node created prior to the current iteration being kept alive. This can happen if the autograd graph is still being kept alive by tensors such as the loss, or if you are using DDP, which will stash a reference to the node. To resolve the mismatch, delete all references to the autograd graph or ensure that DDP initialization is performed under the same stream as subsequent forwards. If the mismatch is intentional, you can use torch.autograd.graph.set_warn_on_accumulate_grad_stream_mismatch(False) to suppress this warning. (Triggered internally at /pytorch/torch/csrc/autograd/input_buffer.cpp:240.)
  return Variable._execution_engine.run_backward(  # Calls into the C++ engine to run the backward pass
  return Variable._execution_engine.run_backward(  # Calls into the C++ engine to run the backward pass
/root/.cache/user_artifacts/trainers_main/server/.venv/lib/python3.12/site-packages/torch/autograd/graph.py:869: UserWarning: The AccumulateGrad node's stream does not match the stream of the node that produced the incoming gradient. This may incur unnecessary synchronization and break CUDA graph capture if the AccumulateGrad node's stream is the default stream. This mismatch is caused by an AccumulateGrad node created prior to the current iteration being kept alive. This can happen if the autograd graph is still being kept alive by tensors such as the loss, or if you are using DDP, which will stash a reference to the node. To resolve the mismatch, delete all references to the autograd graph or ensure that DDP initialization is performed under the same stream as subsequent forwards. If the mismatch is intentional, you can use torch.autograd.graph.set_warn_on_accumulate_grad_stream_mismatch(False) to suppress this warning. (Triggered internally at /pytorch/torch/csrc/autograd/input_buffer.cpp:240.)
/root/.cache/user_artifacts/trainers_main/server/.venv/lib/python3.12/site-packages/torch/autograd/graph.py:869: UserWarning: The AccumulateGrad node's stream does not match the stream of the node that produced the incoming gradient. This may incur unnecessary synchronization and break CUDA graph capture if the AccumulateGrad node's stream is the default stream. This mismatch is caused by an AccumulateGrad node created prior to the current iteration being kept alive. This can happen if the autograd graph is still being kept alive by tensors such as the loss, or if you are using DDP, which will stash a reference to the node. To resolve the mismatch, delete all references to the autograd graph or ensure that DDP initialization is performed under the same stream as subsequent forwards. If the mismatch is intentional, you can use torch.autograd.graph.set_warn_on_accumulate_grad_stream_mismatch(False) to suppress this warning. (Triggered internally at /pytorch/torch/csrc/autograd/input_buffer.cpp:240.)
  return Variable._execution_engine.run_backward(  # Calls into the C++ engine to run the backward pass
  return Variable._execution_engine.run_backward(  # Calls into the C++ engine to run the backward pass
/root/.cache/user_artifacts/trainers_main/server/.venv/lib/python3.12/site-packages/torch/autograd/graph.py:869: UserWarning: The AccumulateGrad node's stream does not match the stream of the node that produced the incoming gradient. This may incur unnecessary synchronization and break CUDA graph capture if the AccumulateGrad node's stream is the default stream. This mismatch is caused by an AccumulateGrad node created prior to the current iteration being kept alive. This can happen if the autograd graph is still being kept alive by tensors such as the loss, or if you are using DDP, which will stash a reference to the node. To resolve the mismatch, delete all references to the autograd graph or ensure that DDP initialization is performed under the same stream as subsequent forwards. If the mismatch is intentional, you can use torch.autograd.graph.set_warn_on_accumulate_grad_stream_mismatch(False) to suppress this warning. (Triggered internally at /pytorch/torch/csrc/autograd/input_buffer.cpp:240.)
/root/.cache/user_artifacts/trainers_main/server/.venv/lib/python3.12/site-packages/torch/autograd/graph.py:869: UserWarning: The AccumulateGrad node's stream does not match the stream of the node that produced the incoming gradient. This may incur unnecessary synchronization and break CUDA graph capture if the AccumulateGrad node's stream is the default stream. This mismatch is caused by an AccumulateGrad node created prior to the current iteration being kept alive. This can happen if the autograd graph is still being kept alive by tensors such as the loss, or if you are using DDP, which will stash a reference to the node. To resolve the mismatch, delete all references to the autograd graph or ensure that DDP initialization is performed under the same stream as subsequent forwards. If the mismatch is intentional, you can use torch.autograd.graph.set_warn_on_accumulate_grad_stream_mismatch(False) to suppress this warning. (Triggered internally at /pytorch/torch/csrc/autograd/input_buffer.cpp:240.)
  return Variable._execution_engine.run_backward(  # Calls into the C++ engine to run the backward pass
  return Variable._execution_engine.run_backward(  # Calls into the C++ engine to run the backward pass
/root/.cache/user_artifacts/trainers_main/server/.venv/lib/python3.12/site-packages/torch/autograd/graph.py:869: UserWarning: The AccumulateGrad node's stream does not match the stream of the node that produced the incoming gradient. This may incur unnecessary synchronization and break CUDA graph capture if the AccumulateGrad node's stream is the default stream. This mismatch is caused by an AccumulateGrad node created prior to the current iteration being kept alive. This can happen if the autograd graph is still being kept alive by tensors such as the loss, or if you are using DDP, which will stash a reference to the node. To resolve the mismatch, delete all references to the autograd graph or ensure that DDP initialization is performed under the same stream as subsequent forwards. If the mismatch is intentional, you can use torch.autograd.graph.set_warn_on_accumulate_grad_stream_mismatch(False) to suppress this warning. (Triggered internally at /pytorch/torch/csrc/autograd/input_buffer.cpp:240.)
/root/.cache/user_artifacts/trainers_main/server/.venv/lib/python3.12/site-packages/torch/autograd/graph.py:869: UserWarning: The AccumulateGrad node's stream does not match the stream of the node that produced the incoming gradient. This may incur unnecessary synchronization and break CUDA graph capture if the AccumulateGrad node's stream is the default stream. This mismatch is caused by an AccumulateGrad node created prior to the current iteration being kept alive. This can happen if the autograd graph is still being kept alive by tensors such as the loss, or if you are using DDP, which will stash a reference to the node. To resolve the mismatch, delete all references to the autograd graph or ensure that DDP initialization is performed under the same stream as subsequent forwards. If the mismatch is intentional, you can use torch.autograd.graph.set_warn_on_accumulate_grad_stream_mismatch(False) to suppress this warning. (Triggered internally at /pytorch/torch/csrc/autograd/input_buffer.cpp:240.)
  return Variable._execution_engine.run_backward(  # Calls into the C++ engine to run the backward pass
  return Variable._execution_engine.run_backward(  # Calls into the C++ engine to run the backward pass
/root/.cache/user_artifacts/trainers_main/server/.venv/lib/python3.12/site-packages/torch/autograd/graph.py:869: UserWarning: The AccumulateGrad node's stream does not match the stream of the node that produced the incoming gradient. This may incur unnecessary synchronization and break CUDA graph capture if the AccumulateGrad node's stream is the default stream. This mismatch is caused by an AccumulateGrad node created prior to the current iteration being kept alive. This can happen if the autograd graph is still being kept alive by tensors such as the loss, or if you are using DDP, which will stash a reference to the node. To resolve the mismatch, delete all references to the autograd graph or ensure that DDP initialization is performed under the same stream as subsequent forwards. If the mismatch is intentional, you can use torch.autograd.graph.set_warn_on_accumulate_grad_stream_mismatch(False) to suppress this warning. (Triggered internally at /pytorch/torch/csrc/autograd/input_buffer.cpp:240.)
  return Variable._execution_engine.run_backward(  # Calls into the C++ engine to run the backward pass
INFO:trainers_server.dp_worker.api.megatron_controller:warmup pass 2 — full-footprint THD partition (4 synthetic docs, ~131072 tokens)...
/root/.cache/user_artifacts/trainers_main/server/.venv/lib/python3.12/site-packages/nvidia_cutlass_dsl/python_packages/cutlass/cute/core.py:5791: DeprecationWarning: Use explicit `struct.scalar.ptr` for pointer instead.
  warnings.warn(
/root/.cache/user_artifacts/trainers_main/server/.venv/lib/python3.12/site-packages/nvidia_cutlass_dsl/python_packages/cutlass/cute/core.py:5791: DeprecationWarning: Use explicit `struct.scalar.ptr` for pointer instead.
  warnings.warn(
/root/.cache/user_artifacts/trainers_main/server/.venv/lib/python3.12/site-packages/nvidia_cutlass_dsl/python_packages/cutlass/cute/core.py:5791: DeprecationWarning: Use explicit `struct.scalar.ptr` for pointer instead.
  warnings.warn(
/root/.cache/user_artifacts/trainers_main/server/.venv/lib/python3.12/site-packages/nvidia_cutlass_dsl/python_packages/cutlass/cute/core.py:5791: DeprecationWarning: Use explicit `struct.scalar.ptr` for pointer instead.
  warnings.warn(
/root/.cache/user_artifacts/trainers_main/server/.venv/lib/python3.12/site-packages/nvidia_cutlass_dsl/python_packages/cutlass/cute/core.py:5791: DeprecationWarning: Use explicit `struct.scalar.ptr` for pointer instead.
  warnings.warn(
/root/.cache/user_artifacts/trainers_main/server/.venv/lib/python3.12/site-packages/nvidia_cutlass_dsl/python_packages/cutlass/cute/core.py:5791: DeprecationWarning: Use explicit `struct.scalar.ptr` for pointer instead.
  warnings.warn(
/root/.cache/user_artifacts/trainers_main/server/.venv/lib/python3.12/site-packages/nvidia_cutlass_dsl/python_packages/cutlass/cute/core.py:5791: DeprecationWarning: Use explicit `struct.scalar.ptr` for pointer instead.
  warnings.warn(
/root/.cache/user_artifacts/trainers_main/server/.venv/lib/python3.12/site-packages/nvidia_cutlass_dsl/python_packages/cutlass/cute/core.py:5791: DeprecationWarning: Use explicit `struct.scalar.ptr` for pointer instead.
  warnings.warn(
/root/.cache/user_artifacts/trainers_main/server/.venv/lib/python3.12/site-packages/nvidia_cutlass_dsl/python_packages/cutlass/cute/core.py:5791: DeprecationWarning: Use explicit `struct.scalar.ptr` for pointer instead.
  warnings.warn(
/root/.cache/user_artifacts/trainers_main/server/.venv/lib/python3.12/site-packages/nvidia_cutlass_dsl/python_packages/cutlass/cute/core.py:5791: DeprecationWarning: Use explicit `struct.scalar.ptr` for pointer instead.
  warnings.warn(
/root/.cache/user_artifacts/trainers_main/server/.venv/lib/python3.12/site-packages/nvidia_cutlass_dsl/python_packages/cutlass/cute/core.py:5791: DeprecationWarning: Use explicit `struct.scalar.ptr` for pointer instead.
  warnings.warn(
/root/.cache/user_artifacts/trainers_main/server/.venv/lib/python3.12/site-packages/nvidia_cutlass_dsl/python_packages/cutlass/cute/core.py:5791: DeprecationWarning: Use explicit `struct.scalar.ptr` for pointer instead.
  warnings.warn(
/root/.cache/user_artifacts/trainers_main/server/.venv/lib/python3.12/site-packages/nvidia_cutlass_dsl/python_packages/cutlass/cute/core.py:5791: DeprecationWarning: Use explicit `struct.scalar.ptr` for pointer instead.
  warnings.warn(
/root/.cache/user_artifacts/trainers_main/server/.venv/lib/python3.12/site-packages/nvidia_cutlass_dsl/python_packages/cutlass/cute/core.py:5791: DeprecationWarning: Use explicit `struct.scalar.ptr` for pointer instead.
  warnings.warn(
/root/.cache/user_artifacts/trainers_main/server/.venv/lib/python3.12/site-packages/nvidia_cutlass_dsl/python_packages/cutlass/cute/core.py:5791: DeprecationWarning: Use explicit `struct.scalar.ptr` for pointer instead.
  warnings.warn(
/root/.cache/user_artifacts/trainers_main/server/.venv/lib/python3.12/site-packages/nvidia_cutlass_dsl/python_packages/cutlass/cute/core.py:5791: DeprecationWarning: Use explicit `struct.scalar.ptr` for pointer instead.
  warnings.warn(
/root/.cache/user_artifacts/trainers_main/server/.venv/lib/python3.12/site-packages/nvidia_cutlass_dsl/python_packages/cutlass/cute/core.py:5791: DeprecationWarning: Use explicit `struct.scalar.ptr` for pointer instead.
  warnings.warn(
/root/.cache/user_artifacts/trainers_main/server/.venv/lib/python3.12/site-packages/nvidia_cutlass_dsl/python_packages/cutlass/cute/core.py:5791: DeprecationWarning: Use explicit `struct.scalar.ptr` for pointer instead.
  warnings.warn(
/root/.cache/user_artifacts/trainers_main/server/.venv/lib/python3.12/site-packages/nvidia_cutlass_dsl/python_packages/cutlass/cute/core.py:5791: DeprecationWarning: Use explicit `struct.scalar.ptr` for pointer instead.
  warnings.warn(
/root/.cache/user_artifacts/trainers_main/server/.venv/lib/python3.12/site-packages/nvidia_cutlass_dsl/python_packages/cutlass/cute/core.py:5791: DeprecationWarning: Use explicit `struct.scalar.ptr` for pointer instead.
  warnings.warn(
/root/.cache/user_artifacts/trainers_main/server/.venv/lib/python3.12/site-packages/nvidia_cutlass_dsl/python_packages/cutlass/cute/core.py:5791: DeprecationWarning: Use explicit `struct.scalar.ptr` for pointer instead.
  warnings.warn(
/root/.cache/user_artifacts/trainers_main/server/.venv/lib/python3.12/site-packages/nvidia_cutlass_dsl/python_packages/cutlass/cute/core.py:5791: DeprecationWarning: Use explicit `struct.scalar.ptr` for pointer instead.
  warnings.warn(
/root/.cache/user_artifacts/trainers_main/server/.venv/lib/python3.12/site-packages/nvidia_cutlass_dsl/python_packages/cutlass/cute/core.py:5791: DeprecationWarning: Use explicit `struct.scalar.ptr` for pointer instead.
  warnings.warn(
/root/.cache/user_artifacts/trainers_main/server/.venv/lib/python3.12/site-packages/nvidia_cutlass_dsl/python_packages/cutlass/cute/core.py:5791: DeprecationWarning: Use explicit `struct.scalar.ptr` for pointer instead.
  warnings.warn(
/root/.cache/user_artifacts/trainers_main/server/.venv/lib/python3.12/site-packages/nvidia_cutlass_dsl/python_packages/cutlass/cute/core.py:5791: DeprecationWarning: Use explicit `struct.scalar.ptr` for pointer instead.
  warnings.warn(
/root/.cache/user_artifacts/trainers_main/server/.venv/lib/python3.12/site-packages/nvidia_cutlass_dsl/python_packages/cutlass/cute/core.py:5791: DeprecationWarning: Use explicit `struct.scalar.ptr` for pointer instead.
  warnings.warn(
/root/.cache/user_artifacts/trainers_main/server/.venv/lib/python3.12/site-packages/nvidia_cutlass_dsl/python_packages/cutlass/cute/core.py:5791: DeprecationWarning: Use explicit `struct.scalar.ptr` for pointer instead.
  warnings.warn(
/root/.cache/user_artifacts/trainers_main/server/.venv/lib/python3.12/site-packages/nvidia_cutlass_dsl/python_packages/cutlass/cute/core.py:5791: DeprecationWarning: Use explicit `struct.scalar.ptr` for pointer instead.
  warnings.warn(
/root/.cache/user_artifacts/trainers_main/server/.venv/lib/python3.12/site-packages/nvidia_cutlass_dsl/python_packages/cutlass/cute/core.py:5791: DeprecationWarning: Use explicit `struct.scalar.ptr` for pointer instead.
  warnings.warn(
/root/.cache/user_artifacts/trainers_main/server/.venv/lib/python3.12/site-packages/nvidia_cutlass_dsl/python_packages/cutlass/cute/core.py:5791: DeprecationWarning: Use explicit `struct.scalar.ptr` for pointer instead.
  warnings.warn(
/root/.cache/user_artifacts/trainers_main/server/.venv/lib/python3.12/site-packages/nvidia_cutlass_dsl/python_packages/cutlass/cute/core.py:5791: DeprecationWarning: Use explicit `struct.scalar.ptr` for pointer instead.
  warnings.warn(
/root/.cache/user_artifacts/trainers_main/server/.venv/lib/python3.12/site-packages/nvidia_cutlass_dsl/python_packages/cutlass/cute/core.py:5791: DeprecationWarning: Use explicit `struct.scalar.ptr` for pointer instead.
  warnings.warn(
WARNING:megatron.core.transformer.moe.token_dispatcher:BT_MOE_PROBS_A2A_COMM window 1 (300 gated dispatches): {'token_issues': 300, 'probs_issues': 300, 'waits': 600}
WARNING:megatron.core.transformer.moe.token_dispatcher:BT_MOE_PROBS_A2A_COMM window 1 (300 gated dispatches): {'token_issues': 300, 'probs_issues': 300, 'waits': 600}
WARNING:megatron.core.transformer.moe.token_dispatcher:BT_MOE_PROBS_A2A_COMM window 1 (300 gated dispatches): {'token_issues': 300, 'probs_issues': 300, 'waits': 600}
WARNING:megatron.core.transformer.moe.token_dispatcher:BT_MOE_PROBS_A2A_COMM window 1 (300 gated dispatches): {'token_issues': 300, 'probs_issues': 300, 'waits': 600}
WARNING:megatron.core.transformer.moe.token_dispatcher:BT_MOE_PROBS_A2A_COMM window 1 (300 gated dispatches): {'token_issues': 300, 'probs_issues': 300, 'waits': 600}
WARNING:megatron.core.transformer.moe.token_dispatcher:BT_MOE_PROBS_A2A_COMM window 1 (300 gated dispatches): {'token_issues': 300, 'probs_issues': 300, 'waits': 600}
WARNING:megatron.core.transformer.moe.token_dispatcher:BT_MOE_PROBS_A2A_COMM window 1 (300 gated dispatches): {'token_issues': 300, 'probs_issues': 300, 'waits': 600}
WARNING:megatron.core.transformer.moe.token_dispatcher:BT_MOE_PROBS_A2A_COMM window 1 (300 gated dispatches): {'token_issues': 300, 'probs_issues': 300, 'waits': 600}
WARNING:megatron.core.transformer.moe.token_dispatcher:BT_MOE_PROBS_A2A_COMM window 1 (300 gated dispatches): {'token_issues': 300, 'probs_issues': 300, 'waits': 600}
WARNING:megatron.core.transformer.moe.token_dispatcher:BT_MOE_PROBS_A2A_COMM window 1 (300 gated dispatches): {'token_issues': 300, 'probs_issues': 300, 'waits': 600}
WARNING:megatron.core.transformer.moe.token_dispatcher:BT_MOE_PROBS_A2A_COMM window 1 (300 gated dispatches): {'token_issues': 300, 'probs_issues': 300, 'waits': 600}
WARNING:megatron.core.transformer.moe.token_dispatcher:BT_MOE_PROBS_A2A_COMM window 1 (300 gated dispatches): {'token_issues': 300, 'probs_issues': 300, 'waits': 600}
WARNING:megatron.core.transformer.moe.token_dispatcher:BT_MOE_PROBS_A2A_COMM window 1 (300 gated dispatches): {'token_issues': 300, 'probs_issues': 300, 'waits': 600}
WARNING:megatron.core.transformer.moe.token_dispatcher:BT_MOE_PROBS_A2A_COMM window 1 (300 gated dispatches): {'token_issues': 300, 'probs_issues': 300, 'waits': 600}
WARNING:megatron.core.transformer.moe.token_dispatcher:BT_MOE_PROBS_A2A_COMM window 1 (300 gated dispatches): {'token_issues': 300, 'probs_issues': 300, 'waits': 600}
WARNING:megatron.core.transformer.moe.token_dispatcher:BT_MOE_PROBS_A2A_COMM window 1 (300 gated dispatches): {'token_issues': 300, 'probs_issues': 300, 'waits': 600}
/root/.cache/user_artifacts/trainers_main/server/.venv/lib/python3.12/site-packages/torch/distributed/c10d_logger.py:83: UserWarning: barrier(): using the device under current context. You can specify `device_id` in `init_process_group` to mute this warning.
  return func(*args, **kwargs)
INFO:trainers_server.dp_worker.api.megatron_controller:READY — pipeline connected (1 PP stage(s)), kernels warm (126.9s). Server will now accept ops.
INFO:     Started server process [71466]
INFO:     Waiting for application startup.
INFO:     Application startup complete.
INFO:     Uvicorn running on http://0.0.0.0:8001 (Press CTRL+C to quit)
INFO:     127.0.0.1:56530 - "GET /health HTTP/1.1" 200 OK
INFO:     127.0.0.1:45386 - "GET /status HTTP/1.1" 200 OK
INFO:trainers_server.dp_worker.api.server:submit: op=forward_backward operation_id=17cc204e91d8493ebf22caec7955ba64 enqueued (qsize=1) n_datums=2 total_tokens=262144 seq_len[min/max]=131072/131072
INFO:     127.0.0.1:45386 - "POST /forward_backward HTTP/1.1" 202 Accepted
ERROR:opentelemetry.sdk.trace.export:Exception while exporting Span batch.
Traceback (most recent call last):
  File "/root/.cache/user_artifacts/trainers_main/server/.venv/lib/python3.12/site-packages/urllib3/connection.py", line 204, in _new_conn
    sock = connection.create_connection(
           ^^^^^^^^^^^^^^^^^^^^^^^^^^^^^
  File "/root/.cache/user_artifacts/trainers_main/server/.venv/lib/python3.12/site-packages/urllib3/util/connection.py", line 85, in create_connection
    raise err
  File "/root/.cache/user_artifacts/trainers_main/server/.venv/lib/python3.12/site-packages/urllib3/util/connection.py", line 73, in create_connection
    sock.connect(sa)
ConnectionRefusedError: [Errno 111] Connection refused

The above exception was the direct cause of the following exception:

Traceback (most recent call last):
  File "/root/.cache/user_artifacts/trainers_main/server/.venv/lib/python3.12/site-packages/urllib3/connectionpool.py", line 787, in urlopen
    response = self._make_request(
               ^^^^^^^^^^^^^^^^^^^
  File "/root/.cache/user_artifacts/trainers_main/server/.venv/lib/python3.12/site-packages/urllib3/connectionpool.py", line 493, in _make_request
    conn.request(
  File "/root/.cache/user_artifacts/trainers_main/server/.venv/lib/python3.12/site-packages/urllib3/connection.py", line 500, in request
    self.endheaders()
  File "/usr/lib/python3.12/http/client.py", line 1360, in endheaders
    self._send_output(message_body, encode_chunked=encode_chunked)
  File "/usr/lib/python3.12/http/client.py", line 1120, in _send_output
    self.send(msg)
  File "/usr/lib/python3.12/http/client.py", line 1064, in send
    self.connect()
  File "/root/.cache/user_artifacts/trainers_main/server/.venv/lib/python3.12/site-packages/urllib3/connection.py", line 331, in connect
    self.sock = self._new_conn()
                ^^^^^^^^^^^^^^^^
  File "/root/.cache/user_artifacts/trainers_main/server/.venv/lib/python3.12/site-packages/urllib3/connection.py", line 219, in _new_conn
    raise NewConnectionError(
urllib3.exceptions.NewConnectionError: HTTPConnection(host='localhost', port=4318): Failed to establish a new connection: [Errno 111] Connection refused

The above exception was the direct cause of the following exception:

Traceback (most recent call last):
  File "/root/.cache/user_artifacts/trainers_main/server/.venv/lib/python3.12/site-packages/requests/adapters.py", line 644, in send
    resp = conn.urlopen(
           ^^^^^^^^^^^^^
  File "/root/.cache/user_artifacts/trainers_main/server/.venv/lib/python3.12/site-packages/urllib3/connectionpool.py", line 841, in urlopen
    retries = retries.increment(
              ^^^^^^^^^^^^^^^^^^
  File "/root/.cache/user_artifacts/trainers_main/server/.venv/lib/python3.12/site-packages/urllib3/util/retry.py", line 535, in increment
    raise MaxRetryError(_pool, url, reason) from reason  # type: ignore[arg-type]
    ^^^^^^^^^^^^^^^^^^^^^^^^^^^^^^^^^^^^^^^^^^^^^^^^^^^
urllib3.exceptions.MaxRetryError: HTTPConnectionPool(host='localhost', port=4318): Max retries exceeded with url: /v1/traces (Caused by NewConnectionError("HTTPConnection(host='localhost', port=4318): Failed to establish a new connection: [Errno 111] Connection refused"))

During handling of the above exception, another exception occurred:

Traceback (most recent call last):
  File "/root/.cache/user_artifacts/trainers_main/server/.venv/lib/python3.12/site-packages/opentelemetry/sdk/trace/export/__init__.py", line 362, in _export_batch
    self.span_exporter.export(self.spans_list[:idx])  # type: ignore
    ^^^^^^^^^^^^^^^^^^^^^^^^^^^^^^^^^^^^^^^^^^^^^^^^
  File "/root/.cache/user_artifacts/trainers_main/server/.venv/lib/python3.12/site-packages/opentelemetry/exporter/otlp/proto/http/trace_exporter/__init__.py", line 139, in export
    resp = self._export(serialized_data)
           ^^^^^^^^^^^^^^^^^^^^^^^^^^^^^
  File "/root/.cache/user_artifacts/trainers_main/server/.venv/lib/python3.12/site-packages/opentelemetry/exporter/otlp/proto/http/trace_exporter/__init__.py", line 110, in _export
    return self._session.post(
           ^^^^^^^^^^^^^^^^^^^
  File "/root/.cache/user_artifacts/trainers_main/server/.venv/lib/python3.12/site-packages/requests/sessions.py", line 637, in post
    return self.request("POST", url, data=data, json=json, **kwargs)
           ^^^^^^^^^^^^^^^^^^^^^^^^^^^^^^^^^^^^^^^^^^^^^^^^^^^^^^^^^
  File "/root/.cache/user_artifacts/trainers_main/server/.venv/lib/python3.12/site-packages/requests/sessions.py", line 589, in request
    resp = self.send(prep, **send_kwargs)
           ^^^^^^^^^^^^^^^^^^^^^^^^^^^^^^
  File "/root/.cache/user_artifacts/trainers_main/server/.venv/lib/python3.12/site-packages/requests/sessions.py", line 703, in send
    r = adapter.send(request, **kwargs)
        ^^^^^^^^^^^^^^^^^^^^^^^^^^^^^^^
  File "/root/.cache/user_artifacts/trainers_main/server/.venv/lib/python3.12/site-packages/requests/adapters.py", line 677, in send
    raise ConnectionError(e, request=request)
requests.exceptions.ConnectionError: HTTPConnectionPool(host='localhost', port=4318): Max retries exceeded with url: /v1/traces (Caused by NewConnectionError("HTTPConnection(host='localhost', port=4318): Failed to establish a new connection: [Errno 111] Connection refused"))
WARNING:megatron.core.transformer.moe.token_dispatcher:BT_MOE_DISPATCH_REPLAY_CACHE window 1 (300 replay lookups): {'stores': 300, 'hits': 300, 'misses': 0, 'shape_mismatches': 0, 'verifies': 0}
WARNING:megatron.core.transformer.moe.token_dispatcher:BT_MOE_DISPATCH_REPLAY_CACHE window 1 (300 replay lookups): {'stores': 300, 'hits': 300, 'misses': 0, 'shape_mismatches': 0, 'verifies': 0}
WARNING:megatron.core.transformer.moe.token_dispatcher:BT_MOE_DISPATCH_REPLAY_CACHE window 1 (300 replay lookups): {'stores': 300, 'hits': 300, 'misses': 0, 'shape_mismatches': 0, 'verifies': 0}
WARNING:megatron.core.transformer.moe.token_dispatcher:BT_MOE_DISPATCH_REPLAY_CACHE window 1 (300 replay lookups): {'stores': 300, 'hits': 300, 'misses': 0, 'shape_mismatches': 0, 'verifies': 0}
WARNING:megatron.core.transformer.moe.token_dispatcher:BT_MOE_DISPATCH_REPLAY_CACHE window 1 (300 replay lookups): {'stores': 300, 'hits': 300, 'misses': 0, 'shape_mismatches': 0, 'verifies': 0}
WARNING:megatron.core.transformer.moe.token_dispatcher:BT_MOE_DISPATCH_REPLAY_CACHE window 1 (300 replay lookups): {'stores': 300, 'hits': 300, 'misses': 0, 'shape_mismatches': 0, 'verifies': 0}
WARNING:megatron.core.transformer.moe.token_dispatcher:BT_MOE_DISPATCH_REPLAY_CACHE window 1 (300 replay lookups): {'stores': 300, 'hits': 300, 'misses': 0, 'shape_mismatches': 0, 'verifies': 0}
WARNING:megatron.core.transformer.moe.token_dispatcher:BT_MOE_DISPATCH_REPLAY_CACHE window 1 (300 replay lookups): {'stores': 300, 'hits': 300, 'misses': 0, 'shape_mismatches': 0, 'verifies': 0}
WARNING:megatron.core.transformer.moe.token_dispatcher:BT_MOE_DISPATCH_REPLAY_CACHE window 1 (300 replay lookups): {'stores': 300, 'hits': 300, 'misses': 0, 'shape_mismatches': 0, 'verifies': 0}
WARNING:megatron.core.transformer.moe.token_dispatcher:BT_MOE_DISPATCH_REPLAY_CACHE window 1 (300 replay lookups): {'stores': 300, 'hits': 300, 'misses': 0, 'shape_mismatches': 0, 'verifies': 0}
WARNING:megatron.core.transformer.moe.token_dispatcher:BT_MOE_DISPATCH_REPLAY_CACHE window 1 (300 replay lookups): {'stores': 300, 'hits': 300, 'misses': 0, 'shape_mismatches': 0, 'verifies': 0}
WARNING:megatron.core.transformer.moe.token_dispatcher:BT_MOE_DISPATCH_REPLAY_CACHE window 1 (300 replay lookups): {'stores': 300, 'hits': 300, 'misses': 0, 'shape_mismatches': 0, 'verifies': 0}
WARNING:megatron.core.transformer.moe.token_dispatcher:BT_MOE_DISPATCH_REPLAY_CACHE window 1 (300 replay lookups): {'stores': 300, 'hits': 300, 'misses': 0, 'shape_mismatches': 0, 'verifies': 0}
WARNING:megatron.core.transformer.moe.token_dispatcher:BT_MOE_DISPATCH_REPLAY_CACHE window 1 (300 replay lookups): {'stores': 300, 'hits': 300, 'misses': 0, 'shape_mismatches': 0, 'verifies': 0}
WARNING:megatron.core.transformer.moe.token_dispatcher:BT_MOE_DISPATCH_REPLAY_CACHE window 1 (300 replay lookups): {'stores': 300, 'hits': 300, 'misses': 0, 'shape_mismatches': 0, 'verifies': 0}
WARNING:megatron.core.transformer.moe.token_dispatcher:BT_MOE_DISPATCH_REPLAY_CACHE window 1 (300 replay lookups): {'stores': 300, 'hits': 300, 'misses': 0, 'shape_mismatches': 0, 'verifies': 0}
WARNING:megatron.core.transformer.moe.token_dispatcher:BT_MOE_PROBS_A2A_COMM window 2 (300 gated dispatches): {'token_issues': 600, 'probs_issues': 600, 'waits': 1200}
WARNING:megatron.core.transformer.moe.token_dispatcher:BT_MOE_PROBS_A2A_COMM window 2 (300 gated dispatches): {'token_issues': 600, 'probs_issues': 600, 'waits': 1200}
WARNING:megatron.core.transformer.moe.token_dispatcher:BT_MOE_PROBS_A2A_COMM window 2 (300 gated dispatches): {'token_issues': 600, 'probs_issues': 600, 'waits': 1200}
WARNING:megatron.core.transformer.moe.token_dispatcher:BT_MOE_PROBS_A2A_COMM window 2 (300 gated dispatches): {'token_issues': 600, 'probs_issues': 600, 'waits': 1200}
WARNING:megatron.core.transformer.moe.token_dispatcher:BT_MOE_PROBS_A2A_COMM window 2 (300 gated dispatches): {'token_issues': 600, 'probs_issues': 600, 'waits': 1200}
WARNING:megatron.core.transformer.moe.token_dispatcher:BT_MOE_PROBS_A2A_COMM window 2 (300 gated dispatches): {'token_issues': 600, 'probs_issues': 600, 'waits': 1200}
WARNING:megatron.core.transformer.moe.token_dispatcher:BT_MOE_PROBS_A2A_COMM window 2 (300 gated dispatches): {'token_issues': 600, 'probs_issues': 600, 'waits': 1200}
WARNING:megatron.core.transformer.moe.token_dispatcher:BT_MOE_PROBS_A2A_COMM window 2 (300 gated dispatches): {'token_issues': 600, 'probs_issues': 600, 'waits': 1200}
WARNING:megatron.core.transformer.moe.token_dispatcher:BT_MOE_PROBS_A2A_COMM window 2 (300 gated dispatches): {'token_issues': 600, 'probs_issues': 600, 'waits': 1200}
WARNING:megatron.core.transformer.moe.token_dispatcher:BT_MOE_PROBS_A2A_COMM window 2 (300 gated dispatches): {'token_issues': 600, 'probs_issues': 600, 'waits': 1200}
WARNING:megatron.core.transformer.moe.token_dispatcher:BT_MOE_PROBS_A2A_COMM window 2 (300 gated dispatches): {'token_issues': 600, 'probs_issues': 600, 'waits': 1200}
WARNING:megatron.core.transformer.moe.token_dispatcher:BT_MOE_PROBS_A2A_COMM window 2 (300 gated dispatches): {'token_issues': 600, 'probs_issues': 600, 'waits': 1200}
WARNING:megatron.core.transformer.moe.token_dispatcher:BT_MOE_PROBS_A2A_COMM window 2 (300 gated dispatches): {'token_issues': 600, 'probs_issues': 600, 'waits': 1200}
WARNING:megatron.core.transformer.moe.token_dispatcher:BT_MOE_PROBS_A2A_COMM window 2 (300 gated dispatches): {'token_issues': 600, 'probs_issues': 600, 'waits': 1200}
WARNING:megatron.core.transformer.moe.token_dispatcher:BT_MOE_PROBS_A2A_COMM window 2 (300 gated dispatches): {'token_issues': 600, 'probs_issues': 600, 'waits': 1200}
WARNING:megatron.core.transformer.moe.token_dispatcher:BT_MOE_PROBS_A2A_COMM window 2 (300 gated dispatches): {'token_issues': 600, 'probs_issues': 600, 'waits': 1200}
WARNING:megatron.core.transformer.experimental_attention_variant.dsa_cudnn_kernels:BT_DSA_BWD_ASYNC_NONEMPTY_V3 window 1 (312 probe reads): {'kicks': 312, 'hits': 312, 'misses': 0, 'probe_dropped': 0, 'fallbacks': 0, 'verifies': 311}
WARNING:megatron.core.transformer.experimental_attention_variant.dsa_cudnn_kernels:BT_DSA_BWD_ASYNC_NONEMPTY_V3 window 1 (312 probe reads): {'kicks': 312, 'hits': 312, 'misses': 0, 'probe_dropped': 0, 'fallbacks': 0, 'verifies': 311}
WARNING:megatron.core.transformer.experimental_attention_variant.dsa_cudnn_kernels:BT_DSA_BWD_ASYNC_NONEMPTY_V3 window 1 (312 probe reads): {'kicks': 312, 'hits': 312, 'misses': 0, 'probe_dropped': 0, 'fallbacks': 0, 'verifies': 311}
WARNING:megatron.core.transformer.experimental_attention_variant.dsa_cudnn_kernels:BT_DSA_BWD_ASYNC_NONEMPTY_V3 window 1 (312 probe reads): {'kicks': 312, 'hits': 312, 'misses': 0, 'probe_dropped': 0, 'fallbacks': 0, 'verifies': 311}
WARNING:megatron.core.transformer.experimental_attention_variant.dsa_cudnn_kernels:BT_DSA_BWD_ASYNC_NONEMPTY_V3 window 1 (312 probe reads): {'kicks': 312, 'hits': 312, 'misses': 0, 'probe_dropped': 0, 'fallbacks': 0, 'verifies': 311}
WARNING:megatron.core.transformer.experimental_attention_variant.dsa_cudnn_kernels:BT_DSA_BWD_ASYNC_NONEMPTY_V3 window 1 (312 probe reads): {'kicks': 312, 'hits': 312, 'misses': 0, 'probe_dropped': 0, 'fallbacks': 0, 'verifies': 311}
WARNING:megatron.core.transformer.experimental_attention_variant.dsa_cudnn_kernels:BT_DSA_BWD_ASYNC_NONEMPTY_V3 window 1 (312 probe reads): {'kicks': 312, 'hits': 312, 'misses': 0, 'probe_dropped': 0, 'fallbacks': 0, 'verifies': 311}
WARNING:megatron.core.transformer.experimental_attention_variant.dsa_cudnn_kernels:BT_DSA_BWD_ASYNC_NONEMPTY_V3 window 1 (312 probe reads): {'kicks': 312, 'hits': 312, 'misses': 0, 'probe_dropped': 0, 'fallbacks': 0, 'verifies': 311}
WARNING:megatron.core.transformer.experimental_attention_variant.dsa_cudnn_kernels:BT_DSA_BWD_ASYNC_NONEMPTY_V3 window 1 (312 probe reads): {'kicks': 312, 'hits': 312, 'misses': 0, 'probe_dropped': 0, 'fallbacks': 0, 'verifies': 311}
WARNING:megatron.core.transformer.experimental_attention_variant.dsa_cudnn_kernels:BT_DSA_BWD_ASYNC_NONEMPTY_V3 window 1 (312 probe reads): {'kicks': 312, 'hits': 312, 'misses': 0, 'probe_dropped': 0, 'fallbacks': 0, 'verifies': 311}
WARNING:megatron.core.transformer.experimental_attention_variant.dsa_cudnn_kernels:BT_DSA_BWD_ASYNC_NONEMPTY_V3 window 1 (312 probe reads): {'kicks': 312, 'hits': 312, 'misses': 0, 'probe_dropped': 0, 'fallbacks': 0, 'verifies': 311}
WARNING:megatron.core.transformer.experimental_attention_variant.dsa_cudnn_kernels:BT_DSA_BWD_ASYNC_NONEMPTY_V3 window 1 (312 probe reads): {'kicks': 312, 'hits': 312, 'misses': 0, 'probe_dropped': 0, 'fallbacks': 0, 'verifies': 311}
WARNING:megatron.core.transformer.experimental_attention_variant.dsa_cudnn_kernels:BT_DSA_BWD_ASYNC_NONEMPTY_V3 window 1 (312 probe reads): {'kicks': 312, 'hits': 312, 'misses': 0, 'probe_dropped': 0, 'fallbacks': 0, 'verifies': 311}
WARNING:megatron.core.transformer.experimental_attention_variant.dsa_cudnn_kernels:BT_DSA_BWD_ASYNC_NONEMPTY_V3 window 1 (312 probe reads): {'kicks': 312, 'hits': 312, 'misses': 0, 'probe_dropped': 0, 'fallbacks': 0, 'verifies': 311}
WARNING:megatron.core.transformer.experimental_attention_variant.dsa_cudnn_kernels:BT_DSA_BWD_ASYNC_NONEMPTY_V3 window 1 (312 probe reads): {'kicks': 312, 'hits': 312, 'misses': 0, 'probe_dropped': 0, 'fallbacks': 0, 'verifies': 311}
WARNING:megatron.core.transformer.experimental_attention_variant.dsa_cudnn_kernels:BT_DSA_BWD_ASYNC_NONEMPTY_V3 window 1 (312 probe reads): {'kicks': 312, 'hits': 312, 'misses': 0, 'probe_dropped': 0, 'fallbacks': 0, 'verifies': 311}
INFO:trainers_server.dp_worker.api.dispatcher_worker:dispatcher_worker: op=forward_backward operation_id=17cc204e91d8493ebf22caec7955ba64 done in 36.71s {'loss': 12.315923240075989}
INFO:trainers_server.dp_worker.api.server:retrieve: operation_id=17cc204e91d8493ebf22caec7955ba64 done after 6.72s
INFO:     127.0.0.1:45386 - "GET /operations/17cc204e91d8493ebf22caec7955ba64 HTTP/1.1" 200 OK
INFO:trainers_server.dp_worker.api.server:submit: op=optim_step operation_id=aea06053461646e4b198f498c985c1d7 enqueued (qsize=1) 
INFO:     127.0.0.1:45386 - "POST /optim_step HTTP/1.1" 202 Accepted
ERROR:opentelemetry.sdk.trace.export:Exception while exporting Span batch.
Traceback (most recent call last):
  File "/root/.cache/user_artifacts/trainers_main/server/.venv/lib/python3.12/site-packages/urllib3/connection.py", line 204, in _new_conn
    sock = connection.create_connection(
           ^^^^^^^^^^^^^^^^^^^^^^^^^^^^^
  File "/root/.cache/user_artifacts/trainers_main/server/.venv/lib/python3.12/site-packages/urllib3/util/connection.py", line 85, in create_connection
    raise err
  File "/root/.cache/user_artifacts/trainers_main/server/.venv/lib/python3.12/site-packages/urllib3/util/connection.py", line 73, in create_connection
    sock.connect(sa)
ConnectionRefusedError: [Errno 111] Connection refused

The above exception was the direct cause of the following exception:

Traceback (most recent call last):
  File "/root/.cache/user_artifacts/trainers_main/server/.venv/lib/python3.12/site-packages/urllib3/connectionpool.py", line 787, in urlopen
    response = self._make_request(
               ^^^^^^^^^^^^^^^^^^^
  File "/root/.cache/user_artifacts/trainers_main/server/.venv/lib/python3.12/site-packages/urllib3/connectionpool.py", line 493, in _make_request
    conn.request(
  File "/root/.cache/user_artifacts/trainers_main/server/.venv/lib/python3.12/site-packages/urllib3/connection.py", line 500, in request
    self.endheaders()
  File "/usr/lib/python3.12/http/client.py", line 1360, in endheaders
    self._send_output(message_body, encode_chunked=encode_chunked)
  File "/usr/lib/python3.12/http/client.py", line 1120, in _send_output
    self.send(msg)
  File "/usr/lib/python3.12/http/client.py", line 1064, in send
    self.connect()
  File "/root/.cache/user_artifacts/trainers_main/server/.venv/lib/python3.12/site-packages/urllib3/connection.py", line 331, in connect
    self.sock = self._new_conn()
                ^^^^^^^^^^^^^^^^
  File "/root/.cache/user_artifacts/trainers_main/server/.venv/lib/python3.12/site-packages/urllib3/connection.py", line 219, in _new_conn
    raise NewConnectionError(
urllib3.exceptions.NewConnectionError: HTTPConnection(host='localhost', port=4318): Failed to establish a new connection: [Errno 111] Connection refused

The above exception was the direct cause of the following exception:

Traceback (most recent call last):
  File "/root/.cache/user_artifacts/trainers_main/server/.venv/lib/python3.12/site-packages/requests/adapters.py", line 644, in send
    resp = conn.urlopen(
           ^^^^^^^^^^^^^
  File "/root/.cache/user_artifacts/trainers_main/server/.venv/lib/python3.12/site-packages/urllib3/connectionpool.py", line 841, in urlopen
    retries = retries.increment(
              ^^^^^^^^^^^^^^^^^^
  File "/root/.cache/user_artifacts/trainers_main/server/.venv/lib/python3.12/site-packages/urllib3/util/retry.py", line 535, in increment
    raise MaxRetryError(_pool, url, reason) from reason  # type: ignore[arg-type]
    ^^^^^^^^^^^^^^^^^^^^^^^^^^^^^^^^^^^^^^^^^^^^^^^^^^^
urllib3.exceptions.MaxRetryError: HTTPConnectionPool(host='localhost', port=4318): Max retries exceeded with url: /v1/traces (Caused by NewConnectionError("HTTPConnection(host='localhost', port=4318): Failed to establish a new connection: [Errno 111] Connection refused"))

During handling of the above exception, another exception occurred:

Traceback (most recent call last):
  File "/root/.cache/user_artifacts/trainers_main/server/.venv/lib/python3.12/site-packages/opentelemetry/sdk/trace/export/__init__.py", line 362, in _export_batch
    self.span_exporter.export(self.spans_list[:idx])  # type: ignore
    ^^^^^^^^^^^^^^^^^^^^^^^^^^^^^^^^^^^^^^^^^^^^^^^^
  File "/root/.cache/user_artifacts/trainers_main/server/.venv/lib/python3.12/site-packages/opentelemetry/exporter/otlp/proto/http/trace_exporter/__init__.py", line 139, in export
    resp = self._export(serialized_data)
           ^^^^^^^^^^^^^^^^^^^^^^^^^^^^^
  File "/root/.cache/user_artifacts/trainers_main/server/.venv/lib/python3.12/site-packages/opentelemetry/exporter/otlp/proto/http/trace_exporter/__init__.py", line 110, in _export
    return self._session.post(
           ^^^^^^^^^^^^^^^^^^^
  File "/root/.cache/user_artifacts/trainers_main/server/.venv/lib/python3.12/site-packages/requests/sessions.py", line 637, in post
    return self.request("POST", url, data=data, json=json, **kwargs)
           ^^^^^^^^^^^^^^^^^^^^^^^^^^^^^^^^^^^^^^^^^^^^^^^^^^^^^^^^^
  File "/root/.cache/user_artifacts/trainers_main/server/.venv/lib/python3.12/site-packages/requests/sessions.py", line 589, in request
    resp = self.send(prep, **send_kwargs)
           ^^^^^^^^^^^^^^^^^^^^^^^^^^^^^^
  File "/root/.cache/user_artifacts/trainers_main/server/.venv/lib/python3.12/site-packages/requests/sessions.py", line 703, in send
    r = adapter.send(request, **kwargs)
        ^^^^^^^^^^^^^^^^^^^^^^^^^^^^^^^
  File "/root/.cache/user_artifacts/trainers_main/server/.venv/lib/python3.12/site-packages/requests/adapters.py", line 677, in send
    raise ConnectionError(e, request=request)
requests.exceptions.ConnectionError: HTTPConnectionPool(host='localhost', port=4318): Max retries exceeded with url: /v1/traces (Caused by NewConnectionError("HTTPConnection(host='localhost', port=4318): Failed to establish a new connection: [Errno 111] Connection refused"))
INFO:trainers_server.dp_worker.api.dispatcher_worker:dispatcher_worker: op=optim_step operation_id=aea06053461646e4b198f498c985c1d7 done in 1.95s step=1.0 learning_rate=1e-05 lr=1e-05 grad_norm=0.7893936634063721 tps=6782.695376173654 train_mean_nll=12.315923240075989 num_tokens=262144.0 num_loss_tokens=262142.0 step_seconds=38.648941970895976
INFO:trainers_server.dp_worker.api.server:retrieve: operation_id=aea06053461646e4b198f498c985c1d7 done after 1.95s
INFO:     127.0.0.1:45386 - "GET /operations/aea06053461646e4b198f498c985c1d7 HTTP/1.1" 200 OK
INFO:trainers_server.dp_worker.api.server:submit: op=forward_backward operation_id=569330535fbf44b0aafb8749368f0f94 enqueued (qsize=1) n_datums=4 total_tokens=524288 seq_len[min/max]=131072/131072
INFO:     127.0.0.1:45386 - "POST /forward_backward HTTP/1.1" 202 Accepted
ERROR:opentelemetry.sdk.trace.export:Exception while exporting Span batch.
Traceback (most recent call last):
  File "/root/.cache/user_artifacts/trainers_main/server/.venv/lib/python3.12/site-packages/urllib3/connection.py", line 204, in _new_conn
    sock = connection.create_connection(
           ^^^^^^^^^^^^^^^^^^^^^^^^^^^^^
  File "/root/.cache/user_artifacts/trainers_main/server/.venv/lib/python3.12/site-packages/urllib3/util/connection.py", line 85, in create_connection
    raise err
  File "/root/.cache/user_artifacts/trainers_main/server/.venv/lib/python3.12/site-packages/urllib3/util/connection.py", line 73, in create_connection
    sock.connect(sa)
ConnectionRefusedError: [Errno 111] Connection refused

The above exception was the direct cause of the following exception:

Traceback (most recent call last):
  File "/root/.cache/user_artifacts/trainers_main/server/.venv/lib/python3.12/site-packages/urllib3/connectionpool.py", line 787, in urlopen
    response = self._make_request(
               ^^^^^^^^^^^^^^^^^^^
  File "/root/.cache/user_artifacts/trainers_main/server/.venv/lib/python3.12/site-packages/urllib3/connectionpool.py", line 493, in _make_request
    conn.request(
  File "/root/.cache/user_artifacts/trainers_main/server/.venv/lib/python3.12/site-packages/urllib3/connection.py", line 500, in request
    self.endheaders()
  File "/usr/lib/python3.12/http/client.py", line 1360, in endheaders
    self._send_output(message_body, encode_chunked=encode_chunked)
  File "/usr/lib/python3.12/http/client.py", line 1120, in _send_output
    self.send(msg)
  File "/usr/lib/python3.12/http/client.py", line 1064, in send
    self.connect()
  File "/root/.cache/user_artifacts/trainers_main/server/.venv/lib/python3.12/site-packages/urllib3/connection.py", line 331, in connect
    self.sock = self._new_conn()
                ^^^^^^^^^^^^^^^^
  File "/root/.cache/user_artifacts/trainers_main/server/.venv/lib/python3.12/site-packages/urllib3/connection.py", line 219, in _new_conn
    raise NewConnectionError(
urllib3.exceptions.NewConnectionError: HTTPConnection(host='localhost', port=4318): Failed to establish a new connection: [Errno 111] Connection refused

The above exception was the direct cause of the following exception:

Traceback (most recent call last):
  File "/root/.cache/user_artifacts/trainers_main/server/.venv/lib/python3.12/site-packages/requests/adapters.py", line 644, in send
    resp = conn.urlopen(
           ^^^^^^^^^^^^^
  File "/root/.cache/user_artifacts/trainers_main/server/.venv/lib/python3.12/site-packages/urllib3/connectionpool.py", line 841, in urlopen
    retries = retries.increment(
              ^^^^^^^^^^^^^^^^^^
  File "/root/.cache/user_artifacts/trainers_main/server/.venv/lib/python3.12/site-packages/urllib3/util/retry.py", line 535, in increment
    raise MaxRetryError(_pool, url, reason) from reason  # type: ignore[arg-type]
    ^^^^^^^^^^^^^^^^^^^^^^^^^^^^^^^^^^^^^^^^^^^^^^^^^^^
urllib3.exceptions.MaxRetryError: HTTPConnectionPool(host='localhost', port=4318): Max retries exceeded with url: /v1/traces (Caused by NewConnectionError("HTTPConnection(host='localhost', port=4318): Failed to establish a new connection: [Errno 111] Connection refused"))

During handling of the above exception, another exception occurred:

Traceback (most recent call last):
  File "/root/.cache/user_artifacts/trainers_main/server/.venv/lib/python3.12/site-packages/opentelemetry/sdk/trace/export/__init__.py", line 362, in _export_batch
    self.span_exporter.export(self.spans_list[:idx])  # type: ignore
    ^^^^^^^^^^^^^^^^^^^^^^^^^^^^^^^^^^^^^^^^^^^^^^^^
  File "/root/.cache/user_artifacts/trainers_main/server/.venv/lib/python3.12/site-packages/opentelemetry/exporter/otlp/proto/http/trace_exporter/__init__.py", line 139, in export
    resp = self._export(serialized_data)
           ^^^^^^^^^^^^^^^^^^^^^^^^^^^^^
  File "/root/.cache/user_artifacts/trainers_main/server/.venv/lib/python3.12/site-packages/opentelemetry/exporter/otlp/proto/http/trace_exporter/__init__.py", line 110, in _export
    return self._session.post(
           ^^^^^^^^^^^^^^^^^^^
  File "/root/.cache/user_artifacts/trainers_main/server/.venv/lib/python3.12/site-packages/requests/sessions.py", line 637, in post
    return self.request("POST", url, data=data, json=json, **kwargs)
           ^^^^^^^^^^^^^^^^^^^^^^^^^^^^^^^^^^^^^^^^^^^^^^^^^^^^^^^^^
  File "/root/.cache/user_artifacts/trainers_main/server/.venv/lib/python3.12/site-packages/requests/sessions.py", line 589, in request
    resp = self.send(prep, **send_kwargs)
           ^^^^^^^^^^^^^^^^^^^^^^^^^^^^^^
  File "/root/.cache/user_artifacts/trainers_main/server/.venv/lib/python3.12/site-packages/requests/sessions.py", line 703, in send
    r = adapter.send(request, **kwargs)
        ^^^^^^^^^^^^^^^^^^^^^^^^^^^^^^^
  File "/root/.cache/user_artifacts/trainers_main/server/.venv/lib/python3.12/site-packages/requests/adapters.py", line 677, in send
    raise ConnectionError(e, request=request)
requests.exceptions.ConnectionError: HTTPConnectionPool(host='localhost', port=4318): Max retries exceeded with url: /v1/traces (Caused by NewConnectionError("HTTPConnection(host='localhost', port=4318): Failed to establish a new connection: [Errno 111] Connection refused"))
WARNING:megatron.core.transformer.moe.router:BT_MOE_ROUTING_REPLAY_FORCE window 1 (312 replay passes): {'stashes': 375, 'forces': 311, 'misses': 0, 'shape_mismatches': 0, 'verify_asserts': 0}; in-flight stash 134.2 MB (peak 157.3 MB)
WARNING:megatron.core.transformer.moe.router:BT_MOE_ROUTING_REPLAY_FORCE window 1 (312 replay passes): {'stashes': 375, 'forces': 311, 'misses': 0, 'shape_mismatches': 0, 'verify_asserts': 0}; in-flight stash 134.2 MB (peak 157.3 MB)
WARNING:megatron.core.transformer.moe.router:BT_MOE_ROUTING_REPLAY_FORCE window 1 (312 replay passes): {'stashes': 375, 'forces': 311, 'misses': 0, 'shape_mismatches': 0, 'verify_asserts': 0}; in-flight stash 134.2 MB (peak 157.3 MB)
WARNING:megatron.core.transformer.moe.router:BT_MOE_ROUTING_REPLAY_FORCE window 1 (312 replay passes): {'stashes': 375, 'forces': 311, 'misses': 0, 'shape_mismatches': 0, 'verify_asserts': 0}; in-flight stash 134.2 MB (peak 157.3 MB)
WARNING:megatron.core.transformer.moe.router:BT_MOE_ROUTING_REPLAY_FORCE window 1 (312 replay passes): {'stashes': 375, 'forces': 311, 'misses': 0, 'shape_mismatches': 0, 'verify_asserts': 0}; in-flight stash 134.2 MB (peak 157.3 MB)
WARNING:megatron.core.transformer.moe.router:BT_MOE_ROUTING_REPLAY_FORCE window 1 (312 replay passes): {'stashes': 375, 'forces': 311, 'misses': 0, 'shape_mismatches': 0, 'verify_asserts': 0}; in-flight stash 134.2 MB (peak 157.3 MB)
WARNING:megatron.core.transformer.moe.router:BT_MOE_ROUTING_REPLAY_FORCE window 1 (312 replay passes): {'stashes': 375, 'forces': 311, 'misses': 0, 'shape_mismatches': 0, 'verify_asserts': 0}; in-flight stash 134.2 MB (peak 157.3 MB)
WARNING:megatron.core.transformer.moe.router:BT_MOE_ROUTING_REPLAY_FORCE window 1 (312 replay passes): {'stashes': 375, 'forces': 311, 'misses': 0, 'shape_mismatches': 0, 'verify_asserts': 0}; in-flight stash 134.2 MB (peak 157.3 MB)
WARNING:megatron.core.transformer.moe.router:BT_MOE_ROUTING_REPLAY_FORCE window 1 (312 replay passes): {'stashes': 375, 'forces': 311, 'misses': 0, 'shape_mismatches': 0, 'verify_asserts': 0}; in-flight stash 134.2 MB (peak 157.3 MB)
WARNING:megatron.core.transformer.moe.router:BT_MOE_ROUTING_REPLAY_FORCE window 1 (312 replay passes): {'stashes': 375, 'forces': 311, 'misses': 0, 'shape_mismatches': 0, 'verify_asserts': 0}; in-flight stash 134.2 MB (peak 157.3 MB)
WARNING:megatron.core.transformer.moe.router:BT_MOE_ROUTING_REPLAY_FORCE window 1 (312 replay passes): {'stashes': 375, 'forces': 311, 'misses': 0, 'shape_mismatches': 0, 'verify_asserts': 0}; in-flight stash 134.2 MB (peak 157.3 MB)
WARNING:megatron.core.transformer.moe.router:BT_MOE_ROUTING_REPLAY_FORCE window 1 (312 replay passes): {'stashes': 375, 'forces': 311, 'misses': 0, 'shape_mismatches': 0, 'verify_asserts': 0}; in-flight stash 134.2 MB (peak 157.3 MB)
WARNING:megatron.core.transformer.moe.router:BT_MOE_ROUTING_REPLAY_FORCE window 1 (312 replay passes): {'stashes': 375, 'forces': 311, 'misses': 0, 'shape_mismatches': 0, 'verify_asserts': 0}; in-flight stash 134.2 MB (peak 157.3 MB)
WARNING:megatron.core.transformer.moe.router:BT_MOE_ROUTING_REPLAY_FORCE window 1 (312 replay passes): {'stashes': 375, 'forces': 311, 'misses': 0, 'shape_mismatches': 0, 'verify_asserts': 0}; in-flight stash 134.2 MB (peak 157.3 MB)
WARNING:megatron.core.transformer.moe.router:BT_MOE_ROUTING_REPLAY_FORCE window 1 (312 replay passes): {'stashes': 375, 'forces': 311, 'misses': 0, 'shape_mismatches': 0, 'verify_asserts': 0}; in-flight stash 134.2 MB (peak 157.3 MB)
WARNING:megatron.core.transformer.moe.router:BT_MOE_ROUTING_REPLAY_FORCE window 1 (312 replay passes): {'stashes': 375, 'forces': 311, 'misses': 0, 'shape_mismatches': 0, 'verify_asserts': 0}; in-flight stash 134.2 MB (peak 157.3 MB)
WARNING:megatron.core.transformer.moe.token_dispatcher:BT_MOE_PROBS_A2A_COMM window 3 (300 gated dispatches): {'token_issues': 900, 'probs_issues': 900, 'waits': 1800}
WARNING:megatron.core.transformer.moe.token_dispatcher:BT_MOE_PROBS_A2A_COMM window 3 (300 gated dispatches): {'token_issues': 900, 'probs_issues': 900, 'waits': 1800}
WARNING:megatron.core.transformer.moe.token_dispatcher:BT_MOE_PROBS_A2A_COMM window 3 (300 gated dispatches): {'token_issues': 900, 'probs_issues': 900, 'waits': 1800}
WARNING:megatron.core.transformer.moe.token_dispatcher:BT_MOE_PROBS_A2A_COMM window 3 (300 gated dispatches): {'token_issues': 900, 'probs_issues': 900, 'waits': 1800}
WARNING:megatron.core.transformer.moe.token_dispatcher:BT_MOE_PROBS_A2A_COMM window 3 (300 gated dispatches): {'token_issues': 900, 'probs_issues': 900, 'waits': 1800}
WARNING:megatron.core.transformer.moe.token_dispatcher:BT_MOE_PROBS_A2A_COMM window 3 (300 gated dispatches): {'token_issues': 900, 'probs_issues': 900, 'waits': 1800}
WARNING:megatron.core.transformer.moe.token_dispatcher:BT_MOE_PROBS_A2A_COMM window 3 (300 gated dispatches): {'token_issues': 900, 'probs_issues': 900, 'waits': 1800}
WARNING:megatron.core.transformer.moe.token_dispatcher:BT_MOE_PROBS_A2A_COMM window 3 (300 gated dispatches): {'token_issues': 900, 'probs_issues': 900, 'waits': 1800}
WARNING:megatron.core.transformer.moe.token_dispatcher:BT_MOE_PROBS_A2A_COMM window 3 (300 gated dispatches): {'token_issues': 900, 'probs_issues': 900, 'waits': 1800}
WARNING:megatron.core.transformer.moe.token_dispatcher:BT_MOE_PROBS_A2A_COMM window 3 (300 gated dispatches): {'token_issues': 900, 'probs_issues': 900, 'waits': 1800}
WARNING:megatron.core.transformer.moe.token_dispatcher:BT_MOE_PROBS_A2A_COMM window 3 (300 gated dispatches): {'token_issues': 900, 'probs_issues': 900, 'waits': 1800}
WARNING:megatron.core.transformer.moe.token_dispatcher:BT_MOE_PROBS_A2A_COMM window 3 (300 gated dispatches): {'token_issues': 900, 'probs_issues': 900, 'waits': 1800}
WARNING:megatron.core.transformer.moe.token_dispatcher:BT_MOE_PROBS_A2A_COMM window 3 (300 gated dispatches): {'token_issues': 900, 'probs_issues': 900, 'waits': 1800}
WARNING:megatron.core.transformer.moe.token_dispatcher:BT_MOE_PROBS_A2A_COMM window 3 (300 gated dispatches): {'token_issues': 900, 'probs_issues': 900, 'waits': 1800}
WARNING:megatron.core.transformer.moe.token_dispatcher:BT_MOE_PROBS_A2A_COMM window 3 (300 gated dispatches): {'token_issues': 900, 'probs_issues': 900, 'waits': 1800}
WARNING:megatron.core.transformer.moe.token_dispatcher:BT_MOE_PROBS_A2A_COMM window 3 (300 gated dispatches): {'token_issues': 900, 'probs_issues': 900, 'waits': 1800}
WARNING:megatron.core.transformer.moe.token_dispatcher:BT_MOE_DISPATCH_REPLAY_CACHE window 2 (300 replay lookups): {'stores': 600, 'hits': 600, 'misses': 0, 'shape_mismatches': 0, 'verifies': 0}
WARNING:megatron.core.transformer.moe.token_dispatcher:BT_MOE_DISPATCH_REPLAY_CACHE window 2 (300 replay lookups): {'stores': 600, 'hits': 600, 'misses': 0, 'shape_mismatches': 0, 'verifies': 0}
WARNING:megatron.core.transformer.moe.token_dispatcher:BT_MOE_DISPATCH_REPLAY_CACHE window 2 (300 replay lookups): {'stores': 600, 'hits': 600, 'misses': 0, 'shape_mismatches': 0, 'verifies': 0}
WARNING:megatron.core.transformer.moe.token_dispatcher:BT_MOE_DISPATCH_REPLAY_CACHE window 2 (300 replay lookups): {'stores': 600, 'hits': 600, 'misses': 0, 'shape_mismatches': 0, 'verifies': 0}
WARNING:megatron.core.transformer.moe.token_dispatcher:BT_MOE_DISPATCH_REPLAY_CACHE window 2 (300 replay lookups): {'stores': 600, 'hits': 600, 'misses': 0, 'shape_mismatches': 0, 'verifies': 0}
WARNING:megatron.core.transformer.moe.token_dispatcher:BT_MOE_DISPATCH_REPLAY_CACHE window 2 (300 replay lookups): {'stores': 600, 'hits': 600, 'misses': 0, 'shape_mismatches': 0, 'verifies': 0}
WARNING:megatron.core.transformer.moe.token_dispatcher:BT_MOE_DISPATCH_REPLAY_CACHE window 2 (300 replay lookups): {'stores': 600, 'hits': 600, 'misses': 0, 'shape_mismatches': 0, 'verifies': 0}
WARNING:megatron.core.transformer.moe.token_dispatcher:BT_MOE_DISPATCH_REPLAY_CACHE window 2 (300 replay lookups): {'stores': 600, 'hits': 600, 'misses': 0, 'shape_mismatches': 0, 'verifies': 0}
WARNING:megatron.core.transformer.moe.token_dispatcher:BT_MOE_DISPATCH_REPLAY_CACHE window 2 (300 replay lookups): {'stores': 600, 'hits': 600, 'misses': 0, 'shape_mismatches': 0, 'verifies': 0}
WARNING:megatron.core.transformer.moe.token_dispatcher:BT_MOE_DISPATCH_REPLAY_CACHE window 2 (300 replay lookups): {'stores': 600, 'hits': 600, 'misses': 0, 'shape_mismatches': 0, 'verifies': 0}
WARNING:megatron.core.transformer.moe.token_dispatcher:BT_MOE_DISPATCH_REPLAY_CACHE window 2 (300 replay lookups): {'stores': 600, 'hits': 600, 'misses': 0, 'shape_mismatches': 0, 'verifies': 0}
WARNING:megatron.core.transformer.moe.token_dispatcher:BT_MOE_DISPATCH_REPLAY_CACHE window 2 (300 replay lookups): {'stores': 600, 'hits': 600, 'misses': 0, 'shape_mismatches': 0, 'verifies': 0}
WARNING:megatron.core.transformer.moe.token_dispatcher:BT_MOE_DISPATCH_REPLAY_CACHE window 2 (300 replay lookups): {'stores': 600, 'hits': 600, 'misses': 0, 'shape_mismatches': 0, 'verifies': 0}
WARNING:megatron.core.transformer.moe.token_dispatcher:BT_MOE_DISPATCH_REPLAY_CACHE window 2 (300 replay lookups): {'stores': 600, 'hits': 600, 'misses': 0, 'shape_mismatches': 0, 'verifies': 0}
WARNING:megatron.core.transformer.moe.token_dispatcher:BT_MOE_DISPATCH_REPLAY_CACHE window 2 (300 replay lookups): {'stores': 600, 'hits': 600, 'misses': 0, 'shape_mismatches': 0, 'verifies': 0}
WARNING:megatron.core.transformer.moe.token_dispatcher:BT_MOE_DISPATCH_REPLAY_CACHE window 2 (300 replay lookups): {'stores': 600, 'hits': 600, 'misses': 0, 'shape_mismatches': 0, 'verifies': 0}
WARNING:megatron.core.transformer.moe.token_dispatcher:BT_MOE_PROBS_A2A_COMM window 4 (300 gated dispatches): {'token_issues': 1200, 'probs_issues': 1200, 'waits': 2400}
WARNING:megatron.core.transformer.moe.token_dispatcher:BT_MOE_PROBS_A2A_COMM window 4 (300 gated dispatches): {'token_issues': 1200, 'probs_issues': 1200, 'waits': 2400}
WARNING:megatron.core.transformer.moe.token_dispatcher:BT_MOE_PROBS_A2A_COMM window 4 (300 gated dispatches): {'token_issues': 1200, 'probs_issues': 1200, 'waits': 2400}
WARNING:megatron.core.transformer.moe.token_dispatcher:BT_MOE_PROBS_A2A_COMM window 4 (300 gated dispatches): {'token_issues': 1200, 'probs_issues': 1200, 'waits': 2400}
WARNING:megatron.core.transformer.moe.token_dispatcher:BT_MOE_PROBS_A2A_COMM window 4 (300 gated dispatches): {'token_issues': 1200, 'probs_issues': 1200, 'waits': 2400}
WARNING:megatron.core.transformer.moe.token_dispatcher:BT_MOE_PROBS_A2A_COMM window 4 (300 gated dispatches): {'token_issues': 1200, 'probs_issues': 1200, 'waits': 2400}
WARNING:megatron.core.transformer.moe.token_dispatcher:BT_MOE_PROBS_A2A_COMM window 4 (300 gated dispatches): {'token_issues': 1200, 'probs_issues': 1200, 'waits': 2400}
WARNING:megatron.core.transformer.moe.token_dispatcher:BT_MOE_PROBS_A2A_COMM window 4 (300 gated dispatches): {'token_issues': 1200, 'probs_issues': 1200, 'waits': 2400}
WARNING:megatron.core.transformer.moe.token_dispatcher:BT_MOE_PROBS_A2A_COMM window 4 (300 gated dispatches): {'token_issues': 1200, 'probs_issues': 1200, 'waits': 2400}
WARNING:megatron.core.transformer.moe.token_dispatcher:BT_MOE_PROBS_A2A_COMM window 4 (300 gated dispatches): {'token_issues': 1200, 'probs_issues': 1200, 'waits': 2400}
WARNING:megatron.core.transformer.moe.token_dispatcher:BT_MOE_PROBS_A2A_COMM window 4 (300 gated dispatches): {'token_issues': 1200, 'probs_issues': 1200, 'waits': 2400}
WARNING:megatron.core.transformer.moe.token_dispatcher:BT_MOE_PROBS_A2A_COMM window 4 (300 gated dispatches): {'token_issues': 1200, 'probs_issues': 1200, 'waits': 2400}
WARNING:megatron.core.transformer.moe.token_dispatcher:BT_MOE_PROBS_A2A_COMM window 4 (300 gated dispatches): {'token_issues': 1200, 'probs_issues': 1200, 'waits': 2400}
WARNING:megatron.core.transformer.moe.token_dispatcher:BT_MOE_PROBS_A2A_COMM window 4 (300 gated dispatches): {'token_issues': 1200, 'probs_issues': 1200, 'waits': 2400}
WARNING:megatron.core.transformer.moe.token_dispatcher:BT_MOE_PROBS_A2A_COMM window 4 (300 gated dispatches): {'token_issues': 1200, 'probs_issues': 1200, 'waits': 2400}
WARNING:megatron.core.transformer.moe.token_dispatcher:BT_MOE_PROBS_A2A_COMM window 4 (300 gated dispatches): {'token_issues': 1200, 'probs_issues': 1200, 'waits': 2400}
WARNING:megatron.core.transformer.experimental_attention_variant.dsa_cudnn_kernels:BT_DSA_BWD_ASYNC_NONEMPTY_V3 window 2 (312 probe reads): {'kicks': 624, 'hits': 624, 'misses': 0, 'probe_dropped': 0, 'fallbacks': 0, 'verifies': 623}
WARNING:megatron.core.transformer.experimental_attention_variant.dsa_cudnn_kernels:BT_DSA_BWD_ASYNC_NONEMPTY_V3 window 2 (312 probe reads): {'kicks': 624, 'hits': 624, 'misses': 0, 'probe_dropped': 0, 'fallbacks': 0, 'verifies': 623}
WARNING:megatron.core.transformer.experimental_attention_variant.dsa_cudnn_kernels:BT_DSA_BWD_ASYNC_NONEMPTY_V3 window 2 (312 probe reads): {'kicks': 624, 'hits': 624, 'misses': 0, 'probe_dropped': 0, 'fallbacks': 0, 'verifies': 623}
WARNING:megatron.core.transformer.experimental_attention_variant.dsa_cudnn_kernels:BT_DSA_BWD_ASYNC_NONEMPTY_V3 window 2 (312 probe reads): {'kicks': 624, 'hits': 624, 'misses': 0, 'probe_dropped': 0, 'fallbacks': 0, 'verifies': 623}
WARNING:megatron.core.transformer.experimental_attention_variant.dsa_cudnn_kernels:BT_DSA_BWD_ASYNC_NONEMPTY_V3 window 2 (312 probe reads): {'kicks': 624, 'hits': 624, 'misses': 0, 'probe_dropped': 0, 'fallbacks': 0, 'verifies': 623}
WARNING:megatron.core.transformer.experimental_attention_variant.dsa_cudnn_kernels:BT_DSA_BWD_ASYNC_NONEMPTY_V3 window 2 (312 probe reads): {'kicks': 624, 'hits': 624, 'misses': 0, 'probe_dropped': 0, 'fallbacks': 0, 'verifies': 623}
WARNING:megatron.core.transformer.experimental_attention_variant.dsa_cudnn_kernels:BT_DSA_BWD_ASYNC_NONEMPTY_V3 window 2 (312 probe reads): {'kicks': 624, 'hits': 624, 'misses': 0, 'probe_dropped': 0, 'fallbacks': 0, 'verifies': 623}
WARNING:megatron.core.transformer.experimental_attention_variant.dsa_cudnn_kernels:BT_DSA_BWD_ASYNC_NONEMPTY_V3 window 2 (312 probe reads): {'kicks': 624, 'hits': 624, 'misses': 0, 'probe_dropped': 0, 'fallbacks': 0, 'verifies': 623}
WARNING:megatron.core.transformer.experimental_attention_variant.dsa_cudnn_kernels:BT_DSA_BWD_ASYNC_NONEMPTY_V3 window 2 (312 probe reads): {'kicks': 624, 'hits': 624, 'misses': 0, 'probe_dropped': 0, 'fallbacks': 0, 'verifies': 623}
WARNING:megatron.core.transformer.experimental_attention_variant.dsa_cudnn_kernels:BT_DSA_BWD_ASYNC_NONEMPTY_V3 window 2 (312 probe reads): {'kicks': 624, 'hits': 624, 'misses': 0, 'probe_dropped': 0, 'fallbacks': 0, 'verifies': 623}
WARNING:megatron.core.transformer.experimental_attention_variant.dsa_cudnn_kernels:BT_DSA_BWD_ASYNC_NONEMPTY_V3 window 2 (312 probe reads): {'kicks': 624, 'hits': 624, 'misses': 0, 'probe_dropped': 0, 'fallbacks': 0, 'verifies': 623}
WARNING:megatron.core.transformer.experimental_attention_variant.dsa_cudnn_kernels:BT_DSA_BWD_ASYNC_NONEMPTY_V3 window 2 (312 probe reads): {'kicks': 624, 'hits': 624, 'misses': 0, 'probe_dropped': 0, 'fallbacks': 0, 'verifies': 623}
WARNING:megatron.core.transformer.experimental_attention_variant.dsa_cudnn_kernels:BT_DSA_BWD_ASYNC_NONEMPTY_V3 window 2 (312 probe reads): {'kicks': 624, 'hits': 624, 'misses': 0, 'probe_dropped': 0, 'fallbacks': 0, 'verifies': 623}
WARNING:megatron.core.transformer.experimental_attention_variant.dsa_cudnn_kernels:BT_DSA_BWD_ASYNC_NONEMPTY_V3 window 2 (312 probe reads): {'kicks': 624, 'hits': 624, 'misses': 0, 'probe_dropped': 0, 'fallbacks': 0, 'verifies': 623}
WARNING:megatron.core.transformer.experimental_attention_variant.dsa_cudnn_kernels:BT_DSA_BWD_ASYNC_NONEMPTY_V3 window 2 (312 probe reads): {'kicks': 624, 'hits': 624, 'misses': 0, 'probe_dropped': 0, 'fallbacks': 0, 'verifies': 623}
WARNING:megatron.core.transformer.experimental_attention_variant.dsa_cudnn_kernels:BT_DSA_BWD_ASYNC_NONEMPTY_V3 window 2 (312 probe reads): {'kicks': 624, 'hits': 624, 'misses': 0, 'probe_dropped': 0, 'fallbacks': 0, 'verifies': 623}
INFO:trainers_server.dp_worker.api.dispatcher_worker:dispatcher_worker: op=forward_backward operation_id=569330535fbf44b0aafb8749368f0f94 done in 57.51s {'loss': 12.31727174584767}
INFO:trainers_server.dp_worker.api.server:retrieve: operation_id=569330535fbf44b0aafb8749368f0f94 done after 27.54s
INFO:     127.0.0.1:45386 - "GET /operations/569330535fbf44b0aafb8749368f0f94 HTTP/1.1" 200 OK
INFO:trainers_server.dp_worker.api.server:submit: op=optim_step operation_id=52ebeb2a24a342c4b3d69c4b11602382 enqueued (qsize=1) 
INFO:     127.0.0.1:45386 - "POST /optim_step HTTP/1.1" 202 Accepted
INFO:trainers_server.dp_worker.api.dispatcher_worker:dispatcher_worker: op=optim_step operation_id=52ebeb2a24a342c4b3d69c4b11602382 done in 0.03s step=2.0 learning_rate=1e-05 lr=1e-05 grad_norm=0.8987373113632202 tps=9112.914013630783 train_mean_nll=12.31727174584767 num_tokens=524288.0 num_loss_tokens=524284.0 step_seconds=57.53242038888857
INFO:trainers_server.dp_worker.api.server:retrieve: operation_id=52ebeb2a24a342c4b3d69c4b11602382 done after 0.03s
INFO:     127.0.0.1:45386 - "GET /operations/52ebeb2a24a342c4b3d69c4b11602382 HTTP/1.1" 200 OK
INFO:trainers_server.dp_worker.api.server:submit: op=forward_backward operation_id=a4c98b11322340b0b0d5a8eecfe28c45 enqueued (qsize=1) n_datums=4 total_tokens=524288 seq_len[min/max]=131072/131072
INFO:     127.0.0.1:45386 - "POST /forward_backward HTTP/1.1" 202 Accepted
ERROR:opentelemetry.sdk.trace.export:Exception while exporting Span batch.
Traceback (most recent call last):
  File "/root/.cache/user_artifacts/trainers_main/server/.venv/lib/python3.12/site-packages/urllib3/connection.py", line 204, in _new_conn
    sock = connection.create_connection(
           ^^^^^^^^^^^^^^^^^^^^^^^^^^^^^
  File "/root/.cache/user_artifacts/trainers_main/server/.venv/lib/python3.12/site-packages/urllib3/util/connection.py", line 85, in create_connection
    raise err
  File "/root/.cache/user_artifacts/trainers_main/server/.venv/lib/python3.12/site-packages/urllib3/util/connection.py", line 73, in create_connection
    sock.connect(sa)
ConnectionRefusedError: [Errno 111] Connection refused

The above exception was the direct cause of the following exception:

Traceback (most recent call last):
  File "/root/.cache/user_artifacts/trainers_main/server/.venv/lib/python3.12/site-packages/urllib3/connectionpool.py", line 787, in urlopen
    response = self._make_request(
               ^^^^^^^^^^^^^^^^^^^
  File "/root/.cache/user_artifacts/trainers_main/server/.venv/lib/python3.12/site-packages/urllib3/connectionpool.py", line 493, in _make_request
    conn.request(
  File "/root/.cache/user_artifacts/trainers_main/server/.venv/lib/python3.12/site-packages/urllib3/connection.py", line 500, in request
    self.endheaders()
  File "/usr/lib/python3.12/http/client.py", line 1360, in endheaders
    self._send_output(message_body, encode_chunked=encode_chunked)
  File "/usr/lib/python3.12/http/client.py", line 1120, in _send_output
    self.send(msg)
  File "/usr/lib/python3.12/http/client.py", line 1064, in send
    self.connect()
  File "/root/.cache/user_artifacts/trainers_main/server/.venv/lib/python3.12/site-packages/urllib3/connection.py", line 331, in connect
    self.sock = self._new_conn()
                ^^^^^^^^^^^^^^^^
  File "/root/.cache/user_artifacts/trainers_main/server/.venv/lib/python3.12/site-packages/urllib3/connection.py", line 219, in _new_conn
    raise NewConnectionError(
urllib3.exceptions.NewConnectionError: HTTPConnection(host='localhost', port=4318): Failed to establish a new connection: [Errno 111] Connection refused

The above exception was the direct cause of the following exception:

Traceback (most recent call last):
  File "/root/.cache/user_artifacts/trainers_main/server/.venv/lib/python3.12/site-packages/requests/adapters.py", line 644, in send
    resp = conn.urlopen(
           ^^^^^^^^^^^^^
  File "/root/.cache/user_artifacts/trainers_main/server/.venv/lib/python3.12/site-packages/urllib3/connectionpool.py", line 841, in urlopen
    retries = retries.increment(
              ^^^^^^^^^^^^^^^^^^
  File "/root/.cache/user_artifacts/trainers_main/server/.venv/lib/python3.12/site-packages/urllib3/util/retry.py", line 535, in increment
    raise MaxRetryError(_pool, url, reason) from reason  # type: ignore[arg-type]
    ^^^^^^^^^^^^^^^^^^^^^^^^^^^^^^^^^^^^^^^^^^^^^^^^^^^
urllib3.exceptions.MaxRetryError: HTTPConnectionPool(host='localhost', port=4318): Max retries exceeded with url: /v1/traces (Caused by NewConnectionError("HTTPConnection(host='localhost', port=4318): Failed to establish a new connection: [Errno 111] Connection refused"))

During handling of the above exception, another exception occurred:

Traceback (most recent call last):
  File "/root/.cache/user_artifacts/trainers_main/server/.venv/lib/python3.12/site-packages/opentelemetry/sdk/trace/export/__init__.py", line 362, in _export_batch
    self.span_exporter.export(self.spans_list[:idx])  # type: ignore
    ^^^^^^^^^^^^^^^^^^^^^^^^^^^^^^^^^^^^^^^^^^^^^^^^
  File "/root/.cache/user_artifacts/trainers_main/server/.venv/lib/python3.12/site-packages/opentelemetry/exporter/otlp/proto/http/trace_exporter/__init__.py", line 139, in export
    resp = self._export(serialized_data)
           ^^^^^^^^^^^^^^^^^^^^^^^^^^^^^
  File "/root/.cache/user_artifacts/trainers_main/server/.venv/lib/python3.12/site-packages/opentelemetry/exporter/otlp/proto/http/trace_exporter/__init__.py", line 110, in _export
    return self._session.post(
           ^^^^^^^^^^^^^^^^^^^
  File "/root/.cache/user_artifacts/trainers_main/server/.venv/lib/python3.12/site-packages/requests/sessions.py", line 637, in post
    return self.request("POST", url, data=data, json=json, **kwargs)
           ^^^^^^^^^^^^^^^^^^^^^^^^^^^^^^^^^^^^^^^^^^^^^^^^^^^^^^^^^
  File "/root/.cache/user_artifacts/trainers_main/server/.venv/lib/python3.12/site-packages/requests/sessions.py", line 589, in request
    resp = self.send(prep, **send_kwargs)
           ^^^^^^^^^^^^^^^^^^^^^^^^^^^^^^
  File "/root/.cache/user_artifacts/trainers_main/server/.venv/lib/python3.12/site-packages/requests/sessions.py", line 703, in send
    r = adapter.send(request, **kwargs)
        ^^^^^^^^^^^^^^^^^^^^^^^^^^^^^^^
  File "/root/.cache/user_artifacts/trainers_main/server/.venv/lib/python3.12/site-packages/requests/adapters.py", line 677, in send
    raise ConnectionError(e, request=request)
requests.exceptions.ConnectionError: HTTPConnectionPool(host='localhost', port=4318): Max retries exceeded with url: /v1/traces (Caused by NewConnectionError("HTTPConnection(host='localhost', port=4318): Failed to establish a new connection: [Errno 111] Connection refused"))
WARNING:megatron.core.transformer.moe.router:BT_MOE_ROUTING_REPLAY_FORCE window 2 (312 replay passes): {'stashes': 675, 'forces': 623, 'misses': 0, 'shape_mismatches': 0, 'verify_asserts': 0}; in-flight stash 109.1 MB (peak 157.3 MB)
WARNING:megatron.core.transformer.moe.router:BT_MOE_ROUTING_REPLAY_FORCE window 2 (312 replay passes): {'stashes': 675, 'forces': 623, 'misses': 0, 'shape_mismatches': 0, 'verify_asserts': 0}; in-flight stash 109.1 MB (peak 157.3 MB)
WARNING:megatron.core.transformer.moe.router:BT_MOE_ROUTING_REPLAY_FORCE window 2 (312 replay passes): {'stashes': 675, 'forces': 623, 'misses': 0, 'shape_mismatches': 0, 'verify_asserts': 0}; in-flight stash 109.1 MB (peak 157.3 MB)
WARNING:megatron.core.transformer.moe.router:BT_MOE_ROUTING_REPLAY_FORCE window 2 (312 replay passes): {'stashes': 675, 'forces': 623, 'misses': 0, 'shape_mismatches': 0, 'verify_asserts': 0}; in-flight stash 109.1 MB (peak 157.3 MB)
WARNING:megatron.core.transformer.moe.router:BT_MOE_ROUTING_REPLAY_FORCE window 2 (312 replay passes): {'stashes': 675, 'forces': 623, 'misses': 0, 'shape_mismatches': 0, 'verify_asserts': 0}; in-flight stash 109.1 MB (peak 157.3 MB)
WARNING:megatron.core.transformer.moe.router:BT_MOE_ROUTING_REPLAY_FORCE window 2 (312 replay passes): {'stashes': 675, 'forces': 623, 'misses': 0, 'shape_mismatches': 0, 'verify_asserts': 0}; in-flight stash 109.1 MB (peak 157.3 MB)
WARNING:megatron.core.transformer.moe.router:BT_MOE_ROUTING_REPLAY_FORCE window 2 (312 replay passes): {'stashes': 675, 'forces': 623, 'misses': 0, 'shape_mismatches': 0, 'verify_asserts': 0}; in-flight stash 109.1 MB (peak 157.3 MB)
WARNING:megatron.core.transformer.moe.router:BT_MOE_ROUTING_REPLAY_FORCE window 2 (312 replay passes): {'stashes': 675, 'forces': 623, 'misses': 0, 'shape_mismatches': 0, 'verify_asserts': 0}; in-flight stash 109.1 MB (peak 157.3 MB)
WARNING:megatron.core.transformer.moe.router:BT_MOE_ROUTING_REPLAY_FORCE window 2 (312 replay passes): {'stashes': 675, 'forces': 623, 'misses': 0, 'shape_mismatches': 0, 'verify_asserts': 0}; in-flight stash 109.1 MB (peak 157.3 MB)
WARNING:megatron.core.transformer.moe.router:BT_MOE_ROUTING_REPLAY_FORCE window 2 (312 replay passes): {'stashes': 675, 'forces': 623, 'misses': 0, 'shape_mismatches': 0, 'verify_asserts': 0}; in-flight stash 109.1 MB (peak 157.3 MB)
WARNING:megatron.core.transformer.moe.router:BT_MOE_ROUTING_REPLAY_FORCE window 2 (312 replay passes): {'stashes': 675, 'forces': 623, 'misses': 0, 'shape_mismatches': 0, 'verify_asserts': 0}; in-flight stash 109.1 MB (peak 157.3 MB)
WARNING:megatron.core.transformer.moe.router:BT_MOE_ROUTING_REPLAY_FORCE window 2 (312 replay passes): {'stashes': 675, 'forces': 623, 'misses': 0, 'shape_mismatches': 0, 'verify_asserts': 0}; in-flight stash 109.1 MB (peak 157.3 MB)
WARNING:megatron.core.transformer.moe.router:BT_MOE_ROUTING_REPLAY_FORCE window 2 (312 replay passes): {'stashes': 675, 'forces': 623, 'misses': 0, 'shape_mismatches': 0, 'verify_asserts': 0}; in-flight stash 109.1 MB (peak 157.3 MB)
WARNING:megatron.core.transformer.moe.router:BT_MOE_ROUTING_REPLAY_FORCE window 2 (312 replay passes): {'stashes': 675, 'forces': 623, 'misses': 0, 'shape_mismatches': 0, 'verify_asserts': 0}; in-flight stash 109.1 MB (peak 157.3 MB)
WARNING:megatron.core.transformer.moe.router:BT_MOE_ROUTING_REPLAY_FORCE window 2 (312 replay passes): {'stashes': 675, 'forces': 623, 'misses': 0, 'shape_mismatches': 0, 'verify_asserts': 0}; in-flight stash 109.1 MB (peak 157.3 MB)
WARNING:megatron.core.transformer.moe.router:BT_MOE_ROUTING_REPLAY_FORCE window 2 (312 replay passes): {'stashes': 675, 'forces': 623, 'misses': 0, 'shape_mismatches': 0, 'verify_asserts': 0}; in-flight stash 109.1 MB (peak 157.3 MB)
WARNING:megatron.core.transformer.moe.token_dispatcher:BT_MOE_PROBS_A2A_COMM window 5 (300 gated dispatches): {'token_issues': 1500, 'probs_issues': 1500, 'waits': 3000}
WARNING:megatron.core.transformer.moe.token_dispatcher:BT_MOE_PROBS_A2A_COMM window 5 (300 gated dispatches): {'token_issues': 1500, 'probs_issues': 1500, 'waits': 3000}
WARNING:megatron.core.transformer.moe.token_dispatcher:BT_MOE_PROBS_A2A_COMM window 5 (300 gated dispatches): {'token_issues': 1500, 'probs_issues': 1500, 'waits': 3000}
WARNING:megatron.core.transformer.moe.token_dispatcher:BT_MOE_PROBS_A2A_COMM window 5 (300 gated dispatches): {'token_issues': 1500, 'probs_issues': 1500, 'waits': 3000}
WARNING:megatron.core.transformer.moe.token_dispatcher:BT_MOE_PROBS_A2A_COMM window 5 (300 gated dispatches): {'token_issues': 1500, 'probs_issues': 1500, 'waits': 3000}
WARNING:megatron.core.transformer.moe.token_dispatcher:BT_MOE_PROBS_A2A_COMM window 5 (300 gated dispatches): {'token_issues': 1500, 'probs_issues': 1500, 'waits': 3000}
WARNING:megatron.core.transformer.moe.token_dispatcher:BT_MOE_PROBS_A2A_COMM window 5 (300 gated dispatches): {'token_issues': 1500, 'probs_issues': 1500, 'waits': 3000}
WARNING:megatron.core.transformer.moe.token_dispatcher:BT_MOE_PROBS_A2A_COMM window 5 (300 gated dispatches): {'token_issues': 1500, 'probs_issues': 1500, 'waits': 3000}
WARNING:megatron.core.transformer.moe.token_dispatcher:BT_MOE_PROBS_A2A_COMM window 5 (300 gated dispatches): {'token_issues': 1500, 'probs_issues': 1500, 'waits': 3000}
WARNING:megatron.core.transformer.moe.token_dispatcher:BT_MOE_PROBS_A2A_COMM window 5 (300 gated dispatches): {'token_issues': 1500, 'probs_issues': 1500, 'waits': 3000}
WARNING:megatron.core.transformer.moe.token_dispatcher:BT_MOE_PROBS_A2A_COMM window 5 (300 gated dispatches): {'token_issues': 1500, 'probs_issues': 1500, 'waits': 3000}
WARNING:megatron.core.transformer.moe.token_dispatcher:BT_MOE_PROBS_A2A_COMM window 5 (300 gated dispatches): {'token_issues': 1500, 'probs_issues': 1500, 'waits': 3000}
WARNING:megatron.core.transformer.moe.token_dispatcher:BT_MOE_PROBS_A2A_COMM window 5 (300 gated dispatches): {'token_issues': 1500, 'probs_issues': 1500, 'waits': 3000}
WARNING:megatron.core.transformer.moe.token_dispatcher:BT_MOE_PROBS_A2A_COMM window 5 (300 gated dispatches): {'token_issues': 1500, 'probs_issues': 1500, 'waits': 3000}
WARNING:megatron.core.transformer.moe.token_dispatcher:BT_MOE_PROBS_A2A_COMM window 5 (300 gated dispatches): {'token_issues': 1500, 'probs_issues': 1500, 'waits': 3000}
WARNING:megatron.core.transformer.moe.token_dispatcher:BT_MOE_PROBS_A2A_COMM window 5 (300 gated dispatches): {'token_issues': 1500, 'probs_issues': 1500, 'waits': 3000}
WARNING:megatron.core.transformer.moe.token_dispatcher:BT_MOE_DISPATCH_REPLAY_CACHE window 3 (300 replay lookups): {'stores': 900, 'hits': 900, 'misses': 0, 'shape_mismatches': 0, 'verifies': 0}
WARNING:megatron.core.transformer.moe.token_dispatcher:BT_MOE_DISPATCH_REPLAY_CACHE window 3 (300 replay lookups): {'stores': 900, 'hits': 900, 'misses': 0, 'shape_mismatches': 0, 'verifies': 0}
WARNING:megatron.core.transformer.moe.token_dispatcher:BT_MOE_DISPATCH_REPLAY_CACHE window 3 (300 replay lookups): {'stores': 900, 'hits': 900, 'misses': 0, 'shape_mismatches': 0, 'verifies': 0}
WARNING:megatron.core.transformer.moe.token_dispatcher:BT_MOE_DISPATCH_REPLAY_CACHE window 3 (300 replay lookups): {'stores': 900, 'hits': 900, 'misses': 0, 'shape_mismatches': 0, 'verifies': 0}
WARNING:megatron.core.transformer.moe.token_dispatcher:BT_MOE_DISPATCH_REPLAY_CACHE window 3 (300 replay lookups): {'stores': 900, 'hits': 900, 'misses': 0, 'shape_mismatches': 0, 'verifies': 0}
WARNING:megatron.core.transformer.moe.token_dispatcher:BT_MOE_DISPATCH_REPLAY_CACHE window 3 (300 replay lookups): {'stores': 900, 'hits': 900, 'misses': 0, 'shape_mismatches': 0, 'verifies': 0}
WARNING:megatron.core.transformer.moe.token_dispatcher:BT_MOE_DISPATCH_REPLAY_CACHE window 3 (300 replay lookups): {'stores': 900, 'hits': 900, 'misses': 0, 'shape_mismatches': 0, 'verifies': 0}
WARNING:megatron.core.transformer.moe.token_dispatcher:BT_MOE_DISPATCH_REPLAY_CACHE window 3 (300 replay lookups): {'stores': 900, 'hits': 900, 'misses': 0, 'shape_mismatches': 0, 'verifies': 0}
WARNING:megatron.core.transformer.moe.token_dispatcher:BT_MOE_DISPATCH_REPLAY_CACHE window 3 (300 replay lookups): {'stores': 900, 'hits': 900, 'misses': 0, 'shape_mismatches': 0, 'verifies': 0}
WARNING:megatron.core.transformer.moe.token_dispatcher:BT_MOE_DISPATCH_REPLAY_CACHE window 3 (300 replay lookups): {'stores': 900, 'hits': 900, 'misses': 0, 'shape_mismatches': 0, 'verifies': 0}
WARNING:megatron.core.transformer.moe.token_dispatcher:BT_MOE_DISPATCH_REPLAY_CACHE window 3 (300 replay lookups): {'stores': 900, 'hits': 900, 'misses': 0, 'shape_mismatches': 0, 'verifies': 0}
WARNING:megatron.core.transformer.moe.token_dispatcher:BT_MOE_DISPATCH_REPLAY_CACHE window 3 (300 replay lookups): {'stores': 900, 'hits': 900, 'misses': 0, 'shape_mismatches': 0, 'verifies': 0}
WARNING:megatron.core.transformer.moe.token_dispatcher:BT_MOE_DISPATCH_REPLAY_CACHE window 3 (300 replay lookups): {'stores': 900, 'hits': 900, 'misses': 0, 'shape_mismatches': 0, 'verifies': 0}
WARNING:megatron.core.transformer.moe.token_dispatcher:BT_MOE_DISPATCH_REPLAY_CACHE window 3 (300 replay lookups): {'stores': 900, 'hits': 900, 'misses': 0, 'shape_mismatches': 0, 'verifies': 0}
WARNING:megatron.core.transformer.moe.token_dispatcher:BT_MOE_DISPATCH_REPLAY_CACHE window 3 (300 replay lookups): {'stores': 900, 'hits': 900, 'misses': 0, 'shape_mismatches': 0, 'verifies': 0}
WARNING:megatron.core.transformer.moe.token_dispatcher:BT_MOE_DISPATCH_REPLAY_CACHE window 3 (300 replay lookups): {'stores': 900, 'hits': 900, 'misses': 0, 'shape_mismatches': 0, 'verifies': 0}
WARNING:megatron.core.transformer.moe.token_dispatcher:BT_MOE_PROBS_A2A_COMM window 6 (300 gated dispatches): {'token_issues': 1800, 'probs_issues': 1800, 'waits': 3600}
WARNING:megatron.core.transformer.moe.token_dispatcher:BT_MOE_PROBS_A2A_COMM window 6 (300 gated dispatches): {'token_issues': 1800, 'probs_issues': 1800, 'waits': 3600}
WARNING:megatron.core.transformer.moe.token_dispatcher:BT_MOE_PROBS_A2A_COMM window 6 (300 gated dispatches): {'token_issues': 1800, 'probs_issues': 1800, 'waits': 3600}
WARNING:megatron.core.transformer.moe.token_dispatcher:BT_MOE_PROBS_A2A_COMM window 6 (300 gated dispatches): {'token_issues': 1800, 'probs_issues': 1800, 'waits': 3600}
WARNING:megatron.core.transformer.moe.token_dispatcher:BT_MOE_PROBS_A2A_COMM window 6 (300 gated dispatches): {'token_issues': 1800, 'probs_issues': 1800, 'waits': 3600}
WARNING:megatron.core.transformer.moe.token_dispatcher:BT_MOE_PROBS_A2A_COMM window 6 (300 gated dispatches): {'token_issues': 1800, 'probs_issues': 1800, 'waits': 3600}
WARNING:megatron.core.transformer.moe.token_dispatcher:BT_MOE_PROBS_A2A_COMM window 6 (300 gated dispatches): {'token_issues': 1800, 'probs_issues': 1800, 'waits': 3600}
WARNING:megatron.core.transformer.moe.token_dispatcher:BT_MOE_PROBS_A2A_COMM window 6 (300 gated dispatches): {'token_issues': 1800, 'probs_issues': 1800, 'waits': 3600}
WARNING:megatron.core.transformer.moe.token_dispatcher:BT_MOE_PROBS_A2A_COMM window 6 (300 gated dispatches): {'token_issues': 1800, 'probs_issues': 1800, 'waits': 3600}
WARNING:megatron.core.transformer.moe.token_dispatcher:BT_MOE_PROBS_A2A_COMM window 6 (300 gated dispatches): {'token_issues': 1800, 'probs_issues': 1800, 'waits': 3600}
WARNING:megatron.core.transformer.moe.token_dispatcher:BT_MOE_PROBS_A2A_COMM window 6 (300 gated dispatches): {'token_issues': 1800, 'probs_issues': 1800, 'waits': 3600}
WARNING:megatron.core.transformer.moe.token_dispatcher:BT_MOE_PROBS_A2A_COMM window 6 (300 gated dispatches): {'token_issues': 1800, 'probs_issues': 1800, 'waits': 3600}
WARNING:megatron.core.transformer.moe.token_dispatcher:BT_MOE_PROBS_A2A_COMM window 6 (300 gated dispatches): {'token_issues': 1800, 'probs_issues': 1800, 'waits': 3600}
WARNING:megatron.core.transformer.moe.token_dispatcher:BT_MOE_PROBS_A2A_COMM window 6 (300 gated dispatches): {'token_issues': 1800, 'probs_issues': 1800, 'waits': 3600}
WARNING:megatron.core.transformer.moe.token_dispatcher:BT_MOE_PROBS_A2A_COMM window 6 (300 gated dispatches): {'token_issues': 1800, 'probs_issues': 1800, 'waits': 3600}
WARNING:megatron.core.transformer.moe.token_dispatcher:BT_MOE_PROBS_A2A_COMM window 6 (300 gated dispatches): {'token_issues': 1800, 'probs_issues': 1800, 'waits': 3600}
WARNING:megatron.core.transformer.experimental_attention_variant.dsa_cudnn_kernels:BT_DSA_BWD_ASYNC_NONEMPTY_V3 window 3 (312 probe reads): {'kicks': 936, 'hits': 936, 'misses': 0, 'probe_dropped': 0, 'fallbacks': 0, 'verifies': 935}
WARNING:megatron.core.transformer.experimental_attention_variant.dsa_cudnn_kernels:BT_DSA_BWD_ASYNC_NONEMPTY_V3 window 3 (312 probe reads): {'kicks': 936, 'hits': 936, 'misses': 0, 'probe_dropped': 0, 'fallbacks': 0, 'verifies': 935}
WARNING:megatron.core.transformer.experimental_attention_variant.dsa_cudnn_kernels:BT_DSA_BWD_ASYNC_NONEMPTY_V3 window 3 (312 probe reads): {'kicks': 936, 'hits': 936, 'misses': 0, 'probe_dropped': 0, 'fallbacks': 0, 'verifies': 935}
WARNING:megatron.core.transformer.experimental_attention_variant.dsa_cudnn_kernels:BT_DSA_BWD_ASYNC_NONEMPTY_V3 window 3 (312 probe reads): {'kicks': 936, 'hits': 936, 'misses': 0, 'probe_dropped': 0, 'fallbacks': 0, 'verifies': 935}
WARNING:megatron.core.transformer.experimental_attention_variant.dsa_cudnn_kernels:BT_DSA_BWD_ASYNC_NONEMPTY_V3 window 3 (312 probe reads): {'kicks': 936, 'hits': 936, 'misses': 0, 'probe_dropped': 0, 'fallbacks': 0, 'verifies': 935}
WARNING:megatron.core.transformer.experimental_attention_variant.dsa_cudnn_kernels:BT_DSA_BWD_ASYNC_NONEMPTY_V3 window 3 (312 probe reads): {'kicks': 936, 'hits': 936, 'misses': 0, 'probe_dropped': 0, 'fallbacks': 0, 'verifies': 935}
WARNING:megatron.core.transformer.experimental_attention_variant.dsa_cudnn_kernels:BT_DSA_BWD_ASYNC_NONEMPTY_V3 window 3 (312 probe reads): {'kicks': 936, 'hits': 936, 'misses': 0, 'probe_dropped': 0, 'fallbacks': 0, 'verifies': 935}
WARNING:megatron.core.transformer.experimental_attention_variant.dsa_cudnn_kernels:BT_DSA_BWD_ASYNC_NONEMPTY_V3 window 3 (312 probe reads): {'kicks': 936, 'hits': 936, 'misses': 0, 'probe_dropped': 0, 'fallbacks': 0, 'verifies': 935}
WARNING:megatron.core.transformer.experimental_attention_variant.dsa_cudnn_kernels:BT_DSA_BWD_ASYNC_NONEMPTY_V3 window 3 (312 probe reads): {'kicks': 936, 'hits': 936, 'misses': 0, 'probe_dropped': 0, 'fallbacks': 0, 'verifies': 935}
WARNING:megatron.core.transformer.experimental_attention_variant.dsa_cudnn_kernels:BT_DSA_BWD_ASYNC_NONEMPTY_V3 window 3 (312 probe reads): {'kicks': 936, 'hits': 936, 'misses': 0, 'probe_dropped': 0, 'fallbacks': 0, 'verifies': 935}
WARNING:megatron.core.transformer.experimental_attention_variant.dsa_cudnn_kernels:BT_DSA_BWD_ASYNC_NONEMPTY_V3 window 3 (312 probe reads): {'kicks': 936, 'hits': 936, 'misses': 0, 'probe_dropped': 0, 'fallbacks': 0, 'verifies': 935}
WARNING:megatron.core.transformer.experimental_attention_variant.dsa_cudnn_kernels:BT_DSA_BWD_ASYNC_NONEMPTY_V3 window 3 (312 probe reads): {'kicks': 936, 'hits': 936, 'misses': 0, 'probe_dropped': 0, 'fallbacks': 0, 'verifies': 935}
WARNING:megatron.core.transformer.experimental_attention_variant.dsa_cudnn_kernels:BT_DSA_BWD_ASYNC_NONEMPTY_V3 window 3 (312 probe reads): {'kicks': 936, 'hits': 936, 'misses': 0, 'probe_dropped': 0, 'fallbacks': 0, 'verifies': 935}
WARNING:megatron.core.transformer.experimental_attention_variant.dsa_cudnn_kernels:BT_DSA_BWD_ASYNC_NONEMPTY_V3 window 3 (312 probe reads): {'kicks': 936, 'hits': 936, 'misses': 0, 'probe_dropped': 0, 'fallbacks': 0, 'verifies': 935}
WARNING:megatron.core.transformer.experimental_attention_variant.dsa_cudnn_kernels:BT_DSA_BWD_ASYNC_NONEMPTY_V3 window 3 (312 probe reads): {'kicks': 936, 'hits': 936, 'misses': 0, 'probe_dropped': 0, 'fallbacks': 0, 'verifies': 935}
WARNING:megatron.core.transformer.experimental_attention_variant.dsa_cudnn_kernels:BT_DSA_BWD_ASYNC_NONEMPTY_V3 window 3 (312 probe reads): {'kicks': 936, 'hits': 936, 'misses': 0, 'probe_dropped': 0, 'fallbacks': 0, 'verifies': 935}
INFO:trainers_server.dp_worker.api.dispatcher_worker:dispatcher_worker: op=forward_backward operation_id=a4c98b11322340b0b0d5a8eecfe28c45 done in 47.30s {'loss': 12.309800604252658}
INFO:trainers_server.dp_worker.api.server:retrieve: operation_id=a4c98b11322340b0b0d5a8eecfe28c45 done after 17.33s
INFO:     127.0.0.1:45386 - "GET /operations/a4c98b11322340b0b0d5a8eecfe28c45 HTTP/1.1" 200 OK
INFO:trainers_server.dp_worker.api.server:submit: op=optim_step operation_id=73cd19746f684285a1c188eebb856c19 enqueued (qsize=1) 
INFO:     127.0.0.1:45386 - "POST /optim_step HTTP/1.1" 202 Accepted
INFO:trainers_server.dp_worker.api.dispatcher_worker:dispatcher_worker: op=optim_step operation_id=73cd19746f684285a1c188eebb856c19 done in 0.04s step=3.0 learning_rate=1e-05 lr=1e-05 grad_norm=0.665878415107727 tps=11077.997067999615 train_mean_nll=12.309800604252658 num_tokens=524288.0 num_loss_tokens=524284.0 step_seconds=47.326966849854216
INFO:trainers_server.dp_worker.api.server:retrieve: operation_id=73cd19746f684285a1c188eebb856c19 done after 0.03s
INFO:     127.0.0.1:45386 - "GET /operations/73cd19746f684285a1c188eebb856c19 HTTP/1.1" 200 OK
INFO:trainers_server.dp_worker.api.server:submit: op=forward_backward operation_id=3825167b578d4cf38e122c3864172419 enqueued (qsize=1) n_datums=4 total_tokens=524288 seq_len[min/max]=131072/131072
INFO:     127.0.0.1:45386 - "POST /forward_backward HTTP/1.1" 202 Accepted
ERROR:opentelemetry.sdk.trace.export:Exception while exporting Span batch.
Traceback (most recent call last):
  File "/root/.cache/user_artifacts/trainers_main/server/.venv/lib/python3.12/site-packages/urllib3/connection.py", line 204, in _new_conn
    sock = connection.create_connection(
           ^^^^^^^^^^^^^^^^^^^^^^^^^^^^^
  File "/root/.cache/user_artifacts/trainers_main/server/.venv/lib/python3.12/site-packages/urllib3/util/connection.py", line 85, in create_connection
    raise err
  File "/root/.cache/user_artifacts/trainers_main/server/.venv/lib/python3.12/site-packages/urllib3/util/connection.py", line 73, in create_connection
    sock.connect(sa)
ConnectionRefusedError: [Errno 111] Connection refused

The above exception was the direct cause of the following exception:

Traceback (most recent call last):
  File "/root/.cache/user_artifacts/trainers_main/server/.venv/lib/python3.12/site-packages/urllib3/connectionpool.py", line 787, in urlopen
    response = self._make_request(
               ^^^^^^^^^^^^^^^^^^^
  File "/root/.cache/user_artifacts/trainers_main/server/.venv/lib/python3.12/site-packages/urllib3/connectionpool.py", line 493, in _make_request
    conn.request(
  File "/root/.cache/user_artifacts/trainers_main/server/.venv/lib/python3.12/site-packages/urllib3/connection.py", line 500, in request
    self.endheaders()
  File "/usr/lib/python3.12/http/client.py", line 1360, in endheaders
    self._send_output(message_body, encode_chunked=encode_chunked)
  File "/usr/lib/python3.12/http/client.py", line 1120, in _send_output
    self.send(msg)
  File "/usr/lib/python3.12/http/client.py", line 1064, in send
    self.connect()
  File "/root/.cache/user_artifacts/trainers_main/server/.venv/lib/python3.12/site-packages/urllib3/connection.py", line 331, in connect
    self.sock = self._new_conn()
                ^^^^^^^^^^^^^^^^
  File "/root/.cache/user_artifacts/trainers_main/server/.venv/lib/python3.12/site-packages/urllib3/connection.py", line 219, in _new_conn
    raise NewConnectionError(
urllib3.exceptions.NewConnectionError: HTTPConnection(host='localhost', port=4318): Failed to establish a new connection: [Errno 111] Connection refused

The above exception was the direct cause of the following exception:

Traceback (most recent call last):
  File "/root/.cache/user_artifacts/trainers_main/server/.venv/lib/python3.12/site-packages/requests/adapters.py", line 644, in send
    resp = conn.urlopen(
           ^^^^^^^^^^^^^
  File "/root/.cache/user_artifacts/trainers_main/server/.venv/lib/python3.12/site-packages/urllib3/connectionpool.py", line 841, in urlopen
    retries = retries.increment(
              ^^^^^^^^^^^^^^^^^^
  File "/root/.cache/user_artifacts/trainers_main/server/.venv/lib/python3.12/site-packages/urllib3/util/retry.py", line 535, in increment
    raise MaxRetryError(_pool, url, reason) from reason  # type: ignore[arg-type]
    ^^^^^^^^^^^^^^^^^^^^^^^^^^^^^^^^^^^^^^^^^^^^^^^^^^^
urllib3.exceptions.MaxRetryError: HTTPConnectionPool(host='localhost', port=4318): Max retries exceeded with url: /v1/traces (Caused by NewConnectionError("HTTPConnection(host='localhost', port=4318): Failed to establish a new connection: [Errno 111] Connection refused"))

During handling of the above exception, another exception occurred:

Traceback (most recent call last):
  File "/root/.cache/user_artifacts/trainers_main/server/.venv/lib/python3.12/site-packages/opentelemetry/sdk/trace/export/__init__.py", line 362, in _export_batch
    self.span_exporter.export(self.spans_list[:idx])  # type: ignore
    ^^^^^^^^^^^^^^^^^^^^^^^^^^^^^^^^^^^^^^^^^^^^^^^^
  File "/root/.cache/user_artifacts/trainers_main/server/.venv/lib/python3.12/site-packages/opentelemetry/exporter/otlp/proto/http/trace_exporter/__init__.py", line 139, in export
    resp = self._export(serialized_data)
           ^^^^^^^^^^^^^^^^^^^^^^^^^^^^^
  File "/root/.cache/user_artifacts/trainers_main/server/.venv/lib/python3.12/site-packages/opentelemetry/exporter/otlp/proto/http/trace_exporter/__init__.py", line 110, in _export
    return self._session.post(
           ^^^^^^^^^^^^^^^^^^^
  File "/root/.cache/user_artifacts/trainers_main/server/.venv/lib/python3.12/site-packages/requests/sessions.py", line 637, in post
    return self.request("POST", url, data=data, json=json, **kwargs)
           ^^^^^^^^^^^^^^^^^^^^^^^^^^^^^^^^^^^^^^^^^^^^^^^^^^^^^^^^^
  File "/root/.cache/user_artifacts/trainers_main/server/.venv/lib/python3.12/site-packages/requests/sessions.py", line 589, in request
    resp = self.send(prep, **send_kwargs)
           ^^^^^^^^^^^^^^^^^^^^^^^^^^^^^^
  File "/root/.cache/user_artifacts/trainers_main/server/.venv/lib/python3.12/site-packages/requests/sessions.py", line 703, in send
    r = adapter.send(request, **kwargs)
        ^^^^^^^^^^^^^^^^^^^^^^^^^^^^^^^
  File "/root/.cache/user_artifacts/trainers_main/server/.venv/lib/python3.12/site-packages/requests/adapters.py", line 677, in send
    raise ConnectionError(e, request=request)
requests.exceptions.ConnectionError: HTTPConnectionPool(host='localhost', port=4318): Max retries exceeded with url: /v1/traces (Caused by NewConnectionError("HTTPConnection(host='localhost', port=4318): Failed to establish a new connection: [Errno 111] Connection refused"))
WARNING:megatron.core.transformer.moe.router:BT_MOE_ROUTING_REPLAY_FORCE window 3 (312 replay passes): {'stashes': 975, 'forces': 935, 'misses': 0, 'shape_mismatches': 0, 'verify_asserts': 0}; in-flight stash 83.9 MB (peak 157.3 MB)
WARNING:megatron.core.transformer.moe.router:BT_MOE_ROUTING_REPLAY_FORCE window 3 (312 replay passes): {'stashes': 975, 'forces': 935, 'misses': 0, 'shape_mismatches': 0, 'verify_asserts': 0}; in-flight stash 83.9 MB (peak 157.3 MB)
WARNING:megatron.core.transformer.moe.router:BT_MOE_ROUTING_REPLAY_FORCE window 3 (312 replay passes): {'stashes': 975, 'forces': 935, 'misses': 0, 'shape_mismatches': 0, 'verify_asserts': 0}; in-flight stash 83.9 MB (peak 157.3 MB)
WARNING:megatron.core.transformer.moe.router:BT_MOE_ROUTING_REPLAY_FORCE window 3 (312 replay passes): {'stashes': 975, 'forces': 935, 'misses': 0, 'shape_mismatches': 0, 'verify_asserts': 0}; in-flight stash 83.9 MB (peak 157.3 MB)
WARNING:megatron.core.transformer.moe.router:BT_MOE_ROUTING_REPLAY_FORCE window 3 (312 replay passes): {'stashes': 975, 'forces': 935, 'misses': 0, 'shape_mismatches': 0, 'verify_asserts': 0}; in-flight stash 83.9 MB (peak 157.3 MB)
WARNING:megatron.core.transformer.moe.router:BT_MOE_ROUTING_REPLAY_FORCE window 3 (312 replay passes): {'stashes': 975, 'forces': 935, 'misses': 0, 'shape_mismatches': 0, 'verify_asserts': 0}; in-flight stash 83.9 MB (peak 157.3 MB)
WARNING:megatron.core.transformer.moe.router:BT_MOE_ROUTING_REPLAY_FORCE window 3 (312 replay passes): {'stashes': 975, 'forces': 935, 'misses': 0, 'shape_mismatches': 0, 'verify_asserts': 0}; in-flight stash 83.9 MB (peak 157.3 MB)
WARNING:megatron.core.transformer.moe.router:BT_MOE_ROUTING_REPLAY_FORCE window 3 (312 replay passes): {'stashes': 975, 'forces': 935, 'misses': 0, 'shape_mismatches': 0, 'verify_asserts': 0}; in-flight stash 83.9 MB (peak 157.3 MB)
WARNING:megatron.core.transformer.moe.router:BT_MOE_ROUTING_REPLAY_FORCE window 3 (312 replay passes): {'stashes': 975, 'forces': 935, 'misses': 0, 'shape_mismatches': 0, 'verify_asserts': 0}; in-flight stash 83.9 MB (peak 157.3 MB)
WARNING:megatron.core.transformer.moe.router:BT_MOE_ROUTING_REPLAY_FORCE window 3 (312 replay passes): {'stashes': 975, 'forces': 935, 'misses': 0, 'shape_mismatches': 0, 'verify_asserts': 0}; in-flight stash 83.9 MB (peak 157.3 MB)
WARNING:megatron.core.transformer.moe.router:BT_MOE_ROUTING_REPLAY_FORCE window 3 (312 replay passes): {'stashes': 975, 'forces': 935, 'misses': 0, 'shape_mismatches': 0, 'verify_asserts': 0}; in-flight stash 83.9 MB (peak 157.3 MB)
WARNING:megatron.core.transformer.moe.router:BT_MOE_ROUTING_REPLAY_FORCE window 3 (312 replay passes): {'stashes': 975, 'forces': 935, 'misses': 0, 'shape_mismatches': 0, 'verify_asserts': 0}; in-flight stash 83.9 MB (peak 157.3 MB)
WARNING:megatron.core.transformer.moe.router:BT_MOE_ROUTING_REPLAY_FORCE window 3 (312 replay passes): {'stashes': 975, 'forces': 935, 'misses': 0, 'shape_mismatches': 0, 'verify_asserts': 0}; in-flight stash 83.9 MB (peak 157.3 MB)
WARNING:megatron.core.transformer.moe.router:BT_MOE_ROUTING_REPLAY_FORCE window 3 (312 replay passes): {'stashes': 975, 'forces': 935, 'misses': 0, 'shape_mismatches': 0, 'verify_asserts': 0}; in-flight stash 83.9 MB (peak 157.3 MB)
WARNING:megatron.core.transformer.moe.router:BT_MOE_ROUTING_REPLAY_FORCE window 3 (312 replay passes): {'stashes': 975, 'forces': 935, 'misses': 0, 'shape_mismatches': 0, 'verify_asserts': 0}; in-flight stash 83.9 MB (peak 157.3 MB)
WARNING:megatron.core.transformer.moe.router:BT_MOE_ROUTING_REPLAY_FORCE window 3 (312 replay passes): {'stashes': 975, 'forces': 935, 'misses': 0, 'shape_mismatches': 0, 'verify_asserts': 0}; in-flight stash 83.9 MB (peak 157.3 MB)
WARNING:megatron.core.transformer.moe.token_dispatcher:BT_MOE_PROBS_A2A_COMM window 7 (300 gated dispatches): {'token_issues': 2100, 'probs_issues': 2100, 'waits': 4200}
WARNING:megatron.core.transformer.moe.token_dispatcher:BT_MOE_PROBS_A2A_COMM window 7 (300 gated dispatches): {'token_issues': 2100, 'probs_issues': 2100, 'waits': 4200}
WARNING:megatron.core.transformer.moe.token_dispatcher:BT_MOE_PROBS_A2A_COMM window 7 (300 gated dispatches): {'token_issues': 2100, 'probs_issues': 2100, 'waits': 4200}
WARNING:megatron.core.transformer.moe.token_dispatcher:BT_MOE_PROBS_A2A_COMM window 7 (300 gated dispatches): {'token_issues': 2100, 'probs_issues': 2100, 'waits': 4200}
WARNING:megatron.core.transformer.moe.token_dispatcher:BT_MOE_PROBS_A2A_COMM window 7 (300 gated dispatches): {'token_issues': 2100, 'probs_issues': 2100, 'waits': 4200}
WARNING:megatron.core.transformer.moe.token_dispatcher:BT_MOE_PROBS_A2A_COMM window 7 (300 gated dispatches): {'token_issues': 2100, 'probs_issues': 2100, 'waits': 4200}
WARNING:megatron.core.transformer.moe.token_dispatcher:BT_MOE_PROBS_A2A_COMM window 7 (300 gated dispatches): {'token_issues': 2100, 'probs_issues': 2100, 'waits': 4200}
WARNING:megatron.core.transformer.moe.token_dispatcher:BT_MOE_PROBS_A2A_COMM window 7 (300 gated dispatches): {'token_issues': 2100, 'probs_issues': 2100, 'waits': 4200}
WARNING:megatron.core.transformer.moe.token_dispatcher:BT_MOE_PROBS_A2A_COMM window 7 (300 gated dispatches): {'token_issues': 2100, 'probs_issues': 2100, 'waits': 4200}
WARNING:megatron.core.transformer.moe.token_dispatcher:BT_MOE_PROBS_A2A_COMM window 7 (300 gated dispatches): {'token_issues': 2100, 'probs_issues': 2100, 'waits': 4200}
WARNING:megatron.core.transformer.moe.token_dispatcher:BT_MOE_PROBS_A2A_COMM window 7 (300 gated dispatches): {'token_issues': 2100, 'probs_issues': 2100, 'waits': 4200}
WARNING:megatron.core.transformer.moe.token_dispatcher:BT_MOE_PROBS_A2A_COMM window 7 (300 gated dispatches): {'token_issues': 2100, 'probs_issues': 2100, 'waits': 4200}
WARNING:megatron.core.transformer.moe.token_dispatcher:BT_MOE_PROBS_A2A_COMM window 7 (300 gated dispatches): {'token_issues': 2100, 'probs_issues': 2100, 'waits': 4200}
WARNING:megatron.core.transformer.moe.token_dispatcher:BT_MOE_PROBS_A2A_COMM window 7 (300 gated dispatches): {'token_issues': 2100, 'probs_issues': 2100, 'waits': 4200}
WARNING:megatron.core.transformer.moe.token_dispatcher:BT_MOE_PROBS_A2A_COMM window 7 (300 gated dispatches): {'token_issues': 2100, 'probs_issues': 2100, 'waits': 4200}
WARNING:megatron.core.transformer.moe.token_dispatcher:BT_MOE_PROBS_A2A_COMM window 7 (300 gated dispatches): {'token_issues': 2100, 'probs_issues': 2100, 'waits': 4200}
WARNING:megatron.core.transformer.moe.token_dispatcher:BT_MOE_DISPATCH_REPLAY_CACHE window 4 (300 replay lookups): {'stores': 1200, 'hits': 1200, 'misses': 0, 'shape_mismatches': 0, 'verifies': 0}
WARNING:megatron.core.transformer.moe.token_dispatcher:BT_MOE_DISPATCH_REPLAY_CACHE window 4 (300 replay lookups): {'stores': 1200, 'hits': 1200, 'misses': 0, 'shape_mismatches': 0, 'verifies': 0}
WARNING:megatron.core.transformer.moe.token_dispatcher:BT_MOE_DISPATCH_REPLAY_CACHE window 4 (300 replay lookups): {'stores': 1200, 'hits': 1200, 'misses': 0, 'shape_mismatches': 0, 'verifies': 0}
WARNING:megatron.core.transformer.moe.token_dispatcher:BT_MOE_DISPATCH_REPLAY_CACHE window 4 (300 replay lookups): {'stores': 1200, 'hits': 1200, 'misses': 0, 'shape_mismatches': 0, 'verifies': 0}
WARNING:megatron.core.transformer.moe.token_dispatcher:BT_MOE_DISPATCH_REPLAY_CACHE window 4 (300 replay lookups): {'stores': 1200, 'hits': 1200, 'misses': 0, 'shape_mismatches': 0, 'verifies': 0}
WARNING:megatron.core.transformer.moe.token_dispatcher:BT_MOE_DISPATCH_REPLAY_CACHE window 4 (300 replay lookups): {'stores': 1200, 'hits': 1200, 'misses': 0, 'shape_mismatches': 0, 'verifies': 0}
WARNING:megatron.core.transformer.moe.token_dispatcher:BT_MOE_DISPATCH_REPLAY_CACHE window 4 (300 replay lookups): {'stores': 1200, 'hits': 1200, 'misses': 0, 'shape_mismatches': 0, 'verifies': 0}
WARNING:megatron.core.transformer.moe.token_dispatcher:BT_MOE_DISPATCH_REPLAY_CACHE window 4 (300 replay lookups): {'stores': 1200, 'hits': 1200, 'misses': 0, 'shape_mismatches': 0, 'verifies': 0}
WARNING:megatron.core.transformer.moe.token_dispatcher:BT_MOE_DISPATCH_REPLAY_CACHE window 4 (300 replay lookups): {'stores': 1200, 'hits': 1200, 'misses': 0, 'shape_mismatches': 0, 'verifies': 0}
WARNING:megatron.core.transformer.moe.token_dispatcher:BT_MOE_DISPATCH_REPLAY_CACHE window 4 (300 replay lookups): {'stores': 1200, 'hits': 1200, 'misses': 0, 'shape_mismatches': 0, 'verifies': 0}
WARNING:megatron.core.transformer.moe.token_dispatcher:BT_MOE_DISPATCH_REPLAY_CACHE window 4 (300 replay lookups): {'stores': 1200, 'hits': 1200, 'misses': 0, 'shape_mismatches': 0, 'verifies': 0}
WARNING:megatron.core.transformer.moe.token_dispatcher:BT_MOE_DISPATCH_REPLAY_CACHE window 4 (300 replay lookups): {'stores': 1200, 'hits': 1200, 'misses': 0, 'shape_mismatches': 0, 'verifies': 0}
WARNING:megatron.core.transformer.moe.token_dispatcher:BT_MOE_DISPATCH_REPLAY_CACHE window 4 (300 replay lookups): {'stores': 1200, 'hits': 1200, 'misses': 0, 'shape_mismatches': 0, 'verifies': 0}
WARNING:megatron.core.transformer.moe.token_dispatcher:BT_MOE_DISPATCH_REPLAY_CACHE window 4 (300 replay lookups): {'stores': 1200, 'hits': 1200, 'misses': 0, 'shape_mismatches': 0, 'verifies': 0}
WARNING:megatron.core.transformer.moe.token_dispatcher:BT_MOE_DISPATCH_REPLAY_CACHE window 4 (300 replay lookups): {'stores': 1200, 'hits': 1200, 'misses': 0, 'shape_mismatches': 0, 'verifies': 0}
WARNING:megatron.core.transformer.moe.token_dispatcher:BT_MOE_DISPATCH_REPLAY_CACHE window 4 (300 replay lookups): {'stores': 1200, 'hits': 1200, 'misses': 0, 'shape_mismatches': 0, 'verifies': 0}
WARNING:megatron.core.transformer.moe.token_dispatcher:BT_MOE_PROBS_A2A_COMM window 8 (300 gated dispatches): {'token_issues': 2400, 'probs_issues': 2400, 'waits': 4800}
WARNING:megatron.core.transformer.moe.token_dispatcher:BT_MOE_PROBS_A2A_COMM window 8 (300 gated dispatches): {'token_issues': 2400, 'probs_issues': 2400, 'waits': 4800}
WARNING:megatron.core.transformer.moe.token_dispatcher:BT_MOE_PROBS_A2A_COMM window 8 (300 gated dispatches): {'token_issues': 2400, 'probs_issues': 2400, 'waits': 4800}
WARNING:megatron.core.transformer.moe.token_dispatcher:BT_MOE_PROBS_A2A_COMM window 8 (300 gated dispatches): {'token_issues': 2400, 'probs_issues': 2400, 'waits': 4800}
WARNING:megatron.core.transformer.moe.token_dispatcher:BT_MOE_PROBS_A2A_COMM window 8 (300 gated dispatches): {'token_issues': 2400, 'probs_issues': 2400, 'waits': 4800}
WARNING:megatron.core.transformer.moe.token_dispatcher:BT_MOE_PROBS_A2A_COMM window 8 (300 gated dispatches): {'token_issues': 2400, 'probs_issues': 2400, 'waits': 4800}
WARNING:megatron.core.transformer.moe.token_dispatcher:BT_MOE_PROBS_A2A_COMM window 8 (300 gated dispatches): {'token_issues': 2400, 'probs_issues': 2400, 'waits': 4800}
WARNING:megatron.core.transformer.moe.token_dispatcher:BT_MOE_PROBS_A2A_COMM window 8 (300 gated dispatches): {'token_issues': 2400, 'probs_issues': 2400, 'waits': 4800}
WARNING:megatron.core.transformer.moe.token_dispatcher:BT_MOE_PROBS_A2A_COMM window 8 (300 gated dispatches): {'token_issues': 2400, 'probs_issues': 2400, 'waits': 4800}
WARNING:megatron.core.transformer.moe.token_dispatcher:BT_MOE_PROBS_A2A_COMM window 8 (300 gated dispatches): {'token_issues': 2400, 'probs_issues': 2400, 'waits': 4800}
WARNING:megatron.core.transformer.moe.token_dispatcher:BT_MOE_PROBS_A2A_COMM window 8 (300 gated dispatches): {'token_issues': 2400, 'probs_issues': 2400, 'waits': 4800}
WARNING:megatron.core.transformer.moe.token_dispatcher:BT_MOE_PROBS_A2A_COMM window 8 (300 gated dispatches): {'token_issues': 2400, 'probs_issues': 2400, 'waits': 4800}
WARNING:megatron.core.transformer.moe.token_dispatcher:BT_MOE_PROBS_A2A_COMM window 8 (300 gated dispatches): {'token_issues': 2400, 'probs_issues': 2400, 'waits': 4800}
WARNING:megatron.core.transformer.moe.token_dispatcher:BT_MOE_PROBS_A2A_COMM window 8 (300 gated dispatches): {'token_issues': 2400, 'probs_issues': 2400, 'waits': 4800}
WARNING:megatron.core.transformer.moe.token_dispatcher:BT_MOE_PROBS_A2A_COMM window 8 (300 gated dispatches): {'token_issues': 2400, 'probs_issues': 2400, 'waits': 4800}
WARNING:megatron.core.transformer.moe.token_dispatcher:BT_MOE_PROBS_A2A_COMM window 8 (300 gated dispatches): {'token_issues': 2400, 'probs_issues': 2400, 'waits': 4800}
WARNING:megatron.core.transformer.experimental_attention_variant.dsa_cudnn_kernels:BT_DSA_BWD_ASYNC_NONEMPTY_V3 window 4 (312 probe reads): {'kicks': 1248, 'hits': 1248, 'misses': 0, 'probe_dropped': 0, 'fallbacks': 0, 'verifies': 1247}
WARNING:megatron.core.transformer.experimental_attention_variant.dsa_cudnn_kernels:BT_DSA_BWD_ASYNC_NONEMPTY_V3 window 4 (312 probe reads): {'kicks': 1248, 'hits': 1248, 'misses': 0, 'probe_dropped': 0, 'fallbacks': 0, 'verifies': 1247}
WARNING:megatron.core.transformer.experimental_attention_variant.dsa_cudnn_kernels:BT_DSA_BWD_ASYNC_NONEMPTY_V3 window 4 (312 probe reads): {'kicks': 1248, 'hits': 1248, 'misses': 0, 'probe_dropped': 0, 'fallbacks': 0, 'verifies': 1247}
WARNING:megatron.core.transformer.experimental_attention_variant.dsa_cudnn_kernels:BT_DSA_BWD_ASYNC_NONEMPTY_V3 window 4 (312 probe reads): {'kicks': 1248, 'hits': 1248, 'misses': 0, 'probe_dropped': 0, 'fallbacks': 0, 'verifies': 1247}
WARNING:megatron.core.transformer.experimental_attention_variant.dsa_cudnn_kernels:BT_DSA_BWD_ASYNC_NONEMPTY_V3 window 4 (312 probe reads): {'kicks': 1248, 'hits': 1248, 'misses': 0, 'probe_dropped': 0, 'fallbacks': 0, 'verifies': 1247}
WARNING:megatron.core.transformer.experimental_attention_variant.dsa_cudnn_kernels:BT_DSA_BWD_ASYNC_NONEMPTY_V3 window 4 (312 probe reads): {'kicks': 1248, 'hits': 1248, 'misses': 0, 'probe_dropped': 0, 'fallbacks': 0, 'verifies': 1247}
WARNING:megatron.core.transformer.experimental_attention_variant.dsa_cudnn_kernels:BT_DSA_BWD_ASYNC_NONEMPTY_V3 window 4 (312 probe reads): {'kicks': 1248, 'hits': 1248, 'misses': 0, 'probe_dropped': 0, 'fallbacks': 0, 'verifies': 1247}
WARNING:megatron.core.transformer.experimental_attention_variant.dsa_cudnn_kernels:BT_DSA_BWD_ASYNC_NONEMPTY_V3 window 4 (312 probe reads): {'kicks': 1248, 'hits': 1248, 'misses': 0, 'probe_dropped': 0, 'fallbacks': 0, 'verifies': 1247}
WARNING:megatron.core.transformer.experimental_attention_variant.dsa_cudnn_kernels:BT_DSA_BWD_ASYNC_NONEMPTY_V3 window 4 (312 probe reads): {'kicks': 1248, 'hits': 1248, 'misses': 0, 'probe_dropped': 0, 'fallbacks': 0, 'verifies': 1247}
WARNING:megatron.core.transformer.experimental_attention_variant.dsa_cudnn_kernels:BT_DSA_BWD_ASYNC_NONEMPTY_V3 window 4 (312 probe reads): {'kicks': 1248, 'hits': 1248, 'misses': 0, 'probe_dropped': 0, 'fallbacks': 0, 'verifies': 1247}
WARNING:megatron.core.transformer.experimental_attention_variant.dsa_cudnn_kernels:BT_DSA_BWD_ASYNC_NONEMPTY_V3 window 4 (312 probe reads): {'kicks': 1248, 'hits': 1248, 'misses': 0, 'probe_dropped': 0, 'fallbacks': 0, 'verifies': 1247}
WARNING:megatron.core.transformer.experimental_attention_variant.dsa_cudnn_kernels:BT_DSA_BWD_ASYNC_NONEMPTY_V3 window 4 (312 probe reads): {'kicks': 1248, 'hits': 1248, 'misses': 0, 'probe_dropped': 0, 'fallbacks': 0, 'verifies': 1247}
WARNING:megatron.core.transformer.experimental_attention_variant.dsa_cudnn_kernels:BT_DSA_BWD_ASYNC_NONEMPTY_V3 window 4 (312 probe reads): {'kicks': 1248, 'hits': 1248, 'misses': 0, 'probe_dropped': 0, 'fallbacks': 0, 'verifies': 1247}
WARNING:megatron.core.transformer.experimental_attention_variant.dsa_cudnn_kernels:BT_DSA_BWD_ASYNC_NONEMPTY_V3 window 4 (312 probe reads): {'kicks': 1248, 'hits': 1248, 'misses': 0, 'probe_dropped': 0, 'fallbacks': 0, 'verifies': 1247}
WARNING:megatron.core.transformer.experimental_attention_variant.dsa_cudnn_kernels:BT_DSA_BWD_ASYNC_NONEMPTY_V3 window 4 (312 probe reads): {'kicks': 1248, 'hits': 1248, 'misses': 0, 'probe_dropped': 0, 'fallbacks': 0, 'verifies': 1247}
WARNING:megatron.core.transformer.experimental_attention_variant.dsa_cudnn_kernels:BT_DSA_BWD_ASYNC_NONEMPTY_V3 window 4 (312 probe reads): {'kicks': 1248, 'hits': 1248, 'misses': 0, 'probe_dropped': 0, 'fallbacks': 0, 'verifies': 1247}
INFO:trainers_server.dp_worker.api.dispatcher_worker:dispatcher_worker: op=forward_backward operation_id=3825167b578d4cf38e122c3864172419 done in 47.24s {'loss': 12.29469619519192}
INFO:trainers_server.dp_worker.api.server:retrieve: operation_id=3825167b578d4cf38e122c3864172419 done after 17.26s
INFO:     127.0.0.1:45386 - "GET /operations/3825167b578d4cf38e122c3864172419 HTTP/1.1" 200 OK
INFO:trainers_server.dp_worker.api.server:submit: op=optim_step operation_id=792379f92fa54967b251d5c92b294c13 enqueued (qsize=1) 
INFO:     127.0.0.1:45386 - "POST /optim_step HTTP/1.1" 202 Accepted
INFO:trainers_server.dp_worker.api.dispatcher_worker:dispatcher_worker: op=optim_step operation_id=792379f92fa54967b251d5c92b294c13 done in 0.04s step=4.0 learning_rate=1e-05 lr=1e-05 grad_norm=0.6668713688850403 tps=11092.459911433185 train_mean_nll=12.29469619519192 num_tokens=524288.0 num_loss_tokens=524284.0 step_seconds=47.26525984192267
INFO:trainers_server.dp_worker.api.server:retrieve: operation_id=792379f92fa54967b251d5c92b294c13 done after 0.04s
INFO:     127.0.0.1:45386 - "GET /operations/792379f92fa54967b251d5c92b294c13 HTTP/1.1" 200 OK
INFO:trainers_server.dp_worker.api.server:submit: op=forward_backward operation_id=0d69f0ad77754bd0ba8aab866bc9b516 enqueued (qsize=1) n_datums=4 total_tokens=524288 seq_len[min/max]=131072/131072
INFO:     127.0.0.1:45386 - "POST /forward_backward HTTP/1.1" 202 Accepted
ERROR:opentelemetry.sdk.trace.export:Exception while exporting Span batch.
Traceback (most recent call last):
  File "/root/.cache/user_artifacts/trainers_main/server/.venv/lib/python3.12/site-packages/urllib3/connection.py", line 204, in _new_conn
    sock = connection.create_connection(
           ^^^^^^^^^^^^^^^^^^^^^^^^^^^^^
  File "/root/.cache/user_artifacts/trainers_main/server/.venv/lib/python3.12/site-packages/urllib3/util/connection.py", line 85, in create_connection
    raise err
  File "/root/.cache/user_artifacts/trainers_main/server/.venv/lib/python3.12/site-packages/urllib3/util/connection.py", line 73, in create_connection
    sock.connect(sa)
ConnectionRefusedError: [Errno 111] Connection refused

The above exception was the direct cause of the following exception:

Traceback (most recent call last):
  File "/root/.cache/user_artifacts/trainers_main/server/.venv/lib/python3.12/site-packages/urllib3/connectionpool.py", line 787, in urlopen
    response = self._make_request(
               ^^^^^^^^^^^^^^^^^^^
  File "/root/.cache/user_artifacts/trainers_main/server/.venv/lib/python3.12/site-packages/urllib3/connectionpool.py", line 493, in _make_request
    conn.request(
  File "/root/.cache/user_artifacts/trainers_main/server/.venv/lib/python3.12/site-packages/urllib3/connection.py", line 500, in request
    self.endheaders()
  File "/usr/lib/python3.12/http/client.py", line 1360, in endheaders
    self._send_output(message_body, encode_chunked=encode_chunked)
  File "/usr/lib/python3.12/http/client.py", line 1120, in _send_output
    self.send(msg)
  File "/usr/lib/python3.12/http/client.py", line 1064, in send
    self.connect()
  File "/root/.cache/user_artifacts/trainers_main/server/.venv/lib/python3.12/site-packages/urllib3/connection.py", line 331, in connect
    self.sock = self._new_conn()
                ^^^^^^^^^^^^^^^^
  File "/root/.cache/user_artifacts/trainers_main/server/.venv/lib/python3.12/site-packages/urllib3/connection.py", line 219, in _new_conn
    raise NewConnectionError(
urllib3.exceptions.NewConnectionError: HTTPConnection(host='localhost', port=4318): Failed to establish a new connection: [Errno 111] Connection refused

The above exception was the direct cause of the following exception:

Traceback (most recent call last):
  File "/root/.cache/user_artifacts/trainers_main/server/.venv/lib/python3.12/site-packages/requests/adapters.py", line 644, in send
    resp = conn.urlopen(
           ^^^^^^^^^^^^^
  File "/root/.cache/user_artifacts/trainers_main/server/.venv/lib/python3.12/site-packages/urllib3/connectionpool.py", line 841, in urlopen
    retries = retries.increment(
              ^^^^^^^^^^^^^^^^^^
  File "/root/.cache/user_artifacts/trainers_main/server/.venv/lib/python3.12/site-packages/urllib3/util/retry.py", line 535, in increment
    raise MaxRetryError(_pool, url, reason) from reason  # type: ignore[arg-type]
    ^^^^^^^^^^^^^^^^^^^^^^^^^^^^^^^^^^^^^^^^^^^^^^^^^^^
urllib3.exceptions.MaxRetryError: HTTPConnectionPool(host='localhost', port=4318): Max retries exceeded with url: /v1/traces (Caused by NewConnectionError("HTTPConnection(host='localhost', port=4318): Failed to establish a new connection: [Errno 111] Connection refused"))

During handling of the above exception, another exception occurred:

Traceback (most recent call last):
  File "/root/.cache/user_artifacts/trainers_main/server/.venv/lib/python3.12/site-packages/opentelemetry/sdk/trace/export/__init__.py", line 362, in _export_batch
    self.span_exporter.export(self.spans_list[:idx])  # type: ignore
    ^^^^^^^^^^^^^^^^^^^^^^^^^^^^^^^^^^^^^^^^^^^^^^^^
  File "/root/.cache/user_artifacts/trainers_main/server/.venv/lib/python3.12/site-packages/opentelemetry/exporter/otlp/proto/http/trace_exporter/__init__.py", line 139, in export
    resp = self._export(serialized_data)
           ^^^^^^^^^^^^^^^^^^^^^^^^^^^^^
  File "/root/.cache/user_artifacts/trainers_main/server/.venv/lib/python3.12/site-packages/opentelemetry/exporter/otlp/proto/http/trace_exporter/__init__.py", line 110, in _export
    return self._session.post(
           ^^^^^^^^^^^^^^^^^^^
  File "/root/.cache/user_artifacts/trainers_main/server/.venv/lib/python3.12/site-packages/requests/sessions.py", line 637, in post
    return self.request("POST", url, data=data, json=json, **kwargs)
           ^^^^^^^^^^^^^^^^^^^^^^^^^^^^^^^^^^^^^^^^^^^^^^^^^^^^^^^^^
  File "/root/.cache/user_artifacts/trainers_main/server/.venv/lib/python3.12/site-packages/requests/sessions.py", line 589, in request
    resp = self.send(prep, **send_kwargs)
           ^^^^^^^^^^^^^^^^^^^^^^^^^^^^^^
  File "/root/.cache/user_artifacts/trainers_main/server/.venv/lib/python3.12/site-packages/requests/sessions.py", line 703, in send
    r = adapter.send(request, **kwargs)
        ^^^^^^^^^^^^^^^^^^^^^^^^^^^^^^^
  File "/root/.cache/user_artifacts/trainers_main/server/.venv/lib/python3.12/site-packages/requests/adapters.py", line 677, in send
    raise ConnectionError(e, request=request)
requests.exceptions.ConnectionError: HTTPConnectionPool(host='localhost', port=4318): Max retries exceeded with url: /v1/traces (Caused by NewConnectionError("HTTPConnection(host='localhost', port=4318): Failed to establish a new connection: [Errno 111] Connection refused"))
WARNING:megatron.core.transformer.moe.router:BT_MOE_ROUTING_REPLAY_FORCE window 4 (312 replay passes): {'stashes': 1275, 'forces': 1247, 'misses': 0, 'shape_mismatches': 0, 'verify_asserts': 0}; in-flight stash 58.7 MB (peak 157.3 MB)
WARNING:megatron.core.transformer.moe.router:BT_MOE_ROUTING_REPLAY_FORCE window 4 (312 replay passes): {'stashes': 1275, 'forces': 1247, 'misses': 0, 'shape_mismatches': 0, 'verify_asserts': 0}; in-flight stash 58.7 MB (peak 157.3 MB)
WARNING:megatron.core.transformer.moe.router:BT_MOE_ROUTING_REPLAY_FORCE window 4 (312 replay passes): {'stashes': 1275, 'forces': 1247, 'misses': 0, 'shape_mismatches': 0, 'verify_asserts': 0}; in-flight stash 58.7 MB (peak 157.3 MB)
WARNING:megatron.core.transformer.moe.router:BT_MOE_ROUTING_REPLAY_FORCE window 4 (312 replay passes): {'stashes': 1275, 'forces': 1247, 'misses': 0, 'shape_mismatches': 0, 'verify_asserts': 0}; in-flight stash 58.7 MB (peak 157.3 MB)
WARNING:megatron.core.transformer.moe.router:BT_MOE_ROUTING_REPLAY_FORCE window 4 (312 replay passes): {'stashes': 1275, 'forces': 1247, 'misses': 0, 'shape_mismatches': 0, 'verify_asserts': 0}; in-flight stash 58.7 MB (peak 157.3 MB)
WARNING:megatron.core.transformer.moe.router:BT_MOE_ROUTING_REPLAY_FORCE window 4 (312 replay passes): {'stashes': 1275, 'forces': 1247, 'misses': 0, 'shape_mismatches': 0, 'verify_asserts': 0}; in-flight stash 58.7 MB (peak 157.3 MB)
WARNING:megatron.core.transformer.moe.router:BT_MOE_ROUTING_REPLAY_FORCE window 4 (312 replay passes): {'stashes': 1275, 'forces': 1247, 'misses': 0, 'shape_mismatches': 0, 'verify_asserts': 0}; in-flight stash 58.7 MB (peak 157.3 MB)
WARNING:megatron.core.transformer.moe.router:BT_MOE_ROUTING_REPLAY_FORCE window 4 (312 replay passes): {'stashes': 1275, 'forces': 1247, 'misses': 0, 'shape_mismatches': 0, 'verify_asserts': 0}; in-flight stash 58.7 MB (peak 157.3 MB)
WARNING:megatron.core.transformer.moe.router:BT_MOE_ROUTING_REPLAY_FORCE window 4 (312 replay passes): {'stashes': 1275, 'forces': 1247, 'misses': 0, 'shape_mismatches': 0, 'verify_asserts': 0}; in-flight stash 58.7 MB (peak 157.3 MB)
WARNING:megatron.core.transformer.moe.router:BT_MOE_ROUTING_REPLAY_FORCE window 4 (312 replay passes): {'stashes': 1275, 'forces': 1247, 'misses': 0, 'shape_mismatches': 0, 'verify_asserts': 0}; in-flight stash 58.7 MB (peak 157.3 MB)
WARNING:megatron.core.transformer.moe.router:BT_MOE_ROUTING_REPLAY_FORCE window 4 (312 replay passes): {'stashes': 1275, 'forces': 1247, 'misses': 0, 'shape_mismatches': 0, 'verify_asserts': 0}; in-flight stash 58.7 MB (peak 157.3 MB)
WARNING:megatron.core.transformer.moe.router:BT_MOE_ROUTING_REPLAY_FORCE window 4 (312 replay passes): {'stashes': 1275, 'forces': 1247, 'misses': 0, 'shape_mismatches': 0, 'verify_asserts': 0}; in-flight stash 58.7 MB (peak 157.3 MB)
WARNING:megatron.core.transformer.moe.router:BT_MOE_ROUTING_REPLAY_FORCE window 4 (312 replay passes): {'stashes': 1275, 'forces': 1247, 'misses': 0, 'shape_mismatches': 0, 'verify_asserts': 0}; in-flight stash 58.7 MB (peak 157.3 MB)
WARNING:megatron.core.transformer.moe.router:BT_MOE_ROUTING_REPLAY_FORCE window 4 (312 replay passes): {'stashes': 1275, 'forces': 1247, 'misses': 0, 'shape_mismatches': 0, 'verify_asserts': 0}; in-flight stash 58.7 MB (peak 157.3 MB)
WARNING:megatron.core.transformer.moe.router:BT_MOE_ROUTING_REPLAY_FORCE window 4 (312 replay passes): {'stashes': 1275, 'forces': 1247, 'misses': 0, 'shape_mismatches': 0, 'verify_asserts': 0}; in-flight stash 58.7 MB (peak 157.3 MB)
WARNING:megatron.core.transformer.moe.router:BT_MOE_ROUTING_REPLAY_FORCE window 4 (312 replay passes): {'stashes': 1275, 'forces': 1247, 'misses': 0, 'shape_mismatches': 0, 'verify_asserts': 0}; in-flight stash 58.7 MB (peak 157.3 MB)
WARNING:megatron.core.transformer.moe.token_dispatcher:BT_MOE_PROBS_A2A_COMM window 9 (300 gated dispatches): {'token_issues': 2700, 'probs_issues': 2700, 'waits': 5400}
WARNING:megatron.core.transformer.moe.token_dispatcher:BT_MOE_PROBS_A2A_COMM window 9 (300 gated dispatches): {'token_issues': 2700, 'probs_issues': 2700, 'waits': 5400}
WARNING:megatron.core.transformer.moe.token_dispatcher:BT_MOE_PROBS_A2A_COMM window 9 (300 gated dispatches): {'token_issues': 2700, 'probs_issues': 2700, 'waits': 5400}
WARNING:megatron.core.transformer.moe.token_dispatcher:BT_MOE_PROBS_A2A_COMM window 9 (300 gated dispatches): {'token_issues': 2700, 'probs_issues': 2700, 'waits': 5400}
WARNING:megatron.core.transformer.moe.token_dispatcher:BT_MOE_PROBS_A2A_COMM window 9 (300 gated dispatches): {'token_issues': 2700, 'probs_issues': 2700, 'waits': 5400}
WARNING:megatron.core.transformer.moe.token_dispatcher:BT_MOE_PROBS_A2A_COMM window 9 (300 gated dispatches): {'token_issues': 2700, 'probs_issues': 2700, 'waits': 5400}
WARNING:megatron.core.transformer.moe.token_dispatcher:BT_MOE_PROBS_A2A_COMM window 9 (300 gated dispatches): {'token_issues': 2700, 'probs_issues': 2700, 'waits': 5400}
WARNING:megatron.core.transformer.moe.token_dispatcher:BT_MOE_PROBS_A2A_COMM window 9 (300 gated dispatches): {'token_issues': 2700, 'probs_issues': 2700, 'waits': 5400}
WARNING:megatron.core.transformer.moe.token_dispatcher:BT_MOE_PROBS_A2A_COMM window 9 (300 gated dispatches): {'token_issues': 2700, 'probs_issues': 2700, 'waits': 5400}
WARNING:megatron.core.transformer.moe.token_dispatcher:BT_MOE_PROBS_A2A_COMM window 9 (300 gated dispatches): {'token_issues': 2700, 'probs_issues': 2700, 'waits': 5400}
WARNING:megatron.core.transformer.moe.token_dispatcher:BT_MOE_PROBS_A2A_COMM window 9 (300 gated dispatches): {'token_issues': 2700, 'probs_issues': 2700, 'waits': 5400}
WARNING:megatron.core.transformer.moe.token_dispatcher:BT_MOE_PROBS_A2A_COMM window 9 (300 gated dispatches): {'token_issues': 2700, 'probs_issues': 2700, 'waits': 5400}
WARNING:megatron.core.transformer.moe.token_dispatcher:BT_MOE_PROBS_A2A_COMM window 9 (300 gated dispatches): {'token_issues': 2700, 'probs_issues': 2700, 'waits': 5400}
WARNING:megatron.core.transformer.moe.token_dispatcher:BT_MOE_PROBS_A2A_COMM window 9 (300 gated dispatches): {'token_issues': 2700, 'probs_issues': 2700, 'waits': 5400}
WARNING:megatron.core.transformer.moe.token_dispatcher:BT_MOE_PROBS_A2A_COMM window 9 (300 gated dispatches): {'token_issues': 2700, 'probs_issues': 2700, 'waits': 5400}
WARNING:megatron.core.transformer.moe.token_dispatcher:BT_MOE_PROBS_A2A_COMM window 9 (300 gated dispatches): {'token_issues': 2700, 'probs_issues': 2700, 'waits': 5400}
WARNING:megatron.core.transformer.moe.token_dispatcher:BT_MOE_DISPATCH_REPLAY_CACHE window 5 (300 replay lookups): {'stores': 1500, 'hits': 1500, 'misses': 0, 'shape_mismatches': 0, 'verifies': 0}
WARNING:megatron.core.transformer.moe.token_dispatcher:BT_MOE_DISPATCH_REPLAY_CACHE window 5 (300 replay lookups): {'stores': 1500, 'hits': 1500, 'misses': 0, 'shape_mismatches': 0, 'verifies': 0}
WARNING:megatron.core.transformer.moe.token_dispatcher:BT_MOE_DISPATCH_REPLAY_CACHE window 5 (300 replay lookups): {'stores': 1500, 'hits': 1500, 'misses': 0, 'shape_mismatches': 0, 'verifies': 0}
WARNING:megatron.core.transformer.moe.token_dispatcher:BT_MOE_DISPATCH_REPLAY_CACHE window 5 (300 replay lookups): {'stores': 1500, 'hits': 1500, 'misses': 0, 'shape_mismatches': 0, 'verifies': 0}
WARNING:megatron.core.transformer.moe.token_dispatcher:BT_MOE_DISPATCH_REPLAY_CACHE window 5 (300 replay lookups): {'stores': 1500, 'hits': 1500, 'misses': 0, 'shape_mismatches': 0, 'verifies': 0}
WARNING:megatron.core.transformer.moe.token_dispatcher:BT_MOE_DISPATCH_REPLAY_CACHE window 5 (300 replay lookups): {'stores': 1500, 'hits': 1500, 'misses': 0, 'shape_mismatches': 0, 'verifies': 0}
WARNING:megatron.core.transformer.moe.token_dispatcher:BT_MOE_DISPATCH_REPLAY_CACHE window 5 (300 replay lookups): {'stores': 1500, 'hits': 1500, 'misses': 0, 'shape_mismatches': 0, 'verifies': 0}
WARNING:megatron.core.transformer.moe.token_dispatcher:BT_MOE_DISPATCH_REPLAY_CACHE window 5 (300 replay lookups): {'stores': 1500, 'hits': 1500, 'misses': 0, 'shape_mismatches': 0, 'verifies': 0}
WARNING:megatron.core.transformer.moe.token_dispatcher:BT_MOE_DISPATCH_REPLAY_CACHE window 5 (300 replay lookups): {'stores': 1500, 'hits': 1500, 'misses': 0, 'shape_mismatches': 0, 'verifies': 0}
WARNING:megatron.core.transformer.moe.token_dispatcher:BT_MOE_DISPATCH_REPLAY_CACHE window 5 (300 replay lookups): {'stores': 1500, 'hits': 1500, 'misses': 0, 'shape_mismatches': 0, 'verifies': 0}
WARNING:megatron.core.transformer.moe.token_dispatcher:BT_MOE_DISPATCH_REPLAY_CACHE window 5 (300 replay lookups): {'stores': 1500, 'hits': 1500, 'misses': 0, 'shape_mismatches': 0, 'verifies': 0}
WARNING:megatron.core.transformer.moe.token_dispatcher:BT_MOE_DISPATCH_REPLAY_CACHE window 5 (300 replay lookups): {'stores': 1500, 'hits': 1500, 'misses': 0, 'shape_mismatches': 0, 'verifies': 0}
WARNING:megatron.core.transformer.moe.token_dispatcher:BT_MOE_DISPATCH_REPLAY_CACHE window 5 (300 replay lookups): {'stores': 1500, 'hits': 1500, 'misses': 0, 'shape_mismatches': 0, 'verifies': 0}
WARNING:megatron.core.transformer.moe.token_dispatcher:BT_MOE_DISPATCH_REPLAY_CACHE window 5 (300 replay lookups): {'stores': 1500, 'hits': 1500, 'misses': 0, 'shape_mismatches': 0, 'verifies': 0}
WARNING:megatron.core.transformer.moe.token_dispatcher:BT_MOE_DISPATCH_REPLAY_CACHE window 5 (300 replay lookups): {'stores': 1500, 'hits': 1500, 'misses': 0, 'shape_mismatches': 0, 'verifies': 0}
WARNING:megatron.core.transformer.moe.token_dispatcher:BT_MOE_DISPATCH_REPLAY_CACHE window 5 (300 replay lookups): {'stores': 1500, 'hits': 1500, 'misses': 0, 'shape_mismatches': 0, 'verifies': 0}
WARNING:megatron.core.transformer.moe.token_dispatcher:BT_MOE_PROBS_A2A_COMM window 10 (300 gated dispatches): {'token_issues': 3000, 'probs_issues': 3000, 'waits': 6000}
WARNING:megatron.core.transformer.moe.token_dispatcher:BT_MOE_PROBS_A2A_COMM window 10 (300 gated dispatches): {'token_issues': 3000, 'probs_issues': 3000, 'waits': 6000}
WARNING:megatron.core.transformer.moe.token_dispatcher:BT_MOE_PROBS_A2A_COMM window 10 (300 gated dispatches): {'token_issues': 3000, 'probs_issues': 3000, 'waits': 6000}
WARNING:megatron.core.transformer.moe.token_dispatcher:BT_MOE_PROBS_A2A_COMM window 10 (300 gated dispatches): {'token_issues': 3000, 'probs_issues': 3000, 'waits': 6000}
WARNING:megatron.core.transformer.moe.token_dispatcher:BT_MOE_PROBS_A2A_COMM window 10 (300 gated dispatches): {'token_issues': 3000, 'probs_issues': 3000, 'waits': 6000}
WARNING:megatron.core.transformer.moe.token_dispatcher:BT_MOE_PROBS_A2A_COMM window 10 (300 gated dispatches): {'token_issues': 3000, 'probs_issues': 3000, 'waits': 6000}
WARNING:megatron.core.transformer.moe.token_dispatcher:BT_MOE_PROBS_A2A_COMM window 10 (300 gated dispatches): {'token_issues': 3000, 'probs_issues': 3000, 'waits': 6000}
WARNING:megatron.core.transformer.moe.token_dispatcher:BT_MOE_PROBS_A2A_COMM window 10 (300 gated dispatches): {'token_issues': 3000, 'probs_issues': 3000, 'waits': 6000}
WARNING:megatron.core.transformer.moe.token_dispatcher:BT_MOE_PROBS_A2A_COMM window 10 (300 gated dispatches): {'token_issues': 3000, 'probs_issues': 3000, 'waits': 6000}
WARNING:megatron.core.transformer.moe.token_dispatcher:BT_MOE_PROBS_A2A_COMM window 10 (300 gated dispatches): {'token_issues': 3000, 'probs_issues': 3000, 'waits': 6000}
WARNING:megatron.core.transformer.moe.token_dispatcher:BT_MOE_PROBS_A2A_COMM window 10 (300 gated dispatches): {'token_issues': 3000, 'probs_issues': 3000, 'waits': 6000}
WARNING:megatron.core.transformer.moe.token_dispatcher:BT_MOE_PROBS_A2A_COMM window 10 (300 gated dispatches): {'token_issues': 3000, 'probs_issues': 3000, 'waits': 6000}
WARNING:megatron.core.transformer.moe.token_dispatcher:BT_MOE_PROBS_A2A_COMM window 10 (300 gated dispatches): {'token_issues': 3000, 'probs_issues': 3000, 'waits': 6000}
WARNING:megatron.core.transformer.moe.token_dispatcher:BT_MOE_PROBS_A2A_COMM window 10 (300 gated dispatches): {'token_issues': 3000, 'probs_issues': 3000, 'waits': 6000}
WARNING:megatron.core.transformer.moe.token_dispatcher:BT_MOE_PROBS_A2A_COMM window 10 (300 gated dispatches): {'token_issues': 3000, 'probs_issues': 3000, 'waits': 6000}
WARNING:megatron.core.transformer.moe.token_dispatcher:BT_MOE_PROBS_A2A_COMM window 10 (300 gated dispatches): {'token_issues': 3000, 'probs_issues': 3000, 'waits': 6000}
WARNING:megatron.core.transformer.experimental_attention_variant.dsa_cudnn_kernels:BT_DSA_BWD_ASYNC_NONEMPTY_V3 window 5 (312 probe reads): {'kicks': 1560, 'hits': 1560, 'misses': 0, 'probe_dropped': 0, 'fallbacks': 0, 'verifies': 1559}
WARNING:megatron.core.transformer.experimental_attention_variant.dsa_cudnn_kernels:BT_DSA_BWD_ASYNC_NONEMPTY_V3 window 5 (312 probe reads): {'kicks': 1560, 'hits': 1560, 'misses': 0, 'probe_dropped': 0, 'fallbacks': 0, 'verifies': 1559}
WARNING:megatron.core.transformer.experimental_attention_variant.dsa_cudnn_kernels:BT_DSA_BWD_ASYNC_NONEMPTY_V3 window 5 (312 probe reads): {'kicks': 1560, 'hits': 1560, 'misses': 0, 'probe_dropped': 0, 'fallbacks': 0, 'verifies': 1559}
WARNING:megatron.core.transformer.experimental_attention_variant.dsa_cudnn_kernels:BT_DSA_BWD_ASYNC_NONEMPTY_V3 window 5 (312 probe reads): {'kicks': 1560, 'hits': 1560, 'misses': 0, 'probe_dropped': 0, 'fallbacks': 0, 'verifies': 1559}
WARNING:megatron.core.transformer.experimental_attention_variant.dsa_cudnn_kernels:BT_DSA_BWD_ASYNC_NONEMPTY_V3 window 5 (312 probe reads): {'kicks': 1560, 'hits': 1560, 'misses': 0, 'probe_dropped': 0, 'fallbacks': 0, 'verifies': 1559}
WARNING:megatron.core.transformer.experimental_attention_variant.dsa_cudnn_kernels:BT_DSA_BWD_ASYNC_NONEMPTY_V3 window 5 (312 probe reads): {'kicks': 1560, 'hits': 1560, 'misses': 0, 'probe_dropped': 0, 'fallbacks': 0, 'verifies': 1559}
WARNING:megatron.core.transformer.experimental_attention_variant.dsa_cudnn_kernels:BT_DSA_BWD_ASYNC_NONEMPTY_V3 window 5 (312 probe reads): {'kicks': 1560, 'hits': 1560, 'misses': 0, 'probe_dropped': 0, 'fallbacks': 0, 'verifies': 1559}
WARNING:megatron.core.transformer.experimental_attention_variant.dsa_cudnn_kernels:BT_DSA_BWD_ASYNC_NONEMPTY_V3 window 5 (312 probe reads): {'kicks': 1560, 'hits': 1560, 'misses': 0, 'probe_dropped': 0, 'fallbacks': 0, 'verifies': 1559}
WARNING:megatron.core.transformer.experimental_attention_variant.dsa_cudnn_kernels:BT_DSA_BWD_ASYNC_NONEMPTY_V3 window 5 (312 probe reads): {'kicks': 1560, 'hits': 1560, 'misses': 0, 'probe_dropped': 0, 'fallbacks': 0, 'verifies': 1559}
WARNING:megatron.core.transformer.experimental_attention_variant.dsa_cudnn_kernels:BT_DSA_BWD_ASYNC_NONEMPTY_V3 window 5 (312 probe reads): {'kicks': 1560, 'hits': 1560, 'misses': 0, 'probe_dropped': 0, 'fallbacks': 0, 'verifies': 1559}
WARNING:megatron.core.transformer.experimental_attention_variant.dsa_cudnn_kernels:BT_DSA_BWD_ASYNC_NONEMPTY_V3 window 5 (312 probe reads): {'kicks': 1560, 'hits': 1560, 'misses': 0, 'probe_dropped': 0, 'fallbacks': 0, 'verifies': 1559}
WARNING:megatron.core.transformer.experimental_attention_variant.dsa_cudnn_kernels:BT_DSA_BWD_ASYNC_NONEMPTY_V3 window 5 (312 probe reads): {'kicks': 1560, 'hits': 1560, 'misses': 0, 'probe_dropped': 0, 'fallbacks': 0, 'verifies': 1559}
WARNING:megatron.core.transformer.experimental_attention_variant.dsa_cudnn_kernels:BT_DSA_BWD_ASYNC_NONEMPTY_V3 window 5 (312 probe reads): {'kicks': 1560, 'hits': 1560, 'misses': 0, 'probe_dropped': 0, 'fallbacks': 0, 'verifies': 1559}
WARNING:megatron.core.transformer.experimental_attention_variant.dsa_cudnn_kernels:BT_DSA_BWD_ASYNC_NONEMPTY_V3 window 5 (312 probe reads): {'kicks': 1560, 'hits': 1560, 'misses': 0, 'probe_dropped': 0, 'fallbacks': 0, 'verifies': 1559}
WARNING:megatron.core.transformer.experimental_attention_variant.dsa_cudnn_kernels:BT_DSA_BWD_ASYNC_NONEMPTY_V3 window 5 (312 probe reads): {'kicks': 1560, 'hits': 1560, 'misses': 0, 'probe_dropped': 0, 'fallbacks': 0, 'verifies': 1559}
WARNING:megatron.core.transformer.experimental_attention_variant.dsa_cudnn_kernels:BT_DSA_BWD_ASYNC_NONEMPTY_V3 window 5 (312 probe reads): {'kicks': 1560, 'hits': 1560, 'misses': 0, 'probe_dropped': 0, 'fallbacks': 0, 'verifies': 1559}
INFO:trainers_server.dp_worker.api.dispatcher_worker:dispatcher_worker: op=forward_backward operation_id=0d69f0ad77754bd0ba8aab866bc9b516 done in 46.03s {'loss': 12.28683690518879}
INFO:trainers_server.dp_worker.api.server:retrieve: operation_id=0d69f0ad77754bd0ba8aab866bc9b516 done after 16.06s
INFO:     127.0.0.1:45386 - "GET /operations/0d69f0ad77754bd0ba8aab866bc9b516 HTTP/1.1" 200 OK
INFO:trainers_server.dp_worker.api.server:submit: op=optim_step operation_id=214f535621c346dda5121ec39c9aa11c enqueued (qsize=1) 
INFO:     127.0.0.1:45386 - "POST /optim_step HTTP/1.1" 202 Accepted
INFO:trainers_server.dp_worker.api.dispatcher_worker:dispatcher_worker: op=optim_step operation_id=214f535621c346dda5121ec39c9aa11c done in 0.04s step=5.0 learning_rate=1e-05 lr=1e-05 grad_norm=0.6227045059204102 tps=11383.078000026768 train_mean_nll=12.28683690518879 num_tokens=524288.0 num_loss_tokens=524284.0 step_seconds=46.05854409490712
INFO:trainers_server.dp_worker.api.server:retrieve: operation_id=214f535621c346dda5121ec39c9aa11c done after 0.04s
INFO:     127.0.0.1:45386 - "GET /operations/214f535621c346dda5121ec39c9aa11c HTTP/1.1" 200 OK
INFO:trainers_server.dp_worker.api.server:submit: op=forward_backward operation_id=eeac31d7914e42d68c6707e660bdaa48 enqueued (qsize=1) n_datums=4 total_tokens=524288 seq_len[min/max]=131072/131072
INFO:     127.0.0.1:45386 - "POST /forward_backward HTTP/1.1" 202 Accepted
ERROR:opentelemetry.sdk.trace.export:Exception while exporting Span batch.
Traceback (most recent call last):
  File "/root/.cache/user_artifacts/trainers_main/server/.venv/lib/python3.12/site-packages/urllib3/connection.py", line 204, in _new_conn
    sock = connection.create_connection(
           ^^^^^^^^^^^^^^^^^^^^^^^^^^^^^
  File "/root/.cache/user_artifacts/trainers_main/server/.venv/lib/python3.12/site-packages/urllib3/util/connection.py", line 85, in create_connection
    raise err
  File "/root/.cache/user_artifacts/trainers_main/server/.venv/lib/python3.12/site-packages/urllib3/util/connection.py", line 73, in create_connection
    sock.connect(sa)
ConnectionRefusedError: [Errno 111] Connection refused

The above exception was the direct cause of the following exception:

Traceback (most recent call last):
  File "/root/.cache/user_artifacts/trainers_main/server/.venv/lib/python3.12/site-packages/urllib3/connectionpool.py", line 787, in urlopen
    response = self._make_request(
               ^^^^^^^^^^^^^^^^^^^
  File "/root/.cache/user_artifacts/trainers_main/server/.venv/lib/python3.12/site-packages/urllib3/connectionpool.py", line 493, in _make_request
    conn.request(
  File "/root/.cache/user_artifacts/trainers_main/server/.venv/lib/python3.12/site-packages/urllib3/connection.py", line 500, in request
    self.endheaders()
  File "/usr/lib/python3.12/http/client.py", line 1360, in endheaders
    self._send_output(message_body, encode_chunked=encode_chunked)
  File "/usr/lib/python3.12/http/client.py", line 1120, in _send_output
    self.send(msg)
  File "/usr/lib/python3.12/http/client.py", line 1064, in send
    self.connect()
  File "/root/.cache/user_artifacts/trainers_main/server/.venv/lib/python3.12/site-packages/urllib3/connection.py", line 331, in connect
    self.sock = self._new_conn()
                ^^^^^^^^^^^^^^^^
  File "/root/.cache/user_artifacts/trainers_main/server/.venv/lib/python3.12/site-packages/urllib3/connection.py", line 219, in _new_conn
    raise NewConnectionError(
urllib3.exceptions.NewConnectionError: HTTPConnection(host='localhost', port=4318): Failed to establish a new connection: [Errno 111] Connection refused

The above exception was the direct cause of the following exception:

Traceback (most recent call last):
  File "/root/.cache/user_artifacts/trainers_main/server/.venv/lib/python3.12/site-packages/requests/adapters.py", line 644, in send
    resp = conn.urlopen(
           ^^^^^^^^^^^^^
  File "/root/.cache/user_artifacts/trainers_main/server/.venv/lib/python3.12/site-packages/urllib3/connectionpool.py", line 841, in urlopen
    retries = retries.increment(
              ^^^^^^^^^^^^^^^^^^
  File "/root/.cache/user_artifacts/trainers_main/server/.venv/lib/python3.12/site-packages/urllib3/util/retry.py", line 535, in increment
    raise MaxRetryError(_pool, url, reason) from reason  # type: ignore[arg-type]
    ^^^^^^^^^^^^^^^^^^^^^^^^^^^^^^^^^^^^^^^^^^^^^^^^^^^
urllib3.exceptions.MaxRetryError: HTTPConnectionPool(host='localhost', port=4318): Max retries exceeded with url: /v1/traces (Caused by NewConnectionError("HTTPConnection(host='localhost', port=4318): Failed to establish a new connection: [Errno 111] Connection refused"))

During handling of the above exception, another exception occurred:

Traceback (most recent call last):
  File "/root/.cache/user_artifacts/trainers_main/server/.venv/lib/python3.12/site-packages/opentelemetry/sdk/trace/export/__init__.py", line 362, in _export_batch
    self.span_exporter.export(self.spans_list[:idx])  # type: ignore
    ^^^^^^^^^^^^^^^^^^^^^^^^^^^^^^^^^^^^^^^^^^^^^^^^
  File "/root/.cache/user_artifacts/trainers_main/server/.venv/lib/python3.12/site-packages/opentelemetry/exporter/otlp/proto/http/trace_exporter/__init__.py", line 139, in export
    resp = self._export(serialized_data)
           ^^^^^^^^^^^^^^^^^^^^^^^^^^^^^
  File "/root/.cache/user_artifacts/trainers_main/server/.venv/lib/python3.12/site-packages/opentelemetry/exporter/otlp/proto/http/trace_exporter/__init__.py", line 110, in _export
    return self._session.post(
           ^^^^^^^^^^^^^^^^^^^
  File "/root/.cache/user_artifacts/trainers_main/server/.venv/lib/python3.12/site-packages/requests/sessions.py", line 637, in post
    return self.request("POST", url, data=data, json=json, **kwargs)
           ^^^^^^^^^^^^^^^^^^^^^^^^^^^^^^^^^^^^^^^^^^^^^^^^^^^^^^^^^
  File "/root/.cache/user_artifacts/trainers_main/server/.venv/lib/python3.12/site-packages/requests/sessions.py", line 589, in request
    resp = self.send(prep, **send_kwargs)
           ^^^^^^^^^^^^^^^^^^^^^^^^^^^^^^
  File "/root/.cache/user_artifacts/trainers_main/server/.venv/lib/python3.12/site-packages/requests/sessions.py", line 703, in send
    r = adapter.send(request, **kwargs)
        ^^^^^^^^^^^^^^^^^^^^^^^^^^^^^^^
  File "/root/.cache/user_artifacts/trainers_main/server/.venv/lib/python3.12/site-packages/requests/adapters.py", line 677, in send
    raise ConnectionError(e, request=request)
requests.exceptions.ConnectionError: HTTPConnectionPool(host='localhost', port=4318): Max retries exceeded with url: /v1/traces (Caused by NewConnectionError("HTTPConnection(host='localhost', port=4318): Failed to establish a new connection: [Errno 111] Connection refused"))
WARNING:megatron.core.transformer.moe.router:BT_MOE_ROUTING_REPLAY_FORCE window 5 (312 replay passes): {'stashes': 1575, 'forces': 1559, 'misses': 0, 'shape_mismatches': 0, 'verify_asserts': 0}; in-flight stash 33.6 MB (peak 157.3 MB)
WARNING:megatron.core.transformer.moe.router:BT_MOE_ROUTING_REPLAY_FORCE window 5 (312 replay passes): {'stashes': 1575, 'forces': 1559, 'misses': 0, 'shape_mismatches': 0, 'verify_asserts': 0}; in-flight stash 33.6 MB (peak 157.3 MB)
WARNING:megatron.core.transformer.moe.router:BT_MOE_ROUTING_REPLAY_FORCE window 5 (312 replay passes): {'stashes': 1575, 'forces': 1559, 'misses': 0, 'shape_mismatches': 0, 'verify_asserts': 0}; in-flight stash 33.6 MB (peak 157.3 MB)
WARNING:megatron.core.transformer.moe.router:BT_MOE_ROUTING_REPLAY_FORCE window 5 (312 replay passes): {'stashes': 1575, 'forces': 1559, 'misses': 0, 'shape_mismatches': 0, 'verify_asserts': 0}; in-flight stash 33.6 MB (peak 157.3 MB)
WARNING:megatron.core.transformer.moe.router:BT_MOE_ROUTING_REPLAY_FORCE window 5 (312 replay passes): {'stashes': 1575, 'forces': 1559, 'misses': 0, 'shape_mismatches': 0, 'verify_asserts': 0}; in-flight stash 33.6 MB (peak 157.3 MB)
WARNING:megatron.core.transformer.moe.router:BT_MOE_ROUTING_REPLAY_FORCE window 5 (312 replay passes): {'stashes': 1575, 'forces': 1559, 'misses': 0, 'shape_mismatches': 0, 'verify_asserts': 0}; in-flight stash 33.6 MB (peak 157.3 MB)
WARNING:megatron.core.transformer.moe.router:BT_MOE_ROUTING_REPLAY_FORCE window 5 (312 replay passes): {'stashes': 1575, 'forces': 1559, 'misses': 0, 'shape_mismatches': 0, 'verify_asserts': 0}; in-flight stash 33.6 MB (peak 157.3 MB)
WARNING:megatron.core.transformer.moe.router:BT_MOE_ROUTING_REPLAY_FORCE window 5 (312 replay passes): {'stashes': 1575, 'forces': 1559, 'misses': 0, 'shape_mismatches': 0, 'verify_asserts': 0}; in-flight stash 33.6 MB (peak 157.3 MB)
WARNING:megatron.core.transformer.moe.router:BT_MOE_ROUTING_REPLAY_FORCE window 5 (312 replay passes): {'stashes': 1575, 'forces': 1559, 'misses': 0, 'shape_mismatches': 0, 'verify_asserts': 0}; in-flight stash 33.6 MB (peak 157.3 MB)
WARNING:megatron.core.transformer.moe.router:BT_MOE_ROUTING_REPLAY_FORCE window 5 (312 replay passes): {'stashes': 1575, 'forces': 1559, 'misses': 0, 'shape_mismatches': 0, 'verify_asserts': 0}; in-flight stash 33.6 MB (peak 157.3 MB)
WARNING:megatron.core.transformer.moe.router:BT_MOE_ROUTING_REPLAY_FORCE window 5 (312 replay passes): {'stashes': 1575, 'forces': 1559, 'misses': 0, 'shape_mismatches': 0, 'verify_asserts': 0}; in-flight stash 33.6 MB (peak 157.3 MB)
WARNING:megatron.core.transformer.moe.router:BT_MOE_ROUTING_REPLAY_FORCE window 5 (312 replay passes): {'stashes': 1575, 'forces': 1559, 'misses': 0, 'shape_mismatches': 0, 'verify_asserts': 0}; in-flight stash 33.6 MB (peak 157.3 MB)
WARNING:megatron.core.transformer.moe.router:BT_MOE_ROUTING_REPLAY_FORCE window 5 (312 replay passes): {'stashes': 1575, 'forces': 1559, 'misses': 0, 'shape_mismatches': 0, 'verify_asserts': 0}; in-flight stash 33.6 MB (peak 157.3 MB)
WARNING:megatron.core.transformer.moe.router:BT_MOE_ROUTING_REPLAY_FORCE window 5 (312 replay passes): {'stashes': 1575, 'forces': 1559, 'misses': 0, 'shape_mismatches': 0, 'verify_asserts': 0}; in-flight stash 33.6 MB (peak 157.3 MB)
WARNING:megatron.core.transformer.moe.router:BT_MOE_ROUTING_REPLAY_FORCE window 5 (312 replay passes): {'stashes': 1575, 'forces': 1559, 'misses': 0, 'shape_mismatches': 0, 'verify_asserts': 0}; in-flight stash 33.6 MB (peak 157.3 MB)
WARNING:megatron.core.transformer.moe.router:BT_MOE_ROUTING_REPLAY_FORCE window 5 (312 replay passes): {'stashes': 1575, 'forces': 1559, 'misses': 0, 'shape_mismatches': 0, 'verify_asserts': 0}; in-flight stash 33.6 MB (peak 157.3 MB)
WARNING:megatron.core.transformer.moe.token_dispatcher:BT_MOE_PROBS_A2A_COMM window 11 (300 gated dispatches): {'token_issues': 3300, 'probs_issues': 3300, 'waits': 6600}
WARNING:megatron.core.transformer.moe.token_dispatcher:BT_MOE_PROBS_A2A_COMM window 11 (300 gated dispatches): {'token_issues': 3300, 'probs_issues': 3300, 'waits': 6600}
WARNING:megatron.core.transformer.moe.token_dispatcher:BT_MOE_PROBS_A2A_COMM window 11 (300 gated dispatches): {'token_issues': 3300, 'probs_issues': 3300, 'waits': 6600}
WARNING:megatron.core.transformer.moe.token_dispatcher:BT_MOE_PROBS_A2A_COMM window 11 (300 gated dispatches): {'token_issues': 3300, 'probs_issues': 3300, 'waits': 6600}
WARNING:megatron.core.transformer.moe.token_dispatcher:BT_MOE_PROBS_A2A_COMM window 11 (300 gated dispatches): {'token_issues': 3300, 'probs_issues': 3300, 'waits': 6600}
WARNING:megatron.core.transformer.moe.token_dispatcher:BT_MOE_PROBS_A2A_COMM window 11 (300 gated dispatches): {'token_issues': 3300, 'probs_issues': 3300, 'waits': 6600}
WARNING:megatron.core.transformer.moe.token_dispatcher:BT_MOE_PROBS_A2A_COMM window 11 (300 gated dispatches): {'token_issues': 3300, 'probs_issues': 3300, 'waits': 6600}
WARNING:megatron.core.transformer.moe.token_dispatcher:BT_MOE_PROBS_A2A_COMM window 11 (300 gated dispatches): {'token_issues': 3300, 'probs_issues': 3300, 'waits': 6600}
WARNING:megatron.core.transformer.moe.token_dispatcher:BT_MOE_PROBS_A2A_COMM window 11 (300 gated dispatches): {'token_issues': 3300, 'probs_issues': 3300, 'waits': 6600}
WARNING:megatron.core.transformer.moe.token_dispatcher:BT_MOE_PROBS_A2A_COMM window 11 (300 gated dispatches): {'token_issues': 3300, 'probs_issues': 3300, 'waits': 6600}
WARNING:megatron.core.transformer.moe.token_dispatcher:BT_MOE_PROBS_A2A_COMM window 11 (300 gated dispatches): {'token_issues': 3300, 'probs_issues': 3300, 'waits': 6600}
WARNING:megatron.core.transformer.moe.token_dispatcher:BT_MOE_PROBS_A2A_COMM window 11 (300 gated dispatches): {'token_issues': 3300, 'probs_issues': 3300, 'waits': 6600}
WARNING:megatron.core.transformer.moe.token_dispatcher:BT_MOE_PROBS_A2A_COMM window 11 (300 gated dispatches): {'token_issues': 3300, 'probs_issues': 3300, 'waits': 6600}
WARNING:megatron.core.transformer.moe.token_dispatcher:BT_MOE_PROBS_A2A_COMM window 11 (300 gated dispatches): {'token_issues': 3300, 'probs_issues': 3300, 'waits': 6600}
WARNING:megatron.core.transformer.moe.token_dispatcher:BT_MOE_PROBS_A2A_COMM window 11 (300 gated dispatches): {'token_issues': 3300, 'probs_issues': 3300, 'waits': 6600}
WARNING:megatron.core.transformer.moe.token_dispatcher:BT_MOE_PROBS_A2A_COMM window 11 (300 gated dispatches): {'token_issues': 3300, 'probs_issues': 3300, 'waits': 6600}
WARNING:megatron.core.transformer.moe.token_dispatcher:BT_MOE_DISPATCH_REPLAY_CACHE window 6 (300 replay lookups): {'stores': 1800, 'hits': 1800, 'misses': 0, 'shape_mismatches': 0, 'verifies': 0}
WARNING:megatron.core.transformer.moe.token_dispatcher:BT_MOE_DISPATCH_REPLAY_CACHE window 6 (300 replay lookups): {'stores': 1800, 'hits': 1800, 'misses': 0, 'shape_mismatches': 0, 'verifies': 0}
WARNING:megatron.core.transformer.moe.token_dispatcher:BT_MOE_DISPATCH_REPLAY_CACHE window 6 (300 replay lookups): {'stores': 1800, 'hits': 1800, 'misses': 0, 'shape_mismatches': 0, 'verifies': 0}
WARNING:megatron.core.transformer.moe.token_dispatcher:BT_MOE_DISPATCH_REPLAY_CACHE window 6 (300 replay lookups): {'stores': 1800, 'hits': 1800, 'misses': 0, 'shape_mismatches': 0, 'verifies': 0}
WARNING:megatron.core.transformer.moe.token_dispatcher:BT_MOE_DISPATCH_REPLAY_CACHE window 6 (300 replay lookups): {'stores': 1800, 'hits': 1800, 'misses': 0, 'shape_mismatches': 0, 'verifies': 0}
WARNING:megatron.core.transformer.moe.token_dispatcher:BT_MOE_DISPATCH_REPLAY_CACHE window 6 (300 replay lookups): {'stores': 1800, 'hits': 1800, 'misses': 0, 'shape_mismatches': 0, 'verifies': 0}
WARNING:megatron.core.transformer.moe.token_dispatcher:BT_MOE_DISPATCH_REPLAY_CACHE window 6 (300 replay lookups): {'stores': 1800, 'hits': 1800, 'misses': 0, 'shape_mismatches': 0, 'verifies': 0}
WARNING:megatron.core.transformer.moe.token_dispatcher:BT_MOE_DISPATCH_REPLAY_CACHE window 6 (300 replay lookups): {'stores': 1800, 'hits': 1800, 'misses': 0, 'shape_mismatches': 0, 'verifies': 0}
WARNING:megatron.core.transformer.moe.token_dispatcher:BT_MOE_DISPATCH_REPLAY_CACHE window 6 (300 replay lookups): {'stores': 1800, 'hits': 1800, 'misses': 0, 'shape_mismatches': 0, 'verifies': 0}
WARNING:megatron.core.transformer.moe.token_dispatcher:BT_MOE_DISPATCH_REPLAY_CACHE window 6 (300 replay lookups): {'stores': 1800, 'hits': 1800, 'misses': 0, 'shape_mismatches': 0, 'verifies': 0}
WARNING:megatron.core.transformer.moe.token_dispatcher:BT_MOE_DISPATCH_REPLAY_CACHE window 6 (300 replay lookups): {'stores': 1800, 'hits': 1800, 'misses': 0, 'shape_mismatches': 0, 'verifies': 0}
WARNING:megatron.core.transformer.moe.token_dispatcher:BT_MOE_DISPATCH_REPLAY_CACHE window 6 (300 replay lookups): {'stores': 1800, 'hits': 1800, 'misses': 0, 'shape_mismatches': 0, 'verifies': 0}
WARNING:megatron.core.transformer.moe.token_dispatcher:BT_MOE_DISPATCH_REPLAY_CACHE window 6 (300 replay lookups): {'stores': 1800, 'hits': 1800, 'misses': 0, 'shape_mismatches': 0, 'verifies': 0}
WARNING:megatron.core.transformer.moe.token_dispatcher:BT_MOE_DISPATCH_REPLAY_CACHE window 6 (300 replay lookups): {'stores': 1800, 'hits': 1800, 'misses': 0, 'shape_mismatches': 0, 'verifies': 0}
WARNING:megatron.core.transformer.moe.token_dispatcher:BT_MOE_DISPATCH_REPLAY_CACHE window 6 (300 replay lookups): {'stores': 1800, 'hits': 1800, 'misses': 0, 'shape_mismatches': 0, 'verifies': 0}
WARNING:megatron.core.transformer.moe.token_dispatcher:BT_MOE_DISPATCH_REPLAY_CACHE window 6 (300 replay lookups): {'stores': 1800, 'hits': 1800, 'misses': 0, 'shape_mismatches': 0, 'verifies': 0}
WARNING:megatron.core.transformer.moe.token_dispatcher:BT_MOE_PROBS_A2A_COMM window 12 (300 gated dispatches): {'token_issues': 3600, 'probs_issues': 3600, 'waits': 7200}
WARNING:megatron.core.transformer.moe.token_dispatcher:BT_MOE_PROBS_A2A_COMM window 12 (300 gated dispatches): {'token_issues': 3600, 'probs_issues': 3600, 'waits': 7200}
WARNING:megatron.core.transformer.moe.token_dispatcher:BT_MOE_PROBS_A2A_COMM window 12 (300 gated dispatches): {'token_issues': 3600, 'probs_issues': 3600, 'waits': 7200}
WARNING:megatron.core.transformer.moe.token_dispatcher:BT_MOE_PROBS_A2A_COMM window 12 (300 gated dispatches): {'token_issues': 3600, 'probs_issues': 3600, 'waits': 7200}
WARNING:megatron.core.transformer.moe.token_dispatcher:BT_MOE_PROBS_A2A_COMM window 12 (300 gated dispatches): {'token_issues': 3600, 'probs_issues': 3600, 'waits': 7200}
WARNING:megatron.core.transformer.moe.token_dispatcher:BT_MOE_PROBS_A2A_COMM window 12 (300 gated dispatches): {'token_issues': 3600, 'probs_issues': 3600, 'waits': 7200}
WARNING:megatron.core.transformer.moe.token_dispatcher:BT_MOE_PROBS_A2A_COMM window 12 (300 gated dispatches): {'token_issues': 3600, 'probs_issues': 3600, 'waits': 7200}
WARNING:megatron.core.transformer.moe.token_dispatcher:BT_MOE_PROBS_A2A_COMM window 12 (300 gated dispatches): {'token_issues': 3600, 'probs_issues': 3600, 'waits': 7200}
WARNING:megatron.core.transformer.moe.token_dispatcher:BT_MOE_PROBS_A2A_COMM window 12 (300 gated dispatches): {'token_issues': 3600, 'probs_issues': 3600, 'waits': 7200}
WARNING:megatron.core.transformer.moe.token_dispatcher:BT_MOE_PROBS_A2A_COMM window 12 (300 gated dispatches): {'token_issues': 3600, 'probs_issues': 3600, 'waits': 7200}
WARNING:megatron.core.transformer.moe.token_dispatcher:BT_MOE_PROBS_A2A_COMM window 12 (300 gated dispatches): {'token_issues': 3600, 'probs_issues': 3600, 'waits': 7200}
WARNING:megatron.core.transformer.moe.token_dispatcher:BT_MOE_PROBS_A2A_COMM window 12 (300 gated dispatches): {'token_issues': 3600, 'probs_issues': 3600, 'waits': 7200}
WARNING:megatron.core.transformer.moe.token_dispatcher:BT_MOE_PROBS_A2A_COMM window 12 (300 gated dispatches): {'token_issues': 3600, 'probs_issues': 3600, 'waits': 7200}
WARNING:megatron.core.transformer.moe.token_dispatcher:BT_MOE_PROBS_A2A_COMM window 12 (300 gated dispatches): {'token_issues': 3600, 'probs_issues': 3600, 'waits': 7200}
WARNING:megatron.core.transformer.moe.token_dispatcher:BT_MOE_PROBS_A2A_COMM window 12 (300 gated dispatches): {'token_issues': 3600, 'probs_issues': 3600, 'waits': 7200}
WARNING:megatron.core.transformer.moe.token_dispatcher:BT_MOE_PROBS_A2A_COMM window 12 (300 gated dispatches): {'token_issues': 3600, 'probs_issues': 3600, 'waits': 7200}
WARNING:megatron.core.transformer.experimental_attention_variant.dsa_cudnn_kernels:BT_DSA_BWD_ASYNC_NONEMPTY_V3 window 6 (312 probe reads): {'kicks': 1872, 'hits': 1872, 'misses': 0, 'probe_dropped': 0, 'fallbacks': 0, 'verifies': 1871}
WARNING:megatron.core.transformer.experimental_attention_variant.dsa_cudnn_kernels:BT_DSA_BWD_ASYNC_NONEMPTY_V3 window 6 (312 probe reads): {'kicks': 1872, 'hits': 1872, 'misses': 0, 'probe_dropped': 0, 'fallbacks': 0, 'verifies': 1871}
WARNING:megatron.core.transformer.experimental_attention_variant.dsa_cudnn_kernels:BT_DSA_BWD_ASYNC_NONEMPTY_V3 window 6 (312 probe reads): {'kicks': 1872, 'hits': 1872, 'misses': 0, 'probe_dropped': 0, 'fallbacks': 0, 'verifies': 1871}
WARNING:megatron.core.transformer.experimental_attention_variant.dsa_cudnn_kernels:BT_DSA_BWD_ASYNC_NONEMPTY_V3 window 6 (312 probe reads): {'kicks': 1872, 'hits': 1872, 'misses': 0, 'probe_dropped': 0, 'fallbacks': 0, 'verifies': 1871}
WARNING:megatron.core.transformer.experimental_attention_variant.dsa_cudnn_kernels:BT_DSA_BWD_ASYNC_NONEMPTY_V3 window 6 (312 probe reads): {'kicks': 1872, 'hits': 1872, 'misses': 0, 'probe_dropped': 0, 'fallbacks': 0, 'verifies': 1871}
WARNING:megatron.core.transformer.experimental_attention_variant.dsa_cudnn_kernels:BT_DSA_BWD_ASYNC_NONEMPTY_V3 window 6 (312 probe reads): {'kicks': 1872, 'hits': 1872, 'misses': 0, 'probe_dropped': 0, 'fallbacks': 0, 'verifies': 1871}
WARNING:megatron.core.transformer.experimental_attention_variant.dsa_cudnn_kernels:BT_DSA_BWD_ASYNC_NONEMPTY_V3 window 6 (312 probe reads): {'kicks': 1872, 'hits': 1872, 'misses': 0, 'probe_dropped': 0, 'fallbacks': 0, 'verifies': 1871}
WARNING:megatron.core.transformer.experimental_attention_variant.dsa_cudnn_kernels:BT_DSA_BWD_ASYNC_NONEMPTY_V3 window 6 (312 probe reads): {'kicks': 1872, 'hits': 1872, 'misses': 0, 'probe_dropped': 0, 'fallbacks': 0, 'verifies': 1871}
WARNING:megatron.core.transformer.experimental_attention_variant.dsa_cudnn_kernels:BT_DSA_BWD_ASYNC_NONEMPTY_V3 window 6 (312 probe reads): {'kicks': 1872, 'hits': 1872, 'misses': 0, 'probe_dropped': 0, 'fallbacks': 0, 'verifies': 1871}
WARNING:megatron.core.transformer.experimental_attention_variant.dsa_cudnn_kernels:BT_DSA_BWD_ASYNC_NONEMPTY_V3 window 6 (312 probe reads): {'kicks': 1872, 'hits': 1872, 'misses': 0, 'probe_dropped': 0, 'fallbacks': 0, 'verifies': 1871}
WARNING:megatron.core.transformer.experimental_attention_variant.dsa_cudnn_kernels:BT_DSA_BWD_ASYNC_NONEMPTY_V3 window 6 (312 probe reads): {'kicks': 1872, 'hits': 1872, 'misses': 0, 'probe_dropped': 0, 'fallbacks': 0, 'verifies': 1871}
WARNING:megatron.core.transformer.experimental_attention_variant.dsa_cudnn_kernels:BT_DSA_BWD_ASYNC_NONEMPTY_V3 window 6 (312 probe reads): {'kicks': 1872, 'hits': 1872, 'misses': 0, 'probe_dropped': 0, 'fallbacks': 0, 'verifies': 1871}
WARNING:megatron.core.transformer.experimental_attention_variant.dsa_cudnn_kernels:BT_DSA_BWD_ASYNC_NONEMPTY_V3 window 6 (312 probe reads): {'kicks': 1872, 'hits': 1872, 'misses': 0, 'probe_dropped': 0, 'fallbacks': 0, 'verifies': 1871}
WARNING:megatron.core.transformer.experimental_attention_variant.dsa_cudnn_kernels:BT_DSA_BWD_ASYNC_NONEMPTY_V3 window 6 (312 probe reads): {'kicks': 1872, 'hits': 1872, 'misses': 0, 'probe_dropped': 0, 'fallbacks': 0, 'verifies': 1871}
WARNING:megatron.core.transformer.experimental_attention_variant.dsa_cudnn_kernels:BT_DSA_BWD_ASYNC_NONEMPTY_V3 window 6 (312 probe reads): {'kicks': 1872, 'hits': 1872, 'misses': 0, 'probe_dropped': 0, 'fallbacks': 0, 'verifies': 1871}
WARNING:megatron.core.transformer.experimental_attention_variant.dsa_cudnn_kernels:BT_DSA_BWD_ASYNC_NONEMPTY_V3 window 6 (312 probe reads): {'kicks': 1872, 'hits': 1872, 'misses': 0, 'probe_dropped': 0, 'fallbacks': 0, 'verifies': 1871}
INFO:trainers_server.dp_worker.api.dispatcher_worker:dispatcher_worker: op=forward_backward operation_id=eeac31d7914e42d68c6707e660bdaa48 done in 45.80s {'loss': 12.2774507709562}
INFO:trainers_server.dp_worker.api.server:retrieve: operation_id=eeac31d7914e42d68c6707e660bdaa48 done after 15.82s
INFO:     127.0.0.1:45386 - "GET /operations/eeac31d7914e42d68c6707e660bdaa48 HTTP/1.1" 200 OK
INFO:trainers_server.dp_worker.api.server:submit: op=optim_step operation_id=ccbb70d9be2045b1804547a5e7417126 enqueued (qsize=1) 
INFO:     127.0.0.1:45386 - "POST /optim_step HTTP/1.1" 202 Accepted
INFO:trainers_server.dp_worker.api.dispatcher_worker:dispatcher_worker: op=optim_step operation_id=ccbb70d9be2045b1804547a5e7417126 done in 0.04s step=6.0 learning_rate=1e-05 lr=1e-05 grad_norm=0.8417475819587708 tps=11441.099802906068 train_mean_nll=12.2774507709562 num_tokens=524288.0 num_loss_tokens=524284.0 step_seconds=45.82496517221443
INFO:trainers_server.dp_worker.api.server:retrieve: operation_id=ccbb70d9be2045b1804547a5e7417126 done after 0.03s
INFO:     127.0.0.1:45386 - "GET /operations/ccbb70d9be2045b1804547a5e7417126 HTTP/1.1" 200 OK
INFO:trainers_server.dp_worker.api.server:submit: op=forward_backward operation_id=b5007d80aa244b91924730505c64f339 enqueued (qsize=1) n_datums=4 total_tokens=524288 seq_len[min/max]=131072/131072
INFO:     127.0.0.1:45386 - "POST /forward_backward HTTP/1.1" 202 Accepted
ERROR:opentelemetry.sdk.trace.export:Exception while exporting Span batch.
Traceback (most recent call last):
  File "/root/.cache/user_artifacts/trainers_main/server/.venv/lib/python3.12/site-packages/urllib3/connection.py", line 204, in _new_conn
    sock = connection.create_connection(
           ^^^^^^^^^^^^^^^^^^^^^^^^^^^^^
  File "/root/.cache/user_artifacts/trainers_main/server/.venv/lib/python3.12/site-packages/urllib3/util/connection.py", line 85, in create_connection
    raise err
  File "/root/.cache/user_artifacts/trainers_main/server/.venv/lib/python3.12/site-packages/urllib3/util/connection.py", line 73, in create_connection
    sock.connect(sa)
ConnectionRefusedError: [Errno 111] Connection refused

The above exception was the direct cause of the following exception:

Traceback (most recent call last):
  File "/root/.cache/user_artifacts/trainers_main/server/.venv/lib/python3.12/site-packages/urllib3/connectionpool.py", line 787, in urlopen
    response = self._make_request(
               ^^^^^^^^^^^^^^^^^^^
  File "/root/.cache/user_artifacts/trainers_main/server/.venv/lib/python3.12/site-packages/urllib3/connectionpool.py", line 493, in _make_request
    conn.request(
  File "/root/.cache/user_artifacts/trainers_main/server/.venv/lib/python3.12/site-packages/urllib3/connection.py", line 500, in request
    self.endheaders()
  File "/usr/lib/python3.12/http/client.py", line 1360, in endheaders
    self._send_output(message_body, encode_chunked=encode_chunked)
  File "/usr/lib/python3.12/http/client.py", line 1120, in _send_output
    self.send(msg)
  File "/usr/lib/python3.12/http/client.py", line 1064, in send
    self.connect()
  File "/root/.cache/user_artifacts/trainers_main/server/.venv/lib/python3.12/site-packages/urllib3/connection.py", line 331, in connect
    self.sock = self._new_conn()
                ^^^^^^^^^^^^^^^^
  File "/root/.cache/user_artifacts/trainers_main/server/.venv/lib/python3.12/site-packages/urllib3/connection.py", line 219, in _new_conn
    raise NewConnectionError(
urllib3.exceptions.NewConnectionError: HTTPConnection(host='localhost', port=4318): Failed to establish a new connection: [Errno 111] Connection refused

The above exception was the direct cause of the following exception:

Traceback (most recent call last):
  File "/root/.cache/user_artifacts/trainers_main/server/.venv/lib/python3.12/site-packages/requests/adapters.py", line 644, in send
    resp = conn.urlopen(
           ^^^^^^^^^^^^^
  File "/root/.cache/user_artifacts/trainers_main/server/.venv/lib/python3.12/site-packages/urllib3/connectionpool.py", line 841, in urlopen
    retries = retries.increment(
              ^^^^^^^^^^^^^^^^^^
  File "/root/.cache/user_artifacts/trainers_main/server/.venv/lib/python3.12/site-packages/urllib3/util/retry.py", line 535, in increment
    raise MaxRetryError(_pool, url, reason) from reason  # type: ignore[arg-type]
    ^^^^^^^^^^^^^^^^^^^^^^^^^^^^^^^^^^^^^^^^^^^^^^^^^^^
urllib3.exceptions.MaxRetryError: HTTPConnectionPool(host='localhost', port=4318): Max retries exceeded with url: /v1/traces (Caused by NewConnectionError("HTTPConnection(host='localhost', port=4318): Failed to establish a new connection: [Errno 111] Connection refused"))

During handling of the above exception, another exception occurred:

Traceback (most recent call last):
  File "/root/.cache/user_artifacts/trainers_main/server/.venv/lib/python3.12/site-packages/opentelemetry/sdk/trace/export/__init__.py", line 362, in _export_batch
    self.span_exporter.export(self.spans_list[:idx])  # type: ignore
    ^^^^^^^^^^^^^^^^^^^^^^^^^^^^^^^^^^^^^^^^^^^^^^^^
  File "/root/.cache/user_artifacts/trainers_main/server/.venv/lib/python3.12/site-packages/opentelemetry/exporter/otlp/proto/http/trace_exporter/__init__.py", line 139, in export
    resp = self._export(serialized_data)
           ^^^^^^^^^^^^^^^^^^^^^^^^^^^^^
  File "/root/.cache/user_artifacts/trainers_main/server/.venv/lib/python3.12/site-packages/opentelemetry/exporter/otlp/proto/http/trace_exporter/__init__.py", line 110, in _export
    return self._session.post(
           ^^^^^^^^^^^^^^^^^^^
  File "/root/.cache/user_artifacts/trainers_main/server/.venv/lib/python3.12/site-packages/requests/sessions.py", line 637, in post
    return self.request("POST", url, data=data, json=json, **kwargs)
           ^^^^^^^^^^^^^^^^^^^^^^^^^^^^^^^^^^^^^^^^^^^^^^^^^^^^^^^^^
  File "/root/.cache/user_artifacts/trainers_main/server/.venv/lib/python3.12/site-packages/requests/sessions.py", line 589, in request
    resp = self.send(prep, **send_kwargs)
           ^^^^^^^^^^^^^^^^^^^^^^^^^^^^^^
  File "/root/.cache/user_artifacts/trainers_main/server/.venv/lib/python3.12/site-packages/requests/sessions.py", line 703, in send
    r = adapter.send(request, **kwargs)
        ^^^^^^^^^^^^^^^^^^^^^^^^^^^^^^^
  File "/root/.cache/user_artifacts/trainers_main/server/.venv/lib/python3.12/site-packages/requests/adapters.py", line 677, in send
    raise ConnectionError(e, request=request)
requests.exceptions.ConnectionError: HTTPConnectionPool(host='localhost', port=4318): Max retries exceeded with url: /v1/traces (Caused by NewConnectionError("HTTPConnection(host='localhost', port=4318): Failed to establish a new connection: [Errno 111] Connection refused"))
WARNING:megatron.core.transformer.moe.router:BT_MOE_ROUTING_REPLAY_FORCE window 6 (312 replay passes): {'stashes': 1875, 'forces': 1871, 'misses': 0, 'shape_mismatches': 0, 'verify_asserts': 0}; in-flight stash 8.4 MB (peak 157.3 MB)
WARNING:megatron.core.transformer.moe.router:BT_MOE_ROUTING_REPLAY_FORCE window 6 (312 replay passes): {'stashes': 1875, 'forces': 1871, 'misses': 0, 'shape_mismatches': 0, 'verify_asserts': 0}; in-flight stash 8.4 MB (peak 157.3 MB)
WARNING:megatron.core.transformer.moe.router:BT_MOE_ROUTING_REPLAY_FORCE window 6 (312 replay passes): {'stashes': 1875, 'forces': 1871, 'misses': 0, 'shape_mismatches': 0, 'verify_asserts': 0}; in-flight stash 8.4 MB (peak 157.3 MB)
WARNING:megatron.core.transformer.moe.router:BT_MOE_ROUTING_REPLAY_FORCE window 6 (312 replay passes): {'stashes': 1875, 'forces': 1871, 'misses': 0, 'shape_mismatches': 0, 'verify_asserts': 0}; in-flight stash 8.4 MB (peak 157.3 MB)
WARNING:megatron.core.transformer.moe.router:BT_MOE_ROUTING_REPLAY_FORCE window 6 (312 replay passes): {'stashes': 1875, 'forces': 1871, 'misses': 0, 'shape_mismatches': 0, 'verify_asserts': 0}; in-flight stash 8.4 MB (peak 157.3 MB)
WARNING:megatron.core.transformer.moe.router:BT_MOE_ROUTING_REPLAY_FORCE window 6 (312 replay passes): {'stashes': 1875, 'forces': 1871, 'misses': 0, 'shape_mismatches': 0, 'verify_asserts': 0}; in-flight stash 8.4 MB (peak 157.3 MB)
WARNING:megatron.core.transformer.moe.router:BT_MOE_ROUTING_REPLAY_FORCE window 6 (312 replay passes): {'stashes': 1875, 'forces': 1871, 'misses': 0, 'shape_mismatches': 0, 'verify_asserts': 0}; in-flight stash 8.4 MB (peak 157.3 MB)
WARNING:megatron.core.transformer.moe.router:BT_MOE_ROUTING_REPLAY_FORCE window 6 (312 replay passes): {'stashes': 1875, 'forces': 1871, 'misses': 0, 'shape_mismatches': 0, 'verify_asserts': 0}; in-flight stash 8.4 MB (peak 157.3 MB)
WARNING:megatron.core.transformer.moe.router:BT_MOE_ROUTING_REPLAY_FORCE window 6 (312 replay passes): {'stashes': 1875, 'forces': 1871, 'misses': 0, 'shape_mismatches': 0, 'verify_asserts': 0}; in-flight stash 8.4 MB (peak 157.3 MB)
WARNING:megatron.core.transformer.moe.router:BT_MOE_ROUTING_REPLAY_FORCE window 6 (312 replay passes): {'stashes': 1875, 'forces': 1871, 'misses': 0, 'shape_mismatches': 0, 'verify_asserts': 0}; in-flight stash 8.4 MB (peak 157.3 MB)
WARNING:megatron.core.transformer.moe.router:BT_MOE_ROUTING_REPLAY_FORCE window 6 (312 replay passes): {'stashes': 1875, 'forces': 1871, 'misses': 0, 'shape_mismatches': 0, 'verify_asserts': 0}; in-flight stash 8.4 MB (peak 157.3 MB)
WARNING:megatron.core.transformer.moe.router:BT_MOE_ROUTING_REPLAY_FORCE window 6 (312 replay passes): {'stashes': 1875, 'forces': 1871, 'misses': 0, 'shape_mismatches': 0, 'verify_asserts': 0}; in-flight stash 8.4 MB (peak 157.3 MB)
WARNING:megatron.core.transformer.moe.router:BT_MOE_ROUTING_REPLAY_FORCE window 6 (312 replay passes): {'stashes': 1875, 'forces': 1871, 'misses': 0, 'shape_mismatches': 0, 'verify_asserts': 0}; in-flight stash 8.4 MB (peak 157.3 MB)
WARNING:megatron.core.transformer.moe.router:BT_MOE_ROUTING_REPLAY_FORCE window 6 (312 replay passes): {'stashes': 1875, 'forces': 1871, 'misses': 0, 'shape_mismatches': 0, 'verify_asserts': 0}; in-flight stash 8.4 MB (peak 157.3 MB)
WARNING:megatron.core.transformer.moe.router:BT_MOE_ROUTING_REPLAY_FORCE window 6 (312 replay passes): {'stashes': 1875, 'forces': 1871, 'misses': 0, 'shape_mismatches': 0, 'verify_asserts': 0}; in-flight stash 8.4 MB (peak 157.3 MB)
WARNING:megatron.core.transformer.moe.router:BT_MOE_ROUTING_REPLAY_FORCE window 6 (312 replay passes): {'stashes': 1875, 'forces': 1871, 'misses': 0, 'shape_mismatches': 0, 'verify_asserts': 0}; in-flight stash 8.4 MB (peak 157.3 MB)
WARNING:megatron.core.transformer.moe.token_dispatcher:BT_MOE_PROBS_A2A_COMM window 13 (300 gated dispatches): {'token_issues': 3900, 'probs_issues': 3900, 'waits': 7800}
WARNING:megatron.core.transformer.moe.token_dispatcher:BT_MOE_PROBS_A2A_COMM window 13 (300 gated dispatches): {'token_issues': 3900, 'probs_issues': 3900, 'waits': 7800}
WARNING:megatron.core.transformer.moe.token_dispatcher:BT_MOE_PROBS_A2A_COMM window 13 (300 gated dispatches): {'token_issues': 3900, 'probs_issues': 3900, 'waits': 7800}
WARNING:megatron.core.transformer.moe.token_dispatcher:BT_MOE_PROBS_A2A_COMM window 13 (300 gated dispatches): {'token_issues': 3900, 'probs_issues': 3900, 'waits': 7800}
WARNING:megatron.core.transformer.moe.token_dispatcher:BT_MOE_PROBS_A2A_COMM window 13 (300 gated dispatches): {'token_issues': 3900, 'probs_issues': 3900, 'waits': 7800}
WARNING:megatron.core.transformer.moe.token_dispatcher:BT_MOE_PROBS_A2A_COMM window 13 (300 gated dispatches): {'token_issues': 3900, 'probs_issues': 3900, 'waits': 7800}
WARNING:megatron.core.transformer.moe.token_dispatcher:BT_MOE_PROBS_A2A_COMM window 13 (300 gated dispatches): {'token_issues': 3900, 'probs_issues': 3900, 'waits': 7800}
WARNING:megatron.core.transformer.moe.token_dispatcher:BT_MOE_PROBS_A2A_COMM window 13 (300 gated dispatches): {'token_issues': 3900, 'probs_issues': 3900, 'waits': 7800}
WARNING:megatron.core.transformer.moe.token_dispatcher:BT_MOE_PROBS_A2A_COMM window 13 (300 gated dispatches): {'token_issues': 3900, 'probs_issues': 3900, 'waits': 7800}
WARNING:megatron.core.transformer.moe.token_dispatcher:BT_MOE_PROBS_A2A_COMM window 13 (300 gated dispatches): {'token_issues': 3900, 'probs_issues': 3900, 'waits': 7800}
WARNING:megatron.core.transformer.moe.token_dispatcher:BT_MOE_PROBS_A2A_COMM window 13 (300 gated dispatches): {'token_issues': 3900, 'probs_issues': 3900, 'waits': 7800}
WARNING:megatron.core.transformer.moe.token_dispatcher:BT_MOE_PROBS_A2A_COMM window 13 (300 gated dispatches): {'token_issues': 3900, 'probs_issues': 3900, 'waits': 7800}
WARNING:megatron.core.transformer.moe.token_dispatcher:BT_MOE_PROBS_A2A_COMM window 13 (300 gated dispatches): {'token_issues': 3900, 'probs_issues': 3900, 'waits': 7800}
WARNING:megatron.core.transformer.moe.token_dispatcher:BT_MOE_PROBS_A2A_COMM window 13 (300 gated dispatches): {'token_issues': 3900, 'probs_issues': 3900, 'waits': 7800}
WARNING:megatron.core.transformer.moe.token_dispatcher:BT_MOE_PROBS_A2A_COMM window 13 (300 gated dispatches): {'token_issues': 3900, 'probs_issues': 3900, 'waits': 7800}
WARNING:megatron.core.transformer.moe.token_dispatcher:BT_MOE_PROBS_A2A_COMM window 13 (300 gated dispatches): {'token_issues': 3900, 'probs_issues': 3900, 'waits': 7800}
WARNING:megatron.core.transformer.moe.token_dispatcher:BT_MOE_DISPATCH_REPLAY_CACHE window 7 (300 replay lookups): {'stores': 2100, 'hits': 2100, 'misses': 0, 'shape_mismatches': 0, 'verifies': 0}
WARNING:megatron.core.transformer.moe.token_dispatcher:BT_MOE_DISPATCH_REPLAY_CACHE window 7 (300 replay lookups): {'stores': 2100, 'hits': 2100, 'misses': 0, 'shape_mismatches': 0, 'verifies': 0}
WARNING:megatron.core.transformer.moe.token_dispatcher:BT_MOE_DISPATCH_REPLAY_CACHE window 7 (300 replay lookups): {'stores': 2100, 'hits': 2100, 'misses': 0, 'shape_mismatches': 0, 'verifies': 0}
WARNING:megatron.core.transformer.moe.token_dispatcher:BT_MOE_DISPATCH_REPLAY_CACHE window 7 (300 replay lookups): {'stores': 2100, 'hits': 2100, 'misses': 0, 'shape_mismatches': 0, 'verifies': 0}
WARNING:megatron.core.transformer.moe.token_dispatcher:BT_MOE_DISPATCH_REPLAY_CACHE window 7 (300 replay lookups): {'stores': 2100, 'hits': 2100, 'misses': 0, 'shape_mismatches': 0, 'verifies': 0}
WARNING:megatron.core.transformer.moe.token_dispatcher:BT_MOE_DISPATCH_REPLAY_CACHE window 7 (300 replay lookups): {'stores': 2100, 'hits': 2100, 'misses': 0, 'shape_mismatches': 0, 'verifies': 0}
WARNING:megatron.core.transformer.moe.token_dispatcher:BT_MOE_DISPATCH_REPLAY_CACHE window 7 (300 replay lookups): {'stores': 2100, 'hits': 2100, 'misses': 0, 'shape_mismatches': 0, 'verifies': 0}
WARNING:megatron.core.transformer.moe.token_dispatcher:BT_MOE_DISPATCH_REPLAY_CACHE window 7 (300 replay lookups): {'stores': 2100, 'hits': 2100, 'misses': 0, 'shape_mismatches': 0, 'verifies': 0}
WARNING:megatron.core.transformer.moe.token_dispatcher:BT_MOE_DISPATCH_REPLAY_CACHE window 7 (300 replay lookups): {'stores': 2100, 'hits': 2100, 'misses': 0, 'shape_mismatches': 0, 'verifies': 0}
WARNING:megatron.core.transformer.moe.token_dispatcher:BT_MOE_DISPATCH_REPLAY_CACHE window 7 (300 replay lookups): {'stores': 2100, 'hits': 2100, 'misses': 0, 'shape_mismatches': 0, 'verifies': 0}
WARNING:megatron.core.transformer.moe.token_dispatcher:BT_MOE_DISPATCH_REPLAY_CACHE window 7 (300 replay lookups): {'stores': 2100, 'hits': 2100, 'misses': 0, 'shape_mismatches': 0, 'verifies': 0}
WARNING:megatron.core.transformer.moe.token_dispatcher:BT_MOE_DISPATCH_REPLAY_CACHE window 7 (300 replay lookups): {'stores': 2100, 'hits': 2100, 'misses': 0, 'shape_mismatches': 0, 'verifies': 0}
WARNING:megatron.core.transformer.moe.token_dispatcher:BT_MOE_DISPATCH_REPLAY_CACHE window 7 (300 replay lookups): {'stores': 2100, 'hits': 2100, 'misses': 0, 'shape_mismatches': 0, 'verifies': 0}
WARNING:megatron.core.transformer.moe.token_dispatcher:BT_MOE_DISPATCH_REPLAY_CACHE window 7 (300 replay lookups): {'stores': 2100, 'hits': 2100, 'misses': 0, 'shape_mismatches': 0, 'verifies': 0}
WARNING:megatron.core.transformer.moe.token_dispatcher:BT_MOE_DISPATCH_REPLAY_CACHE window 7 (300 replay lookups): {'stores': 2100, 'hits': 2100, 'misses': 0, 'shape_mismatches': 0, 'verifies': 0}
WARNING:megatron.core.transformer.moe.token_dispatcher:BT_MOE_DISPATCH_REPLAY_CACHE window 7 (300 replay lookups): {'stores': 2100, 'hits': 2100, 'misses': 0, 'shape_mismatches': 0, 'verifies': 0}
WARNING:megatron.core.transformer.moe.token_dispatcher:BT_MOE_PROBS_A2A_COMM window 14 (300 gated dispatches): {'token_issues': 4200, 'probs_issues': 4200, 'waits': 8400}
WARNING:megatron.core.transformer.moe.token_dispatcher:BT_MOE_PROBS_A2A_COMM window 14 (300 gated dispatches): {'token_issues': 4200, 'probs_issues': 4200, 'waits': 8400}
WARNING:megatron.core.transformer.moe.token_dispatcher:BT_MOE_PROBS_A2A_COMM window 14 (300 gated dispatches): {'token_issues': 4200, 'probs_issues': 4200, 'waits': 8400}
WARNING:megatron.core.transformer.moe.token_dispatcher:BT_MOE_PROBS_A2A_COMM window 14 (300 gated dispatches): {'token_issues': 4200, 'probs_issues': 4200, 'waits': 8400}
WARNING:megatron.core.transformer.moe.token_dispatcher:BT_MOE_PROBS_A2A_COMM window 14 (300 gated dispatches): {'token_issues': 4200, 'probs_issues': 4200, 'waits': 8400}
WARNING:megatron.core.transformer.moe.token_dispatcher:BT_MOE_PROBS_A2A_COMM window 14 (300 gated dispatches): {'token_issues': 4200, 'probs_issues': 4200, 'waits': 8400}
WARNING:megatron.core.transformer.moe.token_dispatcher:BT_MOE_PROBS_A2A_COMM window 14 (300 gated dispatches): {'token_issues': 4200, 'probs_issues': 4200, 'waits': 8400}
WARNING:megatron.core.transformer.moe.token_dispatcher:BT_MOE_PROBS_A2A_COMM window 14 (300 gated dispatches): {'token_issues': 4200, 'probs_issues': 4200, 'waits': 8400}
WARNING:megatron.core.transformer.moe.token_dispatcher:BT_MOE_PROBS_A2A_COMM window 14 (300 gated dispatches): {'token_issues': 4200, 'probs_issues': 4200, 'waits': 8400}
WARNING:megatron.core.transformer.moe.token_dispatcher:BT_MOE_PROBS_A2A_COMM window 14 (300 gated dispatches): {'token_issues': 4200, 'probs_issues': 4200, 'waits': 8400}
WARNING:megatron.core.transformer.moe.token_dispatcher:BT_MOE_PROBS_A2A_COMM window 14 (300 gated dispatches): {'token_issues': 4200, 'probs_issues': 4200, 'waits': 8400}
WARNING:megatron.core.transformer.moe.token_dispatcher:BT_MOE_PROBS_A2A_COMM window 14 (300 gated dispatches): {'token_issues': 4200, 'probs_issues': 4200, 'waits': 8400}
WARNING:megatron.core.transformer.moe.token_dispatcher:BT_MOE_PROBS_A2A_COMM window 14 (300 gated dispatches): {'token_issues': 4200, 'probs_issues': 4200, 'waits': 8400}
WARNING:megatron.core.transformer.moe.token_dispatcher:BT_MOE_PROBS_A2A_COMM window 14 (300 gated dispatches): {'token_issues': 4200, 'probs_issues': 4200, 'waits': 8400}
WARNING:megatron.core.transformer.moe.token_dispatcher:BT_MOE_PROBS_A2A_COMM window 14 (300 gated dispatches): {'token_issues': 4200, 'probs_issues': 4200, 'waits': 8400}
WARNING:megatron.core.transformer.moe.token_dispatcher:BT_MOE_PROBS_A2A_COMM window 14 (300 gated dispatches): {'token_issues': 4200, 'probs_issues': 4200, 'waits': 8400}
WARNING:megatron.core.transformer.experimental_attention_variant.dsa_cudnn_kernels:BT_DSA_BWD_ASYNC_NONEMPTY_V3 window 7 (312 probe reads): {'kicks': 2184, 'hits': 2184, 'misses': 0, 'probe_dropped': 0, 'fallbacks': 0, 'verifies': 2183}
WARNING:megatron.core.transformer.experimental_attention_variant.dsa_cudnn_kernels:BT_DSA_BWD_ASYNC_NONEMPTY_V3 window 7 (312 probe reads): {'kicks': 2184, 'hits': 2184, 'misses': 0, 'probe_dropped': 0, 'fallbacks': 0, 'verifies': 2183}
WARNING:megatron.core.transformer.experimental_attention_variant.dsa_cudnn_kernels:BT_DSA_BWD_ASYNC_NONEMPTY_V3 window 7 (312 probe reads): {'kicks': 2184, 'hits': 2184, 'misses': 0, 'probe_dropped': 0, 'fallbacks': 0, 'verifies': 2183}
WARNING:megatron.core.transformer.experimental_attention_variant.dsa_cudnn_kernels:BT_DSA_BWD_ASYNC_NONEMPTY_V3 window 7 (312 probe reads): {'kicks': 2184, 'hits': 2184, 'misses': 0, 'probe_dropped': 0, 'fallbacks': 0, 'verifies': 2183}
WARNING:megatron.core.transformer.experimental_attention_variant.dsa_cudnn_kernels:BT_DSA_BWD_ASYNC_NONEMPTY_V3 window 7 (312 probe reads): {'kicks': 2184, 'hits': 2184, 'misses': 0, 'probe_dropped': 0, 'fallbacks': 0, 'verifies': 2183}
WARNING:megatron.core.transformer.experimental_attention_variant.dsa_cudnn_kernels:BT_DSA_BWD_ASYNC_NONEMPTY_V3 window 7 (312 probe reads): {'kicks': 2184, 'hits': 2184, 'misses': 0, 'probe_dropped': 0, 'fallbacks': 0, 'verifies': 2183}
WARNING:megatron.core.transformer.experimental_attention_variant.dsa_cudnn_kernels:BT_DSA_BWD_ASYNC_NONEMPTY_V3 window 7 (312 probe reads): {'kicks': 2184, 'hits': 2184, 'misses': 0, 'probe_dropped': 0, 'fallbacks': 0, 'verifies': 2183}
WARNING:megatron.core.transformer.experimental_attention_variant.dsa_cudnn_kernels:BT_DSA_BWD_ASYNC_NONEMPTY_V3 window 7 (312 probe reads): {'kicks': 2184, 'hits': 2184, 'misses': 0, 'probe_dropped': 0, 'fallbacks': 0, 'verifies': 2183}
WARNING:megatron.core.transformer.experimental_attention_variant.dsa_cudnn_kernels:BT_DSA_BWD_ASYNC_NONEMPTY_V3 window 7 (312 probe reads): {'kicks': 2184, 'hits': 2184, 'misses': 0, 'probe_dropped': 0, 'fallbacks': 0, 'verifies': 2183}
WARNING:megatron.core.transformer.experimental_attention_variant.dsa_cudnn_kernels:BT_DSA_BWD_ASYNC_NONEMPTY_V3 window 7 (312 probe reads): {'kicks': 2184, 'hits': 2184, 'misses': 0, 'probe_dropped': 0, 'fallbacks': 0, 'verifies': 2183}
WARNING:megatron.core.transformer.experimental_attention_variant.dsa_cudnn_kernels:BT_DSA_BWD_ASYNC_NONEMPTY_V3 window 7 (312 probe reads): {'kicks': 2184, 'hits': 2184, 'misses': 0, 'probe_dropped': 0, 'fallbacks': 0, 'verifies': 2183}
WARNING:megatron.core.transformer.experimental_attention_variant.dsa_cudnn_kernels:BT_DSA_BWD_ASYNC_NONEMPTY_V3 window 7 (312 probe reads): {'kicks': 2184, 'hits': 2184, 'misses': 0, 'probe_dropped': 0, 'fallbacks': 0, 'verifies': 2183}
WARNING:megatron.core.transformer.experimental_attention_variant.dsa_cudnn_kernels:BT_DSA_BWD_ASYNC_NONEMPTY_V3 window 7 (312 probe reads): {'kicks': 2184, 'hits': 2184, 'misses': 0, 'probe_dropped': 0, 'fallbacks': 0, 'verifies': 2183}
WARNING:megatron.core.transformer.experimental_attention_variant.dsa_cudnn_kernels:BT_DSA_BWD_ASYNC_NONEMPTY_V3 window 7 (312 probe reads): {'kicks': 2184, 'hits': 2184, 'misses': 0, 'probe_dropped': 0, 'fallbacks': 0, 'verifies': 2183}
WARNING:megatron.core.transformer.experimental_attention_variant.dsa_cudnn_kernels:BT_DSA_BWD_ASYNC_NONEMPTY_V3 window 7 (312 probe reads): {'kicks': 2184, 'hits': 2184, 'misses': 0, 'probe_dropped': 0, 'fallbacks': 0, 'verifies': 2183}
WARNING:megatron.core.transformer.experimental_attention_variant.dsa_cudnn_kernels:BT_DSA_BWD_ASYNC_NONEMPTY_V3 window 7 (312 probe reads): {'kicks': 2184, 'hits': 2184, 'misses': 0, 'probe_dropped': 0, 'fallbacks': 0, 'verifies': 2183}
INFO:trainers_server.dp_worker.api.dispatcher_worker:dispatcher_worker: op=forward_backward operation_id=b5007d80aa244b91924730505c64f339 done in 47.30s {'loss': 12.24592777960037}
INFO:trainers_server.dp_worker.api.server:retrieve: operation_id=b5007d80aa244b91924730505c64f339 done after 17.32s
INFO:     127.0.0.1:45386 - "GET /operations/b5007d80aa244b91924730505c64f339 HTTP/1.1" 200 OK
ERROR:opentelemetry.sdk.trace.export:Exception while exporting Span batch.
Traceback (most recent call last):
  File "/root/.cache/user_artifacts/trainers_main/server/.venv/lib/python3.12/site-packages/urllib3/connection.py", line 204, in _new_conn
    sock = connection.create_connection(
           ^^^^^^^^^^^^^^^^^^^^^^^^^^^^^
  File "/root/.cache/user_artifacts/trainers_main/server/.venv/lib/python3.12/site-packages/urllib3/util/connection.py", line 85, in create_connection
    raise err
  File "/root/.cache/user_artifacts/trainers_main/server/.venv/lib/python3.12/site-packages/urllib3/util/connection.py", line 73, in create_connection
    sock.connect(sa)
ConnectionRefusedError: [Errno 111] Connection refused

The above exception was the direct cause of the following exception:

Traceback (most recent call last):
  File "/root/.cache/user_artifacts/trainers_main/server/.venv/lib/python3.12/site-packages/urllib3/connectionpool.py", line 787, in urlopen
    response = self._make_request(
               ^^^^^^^^^^^^^^^^^^^
  File "/root/.cache/user_artifacts/trainers_main/server/.venv/lib/python3.12/site-packages/urllib3/connectionpool.py", line 493, in _make_request
    conn.request(
  File "/root/.cache/user_artifacts/trainers_main/server/.venv/lib/python3.12/site-packages/urllib3/connection.py", line 500, in request
    self.endheaders()
  File "/usr/lib/python3.12/http/client.py", line 1360, in endheaders
    self._send_output(message_body, encode_chunked=encode_chunked)
  File "/usr/lib/python3.12/http/client.py", line 1120, in _send_output
    self.send(msg)
  File "/usr/lib/python3.12/http/client.py", line 1064, in send
    self.connect()
  File "/root/.cache/user_artifacts/trainers_main/server/.venv/lib/python3.12/site-packages/urllib3/connection.py", line 331, in connect
    self.sock = self._new_conn()
                ^^^^^^^^^^^^^^^^
  File "/root/.cache/user_artifacts/trainers_main/server/.venv/lib/python3.12/site-packages/urllib3/connection.py", line 219, in _new_conn
    raise NewConnectionError(
urllib3.exceptions.NewConnectionError: HTTPConnection(host='localhost', port=4318): Failed to establish a new connection: [Errno 111] Connection refused

The above exception was the direct cause of the following exception:

Traceback (most recent call last):
  File "/root/.cache/user_artifacts/trainers_main/server/.venv/lib/python3.12/site-packages/requests/adapters.py", line 644, in send
    resp = conn.urlopen(
           ^^^^^^^^^^^^^
  File "/root/.cache/user_artifacts/trainers_main/server/.venv/lib/python3.12/site-packages/urllib3/connectionpool.py", line 841, in urlopen
    retries = retries.increment(
              ^^^^^^^^^^^^^^^^^^
  File "/root/.cache/user_artifacts/trainers_main/server/.venv/lib/python3.12/site-packages/urllib3/util/retry.py", line 535, in increment
    raise MaxRetryError(_pool, url, reason) from reason  # type: ignore[arg-type]
    ^^^^^^^^^^^^^^^^^^^^^^^^^^^^^^^^^^^^^^^^^^^^^^^^^^^
urllib3.exceptions.MaxRetryError: HTTPConnectionPool(host='localhost', port=4318): Max retries exceeded with url: /v1/traces (Caused by NewConnectionError("HTTPConnection(host='localhost', port=4318): Failed to establish a new connection: [Errno 111] Connection refused"))

During handling of the above exception, another exception occurred:

Traceback (most recent call last):
  File "/root/.cache/user_artifacts/trainers_main/server/.venv/lib/python3.12/site-packages/opentelemetry/sdk/trace/export/__init__.py", line 362, in _export_batch
    self.span_exporter.export(self.spans_list[:idx])  # type: ignore
    ^^^^^^^^^^^^^^^^^^^^^^^^^^^^^^^^^^^^^^^^^^^^^^^^
  File "/root/.cache/user_artifacts/trainers_main/server/.venv/lib/python3.12/site-packages/opentelemetry/exporter/otlp/proto/http/trace_exporter/__init__.py", line 139, in export
    resp = self._export(serialized_data)
           ^^^^^^^^^^^^^^^^^^^^^^^^^^^^^
  File "/root/.cache/user_artifacts/trainers_main/server/.venv/lib/python3.12/site-packages/opentelemetry/exporter/otlp/proto/http/trace_exporter/__init__.py", line 110, in _export
    return self._session.post(
           ^^^^^^^^^^^^^^^^^^^
  File "/root/.cache/user_artifacts/trainers_main/server/.venv/lib/python3.12/site-packages/requests/sessions.py", line 637, in post
    return self.request("POST", url, data=data, json=json, **kwargs)
           ^^^^^^^^^^^^^^^^^^^^^^^^^^^^^^^^^^^^^^^^^^^^^^^^^^^^^^^^^
  File "/root/.cache/user_artifacts/trainers_main/server/.venv/lib/python3.12/site-packages/requests/sessions.py", line 589, in request
    resp = self.send(prep, **send_kwargs)
           ^^^^^^^^^^^^^^^^^^^^^^^^^^^^^^
  File "/root/.cache/user_artifacts/trainers_main/server/.venv/lib/python3.12/site-packages/requests/sessions.py", line 703, in send
    r = adapter.send(request, **kwargs)
        ^^^^^^^^^^^^^^^^^^^^^^^^^^^^^^^
  File "/root/.cache/user_artifacts/trainers_main/server/.venv/lib/python3.12/site-packages/requests/adapters.py", line 677, in send
    raise ConnectionError(e, request=request)
requests.exceptions.ConnectionError: HTTPConnectionPool(host='localhost', port=4318): Max retries exceeded with url: /v1/traces (Caused by NewConnectionError("HTTPConnection(host='localhost', port=4318): Failed to establish a new connection: [Errno 111] Connection refused"))
INFO:trainers_server.dp_worker.api.server:submit: op=optim_step operation_id=2eff7969c3244628bffc412a92c9b675 enqueued (qsize=1) 
INFO:     127.0.0.1:45386 - "POST /optim_step HTTP/1.1" 202 Accepted
INFO:trainers_server.dp_worker.api.dispatcher_worker:dispatcher_worker: op=optim_step operation_id=2eff7969c3244628bffc412a92c9b675 done in 0.04s step=7.0 learning_rate=1e-05 lr=1e-05 grad_norm=0.5665946006774902 tps=11079.782221640913 train_mean_nll=12.24592777960037 num_tokens=524288.0 num_loss_tokens=524284.0 step_seconds=47.319341618102044
INFO:trainers_server.dp_worker.api.server:retrieve: operation_id=2eff7969c3244628bffc412a92c9b675 done after 0.04s
INFO:     127.0.0.1:45386 - "GET /operations/2eff7969c3244628bffc412a92c9b675 HTTP/1.1" 200 OK
INFO:trainers_server.dp_worker.api.server:submit: op=forward_backward operation_id=28b836e49cbc46f090ca11c222dbc389 enqueued (qsize=1) n_datums=4 total_tokens=524288 seq_len[min/max]=131072/131072
INFO:     127.0.0.1:45386 - "POST /forward_backward HTTP/1.1" 202 Accepted
ERROR:opentelemetry.sdk.trace.export:Exception while exporting Span batch.
Traceback (most recent call last):
  File "/root/.cache/user_artifacts/trainers_main/server/.venv/lib/python3.12/site-packages/urllib3/connection.py", line 204, in _new_conn
    sock = connection.create_connection(
           ^^^^^^^^^^^^^^^^^^^^^^^^^^^^^
  File "/root/.cache/user_artifacts/trainers_main/server/.venv/lib/python3.12/site-packages/urllib3/util/connection.py", line 85, in create_connection
    raise err
  File "/root/.cache/user_artifacts/trainers_main/server/.venv/lib/python3.12/site-packages/urllib3/util/connection.py", line 73, in create_connection
    sock.connect(sa)
ConnectionRefusedError: [Errno 111] Connection refused

The above exception was the direct cause of the following exception:

Traceback (most recent call last):
  File "/root/.cache/user_artifacts/trainers_main/server/.venv/lib/python3.12/site-packages/urllib3/connectionpool.py", line 787, in urlopen
    response = self._make_request(
               ^^^^^^^^^^^^^^^^^^^
  File "/root/.cache/user_artifacts/trainers_main/server/.venv/lib/python3.12/site-packages/urllib3/connectionpool.py", line 493, in _make_request
    conn.request(
  File "/root/.cache/user_artifacts/trainers_main/server/.venv/lib/python3.12/site-packages/urllib3/connection.py", line 500, in request
    self.endheaders()
  File "/usr/lib/python3.12/http/client.py", line 1360, in endheaders
    self._send_output(message_body, encode_chunked=encode_chunked)
  File "/usr/lib/python3.12/http/client.py", line 1120, in _send_output
    self.send(msg)
  File "/usr/lib/python3.12/http/client.py", line 1064, in send
    self.connect()
  File "/root/.cache/user_artifacts/trainers_main/server/.venv/lib/python3.12/site-packages/urllib3/connection.py", line 331, in connect
    self.sock = self._new_conn()
                ^^^^^^^^^^^^^^^^
  File "/root/.cache/user_artifacts/trainers_main/server/.venv/lib/python3.12/site-packages/urllib3/connection.py", line 219, in _new_conn
    raise NewConnectionError(
urllib3.exceptions.NewConnectionError: HTTPConnection(host='localhost', port=4318): Failed to establish a new connection: [Errno 111] Connection refused

The above exception was the direct cause of the following exception:

Traceback (most recent call last):
  File "/root/.cache/user_artifacts/trainers_main/server/.venv/lib/python3.12/site-packages/requests/adapters.py", line 644, in send
    resp = conn.urlopen(
           ^^^^^^^^^^^^^
  File "/root/.cache/user_artifacts/trainers_main/server/.venv/lib/python3.12/site-packages/urllib3/connectionpool.py", line 841, in urlopen
    retries = retries.increment(
              ^^^^^^^^^^^^^^^^^^
  File "/root/.cache/user_artifacts/trainers_main/server/.venv/lib/python3.12/site-packages/urllib3/util/retry.py", line 535, in increment
    raise MaxRetryError(_pool, url, reason) from reason  # type: ignore[arg-type]
    ^^^^^^^^^^^^^^^^^^^^^^^^^^^^^^^^^^^^^^^^^^^^^^^^^^^
urllib3.exceptions.MaxRetryError: HTTPConnectionPool(host='localhost', port=4318): Max retries exceeded with url: /v1/traces (Caused by NewConnectionError("HTTPConnection(host='localhost', port=4318): Failed to establish a new connection: [Errno 111] Connection refused"))

During handling of the above exception, another exception occurred:

Traceback (most recent call last):
  File "/root/.cache/user_artifacts/trainers_main/server/.venv/lib/python3.12/site-packages/opentelemetry/sdk/trace/export/__init__.py", line 362, in _export_batch
    self.span_exporter.export(self.spans_list[:idx])  # type: ignore
    ^^^^^^^^^^^^^^^^^^^^^^^^^^^^^^^^^^^^^^^^^^^^^^^^
  File "/root/.cache/user_artifacts/trainers_main/server/.venv/lib/python3.12/site-packages/opentelemetry/exporter/otlp/proto/http/trace_exporter/__init__.py", line 139, in export
    resp = self._export(serialized_data)
           ^^^^^^^^^^^^^^^^^^^^^^^^^^^^^
  File "/root/.cache/user_artifacts/trainers_main/server/.venv/lib/python3.12/site-packages/opentelemetry/exporter/otlp/proto/http/trace_exporter/__init__.py", line 110, in _export
    return self._session.post(
           ^^^^^^^^^^^^^^^^^^^
  File "/root/.cache/user_artifacts/trainers_main/server/.venv/lib/python3.12/site-packages/requests/sessions.py", line 637, in post
    return self.request("POST", url, data=data, json=json, **kwargs)
           ^^^^^^^^^^^^^^^^^^^^^^^^^^^^^^^^^^^^^^^^^^^^^^^^^^^^^^^^^
  File "/root/.cache/user_artifacts/trainers_main/server/.venv/lib/python3.12/site-packages/requests/sessions.py", line 589, in request
    resp = self.send(prep, **send_kwargs)
           ^^^^^^^^^^^^^^^^^^^^^^^^^^^^^^
  File "/root/.cache/user_artifacts/trainers_main/server/.venv/lib/python3.12/site-packages/requests/sessions.py", line 703, in send
    r = adapter.send(request, **kwargs)
        ^^^^^^^^^^^^^^^^^^^^^^^^^^^^^^^
  File "/root/.cache/user_artifacts/trainers_main/server/.venv/lib/python3.12/site-packages/requests/adapters.py", line 677, in send
    raise ConnectionError(e, request=request)
requests.exceptions.ConnectionError: HTTPConnectionPool(host='localhost', port=4318): Max retries exceeded with url: /v1/traces (Caused by NewConnectionError("HTTPConnection(host='localhost', port=4318): Failed to establish a new connection: [Errno 111] Connection refused"))
WARNING:megatron.core.transformer.moe.router:BT_MOE_ROUTING_REPLAY_FORCE window 7 (312 replay passes): {'stashes': 2250, 'forces': 2183, 'misses': 0, 'shape_mismatches': 0, 'verify_asserts': 0}; in-flight stash 140.5 MB (peak 157.3 MB)
WARNING:megatron.core.transformer.moe.router:BT_MOE_ROUTING_REPLAY_FORCE window 7 (312 replay passes): {'stashes': 2250, 'forces': 2183, 'misses': 0, 'shape_mismatches': 0, 'verify_asserts': 0}; in-flight stash 140.5 MB (peak 157.3 MB)
WARNING:megatron.core.transformer.moe.router:BT_MOE_ROUTING_REPLAY_FORCE window 7 (312 replay passes): {'stashes': 2250, 'forces': 2183, 'misses': 0, 'shape_mismatches': 0, 'verify_asserts': 0}; in-flight stash 140.5 MB (peak 157.3 MB)
WARNING:megatron.core.transformer.moe.router:BT_MOE_ROUTING_REPLAY_FORCE window 7 (312 replay passes): {'stashes': 2250, 'forces': 2183, 'misses': 0, 'shape_mismatches': 0, 'verify_asserts': 0}; in-flight stash 140.5 MB (peak 157.3 MB)
WARNING:megatron.core.transformer.moe.router:BT_MOE_ROUTING_REPLAY_FORCE window 7 (312 replay passes): {'stashes': 2250, 'forces': 2183, 'misses': 0, 'shape_mismatches': 0, 'verify_asserts': 0}; in-flight stash 140.5 MB (peak 157.3 MB)
WARNING:megatron.core.transformer.moe.router:BT_MOE_ROUTING_REPLAY_FORCE window 7 (312 replay passes): {'stashes': 2250, 'forces': 2183, 'misses': 0, 'shape_mismatches': 0, 'verify_asserts': 0}; in-flight stash 140.5 MB (peak 157.3 MB)
WARNING:megatron.core.transformer.moe.router:BT_MOE_ROUTING_REPLAY_FORCE window 7 (312 replay passes): {'stashes': 2250, 'forces': 2183, 'misses': 0, 'shape_mismatches': 0, 'verify_asserts': 0}; in-flight stash 140.5 MB (peak 157.3 MB)
WARNING:megatron.core.transformer.moe.router:BT_MOE_ROUTING_REPLAY_FORCE window 7 (312 replay passes): {'stashes': 2250, 'forces': 2183, 'misses': 0, 'shape_mismatches': 0, 'verify_asserts': 0}; in-flight stash 140.5 MB (peak 157.3 MB)
WARNING:megatron.core.transformer.moe.router:BT_MOE_ROUTING_REPLAY_FORCE window 7 (312 replay passes): {'stashes': 2250, 'forces': 2183, 'misses': 0, 'shape_mismatches': 0, 'verify_asserts': 0}; in-flight stash 140.5 MB (peak 157.3 MB)
WARNING:megatron.core.transformer.moe.router:BT_MOE_ROUTING_REPLAY_FORCE window 7 (312 replay passes): {'stashes': 2250, 'forces': 2183, 'misses': 0, 'shape_mismatches': 0, 'verify_asserts': 0}; in-flight stash 140.5 MB (peak 157.3 MB)
WARNING:megatron.core.transformer.moe.router:BT_MOE_ROUTING_REPLAY_FORCE window 7 (312 replay passes): {'stashes': 2250, 'forces': 2183, 'misses': 0, 'shape_mismatches': 0, 'verify_asserts': 0}; in-flight stash 140.5 MB (peak 157.3 MB)
WARNING:megatron.core.transformer.moe.router:BT_MOE_ROUTING_REPLAY_FORCE window 7 (312 replay passes): {'stashes': 2250, 'forces': 2183, 'misses': 0, 'shape_mismatches': 0, 'verify_asserts': 0}; in-flight stash 140.5 MB (peak 157.3 MB)
WARNING:megatron.core.transformer.moe.router:BT_MOE_ROUTING_REPLAY_FORCE window 7 (312 replay passes): {'stashes': 2250, 'forces': 2183, 'misses': 0, 'shape_mismatches': 0, 'verify_asserts': 0}; in-flight stash 140.5 MB (peak 157.3 MB)
WARNING:megatron.core.transformer.moe.router:BT_MOE_ROUTING_REPLAY_FORCE window 7 (312 replay passes): {'stashes': 2250, 'forces': 2183, 'misses': 0, 'shape_mismatches': 0, 'verify_asserts': 0}; in-flight stash 140.5 MB (peak 157.3 MB)
WARNING:megatron.core.transformer.moe.router:BT_MOE_ROUTING_REPLAY_FORCE window 7 (312 replay passes): {'stashes': 2250, 'forces': 2183, 'misses': 0, 'shape_mismatches': 0, 'verify_asserts': 0}; in-flight stash 140.5 MB (peak 157.3 MB)
WARNING:megatron.core.transformer.moe.router:BT_MOE_ROUTING_REPLAY_FORCE window 7 (312 replay passes): {'stashes': 2250, 'forces': 2183, 'misses': 0, 'shape_mismatches': 0, 'verify_asserts': 0}; in-flight stash 140.5 MB (peak 157.3 MB)
WARNING:megatron.core.transformer.moe.token_dispatcher:BT_MOE_PROBS_A2A_COMM window 15 (300 gated dispatches): {'token_issues': 4500, 'probs_issues': 4500, 'waits': 9000}
WARNING:megatron.core.transformer.moe.token_dispatcher:BT_MOE_PROBS_A2A_COMM window 15 (300 gated dispatches): {'token_issues': 4500, 'probs_issues': 4500, 'waits': 9000}
WARNING:megatron.core.transformer.moe.token_dispatcher:BT_MOE_PROBS_A2A_COMM window 15 (300 gated dispatches): {'token_issues': 4500, 'probs_issues': 4500, 'waits': 9000}
WARNING:megatron.core.transformer.moe.token_dispatcher:BT_MOE_PROBS_A2A_COMM window 15 (300 gated dispatches): {'token_issues': 4500, 'probs_issues': 4500, 'waits': 9000}
WARNING:megatron.core.transformer.moe.token_dispatcher:BT_MOE_PROBS_A2A_COMM window 15 (300 gated dispatches): {'token_issues': 4500, 'probs_issues': 4500, 'waits': 9000}
WARNING:megatron.core.transformer.moe.token_dispatcher:BT_MOE_PROBS_A2A_COMM window 15 (300 gated dispatches): {'token_issues': 4500, 'probs_issues': 4500, 'waits': 9000}
WARNING:megatron.core.transformer.moe.token_dispatcher:BT_MOE_PROBS_A2A_COMM window 15 (300 gated dispatches): {'token_issues': 4500, 'probs_issues': 4500, 'waits': 9000}
WARNING:megatron.core.transformer.moe.token_dispatcher:BT_MOE_PROBS_A2A_COMM window 15 (300 gated dispatches): {'token_issues': 4500, 'probs_issues': 4500, 'waits': 9000}
WARNING:megatron.core.transformer.moe.token_dispatcher:BT_MOE_PROBS_A2A_COMM window 15 (300 gated dispatches): {'token_issues': 4500, 'probs_issues': 4500, 'waits': 9000}
WARNING:megatron.core.transformer.moe.token_dispatcher:BT_MOE_PROBS_A2A_COMM window 15 (300 gated dispatches): {'token_issues': 4500, 'probs_issues': 4500, 'waits': 9000}
WARNING:megatron.core.transformer.moe.token_dispatcher:BT_MOE_PROBS_A2A_COMM window 15 (300 gated dispatches): {'token_issues': 4500, 'probs_issues': 4500, 'waits': 9000}
WARNING:megatron.core.transformer.moe.token_dispatcher:BT_MOE_PROBS_A2A_COMM window 15 (300 gated dispatches): {'token_issues': 4500, 'probs_issues': 4500, 'waits': 9000}
WARNING:megatron.core.transformer.moe.token_dispatcher:BT_MOE_PROBS_A2A_COMM window 15 (300 gated dispatches): {'token_issues': 4500, 'probs_issues': 4500, 'waits': 9000}
WARNING:megatron.core.transformer.moe.token_dispatcher:BT_MOE_PROBS_A2A_COMM window 15 (300 gated dispatches): {'token_issues': 4500, 'probs_issues': 4500, 'waits': 9000}
WARNING:megatron.core.transformer.moe.token_dispatcher:BT_MOE_PROBS_A2A_COMM window 15 (300 gated dispatches): {'token_issues': 4500, 'probs_issues': 4500, 'waits': 9000}
WARNING:megatron.core.transformer.moe.token_dispatcher:BT_MOE_PROBS_A2A_COMM window 15 (300 gated dispatches): {'token_issues': 4500, 'probs_issues': 4500, 'waits': 9000}
WARNING:megatron.core.transformer.moe.token_dispatcher:BT_MOE_DISPATCH_REPLAY_CACHE window 8 (300 replay lookups): {'stores': 2400, 'hits': 2400, 'misses': 0, 'shape_mismatches': 0, 'verifies': 0}
WARNING:megatron.core.transformer.moe.token_dispatcher:BT_MOE_DISPATCH_REPLAY_CACHE window 8 (300 replay lookups): {'stores': 2400, 'hits': 2400, 'misses': 0, 'shape_mismatches': 0, 'verifies': 0}
WARNING:megatron.core.transformer.moe.token_dispatcher:BT_MOE_DISPATCH_REPLAY_CACHE window 8 (300 replay lookups): {'stores': 2400, 'hits': 2400, 'misses': 0, 'shape_mismatches': 0, 'verifies': 0}
WARNING:megatron.core.transformer.moe.token_dispatcher:BT_MOE_DISPATCH_REPLAY_CACHE window 8 (300 replay lookups): {'stores': 2400, 'hits': 2400, 'misses': 0, 'shape_mismatches': 0, 'verifies': 0}
WARNING:megatron.core.transformer.moe.token_dispatcher:BT_MOE_DISPATCH_REPLAY_CACHE window 8 (300 replay lookups): {'stores': 2400, 'hits': 2400, 'misses': 0, 'shape_mismatches': 0, 'verifies': 0}
WARNING:megatron.core.transformer.moe.token_dispatcher:BT_MOE_DISPATCH_REPLAY_CACHE window 8 (300 replay lookups): {'stores': 2400, 'hits': 2400, 'misses': 0, 'shape_mismatches': 0, 'verifies': 0}
WARNING:megatron.core.transformer.moe.token_dispatcher:BT_MOE_DISPATCH_REPLAY_CACHE window 8 (300 replay lookups): {'stores': 2400, 'hits': 2400, 'misses': 0, 'shape_mismatches': 0, 'verifies': 0}
WARNING:megatron.core.transformer.moe.token_dispatcher:BT_MOE_DISPATCH_REPLAY_CACHE window 8 (300 replay lookups): {'stores': 2400, 'hits': 2400, 'misses': 0, 'shape_mismatches': 0, 'verifies': 0}
WARNING:megatron.core.transformer.moe.token_dispatcher:BT_MOE_DISPATCH_REPLAY_CACHE window 8 (300 replay lookups): {'stores': 2400, 'hits': 2400, 'misses': 0, 'shape_mismatches': 0, 'verifies': 0}
WARNING:megatron.core.transformer.moe.token_dispatcher:BT_MOE_DISPATCH_REPLAY_CACHE window 8 (300 replay lookups): {'stores': 2400, 'hits': 2400, 'misses': 0, 'shape_mismatches': 0, 'verifies': 0}
WARNING:megatron.core.transformer.moe.token_dispatcher:BT_MOE_DISPATCH_REPLAY_CACHE window 8 (300 replay lookups): {'stores': 2400, 'hits': 2400, 'misses': 0, 'shape_mismatches': 0, 'verifies': 0}
WARNING:megatron.core.transformer.moe.token_dispatcher:BT_MOE_DISPATCH_REPLAY_CACHE window 8 (300 replay lookups): {'stores': 2400, 'hits': 2400, 'misses': 0, 'shape_mismatches': 0, 'verifies': 0}
WARNING:megatron.core.transformer.moe.token_dispatcher:BT_MOE_DISPATCH_REPLAY_CACHE window 8 (300 replay lookups): {'stores': 2400, 'hits': 2400, 'misses': 0, 'shape_mismatches': 0, 'verifies': 0}
WARNING:megatron.core.transformer.moe.token_dispatcher:BT_MOE_DISPATCH_REPLAY_CACHE window 8 (300 replay lookups): {'stores': 2400, 'hits': 2400, 'misses': 0, 'shape_mismatches': 0, 'verifies': 0}
WARNING:megatron.core.transformer.moe.token_dispatcher:BT_MOE_DISPATCH_REPLAY_CACHE window 8 (300 replay lookups): {'stores': 2400, 'hits': 2400, 'misses': 0, 'shape_mismatches': 0, 'verifies': 0}
WARNING:megatron.core.transformer.moe.token_dispatcher:BT_MOE_DISPATCH_REPLAY_CACHE window 8 (300 replay lookups): {'stores': 2400, 'hits': 2400, 'misses': 0, 'shape_mismatches': 0, 'verifies': 0}
WARNING:megatron.core.transformer.moe.token_dispatcher:BT_MOE_PROBS_A2A_COMM window 16 (300 gated dispatches): {'token_issues': 4800, 'probs_issues': 4800, 'waits': 9600}
WARNING:megatron.core.transformer.moe.token_dispatcher:BT_MOE_PROBS_A2A_COMM window 16 (300 gated dispatches): {'token_issues': 4800, 'probs_issues': 4800, 'waits': 9600}
WARNING:megatron.core.transformer.moe.token_dispatcher:BT_MOE_PROBS_A2A_COMM window 16 (300 gated dispatches): {'token_issues': 4800, 'probs_issues': 4800, 'waits': 9600}
WARNING:megatron.core.transformer.moe.token_dispatcher:BT_MOE_PROBS_A2A_COMM window 16 (300 gated dispatches): {'token_issues': 4800, 'probs_issues': 4800, 'waits': 9600}
WARNING:megatron.core.transformer.moe.token_dispatcher:BT_MOE_PROBS_A2A_COMM window 16 (300 gated dispatches): {'token_issues': 4800, 'probs_issues': 4800, 'waits': 9600}
WARNING:megatron.core.transformer.moe.token_dispatcher:BT_MOE_PROBS_A2A_COMM window 16 (300 gated dispatches): {'token_issues': 4800, 'probs_issues': 4800, 'waits': 9600}
WARNING:megatron.core.transformer.moe.token_dispatcher:BT_MOE_PROBS_A2A_COMM window 16 (300 gated dispatches): {'token_issues': 4800, 'probs_issues': 4800, 'waits': 9600}
WARNING:megatron.core.transformer.moe.token_dispatcher:BT_MOE_PROBS_A2A_COMM window 16 (300 gated dispatches): {'token_issues': 4800, 'probs_issues': 4800, 'waits': 9600}
WARNING:megatron.core.transformer.moe.token_dispatcher:BT_MOE_PROBS_A2A_COMM window 16 (300 gated dispatches): {'token_issues': 4800, 'probs_issues': 4800, 'waits': 9600}
WARNING:megatron.core.transformer.moe.token_dispatcher:BT_MOE_PROBS_A2A_COMM window 16 (300 gated dispatches): {'token_issues': 4800, 'probs_issues': 4800, 'waits': 9600}
WARNING:megatron.core.transformer.moe.token_dispatcher:BT_MOE_PROBS_A2A_COMM window 16 (300 gated dispatches): {'token_issues': 4800, 'probs_issues': 4800, 'waits': 9600}
WARNING:megatron.core.transformer.moe.token_dispatcher:BT_MOE_PROBS_A2A_COMM window 16 (300 gated dispatches): {'token_issues': 4800, 'probs_issues': 4800, 'waits': 9600}
WARNING:megatron.core.transformer.moe.token_dispatcher:BT_MOE_PROBS_A2A_COMM window 16 (300 gated dispatches): {'token_issues': 4800, 'probs_issues': 4800, 'waits': 9600}
WARNING:megatron.core.transformer.moe.token_dispatcher:BT_MOE_PROBS_A2A_COMM window 16 (300 gated dispatches): {'token_issues': 4800, 'probs_issues': 4800, 'waits': 9600}
WARNING:megatron.core.transformer.moe.token_dispatcher:BT_MOE_PROBS_A2A_COMM window 16 (300 gated dispatches): {'token_issues': 4800, 'probs_issues': 4800, 'waits': 9600}
WARNING:megatron.core.transformer.moe.token_dispatcher:BT_MOE_PROBS_A2A_COMM window 16 (300 gated dispatches): {'token_issues': 4800, 'probs_issues': 4800, 'waits': 9600}
WARNING:megatron.core.transformer.experimental_attention_variant.dsa_cudnn_kernels:BT_DSA_BWD_ASYNC_NONEMPTY_V3 window 8 (312 probe reads): {'kicks': 2496, 'hits': 2496, 'misses': 0, 'probe_dropped': 0, 'fallbacks': 0, 'verifies': 2495}
WARNING:megatron.core.transformer.experimental_attention_variant.dsa_cudnn_kernels:BT_DSA_BWD_ASYNC_NONEMPTY_V3 window 8 (312 probe reads): {'kicks': 2496, 'hits': 2496, 'misses': 0, 'probe_dropped': 0, 'fallbacks': 0, 'verifies': 2495}
WARNING:megatron.core.transformer.experimental_attention_variant.dsa_cudnn_kernels:BT_DSA_BWD_ASYNC_NONEMPTY_V3 window 8 (312 probe reads): {'kicks': 2496, 'hits': 2496, 'misses': 0, 'probe_dropped': 0, 'fallbacks': 0, 'verifies': 2495}
WARNING:megatron.core.transformer.experimental_attention_variant.dsa_cudnn_kernels:BT_DSA_BWD_ASYNC_NONEMPTY_V3 window 8 (312 probe reads): {'kicks': 2496, 'hits': 2496, 'misses': 0, 'probe_dropped': 0, 'fallbacks': 0, 'verifies': 2495}
WARNING:megatron.core.transformer.experimental_attention_variant.dsa_cudnn_kernels:BT_DSA_BWD_ASYNC_NONEMPTY_V3 window 8 (312 probe reads): {'kicks': 2496, 'hits': 2496, 'misses': 0, 'probe_dropped': 0, 'fallbacks': 0, 'verifies': 2495}
WARNING:megatron.core.transformer.experimental_attention_variant.dsa_cudnn_kernels:BT_DSA_BWD_ASYNC_NONEMPTY_V3 window 8 (312 probe reads): {'kicks': 2496, 'hits': 2496, 'misses': 0, 'probe_dropped': 0, 'fallbacks': 0, 'verifies': 2495}
WARNING:megatron.core.transformer.experimental_attention_variant.dsa_cudnn_kernels:BT_DSA_BWD_ASYNC_NONEMPTY_V3 window 8 (312 probe reads): {'kicks': 2496, 'hits': 2496, 'misses': 0, 'probe_dropped': 0, 'fallbacks': 0, 'verifies': 2495}
WARNING:megatron.core.transformer.experimental_attention_variant.dsa_cudnn_kernels:BT_DSA_BWD_ASYNC_NONEMPTY_V3 window 8 (312 probe reads): {'kicks': 2496, 'hits': 2496, 'misses': 0, 'probe_dropped': 0, 'fallbacks': 0, 'verifies': 2495}
WARNING:megatron.core.transformer.experimental_attention_variant.dsa_cudnn_kernels:BT_DSA_BWD_ASYNC_NONEMPTY_V3 window 8 (312 probe reads): {'kicks': 2496, 'hits': 2496, 'misses': 0, 'probe_dropped': 0, 'fallbacks': 0, 'verifies': 2495}
WARNING:megatron.core.transformer.experimental_attention_variant.dsa_cudnn_kernels:BT_DSA_BWD_ASYNC_NONEMPTY_V3 window 8 (312 probe reads): {'kicks': 2496, 'hits': 2496, 'misses': 0, 'probe_dropped': 0, 'fallbacks': 0, 'verifies': 2495}
WARNING:megatron.core.transformer.experimental_attention_variant.dsa_cudnn_kernels:BT_DSA_BWD_ASYNC_NONEMPTY_V3 window 8 (312 probe reads): {'kicks': 2496, 'hits': 2496, 'misses': 0, 'probe_dropped': 0, 'fallbacks': 0, 'verifies': 2495}
WARNING:megatron.core.transformer.experimental_attention_variant.dsa_cudnn_kernels:BT_DSA_BWD_ASYNC_NONEMPTY_V3 window 8 (312 probe reads): {'kicks': 2496, 'hits': 2496, 'misses': 0, 'probe_dropped': 0, 'fallbacks': 0, 'verifies': 2495}
WARNING:megatron.core.transformer.experimental_attention_variant.dsa_cudnn_kernels:BT_DSA_BWD_ASYNC_NONEMPTY_V3 window 8 (312 probe reads): {'kicks': 2496, 'hits': 2496, 'misses': 0, 'probe_dropped': 0, 'fallbacks': 0, 'verifies': 2495}
WARNING:megatron.core.transformer.experimental_attention_variant.dsa_cudnn_kernels:BT_DSA_BWD_ASYNC_NONEMPTY_V3 window 8 (312 probe reads): {'kicks': 2496, 'hits': 2496, 'misses': 0, 'probe_dropped': 0, 'fallbacks': 0, 'verifies': 2495}
WARNING:megatron.core.transformer.experimental_attention_variant.dsa_cudnn_kernels:BT_DSA_BWD_ASYNC_NONEMPTY_V3 window 8 (312 probe reads): {'kicks': 2496, 'hits': 2496, 'misses': 0, 'probe_dropped': 0, 'fallbacks': 0, 'verifies': 2495}
WARNING:megatron.core.transformer.experimental_attention_variant.dsa_cudnn_kernels:BT_DSA_BWD_ASYNC_NONEMPTY_V3 window 8 (312 probe reads): {'kicks': 2496, 'hits': 2496, 'misses': 0, 'probe_dropped': 0, 'fallbacks': 0, 'verifies': 2495}
INFO:trainers_server.dp_worker.api.dispatcher_worker:dispatcher_worker: op=forward_backward operation_id=28b836e49cbc46f090ca11c222dbc389 done in 45.67s {'loss': 12.23413836775488}
INFO:trainers_server.dp_worker.api.server:retrieve: operation_id=28b836e49cbc46f090ca11c222dbc389 done after 15.70s
INFO:     127.0.0.1:45386 - "GET /operations/28b836e49cbc46f090ca11c222dbc389 HTTP/1.1" 200 OK
INFO:trainers_server.dp_worker.api.server:submit: op=optim_step operation_id=55d32cf75d5740b1b86375518e014ea3 enqueued (qsize=1) 
INFO:     127.0.0.1:45386 - "POST /optim_step HTTP/1.1" 202 Accepted
INFO:trainers_server.dp_worker.api.dispatcher_worker:dispatcher_worker: op=optim_step operation_id=55d32cf75d5740b1b86375518e014ea3 done in 0.04s step=8.0 learning_rate=1e-05 lr=1e-05 grad_norm=0.5111588835716248 tps=11473.258034720058 train_mean_nll=12.23413836775488 num_tokens=524288.0 num_loss_tokens=524284.0 step_seconds=45.696523028891534
INFO:trainers_server.dp_worker.api.server:retrieve: operation_id=55d32cf75d5740b1b86375518e014ea3 done after 0.03s
INFO:     127.0.0.1:45386 - "GET /operations/55d32cf75d5740b1b86375518e014ea3 HTTP/1.1" 200 OK
INFO:trainers_server.dp_worker.api.server:submit: op=forward_backward operation_id=aee9bbe13f3b4c8dab70e0f890b9717f enqueued (qsize=1) n_datums=4 total_tokens=524288 seq_len[min/max]=131072/131072
INFO:     127.0.0.1:45386 - "POST /forward_backward HTTP/1.1" 202 Accepted
ERROR:opentelemetry.sdk.trace.export:Exception while exporting Span batch.
Traceback (most recent call last):
  File "/root/.cache/user_artifacts/trainers_main/server/.venv/lib/python3.12/site-packages/urllib3/connection.py", line 204, in _new_conn
    sock = connection.create_connection(
           ^^^^^^^^^^^^^^^^^^^^^^^^^^^^^
  File "/root/.cache/user_artifacts/trainers_main/server/.venv/lib/python3.12/site-packages/urllib3/util/connection.py", line 85, in create_connection
    raise err
  File "/root/.cache/user_artifacts/trainers_main/server/.venv/lib/python3.12/site-packages/urllib3/util/connection.py", line 73, in create_connection
    sock.connect(sa)
ConnectionRefusedError: [Errno 111] Connection refused

The above exception was the direct cause of the following exception:

Traceback (most recent call last):
  File "/root/.cache/user_artifacts/trainers_main/server/.venv/lib/python3.12/site-packages/urllib3/connectionpool.py", line 787, in urlopen
    response = self._make_request(
               ^^^^^^^^^^^^^^^^^^^
  File "/root/.cache/user_artifacts/trainers_main/server/.venv/lib/python3.12/site-packages/urllib3/connectionpool.py", line 493, in _make_request
    conn.request(
  File "/root/.cache/user_artifacts/trainers_main/server/.venv/lib/python3.12/site-packages/urllib3/connection.py", line 500, in request
    self.endheaders()
  File "/usr/lib/python3.12/http/client.py", line 1360, in endheaders
    self._send_output(message_body, encode_chunked=encode_chunked)
  File "/usr/lib/python3.12/http/client.py", line 1120, in _send_output
    self.send(msg)
  File "/usr/lib/python3.12/http/client.py", line 1064, in send
    self.connect()
  File "/root/.cache/user_artifacts/trainers_main/server/.venv/lib/python3.12/site-packages/urllib3/connection.py", line 331, in connect
    self.sock = self._new_conn()
                ^^^^^^^^^^^^^^^^
  File "/root/.cache/user_artifacts/trainers_main/server/.venv/lib/python3.12/site-packages/urllib3/connection.py", line 219, in _new_conn
    raise NewConnectionError(
urllib3.exceptions.NewConnectionError: HTTPConnection(host='localhost', port=4318): Failed to establish a new connection: [Errno 111] Connection refused

The above exception was the direct cause of the following exception:

Traceback (most recent call last):
  File "/root/.cache/user_artifacts/trainers_main/server/.venv/lib/python3.12/site-packages/requests/adapters.py", line 644, in send
    resp = conn.urlopen(
           ^^^^^^^^^^^^^
  File "/root/.cache/user_artifacts/trainers_main/server/.venv/lib/python3.12/site-packages/urllib3/connectionpool.py", line 841, in urlopen
    retries = retries.increment(
              ^^^^^^^^^^^^^^^^^^
  File "/root/.cache/user_artifacts/trainers_main/server/.venv/lib/python3.12/site-packages/urllib3/util/retry.py", line 535, in increment
    raise MaxRetryError(_pool, url, reason) from reason  # type: ignore[arg-type]
    ^^^^^^^^^^^^^^^^^^^^^^^^^^^^^^^^^^^^^^^^^^^^^^^^^^^
urllib3.exceptions.MaxRetryError: HTTPConnectionPool(host='localhost', port=4318): Max retries exceeded with url: /v1/traces (Caused by NewConnectionError("HTTPConnection(host='localhost', port=4318): Failed to establish a new connection: [Errno 111] Connection refused"))

During handling of the above exception, another exception occurred:

Traceback (most recent call last):
  File "/root/.cache/user_artifacts/trainers_main/server/.venv/lib/python3.12/site-packages/opentelemetry/sdk/trace/export/__init__.py", line 362, in _export_batch
    self.span_exporter.export(self.spans_list[:idx])  # type: ignore
    ^^^^^^^^^^^^^^^^^^^^^^^^^^^^^^^^^^^^^^^^^^^^^^^^
  File "/root/.cache/user_artifacts/trainers_main/server/.venv/lib/python3.12/site-packages/opentelemetry/exporter/otlp/proto/http/trace_exporter/__init__.py", line 139, in export
    resp = self._export(serialized_data)
           ^^^^^^^^^^^^^^^^^^^^^^^^^^^^^
  File "/root/.cache/user_artifacts/trainers_main/server/.venv/lib/python3.12/site-packages/opentelemetry/exporter/otlp/proto/http/trace_exporter/__init__.py", line 110, in _export
    return self._session.post(
           ^^^^^^^^^^^^^^^^^^^
  File "/root/.cache/user_artifacts/trainers_main/server/.venv/lib/python3.12/site-packages/requests/sessions.py", line 637, in post
    return self.request("POST", url, data=data, json=json, **kwargs)
           ^^^^^^^^^^^^^^^^^^^^^^^^^^^^^^^^^^^^^^^^^^^^^^^^^^^^^^^^^
  File "/root/.cache/user_artifacts/trainers_main/server/.venv/lib/python3.12/site-packages/requests/sessions.py", line 589, in request
    resp = self.send(prep, **send_kwargs)
           ^^^^^^^^^^^^^^^^^^^^^^^^^^^^^^
  File "/root/.cache/user_artifacts/trainers_main/server/.venv/lib/python3.12/site-packages/requests/sessions.py", line 703, in send
    r = adapter.send(request, **kwargs)
        ^^^^^^^^^^^^^^^^^^^^^^^^^^^^^^^
  File "/root/.cache/user_artifacts/trainers_main/server/.venv/lib/python3.12/site-packages/requests/adapters.py", line 677, in send
    raise ConnectionError(e, request=request)
requests.exceptions.ConnectionError: HTTPConnectionPool(host='localhost', port=4318): Max retries exceeded with url: /v1/traces (Caused by NewConnectionError("HTTPConnection(host='localhost', port=4318): Failed to establish a new connection: [Errno 111] Connection refused"))
WARNING:megatron.core.transformer.moe.router:BT_MOE_ROUTING_REPLAY_FORCE window 8 (312 replay passes): {'stashes': 2550, 'forces': 2495, 'misses': 0, 'shape_mismatches': 0, 'verify_asserts': 0}; in-flight stash 115.3 MB (peak 157.3 MB)
WARNING:megatron.core.transformer.moe.router:BT_MOE_ROUTING_REPLAY_FORCE window 8 (312 replay passes): {'stashes': 2550, 'forces': 2495, 'misses': 0, 'shape_mismatches': 0, 'verify_asserts': 0}; in-flight stash 115.3 MB (peak 157.3 MB)
WARNING:megatron.core.transformer.moe.router:BT_MOE_ROUTING_REPLAY_FORCE window 8 (312 replay passes): {'stashes': 2550, 'forces': 2495, 'misses': 0, 'shape_mismatches': 0, 'verify_asserts': 0}; in-flight stash 115.3 MB (peak 157.3 MB)
WARNING:megatron.core.transformer.moe.router:BT_MOE_ROUTING_REPLAY_FORCE window 8 (312 replay passes): {'stashes': 2550, 'forces': 2495, 'misses': 0, 'shape_mismatches': 0, 'verify_asserts': 0}; in-flight stash 115.3 MB (peak 157.3 MB)
WARNING:megatron.core.transformer.moe.router:BT_MOE_ROUTING_REPLAY_FORCE window 8 (312 replay passes): {'stashes': 2550, 'forces': 2495, 'misses': 0, 'shape_mismatches': 0, 'verify_asserts': 0}; in-flight stash 115.3 MB (peak 157.3 MB)
WARNING:megatron.core.transformer.moe.router:BT_MOE_ROUTING_REPLAY_FORCE window 8 (312 replay passes): {'stashes': 2550, 'forces': 2495, 'misses': 0, 'shape_mismatches': 0, 'verify_asserts': 0}; in-flight stash 115.3 MB (peak 157.3 MB)
WARNING:megatron.core.transformer.moe.router:BT_MOE_ROUTING_REPLAY_FORCE window 8 (312 replay passes): {'stashes': 2550, 'forces': 2495, 'misses': 0, 'shape_mismatches': 0, 'verify_asserts': 0}; in-flight stash 115.3 MB (peak 157.3 MB)
WARNING:megatron.core.transformer.moe.router:BT_MOE_ROUTING_REPLAY_FORCE window 8 (312 replay passes): {'stashes': 2550, 'forces': 2495, 'misses': 0, 'shape_mismatches': 0, 'verify_asserts': 0}; in-flight stash 115.3 MB (peak 157.3 MB)
WARNING:megatron.core.transformer.moe.router:BT_MOE_ROUTING_REPLAY_FORCE window 8 (312 replay passes): {'stashes': 2550, 'forces': 2495, 'misses': 0, 'shape_mismatches': 0, 'verify_asserts': 0}; in-flight stash 115.3 MB (peak 157.3 MB)
WARNING:megatron.core.transformer.moe.router:BT_MOE_ROUTING_REPLAY_FORCE window 8 (312 replay passes): {'stashes': 2550, 'forces': 2495, 'misses': 0, 'shape_mismatches': 0, 'verify_asserts': 0}; in-flight stash 115.3 MB (peak 157.3 MB)
WARNING:megatron.core.transformer.moe.router:BT_MOE_ROUTING_REPLAY_FORCE window 8 (312 replay passes): {'stashes': 2550, 'forces': 2495, 'misses': 0, 'shape_mismatches': 0, 'verify_asserts': 0}; in-flight stash 115.3 MB (peak 157.3 MB)
WARNING:megatron.core.transformer.moe.router:BT_MOE_ROUTING_REPLAY_FORCE window 8 (312 replay passes): {'stashes': 2550, 'forces': 2495, 'misses': 0, 'shape_mismatches': 0, 'verify_asserts': 0}; in-flight stash 115.3 MB (peak 157.3 MB)
WARNING:megatron.core.transformer.moe.router:BT_MOE_ROUTING_REPLAY_FORCE window 8 (312 replay passes): {'stashes': 2550, 'forces': 2495, 'misses': 0, 'shape_mismatches': 0, 'verify_asserts': 0}; in-flight stash 115.3 MB (peak 157.3 MB)
WARNING:megatron.core.transformer.moe.router:BT_MOE_ROUTING_REPLAY_FORCE window 8 (312 replay passes): {'stashes': 2550, 'forces': 2495, 'misses': 0, 'shape_mismatches': 0, 'verify_asserts': 0}; in-flight stash 115.3 MB (peak 157.3 MB)
WARNING:megatron.core.transformer.moe.router:BT_MOE_ROUTING_REPLAY_FORCE window 8 (312 replay passes): {'stashes': 2550, 'forces': 2495, 'misses': 0, 'shape_mismatches': 0, 'verify_asserts': 0}; in-flight stash 115.3 MB (peak 157.3 MB)
WARNING:megatron.core.transformer.moe.router:BT_MOE_ROUTING_REPLAY_FORCE window 8 (312 replay passes): {'stashes': 2550, 'forces': 2495, 'misses': 0, 'shape_mismatches': 0, 'verify_asserts': 0}; in-flight stash 115.3 MB (peak 157.3 MB)
WARNING:megatron.core.transformer.moe.token_dispatcher:BT_MOE_PROBS_A2A_COMM window 17 (300 gated dispatches): {'token_issues': 5100, 'probs_issues': 5100, 'waits': 10200}
WARNING:megatron.core.transformer.moe.token_dispatcher:BT_MOE_PROBS_A2A_COMM window 17 (300 gated dispatches): {'token_issues': 5100, 'probs_issues': 5100, 'waits': 10200}
WARNING:megatron.core.transformer.moe.token_dispatcher:BT_MOE_PROBS_A2A_COMM window 17 (300 gated dispatches): {'token_issues': 5100, 'probs_issues': 5100, 'waits': 10200}
WARNING:megatron.core.transformer.moe.token_dispatcher:BT_MOE_PROBS_A2A_COMM window 17 (300 gated dispatches): {'token_issues': 5100, 'probs_issues': 5100, 'waits': 10200}
WARNING:megatron.core.transformer.moe.token_dispatcher:BT_MOE_PROBS_A2A_COMM window 17 (300 gated dispatches): {'token_issues': 5100, 'probs_issues': 5100, 'waits': 10200}
WARNING:megatron.core.transformer.moe.token_dispatcher:BT_MOE_PROBS_A2A_COMM window 17 (300 gated dispatches): {'token_issues': 5100, 'probs_issues': 5100, 'waits': 10200}
WARNING:megatron.core.transformer.moe.token_dispatcher:BT_MOE_PROBS_A2A_COMM window 17 (300 gated dispatches): {'token_issues': 5100, 'probs_issues': 5100, 'waits': 10200}
WARNING:megatron.core.transformer.moe.token_dispatcher:BT_MOE_PROBS_A2A_COMM window 17 (300 gated dispatches): {'token_issues': 5100, 'probs_issues': 5100, 'waits': 10200}
WARNING:megatron.core.transformer.moe.token_dispatcher:BT_MOE_PROBS_A2A_COMM window 17 (300 gated dispatches): {'token_issues': 5100, 'probs_issues': 5100, 'waits': 10200}
WARNING:megatron.core.transformer.moe.token_dispatcher:BT_MOE_PROBS_A2A_COMM window 17 (300 gated dispatches): {'token_issues': 5100, 'probs_issues': 5100, 'waits': 10200}
WARNING:megatron.core.transformer.moe.token_dispatcher:BT_MOE_PROBS_A2A_COMM window 17 (300 gated dispatches): {'token_issues': 5100, 'probs_issues': 5100, 'waits': 10200}
WARNING:megatron.core.transformer.moe.token_dispatcher:BT_MOE_PROBS_A2A_COMM window 17 (300 gated dispatches): {'token_issues': 5100, 'probs_issues': 5100, 'waits': 10200}
WARNING:megatron.core.transformer.moe.token_dispatcher:BT_MOE_PROBS_A2A_COMM window 17 (300 gated dispatches): {'token_issues': 5100, 'probs_issues': 5100, 'waits': 10200}
WARNING:megatron.core.transformer.moe.token_dispatcher:BT_MOE_PROBS_A2A_COMM window 17 (300 gated dispatches): {'token_issues': 5100, 'probs_issues': 5100, 'waits': 10200}
WARNING:megatron.core.transformer.moe.token_dispatcher:BT_MOE_PROBS_A2A_COMM window 17 (300 gated dispatches): {'token_issues': 5100, 'probs_issues': 5100, 'waits': 10200}
WARNING:megatron.core.transformer.moe.token_dispatcher:BT_MOE_PROBS_A2A_COMM window 17 (300 gated dispatches): {'token_issues': 5100, 'probs_issues': 5100, 'waits': 10200}
WARNING:megatron.core.transformer.moe.token_dispatcher:BT_MOE_DISPATCH_REPLAY_CACHE window 9 (300 replay lookups): {'stores': 2700, 'hits': 2700, 'misses': 0, 'shape_mismatches': 0, 'verifies': 0}
WARNING:megatron.core.transformer.moe.token_dispatcher:BT_MOE_DISPATCH_REPLAY_CACHE window 9 (300 replay lookups): {'stores': 2700, 'hits': 2700, 'misses': 0, 'shape_mismatches': 0, 'verifies': 0}
WARNING:megatron.core.transformer.moe.token_dispatcher:BT_MOE_DISPATCH_REPLAY_CACHE window 9 (300 replay lookups): {'stores': 2700, 'hits': 2700, 'misses': 0, 'shape_mismatches': 0, 'verifies': 0}
WARNING:megatron.core.transformer.moe.token_dispatcher:BT_MOE_DISPATCH_REPLAY_CACHE window 9 (300 replay lookups): {'stores': 2700, 'hits': 2700, 'misses': 0, 'shape_mismatches': 0, 'verifies': 0}
WARNING:megatron.core.transformer.moe.token_dispatcher:BT_MOE_DISPATCH_REPLAY_CACHE window 9 (300 replay lookups): {'stores': 2700, 'hits': 2700, 'misses': 0, 'shape_mismatches': 0, 'verifies': 0}
WARNING:megatron.core.transformer.moe.token_dispatcher:BT_MOE_DISPATCH_REPLAY_CACHE window 9 (300 replay lookups): {'stores': 2700, 'hits': 2700, 'misses': 0, 'shape_mismatches': 0, 'verifies': 0}
WARNING:megatron.core.transformer.moe.token_dispatcher:BT_MOE_DISPATCH_REPLAY_CACHE window 9 (300 replay lookups): {'stores': 2700, 'hits': 2700, 'misses': 0, 'shape_mismatches': 0, 'verifies': 0}
WARNING:megatron.core.transformer.moe.token_dispatcher:BT_MOE_DISPATCH_REPLAY_CACHE window 9 (300 replay lookups): {'stores': 2700, 'hits': 2700, 'misses': 0, 'shape_mismatches': 0, 'verifies': 0}
WARNING:megatron.core.transformer.moe.token_dispatcher:BT_MOE_DISPATCH_REPLAY_CACHE window 9 (300 replay lookups): {'stores': 2700, 'hits': 2700, 'misses': 0, 'shape_mismatches': 0, 'verifies': 0}
WARNING:megatron.core.transformer.moe.token_dispatcher:BT_MOE_DISPATCH_REPLAY_CACHE window 9 (300 replay lookups): {'stores': 2700, 'hits': 2700, 'misses': 0, 'shape_mismatches': 0, 'verifies': 0}
WARNING:megatron.core.transformer.moe.token_dispatcher:BT_MOE_DISPATCH_REPLAY_CACHE window 9 (300 replay lookups): {'stores': 2700, 'hits': 2700, 'misses': 0, 'shape_mismatches': 0, 'verifies': 0}
WARNING:megatron.core.transformer.moe.token_dispatcher:BT_MOE_DISPATCH_REPLAY_CACHE window 9 (300 replay lookups): {'stores': 2700, 'hits': 2700, 'misses': 0, 'shape_mismatches': 0, 'verifies': 0}
WARNING:megatron.core.transformer.moe.token_dispatcher:BT_MOE_DISPATCH_REPLAY_CACHE window 9 (300 replay lookups): {'stores': 2700, 'hits': 2700, 'misses': 0, 'shape_mismatches': 0, 'verifies': 0}
WARNING:megatron.core.transformer.moe.token_dispatcher:BT_MOE_DISPATCH_REPLAY_CACHE window 9 (300 replay lookups): {'stores': 2700, 'hits': 2700, 'misses': 0, 'shape_mismatches': 0, 'verifies': 0}
WARNING:megatron.core.transformer.moe.token_dispatcher:BT_MOE_DISPATCH_REPLAY_CACHE window 9 (300 replay lookups): {'stores': 2700, 'hits': 2700, 'misses': 0, 'shape_mismatches': 0, 'verifies': 0}
WARNING:megatron.core.transformer.moe.token_dispatcher:BT_MOE_DISPATCH_REPLAY_CACHE window 9 (300 replay lookups): {'stores': 2700, 'hits': 2700, 'misses': 0, 'shape_mismatches': 0, 'verifies': 0}
WARNING:megatron.core.transformer.moe.token_dispatcher:BT_MOE_PROBS_A2A_COMM window 18 (300 gated dispatches): {'token_issues': 5400, 'probs_issues': 5400, 'waits': 10800}
WARNING:megatron.core.transformer.moe.token_dispatcher:BT_MOE_PROBS_A2A_COMM window 18 (300 gated dispatches): {'token_issues': 5400, 'probs_issues': 5400, 'waits': 10800}
WARNING:megatron.core.transformer.moe.token_dispatcher:BT_MOE_PROBS_A2A_COMM window 18 (300 gated dispatches): {'token_issues': 5400, 'probs_issues': 5400, 'waits': 10800}
WARNING:megatron.core.transformer.moe.token_dispatcher:BT_MOE_PROBS_A2A_COMM window 18 (300 gated dispatches): {'token_issues': 5400, 'probs_issues': 5400, 'waits': 10800}
WARNING:megatron.core.transformer.moe.token_dispatcher:BT_MOE_PROBS_A2A_COMM window 18 (300 gated dispatches): {'token_issues': 5400, 'probs_issues': 5400, 'waits': 10800}
WARNING:megatron.core.transformer.moe.token_dispatcher:BT_MOE_PROBS_A2A_COMM window 18 (300 gated dispatches): {'token_issues': 5400, 'probs_issues': 5400, 'waits': 10800}
WARNING:megatron.core.transformer.moe.token_dispatcher:BT_MOE_PROBS_A2A_COMM window 18 (300 gated dispatches): {'token_issues': 5400, 'probs_issues': 5400, 'waits': 10800}
WARNING:megatron.core.transformer.moe.token_dispatcher:BT_MOE_PROBS_A2A_COMM window 18 (300 gated dispatches): {'token_issues': 5400, 'probs_issues': 5400, 'waits': 10800}
WARNING:megatron.core.transformer.moe.token_dispatcher:BT_MOE_PROBS_A2A_COMM window 18 (300 gated dispatches): {'token_issues': 5400, 'probs_issues': 5400, 'waits': 10800}
WARNING:megatron.core.transformer.moe.token_dispatcher:BT_MOE_PROBS_A2A_COMM window 18 (300 gated dispatches): {'token_issues': 5400, 'probs_issues': 5400, 'waits': 10800}
WARNING:megatron.core.transformer.moe.token_dispatcher:BT_MOE_PROBS_A2A_COMM window 18 (300 gated dispatches): {'token_issues': 5400, 'probs_issues': 5400, 'waits': 10800}
WARNING:megatron.core.transformer.moe.token_dispatcher:BT_MOE_PROBS_A2A_COMM window 18 (300 gated dispatches): {'token_issues': 5400, 'probs_issues': 5400, 'waits': 10800}
WARNING:megatron.core.transformer.moe.token_dispatcher:BT_MOE_PROBS_A2A_COMM window 18 (300 gated dispatches): {'token_issues': 5400, 'probs_issues': 5400, 'waits': 10800}
WARNING:megatron.core.transformer.moe.token_dispatcher:BT_MOE_PROBS_A2A_COMM window 18 (300 gated dispatches): {'token_issues': 5400, 'probs_issues': 5400, 'waits': 10800}
WARNING:megatron.core.transformer.moe.token_dispatcher:BT_MOE_PROBS_A2A_COMM window 18 (300 gated dispatches): {'token_issues': 5400, 'probs_issues': 5400, 'waits': 10800}
WARNING:megatron.core.transformer.moe.token_dispatcher:BT_MOE_PROBS_A2A_COMM window 18 (300 gated dispatches): {'token_issues': 5400, 'probs_issues': 5400, 'waits': 10800}
WARNING:megatron.core.transformer.experimental_attention_variant.dsa_cudnn_kernels:BT_DSA_BWD_ASYNC_NONEMPTY_V3 window 9 (312 probe reads): {'kicks': 2808, 'hits': 2808, 'misses': 0, 'probe_dropped': 0, 'fallbacks': 0, 'verifies': 2807}
WARNING:megatron.core.transformer.experimental_attention_variant.dsa_cudnn_kernels:BT_DSA_BWD_ASYNC_NONEMPTY_V3 window 9 (312 probe reads): {'kicks': 2808, 'hits': 2808, 'misses': 0, 'probe_dropped': 0, 'fallbacks': 0, 'verifies': 2807}
WARNING:megatron.core.transformer.experimental_attention_variant.dsa_cudnn_kernels:BT_DSA_BWD_ASYNC_NONEMPTY_V3 window 9 (312 probe reads): {'kicks': 2808, 'hits': 2808, 'misses': 0, 'probe_dropped': 0, 'fallbacks': 0, 'verifies': 2807}
WARNING:megatron.core.transformer.experimental_attention_variant.dsa_cudnn_kernels:BT_DSA_BWD_ASYNC_NONEMPTY_V3 window 9 (312 probe reads): {'kicks': 2808, 'hits': 2808, 'misses': 0, 'probe_dropped': 0, 'fallbacks': 0, 'verifies': 2807}
WARNING:megatron.core.transformer.experimental_attention_variant.dsa_cudnn_kernels:BT_DSA_BWD_ASYNC_NONEMPTY_V3 window 9 (312 probe reads): {'kicks': 2808, 'hits': 2808, 'misses': 0, 'probe_dropped': 0, 'fallbacks': 0, 'verifies': 2807}
WARNING:megatron.core.transformer.experimental_attention_variant.dsa_cudnn_kernels:BT_DSA_BWD_ASYNC_NONEMPTY_V3 window 9 (312 probe reads): {'kicks': 2808, 'hits': 2808, 'misses': 0, 'probe_dropped': 0, 'fallbacks': 0, 'verifies': 2807}
WARNING:megatron.core.transformer.experimental_attention_variant.dsa_cudnn_kernels:BT_DSA_BWD_ASYNC_NONEMPTY_V3 window 9 (312 probe reads): {'kicks': 2808, 'hits': 2808, 'misses': 0, 'probe_dropped': 0, 'fallbacks': 0, 'verifies': 2807}
WARNING:megatron.core.transformer.experimental_attention_variant.dsa_cudnn_kernels:BT_DSA_BWD_ASYNC_NONEMPTY_V3 window 9 (312 probe reads): {'kicks': 2808, 'hits': 2808, 'misses': 0, 'probe_dropped': 0, 'fallbacks': 0, 'verifies': 2807}
WARNING:megatron.core.transformer.experimental_attention_variant.dsa_cudnn_kernels:BT_DSA_BWD_ASYNC_NONEMPTY_V3 window 9 (312 probe reads): {'kicks': 2808, 'hits': 2808, 'misses': 0, 'probe_dropped': 0, 'fallbacks': 0, 'verifies': 2807}
WARNING:megatron.core.transformer.experimental_attention_variant.dsa_cudnn_kernels:BT_DSA_BWD_ASYNC_NONEMPTY_V3 window 9 (312 probe reads): {'kicks': 2808, 'hits': 2808, 'misses': 0, 'probe_dropped': 0, 'fallbacks': 0, 'verifies': 2807}
WARNING:megatron.core.transformer.experimental_attention_variant.dsa_cudnn_kernels:BT_DSA_BWD_ASYNC_NONEMPTY_V3 window 9 (312 probe reads): {'kicks': 2808, 'hits': 2808, 'misses': 0, 'probe_dropped': 0, 'fallbacks': 0, 'verifies': 2807}
WARNING:megatron.core.transformer.experimental_attention_variant.dsa_cudnn_kernels:BT_DSA_BWD_ASYNC_NONEMPTY_V3 window 9 (312 probe reads): {'kicks': 2808, 'hits': 2808, 'misses': 0, 'probe_dropped': 0, 'fallbacks': 0, 'verifies': 2807}
WARNING:megatron.core.transformer.experimental_attention_variant.dsa_cudnn_kernels:BT_DSA_BWD_ASYNC_NONEMPTY_V3 window 9 (312 probe reads): {'kicks': 2808, 'hits': 2808, 'misses': 0, 'probe_dropped': 0, 'fallbacks': 0, 'verifies': 2807}
WARNING:megatron.core.transformer.experimental_attention_variant.dsa_cudnn_kernels:BT_DSA_BWD_ASYNC_NONEMPTY_V3 window 9 (312 probe reads): {'kicks': 2808, 'hits': 2808, 'misses': 0, 'probe_dropped': 0, 'fallbacks': 0, 'verifies': 2807}
WARNING:megatron.core.transformer.experimental_attention_variant.dsa_cudnn_kernels:BT_DSA_BWD_ASYNC_NONEMPTY_V3 window 9 (312 probe reads): {'kicks': 2808, 'hits': 2808, 'misses': 0, 'probe_dropped': 0, 'fallbacks': 0, 'verifies': 2807}
WARNING:megatron.core.transformer.experimental_attention_variant.dsa_cudnn_kernels:BT_DSA_BWD_ASYNC_NONEMPTY_V3 window 9 (312 probe reads): {'kicks': 2808, 'hits': 2808, 'misses': 0, 'probe_dropped': 0, 'fallbacks': 0, 'verifies': 2807}
INFO:trainers_server.dp_worker.api.dispatcher_worker:dispatcher_worker: op=forward_backward operation_id=aee9bbe13f3b4c8dab70e0f890b9717f done in 46.52s {'loss': 12.21975780302279}
INFO:trainers_server.dp_worker.api.server:retrieve: operation_id=aee9bbe13f3b4c8dab70e0f890b9717f done after 16.54s
INFO:     127.0.0.1:45386 - "GET /operations/aee9bbe13f3b4c8dab70e0f890b9717f HTTP/1.1" 200 OK
INFO:trainers_server.dp_worker.api.server:submit: op=optim_step operation_id=c897aef86389409982d2c1b5c18af9fa enqueued (qsize=1) 
INFO:     127.0.0.1:45386 - "POST /optim_step HTTP/1.1" 202 Accepted
INFO:trainers_server.dp_worker.api.dispatcher_worker:dispatcher_worker: op=optim_step operation_id=c897aef86389409982d2c1b5c18af9fa done in 0.04s step=9.0 learning_rate=1e-05 lr=1e-05 grad_norm=0.4902353882789612 tps=11265.083194878172 train_mean_nll=12.21975780302279 num_tokens=524288.0 num_loss_tokens=524284.0 step_seconds=46.54097896395251
INFO:trainers_server.dp_worker.api.server:retrieve: operation_id=c897aef86389409982d2c1b5c18af9fa done after 0.03s
INFO:     127.0.0.1:45386 - "GET /operations/c897aef86389409982d2c1b5c18af9fa HTTP/1.1" 200 OK
INFO:trainers_server.dp_worker.api.server:submit: op=forward_backward operation_id=f47a14de86c04710a6d520edd9f515b0 enqueued (qsize=1) n_datums=4 total_tokens=524288 seq_len[min/max]=131072/131072
INFO:     127.0.0.1:45386 - "POST /forward_backward HTTP/1.1" 202 Accepted
ERROR:opentelemetry.sdk.trace.export:Exception while exporting Span batch.
Traceback (most recent call last):
  File "/root/.cache/user_artifacts/trainers_main/server/.venv/lib/python3.12/site-packages/urllib3/connection.py", line 204, in _new_conn
    sock = connection.create_connection(
           ^^^^^^^^^^^^^^^^^^^^^^^^^^^^^
  File "/root/.cache/user_artifacts/trainers_main/server/.venv/lib/python3.12/site-packages/urllib3/util/connection.py", line 85, in create_connection
    raise err
  File "/root/.cache/user_artifacts/trainers_main/server/.venv/lib/python3.12/site-packages/urllib3/util/connection.py", line 73, in create_connection
    sock.connect(sa)
ConnectionRefusedError: [Errno 111] Connection refused

The above exception was the direct cause of the following exception:

Traceback (most recent call last):
  File "/root/.cache/user_artifacts/trainers_main/server/.venv/lib/python3.12/site-packages/urllib3/connectionpool.py", line 787, in urlopen
    response = self._make_request(
               ^^^^^^^^^^^^^^^^^^^
  File "/root/.cache/user_artifacts/trainers_main/server/.venv/lib/python3.12/site-packages/urllib3/connectionpool.py", line 493, in _make_request
    conn.request(
  File "/root/.cache/user_artifacts/trainers_main/server/.venv/lib/python3.12/site-packages/urllib3/connection.py", line 500, in request
    self.endheaders()
  File "/usr/lib/python3.12/http/client.py", line 1360, in endheaders
    self._send_output(message_body, encode_chunked=encode_chunked)
  File "/usr/lib/python3.12/http/client.py", line 1120, in _send_output
    self.send(msg)
  File "/usr/lib/python3.12/http/client.py", line 1064, in send
    self.connect()
  File "/root/.cache/user_artifacts/trainers_main/server/.venv/lib/python3.12/site-packages/urllib3/connection.py", line 331, in connect
    self.sock = self._new_conn()
                ^^^^^^^^^^^^^^^^
  File "/root/.cache/user_artifacts/trainers_main/server/.venv/lib/python3.12/site-packages/urllib3/connection.py", line 219, in _new_conn
    raise NewConnectionError(
urllib3.exceptions.NewConnectionError: HTTPConnection(host='localhost', port=4318): Failed to establish a new connection: [Errno 111] Connection refused

The above exception was the direct cause of the following exception:

Traceback (most recent call last):
  File "/root/.cache/user_artifacts/trainers_main/server/.venv/lib/python3.12/site-packages/requests/adapters.py", line 644, in send
    resp = conn.urlopen(
           ^^^^^^^^^^^^^
  File "/root/.cache/user_artifacts/trainers_main/server/.venv/lib/python3.12/site-packages/urllib3/connectionpool.py", line 841, in urlopen
    retries = retries.increment(
              ^^^^^^^^^^^^^^^^^^
  File "/root/.cache/user_artifacts/trainers_main/server/.venv/lib/python3.12/site-packages/urllib3/util/retry.py", line 535, in increment
    raise MaxRetryError(_pool, url, reason) from reason  # type: ignore[arg-type]
    ^^^^^^^^^^^^^^^^^^^^^^^^^^^^^^^^^^^^^^^^^^^^^^^^^^^
urllib3.exceptions.MaxRetryError: HTTPConnectionPool(host='localhost', port=4318): Max retries exceeded with url: /v1/traces (Caused by NewConnectionError("HTTPConnection(host='localhost', port=4318): Failed to establish a new connection: [Errno 111] Connection refused"))

During handling of the above exception, another exception occurred:

Traceback (most recent call last):
  File "/root/.cache/user_artifacts/trainers_main/server/.venv/lib/python3.12/site-packages/opentelemetry/sdk/trace/export/__init__.py", line 362, in _export_batch
    self.span_exporter.export(self.spans_list[:idx])  # type: ignore
    ^^^^^^^^^^^^^^^^^^^^^^^^^^^^^^^^^^^^^^^^^^^^^^^^
  File "/root/.cache/user_artifacts/trainers_main/server/.venv/lib/python3.12/site-packages/opentelemetry/exporter/otlp/proto/http/trace_exporter/__init__.py", line 139, in export
    resp = self._export(serialized_data)
           ^^^^^^^^^^^^^^^^^^^^^^^^^^^^^
  File "/root/.cache/user_artifacts/trainers_main/server/.venv/lib/python3.12/site-packages/opentelemetry/exporter/otlp/proto/http/trace_exporter/__init__.py", line 110, in _export
    return self._session.post(
           ^^^^^^^^^^^^^^^^^^^
  File "/root/.cache/user_artifacts/trainers_main/server/.venv/lib/python3.12/site-packages/requests/sessions.py", line 637, in post
    return self.request("POST", url, data=data, json=json, **kwargs)
           ^^^^^^^^^^^^^^^^^^^^^^^^^^^^^^^^^^^^^^^^^^^^^^^^^^^^^^^^^
  File "/root/.cache/user_artifacts/trainers_main/server/.venv/lib/python3.12/site-packages/requests/sessions.py", line 589, in request
    resp = self.send(prep, **send_kwargs)
           ^^^^^^^^^^^^^^^^^^^^^^^^^^^^^^
  File "/root/.cache/user_artifacts/trainers_main/server/.venv/lib/python3.12/site-packages/requests/sessions.py", line 703, in send
    r = adapter.send(request, **kwargs)
        ^^^^^^^^^^^^^^^^^^^^^^^^^^^^^^^
  File "/root/.cache/user_artifacts/trainers_main/server/.venv/lib/python3.12/site-packages/requests/adapters.py", line 677, in send
    raise ConnectionError(e, request=request)
requests.exceptions.ConnectionError: HTTPConnectionPool(host='localhost', port=4318): Max retries exceeded with url: /v1/traces (Caused by NewConnectionError("HTTPConnection(host='localhost', port=4318): Failed to establish a new connection: [Errno 111] Connection refused"))
WARNING:megatron.core.transformer.moe.router:BT_MOE_ROUTING_REPLAY_FORCE window 9 (312 replay passes): {'stashes': 2850, 'forces': 2807, 'misses': 0, 'shape_mismatches': 0, 'verify_asserts': 0}; in-flight stash 90.2 MB (peak 157.3 MB)
WARNING:megatron.core.transformer.moe.router:BT_MOE_ROUTING_REPLAY_FORCE window 9 (312 replay passes): {'stashes': 2850, 'forces': 2807, 'misses': 0, 'shape_mismatches': 0, 'verify_asserts': 0}; in-flight stash 90.2 MB (peak 157.3 MB)
WARNING:megatron.core.transformer.moe.router:BT_MOE_ROUTING_REPLAY_FORCE window 9 (312 replay passes): {'stashes': 2850, 'forces': 2807, 'misses': 0, 'shape_mismatches': 0, 'verify_asserts': 0}; in-flight stash 90.2 MB (peak 157.3 MB)
WARNING:megatron.core.transformer.moe.router:BT_MOE_ROUTING_REPLAY_FORCE window 9 (312 replay passes): {'stashes': 2850, 'forces': 2807, 'misses': 0, 'shape_mismatches': 0, 'verify_asserts': 0}; in-flight stash 90.2 MB (peak 157.3 MB)
WARNING:megatron.core.transformer.moe.router:BT_MOE_ROUTING_REPLAY_FORCE window 9 (312 replay passes): {'stashes': 2850, 'forces': 2807, 'misses': 0, 'shape_mismatches': 0, 'verify_asserts': 0}; in-flight stash 90.2 MB (peak 157.3 MB)
WARNING:megatron.core.transformer.moe.router:BT_MOE_ROUTING_REPLAY_FORCE window 9 (312 replay passes): {'stashes': 2850, 'forces': 2807, 'misses': 0, 'shape_mismatches': 0, 'verify_asserts': 0}; in-flight stash 90.2 MB (peak 157.3 MB)
WARNING:megatron.core.transformer.moe.router:BT_MOE_ROUTING_REPLAY_FORCE window 9 (312 replay passes): {'stashes': 2850, 'forces': 2807, 'misses': 0, 'shape_mismatches': 0, 'verify_asserts': 0}; in-flight stash 90.2 MB (peak 157.3 MB)
WARNING:megatron.core.transformer.moe.router:BT_MOE_ROUTING_REPLAY_FORCE window 9 (312 replay passes): {'stashes': 2850, 'forces': 2807, 'misses': 0, 'shape_mismatches': 0, 'verify_asserts': 0}; in-flight stash 90.2 MB (peak 157.3 MB)
WARNING:megatron.core.transformer.moe.router:BT_MOE_ROUTING_REPLAY_FORCE window 9 (312 replay passes): {'stashes': 2850, 'forces': 2807, 'misses': 0, 'shape_mismatches': 0, 'verify_asserts': 0}; in-flight stash 90.2 MB (peak 157.3 MB)
WARNING:megatron.core.transformer.moe.router:BT_MOE_ROUTING_REPLAY_FORCE window 9 (312 replay passes): {'stashes': 2850, 'forces': 2807, 'misses': 0, 'shape_mismatches': 0, 'verify_asserts': 0}; in-flight stash 90.2 MB (peak 157.3 MB)
WARNING:megatron.core.transformer.moe.router:BT_MOE_ROUTING_REPLAY_FORCE window 9 (312 replay passes): {'stashes': 2850, 'forces': 2807, 'misses': 0, 'shape_mismatches': 0, 'verify_asserts': 0}; in-flight stash 90.2 MB (peak 157.3 MB)
WARNING:megatron.core.transformer.moe.router:BT_MOE_ROUTING_REPLAY_FORCE window 9 (312 replay passes): {'stashes': 2850, 'forces': 2807, 'misses': 0, 'shape_mismatches': 0, 'verify_asserts': 0}; in-flight stash 90.2 MB (peak 157.3 MB)
WARNING:megatron.core.transformer.moe.router:BT_MOE_ROUTING_REPLAY_FORCE window 9 (312 replay passes): {'stashes': 2850, 'forces': 2807, 'misses': 0, 'shape_mismatches': 0, 'verify_asserts': 0}; in-flight stash 90.2 MB (peak 157.3 MB)
WARNING:megatron.core.transformer.moe.router:BT_MOE_ROUTING_REPLAY_FORCE window 9 (312 replay passes): {'stashes': 2850, 'forces': 2807, 'misses': 0, 'shape_mismatches': 0, 'verify_asserts': 0}; in-flight stash 90.2 MB (peak 157.3 MB)
WARNING:megatron.core.transformer.moe.router:BT_MOE_ROUTING_REPLAY_FORCE window 9 (312 replay passes): {'stashes': 2850, 'forces': 2807, 'misses': 0, 'shape_mismatches': 0, 'verify_asserts': 0}; in-flight stash 90.2 MB (peak 157.3 MB)
WARNING:megatron.core.transformer.moe.router:BT_MOE_ROUTING_REPLAY_FORCE window 9 (312 replay passes): {'stashes': 2850, 'forces': 2807, 'misses': 0, 'shape_mismatches': 0, 'verify_asserts': 0}; in-flight stash 90.2 MB (peak 157.3 MB)
WARNING:megatron.core.transformer.moe.token_dispatcher:BT_MOE_PROBS_A2A_COMM window 19 (300 gated dispatches): {'token_issues': 5700, 'probs_issues': 5700, 'waits': 11400}
WARNING:megatron.core.transformer.moe.token_dispatcher:BT_MOE_PROBS_A2A_COMM window 19 (300 gated dispatches): {'token_issues': 5700, 'probs_issues': 5700, 'waits': 11400}
WARNING:megatron.core.transformer.moe.token_dispatcher:BT_MOE_PROBS_A2A_COMM window 19 (300 gated dispatches): {'token_issues': 5700, 'probs_issues': 5700, 'waits': 11400}
WARNING:megatron.core.transformer.moe.token_dispatcher:BT_MOE_PROBS_A2A_COMM window 19 (300 gated dispatches): {'token_issues': 5700, 'probs_issues': 5700, 'waits': 11400}
WARNING:megatron.core.transformer.moe.token_dispatcher:BT_MOE_PROBS_A2A_COMM window 19 (300 gated dispatches): {'token_issues': 5700, 'probs_issues': 5700, 'waits': 11400}
WARNING:megatron.core.transformer.moe.token_dispatcher:BT_MOE_PROBS_A2A_COMM window 19 (300 gated dispatches): {'token_issues': 5700, 'probs_issues': 5700, 'waits': 11400}
WARNING:megatron.core.transformer.moe.token_dispatcher:BT_MOE_PROBS_A2A_COMM window 19 (300 gated dispatches): {'token_issues': 5700, 'probs_issues': 5700, 'waits': 11400}
WARNING:megatron.core.transformer.moe.token_dispatcher:BT_MOE_PROBS_A2A_COMM window 19 (300 gated dispatches): {'token_issues': 5700, 'probs_issues': 5700, 'waits': 11400}
WARNING:megatron.core.transformer.moe.token_dispatcher:BT_MOE_PROBS_A2A_COMM window 19 (300 gated dispatches): {'token_issues': 5700, 'probs_issues': 5700, 'waits': 11400}
WARNING:megatron.core.transformer.moe.token_dispatcher:BT_MOE_PROBS_A2A_COMM window 19 (300 gated dispatches): {'token_issues': 5700, 'probs_issues': 5700, 'waits': 11400}
WARNING:megatron.core.transformer.moe.token_dispatcher:BT_MOE_PROBS_A2A_COMM window 19 (300 gated dispatches): {'token_issues': 5700, 'probs_issues': 5700, 'waits': 11400}
WARNING:megatron.core.transformer.moe.token_dispatcher:BT_MOE_PROBS_A2A_COMM window 19 (300 gated dispatches): {'token_issues': 5700, 'probs_issues': 5700, 'waits': 11400}
WARNING:megatron.core.transformer.moe.token_dispatcher:BT_MOE_PROBS_A2A_COMM window 19 (300 gated dispatches): {'token_issues': 5700, 'probs_issues': 5700, 'waits': 11400}
WARNING:megatron.core.transformer.moe.token_dispatcher:BT_MOE_PROBS_A2A_COMM window 19 (300 gated dispatches): {'token_issues': 5700, 'probs_issues': 5700, 'waits': 11400}
WARNING:megatron.core.transformer.moe.token_dispatcher:BT_MOE_PROBS_A2A_COMM window 19 (300 gated dispatches): {'token_issues': 5700, 'probs_issues': 5700, 'waits': 11400}
WARNING:megatron.core.transformer.moe.token_dispatcher:BT_MOE_PROBS_A2A_COMM window 19 (300 gated dispatches): {'token_issues': 5700, 'probs_issues': 5700, 'waits': 11400}
WARNING:megatron.core.transformer.moe.token_dispatcher:BT_MOE_DISPATCH_REPLAY_CACHE window 10 (300 replay lookups): {'stores': 3000, 'hits': 3000, 'misses': 0, 'shape_mismatches': 0, 'verifies': 0}
WARNING:megatron.core.transformer.moe.token_dispatcher:BT_MOE_DISPATCH_REPLAY_CACHE window 10 (300 replay lookups): {'stores': 3000, 'hits': 3000, 'misses': 0, 'shape_mismatches': 0, 'verifies': 0}
WARNING:megatron.core.transformer.moe.token_dispatcher:BT_MOE_DISPATCH_REPLAY_CACHE window 10 (300 replay lookups): {'stores': 3000, 'hits': 3000, 'misses': 0, 'shape_mismatches': 0, 'verifies': 0}
WARNING:megatron.core.transformer.moe.token_dispatcher:BT_MOE_DISPATCH_REPLAY_CACHE window 10 (300 replay lookups): {'stores': 3000, 'hits': 3000, 'misses': 0, 'shape_mismatches': 0, 'verifies': 0}
WARNING:megatron.core.transformer.moe.token_dispatcher:BT_MOE_DISPATCH_REPLAY_CACHE window 10 (300 replay lookups): {'stores': 3000, 'hits': 3000, 'misses': 0, 'shape_mismatches': 0, 'verifies': 0}
WARNING:megatron.core.transformer.moe.token_dispatcher:BT_MOE_DISPATCH_REPLAY_CACHE window 10 (300 replay lookups): {'stores': 3000, 'hits': 3000, 'misses': 0, 'shape_mismatches': 0, 'verifies': 0}
WARNING:megatron.core.transformer.moe.token_dispatcher:BT_MOE_DISPATCH_REPLAY_CACHE window 10 (300 replay lookups): {'stores': 3000, 'hits': 3000, 'misses': 0, 'shape_mismatches': 0, 'verifies': 0}
WARNING:megatron.core.transformer.moe.token_dispatcher:BT_MOE_DISPATCH_REPLAY_CACHE window 10 (300 replay lookups): {'stores': 3000, 'hits': 3000, 'misses': 0, 'shape_mismatches': 0, 'verifies': 0}
WARNING:megatron.core.transformer.moe.token_dispatcher:BT_MOE_DISPATCH_REPLAY_CACHE window 10 (300 replay lookups): {'stores': 3000, 'hits': 3000, 'misses': 0, 'shape_mismatches': 0, 'verifies': 0}
WARNING:megatron.core.transformer.moe.token_dispatcher:BT_MOE_DISPATCH_REPLAY_CACHE window 10 (300 replay lookups): {'stores': 3000, 'hits': 3000, 'misses': 0, 'shape_mismatches': 0, 'verifies': 0}
WARNING:megatron.core.transformer.moe.token_dispatcher:BT_MOE_DISPATCH_REPLAY_CACHE window 10 (300 replay lookups): {'stores': 3000, 'hits': 3000, 'misses': 0, 'shape_mismatches': 0, 'verifies': 0}
WARNING:megatron.core.transformer.moe.token_dispatcher:BT_MOE_DISPATCH_REPLAY_CACHE window 10 (300 replay lookups): {'stores': 3000, 'hits': 3000, 'misses': 0, 'shape_mismatches': 0, 'verifies': 0}
WARNING:megatron.core.transformer.moe.token_dispatcher:BT_MOE_DISPATCH_REPLAY_CACHE window 10 (300 replay lookups): {'stores': 3000, 'hits': 3000, 'misses': 0, 'shape_mismatches': 0, 'verifies': 0}
WARNING:megatron.core.transformer.moe.token_dispatcher:BT_MOE_DISPATCH_REPLAY_CACHE window 10 (300 replay lookups): {'stores': 3000, 'hits': 3000, 'misses': 0, 'shape_mismatches': 0, 'verifies': 0}
WARNING:megatron.core.transformer.moe.token_dispatcher:BT_MOE_DISPATCH_REPLAY_CACHE window 10 (300 replay lookups): {'stores': 3000, 'hits': 3000, 'misses': 0, 'shape_mismatches': 0, 'verifies': 0}
WARNING:megatron.core.transformer.moe.token_dispatcher:BT_MOE_DISPATCH_REPLAY_CACHE window 10 (300 replay lookups): {'stores': 3000, 'hits': 3000, 'misses': 0, 'shape_mismatches': 0, 'verifies': 0}
WARNING:megatron.core.transformer.moe.token_dispatcher:BT_MOE_PROBS_A2A_COMM window 20 (300 gated dispatches): {'token_issues': 6000, 'probs_issues': 6000, 'waits': 12000}
WARNING:megatron.core.transformer.moe.token_dispatcher:BT_MOE_PROBS_A2A_COMM window 20 (300 gated dispatches): {'token_issues': 6000, 'probs_issues': 6000, 'waits': 12000}
WARNING:megatron.core.transformer.moe.token_dispatcher:BT_MOE_PROBS_A2A_COMM window 20 (300 gated dispatches): {'token_issues': 6000, 'probs_issues': 6000, 'waits': 12000}
WARNING:megatron.core.transformer.moe.token_dispatcher:BT_MOE_PROBS_A2A_COMM window 20 (300 gated dispatches): {'token_issues': 6000, 'probs_issues': 6000, 'waits': 12000}
WARNING:megatron.core.transformer.moe.token_dispatcher:BT_MOE_PROBS_A2A_COMM window 20 (300 gated dispatches): {'token_issues': 6000, 'probs_issues': 6000, 'waits': 12000}
WARNING:megatron.core.transformer.moe.token_dispatcher:BT_MOE_PROBS_A2A_COMM window 20 (300 gated dispatches): {'token_issues': 6000, 'probs_issues': 6000, 'waits': 12000}
WARNING:megatron.core.transformer.moe.token_dispatcher:BT_MOE_PROBS_A2A_COMM window 20 (300 gated dispatches): {'token_issues': 6000, 'probs_issues': 6000, 'waits': 12000}
WARNING:megatron.core.transformer.moe.token_dispatcher:BT_MOE_PROBS_A2A_COMM window 20 (300 gated dispatches): {'token_issues': 6000, 'probs_issues': 6000, 'waits': 12000}
WARNING:megatron.core.transformer.moe.token_dispatcher:BT_MOE_PROBS_A2A_COMM window 20 (300 gated dispatches): {'token_issues': 6000, 'probs_issues': 6000, 'waits': 12000}
WARNING:megatron.core.transformer.moe.token_dispatcher:BT_MOE_PROBS_A2A_COMM window 20 (300 gated dispatches): {'token_issues': 6000, 'probs_issues': 6000, 'waits': 12000}
WARNING:megatron.core.transformer.moe.token_dispatcher:BT_MOE_PROBS_A2A_COMM window 20 (300 gated dispatches): {'token_issues': 6000, 'probs_issues': 6000, 'waits': 12000}
WARNING:megatron.core.transformer.moe.token_dispatcher:BT_MOE_PROBS_A2A_COMM window 20 (300 gated dispatches): {'token_issues': 6000, 'probs_issues': 6000, 'waits': 12000}
WARNING:megatron.core.transformer.moe.token_dispatcher:BT_MOE_PROBS_A2A_COMM window 20 (300 gated dispatches): {'token_issues': 6000, 'probs_issues': 6000, 'waits': 12000}
WARNING:megatron.core.transformer.moe.token_dispatcher:BT_MOE_PROBS_A2A_COMM window 20 (300 gated dispatches): {'token_issues': 6000, 'probs_issues': 6000, 'waits': 12000}
WARNING:megatron.core.transformer.moe.token_dispatcher:BT_MOE_PROBS_A2A_COMM window 20 (300 gated dispatches): {'token_issues': 6000, 'probs_issues': 6000, 'waits': 12000}
WARNING:megatron.core.transformer.moe.token_dispatcher:BT_MOE_PROBS_A2A_COMM window 20 (300 gated dispatches): {'token_issues': 6000, 'probs_issues': 6000, 'waits': 12000}
WARNING:megatron.core.transformer.experimental_attention_variant.dsa_cudnn_kernels:BT_DSA_BWD_ASYNC_NONEMPTY_V3 window 10 (312 probe reads): {'kicks': 3120, 'hits': 3120, 'misses': 0, 'probe_dropped': 0, 'fallbacks': 0, 'verifies': 3119}
WARNING:megatron.core.transformer.experimental_attention_variant.dsa_cudnn_kernels:BT_DSA_BWD_ASYNC_NONEMPTY_V3 window 10 (312 probe reads): {'kicks': 3120, 'hits': 3120, 'misses': 0, 'probe_dropped': 0, 'fallbacks': 0, 'verifies': 3119}
WARNING:megatron.core.transformer.experimental_attention_variant.dsa_cudnn_kernels:BT_DSA_BWD_ASYNC_NONEMPTY_V3 window 10 (312 probe reads): {'kicks': 3120, 'hits': 3120, 'misses': 0, 'probe_dropped': 0, 'fallbacks': 0, 'verifies': 3119}
WARNING:megatron.core.transformer.experimental_attention_variant.dsa_cudnn_kernels:BT_DSA_BWD_ASYNC_NONEMPTY_V3 window 10 (312 probe reads): {'kicks': 3120, 'hits': 3120, 'misses': 0, 'probe_dropped': 0, 'fallbacks': 0, 'verifies': 3119}
WARNING:megatron.core.transformer.experimental_attention_variant.dsa_cudnn_kernels:BT_DSA_BWD_ASYNC_NONEMPTY_V3 window 10 (312 probe reads): {'kicks': 3120, 'hits': 3120, 'misses': 0, 'probe_dropped': 0, 'fallbacks': 0, 'verifies': 3119}
WARNING:megatron.core.transformer.experimental_attention_variant.dsa_cudnn_kernels:BT_DSA_BWD_ASYNC_NONEMPTY_V3 window 10 (312 probe reads): {'kicks': 3120, 'hits': 3120, 'misses': 0, 'probe_dropped': 0, 'fallbacks': 0, 'verifies': 3119}
WARNING:megatron.core.transformer.experimental_attention_variant.dsa_cudnn_kernels:BT_DSA_BWD_ASYNC_NONEMPTY_V3 window 10 (312 probe reads): {'kicks': 3120, 'hits': 3120, 'misses': 0, 'probe_dropped': 0, 'fallbacks': 0, 'verifies': 3119}
WARNING:megatron.core.transformer.experimental_attention_variant.dsa_cudnn_kernels:BT_DSA_BWD_ASYNC_NONEMPTY_V3 window 10 (312 probe reads): {'kicks': 3120, 'hits': 3120, 'misses': 0, 'probe_dropped': 0, 'fallbacks': 0, 'verifies': 3119}
WARNING:megatron.core.transformer.experimental_attention_variant.dsa_cudnn_kernels:BT_DSA_BWD_ASYNC_NONEMPTY_V3 window 10 (312 probe reads): {'kicks': 3120, 'hits': 3120, 'misses': 0, 'probe_dropped': 0, 'fallbacks': 0, 'verifies': 3119}
WARNING:megatron.core.transformer.experimental_attention_variant.dsa_cudnn_kernels:BT_DSA_BWD_ASYNC_NONEMPTY_V3 window 10 (312 probe reads): {'kicks': 3120, 'hits': 3120, 'misses': 0, 'probe_dropped': 0, 'fallbacks': 0, 'verifies': 3119}
WARNING:megatron.core.transformer.experimental_attention_variant.dsa_cudnn_kernels:BT_DSA_BWD_ASYNC_NONEMPTY_V3 window 10 (312 probe reads): {'kicks': 3120, 'hits': 3120, 'misses': 0, 'probe_dropped': 0, 'fallbacks': 0, 'verifies': 3119}
WARNING:megatron.core.transformer.experimental_attention_variant.dsa_cudnn_kernels:BT_DSA_BWD_ASYNC_NONEMPTY_V3 window 10 (312 probe reads): {'kicks': 3120, 'hits': 3120, 'misses': 0, 'probe_dropped': 0, 'fallbacks': 0, 'verifies': 3119}
WARNING:megatron.core.transformer.experimental_attention_variant.dsa_cudnn_kernels:BT_DSA_BWD_ASYNC_NONEMPTY_V3 window 10 (312 probe reads): {'kicks': 3120, 'hits': 3120, 'misses': 0, 'probe_dropped': 0, 'fallbacks': 0, 'verifies': 3119}
WARNING:megatron.core.transformer.experimental_attention_variant.dsa_cudnn_kernels:BT_DSA_BWD_ASYNC_NONEMPTY_V3 window 10 (312 probe reads): {'kicks': 3120, 'hits': 3120, 'misses': 0, 'probe_dropped': 0, 'fallbacks': 0, 'verifies': 3119}
WARNING:megatron.core.transformer.experimental_attention_variant.dsa_cudnn_kernels:BT_DSA_BWD_ASYNC_NONEMPTY_V3 window 10 (312 probe reads): {'kicks': 3120, 'hits': 3120, 'misses': 0, 'probe_dropped': 0, 'fallbacks': 0, 'verifies': 3119}
WARNING:megatron.core.transformer.experimental_attention_variant.dsa_cudnn_kernels:BT_DSA_BWD_ASYNC_NONEMPTY_V3 window 10 (312 probe reads): {'kicks': 3120, 'hits': 3120, 'misses': 0, 'probe_dropped': 0, 'fallbacks': 0, 'verifies': 3119}
INFO:trainers_server.dp_worker.api.dispatcher_worker:dispatcher_worker: op=forward_backward operation_id=f47a14de86c04710a6d520edd9f515b0 done in 48.29s {'loss': 12.20304071838927}
INFO:trainers_server.dp_worker.api.server:retrieve: operation_id=f47a14de86c04710a6d520edd9f515b0 done after 18.32s
INFO:     127.0.0.1:45386 - "GET /operations/f47a14de86c04710a6d520edd9f515b0 HTTP/1.1" 200 OK
INFO:trainers_server.dp_worker.api.server:submit: op=optim_step operation_id=aab503505d334f239a19c87c3dbe3a0d enqueued (qsize=1) 
INFO:     127.0.0.1:45386 - "POST /optim_step HTTP/1.1" 202 Accepted
INFO:trainers_server.dp_worker.api.dispatcher_worker:dispatcher_worker: op=optim_step operation_id=aab503505d334f239a19c87c3dbe3a0d done in 0.04s step=10.0 learning_rate=1e-05 lr=1e-05 grad_norm=0.44730791449546814 tps=10852.780531054535 train_mean_nll=12.20304071838927 num_tokens=524288.0 num_loss_tokens=524284.0 step_seconds=48.30909447581507
INFO:trainers_server.dp_worker.api.server:retrieve: operation_id=aab503505d334f239a19c87c3dbe3a0d done after 0.04s
INFO:     127.0.0.1:45386 - "GET /operations/aab503505d334f239a19c87c3dbe3a0d HTTP/1.1" 200 OK
INFO:trainers_server.dp_worker.api.server:submit: op=forward_backward operation_id=bf04519e964a4f27a86bd4338f9c88ba enqueued (qsize=1) n_datums=4 total_tokens=524288 seq_len[min/max]=131072/131072
INFO:     127.0.0.1:45386 - "POST /forward_backward HTTP/1.1" 202 Accepted
ERROR:opentelemetry.sdk.trace.export:Exception while exporting Span batch.
Traceback (most recent call last):
  File "/root/.cache/user_artifacts/trainers_main/server/.venv/lib/python3.12/site-packages/urllib3/connection.py", line 204, in _new_conn
    sock = connection.create_connection(
           ^^^^^^^^^^^^^^^^^^^^^^^^^^^^^
  File "/root/.cache/user_artifacts/trainers_main/server/.venv/lib/python3.12/site-packages/urllib3/util/connection.py", line 85, in create_connection
    raise err
  File "/root/.cache/user_artifacts/trainers_main/server/.venv/lib/python3.12/site-packages/urllib3/util/connection.py", line 73, in create_connection
    sock.connect(sa)
ConnectionRefusedError: [Errno 111] Connection refused

The above exception was the direct cause of the following exception:

Traceback (most recent call last):
  File "/root/.cache/user_artifacts/trainers_main/server/.venv/lib/python3.12/site-packages/urllib3/connectionpool.py", line 787, in urlopen
    response = self._make_request(
               ^^^^^^^^^^^^^^^^^^^
  File "/root/.cache/user_artifacts/trainers_main/server/.venv/lib/python3.12/site-packages/urllib3/connectionpool.py", line 493, in _make_request
    conn.request(
  File "/root/.cache/user_artifacts/trainers_main/server/.venv/lib/python3.12/site-packages/urllib3/connection.py", line 500, in request
    self.endheaders()
  File "/usr/lib/python3.12/http/client.py", line 1360, in endheaders
    self._send_output(message_body, encode_chunked=encode_chunked)
  File "/usr/lib/python3.12/http/client.py", line 1120, in _send_output
    self.send(msg)
  File "/usr/lib/python3.12/http/client.py", line 1064, in send
    self.connect()
  File "/root/.cache/user_artifacts/trainers_main/server/.venv/lib/python3.12/site-packages/urllib3/connection.py", line 331, in connect
    self.sock = self._new_conn()
                ^^^^^^^^^^^^^^^^
  File "/root/.cache/user_artifacts/trainers_main/server/.venv/lib/python3.12/site-packages/urllib3/connection.py", line 219, in _new_conn
    raise NewConnectionError(
urllib3.exceptions.NewConnectionError: HTTPConnection(host='localhost', port=4318): Failed to establish a new connection: [Errno 111] Connection refused

The above exception was the direct cause of the following exception:

Traceback (most recent call last):
  File "/root/.cache/user_artifacts/trainers_main/server/.venv/lib/python3.12/site-packages/requests/adapters.py", line 644, in send
    resp = conn.urlopen(
           ^^^^^^^^^^^^^
  File "/root/.cache/user_artifacts/trainers_main/server/.venv/lib/python3.12/site-packages/urllib3/connectionpool.py", line 841, in urlopen
    retries = retries.increment(
              ^^^^^^^^^^^^^^^^^^
  File "/root/.cache/user_artifacts/trainers_main/server/.venv/lib/python3.12/site-packages/urllib3/util/retry.py", line 535, in increment
    raise MaxRetryError(_pool, url, reason) from reason  # type: ignore[arg-type]
    ^^^^^^^^^^^^^^^^^^^^^^^^^^^^^^^^^^^^^^^^^^^^^^^^^^^
urllib3.exceptions.MaxRetryError: HTTPConnectionPool(host='localhost', port=4318): Max retries exceeded with url: /v1/traces (Caused by NewConnectionError("HTTPConnection(host='localhost', port=4318): Failed to establish a new connection: [Errno 111] Connection refused"))

During handling of the above exception, another exception occurred:

Traceback (most recent call last):
  File "/root/.cache/user_artifacts/trainers_main/server/.venv/lib/python3.12/site-packages/opentelemetry/sdk/trace/export/__init__.py", line 362, in _export_batch
    self.span_exporter.export(self.spans_list[:idx])  # type: ignore
    ^^^^^^^^^^^^^^^^^^^^^^^^^^^^^^^^^^^^^^^^^^^^^^^^
  File "/root/.cache/user_artifacts/trainers_main/server/.venv/lib/python3.12/site-packages/opentelemetry/exporter/otlp/proto/http/trace_exporter/__init__.py", line 139, in export
    resp = self._export(serialized_data)
           ^^^^^^^^^^^^^^^^^^^^^^^^^^^^^
  File "/root/.cache/user_artifacts/trainers_main/server/.venv/lib/python3.12/site-packages/opentelemetry/exporter/otlp/proto/http/trace_exporter/__init__.py", line 110, in _export
    return self._session.post(
           ^^^^^^^^^^^^^^^^^^^
  File "/root/.cache/user_artifacts/trainers_main/server/.venv/lib/python3.12/site-packages/requests/sessions.py", line 637, in post
    return self.request("POST", url, data=data, json=json, **kwargs)
           ^^^^^^^^^^^^^^^^^^^^^^^^^^^^^^^^^^^^^^^^^^^^^^^^^^^^^^^^^
  File "/root/.cache/user_artifacts/trainers_main/server/.venv/lib/python3.12/site-packages/requests/sessions.py", line 589, in request
    resp = self.send(prep, **send_kwargs)
           ^^^^^^^^^^^^^^^^^^^^^^^^^^^^^^
  File "/root/.cache/user_artifacts/trainers_main/server/.venv/lib/python3.12/site-packages/requests/sessions.py", line 703, in send
    r = adapter.send(request, **kwargs)
        ^^^^^^^^^^^^^^^^^^^^^^^^^^^^^^^
  File "/root/.cache/user_artifacts/trainers_main/server/.venv/lib/python3.12/site-packages/requests/adapters.py", line 677, in send
    raise ConnectionError(e, request=request)
requests.exceptions.ConnectionError: HTTPConnectionPool(host='localhost', port=4318): Max retries exceeded with url: /v1/traces (Caused by NewConnectionError("HTTPConnection(host='localhost', port=4318): Failed to establish a new connection: [Errno 111] Connection refused"))
WARNING:megatron.core.transformer.moe.router:BT_MOE_ROUTING_REPLAY_FORCE window 10 (312 replay passes): {'stashes': 3150, 'forces': 3119, 'misses': 0, 'shape_mismatches': 0, 'verify_asserts': 0}; in-flight stash 65.0 MB (peak 157.3 MB)
WARNING:megatron.core.transformer.moe.router:BT_MOE_ROUTING_REPLAY_FORCE window 10 (312 replay passes): {'stashes': 3150, 'forces': 3119, 'misses': 0, 'shape_mismatches': 0, 'verify_asserts': 0}; in-flight stash 65.0 MB (peak 157.3 MB)
WARNING:megatron.core.transformer.moe.router:BT_MOE_ROUTING_REPLAY_FORCE window 10 (312 replay passes): {'stashes': 3150, 'forces': 3119, 'misses': 0, 'shape_mismatches': 0, 'verify_asserts': 0}; in-flight stash 65.0 MB (peak 157.3 MB)
WARNING:megatron.core.transformer.moe.router:BT_MOE_ROUTING_REPLAY_FORCE window 10 (312 replay passes): {'stashes': 3150, 'forces': 3119, 'misses': 0, 'shape_mismatches': 0, 'verify_asserts': 0}; in-flight stash 65.0 MB (peak 157.3 MB)
WARNING:megatron.core.transformer.moe.router:BT_MOE_ROUTING_REPLAY_FORCE window 10 (312 replay passes): {'stashes': 3150, 'forces': 3119, 'misses': 0, 'shape_mismatches': 0, 'verify_asserts': 0}; in-flight stash 65.0 MB (peak 157.3 MB)
WARNING:megatron.core.transformer.moe.router:BT_MOE_ROUTING_REPLAY_FORCE window 10 (312 replay passes): {'stashes': 3150, 'forces': 3119, 'misses': 0, 'shape_mismatches': 0, 'verify_asserts': 0}; in-flight stash 65.0 MB (peak 157.3 MB)
WARNING:megatron.core.transformer.moe.router:BT_MOE_ROUTING_REPLAY_FORCE window 10 (312 replay passes): {'stashes': 3150, 'forces': 3119, 'misses': 0, 'shape_mismatches': 0, 'verify_asserts': 0}; in-flight stash 65.0 MB (peak 157.3 MB)
WARNING:megatron.core.transformer.moe.router:BT_MOE_ROUTING_REPLAY_FORCE window 10 (312 replay passes): {'stashes': 3150, 'forces': 3119, 'misses': 0, 'shape_mismatches': 0, 'verify_asserts': 0}; in-flight stash 65.0 MB (peak 157.3 MB)
WARNING:megatron.core.transformer.moe.router:BT_MOE_ROUTING_REPLAY_FORCE window 10 (312 replay passes): {'stashes': 3150, 'forces': 3119, 'misses': 0, 'shape_mismatches': 0, 'verify_asserts': 0}; in-flight stash 65.0 MB (peak 157.3 MB)
WARNING:megatron.core.transformer.moe.router:BT_MOE_ROUTING_REPLAY_FORCE window 10 (312 replay passes): {'stashes': 3150, 'forces': 3119, 'misses': 0, 'shape_mismatches': 0, 'verify_asserts': 0}; in-flight stash 65.0 MB (peak 157.3 MB)
WARNING:megatron.core.transformer.moe.router:BT_MOE_ROUTING_REPLAY_FORCE window 10 (312 replay passes): {'stashes': 3150, 'forces': 3119, 'misses': 0, 'shape_mismatches': 0, 'verify_asserts': 0}; in-flight stash 65.0 MB (peak 157.3 MB)
WARNING:megatron.core.transformer.moe.router:BT_MOE_ROUTING_REPLAY_FORCE window 10 (312 replay passes): {'stashes': 3150, 'forces': 3119, 'misses': 0, 'shape_mismatches': 0, 'verify_asserts': 0}; in-flight stash 65.0 MB (peak 157.3 MB)
WARNING:megatron.core.transformer.moe.router:BT_MOE_ROUTING_REPLAY_FORCE window 10 (312 replay passes): {'stashes': 3150, 'forces': 3119, 'misses': 0, 'shape_mismatches': 0, 'verify_asserts': 0}; in-flight stash 65.0 MB (peak 157.3 MB)
WARNING:megatron.core.transformer.moe.router:BT_MOE_ROUTING_REPLAY_FORCE window 10 (312 replay passes): {'stashes': 3150, 'forces': 3119, 'misses': 0, 'shape_mismatches': 0, 'verify_asserts': 0}; in-flight stash 65.0 MB (peak 157.3 MB)
WARNING:megatron.core.transformer.moe.router:BT_MOE_ROUTING_REPLAY_FORCE window 10 (312 replay passes): {'stashes': 3150, 'forces': 3119, 'misses': 0, 'shape_mismatches': 0, 'verify_asserts': 0}; in-flight stash 65.0 MB (peak 157.3 MB)
WARNING:megatron.core.transformer.moe.router:BT_MOE_ROUTING_REPLAY_FORCE window 10 (312 replay passes): {'stashes': 3150, 'forces': 3119, 'misses': 0, 'shape_mismatches': 0, 'verify_asserts': 0}; in-flight stash 65.0 MB (peak 157.3 MB)
WARNING:megatron.core.transformer.moe.token_dispatcher:BT_MOE_PROBS_A2A_COMM window 21 (300 gated dispatches): {'token_issues': 6300, 'probs_issues': 6300, 'waits': 12600}
WARNING:megatron.core.transformer.moe.token_dispatcher:BT_MOE_PROBS_A2A_COMM window 21 (300 gated dispatches): {'token_issues': 6300, 'probs_issues': 6300, 'waits': 12600}
WARNING:megatron.core.transformer.moe.token_dispatcher:BT_MOE_PROBS_A2A_COMM window 21 (300 gated dispatches): {'token_issues': 6300, 'probs_issues': 6300, 'waits': 12600}
WARNING:megatron.core.transformer.moe.token_dispatcher:BT_MOE_PROBS_A2A_COMM window 21 (300 gated dispatches): {'token_issues': 6300, 'probs_issues': 6300, 'waits': 12600}
WARNING:megatron.core.transformer.moe.token_dispatcher:BT_MOE_PROBS_A2A_COMM window 21 (300 gated dispatches): {'token_issues': 6300, 'probs_issues': 6300, 'waits': 12600}
WARNING:megatron.core.transformer.moe.token_dispatcher:BT_MOE_PROBS_A2A_COMM window 21 (300 gated dispatches): {'token_issues': 6300, 'probs_issues': 6300, 'waits': 12600}
WARNING:megatron.core.transformer.moe.token_dispatcher:BT_MOE_PROBS_A2A_COMM window 21 (300 gated dispatches): {'token_issues': 6300, 'probs_issues': 6300, 'waits': 12600}
WARNING:megatron.core.transformer.moe.token_dispatcher:BT_MOE_PROBS_A2A_COMM window 21 (300 gated dispatches): {'token_issues': 6300, 'probs_issues': 6300, 'waits': 12600}
WARNING:megatron.core.transformer.moe.token_dispatcher:BT_MOE_PROBS_A2A_COMM window 21 (300 gated dispatches): {'token_issues': 6300, 'probs_issues': 6300, 'waits': 12600}
WARNING:megatron.core.transformer.moe.token_dispatcher:BT_MOE_PROBS_A2A_COMM window 21 (300 gated dispatches): {'token_issues': 6300, 'probs_issues': 6300, 'waits': 12600}
WARNING:megatron.core.transformer.moe.token_dispatcher:BT_MOE_PROBS_A2A_COMM window 21 (300 gated dispatches): {'token_issues': 6300, 'probs_issues': 6300, 'waits': 12600}
WARNING:megatron.core.transformer.moe.token_dispatcher:BT_MOE_PROBS_A2A_COMM window 21 (300 gated dispatches): {'token_issues': 6300, 'probs_issues': 6300, 'waits': 12600}
WARNING:megatron.core.transformer.moe.token_dispatcher:BT_MOE_PROBS_A2A_COMM window 21 (300 gated dispatches): {'token_issues': 6300, 'probs_issues': 6300, 'waits': 12600}
WARNING:megatron.core.transformer.moe.token_dispatcher:BT_MOE_PROBS_A2A_COMM window 21 (300 gated dispatches): {'token_issues': 6300, 'probs_issues': 6300, 'waits': 12600}
WARNING:megatron.core.transformer.moe.token_dispatcher:BT_MOE_PROBS_A2A_COMM window 21 (300 gated dispatches): {'token_issues': 6300, 'probs_issues': 6300, 'waits': 12600}
WARNING:megatron.core.transformer.moe.token_dispatcher:BT_MOE_PROBS_A2A_COMM window 21 (300 gated dispatches): {'token_issues': 6300, 'probs_issues': 6300, 'waits': 12600}
WARNING:megatron.core.transformer.moe.token_dispatcher:BT_MOE_DISPATCH_REPLAY_CACHE window 11 (300 replay lookups): {'stores': 3300, 'hits': 3300, 'misses': 0, 'shape_mismatches': 0, 'verifies': 0}
WARNING:megatron.core.transformer.moe.token_dispatcher:BT_MOE_DISPATCH_REPLAY_CACHE window 11 (300 replay lookups): {'stores': 3300, 'hits': 3300, 'misses': 0, 'shape_mismatches': 0, 'verifies': 0}
WARNING:megatron.core.transformer.moe.token_dispatcher:BT_MOE_DISPATCH_REPLAY_CACHE window 11 (300 replay lookups): {'stores': 3300, 'hits': 3300, 'misses': 0, 'shape_mismatches': 0, 'verifies': 0}
WARNING:megatron.core.transformer.moe.token_dispatcher:BT_MOE_DISPATCH_REPLAY_CACHE window 11 (300 replay lookups): {'stores': 3300, 'hits': 3300, 'misses': 0, 'shape_mismatches': 0, 'verifies': 0}
WARNING:megatron.core.transformer.moe.token_dispatcher:BT_MOE_DISPATCH_REPLAY_CACHE window 11 (300 replay lookups): {'stores': 3300, 'hits': 3300, 'misses': 0, 'shape_mismatches': 0, 'verifies': 0}
WARNING:megatron.core.transformer.moe.token_dispatcher:BT_MOE_DISPATCH_REPLAY_CACHE window 11 (300 replay lookups): {'stores': 3300, 'hits': 3300, 'misses': 0, 'shape_mismatches': 0, 'verifies': 0}
WARNING:megatron.core.transformer.moe.token_dispatcher:BT_MOE_DISPATCH_REPLAY_CACHE window 11 (300 replay lookups): {'stores': 3300, 'hits': 3300, 'misses': 0, 'shape_mismatches': 0, 'verifies': 0}
WARNING:megatron.core.transformer.moe.token_dispatcher:BT_MOE_DISPATCH_REPLAY_CACHE window 11 (300 replay lookups): {'stores': 3300, 'hits': 3300, 'misses': 0, 'shape_mismatches': 0, 'verifies': 0}
WARNING:megatron.core.transformer.moe.token_dispatcher:BT_MOE_DISPATCH_REPLAY_CACHE window 11 (300 replay lookups): {'stores': 3300, 'hits': 3300, 'misses': 0, 'shape_mismatches': 0, 'verifies': 0}
WARNING:megatron.core.transformer.moe.token_dispatcher:BT_MOE_DISPATCH_REPLAY_CACHE window 11 (300 replay lookups): {'stores': 3300, 'hits': 3300, 'misses': 0, 'shape_mismatches': 0, 'verifies': 0}
WARNING:megatron.core.transformer.moe.token_dispatcher:BT_MOE_DISPATCH_REPLAY_CACHE window 11 (300 replay lookups): {'stores': 3300, 'hits': 3300, 'misses': 0, 'shape_mismatches': 0, 'verifies': 0}
WARNING:megatron.core.transformer.moe.token_dispatcher:BT_MOE_DISPATCH_REPLAY_CACHE window 11 (300 replay lookups): {'stores': 3300, 'hits': 3300, 'misses': 0, 'shape_mismatches': 0, 'verifies': 0}
WARNING:megatron.core.transformer.moe.token_dispatcher:BT_MOE_DISPATCH_REPLAY_CACHE window 11 (300 replay lookups): {'stores': 3300, 'hits': 3300, 'misses': 0, 'shape_mismatches': 0, 'verifies': 0}
WARNING:megatron.core.transformer.moe.token_dispatcher:BT_MOE_DISPATCH_REPLAY_CACHE window 11 (300 replay lookups): {'stores': 3300, 'hits': 3300, 'misses': 0, 'shape_mismatches': 0, 'verifies': 0}
WARNING:megatron.core.transformer.moe.token_dispatcher:BT_MOE_DISPATCH_REPLAY_CACHE window 11 (300 replay lookups): {'stores': 3300, 'hits': 3300, 'misses': 0, 'shape_mismatches': 0, 'verifies': 0}
WARNING:megatron.core.transformer.moe.token_dispatcher:BT_MOE_DISPATCH_REPLAY_CACHE window 11 (300 replay lookups): {'stores': 3300, 'hits': 3300, 'misses': 0, 'shape_mismatches': 0, 'verifies': 0}
WARNING:megatron.core.transformer.moe.token_dispatcher:BT_MOE_PROBS_A2A_COMM window 22 (300 gated dispatches): {'token_issues': 6600, 'probs_issues': 6600, 'waits': 13200}
WARNING:megatron.core.transformer.moe.token_dispatcher:BT_MOE_PROBS_A2A_COMM window 22 (300 gated dispatches): {'token_issues': 6600, 'probs_issues': 6600, 'waits': 13200}
WARNING:megatron.core.transformer.moe.token_dispatcher:BT_MOE_PROBS_A2A_COMM window 22 (300 gated dispatches): {'token_issues': 6600, 'probs_issues': 6600, 'waits': 13200}
WARNING:megatron.core.transformer.moe.token_dispatcher:BT_MOE_PROBS_A2A_COMM window 22 (300 gated dispatches): {'token_issues': 6600, 'probs_issues': 6600, 'waits': 13200}
WARNING:megatron.core.transformer.moe.token_dispatcher:BT_MOE_PROBS_A2A_COMM window 22 (300 gated dispatches): {'token_issues': 6600, 'probs_issues': 6600, 'waits': 13200}
WARNING:megatron.core.transformer.moe.token_dispatcher:BT_MOE_PROBS_A2A_COMM window 22 (300 gated dispatches): {'token_issues': 6600, 'probs_issues': 6600, 'waits': 13200}
WARNING:megatron.core.transformer.moe.token_dispatcher:BT_MOE_PROBS_A2A_COMM window 22 (300 gated dispatches): {'token_issues': 6600, 'probs_issues': 6600, 'waits': 13200}
WARNING:megatron.core.transformer.moe.token_dispatcher:BT_MOE_PROBS_A2A_COMM window 22 (300 gated dispatches): {'token_issues': 6600, 'probs_issues': 6600, 'waits': 13200}
WARNING:megatron.core.transformer.moe.token_dispatcher:BT_MOE_PROBS_A2A_COMM window 22 (300 gated dispatches): {'token_issues': 6600, 'probs_issues': 6600, 'waits': 13200}
WARNING:megatron.core.transformer.moe.token_dispatcher:BT_MOE_PROBS_A2A_COMM window 22 (300 gated dispatches): {'token_issues': 6600, 'probs_issues': 6600, 'waits': 13200}
WARNING:megatron.core.transformer.moe.token_dispatcher:BT_MOE_PROBS_A2A_COMM window 22 (300 gated dispatches): {'token_issues': 6600, 'probs_issues': 6600, 'waits': 13200}
WARNING:megatron.core.transformer.moe.token_dispatcher:BT_MOE_PROBS_A2A_COMM window 22 (300 gated dispatches): {'token_issues': 6600, 'probs_issues': 6600, 'waits': 13200}
WARNING:megatron.core.transformer.moe.token_dispatcher:BT_MOE_PROBS_A2A_COMM window 22 (300 gated dispatches): {'token_issues': 6600, 'probs_issues': 6600, 'waits': 13200}
WARNING:megatron.core.transformer.moe.token_dispatcher:BT_MOE_PROBS_A2A_COMM window 22 (300 gated dispatches): {'token_issues': 6600, 'probs_issues': 6600, 'waits': 13200}
WARNING:megatron.core.transformer.moe.token_dispatcher:BT_MOE_PROBS_A2A_COMM window 22 (300 gated dispatches): {'token_issues': 6600, 'probs_issues': 6600, 'waits': 13200}
WARNING:megatron.core.transformer.moe.token_dispatcher:BT_MOE_PROBS_A2A_COMM window 22 (300 gated dispatches): {'token_issues': 6600, 'probs_issues': 6600, 'waits': 13200}
WARNING:megatron.core.transformer.experimental_attention_variant.dsa_cudnn_kernels:BT_DSA_BWD_ASYNC_NONEMPTY_V3 window 11 (312 probe reads): {'kicks': 3432, 'hits': 3432, 'misses': 0, 'probe_dropped': 0, 'fallbacks': 0, 'verifies': 3431}
WARNING:megatron.core.transformer.experimental_attention_variant.dsa_cudnn_kernels:BT_DSA_BWD_ASYNC_NONEMPTY_V3 window 11 (312 probe reads): {'kicks': 3432, 'hits': 3432, 'misses': 0, 'probe_dropped': 0, 'fallbacks': 0, 'verifies': 3431}
WARNING:megatron.core.transformer.experimental_attention_variant.dsa_cudnn_kernels:BT_DSA_BWD_ASYNC_NONEMPTY_V3 window 11 (312 probe reads): {'kicks': 3432, 'hits': 3432, 'misses': 0, 'probe_dropped': 0, 'fallbacks': 0, 'verifies': 3431}
WARNING:megatron.core.transformer.experimental_attention_variant.dsa_cudnn_kernels:BT_DSA_BWD_ASYNC_NONEMPTY_V3 window 11 (312 probe reads): {'kicks': 3432, 'hits': 3432, 'misses': 0, 'probe_dropped': 0, 'fallbacks': 0, 'verifies': 3431}
WARNING:megatron.core.transformer.experimental_attention_variant.dsa_cudnn_kernels:BT_DSA_BWD_ASYNC_NONEMPTY_V3 window 11 (312 probe reads): {'kicks': 3432, 'hits': 3432, 'misses': 0, 'probe_dropped': 0, 'fallbacks': 0, 'verifies': 3431}
WARNING:megatron.core.transformer.experimental_attention_variant.dsa_cudnn_kernels:BT_DSA_BWD_ASYNC_NONEMPTY_V3 window 11 (312 probe reads): {'kicks': 3432, 'hits': 3432, 'misses': 0, 'probe_dropped': 0, 'fallbacks': 0, 'verifies': 3431}
WARNING:megatron.core.transformer.experimental_attention_variant.dsa_cudnn_kernels:BT_DSA_BWD_ASYNC_NONEMPTY_V3 window 11 (312 probe reads): {'kicks': 3432, 'hits': 3432, 'misses': 0, 'probe_dropped': 0, 'fallbacks': 0, 'verifies': 3431}
WARNING:megatron.core.transformer.experimental_attention_variant.dsa_cudnn_kernels:BT_DSA_BWD_ASYNC_NONEMPTY_V3 window 11 (312 probe reads): {'kicks': 3432, 'hits': 3432, 'misses': 0, 'probe_dropped': 0, 'fallbacks': 0, 'verifies': 3431}
WARNING:megatron.core.transformer.experimental_attention_variant.dsa_cudnn_kernels:BT_DSA_BWD_ASYNC_NONEMPTY_V3 window 11 (312 probe reads): {'kicks': 3432, 'hits': 3432, 'misses': 0, 'probe_dropped': 0, 'fallbacks': 0, 'verifies': 3431}
WARNING:megatron.core.transformer.experimental_attention_variant.dsa_cudnn_kernels:BT_DSA_BWD_ASYNC_NONEMPTY_V3 window 11 (312 probe reads): {'kicks': 3432, 'hits': 3432, 'misses': 0, 'probe_dropped': 0, 'fallbacks': 0, 'verifies': 3431}
WARNING:megatron.core.transformer.experimental_attention_variant.dsa_cudnn_kernels:BT_DSA_BWD_ASYNC_NONEMPTY_V3 window 11 (312 probe reads): {'kicks': 3432, 'hits': 3432, 'misses': 0, 'probe_dropped': 0, 'fallbacks': 0, 'verifies': 3431}
WARNING:megatron.core.transformer.experimental_attention_variant.dsa_cudnn_kernels:BT_DSA_BWD_ASYNC_NONEMPTY_V3 window 11 (312 probe reads): {'kicks': 3432, 'hits': 3432, 'misses': 0, 'probe_dropped': 0, 'fallbacks': 0, 'verifies': 3431}
WARNING:megatron.core.transformer.experimental_attention_variant.dsa_cudnn_kernels:BT_DSA_BWD_ASYNC_NONEMPTY_V3 window 11 (312 probe reads): {'kicks': 3432, 'hits': 3432, 'misses': 0, 'probe_dropped': 0, 'fallbacks': 0, 'verifies': 3431}
WARNING:megatron.core.transformer.experimental_attention_variant.dsa_cudnn_kernels:BT_DSA_BWD_ASYNC_NONEMPTY_V3 window 11 (312 probe reads): {'kicks': 3432, 'hits': 3432, 'misses': 0, 'probe_dropped': 0, 'fallbacks': 0, 'verifies': 3431}
WARNING:megatron.core.transformer.experimental_attention_variant.dsa_cudnn_kernels:BT_DSA_BWD_ASYNC_NONEMPTY_V3 window 11 (312 probe reads): {'kicks': 3432, 'hits': 3432, 'misses': 0, 'probe_dropped': 0, 'fallbacks': 0, 'verifies': 3431}
WARNING:megatron.core.transformer.experimental_attention_variant.dsa_cudnn_kernels:BT_DSA_BWD_ASYNC_NONEMPTY_V3 window 11 (312 probe reads): {'kicks': 3432, 'hits': 3432, 'misses': 0, 'probe_dropped': 0, 'fallbacks': 0, 'verifies': 3431}
INFO:trainers_server.dp_worker.api.dispatcher_worker:dispatcher_worker: op=forward_backward operation_id=bf04519e964a4f27a86bd4338f9c88ba done in 48.93s {'loss': 12.179414210618672}
INFO:trainers_server.dp_worker.api.server:retrieve: operation_id=bf04519e964a4f27a86bd4338f9c88ba done after 18.95s
INFO:     127.0.0.1:45386 - "GET /operations/bf04519e964a4f27a86bd4338f9c88ba HTTP/1.1" 200 OK
INFO:trainers_server.dp_worker.api.server:submit: op=optim_step operation_id=4caede1a76d547b0b4b6bdbbfede8b96 enqueued (qsize=1) 
INFO:     127.0.0.1:45386 - "POST /optim_step HTTP/1.1" 202 Accepted
INFO:trainers_server.dp_worker.api.dispatcher_worker:dispatcher_worker: op=optim_step operation_id=4caede1a76d547b0b4b6bdbbfede8b96 done in 0.04s step=11.0 learning_rate=1e-05 lr=1e-05 grad_norm=0.42052608728408813 tps=10710.575866120127 train_mean_nll=12.179414210618672 num_tokens=524288.0 num_loss_tokens=524284.0 step_seconds=48.95049589802511
INFO:trainers_server.dp_worker.api.server:retrieve: operation_id=4caede1a76d547b0b4b6bdbbfede8b96 done after 0.04s
INFO:     127.0.0.1:45386 - "GET /operations/4caede1a76d547b0b4b6bdbbfede8b96 HTTP/1.1" 200 OK
INFO:trainers_server.dp_worker.api.server:submit: op=forward_backward operation_id=ea4d4950baf54f1b9a69b01e4c8c53c9 enqueued (qsize=1) n_datums=4 total_tokens=524288 seq_len[min/max]=131072/131072
INFO:     127.0.0.1:45386 - "POST /forward_backward HTTP/1.1" 202 Accepted
ERROR:opentelemetry.sdk.trace.export:Exception while exporting Span batch.
Traceback (most recent call last):
  File "/root/.cache/user_artifacts/trainers_main/server/.venv/lib/python3.12/site-packages/urllib3/connection.py", line 204, in _new_conn
    sock = connection.create_connection(
           ^^^^^^^^^^^^^^^^^^^^^^^^^^^^^
  File "/root/.cache/user_artifacts/trainers_main/server/.venv/lib/python3.12/site-packages/urllib3/util/connection.py", line 85, in create_connection
    raise err
  File "/root/.cache/user_artifacts/trainers_main/server/.venv/lib/python3.12/site-packages/urllib3/util/connection.py", line 73, in create_connection
    sock.connect(sa)
ConnectionRefusedError: [Errno 111] Connection refused

The above exception was the direct cause of the following exception:

Traceback (most recent call last):
  File "/root/.cache/user_artifacts/trainers_main/server/.venv/lib/python3.12/site-packages/urllib3/connectionpool.py", line 787, in urlopen
    response = self._make_request(
               ^^^^^^^^^^^^^^^^^^^
  File "/root/.cache/user_artifacts/trainers_main/server/.venv/lib/python3.12/site-packages/urllib3/connectionpool.py", line 493, in _make_request
    conn.request(
  File "/root/.cache/user_artifacts/trainers_main/server/.venv/lib/python3.12/site-packages/urllib3/connection.py", line 500, in request
    self.endheaders()
  File "/usr/lib/python3.12/http/client.py", line 1360, in endheaders
    self._send_output(message_body, encode_chunked=encode_chunked)
  File "/usr/lib/python3.12/http/client.py", line 1120, in _send_output
    self.send(msg)
  File "/usr/lib/python3.12/http/client.py", line 1064, in send
    self.connect()
  File "/root/.cache/user_artifacts/trainers_main/server/.venv/lib/python3.12/site-packages/urllib3/connection.py", line 331, in connect
    self.sock = self._new_conn()
                ^^^^^^^^^^^^^^^^
  File "/root/.cache/user_artifacts/trainers_main/server/.venv/lib/python3.12/site-packages/urllib3/connection.py", line 219, in _new_conn
    raise NewConnectionError(
urllib3.exceptions.NewConnectionError: HTTPConnection(host='localhost', port=4318): Failed to establish a new connection: [Errno 111] Connection refused

The above exception was the direct cause of the following exception:

Traceback (most recent call last):
  File "/root/.cache/user_artifacts/trainers_main/server/.venv/lib/python3.12/site-packages/requests/adapters.py", line 644, in send
    resp = conn.urlopen(
           ^^^^^^^^^^^^^
  File "/root/.cache/user_artifacts/trainers_main/server/.venv/lib/python3.12/site-packages/urllib3/connectionpool.py", line 841, in urlopen
    retries = retries.increment(
              ^^^^^^^^^^^^^^^^^^
  File "/root/.cache/user_artifacts/trainers_main/server/.venv/lib/python3.12/site-packages/urllib3/util/retry.py", line 535, in increment
    raise MaxRetryError(_pool, url, reason) from reason  # type: ignore[arg-type]
    ^^^^^^^^^^^^^^^^^^^^^^^^^^^^^^^^^^^^^^^^^^^^^^^^^^^
urllib3.exceptions.MaxRetryError: HTTPConnectionPool(host='localhost', port=4318): Max retries exceeded with url: /v1/traces (Caused by NewConnectionError("HTTPConnection(host='localhost', port=4318): Failed to establish a new connection: [Errno 111] Connection refused"))

During handling of the above exception, another exception occurred:

Traceback (most recent call last):
  File "/root/.cache/user_artifacts/trainers_main/server/.venv/lib/python3.12/site-packages/opentelemetry/sdk/trace/export/__init__.py", line 362, in _export_batch
    self.span_exporter.export(self.spans_list[:idx])  # type: ignore
    ^^^^^^^^^^^^^^^^^^^^^^^^^^^^^^^^^^^^^^^^^^^^^^^^
  File "/root/.cache/user_artifacts/trainers_main/server/.venv/lib/python3.12/site-packages/opentelemetry/exporter/otlp/proto/http/trace_exporter/__init__.py", line 139, in export
    resp = self._export(serialized_data)
           ^^^^^^^^^^^^^^^^^^^^^^^^^^^^^
  File "/root/.cache/user_artifacts/trainers_main/server/.venv/lib/python3.12/site-packages/opentelemetry/exporter/otlp/proto/http/trace_exporter/__init__.py", line 110, in _export
    return self._session.post(
           ^^^^^^^^^^^^^^^^^^^
  File "/root/.cache/user_artifacts/trainers_main/server/.venv/lib/python3.12/site-packages/requests/sessions.py", line 637, in post
    return self.request("POST", url, data=data, json=json, **kwargs)
           ^^^^^^^^^^^^^^^^^^^^^^^^^^^^^^^^^^^^^^^^^^^^^^^^^^^^^^^^^
  File "/root/.cache/user_artifacts/trainers_main/server/.venv/lib/python3.12/site-packages/requests/sessions.py", line 589, in request
    resp = self.send(prep, **send_kwargs)
           ^^^^^^^^^^^^^^^^^^^^^^^^^^^^^^
  File "/root/.cache/user_artifacts/trainers_main/server/.venv/lib/python3.12/site-packages/requests/sessions.py", line 703, in send
    r = adapter.send(request, **kwargs)
        ^^^^^^^^^^^^^^^^^^^^^^^^^^^^^^^
  File "/root/.cache/user_artifacts/trainers_main/server/.venv/lib/python3.12/site-packages/requests/adapters.py", line 677, in send
    raise ConnectionError(e, request=request)
requests.exceptions.ConnectionError: HTTPConnectionPool(host='localhost', port=4318): Max retries exceeded with url: /v1/traces (Caused by NewConnectionError("HTTPConnection(host='localhost', port=4318): Failed to establish a new connection: [Errno 111] Connection refused"))
WARNING:megatron.core.transformer.moe.router:BT_MOE_ROUTING_REPLAY_FORCE window 11 (312 replay passes): {'stashes': 3450, 'forces': 3431, 'misses': 0, 'shape_mismatches': 0, 'verify_asserts': 0}; in-flight stash 39.8 MB (peak 157.3 MB)
WARNING:megatron.core.transformer.moe.router:BT_MOE_ROUTING_REPLAY_FORCE window 11 (312 replay passes): {'stashes': 3450, 'forces': 3431, 'misses': 0, 'shape_mismatches': 0, 'verify_asserts': 0}; in-flight stash 39.8 MB (peak 157.3 MB)
WARNING:megatron.core.transformer.moe.router:BT_MOE_ROUTING_REPLAY_FORCE window 11 (312 replay passes): {'stashes': 3450, 'forces': 3431, 'misses': 0, 'shape_mismatches': 0, 'verify_asserts': 0}; in-flight stash 39.8 MB (peak 157.3 MB)
WARNING:megatron.core.transformer.moe.router:BT_MOE_ROUTING_REPLAY_FORCE window 11 (312 replay passes): {'stashes': 3450, 'forces': 3431, 'misses': 0, 'shape_mismatches': 0, 'verify_asserts': 0}; in-flight stash 39.8 MB (peak 157.3 MB)
WARNING:megatron.core.transformer.moe.router:BT_MOE_ROUTING_REPLAY_FORCE window 11 (312 replay passes): {'stashes': 3450, 'forces': 3431, 'misses': 0, 'shape_mismatches': 0, 'verify_asserts': 0}; in-flight stash 39.8 MB (peak 157.3 MB)
WARNING:megatron.core.transformer.moe.router:BT_MOE_ROUTING_REPLAY_FORCE window 11 (312 replay passes): {'stashes': 3450, 'forces': 3431, 'misses': 0, 'shape_mismatches': 0, 'verify_asserts': 0}; in-flight stash 39.8 MB (peak 157.3 MB)
WARNING:megatron.core.transformer.moe.router:BT_MOE_ROUTING_REPLAY_FORCE window 11 (312 replay passes): {'stashes': 3450, 'forces': 3431, 'misses': 0, 'shape_mismatches': 0, 'verify_asserts': 0}; in-flight stash 39.8 MB (peak 157.3 MB)
WARNING:megatron.core.transformer.moe.router:BT_MOE_ROUTING_REPLAY_FORCE window 11 (312 replay passes): {'stashes': 3450, 'forces': 3431, 'misses': 0, 'shape_mismatches': 0, 'verify_asserts': 0}; in-flight stash 39.8 MB (peak 157.3 MB)
WARNING:megatron.core.transformer.moe.router:BT_MOE_ROUTING_REPLAY_FORCE window 11 (312 replay passes): {'stashes': 3450, 'forces': 3431, 'misses': 0, 'shape_mismatches': 0, 'verify_asserts': 0}; in-flight stash 39.8 MB (peak 157.3 MB)
WARNING:megatron.core.transformer.moe.router:BT_MOE_ROUTING_REPLAY_FORCE window 11 (312 replay passes): {'stashes': 3450, 'forces': 3431, 'misses': 0, 'shape_mismatches': 0, 'verify_asserts': 0}; in-flight stash 39.8 MB (peak 157.3 MB)
WARNING:megatron.core.transformer.moe.router:BT_MOE_ROUTING_REPLAY_FORCE window 11 (312 replay passes): {'stashes': 3450, 'forces': 3431, 'misses': 0, 'shape_mismatches': 0, 'verify_asserts': 0}; in-flight stash 39.8 MB (peak 157.3 MB)
WARNING:megatron.core.transformer.moe.router:BT_MOE_ROUTING_REPLAY_FORCE window 11 (312 replay passes): {'stashes': 3450, 'forces': 3431, 'misses': 0, 'shape_mismatches': 0, 'verify_asserts': 0}; in-flight stash 39.8 MB (peak 157.3 MB)
WARNING:megatron.core.transformer.moe.router:BT_MOE_ROUTING_REPLAY_FORCE window 11 (312 replay passes): {'stashes': 3450, 'forces': 3431, 'misses': 0, 'shape_mismatches': 0, 'verify_asserts': 0}; in-flight stash 39.8 MB (peak 157.3 MB)
WARNING:megatron.core.transformer.moe.router:BT_MOE_ROUTING_REPLAY_FORCE window 11 (312 replay passes): {'stashes': 3450, 'forces': 3431, 'misses': 0, 'shape_mismatches': 0, 'verify_asserts': 0}; in-flight stash 39.8 MB (peak 157.3 MB)
WARNING:megatron.core.transformer.moe.router:BT_MOE_ROUTING_REPLAY_FORCE window 11 (312 replay passes): {'stashes': 3450, 'forces': 3431, 'misses': 0, 'shape_mismatches': 0, 'verify_asserts': 0}; in-flight stash 39.8 MB (peak 157.3 MB)
WARNING:megatron.core.transformer.moe.router:BT_MOE_ROUTING_REPLAY_FORCE window 11 (312 replay passes): {'stashes': 3450, 'forces': 3431, 'misses': 0, 'shape_mismatches': 0, 'verify_asserts': 0}; in-flight stash 39.8 MB (peak 157.3 MB)
WARNING:megatron.core.transformer.moe.token_dispatcher:BT_MOE_PROBS_A2A_COMM window 23 (300 gated dispatches): {'token_issues': 6900, 'probs_issues': 6900, 'waits': 13800}
WARNING:megatron.core.transformer.moe.token_dispatcher:BT_MOE_PROBS_A2A_COMM window 23 (300 gated dispatches): {'token_issues': 6900, 'probs_issues': 6900, 'waits': 13800}
WARNING:megatron.core.transformer.moe.token_dispatcher:BT_MOE_PROBS_A2A_COMM window 23 (300 gated dispatches): {'token_issues': 6900, 'probs_issues': 6900, 'waits': 13800}
WARNING:megatron.core.transformer.moe.token_dispatcher:BT_MOE_PROBS_A2A_COMM window 23 (300 gated dispatches): {'token_issues': 6900, 'probs_issues': 6900, 'waits': 13800}
WARNING:megatron.core.transformer.moe.token_dispatcher:BT_MOE_PROBS_A2A_COMM window 23 (300 gated dispatches): {'token_issues': 6900, 'probs_issues': 6900, 'waits': 13800}
WARNING:megatron.core.transformer.moe.token_dispatcher:BT_MOE_PROBS_A2A_COMM window 23 (300 gated dispatches): {'token_issues': 6900, 'probs_issues': 6900, 'waits': 13800}
WARNING:megatron.core.transformer.moe.token_dispatcher:BT_MOE_PROBS_A2A_COMM window 23 (300 gated dispatches): {'token_issues': 6900, 'probs_issues': 6900, 'waits': 13800}
WARNING:megatron.core.transformer.moe.token_dispatcher:BT_MOE_PROBS_A2A_COMM window 23 (300 gated dispatches): {'token_issues': 6900, 'probs_issues': 6900, 'waits': 13800}
WARNING:megatron.core.transformer.moe.token_dispatcher:BT_MOE_PROBS_A2A_COMM window 23 (300 gated dispatches): {'token_issues': 6900, 'probs_issues': 6900, 'waits': 13800}
WARNING:megatron.core.transformer.moe.token_dispatcher:BT_MOE_PROBS_A2A_COMM window 23 (300 gated dispatches): {'token_issues': 6900, 'probs_issues': 6900, 'waits': 13800}
WARNING:megatron.core.transformer.moe.token_dispatcher:BT_MOE_PROBS_A2A_COMM window 23 (300 gated dispatches): {'token_issues': 6900, 'probs_issues': 6900, 'waits': 13800}
WARNING:megatron.core.transformer.moe.token_dispatcher:BT_MOE_PROBS_A2A_COMM window 23 (300 gated dispatches): {'token_issues': 6900, 'probs_issues': 6900, 'waits': 13800}
WARNING:megatron.core.transformer.moe.token_dispatcher:BT_MOE_PROBS_A2A_COMM window 23 (300 gated dispatches): {'token_issues': 6900, 'probs_issues': 6900, 'waits': 13800}
WARNING:megatron.core.transformer.moe.token_dispatcher:BT_MOE_PROBS_A2A_COMM window 23 (300 gated dispatches): {'token_issues': 6900, 'probs_issues': 6900, 'waits': 13800}
WARNING:megatron.core.transformer.moe.token_dispatcher:BT_MOE_PROBS_A2A_COMM window 23 (300 gated dispatches): {'token_issues': 6900, 'probs_issues': 6900, 'waits': 13800}
WARNING:megatron.core.transformer.moe.token_dispatcher:BT_MOE_PROBS_A2A_COMM window 23 (300 gated dispatches): {'token_issues': 6900, 'probs_issues': 6900, 'waits': 13800}
WARNING:megatron.core.transformer.moe.token_dispatcher:BT_MOE_DISPATCH_REPLAY_CACHE window 12 (300 replay lookups): {'stores': 3600, 'hits': 3600, 'misses': 0, 'shape_mismatches': 0, 'verifies': 0}
WARNING:megatron.core.transformer.moe.token_dispatcher:BT_MOE_DISPATCH_REPLAY_CACHE window 12 (300 replay lookups): {'stores': 3600, 'hits': 3600, 'misses': 0, 'shape_mismatches': 0, 'verifies': 0}
WARNING:megatron.core.transformer.moe.token_dispatcher:BT_MOE_DISPATCH_REPLAY_CACHE window 12 (300 replay lookups): {'stores': 3600, 'hits': 3600, 'misses': 0, 'shape_mismatches': 0, 'verifies': 0}
WARNING:megatron.core.transformer.moe.token_dispatcher:BT_MOE_DISPATCH_REPLAY_CACHE window 12 (300 replay lookups): {'stores': 3600, 'hits': 3600, 'misses': 0, 'shape_mismatches': 0, 'verifies': 0}
WARNING:megatron.core.transformer.moe.token_dispatcher:BT_MOE_DISPATCH_REPLAY_CACHE window 12 (300 replay lookups): {'stores': 3600, 'hits': 3600, 'misses': 0, 'shape_mismatches': 0, 'verifies': 0}
WARNING:megatron.core.transformer.moe.token_dispatcher:BT_MOE_DISPATCH_REPLAY_CACHE window 12 (300 replay lookups): {'stores': 3600, 'hits': 3600, 'misses': 0, 'shape_mismatches': 0, 'verifies': 0}
WARNING:megatron.core.transformer.moe.token_dispatcher:BT_MOE_DISPATCH_REPLAY_CACHE window 12 (300 replay lookups): {'stores': 3600, 'hits': 3600, 'misses': 0, 'shape_mismatches': 0, 'verifies': 0}
WARNING:megatron.core.transformer.moe.token_dispatcher:BT_MOE_DISPATCH_REPLAY_CACHE window 12 (300 replay lookups): {'stores': 3600, 'hits': 3600, 'misses': 0, 'shape_mismatches': 0, 'verifies': 0}
WARNING:megatron.core.transformer.moe.token_dispatcher:BT_MOE_DISPATCH_REPLAY_CACHE window 12 (300 replay lookups): {'stores': 3600, 'hits': 3600, 'misses': 0, 'shape_mismatches': 0, 'verifies': 0}
WARNING:megatron.core.transformer.moe.token_dispatcher:BT_MOE_DISPATCH_REPLAY_CACHE window 12 (300 replay lookups): {'stores': 3600, 'hits': 3600, 'misses': 0, 'shape_mismatches': 0, 'verifies': 0}
WARNING:megatron.core.transformer.moe.token_dispatcher:BT_MOE_DISPATCH_REPLAY_CACHE window 12 (300 replay lookups): {'stores': 3600, 'hits': 3600, 'misses': 0, 'shape_mismatches': 0, 'verifies': 0}
WARNING:megatron.core.transformer.moe.token_dispatcher:BT_MOE_DISPATCH_REPLAY_CACHE window 12 (300 replay lookups): {'stores': 3600, 'hits': 3600, 'misses': 0, 'shape_mismatches': 0, 'verifies': 0}
WARNING:megatron.core.transformer.moe.token_dispatcher:BT_MOE_DISPATCH_REPLAY_CACHE window 12 (300 replay lookups): {'stores': 3600, 'hits': 3600, 'misses': 0, 'shape_mismatches': 0, 'verifies': 0}
WARNING:megatron.core.transformer.moe.token_dispatcher:BT_MOE_DISPATCH_REPLAY_CACHE window 12 (300 replay lookups): {'stores': 3600, 'hits': 3600, 'misses': 0, 'shape_mismatches': 0, 'verifies': 0}
WARNING:megatron.core.transformer.moe.token_dispatcher:BT_MOE_DISPATCH_REPLAY_CACHE window 12 (300 replay lookups): {'stores': 3600, 'hits': 3600, 'misses': 0, 'shape_mismatches': 0, 'verifies': 0}
WARNING:megatron.core.transformer.moe.token_dispatcher:BT_MOE_DISPATCH_REPLAY_CACHE window 12 (300 replay lookups): {'stores': 3600, 'hits': 3600, 'misses': 0, 'shape_mismatches': 0, 'verifies': 0}
WARNING:megatron.core.transformer.moe.token_dispatcher:BT_MOE_PROBS_A2A_COMM window 24 (300 gated dispatches): {'token_issues': 7200, 'probs_issues': 7200, 'waits': 14400}
WARNING:megatron.core.transformer.moe.token_dispatcher:BT_MOE_PROBS_A2A_COMM window 24 (300 gated dispatches): {'token_issues': 7200, 'probs_issues': 7200, 'waits': 14400}
WARNING:megatron.core.transformer.moe.token_dispatcher:BT_MOE_PROBS_A2A_COMM window 24 (300 gated dispatches): {'token_issues': 7200, 'probs_issues': 7200, 'waits': 14400}
WARNING:megatron.core.transformer.moe.token_dispatcher:BT_MOE_PROBS_A2A_COMM window 24 (300 gated dispatches): {'token_issues': 7200, 'probs_issues': 7200, 'waits': 14400}
WARNING:megatron.core.transformer.moe.token_dispatcher:BT_MOE_PROBS_A2A_COMM window 24 (300 gated dispatches): {'token_issues': 7200, 'probs_issues': 7200, 'waits': 14400}
WARNING:megatron.core.transformer.moe.token_dispatcher:BT_MOE_PROBS_A2A_COMM window 24 (300 gated dispatches): {'token_issues': 7200, 'probs_issues': 7200, 'waits': 14400}
WARNING:megatron.core.transformer.moe.token_dispatcher:BT_MOE_PROBS_A2A_COMM window 24 (300 gated dispatches): {'token_issues': 7200, 'probs_issues': 7200, 'waits': 14400}
WARNING:megatron.core.transformer.moe.token_dispatcher:BT_MOE_PROBS_A2A_COMM window 24 (300 gated dispatches): {'token_issues': 7200, 'probs_issues': 7200, 'waits': 14400}
WARNING:megatron.core.transformer.moe.token_dispatcher:BT_MOE_PROBS_A2A_COMM window 24 (300 gated dispatches): {'token_issues': 7200, 'probs_issues': 7200, 'waits': 14400}
WARNING:megatron.core.transformer.moe.token_dispatcher:BT_MOE_PROBS_A2A_COMM window 24 (300 gated dispatches): {'token_issues': 7200, 'probs_issues': 7200, 'waits': 14400}
WARNING:megatron.core.transformer.moe.token_dispatcher:BT_MOE_PROBS_A2A_COMM window 24 (300 gated dispatches): {'token_issues': 7200, 'probs_issues': 7200, 'waits': 14400}
WARNING:megatron.core.transformer.moe.token_dispatcher:BT_MOE_PROBS_A2A_COMM window 24 (300 gated dispatches): {'token_issues': 7200, 'probs_issues': 7200, 'waits': 14400}
WARNING:megatron.core.transformer.moe.token_dispatcher:BT_MOE_PROBS_A2A_COMM window 24 (300 gated dispatches): {'token_issues': 7200, 'probs_issues': 7200, 'waits': 14400}
WARNING:megatron.core.transformer.moe.token_dispatcher:BT_MOE_PROBS_A2A_COMM window 24 (300 gated dispatches): {'token_issues': 7200, 'probs_issues': 7200, 'waits': 14400}
WARNING:megatron.core.transformer.moe.token_dispatcher:BT_MOE_PROBS_A2A_COMM window 24 (300 gated dispatches): {'token_issues': 7200, 'probs_issues': 7200, 'waits': 14400}
WARNING:megatron.core.transformer.moe.token_dispatcher:BT_MOE_PROBS_A2A_COMM window 24 (300 gated dispatches): {'token_issues': 7200, 'probs_issues': 7200, 'waits': 14400}
WARNING:megatron.core.transformer.experimental_attention_variant.dsa_cudnn_kernels:BT_DSA_BWD_ASYNC_NONEMPTY_V3 window 12 (312 probe reads): {'kicks': 3744, 'hits': 3744, 'misses': 0, 'probe_dropped': 0, 'fallbacks': 0, 'verifies': 3743}
WARNING:megatron.core.transformer.experimental_attention_variant.dsa_cudnn_kernels:BT_DSA_BWD_ASYNC_NONEMPTY_V3 window 12 (312 probe reads): {'kicks': 3744, 'hits': 3744, 'misses': 0, 'probe_dropped': 0, 'fallbacks': 0, 'verifies': 3743}
WARNING:megatron.core.transformer.experimental_attention_variant.dsa_cudnn_kernels:BT_DSA_BWD_ASYNC_NONEMPTY_V3 window 12 (312 probe reads): {'kicks': 3744, 'hits': 3744, 'misses': 0, 'probe_dropped': 0, 'fallbacks': 0, 'verifies': 3743}
WARNING:megatron.core.transformer.experimental_attention_variant.dsa_cudnn_kernels:BT_DSA_BWD_ASYNC_NONEMPTY_V3 window 12 (312 probe reads): {'kicks': 3744, 'hits': 3744, 'misses': 0, 'probe_dropped': 0, 'fallbacks': 0, 'verifies': 3743}
WARNING:megatron.core.transformer.experimental_attention_variant.dsa_cudnn_kernels:BT_DSA_BWD_ASYNC_NONEMPTY_V3 window 12 (312 probe reads): {'kicks': 3744, 'hits': 3744, 'misses': 0, 'probe_dropped': 0, 'fallbacks': 0, 'verifies': 3743}
WARNING:megatron.core.transformer.experimental_attention_variant.dsa_cudnn_kernels:BT_DSA_BWD_ASYNC_NONEMPTY_V3 window 12 (312 probe reads): {'kicks': 3744, 'hits': 3744, 'misses': 0, 'probe_dropped': 0, 'fallbacks': 0, 'verifies': 3743}
WARNING:megatron.core.transformer.experimental_attention_variant.dsa_cudnn_kernels:BT_DSA_BWD_ASYNC_NONEMPTY_V3 window 12 (312 probe reads): {'kicks': 3744, 'hits': 3744, 'misses': 0, 'probe_dropped': 0, 'fallbacks': 0, 'verifies': 3743}
WARNING:megatron.core.transformer.experimental_attention_variant.dsa_cudnn_kernels:BT_DSA_BWD_ASYNC_NONEMPTY_V3 window 12 (312 probe reads): {'kicks': 3744, 'hits': 3744, 'misses': 0, 'probe_dropped': 0, 'fallbacks': 0, 'verifies': 3743}
WARNING:megatron.core.transformer.experimental_attention_variant.dsa_cudnn_kernels:BT_DSA_BWD_ASYNC_NONEMPTY_V3 window 12 (312 probe reads): {'kicks': 3744, 'hits': 3744, 'misses': 0, 'probe_dropped': 0, 'fallbacks': 0, 'verifies': 3743}
WARNING:megatron.core.transformer.experimental_attention_variant.dsa_cudnn_kernels:BT_DSA_BWD_ASYNC_NONEMPTY_V3 window 12 (312 probe reads): {'kicks': 3744, 'hits': 3744, 'misses': 0, 'probe_dropped': 0, 'fallbacks': 0, 'verifies': 3743}
WARNING:megatron.core.transformer.experimental_attention_variant.dsa_cudnn_kernels:BT_DSA_BWD_ASYNC_NONEMPTY_V3 window 12 (312 probe reads): {'kicks': 3744, 'hits': 3744, 'misses': 0, 'probe_dropped': 0, 'fallbacks': 0, 'verifies': 3743}
WARNING:megatron.core.transformer.experimental_attention_variant.dsa_cudnn_kernels:BT_DSA_BWD_ASYNC_NONEMPTY_V3 window 12 (312 probe reads): {'kicks': 3744, 'hits': 3744, 'misses': 0, 'probe_dropped': 0, 'fallbacks': 0, 'verifies': 3743}
WARNING:megatron.core.transformer.experimental_attention_variant.dsa_cudnn_kernels:BT_DSA_BWD_ASYNC_NONEMPTY_V3 window 12 (312 probe reads): {'kicks': 3744, 'hits': 3744, 'misses': 0, 'probe_dropped': 0, 'fallbacks': 0, 'verifies': 3743}
WARNING:megatron.core.transformer.experimental_attention_variant.dsa_cudnn_kernels:BT_DSA_BWD_ASYNC_NONEMPTY_V3 window 12 (312 probe reads): {'kicks': 3744, 'hits': 3744, 'misses': 0, 'probe_dropped': 0, 'fallbacks': 0, 'verifies': 3743}
WARNING:megatron.core.transformer.experimental_attention_variant.dsa_cudnn_kernels:BT_DSA_BWD_ASYNC_NONEMPTY_V3 window 12 (312 probe reads): {'kicks': 3744, 'hits': 3744, 'misses': 0, 'probe_dropped': 0, 'fallbacks': 0, 'verifies': 3743}
WARNING:megatron.core.transformer.experimental_attention_variant.dsa_cudnn_kernels:BT_DSA_BWD_ASYNC_NONEMPTY_V3 window 12 (312 probe reads): {'kicks': 3744, 'hits': 3744, 'misses': 0, 'probe_dropped': 0, 'fallbacks': 0, 'verifies': 3743}
INFO:trainers_server.dp_worker.api.dispatcher_worker:dispatcher_worker: op=forward_backward operation_id=ea4d4950baf54f1b9a69b01e4c8c53c9 done in 46.16s {'loss': 12.175282861960312}
INFO:trainers_server.dp_worker.api.server:retrieve: operation_id=ea4d4950baf54f1b9a69b01e4c8c53c9 done after 16.18s
INFO:     127.0.0.1:45386 - "GET /operations/ea4d4950baf54f1b9a69b01e4c8c53c9 HTTP/1.1" 200 OK
INFO:trainers_server.dp_worker.api.server:submit: op=optim_step operation_id=ed73aec98fcf4bce917a8131793a13d2 enqueued (qsize=1) 
INFO:     127.0.0.1:45386 - "POST /optim_step HTTP/1.1" 202 Accepted
INFO:trainers_server.dp_worker.api.dispatcher_worker:dispatcher_worker: op=optim_step operation_id=ed73aec98fcf4bce917a8131793a13d2 done in 0.04s step=12.0 learning_rate=1e-05 lr=1e-05 grad_norm=0.4072405695915222 tps=11352.358992576821 train_mean_nll=12.175282861960312 num_tokens=524288.0 num_loss_tokens=524284.0 step_seconds=46.183176584076136
INFO:trainers_server.dp_worker.api.server:retrieve: operation_id=ed73aec98fcf4bce917a8131793a13d2 done after 0.04s
INFO:     127.0.0.1:45386 - "GET /operations/ed73aec98fcf4bce917a8131793a13d2 HTTP/1.1" 200 OK
INFO:trainers_server.dp_worker.api.server:submit: op=forward_backward operation_id=ddc2228c427d4bc697a5cfde96317788 enqueued (qsize=1) n_datums=4 total_tokens=524288 seq_len[min/max]=131072/131072
INFO:     127.0.0.1:45386 - "POST /forward_backward HTTP/1.1" 202 Accepted
ERROR:opentelemetry.sdk.trace.export:Exception while exporting Span batch.
Traceback (most recent call last):
  File "/root/.cache/user_artifacts/trainers_main/server/.venv/lib/python3.12/site-packages/urllib3/connection.py", line 204, in _new_conn
    sock = connection.create_connection(
           ^^^^^^^^^^^^^^^^^^^^^^^^^^^^^
  File "/root/.cache/user_artifacts/trainers_main/server/.venv/lib/python3.12/site-packages/urllib3/util/connection.py", line 85, in create_connection
    raise err
  File "/root/.cache/user_artifacts/trainers_main/server/.venv/lib/python3.12/site-packages/urllib3/util/connection.py", line 73, in create_connection
    sock.connect(sa)
ConnectionRefusedError: [Errno 111] Connection refused

The above exception was the direct cause of the following exception:

Traceback (most recent call last):
  File "/root/.cache/user_artifacts/trainers_main/server/.venv/lib/python3.12/site-packages/urllib3/connectionpool.py", line 787, in urlopen
    response = self._make_request(
               ^^^^^^^^^^^^^^^^^^^
  File "/root/.cache/user_artifacts/trainers_main/server/.venv/lib/python3.12/site-packages/urllib3/connectionpool.py", line 493, in _make_request
    conn.request(
  File "/root/.cache/user_artifacts/trainers_main/server/.venv/lib/python3.12/site-packages/urllib3/connection.py", line 500, in request
    self.endheaders()
  File "/usr/lib/python3.12/http/client.py", line 1360, in endheaders
    self._send_output(message_body, encode_chunked=encode_chunked)
  File "/usr/lib/python3.12/http/client.py", line 1120, in _send_output
    self.send(msg)
  File "/usr/lib/python3.12/http/client.py", line 1064, in send
    self.connect()
  File "/root/.cache/user_artifacts/trainers_main/server/.venv/lib/python3.12/site-packages/urllib3/connection.py", line 331, in connect
    self.sock = self._new_conn()
                ^^^^^^^^^^^^^^^^
  File "/root/.cache/user_artifacts/trainers_main/server/.venv/lib/python3.12/site-packages/urllib3/connection.py", line 219, in _new_conn
    raise NewConnectionError(
urllib3.exceptions.NewConnectionError: HTTPConnection(host='localhost', port=4318): Failed to establish a new connection: [Errno 111] Connection refused

The above exception was the direct cause of the following exception:

Traceback (most recent call last):
  File "/root/.cache/user_artifacts/trainers_main/server/.venv/lib/python3.12/site-packages/requests/adapters.py", line 644, in send
    resp = conn.urlopen(
           ^^^^^^^^^^^^^
  File "/root/.cache/user_artifacts/trainers_main/server/.venv/lib/python3.12/site-packages/urllib3/connectionpool.py", line 841, in urlopen
    retries = retries.increment(
              ^^^^^^^^^^^^^^^^^^
  File "/root/.cache/user_artifacts/trainers_main/server/.venv/lib/python3.12/site-packages/urllib3/util/retry.py", line 535, in increment
    raise MaxRetryError(_pool, url, reason) from reason  # type: ignore[arg-type]
    ^^^^^^^^^^^^^^^^^^^^^^^^^^^^^^^^^^^^^^^^^^^^^^^^^^^
urllib3.exceptions.MaxRetryError: HTTPConnectionPool(host='localhost', port=4318): Max retries exceeded with url: /v1/traces (Caused by NewConnectionError("HTTPConnection(host='localhost', port=4318): Failed to establish a new connection: [Errno 111] Connection refused"))

During handling of the above exception, another exception occurred:

Traceback (most recent call last):
  File "/root/.cache/user_artifacts/trainers_main/server/.venv/lib/python3.12/site-packages/opentelemetry/sdk/trace/export/__init__.py", line 362, in _export_batch
    self.span_exporter.export(self.spans_list[:idx])  # type: ignore
    ^^^^^^^^^^^^^^^^^^^^^^^^^^^^^^^^^^^^^^^^^^^^^^^^
  File "/root/.cache/user_artifacts/trainers_main/server/.venv/lib/python3.12/site-packages/opentelemetry/exporter/otlp/proto/http/trace_exporter/__init__.py", line 139, in export
    resp = self._export(serialized_data)
           ^^^^^^^^^^^^^^^^^^^^^^^^^^^^^
  File "/root/.cache/user_artifacts/trainers_main/server/.venv/lib/python3.12/site-packages/opentelemetry/exporter/otlp/proto/http/trace_exporter/__init__.py", line 110, in _export
    return self._session.post(
           ^^^^^^^^^^^^^^^^^^^
  File "/root/.cache/user_artifacts/trainers_main/server/.venv/lib/python3.12/site-packages/requests/sessions.py", line 637, in post
    return self.request("POST", url, data=data, json=json, **kwargs)
           ^^^^^^^^^^^^^^^^^^^^^^^^^^^^^^^^^^^^^^^^^^^^^^^^^^^^^^^^^
  File "/root/.cache/user_artifacts/trainers_main/server/.venv/lib/python3.12/site-packages/requests/sessions.py", line 589, in request
    resp = self.send(prep, **send_kwargs)
           ^^^^^^^^^^^^^^^^^^^^^^^^^^^^^^
  File "/root/.cache/user_artifacts/trainers_main/server/.venv/lib/python3.12/site-packages/requests/sessions.py", line 703, in send
    r = adapter.send(request, **kwargs)
        ^^^^^^^^^^^^^^^^^^^^^^^^^^^^^^^
  File "/root/.cache/user_artifacts/trainers_main/server/.venv/lib/python3.12/site-packages/requests/adapters.py", line 677, in send
    raise ConnectionError(e, request=request)
requests.exceptions.ConnectionError: HTTPConnectionPool(host='localhost', port=4318): Max retries exceeded with url: /v1/traces (Caused by NewConnectionError("HTTPConnection(host='localhost', port=4318): Failed to establish a new connection: [Errno 111] Connection refused"))
WARNING:megatron.core.transformer.moe.router:BT_MOE_ROUTING_REPLAY_FORCE window 12 (312 replay passes): {'stashes': 3750, 'forces': 3743, 'misses': 0, 'shape_mismatches': 0, 'verify_asserts': 0}; in-flight stash 14.7 MB (peak 157.3 MB)
WARNING:megatron.core.transformer.moe.router:BT_MOE_ROUTING_REPLAY_FORCE window 12 (312 replay passes): {'stashes': 3750, 'forces': 3743, 'misses': 0, 'shape_mismatches': 0, 'verify_asserts': 0}; in-flight stash 14.7 MB (peak 157.3 MB)
WARNING:megatron.core.transformer.moe.router:BT_MOE_ROUTING_REPLAY_FORCE window 12 (312 replay passes): {'stashes': 3750, 'forces': 3743, 'misses': 0, 'shape_mismatches': 0, 'verify_asserts': 0}; in-flight stash 14.7 MB (peak 157.3 MB)
WARNING:megatron.core.transformer.moe.router:BT_MOE_ROUTING_REPLAY_FORCE window 12 (312 replay passes): {'stashes': 3750, 'forces': 3743, 'misses': 0, 'shape_mismatches': 0, 'verify_asserts': 0}; in-flight stash 14.7 MB (peak 157.3 MB)
WARNING:megatron.core.transformer.moe.router:BT_MOE_ROUTING_REPLAY_FORCE window 12 (312 replay passes): {'stashes': 3750, 'forces': 3743, 'misses': 0, 'shape_mismatches': 0, 'verify_asserts': 0}; in-flight stash 14.7 MB (peak 157.3 MB)
WARNING:megatron.core.transformer.moe.router:BT_MOE_ROUTING_REPLAY_FORCE window 12 (312 replay passes): {'stashes': 3750, 'forces': 3743, 'misses': 0, 'shape_mismatches': 0, 'verify_asserts': 0}; in-flight stash 14.7 MB (peak 157.3 MB)
WARNING:megatron.core.transformer.moe.router:BT_MOE_ROUTING_REPLAY_FORCE window 12 (312 replay passes): {'stashes': 3750, 'forces': 3743, 'misses': 0, 'shape_mismatches': 0, 'verify_asserts': 0}; in-flight stash 14.7 MB (peak 157.3 MB)
WARNING:megatron.core.transformer.moe.router:BT_MOE_ROUTING_REPLAY_FORCE window 12 (312 replay passes): {'stashes': 3750, 'forces': 3743, 'misses': 0, 'shape_mismatches': 0, 'verify_asserts': 0}; in-flight stash 14.7 MB (peak 157.3 MB)
WARNING:megatron.core.transformer.moe.router:BT_MOE_ROUTING_REPLAY_FORCE window 12 (312 replay passes): {'stashes': 3750, 'forces': 3743, 'misses': 0, 'shape_mismatches': 0, 'verify_asserts': 0}; in-flight stash 14.7 MB (peak 157.3 MB)
WARNING:megatron.core.transformer.moe.router:BT_MOE_ROUTING_REPLAY_FORCE window 12 (312 replay passes): {'stashes': 3750, 'forces': 3743, 'misses': 0, 'shape_mismatches': 0, 'verify_asserts': 0}; in-flight stash 14.7 MB (peak 157.3 MB)
WARNING:megatron.core.transformer.moe.router:BT_MOE_ROUTING_REPLAY_FORCE window 12 (312 replay passes): {'stashes': 3750, 'forces': 3743, 'misses': 0, 'shape_mismatches': 0, 'verify_asserts': 0}; in-flight stash 14.7 MB (peak 157.3 MB)
WARNING:megatron.core.transformer.moe.router:BT_MOE_ROUTING_REPLAY_FORCE window 12 (312 replay passes): {'stashes': 3750, 'forces': 3743, 'misses': 0, 'shape_mismatches': 0, 'verify_asserts': 0}; in-flight stash 14.7 MB (peak 157.3 MB)
WARNING:megatron.core.transformer.moe.router:BT_MOE_ROUTING_REPLAY_FORCE window 12 (312 replay passes): {'stashes': 3750, 'forces': 3743, 'misses': 0, 'shape_mismatches': 0, 'verify_asserts': 0}; in-flight stash 14.7 MB (peak 157.3 MB)
WARNING:megatron.core.transformer.moe.router:BT_MOE_ROUTING_REPLAY_FORCE window 12 (312 replay passes): {'stashes': 3750, 'forces': 3743, 'misses': 0, 'shape_mismatches': 0, 'verify_asserts': 0}; in-flight stash 14.7 MB (peak 157.3 MB)
WARNING:megatron.core.transformer.moe.router:BT_MOE_ROUTING_REPLAY_FORCE window 12 (312 replay passes): {'stashes': 3750, 'forces': 3743, 'misses': 0, 'shape_mismatches': 0, 'verify_asserts': 0}; in-flight stash 14.7 MB (peak 157.3 MB)
WARNING:megatron.core.transformer.moe.router:BT_MOE_ROUTING_REPLAY_FORCE window 12 (312 replay passes): {'stashes': 3750, 'forces': 3743, 'misses': 0, 'shape_mismatches': 0, 'verify_asserts': 0}; in-flight stash 14.7 MB (peak 157.3 MB)
WARNING:megatron.core.transformer.moe.token_dispatcher:BT_MOE_PROBS_A2A_COMM window 25 (300 gated dispatches): {'token_issues': 7500, 'probs_issues': 7500, 'waits': 15000}
WARNING:megatron.core.transformer.moe.token_dispatcher:BT_MOE_PROBS_A2A_COMM window 25 (300 gated dispatches): {'token_issues': 7500, 'probs_issues': 7500, 'waits': 15000}
WARNING:megatron.core.transformer.moe.token_dispatcher:BT_MOE_PROBS_A2A_COMM window 25 (300 gated dispatches): {'token_issues': 7500, 'probs_issues': 7500, 'waits': 15000}
WARNING:megatron.core.transformer.moe.token_dispatcher:BT_MOE_PROBS_A2A_COMM window 25 (300 gated dispatches): {'token_issues': 7500, 'probs_issues': 7500, 'waits': 15000}
WARNING:megatron.core.transformer.moe.token_dispatcher:BT_MOE_PROBS_A2A_COMM window 25 (300 gated dispatches): {'token_issues': 7500, 'probs_issues': 7500, 'waits': 15000}
WARNING:megatron.core.transformer.moe.token_dispatcher:BT_MOE_PROBS_A2A_COMM window 25 (300 gated dispatches): {'token_issues': 7500, 'probs_issues': 7500, 'waits': 15000}
WARNING:megatron.core.transformer.moe.token_dispatcher:BT_MOE_PROBS_A2A_COMM window 25 (300 gated dispatches): {'token_issues': 7500, 'probs_issues': 7500, 'waits': 15000}
WARNING:megatron.core.transformer.moe.token_dispatcher:BT_MOE_PROBS_A2A_COMM window 25 (300 gated dispatches): {'token_issues': 7500, 'probs_issues': 7500, 'waits': 15000}
WARNING:megatron.core.transformer.moe.token_dispatcher:BT_MOE_PROBS_A2A_COMM window 25 (300 gated dispatches): {'token_issues': 7500, 'probs_issues': 7500, 'waits': 15000}
WARNING:megatron.core.transformer.moe.token_dispatcher:BT_MOE_PROBS_A2A_COMM window 25 (300 gated dispatches): {'token_issues': 7500, 'probs_issues': 7500, 'waits': 15000}
WARNING:megatron.core.transformer.moe.token_dispatcher:BT_MOE_PROBS_A2A_COMM window 25 (300 gated dispatches): {'token_issues': 7500, 'probs_issues': 7500, 'waits': 15000}
WARNING:megatron.core.transformer.moe.token_dispatcher:BT_MOE_PROBS_A2A_COMM window 25 (300 gated dispatches): {'token_issues': 7500, 'probs_issues': 7500, 'waits': 15000}
WARNING:megatron.core.transformer.moe.token_dispatcher:BT_MOE_PROBS_A2A_COMM window 25 (300 gated dispatches): {'token_issues': 7500, 'probs_issues': 7500, 'waits': 15000}
WARNING:megatron.core.transformer.moe.token_dispatcher:BT_MOE_PROBS_A2A_COMM window 25 (300 gated dispatches): {'token_issues': 7500, 'probs_issues': 7500, 'waits': 15000}
WARNING:megatron.core.transformer.moe.token_dispatcher:BT_MOE_PROBS_A2A_COMM window 25 (300 gated dispatches): {'token_issues': 7500, 'probs_issues': 7500, 'waits': 15000}
WARNING:megatron.core.transformer.moe.token_dispatcher:BT_MOE_PROBS_A2A_COMM window 25 (300 gated dispatches): {'token_issues': 7500, 'probs_issues': 7500, 'waits': 15000}
WARNING:megatron.core.transformer.moe.token_dispatcher:BT_MOE_DISPATCH_REPLAY_CACHE window 13 (300 replay lookups): {'stores': 3900, 'hits': 3900, 'misses': 0, 'shape_mismatches': 0, 'verifies': 0}
WARNING:megatron.core.transformer.moe.token_dispatcher:BT_MOE_DISPATCH_REPLAY_CACHE window 13 (300 replay lookups): {'stores': 3900, 'hits': 3900, 'misses': 0, 'shape_mismatches': 0, 'verifies': 0}
WARNING:megatron.core.transformer.moe.token_dispatcher:BT_MOE_DISPATCH_REPLAY_CACHE window 13 (300 replay lookups): {'stores': 3900, 'hits': 3900, 'misses': 0, 'shape_mismatches': 0, 'verifies': 0}
WARNING:megatron.core.transformer.moe.token_dispatcher:BT_MOE_DISPATCH_REPLAY_CACHE window 13 (300 replay lookups): {'stores': 3900, 'hits': 3900, 'misses': 0, 'shape_mismatches': 0, 'verifies': 0}
WARNING:megatron.core.transformer.moe.token_dispatcher:BT_MOE_DISPATCH_REPLAY_CACHE window 13 (300 replay lookups): {'stores': 3900, 'hits': 3900, 'misses': 0, 'shape_mismatches': 0, 'verifies': 0}
WARNING:megatron.core.transformer.moe.token_dispatcher:BT_MOE_DISPATCH_REPLAY_CACHE window 13 (300 replay lookups): {'stores': 3900, 'hits': 3900, 'misses': 0, 'shape_mismatches': 0, 'verifies': 0}
WARNING:megatron.core.transformer.moe.token_dispatcher:BT_MOE_DISPATCH_REPLAY_CACHE window 13 (300 replay lookups): {'stores': 3900, 'hits': 3900, 'misses': 0, 'shape_mismatches': 0, 'verifies': 0}
WARNING:megatron.core.transformer.moe.token_dispatcher:BT_MOE_DISPATCH_REPLAY_CACHE window 13 (300 replay lookups): {'stores': 3900, 'hits': 3900, 'misses': 0, 'shape_mismatches': 0, 'verifies': 0}
WARNING:megatron.core.transformer.moe.token_dispatcher:BT_MOE_DISPATCH_REPLAY_CACHE window 13 (300 replay lookups): {'stores': 3900, 'hits': 3900, 'misses': 0, 'shape_mismatches': 0, 'verifies': 0}
WARNING:megatron.core.transformer.moe.token_dispatcher:BT_MOE_DISPATCH_REPLAY_CACHE window 13 (300 replay lookups): {'stores': 3900, 'hits': 3900, 'misses': 0, 'shape_mismatches': 0, 'verifies': 0}
WARNING:megatron.core.transformer.moe.token_dispatcher:BT_MOE_DISPATCH_REPLAY_CACHE window 13 (300 replay lookups): {'stores': 3900, 'hits': 3900, 'misses': 0, 'shape_mismatches': 0, 'verifies': 0}
WARNING:megatron.core.transformer.moe.token_dispatcher:BT_MOE_DISPATCH_REPLAY_CACHE window 13 (300 replay lookups): {'stores': 3900, 'hits': 3900, 'misses': 0, 'shape_mismatches': 0, 'verifies': 0}
WARNING:megatron.core.transformer.moe.token_dispatcher:BT_MOE_DISPATCH_REPLAY_CACHE window 13 (300 replay lookups): {'stores': 3900, 'hits': 3900, 'misses': 0, 'shape_mismatches': 0, 'verifies': 0}
WARNING:megatron.core.transformer.moe.token_dispatcher:BT_MOE_DISPATCH_REPLAY_CACHE window 13 (300 replay lookups): {'stores': 3900, 'hits': 3900, 'misses': 0, 'shape_mismatches': 0, 'verifies': 0}
WARNING:megatron.core.transformer.moe.token_dispatcher:BT_MOE_DISPATCH_REPLAY_CACHE window 13 (300 replay lookups): {'stores': 3900, 'hits': 3900, 'misses': 0, 'shape_mismatches': 0, 'verifies': 0}
WARNING:megatron.core.transformer.moe.token_dispatcher:BT_MOE_PROBS_A2A_COMM window 26 (300 gated dispatches): {'token_issues': 7800, 'probs_issues': 7800, 'waits': 15600}
WARNING:megatron.core.transformer.moe.token_dispatcher:BT_MOE_PROBS_A2A_COMM window 26 (300 gated dispatches): {'token_issues': 7800, 'probs_issues': 7800, 'waits': 15600}
WARNING:megatron.core.transformer.moe.token_dispatcher:BT_MOE_PROBS_A2A_COMM window 26 (300 gated dispatches): {'token_issues': 7800, 'probs_issues': 7800, 'waits': 15600}
WARNING:megatron.core.transformer.moe.token_dispatcher:BT_MOE_PROBS_A2A_COMM window 26 (300 gated dispatches): {'token_issues': 7800, 'probs_issues': 7800, 'waits': 15600}
WARNING:megatron.core.transformer.moe.token_dispatcher:BT_MOE_PROBS_A2A_COMM window 26 (300 gated dispatches): {'token_issues': 7800, 'probs_issues': 7800, 'waits': 15600}
WARNING:megatron.core.transformer.moe.token_dispatcher:BT_MOE_PROBS_A2A_COMM window 26 (300 gated dispatches): {'token_issues': 7800, 'probs_issues': 7800, 'waits': 15600}
WARNING:megatron.core.transformer.moe.token_dispatcher:BT_MOE_PROBS_A2A_COMM window 26 (300 gated dispatches): {'token_issues': 7800, 'probs_issues': 7800, 'waits': 15600}
WARNING:megatron.core.transformer.moe.token_dispatcher:BT_MOE_PROBS_A2A_COMM window 26 (300 gated dispatches): {'token_issues': 7800, 'probs_issues': 7800, 'waits': 15600}
WARNING:megatron.core.transformer.moe.token_dispatcher:BT_MOE_PROBS_A2A_COMM window 26 (300 gated dispatches): {'token_issues': 7800, 'probs_issues': 7800, 'waits': 15600}
WARNING:megatron.core.transformer.moe.token_dispatcher:BT_MOE_PROBS_A2A_COMM window 26 (300 gated dispatches): {'token_issues': 7800, 'probs_issues': 7800, 'waits': 15600}
WARNING:megatron.core.transformer.moe.token_dispatcher:BT_MOE_PROBS_A2A_COMM window 26 (300 gated dispatches): {'token_issues': 7800, 'probs_issues': 7800, 'waits': 15600}
WARNING:megatron.core.transformer.moe.token_dispatcher:BT_MOE_PROBS_A2A_COMM window 26 (300 gated dispatches): {'token_issues': 7800, 'probs_issues': 7800, 'waits': 15600}
WARNING:megatron.core.transformer.moe.token_dispatcher:BT_MOE_PROBS_A2A_COMM window 26 (300 gated dispatches): {'token_issues': 7800, 'probs_issues': 7800, 'waits': 15600}
WARNING:megatron.core.transformer.moe.token_dispatcher:BT_MOE_PROBS_A2A_COMM window 26 (300 gated dispatches): {'token_issues': 7800, 'probs_issues': 7800, 'waits': 15600}
WARNING:megatron.core.transformer.moe.token_dispatcher:BT_MOE_PROBS_A2A_COMM window 26 (300 gated dispatches): {'token_issues': 7800, 'probs_issues': 7800, 'waits': 15600}
WARNING:megatron.core.transformer.moe.token_dispatcher:BT_MOE_DISPATCH_REPLAY_CACHE window 13 (300 replay lookups): {'stores': 3900, 'hits': 3900, 'misses': 0, 'shape_mismatches': 0, 'verifies': 0}
WARNING:megatron.core.transformer.moe.token_dispatcher:BT_MOE_PROBS_A2A_COMM window 26 (300 gated dispatches): {'token_issues': 7800, 'probs_issues': 7800, 'waits': 15600}
WARNING:megatron.core.transformer.experimental_attention_variant.dsa_cudnn_kernels:BT_DSA_BWD_ASYNC_NONEMPTY_V3 window 13 (312 probe reads): {'kicks': 4056, 'hits': 4056, 'misses': 0, 'probe_dropped': 0, 'fallbacks': 0, 'verifies': 4055}
WARNING:megatron.core.transformer.experimental_attention_variant.dsa_cudnn_kernels:BT_DSA_BWD_ASYNC_NONEMPTY_V3 window 13 (312 probe reads): {'kicks': 4056, 'hits': 4056, 'misses': 0, 'probe_dropped': 0, 'fallbacks': 0, 'verifies': 4055}
WARNING:megatron.core.transformer.experimental_attention_variant.dsa_cudnn_kernels:BT_DSA_BWD_ASYNC_NONEMPTY_V3 window 13 (312 probe reads): {'kicks': 4056, 'hits': 4056, 'misses': 0, 'probe_dropped': 0, 'fallbacks': 0, 'verifies': 4055}
WARNING:megatron.core.transformer.experimental_attention_variant.dsa_cudnn_kernels:BT_DSA_BWD_ASYNC_NONEMPTY_V3 window 13 (312 probe reads): {'kicks': 4056, 'hits': 4056, 'misses': 0, 'probe_dropped': 0, 'fallbacks': 0, 'verifies': 4055}
WARNING:megatron.core.transformer.experimental_attention_variant.dsa_cudnn_kernels:BT_DSA_BWD_ASYNC_NONEMPTY_V3 window 13 (312 probe reads): {'kicks': 4056, 'hits': 4056, 'misses': 0, 'probe_dropped': 0, 'fallbacks': 0, 'verifies': 4055}
WARNING:megatron.core.transformer.experimental_attention_variant.dsa_cudnn_kernels:BT_DSA_BWD_ASYNC_NONEMPTY_V3 window 13 (312 probe reads): {'kicks': 4056, 'hits': 4056, 'misses': 0, 'probe_dropped': 0, 'fallbacks': 0, 'verifies': 4055}
WARNING:megatron.core.transformer.experimental_attention_variant.dsa_cudnn_kernels:BT_DSA_BWD_ASYNC_NONEMPTY_V3 window 13 (312 probe reads): {'kicks': 4056, 'hits': 4056, 'misses': 0, 'probe_dropped': 0, 'fallbacks': 0, 'verifies': 4055}
WARNING:megatron.core.transformer.experimental_attention_variant.dsa_cudnn_kernels:BT_DSA_BWD_ASYNC_NONEMPTY_V3 window 13 (312 probe reads): {'kicks': 4056, 'hits': 4056, 'misses': 0, 'probe_dropped': 0, 'fallbacks': 0, 'verifies': 4055}
WARNING:megatron.core.transformer.experimental_attention_variant.dsa_cudnn_kernels:BT_DSA_BWD_ASYNC_NONEMPTY_V3 window 13 (312 probe reads): {'kicks': 4056, 'hits': 4056, 'misses': 0, 'probe_dropped': 0, 'fallbacks': 0, 'verifies': 4055}
WARNING:megatron.core.transformer.experimental_attention_variant.dsa_cudnn_kernels:BT_DSA_BWD_ASYNC_NONEMPTY_V3 window 13 (312 probe reads): {'kicks': 4056, 'hits': 4056, 'misses': 0, 'probe_dropped': 0, 'fallbacks': 0, 'verifies': 4055}
WARNING:megatron.core.transformer.experimental_attention_variant.dsa_cudnn_kernels:BT_DSA_BWD_ASYNC_NONEMPTY_V3 window 13 (312 probe reads): {'kicks': 4056, 'hits': 4056, 'misses': 0, 'probe_dropped': 0, 'fallbacks': 0, 'verifies': 4055}
WARNING:megatron.core.transformer.experimental_attention_variant.dsa_cudnn_kernels:BT_DSA_BWD_ASYNC_NONEMPTY_V3 window 13 (312 probe reads): {'kicks': 4056, 'hits': 4056, 'misses': 0, 'probe_dropped': 0, 'fallbacks': 0, 'verifies': 4055}
WARNING:megatron.core.transformer.experimental_attention_variant.dsa_cudnn_kernels:BT_DSA_BWD_ASYNC_NONEMPTY_V3 window 13 (312 probe reads): {'kicks': 4056, 'hits': 4056, 'misses': 0, 'probe_dropped': 0, 'fallbacks': 0, 'verifies': 4055}
WARNING:megatron.core.transformer.experimental_attention_variant.dsa_cudnn_kernels:BT_DSA_BWD_ASYNC_NONEMPTY_V3 window 13 (312 probe reads): {'kicks': 4056, 'hits': 4056, 'misses': 0, 'probe_dropped': 0, 'fallbacks': 0, 'verifies': 4055}
WARNING:megatron.core.transformer.experimental_attention_variant.dsa_cudnn_kernels:BT_DSA_BWD_ASYNC_NONEMPTY_V3 window 13 (312 probe reads): {'kicks': 4056, 'hits': 4056, 'misses': 0, 'probe_dropped': 0, 'fallbacks': 0, 'verifies': 4055}
WARNING:megatron.core.transformer.experimental_attention_variant.dsa_cudnn_kernels:BT_DSA_BWD_ASYNC_NONEMPTY_V3 window 13 (312 probe reads): {'kicks': 4056, 'hits': 4056, 'misses': 0, 'probe_dropped': 0, 'fallbacks': 0, 'verifies': 4055}
INFO:trainers_server.dp_worker.api.dispatcher_worker:dispatcher_worker: op=forward_backward operation_id=ddc2228c427d4bc697a5cfde96317788 done in 48.45s {'loss': 12.158219590908745}
INFO:trainers_server.dp_worker.api.server:retrieve: operation_id=ddc2228c427d4bc697a5cfde96317788 done after 18.47s
INFO:     127.0.0.1:45386 - "GET /operations/ddc2228c427d4bc697a5cfde96317788 HTTP/1.1" 200 OK
INFO:trainers_server.dp_worker.api.server:submit: op=optim_step operation_id=1708f7a1f0d945eeaadd2d05f23c3452 enqueued (qsize=1) 
INFO:     127.0.0.1:45386 - "POST /optim_step HTTP/1.1" 202 Accepted
INFO:trainers_server.dp_worker.api.dispatcher_worker:dispatcher_worker: op=optim_step operation_id=1708f7a1f0d945eeaadd2d05f23c3452 done in 0.04s step=13.0 learning_rate=1e-05 lr=1e-05 grad_norm=0.38805025815963745 tps=10814.769338986087 train_mean_nll=12.158219590908745 num_tokens=524288.0 num_loss_tokens=524284.0 step_seconds=48.478888783138245
INFO:trainers_server.dp_worker.api.server:retrieve: operation_id=1708f7a1f0d945eeaadd2d05f23c3452 done after 0.04s
INFO:     127.0.0.1:45386 - "GET /operations/1708f7a1f0d945eeaadd2d05f23c3452 HTTP/1.1" 200 OK
INFO:trainers_server.dp_worker.api.server:submit: op=forward_backward operation_id=fb21b2b7e4d94d7cb6ae76b5f94c9935 enqueued (qsize=1) n_datums=4 total_tokens=524288 seq_len[min/max]=131072/131072
INFO:     127.0.0.1:45386 - "POST /forward_backward HTTP/1.1" 202 Accepted
ERROR:opentelemetry.sdk.trace.export:Exception while exporting Span batch.
Traceback (most recent call last):
  File "/root/.cache/user_artifacts/trainers_main/server/.venv/lib/python3.12/site-packages/urllib3/connection.py", line 204, in _new_conn
    sock = connection.create_connection(
           ^^^^^^^^^^^^^^^^^^^^^^^^^^^^^
  File "/root/.cache/user_artifacts/trainers_main/server/.venv/lib/python3.12/site-packages/urllib3/util/connection.py", line 85, in create_connection
    raise err
  File "/root/.cache/user_artifacts/trainers_main/server/.venv/lib/python3.12/site-packages/urllib3/util/connection.py", line 73, in create_connection
    sock.connect(sa)
ConnectionRefusedError: [Errno 111] Connection refused

The above exception was the direct cause of the following exception:

Traceback (most recent call last):
  File "/root/.cache/user_artifacts/trainers_main/server/.venv/lib/python3.12/site-packages/urllib3/connectionpool.py", line 787, in urlopen
    response = self._make_request(
               ^^^^^^^^^^^^^^^^^^^
  File "/root/.cache/user_artifacts/trainers_main/server/.venv/lib/python3.12/site-packages/urllib3/connectionpool.py", line 493, in _make_request
    conn.request(
  File "/root/.cache/user_artifacts/trainers_main/server/.venv/lib/python3.12/site-packages/urllib3/connection.py", line 500, in request
    self.endheaders()
  File "/usr/lib/python3.12/http/client.py", line 1360, in endheaders
    self._send_output(message_body, encode_chunked=encode_chunked)
  File "/usr/lib/python3.12/http/client.py", line 1120, in _send_output
    self.send(msg)
  File "/usr/lib/python3.12/http/client.py", line 1064, in send
    self.connect()
  File "/root/.cache/user_artifacts/trainers_main/server/.venv/lib/python3.12/site-packages/urllib3/connection.py", line 331, in connect
    self.sock = self._new_conn()
                ^^^^^^^^^^^^^^^^
  File "/root/.cache/user_artifacts/trainers_main/server/.venv/lib/python3.12/site-packages/urllib3/connection.py", line 219, in _new_conn
    raise NewConnectionError(
urllib3.exceptions.NewConnectionError: HTTPConnection(host='localhost', port=4318): Failed to establish a new connection: [Errno 111] Connection refused

The above exception was the direct cause of the following exception:

Traceback (most recent call last):
  File "/root/.cache/user_artifacts/trainers_main/server/.venv/lib/python3.12/site-packages/requests/adapters.py", line 644, in send
    resp = conn.urlopen(
           ^^^^^^^^^^^^^
  File "/root/.cache/user_artifacts/trainers_main/server/.venv/lib/python3.12/site-packages/urllib3/connectionpool.py", line 841, in urlopen
    retries = retries.increment(
              ^^^^^^^^^^^^^^^^^^
  File "/root/.cache/user_artifacts/trainers_main/server/.venv/lib/python3.12/site-packages/urllib3/util/retry.py", line 535, in increment
    raise MaxRetryError(_pool, url, reason) from reason  # type: ignore[arg-type]
    ^^^^^^^^^^^^^^^^^^^^^^^^^^^^^^^^^^^^^^^^^^^^^^^^^^^
urllib3.exceptions.MaxRetryError: HTTPConnectionPool(host='localhost', port=4318): Max retries exceeded with url: /v1/traces (Caused by NewConnectionError("HTTPConnection(host='localhost', port=4318): Failed to establish a new connection: [Errno 111] Connection refused"))

During handling of the above exception, another exception occurred:

Traceback (most recent call last):
  File "/root/.cache/user_artifacts/trainers_main/server/.venv/lib/python3.12/site-packages/opentelemetry/sdk/trace/export/__init__.py", line 362, in _export_batch
    self.span_exporter.export(self.spans_list[:idx])  # type: ignore
    ^^^^^^^^^^^^^^^^^^^^^^^^^^^^^^^^^^^^^^^^^^^^^^^^
  File "/root/.cache/user_artifacts/trainers_main/server/.venv/lib/python3.12/site-packages/opentelemetry/exporter/otlp/proto/http/trace_exporter/__init__.py", line 139, in export
    resp = self._export(serialized_data)
           ^^^^^^^^^^^^^^^^^^^^^^^^^^^^^
  File "/root/.cache/user_artifacts/trainers_main/server/.venv/lib/python3.12/site-packages/opentelemetry/exporter/otlp/proto/http/trace_exporter/__init__.py", line 110, in _export
    return self._session.post(
           ^^^^^^^^^^^^^^^^^^^
  File "/root/.cache/user_artifacts/trainers_main/server/.venv/lib/python3.12/site-packages/requests/sessions.py", line 637, in post
    return self.request("POST", url, data=data, json=json, **kwargs)
           ^^^^^^^^^^^^^^^^^^^^^^^^^^^^^^^^^^^^^^^^^^^^^^^^^^^^^^^^^
  File "/root/.cache/user_artifacts/trainers_main/server/.venv/lib/python3.12/site-packages/requests/sessions.py", line 589, in request
    resp = self.send(prep, **send_kwargs)
           ^^^^^^^^^^^^^^^^^^^^^^^^^^^^^^
  File "/root/.cache/user_artifacts/trainers_main/server/.venv/lib/python3.12/site-packages/requests/sessions.py", line 703, in send
    r = adapter.send(request, **kwargs)
        ^^^^^^^^^^^^^^^^^^^^^^^^^^^^^^^
  File "/root/.cache/user_artifacts/trainers_main/server/.venv/lib/python3.12/site-packages/requests/adapters.py", line 677, in send
    raise ConnectionError(e, request=request)
requests.exceptions.ConnectionError: HTTPConnectionPool(host='localhost', port=4318): Max retries exceeded with url: /v1/traces (Caused by NewConnectionError("HTTPConnection(host='localhost', port=4318): Failed to establish a new connection: [Errno 111] Connection refused"))
WARNING:megatron.core.transformer.moe.token_dispatcher:BT_MOE_PROBS_A2A_COMM window 27 (300 gated dispatches): {'token_issues': 8100, 'probs_issues': 8100, 'waits': 16200}
WARNING:megatron.core.transformer.moe.token_dispatcher:BT_MOE_PROBS_A2A_COMM window 27 (300 gated dispatches): {'token_issues': 8100, 'probs_issues': 8100, 'waits': 16200}
WARNING:megatron.core.transformer.moe.token_dispatcher:BT_MOE_PROBS_A2A_COMM window 27 (300 gated dispatches): {'token_issues': 8100, 'probs_issues': 8100, 'waits': 16200}
WARNING:megatron.core.transformer.moe.token_dispatcher:BT_MOE_PROBS_A2A_COMM window 27 (300 gated dispatches): {'token_issues': 8100, 'probs_issues': 8100, 'waits': 16200}
WARNING:megatron.core.transformer.moe.token_dispatcher:BT_MOE_PROBS_A2A_COMM window 27 (300 gated dispatches): {'token_issues': 8100, 'probs_issues': 8100, 'waits': 16200}
WARNING:megatron.core.transformer.moe.token_dispatcher:BT_MOE_PROBS_A2A_COMM window 27 (300 gated dispatches): {'token_issues': 8100, 'probs_issues': 8100, 'waits': 16200}
WARNING:megatron.core.transformer.moe.token_dispatcher:BT_MOE_PROBS_A2A_COMM window 27 (300 gated dispatches): {'token_issues': 8100, 'probs_issues': 8100, 'waits': 16200}
WARNING:megatron.core.transformer.moe.token_dispatcher:BT_MOE_PROBS_A2A_COMM window 27 (300 gated dispatches): {'token_issues': 8100, 'probs_issues': 8100, 'waits': 16200}
WARNING:megatron.core.transformer.moe.token_dispatcher:BT_MOE_PROBS_A2A_COMM window 27 (300 gated dispatches): {'token_issues': 8100, 'probs_issues': 8100, 'waits': 16200}
WARNING:megatron.core.transformer.moe.token_dispatcher:BT_MOE_PROBS_A2A_COMM window 27 (300 gated dispatches): {'token_issues': 8100, 'probs_issues': 8100, 'waits': 16200}
WARNING:megatron.core.transformer.moe.token_dispatcher:BT_MOE_PROBS_A2A_COMM window 27 (300 gated dispatches): {'token_issues': 8100, 'probs_issues': 8100, 'waits': 16200}
WARNING:megatron.core.transformer.moe.token_dispatcher:BT_MOE_PROBS_A2A_COMM window 27 (300 gated dispatches): {'token_issues': 8100, 'probs_issues': 8100, 'waits': 16200}
WARNING:megatron.core.transformer.moe.token_dispatcher:BT_MOE_PROBS_A2A_COMM window 27 (300 gated dispatches): {'token_issues': 8100, 'probs_issues': 8100, 'waits': 16200}
WARNING:megatron.core.transformer.moe.token_dispatcher:BT_MOE_PROBS_A2A_COMM window 27 (300 gated dispatches): {'token_issues': 8100, 'probs_issues': 8100, 'waits': 16200}
WARNING:megatron.core.transformer.moe.token_dispatcher:BT_MOE_PROBS_A2A_COMM window 27 (300 gated dispatches): {'token_issues': 8100, 'probs_issues': 8100, 'waits': 16200}
WARNING:megatron.core.transformer.moe.token_dispatcher:BT_MOE_PROBS_A2A_COMM window 27 (300 gated dispatches): {'token_issues': 8100, 'probs_issues': 8100, 'waits': 16200}
WARNING:megatron.core.transformer.moe.router:BT_MOE_ROUTING_REPLAY_FORCE window 13 (312 replay passes): {'stashes': 4125, 'forces': 4055, 'misses': 0, 'shape_mismatches': 0, 'verify_asserts': 0}; in-flight stash 146.8 MB (peak 157.3 MB)
WARNING:megatron.core.transformer.moe.router:BT_MOE_ROUTING_REPLAY_FORCE window 13 (312 replay passes): {'stashes': 4125, 'forces': 4055, 'misses': 0, 'shape_mismatches': 0, 'verify_asserts': 0}; in-flight stash 146.8 MB (peak 157.3 MB)
WARNING:megatron.core.transformer.moe.router:BT_MOE_ROUTING_REPLAY_FORCE window 13 (312 replay passes): {'stashes': 4125, 'forces': 4055, 'misses': 0, 'shape_mismatches': 0, 'verify_asserts': 0}; in-flight stash 146.8 MB (peak 157.3 MB)
WARNING:megatron.core.transformer.moe.router:BT_MOE_ROUTING_REPLAY_FORCE window 13 (312 replay passes): {'stashes': 4125, 'forces': 4055, 'misses': 0, 'shape_mismatches': 0, 'verify_asserts': 0}; in-flight stash 146.8 MB (peak 157.3 MB)
WARNING:megatron.core.transformer.moe.router:BT_MOE_ROUTING_REPLAY_FORCE window 13 (312 replay passes): {'stashes': 4125, 'forces': 4055, 'misses': 0, 'shape_mismatches': 0, 'verify_asserts': 0}; in-flight stash 146.8 MB (peak 157.3 MB)
WARNING:megatron.core.transformer.moe.router:BT_MOE_ROUTING_REPLAY_FORCE window 13 (312 replay passes): {'stashes': 4125, 'forces': 4055, 'misses': 0, 'shape_mismatches': 0, 'verify_asserts': 0}; in-flight stash 146.8 MB (peak 157.3 MB)
WARNING:megatron.core.transformer.moe.router:BT_MOE_ROUTING_REPLAY_FORCE window 13 (312 replay passes): {'stashes': 4125, 'forces': 4055, 'misses': 0, 'shape_mismatches': 0, 'verify_asserts': 0}; in-flight stash 146.8 MB (peak 157.3 MB)
WARNING:megatron.core.transformer.moe.router:BT_MOE_ROUTING_REPLAY_FORCE window 13 (312 replay passes): {'stashes': 4125, 'forces': 4055, 'misses': 0, 'shape_mismatches': 0, 'verify_asserts': 0}; in-flight stash 146.8 MB (peak 157.3 MB)
WARNING:megatron.core.transformer.moe.router:BT_MOE_ROUTING_REPLAY_FORCE window 13 (312 replay passes): {'stashes': 4125, 'forces': 4055, 'misses': 0, 'shape_mismatches': 0, 'verify_asserts': 0}; in-flight stash 146.8 MB (peak 157.3 MB)
WARNING:megatron.core.transformer.moe.router:BT_MOE_ROUTING_REPLAY_FORCE window 13 (312 replay passes): {'stashes': 4125, 'forces': 4055, 'misses': 0, 'shape_mismatches': 0, 'verify_asserts': 0}; in-flight stash 146.8 MB (peak 157.3 MB)
WARNING:megatron.core.transformer.moe.router:BT_MOE_ROUTING_REPLAY_FORCE window 13 (312 replay passes): {'stashes': 4125, 'forces': 4055, 'misses': 0, 'shape_mismatches': 0, 'verify_asserts': 0}; in-flight stash 146.8 MB (peak 157.3 MB)
WARNING:megatron.core.transformer.moe.router:BT_MOE_ROUTING_REPLAY_FORCE window 13 (312 replay passes): {'stashes': 4125, 'forces': 4055, 'misses': 0, 'shape_mismatches': 0, 'verify_asserts': 0}; in-flight stash 146.8 MB (peak 157.3 MB)
WARNING:megatron.core.transformer.moe.router:BT_MOE_ROUTING_REPLAY_FORCE window 13 (312 replay passes): {'stashes': 4125, 'forces': 4055, 'misses': 0, 'shape_mismatches': 0, 'verify_asserts': 0}; in-flight stash 146.8 MB (peak 157.3 MB)
WARNING:megatron.core.transformer.moe.router:BT_MOE_ROUTING_REPLAY_FORCE window 13 (312 replay passes): {'stashes': 4125, 'forces': 4055, 'misses': 0, 'shape_mismatches': 0, 'verify_asserts': 0}; in-flight stash 146.8 MB (peak 157.3 MB)
WARNING:megatron.core.transformer.moe.router:BT_MOE_ROUTING_REPLAY_FORCE window 13 (312 replay passes): {'stashes': 4125, 'forces': 4055, 'misses': 0, 'shape_mismatches': 0, 'verify_asserts': 0}; in-flight stash 146.8 MB (peak 157.3 MB)
WARNING:megatron.core.transformer.moe.router:BT_MOE_ROUTING_REPLAY_FORCE window 13 (312 replay passes): {'stashes': 4125, 'forces': 4055, 'misses': 0, 'shape_mismatches': 0, 'verify_asserts': 0}; in-flight stash 146.8 MB (peak 157.3 MB)
INFO:trainers_server.dp_worker.api.server:evicted 2 expired finished ops
WARNING:megatron.core.transformer.moe.token_dispatcher:BT_MOE_DISPATCH_REPLAY_CACHE window 14 (300 replay lookups): {'stores': 4200, 'hits': 4200, 'misses': 0, 'shape_mismatches': 0, 'verifies': 0}
WARNING:megatron.core.transformer.moe.token_dispatcher:BT_MOE_DISPATCH_REPLAY_CACHE window 14 (300 replay lookups): {'stores': 4200, 'hits': 4200, 'misses': 0, 'shape_mismatches': 0, 'verifies': 0}
WARNING:megatron.core.transformer.moe.token_dispatcher:BT_MOE_DISPATCH_REPLAY_CACHE window 14 (300 replay lookups): {'stores': 4200, 'hits': 4200, 'misses': 0, 'shape_mismatches': 0, 'verifies': 0}
WARNING:megatron.core.transformer.moe.token_dispatcher:BT_MOE_DISPATCH_REPLAY_CACHE window 14 (300 replay lookups): {'stores': 4200, 'hits': 4200, 'misses': 0, 'shape_mismatches': 0, 'verifies': 0}
WARNING:megatron.core.transformer.moe.token_dispatcher:BT_MOE_DISPATCH_REPLAY_CACHE window 14 (300 replay lookups): {'stores': 4200, 'hits': 4200, 'misses': 0, 'shape_mismatches': 0, 'verifies': 0}
WARNING:megatron.core.transformer.moe.token_dispatcher:BT_MOE_DISPATCH_REPLAY_CACHE window 14 (300 replay lookups): {'stores': 4200, 'hits': 4200, 'misses': 0, 'shape_mismatches': 0, 'verifies': 0}
WARNING:megatron.core.transformer.moe.token_dispatcher:BT_MOE_DISPATCH_REPLAY_CACHE window 14 (300 replay lookups): {'stores': 4200, 'hits': 4200, 'misses': 0, 'shape_mismatches': 0, 'verifies': 0}
WARNING:megatron.core.transformer.moe.token_dispatcher:BT_MOE_DISPATCH_REPLAY_CACHE window 14 (300 replay lookups): {'stores': 4200, 'hits': 4200, 'misses': 0, 'shape_mismatches': 0, 'verifies': 0}
WARNING:megatron.core.transformer.moe.token_dispatcher:BT_MOE_DISPATCH_REPLAY_CACHE window 14 (300 replay lookups): {'stores': 4200, 'hits': 4200, 'misses': 0, 'shape_mismatches': 0, 'verifies': 0}
WARNING:megatron.core.transformer.moe.token_dispatcher:BT_MOE_DISPATCH_REPLAY_CACHE window 14 (300 replay lookups): {'stores': 4200, 'hits': 4200, 'misses': 0, 'shape_mismatches': 0, 'verifies': 0}
WARNING:megatron.core.transformer.moe.token_dispatcher:BT_MOE_DISPATCH_REPLAY_CACHE window 14 (300 replay lookups): {'stores': 4200, 'hits': 4200, 'misses': 0, 'shape_mismatches': 0, 'verifies': 0}
WARNING:megatron.core.transformer.moe.token_dispatcher:BT_MOE_DISPATCH_REPLAY_CACHE window 14 (300 replay lookups): {'stores': 4200, 'hits': 4200, 'misses': 0, 'shape_mismatches': 0, 'verifies': 0}
WARNING:megatron.core.transformer.moe.token_dispatcher:BT_MOE_DISPATCH_REPLAY_CACHE window 14 (300 replay lookups): {'stores': 4200, 'hits': 4200, 'misses': 0, 'shape_mismatches': 0, 'verifies': 0}
WARNING:megatron.core.transformer.moe.token_dispatcher:BT_MOE_PROBS_A2A_COMM window 28 (300 gated dispatches): {'token_issues': 8400, 'probs_issues': 8400, 'waits': 16800}
WARNING:megatron.core.transformer.moe.token_dispatcher:BT_MOE_PROBS_A2A_COMM window 28 (300 gated dispatches): {'token_issues': 8400, 'probs_issues': 8400, 'waits': 16800}
WARNING:megatron.core.transformer.moe.token_dispatcher:BT_MOE_PROBS_A2A_COMM window 28 (300 gated dispatches): {'token_issues': 8400, 'probs_issues': 8400, 'waits': 16800}
WARNING:megatron.core.transformer.moe.token_dispatcher:BT_MOE_PROBS_A2A_COMM window 28 (300 gated dispatches): {'token_issues': 8400, 'probs_issues': 8400, 'waits': 16800}
WARNING:megatron.core.transformer.moe.token_dispatcher:BT_MOE_PROBS_A2A_COMM window 28 (300 gated dispatches): {'token_issues': 8400, 'probs_issues': 8400, 'waits': 16800}
WARNING:megatron.core.transformer.moe.token_dispatcher:BT_MOE_PROBS_A2A_COMM window 28 (300 gated dispatches): {'token_issues': 8400, 'probs_issues': 8400, 'waits': 16800}
WARNING:megatron.core.transformer.moe.token_dispatcher:BT_MOE_PROBS_A2A_COMM window 28 (300 gated dispatches): {'token_issues': 8400, 'probs_issues': 8400, 'waits': 16800}
WARNING:megatron.core.transformer.moe.token_dispatcher:BT_MOE_PROBS_A2A_COMM window 28 (300 gated dispatches): {'token_issues': 8400, 'probs_issues': 8400, 'waits': 16800}
WARNING:megatron.core.transformer.moe.token_dispatcher:BT_MOE_PROBS_A2A_COMM window 28 (300 gated dispatches): {'token_issues': 8400, 'probs_issues': 8400, 'waits': 16800}
WARNING:megatron.core.transformer.moe.token_dispatcher:BT_MOE_PROBS_A2A_COMM window 28 (300 gated dispatches): {'token_issues': 8400, 'probs_issues': 8400, 'waits': 16800}
WARNING:megatron.core.transformer.moe.token_dispatcher:BT_MOE_PROBS_A2A_COMM window 28 (300 gated dispatches): {'token_issues': 8400, 'probs_issues': 8400, 'waits': 16800}
WARNING:megatron.core.transformer.moe.token_dispatcher:BT_MOE_PROBS_A2A_COMM window 28 (300 gated dispatches): {'token_issues': 8400, 'probs_issues': 8400, 'waits': 16800}
WARNING:megatron.core.transformer.moe.token_dispatcher:BT_MOE_PROBS_A2A_COMM window 28 (300 gated dispatches): {'token_issues': 8400, 'probs_issues': 8400, 'waits': 16800}
WARNING:megatron.core.transformer.moe.token_dispatcher:BT_MOE_DISPATCH_REPLAY_CACHE window 14 (300 replay lookups): {'stores': 4200, 'hits': 4200, 'misses': 0, 'shape_mismatches': 0, 'verifies': 0}
WARNING:megatron.core.transformer.moe.token_dispatcher:BT_MOE_DISPATCH_REPLAY_CACHE window 14 (300 replay lookups): {'stores': 4200, 'hits': 4200, 'misses': 0, 'shape_mismatches': 0, 'verifies': 0}
WARNING:megatron.core.transformer.moe.token_dispatcher:BT_MOE_DISPATCH_REPLAY_CACHE window 14 (300 replay lookups): {'stores': 4200, 'hits': 4200, 'misses': 0, 'shape_mismatches': 0, 'verifies': 0}
WARNING:megatron.core.transformer.moe.token_dispatcher:BT_MOE_PROBS_A2A_COMM window 28 (300 gated dispatches): {'token_issues': 8400, 'probs_issues': 8400, 'waits': 16800}
WARNING:megatron.core.transformer.moe.token_dispatcher:BT_MOE_PROBS_A2A_COMM window 28 (300 gated dispatches): {'token_issues': 8400, 'probs_issues': 8400, 'waits': 16800}
WARNING:megatron.core.transformer.moe.token_dispatcher:BT_MOE_PROBS_A2A_COMM window 28 (300 gated dispatches): {'token_issues': 8400, 'probs_issues': 8400, 'waits': 16800}
WARNING:megatron.core.transformer.experimental_attention_variant.dsa_cudnn_kernels:BT_DSA_BWD_ASYNC_NONEMPTY_V3 window 14 (312 probe reads): {'kicks': 4368, 'hits': 4368, 'misses': 0, 'probe_dropped': 0, 'fallbacks': 0, 'verifies': 4367}
WARNING:megatron.core.transformer.experimental_attention_variant.dsa_cudnn_kernels:BT_DSA_BWD_ASYNC_NONEMPTY_V3 window 14 (312 probe reads): {'kicks': 4368, 'hits': 4368, 'misses': 0, 'probe_dropped': 0, 'fallbacks': 0, 'verifies': 4367}
WARNING:megatron.core.transformer.experimental_attention_variant.dsa_cudnn_kernels:BT_DSA_BWD_ASYNC_NONEMPTY_V3 window 14 (312 probe reads): {'kicks': 4368, 'hits': 4368, 'misses': 0, 'probe_dropped': 0, 'fallbacks': 0, 'verifies': 4367}
WARNING:megatron.core.transformer.experimental_attention_variant.dsa_cudnn_kernels:BT_DSA_BWD_ASYNC_NONEMPTY_V3 window 14 (312 probe reads): {'kicks': 4368, 'hits': 4368, 'misses': 0, 'probe_dropped': 0, 'fallbacks': 0, 'verifies': 4367}
WARNING:megatron.core.transformer.experimental_attention_variant.dsa_cudnn_kernels:BT_DSA_BWD_ASYNC_NONEMPTY_V3 window 14 (312 probe reads): {'kicks': 4368, 'hits': 4368, 'misses': 0, 'probe_dropped': 0, 'fallbacks': 0, 'verifies': 4367}
WARNING:megatron.core.transformer.experimental_attention_variant.dsa_cudnn_kernels:BT_DSA_BWD_ASYNC_NONEMPTY_V3 window 14 (312 probe reads): {'kicks': 4368, 'hits': 4368, 'misses': 0, 'probe_dropped': 0, 'fallbacks': 0, 'verifies': 4367}
WARNING:megatron.core.transformer.experimental_attention_variant.dsa_cudnn_kernels:BT_DSA_BWD_ASYNC_NONEMPTY_V3 window 14 (312 probe reads): {'kicks': 4368, 'hits': 4368, 'misses': 0, 'probe_dropped': 0, 'fallbacks': 0, 'verifies': 4367}
WARNING:megatron.core.transformer.experimental_attention_variant.dsa_cudnn_kernels:BT_DSA_BWD_ASYNC_NONEMPTY_V3 window 14 (312 probe reads): {'kicks': 4368, 'hits': 4368, 'misses': 0, 'probe_dropped': 0, 'fallbacks': 0, 'verifies': 4367}
WARNING:megatron.core.transformer.experimental_attention_variant.dsa_cudnn_kernels:BT_DSA_BWD_ASYNC_NONEMPTY_V3 window 14 (312 probe reads): {'kicks': 4368, 'hits': 4368, 'misses': 0, 'probe_dropped': 0, 'fallbacks': 0, 'verifies': 4367}
WARNING:megatron.core.transformer.experimental_attention_variant.dsa_cudnn_kernels:BT_DSA_BWD_ASYNC_NONEMPTY_V3 window 14 (312 probe reads): {'kicks': 4368, 'hits': 4368, 'misses': 0, 'probe_dropped': 0, 'fallbacks': 0, 'verifies': 4367}
WARNING:megatron.core.transformer.experimental_attention_variant.dsa_cudnn_kernels:BT_DSA_BWD_ASYNC_NONEMPTY_V3 window 14 (312 probe reads): {'kicks': 4368, 'hits': 4368, 'misses': 0, 'probe_dropped': 0, 'fallbacks': 0, 'verifies': 4367}
WARNING:megatron.core.transformer.experimental_attention_variant.dsa_cudnn_kernels:BT_DSA_BWD_ASYNC_NONEMPTY_V3 window 14 (312 probe reads): {'kicks': 4368, 'hits': 4368, 'misses': 0, 'probe_dropped': 0, 'fallbacks': 0, 'verifies': 4367}
WARNING:megatron.core.transformer.experimental_attention_variant.dsa_cudnn_kernels:BT_DSA_BWD_ASYNC_NONEMPTY_V3 window 14 (312 probe reads): {'kicks': 4368, 'hits': 4368, 'misses': 0, 'probe_dropped': 0, 'fallbacks': 0, 'verifies': 4367}
WARNING:megatron.core.transformer.experimental_attention_variant.dsa_cudnn_kernels:BT_DSA_BWD_ASYNC_NONEMPTY_V3 window 14 (312 probe reads): {'kicks': 4368, 'hits': 4368, 'misses': 0, 'probe_dropped': 0, 'fallbacks': 0, 'verifies': 4367}
WARNING:megatron.core.transformer.experimental_attention_variant.dsa_cudnn_kernels:BT_DSA_BWD_ASYNC_NONEMPTY_V3 window 14 (312 probe reads): {'kicks': 4368, 'hits': 4368, 'misses': 0, 'probe_dropped': 0, 'fallbacks': 0, 'verifies': 4367}
WARNING:megatron.core.transformer.experimental_attention_variant.dsa_cudnn_kernels:BT_DSA_BWD_ASYNC_NONEMPTY_V3 window 14 (312 probe reads): {'kicks': 4368, 'hits': 4368, 'misses': 0, 'probe_dropped': 0, 'fallbacks': 0, 'verifies': 4367}
INFO:trainers_server.dp_worker.api.dispatcher_worker:dispatcher_worker: op=forward_backward operation_id=fb21b2b7e4d94d7cb6ae76b5f94c9935 done in 46.42s {'loss': 12.145957152993416}
INFO:trainers_server.dp_worker.api.server:retrieve: operation_id=fb21b2b7e4d94d7cb6ae76b5f94c9935 done after 16.44s
INFO:     127.0.0.1:45386 - "GET /operations/fb21b2b7e4d94d7cb6ae76b5f94c9935 HTTP/1.1" 200 OK
INFO:trainers_server.dp_worker.api.server:submit: op=optim_step operation_id=9f204a2d899a4ae5b71fffba1fb5549e enqueued (qsize=1) 
INFO:     127.0.0.1:45386 - "POST /optim_step HTTP/1.1" 202 Accepted
INFO:trainers_server.dp_worker.api.dispatcher_worker:dispatcher_worker: op=optim_step operation_id=9f204a2d899a4ae5b71fffba1fb5549e done in 0.03s step=14.0 learning_rate=1e-05 lr=1e-05 grad_norm=0.3675113320350647 tps=11290.241694741999 train_mean_nll=12.145957152993416 num_tokens=524288.0 num_loss_tokens=524284.0 step_seconds=46.437269827816635
INFO:trainers_server.dp_worker.api.server:retrieve: operation_id=9f204a2d899a4ae5b71fffba1fb5549e done after 0.03s
INFO:     127.0.0.1:45386 - "GET /operations/9f204a2d899a4ae5b71fffba1fb5549e HTTP/1.1" 200 OK
INFO:trainers_server.dp_worker.api.server:submit: op=forward_backward operation_id=ee888bcfada043528ac3a31084c802fd enqueued (qsize=1) n_datums=4 total_tokens=524288 seq_len[min/max]=131072/131072
INFO:     127.0.0.1:45386 - "POST /forward_backward HTTP/1.1" 202 Accepted
ERROR:opentelemetry.sdk.trace.export:Exception while exporting Span batch.
Traceback (most recent call last):
  File "/root/.cache/user_artifacts/trainers_main/server/.venv/lib/python3.12/site-packages/urllib3/connection.py", line 204, in _new_conn
    sock = connection.create_connection(
           ^^^^^^^^^^^^^^^^^^^^^^^^^^^^^
  File "/root/.cache/user_artifacts/trainers_main/server/.venv/lib/python3.12/site-packages/urllib3/util/connection.py", line 85, in create_connection
    raise err
  File "/root/.cache/user_artifacts/trainers_main/server/.venv/lib/python3.12/site-packages/urllib3/util/connection.py", line 73, in create_connection
    sock.connect(sa)
ConnectionRefusedError: [Errno 111] Connection refused

The above exception was the direct cause of the following exception:

Traceback (most recent call last):
  File "/root/.cache/user_artifacts/trainers_main/server/.venv/lib/python3.12/site-packages/urllib3/connectionpool.py", line 787, in urlopen
    response = self._make_request(
               ^^^^^^^^^^^^^^^^^^^
  File "/root/.cache/user_artifacts/trainers_main/server/.venv/lib/python3.12/site-packages/urllib3/connectionpool.py", line 493, in _make_request
    conn.request(
  File "/root/.cache/user_artifacts/trainers_main/server/.venv/lib/python3.12/site-packages/urllib3/connection.py", line 500, in request
    self.endheaders()
  File "/usr/lib/python3.12/http/client.py", line 1360, in endheaders
    self._send_output(message_body, encode_chunked=encode_chunked)
  File "/usr/lib/python3.12/http/client.py", line 1120, in _send_output
    self.send(msg)
  File "/usr/lib/python3.12/http/client.py", line 1064, in send
    self.connect()
  File "/root/.cache/user_artifacts/trainers_main/server/.venv/lib/python3.12/site-packages/urllib3/connection.py", line 331, in connect
    self.sock = self._new_conn()
                ^^^^^^^^^^^^^^^^
  File "/root/.cache/user_artifacts/trainers_main/server/.venv/lib/python3.12/site-packages/urllib3/connection.py", line 219, in _new_conn
    raise NewConnectionError(
urllib3.exceptions.NewConnectionError: HTTPConnection(host='localhost', port=4318): Failed to establish a new connection: [Errno 111] Connection refused

The above exception was the direct cause of the following exception:

Traceback (most recent call last):
  File "/root/.cache/user_artifacts/trainers_main/server/.venv/lib/python3.12/site-packages/requests/adapters.py", line 644, in send
    resp = conn.urlopen(
           ^^^^^^^^^^^^^
  File "/root/.cache/user_artifacts/trainers_main/server/.venv/lib/python3.12/site-packages/urllib3/connectionpool.py", line 841, in urlopen
    retries = retries.increment(
              ^^^^^^^^^^^^^^^^^^
  File "/root/.cache/user_artifacts/trainers_main/server/.venv/lib/python3.12/site-packages/urllib3/util/retry.py", line 535, in increment
    raise MaxRetryError(_pool, url, reason) from reason  # type: ignore[arg-type]
    ^^^^^^^^^^^^^^^^^^^^^^^^^^^^^^^^^^^^^^^^^^^^^^^^^^^
urllib3.exceptions.MaxRetryError: HTTPConnectionPool(host='localhost', port=4318): Max retries exceeded with url: /v1/traces (Caused by NewConnectionError("HTTPConnection(host='localhost', port=4318): Failed to establish a new connection: [Errno 111] Connection refused"))

During handling of the above exception, another exception occurred:

Traceback (most recent call last):
  File "/root/.cache/user_artifacts/trainers_main/server/.venv/lib/python3.12/site-packages/opentelemetry/sdk/trace/export/__init__.py", line 362, in _export_batch
    self.span_exporter.export(self.spans_list[:idx])  # type: ignore
    ^^^^^^^^^^^^^^^^^^^^^^^^^^^^^^^^^^^^^^^^^^^^^^^^
  File "/root/.cache/user_artifacts/trainers_main/server/.venv/lib/python3.12/site-packages/opentelemetry/exporter/otlp/proto/http/trace_exporter/__init__.py", line 139, in export
    resp = self._export(serialized_data)
           ^^^^^^^^^^^^^^^^^^^^^^^^^^^^^
  File "/root/.cache/user_artifacts/trainers_main/server/.venv/lib/python3.12/site-packages/opentelemetry/exporter/otlp/proto/http/trace_exporter/__init__.py", line 110, in _export
    return self._session.post(
           ^^^^^^^^^^^^^^^^^^^
  File "/root/.cache/user_artifacts/trainers_main/server/.venv/lib/python3.12/site-packages/requests/sessions.py", line 637, in post
    return self.request("POST", url, data=data, json=json, **kwargs)
           ^^^^^^^^^^^^^^^^^^^^^^^^^^^^^^^^^^^^^^^^^^^^^^^^^^^^^^^^^
  File "/root/.cache/user_artifacts/trainers_main/server/.venv/lib/python3.12/site-packages/requests/sessions.py", line 589, in request
    resp = self.send(prep, **send_kwargs)
           ^^^^^^^^^^^^^^^^^^^^^^^^^^^^^^
  File "/root/.cache/user_artifacts/trainers_main/server/.venv/lib/python3.12/site-packages/requests/sessions.py", line 703, in send
    r = adapter.send(request, **kwargs)
        ^^^^^^^^^^^^^^^^^^^^^^^^^^^^^^^
  File "/root/.cache/user_artifacts/trainers_main/server/.venv/lib/python3.12/site-packages/requests/adapters.py", line 677, in send
    raise ConnectionError(e, request=request)
requests.exceptions.ConnectionError: HTTPConnectionPool(host='localhost', port=4318): Max retries exceeded with url: /v1/traces (Caused by NewConnectionError("HTTPConnection(host='localhost', port=4318): Failed to establish a new connection: [Errno 111] Connection refused"))
WARNING:megatron.core.transformer.moe.token_dispatcher:BT_MOE_PROBS_A2A_COMM window 29 (300 gated dispatches): {'token_issues': 8700, 'probs_issues': 8700, 'waits': 17400}
WARNING:megatron.core.transformer.moe.token_dispatcher:BT_MOE_PROBS_A2A_COMM window 29 (300 gated dispatches): {'token_issues': 8700, 'probs_issues': 8700, 'waits': 17400}
WARNING:megatron.core.transformer.moe.token_dispatcher:BT_MOE_PROBS_A2A_COMM window 29 (300 gated dispatches): {'token_issues': 8700, 'probs_issues': 8700, 'waits': 17400}
WARNING:megatron.core.transformer.moe.token_dispatcher:BT_MOE_PROBS_A2A_COMM window 29 (300 gated dispatches): {'token_issues': 8700, 'probs_issues': 8700, 'waits': 17400}
WARNING:megatron.core.transformer.moe.token_dispatcher:BT_MOE_PROBS_A2A_COMM window 29 (300 gated dispatches): {'token_issues': 8700, 'probs_issues': 8700, 'waits': 17400}
WARNING:megatron.core.transformer.moe.token_dispatcher:BT_MOE_PROBS_A2A_COMM window 29 (300 gated dispatches): {'token_issues': 8700, 'probs_issues': 8700, 'waits': 17400}
WARNING:megatron.core.transformer.moe.token_dispatcher:BT_MOE_PROBS_A2A_COMM window 29 (300 gated dispatches): {'token_issues': 8700, 'probs_issues': 8700, 'waits': 17400}
WARNING:megatron.core.transformer.moe.token_dispatcher:BT_MOE_PROBS_A2A_COMM window 29 (300 gated dispatches): {'token_issues': 8700, 'probs_issues': 8700, 'waits': 17400}
WARNING:megatron.core.transformer.moe.token_dispatcher:BT_MOE_PROBS_A2A_COMM window 29 (300 gated dispatches): {'token_issues': 8700, 'probs_issues': 8700, 'waits': 17400}
WARNING:megatron.core.transformer.moe.token_dispatcher:BT_MOE_PROBS_A2A_COMM window 29 (300 gated dispatches): {'token_issues': 8700, 'probs_issues': 8700, 'waits': 17400}
WARNING:megatron.core.transformer.moe.token_dispatcher:BT_MOE_PROBS_A2A_COMM window 29 (300 gated dispatches): {'token_issues': 8700, 'probs_issues': 8700, 'waits': 17400}
WARNING:megatron.core.transformer.moe.token_dispatcher:BT_MOE_PROBS_A2A_COMM window 29 (300 gated dispatches): {'token_issues': 8700, 'probs_issues': 8700, 'waits': 17400}
WARNING:megatron.core.transformer.moe.token_dispatcher:BT_MOE_PROBS_A2A_COMM window 29 (300 gated dispatches): {'token_issues': 8700, 'probs_issues': 8700, 'waits': 17400}
WARNING:megatron.core.transformer.moe.token_dispatcher:BT_MOE_PROBS_A2A_COMM window 29 (300 gated dispatches): {'token_issues': 8700, 'probs_issues': 8700, 'waits': 17400}
WARNING:megatron.core.transformer.moe.token_dispatcher:BT_MOE_PROBS_A2A_COMM window 29 (300 gated dispatches): {'token_issues': 8700, 'probs_issues': 8700, 'waits': 17400}
WARNING:megatron.core.transformer.moe.token_dispatcher:BT_MOE_PROBS_A2A_COMM window 29 (300 gated dispatches): {'token_issues': 8700, 'probs_issues': 8700, 'waits': 17400}
WARNING:megatron.core.transformer.moe.router:BT_MOE_ROUTING_REPLAY_FORCE window 14 (312 replay passes): {'stashes': 4425, 'forces': 4367, 'misses': 0, 'shape_mismatches': 0, 'verify_asserts': 0}; in-flight stash 121.6 MB (peak 157.3 MB)
WARNING:megatron.core.transformer.moe.router:BT_MOE_ROUTING_REPLAY_FORCE window 14 (312 replay passes): {'stashes': 4425, 'forces': 4367, 'misses': 0, 'shape_mismatches': 0, 'verify_asserts': 0}; in-flight stash 121.6 MB (peak 157.3 MB)
WARNING:megatron.core.transformer.moe.router:BT_MOE_ROUTING_REPLAY_FORCE window 14 (312 replay passes): {'stashes': 4425, 'forces': 4367, 'misses': 0, 'shape_mismatches': 0, 'verify_asserts': 0}; in-flight stash 121.6 MB (peak 157.3 MB)
WARNING:megatron.core.transformer.moe.router:BT_MOE_ROUTING_REPLAY_FORCE window 14 (312 replay passes): {'stashes': 4425, 'forces': 4367, 'misses': 0, 'shape_mismatches': 0, 'verify_asserts': 0}; in-flight stash 121.6 MB (peak 157.3 MB)
WARNING:megatron.core.transformer.moe.router:BT_MOE_ROUTING_REPLAY_FORCE window 14 (312 replay passes): {'stashes': 4425, 'forces': 4367, 'misses': 0, 'shape_mismatches': 0, 'verify_asserts': 0}; in-flight stash 121.6 MB (peak 157.3 MB)
WARNING:megatron.core.transformer.moe.router:BT_MOE_ROUTING_REPLAY_FORCE window 14 (312 replay passes): {'stashes': 4425, 'forces': 4367, 'misses': 0, 'shape_mismatches': 0, 'verify_asserts': 0}; in-flight stash 121.6 MB (peak 157.3 MB)
WARNING:megatron.core.transformer.moe.router:BT_MOE_ROUTING_REPLAY_FORCE window 14 (312 replay passes): {'stashes': 4425, 'forces': 4367, 'misses': 0, 'shape_mismatches': 0, 'verify_asserts': 0}; in-flight stash 121.6 MB (peak 157.3 MB)
WARNING:megatron.core.transformer.moe.router:BT_MOE_ROUTING_REPLAY_FORCE window 14 (312 replay passes): {'stashes': 4425, 'forces': 4367, 'misses': 0, 'shape_mismatches': 0, 'verify_asserts': 0}; in-flight stash 121.6 MB (peak 157.3 MB)
WARNING:megatron.core.transformer.moe.router:BT_MOE_ROUTING_REPLAY_FORCE window 14 (312 replay passes): {'stashes': 4425, 'forces': 4367, 'misses': 0, 'shape_mismatches': 0, 'verify_asserts': 0}; in-flight stash 121.6 MB (peak 157.3 MB)
WARNING:megatron.core.transformer.moe.router:BT_MOE_ROUTING_REPLAY_FORCE window 14 (312 replay passes): {'stashes': 4425, 'forces': 4367, 'misses': 0, 'shape_mismatches': 0, 'verify_asserts': 0}; in-flight stash 121.6 MB (peak 157.3 MB)
WARNING:megatron.core.transformer.moe.router:BT_MOE_ROUTING_REPLAY_FORCE window 14 (312 replay passes): {'stashes': 4425, 'forces': 4367, 'misses': 0, 'shape_mismatches': 0, 'verify_asserts': 0}; in-flight stash 121.6 MB (peak 157.3 MB)
WARNING:megatron.core.transformer.moe.router:BT_MOE_ROUTING_REPLAY_FORCE window 14 (312 replay passes): {'stashes': 4425, 'forces': 4367, 'misses': 0, 'shape_mismatches': 0, 'verify_asserts': 0}; in-flight stash 121.6 MB (peak 157.3 MB)
WARNING:megatron.core.transformer.moe.router:BT_MOE_ROUTING_REPLAY_FORCE window 14 (312 replay passes): {'stashes': 4425, 'forces': 4367, 'misses': 0, 'shape_mismatches': 0, 'verify_asserts': 0}; in-flight stash 121.6 MB (peak 157.3 MB)
WARNING:megatron.core.transformer.moe.router:BT_MOE_ROUTING_REPLAY_FORCE window 14 (312 replay passes): {'stashes': 4425, 'forces': 4367, 'misses': 0, 'shape_mismatches': 0, 'verify_asserts': 0}; in-flight stash 121.6 MB (peak 157.3 MB)
WARNING:megatron.core.transformer.moe.router:BT_MOE_ROUTING_REPLAY_FORCE window 14 (312 replay passes): {'stashes': 4425, 'forces': 4367, 'misses': 0, 'shape_mismatches': 0, 'verify_asserts': 0}; in-flight stash 121.6 MB (peak 157.3 MB)
WARNING:megatron.core.transformer.moe.router:BT_MOE_ROUTING_REPLAY_FORCE window 14 (312 replay passes): {'stashes': 4425, 'forces': 4367, 'misses': 0, 'shape_mismatches': 0, 'verify_asserts': 0}; in-flight stash 121.6 MB (peak 157.3 MB)
WARNING:megatron.core.transformer.moe.token_dispatcher:BT_MOE_DISPATCH_REPLAY_CACHE window 15 (300 replay lookups): {'stores': 4500, 'hits': 4500, 'misses': 0, 'shape_mismatches': 0, 'verifies': 0}
WARNING:megatron.core.transformer.moe.token_dispatcher:BT_MOE_DISPATCH_REPLAY_CACHE window 15 (300 replay lookups): {'stores': 4500, 'hits': 4500, 'misses': 0, 'shape_mismatches': 0, 'verifies': 0}
WARNING:megatron.core.transformer.moe.token_dispatcher:BT_MOE_DISPATCH_REPLAY_CACHE window 15 (300 replay lookups): {'stores': 4500, 'hits': 4500, 'misses': 0, 'shape_mismatches': 0, 'verifies': 0}
WARNING:megatron.core.transformer.moe.token_dispatcher:BT_MOE_DISPATCH_REPLAY_CACHE window 15 (300 replay lookups): {'stores': 4500, 'hits': 4500, 'misses': 0, 'shape_mismatches': 0, 'verifies': 0}
WARNING:megatron.core.transformer.moe.token_dispatcher:BT_MOE_DISPATCH_REPLAY_CACHE window 15 (300 replay lookups): {'stores': 4500, 'hits': 4500, 'misses': 0, 'shape_mismatches': 0, 'verifies': 0}
WARNING:megatron.core.transformer.moe.token_dispatcher:BT_MOE_DISPATCH_REPLAY_CACHE window 15 (300 replay lookups): {'stores': 4500, 'hits': 4500, 'misses': 0, 'shape_mismatches': 0, 'verifies': 0}
WARNING:megatron.core.transformer.moe.token_dispatcher:BT_MOE_DISPATCH_REPLAY_CACHE window 15 (300 replay lookups): {'stores': 4500, 'hits': 4500, 'misses': 0, 'shape_mismatches': 0, 'verifies': 0}
WARNING:megatron.core.transformer.moe.token_dispatcher:BT_MOE_DISPATCH_REPLAY_CACHE window 15 (300 replay lookups): {'stores': 4500, 'hits': 4500, 'misses': 0, 'shape_mismatches': 0, 'verifies': 0}
WARNING:megatron.core.transformer.moe.token_dispatcher:BT_MOE_DISPATCH_REPLAY_CACHE window 15 (300 replay lookups): {'stores': 4500, 'hits': 4500, 'misses': 0, 'shape_mismatches': 0, 'verifies': 0}
WARNING:megatron.core.transformer.moe.token_dispatcher:BT_MOE_DISPATCH_REPLAY_CACHE window 15 (300 replay lookups): {'stores': 4500, 'hits': 4500, 'misses': 0, 'shape_mismatches': 0, 'verifies': 0}
WARNING:megatron.core.transformer.moe.token_dispatcher:BT_MOE_DISPATCH_REPLAY_CACHE window 15 (300 replay lookups): {'stores': 4500, 'hits': 4500, 'misses': 0, 'shape_mismatches': 0, 'verifies': 0}
WARNING:megatron.core.transformer.moe.token_dispatcher:BT_MOE_DISPATCH_REPLAY_CACHE window 15 (300 replay lookups): {'stores': 4500, 'hits': 4500, 'misses': 0, 'shape_mismatches': 0, 'verifies': 0}
WARNING:megatron.core.transformer.moe.token_dispatcher:BT_MOE_DISPATCH_REPLAY_CACHE window 15 (300 replay lookups): {'stores': 4500, 'hits': 4500, 'misses': 0, 'shape_mismatches': 0, 'verifies': 0}
WARNING:megatron.core.transformer.moe.token_dispatcher:BT_MOE_DISPATCH_REPLAY_CACHE window 15 (300 replay lookups): {'stores': 4500, 'hits': 4500, 'misses': 0, 'shape_mismatches': 0, 'verifies': 0}
WARNING:megatron.core.transformer.moe.token_dispatcher:BT_MOE_DISPATCH_REPLAY_CACHE window 15 (300 replay lookups): {'stores': 4500, 'hits': 4500, 'misses': 0, 'shape_mismatches': 0, 'verifies': 0}
WARNING:megatron.core.transformer.moe.token_dispatcher:BT_MOE_DISPATCH_REPLAY_CACHE window 15 (300 replay lookups): {'stores': 4500, 'hits': 4500, 'misses': 0, 'shape_mismatches': 0, 'verifies': 0}
WARNING:megatron.core.transformer.moe.token_dispatcher:BT_MOE_PROBS_A2A_COMM window 30 (300 gated dispatches): {'token_issues': 9000, 'probs_issues': 9000, 'waits': 18000}
WARNING:megatron.core.transformer.moe.token_dispatcher:BT_MOE_PROBS_A2A_COMM window 30 (300 gated dispatches): {'token_issues': 9000, 'probs_issues': 9000, 'waits': 18000}
WARNING:megatron.core.transformer.moe.token_dispatcher:BT_MOE_PROBS_A2A_COMM window 30 (300 gated dispatches): {'token_issues': 9000, 'probs_issues': 9000, 'waits': 18000}
WARNING:megatron.core.transformer.moe.token_dispatcher:BT_MOE_PROBS_A2A_COMM window 30 (300 gated dispatches): {'token_issues': 9000, 'probs_issues': 9000, 'waits': 18000}
WARNING:megatron.core.transformer.moe.token_dispatcher:BT_MOE_PROBS_A2A_COMM window 30 (300 gated dispatches): {'token_issues': 9000, 'probs_issues': 9000, 'waits': 18000}
WARNING:megatron.core.transformer.moe.token_dispatcher:BT_MOE_PROBS_A2A_COMM window 30 (300 gated dispatches): {'token_issues': 9000, 'probs_issues': 9000, 'waits': 18000}
WARNING:megatron.core.transformer.moe.token_dispatcher:BT_MOE_PROBS_A2A_COMM window 30 (300 gated dispatches): {'token_issues': 9000, 'probs_issues': 9000, 'waits': 18000}
WARNING:megatron.core.transformer.moe.token_dispatcher:BT_MOE_PROBS_A2A_COMM window 30 (300 gated dispatches): {'token_issues': 9000, 'probs_issues': 9000, 'waits': 18000}
WARNING:megatron.core.transformer.moe.token_dispatcher:BT_MOE_PROBS_A2A_COMM window 30 (300 gated dispatches): {'token_issues': 9000, 'probs_issues': 9000, 'waits': 18000}
WARNING:megatron.core.transformer.moe.token_dispatcher:BT_MOE_PROBS_A2A_COMM window 30 (300 gated dispatches): {'token_issues': 9000, 'probs_issues': 9000, 'waits': 18000}
WARNING:megatron.core.transformer.moe.token_dispatcher:BT_MOE_PROBS_A2A_COMM window 30 (300 gated dispatches): {'token_issues': 9000, 'probs_issues': 9000, 'waits': 18000}
WARNING:megatron.core.transformer.moe.token_dispatcher:BT_MOE_PROBS_A2A_COMM window 30 (300 gated dispatches): {'token_issues': 9000, 'probs_issues': 9000, 'waits': 18000}
WARNING:megatron.core.transformer.moe.token_dispatcher:BT_MOE_PROBS_A2A_COMM window 30 (300 gated dispatches): {'token_issues': 9000, 'probs_issues': 9000, 'waits': 18000}
WARNING:megatron.core.transformer.moe.token_dispatcher:BT_MOE_PROBS_A2A_COMM window 30 (300 gated dispatches): {'token_issues': 9000, 'probs_issues': 9000, 'waits': 18000}
WARNING:megatron.core.transformer.moe.token_dispatcher:BT_MOE_PROBS_A2A_COMM window 30 (300 gated dispatches): {'token_issues': 9000, 'probs_issues': 9000, 'waits': 18000}
WARNING:megatron.core.transformer.moe.token_dispatcher:BT_MOE_PROBS_A2A_COMM window 30 (300 gated dispatches): {'token_issues': 9000, 'probs_issues': 9000, 'waits': 18000}
WARNING:megatron.core.transformer.experimental_attention_variant.dsa_cudnn_kernels:BT_DSA_BWD_ASYNC_NONEMPTY_V3 window 15 (312 probe reads): {'kicks': 4680, 'hits': 4680, 'misses': 0, 'probe_dropped': 0, 'fallbacks': 0, 'verifies': 4679}
WARNING:megatron.core.transformer.experimental_attention_variant.dsa_cudnn_kernels:BT_DSA_BWD_ASYNC_NONEMPTY_V3 window 15 (312 probe reads): {'kicks': 4680, 'hits': 4680, 'misses': 0, 'probe_dropped': 0, 'fallbacks': 0, 'verifies': 4679}
WARNING:megatron.core.transformer.experimental_attention_variant.dsa_cudnn_kernels:BT_DSA_BWD_ASYNC_NONEMPTY_V3 window 15 (312 probe reads): {'kicks': 4680, 'hits': 4680, 'misses': 0, 'probe_dropped': 0, 'fallbacks': 0, 'verifies': 4679}
WARNING:megatron.core.transformer.experimental_attention_variant.dsa_cudnn_kernels:BT_DSA_BWD_ASYNC_NONEMPTY_V3 window 15 (312 probe reads): {'kicks': 4680, 'hits': 4680, 'misses': 0, 'probe_dropped': 0, 'fallbacks': 0, 'verifies': 4679}
WARNING:megatron.core.transformer.experimental_attention_variant.dsa_cudnn_kernels:BT_DSA_BWD_ASYNC_NONEMPTY_V3 window 15 (312 probe reads): {'kicks': 4680, 'hits': 4680, 'misses': 0, 'probe_dropped': 0, 'fallbacks': 0, 'verifies': 4679}
WARNING:megatron.core.transformer.experimental_attention_variant.dsa_cudnn_kernels:BT_DSA_BWD_ASYNC_NONEMPTY_V3 window 15 (312 probe reads): {'kicks': 4680, 'hits': 4680, 'misses': 0, 'probe_dropped': 0, 'fallbacks': 0, 'verifies': 4679}
WARNING:megatron.core.transformer.experimental_attention_variant.dsa_cudnn_kernels:BT_DSA_BWD_ASYNC_NONEMPTY_V3 window 15 (312 probe reads): {'kicks': 4680, 'hits': 4680, 'misses': 0, 'probe_dropped': 0, 'fallbacks': 0, 'verifies': 4679}
WARNING:megatron.core.transformer.experimental_attention_variant.dsa_cudnn_kernels:BT_DSA_BWD_ASYNC_NONEMPTY_V3 window 15 (312 probe reads): {'kicks': 4680, 'hits': 4680, 'misses': 0, 'probe_dropped': 0, 'fallbacks': 0, 'verifies': 4679}
WARNING:megatron.core.transformer.experimental_attention_variant.dsa_cudnn_kernels:BT_DSA_BWD_ASYNC_NONEMPTY_V3 window 15 (312 probe reads): {'kicks': 4680, 'hits': 4680, 'misses': 0, 'probe_dropped': 0, 'fallbacks': 0, 'verifies': 4679}
WARNING:megatron.core.transformer.experimental_attention_variant.dsa_cudnn_kernels:BT_DSA_BWD_ASYNC_NONEMPTY_V3 window 15 (312 probe reads): {'kicks': 4680, 'hits': 4680, 'misses': 0, 'probe_dropped': 0, 'fallbacks': 0, 'verifies': 4679}
WARNING:megatron.core.transformer.experimental_attention_variant.dsa_cudnn_kernels:BT_DSA_BWD_ASYNC_NONEMPTY_V3 window 15 (312 probe reads): {'kicks': 4680, 'hits': 4680, 'misses': 0, 'probe_dropped': 0, 'fallbacks': 0, 'verifies': 4679}
WARNING:megatron.core.transformer.experimental_attention_variant.dsa_cudnn_kernels:BT_DSA_BWD_ASYNC_NONEMPTY_V3 window 15 (312 probe reads): {'kicks': 4680, 'hits': 4680, 'misses': 0, 'probe_dropped': 0, 'fallbacks': 0, 'verifies': 4679}
WARNING:megatron.core.transformer.experimental_attention_variant.dsa_cudnn_kernels:BT_DSA_BWD_ASYNC_NONEMPTY_V3 window 15 (312 probe reads): {'kicks': 4680, 'hits': 4680, 'misses': 0, 'probe_dropped': 0, 'fallbacks': 0, 'verifies': 4679}
WARNING:megatron.core.transformer.experimental_attention_variant.dsa_cudnn_kernels:BT_DSA_BWD_ASYNC_NONEMPTY_V3 window 15 (312 probe reads): {'kicks': 4680, 'hits': 4680, 'misses': 0, 'probe_dropped': 0, 'fallbacks': 0, 'verifies': 4679}
WARNING:megatron.core.transformer.experimental_attention_variant.dsa_cudnn_kernels:BT_DSA_BWD_ASYNC_NONEMPTY_V3 window 15 (312 probe reads): {'kicks': 4680, 'hits': 4680, 'misses': 0, 'probe_dropped': 0, 'fallbacks': 0, 'verifies': 4679}
WARNING:megatron.core.transformer.experimental_attention_variant.dsa_cudnn_kernels:BT_DSA_BWD_ASYNC_NONEMPTY_V3 window 15 (312 probe reads): {'kicks': 4680, 'hits': 4680, 'misses': 0, 'probe_dropped': 0, 'fallbacks': 0, 'verifies': 4679}
INFO:trainers_server.dp_worker.api.dispatcher_worker:dispatcher_worker: op=forward_backward operation_id=ee888bcfada043528ac3a31084c802fd done in 46.70s {'loss': 12.129081757215555}
INFO:trainers_server.dp_worker.api.server:retrieve: operation_id=ee888bcfada043528ac3a31084c802fd done after 16.72s
INFO:     127.0.0.1:45386 - "GET /operations/ee888bcfada043528ac3a31084c802fd HTTP/1.1" 200 OK
INFO:trainers_server.dp_worker.api.server:submit: op=optim_step operation_id=15cf30d53baf423ca9821cde6b300a8c enqueued (qsize=1) 
INFO:     127.0.0.1:45386 - "POST /optim_step HTTP/1.1" 202 Accepted
INFO:trainers_server.dp_worker.api.dispatcher_worker:dispatcher_worker: op=optim_step operation_id=15cf30d53baf423ca9821cde6b300a8c done in 0.03s step=15.0 learning_rate=1e-05 lr=1e-05 grad_norm=0.35541918873786926 tps=11220.307830441157 train_mean_nll=12.129081757215555 num_tokens=524288.0 num_loss_tokens=524284.0 step_seconds=46.72670375206508
INFO:trainers_server.dp_worker.api.server:retrieve: operation_id=15cf30d53baf423ca9821cde6b300a8c done after 0.03s
INFO:     127.0.0.1:45386 - "GET /operations/15cf30d53baf423ca9821cde6b300a8c HTTP/1.1" 200 OK
INFO:trainers_server.dp_worker.api.server:submit: op=forward_backward operation_id=f88eefeba2bb4d12af201dfe5638c66b enqueued (qsize=1) n_datums=4 total_tokens=524288 seq_len[min/max]=131072/131072
INFO:     127.0.0.1:45386 - "POST /forward_backward HTTP/1.1" 202 Accepted
ERROR:opentelemetry.sdk.trace.export:Exception while exporting Span batch.
Traceback (most recent call last):
  File "/root/.cache/user_artifacts/trainers_main/server/.venv/lib/python3.12/site-packages/urllib3/connection.py", line 204, in _new_conn
    sock = connection.create_connection(
           ^^^^^^^^^^^^^^^^^^^^^^^^^^^^^
  File "/root/.cache/user_artifacts/trainers_main/server/.venv/lib/python3.12/site-packages/urllib3/util/connection.py", line 85, in create_connection
    raise err
  File "/root/.cache/user_artifacts/trainers_main/server/.venv/lib/python3.12/site-packages/urllib3/util/connection.py", line 73, in create_connection
    sock.connect(sa)
ConnectionRefusedError: [Errno 111] Connection refused

The above exception was the direct cause of the following exception:

Traceback (most recent call last):
  File "/root/.cache/user_artifacts/trainers_main/server/.venv/lib/python3.12/site-packages/urllib3/connectionpool.py", line 787, in urlopen
    response = self._make_request(
               ^^^^^^^^^^^^^^^^^^^
  File "/root/.cache/user_artifacts/trainers_main/server/.venv/lib/python3.12/site-packages/urllib3/connectionpool.py", line 493, in _make_request
    conn.request(
  File "/root/.cache/user_artifacts/trainers_main/server/.venv/lib/python3.12/site-packages/urllib3/connection.py", line 500, in request
    self.endheaders()
  File "/usr/lib/python3.12/http/client.py", line 1360, in endheaders
    self._send_output(message_body, encode_chunked=encode_chunked)
  File "/usr/lib/python3.12/http/client.py", line 1120, in _send_output
    self.send(msg)
  File "/usr/lib/python3.12/http/client.py", line 1064, in send
    self.connect()
  File "/root/.cache/user_artifacts/trainers_main/server/.venv/lib/python3.12/site-packages/urllib3/connection.py", line 331, in connect
    self.sock = self._new_conn()
                ^^^^^^^^^^^^^^^^
  File "/root/.cache/user_artifacts/trainers_main/server/.venv/lib/python3.12/site-packages/urllib3/connection.py", line 219, in _new_conn
    raise NewConnectionError(
urllib3.exceptions.NewConnectionError: HTTPConnection(host='localhost', port=4318): Failed to establish a new connection: [Errno 111] Connection refused

The above exception was the direct cause of the following exception:

Traceback (most recent call last):
  File "/root/.cache/user_artifacts/trainers_main/server/.venv/lib/python3.12/site-packages/requests/adapters.py", line 644, in send
    resp = conn.urlopen(
           ^^^^^^^^^^^^^
  File "/root/.cache/user_artifacts/trainers_main/server/.venv/lib/python3.12/site-packages/urllib3/connectionpool.py", line 841, in urlopen
    retries = retries.increment(
              ^^^^^^^^^^^^^^^^^^
  File "/root/.cache/user_artifacts/trainers_main/server/.venv/lib/python3.12/site-packages/urllib3/util/retry.py", line 535, in increment
    raise MaxRetryError(_pool, url, reason) from reason  # type: ignore[arg-type]
    ^^^^^^^^^^^^^^^^^^^^^^^^^^^^^^^^^^^^^^^^^^^^^^^^^^^
urllib3.exceptions.MaxRetryError: HTTPConnectionPool(host='localhost', port=4318): Max retries exceeded with url: /v1/traces (Caused by NewConnectionError("HTTPConnection(host='localhost', port=4318): Failed to establish a new connection: [Errno 111] Connection refused"))

During handling of the above exception, another exception occurred:

Traceback (most recent call last):
  File "/root/.cache/user_artifacts/trainers_main/server/.venv/lib/python3.12/site-packages/opentelemetry/sdk/trace/export/__init__.py", line 362, in _export_batch
    self.span_exporter.export(self.spans_list[:idx])  # type: ignore
    ^^^^^^^^^^^^^^^^^^^^^^^^^^^^^^^^^^^^^^^^^^^^^^^^
  File "/root/.cache/user_artifacts/trainers_main/server/.venv/lib/python3.12/site-packages/opentelemetry/exporter/otlp/proto/http/trace_exporter/__init__.py", line 139, in export
    resp = self._export(serialized_data)
           ^^^^^^^^^^^^^^^^^^^^^^^^^^^^^
  File "/root/.cache/user_artifacts/trainers_main/server/.venv/lib/python3.12/site-packages/opentelemetry/exporter/otlp/proto/http/trace_exporter/__init__.py", line 110, in _export
    return self._session.post(
           ^^^^^^^^^^^^^^^^^^^
  File "/root/.cache/user_artifacts/trainers_main/server/.venv/lib/python3.12/site-packages/requests/sessions.py", line 637, in post
    return self.request("POST", url, data=data, json=json, **kwargs)
           ^^^^^^^^^^^^^^^^^^^^^^^^^^^^^^^^^^^^^^^^^^^^^^^^^^^^^^^^^
  File "/root/.cache/user_artifacts/trainers_main/server/.venv/lib/python3.12/site-packages/requests/sessions.py", line 589, in request
    resp = self.send(prep, **send_kwargs)
           ^^^^^^^^^^^^^^^^^^^^^^^^^^^^^^
  File "/root/.cache/user_artifacts/trainers_main/server/.venv/lib/python3.12/site-packages/requests/sessions.py", line 703, in send
    r = adapter.send(request, **kwargs)
        ^^^^^^^^^^^^^^^^^^^^^^^^^^^^^^^
  File "/root/.cache/user_artifacts/trainers_main/server/.venv/lib/python3.12/site-packages/requests/adapters.py", line 677, in send
    raise ConnectionError(e, request=request)
requests.exceptions.ConnectionError: HTTPConnectionPool(host='localhost', port=4318): Max retries exceeded with url: /v1/traces (Caused by NewConnectionError("HTTPConnection(host='localhost', port=4318): Failed to establish a new connection: [Errno 111] Connection refused"))
INFO:trainers_server.dp_worker.api.server:evicted 2 expired finished ops
WARNING:megatron.core.transformer.moe.token_dispatcher:BT_MOE_PROBS_A2A_COMM window 31 (300 gated dispatches): {'token_issues': 9300, 'probs_issues': 9300, 'waits': 18600}
WARNING:megatron.core.transformer.moe.token_dispatcher:BT_MOE_PROBS_A2A_COMM window 31 (300 gated dispatches): {'token_issues': 9300, 'probs_issues': 9300, 'waits': 18600}
WARNING:megatron.core.transformer.moe.token_dispatcher:BT_MOE_PROBS_A2A_COMM window 31 (300 gated dispatches): {'token_issues': 9300, 'probs_issues': 9300, 'waits': 18600}
WARNING:megatron.core.transformer.moe.token_dispatcher:BT_MOE_PROBS_A2A_COMM window 31 (300 gated dispatches): {'token_issues': 9300, 'probs_issues': 9300, 'waits': 18600}
WARNING:megatron.core.transformer.moe.token_dispatcher:BT_MOE_PROBS_A2A_COMM window 31 (300 gated dispatches): {'token_issues': 9300, 'probs_issues': 9300, 'waits': 18600}
WARNING:megatron.core.transformer.moe.token_dispatcher:BT_MOE_PROBS_A2A_COMM window 31 (300 gated dispatches): {'token_issues': 9300, 'probs_issues': 9300, 'waits': 18600}
WARNING:megatron.core.transformer.moe.token_dispatcher:BT_MOE_PROBS_A2A_COMM window 31 (300 gated dispatches): {'token_issues': 9300, 'probs_issues': 9300, 'waits': 18600}
WARNING:megatron.core.transformer.moe.token_dispatcher:BT_MOE_PROBS_A2A_COMM window 31 (300 gated dispatches): {'token_issues': 9300, 'probs_issues': 9300, 'waits': 18600}
WARNING:megatron.core.transformer.moe.token_dispatcher:BT_MOE_PROBS_A2A_COMM window 31 (300 gated dispatches): {'token_issues': 9300, 'probs_issues': 9300, 'waits': 18600}
WARNING:megatron.core.transformer.moe.token_dispatcher:BT_MOE_PROBS_A2A_COMM window 31 (300 gated dispatches): {'token_issues': 9300, 'probs_issues': 9300, 'waits': 18600}
WARNING:megatron.core.transformer.moe.token_dispatcher:BT_MOE_PROBS_A2A_COMM window 31 (300 gated dispatches): {'token_issues': 9300, 'probs_issues': 9300, 'waits': 18600}
WARNING:megatron.core.transformer.moe.token_dispatcher:BT_MOE_PROBS_A2A_COMM window 31 (300 gated dispatches): {'token_issues': 9300, 'probs_issues': 9300, 'waits': 18600}
WARNING:megatron.core.transformer.moe.token_dispatcher:BT_MOE_PROBS_A2A_COMM window 31 (300 gated dispatches): {'token_issues': 9300, 'probs_issues': 9300, 'waits': 18600}
WARNING:megatron.core.transformer.moe.token_dispatcher:BT_MOE_PROBS_A2A_COMM window 31 (300 gated dispatches): {'token_issues': 9300, 'probs_issues': 9300, 'waits': 18600}
WARNING:megatron.core.transformer.moe.token_dispatcher:BT_MOE_PROBS_A2A_COMM window 31 (300 gated dispatches): {'token_issues': 9300, 'probs_issues': 9300, 'waits': 18600}
WARNING:megatron.core.transformer.moe.token_dispatcher:BT_MOE_PROBS_A2A_COMM window 31 (300 gated dispatches): {'token_issues': 9300, 'probs_issues': 9300, 'waits': 18600}
WARNING:megatron.core.transformer.moe.router:BT_MOE_ROUTING_REPLAY_FORCE window 15 (312 replay passes): {'stashes': 4725, 'forces': 4679, 'misses': 0, 'shape_mismatches': 0, 'verify_asserts': 0}; in-flight stash 96.5 MB (peak 157.3 MB)
WARNING:megatron.core.transformer.moe.router:BT_MOE_ROUTING_REPLAY_FORCE window 15 (312 replay passes): {'stashes': 4725, 'forces': 4679, 'misses': 0, 'shape_mismatches': 0, 'verify_asserts': 0}; in-flight stash 96.5 MB (peak 157.3 MB)
WARNING:megatron.core.transformer.moe.router:BT_MOE_ROUTING_REPLAY_FORCE window 15 (312 replay passes): {'stashes': 4725, 'forces': 4679, 'misses': 0, 'shape_mismatches': 0, 'verify_asserts': 0}; in-flight stash 96.5 MB (peak 157.3 MB)
WARNING:megatron.core.transformer.moe.router:BT_MOE_ROUTING_REPLAY_FORCE window 15 (312 replay passes): {'stashes': 4725, 'forces': 4679, 'misses': 0, 'shape_mismatches': 0, 'verify_asserts': 0}; in-flight stash 96.5 MB (peak 157.3 MB)
WARNING:megatron.core.transformer.moe.router:BT_MOE_ROUTING_REPLAY_FORCE window 15 (312 replay passes): {'stashes': 4725, 'forces': 4679, 'misses': 0, 'shape_mismatches': 0, 'verify_asserts': 0}; in-flight stash 96.5 MB (peak 157.3 MB)
WARNING:megatron.core.transformer.moe.router:BT_MOE_ROUTING_REPLAY_FORCE window 15 (312 replay passes): {'stashes': 4725, 'forces': 4679, 'misses': 0, 'shape_mismatches': 0, 'verify_asserts': 0}; in-flight stash 96.5 MB (peak 157.3 MB)
WARNING:megatron.core.transformer.moe.router:BT_MOE_ROUTING_REPLAY_FORCE window 15 (312 replay passes): {'stashes': 4725, 'forces': 4679, 'misses': 0, 'shape_mismatches': 0, 'verify_asserts': 0}; in-flight stash 96.5 MB (peak 157.3 MB)
WARNING:megatron.core.transformer.moe.router:BT_MOE_ROUTING_REPLAY_FORCE window 15 (312 replay passes): {'stashes': 4725, 'forces': 4679, 'misses': 0, 'shape_mismatches': 0, 'verify_asserts': 0}; in-flight stash 96.5 MB (peak 157.3 MB)
WARNING:megatron.core.transformer.moe.router:BT_MOE_ROUTING_REPLAY_FORCE window 15 (312 replay passes): {'stashes': 4725, 'forces': 4679, 'misses': 0, 'shape_mismatches': 0, 'verify_asserts': 0}; in-flight stash 96.5 MB (peak 157.3 MB)
WARNING:megatron.core.transformer.moe.router:BT_MOE_ROUTING_REPLAY_FORCE window 15 (312 replay passes): {'stashes': 4725, 'forces': 4679, 'misses': 0, 'shape_mismatches': 0, 'verify_asserts': 0}; in-flight stash 96.5 MB (peak 157.3 MB)
WARNING:megatron.core.transformer.moe.router:BT_MOE_ROUTING_REPLAY_FORCE window 15 (312 replay passes): {'stashes': 4725, 'forces': 4679, 'misses': 0, 'shape_mismatches': 0, 'verify_asserts': 0}; in-flight stash 96.5 MB (peak 157.3 MB)
WARNING:megatron.core.transformer.moe.router:BT_MOE_ROUTING_REPLAY_FORCE window 15 (312 replay passes): {'stashes': 4725, 'forces': 4679, 'misses': 0, 'shape_mismatches': 0, 'verify_asserts': 0}; in-flight stash 96.5 MB (peak 157.3 MB)
WARNING:megatron.core.transformer.moe.router:BT_MOE_ROUTING_REPLAY_FORCE window 15 (312 replay passes): {'stashes': 4725, 'forces': 4679, 'misses': 0, 'shape_mismatches': 0, 'verify_asserts': 0}; in-flight stash 96.5 MB (peak 157.3 MB)
WARNING:megatron.core.transformer.moe.router:BT_MOE_ROUTING_REPLAY_FORCE window 15 (312 replay passes): {'stashes': 4725, 'forces': 4679, 'misses': 0, 'shape_mismatches': 0, 'verify_asserts': 0}; in-flight stash 96.5 MB (peak 157.3 MB)
WARNING:megatron.core.transformer.moe.router:BT_MOE_ROUTING_REPLAY_FORCE window 15 (312 replay passes): {'stashes': 4725, 'forces': 4679, 'misses': 0, 'shape_mismatches': 0, 'verify_asserts': 0}; in-flight stash 96.5 MB (peak 157.3 MB)
WARNING:megatron.core.transformer.moe.router:BT_MOE_ROUTING_REPLAY_FORCE window 15 (312 replay passes): {'stashes': 4725, 'forces': 4679, 'misses': 0, 'shape_mismatches': 0, 'verify_asserts': 0}; in-flight stash 96.5 MB (peak 157.3 MB)
WARNING:megatron.core.transformer.moe.token_dispatcher:BT_MOE_DISPATCH_REPLAY_CACHE window 16 (300 replay lookups): {'stores': 4800, 'hits': 4800, 'misses': 0, 'shape_mismatches': 0, 'verifies': 0}
WARNING:megatron.core.transformer.moe.token_dispatcher:BT_MOE_DISPATCH_REPLAY_CACHE window 16 (300 replay lookups): {'stores': 4800, 'hits': 4800, 'misses': 0, 'shape_mismatches': 0, 'verifies': 0}
WARNING:megatron.core.transformer.moe.token_dispatcher:BT_MOE_DISPATCH_REPLAY_CACHE window 16 (300 replay lookups): {'stores': 4800, 'hits': 4800, 'misses': 0, 'shape_mismatches': 0, 'verifies': 0}
WARNING:megatron.core.transformer.moe.token_dispatcher:BT_MOE_DISPATCH_REPLAY_CACHE window 16 (300 replay lookups): {'stores': 4800, 'hits': 4800, 'misses': 0, 'shape_mismatches': 0, 'verifies': 0}
WARNING:megatron.core.transformer.moe.token_dispatcher:BT_MOE_DISPATCH_REPLAY_CACHE window 16 (300 replay lookups): {'stores': 4800, 'hits': 4800, 'misses': 0, 'shape_mismatches': 0, 'verifies': 0}
WARNING:megatron.core.transformer.moe.token_dispatcher:BT_MOE_DISPATCH_REPLAY_CACHE window 16 (300 replay lookups): {'stores': 4800, 'hits': 4800, 'misses': 0, 'shape_mismatches': 0, 'verifies': 0}
WARNING:megatron.core.transformer.moe.token_dispatcher:BT_MOE_DISPATCH_REPLAY_CACHE window 16 (300 replay lookups): {'stores': 4800, 'hits': 4800, 'misses': 0, 'shape_mismatches': 0, 'verifies': 0}
WARNING:megatron.core.transformer.moe.token_dispatcher:BT_MOE_DISPATCH_REPLAY_CACHE window 16 (300 replay lookups): {'stores': 4800, 'hits': 4800, 'misses': 0, 'shape_mismatches': 0, 'verifies': 0}
WARNING:megatron.core.transformer.moe.token_dispatcher:BT_MOE_DISPATCH_REPLAY_CACHE window 16 (300 replay lookups): {'stores': 4800, 'hits': 4800, 'misses': 0, 'shape_mismatches': 0, 'verifies': 0}
WARNING:megatron.core.transformer.moe.token_dispatcher:BT_MOE_DISPATCH_REPLAY_CACHE window 16 (300 replay lookups): {'stores': 4800, 'hits': 4800, 'misses': 0, 'shape_mismatches': 0, 'verifies': 0}
WARNING:megatron.core.transformer.moe.token_dispatcher:BT_MOE_DISPATCH_REPLAY_CACHE window 16 (300 replay lookups): {'stores': 4800, 'hits': 4800, 'misses': 0, 'shape_mismatches': 0, 'verifies': 0}
WARNING:megatron.core.transformer.moe.token_dispatcher:BT_MOE_DISPATCH_REPLAY_CACHE window 16 (300 replay lookups): {'stores': 4800, 'hits': 4800, 'misses': 0, 'shape_mismatches': 0, 'verifies': 0}
WARNING:megatron.core.transformer.moe.token_dispatcher:BT_MOE_DISPATCH_REPLAY_CACHE window 16 (300 replay lookups): {'stores': 4800, 'hits': 4800, 'misses': 0, 'shape_mismatches': 0, 'verifies': 0}
WARNING:megatron.core.transformer.moe.token_dispatcher:BT_MOE_DISPATCH_REPLAY_CACHE window 16 (300 replay lookups): {'stores': 4800, 'hits': 4800, 'misses': 0, 'shape_mismatches': 0, 'verifies': 0}
WARNING:megatron.core.transformer.moe.token_dispatcher:BT_MOE_DISPATCH_REPLAY_CACHE window 16 (300 replay lookups): {'stores': 4800, 'hits': 4800, 'misses': 0, 'shape_mismatches': 0, 'verifies': 0}
WARNING:megatron.core.transformer.moe.token_dispatcher:BT_MOE_DISPATCH_REPLAY_CACHE window 16 (300 replay lookups): {'stores': 4800, 'hits': 4800, 'misses': 0, 'shape_mismatches': 0, 'verifies': 0}
WARNING:megatron.core.transformer.moe.token_dispatcher:BT_MOE_PROBS_A2A_COMM window 32 (300 gated dispatches): {'token_issues': 9600, 'probs_issues': 9600, 'waits': 19200}
WARNING:megatron.core.transformer.moe.token_dispatcher:BT_MOE_PROBS_A2A_COMM window 32 (300 gated dispatches): {'token_issues': 9600, 'probs_issues': 9600, 'waits': 19200}
WARNING:megatron.core.transformer.moe.token_dispatcher:BT_MOE_PROBS_A2A_COMM window 32 (300 gated dispatches): {'token_issues': 9600, 'probs_issues': 9600, 'waits': 19200}
WARNING:megatron.core.transformer.moe.token_dispatcher:BT_MOE_PROBS_A2A_COMM window 32 (300 gated dispatches): {'token_issues': 9600, 'probs_issues': 9600, 'waits': 19200}
WARNING:megatron.core.transformer.moe.token_dispatcher:BT_MOE_PROBS_A2A_COMM window 32 (300 gated dispatches): {'token_issues': 9600, 'probs_issues': 9600, 'waits': 19200}
WARNING:megatron.core.transformer.moe.token_dispatcher:BT_MOE_PROBS_A2A_COMM window 32 (300 gated dispatches): {'token_issues': 9600, 'probs_issues': 9600, 'waits': 19200}
WARNING:megatron.core.transformer.moe.token_dispatcher:BT_MOE_PROBS_A2A_COMM window 32 (300 gated dispatches): {'token_issues': 9600, 'probs_issues': 9600, 'waits': 19200}
WARNING:megatron.core.transformer.moe.token_dispatcher:BT_MOE_PROBS_A2A_COMM window 32 (300 gated dispatches): {'token_issues': 9600, 'probs_issues': 9600, 'waits': 19200}
WARNING:megatron.core.transformer.moe.token_dispatcher:BT_MOE_PROBS_A2A_COMM window 32 (300 gated dispatches): {'token_issues': 9600, 'probs_issues': 9600, 'waits': 19200}
WARNING:megatron.core.transformer.moe.token_dispatcher:BT_MOE_PROBS_A2A_COMM window 32 (300 gated dispatches): {'token_issues': 9600, 'probs_issues': 9600, 'waits': 19200}
WARNING:megatron.core.transformer.moe.token_dispatcher:BT_MOE_PROBS_A2A_COMM window 32 (300 gated dispatches): {'token_issues': 9600, 'probs_issues': 9600, 'waits': 19200}
WARNING:megatron.core.transformer.moe.token_dispatcher:BT_MOE_PROBS_A2A_COMM window 32 (300 gated dispatches): {'token_issues': 9600, 'probs_issues': 9600, 'waits': 19200}
WARNING:megatron.core.transformer.moe.token_dispatcher:BT_MOE_PROBS_A2A_COMM window 32 (300 gated dispatches): {'token_issues': 9600, 'probs_issues': 9600, 'waits': 19200}
WARNING:megatron.core.transformer.moe.token_dispatcher:BT_MOE_PROBS_A2A_COMM window 32 (300 gated dispatches): {'token_issues': 9600, 'probs_issues': 9600, 'waits': 19200}
WARNING:megatron.core.transformer.moe.token_dispatcher:BT_MOE_PROBS_A2A_COMM window 32 (300 gated dispatches): {'token_issues': 9600, 'probs_issues': 9600, 'waits': 19200}
WARNING:megatron.core.transformer.moe.token_dispatcher:BT_MOE_PROBS_A2A_COMM window 32 (300 gated dispatches): {'token_issues': 9600, 'probs_issues': 9600, 'waits': 19200}
WARNING:megatron.core.transformer.experimental_attention_variant.dsa_cudnn_kernels:BT_DSA_BWD_ASYNC_NONEMPTY_V3 window 16 (312 probe reads): {'kicks': 4992, 'hits': 4992, 'misses': 0, 'probe_dropped': 0, 'fallbacks': 0, 'verifies': 4991}
WARNING:megatron.core.transformer.experimental_attention_variant.dsa_cudnn_kernels:BT_DSA_BWD_ASYNC_NONEMPTY_V3 window 16 (312 probe reads): {'kicks': 4992, 'hits': 4992, 'misses': 0, 'probe_dropped': 0, 'fallbacks': 0, 'verifies': 4991}
WARNING:megatron.core.transformer.experimental_attention_variant.dsa_cudnn_kernels:BT_DSA_BWD_ASYNC_NONEMPTY_V3 window 16 (312 probe reads): {'kicks': 4992, 'hits': 4992, 'misses': 0, 'probe_dropped': 0, 'fallbacks': 0, 'verifies': 4991}
WARNING:megatron.core.transformer.experimental_attention_variant.dsa_cudnn_kernels:BT_DSA_BWD_ASYNC_NONEMPTY_V3 window 16 (312 probe reads): {'kicks': 4992, 'hits': 4992, 'misses': 0, 'probe_dropped': 0, 'fallbacks': 0, 'verifies': 4991}
WARNING:megatron.core.transformer.experimental_attention_variant.dsa_cudnn_kernels:BT_DSA_BWD_ASYNC_NONEMPTY_V3 window 16 (312 probe reads): {'kicks': 4992, 'hits': 4992, 'misses': 0, 'probe_dropped': 0, 'fallbacks': 0, 'verifies': 4991}
WARNING:megatron.core.transformer.experimental_attention_variant.dsa_cudnn_kernels:BT_DSA_BWD_ASYNC_NONEMPTY_V3 window 16 (312 probe reads): {'kicks': 4992, 'hits': 4992, 'misses': 0, 'probe_dropped': 0, 'fallbacks': 0, 'verifies': 4991}
WARNING:megatron.core.transformer.experimental_attention_variant.dsa_cudnn_kernels:BT_DSA_BWD_ASYNC_NONEMPTY_V3 window 16 (312 probe reads): {'kicks': 4992, 'hits': 4992, 'misses': 0, 'probe_dropped': 0, 'fallbacks': 0, 'verifies': 4991}
WARNING:megatron.core.transformer.experimental_attention_variant.dsa_cudnn_kernels:BT_DSA_BWD_ASYNC_NONEMPTY_V3 window 16 (312 probe reads): {'kicks': 4992, 'hits': 4992, 'misses': 0, 'probe_dropped': 0, 'fallbacks': 0, 'verifies': 4991}
WARNING:megatron.core.transformer.experimental_attention_variant.dsa_cudnn_kernels:BT_DSA_BWD_ASYNC_NONEMPTY_V3 window 16 (312 probe reads): {'kicks': 4992, 'hits': 4992, 'misses': 0, 'probe_dropped': 0, 'fallbacks': 0, 'verifies': 4991}
WARNING:megatron.core.transformer.experimental_attention_variant.dsa_cudnn_kernels:BT_DSA_BWD_ASYNC_NONEMPTY_V3 window 16 (312 probe reads): {'kicks': 4992, 'hits': 4992, 'misses': 0, 'probe_dropped': 0, 'fallbacks': 0, 'verifies': 4991}
WARNING:megatron.core.transformer.experimental_attention_variant.dsa_cudnn_kernels:BT_DSA_BWD_ASYNC_NONEMPTY_V3 window 16 (312 probe reads): {'kicks': 4992, 'hits': 4992, 'misses': 0, 'probe_dropped': 0, 'fallbacks': 0, 'verifies': 4991}
WARNING:megatron.core.transformer.experimental_attention_variant.dsa_cudnn_kernels:BT_DSA_BWD_ASYNC_NONEMPTY_V3 window 16 (312 probe reads): {'kicks': 4992, 'hits': 4992, 'misses': 0, 'probe_dropped': 0, 'fallbacks': 0, 'verifies': 4991}
WARNING:megatron.core.transformer.experimental_attention_variant.dsa_cudnn_kernels:BT_DSA_BWD_ASYNC_NONEMPTY_V3 window 16 (312 probe reads): {'kicks': 4992, 'hits': 4992, 'misses': 0, 'probe_dropped': 0, 'fallbacks': 0, 'verifies': 4991}
WARNING:megatron.core.transformer.experimental_attention_variant.dsa_cudnn_kernels:BT_DSA_BWD_ASYNC_NONEMPTY_V3 window 16 (312 probe reads): {'kicks': 4992, 'hits': 4992, 'misses': 0, 'probe_dropped': 0, 'fallbacks': 0, 'verifies': 4991}
WARNING:megatron.core.transformer.experimental_attention_variant.dsa_cudnn_kernels:BT_DSA_BWD_ASYNC_NONEMPTY_V3 window 16 (312 probe reads): {'kicks': 4992, 'hits': 4992, 'misses': 0, 'probe_dropped': 0, 'fallbacks': 0, 'verifies': 4991}
WARNING:megatron.core.transformer.experimental_attention_variant.dsa_cudnn_kernels:BT_DSA_BWD_ASYNC_NONEMPTY_V3 window 16 (312 probe reads): {'kicks': 4992, 'hits': 4992, 'misses': 0, 'probe_dropped': 0, 'fallbacks': 0, 'verifies': 4991}
INFO:trainers_server.dp_worker.api.dispatcher_worker:dispatcher_worker: op=forward_backward operation_id=f88eefeba2bb4d12af201dfe5638c66b done in 46.72s {'loss': 12.128719358210436}
INFO:trainers_server.dp_worker.api.server:retrieve: operation_id=f88eefeba2bb4d12af201dfe5638c66b done after 16.74s
INFO:     127.0.0.1:45386 - "GET /operations/f88eefeba2bb4d12af201dfe5638c66b HTTP/1.1" 200 OK
INFO:trainers_server.dp_worker.api.server:submit: op=optim_step operation_id=52eea97c354a4abebd0a7d4536f2b257 enqueued (qsize=1) 
INFO:     127.0.0.1:45386 - "POST /optim_step HTTP/1.1" 202 Accepted
INFO:trainers_server.dp_worker.api.dispatcher_worker:dispatcher_worker: op=optim_step operation_id=52eea97c354a4abebd0a7d4536f2b257 done in 0.04s step=16.0 learning_rate=1e-05 lr=1e-05 grad_norm=0.3367680609226227 tps=11217.995798312388 train_mean_nll=12.128719358210436 num_tokens=524288.0 num_loss_tokens=524284.0 step_seconds=46.736334139015526
INFO:trainers_server.dp_worker.api.server:retrieve: operation_id=52eea97c354a4abebd0a7d4536f2b257 done after 0.03s
INFO:     127.0.0.1:45386 - "GET /operations/52eea97c354a4abebd0a7d4536f2b257 HTTP/1.1" 200 OK
INFO:trainers_server.dp_worker.api.server:submit: op=forward_backward operation_id=a758630fb11445498f1fa33c31837044 enqueued (qsize=1) n_datums=4 total_tokens=524288 seq_len[min/max]=131072/131072
INFO:     127.0.0.1:45386 - "POST /forward_backward HTTP/1.1" 202 Accepted
ERROR:opentelemetry.sdk.trace.export:Exception while exporting Span batch.
Traceback (most recent call last):
  File "/root/.cache/user_artifacts/trainers_main/server/.venv/lib/python3.12/site-packages/urllib3/connection.py", line 204, in _new_conn
    sock = connection.create_connection(
           ^^^^^^^^^^^^^^^^^^^^^^^^^^^^^
  File "/root/.cache/user_artifacts/trainers_main/server/.venv/lib/python3.12/site-packages/urllib3/util/connection.py", line 85, in create_connection
    raise err
  File "/root/.cache/user_artifacts/trainers_main/server/.venv/lib/python3.12/site-packages/urllib3/util/connection.py", line 73, in create_connection
    sock.connect(sa)
ConnectionRefusedError: [Errno 111] Connection refused

The above exception was the direct cause of the following exception:

Traceback (most recent call last):
  File "/root/.cache/user_artifacts/trainers_main/server/.venv/lib/python3.12/site-packages/urllib3/connectionpool.py", line 787, in urlopen
    response = self._make_request(
               ^^^^^^^^^^^^^^^^^^^
  File "/root/.cache/user_artifacts/trainers_main/server/.venv/lib/python3.12/site-packages/urllib3/connectionpool.py", line 493, in _make_request
    conn.request(
  File "/root/.cache/user_artifacts/trainers_main/server/.venv/lib/python3.12/site-packages/urllib3/connection.py", line 500, in request
    self.endheaders()
  File "/usr/lib/python3.12/http/client.py", line 1360, in endheaders
    self._send_output(message_body, encode_chunked=encode_chunked)
  File "/usr/lib/python3.12/http/client.py", line 1120, in _send_output
    self.send(msg)
  File "/usr/lib/python3.12/http/client.py", line 1064, in send
    self.connect()
  File "/root/.cache/user_artifacts/trainers_main/server/.venv/lib/python3.12/site-packages/urllib3/connection.py", line 331, in connect
    self.sock = self._new_conn()
                ^^^^^^^^^^^^^^^^
  File "/root/.cache/user_artifacts/trainers_main/server/.venv/lib/python3.12/site-packages/urllib3/connection.py", line 219, in _new_conn
    raise NewConnectionError(
urllib3.exceptions.NewConnectionError: HTTPConnection(host='localhost', port=4318): Failed to establish a new connection: [Errno 111] Connection refused

The above exception was the direct cause of the following exception:

Traceback (most recent call last):
  File "/root/.cache/user_artifacts/trainers_main/server/.venv/lib/python3.12/site-packages/requests/adapters.py", line 644, in send
    resp = conn.urlopen(
           ^^^^^^^^^^^^^
  File "/root/.cache/user_artifacts/trainers_main/server/.venv/lib/python3.12/site-packages/urllib3/connectionpool.py", line 841, in urlopen
    retries = retries.increment(
              ^^^^^^^^^^^^^^^^^^
  File "/root/.cache/user_artifacts/trainers_main/server/.venv/lib/python3.12/site-packages/urllib3/util/retry.py", line 535, in increment
    raise MaxRetryError(_pool, url, reason) from reason  # type: ignore[arg-type]
    ^^^^^^^^^^^^^^^^^^^^^^^^^^^^^^^^^^^^^^^^^^^^^^^^^^^
urllib3.exceptions.MaxRetryError: HTTPConnectionPool(host='localhost', port=4318): Max retries exceeded with url: /v1/traces (Caused by NewConnectionError("HTTPConnection(host='localhost', port=4318): Failed to establish a new connection: [Errno 111] Connection refused"))

During handling of the above exception, another exception occurred:

Traceback (most recent call last):
  File "/root/.cache/user_artifacts/trainers_main/server/.venv/lib/python3.12/site-packages/opentelemetry/sdk/trace/export/__init__.py", line 362, in _export_batch
    self.span_exporter.export(self.spans_list[:idx])  # type: ignore
    ^^^^^^^^^^^^^^^^^^^^^^^^^^^^^^^^^^^^^^^^^^^^^^^^
  File "/root/.cache/user_artifacts/trainers_main/server/.venv/lib/python3.12/site-packages/opentelemetry/exporter/otlp/proto/http/trace_exporter/__init__.py", line 139, in export
    resp = self._export(serialized_data)
           ^^^^^^^^^^^^^^^^^^^^^^^^^^^^^
  File "/root/.cache/user_artifacts/trainers_main/server/.venv/lib/python3.12/site-packages/opentelemetry/exporter/otlp/proto/http/trace_exporter/__init__.py", line 110, in _export
    return self._session.post(
           ^^^^^^^^^^^^^^^^^^^
  File "/root/.cache/user_artifacts/trainers_main/server/.venv/lib/python3.12/site-packages/requests/sessions.py", line 637, in post
    return self.request("POST", url, data=data, json=json, **kwargs)
           ^^^^^^^^^^^^^^^^^^^^^^^^^^^^^^^^^^^^^^^^^^^^^^^^^^^^^^^^^
  File "/root/.cache/user_artifacts/trainers_main/server/.venv/lib/python3.12/site-packages/requests/sessions.py", line 589, in request
    resp = self.send(prep, **send_kwargs)
           ^^^^^^^^^^^^^^^^^^^^^^^^^^^^^^
  File "/root/.cache/user_artifacts/trainers_main/server/.venv/lib/python3.12/site-packages/requests/sessions.py", line 703, in send
    r = adapter.send(request, **kwargs)
        ^^^^^^^^^^^^^^^^^^^^^^^^^^^^^^^
  File "/root/.cache/user_artifacts/trainers_main/server/.venv/lib/python3.12/site-packages/requests/adapters.py", line 677, in send
    raise ConnectionError(e, request=request)
requests.exceptions.ConnectionError: HTTPConnectionPool(host='localhost', port=4318): Max retries exceeded with url: /v1/traces (Caused by NewConnectionError("HTTPConnection(host='localhost', port=4318): Failed to establish a new connection: [Errno 111] Connection refused"))
INFO:trainers_server.dp_worker.api.server:evicted 2 expired finished ops
WARNING:megatron.core.transformer.moe.token_dispatcher:BT_MOE_PROBS_A2A_COMM window 33 (300 gated dispatches): {'token_issues': 9900, 'probs_issues': 9900, 'waits': 19800}
WARNING:megatron.core.transformer.moe.token_dispatcher:BT_MOE_PROBS_A2A_COMM window 33 (300 gated dispatches): {'token_issues': 9900, 'probs_issues': 9900, 'waits': 19800}
WARNING:megatron.core.transformer.moe.token_dispatcher:BT_MOE_PROBS_A2A_COMM window 33 (300 gated dispatches): {'token_issues': 9900, 'probs_issues': 9900, 'waits': 19800}
WARNING:megatron.core.transformer.moe.token_dispatcher:BT_MOE_PROBS_A2A_COMM window 33 (300 gated dispatches): {'token_issues': 9900, 'probs_issues': 9900, 'waits': 19800}
WARNING:megatron.core.transformer.moe.token_dispatcher:BT_MOE_PROBS_A2A_COMM window 33 (300 gated dispatches): {'token_issues': 9900, 'probs_issues': 9900, 'waits': 19800}
WARNING:megatron.core.transformer.moe.token_dispatcher:BT_MOE_PROBS_A2A_COMM window 33 (300 gated dispatches): {'token_issues': 9900, 'probs_issues': 9900, 'waits': 19800}
WARNING:megatron.core.transformer.moe.token_dispatcher:BT_MOE_PROBS_A2A_COMM window 33 (300 gated dispatches): {'token_issues': 9900, 'probs_issues': 9900, 'waits': 19800}
WARNING:megatron.core.transformer.moe.token_dispatcher:BT_MOE_PROBS_A2A_COMM window 33 (300 gated dispatches): {'token_issues': 9900, 'probs_issues': 9900, 'waits': 19800}
WARNING:megatron.core.transformer.moe.token_dispatcher:BT_MOE_PROBS_A2A_COMM window 33 (300 gated dispatches): {'token_issues': 9900, 'probs_issues': 9900, 'waits': 19800}
WARNING:megatron.core.transformer.moe.token_dispatcher:BT_MOE_PROBS_A2A_COMM window 33 (300 gated dispatches): {'token_issues': 9900, 'probs_issues': 9900, 'waits': 19800}
WARNING:megatron.core.transformer.moe.token_dispatcher:BT_MOE_PROBS_A2A_COMM window 33 (300 gated dispatches): {'token_issues': 9900, 'probs_issues': 9900, 'waits': 19800}
WARNING:megatron.core.transformer.moe.token_dispatcher:BT_MOE_PROBS_A2A_COMM window 33 (300 gated dispatches): {'token_issues': 9900, 'probs_issues': 9900, 'waits': 19800}
WARNING:megatron.core.transformer.moe.token_dispatcher:BT_MOE_PROBS_A2A_COMM window 33 (300 gated dispatches): {'token_issues': 9900, 'probs_issues': 9900, 'waits': 19800}
WARNING:megatron.core.transformer.moe.token_dispatcher:BT_MOE_PROBS_A2A_COMM window 33 (300 gated dispatches): {'token_issues': 9900, 'probs_issues': 9900, 'waits': 19800}
WARNING:megatron.core.transformer.moe.token_dispatcher:BT_MOE_PROBS_A2A_COMM window 33 (300 gated dispatches): {'token_issues': 9900, 'probs_issues': 9900, 'waits': 19800}
WARNING:megatron.core.transformer.moe.token_dispatcher:BT_MOE_PROBS_A2A_COMM window 33 (300 gated dispatches): {'token_issues': 9900, 'probs_issues': 9900, 'waits': 19800}
WARNING:megatron.core.transformer.moe.router:BT_MOE_ROUTING_REPLAY_FORCE window 16 (312 replay passes): {'stashes': 5025, 'forces': 4991, 'misses': 0, 'shape_mismatches': 0, 'verify_asserts': 0}; in-flight stash 71.3 MB (peak 157.3 MB)
WARNING:megatron.core.transformer.moe.router:BT_MOE_ROUTING_REPLAY_FORCE window 16 (312 replay passes): {'stashes': 5025, 'forces': 4991, 'misses': 0, 'shape_mismatches': 0, 'verify_asserts': 0}; in-flight stash 71.3 MB (peak 157.3 MB)
WARNING:megatron.core.transformer.moe.router:BT_MOE_ROUTING_REPLAY_FORCE window 16 (312 replay passes): {'stashes': 5025, 'forces': 4991, 'misses': 0, 'shape_mismatches': 0, 'verify_asserts': 0}; in-flight stash 71.3 MB (peak 157.3 MB)
WARNING:megatron.core.transformer.moe.router:BT_MOE_ROUTING_REPLAY_FORCE window 16 (312 replay passes): {'stashes': 5025, 'forces': 4991, 'misses': 0, 'shape_mismatches': 0, 'verify_asserts': 0}; in-flight stash 71.3 MB (peak 157.3 MB)
WARNING:megatron.core.transformer.moe.router:BT_MOE_ROUTING_REPLAY_FORCE window 16 (312 replay passes): {'stashes': 5025, 'forces': 4991, 'misses': 0, 'shape_mismatches': 0, 'verify_asserts': 0}; in-flight stash 71.3 MB (peak 157.3 MB)
WARNING:megatron.core.transformer.moe.router:BT_MOE_ROUTING_REPLAY_FORCE window 16 (312 replay passes): {'stashes': 5025, 'forces': 4991, 'misses': 0, 'shape_mismatches': 0, 'verify_asserts': 0}; in-flight stash 71.3 MB (peak 157.3 MB)
WARNING:megatron.core.transformer.moe.router:BT_MOE_ROUTING_REPLAY_FORCE window 16 (312 replay passes): {'stashes': 5025, 'forces': 4991, 'misses': 0, 'shape_mismatches': 0, 'verify_asserts': 0}; in-flight stash 71.3 MB (peak 157.3 MB)
WARNING:megatron.core.transformer.moe.router:BT_MOE_ROUTING_REPLAY_FORCE window 16 (312 replay passes): {'stashes': 5025, 'forces': 4991, 'misses': 0, 'shape_mismatches': 0, 'verify_asserts': 0}; in-flight stash 71.3 MB (peak 157.3 MB)
WARNING:megatron.core.transformer.moe.router:BT_MOE_ROUTING_REPLAY_FORCE window 16 (312 replay passes): {'stashes': 5025, 'forces': 4991, 'misses': 0, 'shape_mismatches': 0, 'verify_asserts': 0}; in-flight stash 71.3 MB (peak 157.3 MB)
WARNING:megatron.core.transformer.moe.router:BT_MOE_ROUTING_REPLAY_FORCE window 16 (312 replay passes): {'stashes': 5025, 'forces': 4991, 'misses': 0, 'shape_mismatches': 0, 'verify_asserts': 0}; in-flight stash 71.3 MB (peak 157.3 MB)
WARNING:megatron.core.transformer.moe.router:BT_MOE_ROUTING_REPLAY_FORCE window 16 (312 replay passes): {'stashes': 5025, 'forces': 4991, 'misses': 0, 'shape_mismatches': 0, 'verify_asserts': 0}; in-flight stash 71.3 MB (peak 157.3 MB)
WARNING:megatron.core.transformer.moe.router:BT_MOE_ROUTING_REPLAY_FORCE window 16 (312 replay passes): {'stashes': 5025, 'forces': 4991, 'misses': 0, 'shape_mismatches': 0, 'verify_asserts': 0}; in-flight stash 71.3 MB (peak 157.3 MB)
WARNING:megatron.core.transformer.moe.router:BT_MOE_ROUTING_REPLAY_FORCE window 16 (312 replay passes): {'stashes': 5025, 'forces': 4991, 'misses': 0, 'shape_mismatches': 0, 'verify_asserts': 0}; in-flight stash 71.3 MB (peak 157.3 MB)
WARNING:megatron.core.transformer.moe.router:BT_MOE_ROUTING_REPLAY_FORCE window 16 (312 replay passes): {'stashes': 5025, 'forces': 4991, 'misses': 0, 'shape_mismatches': 0, 'verify_asserts': 0}; in-flight stash 71.3 MB (peak 157.3 MB)
WARNING:megatron.core.transformer.moe.router:BT_MOE_ROUTING_REPLAY_FORCE window 16 (312 replay passes): {'stashes': 5025, 'forces': 4991, 'misses': 0, 'shape_mismatches': 0, 'verify_asserts': 0}; in-flight stash 71.3 MB (peak 157.3 MB)
WARNING:megatron.core.transformer.moe.router:BT_MOE_ROUTING_REPLAY_FORCE window 16 (312 replay passes): {'stashes': 5025, 'forces': 4991, 'misses': 0, 'shape_mismatches': 0, 'verify_asserts': 0}; in-flight stash 71.3 MB (peak 157.3 MB)
WARNING:megatron.core.transformer.moe.token_dispatcher:BT_MOE_DISPATCH_REPLAY_CACHE window 17 (300 replay lookups): {'stores': 5100, 'hits': 5100, 'misses': 0, 'shape_mismatches': 0, 'verifies': 0}
WARNING:megatron.core.transformer.moe.token_dispatcher:BT_MOE_DISPATCH_REPLAY_CACHE window 17 (300 replay lookups): {'stores': 5100, 'hits': 5100, 'misses': 0, 'shape_mismatches': 0, 'verifies': 0}
WARNING:megatron.core.transformer.moe.token_dispatcher:BT_MOE_DISPATCH_REPLAY_CACHE window 17 (300 replay lookups): {'stores': 5100, 'hits': 5100, 'misses': 0, 'shape_mismatches': 0, 'verifies': 0}
WARNING:megatron.core.transformer.moe.token_dispatcher:BT_MOE_DISPATCH_REPLAY_CACHE window 17 (300 replay lookups): {'stores': 5100, 'hits': 5100, 'misses': 0, 'shape_mismatches': 0, 'verifies': 0}
WARNING:megatron.core.transformer.moe.token_dispatcher:BT_MOE_DISPATCH_REPLAY_CACHE window 17 (300 replay lookups): {'stores': 5100, 'hits': 5100, 'misses': 0, 'shape_mismatches': 0, 'verifies': 0}
WARNING:megatron.core.transformer.moe.token_dispatcher:BT_MOE_DISPATCH_REPLAY_CACHE window 17 (300 replay lookups): {'stores': 5100, 'hits': 5100, 'misses': 0, 'shape_mismatches': 0, 'verifies': 0}
WARNING:megatron.core.transformer.moe.token_dispatcher:BT_MOE_DISPATCH_REPLAY_CACHE window 17 (300 replay lookups): {'stores': 5100, 'hits': 5100, 'misses': 0, 'shape_mismatches': 0, 'verifies': 0}
WARNING:megatron.core.transformer.moe.token_dispatcher:BT_MOE_DISPATCH_REPLAY_CACHE window 17 (300 replay lookups): {'stores': 5100, 'hits': 5100, 'misses': 0, 'shape_mismatches': 0, 'verifies': 0}
WARNING:megatron.core.transformer.moe.token_dispatcher:BT_MOE_DISPATCH_REPLAY_CACHE window 17 (300 replay lookups): {'stores': 5100, 'hits': 5100, 'misses': 0, 'shape_mismatches': 0, 'verifies': 0}
WARNING:megatron.core.transformer.moe.token_dispatcher:BT_MOE_DISPATCH_REPLAY_CACHE window 17 (300 replay lookups): {'stores': 5100, 'hits': 5100, 'misses': 0, 'shape_mismatches': 0, 'verifies': 0}
WARNING:megatron.core.transformer.moe.token_dispatcher:BT_MOE_DISPATCH_REPLAY_CACHE window 17 (300 replay lookups): {'stores': 5100, 'hits': 5100, 'misses': 0, 'shape_mismatches': 0, 'verifies': 0}
WARNING:megatron.core.transformer.moe.token_dispatcher:BT_MOE_DISPATCH_REPLAY_CACHE window 17 (300 replay lookups): {'stores': 5100, 'hits': 5100, 'misses': 0, 'shape_mismatches': 0, 'verifies': 0}
WARNING:megatron.core.transformer.moe.token_dispatcher:BT_MOE_DISPATCH_REPLAY_CACHE window 17 (300 replay lookups): {'stores': 5100, 'hits': 5100, 'misses': 0, 'shape_mismatches': 0, 'verifies': 0}
WARNING:megatron.core.transformer.moe.token_dispatcher:BT_MOE_DISPATCH_REPLAY_CACHE window 17 (300 replay lookups): {'stores': 5100, 'hits': 5100, 'misses': 0, 'shape_mismatches': 0, 'verifies': 0}
WARNING:megatron.core.transformer.moe.token_dispatcher:BT_MOE_DISPATCH_REPLAY_CACHE window 17 (300 replay lookups): {'stores': 5100, 'hits': 5100, 'misses': 0, 'shape_mismatches': 0, 'verifies': 0}
WARNING:megatron.core.transformer.moe.token_dispatcher:BT_MOE_DISPATCH_REPLAY_CACHE window 17 (300 replay lookups): {'stores': 5100, 'hits': 5100, 'misses': 0, 'shape_mismatches': 0, 'verifies': 0}
WARNING:megatron.core.transformer.moe.token_dispatcher:BT_MOE_PROBS_A2A_COMM window 34 (300 gated dispatches): {'token_issues': 10200, 'probs_issues': 10200, 'waits': 20400}
WARNING:megatron.core.transformer.moe.token_dispatcher:BT_MOE_PROBS_A2A_COMM window 34 (300 gated dispatches): {'token_issues': 10200, 'probs_issues': 10200, 'waits': 20400}
WARNING:megatron.core.transformer.moe.token_dispatcher:BT_MOE_PROBS_A2A_COMM window 34 (300 gated dispatches): {'token_issues': 10200, 'probs_issues': 10200, 'waits': 20400}
WARNING:megatron.core.transformer.moe.token_dispatcher:BT_MOE_PROBS_A2A_COMM window 34 (300 gated dispatches): {'token_issues': 10200, 'probs_issues': 10200, 'waits': 20400}
WARNING:megatron.core.transformer.moe.token_dispatcher:BT_MOE_PROBS_A2A_COMM window 34 (300 gated dispatches): {'token_issues': 10200, 'probs_issues': 10200, 'waits': 20400}
WARNING:megatron.core.transformer.moe.token_dispatcher:BT_MOE_PROBS_A2A_COMM window 34 (300 gated dispatches): {'token_issues': 10200, 'probs_issues': 10200, 'waits': 20400}
WARNING:megatron.core.transformer.moe.token_dispatcher:BT_MOE_PROBS_A2A_COMM window 34 (300 gated dispatches): {'token_issues': 10200, 'probs_issues': 10200, 'waits': 20400}
WARNING:megatron.core.transformer.moe.token_dispatcher:BT_MOE_PROBS_A2A_COMM window 34 (300 gated dispatches): {'token_issues': 10200, 'probs_issues': 10200, 'waits': 20400}
WARNING:megatron.core.transformer.moe.token_dispatcher:BT_MOE_PROBS_A2A_COMM window 34 (300 gated dispatches): {'token_issues': 10200, 'probs_issues': 10200, 'waits': 20400}
WARNING:megatron.core.transformer.moe.token_dispatcher:BT_MOE_PROBS_A2A_COMM window 34 (300 gated dispatches): {'token_issues': 10200, 'probs_issues': 10200, 'waits': 20400}
WARNING:megatron.core.transformer.moe.token_dispatcher:BT_MOE_PROBS_A2A_COMM window 34 (300 gated dispatches): {'token_issues': 10200, 'probs_issues': 10200, 'waits': 20400}
WARNING:megatron.core.transformer.moe.token_dispatcher:BT_MOE_PROBS_A2A_COMM window 34 (300 gated dispatches): {'token_issues': 10200, 'probs_issues': 10200, 'waits': 20400}
WARNING:megatron.core.transformer.moe.token_dispatcher:BT_MOE_PROBS_A2A_COMM window 34 (300 gated dispatches): {'token_issues': 10200, 'probs_issues': 10200, 'waits': 20400}
WARNING:megatron.core.transformer.moe.token_dispatcher:BT_MOE_PROBS_A2A_COMM window 34 (300 gated dispatches): {'token_issues': 10200, 'probs_issues': 10200, 'waits': 20400}
WARNING:megatron.core.transformer.moe.token_dispatcher:BT_MOE_PROBS_A2A_COMM window 34 (300 gated dispatches): {'token_issues': 10200, 'probs_issues': 10200, 'waits': 20400}
WARNING:megatron.core.transformer.moe.token_dispatcher:BT_MOE_PROBS_A2A_COMM window 34 (300 gated dispatches): {'token_issues': 10200, 'probs_issues': 10200, 'waits': 20400}
WARNING:megatron.core.transformer.experimental_attention_variant.dsa_cudnn_kernels:BT_DSA_BWD_ASYNC_NONEMPTY_V3 window 17 (312 probe reads): {'kicks': 5304, 'hits': 5304, 'misses': 0, 'probe_dropped': 0, 'fallbacks': 0, 'verifies': 5303}
WARNING:megatron.core.transformer.experimental_attention_variant.dsa_cudnn_kernels:BT_DSA_BWD_ASYNC_NONEMPTY_V3 window 17 (312 probe reads): {'kicks': 5304, 'hits': 5304, 'misses': 0, 'probe_dropped': 0, 'fallbacks': 0, 'verifies': 5303}
WARNING:megatron.core.transformer.experimental_attention_variant.dsa_cudnn_kernels:BT_DSA_BWD_ASYNC_NONEMPTY_V3 window 17 (312 probe reads): {'kicks': 5304, 'hits': 5304, 'misses': 0, 'probe_dropped': 0, 'fallbacks': 0, 'verifies': 5303}
WARNING:megatron.core.transformer.experimental_attention_variant.dsa_cudnn_kernels:BT_DSA_BWD_ASYNC_NONEMPTY_V3 window 17 (312 probe reads): {'kicks': 5304, 'hits': 5304, 'misses': 0, 'probe_dropped': 0, 'fallbacks': 0, 'verifies': 5303}
WARNING:megatron.core.transformer.experimental_attention_variant.dsa_cudnn_kernels:BT_DSA_BWD_ASYNC_NONEMPTY_V3 window 17 (312 probe reads): {'kicks': 5304, 'hits': 5304, 'misses': 0, 'probe_dropped': 0, 'fallbacks': 0, 'verifies': 5303}
WARNING:megatron.core.transformer.experimental_attention_variant.dsa_cudnn_kernels:BT_DSA_BWD_ASYNC_NONEMPTY_V3 window 17 (312 probe reads): {'kicks': 5304, 'hits': 5304, 'misses': 0, 'probe_dropped': 0, 'fallbacks': 0, 'verifies': 5303}
WARNING:megatron.core.transformer.experimental_attention_variant.dsa_cudnn_kernels:BT_DSA_BWD_ASYNC_NONEMPTY_V3 window 17 (312 probe reads): {'kicks': 5304, 'hits': 5304, 'misses': 0, 'probe_dropped': 0, 'fallbacks': 0, 'verifies': 5303}
WARNING:megatron.core.transformer.experimental_attention_variant.dsa_cudnn_kernels:BT_DSA_BWD_ASYNC_NONEMPTY_V3 window 17 (312 probe reads): {'kicks': 5304, 'hits': 5304, 'misses': 0, 'probe_dropped': 0, 'fallbacks': 0, 'verifies': 5303}
WARNING:megatron.core.transformer.experimental_attention_variant.dsa_cudnn_kernels:BT_DSA_BWD_ASYNC_NONEMPTY_V3 window 17 (312 probe reads): {'kicks': 5304, 'hits': 5304, 'misses': 0, 'probe_dropped': 0, 'fallbacks': 0, 'verifies': 5303}
WARNING:megatron.core.transformer.experimental_attention_variant.dsa_cudnn_kernels:BT_DSA_BWD_ASYNC_NONEMPTY_V3 window 17 (312 probe reads): {'kicks': 5304, 'hits': 5304, 'misses': 0, 'probe_dropped': 0, 'fallbacks': 0, 'verifies': 5303}
WARNING:megatron.core.transformer.experimental_attention_variant.dsa_cudnn_kernels:BT_DSA_BWD_ASYNC_NONEMPTY_V3 window 17 (312 probe reads): {'kicks': 5304, 'hits': 5304, 'misses': 0, 'probe_dropped': 0, 'fallbacks': 0, 'verifies': 5303}
WARNING:megatron.core.transformer.experimental_attention_variant.dsa_cudnn_kernels:BT_DSA_BWD_ASYNC_NONEMPTY_V3 window 17 (312 probe reads): {'kicks': 5304, 'hits': 5304, 'misses': 0, 'probe_dropped': 0, 'fallbacks': 0, 'verifies': 5303}
WARNING:megatron.core.transformer.experimental_attention_variant.dsa_cudnn_kernels:BT_DSA_BWD_ASYNC_NONEMPTY_V3 window 17 (312 probe reads): {'kicks': 5304, 'hits': 5304, 'misses': 0, 'probe_dropped': 0, 'fallbacks': 0, 'verifies': 5303}
WARNING:megatron.core.transformer.experimental_attention_variant.dsa_cudnn_kernels:BT_DSA_BWD_ASYNC_NONEMPTY_V3 window 17 (312 probe reads): {'kicks': 5304, 'hits': 5304, 'misses': 0, 'probe_dropped': 0, 'fallbacks': 0, 'verifies': 5303}
WARNING:megatron.core.transformer.experimental_attention_variant.dsa_cudnn_kernels:BT_DSA_BWD_ASYNC_NONEMPTY_V3 window 17 (312 probe reads): {'kicks': 5304, 'hits': 5304, 'misses': 0, 'probe_dropped': 0, 'fallbacks': 0, 'verifies': 5303}
WARNING:megatron.core.transformer.experimental_attention_variant.dsa_cudnn_kernels:BT_DSA_BWD_ASYNC_NONEMPTY_V3 window 17 (312 probe reads): {'kicks': 5304, 'hits': 5304, 'misses': 0, 'probe_dropped': 0, 'fallbacks': 0, 'verifies': 5303}
INFO:trainers_server.dp_worker.api.dispatcher_worker:dispatcher_worker: op=forward_backward operation_id=a758630fb11445498f1fa33c31837044 done in 47.01s {'loss': 12.115201875319483}
INFO:trainers_server.dp_worker.api.server:retrieve: operation_id=a758630fb11445498f1fa33c31837044 done after 17.03s
INFO:     127.0.0.1:45386 - "GET /operations/a758630fb11445498f1fa33c31837044 HTTP/1.1" 200 OK
INFO:trainers_server.dp_worker.api.server:submit: op=optim_step operation_id=c65411128b6d4b85b08d231f8761f765 enqueued (qsize=1) 
INFO:     127.0.0.1:45386 - "POST /optim_step HTTP/1.1" 202 Accepted
INFO:trainers_server.dp_worker.api.dispatcher_worker:dispatcher_worker: op=optim_step operation_id=c65411128b6d4b85b08d231f8761f765 done in 0.04s step=17.0 learning_rate=1e-05 lr=1e-05 grad_norm=0.33496832847595215 tps=11147.408582917282 train_mean_nll=12.115201875319483 num_tokens=524288.0 num_loss_tokens=524284.0 step_seconds=47.032276255078614
INFO:trainers_server.dp_worker.api.server:retrieve: operation_id=c65411128b6d4b85b08d231f8761f765 done after 0.03s
INFO:     127.0.0.1:45386 - "GET /operations/c65411128b6d4b85b08d231f8761f765 HTTP/1.1" 200 OK
INFO:trainers_server.dp_worker.api.server:submit: op=forward_backward operation_id=b620de9111d44046924b34f21fb7ac43 enqueued (qsize=1) n_datums=4 total_tokens=524288 seq_len[min/max]=131072/131072
INFO:     127.0.0.1:45386 - "POST /forward_backward HTTP/1.1" 202 Accepted
ERROR:opentelemetry.sdk.trace.export:Exception while exporting Span batch.
Traceback (most recent call last):
  File "/root/.cache/user_artifacts/trainers_main/server/.venv/lib/python3.12/site-packages/urllib3/connection.py", line 204, in _new_conn
    sock = connection.create_connection(
           ^^^^^^^^^^^^^^^^^^^^^^^^^^^^^
  File "/root/.cache/user_artifacts/trainers_main/server/.venv/lib/python3.12/site-packages/urllib3/util/connection.py", line 85, in create_connection
    raise err
  File "/root/.cache/user_artifacts/trainers_main/server/.venv/lib/python3.12/site-packages/urllib3/util/connection.py", line 73, in create_connection
    sock.connect(sa)
ConnectionRefusedError: [Errno 111] Connection refused

The above exception was the direct cause of the following exception:

Traceback (most recent call last):
  File "/root/.cache/user_artifacts/trainers_main/server/.venv/lib/python3.12/site-packages/urllib3/connectionpool.py", line 787, in urlopen
    response = self._make_request(
               ^^^^^^^^^^^^^^^^^^^
  File "/root/.cache/user_artifacts/trainers_main/server/.venv/lib/python3.12/site-packages/urllib3/connectionpool.py", line 493, in _make_request
    conn.request(
  File "/root/.cache/user_artifacts/trainers_main/server/.venv/lib/python3.12/site-packages/urllib3/connection.py", line 500, in request
    self.endheaders()
  File "/usr/lib/python3.12/http/client.py", line 1360, in endheaders
    self._send_output(message_body, encode_chunked=encode_chunked)
  File "/usr/lib/python3.12/http/client.py", line 1120, in _send_output
    self.send(msg)
  File "/usr/lib/python3.12/http/client.py", line 1064, in send
    self.connect()
  File "/root/.cache/user_artifacts/trainers_main/server/.venv/lib/python3.12/site-packages/urllib3/connection.py", line 331, in connect
    self.sock = self._new_conn()
                ^^^^^^^^^^^^^^^^
  File "/root/.cache/user_artifacts/trainers_main/server/.venv/lib/python3.12/site-packages/urllib3/connection.py", line 219, in _new_conn
    raise NewConnectionError(
urllib3.exceptions.NewConnectionError: HTTPConnection(host='localhost', port=4318): Failed to establish a new connection: [Errno 111] Connection refused

The above exception was the direct cause of the following exception:

Traceback (most recent call last):
  File "/root/.cache/user_artifacts/trainers_main/server/.venv/lib/python3.12/site-packages/requests/adapters.py", line 644, in send
    resp = conn.urlopen(
           ^^^^^^^^^^^^^
  File "/root/.cache/user_artifacts/trainers_main/server/.venv/lib/python3.12/site-packages/urllib3/connectionpool.py", line 841, in urlopen
    retries = retries.increment(
              ^^^^^^^^^^^^^^^^^^
  File "/root/.cache/user_artifacts/trainers_main/server/.venv/lib/python3.12/site-packages/urllib3/util/retry.py", line 535, in increment
    raise MaxRetryError(_pool, url, reason) from reason  # type: ignore[arg-type]
    ^^^^^^^^^^^^^^^^^^^^^^^^^^^^^^^^^^^^^^^^^^^^^^^^^^^
urllib3.exceptions.MaxRetryError: HTTPConnectionPool(host='localhost', port=4318): Max retries exceeded with url: /v1/traces (Caused by NewConnectionError("HTTPConnection(host='localhost', port=4318): Failed to establish a new connection: [Errno 111] Connection refused"))

During handling of the above exception, another exception occurred:

Traceback (most recent call last):
  File "/root/.cache/user_artifacts/trainers_main/server/.venv/lib/python3.12/site-packages/opentelemetry/sdk/trace/export/__init__.py", line 362, in _export_batch
    self.span_exporter.export(self.spans_list[:idx])  # type: ignore
    ^^^^^^^^^^^^^^^^^^^^^^^^^^^^^^^^^^^^^^^^^^^^^^^^
  File "/root/.cache/user_artifacts/trainers_main/server/.venv/lib/python3.12/site-packages/opentelemetry/exporter/otlp/proto/http/trace_exporter/__init__.py", line 139, in export
    resp = self._export(serialized_data)
           ^^^^^^^^^^^^^^^^^^^^^^^^^^^^^
  File "/root/.cache/user_artifacts/trainers_main/server/.venv/lib/python3.12/site-packages/opentelemetry/exporter/otlp/proto/http/trace_exporter/__init__.py", line 110, in _export
    return self._session.post(
           ^^^^^^^^^^^^^^^^^^^
  File "/root/.cache/user_artifacts/trainers_main/server/.venv/lib/python3.12/site-packages/requests/sessions.py", line 637, in post
    return self.request("POST", url, data=data, json=json, **kwargs)
           ^^^^^^^^^^^^^^^^^^^^^^^^^^^^^^^^^^^^^^^^^^^^^^^^^^^^^^^^^
  File "/root/.cache/user_artifacts/trainers_main/server/.venv/lib/python3.12/site-packages/requests/sessions.py", line 589, in request
    resp = self.send(prep, **send_kwargs)
           ^^^^^^^^^^^^^^^^^^^^^^^^^^^^^^
  File "/root/.cache/user_artifacts/trainers_main/server/.venv/lib/python3.12/site-packages/requests/sessions.py", line 703, in send
    r = adapter.send(request, **kwargs)
        ^^^^^^^^^^^^^^^^^^^^^^^^^^^^^^^
  File "/root/.cache/user_artifacts/trainers_main/server/.venv/lib/python3.12/site-packages/requests/adapters.py", line 677, in send
    raise ConnectionError(e, request=request)
requests.exceptions.ConnectionError: HTTPConnectionPool(host='localhost', port=4318): Max retries exceeded with url: /v1/traces (Caused by NewConnectionError("HTTPConnection(host='localhost', port=4318): Failed to establish a new connection: [Errno 111] Connection refused"))
WARNING:megatron.core.transformer.moe.token_dispatcher:BT_MOE_PROBS_A2A_COMM window 35 (300 gated dispatches): {'token_issues': 10500, 'probs_issues': 10500, 'waits': 21000}
WARNING:megatron.core.transformer.moe.token_dispatcher:BT_MOE_PROBS_A2A_COMM window 35 (300 gated dispatches): {'token_issues': 10500, 'probs_issues': 10500, 'waits': 21000}
WARNING:megatron.core.transformer.moe.token_dispatcher:BT_MOE_PROBS_A2A_COMM window 35 (300 gated dispatches): {'token_issues': 10500, 'probs_issues': 10500, 'waits': 21000}
WARNING:megatron.core.transformer.moe.token_dispatcher:BT_MOE_PROBS_A2A_COMM window 35 (300 gated dispatches): {'token_issues': 10500, 'probs_issues': 10500, 'waits': 21000}
WARNING:megatron.core.transformer.moe.token_dispatcher:BT_MOE_PROBS_A2A_COMM window 35 (300 gated dispatches): {'token_issues': 10500, 'probs_issues': 10500, 'waits': 21000}
WARNING:megatron.core.transformer.moe.token_dispatcher:BT_MOE_PROBS_A2A_COMM window 35 (300 gated dispatches): {'token_issues': 10500, 'probs_issues': 10500, 'waits': 21000}
WARNING:megatron.core.transformer.moe.token_dispatcher:BT_MOE_PROBS_A2A_COMM window 35 (300 gated dispatches): {'token_issues': 10500, 'probs_issues': 10500, 'waits': 21000}
WARNING:megatron.core.transformer.moe.token_dispatcher:BT_MOE_PROBS_A2A_COMM window 35 (300 gated dispatches): {'token_issues': 10500, 'probs_issues': 10500, 'waits': 21000}
WARNING:megatron.core.transformer.moe.token_dispatcher:BT_MOE_PROBS_A2A_COMM window 35 (300 gated dispatches): {'token_issues': 10500, 'probs_issues': 10500, 'waits': 21000}
WARNING:megatron.core.transformer.moe.token_dispatcher:BT_MOE_PROBS_A2A_COMM window 35 (300 gated dispatches): {'token_issues': 10500, 'probs_issues': 10500, 'waits': 21000}
WARNING:megatron.core.transformer.moe.token_dispatcher:BT_MOE_PROBS_A2A_COMM window 35 (300 gated dispatches): {'token_issues': 10500, 'probs_issues': 10500, 'waits': 21000}
WARNING:megatron.core.transformer.moe.token_dispatcher:BT_MOE_PROBS_A2A_COMM window 35 (300 gated dispatches): {'token_issues': 10500, 'probs_issues': 10500, 'waits': 21000}
WARNING:megatron.core.transformer.moe.token_dispatcher:BT_MOE_PROBS_A2A_COMM window 35 (300 gated dispatches): {'token_issues': 10500, 'probs_issues': 10500, 'waits': 21000}
WARNING:megatron.core.transformer.moe.token_dispatcher:BT_MOE_PROBS_A2A_COMM window 35 (300 gated dispatches): {'token_issues': 10500, 'probs_issues': 10500, 'waits': 21000}
WARNING:megatron.core.transformer.moe.token_dispatcher:BT_MOE_PROBS_A2A_COMM window 35 (300 gated dispatches): {'token_issues': 10500, 'probs_issues': 10500, 'waits': 21000}
WARNING:megatron.core.transformer.moe.token_dispatcher:BT_MOE_PROBS_A2A_COMM window 35 (300 gated dispatches): {'token_issues': 10500, 'probs_issues': 10500, 'waits': 21000}
INFO:trainers_server.dp_worker.api.server:evicted 3 expired finished ops
WARNING:megatron.core.transformer.moe.router:BT_MOE_ROUTING_REPLAY_FORCE window 17 (312 replay passes): {'stashes': 5325, 'forces': 5303, 'misses': 0, 'shape_mismatches': 0, 'verify_asserts': 0}; in-flight stash 46.1 MB (peak 157.3 MB)
WARNING:megatron.core.transformer.moe.router:BT_MOE_ROUTING_REPLAY_FORCE window 17 (312 replay passes): {'stashes': 5325, 'forces': 5303, 'misses': 0, 'shape_mismatches': 0, 'verify_asserts': 0}; in-flight stash 46.1 MB (peak 157.3 MB)
WARNING:megatron.core.transformer.moe.router:BT_MOE_ROUTING_REPLAY_FORCE window 17 (312 replay passes): {'stashes': 5325, 'forces': 5303, 'misses': 0, 'shape_mismatches': 0, 'verify_asserts': 0}; in-flight stash 46.1 MB (peak 157.3 MB)
WARNING:megatron.core.transformer.moe.router:BT_MOE_ROUTING_REPLAY_FORCE window 17 (312 replay passes): {'stashes': 5325, 'forces': 5303, 'misses': 0, 'shape_mismatches': 0, 'verify_asserts': 0}; in-flight stash 46.1 MB (peak 157.3 MB)
WARNING:megatron.core.transformer.moe.router:BT_MOE_ROUTING_REPLAY_FORCE window 17 (312 replay passes): {'stashes': 5325, 'forces': 5303, 'misses': 0, 'shape_mismatches': 0, 'verify_asserts': 0}; in-flight stash 46.1 MB (peak 157.3 MB)
WARNING:megatron.core.transformer.moe.router:BT_MOE_ROUTING_REPLAY_FORCE window 17 (312 replay passes): {'stashes': 5325, 'forces': 5303, 'misses': 0, 'shape_mismatches': 0, 'verify_asserts': 0}; in-flight stash 46.1 MB (peak 157.3 MB)
WARNING:megatron.core.transformer.moe.router:BT_MOE_ROUTING_REPLAY_FORCE window 17 (312 replay passes): {'stashes': 5325, 'forces': 5303, 'misses': 0, 'shape_mismatches': 0, 'verify_asserts': 0}; in-flight stash 46.1 MB (peak 157.3 MB)
WARNING:megatron.core.transformer.moe.router:BT_MOE_ROUTING_REPLAY_FORCE window 17 (312 replay passes): {'stashes': 5325, 'forces': 5303, 'misses': 0, 'shape_mismatches': 0, 'verify_asserts': 0}; in-flight stash 46.1 MB (peak 157.3 MB)
WARNING:megatron.core.transformer.moe.router:BT_MOE_ROUTING_REPLAY_FORCE window 17 (312 replay passes): {'stashes': 5325, 'forces': 5303, 'misses': 0, 'shape_mismatches': 0, 'verify_asserts': 0}; in-flight stash 46.1 MB (peak 157.3 MB)
WARNING:megatron.core.transformer.moe.router:BT_MOE_ROUTING_REPLAY_FORCE window 17 (312 replay passes): {'stashes': 5325, 'forces': 5303, 'misses': 0, 'shape_mismatches': 0, 'verify_asserts': 0}; in-flight stash 46.1 MB (peak 157.3 MB)
WARNING:megatron.core.transformer.moe.router:BT_MOE_ROUTING_REPLAY_FORCE window 17 (312 replay passes): {'stashes': 5325, 'forces': 5303, 'misses': 0, 'shape_mismatches': 0, 'verify_asserts': 0}; in-flight stash 46.1 MB (peak 157.3 MB)
WARNING:megatron.core.transformer.moe.router:BT_MOE_ROUTING_REPLAY_FORCE window 17 (312 replay passes): {'stashes': 5325, 'forces': 5303, 'misses': 0, 'shape_mismatches': 0, 'verify_asserts': 0}; in-flight stash 46.1 MB (peak 157.3 MB)
WARNING:megatron.core.transformer.moe.router:BT_MOE_ROUTING_REPLAY_FORCE window 17 (312 replay passes): {'stashes': 5325, 'forces': 5303, 'misses': 0, 'shape_mismatches': 0, 'verify_asserts': 0}; in-flight stash 46.1 MB (peak 157.3 MB)
WARNING:megatron.core.transformer.moe.router:BT_MOE_ROUTING_REPLAY_FORCE window 17 (312 replay passes): {'stashes': 5325, 'forces': 5303, 'misses': 0, 'shape_mismatches': 0, 'verify_asserts': 0}; in-flight stash 46.1 MB (peak 157.3 MB)
WARNING:megatron.core.transformer.moe.router:BT_MOE_ROUTING_REPLAY_FORCE window 17 (312 replay passes): {'stashes': 5325, 'forces': 5303, 'misses': 0, 'shape_mismatches': 0, 'verify_asserts': 0}; in-flight stash 46.1 MB (peak 157.3 MB)
WARNING:megatron.core.transformer.moe.router:BT_MOE_ROUTING_REPLAY_FORCE window 17 (312 replay passes): {'stashes': 5325, 'forces': 5303, 'misses': 0, 'shape_mismatches': 0, 'verify_asserts': 0}; in-flight stash 46.1 MB (peak 157.3 MB)
WARNING:megatron.core.transformer.moe.token_dispatcher:BT_MOE_DISPATCH_REPLAY_CACHE window 18 (300 replay lookups): {'stores': 5400, 'hits': 5400, 'misses': 0, 'shape_mismatches': 0, 'verifies': 0}
WARNING:megatron.core.transformer.moe.token_dispatcher:BT_MOE_DISPATCH_REPLAY_CACHE window 18 (300 replay lookups): {'stores': 5400, 'hits': 5400, 'misses': 0, 'shape_mismatches': 0, 'verifies': 0}
WARNING:megatron.core.transformer.moe.token_dispatcher:BT_MOE_DISPATCH_REPLAY_CACHE window 18 (300 replay lookups): {'stores': 5400, 'hits': 5400, 'misses': 0, 'shape_mismatches': 0, 'verifies': 0}
WARNING:megatron.core.transformer.moe.token_dispatcher:BT_MOE_DISPATCH_REPLAY_CACHE window 18 (300 replay lookups): {'stores': 5400, 'hits': 5400, 'misses': 0, 'shape_mismatches': 0, 'verifies': 0}
WARNING:megatron.core.transformer.moe.token_dispatcher:BT_MOE_DISPATCH_REPLAY_CACHE window 18 (300 replay lookups): {'stores': 5400, 'hits': 5400, 'misses': 0, 'shape_mismatches': 0, 'verifies': 0}
WARNING:megatron.core.transformer.moe.token_dispatcher:BT_MOE_DISPATCH_REPLAY_CACHE window 18 (300 replay lookups): {'stores': 5400, 'hits': 5400, 'misses': 0, 'shape_mismatches': 0, 'verifies': 0}
WARNING:megatron.core.transformer.moe.token_dispatcher:BT_MOE_DISPATCH_REPLAY_CACHE window 18 (300 replay lookups): {'stores': 5400, 'hits': 5400, 'misses': 0, 'shape_mismatches': 0, 'verifies': 0}
WARNING:megatron.core.transformer.moe.token_dispatcher:BT_MOE_DISPATCH_REPLAY_CACHE window 18 (300 replay lookups): {'stores': 5400, 'hits': 5400, 'misses': 0, 'shape_mismatches': 0, 'verifies': 0}
WARNING:megatron.core.transformer.moe.token_dispatcher:BT_MOE_DISPATCH_REPLAY_CACHE window 18 (300 replay lookups): {'stores': 5400, 'hits': 5400, 'misses': 0, 'shape_mismatches': 0, 'verifies': 0}
WARNING:megatron.core.transformer.moe.token_dispatcher:BT_MOE_DISPATCH_REPLAY_CACHE window 18 (300 replay lookups): {'stores': 5400, 'hits': 5400, 'misses': 0, 'shape_mismatches': 0, 'verifies': 0}
WARNING:megatron.core.transformer.moe.token_dispatcher:BT_MOE_DISPATCH_REPLAY_CACHE window 18 (300 replay lookups): {'stores': 5400, 'hits': 5400, 'misses': 0, 'shape_mismatches': 0, 'verifies': 0}
WARNING:megatron.core.transformer.moe.token_dispatcher:BT_MOE_DISPATCH_REPLAY_CACHE window 18 (300 replay lookups): {'stores': 5400, 'hits': 5400, 'misses': 0, 'shape_mismatches': 0, 'verifies': 0}
WARNING:megatron.core.transformer.moe.token_dispatcher:BT_MOE_DISPATCH_REPLAY_CACHE window 18 (300 replay lookups): {'stores': 5400, 'hits': 5400, 'misses': 0, 'shape_mismatches': 0, 'verifies': 0}
WARNING:megatron.core.transformer.moe.token_dispatcher:BT_MOE_DISPATCH_REPLAY_CACHE window 18 (300 replay lookups): {'stores': 5400, 'hits': 5400, 'misses': 0, 'shape_mismatches': 0, 'verifies': 0}
WARNING:megatron.core.transformer.moe.token_dispatcher:BT_MOE_DISPATCH_REPLAY_CACHE window 18 (300 replay lookups): {'stores': 5400, 'hits': 5400, 'misses': 0, 'shape_mismatches': 0, 'verifies': 0}
WARNING:megatron.core.transformer.moe.token_dispatcher:BT_MOE_DISPATCH_REPLAY_CACHE window 18 (300 replay lookups): {'stores': 5400, 'hits': 5400, 'misses': 0, 'shape_mismatches': 0, 'verifies': 0}
WARNING:megatron.core.transformer.moe.token_dispatcher:BT_MOE_PROBS_A2A_COMM window 36 (300 gated dispatches): {'token_issues': 10800, 'probs_issues': 10800, 'waits': 21600}
WARNING:megatron.core.transformer.moe.token_dispatcher:BT_MOE_PROBS_A2A_COMM window 36 (300 gated dispatches): {'token_issues': 10800, 'probs_issues': 10800, 'waits': 21600}
WARNING:megatron.core.transformer.moe.token_dispatcher:BT_MOE_PROBS_A2A_COMM window 36 (300 gated dispatches): {'token_issues': 10800, 'probs_issues': 10800, 'waits': 21600}
WARNING:megatron.core.transformer.moe.token_dispatcher:BT_MOE_PROBS_A2A_COMM window 36 (300 gated dispatches): {'token_issues': 10800, 'probs_issues': 10800, 'waits': 21600}
WARNING:megatron.core.transformer.moe.token_dispatcher:BT_MOE_PROBS_A2A_COMM window 36 (300 gated dispatches): {'token_issues': 10800, 'probs_issues': 10800, 'waits': 21600}
WARNING:megatron.core.transformer.moe.token_dispatcher:BT_MOE_PROBS_A2A_COMM window 36 (300 gated dispatches): {'token_issues': 10800, 'probs_issues': 10800, 'waits': 21600}
WARNING:megatron.core.transformer.moe.token_dispatcher:BT_MOE_PROBS_A2A_COMM window 36 (300 gated dispatches): {'token_issues': 10800, 'probs_issues': 10800, 'waits': 21600}
WARNING:megatron.core.transformer.moe.token_dispatcher:BT_MOE_PROBS_A2A_COMM window 36 (300 gated dispatches): {'token_issues': 10800, 'probs_issues': 10800, 'waits': 21600}
WARNING:megatron.core.transformer.moe.token_dispatcher:BT_MOE_PROBS_A2A_COMM window 36 (300 gated dispatches): {'token_issues': 10800, 'probs_issues': 10800, 'waits': 21600}
WARNING:megatron.core.transformer.moe.token_dispatcher:BT_MOE_PROBS_A2A_COMM window 36 (300 gated dispatches): {'token_issues': 10800, 'probs_issues': 10800, 'waits': 21600}
WARNING:megatron.core.transformer.moe.token_dispatcher:BT_MOE_PROBS_A2A_COMM window 36 (300 gated dispatches): {'token_issues': 10800, 'probs_issues': 10800, 'waits': 21600}
WARNING:megatron.core.transformer.moe.token_dispatcher:BT_MOE_PROBS_A2A_COMM window 36 (300 gated dispatches): {'token_issues': 10800, 'probs_issues': 10800, 'waits': 21600}
WARNING:megatron.core.transformer.moe.token_dispatcher:BT_MOE_PROBS_A2A_COMM window 36 (300 gated dispatches): {'token_issues': 10800, 'probs_issues': 10800, 'waits': 21600}
WARNING:megatron.core.transformer.moe.token_dispatcher:BT_MOE_PROBS_A2A_COMM window 36 (300 gated dispatches): {'token_issues': 10800, 'probs_issues': 10800, 'waits': 21600}
WARNING:megatron.core.transformer.moe.token_dispatcher:BT_MOE_PROBS_A2A_COMM window 36 (300 gated dispatches): {'token_issues': 10800, 'probs_issues': 10800, 'waits': 21600}
WARNING:megatron.core.transformer.moe.token_dispatcher:BT_MOE_PROBS_A2A_COMM window 36 (300 gated dispatches): {'token_issues': 10800, 'probs_issues': 10800, 'waits': 21600}
WARNING:megatron.core.transformer.experimental_attention_variant.dsa_cudnn_kernels:BT_DSA_BWD_ASYNC_NONEMPTY_V3 window 18 (312 probe reads): {'kicks': 5616, 'hits': 5616, 'misses': 0, 'probe_dropped': 0, 'fallbacks': 0, 'verifies': 5615}
WARNING:megatron.core.transformer.experimental_attention_variant.dsa_cudnn_kernels:BT_DSA_BWD_ASYNC_NONEMPTY_V3 window 18 (312 probe reads): {'kicks': 5616, 'hits': 5616, 'misses': 0, 'probe_dropped': 0, 'fallbacks': 0, 'verifies': 5615}
WARNING:megatron.core.transformer.experimental_attention_variant.dsa_cudnn_kernels:BT_DSA_BWD_ASYNC_NONEMPTY_V3 window 18 (312 probe reads): {'kicks': 5616, 'hits': 5616, 'misses': 0, 'probe_dropped': 0, 'fallbacks': 0, 'verifies': 5615}
WARNING:megatron.core.transformer.experimental_attention_variant.dsa_cudnn_kernels:BT_DSA_BWD_ASYNC_NONEMPTY_V3 window 18 (312 probe reads): {'kicks': 5616, 'hits': 5616, 'misses': 0, 'probe_dropped': 0, 'fallbacks': 0, 'verifies': 5615}
WARNING:megatron.core.transformer.experimental_attention_variant.dsa_cudnn_kernels:BT_DSA_BWD_ASYNC_NONEMPTY_V3 window 18 (312 probe reads): {'kicks': 5616, 'hits': 5616, 'misses': 0, 'probe_dropped': 0, 'fallbacks': 0, 'verifies': 5615}
WARNING:megatron.core.transformer.experimental_attention_variant.dsa_cudnn_kernels:BT_DSA_BWD_ASYNC_NONEMPTY_V3 window 18 (312 probe reads): {'kicks': 5616, 'hits': 5616, 'misses': 0, 'probe_dropped': 0, 'fallbacks': 0, 'verifies': 5615}
WARNING:megatron.core.transformer.experimental_attention_variant.dsa_cudnn_kernels:BT_DSA_BWD_ASYNC_NONEMPTY_V3 window 18 (312 probe reads): {'kicks': 5616, 'hits': 5616, 'misses': 0, 'probe_dropped': 0, 'fallbacks': 0, 'verifies': 5615}
WARNING:megatron.core.transformer.experimental_attention_variant.dsa_cudnn_kernels:BT_DSA_BWD_ASYNC_NONEMPTY_V3 window 18 (312 probe reads): {'kicks': 5616, 'hits': 5616, 'misses': 0, 'probe_dropped': 0, 'fallbacks': 0, 'verifies': 5615}
WARNING:megatron.core.transformer.experimental_attention_variant.dsa_cudnn_kernels:BT_DSA_BWD_ASYNC_NONEMPTY_V3 window 18 (312 probe reads): {'kicks': 5616, 'hits': 5616, 'misses': 0, 'probe_dropped': 0, 'fallbacks': 0, 'verifies': 5615}
WARNING:megatron.core.transformer.experimental_attention_variant.dsa_cudnn_kernels:BT_DSA_BWD_ASYNC_NONEMPTY_V3 window 18 (312 probe reads): {'kicks': 5616, 'hits': 5616, 'misses': 0, 'probe_dropped': 0, 'fallbacks': 0, 'verifies': 5615}
WARNING:megatron.core.transformer.experimental_attention_variant.dsa_cudnn_kernels:BT_DSA_BWD_ASYNC_NONEMPTY_V3 window 18 (312 probe reads): {'kicks': 5616, 'hits': 5616, 'misses': 0, 'probe_dropped': 0, 'fallbacks': 0, 'verifies': 5615}
WARNING:megatron.core.transformer.experimental_attention_variant.dsa_cudnn_kernels:BT_DSA_BWD_ASYNC_NONEMPTY_V3 window 18 (312 probe reads): {'kicks': 5616, 'hits': 5616, 'misses': 0, 'probe_dropped': 0, 'fallbacks': 0, 'verifies': 5615}
WARNING:megatron.core.transformer.experimental_attention_variant.dsa_cudnn_kernels:BT_DSA_BWD_ASYNC_NONEMPTY_V3 window 18 (312 probe reads): {'kicks': 5616, 'hits': 5616, 'misses': 0, 'probe_dropped': 0, 'fallbacks': 0, 'verifies': 5615}
WARNING:megatron.core.transformer.experimental_attention_variant.dsa_cudnn_kernels:BT_DSA_BWD_ASYNC_NONEMPTY_V3 window 18 (312 probe reads): {'kicks': 5616, 'hits': 5616, 'misses': 0, 'probe_dropped': 0, 'fallbacks': 0, 'verifies': 5615}
WARNING:megatron.core.transformer.experimental_attention_variant.dsa_cudnn_kernels:BT_DSA_BWD_ASYNC_NONEMPTY_V3 window 18 (312 probe reads): {'kicks': 5616, 'hits': 5616, 'misses': 0, 'probe_dropped': 0, 'fallbacks': 0, 'verifies': 5615}
WARNING:megatron.core.transformer.experimental_attention_variant.dsa_cudnn_kernels:BT_DSA_BWD_ASYNC_NONEMPTY_V3 window 18 (312 probe reads): {'kicks': 5616, 'hits': 5616, 'misses': 0, 'probe_dropped': 0, 'fallbacks': 0, 'verifies': 5615}
INFO:trainers_server.dp_worker.api.dispatcher_worker:dispatcher_worker: op=forward_backward operation_id=b620de9111d44046924b34f21fb7ac43 done in 47.26s {'loss': 12.107270105515331}
INFO:trainers_server.dp_worker.api.server:retrieve: operation_id=b620de9111d44046924b34f21fb7ac43 done after 17.28s
INFO:     127.0.0.1:45386 - "GET /operations/b620de9111d44046924b34f21fb7ac43 HTTP/1.1" 200 OK
INFO:trainers_server.dp_worker.api.server:submit: op=optim_step operation_id=148a77f29bbc4febb3adcae90d5d9b7d enqueued (qsize=1) 
INFO:     127.0.0.1:45386 - "POST /optim_step HTTP/1.1" 202 Accepted
INFO:trainers_server.dp_worker.api.dispatcher_worker:dispatcher_worker: op=optim_step operation_id=148a77f29bbc4febb3adcae90d5d9b7d done in 0.03s step=18.0 learning_rate=1e-05 lr=1e-05 grad_norm=0.32797718048095703 tps=11088.957484700793 train_mean_nll=12.107270105515331 num_tokens=524288.0 num_loss_tokens=524284.0 step_seconds=47.28018848691136
INFO:trainers_server.dp_worker.api.server:retrieve: operation_id=148a77f29bbc4febb3adcae90d5d9b7d done after 0.03s
INFO:     127.0.0.1:45386 - "GET /operations/148a77f29bbc4febb3adcae90d5d9b7d HTTP/1.1" 200 OK
INFO:trainers_server.dp_worker.api.server:submit: op=forward_backward operation_id=a6e1fa01757447b6bb70ccce203a6aa4 enqueued (qsize=1) n_datums=4 total_tokens=524288 seq_len[min/max]=131072/131072
INFO:     127.0.0.1:45386 - "POST /forward_backward HTTP/1.1" 202 Accepted
ERROR:opentelemetry.sdk.trace.export:Exception while exporting Span batch.
Traceback (most recent call last):
  File "/root/.cache/user_artifacts/trainers_main/server/.venv/lib/python3.12/site-packages/urllib3/connection.py", line 204, in _new_conn
    sock = connection.create_connection(
           ^^^^^^^^^^^^^^^^^^^^^^^^^^^^^
  File "/root/.cache/user_artifacts/trainers_main/server/.venv/lib/python3.12/site-packages/urllib3/util/connection.py", line 85, in create_connection
    raise err
  File "/root/.cache/user_artifacts/trainers_main/server/.venv/lib/python3.12/site-packages/urllib3/util/connection.py", line 73, in create_connection
    sock.connect(sa)
ConnectionRefusedError: [Errno 111] Connection refused

The above exception was the direct cause of the following exception:

Traceback (most recent call last):
  File "/root/.cache/user_artifacts/trainers_main/server/.venv/lib/python3.12/site-packages/urllib3/connectionpool.py", line 787, in urlopen
    response = self._make_request(
               ^^^^^^^^^^^^^^^^^^^
  File "/root/.cache/user_artifacts/trainers_main/server/.venv/lib/python3.12/site-packages/urllib3/connectionpool.py", line 493, in _make_request
    conn.request(
  File "/root/.cache/user_artifacts/trainers_main/server/.venv/lib/python3.12/site-packages/urllib3/connection.py", line 500, in request
    self.endheaders()
  File "/usr/lib/python3.12/http/client.py", line 1360, in endheaders
    self._send_output(message_body, encode_chunked=encode_chunked)
  File "/usr/lib/python3.12/http/client.py", line 1120, in _send_output
    self.send(msg)
  File "/usr/lib/python3.12/http/client.py", line 1064, in send
    self.connect()
  File "/root/.cache/user_artifacts/trainers_main/server/.venv/lib/python3.12/site-packages/urllib3/connection.py", line 331, in connect
    self.sock = self._new_conn()
                ^^^^^^^^^^^^^^^^
  File "/root/.cache/user_artifacts/trainers_main/server/.venv/lib/python3.12/site-packages/urllib3/connection.py", line 219, in _new_conn
    raise NewConnectionError(
urllib3.exceptions.NewConnectionError: HTTPConnection(host='localhost', port=4318): Failed to establish a new connection: [Errno 111] Connection refused

The above exception was the direct cause of the following exception:

Traceback (most recent call last):
  File "/root/.cache/user_artifacts/trainers_main/server/.venv/lib/python3.12/site-packages/requests/adapters.py", line 644, in send
    resp = conn.urlopen(
           ^^^^^^^^^^^^^
  File "/root/.cache/user_artifacts/trainers_main/server/.venv/lib/python3.12/site-packages/urllib3/connectionpool.py", line 841, in urlopen
    retries = retries.increment(
              ^^^^^^^^^^^^^^^^^^
  File "/root/.cache/user_artifacts/trainers_main/server/.venv/lib/python3.12/site-packages/urllib3/util/retry.py", line 535, in increment
    raise MaxRetryError(_pool, url, reason) from reason  # type: ignore[arg-type]
    ^^^^^^^^^^^^^^^^^^^^^^^^^^^^^^^^^^^^^^^^^^^^^^^^^^^
urllib3.exceptions.MaxRetryError: HTTPConnectionPool(host='localhost', port=4318): Max retries exceeded with url: /v1/traces (Caused by NewConnectionError("HTTPConnection(host='localhost', port=4318): Failed to establish a new connection: [Errno 111] Connection refused"))

During handling of the above exception, another exception occurred:

Traceback (most recent call last):
  File "/root/.cache/user_artifacts/trainers_main/server/.venv/lib/python3.12/site-packages/opentelemetry/sdk/trace/export/__init__.py", line 362, in _export_batch
    self.span_exporter.export(self.spans_list[:idx])  # type: ignore
    ^^^^^^^^^^^^^^^^^^^^^^^^^^^^^^^^^^^^^^^^^^^^^^^^
  File "/root/.cache/user_artifacts/trainers_main/server/.venv/lib/python3.12/site-packages/opentelemetry/exporter/otlp/proto/http/trace_exporter/__init__.py", line 139, in export
    resp = self._export(serialized_data)
           ^^^^^^^^^^^^^^^^^^^^^^^^^^^^^
  File "/root/.cache/user_artifacts/trainers_main/server/.venv/lib/python3.12/site-packages/opentelemetry/exporter/otlp/proto/http/trace_exporter/__init__.py", line 110, in _export
    return self._session.post(
           ^^^^^^^^^^^^^^^^^^^
  File "/root/.cache/user_artifacts/trainers_main/server/.venv/lib/python3.12/site-packages/requests/sessions.py", line 637, in post
    return self.request("POST", url, data=data, json=json, **kwargs)
           ^^^^^^^^^^^^^^^^^^^^^^^^^^^^^^^^^^^^^^^^^^^^^^^^^^^^^^^^^
  File "/root/.cache/user_artifacts/trainers_main/server/.venv/lib/python3.12/site-packages/requests/sessions.py", line 589, in request
    resp = self.send(prep, **send_kwargs)
           ^^^^^^^^^^^^^^^^^^^^^^^^^^^^^^
  File "/root/.cache/user_artifacts/trainers_main/server/.venv/lib/python3.12/site-packages/requests/sessions.py", line 703, in send
    r = adapter.send(request, **kwargs)
        ^^^^^^^^^^^^^^^^^^^^^^^^^^^^^^^
  File "/root/.cache/user_artifacts/trainers_main/server/.venv/lib/python3.12/site-packages/requests/adapters.py", line 677, in send
    raise ConnectionError(e, request=request)
requests.exceptions.ConnectionError: HTTPConnectionPool(host='localhost', port=4318): Max retries exceeded with url: /v1/traces (Caused by NewConnectionError("HTTPConnection(host='localhost', port=4318): Failed to establish a new connection: [Errno 111] Connection refused"))
WARNING:megatron.core.transformer.moe.token_dispatcher:BT_MOE_PROBS_A2A_COMM window 37 (300 gated dispatches): {'token_issues': 11100, 'probs_issues': 11100, 'waits': 22200}
WARNING:megatron.core.transformer.moe.token_dispatcher:BT_MOE_PROBS_A2A_COMM window 37 (300 gated dispatches): {'token_issues': 11100, 'probs_issues': 11100, 'waits': 22200}
WARNING:megatron.core.transformer.moe.token_dispatcher:BT_MOE_PROBS_A2A_COMM window 37 (300 gated dispatches): {'token_issues': 11100, 'probs_issues': 11100, 'waits': 22200}
WARNING:megatron.core.transformer.moe.token_dispatcher:BT_MOE_PROBS_A2A_COMM window 37 (300 gated dispatches): {'token_issues': 11100, 'probs_issues': 11100, 'waits': 22200}
WARNING:megatron.core.transformer.moe.token_dispatcher:BT_MOE_PROBS_A2A_COMM window 37 (300 gated dispatches): {'token_issues': 11100, 'probs_issues': 11100, 'waits': 22200}
WARNING:megatron.core.transformer.moe.token_dispatcher:BT_MOE_PROBS_A2A_COMM window 37 (300 gated dispatches): {'token_issues': 11100, 'probs_issues': 11100, 'waits': 22200}
WARNING:megatron.core.transformer.moe.token_dispatcher:BT_MOE_PROBS_A2A_COMM window 37 (300 gated dispatches): {'token_issues': 11100, 'probs_issues': 11100, 'waits': 22200}
WARNING:megatron.core.transformer.moe.token_dispatcher:BT_MOE_PROBS_A2A_COMM window 37 (300 gated dispatches): {'token_issues': 11100, 'probs_issues': 11100, 'waits': 22200}
WARNING:megatron.core.transformer.moe.token_dispatcher:BT_MOE_PROBS_A2A_COMM window 37 (300 gated dispatches): {'token_issues': 11100, 'probs_issues': 11100, 'waits': 22200}
WARNING:megatron.core.transformer.moe.token_dispatcher:BT_MOE_PROBS_A2A_COMM window 37 (300 gated dispatches): {'token_issues': 11100, 'probs_issues': 11100, 'waits': 22200}
WARNING:megatron.core.transformer.moe.token_dispatcher:BT_MOE_PROBS_A2A_COMM window 37 (300 gated dispatches): {'token_issues': 11100, 'probs_issues': 11100, 'waits': 22200}
WARNING:megatron.core.transformer.moe.token_dispatcher:BT_MOE_PROBS_A2A_COMM window 37 (300 gated dispatches): {'token_issues': 11100, 'probs_issues': 11100, 'waits': 22200}
WARNING:megatron.core.transformer.moe.token_dispatcher:BT_MOE_PROBS_A2A_COMM window 37 (300 gated dispatches): {'token_issues': 11100, 'probs_issues': 11100, 'waits': 22200}
WARNING:megatron.core.transformer.moe.token_dispatcher:BT_MOE_PROBS_A2A_COMM window 37 (300 gated dispatches): {'token_issues': 11100, 'probs_issues': 11100, 'waits': 22200}
WARNING:megatron.core.transformer.moe.token_dispatcher:BT_MOE_PROBS_A2A_COMM window 37 (300 gated dispatches): {'token_issues': 11100, 'probs_issues': 11100, 'waits': 22200}
WARNING:megatron.core.transformer.moe.token_dispatcher:BT_MOE_PROBS_A2A_COMM window 37 (300 gated dispatches): {'token_issues': 11100, 'probs_issues': 11100, 'waits': 22200}
WARNING:megatron.core.transformer.moe.router:BT_MOE_ROUTING_REPLAY_FORCE window 18 (312 replay passes): {'stashes': 5625, 'forces': 5615, 'misses': 0, 'shape_mismatches': 0, 'verify_asserts': 0}; in-flight stash 21.0 MB (peak 157.3 MB)
WARNING:megatron.core.transformer.moe.router:BT_MOE_ROUTING_REPLAY_FORCE window 18 (312 replay passes): {'stashes': 5625, 'forces': 5615, 'misses': 0, 'shape_mismatches': 0, 'verify_asserts': 0}; in-flight stash 21.0 MB (peak 157.3 MB)
WARNING:megatron.core.transformer.moe.router:BT_MOE_ROUTING_REPLAY_FORCE window 18 (312 replay passes): {'stashes': 5625, 'forces': 5615, 'misses': 0, 'shape_mismatches': 0, 'verify_asserts': 0}; in-flight stash 21.0 MB (peak 157.3 MB)
WARNING:megatron.core.transformer.moe.router:BT_MOE_ROUTING_REPLAY_FORCE window 18 (312 replay passes): {'stashes': 5625, 'forces': 5615, 'misses': 0, 'shape_mismatches': 0, 'verify_asserts': 0}; in-flight stash 21.0 MB (peak 157.3 MB)
WARNING:megatron.core.transformer.moe.router:BT_MOE_ROUTING_REPLAY_FORCE window 18 (312 replay passes): {'stashes': 5625, 'forces': 5615, 'misses': 0, 'shape_mismatches': 0, 'verify_asserts': 0}; in-flight stash 21.0 MB (peak 157.3 MB)
WARNING:megatron.core.transformer.moe.router:BT_MOE_ROUTING_REPLAY_FORCE window 18 (312 replay passes): {'stashes': 5625, 'forces': 5615, 'misses': 0, 'shape_mismatches': 0, 'verify_asserts': 0}; in-flight stash 21.0 MB (peak 157.3 MB)
WARNING:megatron.core.transformer.moe.router:BT_MOE_ROUTING_REPLAY_FORCE window 18 (312 replay passes): {'stashes': 5625, 'forces': 5615, 'misses': 0, 'shape_mismatches': 0, 'verify_asserts': 0}; in-flight stash 21.0 MB (peak 157.3 MB)
WARNING:megatron.core.transformer.moe.router:BT_MOE_ROUTING_REPLAY_FORCE window 18 (312 replay passes): {'stashes': 5625, 'forces': 5615, 'misses': 0, 'shape_mismatches': 0, 'verify_asserts': 0}; in-flight stash 21.0 MB (peak 157.3 MB)
WARNING:megatron.core.transformer.moe.router:BT_MOE_ROUTING_REPLAY_FORCE window 18 (312 replay passes): {'stashes': 5625, 'forces': 5615, 'misses': 0, 'shape_mismatches': 0, 'verify_asserts': 0}; in-flight stash 21.0 MB (peak 157.3 MB)
WARNING:megatron.core.transformer.moe.router:BT_MOE_ROUTING_REPLAY_FORCE window 18 (312 replay passes): {'stashes': 5625, 'forces': 5615, 'misses': 0, 'shape_mismatches': 0, 'verify_asserts': 0}; in-flight stash 21.0 MB (peak 157.3 MB)
WARNING:megatron.core.transformer.moe.router:BT_MOE_ROUTING_REPLAY_FORCE window 18 (312 replay passes): {'stashes': 5625, 'forces': 5615, 'misses': 0, 'shape_mismatches': 0, 'verify_asserts': 0}; in-flight stash 21.0 MB (peak 157.3 MB)
WARNING:megatron.core.transformer.moe.router:BT_MOE_ROUTING_REPLAY_FORCE window 18 (312 replay passes): {'stashes': 5625, 'forces': 5615, 'misses': 0, 'shape_mismatches': 0, 'verify_asserts': 0}; in-flight stash 21.0 MB (peak 157.3 MB)
WARNING:megatron.core.transformer.moe.router:BT_MOE_ROUTING_REPLAY_FORCE window 18 (312 replay passes): {'stashes': 5625, 'forces': 5615, 'misses': 0, 'shape_mismatches': 0, 'verify_asserts': 0}; in-flight stash 21.0 MB (peak 157.3 MB)
WARNING:megatron.core.transformer.moe.router:BT_MOE_ROUTING_REPLAY_FORCE window 18 (312 replay passes): {'stashes': 5625, 'forces': 5615, 'misses': 0, 'shape_mismatches': 0, 'verify_asserts': 0}; in-flight stash 21.0 MB (peak 157.3 MB)
WARNING:megatron.core.transformer.moe.router:BT_MOE_ROUTING_REPLAY_FORCE window 18 (312 replay passes): {'stashes': 5625, 'forces': 5615, 'misses': 0, 'shape_mismatches': 0, 'verify_asserts': 0}; in-flight stash 21.0 MB (peak 157.3 MB)
WARNING:megatron.core.transformer.moe.router:BT_MOE_ROUTING_REPLAY_FORCE window 18 (312 replay passes): {'stashes': 5625, 'forces': 5615, 'misses': 0, 'shape_mismatches': 0, 'verify_asserts': 0}; in-flight stash 21.0 MB (peak 157.3 MB)
INFO:trainers_server.dp_worker.api.server:evicted 3 expired finished ops
WARNING:megatron.core.transformer.moe.token_dispatcher:BT_MOE_DISPATCH_REPLAY_CACHE window 19 (300 replay lookups): {'stores': 5700, 'hits': 5700, 'misses': 0, 'shape_mismatches': 0, 'verifies': 0}
WARNING:megatron.core.transformer.moe.token_dispatcher:BT_MOE_DISPATCH_REPLAY_CACHE window 19 (300 replay lookups): {'stores': 5700, 'hits': 5700, 'misses': 0, 'shape_mismatches': 0, 'verifies': 0}
WARNING:megatron.core.transformer.moe.token_dispatcher:BT_MOE_DISPATCH_REPLAY_CACHE window 19 (300 replay lookups): {'stores': 5700, 'hits': 5700, 'misses': 0, 'shape_mismatches': 0, 'verifies': 0}
WARNING:megatron.core.transformer.moe.token_dispatcher:BT_MOE_DISPATCH_REPLAY_CACHE window 19 (300 replay lookups): {'stores': 5700, 'hits': 5700, 'misses': 0, 'shape_mismatches': 0, 'verifies': 0}
WARNING:megatron.core.transformer.moe.token_dispatcher:BT_MOE_DISPATCH_REPLAY_CACHE window 19 (300 replay lookups): {'stores': 5700, 'hits': 5700, 'misses': 0, 'shape_mismatches': 0, 'verifies': 0}
WARNING:megatron.core.transformer.moe.token_dispatcher:BT_MOE_DISPATCH_REPLAY_CACHE window 19 (300 replay lookups): {'stores': 5700, 'hits': 5700, 'misses': 0, 'shape_mismatches': 0, 'verifies': 0}
WARNING:megatron.core.transformer.moe.token_dispatcher:BT_MOE_DISPATCH_REPLAY_CACHE window 19 (300 replay lookups): {'stores': 5700, 'hits': 5700, 'misses': 0, 'shape_mismatches': 0, 'verifies': 0}
WARNING:megatron.core.transformer.moe.token_dispatcher:BT_MOE_DISPATCH_REPLAY_CACHE window 19 (300 replay lookups): {'stores': 5700, 'hits': 5700, 'misses': 0, 'shape_mismatches': 0, 'verifies': 0}
WARNING:megatron.core.transformer.moe.token_dispatcher:BT_MOE_DISPATCH_REPLAY_CACHE window 19 (300 replay lookups): {'stores': 5700, 'hits': 5700, 'misses': 0, 'shape_mismatches': 0, 'verifies': 0}
WARNING:megatron.core.transformer.moe.token_dispatcher:BT_MOE_DISPATCH_REPLAY_CACHE window 19 (300 replay lookups): {'stores': 5700, 'hits': 5700, 'misses': 0, 'shape_mismatches': 0, 'verifies': 0}
WARNING:megatron.core.transformer.moe.token_dispatcher:BT_MOE_DISPATCH_REPLAY_CACHE window 19 (300 replay lookups): {'stores': 5700, 'hits': 5700, 'misses': 0, 'shape_mismatches': 0, 'verifies': 0}
WARNING:megatron.core.transformer.moe.token_dispatcher:BT_MOE_DISPATCH_REPLAY_CACHE window 19 (300 replay lookups): {'stores': 5700, 'hits': 5700, 'misses': 0, 'shape_mismatches': 0, 'verifies': 0}
WARNING:megatron.core.transformer.moe.token_dispatcher:BT_MOE_DISPATCH_REPLAY_CACHE window 19 (300 replay lookups): {'stores': 5700, 'hits': 5700, 'misses': 0, 'shape_mismatches': 0, 'verifies': 0}
WARNING:megatron.core.transformer.moe.token_dispatcher:BT_MOE_DISPATCH_REPLAY_CACHE window 19 (300 replay lookups): {'stores': 5700, 'hits': 5700, 'misses': 0, 'shape_mismatches': 0, 'verifies': 0}
WARNING:megatron.core.transformer.moe.token_dispatcher:BT_MOE_DISPATCH_REPLAY_CACHE window 19 (300 replay lookups): {'stores': 5700, 'hits': 5700, 'misses': 0, 'shape_mismatches': 0, 'verifies': 0}
WARNING:megatron.core.transformer.moe.token_dispatcher:BT_MOE_DISPATCH_REPLAY_CACHE window 19 (300 replay lookups): {'stores': 5700, 'hits': 5700, 'misses': 0, 'shape_mismatches': 0, 'verifies': 0}
WARNING:megatron.core.transformer.moe.token_dispatcher:BT_MOE_PROBS_A2A_COMM window 38 (300 gated dispatches): {'token_issues': 11400, 'probs_issues': 11400, 'waits': 22800}
WARNING:megatron.core.transformer.moe.token_dispatcher:BT_MOE_PROBS_A2A_COMM window 38 (300 gated dispatches): {'token_issues': 11400, 'probs_issues': 11400, 'waits': 22800}
WARNING:megatron.core.transformer.moe.token_dispatcher:BT_MOE_PROBS_A2A_COMM window 38 (300 gated dispatches): {'token_issues': 11400, 'probs_issues': 11400, 'waits': 22800}
WARNING:megatron.core.transformer.moe.token_dispatcher:BT_MOE_PROBS_A2A_COMM window 38 (300 gated dispatches): {'token_issues': 11400, 'probs_issues': 11400, 'waits': 22800}
WARNING:megatron.core.transformer.moe.token_dispatcher:BT_MOE_PROBS_A2A_COMM window 38 (300 gated dispatches): {'token_issues': 11400, 'probs_issues': 11400, 'waits': 22800}
WARNING:megatron.core.transformer.moe.token_dispatcher:BT_MOE_PROBS_A2A_COMM window 38 (300 gated dispatches): {'token_issues': 11400, 'probs_issues': 11400, 'waits': 22800}
WARNING:megatron.core.transformer.moe.token_dispatcher:BT_MOE_PROBS_A2A_COMM window 38 (300 gated dispatches): {'token_issues': 11400, 'probs_issues': 11400, 'waits': 22800}
WARNING:megatron.core.transformer.moe.token_dispatcher:BT_MOE_PROBS_A2A_COMM window 38 (300 gated dispatches): {'token_issues': 11400, 'probs_issues': 11400, 'waits': 22800}
WARNING:megatron.core.transformer.moe.token_dispatcher:BT_MOE_PROBS_A2A_COMM window 38 (300 gated dispatches): {'token_issues': 11400, 'probs_issues': 11400, 'waits': 22800}
WARNING:megatron.core.transformer.moe.token_dispatcher:BT_MOE_PROBS_A2A_COMM window 38 (300 gated dispatches): {'token_issues': 11400, 'probs_issues': 11400, 'waits': 22800}
WARNING:megatron.core.transformer.moe.token_dispatcher:BT_MOE_PROBS_A2A_COMM window 38 (300 gated dispatches): {'token_issues': 11400, 'probs_issues': 11400, 'waits': 22800}
WARNING:megatron.core.transformer.moe.token_dispatcher:BT_MOE_PROBS_A2A_COMM window 38 (300 gated dispatches): {'token_issues': 11400, 'probs_issues': 11400, 'waits': 22800}
WARNING:megatron.core.transformer.moe.token_dispatcher:BT_MOE_PROBS_A2A_COMM window 38 (300 gated dispatches): {'token_issues': 11400, 'probs_issues': 11400, 'waits': 22800}
WARNING:megatron.core.transformer.moe.token_dispatcher:BT_MOE_PROBS_A2A_COMM window 38 (300 gated dispatches): {'token_issues': 11400, 'probs_issues': 11400, 'waits': 22800}
WARNING:megatron.core.transformer.moe.token_dispatcher:BT_MOE_PROBS_A2A_COMM window 38 (300 gated dispatches): {'token_issues': 11400, 'probs_issues': 11400, 'waits': 22800}
WARNING:megatron.core.transformer.moe.token_dispatcher:BT_MOE_PROBS_A2A_COMM window 38 (300 gated dispatches): {'token_issues': 11400, 'probs_issues': 11400, 'waits': 22800}
WARNING:megatron.core.transformer.experimental_attention_variant.dsa_cudnn_kernels:BT_DSA_BWD_ASYNC_NONEMPTY_V3 window 19 (312 probe reads): {'kicks': 5928, 'hits': 5928, 'misses': 0, 'probe_dropped': 0, 'fallbacks': 0, 'verifies': 5927}
WARNING:megatron.core.transformer.experimental_attention_variant.dsa_cudnn_kernels:BT_DSA_BWD_ASYNC_NONEMPTY_V3 window 19 (312 probe reads): {'kicks': 5928, 'hits': 5928, 'misses': 0, 'probe_dropped': 0, 'fallbacks': 0, 'verifies': 5927}
WARNING:megatron.core.transformer.experimental_attention_variant.dsa_cudnn_kernels:BT_DSA_BWD_ASYNC_NONEMPTY_V3 window 19 (312 probe reads): {'kicks': 5928, 'hits': 5928, 'misses': 0, 'probe_dropped': 0, 'fallbacks': 0, 'verifies': 5927}
WARNING:megatron.core.transformer.experimental_attention_variant.dsa_cudnn_kernels:BT_DSA_BWD_ASYNC_NONEMPTY_V3 window 19 (312 probe reads): {'kicks': 5928, 'hits': 5928, 'misses': 0, 'probe_dropped': 0, 'fallbacks': 0, 'verifies': 5927}
WARNING:megatron.core.transformer.experimental_attention_variant.dsa_cudnn_kernels:BT_DSA_BWD_ASYNC_NONEMPTY_V3 window 19 (312 probe reads): {'kicks': 5928, 'hits': 5928, 'misses': 0, 'probe_dropped': 0, 'fallbacks': 0, 'verifies': 5927}
WARNING:megatron.core.transformer.experimental_attention_variant.dsa_cudnn_kernels:BT_DSA_BWD_ASYNC_NONEMPTY_V3 window 19 (312 probe reads): {'kicks': 5928, 'hits': 5928, 'misses': 0, 'probe_dropped': 0, 'fallbacks': 0, 'verifies': 5927}
WARNING:megatron.core.transformer.experimental_attention_variant.dsa_cudnn_kernels:BT_DSA_BWD_ASYNC_NONEMPTY_V3 window 19 (312 probe reads): {'kicks': 5928, 'hits': 5928, 'misses': 0, 'probe_dropped': 0, 'fallbacks': 0, 'verifies': 5927}
WARNING:megatron.core.transformer.experimental_attention_variant.dsa_cudnn_kernels:BT_DSA_BWD_ASYNC_NONEMPTY_V3 window 19 (312 probe reads): {'kicks': 5928, 'hits': 5928, 'misses': 0, 'probe_dropped': 0, 'fallbacks': 0, 'verifies': 5927}
WARNING:megatron.core.transformer.experimental_attention_variant.dsa_cudnn_kernels:BT_DSA_BWD_ASYNC_NONEMPTY_V3 window 19 (312 probe reads): {'kicks': 5928, 'hits': 5928, 'misses': 0, 'probe_dropped': 0, 'fallbacks': 0, 'verifies': 5927}
WARNING:megatron.core.transformer.experimental_attention_variant.dsa_cudnn_kernels:BT_DSA_BWD_ASYNC_NONEMPTY_V3 window 19 (312 probe reads): {'kicks': 5928, 'hits': 5928, 'misses': 0, 'probe_dropped': 0, 'fallbacks': 0, 'verifies': 5927}
WARNING:megatron.core.transformer.experimental_attention_variant.dsa_cudnn_kernels:BT_DSA_BWD_ASYNC_NONEMPTY_V3 window 19 (312 probe reads): {'kicks': 5928, 'hits': 5928, 'misses': 0, 'probe_dropped': 0, 'fallbacks': 0, 'verifies': 5927}
WARNING:megatron.core.transformer.experimental_attention_variant.dsa_cudnn_kernels:BT_DSA_BWD_ASYNC_NONEMPTY_V3 window 19 (312 probe reads): {'kicks': 5928, 'hits': 5928, 'misses': 0, 'probe_dropped': 0, 'fallbacks': 0, 'verifies': 5927}
WARNING:megatron.core.transformer.experimental_attention_variant.dsa_cudnn_kernels:BT_DSA_BWD_ASYNC_NONEMPTY_V3 window 19 (312 probe reads): {'kicks': 5928, 'hits': 5928, 'misses': 0, 'probe_dropped': 0, 'fallbacks': 0, 'verifies': 5927}
WARNING:megatron.core.transformer.experimental_attention_variant.dsa_cudnn_kernels:BT_DSA_BWD_ASYNC_NONEMPTY_V3 window 19 (312 probe reads): {'kicks': 5928, 'hits': 5928, 'misses': 0, 'probe_dropped': 0, 'fallbacks': 0, 'verifies': 5927}
WARNING:megatron.core.transformer.experimental_attention_variant.dsa_cudnn_kernels:BT_DSA_BWD_ASYNC_NONEMPTY_V3 window 19 (312 probe reads): {'kicks': 5928, 'hits': 5928, 'misses': 0, 'probe_dropped': 0, 'fallbacks': 0, 'verifies': 5927}
WARNING:megatron.core.transformer.experimental_attention_variant.dsa_cudnn_kernels:BT_DSA_BWD_ASYNC_NONEMPTY_V3 window 19 (312 probe reads): {'kicks': 5928, 'hits': 5928, 'misses': 0, 'probe_dropped': 0, 'fallbacks': 0, 'verifies': 5927}
INFO:trainers_server.dp_worker.api.dispatcher_worker:dispatcher_worker: op=forward_backward operation_id=a6e1fa01757447b6bb70ccce203a6aa4 done in 47.21s {'loss': 12.096442958396594}
INFO:trainers_server.dp_worker.api.server:retrieve: operation_id=a6e1fa01757447b6bb70ccce203a6aa4 done after 17.23s
INFO:     127.0.0.1:45386 - "GET /operations/a6e1fa01757447b6bb70ccce203a6aa4 HTTP/1.1" 200 OK
INFO:trainers_server.dp_worker.api.server:submit: op=optim_step operation_id=ed2d7a6f752d40948902f5f21f933396 enqueued (qsize=1) 
INFO:     127.0.0.1:45386 - "POST /optim_step HTTP/1.1" 202 Accepted
INFO:trainers_server.dp_worker.api.dispatcher_worker:dispatcher_worker: op=optim_step operation_id=ed2d7a6f752d40948902f5f21f933396 done in 0.04s step=19.0 learning_rate=1e-05 lr=1e-05 grad_norm=0.3254031240940094 tps=11098.711173885722 train_mean_nll=12.096442958396594 num_tokens=524288.0 num_loss_tokens=524284.0 step_seconds=47.23863805318251
INFO:trainers_server.dp_worker.api.server:retrieve: operation_id=ed2d7a6f752d40948902f5f21f933396 done after 0.04s
INFO:     127.0.0.1:45386 - "GET /operations/ed2d7a6f752d40948902f5f21f933396 HTTP/1.1" 200 OK
INFO:trainers_server.dp_worker.api.server:submit: op=forward_backward operation_id=52d30594cf42405883fd7aa1d8eb82ad enqueued (qsize=1) n_datums=4 total_tokens=524288 seq_len[min/max]=131072/131072
INFO:     127.0.0.1:45386 - "POST /forward_backward HTTP/1.1" 202 Accepted
ERROR:opentelemetry.sdk.trace.export:Exception while exporting Span batch.
Traceback (most recent call last):
  File "/root/.cache/user_artifacts/trainers_main/server/.venv/lib/python3.12/site-packages/urllib3/connection.py", line 204, in _new_conn
    sock = connection.create_connection(
           ^^^^^^^^^^^^^^^^^^^^^^^^^^^^^
  File "/root/.cache/user_artifacts/trainers_main/server/.venv/lib/python3.12/site-packages/urllib3/util/connection.py", line 85, in create_connection
    raise err
  File "/root/.cache/user_artifacts/trainers_main/server/.venv/lib/python3.12/site-packages/urllib3/util/connection.py", line 73, in create_connection
    sock.connect(sa)
ConnectionRefusedError: [Errno 111] Connection refused

The above exception was the direct cause of the following exception:

Traceback (most recent call last):
  File "/root/.cache/user_artifacts/trainers_main/server/.venv/lib/python3.12/site-packages/urllib3/connectionpool.py", line 787, in urlopen
    response = self._make_request(
               ^^^^^^^^^^^^^^^^^^^
  File "/root/.cache/user_artifacts/trainers_main/server/.venv/lib/python3.12/site-packages/urllib3/connectionpool.py", line 493, in _make_request
    conn.request(
  File "/root/.cache/user_artifacts/trainers_main/server/.venv/lib/python3.12/site-packages/urllib3/connection.py", line 500, in request
    self.endheaders()
  File "/usr/lib/python3.12/http/client.py", line 1360, in endheaders
    self._send_output(message_body, encode_chunked=encode_chunked)
  File "/usr/lib/python3.12/http/client.py", line 1120, in _send_output
    self.send(msg)
  File "/usr/lib/python3.12/http/client.py", line 1064, in send
    self.connect()
  File "/root/.cache/user_artifacts/trainers_main/server/.venv/lib/python3.12/site-packages/urllib3/connection.py", line 331, in connect
    self.sock = self._new_conn()
                ^^^^^^^^^^^^^^^^
  File "/root/.cache/user_artifacts/trainers_main/server/.venv/lib/python3.12/site-packages/urllib3/connection.py", line 219, in _new_conn
    raise NewConnectionError(
urllib3.exceptions.NewConnectionError: HTTPConnection(host='localhost', port=4318): Failed to establish a new connection: [Errno 111] Connection refused

The above exception was the direct cause of the following exception:

Traceback (most recent call last):
  File "/root/.cache/user_artifacts/trainers_main/server/.venv/lib/python3.12/site-packages/requests/adapters.py", line 644, in send
    resp = conn.urlopen(
           ^^^^^^^^^^^^^
  File "/root/.cache/user_artifacts/trainers_main/server/.venv/lib/python3.12/site-packages/urllib3/connectionpool.py", line 841, in urlopen
    retries = retries.increment(
              ^^^^^^^^^^^^^^^^^^
  File "/root/.cache/user_artifacts/trainers_main/server/.venv/lib/python3.12/site-packages/urllib3/util/retry.py", line 535, in increment
    raise MaxRetryError(_pool, url, reason) from reason  # type: ignore[arg-type]
    ^^^^^^^^^^^^^^^^^^^^^^^^^^^^^^^^^^^^^^^^^^^^^^^^^^^
urllib3.exceptions.MaxRetryError: HTTPConnectionPool(host='localhost', port=4318): Max retries exceeded with url: /v1/traces (Caused by NewConnectionError("HTTPConnection(host='localhost', port=4318): Failed to establish a new connection: [Errno 111] Connection refused"))

During handling of the above exception, another exception occurred:

Traceback (most recent call last):
  File "/root/.cache/user_artifacts/trainers_main/server/.venv/lib/python3.12/site-packages/opentelemetry/sdk/trace/export/__init__.py", line 362, in _export_batch
    self.span_exporter.export(self.spans_list[:idx])  # type: ignore
    ^^^^^^^^^^^^^^^^^^^^^^^^^^^^^^^^^^^^^^^^^^^^^^^^
  File "/root/.cache/user_artifacts/trainers_main/server/.venv/lib/python3.12/site-packages/opentelemetry/exporter/otlp/proto/http/trace_exporter/__init__.py", line 139, in export
    resp = self._export(serialized_data)
           ^^^^^^^^^^^^^^^^^^^^^^^^^^^^^
  File "/root/.cache/user_artifacts/trainers_main/server/.venv/lib/python3.12/site-packages/opentelemetry/exporter/otlp/proto/http/trace_exporter/__init__.py", line 110, in _export
    return self._session.post(
           ^^^^^^^^^^^^^^^^^^^
  File "/root/.cache/user_artifacts/trainers_main/server/.venv/lib/python3.12/site-packages/requests/sessions.py", line 637, in post
    return self.request("POST", url, data=data, json=json, **kwargs)
           ^^^^^^^^^^^^^^^^^^^^^^^^^^^^^^^^^^^^^^^^^^^^^^^^^^^^^^^^^
  File "/root/.cache/user_artifacts/trainers_main/server/.venv/lib/python3.12/site-packages/requests/sessions.py", line 589, in request
    resp = self.send(prep, **send_kwargs)
           ^^^^^^^^^^^^^^^^^^^^^^^^^^^^^^
  File "/root/.cache/user_artifacts/trainers_main/server/.venv/lib/python3.12/site-packages/requests/sessions.py", line 703, in send
    r = adapter.send(request, **kwargs)
        ^^^^^^^^^^^^^^^^^^^^^^^^^^^^^^^
  File "/root/.cache/user_artifacts/trainers_main/server/.venv/lib/python3.12/site-packages/requests/adapters.py", line 677, in send
    raise ConnectionError(e, request=request)
requests.exceptions.ConnectionError: HTTPConnectionPool(host='localhost', port=4318): Max retries exceeded with url: /v1/traces (Caused by NewConnectionError("HTTPConnection(host='localhost', port=4318): Failed to establish a new connection: [Errno 111] Connection refused"))
WARNING:megatron.core.transformer.moe.token_dispatcher:BT_MOE_PROBS_A2A_COMM window 39 (300 gated dispatches): {'token_issues': 11700, 'probs_issues': 11700, 'waits': 23400}
WARNING:megatron.core.transformer.moe.token_dispatcher:BT_MOE_PROBS_A2A_COMM window 39 (300 gated dispatches): {'token_issues': 11700, 'probs_issues': 11700, 'waits': 23400}
WARNING:megatron.core.transformer.moe.token_dispatcher:BT_MOE_PROBS_A2A_COMM window 39 (300 gated dispatches): {'token_issues': 11700, 'probs_issues': 11700, 'waits': 23400}
WARNING:megatron.core.transformer.moe.token_dispatcher:BT_MOE_PROBS_A2A_COMM window 39 (300 gated dispatches): {'token_issues': 11700, 'probs_issues': 11700, 'waits': 23400}
WARNING:megatron.core.transformer.moe.token_dispatcher:BT_MOE_PROBS_A2A_COMM window 39 (300 gated dispatches): {'token_issues': 11700, 'probs_issues': 11700, 'waits': 23400}
WARNING:megatron.core.transformer.moe.token_dispatcher:BT_MOE_PROBS_A2A_COMM window 39 (300 gated dispatches): {'token_issues': 11700, 'probs_issues': 11700, 'waits': 23400}
WARNING:megatron.core.transformer.moe.token_dispatcher:BT_MOE_PROBS_A2A_COMM window 39 (300 gated dispatches): {'token_issues': 11700, 'probs_issues': 11700, 'waits': 23400}
WARNING:megatron.core.transformer.moe.token_dispatcher:BT_MOE_PROBS_A2A_COMM window 39 (300 gated dispatches): {'token_issues': 11700, 'probs_issues': 11700, 'waits': 23400}
WARNING:megatron.core.transformer.moe.token_dispatcher:BT_MOE_PROBS_A2A_COMM window 39 (300 gated dispatches): {'token_issues': 11700, 'probs_issues': 11700, 'waits': 23400}
WARNING:megatron.core.transformer.moe.token_dispatcher:BT_MOE_PROBS_A2A_COMM window 39 (300 gated dispatches): {'token_issues': 11700, 'probs_issues': 11700, 'waits': 23400}
WARNING:megatron.core.transformer.moe.token_dispatcher:BT_MOE_PROBS_A2A_COMM window 39 (300 gated dispatches): {'token_issues': 11700, 'probs_issues': 11700, 'waits': 23400}
WARNING:megatron.core.transformer.moe.token_dispatcher:BT_MOE_PROBS_A2A_COMM window 39 (300 gated dispatches): {'token_issues': 11700, 'probs_issues': 11700, 'waits': 23400}
WARNING:megatron.core.transformer.moe.token_dispatcher:BT_MOE_PROBS_A2A_COMM window 39 (300 gated dispatches): {'token_issues': 11700, 'probs_issues': 11700, 'waits': 23400}
WARNING:megatron.core.transformer.moe.token_dispatcher:BT_MOE_PROBS_A2A_COMM window 39 (300 gated dispatches): {'token_issues': 11700, 'probs_issues': 11700, 'waits': 23400}
WARNING:megatron.core.transformer.moe.token_dispatcher:BT_MOE_PROBS_A2A_COMM window 39 (300 gated dispatches): {'token_issues': 11700, 'probs_issues': 11700, 'waits': 23400}
WARNING:megatron.core.transformer.moe.token_dispatcher:BT_MOE_PROBS_A2A_COMM window 39 (300 gated dispatches): {'token_issues': 11700, 'probs_issues': 11700, 'waits': 23400}
WARNING:megatron.core.transformer.moe.router:BT_MOE_ROUTING_REPLAY_FORCE window 19 (312 replay passes): {'stashes': 6000, 'forces': 5927, 'misses': 0, 'shape_mismatches': 0, 'verify_asserts': 0}; in-flight stash 153.1 MB (peak 157.3 MB)
WARNING:megatron.core.transformer.moe.router:BT_MOE_ROUTING_REPLAY_FORCE window 19 (312 replay passes): {'stashes': 6000, 'forces': 5927, 'misses': 0, 'shape_mismatches': 0, 'verify_asserts': 0}; in-flight stash 153.1 MB (peak 157.3 MB)
WARNING:megatron.core.transformer.moe.router:BT_MOE_ROUTING_REPLAY_FORCE window 19 (312 replay passes): {'stashes': 6000, 'forces': 5927, 'misses': 0, 'shape_mismatches': 0, 'verify_asserts': 0}; in-flight stash 153.1 MB (peak 157.3 MB)
WARNING:megatron.core.transformer.moe.router:BT_MOE_ROUTING_REPLAY_FORCE window 19 (312 replay passes): {'stashes': 6000, 'forces': 5927, 'misses': 0, 'shape_mismatches': 0, 'verify_asserts': 0}; in-flight stash 153.1 MB (peak 157.3 MB)
WARNING:megatron.core.transformer.moe.router:BT_MOE_ROUTING_REPLAY_FORCE window 19 (312 replay passes): {'stashes': 6000, 'forces': 5927, 'misses': 0, 'shape_mismatches': 0, 'verify_asserts': 0}; in-flight stash 153.1 MB (peak 157.3 MB)
WARNING:megatron.core.transformer.moe.router:BT_MOE_ROUTING_REPLAY_FORCE window 19 (312 replay passes): {'stashes': 6000, 'forces': 5927, 'misses': 0, 'shape_mismatches': 0, 'verify_asserts': 0}; in-flight stash 153.1 MB (peak 157.3 MB)
WARNING:megatron.core.transformer.moe.router:BT_MOE_ROUTING_REPLAY_FORCE window 19 (312 replay passes): {'stashes': 6000, 'forces': 5927, 'misses': 0, 'shape_mismatches': 0, 'verify_asserts': 0}; in-flight stash 153.1 MB (peak 157.3 MB)
WARNING:megatron.core.transformer.moe.router:BT_MOE_ROUTING_REPLAY_FORCE window 19 (312 replay passes): {'stashes': 6000, 'forces': 5927, 'misses': 0, 'shape_mismatches': 0, 'verify_asserts': 0}; in-flight stash 153.1 MB (peak 157.3 MB)
WARNING:megatron.core.transformer.moe.router:BT_MOE_ROUTING_REPLAY_FORCE window 19 (312 replay passes): {'stashes': 6000, 'forces': 5927, 'misses': 0, 'shape_mismatches': 0, 'verify_asserts': 0}; in-flight stash 153.1 MB (peak 157.3 MB)
WARNING:megatron.core.transformer.moe.router:BT_MOE_ROUTING_REPLAY_FORCE window 19 (312 replay passes): {'stashes': 6000, 'forces': 5927, 'misses': 0, 'shape_mismatches': 0, 'verify_asserts': 0}; in-flight stash 153.1 MB (peak 157.3 MB)
WARNING:megatron.core.transformer.moe.router:BT_MOE_ROUTING_REPLAY_FORCE window 19 (312 replay passes): {'stashes': 6000, 'forces': 5927, 'misses': 0, 'shape_mismatches': 0, 'verify_asserts': 0}; in-flight stash 153.1 MB (peak 157.3 MB)
WARNING:megatron.core.transformer.moe.router:BT_MOE_ROUTING_REPLAY_FORCE window 19 (312 replay passes): {'stashes': 6000, 'forces': 5927, 'misses': 0, 'shape_mismatches': 0, 'verify_asserts': 0}; in-flight stash 153.1 MB (peak 157.3 MB)
WARNING:megatron.core.transformer.moe.router:BT_MOE_ROUTING_REPLAY_FORCE window 19 (312 replay passes): {'stashes': 6000, 'forces': 5927, 'misses': 0, 'shape_mismatches': 0, 'verify_asserts': 0}; in-flight stash 153.1 MB (peak 157.3 MB)
WARNING:megatron.core.transformer.moe.router:BT_MOE_ROUTING_REPLAY_FORCE window 19 (312 replay passes): {'stashes': 6000, 'forces': 5927, 'misses': 0, 'shape_mismatches': 0, 'verify_asserts': 0}; in-flight stash 153.1 MB (peak 157.3 MB)
WARNING:megatron.core.transformer.moe.router:BT_MOE_ROUTING_REPLAY_FORCE window 19 (312 replay passes): {'stashes': 6000, 'forces': 5927, 'misses': 0, 'shape_mismatches': 0, 'verify_asserts': 0}; in-flight stash 153.1 MB (peak 157.3 MB)
WARNING:megatron.core.transformer.moe.router:BT_MOE_ROUTING_REPLAY_FORCE window 19 (312 replay passes): {'stashes': 6000, 'forces': 5927, 'misses': 0, 'shape_mismatches': 0, 'verify_asserts': 0}; in-flight stash 153.1 MB (peak 157.3 MB)
WARNING:megatron.core.transformer.moe.token_dispatcher:BT_MOE_DISPATCH_REPLAY_CACHE window 20 (300 replay lookups): {'stores': 6000, 'hits': 6000, 'misses': 0, 'shape_mismatches': 0, 'verifies': 0}
WARNING:megatron.core.transformer.moe.token_dispatcher:BT_MOE_DISPATCH_REPLAY_CACHE window 20 (300 replay lookups): {'stores': 6000, 'hits': 6000, 'misses': 0, 'shape_mismatches': 0, 'verifies': 0}
WARNING:megatron.core.transformer.moe.token_dispatcher:BT_MOE_DISPATCH_REPLAY_CACHE window 20 (300 replay lookups): {'stores': 6000, 'hits': 6000, 'misses': 0, 'shape_mismatches': 0, 'verifies': 0}
WARNING:megatron.core.transformer.moe.token_dispatcher:BT_MOE_DISPATCH_REPLAY_CACHE window 20 (300 replay lookups): {'stores': 6000, 'hits': 6000, 'misses': 0, 'shape_mismatches': 0, 'verifies': 0}
WARNING:megatron.core.transformer.moe.token_dispatcher:BT_MOE_DISPATCH_REPLAY_CACHE window 20 (300 replay lookups): {'stores': 6000, 'hits': 6000, 'misses': 0, 'shape_mismatches': 0, 'verifies': 0}
WARNING:megatron.core.transformer.moe.token_dispatcher:BT_MOE_DISPATCH_REPLAY_CACHE window 20 (300 replay lookups): {'stores': 6000, 'hits': 6000, 'misses': 0, 'shape_mismatches': 0, 'verifies': 0}
WARNING:megatron.core.transformer.moe.token_dispatcher:BT_MOE_DISPATCH_REPLAY_CACHE window 20 (300 replay lookups): {'stores': 6000, 'hits': 6000, 'misses': 0, 'shape_mismatches': 0, 'verifies': 0}
WARNING:megatron.core.transformer.moe.token_dispatcher:BT_MOE_DISPATCH_REPLAY_CACHE window 20 (300 replay lookups): {'stores': 6000, 'hits': 6000, 'misses': 0, 'shape_mismatches': 0, 'verifies': 0}
WARNING:megatron.core.transformer.moe.token_dispatcher:BT_MOE_DISPATCH_REPLAY_CACHE window 20 (300 replay lookups): {'stores': 6000, 'hits': 6000, 'misses': 0, 'shape_mismatches': 0, 'verifies': 0}
WARNING:megatron.core.transformer.moe.token_dispatcher:BT_MOE_DISPATCH_REPLAY_CACHE window 20 (300 replay lookups): {'stores': 6000, 'hits': 6000, 'misses': 0, 'shape_mismatches': 0, 'verifies': 0}
WARNING:megatron.core.transformer.moe.token_dispatcher:BT_MOE_DISPATCH_REPLAY_CACHE window 20 (300 replay lookups): {'stores': 6000, 'hits': 6000, 'misses': 0, 'shape_mismatches': 0, 'verifies': 0}
WARNING:megatron.core.transformer.moe.token_dispatcher:BT_MOE_DISPATCH_REPLAY_CACHE window 20 (300 replay lookups): {'stores': 6000, 'hits': 6000, 'misses': 0, 'shape_mismatches': 0, 'verifies': 0}
WARNING:megatron.core.transformer.moe.token_dispatcher:BT_MOE_DISPATCH_REPLAY_CACHE window 20 (300 replay lookups): {'stores': 6000, 'hits': 6000, 'misses': 0, 'shape_mismatches': 0, 'verifies': 0}
WARNING:megatron.core.transformer.moe.token_dispatcher:BT_MOE_DISPATCH_REPLAY_CACHE window 20 (300 replay lookups): {'stores': 6000, 'hits': 6000, 'misses': 0, 'shape_mismatches': 0, 'verifies': 0}
WARNING:megatron.core.transformer.moe.token_dispatcher:BT_MOE_DISPATCH_REPLAY_CACHE window 20 (300 replay lookups): {'stores': 6000, 'hits': 6000, 'misses': 0, 'shape_mismatches': 0, 'verifies': 0}
WARNING:megatron.core.transformer.moe.token_dispatcher:BT_MOE_DISPATCH_REPLAY_CACHE window 20 (300 replay lookups): {'stores': 6000, 'hits': 6000, 'misses': 0, 'shape_mismatches': 0, 'verifies': 0}
WARNING:megatron.core.transformer.moe.token_dispatcher:BT_MOE_PROBS_A2A_COMM window 40 (300 gated dispatches): {'token_issues': 12000, 'probs_issues': 12000, 'waits': 24000}
WARNING:megatron.core.transformer.moe.token_dispatcher:BT_MOE_PROBS_A2A_COMM window 40 (300 gated dispatches): {'token_issues': 12000, 'probs_issues': 12000, 'waits': 24000}
WARNING:megatron.core.transformer.moe.token_dispatcher:BT_MOE_PROBS_A2A_COMM window 40 (300 gated dispatches): {'token_issues': 12000, 'probs_issues': 12000, 'waits': 24000}
WARNING:megatron.core.transformer.moe.token_dispatcher:BT_MOE_PROBS_A2A_COMM window 40 (300 gated dispatches): {'token_issues': 12000, 'probs_issues': 12000, 'waits': 24000}
WARNING:megatron.core.transformer.moe.token_dispatcher:BT_MOE_PROBS_A2A_COMM window 40 (300 gated dispatches): {'token_issues': 12000, 'probs_issues': 12000, 'waits': 24000}
WARNING:megatron.core.transformer.moe.token_dispatcher:BT_MOE_PROBS_A2A_COMM window 40 (300 gated dispatches): {'token_issues': 12000, 'probs_issues': 12000, 'waits': 24000}
WARNING:megatron.core.transformer.moe.token_dispatcher:BT_MOE_PROBS_A2A_COMM window 40 (300 gated dispatches): {'token_issues': 12000, 'probs_issues': 12000, 'waits': 24000}
WARNING:megatron.core.transformer.moe.token_dispatcher:BT_MOE_PROBS_A2A_COMM window 40 (300 gated dispatches): {'token_issues': 12000, 'probs_issues': 12000, 'waits': 24000}
WARNING:megatron.core.transformer.moe.token_dispatcher:BT_MOE_PROBS_A2A_COMM window 40 (300 gated dispatches): {'token_issues': 12000, 'probs_issues': 12000, 'waits': 24000}
WARNING:megatron.core.transformer.moe.token_dispatcher:BT_MOE_PROBS_A2A_COMM window 40 (300 gated dispatches): {'token_issues': 12000, 'probs_issues': 12000, 'waits': 24000}
WARNING:megatron.core.transformer.moe.token_dispatcher:BT_MOE_PROBS_A2A_COMM window 40 (300 gated dispatches): {'token_issues': 12000, 'probs_issues': 12000, 'waits': 24000}
WARNING:megatron.core.transformer.moe.token_dispatcher:BT_MOE_PROBS_A2A_COMM window 40 (300 gated dispatches): {'token_issues': 12000, 'probs_issues': 12000, 'waits': 24000}
WARNING:megatron.core.transformer.moe.token_dispatcher:BT_MOE_PROBS_A2A_COMM window 40 (300 gated dispatches): {'token_issues': 12000, 'probs_issues': 12000, 'waits': 24000}
WARNING:megatron.core.transformer.moe.token_dispatcher:BT_MOE_PROBS_A2A_COMM window 40 (300 gated dispatches): {'token_issues': 12000, 'probs_issues': 12000, 'waits': 24000}
WARNING:megatron.core.transformer.moe.token_dispatcher:BT_MOE_PROBS_A2A_COMM window 40 (300 gated dispatches): {'token_issues': 12000, 'probs_issues': 12000, 'waits': 24000}
WARNING:megatron.core.transformer.moe.token_dispatcher:BT_MOE_PROBS_A2A_COMM window 40 (300 gated dispatches): {'token_issues': 12000, 'probs_issues': 12000, 'waits': 24000}
WARNING:megatron.core.transformer.experimental_attention_variant.dsa_cudnn_kernels:BT_DSA_BWD_ASYNC_NONEMPTY_V3 window 20 (312 probe reads): {'kicks': 6240, 'hits': 6240, 'misses': 0, 'probe_dropped': 0, 'fallbacks': 0, 'verifies': 6239}
WARNING:megatron.core.transformer.experimental_attention_variant.dsa_cudnn_kernels:BT_DSA_BWD_ASYNC_NONEMPTY_V3 window 20 (312 probe reads): {'kicks': 6240, 'hits': 6240, 'misses': 0, 'probe_dropped': 0, 'fallbacks': 0, 'verifies': 6239}
WARNING:megatron.core.transformer.experimental_attention_variant.dsa_cudnn_kernels:BT_DSA_BWD_ASYNC_NONEMPTY_V3 window 20 (312 probe reads): {'kicks': 6240, 'hits': 6240, 'misses': 0, 'probe_dropped': 0, 'fallbacks': 0, 'verifies': 6239}
WARNING:megatron.core.transformer.experimental_attention_variant.dsa_cudnn_kernels:BT_DSA_BWD_ASYNC_NONEMPTY_V3 window 20 (312 probe reads): {'kicks': 6240, 'hits': 6240, 'misses': 0, 'probe_dropped': 0, 'fallbacks': 0, 'verifies': 6239}
WARNING:megatron.core.transformer.experimental_attention_variant.dsa_cudnn_kernels:BT_DSA_BWD_ASYNC_NONEMPTY_V3 window 20 (312 probe reads): {'kicks': 6240, 'hits': 6240, 'misses': 0, 'probe_dropped': 0, 'fallbacks': 0, 'verifies': 6239}
WARNING:megatron.core.transformer.experimental_attention_variant.dsa_cudnn_kernels:BT_DSA_BWD_ASYNC_NONEMPTY_V3 window 20 (312 probe reads): {'kicks': 6240, 'hits': 6240, 'misses': 0, 'probe_dropped': 0, 'fallbacks': 0, 'verifies': 6239}
WARNING:megatron.core.transformer.experimental_attention_variant.dsa_cudnn_kernels:BT_DSA_BWD_ASYNC_NONEMPTY_V3 window 20 (312 probe reads): {'kicks': 6240, 'hits': 6240, 'misses': 0, 'probe_dropped': 0, 'fallbacks': 0, 'verifies': 6239}
WARNING:megatron.core.transformer.experimental_attention_variant.dsa_cudnn_kernels:BT_DSA_BWD_ASYNC_NONEMPTY_V3 window 20 (312 probe reads): {'kicks': 6240, 'hits': 6240, 'misses': 0, 'probe_dropped': 0, 'fallbacks': 0, 'verifies': 6239}
WARNING:megatron.core.transformer.experimental_attention_variant.dsa_cudnn_kernels:BT_DSA_BWD_ASYNC_NONEMPTY_V3 window 20 (312 probe reads): {'kicks': 6240, 'hits': 6240, 'misses': 0, 'probe_dropped': 0, 'fallbacks': 0, 'verifies': 6239}
WARNING:megatron.core.transformer.experimental_attention_variant.dsa_cudnn_kernels:BT_DSA_BWD_ASYNC_NONEMPTY_V3 window 20 (312 probe reads): {'kicks': 6240, 'hits': 6240, 'misses': 0, 'probe_dropped': 0, 'fallbacks': 0, 'verifies': 6239}
WARNING:megatron.core.transformer.experimental_attention_variant.dsa_cudnn_kernels:BT_DSA_BWD_ASYNC_NONEMPTY_V3 window 20 (312 probe reads): {'kicks': 6240, 'hits': 6240, 'misses': 0, 'probe_dropped': 0, 'fallbacks': 0, 'verifies': 6239}
WARNING:megatron.core.transformer.experimental_attention_variant.dsa_cudnn_kernels:BT_DSA_BWD_ASYNC_NONEMPTY_V3 window 20 (312 probe reads): {'kicks': 6240, 'hits': 6240, 'misses': 0, 'probe_dropped': 0, 'fallbacks': 0, 'verifies': 6239}
WARNING:megatron.core.transformer.experimental_attention_variant.dsa_cudnn_kernels:BT_DSA_BWD_ASYNC_NONEMPTY_V3 window 20 (312 probe reads): {'kicks': 6240, 'hits': 6240, 'misses': 0, 'probe_dropped': 0, 'fallbacks': 0, 'verifies': 6239}
WARNING:megatron.core.transformer.experimental_attention_variant.dsa_cudnn_kernels:BT_DSA_BWD_ASYNC_NONEMPTY_V3 window 20 (312 probe reads): {'kicks': 6240, 'hits': 6240, 'misses': 0, 'probe_dropped': 0, 'fallbacks': 0, 'verifies': 6239}
WARNING:megatron.core.transformer.experimental_attention_variant.dsa_cudnn_kernels:BT_DSA_BWD_ASYNC_NONEMPTY_V3 window 20 (312 probe reads): {'kicks': 6240, 'hits': 6240, 'misses': 0, 'probe_dropped': 0, 'fallbacks': 0, 'verifies': 6239}
WARNING:megatron.core.transformer.experimental_attention_variant.dsa_cudnn_kernels:BT_DSA_BWD_ASYNC_NONEMPTY_V3 window 20 (312 probe reads): {'kicks': 6240, 'hits': 6240, 'misses': 0, 'probe_dropped': 0, 'fallbacks': 0, 'verifies': 6239}
INFO:trainers_server.dp_worker.api.dispatcher_worker:dispatcher_worker: op=forward_backward operation_id=52d30594cf42405883fd7aa1d8eb82ad done in 47.91s {'loss': 12.090517734662892}
INFO:trainers_server.dp_worker.api.server:retrieve: operation_id=52d30594cf42405883fd7aa1d8eb82ad done after 17.94s
INFO:     127.0.0.1:45386 - "GET /operations/52d30594cf42405883fd7aa1d8eb82ad HTTP/1.1" 200 OK
INFO:trainers_server.dp_worker.api.server:submit: op=optim_step operation_id=c4dda47d1b194104beccdbc27fa0c659 enqueued (qsize=1) 
INFO:     127.0.0.1:45386 - "POST /optim_step HTTP/1.1" 202 Accepted
INFO:trainers_server.dp_worker.api.dispatcher_worker:dispatcher_worker: op=optim_step operation_id=c4dda47d1b194104beccdbc27fa0c659 done in 0.04s step=20.0 learning_rate=1e-05 lr=1e-05 grad_norm=0.31846556067466736 tps=10937.62819837185 train_mean_nll=12.090517734662892 num_tokens=524288.0 num_loss_tokens=524284.0 step_seconds=47.934341019019485
INFO:trainers_server.dp_worker.api.server:retrieve: operation_id=c4dda47d1b194104beccdbc27fa0c659 done after 0.04s
INFO:     127.0.0.1:45386 - "GET /operations/c4dda47d1b194104beccdbc27fa0c659 HTTP/1.1" 200 OK
INFO:trainers_server.dp_worker.api.server:submit: op=forward_backward operation_id=9aa9014725b14d8180bbc364ca3f24dc enqueued (qsize=1) n_datums=4 total_tokens=524288 seq_len[min/max]=131072/131072
INFO:     127.0.0.1:45386 - "POST /forward_backward HTTP/1.1" 202 Accepted
ERROR:opentelemetry.sdk.trace.export:Exception while exporting Span batch.
Traceback (most recent call last):
  File "/root/.cache/user_artifacts/trainers_main/server/.venv/lib/python3.12/site-packages/urllib3/connection.py", line 204, in _new_conn
    sock = connection.create_connection(
           ^^^^^^^^^^^^^^^^^^^^^^^^^^^^^
  File "/root/.cache/user_artifacts/trainers_main/server/.venv/lib/python3.12/site-packages/urllib3/util/connection.py", line 85, in create_connection
    raise err
  File "/root/.cache/user_artifacts/trainers_main/server/.venv/lib/python3.12/site-packages/urllib3/util/connection.py", line 73, in create_connection
    sock.connect(sa)
ConnectionRefusedError: [Errno 111] Connection refused

The above exception was the direct cause of the following exception:

Traceback (most recent call last):
  File "/root/.cache/user_artifacts/trainers_main/server/.venv/lib/python3.12/site-packages/urllib3/connectionpool.py", line 787, in urlopen
    response = self._make_request(
               ^^^^^^^^^^^^^^^^^^^
  File "/root/.cache/user_artifacts/trainers_main/server/.venv/lib/python3.12/site-packages/urllib3/connectionpool.py", line 493, in _make_request
    conn.request(
  File "/root/.cache/user_artifacts/trainers_main/server/.venv/lib/python3.12/site-packages/urllib3/connection.py", line 500, in request
    self.endheaders()
  File "/usr/lib/python3.12/http/client.py", line 1360, in endheaders
    self._send_output(message_body, encode_chunked=encode_chunked)
  File "/usr/lib/python3.12/http/client.py", line 1120, in _send_output
    self.send(msg)
  File "/usr/lib/python3.12/http/client.py", line 1064, in send
    self.connect()
  File "/root/.cache/user_artifacts/trainers_main/server/.venv/lib/python3.12/site-packages/urllib3/connection.py", line 331, in connect
    self.sock = self._new_conn()
                ^^^^^^^^^^^^^^^^
  File "/root/.cache/user_artifacts/trainers_main/server/.venv/lib/python3.12/site-packages/urllib3/connection.py", line 219, in _new_conn
    raise NewConnectionError(
urllib3.exceptions.NewConnectionError: HTTPConnection(host='localhost', port=4318): Failed to establish a new connection: [Errno 111] Connection refused

The above exception was the direct cause of the following exception:

Traceback (most recent call last):
  File "/root/.cache/user_artifacts/trainers_main/server/.venv/lib/python3.12/site-packages/requests/adapters.py", line 644, in send
    resp = conn.urlopen(
           ^^^^^^^^^^^^^
  File "/root/.cache/user_artifacts/trainers_main/server/.venv/lib/python3.12/site-packages/urllib3/connectionpool.py", line 841, in urlopen
    retries = retries.increment(
              ^^^^^^^^^^^^^^^^^^
  File "/root/.cache/user_artifacts/trainers_main/server/.venv/lib/python3.12/site-packages/urllib3/util/retry.py", line 535, in increment
    raise MaxRetryError(_pool, url, reason) from reason  # type: ignore[arg-type]
    ^^^^^^^^^^^^^^^^^^^^^^^^^^^^^^^^^^^^^^^^^^^^^^^^^^^
urllib3.exceptions.MaxRetryError: HTTPConnectionPool(host='localhost', port=4318): Max retries exceeded with url: /v1/traces (Caused by NewConnectionError("HTTPConnection(host='localhost', port=4318): Failed to establish a new connection: [Errno 111] Connection refused"))

During handling of the above exception, another exception occurred:

Traceback (most recent call last):
  File "/root/.cache/user_artifacts/trainers_main/server/.venv/lib/python3.12/site-packages/opentelemetry/sdk/trace/export/__init__.py", line 362, in _export_batch
    self.span_exporter.export(self.spans_list[:idx])  # type: ignore
    ^^^^^^^^^^^^^^^^^^^^^^^^^^^^^^^^^^^^^^^^^^^^^^^^
  File "/root/.cache/user_artifacts/trainers_main/server/.venv/lib/python3.12/site-packages/opentelemetry/exporter/otlp/proto/http/trace_exporter/__init__.py", line 139, in export
    resp = self._export(serialized_data)
           ^^^^^^^^^^^^^^^^^^^^^^^^^^^^^
  File "/root/.cache/user_artifacts/trainers_main/server/.venv/lib/python3.12/site-packages/opentelemetry/exporter/otlp/proto/http/trace_exporter/__init__.py", line 110, in _export
    return self._session.post(
           ^^^^^^^^^^^^^^^^^^^
  File "/root/.cache/user_artifacts/trainers_main/server/.venv/lib/python3.12/site-packages/requests/sessions.py", line 637, in post
    return self.request("POST", url, data=data, json=json, **kwargs)
           ^^^^^^^^^^^^^^^^^^^^^^^^^^^^^^^^^^^^^^^^^^^^^^^^^^^^^^^^^
  File "/root/.cache/user_artifacts/trainers_main/server/.venv/lib/python3.12/site-packages/requests/sessions.py", line 589, in request
    resp = self.send(prep, **send_kwargs)
           ^^^^^^^^^^^^^^^^^^^^^^^^^^^^^^
  File "/root/.cache/user_artifacts/trainers_main/server/.venv/lib/python3.12/site-packages/requests/sessions.py", line 703, in send
    r = adapter.send(request, **kwargs)
        ^^^^^^^^^^^^^^^^^^^^^^^^^^^^^^^
  File "/root/.cache/user_artifacts/trainers_main/server/.venv/lib/python3.12/site-packages/requests/adapters.py", line 677, in send
    raise ConnectionError(e, request=request)
requests.exceptions.ConnectionError: HTTPConnectionPool(host='localhost', port=4318): Max retries exceeded with url: /v1/traces (Caused by NewConnectionError("HTTPConnection(host='localhost', port=4318): Failed to establish a new connection: [Errno 111] Connection refused"))
INFO:trainers_server.dp_worker.api.server:evicted 2 expired finished ops
WARNING:megatron.core.transformer.moe.token_dispatcher:BT_MOE_PROBS_A2A_COMM window 41 (300 gated dispatches): {'token_issues': 12300, 'probs_issues': 12300, 'waits': 24600}
WARNING:megatron.core.transformer.moe.token_dispatcher:BT_MOE_PROBS_A2A_COMM window 41 (300 gated dispatches): {'token_issues': 12300, 'probs_issues': 12300, 'waits': 24600}
WARNING:megatron.core.transformer.moe.token_dispatcher:BT_MOE_PROBS_A2A_COMM window 41 (300 gated dispatches): {'token_issues': 12300, 'probs_issues': 12300, 'waits': 24600}
WARNING:megatron.core.transformer.moe.token_dispatcher:BT_MOE_PROBS_A2A_COMM window 41 (300 gated dispatches): {'token_issues': 12300, 'probs_issues': 12300, 'waits': 24600}
WARNING:megatron.core.transformer.moe.token_dispatcher:BT_MOE_PROBS_A2A_COMM window 41 (300 gated dispatches): {'token_issues': 12300, 'probs_issues': 12300, 'waits': 24600}
WARNING:megatron.core.transformer.moe.token_dispatcher:BT_MOE_PROBS_A2A_COMM window 41 (300 gated dispatches): {'token_issues': 12300, 'probs_issues': 12300, 'waits': 24600}
WARNING:megatron.core.transformer.moe.token_dispatcher:BT_MOE_PROBS_A2A_COMM window 41 (300 gated dispatches): {'token_issues': 12300, 'probs_issues': 12300, 'waits': 24600}
WARNING:megatron.core.transformer.moe.token_dispatcher:BT_MOE_PROBS_A2A_COMM window 41 (300 gated dispatches): {'token_issues': 12300, 'probs_issues': 12300, 'waits': 24600}
WARNING:megatron.core.transformer.moe.token_dispatcher:BT_MOE_PROBS_A2A_COMM window 41 (300 gated dispatches): {'token_issues': 12300, 'probs_issues': 12300, 'waits': 24600}
WARNING:megatron.core.transformer.moe.token_dispatcher:BT_MOE_PROBS_A2A_COMM window 41 (300 gated dispatches): {'token_issues': 12300, 'probs_issues': 12300, 'waits': 24600}
WARNING:megatron.core.transformer.moe.token_dispatcher:BT_MOE_PROBS_A2A_COMM window 41 (300 gated dispatches): {'token_issues': 12300, 'probs_issues': 12300, 'waits': 24600}
WARNING:megatron.core.transformer.moe.token_dispatcher:BT_MOE_PROBS_A2A_COMM window 41 (300 gated dispatches): {'token_issues': 12300, 'probs_issues': 12300, 'waits': 24600}
WARNING:megatron.core.transformer.moe.token_dispatcher:BT_MOE_PROBS_A2A_COMM window 41 (300 gated dispatches): {'token_issues': 12300, 'probs_issues': 12300, 'waits': 24600}
WARNING:megatron.core.transformer.moe.token_dispatcher:BT_MOE_PROBS_A2A_COMM window 41 (300 gated dispatches): {'token_issues': 12300, 'probs_issues': 12300, 'waits': 24600}
WARNING:megatron.core.transformer.moe.token_dispatcher:BT_MOE_PROBS_A2A_COMM window 41 (300 gated dispatches): {'token_issues': 12300, 'probs_issues': 12300, 'waits': 24600}
WARNING:megatron.core.transformer.moe.token_dispatcher:BT_MOE_PROBS_A2A_COMM window 41 (300 gated dispatches): {'token_issues': 12300, 'probs_issues': 12300, 'waits': 24600}
WARNING:megatron.core.transformer.moe.router:BT_MOE_ROUTING_REPLAY_FORCE window 20 (312 replay passes): {'stashes': 6300, 'forces': 6239, 'misses': 0, 'shape_mismatches': 0, 'verify_asserts': 0}; in-flight stash 127.9 MB (peak 157.3 MB)
WARNING:megatron.core.transformer.moe.router:BT_MOE_ROUTING_REPLAY_FORCE window 20 (312 replay passes): {'stashes': 6300, 'forces': 6239, 'misses': 0, 'shape_mismatches': 0, 'verify_asserts': 0}; in-flight stash 127.9 MB (peak 157.3 MB)
WARNING:megatron.core.transformer.moe.router:BT_MOE_ROUTING_REPLAY_FORCE window 20 (312 replay passes): {'stashes': 6300, 'forces': 6239, 'misses': 0, 'shape_mismatches': 0, 'verify_asserts': 0}; in-flight stash 127.9 MB (peak 157.3 MB)
WARNING:megatron.core.transformer.moe.router:BT_MOE_ROUTING_REPLAY_FORCE window 20 (312 replay passes): {'stashes': 6300, 'forces': 6239, 'misses': 0, 'shape_mismatches': 0, 'verify_asserts': 0}; in-flight stash 127.9 MB (peak 157.3 MB)
WARNING:megatron.core.transformer.moe.router:BT_MOE_ROUTING_REPLAY_FORCE window 20 (312 replay passes): {'stashes': 6300, 'forces': 6239, 'misses': 0, 'shape_mismatches': 0, 'verify_asserts': 0}; in-flight stash 127.9 MB (peak 157.3 MB)
WARNING:megatron.core.transformer.moe.router:BT_MOE_ROUTING_REPLAY_FORCE window 20 (312 replay passes): {'stashes': 6300, 'forces': 6239, 'misses': 0, 'shape_mismatches': 0, 'verify_asserts': 0}; in-flight stash 127.9 MB (peak 157.3 MB)
WARNING:megatron.core.transformer.moe.router:BT_MOE_ROUTING_REPLAY_FORCE window 20 (312 replay passes): {'stashes': 6300, 'forces': 6239, 'misses': 0, 'shape_mismatches': 0, 'verify_asserts': 0}; in-flight stash 127.9 MB (peak 157.3 MB)
WARNING:megatron.core.transformer.moe.router:BT_MOE_ROUTING_REPLAY_FORCE window 20 (312 replay passes): {'stashes': 6300, 'forces': 6239, 'misses': 0, 'shape_mismatches': 0, 'verify_asserts': 0}; in-flight stash 127.9 MB (peak 157.3 MB)
WARNING:megatron.core.transformer.moe.router:BT_MOE_ROUTING_REPLAY_FORCE window 20 (312 replay passes): {'stashes': 6300, 'forces': 6239, 'misses': 0, 'shape_mismatches': 0, 'verify_asserts': 0}; in-flight stash 127.9 MB (peak 157.3 MB)
WARNING:megatron.core.transformer.moe.router:BT_MOE_ROUTING_REPLAY_FORCE window 20 (312 replay passes): {'stashes': 6300, 'forces': 6239, 'misses': 0, 'shape_mismatches': 0, 'verify_asserts': 0}; in-flight stash 127.9 MB (peak 157.3 MB)
WARNING:megatron.core.transformer.moe.router:BT_MOE_ROUTING_REPLAY_FORCE window 20 (312 replay passes): {'stashes': 6300, 'forces': 6239, 'misses': 0, 'shape_mismatches': 0, 'verify_asserts': 0}; in-flight stash 127.9 MB (peak 157.3 MB)
WARNING:megatron.core.transformer.moe.router:BT_MOE_ROUTING_REPLAY_FORCE window 20 (312 replay passes): {'stashes': 6300, 'forces': 6239, 'misses': 0, 'shape_mismatches': 0, 'verify_asserts': 0}; in-flight stash 127.9 MB (peak 157.3 MB)
WARNING:megatron.core.transformer.moe.router:BT_MOE_ROUTING_REPLAY_FORCE window 20 (312 replay passes): {'stashes': 6300, 'forces': 6239, 'misses': 0, 'shape_mismatches': 0, 'verify_asserts': 0}; in-flight stash 127.9 MB (peak 157.3 MB)
WARNING:megatron.core.transformer.moe.router:BT_MOE_ROUTING_REPLAY_FORCE window 20 (312 replay passes): {'stashes': 6300, 'forces': 6239, 'misses': 0, 'shape_mismatches': 0, 'verify_asserts': 0}; in-flight stash 127.9 MB (peak 157.3 MB)
WARNING:megatron.core.transformer.moe.router:BT_MOE_ROUTING_REPLAY_FORCE window 20 (312 replay passes): {'stashes': 6300, 'forces': 6239, 'misses': 0, 'shape_mismatches': 0, 'verify_asserts': 0}; in-flight stash 127.9 MB (peak 157.3 MB)
WARNING:megatron.core.transformer.moe.router:BT_MOE_ROUTING_REPLAY_FORCE window 20 (312 replay passes): {'stashes': 6300, 'forces': 6239, 'misses': 0, 'shape_mismatches': 0, 'verify_asserts': 0}; in-flight stash 127.9 MB (peak 157.3 MB)
WARNING:megatron.core.transformer.moe.token_dispatcher:BT_MOE_DISPATCH_REPLAY_CACHE window 21 (300 replay lookups): {'stores': 6300, 'hits': 6300, 'misses': 0, 'shape_mismatches': 0, 'verifies': 0}
WARNING:megatron.core.transformer.moe.token_dispatcher:BT_MOE_DISPATCH_REPLAY_CACHE window 21 (300 replay lookups): {'stores': 6300, 'hits': 6300, 'misses': 0, 'shape_mismatches': 0, 'verifies': 0}
WARNING:megatron.core.transformer.moe.token_dispatcher:BT_MOE_DISPATCH_REPLAY_CACHE window 21 (300 replay lookups): {'stores': 6300, 'hits': 6300, 'misses': 0, 'shape_mismatches': 0, 'verifies': 0}
WARNING:megatron.core.transformer.moe.token_dispatcher:BT_MOE_DISPATCH_REPLAY_CACHE window 21 (300 replay lookups): {'stores': 6300, 'hits': 6300, 'misses': 0, 'shape_mismatches': 0, 'verifies': 0}
WARNING:megatron.core.transformer.moe.token_dispatcher:BT_MOE_DISPATCH_REPLAY_CACHE window 21 (300 replay lookups): {'stores': 6300, 'hits': 6300, 'misses': 0, 'shape_mismatches': 0, 'verifies': 0}
WARNING:megatron.core.transformer.moe.token_dispatcher:BT_MOE_DISPATCH_REPLAY_CACHE window 21 (300 replay lookups): {'stores': 6300, 'hits': 6300, 'misses': 0, 'shape_mismatches': 0, 'verifies': 0}
WARNING:megatron.core.transformer.moe.token_dispatcher:BT_MOE_DISPATCH_REPLAY_CACHE window 21 (300 replay lookups): {'stores': 6300, 'hits': 6300, 'misses': 0, 'shape_mismatches': 0, 'verifies': 0}
WARNING:megatron.core.transformer.moe.token_dispatcher:BT_MOE_DISPATCH_REPLAY_CACHE window 21 (300 replay lookups): {'stores': 6300, 'hits': 6300, 'misses': 0, 'shape_mismatches': 0, 'verifies': 0}
WARNING:megatron.core.transformer.moe.token_dispatcher:BT_MOE_DISPATCH_REPLAY_CACHE window 21 (300 replay lookups): {'stores': 6300, 'hits': 6300, 'misses': 0, 'shape_mismatches': 0, 'verifies': 0}
WARNING:megatron.core.transformer.moe.token_dispatcher:BT_MOE_DISPATCH_REPLAY_CACHE window 21 (300 replay lookups): {'stores': 6300, 'hits': 6300, 'misses': 0, 'shape_mismatches': 0, 'verifies': 0}
WARNING:megatron.core.transformer.moe.token_dispatcher:BT_MOE_DISPATCH_REPLAY_CACHE window 21 (300 replay lookups): {'stores': 6300, 'hits': 6300, 'misses': 0, 'shape_mismatches': 0, 'verifies': 0}
WARNING:megatron.core.transformer.moe.token_dispatcher:BT_MOE_DISPATCH_REPLAY_CACHE window 21 (300 replay lookups): {'stores': 6300, 'hits': 6300, 'misses': 0, 'shape_mismatches': 0, 'verifies': 0}
WARNING:megatron.core.transformer.moe.token_dispatcher:BT_MOE_DISPATCH_REPLAY_CACHE window 21 (300 replay lookups): {'stores': 6300, 'hits': 6300, 'misses': 0, 'shape_mismatches': 0, 'verifies': 0}
WARNING:megatron.core.transformer.moe.token_dispatcher:BT_MOE_DISPATCH_REPLAY_CACHE window 21 (300 replay lookups): {'stores': 6300, 'hits': 6300, 'misses': 0, 'shape_mismatches': 0, 'verifies': 0}
WARNING:megatron.core.transformer.moe.token_dispatcher:BT_MOE_DISPATCH_REPLAY_CACHE window 21 (300 replay lookups): {'stores': 6300, 'hits': 6300, 'misses': 0, 'shape_mismatches': 0, 'verifies': 0}
WARNING:megatron.core.transformer.moe.token_dispatcher:BT_MOE_DISPATCH_REPLAY_CACHE window 21 (300 replay lookups): {'stores': 6300, 'hits': 6300, 'misses': 0, 'shape_mismatches': 0, 'verifies': 0}
WARNING:megatron.core.transformer.moe.token_dispatcher:BT_MOE_PROBS_A2A_COMM window 42 (300 gated dispatches): {'token_issues': 12600, 'probs_issues': 12600, 'waits': 25200}
WARNING:megatron.core.transformer.moe.token_dispatcher:BT_MOE_PROBS_A2A_COMM window 42 (300 gated dispatches): {'token_issues': 12600, 'probs_issues': 12600, 'waits': 25200}
WARNING:megatron.core.transformer.moe.token_dispatcher:BT_MOE_PROBS_A2A_COMM window 42 (300 gated dispatches): {'token_issues': 12600, 'probs_issues': 12600, 'waits': 25200}
WARNING:megatron.core.transformer.moe.token_dispatcher:BT_MOE_PROBS_A2A_COMM window 42 (300 gated dispatches): {'token_issues': 12600, 'probs_issues': 12600, 'waits': 25200}
WARNING:megatron.core.transformer.moe.token_dispatcher:BT_MOE_PROBS_A2A_COMM window 42 (300 gated dispatches): {'token_issues': 12600, 'probs_issues': 12600, 'waits': 25200}
WARNING:megatron.core.transformer.moe.token_dispatcher:BT_MOE_PROBS_A2A_COMM window 42 (300 gated dispatches): {'token_issues': 12600, 'probs_issues': 12600, 'waits': 25200}
WARNING:megatron.core.transformer.moe.token_dispatcher:BT_MOE_PROBS_A2A_COMM window 42 (300 gated dispatches): {'token_issues': 12600, 'probs_issues': 12600, 'waits': 25200}
WARNING:megatron.core.transformer.moe.token_dispatcher:BT_MOE_PROBS_A2A_COMM window 42 (300 gated dispatches): {'token_issues': 12600, 'probs_issues': 12600, 'waits': 25200}
WARNING:megatron.core.transformer.moe.token_dispatcher:BT_MOE_PROBS_A2A_COMM window 42 (300 gated dispatches): {'token_issues': 12600, 'probs_issues': 12600, 'waits': 25200}
WARNING:megatron.core.transformer.moe.token_dispatcher:BT_MOE_PROBS_A2A_COMM window 42 (300 gated dispatches): {'token_issues': 12600, 'probs_issues': 12600, 'waits': 25200}
WARNING:megatron.core.transformer.moe.token_dispatcher:BT_MOE_PROBS_A2A_COMM window 42 (300 gated dispatches): {'token_issues': 12600, 'probs_issues': 12600, 'waits': 25200}
WARNING:megatron.core.transformer.moe.token_dispatcher:BT_MOE_PROBS_A2A_COMM window 42 (300 gated dispatches): {'token_issues': 12600, 'probs_issues': 12600, 'waits': 25200}
WARNING:megatron.core.transformer.moe.token_dispatcher:BT_MOE_PROBS_A2A_COMM window 42 (300 gated dispatches): {'token_issues': 12600, 'probs_issues': 12600, 'waits': 25200}
WARNING:megatron.core.transformer.moe.token_dispatcher:BT_MOE_PROBS_A2A_COMM window 42 (300 gated dispatches): {'token_issues': 12600, 'probs_issues': 12600, 'waits': 25200}
WARNING:megatron.core.transformer.moe.token_dispatcher:BT_MOE_PROBS_A2A_COMM window 42 (300 gated dispatches): {'token_issues': 12600, 'probs_issues': 12600, 'waits': 25200}
WARNING:megatron.core.transformer.moe.token_dispatcher:BT_MOE_PROBS_A2A_COMM window 42 (300 gated dispatches): {'token_issues': 12600, 'probs_issues': 12600, 'waits': 25200}
WARNING:megatron.core.transformer.experimental_attention_variant.dsa_cudnn_kernels:BT_DSA_BWD_ASYNC_NONEMPTY_V3 window 21 (312 probe reads): {'kicks': 6552, 'hits': 6552, 'misses': 0, 'probe_dropped': 0, 'fallbacks': 0, 'verifies': 6551}
WARNING:megatron.core.transformer.experimental_attention_variant.dsa_cudnn_kernels:BT_DSA_BWD_ASYNC_NONEMPTY_V3 window 21 (312 probe reads): {'kicks': 6552, 'hits': 6552, 'misses': 0, 'probe_dropped': 0, 'fallbacks': 0, 'verifies': 6551}
WARNING:megatron.core.transformer.experimental_attention_variant.dsa_cudnn_kernels:BT_DSA_BWD_ASYNC_NONEMPTY_V3 window 21 (312 probe reads): {'kicks': 6552, 'hits': 6552, 'misses': 0, 'probe_dropped': 0, 'fallbacks': 0, 'verifies': 6551}
WARNING:megatron.core.transformer.experimental_attention_variant.dsa_cudnn_kernels:BT_DSA_BWD_ASYNC_NONEMPTY_V3 window 21 (312 probe reads): {'kicks': 6552, 'hits': 6552, 'misses': 0, 'probe_dropped': 0, 'fallbacks': 0, 'verifies': 6551}
WARNING:megatron.core.transformer.experimental_attention_variant.dsa_cudnn_kernels:BT_DSA_BWD_ASYNC_NONEMPTY_V3 window 21 (312 probe reads): {'kicks': 6552, 'hits': 6552, 'misses': 0, 'probe_dropped': 0, 'fallbacks': 0, 'verifies': 6551}
WARNING:megatron.core.transformer.experimental_attention_variant.dsa_cudnn_kernels:BT_DSA_BWD_ASYNC_NONEMPTY_V3 window 21 (312 probe reads): {'kicks': 6552, 'hits': 6552, 'misses': 0, 'probe_dropped': 0, 'fallbacks': 0, 'verifies': 6551}
WARNING:megatron.core.transformer.experimental_attention_variant.dsa_cudnn_kernels:BT_DSA_BWD_ASYNC_NONEMPTY_V3 window 21 (312 probe reads): {'kicks': 6552, 'hits': 6552, 'misses': 0, 'probe_dropped': 0, 'fallbacks': 0, 'verifies': 6551}
WARNING:megatron.core.transformer.experimental_attention_variant.dsa_cudnn_kernels:BT_DSA_BWD_ASYNC_NONEMPTY_V3 window 21 (312 probe reads): {'kicks': 6552, 'hits': 6552, 'misses': 0, 'probe_dropped': 0, 'fallbacks': 0, 'verifies': 6551}
WARNING:megatron.core.transformer.experimental_attention_variant.dsa_cudnn_kernels:BT_DSA_BWD_ASYNC_NONEMPTY_V3 window 21 (312 probe reads): {'kicks': 6552, 'hits': 6552, 'misses': 0, 'probe_dropped': 0, 'fallbacks': 0, 'verifies': 6551}
WARNING:megatron.core.transformer.experimental_attention_variant.dsa_cudnn_kernels:BT_DSA_BWD_ASYNC_NONEMPTY_V3 window 21 (312 probe reads): {'kicks': 6552, 'hits': 6552, 'misses': 0, 'probe_dropped': 0, 'fallbacks': 0, 'verifies': 6551}
WARNING:megatron.core.transformer.experimental_attention_variant.dsa_cudnn_kernels:BT_DSA_BWD_ASYNC_NONEMPTY_V3 window 21 (312 probe reads): {'kicks': 6552, 'hits': 6552, 'misses': 0, 'probe_dropped': 0, 'fallbacks': 0, 'verifies': 6551}
WARNING:megatron.core.transformer.experimental_attention_variant.dsa_cudnn_kernels:BT_DSA_BWD_ASYNC_NONEMPTY_V3 window 21 (312 probe reads): {'kicks': 6552, 'hits': 6552, 'misses': 0, 'probe_dropped': 0, 'fallbacks': 0, 'verifies': 6551}
WARNING:megatron.core.transformer.experimental_attention_variant.dsa_cudnn_kernels:BT_DSA_BWD_ASYNC_NONEMPTY_V3 window 21 (312 probe reads): {'kicks': 6552, 'hits': 6552, 'misses': 0, 'probe_dropped': 0, 'fallbacks': 0, 'verifies': 6551}
WARNING:megatron.core.transformer.experimental_attention_variant.dsa_cudnn_kernels:BT_DSA_BWD_ASYNC_NONEMPTY_V3 window 21 (312 probe reads): {'kicks': 6552, 'hits': 6552, 'misses': 0, 'probe_dropped': 0, 'fallbacks': 0, 'verifies': 6551}
WARNING:megatron.core.transformer.experimental_attention_variant.dsa_cudnn_kernels:BT_DSA_BWD_ASYNC_NONEMPTY_V3 window 21 (312 probe reads): {'kicks': 6552, 'hits': 6552, 'misses': 0, 'probe_dropped': 0, 'fallbacks': 0, 'verifies': 6551}
WARNING:megatron.core.transformer.experimental_attention_variant.dsa_cudnn_kernels:BT_DSA_BWD_ASYNC_NONEMPTY_V3 window 21 (312 probe reads): {'kicks': 6552, 'hits': 6552, 'misses': 0, 'probe_dropped': 0, 'fallbacks': 0, 'verifies': 6551}
INFO:trainers_server.dp_worker.api.dispatcher_worker:dispatcher_worker: op=forward_backward operation_id=9aa9014725b14d8180bbc364ca3f24dc done in 47.64s {'loss': 12.078693990280078}
INFO:trainers_server.dp_worker.api.server:retrieve: operation_id=9aa9014725b14d8180bbc364ca3f24dc done after 17.66s
INFO:     127.0.0.1:45386 - "GET /operations/9aa9014725b14d8180bbc364ca3f24dc HTTP/1.1" 200 OK
INFO:trainers_server.dp_worker.api.server:submit: op=optim_step operation_id=5f1e980b9f1d49a18309095643c2ede1 enqueued (qsize=1) 
INFO:     127.0.0.1:45386 - "POST /optim_step HTTP/1.1" 202 Accepted
INFO:trainers_server.dp_worker.api.dispatcher_worker:dispatcher_worker: op=optim_step operation_id=5f1e980b9f1d49a18309095643c2ede1 done in 0.04s step=21.0 learning_rate=1e-05 lr=1e-05 grad_norm=0.3113035559654236 tps=10998.018307129287 train_mean_nll=12.078693990280078 num_tokens=524288.0 num_loss_tokens=524284.0 step_seconds=47.67113359505311
INFO:trainers_server.dp_worker.api.server:retrieve: operation_id=5f1e980b9f1d49a18309095643c2ede1 done after 0.04s
INFO:     127.0.0.1:45386 - "GET /operations/5f1e980b9f1d49a18309095643c2ede1 HTTP/1.1" 200 OK
INFO:trainers_server.dp_worker.api.server:submit: op=forward_backward operation_id=dabbc1046f434b5980c9bf79347a1705 enqueued (qsize=1) n_datums=4 total_tokens=524288 seq_len[min/max]=131072/131072
INFO:     127.0.0.1:45386 - "POST /forward_backward HTTP/1.1" 202 Accepted
ERROR:opentelemetry.sdk.trace.export:Exception while exporting Span batch.
Traceback (most recent call last):
  File "/root/.cache/user_artifacts/trainers_main/server/.venv/lib/python3.12/site-packages/urllib3/connection.py", line 204, in _new_conn
    sock = connection.create_connection(
           ^^^^^^^^^^^^^^^^^^^^^^^^^^^^^
  File "/root/.cache/user_artifacts/trainers_main/server/.venv/lib/python3.12/site-packages/urllib3/util/connection.py", line 85, in create_connection
    raise err
  File "/root/.cache/user_artifacts/trainers_main/server/.venv/lib/python3.12/site-packages/urllib3/util/connection.py", line 73, in create_connection
    sock.connect(sa)
ConnectionRefusedError: [Errno 111] Connection refused

The above exception was the direct cause of the following exception:

Traceback (most recent call last):
  File "/root/.cache/user_artifacts/trainers_main/server/.venv/lib/python3.12/site-packages/urllib3/connectionpool.py", line 787, in urlopen
    response = self._make_request(
               ^^^^^^^^^^^^^^^^^^^
  File "/root/.cache/user_artifacts/trainers_main/server/.venv/lib/python3.12/site-packages/urllib3/connectionpool.py", line 493, in _make_request
    conn.request(
  File "/root/.cache/user_artifacts/trainers_main/server/.venv/lib/python3.12/site-packages/urllib3/connection.py", line 500, in request
    self.endheaders()
  File "/usr/lib/python3.12/http/client.py", line 1360, in endheaders
    self._send_output(message_body, encode_chunked=encode_chunked)
  File "/usr/lib/python3.12/http/client.py", line 1120, in _send_output
    self.send(msg)
  File "/usr/lib/python3.12/http/client.py", line 1064, in send
    self.connect()
  File "/root/.cache/user_artifacts/trainers_main/server/.venv/lib/python3.12/site-packages/urllib3/connection.py", line 331, in connect
    self.sock = self._new_conn()
                ^^^^^^^^^^^^^^^^
  File "/root/.cache/user_artifacts/trainers_main/server/.venv/lib/python3.12/site-packages/urllib3/connection.py", line 219, in _new_conn
    raise NewConnectionError(
urllib3.exceptions.NewConnectionError: HTTPConnection(host='localhost', port=4318): Failed to establish a new connection: [Errno 111] Connection refused

The above exception was the direct cause of the following exception:

Traceback (most recent call last):
  File "/root/.cache/user_artifacts/trainers_main/server/.venv/lib/python3.12/site-packages/requests/adapters.py", line 644, in send
    resp = conn.urlopen(
           ^^^^^^^^^^^^^
  File "/root/.cache/user_artifacts/trainers_main/server/.venv/lib/python3.12/site-packages/urllib3/connectionpool.py", line 841, in urlopen
    retries = retries.increment(
              ^^^^^^^^^^^^^^^^^^
  File "/root/.cache/user_artifacts/trainers_main/server/.venv/lib/python3.12/site-packages/urllib3/util/retry.py", line 535, in increment
    raise MaxRetryError(_pool, url, reason) from reason  # type: ignore[arg-type]
    ^^^^^^^^^^^^^^^^^^^^^^^^^^^^^^^^^^^^^^^^^^^^^^^^^^^
urllib3.exceptions.MaxRetryError: HTTPConnectionPool(host='localhost', port=4318): Max retries exceeded with url: /v1/traces (Caused by NewConnectionError("HTTPConnection(host='localhost', port=4318): Failed to establish a new connection: [Errno 111] Connection refused"))

During handling of the above exception, another exception occurred:

Traceback (most recent call last):
  File "/root/.cache/user_artifacts/trainers_main/server/.venv/lib/python3.12/site-packages/opentelemetry/sdk/trace/export/__init__.py", line 362, in _export_batch
    self.span_exporter.export(self.spans_list[:idx])  # type: ignore
    ^^^^^^^^^^^^^^^^^^^^^^^^^^^^^^^^^^^^^^^^^^^^^^^^
  File "/root/.cache/user_artifacts/trainers_main/server/.venv/lib/python3.12/site-packages/opentelemetry/exporter/otlp/proto/http/trace_exporter/__init__.py", line 139, in export
    resp = self._export(serialized_data)
           ^^^^^^^^^^^^^^^^^^^^^^^^^^^^^
  File "/root/.cache/user_artifacts/trainers_main/server/.venv/lib/python3.12/site-packages/opentelemetry/exporter/otlp/proto/http/trace_exporter/__init__.py", line 110, in _export
    return self._session.post(
           ^^^^^^^^^^^^^^^^^^^
  File "/root/.cache/user_artifacts/trainers_main/server/.venv/lib/python3.12/site-packages/requests/sessions.py", line 637, in post
    return self.request("POST", url, data=data, json=json, **kwargs)
           ^^^^^^^^^^^^^^^^^^^^^^^^^^^^^^^^^^^^^^^^^^^^^^^^^^^^^^^^^
  File "/root/.cache/user_artifacts/trainers_main/server/.venv/lib/python3.12/site-packages/requests/sessions.py", line 589, in request
    resp = self.send(prep, **send_kwargs)
           ^^^^^^^^^^^^^^^^^^^^^^^^^^^^^^
  File "/root/.cache/user_artifacts/trainers_main/server/.venv/lib/python3.12/site-packages/requests/sessions.py", line 703, in send
    r = adapter.send(request, **kwargs)
        ^^^^^^^^^^^^^^^^^^^^^^^^^^^^^^^
  File "/root/.cache/user_artifacts/trainers_main/server/.venv/lib/python3.12/site-packages/requests/adapters.py", line 677, in send
    raise ConnectionError(e, request=request)
requests.exceptions.ConnectionError: HTTPConnectionPool(host='localhost', port=4318): Max retries exceeded with url: /v1/traces (Caused by NewConnectionError("HTTPConnection(host='localhost', port=4318): Failed to establish a new connection: [Errno 111] Connection refused"))
INFO:trainers_server.dp_worker.api.server:evicted 2 expired finished ops
WARNING:megatron.core.transformer.moe.token_dispatcher:BT_MOE_PROBS_A2A_COMM window 43 (300 gated dispatches): {'token_issues': 12900, 'probs_issues': 12900, 'waits': 25800}
WARNING:megatron.core.transformer.moe.token_dispatcher:BT_MOE_PROBS_A2A_COMM window 43 (300 gated dispatches): {'token_issues': 12900, 'probs_issues': 12900, 'waits': 25800}
WARNING:megatron.core.transformer.moe.token_dispatcher:BT_MOE_PROBS_A2A_COMM window 43 (300 gated dispatches): {'token_issues': 12900, 'probs_issues': 12900, 'waits': 25800}
WARNING:megatron.core.transformer.moe.token_dispatcher:BT_MOE_PROBS_A2A_COMM window 43 (300 gated dispatches): {'token_issues': 12900, 'probs_issues': 12900, 'waits': 25800}
WARNING:megatron.core.transformer.moe.token_dispatcher:BT_MOE_PROBS_A2A_COMM window 43 (300 gated dispatches): {'token_issues': 12900, 'probs_issues': 12900, 'waits': 25800}
WARNING:megatron.core.transformer.moe.token_dispatcher:BT_MOE_PROBS_A2A_COMM window 43 (300 gated dispatches): {'token_issues': 12900, 'probs_issues': 12900, 'waits': 25800}
WARNING:megatron.core.transformer.moe.token_dispatcher:BT_MOE_PROBS_A2A_COMM window 43 (300 gated dispatches): {'token_issues': 12900, 'probs_issues': 12900, 'waits': 25800}
WARNING:megatron.core.transformer.moe.token_dispatcher:BT_MOE_PROBS_A2A_COMM window 43 (300 gated dispatches): {'token_issues': 12900, 'probs_issues': 12900, 'waits': 25800}
WARNING:megatron.core.transformer.moe.token_dispatcher:BT_MOE_PROBS_A2A_COMM window 43 (300 gated dispatches): {'token_issues': 12900, 'probs_issues': 12900, 'waits': 25800}
WARNING:megatron.core.transformer.moe.token_dispatcher:BT_MOE_PROBS_A2A_COMM window 43 (300 gated dispatches): {'token_issues': 12900, 'probs_issues': 12900, 'waits': 25800}
WARNING:megatron.core.transformer.moe.token_dispatcher:BT_MOE_PROBS_A2A_COMM window 43 (300 gated dispatches): {'token_issues': 12900, 'probs_issues': 12900, 'waits': 25800}
WARNING:megatron.core.transformer.moe.token_dispatcher:BT_MOE_PROBS_A2A_COMM window 43 (300 gated dispatches): {'token_issues': 12900, 'probs_issues': 12900, 'waits': 25800}
WARNING:megatron.core.transformer.moe.token_dispatcher:BT_MOE_PROBS_A2A_COMM window 43 (300 gated dispatches): {'token_issues': 12900, 'probs_issues': 12900, 'waits': 25800}
WARNING:megatron.core.transformer.moe.token_dispatcher:BT_MOE_PROBS_A2A_COMM window 43 (300 gated dispatches): {'token_issues': 12900, 'probs_issues': 12900, 'waits': 25800}
WARNING:megatron.core.transformer.moe.token_dispatcher:BT_MOE_PROBS_A2A_COMM window 43 (300 gated dispatches): {'token_issues': 12900, 'probs_issues': 12900, 'waits': 25800}
WARNING:megatron.core.transformer.moe.token_dispatcher:BT_MOE_PROBS_A2A_COMM window 43 (300 gated dispatches): {'token_issues': 12900, 'probs_issues': 12900, 'waits': 25800}
WARNING:megatron.core.transformer.moe.router:BT_MOE_ROUTING_REPLAY_FORCE window 21 (312 replay passes): {'stashes': 6600, 'forces': 6551, 'misses': 0, 'shape_mismatches': 0, 'verify_asserts': 0}; in-flight stash 102.8 MB (peak 157.3 MB)
WARNING:megatron.core.transformer.moe.router:BT_MOE_ROUTING_REPLAY_FORCE window 21 (312 replay passes): {'stashes': 6600, 'forces': 6551, 'misses': 0, 'shape_mismatches': 0, 'verify_asserts': 0}; in-flight stash 102.8 MB (peak 157.3 MB)
WARNING:megatron.core.transformer.moe.router:BT_MOE_ROUTING_REPLAY_FORCE window 21 (312 replay passes): {'stashes': 6600, 'forces': 6551, 'misses': 0, 'shape_mismatches': 0, 'verify_asserts': 0}; in-flight stash 102.8 MB (peak 157.3 MB)
WARNING:megatron.core.transformer.moe.router:BT_MOE_ROUTING_REPLAY_FORCE window 21 (312 replay passes): {'stashes': 6600, 'forces': 6551, 'misses': 0, 'shape_mismatches': 0, 'verify_asserts': 0}; in-flight stash 102.8 MB (peak 157.3 MB)
WARNING:megatron.core.transformer.moe.router:BT_MOE_ROUTING_REPLAY_FORCE window 21 (312 replay passes): {'stashes': 6600, 'forces': 6551, 'misses': 0, 'shape_mismatches': 0, 'verify_asserts': 0}; in-flight stash 102.8 MB (peak 157.3 MB)
WARNING:megatron.core.transformer.moe.router:BT_MOE_ROUTING_REPLAY_FORCE window 21 (312 replay passes): {'stashes': 6600, 'forces': 6551, 'misses': 0, 'shape_mismatches': 0, 'verify_asserts': 0}; in-flight stash 102.8 MB (peak 157.3 MB)
WARNING:megatron.core.transformer.moe.router:BT_MOE_ROUTING_REPLAY_FORCE window 21 (312 replay passes): {'stashes': 6600, 'forces': 6551, 'misses': 0, 'shape_mismatches': 0, 'verify_asserts': 0}; in-flight stash 102.8 MB (peak 157.3 MB)
WARNING:megatron.core.transformer.moe.router:BT_MOE_ROUTING_REPLAY_FORCE window 21 (312 replay passes): {'stashes': 6600, 'forces': 6551, 'misses': 0, 'shape_mismatches': 0, 'verify_asserts': 0}; in-flight stash 102.8 MB (peak 157.3 MB)
WARNING:megatron.core.transformer.moe.router:BT_MOE_ROUTING_REPLAY_FORCE window 21 (312 replay passes): {'stashes': 6600, 'forces': 6551, 'misses': 0, 'shape_mismatches': 0, 'verify_asserts': 0}; in-flight stash 102.8 MB (peak 157.3 MB)
WARNING:megatron.core.transformer.moe.router:BT_MOE_ROUTING_REPLAY_FORCE window 21 (312 replay passes): {'stashes': 6600, 'forces': 6551, 'misses': 0, 'shape_mismatches': 0, 'verify_asserts': 0}; in-flight stash 102.8 MB (peak 157.3 MB)
WARNING:megatron.core.transformer.moe.router:BT_MOE_ROUTING_REPLAY_FORCE window 21 (312 replay passes): {'stashes': 6600, 'forces': 6551, 'misses': 0, 'shape_mismatches': 0, 'verify_asserts': 0}; in-flight stash 102.8 MB (peak 157.3 MB)
WARNING:megatron.core.transformer.moe.router:BT_MOE_ROUTING_REPLAY_FORCE window 21 (312 replay passes): {'stashes': 6600, 'forces': 6551, 'misses': 0, 'shape_mismatches': 0, 'verify_asserts': 0}; in-flight stash 102.8 MB (peak 157.3 MB)
WARNING:megatron.core.transformer.moe.router:BT_MOE_ROUTING_REPLAY_FORCE window 21 (312 replay passes): {'stashes': 6600, 'forces': 6551, 'misses': 0, 'shape_mismatches': 0, 'verify_asserts': 0}; in-flight stash 102.8 MB (peak 157.3 MB)
WARNING:megatron.core.transformer.moe.router:BT_MOE_ROUTING_REPLAY_FORCE window 21 (312 replay passes): {'stashes': 6600, 'forces': 6551, 'misses': 0, 'shape_mismatches': 0, 'verify_asserts': 0}; in-flight stash 102.8 MB (peak 157.3 MB)
WARNING:megatron.core.transformer.moe.router:BT_MOE_ROUTING_REPLAY_FORCE window 21 (312 replay passes): {'stashes': 6600, 'forces': 6551, 'misses': 0, 'shape_mismatches': 0, 'verify_asserts': 0}; in-flight stash 102.8 MB (peak 157.3 MB)
WARNING:megatron.core.transformer.moe.router:BT_MOE_ROUTING_REPLAY_FORCE window 21 (312 replay passes): {'stashes': 6600, 'forces': 6551, 'misses': 0, 'shape_mismatches': 0, 'verify_asserts': 0}; in-flight stash 102.8 MB (peak 157.3 MB)
WARNING:megatron.core.transformer.moe.token_dispatcher:BT_MOE_DISPATCH_REPLAY_CACHE window 22 (300 replay lookups): {'stores': 6600, 'hits': 6600, 'misses': 0, 'shape_mismatches': 0, 'verifies': 0}
WARNING:megatron.core.transformer.moe.token_dispatcher:BT_MOE_DISPATCH_REPLAY_CACHE window 22 (300 replay lookups): {'stores': 6600, 'hits': 6600, 'misses': 0, 'shape_mismatches': 0, 'verifies': 0}
WARNING:megatron.core.transformer.moe.token_dispatcher:BT_MOE_DISPATCH_REPLAY_CACHE window 22 (300 replay lookups): {'stores': 6600, 'hits': 6600, 'misses': 0, 'shape_mismatches': 0, 'verifies': 0}
WARNING:megatron.core.transformer.moe.token_dispatcher:BT_MOE_DISPATCH_REPLAY_CACHE window 22 (300 replay lookups): {'stores': 6600, 'hits': 6600, 'misses': 0, 'shape_mismatches': 0, 'verifies': 0}
WARNING:megatron.core.transformer.moe.token_dispatcher:BT_MOE_DISPATCH_REPLAY_CACHE window 22 (300 replay lookups): {'stores': 6600, 'hits': 6600, 'misses': 0, 'shape_mismatches': 0, 'verifies': 0}
WARNING:megatron.core.transformer.moe.token_dispatcher:BT_MOE_DISPATCH_REPLAY_CACHE window 22 (300 replay lookups): {'stores': 6600, 'hits': 6600, 'misses': 0, 'shape_mismatches': 0, 'verifies': 0}
WARNING:megatron.core.transformer.moe.token_dispatcher:BT_MOE_DISPATCH_REPLAY_CACHE window 22 (300 replay lookups): {'stores': 6600, 'hits': 6600, 'misses': 0, 'shape_mismatches': 0, 'verifies': 0}
WARNING:megatron.core.transformer.moe.token_dispatcher:BT_MOE_DISPATCH_REPLAY_CACHE window 22 (300 replay lookups): {'stores': 6600, 'hits': 6600, 'misses': 0, 'shape_mismatches': 0, 'verifies': 0}
WARNING:megatron.core.transformer.moe.token_dispatcher:BT_MOE_DISPATCH_REPLAY_CACHE window 22 (300 replay lookups): {'stores': 6600, 'hits': 6600, 'misses': 0, 'shape_mismatches': 0, 'verifies': 0}
WARNING:megatron.core.transformer.moe.token_dispatcher:BT_MOE_DISPATCH_REPLAY_CACHE window 22 (300 replay lookups): {'stores': 6600, 'hits': 6600, 'misses': 0, 'shape_mismatches': 0, 'verifies': 0}
WARNING:megatron.core.transformer.moe.token_dispatcher:BT_MOE_DISPATCH_REPLAY_CACHE window 22 (300 replay lookups): {'stores': 6600, 'hits': 6600, 'misses': 0, 'shape_mismatches': 0, 'verifies': 0}
WARNING:megatron.core.transformer.moe.token_dispatcher:BT_MOE_DISPATCH_REPLAY_CACHE window 22 (300 replay lookups): {'stores': 6600, 'hits': 6600, 'misses': 0, 'shape_mismatches': 0, 'verifies': 0}
WARNING:megatron.core.transformer.moe.token_dispatcher:BT_MOE_DISPATCH_REPLAY_CACHE window 22 (300 replay lookups): {'stores': 6600, 'hits': 6600, 'misses': 0, 'shape_mismatches': 0, 'verifies': 0}
WARNING:megatron.core.transformer.moe.token_dispatcher:BT_MOE_DISPATCH_REPLAY_CACHE window 22 (300 replay lookups): {'stores': 6600, 'hits': 6600, 'misses': 0, 'shape_mismatches': 0, 'verifies': 0}
WARNING:megatron.core.transformer.moe.token_dispatcher:BT_MOE_DISPATCH_REPLAY_CACHE window 22 (300 replay lookups): {'stores': 6600, 'hits': 6600, 'misses': 0, 'shape_mismatches': 0, 'verifies': 0}
WARNING:megatron.core.transformer.moe.token_dispatcher:BT_MOE_DISPATCH_REPLAY_CACHE window 22 (300 replay lookups): {'stores': 6600, 'hits': 6600, 'misses': 0, 'shape_mismatches': 0, 'verifies': 0}
WARNING:megatron.core.transformer.moe.token_dispatcher:BT_MOE_PROBS_A2A_COMM window 44 (300 gated dispatches): {'token_issues': 13200, 'probs_issues': 13200, 'waits': 26400}
WARNING:megatron.core.transformer.moe.token_dispatcher:BT_MOE_PROBS_A2A_COMM window 44 (300 gated dispatches): {'token_issues': 13200, 'probs_issues': 13200, 'waits': 26400}
WARNING:megatron.core.transformer.moe.token_dispatcher:BT_MOE_PROBS_A2A_COMM window 44 (300 gated dispatches): {'token_issues': 13200, 'probs_issues': 13200, 'waits': 26400}
WARNING:megatron.core.transformer.moe.token_dispatcher:BT_MOE_PROBS_A2A_COMM window 44 (300 gated dispatches): {'token_issues': 13200, 'probs_issues': 13200, 'waits': 26400}
WARNING:megatron.core.transformer.moe.token_dispatcher:BT_MOE_PROBS_A2A_COMM window 44 (300 gated dispatches): {'token_issues': 13200, 'probs_issues': 13200, 'waits': 26400}
WARNING:megatron.core.transformer.moe.token_dispatcher:BT_MOE_PROBS_A2A_COMM window 44 (300 gated dispatches): {'token_issues': 13200, 'probs_issues': 13200, 'waits': 26400}
WARNING:megatron.core.transformer.moe.token_dispatcher:BT_MOE_PROBS_A2A_COMM window 44 (300 gated dispatches): {'token_issues': 13200, 'probs_issues': 13200, 'waits': 26400}
WARNING:megatron.core.transformer.moe.token_dispatcher:BT_MOE_PROBS_A2A_COMM window 44 (300 gated dispatches): {'token_issues': 13200, 'probs_issues': 13200, 'waits': 26400}
WARNING:megatron.core.transformer.moe.token_dispatcher:BT_MOE_PROBS_A2A_COMM window 44 (300 gated dispatches): {'token_issues': 13200, 'probs_issues': 13200, 'waits': 26400}
WARNING:megatron.core.transformer.moe.token_dispatcher:BT_MOE_PROBS_A2A_COMM window 44 (300 gated dispatches): {'token_issues': 13200, 'probs_issues': 13200, 'waits': 26400}
WARNING:megatron.core.transformer.moe.token_dispatcher:BT_MOE_PROBS_A2A_COMM window 44 (300 gated dispatches): {'token_issues': 13200, 'probs_issues': 13200, 'waits': 26400}
WARNING:megatron.core.transformer.moe.token_dispatcher:BT_MOE_PROBS_A2A_COMM window 44 (300 gated dispatches): {'token_issues': 13200, 'probs_issues': 13200, 'waits': 26400}
WARNING:megatron.core.transformer.moe.token_dispatcher:BT_MOE_PROBS_A2A_COMM window 44 (300 gated dispatches): {'token_issues': 13200, 'probs_issues': 13200, 'waits': 26400}
WARNING:megatron.core.transformer.moe.token_dispatcher:BT_MOE_PROBS_A2A_COMM window 44 (300 gated dispatches): {'token_issues': 13200, 'probs_issues': 13200, 'waits': 26400}
WARNING:megatron.core.transformer.moe.token_dispatcher:BT_MOE_PROBS_A2A_COMM window 44 (300 gated dispatches): {'token_issues': 13200, 'probs_issues': 13200, 'waits': 26400}
WARNING:megatron.core.transformer.moe.token_dispatcher:BT_MOE_PROBS_A2A_COMM window 44 (300 gated dispatches): {'token_issues': 13200, 'probs_issues': 13200, 'waits': 26400}
WARNING:megatron.core.transformer.experimental_attention_variant.dsa_cudnn_kernels:BT_DSA_BWD_ASYNC_NONEMPTY_V3 window 22 (312 probe reads): {'kicks': 6864, 'hits': 6864, 'misses': 0, 'probe_dropped': 0, 'fallbacks': 0, 'verifies': 6863}
WARNING:megatron.core.transformer.experimental_attention_variant.dsa_cudnn_kernels:BT_DSA_BWD_ASYNC_NONEMPTY_V3 window 22 (312 probe reads): {'kicks': 6864, 'hits': 6864, 'misses': 0, 'probe_dropped': 0, 'fallbacks': 0, 'verifies': 6863}
WARNING:megatron.core.transformer.experimental_attention_variant.dsa_cudnn_kernels:BT_DSA_BWD_ASYNC_NONEMPTY_V3 window 22 (312 probe reads): {'kicks': 6864, 'hits': 6864, 'misses': 0, 'probe_dropped': 0, 'fallbacks': 0, 'verifies': 6863}
WARNING:megatron.core.transformer.experimental_attention_variant.dsa_cudnn_kernels:BT_DSA_BWD_ASYNC_NONEMPTY_V3 window 22 (312 probe reads): {'kicks': 6864, 'hits': 6864, 'misses': 0, 'probe_dropped': 0, 'fallbacks': 0, 'verifies': 6863}
WARNING:megatron.core.transformer.experimental_attention_variant.dsa_cudnn_kernels:BT_DSA_BWD_ASYNC_NONEMPTY_V3 window 22 (312 probe reads): {'kicks': 6864, 'hits': 6864, 'misses': 0, 'probe_dropped': 0, 'fallbacks': 0, 'verifies': 6863}
WARNING:megatron.core.transformer.experimental_attention_variant.dsa_cudnn_kernels:BT_DSA_BWD_ASYNC_NONEMPTY_V3 window 22 (312 probe reads): {'kicks': 6864, 'hits': 6864, 'misses': 0, 'probe_dropped': 0, 'fallbacks': 0, 'verifies': 6863}
WARNING:megatron.core.transformer.experimental_attention_variant.dsa_cudnn_kernels:BT_DSA_BWD_ASYNC_NONEMPTY_V3 window 22 (312 probe reads): {'kicks': 6864, 'hits': 6864, 'misses': 0, 'probe_dropped': 0, 'fallbacks': 0, 'verifies': 6863}
WARNING:megatron.core.transformer.experimental_attention_variant.dsa_cudnn_kernels:BT_DSA_BWD_ASYNC_NONEMPTY_V3 window 22 (312 probe reads): {'kicks': 6864, 'hits': 6864, 'misses': 0, 'probe_dropped': 0, 'fallbacks': 0, 'verifies': 6863}
WARNING:megatron.core.transformer.experimental_attention_variant.dsa_cudnn_kernels:BT_DSA_BWD_ASYNC_NONEMPTY_V3 window 22 (312 probe reads): {'kicks': 6864, 'hits': 6864, 'misses': 0, 'probe_dropped': 0, 'fallbacks': 0, 'verifies': 6863}
WARNING:megatron.core.transformer.experimental_attention_variant.dsa_cudnn_kernels:BT_DSA_BWD_ASYNC_NONEMPTY_V3 window 22 (312 probe reads): {'kicks': 6864, 'hits': 6864, 'misses': 0, 'probe_dropped': 0, 'fallbacks': 0, 'verifies': 6863}
WARNING:megatron.core.transformer.experimental_attention_variant.dsa_cudnn_kernels:BT_DSA_BWD_ASYNC_NONEMPTY_V3 window 22 (312 probe reads): {'kicks': 6864, 'hits': 6864, 'misses': 0, 'probe_dropped': 0, 'fallbacks': 0, 'verifies': 6863}
WARNING:megatron.core.transformer.experimental_attention_variant.dsa_cudnn_kernels:BT_DSA_BWD_ASYNC_NONEMPTY_V3 window 22 (312 probe reads): {'kicks': 6864, 'hits': 6864, 'misses': 0, 'probe_dropped': 0, 'fallbacks': 0, 'verifies': 6863}
WARNING:megatron.core.transformer.experimental_attention_variant.dsa_cudnn_kernels:BT_DSA_BWD_ASYNC_NONEMPTY_V3 window 22 (312 probe reads): {'kicks': 6864, 'hits': 6864, 'misses': 0, 'probe_dropped': 0, 'fallbacks': 0, 'verifies': 6863}
WARNING:megatron.core.transformer.experimental_attention_variant.dsa_cudnn_kernels:BT_DSA_BWD_ASYNC_NONEMPTY_V3 window 22 (312 probe reads): {'kicks': 6864, 'hits': 6864, 'misses': 0, 'probe_dropped': 0, 'fallbacks': 0, 'verifies': 6863}
WARNING:megatron.core.transformer.experimental_attention_variant.dsa_cudnn_kernels:BT_DSA_BWD_ASYNC_NONEMPTY_V3 window 22 (312 probe reads): {'kicks': 6864, 'hits': 6864, 'misses': 0, 'probe_dropped': 0, 'fallbacks': 0, 'verifies': 6863}
WARNING:megatron.core.transformer.experimental_attention_variant.dsa_cudnn_kernels:BT_DSA_BWD_ASYNC_NONEMPTY_V3 window 22 (312 probe reads): {'kicks': 6864, 'hits': 6864, 'misses': 0, 'probe_dropped': 0, 'fallbacks': 0, 'verifies': 6863}
INFO:trainers_server.dp_worker.api.dispatcher_worker:dispatcher_worker: op=forward_backward operation_id=dabbc1046f434b5980c9bf79347a1705 done in 47.93s {'loss': 12.07081181191873}
INFO:trainers_server.dp_worker.api.server:retrieve: operation_id=dabbc1046f434b5980c9bf79347a1705 done after 17.95s
INFO:     127.0.0.1:45386 - "GET /operations/dabbc1046f434b5980c9bf79347a1705 HTTP/1.1" 200 OK
INFO:trainers_server.dp_worker.api.server:submit: op=optim_step operation_id=02e7fb4e2ffe417ba50cf21d594a2874 enqueued (qsize=1) 
INFO:     127.0.0.1:45386 - "POST /optim_step HTTP/1.1" 202 Accepted
INFO:trainers_server.dp_worker.api.dispatcher_worker:dispatcher_worker: op=optim_step operation_id=02e7fb4e2ffe417ba50cf21d594a2874 done in 0.04s step=22.0 learning_rate=1e-05 lr=1e-05 grad_norm=0.3155958652496338 tps=10931.949461821165 train_mean_nll=12.07081181191873 num_tokens=524288.0 num_loss_tokens=524284.0 step_seconds=47.959241106174886
INFO:trainers_server.dp_worker.api.server:retrieve: operation_id=02e7fb4e2ffe417ba50cf21d594a2874 done after 0.04s
INFO:     127.0.0.1:45386 - "GET /operations/02e7fb4e2ffe417ba50cf21d594a2874 HTTP/1.1" 200 OK
INFO:     127.0.0.1:45386 - "GET /status HTTP/1.1" 200 OK
ERROR:opentelemetry.sdk.trace.export:Exception while exporting Span batch.
Traceback (most recent call last):
  File "/root/.cache/user_artifacts/trainers_main/server/.venv/lib/python3.12/site-packages/urllib3/connection.py", line 204, in _new_conn
    sock = connection.create_connection(
           ^^^^^^^^^^^^^^^^^^^^^^^^^^^^^
  File "/root/.cache/user_artifacts/trainers_main/server/.venv/lib/python3.12/site-packages/urllib3/util/connection.py", line 85, in create_connection
    raise err
  File "/root/.cache/user_artifacts/trainers_main/server/.venv/lib/python3.12/site-packages/urllib3/util/connection.py", line 73, in create_connection
    sock.connect(sa)
ConnectionRefusedError: [Errno 111] Connection refused

The above exception was the direct cause of the following exception:

Traceback (most recent call last):
  File "/root/.cache/user_artifacts/trainers_main/server/.venv/lib/python3.12/site-packages/urllib3/connectionpool.py", line 787, in urlopen
    response = self._make_request(
               ^^^^^^^^^^^^^^^^^^^
  File "/root/.cache/user_artifacts/trainers_main/server/.venv/lib/python3.12/site-packages/urllib3/connectionpool.py", line 493, in _make_request
    conn.request(
  File "/root/.cache/user_artifacts/trainers_main/server/.venv/lib/python3.12/site-packages/urllib3/connection.py", line 500, in request
    self.endheaders()
  File "/usr/lib/python3.12/http/client.py", line 1360, in endheaders
    self._send_output(message_body, encode_chunked=encode_chunked)
  File "/usr/lib/python3.12/http/client.py", line 1120, in _send_output
    self.send(msg)
  File "/usr/lib/python3.12/http/client.py", line 1064, in send
    self.connect()
  File "/root/.cache/user_artifacts/trainers_main/server/.venv/lib/python3.12/site-packages/urllib3/connection.py", line 331, in connect
    self.sock = self._new_conn()
                ^^^^^^^^^^^^^^^^
  File "/root/.cache/user_artifacts/trainers_main/server/.venv/lib/python3.12/site-packages/urllib3/connection.py", line 219, in _new_conn
    raise NewConnectionError(
urllib3.exceptions.NewConnectionError: HTTPConnection(host='localhost', port=4318): Failed to establish a new connection: [Errno 111] Connection refused

The above exception was the direct cause of the following exception:

Traceback (most recent call last):
  File "/root/.cache/user_artifacts/trainers_main/server/.venv/lib/python3.12/site-packages/requests/adapters.py", line 644, in send
    resp = conn.urlopen(
           ^^^^^^^^^^^^^
  File "/root/.cache/user_artifacts/trainers_main/server/.venv/lib/python3.12/site-packages/urllib3/connectionpool.py", line 841, in urlopen
    retries = retries.increment(
              ^^^^^^^^^^^^^^^^^^
  File "/root/.cache/user_artifacts/trainers_main/server/.venv/lib/python3.12/site-packages/urllib3/util/retry.py", line 535, in increment
    raise MaxRetryError(_pool, url, reason) from reason  # type: ignore[arg-type]
    ^^^^^^^^^^^^^^^^^^^^^^^^^^^^^^^^^^^^^^^^^^^^^^^^^^^
urllib3.exceptions.MaxRetryError: HTTPConnectionPool(host='localhost', port=4318): Max retries exceeded with url: /v1/traces (Caused by NewConnectionError("HTTPConnection(host='localhost', port=4318): Failed to establish a new connection: [Errno 111] Connection refused"))

During handling of the above exception, another exception occurred:

Traceback (most recent call last):
  File "/root/.cache/user_artifacts/trainers_main/server/.venv/lib/python3.12/site-packages/opentelemetry/sdk/trace/export/__init__.py", line 362, in _export_batch
    self.span_exporter.export(self.spans_list[:idx])  # type: ignore
    ^^^^^^^^^^^^^^^^^^^^^^^^^^^^^^^^^^^^^^^^^^^^^^^^
  File "/root/.cache/user_artifacts/trainers_main/server/.venv/lib/python3.12/site-packages/opentelemetry/exporter/otlp/proto/http/trace_exporter/__init__.py", line 139, in export
    resp = self._export(serialized_data)
           ^^^^^^^^^^^^^^^^^^^^^^^^^^^^^
  File "/root/.cache/user_artifacts/trainers_main/server/.venv/lib/python3.12/site-packages/opentelemetry/exporter/otlp/proto/http/trace_exporter/__init__.py", line 110, in _export
    return self._session.post(
           ^^^^^^^^^^^^^^^^^^^
  File "/root/.cache/user_artifacts/trainers_main/server/.venv/lib/python3.12/site-packages/requests/sessions.py", line 637, in post
    return self.request("POST", url, data=data, json=json, **kwargs)
           ^^^^^^^^^^^^^^^^^^^^^^^^^^^^^^^^^^^^^^^^^^^^^^^^^^^^^^^^^
  File "/root/.cache/user_artifacts/trainers_main/server/.venv/lib/python3.12/site-packages/requests/sessions.py", line 589, in request
    resp = self.send(prep, **send_kwargs)
           ^^^^^^^^^^^^^^^^^^^^^^^^^^^^^^
  File "/root/.cache/user_artifacts/trainers_main/server/.venv/lib/python3.12/site-packages/requests/sessions.py", line 703, in send
    r = adapter.send(request, **kwargs)
        ^^^^^^^^^^^^^^^^^^^^^^^^^^^^^^^
  File "/root/.cache/user_artifacts/trainers_main/server/.venv/lib/python3.12/site-packages/requests/adapters.py", line 677, in send
    raise ConnectionError(e, request=request)
requests.exceptions.ConnectionError: HTTPConnectionPool(host='localhost', port=4318): Max retries exceeded with url: /v1/traces (Caused by NewConnectionError("HTTPConnection(host='localhost', port=4318): Failed to establish a new connection: [Errno 111] Connection refused"))
INFO:trainers_server.dp_worker.api.server:evicted 4 expired finished ops
INFO:trainers_server.dp_worker.api.server:evicted 2 expired finished ops
INFO:trainers_server.dp_worker.api.server:evicted 2 expired finished ops
INFO:trainers_server.dp_worker.api.server:evicted 2 expired finished ops
