node 0: rendezvous master=b300-1-3xpzznsc-0018 (10.1.77.30)
node 1: rendezvous master=b300-1-3xpzznsc-0018 (10.1.77.30)
node 0: NCCL_IB_HCA=mlx5_bond
node 1: NCCL_IB_HCA=mlx5_bond
[sitecustomize av3] megatron_core re-pointed -> /root/.cache/user_artifacts/mcore_318g61w_av3
[sitecustomize av3] megatron_core re-pointed -> /root/.cache/user_artifacts/mcore_318g61w_av3
/root/.cache/user_artifacts/trainers_main/server/.venv/lib/python3.12/site-packages/torch/cuda/__init__.py:61: FutureWarning: The pynvml package is deprecated. Please install nvidia-ml-py instead. If you did not install pynvml directly, please report this to the maintainers of the package that installed pynvml for you.
  import pynvml  # type: ignore[import]
/root/.cache/user_artifacts/trainers_main/server/.venv/lib/python3.12/site-packages/torch/cuda/__init__.py:61: FutureWarning: The pynvml package is deprecated. Please install nvidia-ml-py instead. If you did not install pynvml directly, please report this to the maintainers of the package that installed pynvml for you.
  import pynvml  # type: ignore[import]
W0810 12:02:44.351000 63574 torch/distributed/run.py:851] 
W0810 12:02:44.351000 63574 torch/distributed/run.py:851] *****************************************
W0810 12:02:44.351000 63574 torch/distributed/run.py:851] Setting OMP_NUM_THREADS environment variable for each process to be 1 in default, to avoid your system being overloaded, please further tune the variable for optimal performance in your application as needed. 
W0810 12:02:44.351000 63574 torch/distributed/run.py:851] *****************************************
W0810 12:02:44.481000 58415 torch/distributed/run.py:851] 
W0810 12:02:44.481000 58415 torch/distributed/run.py:851] *****************************************
W0810 12:02:44.481000 58415 torch/distributed/run.py:851] Setting OMP_NUM_THREADS environment variable for each process to be 1 in default, to avoid your system being overloaded, please further tune the variable for optimal performance in your application as needed. 
W0810 12:02:44.481000 58415 torch/distributed/run.py:851] *****************************************
[sitecustomize av3] megatron_core re-pointed -> /root/.cache/user_artifacts/mcore_318g61w_av3
[sitecustomize av3] megatron_core re-pointed -> /root/.cache/user_artifacts/mcore_318g61w_av3
[sitecustomize av3] megatron_core re-pointed -> /root/.cache/user_artifacts/mcore_318g61w_av3
[sitecustomize av3] megatron_core re-pointed -> /root/.cache/user_artifacts/mcore_318g61w_av3
[sitecustomize av3] megatron_core re-pointed -> /root/.cache/user_artifacts/mcore_318g61w_av3
[sitecustomize av3] megatron_core re-pointed -> /root/.cache/user_artifacts/mcore_318g61w_av3
[sitecustomize av3] megatron_core re-pointed -> /root/.cache/user_artifacts/mcore_318g61w_av3
[sitecustomize av3] megatron_core re-pointed -> /root/.cache/user_artifacts/mcore_318g61w_av3
[sitecustomize av3] megatron_core re-pointed -> /root/.cache/user_artifacts/mcore_318g61w_av3
[sitecustomize av3] megatron_core re-pointed -> /root/.cache/user_artifacts/mcore_318g61w_av3
[sitecustomize av3] megatron_core re-pointed -> /root/.cache/user_artifacts/mcore_318g61w_av3
[sitecustomize av3] megatron_core re-pointed -> /root/.cache/user_artifacts/mcore_318g61w_av3
[sitecustomize av3] megatron_core re-pointed -> /root/.cache/user_artifacts/mcore_318g61w_av3
[sitecustomize av3] megatron_core re-pointed -> /root/.cache/user_artifacts/mcore_318g61w_av3
[sitecustomize av3] megatron_core re-pointed -> /root/.cache/user_artifacts/mcore_318g61w_av3
[sitecustomize av3] megatron_core re-pointed -> /root/.cache/user_artifacts/mcore_318g61w_av3
/root/.cache/user_artifacts/trainers_main/server/.venv/lib/python3.12/site-packages/torch/cuda/__init__.py:61: FutureWarning: The pynvml package is deprecated. Please install nvidia-ml-py instead. If you did not install pynvml directly, please report this to the maintainers of the package that installed pynvml for you.
  import pynvml  # type: ignore[import]
/root/.cache/user_artifacts/trainers_main/server/.venv/lib/python3.12/site-packages/torch/cuda/__init__.py:61: FutureWarning: The pynvml package is deprecated. Please install nvidia-ml-py instead. If you did not install pynvml directly, please report this to the maintainers of the package that installed pynvml for you.
  import pynvml  # type: ignore[import]
/root/.cache/user_artifacts/trainers_main/server/.venv/lib/python3.12/site-packages/torch/cuda/__init__.py:61: FutureWarning: The pynvml package is deprecated. Please install nvidia-ml-py instead. If you did not install pynvml directly, please report this to the maintainers of the package that installed pynvml for you.
  import pynvml  # type: ignore[import]
/root/.cache/user_artifacts/trainers_main/server/.venv/lib/python3.12/site-packages/torch/cuda/__init__.py:61: FutureWarning: The pynvml package is deprecated. Please install nvidia-ml-py instead. If you did not install pynvml directly, please report this to the maintainers of the package that installed pynvml for you.
  import pynvml  # type: ignore[import]
/root/.cache/user_artifacts/trainers_main/server/.venv/lib/python3.12/site-packages/torch/cuda/__init__.py:61: FutureWarning: The pynvml package is deprecated. Please install nvidia-ml-py instead. If you did not install pynvml directly, please report this to the maintainers of the package that installed pynvml for you.
  import pynvml  # type: ignore[import]
/root/.cache/user_artifacts/trainers_main/server/.venv/lib/python3.12/site-packages/torch/cuda/__init__.py:61: FutureWarning: The pynvml package is deprecated. Please install nvidia-ml-py instead. If you did not install pynvml directly, please report this to the maintainers of the package that installed pynvml for you.
  import pynvml  # type: ignore[import]
/root/.cache/user_artifacts/trainers_main/server/.venv/lib/python3.12/site-packages/torch/cuda/__init__.py:61: FutureWarning: The pynvml package is deprecated. Please install nvidia-ml-py instead. If you did not install pynvml directly, please report this to the maintainers of the package that installed pynvml for you.
  import pynvml  # type: ignore[import]
/root/.cache/user_artifacts/trainers_main/server/.venv/lib/python3.12/site-packages/torch/cuda/__init__.py:61: FutureWarning: The pynvml package is deprecated. Please install nvidia-ml-py instead. If you did not install pynvml directly, please report this to the maintainers of the package that installed pynvml for you.
  import pynvml  # type: ignore[import]
/root/.cache/user_artifacts/trainers_main/server/.venv/lib/python3.12/site-packages/torch/cuda/__init__.py:61: FutureWarning: The pynvml package is deprecated. Please install nvidia-ml-py instead. If you did not install pynvml directly, please report this to the maintainers of the package that installed pynvml for you.
  import pynvml  # type: ignore[import]
/root/.cache/user_artifacts/trainers_main/server/.venv/lib/python3.12/site-packages/torch/cuda/__init__.py:61: FutureWarning: The pynvml package is deprecated. Please install nvidia-ml-py instead. If you did not install pynvml directly, please report this to the maintainers of the package that installed pynvml for you.
  import pynvml  # type: ignore[import]
/root/.cache/user_artifacts/trainers_main/server/.venv/lib/python3.12/site-packages/torch/cuda/__init__.py:61: FutureWarning: The pynvml package is deprecated. Please install nvidia-ml-py instead. If you did not install pynvml directly, please report this to the maintainers of the package that installed pynvml for you.
  import pynvml  # type: ignore[import]
/root/.cache/user_artifacts/trainers_main/server/.venv/lib/python3.12/site-packages/torch/cuda/__init__.py:61: FutureWarning: The pynvml package is deprecated. Please install nvidia-ml-py instead. If you did not install pynvml directly, please report this to the maintainers of the package that installed pynvml for you.
  import pynvml  # type: ignore[import]
/root/.cache/user_artifacts/trainers_main/server/.venv/lib/python3.12/site-packages/torch/cuda/__init__.py:61: FutureWarning: The pynvml package is deprecated. Please install nvidia-ml-py instead. If you did not install pynvml directly, please report this to the maintainers of the package that installed pynvml for you.
  import pynvml  # type: ignore[import]
/root/.cache/user_artifacts/trainers_main/server/.venv/lib/python3.12/site-packages/torch/cuda/__init__.py:61: FutureWarning: The pynvml package is deprecated. Please install nvidia-ml-py instead. If you did not install pynvml directly, please report this to the maintainers of the package that installed pynvml for you.
  import pynvml  # type: ignore[import]
/root/.cache/user_artifacts/trainers_main/server/.venv/lib/python3.12/site-packages/torch/cuda/__init__.py:61: FutureWarning: The pynvml package is deprecated. Please install nvidia-ml-py instead. If you did not install pynvml directly, please report this to the maintainers of the package that installed pynvml for you.
  import pynvml  # type: ignore[import]
/root/.cache/user_artifacts/trainers_main/server/.venv/lib/python3.12/site-packages/torch/cuda/__init__.py:61: FutureWarning: The pynvml package is deprecated. Please install nvidia-ml-py instead. If you did not install pynvml directly, please report this to the maintainers of the package that installed pynvml for you.
  import pynvml  # type: ignore[import]
/root/.cache/user_artifacts/mcore_318g61w_av3/megatron/core/models/backends.py:34: UserWarning: Apex is not installed. Falling back to Torch Norm
  warnings.warn("Apex is not installed. Falling back to Torch Norm")
/root/.cache/user_artifacts/mcore_318g61w_av3/megatron/core/models/backends.py:34: UserWarning: Apex is not installed. Falling back to Torch Norm
  warnings.warn("Apex is not installed. Falling back to Torch Norm")
/root/.cache/user_artifacts/mcore_318g61w_av3/megatron/core/models/backends.py:34: UserWarning: Apex is not installed. Falling back to Torch Norm
  warnings.warn("Apex is not installed. Falling back to Torch Norm")
/root/.cache/user_artifacts/mcore_318g61w_av3/megatron/core/models/backends.py:34: UserWarning: Apex is not installed. Falling back to Torch Norm
  warnings.warn("Apex is not installed. Falling back to Torch Norm")
/root/.cache/user_artifacts/mcore_318g61w_av3/megatron/core/models/backends.py:34: UserWarning: Apex is not installed. Falling back to Torch Norm
  warnings.warn("Apex is not installed. Falling back to Torch Norm")
/root/.cache/user_artifacts/mcore_318g61w_av3/megatron/core/models/backends.py:34: UserWarning: Apex is not installed. Falling back to Torch Norm
  warnings.warn("Apex is not installed. Falling back to Torch Norm")
/root/.cache/user_artifacts/mcore_318g61w_av3/megatron/core/models/backends.py:34: UserWarning: Apex is not installed. Falling back to Torch Norm
  warnings.warn("Apex is not installed. Falling back to Torch Norm")
/root/.cache/user_artifacts/mcore_318g61w_av3/megatron/core/models/backends.py:34: UserWarning: Apex is not installed. Falling back to Torch Norm
  warnings.warn("Apex is not installed. Falling back to Torch Norm")
/root/.cache/user_artifacts/mcore_318g61w_av3/megatron/core/models/gpt/gpt_layer_specs.py:74: UserWarning: Apex is not installed. Falling back to Torch Norm
  warnings.warn("Apex is not installed. Falling back to Torch Norm")
/root/.cache/user_artifacts/mcore_318g61w_av3/megatron/core/models/gpt/gpt_layer_specs.py:74: UserWarning: Apex is not installed. Falling back to Torch Norm
  warnings.warn("Apex is not installed. Falling back to Torch Norm")
/root/.cache/user_artifacts/mcore_318g61w_av3/megatron/core/models/gpt/gpt_layer_specs.py:74: UserWarning: Apex is not installed. Falling back to Torch Norm
  warnings.warn("Apex is not installed. Falling back to Torch Norm")
/root/.cache/user_artifacts/mcore_318g61w_av3/megatron/core/models/gpt/gpt_layer_specs.py:74: UserWarning: Apex is not installed. Falling back to Torch Norm
  warnings.warn("Apex is not installed. Falling back to Torch Norm")
/root/.cache/user_artifacts/mcore_318g61w_av3/megatron/core/models/gpt/gpt_layer_specs.py:74: UserWarning: Apex is not installed. Falling back to Torch Norm
  warnings.warn("Apex is not installed. Falling back to Torch Norm")
/root/.cache/user_artifacts/mcore_318g61w_av3/megatron/core/models/gpt/gpt_layer_specs.py:74: UserWarning: Apex is not installed. Falling back to Torch Norm
  warnings.warn("Apex is not installed. Falling back to Torch Norm")
/root/.cache/user_artifacts/mcore_318g61w_av3/megatron/core/models/gpt/gpt_layer_specs.py:74: UserWarning: Apex is not installed. Falling back to Torch Norm
  warnings.warn("Apex is not installed. Falling back to Torch Norm")
/root/.cache/user_artifacts/mcore_318g61w_av3/megatron/core/models/gpt/gpt_layer_specs.py:74: UserWarning: Apex is not installed. Falling back to Torch Norm
  warnings.warn("Apex is not installed. Falling back to Torch Norm")
/root/.cache/user_artifacts/mcore_318g61w_av3/megatron/core/models/backends.py:34: UserWarning: Apex is not installed. Falling back to Torch Norm
  warnings.warn("Apex is not installed. Falling back to Torch Norm")
/root/.cache/user_artifacts/mcore_318g61w_av3/megatron/core/models/backends.py:34: UserWarning: Apex is not installed. Falling back to Torch Norm
  warnings.warn("Apex is not installed. Falling back to Torch Norm")
/root/.cache/user_artifacts/mcore_318g61w_av3/megatron/core/models/backends.py:34: UserWarning: Apex is not installed. Falling back to Torch Norm
  warnings.warn("Apex is not installed. Falling back to Torch Norm")
/root/.cache/user_artifacts/mcore_318g61w_av3/megatron/core/models/backends.py:34: UserWarning: Apex is not installed. Falling back to Torch Norm
  warnings.warn("Apex is not installed. Falling back to Torch Norm")
/root/.cache/user_artifacts/mcore_318g61w_av3/megatron/core/models/backends.py:34: UserWarning: Apex is not installed. Falling back to Torch Norm
  warnings.warn("Apex is not installed. Falling back to Torch Norm")
/root/.cache/user_artifacts/mcore_318g61w_av3/megatron/core/models/backends.py:34: UserWarning: Apex is not installed. Falling back to Torch Norm
  warnings.warn("Apex is not installed. Falling back to Torch Norm")
/root/.cache/user_artifacts/mcore_318g61w_av3/megatron/core/models/gpt/gpt_layer_specs.py:74: UserWarning: Apex is not installed. Falling back to Torch Norm
  warnings.warn("Apex is not installed. Falling back to Torch Norm")
/root/.cache/user_artifacts/mcore_318g61w_av3/megatron/core/models/gpt/gpt_layer_specs.py:74: UserWarning: Apex is not installed. Falling back to Torch Norm
  warnings.warn("Apex is not installed. Falling back to Torch Norm")
/root/.cache/user_artifacts/mcore_318g61w_av3/megatron/core/models/gpt/gpt_layer_specs.py:74: UserWarning: Apex is not installed. Falling back to Torch Norm
  warnings.warn("Apex is not installed. Falling back to Torch Norm")
/root/.cache/user_artifacts/mcore_318g61w_av3/megatron/core/models/gpt/gpt_layer_specs.py:74: UserWarning: Apex is not installed. Falling back to Torch Norm
  warnings.warn("Apex is not installed. Falling back to Torch Norm")
/root/.cache/user_artifacts/mcore_318g61w_av3/megatron/core/models/gpt/gpt_layer_specs.py:74: UserWarning: Apex is not installed. Falling back to Torch Norm
  warnings.warn("Apex is not installed. Falling back to Torch Norm")
/root/.cache/user_artifacts/mcore_318g61w_av3/megatron/core/models/gpt/gpt_layer_specs.py:74: UserWarning: Apex is not installed. Falling back to Torch Norm
  warnings.warn("Apex is not installed. Falling back to Torch Norm")
/root/.cache/user_artifacts/mcore_318g61w_av3/megatron/core/models/backends.py:34: UserWarning: Apex is not installed. Falling back to Torch Norm
  warnings.warn("Apex is not installed. Falling back to Torch Norm")
/root/.cache/user_artifacts/mcore_318g61w_av3/megatron/core/models/gpt/gpt_layer_specs.py:74: UserWarning: Apex is not installed. Falling back to Torch Norm
  warnings.warn("Apex is not installed. Falling back to Torch Norm")
/root/.cache/user_artifacts/mcore_318g61w_av3/megatron/core/models/backends.py:34: UserWarning: Apex is not installed. Falling back to Torch Norm
  warnings.warn("Apex is not installed. Falling back to Torch Norm")
/root/.cache/user_artifacts/mcore_318g61w_av3/megatron/core/models/gpt/gpt_layer_specs.py:74: UserWarning: Apex is not installed. Falling back to Torch Norm
  warnings.warn("Apex is not installed. Falling back to Torch Norm")
/root/.cache/user_artifacts/trainers_main/server/.venv/lib/python3.12/site-packages/modelopt/torch/__init__.py:53: UserWarning: transformers>=5.0 support is experimental. Unified Hugging Face checkpoint export for quantized checkpoints may not work for some models yet.
  _warnings.warn(
/root/.cache/user_artifacts/trainers_main/server/.venv/lib/python3.12/site-packages/modelopt/torch/__init__.py:53: UserWarning: transformers>=5.0 support is experimental. Unified Hugging Face checkpoint export for quantized checkpoints may not work for some models yet.
  _warnings.warn(
/root/.cache/user_artifacts/trainers_main/server/.venv/lib/python3.12/site-packages/modelopt/torch/__init__.py:53: UserWarning: transformers>=5.0 support is experimental. Unified Hugging Face checkpoint export for quantized checkpoints may not work for some models yet.
  _warnings.warn(
/root/.cache/user_artifacts/trainers_main/server/.venv/lib/python3.12/site-packages/modelopt/torch/__init__.py:53: UserWarning: transformers>=5.0 support is experimental. Unified Hugging Face checkpoint export for quantized checkpoints may not work for some models yet.
  _warnings.warn(
/root/.cache/user_artifacts/trainers_main/server/.venv/lib/python3.12/site-packages/modelopt/torch/__init__.py:53: UserWarning: transformers>=5.0 support is experimental. Unified Hugging Face checkpoint export for quantized checkpoints may not work for some models yet.
  _warnings.warn(
/root/.cache/user_artifacts/trainers_main/server/.venv/lib/python3.12/site-packages/modelopt/torch/__init__.py:53: UserWarning: transformers>=5.0 support is experimental. Unified Hugging Face checkpoint export for quantized checkpoints may not work for some models yet.
  _warnings.warn(
/root/.cache/user_artifacts/trainers_main/server/.venv/lib/python3.12/site-packages/modelopt/torch/__init__.py:53: UserWarning: transformers>=5.0 support is experimental. Unified Hugging Face checkpoint export for quantized checkpoints may not work for some models yet.
  _warnings.warn(
/root/.cache/user_artifacts/trainers_main/server/.venv/lib/python3.12/site-packages/modelopt/torch/__init__.py:53: UserWarning: transformers>=5.0 support is experimental. Unified Hugging Face checkpoint export for quantized checkpoints may not work for some models yet.
  _warnings.warn(
/root/.cache/user_artifacts/mcore_318g61w_av3/megatron/core/models/gpt/heterogeneous/heterogeneous_layer_specs.py:68: UserWarning: Apex is not installed. Falling back to Torch Norm
  warnings.warn("Apex is not installed. Falling back to Torch Norm")
/root/.cache/user_artifacts/mcore_318g61w_av3/megatron/core/models/gpt/heterogeneous/heterogeneous_layer_specs.py:68: UserWarning: Apex is not installed. Falling back to Torch Norm
  warnings.warn("Apex is not installed. Falling back to Torch Norm")
/root/.cache/user_artifacts/mcore_318g61w_av3/megatron/core/models/gpt/heterogeneous/heterogeneous_layer_specs.py:68: UserWarning: Apex is not installed. Falling back to Torch Norm
  warnings.warn("Apex is not installed. Falling back to Torch Norm")
/root/.cache/user_artifacts/mcore_318g61w_av3/megatron/core/models/gpt/heterogeneous/heterogeneous_layer_specs.py:68: UserWarning: Apex is not installed. Falling back to Torch Norm
  warnings.warn("Apex is not installed. Falling back to Torch Norm")
/root/.cache/user_artifacts/mcore_318g61w_av3/megatron/core/models/gpt/heterogeneous/heterogeneous_layer_specs.py:68: UserWarning: Apex is not installed. Falling back to Torch Norm
  warnings.warn("Apex is not installed. Falling back to Torch Norm")
/root/.cache/user_artifacts/mcore_318g61w_av3/megatron/core/models/gpt/heterogeneous/heterogeneous_layer_specs.py:68: UserWarning: Apex is not installed. Falling back to Torch Norm
  warnings.warn("Apex is not installed. Falling back to Torch Norm")
/root/.cache/user_artifacts/mcore_318g61w_av3/megatron/core/models/gpt/heterogeneous/heterogeneous_layer_specs.py:68: UserWarning: Apex is not installed. Falling back to Torch Norm
  warnings.warn("Apex is not installed. Falling back to Torch Norm")
/root/.cache/user_artifacts/mcore_318g61w_av3/megatron/core/models/gpt/heterogeneous/heterogeneous_layer_specs.py:68: UserWarning: Apex is not installed. Falling back to Torch Norm
  warnings.warn("Apex is not installed. Falling back to Torch Norm")
/root/.cache/user_artifacts/trainers_main/server/.venv/lib/python3.12/site-packages/modelopt/torch/__init__.py:53: UserWarning: transformers>=5.0 support is experimental. Unified Hugging Face checkpoint export for quantized checkpoints may not work for some models yet.
  _warnings.warn(
/root/.cache/user_artifacts/trainers_main/server/.venv/lib/python3.12/site-packages/modelopt/torch/__init__.py:53: UserWarning: transformers>=5.0 support is experimental. Unified Hugging Face checkpoint export for quantized checkpoints may not work for some models yet.
  _warnings.warn(
/root/.cache/user_artifacts/trainers_main/server/.venv/lib/python3.12/site-packages/modelopt/torch/__init__.py:53: UserWarning: transformers>=5.0 support is experimental. Unified Hugging Face checkpoint export for quantized checkpoints may not work for some models yet.
  _warnings.warn(
/root/.cache/user_artifacts/trainers_main/server/.venv/lib/python3.12/site-packages/modelopt/torch/__init__.py:53: UserWarning: transformers>=5.0 support is experimental. Unified Hugging Face checkpoint export for quantized checkpoints may not work for some models yet.
  _warnings.warn(
/root/.cache/user_artifacts/trainers_main/server/.venv/lib/python3.12/site-packages/modelopt/torch/__init__.py:53: UserWarning: transformers>=5.0 support is experimental. Unified Hugging Face checkpoint export for quantized checkpoints may not work for some models yet.
  _warnings.warn(
/root/.cache/user_artifacts/trainers_main/server/.venv/lib/python3.12/site-packages/modelopt/torch/__init__.py:53: UserWarning: transformers>=5.0 support is experimental. Unified Hugging Face checkpoint export for quantized checkpoints may not work for some models yet.
  _warnings.warn(
/root/.cache/user_artifacts/trainers_main/server/.venv/lib/python3.12/site-packages/modelopt/torch/__init__.py:53: UserWarning: transformers>=5.0 support is experimental. Unified Hugging Face checkpoint export for quantized checkpoints may not work for some models yet.
  _warnings.warn(
/root/.cache/user_artifacts/trainers_main/server/.venv/lib/python3.12/site-packages/modelopt/torch/__init__.py:53: UserWarning: transformers>=5.0 support is experimental. Unified Hugging Face checkpoint export for quantized checkpoints may not work for some models yet.
  _warnings.warn(
/root/.cache/user_artifacts/mcore_318g61w_av3/megatron/core/models/gpt/heterogeneous/heterogeneous_layer_specs.py:68: UserWarning: Apex is not installed. Falling back to Torch Norm
  warnings.warn("Apex is not installed. Falling back to Torch Norm")
/root/.cache/user_artifacts/mcore_318g61w_av3/megatron/core/models/gpt/heterogeneous/heterogeneous_layer_specs.py:68: UserWarning: Apex is not installed. Falling back to Torch Norm
  warnings.warn("Apex is not installed. Falling back to Torch Norm")
/root/.cache/user_artifacts/mcore_318g61w_av3/megatron/core/models/gpt/heterogeneous/heterogeneous_layer_specs.py:68: UserWarning: Apex is not installed. Falling back to Torch Norm
  warnings.warn("Apex is not installed. Falling back to Torch Norm")
/root/.cache/user_artifacts/mcore_318g61w_av3/megatron/core/models/gpt/heterogeneous/heterogeneous_layer_specs.py:68: UserWarning: Apex is not installed. Falling back to Torch Norm
  warnings.warn("Apex is not installed. Falling back to Torch Norm")
/root/.cache/user_artifacts/mcore_318g61w_av3/megatron/core/models/gpt/heterogeneous/heterogeneous_layer_specs.py:68: UserWarning: Apex is not installed. Falling back to Torch Norm
  warnings.warn("Apex is not installed. Falling back to Torch Norm")
/root/.cache/user_artifacts/mcore_318g61w_av3/megatron/core/models/gpt/heterogeneous/heterogeneous_layer_specs.py:68: UserWarning: Apex is not installed. Falling back to Torch Norm
  warnings.warn("Apex is not installed. Falling back to Torch Norm")
/root/.cache/user_artifacts/mcore_318g61w_av3/megatron/core/models/gpt/heterogeneous/heterogeneous_layer_specs.py:68: UserWarning: Apex is not installed. Falling back to Torch Norm
  warnings.warn("Apex is not installed. Falling back to Torch Norm")
/root/.cache/user_artifacts/mcore_318g61w_av3/megatron/core/models/gpt/heterogeneous/heterogeneous_layer_specs.py:68: UserWarning: Apex is not installed. Falling back to Torch Norm
  warnings.warn("Apex is not installed. Falling back to Torch Norm")
/root/.cache/user_artifacts/mcore_318g61w_av3/megatron/core/models/vision/vit_layer_specs.py:31: UserWarning: Apex is not installed. Falling back to Torch Norm
  warnings.warn("Apex is not installed. Falling back to Torch Norm")
/root/.cache/user_artifacts/mcore_318g61w_av3/megatron/core/models/vision/vit_layer_specs.py:31: UserWarning: Apex is not installed. Falling back to Torch Norm
  warnings.warn("Apex is not installed. Falling back to Torch Norm")
/root/.cache/user_artifacts/mcore_318g61w_av3/megatron/core/models/vision/vit_layer_specs.py:31: UserWarning: Apex is not installed. Falling back to Torch Norm
  warnings.warn("Apex is not installed. Falling back to Torch Norm")
/root/.cache/user_artifacts/mcore_318g61w_av3/megatron/core/models/vision/vit_layer_specs.py:31: UserWarning: Apex is not installed. Falling back to Torch Norm
  warnings.warn("Apex is not installed. Falling back to Torch Norm")
/root/.cache/user_artifacts/mcore_318g61w_av3/megatron/core/models/vision/vit_layer_specs.py:31: UserWarning: Apex is not installed. Falling back to Torch Norm
  warnings.warn("Apex is not installed. Falling back to Torch Norm")
/root/.cache/user_artifacts/mcore_318g61w_av3/megatron/core/models/vision/vit_layer_specs.py:31: UserWarning: Apex is not installed. Falling back to Torch Norm
  warnings.warn("Apex is not installed. Falling back to Torch Norm")
/root/.cache/user_artifacts/mcore_318g61w_av3/megatron/core/models/vision/vit_layer_specs.py:31: UserWarning: Apex is not installed. Falling back to Torch Norm
  warnings.warn("Apex is not installed. Falling back to Torch Norm")
/root/.cache/user_artifacts/mcore_318g61w_av3/megatron/core/models/vision/vit_layer_specs.py:31: UserWarning: Apex is not installed. Falling back to Torch Norm
  warnings.warn("Apex is not installed. Falling back to Torch Norm")
/root/.cache/user_artifacts/mcore_318g61w_av3/megatron/core/models/vision/vit_layer_specs.py:31: UserWarning: Apex is not installed. Falling back to Torch Norm
  warnings.warn("Apex is not installed. Falling back to Torch Norm")
/root/.cache/user_artifacts/mcore_318g61w_av3/megatron/core/models/vision/vit_layer_specs.py:31: UserWarning: Apex is not installed. Falling back to Torch Norm
  warnings.warn("Apex is not installed. Falling back to Torch Norm")
/root/.cache/user_artifacts/mcore_318g61w_av3/megatron/core/models/vision/vit_layer_specs.py:31: UserWarning: Apex is not installed. Falling back to Torch Norm
  warnings.warn("Apex is not installed. Falling back to Torch Norm")
/root/.cache/user_artifacts/mcore_318g61w_av3/megatron/core/models/vision/vit_layer_specs.py:31: UserWarning: Apex is not installed. Falling back to Torch Norm
  warnings.warn("Apex is not installed. Falling back to Torch Norm")
/root/.cache/user_artifacts/mcore_318g61w_av3/megatron/core/models/vision/vit_layer_specs.py:31: UserWarning: Apex is not installed. Falling back to Torch Norm
  warnings.warn("Apex is not installed. Falling back to Torch Norm")
/root/.cache/user_artifacts/mcore_318g61w_av3/megatron/core/models/vision/vit_layer_specs.py:31: UserWarning: Apex is not installed. Falling back to Torch Norm
  warnings.warn("Apex is not installed. Falling back to Torch Norm")
/root/.cache/user_artifacts/mcore_318g61w_av3/megatron/core/models/vision/vit_layer_specs.py:31: UserWarning: Apex is not installed. Falling back to Torch Norm
  warnings.warn("Apex is not installed. Falling back to Torch Norm")
/root/.cache/user_artifacts/mcore_318g61w_av3/megatron/core/models/vision/vit_layer_specs.py:31: UserWarning: Apex is not installed. Falling back to Torch Norm
  warnings.warn("Apex is not installed. Falling back to Torch Norm")
/root/.cache/user_artifacts/mcore_318g61w_av3/megatron/core/models/mimo/config/base_configs.py:12: UserWarning: MimoModelConfig is experimental and still under active development. The API may change without notice in future releases.
  class MimoModelConfig:
/root/.cache/user_artifacts/mcore_318g61w_av3/megatron/core/models/mimo/config/base_configs.py:12: UserWarning: MimoModelConfig is experimental and still under active development. The API may change without notice in future releases.
  class MimoModelConfig:
/root/.cache/user_artifacts/mcore_318g61w_av3/megatron/core/models/mimo/config/base_configs.py:12: UserWarning: MimoModelConfig is experimental and still under active development. The API may change without notice in future releases.
  class MimoModelConfig:
/root/.cache/user_artifacts/mcore_318g61w_av3/megatron/core/models/mimo/config/base_configs.py:12: UserWarning: MimoModelConfig is experimental and still under active development. The API may change without notice in future releases.
  class MimoModelConfig:
/root/.cache/user_artifacts/mcore_318g61w_av3/megatron/core/models/mimo/config/base_configs.py:12: UserWarning: MimoModelConfig is experimental and still under active development. The API may change without notice in future releases.
  class MimoModelConfig:
/root/.cache/user_artifacts/mcore_318g61w_av3/megatron/core/models/mimo/config/base_configs.py:12: UserWarning: MimoModelConfig is experimental and still under active development. The API may change without notice in future releases.
  class MimoModelConfig:
/root/.cache/user_artifacts/mcore_318g61w_av3/megatron/core/models/mimo/config/base_configs.py:12: UserWarning: MimoModelConfig is experimental and still under active development. The API may change without notice in future releases.
  class MimoModelConfig:
/root/.cache/user_artifacts/mcore_318g61w_av3/megatron/core/models/mimo/config/base_configs.py:12: UserWarning: MimoModelConfig is experimental and still under active development. The API may change without notice in future releases.
  class MimoModelConfig:
WARNING:megatron.bridge.models.conversion.auto_bridge:Loading a model with trust_remote_code=True allows arbitrary code execution from the model repository. Only use this with models you trust.
WARNING:megatron.bridge.models.conversion.auto_bridge:Loading a model with trust_remote_code=True allows arbitrary code execution from the model repository. Only use this with models you trust.
WARNING:megatron.bridge.models.conversion.auto_bridge:Loading a model with trust_remote_code=True allows arbitrary code execution from the model repository. Only use this with models you trust.
WARNING:megatron.bridge.models.conversion.auto_bridge:Loading a model with trust_remote_code=True allows arbitrary code execution from the model repository. Only use this with models you trust.
WARNING:megatron.bridge.models.conversion.auto_bridge:Loading a model with trust_remote_code=True allows arbitrary code execution from the model repository. Only use this with models you trust.
WARNING:megatron.bridge.models.conversion.auto_bridge:Loading a model with trust_remote_code=True allows arbitrary code execution from the model repository. Only use this with models you trust.
WARNING:megatron.bridge.models.conversion.auto_bridge:Loading a model with trust_remote_code=True allows arbitrary code execution from the model repository. Only use this with models you trust.
WARNING:megatron.bridge.models.conversion.auto_bridge:Loading a model with trust_remote_code=True allows arbitrary code execution from the model repository. Only use this with models you trust.
/root/.cache/user_artifacts/mcore_318g61w_av3/megatron/core/models/mimo/config/base_configs.py:12: UserWarning: MimoModelConfig is experimental and still under active development. The API may change without notice in future releases.
  class MimoModelConfig:
/root/.cache/user_artifacts/mcore_318g61w_av3/megatron/core/models/mimo/config/base_configs.py:12: UserWarning: MimoModelConfig is experimental and still under active development. The API may change without notice in future releases.
  class MimoModelConfig:
/root/.cache/user_artifacts/mcore_318g61w_av3/megatron/core/models/mimo/config/base_configs.py:12: UserWarning: MimoModelConfig is experimental and still under active development. The API may change without notice in future releases.
  class MimoModelConfig:
/root/.cache/user_artifacts/mcore_318g61w_av3/megatron/core/models/mimo/config/base_configs.py:12: UserWarning: MimoModelConfig is experimental and still under active development. The API may change without notice in future releases.
  class MimoModelConfig:
/root/.cache/user_artifacts/mcore_318g61w_av3/megatron/core/models/mimo/config/base_configs.py:12: UserWarning: MimoModelConfig is experimental and still under active development. The API may change without notice in future releases.
  class MimoModelConfig:
/root/.cache/user_artifacts/mcore_318g61w_av3/megatron/core/models/mimo/config/base_configs.py:12: UserWarning: MimoModelConfig is experimental and still under active development. The API may change without notice in future releases.
  class MimoModelConfig:
/root/.cache/user_artifacts/mcore_318g61w_av3/megatron/core/models/mimo/config/base_configs.py:12: UserWarning: MimoModelConfig is experimental and still under active development. The API may change without notice in future releases.
  class MimoModelConfig:
/root/.cache/user_artifacts/mcore_318g61w_av3/megatron/core/models/mimo/config/base_configs.py:12: UserWarning: MimoModelConfig is experimental and still under active development. The API may change without notice in future releases.
  class MimoModelConfig:
WARNING:megatron.bridge.models.conversion.auto_bridge:Loading a model with trust_remote_code=True allows arbitrary code execution from the model repository. Only use this with models you trust.
WARNING:megatron.bridge.models.conversion.auto_bridge:Loading a model with trust_remote_code=True allows arbitrary code execution from the model repository. Only use this with models you trust.
WARNING:megatron.bridge.models.conversion.auto_bridge:Loading a model with trust_remote_code=True allows arbitrary code execution from the model repository. Only use this with models you trust.
WARNING:megatron.bridge.models.conversion.auto_bridge:Loading a model with trust_remote_code=True allows arbitrary code execution from the model repository. Only use this with models you trust.
WARNING:megatron.bridge.models.conversion.auto_bridge:Loading a model with trust_remote_code=True allows arbitrary code execution from the model repository. Only use this with models you trust.
WARNING:megatron.bridge.models.conversion.auto_bridge:Loading a model with trust_remote_code=True allows arbitrary code execution from the model repository. Only use this with models you trust.
WARNING:megatron.bridge.models.conversion.auto_bridge:Loading a model with trust_remote_code=True allows arbitrary code execution from the model repository. Only use this with models you trust.
WARNING:megatron.bridge.models.conversion.auto_bridge:Loading a model with trust_remote_code=True allows arbitrary code execution from the model repository. Only use this with models you trust.
[transformers] `torch_dtype` is deprecated! Use `dtype` instead!
[transformers] `torch_dtype` is deprecated! Use `dtype` instead!
INFO:trainers_server.dp_worker.api.megatron_controller:LoRA config: rank=32 alpha=64 (explicit) -> forward scale=2
INFO:trainers_server.dp_worker.api.megatron_controller:Installed TE get_attention_backend logging wrapper
INFO:trainers_server.dp_worker.api.megatron_controller:attention_backend=AttnBackend.flash (set from trainer config)
/root/.cache/user_artifacts/mcore_318g61w_av3/megatron/core/transformer/transformer_config.py:2379: UserWarning: full scope is deprecated. Use empty cuda_graph_modules to capture the whole layer.
  warnings.warn(
INFO:trainers_server.dp_worker.api.megatron_controller:LoRA config: rank=32 alpha=64 (explicit) -> forward scale=2
INFO:trainers_server.dp_worker.api.megatron_controller:Installed TE get_attention_backend logging wrapper
INFO:trainers_server.dp_worker.api.megatron_controller:attention_backend=AttnBackend.flash (set from trainer config)
/root/.cache/user_artifacts/mcore_318g61w_av3/megatron/core/transformer/transformer_config.py:2379: UserWarning: full scope is deprecated. Use empty cuda_graph_modules to capture the whole layer.
  warnings.warn(
[transformers] `torch_dtype` is deprecated! Use `dtype` instead!
[transformers] `torch_dtype` is deprecated! Use `dtype` instead!
INFO:trainers_server.dp_worker.api.megatron_controller:LoRA config: rank=32 alpha=64 (explicit) -> forward scale=2
INFO:trainers_server.dp_worker.api.megatron_controller:Installed TE get_attention_backend logging wrapper
INFO:trainers_server.dp_worker.api.megatron_controller:attention_backend=AttnBackend.flash (set from trainer config)
/root/.cache/user_artifacts/mcore_318g61w_av3/megatron/core/transformer/transformer_config.py:2379: UserWarning: full scope is deprecated. Use empty cuda_graph_modules to capture the whole layer.
  warnings.warn(
INFO:trainers_server.dp_worker.api.megatron_controller:LoRA config: rank=32 alpha=64 (explicit) -> forward scale=2
INFO:trainers_server.dp_worker.api.megatron_controller:Installed TE get_attention_backend logging wrapper
INFO:trainers_server.dp_worker.api.megatron_controller:attention_backend=AttnBackend.flash (set from trainer config)
/root/.cache/user_artifacts/mcore_318g61w_av3/megatron/core/transformer/transformer_config.py:2379: UserWarning: full scope is deprecated. Use empty cuda_graph_modules to capture the whole layer.
  warnings.warn(
[transformers] `torch_dtype` is deprecated! Use `dtype` instead!
[transformers] `torch_dtype` is deprecated! Use `dtype` instead!
INFO:trainers_server.dp_worker.api.megatron_controller:LoRA config: rank=32 alpha=64 (explicit) -> forward scale=2
INFO:trainers_server.dp_worker.api.megatron_controller:Installed TE get_attention_backend logging wrapper
INFO:trainers_server.dp_worker.api.megatron_controller:attention_backend=AttnBackend.flash (set from trainer config)
/root/.cache/user_artifacts/mcore_318g61w_av3/megatron/core/transformer/transformer_config.py:2379: UserWarning: full scope is deprecated. Use empty cuda_graph_modules to capture the whole layer.
  warnings.warn(
INFO:trainers_server.dp_worker.api.megatron_controller:LoRA config: rank=32 alpha=64 (explicit) -> forward scale=2
INFO:trainers_server.dp_worker.api.megatron_controller:Installed TE get_attention_backend logging wrapper
INFO:trainers_server.dp_worker.api.megatron_controller:attention_backend=AttnBackend.flash (set from trainer config)
/root/.cache/user_artifacts/mcore_318g61w_av3/megatron/core/transformer/transformer_config.py:2379: UserWarning: full scope is deprecated. Use empty cuda_graph_modules to capture the whole layer.
  warnings.warn(
[transformers] `torch_dtype` is deprecated! Use `dtype` instead!
[transformers] `torch_dtype` is deprecated! Use `dtype` instead!
INFO:trainers_server.dp_worker.api.megatron_controller:LoRA config: rank=32 alpha=64 (explicit) -> forward scale=2
INFO:trainers_server.dp_worker.api.megatron_controller:Installed TE get_attention_backend logging wrapper
INFO:trainers_server.dp_worker.api.megatron_controller:attention_backend=AttnBackend.flash (set from trainer config)
/root/.cache/user_artifacts/mcore_318g61w_av3/megatron/core/transformer/transformer_config.py:2379: UserWarning: full scope is deprecated. Use empty cuda_graph_modules to capture the whole layer.
  warnings.warn(
INFO:trainers_server.dp_worker.api.megatron_controller:LoRA config: rank=32 alpha=64 (explicit) -> forward scale=2
INFO:trainers_server.dp_worker.api.megatron_controller:Installed TE get_attention_backend logging wrapper
INFO:trainers_server.dp_worker.api.megatron_controller:attention_backend=AttnBackend.flash (set from trainer config)
/root/.cache/user_artifacts/mcore_318g61w_av3/megatron/core/transformer/transformer_config.py:2379: UserWarning: full scope is deprecated. Use empty cuda_graph_modules to capture the whole layer.
  warnings.warn(
[transformers] `torch_dtype` is deprecated! Use `dtype` instead!
[transformers] `torch_dtype` is deprecated! Use `dtype` instead!
INFO:trainers_server.dp_worker.api.megatron_controller:LoRA config: rank=32 alpha=64 (explicit) -> forward scale=2
INFO:trainers_server.dp_worker.api.megatron_controller:Installed TE get_attention_backend logging wrapper
INFO:trainers_server.dp_worker.api.megatron_controller:attention_backend=AttnBackend.flash (set from trainer config)
/root/.cache/user_artifacts/mcore_318g61w_av3/megatron/core/transformer/transformer_config.py:2379: UserWarning: full scope is deprecated. Use empty cuda_graph_modules to capture the whole layer.
  warnings.warn(
INFO:trainers_server.dp_worker.api.megatron_controller:LoRA config: rank=32 alpha=64 (explicit) -> forward scale=2
INFO:trainers_server.dp_worker.api.megatron_controller:Installed TE get_attention_backend logging wrapper
INFO:trainers_server.dp_worker.api.megatron_controller:attention_backend=AttnBackend.flash (set from trainer config)
/root/.cache/user_artifacts/mcore_318g61w_av3/megatron/core/transformer/transformer_config.py:2379: UserWarning: full scope is deprecated. Use empty cuda_graph_modules to capture the whole layer.
  warnings.warn(
[transformers] `torch_dtype` is deprecated! Use `dtype` instead!
[transformers] `torch_dtype` is deprecated! Use `dtype` instead!
INFO:trainers_server.dp_worker.api.megatron_controller:LoRA config: rank=32 alpha=64 (explicit) -> forward scale=2
INFO:trainers_server.dp_worker.api.megatron_controller:Installed TE get_attention_backend logging wrapper
INFO:trainers_server.dp_worker.api.megatron_controller:attention_backend=AttnBackend.flash (set from trainer config)
/root/.cache/user_artifacts/mcore_318g61w_av3/megatron/core/transformer/transformer_config.py:2379: UserWarning: full scope is deprecated. Use empty cuda_graph_modules to capture the whole layer.
  warnings.warn(
INFO:trainers_server.dp_worker.api.megatron_controller:LoRA config: rank=32 alpha=64 (explicit) -> forward scale=2
INFO:trainers_server.dp_worker.api.megatron_controller:Installed TE get_attention_backend logging wrapper
INFO:trainers_server.dp_worker.api.megatron_controller:attention_backend=AttnBackend.flash (set from trainer config)
/root/.cache/user_artifacts/mcore_318g61w_av3/megatron/core/transformer/transformer_config.py:2379: UserWarning: full scope is deprecated. Use empty cuda_graph_modules to capture the whole layer.
  warnings.warn(
[transformers] `torch_dtype` is deprecated! Use `dtype` instead!
[transformers] `torch_dtype` is deprecated! Use `dtype` instead!
INFO:trainers_server.dp_worker.api.megatron_controller:LoRA config: rank=32 alpha=64 (explicit) -> forward scale=2
INFO:trainers_server.dp_worker.api.megatron_controller:Installed TE get_attention_backend logging wrapper
INFO:trainers_server.dp_worker.api.megatron_controller:attention_backend=AttnBackend.flash (set from trainer config)
/root/.cache/user_artifacts/mcore_318g61w_av3/megatron/core/transformer/transformer_config.py:2379: UserWarning: full scope is deprecated. Use empty cuda_graph_modules to capture the whole layer.
  warnings.warn(
INFO:trainers_server.dp_worker.api.megatron_controller:LoRA config: rank=32 alpha=64 (explicit) -> forward scale=2
INFO:trainers_server.dp_worker.api.megatron_controller:Installed TE get_attention_backend logging wrapper
INFO:trainers_server.dp_worker.api.megatron_controller:attention_backend=AttnBackend.flash (set from trainer config)
/root/.cache/user_artifacts/mcore_318g61w_av3/megatron/core/transformer/transformer_config.py:2379: UserWarning: full scope is deprecated. Use empty cuda_graph_modules to capture the whole layer.
  warnings.warn(
WARNING:megatron.core.rerun_state_machine:RerunStateMachine initialized in mode RerunMode.DISABLED
> initializing torch distributed ...
[transformers] `torch_dtype` is deprecated! Use `dtype` instead!
[transformers] `torch_dtype` is deprecated! Use `dtype` instead!
INFO:trainers_server.dp_worker.api.megatron_controller:LoRA config: rank=32 alpha=64 (explicit) -> forward scale=2
INFO:trainers_server.dp_worker.api.megatron_controller:Installed TE get_attention_backend logging wrapper
INFO:trainers_server.dp_worker.api.megatron_controller:attention_backend=AttnBackend.flash (set from trainer config)
/root/.cache/user_artifacts/mcore_318g61w_av3/megatron/core/transformer/transformer_config.py:2379: UserWarning: full scope is deprecated. Use empty cuda_graph_modules to capture the whole layer.
  warnings.warn(
INFO:trainers_server.dp_worker.api.megatron_controller:LoRA config: rank=32 alpha=64 (explicit) -> forward scale=2
INFO:trainers_server.dp_worker.api.megatron_controller:Installed TE get_attention_backend logging wrapper
INFO:trainers_server.dp_worker.api.megatron_controller:attention_backend=AttnBackend.flash (set from trainer config)
/root/.cache/user_artifacts/mcore_318g61w_av3/megatron/core/transformer/transformer_config.py:2379: UserWarning: full scope is deprecated. Use empty cuda_graph_modules to capture the whole layer.
  warnings.warn(
> initialized tensor model parallel with size 1
> initialized pipeline model parallel with size 1
> setting random seeds to 1234 ...
> compiling dataset index builder ...
make: Entering directory '/root/.cache/user_artifacts/mcore_318g61w_av3/megatron/core/datasets'
> compiling dataset index builder ...
make: Entering directory '/root/.cache/user_artifacts/mcore_318g61w_av3/megatron/core/datasets'
make: Nothing to be done for 'default'.
make: Leaving directory '/root/.cache/user_artifacts/mcore_318g61w_av3/megatron/core/datasets'
>>> done with dataset index builder. Compilation time: 0.037 seconds
/root/.cache/user_artifacts/trainers_main/server/.venv/lib/python3.12/site-packages/torch/distributed/c10d_logger.py:83: UserWarning: barrier(): using the device under current context. You can specify `device_id` in `init_process_group` to mute this warning.
  return func(*args, **kwargs)
make: Nothing to be done for 'default'.
make: Leaving directory '/root/.cache/user_artifacts/mcore_318g61w_av3/megatron/core/datasets'
>>> done with dataset index builder. Compilation time: 0.035 seconds
WARNING:megatron.core.transformer.moe.token_dispatcher:BT_MOE_PROBS_A2A_COMM=1: MoE probs all-to-all on a second communicator ACTIVE
WARNING:megatron.core.transformer.moe.token_dispatcher:BT_MOE_PROBS_A2A_COMM: armed — second communicator created over 16 EP ranks (shared by all MoE layers)
WARNING:megatron.core.transformer.moe.token_dispatcher:BT_MOE_PROBS_A2A_COMM=1: MoE probs all-to-all on a second communicator ACTIVE
WARNING:megatron.core.transformer.moe.token_dispatcher:BT_MOE_PROBS_A2A_COMM: armed — second communicator created over 16 EP ranks (shared by all MoE layers)
WARNING:megatron.core.transformer.moe.token_dispatcher:BT_MOE_PROBS_A2A_COMM=1: MoE probs all-to-all on a second communicator ACTIVE
WARNING:megatron.core.transformer.moe.token_dispatcher:BT_MOE_PROBS_A2A_COMM=1: MoE probs all-to-all on a second communicator ACTIVE
WARNING:megatron.core.transformer.moe.token_dispatcher:BT_MOE_PROBS_A2A_COMM: armed — second communicator created over 16 EP ranks (shared by all MoE layers)
WARNING:megatron.core.transformer.moe.token_dispatcher:BT_MOE_PROBS_A2A_COMM: armed — second communicator created over 16 EP ranks (shared by all MoE layers)
WARNING:megatron.core.transformer.moe.token_dispatcher:BT_MOE_PROBS_A2A_COMM=1: MoE probs all-to-all on a second communicator ACTIVE
WARNING:megatron.core.transformer.moe.token_dispatcher:BT_MOE_PROBS_A2A_COMM: armed — second communicator created over 16 EP ranks (shared by all MoE layers)
WARNING:megatron.core.transformer.moe.token_dispatcher:BT_MOE_PROBS_A2A_COMM=1: MoE probs all-to-all on a second communicator ACTIVE
WARNING:megatron.core.transformer.moe.token_dispatcher:BT_MOE_PROBS_A2A_COMM: armed — second communicator created over 16 EP ranks (shared by all MoE layers)
WARNING:megatron.core.transformer.moe.token_dispatcher:BT_MOE_PROBS_A2A_COMM=1: MoE probs all-to-all on a second communicator ACTIVE
WARNING:megatron.core.transformer.moe.token_dispatcher:BT_MOE_PROBS_A2A_COMM: armed — second communicator created over 16 EP ranks (shared by all MoE layers)
WARNING:megatron.core.transformer.moe.token_dispatcher:BT_MOE_PROBS_A2A_COMM=1: MoE probs all-to-all on a second communicator ACTIVE
WARNING:megatron.core.transformer.moe.token_dispatcher:BT_MOE_PROBS_A2A_COMM: armed — second communicator created over 16 EP ranks (shared by all MoE layers)
WARNING:megatron.core.transformer.moe.token_dispatcher:BT_MOE_PROBS_A2A_COMM=1: MoE probs all-to-all on a second communicator ACTIVE
WARNING:megatron.core.transformer.moe.token_dispatcher:BT_MOE_PROBS_A2A_COMM: armed — second communicator created over 16 EP ranks (shared by all MoE layers)
WARNING:megatron.core.transformer.moe.token_dispatcher:BT_MOE_PROBS_A2A_COMM=1: MoE probs all-to-all on a second communicator ACTIVE
WARNING:megatron.core.transformer.moe.token_dispatcher:BT_MOE_PROBS_A2A_COMM: armed — second communicator created over 16 EP ranks (shared by all MoE layers)
WARNING:megatron.core.transformer.moe.token_dispatcher:BT_MOE_PROBS_A2A_COMM=1: MoE probs all-to-all on a second communicator ACTIVE
WARNING:megatron.core.transformer.moe.token_dispatcher:BT_MOE_PROBS_A2A_COMM: armed — second communicator created over 16 EP ranks (shared by all MoE layers)
WARNING:megatron.core.transformer.moe.token_dispatcher:BT_MOE_PROBS_A2A_COMM=1: MoE probs all-to-all on a second communicator ACTIVE
WARNING:megatron.core.transformer.moe.token_dispatcher:BT_MOE_PROBS_A2A_COMM: armed — second communicator created over 16 EP ranks (shared by all MoE layers)
WARNING:megatron.core.transformer.moe.token_dispatcher:BT_MOE_PROBS_A2A_COMM=1: MoE probs all-to-all on a second communicator ACTIVE
WARNING:megatron.core.transformer.moe.token_dispatcher:BT_MOE_PROBS_A2A_COMM: armed — second communicator created over 16 EP ranks (shared by all MoE layers)
WARNING:megatron.core.transformer.moe.token_dispatcher:BT_MOE_PROBS_A2A_COMM=1: MoE probs all-to-all on a second communicator ACTIVE
WARNING:megatron.core.transformer.moe.token_dispatcher:BT_MOE_PROBS_A2A_COMM: armed — second communicator created over 16 EP ranks (shared by all MoE layers)
WARNING:megatron.core.transformer.moe.token_dispatcher:BT_MOE_PROBS_A2A_COMM=1: MoE probs all-to-all on a second communicator ACTIVE
WARNING:megatron.core.transformer.moe.token_dispatcher:BT_MOE_PROBS_A2A_COMM=1: MoE probs all-to-all on a second communicator ACTIVE
WARNING:megatron.core.transformer.moe.token_dispatcher:BT_MOE_PROBS_A2A_COMM: armed — second communicator created over 16 EP ranks (shared by all MoE layers)
WARNING:megatron.core.transformer.moe.token_dispatcher:BT_MOE_PROBS_A2A_COMM: armed — second communicator created over 16 EP ranks (shared by all MoE layers)
Fetching 142 files:   0%|          | 0/142 [00:00<?, ?it/s]Fetching 142 files: 100%|██████████| 142/142 [00:00<00:00, 10174.44it/s]
Fetching 142 files:   0%|          | 0/142 [00:00<?, ?it/s]Fetching 142 files: 100%|██████████| 142/142 [00:00<00:00, 12866.52it/s]
Fetching 142 files:   0%|          | 0/142 [00:00<?, ?it/s]Fetching 142 files: 100%|██████████| 142/142 [00:00<00:00, 13413.61it/s]
Fetching 142 files:   0%|          | 0/142 [00:00<?, ?it/s]Fetching 142 files: 100%|██████████| 142/142 [00:00<00:00, 12517.94it/s]
Fetching 142 files:   0%|          | 0/142 [00:00<?, ?it/s]Fetching 142 files: 100%|██████████| 142/142 [00:00<00:00, 10034.22it/s]
Fetching 142 files:   0%|          | 0/142 [00:00<?, ?it/s]Fetching 142 files: 100%|██████████| 142/142 [00:00<00:00, 14392.52it/s]
Fetching 142 files:   0%|          | 0/142 [00:00<?, ?it/s]Fetching 142 files: 100%|██████████| 142/142 [00:00<00:00, 12479.39it/s]
Fetching 142 files:   0%|          | 0/142 [00:00<?, ?it/s]Fetching 142 files: 100%|██████████| 142/142 [00:00<00:00, 15144.97it/s]
Fetching 142 files:   0%|          | 0/142 [00:00<?, ?it/s]Fetching 142 files: 100%|██████████| 142/142 [00:00<00:00, 16016.97it/s]
Fetching 142 files:   0%|          | 0/142 [00:00<?, ?it/s]Fetching 142 files: 100%|██████████| 142/142 [00:00<00:00, 17881.86it/s]
Fetching 142 files:   0%|          | 0/142 [00:00<?, ?it/s]Fetching 142 files: 100%|██████████| 142/142 [00:00<00:00, 12775.99it/s]
Fetching 142 files:   0%|          | 0/142 [00:00<?, ?it/s]Fetching 142 files: 100%|██████████| 142/142 [00:00<00:00, 12897.73it/s]
Fetching 142 files:   0%|          | 0/142 [00:00<?, ?it/s]Fetching 142 files: 100%|██████████| 142/142 [00:00<00:00, 12843.21it/s]
Fetching 142 files:   0%|          | 0/142 [00:00<?, ?it/s]Fetching 142 files: 100%|██████████| 142/142 [00:00<00:00, 12475.20it/s]
Fetching 142 files:   0%|          | 0/142 [00:00<?, ?it/s]Fetching 142 files: 100%|██████████| 142/142 [00:00<00:00, 13447.53it/s]
Fetching 142 files:   0%|          | 0/142 [00:00<?, ?it/s]Fetching 142 files: 100%|██████████| 142/142 [00:00<00:00, 12824.96it/s]


INFO:trainers_server.dp_worker.api.megatron_controller:LoRA training: disabled dynamic MoE router expert-bias updates
INFO:trainers_server.dp_worker.api.megatron_controller:LoRA training: froze 75 MoE router expert-bias updates
INFO:trainers_server.dp_worker.api.megatron_controller:LoRA training: disabled dynamic MoE router expert-bias updates
INFO:trainers_server.dp_worker.api.megatron_controller:LoRA training: froze 75 MoE router expert-bias updates

INFO:trainers_server.dp_worker.api.megatron_controller:LoRA training: disabled dynamic MoE router expert-bias updates
INFO:trainers_server.dp_worker.api.megatron_controller:LoRA training: froze 75 MoE router expert-bias updates


INFO:trainers_server.dp_worker.api.megatron_controller:LoRA training: disabled dynamic MoE router expert-bias updates
INFO:trainers_server.dp_worker.api.megatron_controller:LoRA training: froze 75 MoE router expert-bias updates
INFO:trainers_server.dp_worker.api.megatron_controller:LoRA training: disabled dynamic MoE router expert-bias updates
INFO:trainers_server.dp_worker.api.megatron_controller:LoRA training: froze 75 MoE router expert-bias updates




INFO:trainers_server.dp_worker.api.megatron_controller:LoRA training: disabled dynamic MoE router expert-bias updates
INFO:trainers_server.dp_worker.api.megatron_controller:LoRA training: froze 75 MoE router expert-bias updates
INFO:trainers_server.dp_worker.api.megatron_controller:LoRA training: disabled dynamic MoE router expert-bias updates
INFO:trainers_server.dp_worker.api.megatron_controller:LoRA training: froze 75 MoE router expert-bias updates
INFO:trainers_server.dp_worker.api.megatron_controller:LoRA training: disabled dynamic MoE router expert-bias updates
INFO:trainers_server.dp_worker.api.megatron_controller:LoRA training: froze 75 MoE router expert-bias updates


INFO:trainers_server.dp_worker.api.megatron_controller:LoRA training: disabled dynamic MoE router expert-bias updates
INFO:trainers_server.dp_worker.api.megatron_controller:LoRA training: froze 75 MoE router expert-bias updates
INFO:trainers_server.dp_worker.api.megatron_controller:LoRA training: disabled dynamic MoE router expert-bias updates
INFO:trainers_server.dp_worker.api.megatron_controller:LoRA training: froze 75 MoE router expert-bias updates
INFO:trainers_server.dp_worker.api.megatron_controller:LoRA training: disabled dynamic MoE router expert-bias updates
INFO:trainers_server.dp_worker.api.megatron_controller:LoRA training: froze 75 MoE router expert-bias updates
Loading from zai-org/GLM-5.2-FP8 ━━━━━━━━━━━ 100% 0:00:00 (3516/3516) GLM5Bridge
[PEFT+Recompute] Patched decoder block forward to enable grad on hidden_states input. This ensures checkpoint backward is called when only adapters are trainable (PP=1 with frozen base model).
 > number of parameters on (tensor, pipeline) model parallel rank (0, 0): 64093317376

INFO:trainers_server.dp_worker.api.megatron_controller:LoRA training: disabled dynamic MoE router expert-bias updates
INFO:trainers_server.dp_worker.api.megatron_controller:LoRA training: froze 75 MoE router expert-bias updates
INFO:trainers_server.dp_worker.api.megatron_controller:LoRA training: disabled dynamic MoE router expert-bias updates
INFO:trainers_server.dp_worker.api.megatron_controller:LoRA training: froze 75 MoE router expert-bias updates



INFO:trainers_server.dp_worker.api.megatron_controller:LoRA training: disabled dynamic MoE router expert-bias updates
INFO:trainers_server.dp_worker.api.megatron_controller:LoRA training: froze 75 MoE router expert-bias updates
INFO:trainers_server.dp_worker.api.megatron_controller:LoRA training: disabled dynamic MoE router expert-bias updates
INFO:trainers_server.dp_worker.api.megatron_controller:LoRA training: froze 75 MoE router expert-bias updates
INFO:trainers_server.dp_worker.api.megatron_controller:LoRA training: disabled dynamic MoE router expert-bias updates
INFO:trainers_server.dp_worker.api.megatron_controller:LoRA training: froze 75 MoE router expert-bias updates
INFO:trainers_server.dp_worker.api.megatron_controller:weight_sync disabled
INFO:trainers_server.dp_worker.api.megatron_controller:MegatronBridgeController ready
INFO:trainers_server.dp_worker.api.megatron_controller:weight_sync disabled
INFO:trainers_server.dp_worker.api.megatron_controller:weight_sync disabled
INFO:trainers_server.dp_worker.api.megatron_controller:MegatronBridgeController ready
INFO:trainers_server.dp_worker.api.megatron_controller:MegatronBridgeController ready
INFO:trainers_server.dp_worker.api.megatron_controller:weight_sync disabled
INFO:trainers_server.dp_worker.api.megatron_controller:MegatronBridgeController ready
INFO:trainers_server.dp_worker.api.megatron_controller:weight_sync disabled
INFO:trainers_server.dp_worker.api.megatron_controller:weight_sync disabled
INFO:trainers_server.dp_worker.api.megatron_controller:MegatronBridgeController ready
INFO:trainers_server.dp_worker.api.megatron_controller:MegatronBridgeController ready
INFO:trainers_server.dp_worker.api.megatron_controller:weight_sync disabled
INFO:trainers_server.dp_worker.api.megatron_controller:weight_sync disabled
[sitecustomize av3] megatron_core re-pointed -> /root/.cache/user_artifacts/mcore_318g61w_av3
[sitecustomize av3] megatron_core re-pointed -> /root/.cache/user_artifacts/mcore_318g61w_av3
[sitecustomize av3] megatron_core re-pointed -> /root/.cache/user_artifacts/mcore_318g61w_av3
INFO:trainers_server.dp_worker.api.megatron_controller:weight_sync disabled
[sitecustomize av3] megatron_core re-pointed -> /root/.cache/user_artifacts/mcore_318g61w_av3
[sitecustomize av3] megatron_core re-pointed -> /root/.cache/user_artifacts/mcore_318g61w_av3
[sitecustomize av3] megatron_core re-pointed -> /root/.cache/user_artifacts/mcore_318g61w_av3INFO:trainers_server.dp_worker.api.megatron_controller:weight_sync disabled

INFO:trainers_server.dp_worker.api.megatron_controller:MegatronBridgeController ready
INFO:trainers_server.dp_worker.api.megatron_controller:weight_sync disabled
INFO:trainers_server.dp_worker.api.megatron_controller:weight_sync disabled
[sitecustomize av3] megatron_core re-pointed -> /root/.cache/user_artifacts/mcore_318g61w_av3
INFO:trainers_server.dp_worker.api.megatron_controller:weight_sync disabled
INFO:trainers_server.dp_worker.api.megatron_controller:MegatronBridgeController ready
INFO:trainers_server.dp_worker.api.megatron_controller:weight_sync disabled
[sitecustomize av3] megatron_core re-pointed -> /root/.cache/user_artifacts/mcore_318g61w_av3
[sitecustomize av3] megatron_core re-pointed -> /root/.cache/user_artifacts/mcore_318g61w_av3
INFO:trainers_server.dp_worker.api.megatron_controller:MegatronBridgeController ready
[sitecustomize av3] megatron_core re-pointed -> /root/.cache/user_artifacts/mcore_318g61w_av3
[sitecustomize av3] megatron_core re-pointed -> /root/.cache/user_artifacts/mcore_318g61w_av3
INFO:trainers_server.dp_worker.api.megatron_controller:MegatronBridgeController ready
[sitecustomize av3] megatron_core re-pointed -> /root/.cache/user_artifacts/mcore_318g61w_av3
INFO:trainers_server.dp_worker.api.megatron_controller:MegatronBridgeController ready
INFO:trainers_server.dp_worker.api.megatron_controller:MegatronBridgeController ready
[sitecustomize av3] megatron_core re-pointed -> /root/.cache/user_artifacts/mcore_318g61w_av3
[sitecustomize av3] megatron_core re-pointed -> /root/.cache/user_artifacts/mcore_318g61w_av3
INFO:trainers_server.dp_worker.api.megatron_controller:MegatronBridgeController ready
/root/.cache/user_artifacts/trainers_main/server/.venv/lib/python3.12/site-packages/torch/distributed/c10d_logger.py:83: UserWarning: barrier(): using the device under current context. You can specify `device_id` in `init_process_group` to mute this warning.
  return func(*args, **kwargs)
[sitecustomize av3] megatron_core re-pointed -> /root/.cache/user_artifacts/mcore_318g61w_av3
INFO:trainers_server.dp_worker.api.megatron_controller:weight_sync disabled
[sitecustomize av3] megatron_core re-pointed -> /root/.cache/user_artifacts/mcore_318g61w_av3
[sitecustomize av3] megatron_core re-pointed -> /root/.cache/user_artifacts/mcore_318g61w_av3
[sitecustomize av3] megatron_core re-pointed -> /root/.cache/user_artifacts/mcore_318g61w_av3
[sitecustomize av3] megatron_core re-pointed -> /root/.cache/user_artifacts/mcore_318g61w_av3
[sitecustomize av3] megatron_core re-pointed -> /root/.cache/user_artifacts/mcore_318g61w_av3
[sitecustomize av3] megatron_core re-pointed -> /root/.cache/user_artifacts/mcore_318g61w_av3
[sitecustomize av3] megatron_core re-pointed -> /root/.cache/user_artifacts/mcore_318g61w_av3
[sitecustomize av3] megatron_core re-pointed -> /root/.cache/user_artifacts/mcore_318g61w_av3
INFO:trainers_server.dp_worker.api.megatron_controller:MegatronBridgeController ready
INFO:trainers_server.dp_worker.api.megatron_controller:MegatronBridgeController ready
[sitecustomize av3] megatron_core re-pointed -> /root/.cache/user_artifacts/mcore_318g61w_av3
[sitecustomize av3] megatron_core re-pointed -> /root/.cache/user_artifacts/mcore_318g61w_av3
INFO:trainers_server.dp_worker.api.megatron_controller:weight_sync disabled
[sitecustomize av3] megatron_core re-pointed -> /root/.cache/user_artifacts/mcore_318g61w_av3
[sitecustomize av3] megatron_core re-pointed -> /root/.cache/user_artifacts/mcore_318g61w_av3
[sitecustomize av3] megatron_core re-pointed -> /root/.cache/user_artifacts/mcore_318g61w_av3
[sitecustomize av3] megatron_core re-pointed -> /root/.cache/user_artifacts/mcore_318g61w_av3
[sitecustomize av3] megatron_core re-pointed -> /root/.cache/user_artifacts/mcore_318g61w_av3
[sitecustomize av3] megatron_core re-pointed -> /root/.cache/user_artifacts/mcore_318g61w_av3
[sitecustomize av3] megatron_core re-pointed -> /root/.cache/user_artifacts/mcore_318g61w_av3
INFO:trainers_server.dp_worker.api.megatron_controller:MegatronBridgeController ready
INFO:trainers_server.dp_worker.api.megatron_controller:starting — forward+backward seq=64 across PP=1 (establishing pipeline p2p connections + compiling DSA/Triton/cuDNN forward and backward kernels)...
WARNING:megatron.core.lookahead_checkpoint:BT_MOE_LOOKAHEAD_RECOMPUTE present but DISABLED (env unset or != '1'); status-quo checkpoint recompute order
WARNING:megatron.core.lookahead_checkpoint:BT_MOE_LOOKAHEAD_RECOMPUTE present but DISABLED (env unset or != '1'); status-quo checkpoint recompute order
WARNING:megatron.core.lookahead_checkpoint:BT_MOE_LOOKAHEAD_RECOMPUTE present but DISABLED (env unset or != '1'); status-quo checkpoint recompute order
WARNING:megatron.core.lookahead_checkpoint:BT_MOE_LOOKAHEAD_RECOMPUTE present but DISABLED (env unset or != '1'); status-quo checkpoint recompute order
WARNING:megatron.core.lookahead_checkpoint:BT_MOE_LOOKAHEAD_RECOMPUTE present but DISABLED (env unset or != '1'); status-quo checkpoint recompute order
WARNING:megatron.core.lookahead_checkpoint:BT_MOE_LOOKAHEAD_RECOMPUTE present but DISABLED (env unset or != '1'); status-quo checkpoint recompute order
WARNING:megatron.core.lookahead_checkpoint:BT_MOE_LOOKAHEAD_RECOMPUTE present but DISABLED (env unset or != '1'); status-quo checkpoint recompute order
WARNING:megatron.core.lookahead_checkpoint:BT_MOE_LOOKAHEAD_RECOMPUTE present but DISABLED (env unset or != '1'); status-quo checkpoint recompute order
WARNING:megatron.core.lookahead_checkpoint:BT_MOE_LOOKAHEAD_RECOMPUTE present but DISABLED (env unset or != '1'); status-quo checkpoint recompute order
WARNING:megatron.core.lookahead_checkpoint:BT_MOE_LOOKAHEAD_RECOMPUTE present but DISABLED (env unset or != '1'); status-quo checkpoint recompute order
WARNING:megatron.core.lookahead_checkpoint:BT_MOE_LOOKAHEAD_RECOMPUTE present but DISABLED (env unset or != '1'); status-quo checkpoint recompute order
WARNING:megatron.core.lookahead_checkpoint:BT_MOE_LOOKAHEAD_RECOMPUTE present but DISABLED (env unset or != '1'); status-quo checkpoint recompute order
WARNING:megatron.core.lookahead_checkpoint:BT_MOE_LOOKAHEAD_RECOMPUTE present but DISABLED (env unset or != '1'); status-quo checkpoint recompute order
WARNING:megatron.core.lookahead_checkpoint:BT_MOE_LOOKAHEAD_RECOMPUTE present but DISABLED (env unset or != '1'); status-quo checkpoint recompute order
WARNING:megatron.core.lookahead_checkpoint:BT_MOE_LOOKAHEAD_RECOMPUTE present but DISABLED (env unset or != '1'); status-quo checkpoint recompute order
WARNING:megatron.core.lookahead_checkpoint:BT_MOE_LOOKAHEAD_RECOMPUTE present but DISABLED (env unset or != '1'); status-quo checkpoint recompute order
WARNING:megatron.core.models.common.embeddings.rope_utils:BT_THD_ROPE_HOST_CACHE=1: THD RoPE cu_seqlens host cache ACTIVE
WARNING:megatron.core.transformer.experimental_attention_variant.dsa:BT_DSA_CP_LAYOUT_CACHE=1: DSA packed-CP layout cache ACTIVE
WARNING:megatron.core.models.common.embeddings.rope_utils:BT_THD_ROPE_HOST_CACHE=1: THD RoPE cu_seqlens host cache ACTIVE
WARNING:megatron.core.models.common.embeddings.rope_utils:BT_THD_ROPE_HOST_CACHE=1: THD RoPE cu_seqlens host cache ACTIVE
WARNING:megatron.core.models.common.embeddings.rope_utils:BT_THD_ROPE_HOST_CACHE=1: THD RoPE cu_seqlens host cache ACTIVE
WARNING:megatron.core.models.common.embeddings.rope_utils:BT_THD_ROPE_HOST_CACHE=1: THD RoPE cu_seqlens host cache ACTIVE
WARNING:megatron.core.models.common.embeddings.rope_utils:BT_THD_ROPE_HOST_CACHE=1: THD RoPE cu_seqlens host cache ACTIVE
WARNING:megatron.core.models.common.embeddings.rope_utils:BT_THD_ROPE_HOST_CACHE=1: THD RoPE cu_seqlens host cache ACTIVE
WARNING:megatron.core.transformer.experimental_attention_variant.dsa:BT_DSA_CP_LAYOUT_CACHE=1: DSA packed-CP layout cache ACTIVE
WARNING:megatron.core.transformer.experimental_attention_variant.dsa:BT_DSA_CP_LAYOUT_CACHE=1: DSA packed-CP layout cache ACTIVE
WARNING:megatron.core.transformer.experimental_attention_variant.dsa:BT_DSA_CP_LAYOUT_CACHE=1: DSA packed-CP layout cache ACTIVE
WARNING:megatron.core.transformer.experimental_attention_variant.dsa:BT_DSA_CP_LAYOUT_CACHE=1: DSA packed-CP layout cache ACTIVE
WARNING:megatron.core.transformer.experimental_attention_variant.dsa:BT_DSA_CP_LAYOUT_CACHE=1: DSA packed-CP layout cache ACTIVE
WARNING:megatron.core.models.common.embeddings.rope_utils:BT_THD_ROPE_HOST_CACHE=1: THD RoPE cu_seqlens host cache ACTIVE
WARNING:megatron.core.transformer.experimental_attention_variant.dsa:BT_DSA_CP_LAYOUT_CACHE=1: DSA packed-CP layout cache ACTIVE
WARNING:megatron.core.transformer.experimental_attention_variant.dsa:BT_DSA_CP_LAYOUT_CACHE=1: DSA packed-CP layout cache ACTIVE
WARNING:megatron.core.models.common.embeddings.rope_utils:BT_THD_ROPE_HOST_CACHE=1: THD RoPE cu_seqlens host cache ACTIVE
WARNING:megatron.core.models.common.embeddings.rope_utils:BT_THD_ROPE_HOST_CACHE=1: THD RoPE cu_seqlens host cache ACTIVE
WARNING:megatron.core.models.common.embeddings.rope_utils:BT_THD_ROPE_HOST_CACHE=1: THD RoPE cu_seqlens host cache ACTIVE
WARNING:megatron.core.models.common.embeddings.rope_utils:BT_THD_ROPE_HOST_CACHE=1: THD RoPE cu_seqlens host cache ACTIVE
WARNING:megatron.core.models.common.embeddings.rope_utils:BT_THD_ROPE_HOST_CACHE=1: THD RoPE cu_seqlens host cache ACTIVE
WARNING:megatron.core.models.common.embeddings.rope_utils:BT_THD_ROPE_HOST_CACHE=1: THD RoPE cu_seqlens host cache ACTIVE
WARNING:megatron.core.models.common.embeddings.rope_utils:BT_THD_ROPE_HOST_CACHE=1: THD RoPE cu_seqlens host cache ACTIVE
WARNING:megatron.core.models.common.embeddings.rope_utils:BT_THD_ROPE_HOST_CACHE=1: THD RoPE cu_seqlens host cache ACTIVE
WARNING:megatron.core.transformer.experimental_attention_variant.dsa:BT_DSA_CP_LAYOUT_CACHE=1: DSA packed-CP layout cache ACTIVE
WARNING:megatron.core.transformer.experimental_attention_variant.dsa:BT_DSA_CP_LAYOUT_CACHE=1: DSA packed-CP layout cache ACTIVE
WARNING:megatron.core.transformer.experimental_attention_variant.dsa:BT_DSA_CP_LAYOUT_CACHE=1: DSA packed-CP layout cache ACTIVE
WARNING:megatron.core.transformer.experimental_attention_variant.dsa:BT_DSA_CP_LAYOUT_CACHE=1: DSA packed-CP layout cache ACTIVE
WARNING:megatron.core.transformer.experimental_attention_variant.dsa:BT_DSA_CP_LAYOUT_CACHE=1: DSA packed-CP layout cache ACTIVE
WARNING:megatron.core.transformer.experimental_attention_variant.dsa:BT_DSA_CP_LAYOUT_CACHE=1: DSA packed-CP layout cache ACTIVE
WARNING:megatron.core.transformer.experimental_attention_variant.dsa:BT_DSA_CP_LAYOUT_CACHE=1: DSA packed-CP layout cache ACTIVE
WARNING:megatron.core.transformer.experimental_attention_variant.dsa:BT_DSA_CP_LAYOUT_CACHE=1: DSA packed-CP layout cache ACTIVE
/root/.cache/user_artifacts/trainers_main/server/.venv/lib/python3.12/site-packages/torch/cuda/__init__.py:61: FutureWarning: The pynvml package is deprecated. Please install nvidia-ml-py instead. If you did not install pynvml directly, please report this to the maintainers of the package that installed pynvml for you.
  import pynvml  # type: ignore[import]
/root/.cache/user_artifacts/trainers_main/server/.venv/lib/python3.12/site-packages/torch/cuda/__init__.py:61: FutureWarning: The pynvml package is deprecated. Please install nvidia-ml-py instead. If you did not install pynvml directly, please report this to the maintainers of the package that installed pynvml for you.
  import pynvml  # type: ignore[import]
/root/.cache/user_artifacts/trainers_main/server/.venv/lib/python3.12/site-packages/torch/cuda/__init__.py:61: FutureWarning: The pynvml package is deprecated. Please install nvidia-ml-py instead. If you did not install pynvml directly, please report this to the maintainers of the package that installed pynvml for you.
  import pynvml  # type: ignore[import]
/root/.cache/user_artifacts/trainers_main/server/.venv/lib/python3.12/site-packages/torch/cuda/__init__.py:61: FutureWarning: The pynvml package is deprecated. Please install nvidia-ml-py instead. If you did not install pynvml directly, please report this to the maintainers of the package that installed pynvml for you.
  import pynvml  # type: ignore[import]
/root/.cache/user_artifacts/trainers_main/server/.venv/lib/python3.12/site-packages/torch/cuda/__init__.py:61: FutureWarning: The pynvml package is deprecated. Please install nvidia-ml-py instead. If you did not install pynvml directly, please report this to the maintainers of the package that installed pynvml for you.
  import pynvml  # type: ignore[import]
/root/.cache/user_artifacts/trainers_main/server/.venv/lib/python3.12/site-packages/torch/cuda/__init__.py:61: FutureWarning: The pynvml package is deprecated. Please install nvidia-ml-py instead. If you did not install pynvml directly, please report this to the maintainers of the package that installed pynvml for you.
  import pynvml  # type: ignore[import]
/root/.cache/user_artifacts/trainers_main/server/.venv/lib/python3.12/site-packages/torch/cuda/__init__.py:61: FutureWarning: The pynvml package is deprecated. Please install nvidia-ml-py instead. If you did not install pynvml directly, please report this to the maintainers of the package that installed pynvml for you.
  import pynvml  # type: ignore[import]
/root/.cache/user_artifacts/trainers_main/server/.venv/lib/python3.12/site-packages/torch/cuda/__init__.py:61: FutureWarning: The pynvml package is deprecated. Please install nvidia-ml-py instead. If you did not install pynvml directly, please report this to the maintainers of the package that installed pynvml for you.
  import pynvml  # type: ignore[import]
/root/.cache/user_artifacts/trainers_main/server/.venv/lib/python3.12/site-packages/torch/cuda/__init__.py:61: FutureWarning: The pynvml package is deprecated. Please install nvidia-ml-py instead. If you did not install pynvml directly, please report this to the maintainers of the package that installed pynvml for you.
  import pynvml  # type: ignore[import]
/root/.cache/user_artifacts/trainers_main/server/.venv/lib/python3.12/site-packages/torch/cuda/__init__.py:61: FutureWarning: The pynvml package is deprecated. Please install nvidia-ml-py instead. If you did not install pynvml directly, please report this to the maintainers of the package that installed pynvml for you.
  import pynvml  # type: ignore[import]
/root/.cache/user_artifacts/trainers_main/server/.venv/lib/python3.12/site-packages/torch/cuda/__init__.py:61: FutureWarning: The pynvml package is deprecated. Please install nvidia-ml-py instead. If you did not install pynvml directly, please report this to the maintainers of the package that installed pynvml for you.
  import pynvml  # type: ignore[import]
/root/.cache/user_artifacts/trainers_main/server/.venv/lib/python3.12/site-packages/torch/cuda/__init__.py:61: FutureWarning: The pynvml package is deprecated. Please install nvidia-ml-py instead. If you did not install pynvml directly, please report this to the maintainers of the package that installed pynvml for you.
  import pynvml  # type: ignore[import]
/root/.cache/user_artifacts/trainers_main/server/.venv/lib/python3.12/site-packages/torch/cuda/__init__.py:61: FutureWarning: The pynvml package is deprecated. Please install nvidia-ml-py instead. If you did not install pynvml directly, please report this to the maintainers of the package that installed pynvml for you.
  import pynvml  # type: ignore[import]
/root/.cache/user_artifacts/trainers_main/server/.venv/lib/python3.12/site-packages/torch/cuda/__init__.py:61: FutureWarning: The pynvml package is deprecated. Please install nvidia-ml-py instead. If you did not install pynvml directly, please report this to the maintainers of the package that installed pynvml for you.
  import pynvml  # type: ignore[import]
/root/.cache/user_artifacts/trainers_main/server/.venv/lib/python3.12/site-packages/torch/cuda/__init__.py:61: FutureWarning: The pynvml package is deprecated. Please install nvidia-ml-py instead. If you did not install pynvml directly, please report this to the maintainers of the package that installed pynvml for you.
  import pynvml  # type: ignore[import]
/root/.cache/user_artifacts/trainers_main/server/.venv/lib/python3.12/site-packages/torch/cuda/__init__.py:61: FutureWarning: The pynvml package is deprecated. Please install nvidia-ml-py instead. If you did not install pynvml directly, please report this to the maintainers of the package that installed pynvml for you.
  import pynvml  # type: ignore[import]
/root/.cache/user_artifacts/trainers_main/server/.venv/lib/python3.12/site-packages/nvidia_cutlass_dsl/python_packages/cutlass/cute/core.py:5791: DeprecationWarning: Use explicit `struct.scalar.ptr` for pointer instead.
  warnings.warn(
/root/.cache/user_artifacts/trainers_main/server/.venv/lib/python3.12/site-packages/nvidia_cutlass_dsl/python_packages/cutlass/cute/core.py:5791: DeprecationWarning: Use explicit `struct.scalar.ptr` for pointer instead.
  warnings.warn(
/root/.cache/user_artifacts/trainers_main/server/.venv/lib/python3.12/site-packages/nvidia_cutlass_dsl/python_packages/cutlass/cute/core.py:5791: DeprecationWarning: Use explicit `struct.scalar.ptr` for pointer instead.
  warnings.warn(
/root/.cache/user_artifacts/trainers_main/server/.venv/lib/python3.12/site-packages/nvidia_cutlass_dsl/python_packages/cutlass/cute/core.py:5791: DeprecationWarning: Use explicit `struct.scalar.ptr` for pointer instead.
  warnings.warn(
/root/.cache/user_artifacts/trainers_main/server/.venv/lib/python3.12/site-packages/nvidia_cutlass_dsl/python_packages/cutlass/cute/core.py:5791: DeprecationWarning: Use explicit `struct.scalar.ptr` for pointer instead.
  warnings.warn(
/root/.cache/user_artifacts/trainers_main/server/.venv/lib/python3.12/site-packages/nvidia_cutlass_dsl/python_packages/cutlass/cute/core.py:5791: DeprecationWarning: Use explicit `struct.scalar.ptr` for pointer instead.
  warnings.warn(
/root/.cache/user_artifacts/trainers_main/server/.venv/lib/python3.12/site-packages/nvidia_cutlass_dsl/python_packages/cutlass/cute/core.py:5791: DeprecationWarning: Use explicit `struct.scalar.ptr` for pointer instead.
  warnings.warn(
/root/.cache/user_artifacts/trainers_main/server/.venv/lib/python3.12/site-packages/nvidia_cutlass_dsl/python_packages/cutlass/cute/core.py:5791: DeprecationWarning: Use explicit `struct.scalar.ptr` for pointer instead.
  warnings.warn(
/root/.cache/user_artifacts/trainers_main/server/.venv/lib/python3.12/site-packages/nvidia_cutlass_dsl/python_packages/cutlass/cute/core.py:5791: DeprecationWarning: Use explicit `struct.scalar.ptr` for pointer instead.
  warnings.warn(
/root/.cache/user_artifacts/trainers_main/server/.venv/lib/python3.12/site-packages/nvidia_cutlass_dsl/python_packages/cutlass/cute/core.py:5791: DeprecationWarning: Use explicit `struct.scalar.ptr` for pointer instead.
  warnings.warn(
/root/.cache/user_artifacts/trainers_main/server/.venv/lib/python3.12/site-packages/nvidia_cutlass_dsl/python_packages/cutlass/cute/core.py:5791: DeprecationWarning: Use explicit `struct.scalar.ptr` for pointer instead.
  warnings.warn(
/root/.cache/user_artifacts/trainers_main/server/.venv/lib/python3.12/site-packages/nvidia_cutlass_dsl/python_packages/cutlass/cute/core.py:5791: DeprecationWarning: Use explicit `struct.scalar.ptr` for pointer instead.
  warnings.warn(
/root/.cache/user_artifacts/trainers_main/server/.venv/lib/python3.12/site-packages/nvidia_cutlass_dsl/python_packages/cutlass/cute/core.py:5791: DeprecationWarning: Use explicit `struct.scalar.ptr` for pointer instead.
  warnings.warn(
/root/.cache/user_artifacts/trainers_main/server/.venv/lib/python3.12/site-packages/nvidia_cutlass_dsl/python_packages/cutlass/cute/core.py:5791: DeprecationWarning: Use explicit `struct.scalar.ptr` for pointer instead.
  warnings.warn(
/root/.cache/user_artifacts/trainers_main/server/.venv/lib/python3.12/site-packages/nvidia_cutlass_dsl/python_packages/cutlass/cute/core.py:5791: DeprecationWarning: Use explicit `struct.scalar.ptr` for pointer instead.
  warnings.warn(
/root/.cache/user_artifacts/trainers_main/server/.venv/lib/python3.12/site-packages/nvidia_cutlass_dsl/python_packages/cutlass/cute/core.py:5791: DeprecationWarning: Use explicit `struct.scalar.ptr` for pointer instead.
  warnings.warn(
/root/.cache/user_artifacts/trainers_main/server/.venv/lib/python3.12/site-packages/nvidia_cutlass_dsl/python_packages/cutlass/cute/core.py:5791: DeprecationWarning: Use explicit `struct.scalar.ptr` for pointer instead.
  warnings.warn(
/root/.cache/user_artifacts/trainers_main/server/.venv/lib/python3.12/site-packages/nvidia_cutlass_dsl/python_packages/cutlass/cute/core.py:5791: DeprecationWarning: Use explicit `struct.scalar.ptr` for pointer instead.
  warnings.warn(
/root/.cache/user_artifacts/trainers_main/server/.venv/lib/python3.12/site-packages/nvidia_cutlass_dsl/python_packages/cutlass/cute/core.py:5791: DeprecationWarning: Use explicit `struct.scalar.ptr` for pointer instead.
  warnings.warn(
/root/.cache/user_artifacts/trainers_main/server/.venv/lib/python3.12/site-packages/nvidia_cutlass_dsl/python_packages/cutlass/cute/core.py:5791: DeprecationWarning: Use explicit `struct.scalar.ptr` for pointer instead.
  warnings.warn(
/root/.cache/user_artifacts/trainers_main/server/.venv/lib/python3.12/site-packages/nvidia_cutlass_dsl/python_packages/cutlass/cute/core.py:5791: DeprecationWarning: Use explicit `struct.scalar.ptr` for pointer instead.
  warnings.warn(
/root/.cache/user_artifacts/trainers_main/server/.venv/lib/python3.12/site-packages/nvidia_cutlass_dsl/python_packages/cutlass/cute/core.py:5791: DeprecationWarning: Use explicit `struct.scalar.ptr` for pointer instead.
  warnings.warn(
/root/.cache/user_artifacts/trainers_main/server/.venv/lib/python3.12/site-packages/nvidia_cutlass_dsl/python_packages/cutlass/cute/core.py:5791: DeprecationWarning: Use explicit `struct.scalar.ptr` for pointer instead.
  warnings.warn(
/root/.cache/user_artifacts/trainers_main/server/.venv/lib/python3.12/site-packages/nvidia_cutlass_dsl/python_packages/cutlass/cute/core.py:5791: DeprecationWarning: Use explicit `struct.scalar.ptr` for pointer instead.
  warnings.warn(
/root/.cache/user_artifacts/trainers_main/server/.venv/lib/python3.12/site-packages/nvidia_cutlass_dsl/python_packages/cutlass/cute/core.py:5791: DeprecationWarning: Use explicit `struct.scalar.ptr` for pointer instead.
  warnings.warn(
/root/.cache/user_artifacts/trainers_main/server/.venv/lib/python3.12/site-packages/nvidia_cutlass_dsl/python_packages/cutlass/cute/core.py:5791: DeprecationWarning: Use explicit `struct.scalar.ptr` for pointer instead.
  warnings.warn(
/root/.cache/user_artifacts/trainers_main/server/.venv/lib/python3.12/site-packages/nvidia_cutlass_dsl/python_packages/cutlass/cute/core.py:5791: DeprecationWarning: Use explicit `struct.scalar.ptr` for pointer instead.
  warnings.warn(
/root/.cache/user_artifacts/trainers_main/server/.venv/lib/python3.12/site-packages/nvidia_cutlass_dsl/python_packages/cutlass/cute/core.py:5791: DeprecationWarning: Use explicit `struct.scalar.ptr` for pointer instead.
  warnings.warn(
/root/.cache/user_artifacts/trainers_main/server/.venv/lib/python3.12/site-packages/nvidia_cutlass_dsl/python_packages/cutlass/cute/core.py:5791: DeprecationWarning: Use explicit `struct.scalar.ptr` for pointer instead.
  warnings.warn(
/root/.cache/user_artifacts/trainers_main/server/.venv/lib/python3.12/site-packages/nvidia_cutlass_dsl/python_packages/cutlass/cute/core.py:5791: DeprecationWarning: Use explicit `struct.scalar.ptr` for pointer instead.
  warnings.warn(
/root/.cache/user_artifacts/trainers_main/server/.venv/lib/python3.12/site-packages/nvidia_cutlass_dsl/python_packages/cutlass/cute/core.py:5791: DeprecationWarning: Use explicit `struct.scalar.ptr` for pointer instead.
  warnings.warn(
/root/.cache/user_artifacts/trainers_main/server/.venv/lib/python3.12/site-packages/nvidia_cutlass_dsl/python_packages/cutlass/cute/core.py:5791: DeprecationWarning: Use explicit `struct.scalar.ptr` for pointer instead.
  warnings.warn(
/root/.cache/user_artifacts/mcore_318g61w_av3/megatron/core/models/backends.py:34: UserWarning: Apex is not installed. Falling back to Torch Norm
  warnings.warn("Apex is not installed. Falling back to Torch Norm")
/root/.cache/user_artifacts/mcore_318g61w_av3/megatron/core/models/backends.py:34: UserWarning: Apex is not installed. Falling back to Torch Norm
  warnings.warn("Apex is not installed. Falling back to Torch Norm")
/root/.cache/user_artifacts/mcore_318g61w_av3/megatron/core/models/backends.py:34: UserWarning: Apex is not installed. Falling back to Torch Norm
  warnings.warn("Apex is not installed. Falling back to Torch Norm")
/root/.cache/user_artifacts/mcore_318g61w_av3/megatron/core/models/backends.py:34: UserWarning: Apex is not installed. Falling back to Torch Norm
  warnings.warn("Apex is not installed. Falling back to Torch Norm")
/root/.cache/user_artifacts/mcore_318g61w_av3/megatron/core/models/gpt/gpt_layer_specs.py:74: UserWarning: Apex is not installed. Falling back to Torch Norm
  warnings.warn("Apex is not installed. Falling back to Torch Norm")
/root/.cache/user_artifacts/mcore_318g61w_av3/megatron/core/models/gpt/gpt_layer_specs.py:74: UserWarning: Apex is not installed. Falling back to Torch Norm
  warnings.warn("Apex is not installed. Falling back to Torch Norm")
/root/.cache/user_artifacts/mcore_318g61w_av3/megatron/core/models/gpt/gpt_layer_specs.py:74: UserWarning: Apex is not installed. Falling back to Torch Norm
  warnings.warn("Apex is not installed. Falling back to Torch Norm")
/root/.cache/user_artifacts/mcore_318g61w_av3/megatron/core/models/gpt/gpt_layer_specs.py:74: UserWarning: Apex is not installed. Falling back to Torch Norm
  warnings.warn("Apex is not installed. Falling back to Torch Norm")
/root/.cache/user_artifacts/mcore_318g61w_av3/megatron/core/models/backends.py:34: UserWarning: Apex is not installed. Falling back to Torch Norm
  warnings.warn("Apex is not installed. Falling back to Torch Norm")
/root/.cache/user_artifacts/mcore_318g61w_av3/megatron/core/models/gpt/gpt_layer_specs.py:74: UserWarning: Apex is not installed. Falling back to Torch Norm
  warnings.warn("Apex is not installed. Falling back to Torch Norm")
/root/.cache/user_artifacts/mcore_318g61w_av3/megatron/core/models/backends.py:34: UserWarning: Apex is not installed. Falling back to Torch Norm
  warnings.warn("Apex is not installed. Falling back to Torch Norm")
/root/.cache/user_artifacts/mcore_318g61w_av3/megatron/core/models/gpt/gpt_layer_specs.py:74: UserWarning: Apex is not installed. Falling back to Torch Norm
  warnings.warn("Apex is not installed. Falling back to Torch Norm")
/root/.cache/user_artifacts/mcore_318g61w_av3/megatron/core/models/backends.py:34: UserWarning: Apex is not installed. Falling back to Torch Norm
  warnings.warn("Apex is not installed. Falling back to Torch Norm")
/root/.cache/user_artifacts/mcore_318g61w_av3/megatron/core/models/gpt/gpt_layer_specs.py:74: UserWarning: Apex is not installed. Falling back to Torch Norm
  warnings.warn("Apex is not installed. Falling back to Torch Norm")
/root/.cache/user_artifacts/mcore_318g61w_av3/megatron/core/models/backends.py:34: UserWarning: Apex is not installed. Falling back to Torch Norm
  warnings.warn("Apex is not installed. Falling back to Torch Norm")
/root/.cache/user_artifacts/mcore_318g61w_av3/megatron/core/models/gpt/gpt_layer_specs.py:74: UserWarning: Apex is not installed. Falling back to Torch Norm
  warnings.warn("Apex is not installed. Falling back to Torch Norm")
/root/.cache/user_artifacts/mcore_318g61w_av3/megatron/core/models/backends.py:34: UserWarning: Apex is not installed. Falling back to Torch Norm
  warnings.warn("Apex is not installed. Falling back to Torch Norm")
/root/.cache/user_artifacts/mcore_318g61w_av3/megatron/core/models/backends.py:34: UserWarning: Apex is not installed. Falling back to Torch Norm
  warnings.warn("Apex is not installed. Falling back to Torch Norm")
/root/.cache/user_artifacts/mcore_318g61w_av3/megatron/core/models/backends.py:34: UserWarning: Apex is not installed. Falling back to Torch Norm
  warnings.warn("Apex is not installed. Falling back to Torch Norm")
/root/.cache/user_artifacts/mcore_318g61w_av3/megatron/core/models/gpt/gpt_layer_specs.py:74: UserWarning: Apex is not installed. Falling back to Torch Norm
  warnings.warn("Apex is not installed. Falling back to Torch Norm")
/root/.cache/user_artifacts/mcore_318g61w_av3/megatron/core/models/gpt/gpt_layer_specs.py:74: UserWarning: Apex is not installed. Falling back to Torch Norm
  warnings.warn("Apex is not installed. Falling back to Torch Norm")
/root/.cache/user_artifacts/mcore_318g61w_av3/megatron/core/models/gpt/gpt_layer_specs.py:74: UserWarning: Apex is not installed. Falling back to Torch Norm
  warnings.warn("Apex is not installed. Falling back to Torch Norm")
/root/.cache/user_artifacts/mcore_318g61w_av3/megatron/core/models/backends.py:34: UserWarning: Apex is not installed. Falling back to Torch Norm
  warnings.warn("Apex is not installed. Falling back to Torch Norm")
/root/.cache/user_artifacts/mcore_318g61w_av3/megatron/core/models/gpt/gpt_layer_specs.py:74: UserWarning: Apex is not installed. Falling back to Torch Norm
  warnings.warn("Apex is not installed. Falling back to Torch Norm")
/root/.cache/user_artifacts/mcore_318g61w_av3/megatron/core/models/backends.py:34: UserWarning: Apex is not installed. Falling back to Torch Norm
  warnings.warn("Apex is not installed. Falling back to Torch Norm")
/root/.cache/user_artifacts/mcore_318g61w_av3/megatron/core/models/backends.py:34: UserWarning: Apex is not installed. Falling back to Torch Norm
  warnings.warn("Apex is not installed. Falling back to Torch Norm")
/root/.cache/user_artifacts/mcore_318g61w_av3/megatron/core/models/gpt/gpt_layer_specs.py:74: UserWarning: Apex is not installed. Falling back to Torch Norm
  warnings.warn("Apex is not installed. Falling back to Torch Norm")
/root/.cache/user_artifacts/mcore_318g61w_av3/megatron/core/models/gpt/gpt_layer_specs.py:74: UserWarning: Apex is not installed. Falling back to Torch Norm
  warnings.warn("Apex is not installed. Falling back to Torch Norm")
WARNING:megatron.core.transformer.experimental_attention_variant.dsa_cudnn_kernels:BT_DSA_BWD_ASYNC_NONEMPTY_V3=1: first-pass-anchored DSA-bwd nonempty probe ACTIVE
WARNING:megatron.core.transformer.experimental_attention_variant.dsa_cudnn_kernels:BT_DSA_BWD_ASYNC_NONEMPTY_V3: armed — first first-pass probe kicked
WARNING:megatron.core.transformer.experimental_attention_variant.dsa_cudnn_kernels:BT_DSA_BWD_ASYNC_NONEMPTY present but DISABLED (env unset or != '1'); using the original syncing nonzero path
WARNING:megatron.core.transformer.experimental_attention_variant.dsa_cudnn_kernels:BT_DSA_BWD_ASYNC_NONEMPTY_V3=1: first-pass-anchored DSA-bwd nonempty probe ACTIVE
WARNING:megatron.core.transformer.experimental_attention_variant.dsa_cudnn_kernels:BT_DSA_BWD_ASYNC_NONEMPTY_V3=1: first-pass-anchored DSA-bwd nonempty probe ACTIVE
WARNING:megatron.core.transformer.experimental_attention_variant.dsa_cudnn_kernels:BT_DSA_BWD_ASYNC_NONEMPTY_V3: armed — first first-pass probe kicked
WARNING:megatron.core.transformer.experimental_attention_variant.dsa_cudnn_kernels:BT_DSA_BWD_ASYNC_NONEMPTY_V3: armed — first first-pass probe kicked
WARNING:megatron.core.transformer.experimental_attention_variant.dsa_cudnn_kernels:BT_DSA_BWD_ASYNC_NONEMPTY present but DISABLED (env unset or != '1'); using the original syncing nonzero path
WARNING:megatron.core.transformer.experimental_attention_variant.dsa_cudnn_kernels:BT_DSA_BWD_ASYNC_NONEMPTY present but DISABLED (env unset or != '1'); using the original syncing nonzero path
WARNING:megatron.core.transformer.experimental_attention_variant.dsa_cudnn_kernels:BT_DSA_BWD_ASYNC_NONEMPTY_V3=1: first-pass-anchored DSA-bwd nonempty probe ACTIVE
WARNING:megatron.core.transformer.experimental_attention_variant.dsa_cudnn_kernels:BT_DSA_BWD_ASYNC_NONEMPTY_V3: armed — first first-pass probe kicked
WARNING:megatron.core.transformer.experimental_attention_variant.dsa_cudnn_kernels:BT_DSA_BWD_ASYNC_NONEMPTY present but DISABLED (env unset or != '1'); using the original syncing nonzero path
WARNING:megatron.core.transformer.experimental_attention_variant.dsa_cudnn_kernels:BT_DSA_BWD_ASYNC_NONEMPTY_V3=1: first-pass-anchored DSA-bwd nonempty probe ACTIVE
WARNING:megatron.core.transformer.experimental_attention_variant.dsa_cudnn_kernels:BT_DSA_BWD_ASYNC_NONEMPTY_V3: armed — first first-pass probe kicked
WARNING:megatron.core.transformer.experimental_attention_variant.dsa_cudnn_kernels:BT_DSA_BWD_ASYNC_NONEMPTY present but DISABLED (env unset or != '1'); using the original syncing nonzero path
WARNING:megatron.core.transformer.experimental_attention_variant.dsa_cudnn_kernels:BT_DSA_BWD_ASYNC_NONEMPTY_V3=1: first-pass-anchored DSA-bwd nonempty probe ACTIVE
WARNING:megatron.core.transformer.experimental_attention_variant.dsa_cudnn_kernels:BT_DSA_BWD_ASYNC_NONEMPTY_V3: armed — first first-pass probe kicked
WARNING:megatron.core.transformer.experimental_attention_variant.dsa_cudnn_kernels:BT_DSA_BWD_ASYNC_NONEMPTY present but DISABLED (env unset or != '1'); using the original syncing nonzero path
WARNING:megatron.core.transformer.experimental_attention_variant.dsa_cudnn_kernels:BT_DSA_BWD_ASYNC_NONEMPTY_V3=1: first-pass-anchored DSA-bwd nonempty probe ACTIVE
WARNING:megatron.core.transformer.experimental_attention_variant.dsa_cudnn_kernels:BT_DSA_BWD_ASYNC_NONEMPTY_V3: armed — first first-pass probe kicked
WARNING:megatron.core.transformer.experimental_attention_variant.dsa_cudnn_kernels:BT_DSA_BWD_ASYNC_NONEMPTY present but DISABLED (env unset or != '1'); using the original syncing nonzero path
WARNING:megatron.core.transformer.experimental_attention_variant.dsa_cudnn_kernels:BT_DSA_BWD_ASYNC_NONEMPTY_V3=1: first-pass-anchored DSA-bwd nonempty probe ACTIVE
WARNING:megatron.core.transformer.experimental_attention_variant.dsa_cudnn_kernels:BT_DSA_BWD_ASYNC_NONEMPTY_V3: armed — first first-pass probe kicked
WARNING:megatron.core.transformer.experimental_attention_variant.dsa_cudnn_kernels:BT_DSA_BWD_ASYNC_NONEMPTY present but DISABLED (env unset or != '1'); using the original syncing nonzero path
WARNING:megatron.core.transformer.experimental_attention_variant.dsa_cudnn_kernels:BT_DSA_BWD_ASYNC_NONEMPTY_V3=1: first-pass-anchored DSA-bwd nonempty probe ACTIVE
WARNING:megatron.core.transformer.experimental_attention_variant.dsa_cudnn_kernels:BT_DSA_BWD_ASYNC_NONEMPTY_V3=1: first-pass-anchored DSA-bwd nonempty probe ACTIVE
WARNING:megatron.core.transformer.experimental_attention_variant.dsa_cudnn_kernels:BT_DSA_BWD_ASYNC_NONEMPTY_V3: armed — first first-pass probe kicked
WARNING:megatron.core.transformer.experimental_attention_variant.dsa_cudnn_kernels:BT_DSA_BWD_ASYNC_NONEMPTY_V3: armed — first first-pass probe kicked
WARNING:megatron.core.transformer.experimental_attention_variant.dsa_cudnn_kernels:BT_DSA_BWD_ASYNC_NONEMPTY present but DISABLED (env unset or != '1'); using the original syncing nonzero path
WARNING:megatron.core.transformer.experimental_attention_variant.dsa_cudnn_kernels:BT_DSA_BWD_ASYNC_NONEMPTY present but DISABLED (env unset or != '1'); using the original syncing nonzero path
WARNING:megatron.core.transformer.experimental_attention_variant.dsa_cudnn_kernels:BT_DSA_BWD_ASYNC_NONEMPTY_V3=1: first-pass-anchored DSA-bwd nonempty probe ACTIVE
WARNING:megatron.core.transformer.experimental_attention_variant.dsa_cudnn_kernels:BT_DSA_BWD_ASYNC_NONEMPTY_V3: armed — first first-pass probe kicked
WARNING:megatron.core.transformer.experimental_attention_variant.dsa_cudnn_kernels:BT_DSA_BWD_ASYNC_NONEMPTY present but DISABLED (env unset or != '1'); using the original syncing nonzero path
WARNING:megatron.core.transformer.experimental_attention_variant.dsa_cudnn_kernels:BT_DSA_BWD_ASYNC_NONEMPTY_V3=1: first-pass-anchored DSA-bwd nonempty probe ACTIVE
WARNING:megatron.core.transformer.experimental_attention_variant.dsa_cudnn_kernels:BT_DSA_BWD_ASYNC_NONEMPTY_V3: armed — first first-pass probe kicked
WARNING:megatron.core.transformer.experimental_attention_variant.dsa_cudnn_kernels:BT_DSA_BWD_ASYNC_NONEMPTY present but DISABLED (env unset or != '1'); using the original syncing nonzero path
WARNING:megatron.core.transformer.experimental_attention_variant.dsa_cudnn_kernels:BT_DSA_BWD_ASYNC_NONEMPTY_V3=1: first-pass-anchored DSA-bwd nonempty probe ACTIVE
WARNING:megatron.core.transformer.experimental_attention_variant.dsa_cudnn_kernels:BT_DSA_BWD_ASYNC_NONEMPTY_V3: armed — first first-pass probe kicked
WARNING:megatron.core.transformer.experimental_attention_variant.dsa_cudnn_kernels:BT_DSA_BWD_ASYNC_NONEMPTY present but DISABLED (env unset or != '1'); using the original syncing nonzero path
WARNING:megatron.core.transformer.experimental_attention_variant.dsa_cudnn_kernels:BT_DSA_BWD_ASYNC_NONEMPTY_V3=1: first-pass-anchored DSA-bwd nonempty probe ACTIVE
WARNING:megatron.core.transformer.experimental_attention_variant.dsa_cudnn_kernels:BT_DSA_BWD_ASYNC_NONEMPTY_V3: armed — first first-pass probe kicked
WARNING:megatron.core.transformer.experimental_attention_variant.dsa_cudnn_kernels:BT_DSA_BWD_ASYNC_NONEMPTY present but DISABLED (env unset or != '1'); using the original syncing nonzero path
WARNING:megatron.core.transformer.experimental_attention_variant.dsa_cudnn_kernels:BT_DSA_BWD_ASYNC_NONEMPTY_V3=1: first-pass-anchored DSA-bwd nonempty probe ACTIVE
WARNING:megatron.core.transformer.experimental_attention_variant.dsa_cudnn_kernels:BT_DSA_BWD_ASYNC_NONEMPTY_V3: armed — first first-pass probe kicked
WARNING:megatron.core.transformer.experimental_attention_variant.dsa_cudnn_kernels:BT_DSA_BWD_ASYNC_NONEMPTY present but DISABLED (env unset or != '1'); using the original syncing nonzero path
WARNING:megatron.core.transformer.experimental_attention_variant.dsa_cudnn_kernels:BT_DSA_BWD_ASYNC_NONEMPTY_V3=1: first-pass-anchored DSA-bwd nonempty probe ACTIVE
WARNING:megatron.core.transformer.experimental_attention_variant.dsa_cudnn_kernels:BT_DSA_BWD_ASYNC_NONEMPTY_V3: armed — first first-pass probe kicked
WARNING:megatron.core.transformer.experimental_attention_variant.dsa_cudnn_kernels:BT_DSA_BWD_ASYNC_NONEMPTY present but DISABLED (env unset or != '1'); using the original syncing nonzero path
WARNING:megatron.core.transformer.moe.router:BT_MOE_ROUTING_REPLAY_FORCE=1: recompute-replay routing forced to the first-pass decision (FIX C-prime) ACTIVE
WARNING:megatron.core.transformer.moe.router:BT_MOE_ROUTING_REPLAY_FORCE=1: recompute-replay routing forced to the first-pass decision (FIX C-prime) ACTIVE
WARNING:megatron.core.transformer.moe.router:BT_MOE_ROUTING_REPLAY_FORCE=1: recompute-replay routing forced to the first-pass decision (FIX C-prime) ACTIVE
WARNING:megatron.core.transformer.moe.router:BT_MOE_ROUTING_REPLAY_FORCE=1: recompute-replay routing forced to the first-pass decision (FIX C-prime) ACTIVE
WARNING:megatron.core.transformer.moe.router:BT_MOE_ROUTING_REPLAY_FORCE=1: recompute-replay routing forced to the first-pass decision (FIX C-prime) ACTIVE
WARNING:megatron.core.transformer.moe.router:BT_MOE_ROUTING_REPLAY_FORCE=1: recompute-replay routing forced to the first-pass decision (FIX C-prime) ACTIVE
WARNING:megatron.core.transformer.moe.router:BT_MOE_ROUTING_REPLAY_FORCE=1: recompute-replay routing forced to the first-pass decision (FIX C-prime) ACTIVE
WARNING:megatron.core.transformer.moe.router:BT_MOE_ROUTING_REPLAY_FORCE=1: recompute-replay routing forced to the first-pass decision (FIX C-prime) ACTIVE
WARNING:megatron.core.transformer.moe.router:BT_MOE_ROUTING_REPLAY_FORCE=1: recompute-replay routing forced to the first-pass decision (FIX C-prime) ACTIVE
WARNING:megatron.core.transformer.moe.router:BT_MOE_ROUTING_REPLAY_FORCE=1: recompute-replay routing forced to the first-pass decision (FIX C-prime) ACTIVE
WARNING:megatron.core.transformer.moe.router:BT_MOE_ROUTING_REPLAY_FORCE=1: recompute-replay routing forced to the first-pass decision (FIX C-prime) ACTIVE
WARNING:megatron.core.transformer.moe.router:BT_MOE_ROUTING_REPLAY_FORCE=1: recompute-replay routing forced to the first-pass decision (FIX C-prime) ACTIVE
WARNING:megatron.core.transformer.moe.router:BT_MOE_ROUTING_REPLAY_FORCE=1: recompute-replay routing forced to the first-pass decision (FIX C-prime) ACTIVE
WARNING:megatron.core.transformer.moe.router:BT_MOE_ROUTING_REPLAY_FORCE=1: recompute-replay routing forced to the first-pass decision (FIX C-prime) ACTIVE
WARNING:megatron.core.transformer.moe.router:BT_MOE_ROUTING_REPLAY_FORCE=1: recompute-replay routing forced to the first-pass decision (FIX C-prime) ACTIVE
WARNING:megatron.core.transformer.moe.router:BT_MOE_ROUTING_REPLAY_FORCE=1: recompute-replay routing forced to the first-pass decision (FIX C-prime) ACTIVE
WARNING:megatron.core.transformer.moe.token_dispatcher:BT_MOE_DISPATCH_REPLAY_CACHE present but DISABLED (env unset or != '1'); recomputing dispatcher split metadata in the recompute replay
WARNING:megatron.core.transformer.moe.token_dispatcher:BT_MOE_DISPATCH_REPLAY_CACHE present but DISABLED (env unset or != '1'); recomputing dispatcher split metadata in the recompute replay
WARNING:megatron.core.transformer.moe.token_dispatcher:BT_MOE_DISPATCH_REPLAY_CACHE present but DISABLED (env unset or != '1'); recomputing dispatcher split metadata in the recompute replay
WARNING:megatron.core.transformer.moe.token_dispatcher:BT_MOE_DISPATCH_REPLAY_CACHE present but DISABLED (env unset or != '1'); recomputing dispatcher split metadata in the recompute replay
WARNING:megatron.core.transformer.moe.token_dispatcher:BT_MOE_DISPATCH_REPLAY_CACHE present but DISABLED (env unset or != '1'); recomputing dispatcher split metadata in the recompute replay
WARNING:megatron.core.transformer.moe.token_dispatcher:BT_MOE_DISPATCH_REPLAY_CACHE present but DISABLED (env unset or != '1'); recomputing dispatcher split metadata in the recompute replay
WARNING:megatron.core.transformer.moe.token_dispatcher:BT_MOE_DISPATCH_REPLAY_CACHE present but DISABLED (env unset or != '1'); recomputing dispatcher split metadata in the recompute replay
WARNING:megatron.core.transformer.moe.token_dispatcher:BT_MOE_DISPATCH_REPLAY_CACHE present but DISABLED (env unset or != '1'); recomputing dispatcher split metadata in the recompute replay
WARNING:megatron.core.transformer.moe.token_dispatcher:BT_MOE_DISPATCH_REPLAY_CACHE present but DISABLED (env unset or != '1'); recomputing dispatcher split metadata in the recompute replay
WARNING:megatron.core.transformer.moe.token_dispatcher:BT_MOE_DISPATCH_REPLAY_CACHE present but DISABLED (env unset or != '1'); recomputing dispatcher split metadata in the recompute replay
WARNING:megatron.core.transformer.moe.token_dispatcher:BT_MOE_DISPATCH_REPLAY_CACHE present but DISABLED (env unset or != '1'); recomputing dispatcher split metadata in the recompute replay
WARNING:megatron.core.transformer.moe.token_dispatcher:BT_MOE_DISPATCH_REPLAY_CACHE present but DISABLED (env unset or != '1'); recomputing dispatcher split metadata in the recompute replay
WARNING:megatron.core.transformer.moe.token_dispatcher:BT_MOE_DISPATCH_REPLAY_CACHE present but DISABLED (env unset or != '1'); recomputing dispatcher split metadata in the recompute replay
WARNING:megatron.core.transformer.moe.token_dispatcher:BT_MOE_DISPATCH_REPLAY_CACHE present but DISABLED (env unset or != '1'); recomputing dispatcher split metadata in the recompute replay
WARNING:megatron.core.transformer.moe.token_dispatcher:BT_MOE_DISPATCH_REPLAY_CACHE present but DISABLED (env unset or != '1'); recomputing dispatcher split metadata in the recompute replay
WARNING:megatron.core.transformer.moe.token_dispatcher:BT_MOE_DISPATCH_REPLAY_CACHE present but DISABLED (env unset or != '1'); recomputing dispatcher split metadata in the recompute replay
/root/.cache/user_artifacts/mcore_318g61w_av3/megatron/core/models/backends.py:34: UserWarning: Apex is not installed. Falling back to Torch Norm
  warnings.warn("Apex is not installed. Falling back to Torch Norm")
/root/.cache/user_artifacts/mcore_318g61w_av3/megatron/core/models/gpt/gpt_layer_specs.py:74: UserWarning: Apex is not installed. Falling back to Torch Norm
  warnings.warn("Apex is not installed. Falling back to Torch Norm")
/root/.cache/user_artifacts/mcore_318g61w_av3/megatron/core/models/backends.py:34: UserWarning: Apex is not installed. Falling back to Torch Norm
  warnings.warn("Apex is not installed. Falling back to Torch Norm")
/root/.cache/user_artifacts/mcore_318g61w_av3/megatron/core/models/gpt/gpt_layer_specs.py:74: UserWarning: Apex is not installed. Falling back to Torch Norm
  warnings.warn("Apex is not installed. Falling back to Torch Norm")
/root/.cache/user_artifacts/trainers_main/server/.venv/lib/python3.12/site-packages/modelopt/torch/__init__.py:53: UserWarning: transformers>=5.0 support is experimental. Unified Hugging Face checkpoint export for quantized checkpoints may not work for some models yet.
  _warnings.warn(
/root/.cache/user_artifacts/trainers_main/server/.venv/lib/python3.12/site-packages/modelopt/torch/__init__.py:53: UserWarning: transformers>=5.0 support is experimental. Unified Hugging Face checkpoint export for quantized checkpoints may not work for some models yet.
  _warnings.warn(
/root/.cache/user_artifacts/trainers_main/server/.venv/lib/python3.12/site-packages/modelopt/torch/__init__.py:53: UserWarning: transformers>=5.0 support is experimental. Unified Hugging Face checkpoint export for quantized checkpoints may not work for some models yet.
  _warnings.warn(
/root/.cache/user_artifacts/trainers_main/server/.venv/lib/python3.12/site-packages/modelopt/torch/__init__.py:53: UserWarning: transformers>=5.0 support is experimental. Unified Hugging Face checkpoint export for quantized checkpoints may not work for some models yet.
  _warnings.warn(
/root/.cache/user_artifacts/trainers_main/server/.venv/lib/python3.12/site-packages/modelopt/torch/__init__.py:53: UserWarning: transformers>=5.0 support is experimental. Unified Hugging Face checkpoint export for quantized checkpoints may not work for some models yet.
  _warnings.warn(
/root/.cache/user_artifacts/trainers_main/server/.venv/lib/python3.12/site-packages/modelopt/torch/__init__.py:53: UserWarning: transformers>=5.0 support is experimental. Unified Hugging Face checkpoint export for quantized checkpoints may not work for some models yet.
  _warnings.warn(
/root/.cache/user_artifacts/trainers_main/server/.venv/lib/python3.12/site-packages/modelopt/torch/__init__.py:53: UserWarning: transformers>=5.0 support is experimental. Unified Hugging Face checkpoint export for quantized checkpoints may not work for some models yet.
  _warnings.warn(
/root/.cache/user_artifacts/mcore_318g61w_av3/megatron/core/models/gpt/heterogeneous/heterogeneous_layer_specs.py:68: UserWarning: Apex is not installed. Falling back to Torch Norm
  warnings.warn("Apex is not installed. Falling back to Torch Norm")
/root/.cache/user_artifacts/mcore_318g61w_av3/megatron/core/models/gpt/heterogeneous/heterogeneous_layer_specs.py:68: UserWarning: Apex is not installed. Falling back to Torch Norm
  warnings.warn("Apex is not installed. Falling back to Torch Norm")
/root/.cache/user_artifacts/mcore_318g61w_av3/megatron/core/models/gpt/heterogeneous/heterogeneous_layer_specs.py:68: UserWarning: Apex is not installed. Falling back to Torch Norm
  warnings.warn("Apex is not installed. Falling back to Torch Norm")
/root/.cache/user_artifacts/mcore_318g61w_av3/megatron/core/models/gpt/heterogeneous/heterogeneous_layer_specs.py:68: UserWarning: Apex is not installed. Falling back to Torch Norm
  warnings.warn("Apex is not installed. Falling back to Torch Norm")
/root/.cache/user_artifacts/mcore_318g61w_av3/megatron/core/models/gpt/heterogeneous/heterogeneous_layer_specs.py:68: UserWarning: Apex is not installed. Falling back to Torch Norm
  warnings.warn("Apex is not installed. Falling back to Torch Norm")
/root/.cache/user_artifacts/mcore_318g61w_av3/megatron/core/models/gpt/heterogeneous/heterogeneous_layer_specs.py:68: UserWarning: Apex is not installed. Falling back to Torch Norm
  warnings.warn("Apex is not installed. Falling back to Torch Norm")
/root/.cache/user_artifacts/mcore_318g61w_av3/megatron/core/models/gpt/heterogeneous/heterogeneous_layer_specs.py:68: UserWarning: Apex is not installed. Falling back to Torch Norm
  warnings.warn("Apex is not installed. Falling back to Torch Norm")
/root/.cache/user_artifacts/mcore_318g61w_av3/megatron/core/models/vision/vit_layer_specs.py:31: UserWarning: Apex is not installed. Falling back to Torch Norm
  warnings.warn("Apex is not installed. Falling back to Torch Norm")
/root/.cache/user_artifacts/mcore_318g61w_av3/megatron/core/models/vision/vit_layer_specs.py:31: UserWarning: Apex is not installed. Falling back to Torch Norm
  warnings.warn("Apex is not installed. Falling back to Torch Norm")
/root/.cache/user_artifacts/mcore_318g61w_av3/megatron/core/models/vision/vit_layer_specs.py:31: UserWarning: Apex is not installed. Falling back to Torch Norm
  warnings.warn("Apex is not installed. Falling back to Torch Norm")
/root/.cache/user_artifacts/mcore_318g61w_av3/megatron/core/models/vision/vit_layer_specs.py:31: UserWarning: Apex is not installed. Falling back to Torch Norm
  warnings.warn("Apex is not installed. Falling back to Torch Norm")
/root/.cache/user_artifacts/mcore_318g61w_av3/megatron/core/models/vision/vit_layer_specs.py:31: UserWarning: Apex is not installed. Falling back to Torch Norm
  warnings.warn("Apex is not installed. Falling back to Torch Norm")
/root/.cache/user_artifacts/mcore_318g61w_av3/megatron/core/models/vision/vit_layer_specs.py:31: UserWarning: Apex is not installed. Falling back to Torch Norm
  warnings.warn("Apex is not installed. Falling back to Torch Norm")
/root/.cache/user_artifacts/mcore_318g61w_av3/megatron/core/models/vision/vit_layer_specs.py:31: UserWarning: Apex is not installed. Falling back to Torch Norm
  warnings.warn("Apex is not installed. Falling back to Torch Norm")
/root/.cache/user_artifacts/trainers_main/server/.venv/lib/python3.12/site-packages/modelopt/torch/__init__.py:53: UserWarning: transformers>=5.0 support is experimental. Unified Hugging Face checkpoint export for quantized checkpoints may not work for some models yet.
  _warnings.warn(
/root/.cache/user_artifacts/mcore_318g61w_av3/megatron/core/models/gpt/heterogeneous/heterogeneous_layer_specs.py:68: UserWarning: Apex is not installed. Falling back to Torch Norm
  warnings.warn("Apex is not installed. Falling back to Torch Norm")
/root/.cache/user_artifacts/mcore_318g61w_av3/megatron/core/models/vision/vit_layer_specs.py:31: UserWarning: Apex is not installed. Falling back to Torch Norm
  warnings.warn("Apex is not installed. Falling back to Torch Norm")
/root/.cache/user_artifacts/mcore_318g61w_av3/megatron/core/models/mimo/config/base_configs.py:12: UserWarning: MimoModelConfig is experimental and still under active development. The API may change without notice in future releases.
  class MimoModelConfig:
/root/.cache/user_artifacts/mcore_318g61w_av3/megatron/core/models/mimo/config/base_configs.py:12: UserWarning: MimoModelConfig is experimental and still under active development. The API may change without notice in future releases.
  class MimoModelConfig:
/root/.cache/user_artifacts/mcore_318g61w_av3/megatron/core/models/mimo/config/base_configs.py:12: UserWarning: MimoModelConfig is experimental and still under active development. The API may change without notice in future releases.
  class MimoModelConfig:
/root/.cache/user_artifacts/mcore_318g61w_av3/megatron/core/models/mimo/config/base_configs.py:12: UserWarning: MimoModelConfig is experimental and still under active development. The API may change without notice in future releases.
  class MimoModelConfig:
/root/.cache/user_artifacts/mcore_318g61w_av3/megatron/core/models/mimo/config/base_configs.py:12: UserWarning: MimoModelConfig is experimental and still under active development. The API may change without notice in future releases.
  class MimoModelConfig:
/root/.cache/user_artifacts/mcore_318g61w_av3/megatron/core/models/mimo/config/base_configs.py:12: UserWarning: MimoModelConfig is experimental and still under active development. The API may change without notice in future releases.
  class MimoModelConfig:
/root/.cache/user_artifacts/mcore_318g61w_av3/megatron/core/models/mimo/config/base_configs.py:12: UserWarning: MimoModelConfig is experimental and still under active development. The API may change without notice in future releases.
  class MimoModelConfig:
/root/.cache/user_artifacts/mcore_318g61w_av3/megatron/core/models/mimo/config/base_configs.py:12: UserWarning: MimoModelConfig is experimental and still under active development. The API may change without notice in future releases.
  class MimoModelConfig:
/root/.cache/user_artifacts/trainers_main/server/.venv/lib/python3.12/site-packages/modelopt/torch/__init__.py:53: UserWarning: transformers>=5.0 support is experimental. Unified Hugging Face checkpoint export for quantized checkpoints may not work for some models yet.
  _warnings.warn(
/root/.cache/user_artifacts/trainers_main/server/.venv/lib/python3.12/site-packages/modelopt/torch/__init__.py:53: UserWarning: transformers>=5.0 support is experimental. Unified Hugging Face checkpoint export for quantized checkpoints may not work for some models yet.
  _warnings.warn(
/root/.cache/user_artifacts/mcore_318g61w_av3/megatron/core/models/gpt/heterogeneous/heterogeneous_layer_specs.py:68: UserWarning: Apex is not installed. Falling back to Torch Norm
  warnings.warn("Apex is not installed. Falling back to Torch Norm")
/root/.cache/user_artifacts/mcore_318g61w_av3/megatron/core/models/gpt/heterogeneous/heterogeneous_layer_specs.py:68: UserWarning: Apex is not installed. Falling back to Torch Norm
  warnings.warn("Apex is not installed. Falling back to Torch Norm")
/root/.cache/user_artifacts/trainers_main/server/.venv/lib/python3.12/site-packages/modelopt/torch/__init__.py:53: UserWarning: transformers>=5.0 support is experimental. Unified Hugging Face checkpoint export for quantized checkpoints may not work for some models yet.
  _warnings.warn(
/root/.cache/user_artifacts/mcore_318g61w_av3/megatron/core/models/vision/vit_layer_specs.py:31: UserWarning: Apex is not installed. Falling back to Torch Norm
  warnings.warn("Apex is not installed. Falling back to Torch Norm")
/root/.cache/user_artifacts/mcore_318g61w_av3/megatron/core/models/vision/vit_layer_specs.py:31: UserWarning: Apex is not installed. Falling back to Torch Norm
  warnings.warn("Apex is not installed. Falling back to Torch Norm")
/root/.cache/user_artifacts/mcore_318g61w_av3/megatron/core/models/gpt/heterogeneous/heterogeneous_layer_specs.py:68: UserWarning: Apex is not installed. Falling back to Torch Norm
  warnings.warn("Apex is not installed. Falling back to Torch Norm")
/root/.cache/user_artifacts/trainers_main/server/.venv/lib/python3.12/site-packages/modelopt/torch/__init__.py:53: UserWarning: transformers>=5.0 support is experimental. Unified Hugging Face checkpoint export for quantized checkpoints may not work for some models yet.
  _warnings.warn(
/root/.cache/user_artifacts/mcore_318g61w_av3/megatron/core/models/vision/vit_layer_specs.py:31: UserWarning: Apex is not installed. Falling back to Torch Norm
  warnings.warn("Apex is not installed. Falling back to Torch Norm")
/root/.cache/user_artifacts/mcore_318g61w_av3/megatron/core/models/gpt/heterogeneous/heterogeneous_layer_specs.py:68: UserWarning: Apex is not installed. Falling back to Torch Norm
  warnings.warn("Apex is not installed. Falling back to Torch Norm")
/root/.cache/user_artifacts/mcore_318g61w_av3/megatron/core/models/vision/vit_layer_specs.py:31: UserWarning: Apex is not installed. Falling back to Torch Norm
  warnings.warn("Apex is not installed. Falling back to Torch Norm")
/root/.cache/user_artifacts/mcore_318g61w_av3/megatron/core/models/mimo/config/base_configs.py:12: UserWarning: MimoModelConfig is experimental and still under active development. The API may change without notice in future releases.
  class MimoModelConfig:
/root/.cache/user_artifacts/mcore_318g61w_av3/megatron/core/models/mimo/config/base_configs.py:12: UserWarning: MimoModelConfig is experimental and still under active development. The API may change without notice in future releases.
  class MimoModelConfig:
/root/.cache/user_artifacts/mcore_318g61w_av3/megatron/core/models/mimo/config/base_configs.py:12: UserWarning: MimoModelConfig is experimental and still under active development. The API may change without notice in future releases.
  class MimoModelConfig:
/root/.cache/user_artifacts/trainers_main/server/.venv/lib/python3.12/site-packages/modelopt/torch/__init__.py:53: UserWarning: transformers>=5.0 support is experimental. Unified Hugging Face checkpoint export for quantized checkpoints may not work for some models yet.
  _warnings.warn(
/root/.cache/user_artifacts/trainers_main/server/.venv/lib/python3.12/site-packages/modelopt/torch/__init__.py:53: UserWarning: transformers>=5.0 support is experimental. Unified Hugging Face checkpoint export for quantized checkpoints may not work for some models yet.
  _warnings.warn(
/root/.cache/user_artifacts/mcore_318g61w_av3/megatron/core/models/gpt/heterogeneous/heterogeneous_layer_specs.py:68: UserWarning: Apex is not installed. Falling back to Torch Norm
  warnings.warn("Apex is not installed. Falling back to Torch Norm")
/root/.cache/user_artifacts/mcore_318g61w_av3/megatron/core/models/mimo/config/base_configs.py:12: UserWarning: MimoModelConfig is experimental and still under active development. The API may change without notice in future releases.
  class MimoModelConfig:
/root/.cache/user_artifacts/mcore_318g61w_av3/megatron/core/models/gpt/heterogeneous/heterogeneous_layer_specs.py:68: UserWarning: Apex is not installed. Falling back to Torch Norm
  warnings.warn("Apex is not installed. Falling back to Torch Norm")
/root/.cache/user_artifacts/mcore_318g61w_av3/megatron/core/models/vision/vit_layer_specs.py:31: UserWarning: Apex is not installed. Falling back to Torch Norm
  warnings.warn("Apex is not installed. Falling back to Torch Norm")
/root/.cache/user_artifacts/mcore_318g61w_av3/megatron/core/models/vision/vit_layer_specs.py:31: UserWarning: Apex is not installed. Falling back to Torch Norm
  warnings.warn("Apex is not installed. Falling back to Torch Norm")
/root/.cache/user_artifacts/trainers_main/server/.venv/lib/python3.12/site-packages/modelopt/torch/__init__.py:53: UserWarning: transformers>=5.0 support is experimental. Unified Hugging Face checkpoint export for quantized checkpoints may not work for some models yet.
  _warnings.warn(
/root/.cache/user_artifacts/mcore_318g61w_av3/megatron/core/models/gpt/heterogeneous/heterogeneous_layer_specs.py:68: UserWarning: Apex is not installed. Falling back to Torch Norm
  warnings.warn("Apex is not installed. Falling back to Torch Norm")
/root/.cache/user_artifacts/trainers_main/server/.venv/lib/python3.12/site-packages/modelopt/torch/__init__.py:53: UserWarning: transformers>=5.0 support is experimental. Unified Hugging Face checkpoint export for quantized checkpoints may not work for some models yet.
  _warnings.warn(
/root/.cache/user_artifacts/mcore_318g61w_av3/megatron/core/models/gpt/heterogeneous/heterogeneous_layer_specs.py:68: UserWarning: Apex is not installed. Falling back to Torch Norm
  warnings.warn("Apex is not installed. Falling back to Torch Norm")
/root/.cache/user_artifacts/mcore_318g61w_av3/megatron/core/models/vision/vit_layer_specs.py:31: UserWarning: Apex is not installed. Falling back to Torch Norm
  warnings.warn("Apex is not installed. Falling back to Torch Norm")
/root/.cache/user_artifacts/mcore_318g61w_av3/megatron/core/models/vision/vit_layer_specs.py:31: UserWarning: Apex is not installed. Falling back to Torch Norm
  warnings.warn("Apex is not installed. Falling back to Torch Norm")
/root/.cache/user_artifacts/mcore_318g61w_av3/megatron/core/models/mimo/config/base_configs.py:12: UserWarning: MimoModelConfig is experimental and still under active development. The API may change without notice in future releases.
  class MimoModelConfig:
/root/.cache/user_artifacts/mcore_318g61w_av3/megatron/core/models/mimo/config/base_configs.py:12: UserWarning: MimoModelConfig is experimental and still under active development. The API may change without notice in future releases.
  class MimoModelConfig:
/root/.cache/user_artifacts/mcore_318g61w_av3/megatron/core/models/mimo/config/base_configs.py:12: UserWarning: MimoModelConfig is experimental and still under active development. The API may change without notice in future releases.
  class MimoModelConfig:
/root/.cache/user_artifacts/mcore_318g61w_av3/megatron/core/models/mimo/config/base_configs.py:12: UserWarning: MimoModelConfig is experimental and still under active development. The API may change without notice in future releases.
  class MimoModelConfig:
TF32 LM-head fast path ACTIVETF32 LM-head fast path ACTIVE

TF32 LM-head fast path ACTIVETF32 LM-head fast path ACTIVE

TF32 LM-head fast path ACTIVETF32 LM-head fast path ACTIVETF32 LM-head fast path ACTIVE
TF32 LM-head fast path ACTIVETF32 LM-head fast path ACTIVE

TF32 LM-head fast path ACTIVE


TF32 LM-head fast path ACTIVE
TF32 LM-head fast path ACTIVE
TF32 LM-head fast path ACTIVE
TF32 LM-head fast path ACTIVE
TF32 LM-head fast path ACTIVE
TF32 LM-head fast path ACTIVE
WARNING:megatron.core.transformer.experimental_attention_variant.dsa_cudnn_kernels:BT_DSA_BWD_ASYNC_NONEMPTY_V3: first replay hit — first-pass probe consumed
WARNING:megatron.core.transformer.experimental_attention_variant.dsa_cudnn_kernels:BT_DSA_BWD_ASYNC_NONEMPTY_V3_VERIFY=1: cross-pass probe verify ACTIVE (recomputes the flag on every replay and asserts equality; soak only)
WARNING:megatron.core.transformer.experimental_attention_variant.dsa_cudnn_kernels:BT_DSA_BWD_ASYNC_NONEMPTY_V3: first replay hit — first-pass probe consumed
WARNING:megatron.core.transformer.experimental_attention_variant.dsa_cudnn_kernels:BT_DSA_BWD_ASYNC_NONEMPTY_V3_VERIFY=1: cross-pass probe verify ACTIVE (recomputes the flag on every replay and asserts equality; soak only)
WARNING:megatron.core.transformer.experimental_attention_variant.dsa_cudnn_kernels:BT_DSA_BWD_ASYNC_NONEMPTY_V3: first replay hit — first-pass probe consumed
WARNING:megatron.core.transformer.experimental_attention_variant.dsa_cudnn_kernels:BT_DSA_BWD_ASYNC_NONEMPTY_V3_VERIFY=1: cross-pass probe verify ACTIVE (recomputes the flag on every replay and asserts equality; soak only)
WARNING:megatron.core.transformer.experimental_attention_variant.dsa_cudnn_kernels:BT_DSA_BWD_ASYNC_NONEMPTY_V3: first replay hit — first-pass probe consumed
WARNING:megatron.core.transformer.experimental_attention_variant.dsa_cudnn_kernels:BT_DSA_BWD_ASYNC_NONEMPTY_V3_VERIFY=1: cross-pass probe verify ACTIVE (recomputes the flag on every replay and asserts equality; soak only)
WARNING:megatron.core.transformer.experimental_attention_variant.dsa_cudnn_kernels:BT_DSA_BWD_ASYNC_NONEMPTY_V3: first replay hit — first-pass probe consumed
WARNING:megatron.core.transformer.experimental_attention_variant.dsa_cudnn_kernels:BT_DSA_BWD_ASYNC_NONEMPTY_V3: first replay hit — first-pass probe consumed
WARNING:megatron.core.transformer.experimental_attention_variant.dsa_cudnn_kernels:BT_DSA_BWD_ASYNC_NONEMPTY_V3_VERIFY=1: cross-pass probe verify ACTIVE (recomputes the flag on every replay and asserts equality; soak only)
WARNING:megatron.core.transformer.experimental_attention_variant.dsa_cudnn_kernels:BT_DSA_BWD_ASYNC_NONEMPTY_V3_VERIFY=1: cross-pass probe verify ACTIVE (recomputes the flag on every replay and asserts equality; soak only)
WARNING:megatron.core.transformer.experimental_attention_variant.dsa_cudnn_kernels:BT_DSA_BWD_ASYNC_NONEMPTY_V3: first replay hit — first-pass probe consumed
WARNING:megatron.core.transformer.experimental_attention_variant.dsa_cudnn_kernels:BT_DSA_BWD_ASYNC_NONEMPTY_V3_VERIFY=1: cross-pass probe verify ACTIVE (recomputes the flag on every replay and asserts equality; soak only)
WARNING:megatron.core.transformer.experimental_attention_variant.dsa_cudnn_kernels:BT_DSA_BWD_ASYNC_NONEMPTY_V3: first replay hit — first-pass probe consumed
WARNING:megatron.core.transformer.experimental_attention_variant.dsa_cudnn_kernels:BT_DSA_BWD_ASYNC_NONEMPTY_V3_VERIFY=1: cross-pass probe verify ACTIVE (recomputes the flag on every replay and asserts equality; soak only)
WARNING:megatron.core.transformer.experimental_attention_variant.dsa_cudnn_kernels:BT_DSA_BWD_ASYNC_NONEMPTY_V3: first replay hit — first-pass probe consumed
WARNING:megatron.core.transformer.experimental_attention_variant.dsa_cudnn_kernels:BT_DSA_BWD_ASYNC_NONEMPTY_V3: first replay hit — first-pass probe consumed
WARNING:megatron.core.transformer.experimental_attention_variant.dsa_cudnn_kernels:BT_DSA_BWD_ASYNC_NONEMPTY_V3: first replay hit — first-pass probe consumed
WARNING:megatron.core.transformer.experimental_attention_variant.dsa_cudnn_kernels:BT_DSA_BWD_ASYNC_NONEMPTY_V3_VERIFY=1: cross-pass probe verify ACTIVE (recomputes the flag on every replay and asserts equality; soak only)
WARNING:megatron.core.transformer.experimental_attention_variant.dsa_cudnn_kernels:BT_DSA_BWD_ASYNC_NONEMPTY_V3_VERIFY=1: cross-pass probe verify ACTIVE (recomputes the flag on every replay and asserts equality; soak only)
WARNING:megatron.core.transformer.experimental_attention_variant.dsa_cudnn_kernels:BT_DSA_BWD_ASYNC_NONEMPTY_V3_VERIFY=1: cross-pass probe verify ACTIVE (recomputes the flag on every replay and asserts equality; soak only)
WARNING:megatron.core.transformer.experimental_attention_variant.dsa_cudnn_kernels:BT_DSA_BWD_ASYNC_NONEMPTY_V3: first replay hit — first-pass probe consumed
WARNING:megatron.core.transformer.experimental_attention_variant.dsa_cudnn_kernels:BT_DSA_BWD_ASYNC_NONEMPTY_V3_VERIFY=1: cross-pass probe verify ACTIVE (recomputes the flag on every replay and asserts equality; soak only)
WARNING:megatron.core.transformer.experimental_attention_variant.dsa_cudnn_kernels:BT_DSA_BWD_ASYNC_NONEMPTY_V3: first replay hit — first-pass probe consumed
WARNING:megatron.core.transformer.experimental_attention_variant.dsa_cudnn_kernels:BT_DSA_BWD_ASYNC_NONEMPTY_V3_VERIFY=1: cross-pass probe verify ACTIVE (recomputes the flag on every replay and asserts equality; soak only)
WARNING:megatron.core.transformer.experimental_attention_variant.dsa_cudnn_kernels:BT_DSA_BWD_ASYNC_NONEMPTY_V3: first replay hit — first-pass probe consumed
WARNING:megatron.core.transformer.experimental_attention_variant.dsa_cudnn_kernels:BT_DSA_BWD_ASYNC_NONEMPTY_V3_VERIFY=1: cross-pass probe verify ACTIVE (recomputes the flag on every replay and asserts equality; soak only)
WARNING:megatron.core.transformer.experimental_attention_variant.dsa_cudnn_kernels:BT_DSA_BWD_ASYNC_NONEMPTY_V3: first replay hit — first-pass probe consumed
WARNING:megatron.core.transformer.experimental_attention_variant.dsa_cudnn_kernels:BT_DSA_BWD_ASYNC_NONEMPTY_V3_VERIFY=1: cross-pass probe verify ACTIVE (recomputes the flag on every replay and asserts equality; soak only)
WARNING:megatron.core.transformer.experimental_attention_variant.dsa_cudnn_kernels:BT_DSA_BWD_ASYNC_NONEMPTY_V3: first replay hit — first-pass probe consumed
WARNING:megatron.core.transformer.experimental_attention_variant.dsa_cudnn_kernels:BT_DSA_BWD_ASYNC_NONEMPTY_V3_VERIFY=1: cross-pass probe verify ACTIVE (recomputes the flag on every replay and asserts equality; soak only)
/root/.cache/user_artifacts/trainers_main/server/.venv/lib/python3.12/site-packages/torch/autograd/graph.py:869: UserWarning: The AccumulateGrad node's stream does not match the stream of the node that produced the incoming gradient. This may incur unnecessary synchronization and break CUDA graph capture if the AccumulateGrad node's stream is the default stream. This mismatch is caused by an AccumulateGrad node created prior to the current iteration being kept alive. This can happen if the autograd graph is still being kept alive by tensors such as the loss, or if you are using DDP, which will stash a reference to the node. To resolve the mismatch, delete all references to the autograd graph or ensure that DDP initialization is performed under the same stream as subsequent forwards. If the mismatch is intentional, you can use torch.autograd.graph.set_warn_on_accumulate_grad_stream_mismatch(False) to suppress this warning. (Triggered internally at /pytorch/torch/csrc/autograd/input_buffer.cpp:240.)
/root/.cache/user_artifacts/trainers_main/server/.venv/lib/python3.12/site-packages/torch/autograd/graph.py:869: UserWarning: The AccumulateGrad node's stream does not match the stream of the node that produced the incoming gradient. This may incur unnecessary synchronization and break CUDA graph capture if the AccumulateGrad node's stream is the default stream. This mismatch is caused by an AccumulateGrad node created prior to the current iteration being kept alive. This can happen if the autograd graph is still being kept alive by tensors such as the loss, or if you are using DDP, which will stash a reference to the node. To resolve the mismatch, delete all references to the autograd graph or ensure that DDP initialization is performed under the same stream as subsequent forwards. If the mismatch is intentional, you can use torch.autograd.graph.set_warn_on_accumulate_grad_stream_mismatch(False) to suppress this warning. (Triggered internally at /pytorch/torch/csrc/autograd/input_buffer.cpp:240.)
  return Variable._execution_engine.run_backward(  # Calls into the C++ engine to run the backward pass
  return Variable._execution_engine.run_backward(  # Calls into the C++ engine to run the backward pass
/root/.cache/user_artifacts/trainers_main/server/.venv/lib/python3.12/site-packages/torch/autograd/graph.py:869: UserWarning: The AccumulateGrad node's stream does not match the stream of the node that produced the incoming gradient. This may incur unnecessary synchronization and break CUDA graph capture if the AccumulateGrad node's stream is the default stream. This mismatch is caused by an AccumulateGrad node created prior to the current iteration being kept alive. This can happen if the autograd graph is still being kept alive by tensors such as the loss, or if you are using DDP, which will stash a reference to the node. To resolve the mismatch, delete all references to the autograd graph or ensure that DDP initialization is performed under the same stream as subsequent forwards. If the mismatch is intentional, you can use torch.autograd.graph.set_warn_on_accumulate_grad_stream_mismatch(False) to suppress this warning. (Triggered internally at /pytorch/torch/csrc/autograd/input_buffer.cpp:240.)
/root/.cache/user_artifacts/trainers_main/server/.venv/lib/python3.12/site-packages/torch/autograd/graph.py:869: UserWarning: The AccumulateGrad node's stream does not match the stream of the node that produced the incoming gradient. This may incur unnecessary synchronization and break CUDA graph capture if the AccumulateGrad node's stream is the default stream. This mismatch is caused by an AccumulateGrad node created prior to the current iteration being kept alive. This can happen if the autograd graph is still being kept alive by tensors such as the loss, or if you are using DDP, which will stash a reference to the node. To resolve the mismatch, delete all references to the autograd graph or ensure that DDP initialization is performed under the same stream as subsequent forwards. If the mismatch is intentional, you can use torch.autograd.graph.set_warn_on_accumulate_grad_stream_mismatch(False) to suppress this warning. (Triggered internally at /pytorch/torch/csrc/autograd/input_buffer.cpp:240.)
  return Variable._execution_engine.run_backward(  # Calls into the C++ engine to run the backward pass
  return Variable._execution_engine.run_backward(  # Calls into the C++ engine to run the backward pass
/root/.cache/user_artifacts/trainers_main/server/.venv/lib/python3.12/site-packages/torch/autograd/graph.py:869: UserWarning: The AccumulateGrad node's stream does not match the stream of the node that produced the incoming gradient. This may incur unnecessary synchronization and break CUDA graph capture if the AccumulateGrad node's stream is the default stream. This mismatch is caused by an AccumulateGrad node created prior to the current iteration being kept alive. This can happen if the autograd graph is still being kept alive by tensors such as the loss, or if you are using DDP, which will stash a reference to the node. To resolve the mismatch, delete all references to the autograd graph or ensure that DDP initialization is performed under the same stream as subsequent forwards. If the mismatch is intentional, you can use torch.autograd.graph.set_warn_on_accumulate_grad_stream_mismatch(False) to suppress this warning. (Triggered internally at /pytorch/torch/csrc/autograd/input_buffer.cpp:240.)
/root/.cache/user_artifacts/trainers_main/server/.venv/lib/python3.12/site-packages/torch/autograd/graph.py:869: UserWarning: The AccumulateGrad node's stream does not match the stream of the node that produced the incoming gradient. This may incur unnecessary synchronization and break CUDA graph capture if the AccumulateGrad node's stream is the default stream. This mismatch is caused by an AccumulateGrad node created prior to the current iteration being kept alive. This can happen if the autograd graph is still being kept alive by tensors such as the loss, or if you are using DDP, which will stash a reference to the node. To resolve the mismatch, delete all references to the autograd graph or ensure that DDP initialization is performed under the same stream as subsequent forwards. If the mismatch is intentional, you can use torch.autograd.graph.set_warn_on_accumulate_grad_stream_mismatch(False) to suppress this warning. (Triggered internally at /pytorch/torch/csrc/autograd/input_buffer.cpp:240.)
  return Variable._execution_engine.run_backward(  # Calls into the C++ engine to run the backward pass
  return Variable._execution_engine.run_backward(  # Calls into the C++ engine to run the backward pass
/root/.cache/user_artifacts/trainers_main/server/.venv/lib/python3.12/site-packages/torch/autograd/graph.py:869: UserWarning: The AccumulateGrad node's stream does not match the stream of the node that produced the incoming gradient. This may incur unnecessary synchronization and break CUDA graph capture if the AccumulateGrad node's stream is the default stream. This mismatch is caused by an AccumulateGrad node created prior to the current iteration being kept alive. This can happen if the autograd graph is still being kept alive by tensors such as the loss, or if you are using DDP, which will stash a reference to the node. To resolve the mismatch, delete all references to the autograd graph or ensure that DDP initialization is performed under the same stream as subsequent forwards. If the mismatch is intentional, you can use torch.autograd.graph.set_warn_on_accumulate_grad_stream_mismatch(False) to suppress this warning. (Triggered internally at /pytorch/torch/csrc/autograd/input_buffer.cpp:240.)
/root/.cache/user_artifacts/trainers_main/server/.venv/lib/python3.12/site-packages/torch/autograd/graph.py:869: UserWarning: The AccumulateGrad node's stream does not match the stream of the node that produced the incoming gradient. This may incur unnecessary synchronization and break CUDA graph capture if the AccumulateGrad node's stream is the default stream. This mismatch is caused by an AccumulateGrad node created prior to the current iteration being kept alive. This can happen if the autograd graph is still being kept alive by tensors such as the loss, or if you are using DDP, which will stash a reference to the node. To resolve the mismatch, delete all references to the autograd graph or ensure that DDP initialization is performed under the same stream as subsequent forwards. If the mismatch is intentional, you can use torch.autograd.graph.set_warn_on_accumulate_grad_stream_mismatch(False) to suppress this warning. (Triggered internally at /pytorch/torch/csrc/autograd/input_buffer.cpp:240.)
  return Variable._execution_engine.run_backward(  # Calls into the C++ engine to run the backward pass
  return Variable._execution_engine.run_backward(  # Calls into the C++ engine to run the backward pass
/root/.cache/user_artifacts/trainers_main/server/.venv/lib/python3.12/site-packages/torch/autograd/graph.py:869: UserWarning: The AccumulateGrad node's stream does not match the stream of the node that produced the incoming gradient. This may incur unnecessary synchronization and break CUDA graph capture if the AccumulateGrad node's stream is the default stream. This mismatch is caused by an AccumulateGrad node created prior to the current iteration being kept alive. This can happen if the autograd graph is still being kept alive by tensors such as the loss, or if you are using DDP, which will stash a reference to the node. To resolve the mismatch, delete all references to the autograd graph or ensure that DDP initialization is performed under the same stream as subsequent forwards. If the mismatch is intentional, you can use torch.autograd.graph.set_warn_on_accumulate_grad_stream_mismatch(False) to suppress this warning. (Triggered internally at /pytorch/torch/csrc/autograd/input_buffer.cpp:240.)
/root/.cache/user_artifacts/trainers_main/server/.venv/lib/python3.12/site-packages/torch/autograd/graph.py:869: UserWarning: The AccumulateGrad node's stream does not match the stream of the node that produced the incoming gradient. This may incur unnecessary synchronization and break CUDA graph capture if the AccumulateGrad node's stream is the default stream. This mismatch is caused by an AccumulateGrad node created prior to the current iteration being kept alive. This can happen if the autograd graph is still being kept alive by tensors such as the loss, or if you are using DDP, which will stash a reference to the node. To resolve the mismatch, delete all references to the autograd graph or ensure that DDP initialization is performed under the same stream as subsequent forwards. If the mismatch is intentional, you can use torch.autograd.graph.set_warn_on_accumulate_grad_stream_mismatch(False) to suppress this warning. (Triggered internally at /pytorch/torch/csrc/autograd/input_buffer.cpp:240.)
  return Variable._execution_engine.run_backward(  # Calls into the C++ engine to run the backward pass
  return Variable._execution_engine.run_backward(  # Calls into the C++ engine to run the backward pass
/root/.cache/user_artifacts/trainers_main/server/.venv/lib/python3.12/site-packages/torch/autograd/graph.py:869: UserWarning: The AccumulateGrad node's stream does not match the stream of the node that produced the incoming gradient. This may incur unnecessary synchronization and break CUDA graph capture if the AccumulateGrad node's stream is the default stream. This mismatch is caused by an AccumulateGrad node created prior to the current iteration being kept alive. This can happen if the autograd graph is still being kept alive by tensors such as the loss, or if you are using DDP, which will stash a reference to the node. To resolve the mismatch, delete all references to the autograd graph or ensure that DDP initialization is performed under the same stream as subsequent forwards. If the mismatch is intentional, you can use torch.autograd.graph.set_warn_on_accumulate_grad_stream_mismatch(False) to suppress this warning. (Triggered internally at /pytorch/torch/csrc/autograd/input_buffer.cpp:240.)
/root/.cache/user_artifacts/trainers_main/server/.venv/lib/python3.12/site-packages/torch/autograd/graph.py:869: UserWarning: The AccumulateGrad node's stream does not match the stream of the node that produced the incoming gradient. This may incur unnecessary synchronization and break CUDA graph capture if the AccumulateGrad node's stream is the default stream. This mismatch is caused by an AccumulateGrad node created prior to the current iteration being kept alive. This can happen if the autograd graph is still being kept alive by tensors such as the loss, or if you are using DDP, which will stash a reference to the node. To resolve the mismatch, delete all references to the autograd graph or ensure that DDP initialization is performed under the same stream as subsequent forwards. If the mismatch is intentional, you can use torch.autograd.graph.set_warn_on_accumulate_grad_stream_mismatch(False) to suppress this warning. (Triggered internally at /pytorch/torch/csrc/autograd/input_buffer.cpp:240.)
  return Variable._execution_engine.run_backward(  # Calls into the C++ engine to run the backward pass
  return Variable._execution_engine.run_backward(  # Calls into the C++ engine to run the backward pass
/root/.cache/user_artifacts/trainers_main/server/.venv/lib/python3.12/site-packages/torch/autograd/graph.py:869: UserWarning: The AccumulateGrad node's stream does not match the stream of the node that produced the incoming gradient. This may incur unnecessary synchronization and break CUDA graph capture if the AccumulateGrad node's stream is the default stream. This mismatch is caused by an AccumulateGrad node created prior to the current iteration being kept alive. This can happen if the autograd graph is still being kept alive by tensors such as the loss, or if you are using DDP, which will stash a reference to the node. To resolve the mismatch, delete all references to the autograd graph or ensure that DDP initialization is performed under the same stream as subsequent forwards. If the mismatch is intentional, you can use torch.autograd.graph.set_warn_on_accumulate_grad_stream_mismatch(False) to suppress this warning. (Triggered internally at /pytorch/torch/csrc/autograd/input_buffer.cpp:240.)
/root/.cache/user_artifacts/trainers_main/server/.venv/lib/python3.12/site-packages/torch/autograd/graph.py:869: UserWarning: The AccumulateGrad node's stream does not match the stream of the node that produced the incoming gradient. This may incur unnecessary synchronization and break CUDA graph capture if the AccumulateGrad node's stream is the default stream. This mismatch is caused by an AccumulateGrad node created prior to the current iteration being kept alive. This can happen if the autograd graph is still being kept alive by tensors such as the loss, or if you are using DDP, which will stash a reference to the node. To resolve the mismatch, delete all references to the autograd graph or ensure that DDP initialization is performed under the same stream as subsequent forwards. If the mismatch is intentional, you can use torch.autograd.graph.set_warn_on_accumulate_grad_stream_mismatch(False) to suppress this warning. (Triggered internally at /pytorch/torch/csrc/autograd/input_buffer.cpp:240.)
  return Variable._execution_engine.run_backward(  # Calls into the C++ engine to run the backward pass
  return Variable._execution_engine.run_backward(  # Calls into the C++ engine to run the backward pass
/root/.cache/user_artifacts/trainers_main/server/.venv/lib/python3.12/site-packages/torch/autograd/graph.py:869: UserWarning: The AccumulateGrad node's stream does not match the stream of the node that produced the incoming gradient. This may incur unnecessary synchronization and break CUDA graph capture if the AccumulateGrad node's stream is the default stream. This mismatch is caused by an AccumulateGrad node created prior to the current iteration being kept alive. This can happen if the autograd graph is still being kept alive by tensors such as the loss, or if you are using DDP, which will stash a reference to the node. To resolve the mismatch, delete all references to the autograd graph or ensure that DDP initialization is performed under the same stream as subsequent forwards. If the mismatch is intentional, you can use torch.autograd.graph.set_warn_on_accumulate_grad_stream_mismatch(False) to suppress this warning. (Triggered internally at /pytorch/torch/csrc/autograd/input_buffer.cpp:240.)
  return Variable._execution_engine.run_backward(  # Calls into the C++ engine to run the backward pass
/root/.cache/user_artifacts/trainers_main/server/.venv/lib/python3.12/site-packages/torch/autograd/graph.py:869: UserWarning: The AccumulateGrad node's stream does not match the stream of the node that produced the incoming gradient. This may incur unnecessary synchronization and break CUDA graph capture if the AccumulateGrad node's stream is the default stream. This mismatch is caused by an AccumulateGrad node created prior to the current iteration being kept alive. This can happen if the autograd graph is still being kept alive by tensors such as the loss, or if you are using DDP, which will stash a reference to the node. To resolve the mismatch, delete all references to the autograd graph or ensure that DDP initialization is performed under the same stream as subsequent forwards. If the mismatch is intentional, you can use torch.autograd.graph.set_warn_on_accumulate_grad_stream_mismatch(False) to suppress this warning. (Triggered internally at /pytorch/torch/csrc/autograd/input_buffer.cpp:240.)
  return Variable._execution_engine.run_backward(  # Calls into the C++ engine to run the backward pass
INFO:trainers_server.dp_worker.api.megatron_controller:warmup pass 2 — full-footprint THD partition (4 synthetic docs, ~131072 tokens)...
/root/.cache/user_artifacts/trainers_main/server/.venv/lib/python3.12/site-packages/nvidia_cutlass_dsl/python_packages/cutlass/cute/core.py:5791: DeprecationWarning: Use explicit `struct.scalar.ptr` for pointer instead.
  warnings.warn(
/root/.cache/user_artifacts/trainers_main/server/.venv/lib/python3.12/site-packages/nvidia_cutlass_dsl/python_packages/cutlass/cute/core.py:5791: DeprecationWarning: Use explicit `struct.scalar.ptr` for pointer instead.
  warnings.warn(
/root/.cache/user_artifacts/trainers_main/server/.venv/lib/python3.12/site-packages/nvidia_cutlass_dsl/python_packages/cutlass/cute/core.py:5791: DeprecationWarning: Use explicit `struct.scalar.ptr` for pointer instead.
  warnings.warn(
/root/.cache/user_artifacts/trainers_main/server/.venv/lib/python3.12/site-packages/nvidia_cutlass_dsl/python_packages/cutlass/cute/core.py:5791: DeprecationWarning: Use explicit `struct.scalar.ptr` for pointer instead.
  warnings.warn(
/root/.cache/user_artifacts/trainers_main/server/.venv/lib/python3.12/site-packages/nvidia_cutlass_dsl/python_packages/cutlass/cute/core.py:5791: DeprecationWarning: Use explicit `struct.scalar.ptr` for pointer instead.
  warnings.warn(
/root/.cache/user_artifacts/trainers_main/server/.venv/lib/python3.12/site-packages/nvidia_cutlass_dsl/python_packages/cutlass/cute/core.py:5791: DeprecationWarning: Use explicit `struct.scalar.ptr` for pointer instead.
  warnings.warn(
/root/.cache/user_artifacts/trainers_main/server/.venv/lib/python3.12/site-packages/nvidia_cutlass_dsl/python_packages/cutlass/cute/core.py:5791: DeprecationWarning: Use explicit `struct.scalar.ptr` for pointer instead.
  warnings.warn(
/root/.cache/user_artifacts/trainers_main/server/.venv/lib/python3.12/site-packages/nvidia_cutlass_dsl/python_packages/cutlass/cute/core.py:5791: DeprecationWarning: Use explicit `struct.scalar.ptr` for pointer instead.
  warnings.warn(
/root/.cache/user_artifacts/trainers_main/server/.venv/lib/python3.12/site-packages/nvidia_cutlass_dsl/python_packages/cutlass/cute/core.py:5791: DeprecationWarning: Use explicit `struct.scalar.ptr` for pointer instead.
  warnings.warn(
/root/.cache/user_artifacts/trainers_main/server/.venv/lib/python3.12/site-packages/nvidia_cutlass_dsl/python_packages/cutlass/cute/core.py:5791: DeprecationWarning: Use explicit `struct.scalar.ptr` for pointer instead.
  warnings.warn(
/root/.cache/user_artifacts/trainers_main/server/.venv/lib/python3.12/site-packages/nvidia_cutlass_dsl/python_packages/cutlass/cute/core.py:5791: DeprecationWarning: Use explicit `struct.scalar.ptr` for pointer instead.
  warnings.warn(
/root/.cache/user_artifacts/trainers_main/server/.venv/lib/python3.12/site-packages/nvidia_cutlass_dsl/python_packages/cutlass/cute/core.py:5791: DeprecationWarning: Use explicit `struct.scalar.ptr` for pointer instead.
  warnings.warn(
/root/.cache/user_artifacts/trainers_main/server/.venv/lib/python3.12/site-packages/nvidia_cutlass_dsl/python_packages/cutlass/cute/core.py:5791: DeprecationWarning: Use explicit `struct.scalar.ptr` for pointer instead.
  warnings.warn(
/root/.cache/user_artifacts/trainers_main/server/.venv/lib/python3.12/site-packages/nvidia_cutlass_dsl/python_packages/cutlass/cute/core.py:5791: DeprecationWarning: Use explicit `struct.scalar.ptr` for pointer instead.
  warnings.warn(
/root/.cache/user_artifacts/trainers_main/server/.venv/lib/python3.12/site-packages/nvidia_cutlass_dsl/python_packages/cutlass/cute/core.py:5791: DeprecationWarning: Use explicit `struct.scalar.ptr` for pointer instead.
  warnings.warn(
/root/.cache/user_artifacts/trainers_main/server/.venv/lib/python3.12/site-packages/nvidia_cutlass_dsl/python_packages/cutlass/cute/core.py:5791: DeprecationWarning: Use explicit `struct.scalar.ptr` for pointer instead.
  warnings.warn(
/root/.cache/user_artifacts/trainers_main/server/.venv/lib/python3.12/site-packages/nvidia_cutlass_dsl/python_packages/cutlass/cute/core.py:5791: DeprecationWarning: Use explicit `struct.scalar.ptr` for pointer instead.
  warnings.warn(
/root/.cache/user_artifacts/trainers_main/server/.venv/lib/python3.12/site-packages/nvidia_cutlass_dsl/python_packages/cutlass/cute/core.py:5791: DeprecationWarning: Use explicit `struct.scalar.ptr` for pointer instead.
  warnings.warn(
/root/.cache/user_artifacts/trainers_main/server/.venv/lib/python3.12/site-packages/nvidia_cutlass_dsl/python_packages/cutlass/cute/core.py:5791: DeprecationWarning: Use explicit `struct.scalar.ptr` for pointer instead.
  warnings.warn(
/root/.cache/user_artifacts/trainers_main/server/.venv/lib/python3.12/site-packages/nvidia_cutlass_dsl/python_packages/cutlass/cute/core.py:5791: DeprecationWarning: Use explicit `struct.scalar.ptr` for pointer instead.
  warnings.warn(
/root/.cache/user_artifacts/trainers_main/server/.venv/lib/python3.12/site-packages/nvidia_cutlass_dsl/python_packages/cutlass/cute/core.py:5791: DeprecationWarning: Use explicit `struct.scalar.ptr` for pointer instead.
  warnings.warn(
/root/.cache/user_artifacts/trainers_main/server/.venv/lib/python3.12/site-packages/nvidia_cutlass_dsl/python_packages/cutlass/cute/core.py:5791: DeprecationWarning: Use explicit `struct.scalar.ptr` for pointer instead.
  warnings.warn(
/root/.cache/user_artifacts/trainers_main/server/.venv/lib/python3.12/site-packages/nvidia_cutlass_dsl/python_packages/cutlass/cute/core.py:5791: DeprecationWarning: Use explicit `struct.scalar.ptr` for pointer instead.
  warnings.warn(
/root/.cache/user_artifacts/trainers_main/server/.venv/lib/python3.12/site-packages/nvidia_cutlass_dsl/python_packages/cutlass/cute/core.py:5791: DeprecationWarning: Use explicit `struct.scalar.ptr` for pointer instead.
  warnings.warn(
/root/.cache/user_artifacts/trainers_main/server/.venv/lib/python3.12/site-packages/nvidia_cutlass_dsl/python_packages/cutlass/cute/core.py:5791: DeprecationWarning: Use explicit `struct.scalar.ptr` for pointer instead.
  warnings.warn(
/root/.cache/user_artifacts/trainers_main/server/.venv/lib/python3.12/site-packages/nvidia_cutlass_dsl/python_packages/cutlass/cute/core.py:5791: DeprecationWarning: Use explicit `struct.scalar.ptr` for pointer instead.
  warnings.warn(
/root/.cache/user_artifacts/trainers_main/server/.venv/lib/python3.12/site-packages/nvidia_cutlass_dsl/python_packages/cutlass/cute/core.py:5791: DeprecationWarning: Use explicit `struct.scalar.ptr` for pointer instead.
  warnings.warn(
/root/.cache/user_artifacts/trainers_main/server/.venv/lib/python3.12/site-packages/nvidia_cutlass_dsl/python_packages/cutlass/cute/core.py:5791: DeprecationWarning: Use explicit `struct.scalar.ptr` for pointer instead.
  warnings.warn(
/root/.cache/user_artifacts/trainers_main/server/.venv/lib/python3.12/site-packages/nvidia_cutlass_dsl/python_packages/cutlass/cute/core.py:5791: DeprecationWarning: Use explicit `struct.scalar.ptr` for pointer instead.
  warnings.warn(
/root/.cache/user_artifacts/trainers_main/server/.venv/lib/python3.12/site-packages/nvidia_cutlass_dsl/python_packages/cutlass/cute/core.py:5791: DeprecationWarning: Use explicit `struct.scalar.ptr` for pointer instead.
  warnings.warn(
/root/.cache/user_artifacts/trainers_main/server/.venv/lib/python3.12/site-packages/nvidia_cutlass_dsl/python_packages/cutlass/cute/core.py:5791: DeprecationWarning: Use explicit `struct.scalar.ptr` for pointer instead.
  warnings.warn(
/root/.cache/user_artifacts/trainers_main/server/.venv/lib/python3.12/site-packages/nvidia_cutlass_dsl/python_packages/cutlass/cute/core.py:5791: DeprecationWarning: Use explicit `struct.scalar.ptr` for pointer instead.
  warnings.warn(
WARNING:megatron.core.transformer.moe.token_dispatcher:BT_MOE_PROBS_A2A_COMM window 1 (300 gated dispatches): {'token_issues': 300, 'probs_issues': 300, 'waits': 600}
WARNING:megatron.core.transformer.moe.token_dispatcher:BT_MOE_PROBS_A2A_COMM window 1 (300 gated dispatches): {'token_issues': 300, 'probs_issues': 300, 'waits': 600}
WARNING:megatron.core.transformer.moe.token_dispatcher:BT_MOE_PROBS_A2A_COMM window 1 (300 gated dispatches): {'token_issues': 300, 'probs_issues': 300, 'waits': 600}
WARNING:megatron.core.transformer.moe.token_dispatcher:BT_MOE_PROBS_A2A_COMM window 1 (300 gated dispatches): {'token_issues': 300, 'probs_issues': 300, 'waits': 600}
WARNING:megatron.core.transformer.moe.token_dispatcher:BT_MOE_PROBS_A2A_COMM window 1 (300 gated dispatches): {'token_issues': 300, 'probs_issues': 300, 'waits': 600}
WARNING:megatron.core.transformer.moe.token_dispatcher:BT_MOE_PROBS_A2A_COMM window 1 (300 gated dispatches): {'token_issues': 300, 'probs_issues': 300, 'waits': 600}
WARNING:megatron.core.transformer.moe.token_dispatcher:BT_MOE_PROBS_A2A_COMM window 1 (300 gated dispatches): {'token_issues': 300, 'probs_issues': 300, 'waits': 600}
WARNING:megatron.core.transformer.moe.token_dispatcher:BT_MOE_PROBS_A2A_COMM window 1 (300 gated dispatches): {'token_issues': 300, 'probs_issues': 300, 'waits': 600}
WARNING:megatron.core.transformer.moe.token_dispatcher:BT_MOE_PROBS_A2A_COMM window 1 (300 gated dispatches): {'token_issues': 300, 'probs_issues': 300, 'waits': 600}
WARNING:megatron.core.transformer.moe.token_dispatcher:BT_MOE_PROBS_A2A_COMM window 1 (300 gated dispatches): {'token_issues': 300, 'probs_issues': 300, 'waits': 600}
WARNING:megatron.core.transformer.moe.token_dispatcher:BT_MOE_PROBS_A2A_COMM window 1 (300 gated dispatches): {'token_issues': 300, 'probs_issues': 300, 'waits': 600}
WARNING:megatron.core.transformer.moe.token_dispatcher:BT_MOE_PROBS_A2A_COMM window 1 (300 gated dispatches): {'token_issues': 300, 'probs_issues': 300, 'waits': 600}
WARNING:megatron.core.transformer.moe.token_dispatcher:BT_MOE_PROBS_A2A_COMM window 1 (300 gated dispatches): {'token_issues': 300, 'probs_issues': 300, 'waits': 600}
WARNING:megatron.core.transformer.moe.token_dispatcher:BT_MOE_PROBS_A2A_COMM window 1 (300 gated dispatches): {'token_issues': 300, 'probs_issues': 300, 'waits': 600}
WARNING:megatron.core.transformer.moe.token_dispatcher:BT_MOE_PROBS_A2A_COMM window 1 (300 gated dispatches): {'token_issues': 300, 'probs_issues': 300, 'waits': 600}
WARNING:megatron.core.transformer.moe.token_dispatcher:BT_MOE_PROBS_A2A_COMM window 1 (300 gated dispatches): {'token_issues': 300, 'probs_issues': 300, 'waits': 600}
/root/.cache/user_artifacts/trainers_main/server/.venv/lib/python3.12/site-packages/torch/distributed/c10d_logger.py:83: UserWarning: barrier(): using the device under current context. You can specify `device_id` in `init_process_group` to mute this warning.
  return func(*args, **kwargs)
INFO:trainers_server.dp_worker.api.megatron_controller:READY — pipeline connected (1 PP stage(s)), kernels warm (213.6s). Server will now accept ops.
INFO:     Started server process [58498]
INFO:     Waiting for application startup.
INFO:     Application startup complete.
INFO:     Uvicorn running on http://0.0.0.0:8001 (Press CTRL+C to quit)
INFO:     127.0.0.1:46904 - "GET /health HTTP/1.1" 200 OK
INFO:     127.0.0.1:56060 - "GET /status HTTP/1.1" 200 OK
INFO:trainers_server.dp_worker.api.server:submit: op=forward_backward operation_id=0a5bf39ec67043348977ab9ab079111e enqueued (qsize=1) n_datums=2 total_tokens=262144 seq_len[min/max]=131072/131072
INFO:     127.0.0.1:56060 - "POST /forward_backward HTTP/1.1" 202 Accepted
ERROR:opentelemetry.sdk.trace.export:Exception while exporting Span batch.
Traceback (most recent call last):
  File "/root/.cache/user_artifacts/trainers_main/server/.venv/lib/python3.12/site-packages/urllib3/connection.py", line 204, in _new_conn
    sock = connection.create_connection(
           ^^^^^^^^^^^^^^^^^^^^^^^^^^^^^
  File "/root/.cache/user_artifacts/trainers_main/server/.venv/lib/python3.12/site-packages/urllib3/util/connection.py", line 85, in create_connection
    raise err
  File "/root/.cache/user_artifacts/trainers_main/server/.venv/lib/python3.12/site-packages/urllib3/util/connection.py", line 73, in create_connection
    sock.connect(sa)
ConnectionRefusedError: [Errno 111] Connection refused

The above exception was the direct cause of the following exception:

Traceback (most recent call last):
  File "/root/.cache/user_artifacts/trainers_main/server/.venv/lib/python3.12/site-packages/urllib3/connectionpool.py", line 787, in urlopen
    response = self._make_request(
               ^^^^^^^^^^^^^^^^^^^
  File "/root/.cache/user_artifacts/trainers_main/server/.venv/lib/python3.12/site-packages/urllib3/connectionpool.py", line 493, in _make_request
    conn.request(
  File "/root/.cache/user_artifacts/trainers_main/server/.venv/lib/python3.12/site-packages/urllib3/connection.py", line 500, in request
    self.endheaders()
  File "/usr/lib/python3.12/http/client.py", line 1360, in endheaders
    self._send_output(message_body, encode_chunked=encode_chunked)
  File "/usr/lib/python3.12/http/client.py", line 1120, in _send_output
    self.send(msg)
  File "/usr/lib/python3.12/http/client.py", line 1064, in send
    self.connect()
  File "/root/.cache/user_artifacts/trainers_main/server/.venv/lib/python3.12/site-packages/urllib3/connection.py", line 331, in connect
    self.sock = self._new_conn()
                ^^^^^^^^^^^^^^^^
  File "/root/.cache/user_artifacts/trainers_main/server/.venv/lib/python3.12/site-packages/urllib3/connection.py", line 219, in _new_conn
    raise NewConnectionError(
urllib3.exceptions.NewConnectionError: HTTPConnection(host='localhost', port=4318): Failed to establish a new connection: [Errno 111] Connection refused

The above exception was the direct cause of the following exception:

Traceback (most recent call last):
  File "/root/.cache/user_artifacts/trainers_main/server/.venv/lib/python3.12/site-packages/requests/adapters.py", line 644, in send
    resp = conn.urlopen(
           ^^^^^^^^^^^^^
  File "/root/.cache/user_artifacts/trainers_main/server/.venv/lib/python3.12/site-packages/urllib3/connectionpool.py", line 841, in urlopen
    retries = retries.increment(
              ^^^^^^^^^^^^^^^^^^
  File "/root/.cache/user_artifacts/trainers_main/server/.venv/lib/python3.12/site-packages/urllib3/util/retry.py", line 535, in increment
    raise MaxRetryError(_pool, url, reason) from reason  # type: ignore[arg-type]
    ^^^^^^^^^^^^^^^^^^^^^^^^^^^^^^^^^^^^^^^^^^^^^^^^^^^
urllib3.exceptions.MaxRetryError: HTTPConnectionPool(host='localhost', port=4318): Max retries exceeded with url: /v1/traces (Caused by NewConnectionError("HTTPConnection(host='localhost', port=4318): Failed to establish a new connection: [Errno 111] Connection refused"))

During handling of the above exception, another exception occurred:

Traceback (most recent call last):
  File "/root/.cache/user_artifacts/trainers_main/server/.venv/lib/python3.12/site-packages/opentelemetry/sdk/trace/export/__init__.py", line 362, in _export_batch
    self.span_exporter.export(self.spans_list[:idx])  # type: ignore
    ^^^^^^^^^^^^^^^^^^^^^^^^^^^^^^^^^^^^^^^^^^^^^^^^
  File "/root/.cache/user_artifacts/trainers_main/server/.venv/lib/python3.12/site-packages/opentelemetry/exporter/otlp/proto/http/trace_exporter/__init__.py", line 139, in export
    resp = self._export(serialized_data)
           ^^^^^^^^^^^^^^^^^^^^^^^^^^^^^
  File "/root/.cache/user_artifacts/trainers_main/server/.venv/lib/python3.12/site-packages/opentelemetry/exporter/otlp/proto/http/trace_exporter/__init__.py", line 110, in _export
    return self._session.post(
           ^^^^^^^^^^^^^^^^^^^
  File "/root/.cache/user_artifacts/trainers_main/server/.venv/lib/python3.12/site-packages/requests/sessions.py", line 637, in post
    return self.request("POST", url, data=data, json=json, **kwargs)
           ^^^^^^^^^^^^^^^^^^^^^^^^^^^^^^^^^^^^^^^^^^^^^^^^^^^^^^^^^
  File "/root/.cache/user_artifacts/trainers_main/server/.venv/lib/python3.12/site-packages/requests/sessions.py", line 589, in request
    resp = self.send(prep, **send_kwargs)
           ^^^^^^^^^^^^^^^^^^^^^^^^^^^^^^
  File "/root/.cache/user_artifacts/trainers_main/server/.venv/lib/python3.12/site-packages/requests/sessions.py", line 703, in send
    r = adapter.send(request, **kwargs)
        ^^^^^^^^^^^^^^^^^^^^^^^^^^^^^^^
  File "/root/.cache/user_artifacts/trainers_main/server/.venv/lib/python3.12/site-packages/requests/adapters.py", line 677, in send
    raise ConnectionError(e, request=request)
requests.exceptions.ConnectionError: HTTPConnectionPool(host='localhost', port=4318): Max retries exceeded with url: /v1/traces (Caused by NewConnectionError("HTTPConnection(host='localhost', port=4318): Failed to establish a new connection: [Errno 111] Connection refused"))
WARNING:megatron.core.transformer.moe.token_dispatcher:BT_MOE_PROBS_A2A_COMM window 2 (300 gated dispatches): {'token_issues': 600, 'probs_issues': 600, 'waits': 1200}
WARNING:megatron.core.transformer.moe.token_dispatcher:BT_MOE_PROBS_A2A_COMM window 2 (300 gated dispatches): {'token_issues': 600, 'probs_issues': 600, 'waits': 1200}
WARNING:megatron.core.transformer.moe.token_dispatcher:BT_MOE_PROBS_A2A_COMM window 2 (300 gated dispatches): {'token_issues': 600, 'probs_issues': 600, 'waits': 1200}
WARNING:megatron.core.transformer.moe.token_dispatcher:BT_MOE_PROBS_A2A_COMM window 2 (300 gated dispatches): {'token_issues': 600, 'probs_issues': 600, 'waits': 1200}
WARNING:megatron.core.transformer.moe.token_dispatcher:BT_MOE_PROBS_A2A_COMM window 2 (300 gated dispatches): {'token_issues': 600, 'probs_issues': 600, 'waits': 1200}
WARNING:megatron.core.transformer.moe.token_dispatcher:BT_MOE_PROBS_A2A_COMM window 2 (300 gated dispatches): {'token_issues': 600, 'probs_issues': 600, 'waits': 1200}
WARNING:megatron.core.transformer.moe.token_dispatcher:BT_MOE_PROBS_A2A_COMM window 2 (300 gated dispatches): {'token_issues': 600, 'probs_issues': 600, 'waits': 1200}
WARNING:megatron.core.transformer.moe.token_dispatcher:BT_MOE_PROBS_A2A_COMM window 2 (300 gated dispatches): {'token_issues': 600, 'probs_issues': 600, 'waits': 1200}
WARNING:megatron.core.transformer.moe.token_dispatcher:BT_MOE_PROBS_A2A_COMM window 2 (300 gated dispatches): {'token_issues': 600, 'probs_issues': 600, 'waits': 1200}
WARNING:megatron.core.transformer.moe.token_dispatcher:BT_MOE_PROBS_A2A_COMM window 2 (300 gated dispatches): {'token_issues': 600, 'probs_issues': 600, 'waits': 1200}
WARNING:megatron.core.transformer.moe.token_dispatcher:BT_MOE_PROBS_A2A_COMM window 2 (300 gated dispatches): {'token_issues': 600, 'probs_issues': 600, 'waits': 1200}
WARNING:megatron.core.transformer.moe.token_dispatcher:BT_MOE_PROBS_A2A_COMM window 2 (300 gated dispatches): {'token_issues': 600, 'probs_issues': 600, 'waits': 1200}
WARNING:megatron.core.transformer.moe.token_dispatcher:BT_MOE_PROBS_A2A_COMM window 2 (300 gated dispatches): {'token_issues': 600, 'probs_issues': 600, 'waits': 1200}
WARNING:megatron.core.transformer.moe.token_dispatcher:BT_MOE_PROBS_A2A_COMM window 2 (300 gated dispatches): {'token_issues': 600, 'probs_issues': 600, 'waits': 1200}
WARNING:megatron.core.transformer.moe.token_dispatcher:BT_MOE_PROBS_A2A_COMM window 2 (300 gated dispatches): {'token_issues': 600, 'probs_issues': 600, 'waits': 1200}
WARNING:megatron.core.transformer.moe.token_dispatcher:BT_MOE_PROBS_A2A_COMM window 2 (300 gated dispatches): {'token_issues': 600, 'probs_issues': 600, 'waits': 1200}
WARNING:megatron.core.transformer.experimental_attention_variant.dsa_cudnn_kernels:BT_DSA_BWD_ASYNC_NONEMPTY_V3 window 1 (312 probe reads): {'kicks': 312, 'hits': 312, 'misses': 0, 'probe_dropped': 0, 'fallbacks': 0, 'verifies': 311}
WARNING:megatron.core.transformer.experimental_attention_variant.dsa_cudnn_kernels:BT_DSA_BWD_ASYNC_NONEMPTY_V3 window 1 (312 probe reads): {'kicks': 312, 'hits': 312, 'misses': 0, 'probe_dropped': 0, 'fallbacks': 0, 'verifies': 311}
WARNING:megatron.core.transformer.experimental_attention_variant.dsa_cudnn_kernels:BT_DSA_BWD_ASYNC_NONEMPTY_V3 window 1 (312 probe reads): {'kicks': 312, 'hits': 312, 'misses': 0, 'probe_dropped': 0, 'fallbacks': 0, 'verifies': 311}
WARNING:megatron.core.transformer.experimental_attention_variant.dsa_cudnn_kernels:BT_DSA_BWD_ASYNC_NONEMPTY_V3 window 1 (312 probe reads): {'kicks': 312, 'hits': 312, 'misses': 0, 'probe_dropped': 0, 'fallbacks': 0, 'verifies': 311}
WARNING:megatron.core.transformer.experimental_attention_variant.dsa_cudnn_kernels:BT_DSA_BWD_ASYNC_NONEMPTY_V3 window 1 (312 probe reads): {'kicks': 312, 'hits': 312, 'misses': 0, 'probe_dropped': 0, 'fallbacks': 0, 'verifies': 311}
WARNING:megatron.core.transformer.experimental_attention_variant.dsa_cudnn_kernels:BT_DSA_BWD_ASYNC_NONEMPTY_V3 window 1 (312 probe reads): {'kicks': 312, 'hits': 312, 'misses': 0, 'probe_dropped': 0, 'fallbacks': 0, 'verifies': 311}
WARNING:megatron.core.transformer.experimental_attention_variant.dsa_cudnn_kernels:BT_DSA_BWD_ASYNC_NONEMPTY_V3 window 1 (312 probe reads): {'kicks': 312, 'hits': 312, 'misses': 0, 'probe_dropped': 0, 'fallbacks': 0, 'verifies': 311}
WARNING:megatron.core.transformer.experimental_attention_variant.dsa_cudnn_kernels:BT_DSA_BWD_ASYNC_NONEMPTY_V3 window 1 (312 probe reads): {'kicks': 312, 'hits': 312, 'misses': 0, 'probe_dropped': 0, 'fallbacks': 0, 'verifies': 311}
WARNING:megatron.core.transformer.experimental_attention_variant.dsa_cudnn_kernels:BT_DSA_BWD_ASYNC_NONEMPTY_V3 window 1 (312 probe reads): {'kicks': 312, 'hits': 312, 'misses': 0, 'probe_dropped': 0, 'fallbacks': 0, 'verifies': 311}
WARNING:megatron.core.transformer.experimental_attention_variant.dsa_cudnn_kernels:BT_DSA_BWD_ASYNC_NONEMPTY_V3 window 1 (312 probe reads): {'kicks': 312, 'hits': 312, 'misses': 0, 'probe_dropped': 0, 'fallbacks': 0, 'verifies': 311}
WARNING:megatron.core.transformer.experimental_attention_variant.dsa_cudnn_kernels:BT_DSA_BWD_ASYNC_NONEMPTY_V3 window 1 (312 probe reads): {'kicks': 312, 'hits': 312, 'misses': 0, 'probe_dropped': 0, 'fallbacks': 0, 'verifies': 311}
WARNING:megatron.core.transformer.experimental_attention_variant.dsa_cudnn_kernels:BT_DSA_BWD_ASYNC_NONEMPTY_V3 window 1 (312 probe reads): {'kicks': 312, 'hits': 312, 'misses': 0, 'probe_dropped': 0, 'fallbacks': 0, 'verifies': 311}
WARNING:megatron.core.transformer.experimental_attention_variant.dsa_cudnn_kernels:BT_DSA_BWD_ASYNC_NONEMPTY_V3 window 1 (312 probe reads): {'kicks': 312, 'hits': 312, 'misses': 0, 'probe_dropped': 0, 'fallbacks': 0, 'verifies': 311}
WARNING:megatron.core.transformer.experimental_attention_variant.dsa_cudnn_kernels:BT_DSA_BWD_ASYNC_NONEMPTY_V3 window 1 (312 probe reads): {'kicks': 312, 'hits': 312, 'misses': 0, 'probe_dropped': 0, 'fallbacks': 0, 'verifies': 311}
WARNING:megatron.core.transformer.experimental_attention_variant.dsa_cudnn_kernels:BT_DSA_BWD_ASYNC_NONEMPTY_V3 window 1 (312 probe reads): {'kicks': 312, 'hits': 312, 'misses': 0, 'probe_dropped': 0, 'fallbacks': 0, 'verifies': 311}
WARNING:megatron.core.transformer.experimental_attention_variant.dsa_cudnn_kernels:BT_DSA_BWD_ASYNC_NONEMPTY_V3 window 1 (312 probe reads): {'kicks': 312, 'hits': 312, 'misses': 0, 'probe_dropped': 0, 'fallbacks': 0, 'verifies': 311}
INFO:trainers_server.dp_worker.api.dispatcher_worker:dispatcher_worker: op=forward_backward operation_id=0a5bf39ec67043348977ab9ab079111e done in 39.77s {'loss': 12.316714795797697}
INFO:trainers_server.dp_worker.api.server:retrieve: operation_id=0a5bf39ec67043348977ab9ab079111e done after 9.77s
INFO:     127.0.0.1:56060 - "GET /operations/0a5bf39ec67043348977ab9ab079111e HTTP/1.1" 200 OK
INFO:trainers_server.dp_worker.api.server:submit: op=optim_step operation_id=d0f66bf81fc544f8876cfac9a67fc6d8 enqueued (qsize=1) 
INFO:     127.0.0.1:56060 - "POST /optim_step HTTP/1.1" 202 Accepted
ERROR:opentelemetry.sdk.trace.export:Exception while exporting Span batch.
Traceback (most recent call last):
  File "/root/.cache/user_artifacts/trainers_main/server/.venv/lib/python3.12/site-packages/urllib3/connection.py", line 204, in _new_conn
    sock = connection.create_connection(
           ^^^^^^^^^^^^^^^^^^^^^^^^^^^^^
  File "/root/.cache/user_artifacts/trainers_main/server/.venv/lib/python3.12/site-packages/urllib3/util/connection.py", line 85, in create_connection
    raise err
  File "/root/.cache/user_artifacts/trainers_main/server/.venv/lib/python3.12/site-packages/urllib3/util/connection.py", line 73, in create_connection
    sock.connect(sa)
ConnectionRefusedError: [Errno 111] Connection refused

The above exception was the direct cause of the following exception:

Traceback (most recent call last):
  File "/root/.cache/user_artifacts/trainers_main/server/.venv/lib/python3.12/site-packages/urllib3/connectionpool.py", line 787, in urlopen
    response = self._make_request(
               ^^^^^^^^^^^^^^^^^^^
  File "/root/.cache/user_artifacts/trainers_main/server/.venv/lib/python3.12/site-packages/urllib3/connectionpool.py", line 493, in _make_request
    conn.request(
  File "/root/.cache/user_artifacts/trainers_main/server/.venv/lib/python3.12/site-packages/urllib3/connection.py", line 500, in request
    self.endheaders()
  File "/usr/lib/python3.12/http/client.py", line 1360, in endheaders
    self._send_output(message_body, encode_chunked=encode_chunked)
  File "/usr/lib/python3.12/http/client.py", line 1120, in _send_output
    self.send(msg)
  File "/usr/lib/python3.12/http/client.py", line 1064, in send
    self.connect()
  File "/root/.cache/user_artifacts/trainers_main/server/.venv/lib/python3.12/site-packages/urllib3/connection.py", line 331, in connect
    self.sock = self._new_conn()
                ^^^^^^^^^^^^^^^^
  File "/root/.cache/user_artifacts/trainers_main/server/.venv/lib/python3.12/site-packages/urllib3/connection.py", line 219, in _new_conn
    raise NewConnectionError(
urllib3.exceptions.NewConnectionError: HTTPConnection(host='localhost', port=4318): Failed to establish a new connection: [Errno 111] Connection refused

The above exception was the direct cause of the following exception:

Traceback (most recent call last):
  File "/root/.cache/user_artifacts/trainers_main/server/.venv/lib/python3.12/site-packages/requests/adapters.py", line 644, in send
    resp = conn.urlopen(
           ^^^^^^^^^^^^^
  File "/root/.cache/user_artifacts/trainers_main/server/.venv/lib/python3.12/site-packages/urllib3/connectionpool.py", line 841, in urlopen
    retries = retries.increment(
              ^^^^^^^^^^^^^^^^^^
  File "/root/.cache/user_artifacts/trainers_main/server/.venv/lib/python3.12/site-packages/urllib3/util/retry.py", line 535, in increment
    raise MaxRetryError(_pool, url, reason) from reason  # type: ignore[arg-type]
    ^^^^^^^^^^^^^^^^^^^^^^^^^^^^^^^^^^^^^^^^^^^^^^^^^^^
urllib3.exceptions.MaxRetryError: HTTPConnectionPool(host='localhost', port=4318): Max retries exceeded with url: /v1/traces (Caused by NewConnectionError("HTTPConnection(host='localhost', port=4318): Failed to establish a new connection: [Errno 111] Connection refused"))

During handling of the above exception, another exception occurred:

Traceback (most recent call last):
  File "/root/.cache/user_artifacts/trainers_main/server/.venv/lib/python3.12/site-packages/opentelemetry/sdk/trace/export/__init__.py", line 362, in _export_batch
    self.span_exporter.export(self.spans_list[:idx])  # type: ignore
    ^^^^^^^^^^^^^^^^^^^^^^^^^^^^^^^^^^^^^^^^^^^^^^^^
  File "/root/.cache/user_artifacts/trainers_main/server/.venv/lib/python3.12/site-packages/opentelemetry/exporter/otlp/proto/http/trace_exporter/__init__.py", line 139, in export
    resp = self._export(serialized_data)
           ^^^^^^^^^^^^^^^^^^^^^^^^^^^^^
  File "/root/.cache/user_artifacts/trainers_main/server/.venv/lib/python3.12/site-packages/opentelemetry/exporter/otlp/proto/http/trace_exporter/__init__.py", line 110, in _export
    return self._session.post(
           ^^^^^^^^^^^^^^^^^^^
  File "/root/.cache/user_artifacts/trainers_main/server/.venv/lib/python3.12/site-packages/requests/sessions.py", line 637, in post
    return self.request("POST", url, data=data, json=json, **kwargs)
           ^^^^^^^^^^^^^^^^^^^^^^^^^^^^^^^^^^^^^^^^^^^^^^^^^^^^^^^^^
  File "/root/.cache/user_artifacts/trainers_main/server/.venv/lib/python3.12/site-packages/requests/sessions.py", line 589, in request
    resp = self.send(prep, **send_kwargs)
           ^^^^^^^^^^^^^^^^^^^^^^^^^^^^^^
  File "/root/.cache/user_artifacts/trainers_main/server/.venv/lib/python3.12/site-packages/requests/sessions.py", line 703, in send
    r = adapter.send(request, **kwargs)
        ^^^^^^^^^^^^^^^^^^^^^^^^^^^^^^^
  File "/root/.cache/user_artifacts/trainers_main/server/.venv/lib/python3.12/site-packages/requests/adapters.py", line 677, in send
    raise ConnectionError(e, request=request)
requests.exceptions.ConnectionError: HTTPConnectionPool(host='localhost', port=4318): Max retries exceeded with url: /v1/traces (Caused by NewConnectionError("HTTPConnection(host='localhost', port=4318): Failed to establish a new connection: [Errno 111] Connection refused"))
INFO:trainers_server.dp_worker.api.dispatcher_worker:dispatcher_worker: op=optim_step operation_id=d0f66bf81fc544f8876cfac9a67fc6d8 done in 4.56s step=1.0 learning_rate=1e-05 lr=1e-05 grad_norm=0.7898063063621521 tps=5916.107602195683 train_mean_nll=12.316714795797697 num_tokens=262144.0 num_loss_tokens=262142.0 step_seconds=44.31021503102966
INFO:trainers_server.dp_worker.api.server:retrieve: operation_id=d0f66bf81fc544f8876cfac9a67fc6d8 done after 4.56s
INFO:     127.0.0.1:56060 - "GET /operations/d0f66bf81fc544f8876cfac9a67fc6d8 HTTP/1.1" 200 OK
INFO:trainers_server.dp_worker.api.server:submit: op=forward_backward operation_id=f46a44ef8607478bbdcdd9c710960099 enqueued (qsize=1) n_datums=4 total_tokens=524288 seq_len[min/max]=131072/131072
INFO:     127.0.0.1:56060 - "POST /forward_backward HTTP/1.1" 202 Accepted
ERROR:opentelemetry.sdk.trace.export:Exception while exporting Span batch.
Traceback (most recent call last):
  File "/root/.cache/user_artifacts/trainers_main/server/.venv/lib/python3.12/site-packages/urllib3/connection.py", line 204, in _new_conn
    sock = connection.create_connection(
           ^^^^^^^^^^^^^^^^^^^^^^^^^^^^^
  File "/root/.cache/user_artifacts/trainers_main/server/.venv/lib/python3.12/site-packages/urllib3/util/connection.py", line 85, in create_connection
    raise err
  File "/root/.cache/user_artifacts/trainers_main/server/.venv/lib/python3.12/site-packages/urllib3/util/connection.py", line 73, in create_connection
    sock.connect(sa)
ConnectionRefusedError: [Errno 111] Connection refused

The above exception was the direct cause of the following exception:

Traceback (most recent call last):
  File "/root/.cache/user_artifacts/trainers_main/server/.venv/lib/python3.12/site-packages/urllib3/connectionpool.py", line 787, in urlopen
    response = self._make_request(
               ^^^^^^^^^^^^^^^^^^^
  File "/root/.cache/user_artifacts/trainers_main/server/.venv/lib/python3.12/site-packages/urllib3/connectionpool.py", line 493, in _make_request
    conn.request(
  File "/root/.cache/user_artifacts/trainers_main/server/.venv/lib/python3.12/site-packages/urllib3/connection.py", line 500, in request
    self.endheaders()
  File "/usr/lib/python3.12/http/client.py", line 1360, in endheaders
    self._send_output(message_body, encode_chunked=encode_chunked)
  File "/usr/lib/python3.12/http/client.py", line 1120, in _send_output
    self.send(msg)
  File "/usr/lib/python3.12/http/client.py", line 1064, in send
    self.connect()
  File "/root/.cache/user_artifacts/trainers_main/server/.venv/lib/python3.12/site-packages/urllib3/connection.py", line 331, in connect
    self.sock = self._new_conn()
                ^^^^^^^^^^^^^^^^
  File "/root/.cache/user_artifacts/trainers_main/server/.venv/lib/python3.12/site-packages/urllib3/connection.py", line 219, in _new_conn
    raise NewConnectionError(
urllib3.exceptions.NewConnectionError: HTTPConnection(host='localhost', port=4318): Failed to establish a new connection: [Errno 111] Connection refused

The above exception was the direct cause of the following exception:

Traceback (most recent call last):
  File "/root/.cache/user_artifacts/trainers_main/server/.venv/lib/python3.12/site-packages/requests/adapters.py", line 644, in send
    resp = conn.urlopen(
           ^^^^^^^^^^^^^
  File "/root/.cache/user_artifacts/trainers_main/server/.venv/lib/python3.12/site-packages/urllib3/connectionpool.py", line 841, in urlopen
    retries = retries.increment(
              ^^^^^^^^^^^^^^^^^^
  File "/root/.cache/user_artifacts/trainers_main/server/.venv/lib/python3.12/site-packages/urllib3/util/retry.py", line 535, in increment
    raise MaxRetryError(_pool, url, reason) from reason  # type: ignore[arg-type]
    ^^^^^^^^^^^^^^^^^^^^^^^^^^^^^^^^^^^^^^^^^^^^^^^^^^^
urllib3.exceptions.MaxRetryError: HTTPConnectionPool(host='localhost', port=4318): Max retries exceeded with url: /v1/traces (Caused by NewConnectionError("HTTPConnection(host='localhost', port=4318): Failed to establish a new connection: [Errno 111] Connection refused"))

During handling of the above exception, another exception occurred:

Traceback (most recent call last):
  File "/root/.cache/user_artifacts/trainers_main/server/.venv/lib/python3.12/site-packages/opentelemetry/sdk/trace/export/__init__.py", line 362, in _export_batch
    self.span_exporter.export(self.spans_list[:idx])  # type: ignore
    ^^^^^^^^^^^^^^^^^^^^^^^^^^^^^^^^^^^^^^^^^^^^^^^^
  File "/root/.cache/user_artifacts/trainers_main/server/.venv/lib/python3.12/site-packages/opentelemetry/exporter/otlp/proto/http/trace_exporter/__init__.py", line 139, in export
    resp = self._export(serialized_data)
           ^^^^^^^^^^^^^^^^^^^^^^^^^^^^^
  File "/root/.cache/user_artifacts/trainers_main/server/.venv/lib/python3.12/site-packages/opentelemetry/exporter/otlp/proto/http/trace_exporter/__init__.py", line 110, in _export
    return self._session.post(
           ^^^^^^^^^^^^^^^^^^^
  File "/root/.cache/user_artifacts/trainers_main/server/.venv/lib/python3.12/site-packages/requests/sessions.py", line 637, in post
    return self.request("POST", url, data=data, json=json, **kwargs)
           ^^^^^^^^^^^^^^^^^^^^^^^^^^^^^^^^^^^^^^^^^^^^^^^^^^^^^^^^^
  File "/root/.cache/user_artifacts/trainers_main/server/.venv/lib/python3.12/site-packages/requests/sessions.py", line 589, in request
    resp = self.send(prep, **send_kwargs)
           ^^^^^^^^^^^^^^^^^^^^^^^^^^^^^^
  File "/root/.cache/user_artifacts/trainers_main/server/.venv/lib/python3.12/site-packages/requests/sessions.py", line 703, in send
    r = adapter.send(request, **kwargs)
        ^^^^^^^^^^^^^^^^^^^^^^^^^^^^^^^
  File "/root/.cache/user_artifacts/trainers_main/server/.venv/lib/python3.12/site-packages/requests/adapters.py", line 677, in send
    raise ConnectionError(e, request=request)
requests.exceptions.ConnectionError: HTTPConnectionPool(host='localhost', port=4318): Max retries exceeded with url: /v1/traces (Caused by NewConnectionError("HTTPConnection(host='localhost', port=4318): Failed to establish a new connection: [Errno 111] Connection refused"))
WARNING:megatron.core.transformer.moe.token_dispatcher:BT_MOE_PROBS_A2A_COMM window 3 (300 gated dispatches): {'token_issues': 900, 'probs_issues': 900, 'waits': 1800}
WARNING:megatron.core.transformer.moe.token_dispatcher:BT_MOE_PROBS_A2A_COMM window 3 (300 gated dispatches): {'token_issues': 900, 'probs_issues': 900, 'waits': 1800}
WARNING:megatron.core.transformer.moe.token_dispatcher:BT_MOE_PROBS_A2A_COMM window 3 (300 gated dispatches): {'token_issues': 900, 'probs_issues': 900, 'waits': 1800}
WARNING:megatron.core.transformer.moe.token_dispatcher:BT_MOE_PROBS_A2A_COMM window 3 (300 gated dispatches): {'token_issues': 900, 'probs_issues': 900, 'waits': 1800}
WARNING:megatron.core.transformer.moe.token_dispatcher:BT_MOE_PROBS_A2A_COMM window 3 (300 gated dispatches): {'token_issues': 900, 'probs_issues': 900, 'waits': 1800}
WARNING:megatron.core.transformer.moe.token_dispatcher:BT_MOE_PROBS_A2A_COMM window 3 (300 gated dispatches): {'token_issues': 900, 'probs_issues': 900, 'waits': 1800}
WARNING:megatron.core.transformer.moe.token_dispatcher:BT_MOE_PROBS_A2A_COMM window 3 (300 gated dispatches): {'token_issues': 900, 'probs_issues': 900, 'waits': 1800}
WARNING:megatron.core.transformer.moe.token_dispatcher:BT_MOE_PROBS_A2A_COMM window 3 (300 gated dispatches): {'token_issues': 900, 'probs_issues': 900, 'waits': 1800}
WARNING:megatron.core.transformer.moe.token_dispatcher:BT_MOE_PROBS_A2A_COMM window 3 (300 gated dispatches): {'token_issues': 900, 'probs_issues': 900, 'waits': 1800}
WARNING:megatron.core.transformer.moe.token_dispatcher:BT_MOE_PROBS_A2A_COMM window 3 (300 gated dispatches): {'token_issues': 900, 'probs_issues': 900, 'waits': 1800}
WARNING:megatron.core.transformer.moe.token_dispatcher:BT_MOE_PROBS_A2A_COMM window 3 (300 gated dispatches): {'token_issues': 900, 'probs_issues': 900, 'waits': 1800}
WARNING:megatron.core.transformer.moe.token_dispatcher:BT_MOE_PROBS_A2A_COMM window 3 (300 gated dispatches): {'token_issues': 900, 'probs_issues': 900, 'waits': 1800}
WARNING:megatron.core.transformer.moe.token_dispatcher:BT_MOE_PROBS_A2A_COMM window 3 (300 gated dispatches): {'token_issues': 900, 'probs_issues': 900, 'waits': 1800}
WARNING:megatron.core.transformer.moe.token_dispatcher:BT_MOE_PROBS_A2A_COMM window 3 (300 gated dispatches): {'token_issues': 900, 'probs_issues': 900, 'waits': 1800}
WARNING:megatron.core.transformer.moe.token_dispatcher:BT_MOE_PROBS_A2A_COMM window 3 (300 gated dispatches): {'token_issues': 900, 'probs_issues': 900, 'waits': 1800}
WARNING:megatron.core.transformer.moe.token_dispatcher:BT_MOE_PROBS_A2A_COMM window 3 (300 gated dispatches): {'token_issues': 900, 'probs_issues': 900, 'waits': 1800}
WARNING:megatron.core.transformer.moe.token_dispatcher:BT_MOE_PROBS_A2A_COMM window 4 (300 gated dispatches): {'token_issues': 1200, 'probs_issues': 1200, 'waits': 2400}
WARNING:megatron.core.transformer.moe.token_dispatcher:BT_MOE_PROBS_A2A_COMM window 4 (300 gated dispatches): {'token_issues': 1200, 'probs_issues': 1200, 'waits': 2400}
WARNING:megatron.core.transformer.moe.token_dispatcher:BT_MOE_PROBS_A2A_COMM window 4 (300 gated dispatches): {'token_issues': 1200, 'probs_issues': 1200, 'waits': 2400}
WARNING:megatron.core.transformer.moe.token_dispatcher:BT_MOE_PROBS_A2A_COMM window 4 (300 gated dispatches): {'token_issues': 1200, 'probs_issues': 1200, 'waits': 2400}
WARNING:megatron.core.transformer.moe.token_dispatcher:BT_MOE_PROBS_A2A_COMM window 4 (300 gated dispatches): {'token_issues': 1200, 'probs_issues': 1200, 'waits': 2400}
WARNING:megatron.core.transformer.moe.token_dispatcher:BT_MOE_PROBS_A2A_COMM window 4 (300 gated dispatches): {'token_issues': 1200, 'probs_issues': 1200, 'waits': 2400}
WARNING:megatron.core.transformer.moe.token_dispatcher:BT_MOE_PROBS_A2A_COMM window 4 (300 gated dispatches): {'token_issues': 1200, 'probs_issues': 1200, 'waits': 2400}
WARNING:megatron.core.transformer.moe.token_dispatcher:BT_MOE_PROBS_A2A_COMM window 4 (300 gated dispatches): {'token_issues': 1200, 'probs_issues': 1200, 'waits': 2400}
WARNING:megatron.core.transformer.moe.token_dispatcher:BT_MOE_PROBS_A2A_COMM window 4 (300 gated dispatches): {'token_issues': 1200, 'probs_issues': 1200, 'waits': 2400}
WARNING:megatron.core.transformer.moe.token_dispatcher:BT_MOE_PROBS_A2A_COMM window 4 (300 gated dispatches): {'token_issues': 1200, 'probs_issues': 1200, 'waits': 2400}
WARNING:megatron.core.transformer.moe.token_dispatcher:BT_MOE_PROBS_A2A_COMM window 4 (300 gated dispatches): {'token_issues': 1200, 'probs_issues': 1200, 'waits': 2400}
WARNING:megatron.core.transformer.moe.token_dispatcher:BT_MOE_PROBS_A2A_COMM window 4 (300 gated dispatches): {'token_issues': 1200, 'probs_issues': 1200, 'waits': 2400}
WARNING:megatron.core.transformer.moe.token_dispatcher:BT_MOE_PROBS_A2A_COMM window 4 (300 gated dispatches): {'token_issues': 1200, 'probs_issues': 1200, 'waits': 2400}
WARNING:megatron.core.transformer.moe.token_dispatcher:BT_MOE_PROBS_A2A_COMM window 4 (300 gated dispatches): {'token_issues': 1200, 'probs_issues': 1200, 'waits': 2400}
WARNING:megatron.core.transformer.moe.token_dispatcher:BT_MOE_PROBS_A2A_COMM window 4 (300 gated dispatches): {'token_issues': 1200, 'probs_issues': 1200, 'waits': 2400}
WARNING:megatron.core.transformer.moe.token_dispatcher:BT_MOE_PROBS_A2A_COMM window 4 (300 gated dispatches): {'token_issues': 1200, 'probs_issues': 1200, 'waits': 2400}
WARNING:megatron.core.transformer.experimental_attention_variant.dsa_cudnn_kernels:BT_DSA_BWD_ASYNC_NONEMPTY_V3 window 2 (312 probe reads): {'kicks': 624, 'hits': 624, 'misses': 0, 'probe_dropped': 0, 'fallbacks': 0, 'verifies': 623}
WARNING:megatron.core.transformer.experimental_attention_variant.dsa_cudnn_kernels:BT_DSA_BWD_ASYNC_NONEMPTY_V3 window 2 (312 probe reads): {'kicks': 624, 'hits': 624, 'misses': 0, 'probe_dropped': 0, 'fallbacks': 0, 'verifies': 623}
WARNING:megatron.core.transformer.experimental_attention_variant.dsa_cudnn_kernels:BT_DSA_BWD_ASYNC_NONEMPTY_V3 window 2 (312 probe reads): {'kicks': 624, 'hits': 624, 'misses': 0, 'probe_dropped': 0, 'fallbacks': 0, 'verifies': 623}
WARNING:megatron.core.transformer.experimental_attention_variant.dsa_cudnn_kernels:BT_DSA_BWD_ASYNC_NONEMPTY_V3 window 2 (312 probe reads): {'kicks': 624, 'hits': 624, 'misses': 0, 'probe_dropped': 0, 'fallbacks': 0, 'verifies': 623}
WARNING:megatron.core.transformer.experimental_attention_variant.dsa_cudnn_kernels:BT_DSA_BWD_ASYNC_NONEMPTY_V3 window 2 (312 probe reads): {'kicks': 624, 'hits': 624, 'misses': 0, 'probe_dropped': 0, 'fallbacks': 0, 'verifies': 623}
WARNING:megatron.core.transformer.experimental_attention_variant.dsa_cudnn_kernels:BT_DSA_BWD_ASYNC_NONEMPTY_V3 window 2 (312 probe reads): {'kicks': 624, 'hits': 624, 'misses': 0, 'probe_dropped': 0, 'fallbacks': 0, 'verifies': 623}
WARNING:megatron.core.transformer.experimental_attention_variant.dsa_cudnn_kernels:BT_DSA_BWD_ASYNC_NONEMPTY_V3 window 2 (312 probe reads): {'kicks': 624, 'hits': 624, 'misses': 0, 'probe_dropped': 0, 'fallbacks': 0, 'verifies': 623}
WARNING:megatron.core.transformer.experimental_attention_variant.dsa_cudnn_kernels:BT_DSA_BWD_ASYNC_NONEMPTY_V3 window 2 (312 probe reads): {'kicks': 624, 'hits': 624, 'misses': 0, 'probe_dropped': 0, 'fallbacks': 0, 'verifies': 623}
WARNING:megatron.core.transformer.experimental_attention_variant.dsa_cudnn_kernels:BT_DSA_BWD_ASYNC_NONEMPTY_V3 window 2 (312 probe reads): {'kicks': 624, 'hits': 624, 'misses': 0, 'probe_dropped': 0, 'fallbacks': 0, 'verifies': 623}
WARNING:megatron.core.transformer.experimental_attention_variant.dsa_cudnn_kernels:BT_DSA_BWD_ASYNC_NONEMPTY_V3 window 2 (312 probe reads): {'kicks': 624, 'hits': 624, 'misses': 0, 'probe_dropped': 0, 'fallbacks': 0, 'verifies': 623}
WARNING:megatron.core.transformer.experimental_attention_variant.dsa_cudnn_kernels:BT_DSA_BWD_ASYNC_NONEMPTY_V3 window 2 (312 probe reads): {'kicks': 624, 'hits': 624, 'misses': 0, 'probe_dropped': 0, 'fallbacks': 0, 'verifies': 623}
WARNING:megatron.core.transformer.experimental_attention_variant.dsa_cudnn_kernels:BT_DSA_BWD_ASYNC_NONEMPTY_V3 window 2 (312 probe reads): {'kicks': 624, 'hits': 624, 'misses': 0, 'probe_dropped': 0, 'fallbacks': 0, 'verifies': 623}
WARNING:megatron.core.transformer.experimental_attention_variant.dsa_cudnn_kernels:BT_DSA_BWD_ASYNC_NONEMPTY_V3 window 2 (312 probe reads): {'kicks': 624, 'hits': 624, 'misses': 0, 'probe_dropped': 0, 'fallbacks': 0, 'verifies': 623}
WARNING:megatron.core.transformer.experimental_attention_variant.dsa_cudnn_kernels:BT_DSA_BWD_ASYNC_NONEMPTY_V3 window 2 (312 probe reads): {'kicks': 624, 'hits': 624, 'misses': 0, 'probe_dropped': 0, 'fallbacks': 0, 'verifies': 623}
WARNING:megatron.core.transformer.experimental_attention_variant.dsa_cudnn_kernels:BT_DSA_BWD_ASYNC_NONEMPTY_V3 window 2 (312 probe reads): {'kicks': 624, 'hits': 624, 'misses': 0, 'probe_dropped': 0, 'fallbacks': 0, 'verifies': 623}
WARNING:megatron.core.transformer.experimental_attention_variant.dsa_cudnn_kernels:BT_DSA_BWD_ASYNC_NONEMPTY_V3 window 2 (312 probe reads): {'kicks': 624, 'hits': 624, 'misses': 0, 'probe_dropped': 0, 'fallbacks': 0, 'verifies': 623}
INFO:trainers_server.dp_worker.api.dispatcher_worker:dispatcher_worker: op=forward_backward operation_id=f46a44ef8607478bbdcdd9c710960099 done in 48.77s {'loss': 12.316754850424578}
INFO:trainers_server.dp_worker.api.server:retrieve: operation_id=f46a44ef8607478bbdcdd9c710960099 done after 18.79s
INFO:     127.0.0.1:56060 - "GET /operations/f46a44ef8607478bbdcdd9c710960099 HTTP/1.1" 200 OK
INFO:trainers_server.dp_worker.api.server:submit: op=optim_step operation_id=0d1d2f05022d4ca3a39ef36a704536ff enqueued (qsize=1) 
INFO:     127.0.0.1:56060 - "POST /optim_step HTTP/1.1" 202 Accepted
INFO:trainers_server.dp_worker.api.dispatcher_worker:dispatcher_worker: op=optim_step operation_id=0d1d2f05022d4ca3a39ef36a704536ff done in 0.04s step=2.0 learning_rate=1e-05 lr=1e-05 grad_norm=0.8887336850166321 tps=10744.870253618432 train_mean_nll=12.316754850424578 num_tokens=524288.0 num_loss_tokens=524284.0 step_seconds=48.79426066810265
INFO:trainers_server.dp_worker.api.server:retrieve: operation_id=0d1d2f05022d4ca3a39ef36a704536ff done after 0.04s
INFO:     127.0.0.1:56060 - "GET /operations/0d1d2f05022d4ca3a39ef36a704536ff HTTP/1.1" 200 OK
INFO:trainers_server.dp_worker.api.server:submit: op=forward_backward operation_id=1b0c1b62ee42411d8dd8df36ce3eb5aa enqueued (qsize=1) n_datums=4 total_tokens=524288 seq_len[min/max]=131072/131072
INFO:     127.0.0.1:56060 - "POST /forward_backward HTTP/1.1" 202 Accepted
ERROR:opentelemetry.sdk.trace.export:Exception while exporting Span batch.
Traceback (most recent call last):
  File "/root/.cache/user_artifacts/trainers_main/server/.venv/lib/python3.12/site-packages/urllib3/connection.py", line 204, in _new_conn
    sock = connection.create_connection(
           ^^^^^^^^^^^^^^^^^^^^^^^^^^^^^
  File "/root/.cache/user_artifacts/trainers_main/server/.venv/lib/python3.12/site-packages/urllib3/util/connection.py", line 85, in create_connection
    raise err
  File "/root/.cache/user_artifacts/trainers_main/server/.venv/lib/python3.12/site-packages/urllib3/util/connection.py", line 73, in create_connection
    sock.connect(sa)
ConnectionRefusedError: [Errno 111] Connection refused

The above exception was the direct cause of the following exception:

Traceback (most recent call last):
  File "/root/.cache/user_artifacts/trainers_main/server/.venv/lib/python3.12/site-packages/urllib3/connectionpool.py", line 787, in urlopen
    response = self._make_request(
               ^^^^^^^^^^^^^^^^^^^
  File "/root/.cache/user_artifacts/trainers_main/server/.venv/lib/python3.12/site-packages/urllib3/connectionpool.py", line 493, in _make_request
    conn.request(
  File "/root/.cache/user_artifacts/trainers_main/server/.venv/lib/python3.12/site-packages/urllib3/connection.py", line 500, in request
    self.endheaders()
  File "/usr/lib/python3.12/http/client.py", line 1360, in endheaders
    self._send_output(message_body, encode_chunked=encode_chunked)
  File "/usr/lib/python3.12/http/client.py", line 1120, in _send_output
    self.send(msg)
  File "/usr/lib/python3.12/http/client.py", line 1064, in send
    self.connect()
  File "/root/.cache/user_artifacts/trainers_main/server/.venv/lib/python3.12/site-packages/urllib3/connection.py", line 331, in connect
    self.sock = self._new_conn()
                ^^^^^^^^^^^^^^^^
  File "/root/.cache/user_artifacts/trainers_main/server/.venv/lib/python3.12/site-packages/urllib3/connection.py", line 219, in _new_conn
    raise NewConnectionError(
urllib3.exceptions.NewConnectionError: HTTPConnection(host='localhost', port=4318): Failed to establish a new connection: [Errno 111] Connection refused

The above exception was the direct cause of the following exception:

Traceback (most recent call last):
  File "/root/.cache/user_artifacts/trainers_main/server/.venv/lib/python3.12/site-packages/requests/adapters.py", line 644, in send
    resp = conn.urlopen(
           ^^^^^^^^^^^^^
  File "/root/.cache/user_artifacts/trainers_main/server/.venv/lib/python3.12/site-packages/urllib3/connectionpool.py", line 841, in urlopen
    retries = retries.increment(
              ^^^^^^^^^^^^^^^^^^
  File "/root/.cache/user_artifacts/trainers_main/server/.venv/lib/python3.12/site-packages/urllib3/util/retry.py", line 535, in increment
    raise MaxRetryError(_pool, url, reason) from reason  # type: ignore[arg-type]
    ^^^^^^^^^^^^^^^^^^^^^^^^^^^^^^^^^^^^^^^^^^^^^^^^^^^
urllib3.exceptions.MaxRetryError: HTTPConnectionPool(host='localhost', port=4318): Max retries exceeded with url: /v1/traces (Caused by NewConnectionError("HTTPConnection(host='localhost', port=4318): Failed to establish a new connection: [Errno 111] Connection refused"))

During handling of the above exception, another exception occurred:

Traceback (most recent call last):
  File "/root/.cache/user_artifacts/trainers_main/server/.venv/lib/python3.12/site-packages/opentelemetry/sdk/trace/export/__init__.py", line 362, in _export_batch
    self.span_exporter.export(self.spans_list[:idx])  # type: ignore
    ^^^^^^^^^^^^^^^^^^^^^^^^^^^^^^^^^^^^^^^^^^^^^^^^
  File "/root/.cache/user_artifacts/trainers_main/server/.venv/lib/python3.12/site-packages/opentelemetry/exporter/otlp/proto/http/trace_exporter/__init__.py", line 139, in export
    resp = self._export(serialized_data)
           ^^^^^^^^^^^^^^^^^^^^^^^^^^^^^
  File "/root/.cache/user_artifacts/trainers_main/server/.venv/lib/python3.12/site-packages/opentelemetry/exporter/otlp/proto/http/trace_exporter/__init__.py", line 110, in _export
    return self._session.post(
           ^^^^^^^^^^^^^^^^^^^
  File "/root/.cache/user_artifacts/trainers_main/server/.venv/lib/python3.12/site-packages/requests/sessions.py", line 637, in post
    return self.request("POST", url, data=data, json=json, **kwargs)
           ^^^^^^^^^^^^^^^^^^^^^^^^^^^^^^^^^^^^^^^^^^^^^^^^^^^^^^^^^
  File "/root/.cache/user_artifacts/trainers_main/server/.venv/lib/python3.12/site-packages/requests/sessions.py", line 589, in request
    resp = self.send(prep, **send_kwargs)
           ^^^^^^^^^^^^^^^^^^^^^^^^^^^^^^
  File "/root/.cache/user_artifacts/trainers_main/server/.venv/lib/python3.12/site-packages/requests/sessions.py", line 703, in send
    r = adapter.send(request, **kwargs)
        ^^^^^^^^^^^^^^^^^^^^^^^^^^^^^^^
  File "/root/.cache/user_artifacts/trainers_main/server/.venv/lib/python3.12/site-packages/requests/adapters.py", line 677, in send
    raise ConnectionError(e, request=request)
requests.exceptions.ConnectionError: HTTPConnectionPool(host='localhost', port=4318): Max retries exceeded with url: /v1/traces (Caused by NewConnectionError("HTTPConnection(host='localhost', port=4318): Failed to establish a new connection: [Errno 111] Connection refused"))
WARNING:megatron.core.transformer.moe.token_dispatcher:BT_MOE_PROBS_A2A_COMM window 5 (300 gated dispatches): {'token_issues': 1500, 'probs_issues': 1500, 'waits': 3000}
WARNING:megatron.core.transformer.moe.token_dispatcher:BT_MOE_PROBS_A2A_COMM window 5 (300 gated dispatches): {'token_issues': 1500, 'probs_issues': 1500, 'waits': 3000}
WARNING:megatron.core.transformer.moe.token_dispatcher:BT_MOE_PROBS_A2A_COMM window 5 (300 gated dispatches): {'token_issues': 1500, 'probs_issues': 1500, 'waits': 3000}
WARNING:megatron.core.transformer.moe.token_dispatcher:BT_MOE_PROBS_A2A_COMM window 5 (300 gated dispatches): {'token_issues': 1500, 'probs_issues': 1500, 'waits': 3000}
WARNING:megatron.core.transformer.moe.token_dispatcher:BT_MOE_PROBS_A2A_COMM window 5 (300 gated dispatches): {'token_issues': 1500, 'probs_issues': 1500, 'waits': 3000}
WARNING:megatron.core.transformer.moe.token_dispatcher:BT_MOE_PROBS_A2A_COMM window 5 (300 gated dispatches): {'token_issues': 1500, 'probs_issues': 1500, 'waits': 3000}
WARNING:megatron.core.transformer.moe.token_dispatcher:BT_MOE_PROBS_A2A_COMM window 5 (300 gated dispatches): {'token_issues': 1500, 'probs_issues': 1500, 'waits': 3000}
WARNING:megatron.core.transformer.moe.token_dispatcher:BT_MOE_PROBS_A2A_COMM window 5 (300 gated dispatches): {'token_issues': 1500, 'probs_issues': 1500, 'waits': 3000}
WARNING:megatron.core.transformer.moe.token_dispatcher:BT_MOE_PROBS_A2A_COMM window 5 (300 gated dispatches): {'token_issues': 1500, 'probs_issues': 1500, 'waits': 3000}
WARNING:megatron.core.transformer.moe.token_dispatcher:BT_MOE_PROBS_A2A_COMM window 5 (300 gated dispatches): {'token_issues': 1500, 'probs_issues': 1500, 'waits': 3000}
WARNING:megatron.core.transformer.moe.token_dispatcher:BT_MOE_PROBS_A2A_COMM window 5 (300 gated dispatches): {'token_issues': 1500, 'probs_issues': 1500, 'waits': 3000}
WARNING:megatron.core.transformer.moe.token_dispatcher:BT_MOE_PROBS_A2A_COMM window 5 (300 gated dispatches): {'token_issues': 1500, 'probs_issues': 1500, 'waits': 3000}
WARNING:megatron.core.transformer.moe.token_dispatcher:BT_MOE_PROBS_A2A_COMM window 5 (300 gated dispatches): {'token_issues': 1500, 'probs_issues': 1500, 'waits': 3000}
WARNING:megatron.core.transformer.moe.token_dispatcher:BT_MOE_PROBS_A2A_COMM window 5 (300 gated dispatches): {'token_issues': 1500, 'probs_issues': 1500, 'waits': 3000}
WARNING:megatron.core.transformer.moe.token_dispatcher:BT_MOE_PROBS_A2A_COMM window 5 (300 gated dispatches): {'token_issues': 1500, 'probs_issues': 1500, 'waits': 3000}
WARNING:megatron.core.transformer.moe.token_dispatcher:BT_MOE_PROBS_A2A_COMM window 5 (300 gated dispatches): {'token_issues': 1500, 'probs_issues': 1500, 'waits': 3000}
WARNING:megatron.core.transformer.moe.token_dispatcher:BT_MOE_PROBS_A2A_COMM window 6 (300 gated dispatches): {'token_issues': 1800, 'probs_issues': 1800, 'waits': 3600}
WARNING:megatron.core.transformer.moe.token_dispatcher:BT_MOE_PROBS_A2A_COMM window 6 (300 gated dispatches): {'token_issues': 1800, 'probs_issues': 1800, 'waits': 3600}
WARNING:megatron.core.transformer.moe.token_dispatcher:BT_MOE_PROBS_A2A_COMM window 6 (300 gated dispatches): {'token_issues': 1800, 'probs_issues': 1800, 'waits': 3600}
WARNING:megatron.core.transformer.moe.token_dispatcher:BT_MOE_PROBS_A2A_COMM window 6 (300 gated dispatches): {'token_issues': 1800, 'probs_issues': 1800, 'waits': 3600}
WARNING:megatron.core.transformer.moe.token_dispatcher:BT_MOE_PROBS_A2A_COMM window 6 (300 gated dispatches): {'token_issues': 1800, 'probs_issues': 1800, 'waits': 3600}
WARNING:megatron.core.transformer.moe.token_dispatcher:BT_MOE_PROBS_A2A_COMM window 6 (300 gated dispatches): {'token_issues': 1800, 'probs_issues': 1800, 'waits': 3600}
WARNING:megatron.core.transformer.moe.token_dispatcher:BT_MOE_PROBS_A2A_COMM window 6 (300 gated dispatches): {'token_issues': 1800, 'probs_issues': 1800, 'waits': 3600}
WARNING:megatron.core.transformer.moe.token_dispatcher:BT_MOE_PROBS_A2A_COMM window 6 (300 gated dispatches): {'token_issues': 1800, 'probs_issues': 1800, 'waits': 3600}
WARNING:megatron.core.transformer.moe.token_dispatcher:BT_MOE_PROBS_A2A_COMM window 6 (300 gated dispatches): {'token_issues': 1800, 'probs_issues': 1800, 'waits': 3600}
WARNING:megatron.core.transformer.moe.token_dispatcher:BT_MOE_PROBS_A2A_COMM window 6 (300 gated dispatches): {'token_issues': 1800, 'probs_issues': 1800, 'waits': 3600}
WARNING:megatron.core.transformer.moe.token_dispatcher:BT_MOE_PROBS_A2A_COMM window 6 (300 gated dispatches): {'token_issues': 1800, 'probs_issues': 1800, 'waits': 3600}
WARNING:megatron.core.transformer.moe.token_dispatcher:BT_MOE_PROBS_A2A_COMM window 6 (300 gated dispatches): {'token_issues': 1800, 'probs_issues': 1800, 'waits': 3600}
WARNING:megatron.core.transformer.moe.token_dispatcher:BT_MOE_PROBS_A2A_COMM window 6 (300 gated dispatches): {'token_issues': 1800, 'probs_issues': 1800, 'waits': 3600}
WARNING:megatron.core.transformer.moe.token_dispatcher:BT_MOE_PROBS_A2A_COMM window 6 (300 gated dispatches): {'token_issues': 1800, 'probs_issues': 1800, 'waits': 3600}
WARNING:megatron.core.transformer.moe.token_dispatcher:BT_MOE_PROBS_A2A_COMM window 6 (300 gated dispatches): {'token_issues': 1800, 'probs_issues': 1800, 'waits': 3600}
WARNING:megatron.core.transformer.moe.token_dispatcher:BT_MOE_PROBS_A2A_COMM window 6 (300 gated dispatches): {'token_issues': 1800, 'probs_issues': 1800, 'waits': 3600}
WARNING:megatron.core.transformer.experimental_attention_variant.dsa_cudnn_kernels:BT_DSA_BWD_ASYNC_NONEMPTY_V3 window 3 (312 probe reads): {'kicks': 936, 'hits': 936, 'misses': 0, 'probe_dropped': 0, 'fallbacks': 0, 'verifies': 935}
WARNING:megatron.core.transformer.experimental_attention_variant.dsa_cudnn_kernels:BT_DSA_BWD_ASYNC_NONEMPTY_V3 window 3 (312 probe reads): {'kicks': 936, 'hits': 936, 'misses': 0, 'probe_dropped': 0, 'fallbacks': 0, 'verifies': 935}
WARNING:megatron.core.transformer.experimental_attention_variant.dsa_cudnn_kernels:BT_DSA_BWD_ASYNC_NONEMPTY_V3 window 3 (312 probe reads): {'kicks': 936, 'hits': 936, 'misses': 0, 'probe_dropped': 0, 'fallbacks': 0, 'verifies': 935}
WARNING:megatron.core.transformer.experimental_attention_variant.dsa_cudnn_kernels:BT_DSA_BWD_ASYNC_NONEMPTY_V3 window 3 (312 probe reads): {'kicks': 936, 'hits': 936, 'misses': 0, 'probe_dropped': 0, 'fallbacks': 0, 'verifies': 935}
WARNING:megatron.core.transformer.experimental_attention_variant.dsa_cudnn_kernels:BT_DSA_BWD_ASYNC_NONEMPTY_V3 window 3 (312 probe reads): {'kicks': 936, 'hits': 936, 'misses': 0, 'probe_dropped': 0, 'fallbacks': 0, 'verifies': 935}
WARNING:megatron.core.transformer.experimental_attention_variant.dsa_cudnn_kernels:BT_DSA_BWD_ASYNC_NONEMPTY_V3 window 3 (312 probe reads): {'kicks': 936, 'hits': 936, 'misses': 0, 'probe_dropped': 0, 'fallbacks': 0, 'verifies': 935}
WARNING:megatron.core.transformer.experimental_attention_variant.dsa_cudnn_kernels:BT_DSA_BWD_ASYNC_NONEMPTY_V3 window 3 (312 probe reads): {'kicks': 936, 'hits': 936, 'misses': 0, 'probe_dropped': 0, 'fallbacks': 0, 'verifies': 935}
WARNING:megatron.core.transformer.experimental_attention_variant.dsa_cudnn_kernels:BT_DSA_BWD_ASYNC_NONEMPTY_V3 window 3 (312 probe reads): {'kicks': 936, 'hits': 936, 'misses': 0, 'probe_dropped': 0, 'fallbacks': 0, 'verifies': 935}
WARNING:megatron.core.transformer.experimental_attention_variant.dsa_cudnn_kernels:BT_DSA_BWD_ASYNC_NONEMPTY_V3 window 3 (312 probe reads): {'kicks': 936, 'hits': 936, 'misses': 0, 'probe_dropped': 0, 'fallbacks': 0, 'verifies': 935}
WARNING:megatron.core.transformer.experimental_attention_variant.dsa_cudnn_kernels:BT_DSA_BWD_ASYNC_NONEMPTY_V3 window 3 (312 probe reads): {'kicks': 936, 'hits': 936, 'misses': 0, 'probe_dropped': 0, 'fallbacks': 0, 'verifies': 935}
WARNING:megatron.core.transformer.experimental_attention_variant.dsa_cudnn_kernels:BT_DSA_BWD_ASYNC_NONEMPTY_V3 window 3 (312 probe reads): {'kicks': 936, 'hits': 936, 'misses': 0, 'probe_dropped': 0, 'fallbacks': 0, 'verifies': 935}
WARNING:megatron.core.transformer.experimental_attention_variant.dsa_cudnn_kernels:BT_DSA_BWD_ASYNC_NONEMPTY_V3 window 3 (312 probe reads): {'kicks': 936, 'hits': 936, 'misses': 0, 'probe_dropped': 0, 'fallbacks': 0, 'verifies': 935}
WARNING:megatron.core.transformer.experimental_attention_variant.dsa_cudnn_kernels:BT_DSA_BWD_ASYNC_NONEMPTY_V3 window 3 (312 probe reads): {'kicks': 936, 'hits': 936, 'misses': 0, 'probe_dropped': 0, 'fallbacks': 0, 'verifies': 935}
WARNING:megatron.core.transformer.experimental_attention_variant.dsa_cudnn_kernels:BT_DSA_BWD_ASYNC_NONEMPTY_V3 window 3 (312 probe reads): {'kicks': 936, 'hits': 936, 'misses': 0, 'probe_dropped': 0, 'fallbacks': 0, 'verifies': 935}
WARNING:megatron.core.transformer.experimental_attention_variant.dsa_cudnn_kernels:BT_DSA_BWD_ASYNC_NONEMPTY_V3 window 3 (312 probe reads): {'kicks': 936, 'hits': 936, 'misses': 0, 'probe_dropped': 0, 'fallbacks': 0, 'verifies': 935}
WARNING:megatron.core.transformer.experimental_attention_variant.dsa_cudnn_kernels:BT_DSA_BWD_ASYNC_NONEMPTY_V3 window 3 (312 probe reads): {'kicks': 936, 'hits': 936, 'misses': 0, 'probe_dropped': 0, 'fallbacks': 0, 'verifies': 935}
INFO:trainers_server.dp_worker.api.dispatcher_worker:dispatcher_worker: op=forward_backward operation_id=1b0c1b62ee42411d8dd8df36ce3eb5aa done in 45.36s {'loss': 12.310035209924392}
INFO:trainers_server.dp_worker.api.server:retrieve: operation_id=1b0c1b62ee42411d8dd8df36ce3eb5aa done after 15.39s
INFO:     127.0.0.1:56060 - "GET /operations/1b0c1b62ee42411d8dd8df36ce3eb5aa HTTP/1.1" 200 OK
INFO:trainers_server.dp_worker.api.server:submit: op=optim_step operation_id=bcaffafb5c3243c997b9c3a2c104e957 enqueued (qsize=1) 
INFO:     127.0.0.1:56060 - "POST /optim_step HTTP/1.1" 202 Accepted
INFO:trainers_server.dp_worker.api.dispatcher_worker:dispatcher_worker: op=optim_step operation_id=bcaffafb5c3243c997b9c3a2c104e957 done in 0.04s step=3.0 learning_rate=1e-05 lr=1e-05 grad_norm=0.6673195958137512 tps=11551.77630683127 train_mean_nll=12.310035209924392 num_tokens=524288.0 num_loss_tokens=524284.0 step_seconds=45.38592040515505
INFO:trainers_server.dp_worker.api.server:retrieve: operation_id=bcaffafb5c3243c997b9c3a2c104e957 done after 0.04s
INFO:     127.0.0.1:56060 - "GET /operations/bcaffafb5c3243c997b9c3a2c104e957 HTTP/1.1" 200 OK
INFO:trainers_server.dp_worker.api.server:submit: op=forward_backward operation_id=9052f7408e134706bf23a1143fc44b79 enqueued (qsize=1) n_datums=4 total_tokens=524288 seq_len[min/max]=131072/131072
INFO:     127.0.0.1:56060 - "POST /forward_backward HTTP/1.1" 202 Accepted
ERROR:opentelemetry.sdk.trace.export:Exception while exporting Span batch.
Traceback (most recent call last):
  File "/root/.cache/user_artifacts/trainers_main/server/.venv/lib/python3.12/site-packages/urllib3/connection.py", line 204, in _new_conn
    sock = connection.create_connection(
           ^^^^^^^^^^^^^^^^^^^^^^^^^^^^^
  File "/root/.cache/user_artifacts/trainers_main/server/.venv/lib/python3.12/site-packages/urllib3/util/connection.py", line 85, in create_connection
    raise err
  File "/root/.cache/user_artifacts/trainers_main/server/.venv/lib/python3.12/site-packages/urllib3/util/connection.py", line 73, in create_connection
    sock.connect(sa)
ConnectionRefusedError: [Errno 111] Connection refused

The above exception was the direct cause of the following exception:

Traceback (most recent call last):
  File "/root/.cache/user_artifacts/trainers_main/server/.venv/lib/python3.12/site-packages/urllib3/connectionpool.py", line 787, in urlopen
    response = self._make_request(
               ^^^^^^^^^^^^^^^^^^^
  File "/root/.cache/user_artifacts/trainers_main/server/.venv/lib/python3.12/site-packages/urllib3/connectionpool.py", line 493, in _make_request
    conn.request(
  File "/root/.cache/user_artifacts/trainers_main/server/.venv/lib/python3.12/site-packages/urllib3/connection.py", line 500, in request
    self.endheaders()
  File "/usr/lib/python3.12/http/client.py", line 1360, in endheaders
    self._send_output(message_body, encode_chunked=encode_chunked)
  File "/usr/lib/python3.12/http/client.py", line 1120, in _send_output
    self.send(msg)
  File "/usr/lib/python3.12/http/client.py", line 1064, in send
    self.connect()
  File "/root/.cache/user_artifacts/trainers_main/server/.venv/lib/python3.12/site-packages/urllib3/connection.py", line 331, in connect
    self.sock = self._new_conn()
                ^^^^^^^^^^^^^^^^
  File "/root/.cache/user_artifacts/trainers_main/server/.venv/lib/python3.12/site-packages/urllib3/connection.py", line 219, in _new_conn
    raise NewConnectionError(
urllib3.exceptions.NewConnectionError: HTTPConnection(host='localhost', port=4318): Failed to establish a new connection: [Errno 111] Connection refused

The above exception was the direct cause of the following exception:

Traceback (most recent call last):
  File "/root/.cache/user_artifacts/trainers_main/server/.venv/lib/python3.12/site-packages/requests/adapters.py", line 644, in send
    resp = conn.urlopen(
           ^^^^^^^^^^^^^
  File "/root/.cache/user_artifacts/trainers_main/server/.venv/lib/python3.12/site-packages/urllib3/connectionpool.py", line 841, in urlopen
    retries = retries.increment(
              ^^^^^^^^^^^^^^^^^^
  File "/root/.cache/user_artifacts/trainers_main/server/.venv/lib/python3.12/site-packages/urllib3/util/retry.py", line 535, in increment
    raise MaxRetryError(_pool, url, reason) from reason  # type: ignore[arg-type]
    ^^^^^^^^^^^^^^^^^^^^^^^^^^^^^^^^^^^^^^^^^^^^^^^^^^^
urllib3.exceptions.MaxRetryError: HTTPConnectionPool(host='localhost', port=4318): Max retries exceeded with url: /v1/traces (Caused by NewConnectionError("HTTPConnection(host='localhost', port=4318): Failed to establish a new connection: [Errno 111] Connection refused"))

During handling of the above exception, another exception occurred:

Traceback (most recent call last):
  File "/root/.cache/user_artifacts/trainers_main/server/.venv/lib/python3.12/site-packages/opentelemetry/sdk/trace/export/__init__.py", line 362, in _export_batch
    self.span_exporter.export(self.spans_list[:idx])  # type: ignore
    ^^^^^^^^^^^^^^^^^^^^^^^^^^^^^^^^^^^^^^^^^^^^^^^^
  File "/root/.cache/user_artifacts/trainers_main/server/.venv/lib/python3.12/site-packages/opentelemetry/exporter/otlp/proto/http/trace_exporter/__init__.py", line 139, in export
    resp = self._export(serialized_data)
           ^^^^^^^^^^^^^^^^^^^^^^^^^^^^^
  File "/root/.cache/user_artifacts/trainers_main/server/.venv/lib/python3.12/site-packages/opentelemetry/exporter/otlp/proto/http/trace_exporter/__init__.py", line 110, in _export
    return self._session.post(
           ^^^^^^^^^^^^^^^^^^^
  File "/root/.cache/user_artifacts/trainers_main/server/.venv/lib/python3.12/site-packages/requests/sessions.py", line 637, in post
    return self.request("POST", url, data=data, json=json, **kwargs)
           ^^^^^^^^^^^^^^^^^^^^^^^^^^^^^^^^^^^^^^^^^^^^^^^^^^^^^^^^^
  File "/root/.cache/user_artifacts/trainers_main/server/.venv/lib/python3.12/site-packages/requests/sessions.py", line 589, in request
    resp = self.send(prep, **send_kwargs)
           ^^^^^^^^^^^^^^^^^^^^^^^^^^^^^^
  File "/root/.cache/user_artifacts/trainers_main/server/.venv/lib/python3.12/site-packages/requests/sessions.py", line 703, in send
    r = adapter.send(request, **kwargs)
        ^^^^^^^^^^^^^^^^^^^^^^^^^^^^^^^
  File "/root/.cache/user_artifacts/trainers_main/server/.venv/lib/python3.12/site-packages/requests/adapters.py", line 677, in send
    raise ConnectionError(e, request=request)
requests.exceptions.ConnectionError: HTTPConnectionPool(host='localhost', port=4318): Max retries exceeded with url: /v1/traces (Caused by NewConnectionError("HTTPConnection(host='localhost', port=4318): Failed to establish a new connection: [Errno 111] Connection refused"))
WARNING:megatron.core.transformer.moe.token_dispatcher:BT_MOE_PROBS_A2A_COMM window 7 (300 gated dispatches): {'token_issues': 2100, 'probs_issues': 2100, 'waits': 4200}
WARNING:megatron.core.transformer.moe.token_dispatcher:BT_MOE_PROBS_A2A_COMM window 7 (300 gated dispatches): {'token_issues': 2100, 'probs_issues': 2100, 'waits': 4200}
WARNING:megatron.core.transformer.moe.token_dispatcher:BT_MOE_PROBS_A2A_COMM window 7 (300 gated dispatches): {'token_issues': 2100, 'probs_issues': 2100, 'waits': 4200}
WARNING:megatron.core.transformer.moe.token_dispatcher:BT_MOE_PROBS_A2A_COMM window 7 (300 gated dispatches): {'token_issues': 2100, 'probs_issues': 2100, 'waits': 4200}
WARNING:megatron.core.transformer.moe.token_dispatcher:BT_MOE_PROBS_A2A_COMM window 7 (300 gated dispatches): {'token_issues': 2100, 'probs_issues': 2100, 'waits': 4200}
WARNING:megatron.core.transformer.moe.token_dispatcher:BT_MOE_PROBS_A2A_COMM window 7 (300 gated dispatches): {'token_issues': 2100, 'probs_issues': 2100, 'waits': 4200}
WARNING:megatron.core.transformer.moe.token_dispatcher:BT_MOE_PROBS_A2A_COMM window 7 (300 gated dispatches): {'token_issues': 2100, 'probs_issues': 2100, 'waits': 4200}
WARNING:megatron.core.transformer.moe.token_dispatcher:BT_MOE_PROBS_A2A_COMM window 7 (300 gated dispatches): {'token_issues': 2100, 'probs_issues': 2100, 'waits': 4200}
WARNING:megatron.core.transformer.moe.token_dispatcher:BT_MOE_PROBS_A2A_COMM window 7 (300 gated dispatches): {'token_issues': 2100, 'probs_issues': 2100, 'waits': 4200}
WARNING:megatron.core.transformer.moe.token_dispatcher:BT_MOE_PROBS_A2A_COMM window 7 (300 gated dispatches): {'token_issues': 2100, 'probs_issues': 2100, 'waits': 4200}
WARNING:megatron.core.transformer.moe.token_dispatcher:BT_MOE_PROBS_A2A_COMM window 7 (300 gated dispatches): {'token_issues': 2100, 'probs_issues': 2100, 'waits': 4200}
WARNING:megatron.core.transformer.moe.token_dispatcher:BT_MOE_PROBS_A2A_COMM window 7 (300 gated dispatches): {'token_issues': 2100, 'probs_issues': 2100, 'waits': 4200}
WARNING:megatron.core.transformer.moe.token_dispatcher:BT_MOE_PROBS_A2A_COMM window 7 (300 gated dispatches): {'token_issues': 2100, 'probs_issues': 2100, 'waits': 4200}
WARNING:megatron.core.transformer.moe.token_dispatcher:BT_MOE_PROBS_A2A_COMM window 7 (300 gated dispatches): {'token_issues': 2100, 'probs_issues': 2100, 'waits': 4200}
WARNING:megatron.core.transformer.moe.token_dispatcher:BT_MOE_PROBS_A2A_COMM window 7 (300 gated dispatches): {'token_issues': 2100, 'probs_issues': 2100, 'waits': 4200}
WARNING:megatron.core.transformer.moe.token_dispatcher:BT_MOE_PROBS_A2A_COMM window 7 (300 gated dispatches): {'token_issues': 2100, 'probs_issues': 2100, 'waits': 4200}
WARNING:megatron.core.transformer.moe.token_dispatcher:BT_MOE_PROBS_A2A_COMM window 8 (300 gated dispatches): {'token_issues': 2400, 'probs_issues': 2400, 'waits': 4800}
WARNING:megatron.core.transformer.moe.token_dispatcher:BT_MOE_PROBS_A2A_COMM window 8 (300 gated dispatches): {'token_issues': 2400, 'probs_issues': 2400, 'waits': 4800}
WARNING:megatron.core.transformer.moe.token_dispatcher:BT_MOE_PROBS_A2A_COMM window 8 (300 gated dispatches): {'token_issues': 2400, 'probs_issues': 2400, 'waits': 4800}
WARNING:megatron.core.transformer.moe.token_dispatcher:BT_MOE_PROBS_A2A_COMM window 8 (300 gated dispatches): {'token_issues': 2400, 'probs_issues': 2400, 'waits': 4800}
WARNING:megatron.core.transformer.moe.token_dispatcher:BT_MOE_PROBS_A2A_COMM window 8 (300 gated dispatches): {'token_issues': 2400, 'probs_issues': 2400, 'waits': 4800}
WARNING:megatron.core.transformer.moe.token_dispatcher:BT_MOE_PROBS_A2A_COMM window 8 (300 gated dispatches): {'token_issues': 2400, 'probs_issues': 2400, 'waits': 4800}
WARNING:megatron.core.transformer.moe.token_dispatcher:BT_MOE_PROBS_A2A_COMM window 8 (300 gated dispatches): {'token_issues': 2400, 'probs_issues': 2400, 'waits': 4800}
WARNING:megatron.core.transformer.moe.token_dispatcher:BT_MOE_PROBS_A2A_COMM window 8 (300 gated dispatches): {'token_issues': 2400, 'probs_issues': 2400, 'waits': 4800}
WARNING:megatron.core.transformer.moe.token_dispatcher:BT_MOE_PROBS_A2A_COMM window 8 (300 gated dispatches): {'token_issues': 2400, 'probs_issues': 2400, 'waits': 4800}
WARNING:megatron.core.transformer.moe.token_dispatcher:BT_MOE_PROBS_A2A_COMM window 8 (300 gated dispatches): {'token_issues': 2400, 'probs_issues': 2400, 'waits': 4800}
WARNING:megatron.core.transformer.moe.token_dispatcher:BT_MOE_PROBS_A2A_COMM window 8 (300 gated dispatches): {'token_issues': 2400, 'probs_issues': 2400, 'waits': 4800}
WARNING:megatron.core.transformer.moe.token_dispatcher:BT_MOE_PROBS_A2A_COMM window 8 (300 gated dispatches): {'token_issues': 2400, 'probs_issues': 2400, 'waits': 4800}
WARNING:megatron.core.transformer.moe.token_dispatcher:BT_MOE_PROBS_A2A_COMM window 8 (300 gated dispatches): {'token_issues': 2400, 'probs_issues': 2400, 'waits': 4800}
WARNING:megatron.core.transformer.moe.token_dispatcher:BT_MOE_PROBS_A2A_COMM window 8 (300 gated dispatches): {'token_issues': 2400, 'probs_issues': 2400, 'waits': 4800}
WARNING:megatron.core.transformer.moe.token_dispatcher:BT_MOE_PROBS_A2A_COMM window 8 (300 gated dispatches): {'token_issues': 2400, 'probs_issues': 2400, 'waits': 4800}
WARNING:megatron.core.transformer.moe.token_dispatcher:BT_MOE_PROBS_A2A_COMM window 8 (300 gated dispatches): {'token_issues': 2400, 'probs_issues': 2400, 'waits': 4800}
WARNING:megatron.core.transformer.experimental_attention_variant.dsa_cudnn_kernels:BT_DSA_BWD_ASYNC_NONEMPTY_V3 window 4 (312 probe reads): {'kicks': 1248, 'hits': 1248, 'misses': 0, 'probe_dropped': 0, 'fallbacks': 0, 'verifies': 1247}
WARNING:megatron.core.transformer.experimental_attention_variant.dsa_cudnn_kernels:BT_DSA_BWD_ASYNC_NONEMPTY_V3 window 4 (312 probe reads): {'kicks': 1248, 'hits': 1248, 'misses': 0, 'probe_dropped': 0, 'fallbacks': 0, 'verifies': 1247}
WARNING:megatron.core.transformer.experimental_attention_variant.dsa_cudnn_kernels:BT_DSA_BWD_ASYNC_NONEMPTY_V3 window 4 (312 probe reads): {'kicks': 1248, 'hits': 1248, 'misses': 0, 'probe_dropped': 0, 'fallbacks': 0, 'verifies': 1247}
WARNING:megatron.core.transformer.experimental_attention_variant.dsa_cudnn_kernels:BT_DSA_BWD_ASYNC_NONEMPTY_V3 window 4 (312 probe reads): {'kicks': 1248, 'hits': 1248, 'misses': 0, 'probe_dropped': 0, 'fallbacks': 0, 'verifies': 1247}
WARNING:megatron.core.transformer.experimental_attention_variant.dsa_cudnn_kernels:BT_DSA_BWD_ASYNC_NONEMPTY_V3 window 4 (312 probe reads): {'kicks': 1248, 'hits': 1248, 'misses': 0, 'probe_dropped': 0, 'fallbacks': 0, 'verifies': 1247}
WARNING:megatron.core.transformer.experimental_attention_variant.dsa_cudnn_kernels:BT_DSA_BWD_ASYNC_NONEMPTY_V3 window 4 (312 probe reads): {'kicks': 1248, 'hits': 1248, 'misses': 0, 'probe_dropped': 0, 'fallbacks': 0, 'verifies': 1247}
WARNING:megatron.core.transformer.experimental_attention_variant.dsa_cudnn_kernels:BT_DSA_BWD_ASYNC_NONEMPTY_V3 window 4 (312 probe reads): {'kicks': 1248, 'hits': 1248, 'misses': 0, 'probe_dropped': 0, 'fallbacks': 0, 'verifies': 1247}
WARNING:megatron.core.transformer.experimental_attention_variant.dsa_cudnn_kernels:BT_DSA_BWD_ASYNC_NONEMPTY_V3 window 4 (312 probe reads): {'kicks': 1248, 'hits': 1248, 'misses': 0, 'probe_dropped': 0, 'fallbacks': 0, 'verifies': 1247}
WARNING:megatron.core.transformer.experimental_attention_variant.dsa_cudnn_kernels:BT_DSA_BWD_ASYNC_NONEMPTY_V3 window 4 (312 probe reads): {'kicks': 1248, 'hits': 1248, 'misses': 0, 'probe_dropped': 0, 'fallbacks': 0, 'verifies': 1247}
WARNING:megatron.core.transformer.experimental_attention_variant.dsa_cudnn_kernels:BT_DSA_BWD_ASYNC_NONEMPTY_V3 window 4 (312 probe reads): {'kicks': 1248, 'hits': 1248, 'misses': 0, 'probe_dropped': 0, 'fallbacks': 0, 'verifies': 1247}
WARNING:megatron.core.transformer.experimental_attention_variant.dsa_cudnn_kernels:BT_DSA_BWD_ASYNC_NONEMPTY_V3 window 4 (312 probe reads): {'kicks': 1248, 'hits': 1248, 'misses': 0, 'probe_dropped': 0, 'fallbacks': 0, 'verifies': 1247}
WARNING:megatron.core.transformer.experimental_attention_variant.dsa_cudnn_kernels:BT_DSA_BWD_ASYNC_NONEMPTY_V3 window 4 (312 probe reads): {'kicks': 1248, 'hits': 1248, 'misses': 0, 'probe_dropped': 0, 'fallbacks': 0, 'verifies': 1247}
WARNING:megatron.core.transformer.experimental_attention_variant.dsa_cudnn_kernels:BT_DSA_BWD_ASYNC_NONEMPTY_V3 window 4 (312 probe reads): {'kicks': 1248, 'hits': 1248, 'misses': 0, 'probe_dropped': 0, 'fallbacks': 0, 'verifies': 1247}
WARNING:megatron.core.transformer.experimental_attention_variant.dsa_cudnn_kernels:BT_DSA_BWD_ASYNC_NONEMPTY_V3 window 4 (312 probe reads): {'kicks': 1248, 'hits': 1248, 'misses': 0, 'probe_dropped': 0, 'fallbacks': 0, 'verifies': 1247}
WARNING:megatron.core.transformer.experimental_attention_variant.dsa_cudnn_kernels:BT_DSA_BWD_ASYNC_NONEMPTY_V3 window 4 (312 probe reads): {'kicks': 1248, 'hits': 1248, 'misses': 0, 'probe_dropped': 0, 'fallbacks': 0, 'verifies': 1247}
WARNING:megatron.core.transformer.experimental_attention_variant.dsa_cudnn_kernels:BT_DSA_BWD_ASYNC_NONEMPTY_V3 window 4 (312 probe reads): {'kicks': 1248, 'hits': 1248, 'misses': 0, 'probe_dropped': 0, 'fallbacks': 0, 'verifies': 1247}
INFO:trainers_server.dp_worker.api.dispatcher_worker:dispatcher_worker: op=forward_backward operation_id=9052f7408e134706bf23a1143fc44b79 done in 45.37s {'loss': 12.294655186883444}
INFO:trainers_server.dp_worker.api.server:retrieve: operation_id=9052f7408e134706bf23a1143fc44b79 done after 15.40s
INFO:     127.0.0.1:56060 - "GET /operations/9052f7408e134706bf23a1143fc44b79 HTTP/1.1" 200 OK
INFO:trainers_server.dp_worker.api.server:submit: op=optim_step operation_id=f5b8ad369028451dbb5570d7284f44f5 enqueued (qsize=1) 
INFO:     127.0.0.1:56060 - "POST /optim_step HTTP/1.1" 202 Accepted
INFO:trainers_server.dp_worker.api.dispatcher_worker:dispatcher_worker: op=optim_step operation_id=f5b8ad369028451dbb5570d7284f44f5 done in 0.04s step=4.0 learning_rate=1e-05 lr=1e-05 grad_norm=0.666499674320221 tps=11549.347657505774 train_mean_nll=12.294655186883444 num_tokens=524288.0 num_loss_tokens=524284.0 step_seconds=45.395464362809435
INFO:trainers_server.dp_worker.api.server:retrieve: operation_id=f5b8ad369028451dbb5570d7284f44f5 done after 0.04s
INFO:     127.0.0.1:56060 - "GET /operations/f5b8ad369028451dbb5570d7284f44f5 HTTP/1.1" 200 OK
INFO:trainers_server.dp_worker.api.server:submit: op=forward_backward operation_id=a2508db9a68747d5b6d5458cd7c1131c enqueued (qsize=1) n_datums=4 total_tokens=524288 seq_len[min/max]=131072/131072
INFO:     127.0.0.1:56060 - "POST /forward_backward HTTP/1.1" 202 Accepted
ERROR:opentelemetry.sdk.trace.export:Exception while exporting Span batch.
Traceback (most recent call last):
  File "/root/.cache/user_artifacts/trainers_main/server/.venv/lib/python3.12/site-packages/urllib3/connection.py", line 204, in _new_conn
    sock = connection.create_connection(
           ^^^^^^^^^^^^^^^^^^^^^^^^^^^^^
  File "/root/.cache/user_artifacts/trainers_main/server/.venv/lib/python3.12/site-packages/urllib3/util/connection.py", line 85, in create_connection
    raise err
  File "/root/.cache/user_artifacts/trainers_main/server/.venv/lib/python3.12/site-packages/urllib3/util/connection.py", line 73, in create_connection
    sock.connect(sa)
ConnectionRefusedError: [Errno 111] Connection refused

The above exception was the direct cause of the following exception:

Traceback (most recent call last):
  File "/root/.cache/user_artifacts/trainers_main/server/.venv/lib/python3.12/site-packages/urllib3/connectionpool.py", line 787, in urlopen
    response = self._make_request(
               ^^^^^^^^^^^^^^^^^^^
  File "/root/.cache/user_artifacts/trainers_main/server/.venv/lib/python3.12/site-packages/urllib3/connectionpool.py", line 493, in _make_request
    conn.request(
  File "/root/.cache/user_artifacts/trainers_main/server/.venv/lib/python3.12/site-packages/urllib3/connection.py", line 500, in request
    self.endheaders()
  File "/usr/lib/python3.12/http/client.py", line 1360, in endheaders
    self._send_output(message_body, encode_chunked=encode_chunked)
  File "/usr/lib/python3.12/http/client.py", line 1120, in _send_output
    self.send(msg)
  File "/usr/lib/python3.12/http/client.py", line 1064, in send
    self.connect()
  File "/root/.cache/user_artifacts/trainers_main/server/.venv/lib/python3.12/site-packages/urllib3/connection.py", line 331, in connect
    self.sock = self._new_conn()
                ^^^^^^^^^^^^^^^^
  File "/root/.cache/user_artifacts/trainers_main/server/.venv/lib/python3.12/site-packages/urllib3/connection.py", line 219, in _new_conn
    raise NewConnectionError(
urllib3.exceptions.NewConnectionError: HTTPConnection(host='localhost', port=4318): Failed to establish a new connection: [Errno 111] Connection refused

The above exception was the direct cause of the following exception:

Traceback (most recent call last):
  File "/root/.cache/user_artifacts/trainers_main/server/.venv/lib/python3.12/site-packages/requests/adapters.py", line 644, in send
    resp = conn.urlopen(
           ^^^^^^^^^^^^^
  File "/root/.cache/user_artifacts/trainers_main/server/.venv/lib/python3.12/site-packages/urllib3/connectionpool.py", line 841, in urlopen
    retries = retries.increment(
              ^^^^^^^^^^^^^^^^^^
  File "/root/.cache/user_artifacts/trainers_main/server/.venv/lib/python3.12/site-packages/urllib3/util/retry.py", line 535, in increment
    raise MaxRetryError(_pool, url, reason) from reason  # type: ignore[arg-type]
    ^^^^^^^^^^^^^^^^^^^^^^^^^^^^^^^^^^^^^^^^^^^^^^^^^^^
urllib3.exceptions.MaxRetryError: HTTPConnectionPool(host='localhost', port=4318): Max retries exceeded with url: /v1/traces (Caused by NewConnectionError("HTTPConnection(host='localhost', port=4318): Failed to establish a new connection: [Errno 111] Connection refused"))

During handling of the above exception, another exception occurred:

Traceback (most recent call last):
  File "/root/.cache/user_artifacts/trainers_main/server/.venv/lib/python3.12/site-packages/opentelemetry/sdk/trace/export/__init__.py", line 362, in _export_batch
    self.span_exporter.export(self.spans_list[:idx])  # type: ignore
    ^^^^^^^^^^^^^^^^^^^^^^^^^^^^^^^^^^^^^^^^^^^^^^^^
  File "/root/.cache/user_artifacts/trainers_main/server/.venv/lib/python3.12/site-packages/opentelemetry/exporter/otlp/proto/http/trace_exporter/__init__.py", line 139, in export
    resp = self._export(serialized_data)
           ^^^^^^^^^^^^^^^^^^^^^^^^^^^^^
  File "/root/.cache/user_artifacts/trainers_main/server/.venv/lib/python3.12/site-packages/opentelemetry/exporter/otlp/proto/http/trace_exporter/__init__.py", line 110, in _export
    return self._session.post(
           ^^^^^^^^^^^^^^^^^^^
  File "/root/.cache/user_artifacts/trainers_main/server/.venv/lib/python3.12/site-packages/requests/sessions.py", line 637, in post
    return self.request("POST", url, data=data, json=json, **kwargs)
           ^^^^^^^^^^^^^^^^^^^^^^^^^^^^^^^^^^^^^^^^^^^^^^^^^^^^^^^^^
  File "/root/.cache/user_artifacts/trainers_main/server/.venv/lib/python3.12/site-packages/requests/sessions.py", line 589, in request
    resp = self.send(prep, **send_kwargs)
           ^^^^^^^^^^^^^^^^^^^^^^^^^^^^^^
  File "/root/.cache/user_artifacts/trainers_main/server/.venv/lib/python3.12/site-packages/requests/sessions.py", line 703, in send
    r = adapter.send(request, **kwargs)
        ^^^^^^^^^^^^^^^^^^^^^^^^^^^^^^^
  File "/root/.cache/user_artifacts/trainers_main/server/.venv/lib/python3.12/site-packages/requests/adapters.py", line 677, in send
    raise ConnectionError(e, request=request)
requests.exceptions.ConnectionError: HTTPConnectionPool(host='localhost', port=4318): Max retries exceeded with url: /v1/traces (Caused by NewConnectionError("HTTPConnection(host='localhost', port=4318): Failed to establish a new connection: [Errno 111] Connection refused"))
WARNING:megatron.core.transformer.moe.token_dispatcher:BT_MOE_PROBS_A2A_COMM window 9 (300 gated dispatches): {'token_issues': 2700, 'probs_issues': 2700, 'waits': 5400}
WARNING:megatron.core.transformer.moe.token_dispatcher:BT_MOE_PROBS_A2A_COMM window 9 (300 gated dispatches): {'token_issues': 2700, 'probs_issues': 2700, 'waits': 5400}
WARNING:megatron.core.transformer.moe.token_dispatcher:BT_MOE_PROBS_A2A_COMM window 9 (300 gated dispatches): {'token_issues': 2700, 'probs_issues': 2700, 'waits': 5400}
WARNING:megatron.core.transformer.moe.token_dispatcher:BT_MOE_PROBS_A2A_COMM window 9 (300 gated dispatches): {'token_issues': 2700, 'probs_issues': 2700, 'waits': 5400}
WARNING:megatron.core.transformer.moe.token_dispatcher:BT_MOE_PROBS_A2A_COMM window 9 (300 gated dispatches): {'token_issues': 2700, 'probs_issues': 2700, 'waits': 5400}
WARNING:megatron.core.transformer.moe.token_dispatcher:BT_MOE_PROBS_A2A_COMM window 9 (300 gated dispatches): {'token_issues': 2700, 'probs_issues': 2700, 'waits': 5400}
WARNING:megatron.core.transformer.moe.token_dispatcher:BT_MOE_PROBS_A2A_COMM window 9 (300 gated dispatches): {'token_issues': 2700, 'probs_issues': 2700, 'waits': 5400}
WARNING:megatron.core.transformer.moe.token_dispatcher:BT_MOE_PROBS_A2A_COMM window 9 (300 gated dispatches): {'token_issues': 2700, 'probs_issues': 2700, 'waits': 5400}
WARNING:megatron.core.transformer.moe.token_dispatcher:BT_MOE_PROBS_A2A_COMM window 9 (300 gated dispatches): {'token_issues': 2700, 'probs_issues': 2700, 'waits': 5400}
WARNING:megatron.core.transformer.moe.token_dispatcher:BT_MOE_PROBS_A2A_COMM window 9 (300 gated dispatches): {'token_issues': 2700, 'probs_issues': 2700, 'waits': 5400}
WARNING:megatron.core.transformer.moe.token_dispatcher:BT_MOE_PROBS_A2A_COMM window 9 (300 gated dispatches): {'token_issues': 2700, 'probs_issues': 2700, 'waits': 5400}
WARNING:megatron.core.transformer.moe.token_dispatcher:BT_MOE_PROBS_A2A_COMM window 9 (300 gated dispatches): {'token_issues': 2700, 'probs_issues': 2700, 'waits': 5400}
WARNING:megatron.core.transformer.moe.token_dispatcher:BT_MOE_PROBS_A2A_COMM window 9 (300 gated dispatches): {'token_issues': 2700, 'probs_issues': 2700, 'waits': 5400}
WARNING:megatron.core.transformer.moe.token_dispatcher:BT_MOE_PROBS_A2A_COMM window 9 (300 gated dispatches): {'token_issues': 2700, 'probs_issues': 2700, 'waits': 5400}
WARNING:megatron.core.transformer.moe.token_dispatcher:BT_MOE_PROBS_A2A_COMM window 9 (300 gated dispatches): {'token_issues': 2700, 'probs_issues': 2700, 'waits': 5400}
WARNING:megatron.core.transformer.moe.token_dispatcher:BT_MOE_PROBS_A2A_COMM window 9 (300 gated dispatches): {'token_issues': 2700, 'probs_issues': 2700, 'waits': 5400}
WARNING:megatron.core.transformer.moe.token_dispatcher:BT_MOE_PROBS_A2A_COMM window 10 (300 gated dispatches): {'token_issues': 3000, 'probs_issues': 3000, 'waits': 6000}
WARNING:megatron.core.transformer.moe.token_dispatcher:BT_MOE_PROBS_A2A_COMM window 10 (300 gated dispatches): {'token_issues': 3000, 'probs_issues': 3000, 'waits': 6000}
WARNING:megatron.core.transformer.moe.token_dispatcher:BT_MOE_PROBS_A2A_COMM window 10 (300 gated dispatches): {'token_issues': 3000, 'probs_issues': 3000, 'waits': 6000}
WARNING:megatron.core.transformer.moe.token_dispatcher:BT_MOE_PROBS_A2A_COMM window 10 (300 gated dispatches): {'token_issues': 3000, 'probs_issues': 3000, 'waits': 6000}
WARNING:megatron.core.transformer.moe.token_dispatcher:BT_MOE_PROBS_A2A_COMM window 10 (300 gated dispatches): {'token_issues': 3000, 'probs_issues': 3000, 'waits': 6000}
WARNING:megatron.core.transformer.moe.token_dispatcher:BT_MOE_PROBS_A2A_COMM window 10 (300 gated dispatches): {'token_issues': 3000, 'probs_issues': 3000, 'waits': 6000}
WARNING:megatron.core.transformer.moe.token_dispatcher:BT_MOE_PROBS_A2A_COMM window 10 (300 gated dispatches): {'token_issues': 3000, 'probs_issues': 3000, 'waits': 6000}
WARNING:megatron.core.transformer.moe.token_dispatcher:BT_MOE_PROBS_A2A_COMM window 10 (300 gated dispatches): {'token_issues': 3000, 'probs_issues': 3000, 'waits': 6000}
WARNING:megatron.core.transformer.moe.token_dispatcher:BT_MOE_PROBS_A2A_COMM window 10 (300 gated dispatches): {'token_issues': 3000, 'probs_issues': 3000, 'waits': 6000}
WARNING:megatron.core.transformer.moe.token_dispatcher:BT_MOE_PROBS_A2A_COMM window 10 (300 gated dispatches): {'token_issues': 3000, 'probs_issues': 3000, 'waits': 6000}
WARNING:megatron.core.transformer.moe.token_dispatcher:BT_MOE_PROBS_A2A_COMM window 10 (300 gated dispatches): {'token_issues': 3000, 'probs_issues': 3000, 'waits': 6000}
WARNING:megatron.core.transformer.moe.token_dispatcher:BT_MOE_PROBS_A2A_COMM window 10 (300 gated dispatches): {'token_issues': 3000, 'probs_issues': 3000, 'waits': 6000}
WARNING:megatron.core.transformer.moe.token_dispatcher:BT_MOE_PROBS_A2A_COMM window 10 (300 gated dispatches): {'token_issues': 3000, 'probs_issues': 3000, 'waits': 6000}
WARNING:megatron.core.transformer.moe.token_dispatcher:BT_MOE_PROBS_A2A_COMM window 10 (300 gated dispatches): {'token_issues': 3000, 'probs_issues': 3000, 'waits': 6000}
WARNING:megatron.core.transformer.moe.token_dispatcher:BT_MOE_PROBS_A2A_COMM window 10 (300 gated dispatches): {'token_issues': 3000, 'probs_issues': 3000, 'waits': 6000}
WARNING:megatron.core.transformer.moe.token_dispatcher:BT_MOE_PROBS_A2A_COMM window 10 (300 gated dispatches): {'token_issues': 3000, 'probs_issues': 3000, 'waits': 6000}
WARNING:megatron.core.transformer.experimental_attention_variant.dsa_cudnn_kernels:BT_DSA_BWD_ASYNC_NONEMPTY_V3 window 5 (312 probe reads): {'kicks': 1560, 'hits': 1560, 'misses': 0, 'probe_dropped': 0, 'fallbacks': 0, 'verifies': 1559}
WARNING:megatron.core.transformer.experimental_attention_variant.dsa_cudnn_kernels:BT_DSA_BWD_ASYNC_NONEMPTY_V3 window 5 (312 probe reads): {'kicks': 1560, 'hits': 1560, 'misses': 0, 'probe_dropped': 0, 'fallbacks': 0, 'verifies': 1559}
WARNING:megatron.core.transformer.experimental_attention_variant.dsa_cudnn_kernels:BT_DSA_BWD_ASYNC_NONEMPTY_V3 window 5 (312 probe reads): {'kicks': 1560, 'hits': 1560, 'misses': 0, 'probe_dropped': 0, 'fallbacks': 0, 'verifies': 1559}
WARNING:megatron.core.transformer.experimental_attention_variant.dsa_cudnn_kernels:BT_DSA_BWD_ASYNC_NONEMPTY_V3 window 5 (312 probe reads): {'kicks': 1560, 'hits': 1560, 'misses': 0, 'probe_dropped': 0, 'fallbacks': 0, 'verifies': 1559}
WARNING:megatron.core.transformer.experimental_attention_variant.dsa_cudnn_kernels:BT_DSA_BWD_ASYNC_NONEMPTY_V3 window 5 (312 probe reads): {'kicks': 1560, 'hits': 1560, 'misses': 0, 'probe_dropped': 0, 'fallbacks': 0, 'verifies': 1559}
WARNING:megatron.core.transformer.experimental_attention_variant.dsa_cudnn_kernels:BT_DSA_BWD_ASYNC_NONEMPTY_V3 window 5 (312 probe reads): {'kicks': 1560, 'hits': 1560, 'misses': 0, 'probe_dropped': 0, 'fallbacks': 0, 'verifies': 1559}
WARNING:megatron.core.transformer.experimental_attention_variant.dsa_cudnn_kernels:BT_DSA_BWD_ASYNC_NONEMPTY_V3 window 5 (312 probe reads): {'kicks': 1560, 'hits': 1560, 'misses': 0, 'probe_dropped': 0, 'fallbacks': 0, 'verifies': 1559}
WARNING:megatron.core.transformer.experimental_attention_variant.dsa_cudnn_kernels:BT_DSA_BWD_ASYNC_NONEMPTY_V3 window 5 (312 probe reads): {'kicks': 1560, 'hits': 1560, 'misses': 0, 'probe_dropped': 0, 'fallbacks': 0, 'verifies': 1559}
WARNING:megatron.core.transformer.experimental_attention_variant.dsa_cudnn_kernels:BT_DSA_BWD_ASYNC_NONEMPTY_V3 window 5 (312 probe reads): {'kicks': 1560, 'hits': 1560, 'misses': 0, 'probe_dropped': 0, 'fallbacks': 0, 'verifies': 1559}
WARNING:megatron.core.transformer.experimental_attention_variant.dsa_cudnn_kernels:BT_DSA_BWD_ASYNC_NONEMPTY_V3 window 5 (312 probe reads): {'kicks': 1560, 'hits': 1560, 'misses': 0, 'probe_dropped': 0, 'fallbacks': 0, 'verifies': 1559}
WARNING:megatron.core.transformer.experimental_attention_variant.dsa_cudnn_kernels:BT_DSA_BWD_ASYNC_NONEMPTY_V3 window 5 (312 probe reads): {'kicks': 1560, 'hits': 1560, 'misses': 0, 'probe_dropped': 0, 'fallbacks': 0, 'verifies': 1559}
WARNING:megatron.core.transformer.experimental_attention_variant.dsa_cudnn_kernels:BT_DSA_BWD_ASYNC_NONEMPTY_V3 window 5 (312 probe reads): {'kicks': 1560, 'hits': 1560, 'misses': 0, 'probe_dropped': 0, 'fallbacks': 0, 'verifies': 1559}
WARNING:megatron.core.transformer.experimental_attention_variant.dsa_cudnn_kernels:BT_DSA_BWD_ASYNC_NONEMPTY_V3 window 5 (312 probe reads): {'kicks': 1560, 'hits': 1560, 'misses': 0, 'probe_dropped': 0, 'fallbacks': 0, 'verifies': 1559}
WARNING:megatron.core.transformer.experimental_attention_variant.dsa_cudnn_kernels:BT_DSA_BWD_ASYNC_NONEMPTY_V3 window 5 (312 probe reads): {'kicks': 1560, 'hits': 1560, 'misses': 0, 'probe_dropped': 0, 'fallbacks': 0, 'verifies': 1559}
WARNING:megatron.core.transformer.experimental_attention_variant.dsa_cudnn_kernels:BT_DSA_BWD_ASYNC_NONEMPTY_V3 window 5 (312 probe reads): {'kicks': 1560, 'hits': 1560, 'misses': 0, 'probe_dropped': 0, 'fallbacks': 0, 'verifies': 1559}
WARNING:megatron.core.transformer.experimental_attention_variant.dsa_cudnn_kernels:BT_DSA_BWD_ASYNC_NONEMPTY_V3 window 5 (312 probe reads): {'kicks': 1560, 'hits': 1560, 'misses': 0, 'probe_dropped': 0, 'fallbacks': 0, 'verifies': 1559}
INFO:trainers_server.dp_worker.api.dispatcher_worker:dispatcher_worker: op=forward_backward operation_id=a2508db9a68747d5b6d5458cd7c1131c done in 45.30s {'loss': 12.285712514591328}
INFO:trainers_server.dp_worker.api.server:retrieve: operation_id=a2508db9a68747d5b6d5458cd7c1131c done after 15.33s
INFO:     127.0.0.1:56060 - "GET /operations/a2508db9a68747d5b6d5458cd7c1131c HTTP/1.1" 200 OK
INFO:trainers_server.dp_worker.api.server:submit: op=optim_step operation_id=d926c163bbe84d7ba6bc9e86579bdfe9 enqueued (qsize=1) 
INFO:     127.0.0.1:56060 - "POST /optim_step HTTP/1.1" 202 Accepted
ERROR:opentelemetry.sdk.trace.export:Exception while exporting Span batch.
Traceback (most recent call last):
  File "/root/.cache/user_artifacts/trainers_main/server/.venv/lib/python3.12/site-packages/urllib3/connection.py", line 204, in _new_conn
    sock = connection.create_connection(
           ^^^^^^^^^^^^^^^^^^^^^^^^^^^^^
  File "/root/.cache/user_artifacts/trainers_main/server/.venv/lib/python3.12/site-packages/urllib3/util/connection.py", line 85, in create_connection
    raise err
  File "/root/.cache/user_artifacts/trainers_main/server/.venv/lib/python3.12/site-packages/urllib3/util/connection.py", line 73, in create_connection
    sock.connect(sa)
ConnectionRefusedError: [Errno 111] Connection refused

The above exception was the direct cause of the following exception:

Traceback (most recent call last):
  File "/root/.cache/user_artifacts/trainers_main/server/.venv/lib/python3.12/site-packages/urllib3/connectionpool.py", line 787, in urlopen
    response = self._make_request(
               ^^^^^^^^^^^^^^^^^^^
  File "/root/.cache/user_artifacts/trainers_main/server/.venv/lib/python3.12/site-packages/urllib3/connectionpool.py", line 493, in _make_request
    conn.request(
  File "/root/.cache/user_artifacts/trainers_main/server/.venv/lib/python3.12/site-packages/urllib3/connection.py", line 500, in request
    self.endheaders()
  File "/usr/lib/python3.12/http/client.py", line 1360, in endheaders
    self._send_output(message_body, encode_chunked=encode_chunked)
  File "/usr/lib/python3.12/http/client.py", line 1120, in _send_output
    self.send(msg)
  File "/usr/lib/python3.12/http/client.py", line 1064, in send
    self.connect()
  File "/root/.cache/user_artifacts/trainers_main/server/.venv/lib/python3.12/site-packages/urllib3/connection.py", line 331, in connect
    self.sock = self._new_conn()
                ^^^^^^^^^^^^^^^^
  File "/root/.cache/user_artifacts/trainers_main/server/.venv/lib/python3.12/site-packages/urllib3/connection.py", line 219, in _new_conn
    raise NewConnectionError(
urllib3.exceptions.NewConnectionError: HTTPConnection(host='localhost', port=4318): Failed to establish a new connection: [Errno 111] Connection refused

The above exception was the direct cause of the following exception:

Traceback (most recent call last):
  File "/root/.cache/user_artifacts/trainers_main/server/.venv/lib/python3.12/site-packages/requests/adapters.py", line 644, in send
    resp = conn.urlopen(
           ^^^^^^^^^^^^^
  File "/root/.cache/user_artifacts/trainers_main/server/.venv/lib/python3.12/site-packages/urllib3/connectionpool.py", line 841, in urlopen
    retries = retries.increment(
              ^^^^^^^^^^^^^^^^^^
  File "/root/.cache/user_artifacts/trainers_main/server/.venv/lib/python3.12/site-packages/urllib3/util/retry.py", line 535, in increment
    raise MaxRetryError(_pool, url, reason) from reason  # type: ignore[arg-type]
    ^^^^^^^^^^^^^^^^^^^^^^^^^^^^^^^^^^^^^^^^^^^^^^^^^^^
urllib3.exceptions.MaxRetryError: HTTPConnectionPool(host='localhost', port=4318): Max retries exceeded with url: /v1/traces (Caused by NewConnectionError("HTTPConnection(host='localhost', port=4318): Failed to establish a new connection: [Errno 111] Connection refused"))

During handling of the above exception, another exception occurred:

Traceback (most recent call last):
  File "/root/.cache/user_artifacts/trainers_main/server/.venv/lib/python3.12/site-packages/opentelemetry/sdk/trace/export/__init__.py", line 362, in _export_batch
    self.span_exporter.export(self.spans_list[:idx])  # type: ignore
    ^^^^^^^^^^^^^^^^^^^^^^^^^^^^^^^^^^^^^^^^^^^^^^^^
  File "/root/.cache/user_artifacts/trainers_main/server/.venv/lib/python3.12/site-packages/opentelemetry/exporter/otlp/proto/http/trace_exporter/__init__.py", line 139, in export
    resp = self._export(serialized_data)
           ^^^^^^^^^^^^^^^^^^^^^^^^^^^^^
  File "/root/.cache/user_artifacts/trainers_main/server/.venv/lib/python3.12/site-packages/opentelemetry/exporter/otlp/proto/http/trace_exporter/__init__.py", line 110, in _export
    return self._session.post(
           ^^^^^^^^^^^^^^^^^^^
  File "/root/.cache/user_artifacts/trainers_main/server/.venv/lib/python3.12/site-packages/requests/sessions.py", line 637, in post
    return self.request("POST", url, data=data, json=json, **kwargs)
           ^^^^^^^^^^^^^^^^^^^^^^^^^^^^^^^^^^^^^^^^^^^^^^^^^^^^^^^^^
  File "/root/.cache/user_artifacts/trainers_main/server/.venv/lib/python3.12/site-packages/requests/sessions.py", line 589, in request
    resp = self.send(prep, **send_kwargs)
           ^^^^^^^^^^^^^^^^^^^^^^^^^^^^^^
  File "/root/.cache/user_artifacts/trainers_main/server/.venv/lib/python3.12/site-packages/requests/sessions.py", line 703, in send
    r = adapter.send(request, **kwargs)
        ^^^^^^^^^^^^^^^^^^^^^^^^^^^^^^^
  File "/root/.cache/user_artifacts/trainers_main/server/.venv/lib/python3.12/site-packages/requests/adapters.py", line 677, in send
    raise ConnectionError(e, request=request)
requests.exceptions.ConnectionError: HTTPConnectionPool(host='localhost', port=4318): Max retries exceeded with url: /v1/traces (Caused by NewConnectionError("HTTPConnection(host='localhost', port=4318): Failed to establish a new connection: [Errno 111] Connection refused"))
INFO:trainers_server.dp_worker.api.dispatcher_worker:dispatcher_worker: op=optim_step operation_id=d926c163bbe84d7ba6bc9e86579bdfe9 done in 0.86s step=5.0 learning_rate=1e-05 lr=1e-05 grad_norm=0.6180964112281799 tps=11360.585822712548 train_mean_nll=12.285712514591328 num_tokens=524288.0 num_loss_tokens=524284.0 step_seconds=46.14973278506659
INFO:trainers_server.dp_worker.api.server:retrieve: operation_id=d926c163bbe84d7ba6bc9e86579bdfe9 done after 0.86s
INFO:     127.0.0.1:56060 - "GET /operations/d926c163bbe84d7ba6bc9e86579bdfe9 HTTP/1.1" 200 OK
INFO:trainers_server.dp_worker.api.server:submit: op=forward_backward operation_id=abb14b36c4d54ec5a5ebebd37a07c534 enqueued (qsize=1) n_datums=4 total_tokens=524288 seq_len[min/max]=131072/131072
INFO:     127.0.0.1:56060 - "POST /forward_backward HTTP/1.1" 202 Accepted
ERROR:opentelemetry.sdk.trace.export:Exception while exporting Span batch.
Traceback (most recent call last):
  File "/root/.cache/user_artifacts/trainers_main/server/.venv/lib/python3.12/site-packages/urllib3/connection.py", line 204, in _new_conn
    sock = connection.create_connection(
           ^^^^^^^^^^^^^^^^^^^^^^^^^^^^^
  File "/root/.cache/user_artifacts/trainers_main/server/.venv/lib/python3.12/site-packages/urllib3/util/connection.py", line 85, in create_connection
    raise err
  File "/root/.cache/user_artifacts/trainers_main/server/.venv/lib/python3.12/site-packages/urllib3/util/connection.py", line 73, in create_connection
    sock.connect(sa)
ConnectionRefusedError: [Errno 111] Connection refused

The above exception was the direct cause of the following exception:

Traceback (most recent call last):
  File "/root/.cache/user_artifacts/trainers_main/server/.venv/lib/python3.12/site-packages/urllib3/connectionpool.py", line 787, in urlopen
    response = self._make_request(
               ^^^^^^^^^^^^^^^^^^^
  File "/root/.cache/user_artifacts/trainers_main/server/.venv/lib/python3.12/site-packages/urllib3/connectionpool.py", line 493, in _make_request
    conn.request(
  File "/root/.cache/user_artifacts/trainers_main/server/.venv/lib/python3.12/site-packages/urllib3/connection.py", line 500, in request
    self.endheaders()
  File "/usr/lib/python3.12/http/client.py", line 1360, in endheaders
    self._send_output(message_body, encode_chunked=encode_chunked)
  File "/usr/lib/python3.12/http/client.py", line 1120, in _send_output
    self.send(msg)
  File "/usr/lib/python3.12/http/client.py", line 1064, in send
    self.connect()
  File "/root/.cache/user_artifacts/trainers_main/server/.venv/lib/python3.12/site-packages/urllib3/connection.py", line 331, in connect
    self.sock = self._new_conn()
                ^^^^^^^^^^^^^^^^
  File "/root/.cache/user_artifacts/trainers_main/server/.venv/lib/python3.12/site-packages/urllib3/connection.py", line 219, in _new_conn
    raise NewConnectionError(
urllib3.exceptions.NewConnectionError: HTTPConnection(host='localhost', port=4318): Failed to establish a new connection: [Errno 111] Connection refused

The above exception was the direct cause of the following exception:

Traceback (most recent call last):
  File "/root/.cache/user_artifacts/trainers_main/server/.venv/lib/python3.12/site-packages/requests/adapters.py", line 644, in send
    resp = conn.urlopen(
           ^^^^^^^^^^^^^
  File "/root/.cache/user_artifacts/trainers_main/server/.venv/lib/python3.12/site-packages/urllib3/connectionpool.py", line 841, in urlopen
    retries = retries.increment(
              ^^^^^^^^^^^^^^^^^^
  File "/root/.cache/user_artifacts/trainers_main/server/.venv/lib/python3.12/site-packages/urllib3/util/retry.py", line 535, in increment
    raise MaxRetryError(_pool, url, reason) from reason  # type: ignore[arg-type]
    ^^^^^^^^^^^^^^^^^^^^^^^^^^^^^^^^^^^^^^^^^^^^^^^^^^^
urllib3.exceptions.MaxRetryError: HTTPConnectionPool(host='localhost', port=4318): Max retries exceeded with url: /v1/traces (Caused by NewConnectionError("HTTPConnection(host='localhost', port=4318): Failed to establish a new connection: [Errno 111] Connection refused"))

During handling of the above exception, another exception occurred:

Traceback (most recent call last):
  File "/root/.cache/user_artifacts/trainers_main/server/.venv/lib/python3.12/site-packages/opentelemetry/sdk/trace/export/__init__.py", line 362, in _export_batch
    self.span_exporter.export(self.spans_list[:idx])  # type: ignore
    ^^^^^^^^^^^^^^^^^^^^^^^^^^^^^^^^^^^^^^^^^^^^^^^^
  File "/root/.cache/user_artifacts/trainers_main/server/.venv/lib/python3.12/site-packages/opentelemetry/exporter/otlp/proto/http/trace_exporter/__init__.py", line 139, in export
    resp = self._export(serialized_data)
           ^^^^^^^^^^^^^^^^^^^^^^^^^^^^^
  File "/root/.cache/user_artifacts/trainers_main/server/.venv/lib/python3.12/site-packages/opentelemetry/exporter/otlp/proto/http/trace_exporter/__init__.py", line 110, in _export
    return self._session.post(
           ^^^^^^^^^^^^^^^^^^^
  File "/root/.cache/user_artifacts/trainers_main/server/.venv/lib/python3.12/site-packages/requests/sessions.py", line 637, in post
    return self.request("POST", url, data=data, json=json, **kwargs)
           ^^^^^^^^^^^^^^^^^^^^^^^^^^^^^^^^^^^^^^^^^^^^^^^^^^^^^^^^^
  File "/root/.cache/user_artifacts/trainers_main/server/.venv/lib/python3.12/site-packages/requests/sessions.py", line 589, in request
    resp = self.send(prep, **send_kwargs)
           ^^^^^^^^^^^^^^^^^^^^^^^^^^^^^^
  File "/root/.cache/user_artifacts/trainers_main/server/.venv/lib/python3.12/site-packages/requests/sessions.py", line 703, in send
    r = adapter.send(request, **kwargs)
        ^^^^^^^^^^^^^^^^^^^^^^^^^^^^^^^
  File "/root/.cache/user_artifacts/trainers_main/server/.venv/lib/python3.12/site-packages/requests/adapters.py", line 677, in send
    raise ConnectionError(e, request=request)
requests.exceptions.ConnectionError: HTTPConnectionPool(host='localhost', port=4318): Max retries exceeded with url: /v1/traces (Caused by NewConnectionError("HTTPConnection(host='localhost', port=4318): Failed to establish a new connection: [Errno 111] Connection refused"))
WARNING:megatron.core.transformer.moe.token_dispatcher:BT_MOE_PROBS_A2A_COMM window 11 (300 gated dispatches): {'token_issues': 3300, 'probs_issues': 3300, 'waits': 6600}
WARNING:megatron.core.transformer.moe.token_dispatcher:BT_MOE_PROBS_A2A_COMM window 11 (300 gated dispatches): {'token_issues': 3300, 'probs_issues': 3300, 'waits': 6600}
WARNING:megatron.core.transformer.moe.token_dispatcher:BT_MOE_PROBS_A2A_COMM window 11 (300 gated dispatches): {'token_issues': 3300, 'probs_issues': 3300, 'waits': 6600}
WARNING:megatron.core.transformer.moe.token_dispatcher:BT_MOE_PROBS_A2A_COMM window 11 (300 gated dispatches): {'token_issues': 3300, 'probs_issues': 3300, 'waits': 6600}
WARNING:megatron.core.transformer.moe.token_dispatcher:BT_MOE_PROBS_A2A_COMM window 11 (300 gated dispatches): {'token_issues': 3300, 'probs_issues': 3300, 'waits': 6600}
WARNING:megatron.core.transformer.moe.token_dispatcher:BT_MOE_PROBS_A2A_COMM window 11 (300 gated dispatches): {'token_issues': 3300, 'probs_issues': 3300, 'waits': 6600}
WARNING:megatron.core.transformer.moe.token_dispatcher:BT_MOE_PROBS_A2A_COMM window 11 (300 gated dispatches): {'token_issues': 3300, 'probs_issues': 3300, 'waits': 6600}
WARNING:megatron.core.transformer.moe.token_dispatcher:BT_MOE_PROBS_A2A_COMM window 11 (300 gated dispatches): {'token_issues': 3300, 'probs_issues': 3300, 'waits': 6600}
WARNING:megatron.core.transformer.moe.token_dispatcher:BT_MOE_PROBS_A2A_COMM window 11 (300 gated dispatches): {'token_issues': 3300, 'probs_issues': 3300, 'waits': 6600}
WARNING:megatron.core.transformer.moe.token_dispatcher:BT_MOE_PROBS_A2A_COMM window 11 (300 gated dispatches): {'token_issues': 3300, 'probs_issues': 3300, 'waits': 6600}
WARNING:megatron.core.transformer.moe.token_dispatcher:BT_MOE_PROBS_A2A_COMM window 11 (300 gated dispatches): {'token_issues': 3300, 'probs_issues': 3300, 'waits': 6600}
WARNING:megatron.core.transformer.moe.token_dispatcher:BT_MOE_PROBS_A2A_COMM window 11 (300 gated dispatches): {'token_issues': 3300, 'probs_issues': 3300, 'waits': 6600}
WARNING:megatron.core.transformer.moe.token_dispatcher:BT_MOE_PROBS_A2A_COMM window 11 (300 gated dispatches): {'token_issues': 3300, 'probs_issues': 3300, 'waits': 6600}
WARNING:megatron.core.transformer.moe.token_dispatcher:BT_MOE_PROBS_A2A_COMM window 11 (300 gated dispatches): {'token_issues': 3300, 'probs_issues': 3300, 'waits': 6600}
WARNING:megatron.core.transformer.moe.token_dispatcher:BT_MOE_PROBS_A2A_COMM window 11 (300 gated dispatches): {'token_issues': 3300, 'probs_issues': 3300, 'waits': 6600}
WARNING:megatron.core.transformer.moe.token_dispatcher:BT_MOE_PROBS_A2A_COMM window 11 (300 gated dispatches): {'token_issues': 3300, 'probs_issues': 3300, 'waits': 6600}
WARNING:megatron.core.transformer.moe.token_dispatcher:BT_MOE_PROBS_A2A_COMM window 12 (300 gated dispatches): {'token_issues': 3600, 'probs_issues': 3600, 'waits': 7200}
WARNING:megatron.core.transformer.moe.token_dispatcher:BT_MOE_PROBS_A2A_COMM window 12 (300 gated dispatches): {'token_issues': 3600, 'probs_issues': 3600, 'waits': 7200}
WARNING:megatron.core.transformer.moe.token_dispatcher:BT_MOE_PROBS_A2A_COMM window 12 (300 gated dispatches): {'token_issues': 3600, 'probs_issues': 3600, 'waits': 7200}
WARNING:megatron.core.transformer.moe.token_dispatcher:BT_MOE_PROBS_A2A_COMM window 12 (300 gated dispatches): {'token_issues': 3600, 'probs_issues': 3600, 'waits': 7200}
WARNING:megatron.core.transformer.moe.token_dispatcher:BT_MOE_PROBS_A2A_COMM window 12 (300 gated dispatches): {'token_issues': 3600, 'probs_issues': 3600, 'waits': 7200}
WARNING:megatron.core.transformer.moe.token_dispatcher:BT_MOE_PROBS_A2A_COMM window 12 (300 gated dispatches): {'token_issues': 3600, 'probs_issues': 3600, 'waits': 7200}
WARNING:megatron.core.transformer.moe.token_dispatcher:BT_MOE_PROBS_A2A_COMM window 12 (300 gated dispatches): {'token_issues': 3600, 'probs_issues': 3600, 'waits': 7200}
WARNING:megatron.core.transformer.moe.token_dispatcher:BT_MOE_PROBS_A2A_COMM window 12 (300 gated dispatches): {'token_issues': 3600, 'probs_issues': 3600, 'waits': 7200}
WARNING:megatron.core.transformer.moe.token_dispatcher:BT_MOE_PROBS_A2A_COMM window 12 (300 gated dispatches): {'token_issues': 3600, 'probs_issues': 3600, 'waits': 7200}
WARNING:megatron.core.transformer.moe.token_dispatcher:BT_MOE_PROBS_A2A_COMM window 12 (300 gated dispatches): {'token_issues': 3600, 'probs_issues': 3600, 'waits': 7200}
WARNING:megatron.core.transformer.moe.token_dispatcher:BT_MOE_PROBS_A2A_COMM window 12 (300 gated dispatches): {'token_issues': 3600, 'probs_issues': 3600, 'waits': 7200}
WARNING:megatron.core.transformer.moe.token_dispatcher:BT_MOE_PROBS_A2A_COMM window 12 (300 gated dispatches): {'token_issues': 3600, 'probs_issues': 3600, 'waits': 7200}
WARNING:megatron.core.transformer.moe.token_dispatcher:BT_MOE_PROBS_A2A_COMM window 12 (300 gated dispatches): {'token_issues': 3600, 'probs_issues': 3600, 'waits': 7200}
WARNING:megatron.core.transformer.moe.token_dispatcher:BT_MOE_PROBS_A2A_COMM window 12 (300 gated dispatches): {'token_issues': 3600, 'probs_issues': 3600, 'waits': 7200}
WARNING:megatron.core.transformer.moe.token_dispatcher:BT_MOE_PROBS_A2A_COMM window 12 (300 gated dispatches): {'token_issues': 3600, 'probs_issues': 3600, 'waits': 7200}
WARNING:megatron.core.transformer.moe.token_dispatcher:BT_MOE_PROBS_A2A_COMM window 12 (300 gated dispatches): {'token_issues': 3600, 'probs_issues': 3600, 'waits': 7200}
WARNING:megatron.core.transformer.experimental_attention_variant.dsa_cudnn_kernels:BT_DSA_BWD_ASYNC_NONEMPTY_V3 window 6 (312 probe reads): {'kicks': 1872, 'hits': 1872, 'misses': 0, 'probe_dropped': 0, 'fallbacks': 0, 'verifies': 1871}
WARNING:megatron.core.transformer.experimental_attention_variant.dsa_cudnn_kernels:BT_DSA_BWD_ASYNC_NONEMPTY_V3 window 6 (312 probe reads): {'kicks': 1872, 'hits': 1872, 'misses': 0, 'probe_dropped': 0, 'fallbacks': 0, 'verifies': 1871}
WARNING:megatron.core.transformer.experimental_attention_variant.dsa_cudnn_kernels:BT_DSA_BWD_ASYNC_NONEMPTY_V3 window 6 (312 probe reads): {'kicks': 1872, 'hits': 1872, 'misses': 0, 'probe_dropped': 0, 'fallbacks': 0, 'verifies': 1871}
WARNING:megatron.core.transformer.experimental_attention_variant.dsa_cudnn_kernels:BT_DSA_BWD_ASYNC_NONEMPTY_V3 window 6 (312 probe reads): {'kicks': 1872, 'hits': 1872, 'misses': 0, 'probe_dropped': 0, 'fallbacks': 0, 'verifies': 1871}
WARNING:megatron.core.transformer.experimental_attention_variant.dsa_cudnn_kernels:BT_DSA_BWD_ASYNC_NONEMPTY_V3 window 6 (312 probe reads): {'kicks': 1872, 'hits': 1872, 'misses': 0, 'probe_dropped': 0, 'fallbacks': 0, 'verifies': 1871}
WARNING:megatron.core.transformer.experimental_attention_variant.dsa_cudnn_kernels:BT_DSA_BWD_ASYNC_NONEMPTY_V3 window 6 (312 probe reads): {'kicks': 1872, 'hits': 1872, 'misses': 0, 'probe_dropped': 0, 'fallbacks': 0, 'verifies': 1871}
WARNING:megatron.core.transformer.experimental_attention_variant.dsa_cudnn_kernels:BT_DSA_BWD_ASYNC_NONEMPTY_V3 window 6 (312 probe reads): {'kicks': 1872, 'hits': 1872, 'misses': 0, 'probe_dropped': 0, 'fallbacks': 0, 'verifies': 1871}
WARNING:megatron.core.transformer.experimental_attention_variant.dsa_cudnn_kernels:BT_DSA_BWD_ASYNC_NONEMPTY_V3 window 6 (312 probe reads): {'kicks': 1872, 'hits': 1872, 'misses': 0, 'probe_dropped': 0, 'fallbacks': 0, 'verifies': 1871}
WARNING:megatron.core.transformer.experimental_attention_variant.dsa_cudnn_kernels:BT_DSA_BWD_ASYNC_NONEMPTY_V3 window 6 (312 probe reads): {'kicks': 1872, 'hits': 1872, 'misses': 0, 'probe_dropped': 0, 'fallbacks': 0, 'verifies': 1871}
WARNING:megatron.core.transformer.experimental_attention_variant.dsa_cudnn_kernels:BT_DSA_BWD_ASYNC_NONEMPTY_V3 window 6 (312 probe reads): {'kicks': 1872, 'hits': 1872, 'misses': 0, 'probe_dropped': 0, 'fallbacks': 0, 'verifies': 1871}
WARNING:megatron.core.transformer.experimental_attention_variant.dsa_cudnn_kernels:BT_DSA_BWD_ASYNC_NONEMPTY_V3 window 6 (312 probe reads): {'kicks': 1872, 'hits': 1872, 'misses': 0, 'probe_dropped': 0, 'fallbacks': 0, 'verifies': 1871}
WARNING:megatron.core.transformer.experimental_attention_variant.dsa_cudnn_kernels:BT_DSA_BWD_ASYNC_NONEMPTY_V3 window 6 (312 probe reads): {'kicks': 1872, 'hits': 1872, 'misses': 0, 'probe_dropped': 0, 'fallbacks': 0, 'verifies': 1871}
WARNING:megatron.core.transformer.experimental_attention_variant.dsa_cudnn_kernels:BT_DSA_BWD_ASYNC_NONEMPTY_V3 window 6 (312 probe reads): {'kicks': 1872, 'hits': 1872, 'misses': 0, 'probe_dropped': 0, 'fallbacks': 0, 'verifies': 1871}
WARNING:megatron.core.transformer.experimental_attention_variant.dsa_cudnn_kernels:BT_DSA_BWD_ASYNC_NONEMPTY_V3 window 6 (312 probe reads): {'kicks': 1872, 'hits': 1872, 'misses': 0, 'probe_dropped': 0, 'fallbacks': 0, 'verifies': 1871}
WARNING:megatron.core.transformer.experimental_attention_variant.dsa_cudnn_kernels:BT_DSA_BWD_ASYNC_NONEMPTY_V3 window 6 (312 probe reads): {'kicks': 1872, 'hits': 1872, 'misses': 0, 'probe_dropped': 0, 'fallbacks': 0, 'verifies': 1871}
WARNING:megatron.core.transformer.experimental_attention_variant.dsa_cudnn_kernels:BT_DSA_BWD_ASYNC_NONEMPTY_V3 window 6 (312 probe reads): {'kicks': 1872, 'hits': 1872, 'misses': 0, 'probe_dropped': 0, 'fallbacks': 0, 'verifies': 1871}
INFO:trainers_server.dp_worker.api.dispatcher_worker:dispatcher_worker: op=forward_backward operation_id=abb14b36c4d54ec5a5ebebd37a07c534 done in 45.23s {'loss': 12.27630826040848}
INFO:trainers_server.dp_worker.api.server:retrieve: operation_id=abb14b36c4d54ec5a5ebebd37a07c534 done after 15.25s
INFO:     127.0.0.1:56060 - "GET /operations/abb14b36c4d54ec5a5ebebd37a07c534 HTTP/1.1" 200 OK
INFO:trainers_server.dp_worker.api.server:submit: op=optim_step operation_id=39a37dcd9acf4269b1137b043e612502 enqueued (qsize=1) 
INFO:     127.0.0.1:56060 - "POST /optim_step HTTP/1.1" 202 Accepted
INFO:trainers_server.dp_worker.api.dispatcher_worker:dispatcher_worker: op=optim_step operation_id=39a37dcd9acf4269b1137b043e612502 done in 0.03s step=6.0 learning_rate=1e-05 lr=1e-05 grad_norm=0.7824870347976685 tps=11585.128636664025 train_mean_nll=12.27630826040848 num_tokens=524288.0 num_loss_tokens=524284.0 step_seconds=45.255259258905426
INFO:trainers_server.dp_worker.api.server:retrieve: operation_id=39a37dcd9acf4269b1137b043e612502 done after 0.03s
INFO:     127.0.0.1:56060 - "GET /operations/39a37dcd9acf4269b1137b043e612502 HTTP/1.1" 200 OK
INFO:trainers_server.dp_worker.api.server:submit: op=forward_backward operation_id=0b9ec3b9d9444d8c9d67ddd404eafaf2 enqueued (qsize=1) n_datums=4 total_tokens=524288 seq_len[min/max]=131072/131072
INFO:     127.0.0.1:56060 - "POST /forward_backward HTTP/1.1" 202 Accepted
ERROR:opentelemetry.sdk.trace.export:Exception while exporting Span batch.
Traceback (most recent call last):
  File "/root/.cache/user_artifacts/trainers_main/server/.venv/lib/python3.12/site-packages/urllib3/connection.py", line 204, in _new_conn
    sock = connection.create_connection(
           ^^^^^^^^^^^^^^^^^^^^^^^^^^^^^
  File "/root/.cache/user_artifacts/trainers_main/server/.venv/lib/python3.12/site-packages/urllib3/util/connection.py", line 85, in create_connection
    raise err
  File "/root/.cache/user_artifacts/trainers_main/server/.venv/lib/python3.12/site-packages/urllib3/util/connection.py", line 73, in create_connection
    sock.connect(sa)
ConnectionRefusedError: [Errno 111] Connection refused

The above exception was the direct cause of the following exception:

Traceback (most recent call last):
  File "/root/.cache/user_artifacts/trainers_main/server/.venv/lib/python3.12/site-packages/urllib3/connectionpool.py", line 787, in urlopen
    response = self._make_request(
               ^^^^^^^^^^^^^^^^^^^
  File "/root/.cache/user_artifacts/trainers_main/server/.venv/lib/python3.12/site-packages/urllib3/connectionpool.py", line 493, in _make_request
    conn.request(
  File "/root/.cache/user_artifacts/trainers_main/server/.venv/lib/python3.12/site-packages/urllib3/connection.py", line 500, in request
    self.endheaders()
  File "/usr/lib/python3.12/http/client.py", line 1360, in endheaders
    self._send_output(message_body, encode_chunked=encode_chunked)
  File "/usr/lib/python3.12/http/client.py", line 1120, in _send_output
    self.send(msg)
  File "/usr/lib/python3.12/http/client.py", line 1064, in send
    self.connect()
  File "/root/.cache/user_artifacts/trainers_main/server/.venv/lib/python3.12/site-packages/urllib3/connection.py", line 331, in connect
    self.sock = self._new_conn()
                ^^^^^^^^^^^^^^^^
  File "/root/.cache/user_artifacts/trainers_main/server/.venv/lib/python3.12/site-packages/urllib3/connection.py", line 219, in _new_conn
    raise NewConnectionError(
urllib3.exceptions.NewConnectionError: HTTPConnection(host='localhost', port=4318): Failed to establish a new connection: [Errno 111] Connection refused

The above exception was the direct cause of the following exception:

Traceback (most recent call last):
  File "/root/.cache/user_artifacts/trainers_main/server/.venv/lib/python3.12/site-packages/requests/adapters.py", line 644, in send
    resp = conn.urlopen(
           ^^^^^^^^^^^^^
  File "/root/.cache/user_artifacts/trainers_main/server/.venv/lib/python3.12/site-packages/urllib3/connectionpool.py", line 841, in urlopen
    retries = retries.increment(
              ^^^^^^^^^^^^^^^^^^
  File "/root/.cache/user_artifacts/trainers_main/server/.venv/lib/python3.12/site-packages/urllib3/util/retry.py", line 535, in increment
    raise MaxRetryError(_pool, url, reason) from reason  # type: ignore[arg-type]
    ^^^^^^^^^^^^^^^^^^^^^^^^^^^^^^^^^^^^^^^^^^^^^^^^^^^
urllib3.exceptions.MaxRetryError: HTTPConnectionPool(host='localhost', port=4318): Max retries exceeded with url: /v1/traces (Caused by NewConnectionError("HTTPConnection(host='localhost', port=4318): Failed to establish a new connection: [Errno 111] Connection refused"))

During handling of the above exception, another exception occurred:

Traceback (most recent call last):
  File "/root/.cache/user_artifacts/trainers_main/server/.venv/lib/python3.12/site-packages/opentelemetry/sdk/trace/export/__init__.py", line 362, in _export_batch
    self.span_exporter.export(self.spans_list[:idx])  # type: ignore
    ^^^^^^^^^^^^^^^^^^^^^^^^^^^^^^^^^^^^^^^^^^^^^^^^
  File "/root/.cache/user_artifacts/trainers_main/server/.venv/lib/python3.12/site-packages/opentelemetry/exporter/otlp/proto/http/trace_exporter/__init__.py", line 139, in export
    resp = self._export(serialized_data)
           ^^^^^^^^^^^^^^^^^^^^^^^^^^^^^
  File "/root/.cache/user_artifacts/trainers_main/server/.venv/lib/python3.12/site-packages/opentelemetry/exporter/otlp/proto/http/trace_exporter/__init__.py", line 110, in _export
    return self._session.post(
           ^^^^^^^^^^^^^^^^^^^
  File "/root/.cache/user_artifacts/trainers_main/server/.venv/lib/python3.12/site-packages/requests/sessions.py", line 637, in post
    return self.request("POST", url, data=data, json=json, **kwargs)
           ^^^^^^^^^^^^^^^^^^^^^^^^^^^^^^^^^^^^^^^^^^^^^^^^^^^^^^^^^
  File "/root/.cache/user_artifacts/trainers_main/server/.venv/lib/python3.12/site-packages/requests/sessions.py", line 589, in request
    resp = self.send(prep, **send_kwargs)
           ^^^^^^^^^^^^^^^^^^^^^^^^^^^^^^
  File "/root/.cache/user_artifacts/trainers_main/server/.venv/lib/python3.12/site-packages/requests/sessions.py", line 703, in send
    r = adapter.send(request, **kwargs)
        ^^^^^^^^^^^^^^^^^^^^^^^^^^^^^^^
  File "/root/.cache/user_artifacts/trainers_main/server/.venv/lib/python3.12/site-packages/requests/adapters.py", line 677, in send
    raise ConnectionError(e, request=request)
requests.exceptions.ConnectionError: HTTPConnectionPool(host='localhost', port=4318): Max retries exceeded with url: /v1/traces (Caused by NewConnectionError("HTTPConnection(host='localhost', port=4318): Failed to establish a new connection: [Errno 111] Connection refused"))
WARNING:megatron.core.transformer.moe.token_dispatcher:BT_MOE_PROBS_A2A_COMM window 13 (300 gated dispatches): {'token_issues': 3900, 'probs_issues': 3900, 'waits': 7800}
WARNING:megatron.core.transformer.moe.token_dispatcher:BT_MOE_PROBS_A2A_COMM window 13 (300 gated dispatches): {'token_issues': 3900, 'probs_issues': 3900, 'waits': 7800}
WARNING:megatron.core.transformer.moe.token_dispatcher:BT_MOE_PROBS_A2A_COMM window 13 (300 gated dispatches): {'token_issues': 3900, 'probs_issues': 3900, 'waits': 7800}
WARNING:megatron.core.transformer.moe.token_dispatcher:BT_MOE_PROBS_A2A_COMM window 13 (300 gated dispatches): {'token_issues': 3900, 'probs_issues': 3900, 'waits': 7800}
WARNING:megatron.core.transformer.moe.token_dispatcher:BT_MOE_PROBS_A2A_COMM window 13 (300 gated dispatches): {'token_issues': 3900, 'probs_issues': 3900, 'waits': 7800}
WARNING:megatron.core.transformer.moe.token_dispatcher:BT_MOE_PROBS_A2A_COMM window 13 (300 gated dispatches): {'token_issues': 3900, 'probs_issues': 3900, 'waits': 7800}
WARNING:megatron.core.transformer.moe.token_dispatcher:BT_MOE_PROBS_A2A_COMM window 13 (300 gated dispatches): {'token_issues': 3900, 'probs_issues': 3900, 'waits': 7800}
WARNING:megatron.core.transformer.moe.token_dispatcher:BT_MOE_PROBS_A2A_COMM window 13 (300 gated dispatches): {'token_issues': 3900, 'probs_issues': 3900, 'waits': 7800}
WARNING:megatron.core.transformer.moe.token_dispatcher:BT_MOE_PROBS_A2A_COMM window 13 (300 gated dispatches): {'token_issues': 3900, 'probs_issues': 3900, 'waits': 7800}
WARNING:megatron.core.transformer.moe.token_dispatcher:BT_MOE_PROBS_A2A_COMM window 13 (300 gated dispatches): {'token_issues': 3900, 'probs_issues': 3900, 'waits': 7800}
WARNING:megatron.core.transformer.moe.token_dispatcher:BT_MOE_PROBS_A2A_COMM window 13 (300 gated dispatches): {'token_issues': 3900, 'probs_issues': 3900, 'waits': 7800}
WARNING:megatron.core.transformer.moe.token_dispatcher:BT_MOE_PROBS_A2A_COMM window 13 (300 gated dispatches): {'token_issues': 3900, 'probs_issues': 3900, 'waits': 7800}
WARNING:megatron.core.transformer.moe.token_dispatcher:BT_MOE_PROBS_A2A_COMM window 13 (300 gated dispatches): {'token_issues': 3900, 'probs_issues': 3900, 'waits': 7800}
WARNING:megatron.core.transformer.moe.token_dispatcher:BT_MOE_PROBS_A2A_COMM window 13 (300 gated dispatches): {'token_issues': 3900, 'probs_issues': 3900, 'waits': 7800}
WARNING:megatron.core.transformer.moe.token_dispatcher:BT_MOE_PROBS_A2A_COMM window 13 (300 gated dispatches): {'token_issues': 3900, 'probs_issues': 3900, 'waits': 7800}
WARNING:megatron.core.transformer.moe.token_dispatcher:BT_MOE_PROBS_A2A_COMM window 13 (300 gated dispatches): {'token_issues': 3900, 'probs_issues': 3900, 'waits': 7800}
WARNING:megatron.core.transformer.moe.token_dispatcher:BT_MOE_PROBS_A2A_COMM window 14 (300 gated dispatches): {'token_issues': 4200, 'probs_issues': 4200, 'waits': 8400}
WARNING:megatron.core.transformer.moe.token_dispatcher:BT_MOE_PROBS_A2A_COMM window 14 (300 gated dispatches): {'token_issues': 4200, 'probs_issues': 4200, 'waits': 8400}
WARNING:megatron.core.transformer.moe.token_dispatcher:BT_MOE_PROBS_A2A_COMM window 14 (300 gated dispatches): {'token_issues': 4200, 'probs_issues': 4200, 'waits': 8400}
WARNING:megatron.core.transformer.moe.token_dispatcher:BT_MOE_PROBS_A2A_COMM window 14 (300 gated dispatches): {'token_issues': 4200, 'probs_issues': 4200, 'waits': 8400}
WARNING:megatron.core.transformer.moe.token_dispatcher:BT_MOE_PROBS_A2A_COMM window 14 (300 gated dispatches): {'token_issues': 4200, 'probs_issues': 4200, 'waits': 8400}
WARNING:megatron.core.transformer.moe.token_dispatcher:BT_MOE_PROBS_A2A_COMM window 14 (300 gated dispatches): {'token_issues': 4200, 'probs_issues': 4200, 'waits': 8400}
WARNING:megatron.core.transformer.moe.token_dispatcher:BT_MOE_PROBS_A2A_COMM window 14 (300 gated dispatches): {'token_issues': 4200, 'probs_issues': 4200, 'waits': 8400}
WARNING:megatron.core.transformer.moe.token_dispatcher:BT_MOE_PROBS_A2A_COMM window 14 (300 gated dispatches): {'token_issues': 4200, 'probs_issues': 4200, 'waits': 8400}
WARNING:megatron.core.transformer.moe.token_dispatcher:BT_MOE_PROBS_A2A_COMM window 14 (300 gated dispatches): {'token_issues': 4200, 'probs_issues': 4200, 'waits': 8400}
WARNING:megatron.core.transformer.moe.token_dispatcher:BT_MOE_PROBS_A2A_COMM window 14 (300 gated dispatches): {'token_issues': 4200, 'probs_issues': 4200, 'waits': 8400}
WARNING:megatron.core.transformer.moe.token_dispatcher:BT_MOE_PROBS_A2A_COMM window 14 (300 gated dispatches): {'token_issues': 4200, 'probs_issues': 4200, 'waits': 8400}
WARNING:megatron.core.transformer.moe.token_dispatcher:BT_MOE_PROBS_A2A_COMM window 14 (300 gated dispatches): {'token_issues': 4200, 'probs_issues': 4200, 'waits': 8400}
WARNING:megatron.core.transformer.moe.token_dispatcher:BT_MOE_PROBS_A2A_COMM window 14 (300 gated dispatches): {'token_issues': 4200, 'probs_issues': 4200, 'waits': 8400}
WARNING:megatron.core.transformer.moe.token_dispatcher:BT_MOE_PROBS_A2A_COMM window 14 (300 gated dispatches): {'token_issues': 4200, 'probs_issues': 4200, 'waits': 8400}
WARNING:megatron.core.transformer.moe.token_dispatcher:BT_MOE_PROBS_A2A_COMM window 14 (300 gated dispatches): {'token_issues': 4200, 'probs_issues': 4200, 'waits': 8400}
WARNING:megatron.core.transformer.moe.token_dispatcher:BT_MOE_PROBS_A2A_COMM window 14 (300 gated dispatches): {'token_issues': 4200, 'probs_issues': 4200, 'waits': 8400}
WARNING:megatron.core.transformer.experimental_attention_variant.dsa_cudnn_kernels:BT_DSA_BWD_ASYNC_NONEMPTY_V3 window 7 (312 probe reads): {'kicks': 2184, 'hits': 2184, 'misses': 0, 'probe_dropped': 0, 'fallbacks': 0, 'verifies': 2183}
WARNING:megatron.core.transformer.experimental_attention_variant.dsa_cudnn_kernels:BT_DSA_BWD_ASYNC_NONEMPTY_V3 window 7 (312 probe reads): {'kicks': 2184, 'hits': 2184, 'misses': 0, 'probe_dropped': 0, 'fallbacks': 0, 'verifies': 2183}
WARNING:megatron.core.transformer.experimental_attention_variant.dsa_cudnn_kernels:BT_DSA_BWD_ASYNC_NONEMPTY_V3 window 7 (312 probe reads): {'kicks': 2184, 'hits': 2184, 'misses': 0, 'probe_dropped': 0, 'fallbacks': 0, 'verifies': 2183}
WARNING:megatron.core.transformer.experimental_attention_variant.dsa_cudnn_kernels:BT_DSA_BWD_ASYNC_NONEMPTY_V3 window 7 (312 probe reads): {'kicks': 2184, 'hits': 2184, 'misses': 0, 'probe_dropped': 0, 'fallbacks': 0, 'verifies': 2183}
WARNING:megatron.core.transformer.experimental_attention_variant.dsa_cudnn_kernels:BT_DSA_BWD_ASYNC_NONEMPTY_V3 window 7 (312 probe reads): {'kicks': 2184, 'hits': 2184, 'misses': 0, 'probe_dropped': 0, 'fallbacks': 0, 'verifies': 2183}
WARNING:megatron.core.transformer.experimental_attention_variant.dsa_cudnn_kernels:BT_DSA_BWD_ASYNC_NONEMPTY_V3 window 7 (312 probe reads): {'kicks': 2184, 'hits': 2184, 'misses': 0, 'probe_dropped': 0, 'fallbacks': 0, 'verifies': 2183}
WARNING:megatron.core.transformer.experimental_attention_variant.dsa_cudnn_kernels:BT_DSA_BWD_ASYNC_NONEMPTY_V3 window 7 (312 probe reads): {'kicks': 2184, 'hits': 2184, 'misses': 0, 'probe_dropped': 0, 'fallbacks': 0, 'verifies': 2183}
WARNING:megatron.core.transformer.experimental_attention_variant.dsa_cudnn_kernels:BT_DSA_BWD_ASYNC_NONEMPTY_V3 window 7 (312 probe reads): {'kicks': 2184, 'hits': 2184, 'misses': 0, 'probe_dropped': 0, 'fallbacks': 0, 'verifies': 2183}
WARNING:megatron.core.transformer.experimental_attention_variant.dsa_cudnn_kernels:BT_DSA_BWD_ASYNC_NONEMPTY_V3 window 7 (312 probe reads): {'kicks': 2184, 'hits': 2184, 'misses': 0, 'probe_dropped': 0, 'fallbacks': 0, 'verifies': 2183}
WARNING:megatron.core.transformer.experimental_attention_variant.dsa_cudnn_kernels:BT_DSA_BWD_ASYNC_NONEMPTY_V3 window 7 (312 probe reads): {'kicks': 2184, 'hits': 2184, 'misses': 0, 'probe_dropped': 0, 'fallbacks': 0, 'verifies': 2183}
WARNING:megatron.core.transformer.experimental_attention_variant.dsa_cudnn_kernels:BT_DSA_BWD_ASYNC_NONEMPTY_V3 window 7 (312 probe reads): {'kicks': 2184, 'hits': 2184, 'misses': 0, 'probe_dropped': 0, 'fallbacks': 0, 'verifies': 2183}
WARNING:megatron.core.transformer.experimental_attention_variant.dsa_cudnn_kernels:BT_DSA_BWD_ASYNC_NONEMPTY_V3 window 7 (312 probe reads): {'kicks': 2184, 'hits': 2184, 'misses': 0, 'probe_dropped': 0, 'fallbacks': 0, 'verifies': 2183}
WARNING:megatron.core.transformer.experimental_attention_variant.dsa_cudnn_kernels:BT_DSA_BWD_ASYNC_NONEMPTY_V3 window 7 (312 probe reads): {'kicks': 2184, 'hits': 2184, 'misses': 0, 'probe_dropped': 0, 'fallbacks': 0, 'verifies': 2183}
WARNING:megatron.core.transformer.experimental_attention_variant.dsa_cudnn_kernels:BT_DSA_BWD_ASYNC_NONEMPTY_V3 window 7 (312 probe reads): {'kicks': 2184, 'hits': 2184, 'misses': 0, 'probe_dropped': 0, 'fallbacks': 0, 'verifies': 2183}
WARNING:megatron.core.transformer.experimental_attention_variant.dsa_cudnn_kernels:BT_DSA_BWD_ASYNC_NONEMPTY_V3 window 7 (312 probe reads): {'kicks': 2184, 'hits': 2184, 'misses': 0, 'probe_dropped': 0, 'fallbacks': 0, 'verifies': 2183}
WARNING:megatron.core.transformer.experimental_attention_variant.dsa_cudnn_kernels:BT_DSA_BWD_ASYNC_NONEMPTY_V3 window 7 (312 probe reads): {'kicks': 2184, 'hits': 2184, 'misses': 0, 'probe_dropped': 0, 'fallbacks': 0, 'verifies': 2183}
INFO:trainers_server.dp_worker.api.dispatcher_worker:dispatcher_worker: op=forward_backward operation_id=0b9ec3b9d9444d8c9d67ddd404eafaf2 done in 45.32s {'loss': 12.244457202584858}
INFO:trainers_server.dp_worker.api.server:retrieve: operation_id=0b9ec3b9d9444d8c9d67ddd404eafaf2 done after 15.34s
INFO:     127.0.0.1:56060 - "GET /operations/0b9ec3b9d9444d8c9d67ddd404eafaf2 HTTP/1.1" 200 OK
INFO:trainers_server.dp_worker.api.server:submit: op=optim_step operation_id=20b560ee60df40d59f53a036983f2279 enqueued (qsize=1) 
INFO:     127.0.0.1:56060 - "POST /optim_step HTTP/1.1" 202 Accepted
INFO:trainers_server.dp_worker.api.dispatcher_worker:dispatcher_worker: op=optim_step operation_id=20b560ee60df40d59f53a036983f2279 done in 0.04s step=7.0 learning_rate=1e-05 lr=1e-05 grad_norm=0.5589322447776794 tps=11562.907896321127 train_mean_nll=12.244457202584858 num_tokens=524288.0 num_loss_tokens=524284.0 step_seconds=45.342227465705946
INFO:trainers_server.dp_worker.api.server:retrieve: operation_id=20b560ee60df40d59f53a036983f2279 done after 0.04s
INFO:     127.0.0.1:56060 - "GET /operations/20b560ee60df40d59f53a036983f2279 HTTP/1.1" 200 OK
INFO:trainers_server.dp_worker.api.server:submit: op=forward_backward operation_id=a5eee26de97c4132a030c9c555c540ac enqueued (qsize=1) n_datums=4 total_tokens=524288 seq_len[min/max]=131072/131072
INFO:     127.0.0.1:56060 - "POST /forward_backward HTTP/1.1" 202 Accepted
ERROR:opentelemetry.sdk.trace.export:Exception while exporting Span batch.
Traceback (most recent call last):
  File "/root/.cache/user_artifacts/trainers_main/server/.venv/lib/python3.12/site-packages/urllib3/connection.py", line 204, in _new_conn
    sock = connection.create_connection(
           ^^^^^^^^^^^^^^^^^^^^^^^^^^^^^
  File "/root/.cache/user_artifacts/trainers_main/server/.venv/lib/python3.12/site-packages/urllib3/util/connection.py", line 85, in create_connection
    raise err
  File "/root/.cache/user_artifacts/trainers_main/server/.venv/lib/python3.12/site-packages/urllib3/util/connection.py", line 73, in create_connection
    sock.connect(sa)
ConnectionRefusedError: [Errno 111] Connection refused

The above exception was the direct cause of the following exception:

Traceback (most recent call last):
  File "/root/.cache/user_artifacts/trainers_main/server/.venv/lib/python3.12/site-packages/urllib3/connectionpool.py", line 787, in urlopen
    response = self._make_request(
               ^^^^^^^^^^^^^^^^^^^
  File "/root/.cache/user_artifacts/trainers_main/server/.venv/lib/python3.12/site-packages/urllib3/connectionpool.py", line 493, in _make_request
    conn.request(
  File "/root/.cache/user_artifacts/trainers_main/server/.venv/lib/python3.12/site-packages/urllib3/connection.py", line 500, in request
    self.endheaders()
  File "/usr/lib/python3.12/http/client.py", line 1360, in endheaders
    self._send_output(message_body, encode_chunked=encode_chunked)
  File "/usr/lib/python3.12/http/client.py", line 1120, in _send_output
    self.send(msg)
  File "/usr/lib/python3.12/http/client.py", line 1064, in send
    self.connect()
  File "/root/.cache/user_artifacts/trainers_main/server/.venv/lib/python3.12/site-packages/urllib3/connection.py", line 331, in connect
    self.sock = self._new_conn()
                ^^^^^^^^^^^^^^^^
  File "/root/.cache/user_artifacts/trainers_main/server/.venv/lib/python3.12/site-packages/urllib3/connection.py", line 219, in _new_conn
    raise NewConnectionError(
urllib3.exceptions.NewConnectionError: HTTPConnection(host='localhost', port=4318): Failed to establish a new connection: [Errno 111] Connection refused

The above exception was the direct cause of the following exception:

Traceback (most recent call last):
  File "/root/.cache/user_artifacts/trainers_main/server/.venv/lib/python3.12/site-packages/requests/adapters.py", line 644, in send
    resp = conn.urlopen(
           ^^^^^^^^^^^^^
  File "/root/.cache/user_artifacts/trainers_main/server/.venv/lib/python3.12/site-packages/urllib3/connectionpool.py", line 841, in urlopen
    retries = retries.increment(
              ^^^^^^^^^^^^^^^^^^
  File "/root/.cache/user_artifacts/trainers_main/server/.venv/lib/python3.12/site-packages/urllib3/util/retry.py", line 535, in increment
    raise MaxRetryError(_pool, url, reason) from reason  # type: ignore[arg-type]
    ^^^^^^^^^^^^^^^^^^^^^^^^^^^^^^^^^^^^^^^^^^^^^^^^^^^
urllib3.exceptions.MaxRetryError: HTTPConnectionPool(host='localhost', port=4318): Max retries exceeded with url: /v1/traces (Caused by NewConnectionError("HTTPConnection(host='localhost', port=4318): Failed to establish a new connection: [Errno 111] Connection refused"))

During handling of the above exception, another exception occurred:

Traceback (most recent call last):
  File "/root/.cache/user_artifacts/trainers_main/server/.venv/lib/python3.12/site-packages/opentelemetry/sdk/trace/export/__init__.py", line 362, in _export_batch
    self.span_exporter.export(self.spans_list[:idx])  # type: ignore
    ^^^^^^^^^^^^^^^^^^^^^^^^^^^^^^^^^^^^^^^^^^^^^^^^
  File "/root/.cache/user_artifacts/trainers_main/server/.venv/lib/python3.12/site-packages/opentelemetry/exporter/otlp/proto/http/trace_exporter/__init__.py", line 139, in export
    resp = self._export(serialized_data)
           ^^^^^^^^^^^^^^^^^^^^^^^^^^^^^
  File "/root/.cache/user_artifacts/trainers_main/server/.venv/lib/python3.12/site-packages/opentelemetry/exporter/otlp/proto/http/trace_exporter/__init__.py", line 110, in _export
    return self._session.post(
           ^^^^^^^^^^^^^^^^^^^
  File "/root/.cache/user_artifacts/trainers_main/server/.venv/lib/python3.12/site-packages/requests/sessions.py", line 637, in post
    return self.request("POST", url, data=data, json=json, **kwargs)
           ^^^^^^^^^^^^^^^^^^^^^^^^^^^^^^^^^^^^^^^^^^^^^^^^^^^^^^^^^
  File "/root/.cache/user_artifacts/trainers_main/server/.venv/lib/python3.12/site-packages/requests/sessions.py", line 589, in request
    resp = self.send(prep, **send_kwargs)
           ^^^^^^^^^^^^^^^^^^^^^^^^^^^^^^
  File "/root/.cache/user_artifacts/trainers_main/server/.venv/lib/python3.12/site-packages/requests/sessions.py", line 703, in send
    r = adapter.send(request, **kwargs)
        ^^^^^^^^^^^^^^^^^^^^^^^^^^^^^^^
  File "/root/.cache/user_artifacts/trainers_main/server/.venv/lib/python3.12/site-packages/requests/adapters.py", line 677, in send
    raise ConnectionError(e, request=request)
requests.exceptions.ConnectionError: HTTPConnectionPool(host='localhost', port=4318): Max retries exceeded with url: /v1/traces (Caused by NewConnectionError("HTTPConnection(host='localhost', port=4318): Failed to establish a new connection: [Errno 111] Connection refused"))
WARNING:megatron.core.transformer.moe.token_dispatcher:BT_MOE_PROBS_A2A_COMM window 15 (300 gated dispatches): {'token_issues': 4500, 'probs_issues': 4500, 'waits': 9000}
WARNING:megatron.core.transformer.moe.token_dispatcher:BT_MOE_PROBS_A2A_COMM window 15 (300 gated dispatches): {'token_issues': 4500, 'probs_issues': 4500, 'waits': 9000}
WARNING:megatron.core.transformer.moe.token_dispatcher:BT_MOE_PROBS_A2A_COMM window 15 (300 gated dispatches): {'token_issues': 4500, 'probs_issues': 4500, 'waits': 9000}
WARNING:megatron.core.transformer.moe.token_dispatcher:BT_MOE_PROBS_A2A_COMM window 15 (300 gated dispatches): {'token_issues': 4500, 'probs_issues': 4500, 'waits': 9000}
WARNING:megatron.core.transformer.moe.token_dispatcher:BT_MOE_PROBS_A2A_COMM window 15 (300 gated dispatches): {'token_issues': 4500, 'probs_issues': 4500, 'waits': 9000}
WARNING:megatron.core.transformer.moe.token_dispatcher:BT_MOE_PROBS_A2A_COMM window 15 (300 gated dispatches): {'token_issues': 4500, 'probs_issues': 4500, 'waits': 9000}
WARNING:megatron.core.transformer.moe.token_dispatcher:BT_MOE_PROBS_A2A_COMM window 15 (300 gated dispatches): {'token_issues': 4500, 'probs_issues': 4500, 'waits': 9000}
WARNING:megatron.core.transformer.moe.token_dispatcher:BT_MOE_PROBS_A2A_COMM window 15 (300 gated dispatches): {'token_issues': 4500, 'probs_issues': 4500, 'waits': 9000}
WARNING:megatron.core.transformer.moe.token_dispatcher:BT_MOE_PROBS_A2A_COMM window 15 (300 gated dispatches): {'token_issues': 4500, 'probs_issues': 4500, 'waits': 9000}
WARNING:megatron.core.transformer.moe.token_dispatcher:BT_MOE_PROBS_A2A_COMM window 15 (300 gated dispatches): {'token_issues': 4500, 'probs_issues': 4500, 'waits': 9000}
WARNING:megatron.core.transformer.moe.token_dispatcher:BT_MOE_PROBS_A2A_COMM window 15 (300 gated dispatches): {'token_issues': 4500, 'probs_issues': 4500, 'waits': 9000}
WARNING:megatron.core.transformer.moe.token_dispatcher:BT_MOE_PROBS_A2A_COMM window 15 (300 gated dispatches): {'token_issues': 4500, 'probs_issues': 4500, 'waits': 9000}
WARNING:megatron.core.transformer.moe.token_dispatcher:BT_MOE_PROBS_A2A_COMM window 15 (300 gated dispatches): {'token_issues': 4500, 'probs_issues': 4500, 'waits': 9000}
WARNING:megatron.core.transformer.moe.token_dispatcher:BT_MOE_PROBS_A2A_COMM window 15 (300 gated dispatches): {'token_issues': 4500, 'probs_issues': 4500, 'waits': 9000}
WARNING:megatron.core.transformer.moe.token_dispatcher:BT_MOE_PROBS_A2A_COMM window 15 (300 gated dispatches): {'token_issues': 4500, 'probs_issues': 4500, 'waits': 9000}
WARNING:megatron.core.transformer.moe.token_dispatcher:BT_MOE_PROBS_A2A_COMM window 15 (300 gated dispatches): {'token_issues': 4500, 'probs_issues': 4500, 'waits': 9000}
WARNING:megatron.core.transformer.moe.token_dispatcher:BT_MOE_PROBS_A2A_COMM window 16 (300 gated dispatches): {'token_issues': 4800, 'probs_issues': 4800, 'waits': 9600}
WARNING:megatron.core.transformer.moe.token_dispatcher:BT_MOE_PROBS_A2A_COMM window 16 (300 gated dispatches): {'token_issues': 4800, 'probs_issues': 4800, 'waits': 9600}
WARNING:megatron.core.transformer.moe.token_dispatcher:BT_MOE_PROBS_A2A_COMM window 16 (300 gated dispatches): {'token_issues': 4800, 'probs_issues': 4800, 'waits': 9600}
WARNING:megatron.core.transformer.moe.token_dispatcher:BT_MOE_PROBS_A2A_COMM window 16 (300 gated dispatches): {'token_issues': 4800, 'probs_issues': 4800, 'waits': 9600}
WARNING:megatron.core.transformer.moe.token_dispatcher:BT_MOE_PROBS_A2A_COMM window 16 (300 gated dispatches): {'token_issues': 4800, 'probs_issues': 4800, 'waits': 9600}
WARNING:megatron.core.transformer.moe.token_dispatcher:BT_MOE_PROBS_A2A_COMM window 16 (300 gated dispatches): {'token_issues': 4800, 'probs_issues': 4800, 'waits': 9600}
WARNING:megatron.core.transformer.moe.token_dispatcher:BT_MOE_PROBS_A2A_COMM window 16 (300 gated dispatches): {'token_issues': 4800, 'probs_issues': 4800, 'waits': 9600}
WARNING:megatron.core.transformer.moe.token_dispatcher:BT_MOE_PROBS_A2A_COMM window 16 (300 gated dispatches): {'token_issues': 4800, 'probs_issues': 4800, 'waits': 9600}
WARNING:megatron.core.transformer.moe.token_dispatcher:BT_MOE_PROBS_A2A_COMM window 16 (300 gated dispatches): {'token_issues': 4800, 'probs_issues': 4800, 'waits': 9600}
WARNING:megatron.core.transformer.moe.token_dispatcher:BT_MOE_PROBS_A2A_COMM window 16 (300 gated dispatches): {'token_issues': 4800, 'probs_issues': 4800, 'waits': 9600}
WARNING:megatron.core.transformer.moe.token_dispatcher:BT_MOE_PROBS_A2A_COMM window 16 (300 gated dispatches): {'token_issues': 4800, 'probs_issues': 4800, 'waits': 9600}
WARNING:megatron.core.transformer.moe.token_dispatcher:BT_MOE_PROBS_A2A_COMM window 16 (300 gated dispatches): {'token_issues': 4800, 'probs_issues': 4800, 'waits': 9600}
WARNING:megatron.core.transformer.moe.token_dispatcher:BT_MOE_PROBS_A2A_COMM window 16 (300 gated dispatches): {'token_issues': 4800, 'probs_issues': 4800, 'waits': 9600}
WARNING:megatron.core.transformer.moe.token_dispatcher:BT_MOE_PROBS_A2A_COMM window 16 (300 gated dispatches): {'token_issues': 4800, 'probs_issues': 4800, 'waits': 9600}
WARNING:megatron.core.transformer.moe.token_dispatcher:BT_MOE_PROBS_A2A_COMM window 16 (300 gated dispatches): {'token_issues': 4800, 'probs_issues': 4800, 'waits': 9600}
WARNING:megatron.core.transformer.moe.token_dispatcher:BT_MOE_PROBS_A2A_COMM window 16 (300 gated dispatches): {'token_issues': 4800, 'probs_issues': 4800, 'waits': 9600}
WARNING:megatron.core.transformer.experimental_attention_variant.dsa_cudnn_kernels:BT_DSA_BWD_ASYNC_NONEMPTY_V3 window 8 (312 probe reads): {'kicks': 2496, 'hits': 2496, 'misses': 0, 'probe_dropped': 0, 'fallbacks': 0, 'verifies': 2495}
WARNING:megatron.core.transformer.experimental_attention_variant.dsa_cudnn_kernels:BT_DSA_BWD_ASYNC_NONEMPTY_V3 window 8 (312 probe reads): {'kicks': 2496, 'hits': 2496, 'misses': 0, 'probe_dropped': 0, 'fallbacks': 0, 'verifies': 2495}
WARNING:megatron.core.transformer.experimental_attention_variant.dsa_cudnn_kernels:BT_DSA_BWD_ASYNC_NONEMPTY_V3 window 8 (312 probe reads): {'kicks': 2496, 'hits': 2496, 'misses': 0, 'probe_dropped': 0, 'fallbacks': 0, 'verifies': 2495}
WARNING:megatron.core.transformer.experimental_attention_variant.dsa_cudnn_kernels:BT_DSA_BWD_ASYNC_NONEMPTY_V3 window 8 (312 probe reads): {'kicks': 2496, 'hits': 2496, 'misses': 0, 'probe_dropped': 0, 'fallbacks': 0, 'verifies': 2495}
WARNING:megatron.core.transformer.experimental_attention_variant.dsa_cudnn_kernels:BT_DSA_BWD_ASYNC_NONEMPTY_V3 window 8 (312 probe reads): {'kicks': 2496, 'hits': 2496, 'misses': 0, 'probe_dropped': 0, 'fallbacks': 0, 'verifies': 2495}
WARNING:megatron.core.transformer.experimental_attention_variant.dsa_cudnn_kernels:BT_DSA_BWD_ASYNC_NONEMPTY_V3 window 8 (312 probe reads): {'kicks': 2496, 'hits': 2496, 'misses': 0, 'probe_dropped': 0, 'fallbacks': 0, 'verifies': 2495}
WARNING:megatron.core.transformer.experimental_attention_variant.dsa_cudnn_kernels:BT_DSA_BWD_ASYNC_NONEMPTY_V3 window 8 (312 probe reads): {'kicks': 2496, 'hits': 2496, 'misses': 0, 'probe_dropped': 0, 'fallbacks': 0, 'verifies': 2495}
WARNING:megatron.core.transformer.experimental_attention_variant.dsa_cudnn_kernels:BT_DSA_BWD_ASYNC_NONEMPTY_V3 window 8 (312 probe reads): {'kicks': 2496, 'hits': 2496, 'misses': 0, 'probe_dropped': 0, 'fallbacks': 0, 'verifies': 2495}
WARNING:megatron.core.transformer.experimental_attention_variant.dsa_cudnn_kernels:BT_DSA_BWD_ASYNC_NONEMPTY_V3 window 8 (312 probe reads): {'kicks': 2496, 'hits': 2496, 'misses': 0, 'probe_dropped': 0, 'fallbacks': 0, 'verifies': 2495}
WARNING:megatron.core.transformer.experimental_attention_variant.dsa_cudnn_kernels:BT_DSA_BWD_ASYNC_NONEMPTY_V3 window 8 (312 probe reads): {'kicks': 2496, 'hits': 2496, 'misses': 0, 'probe_dropped': 0, 'fallbacks': 0, 'verifies': 2495}
WARNING:megatron.core.transformer.experimental_attention_variant.dsa_cudnn_kernels:BT_DSA_BWD_ASYNC_NONEMPTY_V3 window 8 (312 probe reads): {'kicks': 2496, 'hits': 2496, 'misses': 0, 'probe_dropped': 0, 'fallbacks': 0, 'verifies': 2495}
WARNING:megatron.core.transformer.experimental_attention_variant.dsa_cudnn_kernels:BT_DSA_BWD_ASYNC_NONEMPTY_V3 window 8 (312 probe reads): {'kicks': 2496, 'hits': 2496, 'misses': 0, 'probe_dropped': 0, 'fallbacks': 0, 'verifies': 2495}
WARNING:megatron.core.transformer.experimental_attention_variant.dsa_cudnn_kernels:BT_DSA_BWD_ASYNC_NONEMPTY_V3 window 8 (312 probe reads): {'kicks': 2496, 'hits': 2496, 'misses': 0, 'probe_dropped': 0, 'fallbacks': 0, 'verifies': 2495}
WARNING:megatron.core.transformer.experimental_attention_variant.dsa_cudnn_kernels:BT_DSA_BWD_ASYNC_NONEMPTY_V3 window 8 (312 probe reads): {'kicks': 2496, 'hits': 2496, 'misses': 0, 'probe_dropped': 0, 'fallbacks': 0, 'verifies': 2495}
WARNING:megatron.core.transformer.experimental_attention_variant.dsa_cudnn_kernels:BT_DSA_BWD_ASYNC_NONEMPTY_V3 window 8 (312 probe reads): {'kicks': 2496, 'hits': 2496, 'misses': 0, 'probe_dropped': 0, 'fallbacks': 0, 'verifies': 2495}
WARNING:megatron.core.transformer.experimental_attention_variant.dsa_cudnn_kernels:BT_DSA_BWD_ASYNC_NONEMPTY_V3 window 8 (312 probe reads): {'kicks': 2496, 'hits': 2496, 'misses': 0, 'probe_dropped': 0, 'fallbacks': 0, 'verifies': 2495}
INFO:trainers_server.dp_worker.api.dispatcher_worker:dispatcher_worker: op=forward_backward operation_id=a5eee26de97c4132a030c9c555c540ac done in 45.44s {'loss': 12.234104988899146}
INFO:trainers_server.dp_worker.api.server:retrieve: operation_id=a5eee26de97c4132a030c9c555c540ac done after 15.46s
INFO:     127.0.0.1:56060 - "GET /operations/a5eee26de97c4132a030c9c555c540ac HTTP/1.1" 200 OK
INFO:trainers_server.dp_worker.api.server:submit: op=optim_step operation_id=6869b4a260da48069a20783a56d7c2a1 enqueued (qsize=1) 
INFO:     127.0.0.1:56060 - "POST /optim_step HTTP/1.1" 202 Accepted
INFO:trainers_server.dp_worker.api.dispatcher_worker:dispatcher_worker: op=optim_step operation_id=6869b4a260da48069a20783a56d7c2a1 done in 0.04s step=8.0 learning_rate=1e-05 lr=1e-05 grad_norm=0.5115349888801575 tps=11531.79406003611 train_mean_nll=12.234104988899146 num_tokens=524288.0 num_loss_tokens=524284.0 step_seconds=45.46456494717859
INFO:trainers_server.dp_worker.api.server:retrieve: operation_id=6869b4a260da48069a20783a56d7c2a1 done after 0.04s
INFO:     127.0.0.1:56060 - "GET /operations/6869b4a260da48069a20783a56d7c2a1 HTTP/1.1" 200 OK
INFO:trainers_server.dp_worker.api.server:submit: op=forward_backward operation_id=52f0af37ab61453583d2a812073a9e2d enqueued (qsize=1) n_datums=4 total_tokens=524288 seq_len[min/max]=131072/131072
INFO:     127.0.0.1:56060 - "POST /forward_backward HTTP/1.1" 202 Accepted
ERROR:opentelemetry.sdk.trace.export:Exception while exporting Span batch.
Traceback (most recent call last):
  File "/root/.cache/user_artifacts/trainers_main/server/.venv/lib/python3.12/site-packages/urllib3/connection.py", line 204, in _new_conn
    sock = connection.create_connection(
           ^^^^^^^^^^^^^^^^^^^^^^^^^^^^^
  File "/root/.cache/user_artifacts/trainers_main/server/.venv/lib/python3.12/site-packages/urllib3/util/connection.py", line 85, in create_connection
    raise err
  File "/root/.cache/user_artifacts/trainers_main/server/.venv/lib/python3.12/site-packages/urllib3/util/connection.py", line 73, in create_connection
    sock.connect(sa)
ConnectionRefusedError: [Errno 111] Connection refused

The above exception was the direct cause of the following exception:

Traceback (most recent call last):
  File "/root/.cache/user_artifacts/trainers_main/server/.venv/lib/python3.12/site-packages/urllib3/connectionpool.py", line 787, in urlopen
    response = self._make_request(
               ^^^^^^^^^^^^^^^^^^^
  File "/root/.cache/user_artifacts/trainers_main/server/.venv/lib/python3.12/site-packages/urllib3/connectionpool.py", line 493, in _make_request
    conn.request(
  File "/root/.cache/user_artifacts/trainers_main/server/.venv/lib/python3.12/site-packages/urllib3/connection.py", line 500, in request
    self.endheaders()
  File "/usr/lib/python3.12/http/client.py", line 1360, in endheaders
    self._send_output(message_body, encode_chunked=encode_chunked)
  File "/usr/lib/python3.12/http/client.py", line 1120, in _send_output
    self.send(msg)
  File "/usr/lib/python3.12/http/client.py", line 1064, in send
    self.connect()
  File "/root/.cache/user_artifacts/trainers_main/server/.venv/lib/python3.12/site-packages/urllib3/connection.py", line 331, in connect
    self.sock = self._new_conn()
                ^^^^^^^^^^^^^^^^
  File "/root/.cache/user_artifacts/trainers_main/server/.venv/lib/python3.12/site-packages/urllib3/connection.py", line 219, in _new_conn
    raise NewConnectionError(
urllib3.exceptions.NewConnectionError: HTTPConnection(host='localhost', port=4318): Failed to establish a new connection: [Errno 111] Connection refused

The above exception was the direct cause of the following exception:

Traceback (most recent call last):
  File "/root/.cache/user_artifacts/trainers_main/server/.venv/lib/python3.12/site-packages/requests/adapters.py", line 644, in send
    resp = conn.urlopen(
           ^^^^^^^^^^^^^
  File "/root/.cache/user_artifacts/trainers_main/server/.venv/lib/python3.12/site-packages/urllib3/connectionpool.py", line 841, in urlopen
    retries = retries.increment(
              ^^^^^^^^^^^^^^^^^^
  File "/root/.cache/user_artifacts/trainers_main/server/.venv/lib/python3.12/site-packages/urllib3/util/retry.py", line 535, in increment
    raise MaxRetryError(_pool, url, reason) from reason  # type: ignore[arg-type]
    ^^^^^^^^^^^^^^^^^^^^^^^^^^^^^^^^^^^^^^^^^^^^^^^^^^^
urllib3.exceptions.MaxRetryError: HTTPConnectionPool(host='localhost', port=4318): Max retries exceeded with url: /v1/traces (Caused by NewConnectionError("HTTPConnection(host='localhost', port=4318): Failed to establish a new connection: [Errno 111] Connection refused"))

During handling of the above exception, another exception occurred:

Traceback (most recent call last):
  File "/root/.cache/user_artifacts/trainers_main/server/.venv/lib/python3.12/site-packages/opentelemetry/sdk/trace/export/__init__.py", line 362, in _export_batch
    self.span_exporter.export(self.spans_list[:idx])  # type: ignore
    ^^^^^^^^^^^^^^^^^^^^^^^^^^^^^^^^^^^^^^^^^^^^^^^^
  File "/root/.cache/user_artifacts/trainers_main/server/.venv/lib/python3.12/site-packages/opentelemetry/exporter/otlp/proto/http/trace_exporter/__init__.py", line 139, in export
    resp = self._export(serialized_data)
           ^^^^^^^^^^^^^^^^^^^^^^^^^^^^^
  File "/root/.cache/user_artifacts/trainers_main/server/.venv/lib/python3.12/site-packages/opentelemetry/exporter/otlp/proto/http/trace_exporter/__init__.py", line 110, in _export
    return self._session.post(
           ^^^^^^^^^^^^^^^^^^^
  File "/root/.cache/user_artifacts/trainers_main/server/.venv/lib/python3.12/site-packages/requests/sessions.py", line 637, in post
    return self.request("POST", url, data=data, json=json, **kwargs)
           ^^^^^^^^^^^^^^^^^^^^^^^^^^^^^^^^^^^^^^^^^^^^^^^^^^^^^^^^^
  File "/root/.cache/user_artifacts/trainers_main/server/.venv/lib/python3.12/site-packages/requests/sessions.py", line 589, in request
    resp = self.send(prep, **send_kwargs)
           ^^^^^^^^^^^^^^^^^^^^^^^^^^^^^^
  File "/root/.cache/user_artifacts/trainers_main/server/.venv/lib/python3.12/site-packages/requests/sessions.py", line 703, in send
    r = adapter.send(request, **kwargs)
        ^^^^^^^^^^^^^^^^^^^^^^^^^^^^^^^
  File "/root/.cache/user_artifacts/trainers_main/server/.venv/lib/python3.12/site-packages/requests/adapters.py", line 677, in send
    raise ConnectionError(e, request=request)
requests.exceptions.ConnectionError: HTTPConnectionPool(host='localhost', port=4318): Max retries exceeded with url: /v1/traces (Caused by NewConnectionError("HTTPConnection(host='localhost', port=4318): Failed to establish a new connection: [Errno 111] Connection refused"))
WARNING:megatron.core.transformer.moe.token_dispatcher:BT_MOE_PROBS_A2A_COMM window 17 (300 gated dispatches): {'token_issues': 5100, 'probs_issues': 5100, 'waits': 10200}
WARNING:megatron.core.transformer.moe.token_dispatcher:BT_MOE_PROBS_A2A_COMM window 17 (300 gated dispatches): {'token_issues': 5100, 'probs_issues': 5100, 'waits': 10200}
WARNING:megatron.core.transformer.moe.token_dispatcher:BT_MOE_PROBS_A2A_COMM window 17 (300 gated dispatches): {'token_issues': 5100, 'probs_issues': 5100, 'waits': 10200}
WARNING:megatron.core.transformer.moe.token_dispatcher:BT_MOE_PROBS_A2A_COMM window 17 (300 gated dispatches): {'token_issues': 5100, 'probs_issues': 5100, 'waits': 10200}
WARNING:megatron.core.transformer.moe.token_dispatcher:BT_MOE_PROBS_A2A_COMM window 17 (300 gated dispatches): {'token_issues': 5100, 'probs_issues': 5100, 'waits': 10200}
WARNING:megatron.core.transformer.moe.token_dispatcher:BT_MOE_PROBS_A2A_COMM window 17 (300 gated dispatches): {'token_issues': 5100, 'probs_issues': 5100, 'waits': 10200}
WARNING:megatron.core.transformer.moe.token_dispatcher:BT_MOE_PROBS_A2A_COMM window 17 (300 gated dispatches): {'token_issues': 5100, 'probs_issues': 5100, 'waits': 10200}
WARNING:megatron.core.transformer.moe.token_dispatcher:BT_MOE_PROBS_A2A_COMM window 17 (300 gated dispatches): {'token_issues': 5100, 'probs_issues': 5100, 'waits': 10200}
WARNING:megatron.core.transformer.moe.token_dispatcher:BT_MOE_PROBS_A2A_COMM window 17 (300 gated dispatches): {'token_issues': 5100, 'probs_issues': 5100, 'waits': 10200}
WARNING:megatron.core.transformer.moe.token_dispatcher:BT_MOE_PROBS_A2A_COMM window 17 (300 gated dispatches): {'token_issues': 5100, 'probs_issues': 5100, 'waits': 10200}
WARNING:megatron.core.transformer.moe.token_dispatcher:BT_MOE_PROBS_A2A_COMM window 17 (300 gated dispatches): {'token_issues': 5100, 'probs_issues': 5100, 'waits': 10200}
WARNING:megatron.core.transformer.moe.token_dispatcher:BT_MOE_PROBS_A2A_COMM window 17 (300 gated dispatches): {'token_issues': 5100, 'probs_issues': 5100, 'waits': 10200}
WARNING:megatron.core.transformer.moe.token_dispatcher:BT_MOE_PROBS_A2A_COMM window 17 (300 gated dispatches): {'token_issues': 5100, 'probs_issues': 5100, 'waits': 10200}
WARNING:megatron.core.transformer.moe.token_dispatcher:BT_MOE_PROBS_A2A_COMM window 17 (300 gated dispatches): {'token_issues': 5100, 'probs_issues': 5100, 'waits': 10200}
WARNING:megatron.core.transformer.moe.token_dispatcher:BT_MOE_PROBS_A2A_COMM window 17 (300 gated dispatches): {'token_issues': 5100, 'probs_issues': 5100, 'waits': 10200}
WARNING:megatron.core.transformer.moe.token_dispatcher:BT_MOE_PROBS_A2A_COMM window 17 (300 gated dispatches): {'token_issues': 5100, 'probs_issues': 5100, 'waits': 10200}
WARNING:megatron.core.transformer.moe.token_dispatcher:BT_MOE_PROBS_A2A_COMM window 18 (300 gated dispatches): {'token_issues': 5400, 'probs_issues': 5400, 'waits': 10800}
WARNING:megatron.core.transformer.moe.token_dispatcher:BT_MOE_PROBS_A2A_COMM window 18 (300 gated dispatches): {'token_issues': 5400, 'probs_issues': 5400, 'waits': 10800}
WARNING:megatron.core.transformer.moe.token_dispatcher:BT_MOE_PROBS_A2A_COMM window 18 (300 gated dispatches): {'token_issues': 5400, 'probs_issues': 5400, 'waits': 10800}
WARNING:megatron.core.transformer.moe.token_dispatcher:BT_MOE_PROBS_A2A_COMM window 18 (300 gated dispatches): {'token_issues': 5400, 'probs_issues': 5400, 'waits': 10800}
WARNING:megatron.core.transformer.moe.token_dispatcher:BT_MOE_PROBS_A2A_COMM window 18 (300 gated dispatches): {'token_issues': 5400, 'probs_issues': 5400, 'waits': 10800}
WARNING:megatron.core.transformer.moe.token_dispatcher:BT_MOE_PROBS_A2A_COMM window 18 (300 gated dispatches): {'token_issues': 5400, 'probs_issues': 5400, 'waits': 10800}
WARNING:megatron.core.transformer.moe.token_dispatcher:BT_MOE_PROBS_A2A_COMM window 18 (300 gated dispatches): {'token_issues': 5400, 'probs_issues': 5400, 'waits': 10800}
WARNING:megatron.core.transformer.moe.token_dispatcher:BT_MOE_PROBS_A2A_COMM window 18 (300 gated dispatches): {'token_issues': 5400, 'probs_issues': 5400, 'waits': 10800}
WARNING:megatron.core.transformer.moe.token_dispatcher:BT_MOE_PROBS_A2A_COMM window 18 (300 gated dispatches): {'token_issues': 5400, 'probs_issues': 5400, 'waits': 10800}
WARNING:megatron.core.transformer.moe.token_dispatcher:BT_MOE_PROBS_A2A_COMM window 18 (300 gated dispatches): {'token_issues': 5400, 'probs_issues': 5400, 'waits': 10800}
WARNING:megatron.core.transformer.moe.token_dispatcher:BT_MOE_PROBS_A2A_COMM window 18 (300 gated dispatches): {'token_issues': 5400, 'probs_issues': 5400, 'waits': 10800}
WARNING:megatron.core.transformer.moe.token_dispatcher:BT_MOE_PROBS_A2A_COMM window 18 (300 gated dispatches): {'token_issues': 5400, 'probs_issues': 5400, 'waits': 10800}
WARNING:megatron.core.transformer.moe.token_dispatcher:BT_MOE_PROBS_A2A_COMM window 18 (300 gated dispatches): {'token_issues': 5400, 'probs_issues': 5400, 'waits': 10800}
WARNING:megatron.core.transformer.moe.token_dispatcher:BT_MOE_PROBS_A2A_COMM window 18 (300 gated dispatches): {'token_issues': 5400, 'probs_issues': 5400, 'waits': 10800}
WARNING:megatron.core.transformer.moe.token_dispatcher:BT_MOE_PROBS_A2A_COMM window 18 (300 gated dispatches): {'token_issues': 5400, 'probs_issues': 5400, 'waits': 10800}
WARNING:megatron.core.transformer.moe.token_dispatcher:BT_MOE_PROBS_A2A_COMM window 18 (300 gated dispatches): {'token_issues': 5400, 'probs_issues': 5400, 'waits': 10800}
WARNING:megatron.core.transformer.experimental_attention_variant.dsa_cudnn_kernels:BT_DSA_BWD_ASYNC_NONEMPTY_V3 window 9 (312 probe reads): {'kicks': 2808, 'hits': 2808, 'misses': 0, 'probe_dropped': 0, 'fallbacks': 0, 'verifies': 2807}
WARNING:megatron.core.transformer.experimental_attention_variant.dsa_cudnn_kernels:BT_DSA_BWD_ASYNC_NONEMPTY_V3 window 9 (312 probe reads): {'kicks': 2808, 'hits': 2808, 'misses': 0, 'probe_dropped': 0, 'fallbacks': 0, 'verifies': 2807}
WARNING:megatron.core.transformer.experimental_attention_variant.dsa_cudnn_kernels:BT_DSA_BWD_ASYNC_NONEMPTY_V3 window 9 (312 probe reads): {'kicks': 2808, 'hits': 2808, 'misses': 0, 'probe_dropped': 0, 'fallbacks': 0, 'verifies': 2807}
WARNING:megatron.core.transformer.experimental_attention_variant.dsa_cudnn_kernels:BT_DSA_BWD_ASYNC_NONEMPTY_V3 window 9 (312 probe reads): {'kicks': 2808, 'hits': 2808, 'misses': 0, 'probe_dropped': 0, 'fallbacks': 0, 'verifies': 2807}
WARNING:megatron.core.transformer.experimental_attention_variant.dsa_cudnn_kernels:BT_DSA_BWD_ASYNC_NONEMPTY_V3 window 9 (312 probe reads): {'kicks': 2808, 'hits': 2808, 'misses': 0, 'probe_dropped': 0, 'fallbacks': 0, 'verifies': 2807}
WARNING:megatron.core.transformer.experimental_attention_variant.dsa_cudnn_kernels:BT_DSA_BWD_ASYNC_NONEMPTY_V3 window 9 (312 probe reads): {'kicks': 2808, 'hits': 2808, 'misses': 0, 'probe_dropped': 0, 'fallbacks': 0, 'verifies': 2807}
WARNING:megatron.core.transformer.experimental_attention_variant.dsa_cudnn_kernels:BT_DSA_BWD_ASYNC_NONEMPTY_V3 window 9 (312 probe reads): {'kicks': 2808, 'hits': 2808, 'misses': 0, 'probe_dropped': 0, 'fallbacks': 0, 'verifies': 2807}
WARNING:megatron.core.transformer.experimental_attention_variant.dsa_cudnn_kernels:BT_DSA_BWD_ASYNC_NONEMPTY_V3 window 9 (312 probe reads): {'kicks': 2808, 'hits': 2808, 'misses': 0, 'probe_dropped': 0, 'fallbacks': 0, 'verifies': 2807}
WARNING:megatron.core.transformer.experimental_attention_variant.dsa_cudnn_kernels:BT_DSA_BWD_ASYNC_NONEMPTY_V3 window 9 (312 probe reads): {'kicks': 2808, 'hits': 2808, 'misses': 0, 'probe_dropped': 0, 'fallbacks': 0, 'verifies': 2807}
WARNING:megatron.core.transformer.experimental_attention_variant.dsa_cudnn_kernels:BT_DSA_BWD_ASYNC_NONEMPTY_V3 window 9 (312 probe reads): {'kicks': 2808, 'hits': 2808, 'misses': 0, 'probe_dropped': 0, 'fallbacks': 0, 'verifies': 2807}
WARNING:megatron.core.transformer.experimental_attention_variant.dsa_cudnn_kernels:BT_DSA_BWD_ASYNC_NONEMPTY_V3 window 9 (312 probe reads): {'kicks': 2808, 'hits': 2808, 'misses': 0, 'probe_dropped': 0, 'fallbacks': 0, 'verifies': 2807}
WARNING:megatron.core.transformer.experimental_attention_variant.dsa_cudnn_kernels:BT_DSA_BWD_ASYNC_NONEMPTY_V3 window 9 (312 probe reads): {'kicks': 2808, 'hits': 2808, 'misses': 0, 'probe_dropped': 0, 'fallbacks': 0, 'verifies': 2807}
WARNING:megatron.core.transformer.experimental_attention_variant.dsa_cudnn_kernels:BT_DSA_BWD_ASYNC_NONEMPTY_V3 window 9 (312 probe reads): {'kicks': 2808, 'hits': 2808, 'misses': 0, 'probe_dropped': 0, 'fallbacks': 0, 'verifies': 2807}
WARNING:megatron.core.transformer.experimental_attention_variant.dsa_cudnn_kernels:BT_DSA_BWD_ASYNC_NONEMPTY_V3 window 9 (312 probe reads): {'kicks': 2808, 'hits': 2808, 'misses': 0, 'probe_dropped': 0, 'fallbacks': 0, 'verifies': 2807}
WARNING:megatron.core.transformer.experimental_attention_variant.dsa_cudnn_kernels:BT_DSA_BWD_ASYNC_NONEMPTY_V3 window 9 (312 probe reads): {'kicks': 2808, 'hits': 2808, 'misses': 0, 'probe_dropped': 0, 'fallbacks': 0, 'verifies': 2807}
WARNING:megatron.core.transformer.experimental_attention_variant.dsa_cudnn_kernels:BT_DSA_BWD_ASYNC_NONEMPTY_V3 window 9 (312 probe reads): {'kicks': 2808, 'hits': 2808, 'misses': 0, 'probe_dropped': 0, 'fallbacks': 0, 'verifies': 2807}
INFO:trainers_server.dp_worker.api.dispatcher_worker:dispatcher_worker: op=forward_backward operation_id=52f0af37ab61453583d2a812073a9e2d done in 45.47s {'loss': 12.219212297151925}
INFO:trainers_server.dp_worker.api.server:retrieve: operation_id=52f0af37ab61453583d2a812073a9e2d done after 15.49s
INFO:     127.0.0.1:56060 - "GET /operations/52f0af37ab61453583d2a812073a9e2d HTTP/1.1" 200 OK
INFO:trainers_server.dp_worker.api.server:submit: op=optim_step operation_id=f58331930d264a3d99a61d7c8bb543c2 enqueued (qsize=1) 
INFO:     127.0.0.1:56060 - "POST /optim_step HTTP/1.1" 202 Accepted
INFO:trainers_server.dp_worker.api.dispatcher_worker:dispatcher_worker: op=optim_step operation_id=f58331930d264a3d99a61d7c8bb543c2 done in 0.05s step=9.0 learning_rate=1e-05 lr=1e-05 grad_norm=0.48755520582199097 tps=11522.106115401639 train_mean_nll=12.219212297151925 num_tokens=524288.0 num_loss_tokens=524284.0 step_seconds=45.50279217609204
INFO:trainers_server.dp_worker.api.server:retrieve: operation_id=f58331930d264a3d99a61d7c8bb543c2 done after 0.04s
INFO:     127.0.0.1:56060 - "GET /operations/f58331930d264a3d99a61d7c8bb543c2 HTTP/1.1" 200 OK
INFO:trainers_server.dp_worker.api.server:submit: op=forward_backward operation_id=3278c90fc7ad4ec5b5f234fdd0394cb5 enqueued (qsize=1) n_datums=4 total_tokens=524288 seq_len[min/max]=131072/131072
INFO:     127.0.0.1:56060 - "POST /forward_backward HTTP/1.1" 202 Accepted
ERROR:opentelemetry.sdk.trace.export:Exception while exporting Span batch.
Traceback (most recent call last):
  File "/root/.cache/user_artifacts/trainers_main/server/.venv/lib/python3.12/site-packages/urllib3/connection.py", line 204, in _new_conn
    sock = connection.create_connection(
           ^^^^^^^^^^^^^^^^^^^^^^^^^^^^^
  File "/root/.cache/user_artifacts/trainers_main/server/.venv/lib/python3.12/site-packages/urllib3/util/connection.py", line 85, in create_connection
    raise err
  File "/root/.cache/user_artifacts/trainers_main/server/.venv/lib/python3.12/site-packages/urllib3/util/connection.py", line 73, in create_connection
    sock.connect(sa)
ConnectionRefusedError: [Errno 111] Connection refused

The above exception was the direct cause of the following exception:

Traceback (most recent call last):
  File "/root/.cache/user_artifacts/trainers_main/server/.venv/lib/python3.12/site-packages/urllib3/connectionpool.py", line 787, in urlopen
    response = self._make_request(
               ^^^^^^^^^^^^^^^^^^^
  File "/root/.cache/user_artifacts/trainers_main/server/.venv/lib/python3.12/site-packages/urllib3/connectionpool.py", line 493, in _make_request
    conn.request(
  File "/root/.cache/user_artifacts/trainers_main/server/.venv/lib/python3.12/site-packages/urllib3/connection.py", line 500, in request
    self.endheaders()
  File "/usr/lib/python3.12/http/client.py", line 1360, in endheaders
    self._send_output(message_body, encode_chunked=encode_chunked)
  File "/usr/lib/python3.12/http/client.py", line 1120, in _send_output
    self.send(msg)
  File "/usr/lib/python3.12/http/client.py", line 1064, in send
    self.connect()
  File "/root/.cache/user_artifacts/trainers_main/server/.venv/lib/python3.12/site-packages/urllib3/connection.py", line 331, in connect
    self.sock = self._new_conn()
                ^^^^^^^^^^^^^^^^
  File "/root/.cache/user_artifacts/trainers_main/server/.venv/lib/python3.12/site-packages/urllib3/connection.py", line 219, in _new_conn
    raise NewConnectionError(
urllib3.exceptions.NewConnectionError: HTTPConnection(host='localhost', port=4318): Failed to establish a new connection: [Errno 111] Connection refused

The above exception was the direct cause of the following exception:

Traceback (most recent call last):
  File "/root/.cache/user_artifacts/trainers_main/server/.venv/lib/python3.12/site-packages/requests/adapters.py", line 644, in send
    resp = conn.urlopen(
           ^^^^^^^^^^^^^
  File "/root/.cache/user_artifacts/trainers_main/server/.venv/lib/python3.12/site-packages/urllib3/connectionpool.py", line 841, in urlopen
    retries = retries.increment(
              ^^^^^^^^^^^^^^^^^^
  File "/root/.cache/user_artifacts/trainers_main/server/.venv/lib/python3.12/site-packages/urllib3/util/retry.py", line 535, in increment
    raise MaxRetryError(_pool, url, reason) from reason  # type: ignore[arg-type]
    ^^^^^^^^^^^^^^^^^^^^^^^^^^^^^^^^^^^^^^^^^^^^^^^^^^^
urllib3.exceptions.MaxRetryError: HTTPConnectionPool(host='localhost', port=4318): Max retries exceeded with url: /v1/traces (Caused by NewConnectionError("HTTPConnection(host='localhost', port=4318): Failed to establish a new connection: [Errno 111] Connection refused"))

During handling of the above exception, another exception occurred:

Traceback (most recent call last):
  File "/root/.cache/user_artifacts/trainers_main/server/.venv/lib/python3.12/site-packages/opentelemetry/sdk/trace/export/__init__.py", line 362, in _export_batch
    self.span_exporter.export(self.spans_list[:idx])  # type: ignore
    ^^^^^^^^^^^^^^^^^^^^^^^^^^^^^^^^^^^^^^^^^^^^^^^^
  File "/root/.cache/user_artifacts/trainers_main/server/.venv/lib/python3.12/site-packages/opentelemetry/exporter/otlp/proto/http/trace_exporter/__init__.py", line 139, in export
    resp = self._export(serialized_data)
           ^^^^^^^^^^^^^^^^^^^^^^^^^^^^^
  File "/root/.cache/user_artifacts/trainers_main/server/.venv/lib/python3.12/site-packages/opentelemetry/exporter/otlp/proto/http/trace_exporter/__init__.py", line 110, in _export
    return self._session.post(
           ^^^^^^^^^^^^^^^^^^^
  File "/root/.cache/user_artifacts/trainers_main/server/.venv/lib/python3.12/site-packages/requests/sessions.py", line 637, in post
    return self.request("POST", url, data=data, json=json, **kwargs)
           ^^^^^^^^^^^^^^^^^^^^^^^^^^^^^^^^^^^^^^^^^^^^^^^^^^^^^^^^^
  File "/root/.cache/user_artifacts/trainers_main/server/.venv/lib/python3.12/site-packages/requests/sessions.py", line 589, in request
    resp = self.send(prep, **send_kwargs)
           ^^^^^^^^^^^^^^^^^^^^^^^^^^^^^^
  File "/root/.cache/user_artifacts/trainers_main/server/.venv/lib/python3.12/site-packages/requests/sessions.py", line 703, in send
    r = adapter.send(request, **kwargs)
        ^^^^^^^^^^^^^^^^^^^^^^^^^^^^^^^
  File "/root/.cache/user_artifacts/trainers_main/server/.venv/lib/python3.12/site-packages/requests/adapters.py", line 677, in send
    raise ConnectionError(e, request=request)
requests.exceptions.ConnectionError: HTTPConnectionPool(host='localhost', port=4318): Max retries exceeded with url: /v1/traces (Caused by NewConnectionError("HTTPConnection(host='localhost', port=4318): Failed to establish a new connection: [Errno 111] Connection refused"))
WARNING:megatron.core.transformer.moe.token_dispatcher:BT_MOE_PROBS_A2A_COMM window 19 (300 gated dispatches): {'token_issues': 5700, 'probs_issues': 5700, 'waits': 11400}
WARNING:megatron.core.transformer.moe.token_dispatcher:BT_MOE_PROBS_A2A_COMM window 19 (300 gated dispatches): {'token_issues': 5700, 'probs_issues': 5700, 'waits': 11400}
WARNING:megatron.core.transformer.moe.token_dispatcher:BT_MOE_PROBS_A2A_COMM window 19 (300 gated dispatches): {'token_issues': 5700, 'probs_issues': 5700, 'waits': 11400}
WARNING:megatron.core.transformer.moe.token_dispatcher:BT_MOE_PROBS_A2A_COMM window 19 (300 gated dispatches): {'token_issues': 5700, 'probs_issues': 5700, 'waits': 11400}
WARNING:megatron.core.transformer.moe.token_dispatcher:BT_MOE_PROBS_A2A_COMM window 19 (300 gated dispatches): {'token_issues': 5700, 'probs_issues': 5700, 'waits': 11400}
WARNING:megatron.core.transformer.moe.token_dispatcher:BT_MOE_PROBS_A2A_COMM window 19 (300 gated dispatches): {'token_issues': 5700, 'probs_issues': 5700, 'waits': 11400}
WARNING:megatron.core.transformer.moe.token_dispatcher:BT_MOE_PROBS_A2A_COMM window 19 (300 gated dispatches): {'token_issues': 5700, 'probs_issues': 5700, 'waits': 11400}
WARNING:megatron.core.transformer.moe.token_dispatcher:BT_MOE_PROBS_A2A_COMM window 19 (300 gated dispatches): {'token_issues': 5700, 'probs_issues': 5700, 'waits': 11400}
WARNING:megatron.core.transformer.moe.token_dispatcher:BT_MOE_PROBS_A2A_COMM window 19 (300 gated dispatches): {'token_issues': 5700, 'probs_issues': 5700, 'waits': 11400}
WARNING:megatron.core.transformer.moe.token_dispatcher:BT_MOE_PROBS_A2A_COMM window 19 (300 gated dispatches): {'token_issues': 5700, 'probs_issues': 5700, 'waits': 11400}
WARNING:megatron.core.transformer.moe.token_dispatcher:BT_MOE_PROBS_A2A_COMM window 19 (300 gated dispatches): {'token_issues': 5700, 'probs_issues': 5700, 'waits': 11400}
WARNING:megatron.core.transformer.moe.token_dispatcher:BT_MOE_PROBS_A2A_COMM window 19 (300 gated dispatches): {'token_issues': 5700, 'probs_issues': 5700, 'waits': 11400}
WARNING:megatron.core.transformer.moe.token_dispatcher:BT_MOE_PROBS_A2A_COMM window 19 (300 gated dispatches): {'token_issues': 5700, 'probs_issues': 5700, 'waits': 11400}
WARNING:megatron.core.transformer.moe.token_dispatcher:BT_MOE_PROBS_A2A_COMM window 19 (300 gated dispatches): {'token_issues': 5700, 'probs_issues': 5700, 'waits': 11400}
WARNING:megatron.core.transformer.moe.token_dispatcher:BT_MOE_PROBS_A2A_COMM window 19 (300 gated dispatches): {'token_issues': 5700, 'probs_issues': 5700, 'waits': 11400}
WARNING:megatron.core.transformer.moe.token_dispatcher:BT_MOE_PROBS_A2A_COMM window 19 (300 gated dispatches): {'token_issues': 5700, 'probs_issues': 5700, 'waits': 11400}
WARNING:megatron.core.transformer.moe.token_dispatcher:BT_MOE_PROBS_A2A_COMM window 20 (300 gated dispatches): {'token_issues': 6000, 'probs_issues': 6000, 'waits': 12000}
WARNING:megatron.core.transformer.moe.token_dispatcher:BT_MOE_PROBS_A2A_COMM window 20 (300 gated dispatches): {'token_issues': 6000, 'probs_issues': 6000, 'waits': 12000}
WARNING:megatron.core.transformer.moe.token_dispatcher:BT_MOE_PROBS_A2A_COMM window 20 (300 gated dispatches): {'token_issues': 6000, 'probs_issues': 6000, 'waits': 12000}
WARNING:megatron.core.transformer.moe.token_dispatcher:BT_MOE_PROBS_A2A_COMM window 20 (300 gated dispatches): {'token_issues': 6000, 'probs_issues': 6000, 'waits': 12000}
WARNING:megatron.core.transformer.moe.token_dispatcher:BT_MOE_PROBS_A2A_COMM window 20 (300 gated dispatches): {'token_issues': 6000, 'probs_issues': 6000, 'waits': 12000}
WARNING:megatron.core.transformer.moe.token_dispatcher:BT_MOE_PROBS_A2A_COMM window 20 (300 gated dispatches): {'token_issues': 6000, 'probs_issues': 6000, 'waits': 12000}
WARNING:megatron.core.transformer.moe.token_dispatcher:BT_MOE_PROBS_A2A_COMM window 20 (300 gated dispatches): {'token_issues': 6000, 'probs_issues': 6000, 'waits': 12000}
WARNING:megatron.core.transformer.moe.token_dispatcher:BT_MOE_PROBS_A2A_COMM window 20 (300 gated dispatches): {'token_issues': 6000, 'probs_issues': 6000, 'waits': 12000}
WARNING:megatron.core.transformer.moe.token_dispatcher:BT_MOE_PROBS_A2A_COMM window 20 (300 gated dispatches): {'token_issues': 6000, 'probs_issues': 6000, 'waits': 12000}
WARNING:megatron.core.transformer.moe.token_dispatcher:BT_MOE_PROBS_A2A_COMM window 20 (300 gated dispatches): {'token_issues': 6000, 'probs_issues': 6000, 'waits': 12000}
WARNING:megatron.core.transformer.moe.token_dispatcher:BT_MOE_PROBS_A2A_COMM window 20 (300 gated dispatches): {'token_issues': 6000, 'probs_issues': 6000, 'waits': 12000}
WARNING:megatron.core.transformer.moe.token_dispatcher:BT_MOE_PROBS_A2A_COMM window 20 (300 gated dispatches): {'token_issues': 6000, 'probs_issues': 6000, 'waits': 12000}
WARNING:megatron.core.transformer.moe.token_dispatcher:BT_MOE_PROBS_A2A_COMM window 20 (300 gated dispatches): {'token_issues': 6000, 'probs_issues': 6000, 'waits': 12000}
WARNING:megatron.core.transformer.moe.token_dispatcher:BT_MOE_PROBS_A2A_COMM window 20 (300 gated dispatches): {'token_issues': 6000, 'probs_issues': 6000, 'waits': 12000}
WARNING:megatron.core.transformer.moe.token_dispatcher:BT_MOE_PROBS_A2A_COMM window 20 (300 gated dispatches): {'token_issues': 6000, 'probs_issues': 6000, 'waits': 12000}
WARNING:megatron.core.transformer.moe.token_dispatcher:BT_MOE_PROBS_A2A_COMM window 20 (300 gated dispatches): {'token_issues': 6000, 'probs_issues': 6000, 'waits': 12000}
WARNING:megatron.core.transformer.experimental_attention_variant.dsa_cudnn_kernels:BT_DSA_BWD_ASYNC_NONEMPTY_V3 window 10 (312 probe reads): {'kicks': 3120, 'hits': 3120, 'misses': 0, 'probe_dropped': 0, 'fallbacks': 0, 'verifies': 3119}
WARNING:megatron.core.transformer.experimental_attention_variant.dsa_cudnn_kernels:BT_DSA_BWD_ASYNC_NONEMPTY_V3 window 10 (312 probe reads): {'kicks': 3120, 'hits': 3120, 'misses': 0, 'probe_dropped': 0, 'fallbacks': 0, 'verifies': 3119}
WARNING:megatron.core.transformer.experimental_attention_variant.dsa_cudnn_kernels:BT_DSA_BWD_ASYNC_NONEMPTY_V3 window 10 (312 probe reads): {'kicks': 3120, 'hits': 3120, 'misses': 0, 'probe_dropped': 0, 'fallbacks': 0, 'verifies': 3119}
WARNING:megatron.core.transformer.experimental_attention_variant.dsa_cudnn_kernels:BT_DSA_BWD_ASYNC_NONEMPTY_V3 window 10 (312 probe reads): {'kicks': 3120, 'hits': 3120, 'misses': 0, 'probe_dropped': 0, 'fallbacks': 0, 'verifies': 3119}
WARNING:megatron.core.transformer.experimental_attention_variant.dsa_cudnn_kernels:BT_DSA_BWD_ASYNC_NONEMPTY_V3 window 10 (312 probe reads): {'kicks': 3120, 'hits': 3120, 'misses': 0, 'probe_dropped': 0, 'fallbacks': 0, 'verifies': 3119}
WARNING:megatron.core.transformer.experimental_attention_variant.dsa_cudnn_kernels:BT_DSA_BWD_ASYNC_NONEMPTY_V3 window 10 (312 probe reads): {'kicks': 3120, 'hits': 3120, 'misses': 0, 'probe_dropped': 0, 'fallbacks': 0, 'verifies': 3119}
WARNING:megatron.core.transformer.experimental_attention_variant.dsa_cudnn_kernels:BT_DSA_BWD_ASYNC_NONEMPTY_V3 window 10 (312 probe reads): {'kicks': 3120, 'hits': 3120, 'misses': 0, 'probe_dropped': 0, 'fallbacks': 0, 'verifies': 3119}
WARNING:megatron.core.transformer.experimental_attention_variant.dsa_cudnn_kernels:BT_DSA_BWD_ASYNC_NONEMPTY_V3 window 10 (312 probe reads): {'kicks': 3120, 'hits': 3120, 'misses': 0, 'probe_dropped': 0, 'fallbacks': 0, 'verifies': 3119}
WARNING:megatron.core.transformer.experimental_attention_variant.dsa_cudnn_kernels:BT_DSA_BWD_ASYNC_NONEMPTY_V3 window 10 (312 probe reads): {'kicks': 3120, 'hits': 3120, 'misses': 0, 'probe_dropped': 0, 'fallbacks': 0, 'verifies': 3119}
WARNING:megatron.core.transformer.experimental_attention_variant.dsa_cudnn_kernels:BT_DSA_BWD_ASYNC_NONEMPTY_V3 window 10 (312 probe reads): {'kicks': 3120, 'hits': 3120, 'misses': 0, 'probe_dropped': 0, 'fallbacks': 0, 'verifies': 3119}
WARNING:megatron.core.transformer.experimental_attention_variant.dsa_cudnn_kernels:BT_DSA_BWD_ASYNC_NONEMPTY_V3 window 10 (312 probe reads): {'kicks': 3120, 'hits': 3120, 'misses': 0, 'probe_dropped': 0, 'fallbacks': 0, 'verifies': 3119}
WARNING:megatron.core.transformer.experimental_attention_variant.dsa_cudnn_kernels:BT_DSA_BWD_ASYNC_NONEMPTY_V3 window 10 (312 probe reads): {'kicks': 3120, 'hits': 3120, 'misses': 0, 'probe_dropped': 0, 'fallbacks': 0, 'verifies': 3119}
WARNING:megatron.core.transformer.experimental_attention_variant.dsa_cudnn_kernels:BT_DSA_BWD_ASYNC_NONEMPTY_V3 window 10 (312 probe reads): {'kicks': 3120, 'hits': 3120, 'misses': 0, 'probe_dropped': 0, 'fallbacks': 0, 'verifies': 3119}
WARNING:megatron.core.transformer.experimental_attention_variant.dsa_cudnn_kernels:BT_DSA_BWD_ASYNC_NONEMPTY_V3 window 10 (312 probe reads): {'kicks': 3120, 'hits': 3120, 'misses': 0, 'probe_dropped': 0, 'fallbacks': 0, 'verifies': 3119}
WARNING:megatron.core.transformer.experimental_attention_variant.dsa_cudnn_kernels:BT_DSA_BWD_ASYNC_NONEMPTY_V3 window 10 (312 probe reads): {'kicks': 3120, 'hits': 3120, 'misses': 0, 'probe_dropped': 0, 'fallbacks': 0, 'verifies': 3119}
WARNING:megatron.core.transformer.experimental_attention_variant.dsa_cudnn_kernels:BT_DSA_BWD_ASYNC_NONEMPTY_V3 window 10 (312 probe reads): {'kicks': 3120, 'hits': 3120, 'misses': 0, 'probe_dropped': 0, 'fallbacks': 0, 'verifies': 3119}
INFO:trainers_server.dp_worker.api.dispatcher_worker:dispatcher_worker: op=forward_backward operation_id=3278c90fc7ad4ec5b5f234fdd0394cb5 done in 45.54s {'loss': 12.202251070030746}
INFO:trainers_server.dp_worker.api.server:retrieve: operation_id=3278c90fc7ad4ec5b5f234fdd0394cb5 done after 15.56s
INFO:     127.0.0.1:56060 - "GET /operations/3278c90fc7ad4ec5b5f234fdd0394cb5 HTTP/1.1" 200 OK
INFO:trainers_server.dp_worker.api.server:submit: op=optim_step operation_id=4c8cc2fde86046fab2cf6a89dfb17616 enqueued (qsize=1) 
INFO:     127.0.0.1:56060 - "POST /optim_step HTTP/1.1" 202 Accepted
INFO:trainers_server.dp_worker.api.dispatcher_worker:dispatcher_worker: op=optim_step operation_id=4c8cc2fde86046fab2cf6a89dfb17616 done in 0.03s step=10.0 learning_rate=1e-05 lr=1e-05 grad_norm=0.44461244344711304 tps=11507.372649065199 train_mean_nll=12.202251070030746 num_tokens=524288.0 num_loss_tokens=524284.0 step_seconds=45.56105168303475
INFO:trainers_server.dp_worker.api.server:retrieve: operation_id=4c8cc2fde86046fab2cf6a89dfb17616 done after 0.03s
INFO:     127.0.0.1:56060 - "GET /operations/4c8cc2fde86046fab2cf6a89dfb17616 HTTP/1.1" 200 OK
INFO:trainers_server.dp_worker.api.server:submit: op=forward_backward operation_id=6346a8df88754468ba57e5b7603c0702 enqueued (qsize=1) n_datums=4 total_tokens=524288 seq_len[min/max]=131072/131072
INFO:     127.0.0.1:56060 - "POST /forward_backward HTTP/1.1" 202 Accepted
ERROR:opentelemetry.sdk.trace.export:Exception while exporting Span batch.
Traceback (most recent call last):
  File "/root/.cache/user_artifacts/trainers_main/server/.venv/lib/python3.12/site-packages/urllib3/connection.py", line 204, in _new_conn
    sock = connection.create_connection(
           ^^^^^^^^^^^^^^^^^^^^^^^^^^^^^
  File "/root/.cache/user_artifacts/trainers_main/server/.venv/lib/python3.12/site-packages/urllib3/util/connection.py", line 85, in create_connection
    raise err
  File "/root/.cache/user_artifacts/trainers_main/server/.venv/lib/python3.12/site-packages/urllib3/util/connection.py", line 73, in create_connection
    sock.connect(sa)
ConnectionRefusedError: [Errno 111] Connection refused

The above exception was the direct cause of the following exception:

Traceback (most recent call last):
  File "/root/.cache/user_artifacts/trainers_main/server/.venv/lib/python3.12/site-packages/urllib3/connectionpool.py", line 787, in urlopen
    response = self._make_request(
               ^^^^^^^^^^^^^^^^^^^
  File "/root/.cache/user_artifacts/trainers_main/server/.venv/lib/python3.12/site-packages/urllib3/connectionpool.py", line 493, in _make_request
    conn.request(
  File "/root/.cache/user_artifacts/trainers_main/server/.venv/lib/python3.12/site-packages/urllib3/connection.py", line 500, in request
    self.endheaders()
  File "/usr/lib/python3.12/http/client.py", line 1360, in endheaders
    self._send_output(message_body, encode_chunked=encode_chunked)
  File "/usr/lib/python3.12/http/client.py", line 1120, in _send_output
    self.send(msg)
  File "/usr/lib/python3.12/http/client.py", line 1064, in send
    self.connect()
  File "/root/.cache/user_artifacts/trainers_main/server/.venv/lib/python3.12/site-packages/urllib3/connection.py", line 331, in connect
    self.sock = self._new_conn()
                ^^^^^^^^^^^^^^^^
  File "/root/.cache/user_artifacts/trainers_main/server/.venv/lib/python3.12/site-packages/urllib3/connection.py", line 219, in _new_conn
    raise NewConnectionError(
urllib3.exceptions.NewConnectionError: HTTPConnection(host='localhost', port=4318): Failed to establish a new connection: [Errno 111] Connection refused

The above exception was the direct cause of the following exception:

Traceback (most recent call last):
  File "/root/.cache/user_artifacts/trainers_main/server/.venv/lib/python3.12/site-packages/requests/adapters.py", line 644, in send
    resp = conn.urlopen(
           ^^^^^^^^^^^^^
  File "/root/.cache/user_artifacts/trainers_main/server/.venv/lib/python3.12/site-packages/urllib3/connectionpool.py", line 841, in urlopen
    retries = retries.increment(
              ^^^^^^^^^^^^^^^^^^
  File "/root/.cache/user_artifacts/trainers_main/server/.venv/lib/python3.12/site-packages/urllib3/util/retry.py", line 535, in increment
    raise MaxRetryError(_pool, url, reason) from reason  # type: ignore[arg-type]
    ^^^^^^^^^^^^^^^^^^^^^^^^^^^^^^^^^^^^^^^^^^^^^^^^^^^
urllib3.exceptions.MaxRetryError: HTTPConnectionPool(host='localhost', port=4318): Max retries exceeded with url: /v1/traces (Caused by NewConnectionError("HTTPConnection(host='localhost', port=4318): Failed to establish a new connection: [Errno 111] Connection refused"))

During handling of the above exception, another exception occurred:

Traceback (most recent call last):
  File "/root/.cache/user_artifacts/trainers_main/server/.venv/lib/python3.12/site-packages/opentelemetry/sdk/trace/export/__init__.py", line 362, in _export_batch
    self.span_exporter.export(self.spans_list[:idx])  # type: ignore
    ^^^^^^^^^^^^^^^^^^^^^^^^^^^^^^^^^^^^^^^^^^^^^^^^
  File "/root/.cache/user_artifacts/trainers_main/server/.venv/lib/python3.12/site-packages/opentelemetry/exporter/otlp/proto/http/trace_exporter/__init__.py", line 139, in export
    resp = self._export(serialized_data)
           ^^^^^^^^^^^^^^^^^^^^^^^^^^^^^
  File "/root/.cache/user_artifacts/trainers_main/server/.venv/lib/python3.12/site-packages/opentelemetry/exporter/otlp/proto/http/trace_exporter/__init__.py", line 110, in _export
    return self._session.post(
           ^^^^^^^^^^^^^^^^^^^
  File "/root/.cache/user_artifacts/trainers_main/server/.venv/lib/python3.12/site-packages/requests/sessions.py", line 637, in post
    return self.request("POST", url, data=data, json=json, **kwargs)
           ^^^^^^^^^^^^^^^^^^^^^^^^^^^^^^^^^^^^^^^^^^^^^^^^^^^^^^^^^
  File "/root/.cache/user_artifacts/trainers_main/server/.venv/lib/python3.12/site-packages/requests/sessions.py", line 589, in request
    resp = self.send(prep, **send_kwargs)
           ^^^^^^^^^^^^^^^^^^^^^^^^^^^^^^
  File "/root/.cache/user_artifacts/trainers_main/server/.venv/lib/python3.12/site-packages/requests/sessions.py", line 703, in send
    r = adapter.send(request, **kwargs)
        ^^^^^^^^^^^^^^^^^^^^^^^^^^^^^^^
  File "/root/.cache/user_artifacts/trainers_main/server/.venv/lib/python3.12/site-packages/requests/adapters.py", line 677, in send
    raise ConnectionError(e, request=request)
requests.exceptions.ConnectionError: HTTPConnectionPool(host='localhost', port=4318): Max retries exceeded with url: /v1/traces (Caused by NewConnectionError("HTTPConnection(host='localhost', port=4318): Failed to establish a new connection: [Errno 111] Connection refused"))
WARNING:megatron.core.transformer.moe.token_dispatcher:BT_MOE_PROBS_A2A_COMM window 21 (300 gated dispatches): {'token_issues': 6300, 'probs_issues': 6300, 'waits': 12600}
WARNING:megatron.core.transformer.moe.token_dispatcher:BT_MOE_PROBS_A2A_COMM window 21 (300 gated dispatches): {'token_issues': 6300, 'probs_issues': 6300, 'waits': 12600}
WARNING:megatron.core.transformer.moe.token_dispatcher:BT_MOE_PROBS_A2A_COMM window 21 (300 gated dispatches): {'token_issues': 6300, 'probs_issues': 6300, 'waits': 12600}
WARNING:megatron.core.transformer.moe.token_dispatcher:BT_MOE_PROBS_A2A_COMM window 21 (300 gated dispatches): {'token_issues': 6300, 'probs_issues': 6300, 'waits': 12600}
WARNING:megatron.core.transformer.moe.token_dispatcher:BT_MOE_PROBS_A2A_COMM window 21 (300 gated dispatches): {'token_issues': 6300, 'probs_issues': 6300, 'waits': 12600}
WARNING:megatron.core.transformer.moe.token_dispatcher:BT_MOE_PROBS_A2A_COMM window 21 (300 gated dispatches): {'token_issues': 6300, 'probs_issues': 6300, 'waits': 12600}
WARNING:megatron.core.transformer.moe.token_dispatcher:BT_MOE_PROBS_A2A_COMM window 21 (300 gated dispatches): {'token_issues': 6300, 'probs_issues': 6300, 'waits': 12600}
WARNING:megatron.core.transformer.moe.token_dispatcher:BT_MOE_PROBS_A2A_COMM window 21 (300 gated dispatches): {'token_issues': 6300, 'probs_issues': 6300, 'waits': 12600}
WARNING:megatron.core.transformer.moe.token_dispatcher:BT_MOE_PROBS_A2A_COMM window 21 (300 gated dispatches): {'token_issues': 6300, 'probs_issues': 6300, 'waits': 12600}
WARNING:megatron.core.transformer.moe.token_dispatcher:BT_MOE_PROBS_A2A_COMM window 21 (300 gated dispatches): {'token_issues': 6300, 'probs_issues': 6300, 'waits': 12600}
WARNING:megatron.core.transformer.moe.token_dispatcher:BT_MOE_PROBS_A2A_COMM window 21 (300 gated dispatches): {'token_issues': 6300, 'probs_issues': 6300, 'waits': 12600}
WARNING:megatron.core.transformer.moe.token_dispatcher:BT_MOE_PROBS_A2A_COMM window 21 (300 gated dispatches): {'token_issues': 6300, 'probs_issues': 6300, 'waits': 12600}
WARNING:megatron.core.transformer.moe.token_dispatcher:BT_MOE_PROBS_A2A_COMM window 21 (300 gated dispatches): {'token_issues': 6300, 'probs_issues': 6300, 'waits': 12600}
WARNING:megatron.core.transformer.moe.token_dispatcher:BT_MOE_PROBS_A2A_COMM window 21 (300 gated dispatches): {'token_issues': 6300, 'probs_issues': 6300, 'waits': 12600}
WARNING:megatron.core.transformer.moe.token_dispatcher:BT_MOE_PROBS_A2A_COMM window 21 (300 gated dispatches): {'token_issues': 6300, 'probs_issues': 6300, 'waits': 12600}
WARNING:megatron.core.transformer.moe.token_dispatcher:BT_MOE_PROBS_A2A_COMM window 21 (300 gated dispatches): {'token_issues': 6300, 'probs_issues': 6300, 'waits': 12600}
WARNING:megatron.core.transformer.moe.token_dispatcher:BT_MOE_PROBS_A2A_COMM window 22 (300 gated dispatches): {'token_issues': 6600, 'probs_issues': 6600, 'waits': 13200}
WARNING:megatron.core.transformer.moe.token_dispatcher:BT_MOE_PROBS_A2A_COMM window 22 (300 gated dispatches): {'token_issues': 6600, 'probs_issues': 6600, 'waits': 13200}
WARNING:megatron.core.transformer.moe.token_dispatcher:BT_MOE_PROBS_A2A_COMM window 22 (300 gated dispatches): {'token_issues': 6600, 'probs_issues': 6600, 'waits': 13200}
WARNING:megatron.core.transformer.moe.token_dispatcher:BT_MOE_PROBS_A2A_COMM window 22 (300 gated dispatches): {'token_issues': 6600, 'probs_issues': 6600, 'waits': 13200}
WARNING:megatron.core.transformer.moe.token_dispatcher:BT_MOE_PROBS_A2A_COMM window 22 (300 gated dispatches): {'token_issues': 6600, 'probs_issues': 6600, 'waits': 13200}
WARNING:megatron.core.transformer.moe.token_dispatcher:BT_MOE_PROBS_A2A_COMM window 22 (300 gated dispatches): {'token_issues': 6600, 'probs_issues': 6600, 'waits': 13200}
WARNING:megatron.core.transformer.moe.token_dispatcher:BT_MOE_PROBS_A2A_COMM window 22 (300 gated dispatches): {'token_issues': 6600, 'probs_issues': 6600, 'waits': 13200}
WARNING:megatron.core.transformer.moe.token_dispatcher:BT_MOE_PROBS_A2A_COMM window 22 (300 gated dispatches): {'token_issues': 6600, 'probs_issues': 6600, 'waits': 13200}
WARNING:megatron.core.transformer.moe.token_dispatcher:BT_MOE_PROBS_A2A_COMM window 22 (300 gated dispatches): {'token_issues': 6600, 'probs_issues': 6600, 'waits': 13200}
WARNING:megatron.core.transformer.moe.token_dispatcher:BT_MOE_PROBS_A2A_COMM window 22 (300 gated dispatches): {'token_issues': 6600, 'probs_issues': 6600, 'waits': 13200}
WARNING:megatron.core.transformer.moe.token_dispatcher:BT_MOE_PROBS_A2A_COMM window 22 (300 gated dispatches): {'token_issues': 6600, 'probs_issues': 6600, 'waits': 13200}
WARNING:megatron.core.transformer.moe.token_dispatcher:BT_MOE_PROBS_A2A_COMM window 22 (300 gated dispatches): {'token_issues': 6600, 'probs_issues': 6600, 'waits': 13200}
WARNING:megatron.core.transformer.moe.token_dispatcher:BT_MOE_PROBS_A2A_COMM window 22 (300 gated dispatches): {'token_issues': 6600, 'probs_issues': 6600, 'waits': 13200}
WARNING:megatron.core.transformer.moe.token_dispatcher:BT_MOE_PROBS_A2A_COMM window 22 (300 gated dispatches): {'token_issues': 6600, 'probs_issues': 6600, 'waits': 13200}
WARNING:megatron.core.transformer.moe.token_dispatcher:BT_MOE_PROBS_A2A_COMM window 22 (300 gated dispatches): {'token_issues': 6600, 'probs_issues': 6600, 'waits': 13200}
WARNING:megatron.core.transformer.moe.token_dispatcher:BT_MOE_PROBS_A2A_COMM window 22 (300 gated dispatches): {'token_issues': 6600, 'probs_issues': 6600, 'waits': 13200}
WARNING:megatron.core.transformer.experimental_attention_variant.dsa_cudnn_kernels:BT_DSA_BWD_ASYNC_NONEMPTY_V3 window 11 (312 probe reads): {'kicks': 3432, 'hits': 3432, 'misses': 0, 'probe_dropped': 0, 'fallbacks': 0, 'verifies': 3431}
WARNING:megatron.core.transformer.experimental_attention_variant.dsa_cudnn_kernels:BT_DSA_BWD_ASYNC_NONEMPTY_V3 window 11 (312 probe reads): {'kicks': 3432, 'hits': 3432, 'misses': 0, 'probe_dropped': 0, 'fallbacks': 0, 'verifies': 3431}
WARNING:megatron.core.transformer.experimental_attention_variant.dsa_cudnn_kernels:BT_DSA_BWD_ASYNC_NONEMPTY_V3 window 11 (312 probe reads): {'kicks': 3432, 'hits': 3432, 'misses': 0, 'probe_dropped': 0, 'fallbacks': 0, 'verifies': 3431}
WARNING:megatron.core.transformer.experimental_attention_variant.dsa_cudnn_kernels:BT_DSA_BWD_ASYNC_NONEMPTY_V3 window 11 (312 probe reads): {'kicks': 3432, 'hits': 3432, 'misses': 0, 'probe_dropped': 0, 'fallbacks': 0, 'verifies': 3431}
WARNING:megatron.core.transformer.experimental_attention_variant.dsa_cudnn_kernels:BT_DSA_BWD_ASYNC_NONEMPTY_V3 window 11 (312 probe reads): {'kicks': 3432, 'hits': 3432, 'misses': 0, 'probe_dropped': 0, 'fallbacks': 0, 'verifies': 3431}
WARNING:megatron.core.transformer.experimental_attention_variant.dsa_cudnn_kernels:BT_DSA_BWD_ASYNC_NONEMPTY_V3 window 11 (312 probe reads): {'kicks': 3432, 'hits': 3432, 'misses': 0, 'probe_dropped': 0, 'fallbacks': 0, 'verifies': 3431}
WARNING:megatron.core.transformer.experimental_attention_variant.dsa_cudnn_kernels:BT_DSA_BWD_ASYNC_NONEMPTY_V3 window 11 (312 probe reads): {'kicks': 3432, 'hits': 3432, 'misses': 0, 'probe_dropped': 0, 'fallbacks': 0, 'verifies': 3431}
WARNING:megatron.core.transformer.experimental_attention_variant.dsa_cudnn_kernels:BT_DSA_BWD_ASYNC_NONEMPTY_V3 window 11 (312 probe reads): {'kicks': 3432, 'hits': 3432, 'misses': 0, 'probe_dropped': 0, 'fallbacks': 0, 'verifies': 3431}
WARNING:megatron.core.transformer.experimental_attention_variant.dsa_cudnn_kernels:BT_DSA_BWD_ASYNC_NONEMPTY_V3 window 11 (312 probe reads): {'kicks': 3432, 'hits': 3432, 'misses': 0, 'probe_dropped': 0, 'fallbacks': 0, 'verifies': 3431}
WARNING:megatron.core.transformer.experimental_attention_variant.dsa_cudnn_kernels:BT_DSA_BWD_ASYNC_NONEMPTY_V3 window 11 (312 probe reads): {'kicks': 3432, 'hits': 3432, 'misses': 0, 'probe_dropped': 0, 'fallbacks': 0, 'verifies': 3431}
WARNING:megatron.core.transformer.experimental_attention_variant.dsa_cudnn_kernels:BT_DSA_BWD_ASYNC_NONEMPTY_V3 window 11 (312 probe reads): {'kicks': 3432, 'hits': 3432, 'misses': 0, 'probe_dropped': 0, 'fallbacks': 0, 'verifies': 3431}
WARNING:megatron.core.transformer.experimental_attention_variant.dsa_cudnn_kernels:BT_DSA_BWD_ASYNC_NONEMPTY_V3 window 11 (312 probe reads): {'kicks': 3432, 'hits': 3432, 'misses': 0, 'probe_dropped': 0, 'fallbacks': 0, 'verifies': 3431}
WARNING:megatron.core.transformer.experimental_attention_variant.dsa_cudnn_kernels:BT_DSA_BWD_ASYNC_NONEMPTY_V3 window 11 (312 probe reads): {'kicks': 3432, 'hits': 3432, 'misses': 0, 'probe_dropped': 0, 'fallbacks': 0, 'verifies': 3431}
WARNING:megatron.core.transformer.experimental_attention_variant.dsa_cudnn_kernels:BT_DSA_BWD_ASYNC_NONEMPTY_V3 window 11 (312 probe reads): {'kicks': 3432, 'hits': 3432, 'misses': 0, 'probe_dropped': 0, 'fallbacks': 0, 'verifies': 3431}
WARNING:megatron.core.transformer.experimental_attention_variant.dsa_cudnn_kernels:BT_DSA_BWD_ASYNC_NONEMPTY_V3 window 11 (312 probe reads): {'kicks': 3432, 'hits': 3432, 'misses': 0, 'probe_dropped': 0, 'fallbacks': 0, 'verifies': 3431}
WARNING:megatron.core.transformer.experimental_attention_variant.dsa_cudnn_kernels:BT_DSA_BWD_ASYNC_NONEMPTY_V3 window 11 (312 probe reads): {'kicks': 3432, 'hits': 3432, 'misses': 0, 'probe_dropped': 0, 'fallbacks': 0, 'verifies': 3431}
INFO:trainers_server.dp_worker.api.dispatcher_worker:dispatcher_worker: op=forward_backward operation_id=6346a8df88754468ba57e5b7603c0702 done in 46.45s {'loss': 12.178872519474178}
INFO:trainers_server.dp_worker.api.server:retrieve: operation_id=6346a8df88754468ba57e5b7603c0702 done after 16.46s
INFO:     127.0.0.1:56060 - "GET /operations/6346a8df88754468ba57e5b7603c0702 HTTP/1.1" 200 OK
INFO:trainers_server.dp_worker.api.server:submit: op=optim_step operation_id=86e69c87edb54870b948a430dbe1dd70 enqueued (qsize=1) 
INFO:     127.0.0.1:56060 - "POST /optim_step HTTP/1.1" 202 Accepted
INFO:trainers_server.dp_worker.api.dispatcher_worker:dispatcher_worker: op=optim_step operation_id=86e69c87edb54870b948a430dbe1dd70 done in 0.03s step=11.0 learning_rate=1e-05 lr=1e-05 grad_norm=0.4197995960712433 tps=11283.25593327017 train_mean_nll=12.178872519474178 num_tokens=524288.0 num_loss_tokens=524284.0 step_seconds=46.466020366875455
INFO:trainers_server.dp_worker.api.server:retrieve: operation_id=86e69c87edb54870b948a430dbe1dd70 done after 0.03s
INFO:     127.0.0.1:56060 - "GET /operations/86e69c87edb54870b948a430dbe1dd70 HTTP/1.1" 200 OK
INFO:trainers_server.dp_worker.api.server:submit: op=forward_backward operation_id=d64c96a12ccd43c0852b5d779be9ef4f enqueued (qsize=1) n_datums=4 total_tokens=524288 seq_len[min/max]=131072/131072
INFO:     127.0.0.1:56060 - "POST /forward_backward HTTP/1.1" 202 Accepted
ERROR:opentelemetry.sdk.trace.export:Exception while exporting Span batch.
Traceback (most recent call last):
  File "/root/.cache/user_artifacts/trainers_main/server/.venv/lib/python3.12/site-packages/urllib3/connection.py", line 204, in _new_conn
    sock = connection.create_connection(
           ^^^^^^^^^^^^^^^^^^^^^^^^^^^^^
  File "/root/.cache/user_artifacts/trainers_main/server/.venv/lib/python3.12/site-packages/urllib3/util/connection.py", line 85, in create_connection
    raise err
  File "/root/.cache/user_artifacts/trainers_main/server/.venv/lib/python3.12/site-packages/urllib3/util/connection.py", line 73, in create_connection
    sock.connect(sa)
ConnectionRefusedError: [Errno 111] Connection refused

The above exception was the direct cause of the following exception:

Traceback (most recent call last):
  File "/root/.cache/user_artifacts/trainers_main/server/.venv/lib/python3.12/site-packages/urllib3/connectionpool.py", line 787, in urlopen
    response = self._make_request(
               ^^^^^^^^^^^^^^^^^^^
  File "/root/.cache/user_artifacts/trainers_main/server/.venv/lib/python3.12/site-packages/urllib3/connectionpool.py", line 493, in _make_request
    conn.request(
  File "/root/.cache/user_artifacts/trainers_main/server/.venv/lib/python3.12/site-packages/urllib3/connection.py", line 500, in request
    self.endheaders()
  File "/usr/lib/python3.12/http/client.py", line 1360, in endheaders
    self._send_output(message_body, encode_chunked=encode_chunked)
  File "/usr/lib/python3.12/http/client.py", line 1120, in _send_output
    self.send(msg)
  File "/usr/lib/python3.12/http/client.py", line 1064, in send
    self.connect()
  File "/root/.cache/user_artifacts/trainers_main/server/.venv/lib/python3.12/site-packages/urllib3/connection.py", line 331, in connect
    self.sock = self._new_conn()
                ^^^^^^^^^^^^^^^^
  File "/root/.cache/user_artifacts/trainers_main/server/.venv/lib/python3.12/site-packages/urllib3/connection.py", line 219, in _new_conn
    raise NewConnectionError(
urllib3.exceptions.NewConnectionError: HTTPConnection(host='localhost', port=4318): Failed to establish a new connection: [Errno 111] Connection refused

The above exception was the direct cause of the following exception:

Traceback (most recent call last):
  File "/root/.cache/user_artifacts/trainers_main/server/.venv/lib/python3.12/site-packages/requests/adapters.py", line 644, in send
    resp = conn.urlopen(
           ^^^^^^^^^^^^^
  File "/root/.cache/user_artifacts/trainers_main/server/.venv/lib/python3.12/site-packages/urllib3/connectionpool.py", line 841, in urlopen
    retries = retries.increment(
              ^^^^^^^^^^^^^^^^^^
  File "/root/.cache/user_artifacts/trainers_main/server/.venv/lib/python3.12/site-packages/urllib3/util/retry.py", line 535, in increment
    raise MaxRetryError(_pool, url, reason) from reason  # type: ignore[arg-type]
    ^^^^^^^^^^^^^^^^^^^^^^^^^^^^^^^^^^^^^^^^^^^^^^^^^^^
urllib3.exceptions.MaxRetryError: HTTPConnectionPool(host='localhost', port=4318): Max retries exceeded with url: /v1/traces (Caused by NewConnectionError("HTTPConnection(host='localhost', port=4318): Failed to establish a new connection: [Errno 111] Connection refused"))

During handling of the above exception, another exception occurred:

Traceback (most recent call last):
  File "/root/.cache/user_artifacts/trainers_main/server/.venv/lib/python3.12/site-packages/opentelemetry/sdk/trace/export/__init__.py", line 362, in _export_batch
    self.span_exporter.export(self.spans_list[:idx])  # type: ignore
    ^^^^^^^^^^^^^^^^^^^^^^^^^^^^^^^^^^^^^^^^^^^^^^^^
  File "/root/.cache/user_artifacts/trainers_main/server/.venv/lib/python3.12/site-packages/opentelemetry/exporter/otlp/proto/http/trace_exporter/__init__.py", line 139, in export
    resp = self._export(serialized_data)
           ^^^^^^^^^^^^^^^^^^^^^^^^^^^^^
  File "/root/.cache/user_artifacts/trainers_main/server/.venv/lib/python3.12/site-packages/opentelemetry/exporter/otlp/proto/http/trace_exporter/__init__.py", line 110, in _export
    return self._session.post(
           ^^^^^^^^^^^^^^^^^^^
  File "/root/.cache/user_artifacts/trainers_main/server/.venv/lib/python3.12/site-packages/requests/sessions.py", line 637, in post
    return self.request("POST", url, data=data, json=json, **kwargs)
           ^^^^^^^^^^^^^^^^^^^^^^^^^^^^^^^^^^^^^^^^^^^^^^^^^^^^^^^^^
  File "/root/.cache/user_artifacts/trainers_main/server/.venv/lib/python3.12/site-packages/requests/sessions.py", line 589, in request
    resp = self.send(prep, **send_kwargs)
           ^^^^^^^^^^^^^^^^^^^^^^^^^^^^^^
  File "/root/.cache/user_artifacts/trainers_main/server/.venv/lib/python3.12/site-packages/requests/sessions.py", line 703, in send
    r = adapter.send(request, **kwargs)
        ^^^^^^^^^^^^^^^^^^^^^^^^^^^^^^^
  File "/root/.cache/user_artifacts/trainers_main/server/.venv/lib/python3.12/site-packages/requests/adapters.py", line 677, in send
    raise ConnectionError(e, request=request)
requests.exceptions.ConnectionError: HTTPConnectionPool(host='localhost', port=4318): Max retries exceeded with url: /v1/traces (Caused by NewConnectionError("HTTPConnection(host='localhost', port=4318): Failed to establish a new connection: [Errno 111] Connection refused"))
WARNING:megatron.core.transformer.moe.token_dispatcher:BT_MOE_PROBS_A2A_COMM window 23 (300 gated dispatches): {'token_issues': 6900, 'probs_issues': 6900, 'waits': 13800}
WARNING:megatron.core.transformer.moe.token_dispatcher:BT_MOE_PROBS_A2A_COMM window 23 (300 gated dispatches): {'token_issues': 6900, 'probs_issues': 6900, 'waits': 13800}
WARNING:megatron.core.transformer.moe.token_dispatcher:BT_MOE_PROBS_A2A_COMM window 23 (300 gated dispatches): {'token_issues': 6900, 'probs_issues': 6900, 'waits': 13800}
WARNING:megatron.core.transformer.moe.token_dispatcher:BT_MOE_PROBS_A2A_COMM window 23 (300 gated dispatches): {'token_issues': 6900, 'probs_issues': 6900, 'waits': 13800}
WARNING:megatron.core.transformer.moe.token_dispatcher:BT_MOE_PROBS_A2A_COMM window 23 (300 gated dispatches): {'token_issues': 6900, 'probs_issues': 6900, 'waits': 13800}
WARNING:megatron.core.transformer.moe.token_dispatcher:BT_MOE_PROBS_A2A_COMM window 23 (300 gated dispatches): {'token_issues': 6900, 'probs_issues': 6900, 'waits': 13800}
WARNING:megatron.core.transformer.moe.token_dispatcher:BT_MOE_PROBS_A2A_COMM window 23 (300 gated dispatches): {'token_issues': 6900, 'probs_issues': 6900, 'waits': 13800}
WARNING:megatron.core.transformer.moe.token_dispatcher:BT_MOE_PROBS_A2A_COMM window 23 (300 gated dispatches): {'token_issues': 6900, 'probs_issues': 6900, 'waits': 13800}
WARNING:megatron.core.transformer.moe.token_dispatcher:BT_MOE_PROBS_A2A_COMM window 23 (300 gated dispatches): {'token_issues': 6900, 'probs_issues': 6900, 'waits': 13800}
WARNING:megatron.core.transformer.moe.token_dispatcher:BT_MOE_PROBS_A2A_COMM window 23 (300 gated dispatches): {'token_issues': 6900, 'probs_issues': 6900, 'waits': 13800}
WARNING:megatron.core.transformer.moe.token_dispatcher:BT_MOE_PROBS_A2A_COMM window 23 (300 gated dispatches): {'token_issues': 6900, 'probs_issues': 6900, 'waits': 13800}
WARNING:megatron.core.transformer.moe.token_dispatcher:BT_MOE_PROBS_A2A_COMM window 23 (300 gated dispatches): {'token_issues': 6900, 'probs_issues': 6900, 'waits': 13800}
WARNING:megatron.core.transformer.moe.token_dispatcher:BT_MOE_PROBS_A2A_COMM window 23 (300 gated dispatches): {'token_issues': 6900, 'probs_issues': 6900, 'waits': 13800}
WARNING:megatron.core.transformer.moe.token_dispatcher:BT_MOE_PROBS_A2A_COMM window 23 (300 gated dispatches): {'token_issues': 6900, 'probs_issues': 6900, 'waits': 13800}
WARNING:megatron.core.transformer.moe.token_dispatcher:BT_MOE_PROBS_A2A_COMM window 23 (300 gated dispatches): {'token_issues': 6900, 'probs_issues': 6900, 'waits': 13800}
WARNING:megatron.core.transformer.moe.token_dispatcher:BT_MOE_PROBS_A2A_COMM window 23 (300 gated dispatches): {'token_issues': 6900, 'probs_issues': 6900, 'waits': 13800}
WARNING:megatron.core.transformer.moe.token_dispatcher:BT_MOE_PROBS_A2A_COMM window 24 (300 gated dispatches): {'token_issues': 7200, 'probs_issues': 7200, 'waits': 14400}
WARNING:megatron.core.transformer.moe.token_dispatcher:BT_MOE_PROBS_A2A_COMM window 24 (300 gated dispatches): {'token_issues': 7200, 'probs_issues': 7200, 'waits': 14400}
WARNING:megatron.core.transformer.moe.token_dispatcher:BT_MOE_PROBS_A2A_COMM window 24 (300 gated dispatches): {'token_issues': 7200, 'probs_issues': 7200, 'waits': 14400}
WARNING:megatron.core.transformer.moe.token_dispatcher:BT_MOE_PROBS_A2A_COMM window 24 (300 gated dispatches): {'token_issues': 7200, 'probs_issues': 7200, 'waits': 14400}
WARNING:megatron.core.transformer.moe.token_dispatcher:BT_MOE_PROBS_A2A_COMM window 24 (300 gated dispatches): {'token_issues': 7200, 'probs_issues': 7200, 'waits': 14400}
WARNING:megatron.core.transformer.moe.token_dispatcher:BT_MOE_PROBS_A2A_COMM window 24 (300 gated dispatches): {'token_issues': 7200, 'probs_issues': 7200, 'waits': 14400}
WARNING:megatron.core.transformer.moe.token_dispatcher:BT_MOE_PROBS_A2A_COMM window 24 (300 gated dispatches): {'token_issues': 7200, 'probs_issues': 7200, 'waits': 14400}
WARNING:megatron.core.transformer.moe.token_dispatcher:BT_MOE_PROBS_A2A_COMM window 24 (300 gated dispatches): {'token_issues': 7200, 'probs_issues': 7200, 'waits': 14400}
WARNING:megatron.core.transformer.moe.token_dispatcher:BT_MOE_PROBS_A2A_COMM window 24 (300 gated dispatches): {'token_issues': 7200, 'probs_issues': 7200, 'waits': 14400}
WARNING:megatron.core.transformer.moe.token_dispatcher:BT_MOE_PROBS_A2A_COMM window 24 (300 gated dispatches): {'token_issues': 7200, 'probs_issues': 7200, 'waits': 14400}
WARNING:megatron.core.transformer.moe.token_dispatcher:BT_MOE_PROBS_A2A_COMM window 24 (300 gated dispatches): {'token_issues': 7200, 'probs_issues': 7200, 'waits': 14400}
WARNING:megatron.core.transformer.moe.token_dispatcher:BT_MOE_PROBS_A2A_COMM window 24 (300 gated dispatches): {'token_issues': 7200, 'probs_issues': 7200, 'waits': 14400}
WARNING:megatron.core.transformer.moe.token_dispatcher:BT_MOE_PROBS_A2A_COMM window 24 (300 gated dispatches): {'token_issues': 7200, 'probs_issues': 7200, 'waits': 14400}
WARNING:megatron.core.transformer.moe.token_dispatcher:BT_MOE_PROBS_A2A_COMM window 24 (300 gated dispatches): {'token_issues': 7200, 'probs_issues': 7200, 'waits': 14400}
WARNING:megatron.core.transformer.moe.token_dispatcher:BT_MOE_PROBS_A2A_COMM window 24 (300 gated dispatches): {'token_issues': 7200, 'probs_issues': 7200, 'waits': 14400}
WARNING:megatron.core.transformer.moe.token_dispatcher:BT_MOE_PROBS_A2A_COMM window 24 (300 gated dispatches): {'token_issues': 7200, 'probs_issues': 7200, 'waits': 14400}
WARNING:megatron.core.transformer.experimental_attention_variant.dsa_cudnn_kernels:BT_DSA_BWD_ASYNC_NONEMPTY_V3 window 12 (312 probe reads): {'kicks': 3744, 'hits': 3744, 'misses': 0, 'probe_dropped': 0, 'fallbacks': 0, 'verifies': 3743}
WARNING:megatron.core.transformer.experimental_attention_variant.dsa_cudnn_kernels:BT_DSA_BWD_ASYNC_NONEMPTY_V3 window 12 (312 probe reads): {'kicks': 3744, 'hits': 3744, 'misses': 0, 'probe_dropped': 0, 'fallbacks': 0, 'verifies': 3743}
WARNING:megatron.core.transformer.experimental_attention_variant.dsa_cudnn_kernels:BT_DSA_BWD_ASYNC_NONEMPTY_V3 window 12 (312 probe reads): {'kicks': 3744, 'hits': 3744, 'misses': 0, 'probe_dropped': 0, 'fallbacks': 0, 'verifies': 3743}
WARNING:megatron.core.transformer.experimental_attention_variant.dsa_cudnn_kernels:BT_DSA_BWD_ASYNC_NONEMPTY_V3 window 12 (312 probe reads): {'kicks': 3744, 'hits': 3744, 'misses': 0, 'probe_dropped': 0, 'fallbacks': 0, 'verifies': 3743}
WARNING:megatron.core.transformer.experimental_attention_variant.dsa_cudnn_kernels:BT_DSA_BWD_ASYNC_NONEMPTY_V3 window 12 (312 probe reads): {'kicks': 3744, 'hits': 3744, 'misses': 0, 'probe_dropped': 0, 'fallbacks': 0, 'verifies': 3743}
WARNING:megatron.core.transformer.experimental_attention_variant.dsa_cudnn_kernels:BT_DSA_BWD_ASYNC_NONEMPTY_V3 window 12 (312 probe reads): {'kicks': 3744, 'hits': 3744, 'misses': 0, 'probe_dropped': 0, 'fallbacks': 0, 'verifies': 3743}
WARNING:megatron.core.transformer.experimental_attention_variant.dsa_cudnn_kernels:BT_DSA_BWD_ASYNC_NONEMPTY_V3 window 12 (312 probe reads): {'kicks': 3744, 'hits': 3744, 'misses': 0, 'probe_dropped': 0, 'fallbacks': 0, 'verifies': 3743}
WARNING:megatron.core.transformer.experimental_attention_variant.dsa_cudnn_kernels:BT_DSA_BWD_ASYNC_NONEMPTY_V3 window 12 (312 probe reads): {'kicks': 3744, 'hits': 3744, 'misses': 0, 'probe_dropped': 0, 'fallbacks': 0, 'verifies': 3743}
WARNING:megatron.core.transformer.experimental_attention_variant.dsa_cudnn_kernels:BT_DSA_BWD_ASYNC_NONEMPTY_V3 window 12 (312 probe reads): {'kicks': 3744, 'hits': 3744, 'misses': 0, 'probe_dropped': 0, 'fallbacks': 0, 'verifies': 3743}
WARNING:megatron.core.transformer.experimental_attention_variant.dsa_cudnn_kernels:BT_DSA_BWD_ASYNC_NONEMPTY_V3 window 12 (312 probe reads): {'kicks': 3744, 'hits': 3744, 'misses': 0, 'probe_dropped': 0, 'fallbacks': 0, 'verifies': 3743}
WARNING:megatron.core.transformer.experimental_attention_variant.dsa_cudnn_kernels:BT_DSA_BWD_ASYNC_NONEMPTY_V3 window 12 (312 probe reads): {'kicks': 3744, 'hits': 3744, 'misses': 0, 'probe_dropped': 0, 'fallbacks': 0, 'verifies': 3743}
WARNING:megatron.core.transformer.experimental_attention_variant.dsa_cudnn_kernels:BT_DSA_BWD_ASYNC_NONEMPTY_V3 window 12 (312 probe reads): {'kicks': 3744, 'hits': 3744, 'misses': 0, 'probe_dropped': 0, 'fallbacks': 0, 'verifies': 3743}
WARNING:megatron.core.transformer.experimental_attention_variant.dsa_cudnn_kernels:BT_DSA_BWD_ASYNC_NONEMPTY_V3 window 12 (312 probe reads): {'kicks': 3744, 'hits': 3744, 'misses': 0, 'probe_dropped': 0, 'fallbacks': 0, 'verifies': 3743}
WARNING:megatron.core.transformer.experimental_attention_variant.dsa_cudnn_kernels:BT_DSA_BWD_ASYNC_NONEMPTY_V3 window 12 (312 probe reads): {'kicks': 3744, 'hits': 3744, 'misses': 0, 'probe_dropped': 0, 'fallbacks': 0, 'verifies': 3743}
WARNING:megatron.core.transformer.experimental_attention_variant.dsa_cudnn_kernels:BT_DSA_BWD_ASYNC_NONEMPTY_V3 window 12 (312 probe reads): {'kicks': 3744, 'hits': 3744, 'misses': 0, 'probe_dropped': 0, 'fallbacks': 0, 'verifies': 3743}
WARNING:megatron.core.transformer.experimental_attention_variant.dsa_cudnn_kernels:BT_DSA_BWD_ASYNC_NONEMPTY_V3 window 12 (312 probe reads): {'kicks': 3744, 'hits': 3744, 'misses': 0, 'probe_dropped': 0, 'fallbacks': 0, 'verifies': 3743}
INFO:trainers_server.dp_worker.api.dispatcher_worker:dispatcher_worker: op=forward_backward operation_id=d64c96a12ccd43c0852b5d779be9ef4f done in 45.94s {'loss': 12.174365420268405}
INFO:trainers_server.dp_worker.api.server:retrieve: operation_id=d64c96a12ccd43c0852b5d779be9ef4f done after 15.96s
INFO:     127.0.0.1:56060 - "GET /operations/d64c96a12ccd43c0852b5d779be9ef4f HTTP/1.1" 200 OK
INFO:trainers_server.dp_worker.api.server:submit: op=optim_step operation_id=e2ecbd108d074b0693387e8e85483ba5 enqueued (qsize=1) 
INFO:     127.0.0.1:56060 - "POST /optim_step HTTP/1.1" 202 Accepted
INFO:trainers_server.dp_worker.api.dispatcher_worker:dispatcher_worker: op=optim_step operation_id=e2ecbd108d074b0693387e8e85483ba5 done in 0.03s step=12.0 learning_rate=1e-05 lr=1e-05 grad_norm=0.40454426407814026 tps=11406.640345871108 train_mean_nll=12.174365420268405 num_tokens=524288.0 num_loss_tokens=524284.0 step_seconds=45.96340237814002
INFO:trainers_server.dp_worker.api.server:retrieve: operation_id=e2ecbd108d074b0693387e8e85483ba5 done after 0.03s
INFO:     127.0.0.1:56060 - "GET /operations/e2ecbd108d074b0693387e8e85483ba5 HTTP/1.1" 200 OK
INFO:trainers_server.dp_worker.api.server:submit: op=forward_backward operation_id=09b5e87f654749d89ae1ff85d8f0016e enqueued (qsize=1) n_datums=4 total_tokens=524288 seq_len[min/max]=131072/131072
INFO:     127.0.0.1:56060 - "POST /forward_backward HTTP/1.1" 202 Accepted
ERROR:opentelemetry.sdk.trace.export:Exception while exporting Span batch.
Traceback (most recent call last):
  File "/root/.cache/user_artifacts/trainers_main/server/.venv/lib/python3.12/site-packages/urllib3/connection.py", line 204, in _new_conn
    sock = connection.create_connection(
           ^^^^^^^^^^^^^^^^^^^^^^^^^^^^^
  File "/root/.cache/user_artifacts/trainers_main/server/.venv/lib/python3.12/site-packages/urllib3/util/connection.py", line 85, in create_connection
    raise err
  File "/root/.cache/user_artifacts/trainers_main/server/.venv/lib/python3.12/site-packages/urllib3/util/connection.py", line 73, in create_connection
    sock.connect(sa)
ConnectionRefusedError: [Errno 111] Connection refused

The above exception was the direct cause of the following exception:

Traceback (most recent call last):
  File "/root/.cache/user_artifacts/trainers_main/server/.venv/lib/python3.12/site-packages/urllib3/connectionpool.py", line 787, in urlopen
    response = self._make_request(
               ^^^^^^^^^^^^^^^^^^^
  File "/root/.cache/user_artifacts/trainers_main/server/.venv/lib/python3.12/site-packages/urllib3/connectionpool.py", line 493, in _make_request
    conn.request(
  File "/root/.cache/user_artifacts/trainers_main/server/.venv/lib/python3.12/site-packages/urllib3/connection.py", line 500, in request
    self.endheaders()
  File "/usr/lib/python3.12/http/client.py", line 1360, in endheaders
    self._send_output(message_body, encode_chunked=encode_chunked)
  File "/usr/lib/python3.12/http/client.py", line 1120, in _send_output
    self.send(msg)
  File "/usr/lib/python3.12/http/client.py", line 1064, in send
    self.connect()
  File "/root/.cache/user_artifacts/trainers_main/server/.venv/lib/python3.12/site-packages/urllib3/connection.py", line 331, in connect
    self.sock = self._new_conn()
                ^^^^^^^^^^^^^^^^
  File "/root/.cache/user_artifacts/trainers_main/server/.venv/lib/python3.12/site-packages/urllib3/connection.py", line 219, in _new_conn
    raise NewConnectionError(
urllib3.exceptions.NewConnectionError: HTTPConnection(host='localhost', port=4318): Failed to establish a new connection: [Errno 111] Connection refused

The above exception was the direct cause of the following exception:

Traceback (most recent call last):
  File "/root/.cache/user_artifacts/trainers_main/server/.venv/lib/python3.12/site-packages/requests/adapters.py", line 644, in send
    resp = conn.urlopen(
           ^^^^^^^^^^^^^
  File "/root/.cache/user_artifacts/trainers_main/server/.venv/lib/python3.12/site-packages/urllib3/connectionpool.py", line 841, in urlopen
    retries = retries.increment(
              ^^^^^^^^^^^^^^^^^^
  File "/root/.cache/user_artifacts/trainers_main/server/.venv/lib/python3.12/site-packages/urllib3/util/retry.py", line 535, in increment
    raise MaxRetryError(_pool, url, reason) from reason  # type: ignore[arg-type]
    ^^^^^^^^^^^^^^^^^^^^^^^^^^^^^^^^^^^^^^^^^^^^^^^^^^^
urllib3.exceptions.MaxRetryError: HTTPConnectionPool(host='localhost', port=4318): Max retries exceeded with url: /v1/traces (Caused by NewConnectionError("HTTPConnection(host='localhost', port=4318): Failed to establish a new connection: [Errno 111] Connection refused"))

During handling of the above exception, another exception occurred:

Traceback (most recent call last):
  File "/root/.cache/user_artifacts/trainers_main/server/.venv/lib/python3.12/site-packages/opentelemetry/sdk/trace/export/__init__.py", line 362, in _export_batch
    self.span_exporter.export(self.spans_list[:idx])  # type: ignore
    ^^^^^^^^^^^^^^^^^^^^^^^^^^^^^^^^^^^^^^^^^^^^^^^^
  File "/root/.cache/user_artifacts/trainers_main/server/.venv/lib/python3.12/site-packages/opentelemetry/exporter/otlp/proto/http/trace_exporter/__init__.py", line 139, in export
    resp = self._export(serialized_data)
           ^^^^^^^^^^^^^^^^^^^^^^^^^^^^^
  File "/root/.cache/user_artifacts/trainers_main/server/.venv/lib/python3.12/site-packages/opentelemetry/exporter/otlp/proto/http/trace_exporter/__init__.py", line 110, in _export
    return self._session.post(
           ^^^^^^^^^^^^^^^^^^^
  File "/root/.cache/user_artifacts/trainers_main/server/.venv/lib/python3.12/site-packages/requests/sessions.py", line 637, in post
    return self.request("POST", url, data=data, json=json, **kwargs)
           ^^^^^^^^^^^^^^^^^^^^^^^^^^^^^^^^^^^^^^^^^^^^^^^^^^^^^^^^^
  File "/root/.cache/user_artifacts/trainers_main/server/.venv/lib/python3.12/site-packages/requests/sessions.py", line 589, in request
    resp = self.send(prep, **send_kwargs)
           ^^^^^^^^^^^^^^^^^^^^^^^^^^^^^^
  File "/root/.cache/user_artifacts/trainers_main/server/.venv/lib/python3.12/site-packages/requests/sessions.py", line 703, in send
    r = adapter.send(request, **kwargs)
        ^^^^^^^^^^^^^^^^^^^^^^^^^^^^^^^
  File "/root/.cache/user_artifacts/trainers_main/server/.venv/lib/python3.12/site-packages/requests/adapters.py", line 677, in send
    raise ConnectionError(e, request=request)
requests.exceptions.ConnectionError: HTTPConnectionPool(host='localhost', port=4318): Max retries exceeded with url: /v1/traces (Caused by NewConnectionError("HTTPConnection(host='localhost', port=4318): Failed to establish a new connection: [Errno 111] Connection refused"))
WARNING:megatron.core.transformer.moe.token_dispatcher:BT_MOE_PROBS_A2A_COMM window 25 (300 gated dispatches): {'token_issues': 7500, 'probs_issues': 7500, 'waits': 15000}
WARNING:megatron.core.transformer.moe.token_dispatcher:BT_MOE_PROBS_A2A_COMM window 25 (300 gated dispatches): {'token_issues': 7500, 'probs_issues': 7500, 'waits': 15000}
WARNING:megatron.core.transformer.moe.token_dispatcher:BT_MOE_PROBS_A2A_COMM window 25 (300 gated dispatches): {'token_issues': 7500, 'probs_issues': 7500, 'waits': 15000}
WARNING:megatron.core.transformer.moe.token_dispatcher:BT_MOE_PROBS_A2A_COMM window 25 (300 gated dispatches): {'token_issues': 7500, 'probs_issues': 7500, 'waits': 15000}
WARNING:megatron.core.transformer.moe.token_dispatcher:BT_MOE_PROBS_A2A_COMM window 25 (300 gated dispatches): {'token_issues': 7500, 'probs_issues': 7500, 'waits': 15000}
WARNING:megatron.core.transformer.moe.token_dispatcher:BT_MOE_PROBS_A2A_COMM window 25 (300 gated dispatches): {'token_issues': 7500, 'probs_issues': 7500, 'waits': 15000}
WARNING:megatron.core.transformer.moe.token_dispatcher:BT_MOE_PROBS_A2A_COMM window 25 (300 gated dispatches): {'token_issues': 7500, 'probs_issues': 7500, 'waits': 15000}
WARNING:megatron.core.transformer.moe.token_dispatcher:BT_MOE_PROBS_A2A_COMM window 25 (300 gated dispatches): {'token_issues': 7500, 'probs_issues': 7500, 'waits': 15000}
WARNING:megatron.core.transformer.moe.token_dispatcher:BT_MOE_PROBS_A2A_COMM window 25 (300 gated dispatches): {'token_issues': 7500, 'probs_issues': 7500, 'waits': 15000}
WARNING:megatron.core.transformer.moe.token_dispatcher:BT_MOE_PROBS_A2A_COMM window 25 (300 gated dispatches): {'token_issues': 7500, 'probs_issues': 7500, 'waits': 15000}
WARNING:megatron.core.transformer.moe.token_dispatcher:BT_MOE_PROBS_A2A_COMM window 25 (300 gated dispatches): {'token_issues': 7500, 'probs_issues': 7500, 'waits': 15000}
WARNING:megatron.core.transformer.moe.token_dispatcher:BT_MOE_PROBS_A2A_COMM window 25 (300 gated dispatches): {'token_issues': 7500, 'probs_issues': 7500, 'waits': 15000}
WARNING:megatron.core.transformer.moe.token_dispatcher:BT_MOE_PROBS_A2A_COMM window 25 (300 gated dispatches): {'token_issues': 7500, 'probs_issues': 7500, 'waits': 15000}
WARNING:megatron.core.transformer.moe.token_dispatcher:BT_MOE_PROBS_A2A_COMM window 25 (300 gated dispatches): {'token_issues': 7500, 'probs_issues': 7500, 'waits': 15000}
WARNING:megatron.core.transformer.moe.token_dispatcher:BT_MOE_PROBS_A2A_COMM window 25 (300 gated dispatches): {'token_issues': 7500, 'probs_issues': 7500, 'waits': 15000}
WARNING:megatron.core.transformer.moe.token_dispatcher:BT_MOE_PROBS_A2A_COMM window 25 (300 gated dispatches): {'token_issues': 7500, 'probs_issues': 7500, 'waits': 15000}
WARNING:megatron.core.transformer.moe.token_dispatcher:BT_MOE_PROBS_A2A_COMM window 26 (300 gated dispatches): {'token_issues': 7800, 'probs_issues': 7800, 'waits': 15600}
WARNING:megatron.core.transformer.moe.token_dispatcher:BT_MOE_PROBS_A2A_COMM window 26 (300 gated dispatches): {'token_issues': 7800, 'probs_issues': 7800, 'waits': 15600}
WARNING:megatron.core.transformer.moe.token_dispatcher:BT_MOE_PROBS_A2A_COMM window 26 (300 gated dispatches): {'token_issues': 7800, 'probs_issues': 7800, 'waits': 15600}
WARNING:megatron.core.transformer.moe.token_dispatcher:BT_MOE_PROBS_A2A_COMM window 26 (300 gated dispatches): {'token_issues': 7800, 'probs_issues': 7800, 'waits': 15600}
WARNING:megatron.core.transformer.moe.token_dispatcher:BT_MOE_PROBS_A2A_COMM window 26 (300 gated dispatches): {'token_issues': 7800, 'probs_issues': 7800, 'waits': 15600}
WARNING:megatron.core.transformer.moe.token_dispatcher:BT_MOE_PROBS_A2A_COMM window 26 (300 gated dispatches): {'token_issues': 7800, 'probs_issues': 7800, 'waits': 15600}
WARNING:megatron.core.transformer.moe.token_dispatcher:BT_MOE_PROBS_A2A_COMM window 26 (300 gated dispatches): {'token_issues': 7800, 'probs_issues': 7800, 'waits': 15600}
WARNING:megatron.core.transformer.moe.token_dispatcher:BT_MOE_PROBS_A2A_COMM window 26 (300 gated dispatches): {'token_issues': 7800, 'probs_issues': 7800, 'waits': 15600}
WARNING:megatron.core.transformer.moe.token_dispatcher:BT_MOE_PROBS_A2A_COMM window 26 (300 gated dispatches): {'token_issues': 7800, 'probs_issues': 7800, 'waits': 15600}
WARNING:megatron.core.transformer.moe.token_dispatcher:BT_MOE_PROBS_A2A_COMM window 26 (300 gated dispatches): {'token_issues': 7800, 'probs_issues': 7800, 'waits': 15600}
WARNING:megatron.core.transformer.moe.token_dispatcher:BT_MOE_PROBS_A2A_COMM window 26 (300 gated dispatches): {'token_issues': 7800, 'probs_issues': 7800, 'waits': 15600}
WARNING:megatron.core.transformer.moe.token_dispatcher:BT_MOE_PROBS_A2A_COMM window 26 (300 gated dispatches): {'token_issues': 7800, 'probs_issues': 7800, 'waits': 15600}
WARNING:megatron.core.transformer.moe.token_dispatcher:BT_MOE_PROBS_A2A_COMM window 26 (300 gated dispatches): {'token_issues': 7800, 'probs_issues': 7800, 'waits': 15600}
WARNING:megatron.core.transformer.moe.token_dispatcher:BT_MOE_PROBS_A2A_COMM window 26 (300 gated dispatches): {'token_issues': 7800, 'probs_issues': 7800, 'waits': 15600}
WARNING:megatron.core.transformer.moe.token_dispatcher:BT_MOE_PROBS_A2A_COMM window 26 (300 gated dispatches): {'token_issues': 7800, 'probs_issues': 7800, 'waits': 15600}
WARNING:megatron.core.transformer.moe.token_dispatcher:BT_MOE_PROBS_A2A_COMM window 26 (300 gated dispatches): {'token_issues': 7800, 'probs_issues': 7800, 'waits': 15600}
WARNING:megatron.core.transformer.experimental_attention_variant.dsa_cudnn_kernels:BT_DSA_BWD_ASYNC_NONEMPTY_V3 window 13 (312 probe reads): {'kicks': 4056, 'hits': 4056, 'misses': 0, 'probe_dropped': 0, 'fallbacks': 0, 'verifies': 4055}
WARNING:megatron.core.transformer.experimental_attention_variant.dsa_cudnn_kernels:BT_DSA_BWD_ASYNC_NONEMPTY_V3 window 13 (312 probe reads): {'kicks': 4056, 'hits': 4056, 'misses': 0, 'probe_dropped': 0, 'fallbacks': 0, 'verifies': 4055}
WARNING:megatron.core.transformer.experimental_attention_variant.dsa_cudnn_kernels:BT_DSA_BWD_ASYNC_NONEMPTY_V3 window 13 (312 probe reads): {'kicks': 4056, 'hits': 4056, 'misses': 0, 'probe_dropped': 0, 'fallbacks': 0, 'verifies': 4055}
WARNING:megatron.core.transformer.experimental_attention_variant.dsa_cudnn_kernels:BT_DSA_BWD_ASYNC_NONEMPTY_V3 window 13 (312 probe reads): {'kicks': 4056, 'hits': 4056, 'misses': 0, 'probe_dropped': 0, 'fallbacks': 0, 'verifies': 4055}
WARNING:megatron.core.transformer.experimental_attention_variant.dsa_cudnn_kernels:BT_DSA_BWD_ASYNC_NONEMPTY_V3 window 13 (312 probe reads): {'kicks': 4056, 'hits': 4056, 'misses': 0, 'probe_dropped': 0, 'fallbacks': 0, 'verifies': 4055}
WARNING:megatron.core.transformer.experimental_attention_variant.dsa_cudnn_kernels:BT_DSA_BWD_ASYNC_NONEMPTY_V3 window 13 (312 probe reads): {'kicks': 4056, 'hits': 4056, 'misses': 0, 'probe_dropped': 0, 'fallbacks': 0, 'verifies': 4055}
WARNING:megatron.core.transformer.experimental_attention_variant.dsa_cudnn_kernels:BT_DSA_BWD_ASYNC_NONEMPTY_V3 window 13 (312 probe reads): {'kicks': 4056, 'hits': 4056, 'misses': 0, 'probe_dropped': 0, 'fallbacks': 0, 'verifies': 4055}
WARNING:megatron.core.transformer.experimental_attention_variant.dsa_cudnn_kernels:BT_DSA_BWD_ASYNC_NONEMPTY_V3 window 13 (312 probe reads): {'kicks': 4056, 'hits': 4056, 'misses': 0, 'probe_dropped': 0, 'fallbacks': 0, 'verifies': 4055}
WARNING:megatron.core.transformer.experimental_attention_variant.dsa_cudnn_kernels:BT_DSA_BWD_ASYNC_NONEMPTY_V3 window 13 (312 probe reads): {'kicks': 4056, 'hits': 4056, 'misses': 0, 'probe_dropped': 0, 'fallbacks': 0, 'verifies': 4055}
WARNING:megatron.core.transformer.experimental_attention_variant.dsa_cudnn_kernels:BT_DSA_BWD_ASYNC_NONEMPTY_V3 window 13 (312 probe reads): {'kicks': 4056, 'hits': 4056, 'misses': 0, 'probe_dropped': 0, 'fallbacks': 0, 'verifies': 4055}
WARNING:megatron.core.transformer.experimental_attention_variant.dsa_cudnn_kernels:BT_DSA_BWD_ASYNC_NONEMPTY_V3 window 13 (312 probe reads): {'kicks': 4056, 'hits': 4056, 'misses': 0, 'probe_dropped': 0, 'fallbacks': 0, 'verifies': 4055}
WARNING:megatron.core.transformer.experimental_attention_variant.dsa_cudnn_kernels:BT_DSA_BWD_ASYNC_NONEMPTY_V3 window 13 (312 probe reads): {'kicks': 4056, 'hits': 4056, 'misses': 0, 'probe_dropped': 0, 'fallbacks': 0, 'verifies': 4055}
WARNING:megatron.core.transformer.experimental_attention_variant.dsa_cudnn_kernels:BT_DSA_BWD_ASYNC_NONEMPTY_V3 window 13 (312 probe reads): {'kicks': 4056, 'hits': 4056, 'misses': 0, 'probe_dropped': 0, 'fallbacks': 0, 'verifies': 4055}
WARNING:megatron.core.transformer.experimental_attention_variant.dsa_cudnn_kernels:BT_DSA_BWD_ASYNC_NONEMPTY_V3 window 13 (312 probe reads): {'kicks': 4056, 'hits': 4056, 'misses': 0, 'probe_dropped': 0, 'fallbacks': 0, 'verifies': 4055}
WARNING:megatron.core.transformer.experimental_attention_variant.dsa_cudnn_kernels:BT_DSA_BWD_ASYNC_NONEMPTY_V3 window 13 (312 probe reads): {'kicks': 4056, 'hits': 4056, 'misses': 0, 'probe_dropped': 0, 'fallbacks': 0, 'verifies': 4055}
WARNING:megatron.core.transformer.experimental_attention_variant.dsa_cudnn_kernels:BT_DSA_BWD_ASYNC_NONEMPTY_V3 window 13 (312 probe reads): {'kicks': 4056, 'hits': 4056, 'misses': 0, 'probe_dropped': 0, 'fallbacks': 0, 'verifies': 4055}
INFO:trainers_server.dp_worker.api.dispatcher_worker:dispatcher_worker: op=forward_backward operation_id=09b5e87f654749d89ae1ff85d8f0016e done in 46.79s {'loss': 12.156878714589803}
INFO:trainers_server.dp_worker.api.server:retrieve: operation_id=09b5e87f654749d89ae1ff85d8f0016e done after 16.81s
INFO:     127.0.0.1:56060 - "GET /operations/09b5e87f654749d89ae1ff85d8f0016e HTTP/1.1" 200 OK
INFO:trainers_server.dp_worker.api.server:submit: op=optim_step operation_id=5cc502a4fbba42a190080a26c8725a0f enqueued (qsize=1) 
INFO:     127.0.0.1:56060 - "POST /optim_step HTTP/1.1" 202 Accepted
INFO:trainers_server.dp_worker.api.dispatcher_worker:dispatcher_worker: op=optim_step operation_id=5cc502a4fbba42a190080a26c8725a0f done in 0.04s step=13.0 learning_rate=1e-05 lr=1e-05 grad_norm=0.3858790099620819 tps=11197.838012370275 train_mean_nll=12.156878714589803 num_tokens=524288.0 num_loss_tokens=524284.0 step_seconds=46.820466541917995
INFO:trainers_server.dp_worker.api.server:retrieve: operation_id=5cc502a4fbba42a190080a26c8725a0f done after 0.04s
INFO:     127.0.0.1:56060 - "GET /operations/5cc502a4fbba42a190080a26c8725a0f HTTP/1.1" 200 OK
INFO:trainers_server.dp_worker.api.server:submit: op=forward_backward operation_id=88ef868c59e84dfba76e4b816eb0f6fb enqueued (qsize=1) n_datums=4 total_tokens=524288 seq_len[min/max]=131072/131072
INFO:     127.0.0.1:56060 - "POST /forward_backward HTTP/1.1" 202 Accepted
ERROR:opentelemetry.sdk.trace.export:Exception while exporting Span batch.
Traceback (most recent call last):
  File "/root/.cache/user_artifacts/trainers_main/server/.venv/lib/python3.12/site-packages/urllib3/connection.py", line 204, in _new_conn
    sock = connection.create_connection(
           ^^^^^^^^^^^^^^^^^^^^^^^^^^^^^
  File "/root/.cache/user_artifacts/trainers_main/server/.venv/lib/python3.12/site-packages/urllib3/util/connection.py", line 85, in create_connection
    raise err
  File "/root/.cache/user_artifacts/trainers_main/server/.venv/lib/python3.12/site-packages/urllib3/util/connection.py", line 73, in create_connection
    sock.connect(sa)
ConnectionRefusedError: [Errno 111] Connection refused

The above exception was the direct cause of the following exception:

Traceback (most recent call last):
  File "/root/.cache/user_artifacts/trainers_main/server/.venv/lib/python3.12/site-packages/urllib3/connectionpool.py", line 787, in urlopen
    response = self._make_request(
               ^^^^^^^^^^^^^^^^^^^
  File "/root/.cache/user_artifacts/trainers_main/server/.venv/lib/python3.12/site-packages/urllib3/connectionpool.py", line 493, in _make_request
    conn.request(
  File "/root/.cache/user_artifacts/trainers_main/server/.venv/lib/python3.12/site-packages/urllib3/connection.py", line 500, in request
    self.endheaders()
  File "/usr/lib/python3.12/http/client.py", line 1360, in endheaders
    self._send_output(message_body, encode_chunked=encode_chunked)
  File "/usr/lib/python3.12/http/client.py", line 1120, in _send_output
    self.send(msg)
  File "/usr/lib/python3.12/http/client.py", line 1064, in send
    self.connect()
  File "/root/.cache/user_artifacts/trainers_main/server/.venv/lib/python3.12/site-packages/urllib3/connection.py", line 331, in connect
    self.sock = self._new_conn()
                ^^^^^^^^^^^^^^^^
  File "/root/.cache/user_artifacts/trainers_main/server/.venv/lib/python3.12/site-packages/urllib3/connection.py", line 219, in _new_conn
    raise NewConnectionError(
urllib3.exceptions.NewConnectionError: HTTPConnection(host='localhost', port=4318): Failed to establish a new connection: [Errno 111] Connection refused

The above exception was the direct cause of the following exception:

Traceback (most recent call last):
  File "/root/.cache/user_artifacts/trainers_main/server/.venv/lib/python3.12/site-packages/requests/adapters.py", line 644, in send
    resp = conn.urlopen(
           ^^^^^^^^^^^^^
  File "/root/.cache/user_artifacts/trainers_main/server/.venv/lib/python3.12/site-packages/urllib3/connectionpool.py", line 841, in urlopen
    retries = retries.increment(
              ^^^^^^^^^^^^^^^^^^
  File "/root/.cache/user_artifacts/trainers_main/server/.venv/lib/python3.12/site-packages/urllib3/util/retry.py", line 535, in increment
    raise MaxRetryError(_pool, url, reason) from reason  # type: ignore[arg-type]
    ^^^^^^^^^^^^^^^^^^^^^^^^^^^^^^^^^^^^^^^^^^^^^^^^^^^
urllib3.exceptions.MaxRetryError: HTTPConnectionPool(host='localhost', port=4318): Max retries exceeded with url: /v1/traces (Caused by NewConnectionError("HTTPConnection(host='localhost', port=4318): Failed to establish a new connection: [Errno 111] Connection refused"))

During handling of the above exception, another exception occurred:

Traceback (most recent call last):
  File "/root/.cache/user_artifacts/trainers_main/server/.venv/lib/python3.12/site-packages/opentelemetry/sdk/trace/export/__init__.py", line 362, in _export_batch
    self.span_exporter.export(self.spans_list[:idx])  # type: ignore
    ^^^^^^^^^^^^^^^^^^^^^^^^^^^^^^^^^^^^^^^^^^^^^^^^
  File "/root/.cache/user_artifacts/trainers_main/server/.venv/lib/python3.12/site-packages/opentelemetry/exporter/otlp/proto/http/trace_exporter/__init__.py", line 139, in export
    resp = self._export(serialized_data)
           ^^^^^^^^^^^^^^^^^^^^^^^^^^^^^
  File "/root/.cache/user_artifacts/trainers_main/server/.venv/lib/python3.12/site-packages/opentelemetry/exporter/otlp/proto/http/trace_exporter/__init__.py", line 110, in _export
    return self._session.post(
           ^^^^^^^^^^^^^^^^^^^
  File "/root/.cache/user_artifacts/trainers_main/server/.venv/lib/python3.12/site-packages/requests/sessions.py", line 637, in post
    return self.request("POST", url, data=data, json=json, **kwargs)
           ^^^^^^^^^^^^^^^^^^^^^^^^^^^^^^^^^^^^^^^^^^^^^^^^^^^^^^^^^
  File "/root/.cache/user_artifacts/trainers_main/server/.venv/lib/python3.12/site-packages/requests/sessions.py", line 589, in request
    resp = self.send(prep, **send_kwargs)
           ^^^^^^^^^^^^^^^^^^^^^^^^^^^^^^
  File "/root/.cache/user_artifacts/trainers_main/server/.venv/lib/python3.12/site-packages/requests/sessions.py", line 703, in send
    r = adapter.send(request, **kwargs)
        ^^^^^^^^^^^^^^^^^^^^^^^^^^^^^^^
  File "/root/.cache/user_artifacts/trainers_main/server/.venv/lib/python3.12/site-packages/requests/adapters.py", line 677, in send
    raise ConnectionError(e, request=request)
requests.exceptions.ConnectionError: HTTPConnectionPool(host='localhost', port=4318): Max retries exceeded with url: /v1/traces (Caused by NewConnectionError("HTTPConnection(host='localhost', port=4318): Failed to establish a new connection: [Errno 111] Connection refused"))
WARNING:megatron.core.transformer.moe.token_dispatcher:BT_MOE_PROBS_A2A_COMM window 27 (300 gated dispatches): {'token_issues': 8100, 'probs_issues': 8100, 'waits': 16200}
WARNING:megatron.core.transformer.moe.token_dispatcher:BT_MOE_PROBS_A2A_COMM window 27 (300 gated dispatches): {'token_issues': 8100, 'probs_issues': 8100, 'waits': 16200}
WARNING:megatron.core.transformer.moe.token_dispatcher:BT_MOE_PROBS_A2A_COMM window 27 (300 gated dispatches): {'token_issues': 8100, 'probs_issues': 8100, 'waits': 16200}
WARNING:megatron.core.transformer.moe.token_dispatcher:BT_MOE_PROBS_A2A_COMM window 27 (300 gated dispatches): {'token_issues': 8100, 'probs_issues': 8100, 'waits': 16200}
WARNING:megatron.core.transformer.moe.token_dispatcher:BT_MOE_PROBS_A2A_COMM window 27 (300 gated dispatches): {'token_issues': 8100, 'probs_issues': 8100, 'waits': 16200}
WARNING:megatron.core.transformer.moe.token_dispatcher:BT_MOE_PROBS_A2A_COMM window 27 (300 gated dispatches): {'token_issues': 8100, 'probs_issues': 8100, 'waits': 16200}
WARNING:megatron.core.transformer.moe.token_dispatcher:BT_MOE_PROBS_A2A_COMM window 27 (300 gated dispatches): {'token_issues': 8100, 'probs_issues': 8100, 'waits': 16200}
WARNING:megatron.core.transformer.moe.token_dispatcher:BT_MOE_PROBS_A2A_COMM window 27 (300 gated dispatches): {'token_issues': 8100, 'probs_issues': 8100, 'waits': 16200}
WARNING:megatron.core.transformer.moe.token_dispatcher:BT_MOE_PROBS_A2A_COMM window 27 (300 gated dispatches): {'token_issues': 8100, 'probs_issues': 8100, 'waits': 16200}
WARNING:megatron.core.transformer.moe.token_dispatcher:BT_MOE_PROBS_A2A_COMM window 27 (300 gated dispatches): {'token_issues': 8100, 'probs_issues': 8100, 'waits': 16200}
WARNING:megatron.core.transformer.moe.token_dispatcher:BT_MOE_PROBS_A2A_COMM window 27 (300 gated dispatches): {'token_issues': 8100, 'probs_issues': 8100, 'waits': 16200}
WARNING:megatron.core.transformer.moe.token_dispatcher:BT_MOE_PROBS_A2A_COMM window 27 (300 gated dispatches): {'token_issues': 8100, 'probs_issues': 8100, 'waits': 16200}
WARNING:megatron.core.transformer.moe.token_dispatcher:BT_MOE_PROBS_A2A_COMM window 27 (300 gated dispatches): {'token_issues': 8100, 'probs_issues': 8100, 'waits': 16200}
WARNING:megatron.core.transformer.moe.token_dispatcher:BT_MOE_PROBS_A2A_COMM window 27 (300 gated dispatches): {'token_issues': 8100, 'probs_issues': 8100, 'waits': 16200}
WARNING:megatron.core.transformer.moe.token_dispatcher:BT_MOE_PROBS_A2A_COMM window 27 (300 gated dispatches): {'token_issues': 8100, 'probs_issues': 8100, 'waits': 16200}
WARNING:megatron.core.transformer.moe.token_dispatcher:BT_MOE_PROBS_A2A_COMM window 27 (300 gated dispatches): {'token_issues': 8100, 'probs_issues': 8100, 'waits': 16200}
WARNING:megatron.core.transformer.moe.token_dispatcher:BT_MOE_PROBS_A2A_COMM window 28 (300 gated dispatches): {'token_issues': 8400, 'probs_issues': 8400, 'waits': 16800}
WARNING:megatron.core.transformer.moe.token_dispatcher:BT_MOE_PROBS_A2A_COMM window 28 (300 gated dispatches): {'token_issues': 8400, 'probs_issues': 8400, 'waits': 16800}
WARNING:megatron.core.transformer.moe.token_dispatcher:BT_MOE_PROBS_A2A_COMM window 28 (300 gated dispatches): {'token_issues': 8400, 'probs_issues': 8400, 'waits': 16800}
WARNING:megatron.core.transformer.moe.token_dispatcher:BT_MOE_PROBS_A2A_COMM window 28 (300 gated dispatches): {'token_issues': 8400, 'probs_issues': 8400, 'waits': 16800}
WARNING:megatron.core.transformer.moe.token_dispatcher:BT_MOE_PROBS_A2A_COMM window 28 (300 gated dispatches): {'token_issues': 8400, 'probs_issues': 8400, 'waits': 16800}
WARNING:megatron.core.transformer.moe.token_dispatcher:BT_MOE_PROBS_A2A_COMM window 28 (300 gated dispatches): {'token_issues': 8400, 'probs_issues': 8400, 'waits': 16800}
WARNING:megatron.core.transformer.moe.token_dispatcher:BT_MOE_PROBS_A2A_COMM window 28 (300 gated dispatches): {'token_issues': 8400, 'probs_issues': 8400, 'waits': 16800}
WARNING:megatron.core.transformer.moe.token_dispatcher:BT_MOE_PROBS_A2A_COMM window 28 (300 gated dispatches): {'token_issues': 8400, 'probs_issues': 8400, 'waits': 16800}
WARNING:megatron.core.transformer.moe.token_dispatcher:BT_MOE_PROBS_A2A_COMM window 28 (300 gated dispatches): {'token_issues': 8400, 'probs_issues': 8400, 'waits': 16800}
WARNING:megatron.core.transformer.moe.token_dispatcher:BT_MOE_PROBS_A2A_COMM window 28 (300 gated dispatches): {'token_issues': 8400, 'probs_issues': 8400, 'waits': 16800}
WARNING:megatron.core.transformer.moe.token_dispatcher:BT_MOE_PROBS_A2A_COMM window 28 (300 gated dispatches): {'token_issues': 8400, 'probs_issues': 8400, 'waits': 16800}
WARNING:megatron.core.transformer.moe.token_dispatcher:BT_MOE_PROBS_A2A_COMM window 28 (300 gated dispatches): {'token_issues': 8400, 'probs_issues': 8400, 'waits': 16800}
WARNING:megatron.core.transformer.moe.token_dispatcher:BT_MOE_PROBS_A2A_COMM window 28 (300 gated dispatches): {'token_issues': 8400, 'probs_issues': 8400, 'waits': 16800}
WARNING:megatron.core.transformer.moe.token_dispatcher:BT_MOE_PROBS_A2A_COMM window 28 (300 gated dispatches): {'token_issues': 8400, 'probs_issues': 8400, 'waits': 16800}
WARNING:megatron.core.transformer.moe.token_dispatcher:BT_MOE_PROBS_A2A_COMM window 28 (300 gated dispatches): {'token_issues': 8400, 'probs_issues': 8400, 'waits': 16800}
WARNING:megatron.core.transformer.moe.token_dispatcher:BT_MOE_PROBS_A2A_COMM window 28 (300 gated dispatches): {'token_issues': 8400, 'probs_issues': 8400, 'waits': 16800}
WARNING:megatron.core.transformer.experimental_attention_variant.dsa_cudnn_kernels:BT_DSA_BWD_ASYNC_NONEMPTY_V3 window 14 (312 probe reads): {'kicks': 4368, 'hits': 4368, 'misses': 0, 'probe_dropped': 0, 'fallbacks': 0, 'verifies': 4367}
WARNING:megatron.core.transformer.experimental_attention_variant.dsa_cudnn_kernels:BT_DSA_BWD_ASYNC_NONEMPTY_V3 window 14 (312 probe reads): {'kicks': 4368, 'hits': 4368, 'misses': 0, 'probe_dropped': 0, 'fallbacks': 0, 'verifies': 4367}
WARNING:megatron.core.transformer.experimental_attention_variant.dsa_cudnn_kernels:BT_DSA_BWD_ASYNC_NONEMPTY_V3 window 14 (312 probe reads): {'kicks': 4368, 'hits': 4368, 'misses': 0, 'probe_dropped': 0, 'fallbacks': 0, 'verifies': 4367}
WARNING:megatron.core.transformer.experimental_attention_variant.dsa_cudnn_kernels:BT_DSA_BWD_ASYNC_NONEMPTY_V3 window 14 (312 probe reads): {'kicks': 4368, 'hits': 4368, 'misses': 0, 'probe_dropped': 0, 'fallbacks': 0, 'verifies': 4367}
WARNING:megatron.core.transformer.experimental_attention_variant.dsa_cudnn_kernels:BT_DSA_BWD_ASYNC_NONEMPTY_V3 window 14 (312 probe reads): {'kicks': 4368, 'hits': 4368, 'misses': 0, 'probe_dropped': 0, 'fallbacks': 0, 'verifies': 4367}
WARNING:megatron.core.transformer.experimental_attention_variant.dsa_cudnn_kernels:BT_DSA_BWD_ASYNC_NONEMPTY_V3 window 14 (312 probe reads): {'kicks': 4368, 'hits': 4368, 'misses': 0, 'probe_dropped': 0, 'fallbacks': 0, 'verifies': 4367}
WARNING:megatron.core.transformer.experimental_attention_variant.dsa_cudnn_kernels:BT_DSA_BWD_ASYNC_NONEMPTY_V3 window 14 (312 probe reads): {'kicks': 4368, 'hits': 4368, 'misses': 0, 'probe_dropped': 0, 'fallbacks': 0, 'verifies': 4367}
WARNING:megatron.core.transformer.experimental_attention_variant.dsa_cudnn_kernels:BT_DSA_BWD_ASYNC_NONEMPTY_V3 window 14 (312 probe reads): {'kicks': 4368, 'hits': 4368, 'misses': 0, 'probe_dropped': 0, 'fallbacks': 0, 'verifies': 4367}
WARNING:megatron.core.transformer.experimental_attention_variant.dsa_cudnn_kernels:BT_DSA_BWD_ASYNC_NONEMPTY_V3 window 14 (312 probe reads): {'kicks': 4368, 'hits': 4368, 'misses': 0, 'probe_dropped': 0, 'fallbacks': 0, 'verifies': 4367}
WARNING:megatron.core.transformer.experimental_attention_variant.dsa_cudnn_kernels:BT_DSA_BWD_ASYNC_NONEMPTY_V3 window 14 (312 probe reads): {'kicks': 4368, 'hits': 4368, 'misses': 0, 'probe_dropped': 0, 'fallbacks': 0, 'verifies': 4367}
WARNING:megatron.core.transformer.experimental_attention_variant.dsa_cudnn_kernels:BT_DSA_BWD_ASYNC_NONEMPTY_V3 window 14 (312 probe reads): {'kicks': 4368, 'hits': 4368, 'misses': 0, 'probe_dropped': 0, 'fallbacks': 0, 'verifies': 4367}
WARNING:megatron.core.transformer.experimental_attention_variant.dsa_cudnn_kernels:BT_DSA_BWD_ASYNC_NONEMPTY_V3 window 14 (312 probe reads): {'kicks': 4368, 'hits': 4368, 'misses': 0, 'probe_dropped': 0, 'fallbacks': 0, 'verifies': 4367}
WARNING:megatron.core.transformer.experimental_attention_variant.dsa_cudnn_kernels:BT_DSA_BWD_ASYNC_NONEMPTY_V3 window 14 (312 probe reads): {'kicks': 4368, 'hits': 4368, 'misses': 0, 'probe_dropped': 0, 'fallbacks': 0, 'verifies': 4367}
WARNING:megatron.core.transformer.experimental_attention_variant.dsa_cudnn_kernels:BT_DSA_BWD_ASYNC_NONEMPTY_V3 window 14 (312 probe reads): {'kicks': 4368, 'hits': 4368, 'misses': 0, 'probe_dropped': 0, 'fallbacks': 0, 'verifies': 4367}
WARNING:megatron.core.transformer.experimental_attention_variant.dsa_cudnn_kernels:BT_DSA_BWD_ASYNC_NONEMPTY_V3 window 14 (312 probe reads): {'kicks': 4368, 'hits': 4368, 'misses': 0, 'probe_dropped': 0, 'fallbacks': 0, 'verifies': 4367}
WARNING:megatron.core.transformer.experimental_attention_variant.dsa_cudnn_kernels:BT_DSA_BWD_ASYNC_NONEMPTY_V3 window 14 (312 probe reads): {'kicks': 4368, 'hits': 4368, 'misses': 0, 'probe_dropped': 0, 'fallbacks': 0, 'verifies': 4367}
INFO:trainers_server.dp_worker.api.dispatcher_worker:dispatcher_worker: op=forward_backward operation_id=88ef868c59e84dfba76e4b816eb0f6fb done in 47.62s {'loss': 12.144751699460597}
INFO:trainers_server.dp_worker.api.server:retrieve: operation_id=88ef868c59e84dfba76e4b816eb0f6fb done after 17.64s
INFO:     127.0.0.1:56060 - "GET /operations/88ef868c59e84dfba76e4b816eb0f6fb HTTP/1.1" 200 OK
INFO:trainers_server.dp_worker.api.server:submit: op=optim_step operation_id=8d9d5a84f16d45b6af0fdcf7237f1921 enqueued (qsize=1) 
INFO:     127.0.0.1:56060 - "POST /optim_step HTTP/1.1" 202 Accepted
INFO:trainers_server.dp_worker.api.dispatcher_worker:dispatcher_worker: op=optim_step operation_id=8d9d5a84f16d45b6af0fdcf7237f1921 done in 0.04s step=14.0 learning_rate=1e-05 lr=1e-05 grad_norm=0.36516737937927246 tps=11004.738946856733 train_mean_nll=12.144751699460597 num_tokens=524288.0 num_loss_tokens=524284.0 step_seconds=47.64202063600533
INFO:trainers_server.dp_worker.api.server:retrieve: operation_id=8d9d5a84f16d45b6af0fdcf7237f1921 done after 0.04s
INFO:     127.0.0.1:56060 - "GET /operations/8d9d5a84f16d45b6af0fdcf7237f1921 HTTP/1.1" 200 OK
INFO:trainers_server.dp_worker.api.server:submit: op=forward_backward operation_id=e75d8a547ece49378c45994ec52bc157 enqueued (qsize=1) n_datums=4 total_tokens=524288 seq_len[min/max]=131072/131072
INFO:     127.0.0.1:56060 - "POST /forward_backward HTTP/1.1" 202 Accepted
ERROR:opentelemetry.sdk.trace.export:Exception while exporting Span batch.
Traceback (most recent call last):
  File "/root/.cache/user_artifacts/trainers_main/server/.venv/lib/python3.12/site-packages/urllib3/connection.py", line 204, in _new_conn
    sock = connection.create_connection(
           ^^^^^^^^^^^^^^^^^^^^^^^^^^^^^
  File "/root/.cache/user_artifacts/trainers_main/server/.venv/lib/python3.12/site-packages/urllib3/util/connection.py", line 85, in create_connection
    raise err
  File "/root/.cache/user_artifacts/trainers_main/server/.venv/lib/python3.12/site-packages/urllib3/util/connection.py", line 73, in create_connection
    sock.connect(sa)
ConnectionRefusedError: [Errno 111] Connection refused

The above exception was the direct cause of the following exception:

Traceback (most recent call last):
  File "/root/.cache/user_artifacts/trainers_main/server/.venv/lib/python3.12/site-packages/urllib3/connectionpool.py", line 787, in urlopen
    response = self._make_request(
               ^^^^^^^^^^^^^^^^^^^
  File "/root/.cache/user_artifacts/trainers_main/server/.venv/lib/python3.12/site-packages/urllib3/connectionpool.py", line 493, in _make_request
    conn.request(
  File "/root/.cache/user_artifacts/trainers_main/server/.venv/lib/python3.12/site-packages/urllib3/connection.py", line 500, in request
    self.endheaders()
  File "/usr/lib/python3.12/http/client.py", line 1360, in endheaders
    self._send_output(message_body, encode_chunked=encode_chunked)
  File "/usr/lib/python3.12/http/client.py", line 1120, in _send_output
    self.send(msg)
  File "/usr/lib/python3.12/http/client.py", line 1064, in send
    self.connect()
  File "/root/.cache/user_artifacts/trainers_main/server/.venv/lib/python3.12/site-packages/urllib3/connection.py", line 331, in connect
    self.sock = self._new_conn()
                ^^^^^^^^^^^^^^^^
  File "/root/.cache/user_artifacts/trainers_main/server/.venv/lib/python3.12/site-packages/urllib3/connection.py", line 219, in _new_conn
    raise NewConnectionError(
urllib3.exceptions.NewConnectionError: HTTPConnection(host='localhost', port=4318): Failed to establish a new connection: [Errno 111] Connection refused

The above exception was the direct cause of the following exception:

Traceback (most recent call last):
  File "/root/.cache/user_artifacts/trainers_main/server/.venv/lib/python3.12/site-packages/requests/adapters.py", line 644, in send
    resp = conn.urlopen(
           ^^^^^^^^^^^^^
  File "/root/.cache/user_artifacts/trainers_main/server/.venv/lib/python3.12/site-packages/urllib3/connectionpool.py", line 841, in urlopen
    retries = retries.increment(
              ^^^^^^^^^^^^^^^^^^
  File "/root/.cache/user_artifacts/trainers_main/server/.venv/lib/python3.12/site-packages/urllib3/util/retry.py", line 535, in increment
    raise MaxRetryError(_pool, url, reason) from reason  # type: ignore[arg-type]
    ^^^^^^^^^^^^^^^^^^^^^^^^^^^^^^^^^^^^^^^^^^^^^^^^^^^
urllib3.exceptions.MaxRetryError: HTTPConnectionPool(host='localhost', port=4318): Max retries exceeded with url: /v1/traces (Caused by NewConnectionError("HTTPConnection(host='localhost', port=4318): Failed to establish a new connection: [Errno 111] Connection refused"))

During handling of the above exception, another exception occurred:

Traceback (most recent call last):
  File "/root/.cache/user_artifacts/trainers_main/server/.venv/lib/python3.12/site-packages/opentelemetry/sdk/trace/export/__init__.py", line 362, in _export_batch
    self.span_exporter.export(self.spans_list[:idx])  # type: ignore
    ^^^^^^^^^^^^^^^^^^^^^^^^^^^^^^^^^^^^^^^^^^^^^^^^
  File "/root/.cache/user_artifacts/trainers_main/server/.venv/lib/python3.12/site-packages/opentelemetry/exporter/otlp/proto/http/trace_exporter/__init__.py", line 139, in export
    resp = self._export(serialized_data)
           ^^^^^^^^^^^^^^^^^^^^^^^^^^^^^
  File "/root/.cache/user_artifacts/trainers_main/server/.venv/lib/python3.12/site-packages/opentelemetry/exporter/otlp/proto/http/trace_exporter/__init__.py", line 110, in _export
    return self._session.post(
           ^^^^^^^^^^^^^^^^^^^
  File "/root/.cache/user_artifacts/trainers_main/server/.venv/lib/python3.12/site-packages/requests/sessions.py", line 637, in post
    return self.request("POST", url, data=data, json=json, **kwargs)
           ^^^^^^^^^^^^^^^^^^^^^^^^^^^^^^^^^^^^^^^^^^^^^^^^^^^^^^^^^
  File "/root/.cache/user_artifacts/trainers_main/server/.venv/lib/python3.12/site-packages/requests/sessions.py", line 589, in request
    resp = self.send(prep, **send_kwargs)
           ^^^^^^^^^^^^^^^^^^^^^^^^^^^^^^
  File "/root/.cache/user_artifacts/trainers_main/server/.venv/lib/python3.12/site-packages/requests/sessions.py", line 703, in send
    r = adapter.send(request, **kwargs)
        ^^^^^^^^^^^^^^^^^^^^^^^^^^^^^^^
  File "/root/.cache/user_artifacts/trainers_main/server/.venv/lib/python3.12/site-packages/requests/adapters.py", line 677, in send
    raise ConnectionError(e, request=request)
requests.exceptions.ConnectionError: HTTPConnectionPool(host='localhost', port=4318): Max retries exceeded with url: /v1/traces (Caused by NewConnectionError("HTTPConnection(host='localhost', port=4318): Failed to establish a new connection: [Errno 111] Connection refused"))
WARNING:megatron.core.transformer.moe.token_dispatcher:BT_MOE_PROBS_A2A_COMM window 29 (300 gated dispatches): {'token_issues': 8700, 'probs_issues': 8700, 'waits': 17400}
WARNING:megatron.core.transformer.moe.token_dispatcher:BT_MOE_PROBS_A2A_COMM window 29 (300 gated dispatches): {'token_issues': 8700, 'probs_issues': 8700, 'waits': 17400}
WARNING:megatron.core.transformer.moe.token_dispatcher:BT_MOE_PROBS_A2A_COMM window 29 (300 gated dispatches): {'token_issues': 8700, 'probs_issues': 8700, 'waits': 17400}
WARNING:megatron.core.transformer.moe.token_dispatcher:BT_MOE_PROBS_A2A_COMM window 29 (300 gated dispatches): {'token_issues': 8700, 'probs_issues': 8700, 'waits': 17400}
WARNING:megatron.core.transformer.moe.token_dispatcher:BT_MOE_PROBS_A2A_COMM window 29 (300 gated dispatches): {'token_issues': 8700, 'probs_issues': 8700, 'waits': 17400}
WARNING:megatron.core.transformer.moe.token_dispatcher:BT_MOE_PROBS_A2A_COMM window 29 (300 gated dispatches): {'token_issues': 8700, 'probs_issues': 8700, 'waits': 17400}
WARNING:megatron.core.transformer.moe.token_dispatcher:BT_MOE_PROBS_A2A_COMM window 29 (300 gated dispatches): {'token_issues': 8700, 'probs_issues': 8700, 'waits': 17400}
WARNING:megatron.core.transformer.moe.token_dispatcher:BT_MOE_PROBS_A2A_COMM window 29 (300 gated dispatches): {'token_issues': 8700, 'probs_issues': 8700, 'waits': 17400}
WARNING:megatron.core.transformer.moe.token_dispatcher:BT_MOE_PROBS_A2A_COMM window 29 (300 gated dispatches): {'token_issues': 8700, 'probs_issues': 8700, 'waits': 17400}
WARNING:megatron.core.transformer.moe.token_dispatcher:BT_MOE_PROBS_A2A_COMM window 29 (300 gated dispatches): {'token_issues': 8700, 'probs_issues': 8700, 'waits': 17400}
WARNING:megatron.core.transformer.moe.token_dispatcher:BT_MOE_PROBS_A2A_COMM window 29 (300 gated dispatches): {'token_issues': 8700, 'probs_issues': 8700, 'waits': 17400}
WARNING:megatron.core.transformer.moe.token_dispatcher:BT_MOE_PROBS_A2A_COMM window 29 (300 gated dispatches): {'token_issues': 8700, 'probs_issues': 8700, 'waits': 17400}
WARNING:megatron.core.transformer.moe.token_dispatcher:BT_MOE_PROBS_A2A_COMM window 29 (300 gated dispatches): {'token_issues': 8700, 'probs_issues': 8700, 'waits': 17400}
WARNING:megatron.core.transformer.moe.token_dispatcher:BT_MOE_PROBS_A2A_COMM window 29 (300 gated dispatches): {'token_issues': 8700, 'probs_issues': 8700, 'waits': 17400}
WARNING:megatron.core.transformer.moe.token_dispatcher:BT_MOE_PROBS_A2A_COMM window 29 (300 gated dispatches): {'token_issues': 8700, 'probs_issues': 8700, 'waits': 17400}
WARNING:megatron.core.transformer.moe.token_dispatcher:BT_MOE_PROBS_A2A_COMM window 29 (300 gated dispatches): {'token_issues': 8700, 'probs_issues': 8700, 'waits': 17400}
INFO:trainers_server.dp_worker.api.server:evicted 2 expired finished ops
WARNING:megatron.core.transformer.moe.token_dispatcher:BT_MOE_PROBS_A2A_COMM window 30 (300 gated dispatches): {'token_issues': 9000, 'probs_issues': 9000, 'waits': 18000}
WARNING:megatron.core.transformer.moe.token_dispatcher:BT_MOE_PROBS_A2A_COMM window 30 (300 gated dispatches): {'token_issues': 9000, 'probs_issues': 9000, 'waits': 18000}
WARNING:megatron.core.transformer.moe.token_dispatcher:BT_MOE_PROBS_A2A_COMM window 30 (300 gated dispatches): {'token_issues': 9000, 'probs_issues': 9000, 'waits': 18000}
WARNING:megatron.core.transformer.moe.token_dispatcher:BT_MOE_PROBS_A2A_COMM window 30 (300 gated dispatches): {'token_issues': 9000, 'probs_issues': 9000, 'waits': 18000}
WARNING:megatron.core.transformer.moe.token_dispatcher:BT_MOE_PROBS_A2A_COMM window 30 (300 gated dispatches): {'token_issues': 9000, 'probs_issues': 9000, 'waits': 18000}
WARNING:megatron.core.transformer.moe.token_dispatcher:BT_MOE_PROBS_A2A_COMM window 30 (300 gated dispatches): {'token_issues': 9000, 'probs_issues': 9000, 'waits': 18000}
WARNING:megatron.core.transformer.moe.token_dispatcher:BT_MOE_PROBS_A2A_COMM window 30 (300 gated dispatches): {'token_issues': 9000, 'probs_issues': 9000, 'waits': 18000}
WARNING:megatron.core.transformer.moe.token_dispatcher:BT_MOE_PROBS_A2A_COMM window 30 (300 gated dispatches): {'token_issues': 9000, 'probs_issues': 9000, 'waits': 18000}
WARNING:megatron.core.transformer.moe.token_dispatcher:BT_MOE_PROBS_A2A_COMM window 30 (300 gated dispatches): {'token_issues': 9000, 'probs_issues': 9000, 'waits': 18000}
WARNING:megatron.core.transformer.moe.token_dispatcher:BT_MOE_PROBS_A2A_COMM window 30 (300 gated dispatches): {'token_issues': 9000, 'probs_issues': 9000, 'waits': 18000}
WARNING:megatron.core.transformer.moe.token_dispatcher:BT_MOE_PROBS_A2A_COMM window 30 (300 gated dispatches): {'token_issues': 9000, 'probs_issues': 9000, 'waits': 18000}
WARNING:megatron.core.transformer.moe.token_dispatcher:BT_MOE_PROBS_A2A_COMM window 30 (300 gated dispatches): {'token_issues': 9000, 'probs_issues': 9000, 'waits': 18000}
WARNING:megatron.core.transformer.moe.token_dispatcher:BT_MOE_PROBS_A2A_COMM window 30 (300 gated dispatches): {'token_issues': 9000, 'probs_issues': 9000, 'waits': 18000}
WARNING:megatron.core.transformer.moe.token_dispatcher:BT_MOE_PROBS_A2A_COMM window 30 (300 gated dispatches): {'token_issues': 9000, 'probs_issues': 9000, 'waits': 18000}
WARNING:megatron.core.transformer.moe.token_dispatcher:BT_MOE_PROBS_A2A_COMM window 30 (300 gated dispatches): {'token_issues': 9000, 'probs_issues': 9000, 'waits': 18000}
WARNING:megatron.core.transformer.moe.token_dispatcher:BT_MOE_PROBS_A2A_COMM window 30 (300 gated dispatches): {'token_issues': 9000, 'probs_issues': 9000, 'waits': 18000}
WARNING:megatron.core.transformer.experimental_attention_variant.dsa_cudnn_kernels:BT_DSA_BWD_ASYNC_NONEMPTY_V3 window 15 (312 probe reads): {'kicks': 4680, 'hits': 4680, 'misses': 0, 'probe_dropped': 0, 'fallbacks': 0, 'verifies': 4679}
WARNING:megatron.core.transformer.experimental_attention_variant.dsa_cudnn_kernels:BT_DSA_BWD_ASYNC_NONEMPTY_V3 window 15 (312 probe reads): {'kicks': 4680, 'hits': 4680, 'misses': 0, 'probe_dropped': 0, 'fallbacks': 0, 'verifies': 4679}
WARNING:megatron.core.transformer.experimental_attention_variant.dsa_cudnn_kernels:BT_DSA_BWD_ASYNC_NONEMPTY_V3 window 15 (312 probe reads): {'kicks': 4680, 'hits': 4680, 'misses': 0, 'probe_dropped': 0, 'fallbacks': 0, 'verifies': 4679}
WARNING:megatron.core.transformer.experimental_attention_variant.dsa_cudnn_kernels:BT_DSA_BWD_ASYNC_NONEMPTY_V3 window 15 (312 probe reads): {'kicks': 4680, 'hits': 4680, 'misses': 0, 'probe_dropped': 0, 'fallbacks': 0, 'verifies': 4679}
WARNING:megatron.core.transformer.experimental_attention_variant.dsa_cudnn_kernels:BT_DSA_BWD_ASYNC_NONEMPTY_V3 window 15 (312 probe reads): {'kicks': 4680, 'hits': 4680, 'misses': 0, 'probe_dropped': 0, 'fallbacks': 0, 'verifies': 4679}
WARNING:megatron.core.transformer.experimental_attention_variant.dsa_cudnn_kernels:BT_DSA_BWD_ASYNC_NONEMPTY_V3 window 15 (312 probe reads): {'kicks': 4680, 'hits': 4680, 'misses': 0, 'probe_dropped': 0, 'fallbacks': 0, 'verifies': 4679}
WARNING:megatron.core.transformer.experimental_attention_variant.dsa_cudnn_kernels:BT_DSA_BWD_ASYNC_NONEMPTY_V3 window 15 (312 probe reads): {'kicks': 4680, 'hits': 4680, 'misses': 0, 'probe_dropped': 0, 'fallbacks': 0, 'verifies': 4679}
WARNING:megatron.core.transformer.experimental_attention_variant.dsa_cudnn_kernels:BT_DSA_BWD_ASYNC_NONEMPTY_V3 window 15 (312 probe reads): {'kicks': 4680, 'hits': 4680, 'misses': 0, 'probe_dropped': 0, 'fallbacks': 0, 'verifies': 4679}
WARNING:megatron.core.transformer.experimental_attention_variant.dsa_cudnn_kernels:BT_DSA_BWD_ASYNC_NONEMPTY_V3 window 15 (312 probe reads): {'kicks': 4680, 'hits': 4680, 'misses': 0, 'probe_dropped': 0, 'fallbacks': 0, 'verifies': 4679}
WARNING:megatron.core.transformer.experimental_attention_variant.dsa_cudnn_kernels:BT_DSA_BWD_ASYNC_NONEMPTY_V3 window 15 (312 probe reads): {'kicks': 4680, 'hits': 4680, 'misses': 0, 'probe_dropped': 0, 'fallbacks': 0, 'verifies': 4679}
WARNING:megatron.core.transformer.experimental_attention_variant.dsa_cudnn_kernels:BT_DSA_BWD_ASYNC_NONEMPTY_V3 window 15 (312 probe reads): {'kicks': 4680, 'hits': 4680, 'misses': 0, 'probe_dropped': 0, 'fallbacks': 0, 'verifies': 4679}
WARNING:megatron.core.transformer.experimental_attention_variant.dsa_cudnn_kernels:BT_DSA_BWD_ASYNC_NONEMPTY_V3 window 15 (312 probe reads): {'kicks': 4680, 'hits': 4680, 'misses': 0, 'probe_dropped': 0, 'fallbacks': 0, 'verifies': 4679}
WARNING:megatron.core.transformer.experimental_attention_variant.dsa_cudnn_kernels:BT_DSA_BWD_ASYNC_NONEMPTY_V3 window 15 (312 probe reads): {'kicks': 4680, 'hits': 4680, 'misses': 0, 'probe_dropped': 0, 'fallbacks': 0, 'verifies': 4679}
WARNING:megatron.core.transformer.experimental_attention_variant.dsa_cudnn_kernels:BT_DSA_BWD_ASYNC_NONEMPTY_V3 window 15 (312 probe reads): {'kicks': 4680, 'hits': 4680, 'misses': 0, 'probe_dropped': 0, 'fallbacks': 0, 'verifies': 4679}
WARNING:megatron.core.transformer.experimental_attention_variant.dsa_cudnn_kernels:BT_DSA_BWD_ASYNC_NONEMPTY_V3 window 15 (312 probe reads): {'kicks': 4680, 'hits': 4680, 'misses': 0, 'probe_dropped': 0, 'fallbacks': 0, 'verifies': 4679}
WARNING:megatron.core.transformer.experimental_attention_variant.dsa_cudnn_kernels:BT_DSA_BWD_ASYNC_NONEMPTY_V3 window 15 (312 probe reads): {'kicks': 4680, 'hits': 4680, 'misses': 0, 'probe_dropped': 0, 'fallbacks': 0, 'verifies': 4679}
INFO:trainers_server.dp_worker.api.dispatcher_worker:dispatcher_worker: op=forward_backward operation_id=e75d8a547ece49378c45994ec52bc157 done in 48.06s {'loss': 12.128025078011154}
INFO:trainers_server.dp_worker.api.server:retrieve: operation_id=e75d8a547ece49378c45994ec52bc157 done after 18.08s
INFO:     127.0.0.1:56060 - "GET /operations/e75d8a547ece49378c45994ec52bc157 HTTP/1.1" 200 OK
INFO:trainers_server.dp_worker.api.server:submit: op=optim_step operation_id=0db27d8a04fa403c8302ea1ee5a6ed17 enqueued (qsize=1) 
INFO:     127.0.0.1:56060 - "POST /optim_step HTTP/1.1" 202 Accepted
INFO:trainers_server.dp_worker.api.dispatcher_worker:dispatcher_worker: op=optim_step operation_id=0db27d8a04fa403c8302ea1ee5a6ed17 done in 0.04s step=15.0 learning_rate=1e-05 lr=1e-05 grad_norm=0.35292211174964905 tps=10901.668929378558 train_mean_nll=12.128025078011154 num_tokens=524288.0 num_loss_tokens=524284.0 step_seconds=48.092452944256365
INFO:trainers_server.dp_worker.api.server:retrieve: operation_id=0db27d8a04fa403c8302ea1ee5a6ed17 done after 0.04s
INFO:     127.0.0.1:56060 - "GET /operations/0db27d8a04fa403c8302ea1ee5a6ed17 HTTP/1.1" 200 OK
INFO:trainers_server.dp_worker.api.server:submit: op=forward_backward operation_id=895b5f451b114d2bb5c2de3ab532c216 enqueued (qsize=1) n_datums=4 total_tokens=524288 seq_len[min/max]=131072/131072
INFO:     127.0.0.1:56060 - "POST /forward_backward HTTP/1.1" 202 Accepted
ERROR:opentelemetry.sdk.trace.export:Exception while exporting Span batch.
Traceback (most recent call last):
  File "/root/.cache/user_artifacts/trainers_main/server/.venv/lib/python3.12/site-packages/urllib3/connection.py", line 204, in _new_conn
    sock = connection.create_connection(
           ^^^^^^^^^^^^^^^^^^^^^^^^^^^^^
  File "/root/.cache/user_artifacts/trainers_main/server/.venv/lib/python3.12/site-packages/urllib3/util/connection.py", line 85, in create_connection
    raise err
  File "/root/.cache/user_artifacts/trainers_main/server/.venv/lib/python3.12/site-packages/urllib3/util/connection.py", line 73, in create_connection
    sock.connect(sa)
ConnectionRefusedError: [Errno 111] Connection refused

The above exception was the direct cause of the following exception:

Traceback (most recent call last):
  File "/root/.cache/user_artifacts/trainers_main/server/.venv/lib/python3.12/site-packages/urllib3/connectionpool.py", line 787, in urlopen
    response = self._make_request(
               ^^^^^^^^^^^^^^^^^^^
  File "/root/.cache/user_artifacts/trainers_main/server/.venv/lib/python3.12/site-packages/urllib3/connectionpool.py", line 493, in _make_request
    conn.request(
  File "/root/.cache/user_artifacts/trainers_main/server/.venv/lib/python3.12/site-packages/urllib3/connection.py", line 500, in request
    self.endheaders()
  File "/usr/lib/python3.12/http/client.py", line 1360, in endheaders
    self._send_output(message_body, encode_chunked=encode_chunked)
  File "/usr/lib/python3.12/http/client.py", line 1120, in _send_output
    self.send(msg)
  File "/usr/lib/python3.12/http/client.py", line 1064, in send
    self.connect()
  File "/root/.cache/user_artifacts/trainers_main/server/.venv/lib/python3.12/site-packages/urllib3/connection.py", line 331, in connect
    self.sock = self._new_conn()
                ^^^^^^^^^^^^^^^^
  File "/root/.cache/user_artifacts/trainers_main/server/.venv/lib/python3.12/site-packages/urllib3/connection.py", line 219, in _new_conn
    raise NewConnectionError(
urllib3.exceptions.NewConnectionError: HTTPConnection(host='localhost', port=4318): Failed to establish a new connection: [Errno 111] Connection refused

The above exception was the direct cause of the following exception:

Traceback (most recent call last):
  File "/root/.cache/user_artifacts/trainers_main/server/.venv/lib/python3.12/site-packages/requests/adapters.py", line 644, in send
    resp = conn.urlopen(
           ^^^^^^^^^^^^^
  File "/root/.cache/user_artifacts/trainers_main/server/.venv/lib/python3.12/site-packages/urllib3/connectionpool.py", line 841, in urlopen
    retries = retries.increment(
              ^^^^^^^^^^^^^^^^^^
  File "/root/.cache/user_artifacts/trainers_main/server/.venv/lib/python3.12/site-packages/urllib3/util/retry.py", line 535, in increment
    raise MaxRetryError(_pool, url, reason) from reason  # type: ignore[arg-type]
    ^^^^^^^^^^^^^^^^^^^^^^^^^^^^^^^^^^^^^^^^^^^^^^^^^^^
urllib3.exceptions.MaxRetryError: HTTPConnectionPool(host='localhost', port=4318): Max retries exceeded with url: /v1/traces (Caused by NewConnectionError("HTTPConnection(host='localhost', port=4318): Failed to establish a new connection: [Errno 111] Connection refused"))

During handling of the above exception, another exception occurred:

Traceback (most recent call last):
  File "/root/.cache/user_artifacts/trainers_main/server/.venv/lib/python3.12/site-packages/opentelemetry/sdk/trace/export/__init__.py", line 362, in _export_batch
    self.span_exporter.export(self.spans_list[:idx])  # type: ignore
    ^^^^^^^^^^^^^^^^^^^^^^^^^^^^^^^^^^^^^^^^^^^^^^^^
  File "/root/.cache/user_artifacts/trainers_main/server/.venv/lib/python3.12/site-packages/opentelemetry/exporter/otlp/proto/http/trace_exporter/__init__.py", line 139, in export
    resp = self._export(serialized_data)
           ^^^^^^^^^^^^^^^^^^^^^^^^^^^^^
  File "/root/.cache/user_artifacts/trainers_main/server/.venv/lib/python3.12/site-packages/opentelemetry/exporter/otlp/proto/http/trace_exporter/__init__.py", line 110, in _export
    return self._session.post(
           ^^^^^^^^^^^^^^^^^^^
  File "/root/.cache/user_artifacts/trainers_main/server/.venv/lib/python3.12/site-packages/requests/sessions.py", line 637, in post
    return self.request("POST", url, data=data, json=json, **kwargs)
           ^^^^^^^^^^^^^^^^^^^^^^^^^^^^^^^^^^^^^^^^^^^^^^^^^^^^^^^^^
  File "/root/.cache/user_artifacts/trainers_main/server/.venv/lib/python3.12/site-packages/requests/sessions.py", line 589, in request
    resp = self.send(prep, **send_kwargs)
           ^^^^^^^^^^^^^^^^^^^^^^^^^^^^^^
  File "/root/.cache/user_artifacts/trainers_main/server/.venv/lib/python3.12/site-packages/requests/sessions.py", line 703, in send
    r = adapter.send(request, **kwargs)
        ^^^^^^^^^^^^^^^^^^^^^^^^^^^^^^^
  File "/root/.cache/user_artifacts/trainers_main/server/.venv/lib/python3.12/site-packages/requests/adapters.py", line 677, in send
    raise ConnectionError(e, request=request)
requests.exceptions.ConnectionError: HTTPConnectionPool(host='localhost', port=4318): Max retries exceeded with url: /v1/traces (Caused by NewConnectionError("HTTPConnection(host='localhost', port=4318): Failed to establish a new connection: [Errno 111] Connection refused"))
WARNING:megatron.core.transformer.moe.token_dispatcher:BT_MOE_PROBS_A2A_COMM window 31 (300 gated dispatches): {'token_issues': 9300, 'probs_issues': 9300, 'waits': 18600}
WARNING:megatron.core.transformer.moe.token_dispatcher:BT_MOE_PROBS_A2A_COMM window 31 (300 gated dispatches): {'token_issues': 9300, 'probs_issues': 9300, 'waits': 18600}
WARNING:megatron.core.transformer.moe.token_dispatcher:BT_MOE_PROBS_A2A_COMM window 31 (300 gated dispatches): {'token_issues': 9300, 'probs_issues': 9300, 'waits': 18600}
WARNING:megatron.core.transformer.moe.token_dispatcher:BT_MOE_PROBS_A2A_COMM window 31 (300 gated dispatches): {'token_issues': 9300, 'probs_issues': 9300, 'waits': 18600}
WARNING:megatron.core.transformer.moe.token_dispatcher:BT_MOE_PROBS_A2A_COMM window 31 (300 gated dispatches): {'token_issues': 9300, 'probs_issues': 9300, 'waits': 18600}
WARNING:megatron.core.transformer.moe.token_dispatcher:BT_MOE_PROBS_A2A_COMM window 31 (300 gated dispatches): {'token_issues': 9300, 'probs_issues': 9300, 'waits': 18600}
WARNING:megatron.core.transformer.moe.token_dispatcher:BT_MOE_PROBS_A2A_COMM window 31 (300 gated dispatches): {'token_issues': 9300, 'probs_issues': 9300, 'waits': 18600}
WARNING:megatron.core.transformer.moe.token_dispatcher:BT_MOE_PROBS_A2A_COMM window 31 (300 gated dispatches): {'token_issues': 9300, 'probs_issues': 9300, 'waits': 18600}
WARNING:megatron.core.transformer.moe.token_dispatcher:BT_MOE_PROBS_A2A_COMM window 31 (300 gated dispatches): {'token_issues': 9300, 'probs_issues': 9300, 'waits': 18600}
WARNING:megatron.core.transformer.moe.token_dispatcher:BT_MOE_PROBS_A2A_COMM window 31 (300 gated dispatches): {'token_issues': 9300, 'probs_issues': 9300, 'waits': 18600}
WARNING:megatron.core.transformer.moe.token_dispatcher:BT_MOE_PROBS_A2A_COMM window 31 (300 gated dispatches): {'token_issues': 9300, 'probs_issues': 9300, 'waits': 18600}
WARNING:megatron.core.transformer.moe.token_dispatcher:BT_MOE_PROBS_A2A_COMM window 31 (300 gated dispatches): {'token_issues': 9300, 'probs_issues': 9300, 'waits': 18600}
WARNING:megatron.core.transformer.moe.token_dispatcher:BT_MOE_PROBS_A2A_COMM window 31 (300 gated dispatches): {'token_issues': 9300, 'probs_issues': 9300, 'waits': 18600}
WARNING:megatron.core.transformer.moe.token_dispatcher:BT_MOE_PROBS_A2A_COMM window 31 (300 gated dispatches): {'token_issues': 9300, 'probs_issues': 9300, 'waits': 18600}
WARNING:megatron.core.transformer.moe.token_dispatcher:BT_MOE_PROBS_A2A_COMM window 31 (300 gated dispatches): {'token_issues': 9300, 'probs_issues': 9300, 'waits': 18600}
WARNING:megatron.core.transformer.moe.token_dispatcher:BT_MOE_PROBS_A2A_COMM window 31 (300 gated dispatches): {'token_issues': 9300, 'probs_issues': 9300, 'waits': 18600}
INFO:trainers_server.dp_worker.api.server:evicted 2 expired finished ops
WARNING:megatron.core.transformer.moe.token_dispatcher:BT_MOE_PROBS_A2A_COMM window 32 (300 gated dispatches): {'token_issues': 9600, 'probs_issues': 9600, 'waits': 19200}
WARNING:megatron.core.transformer.moe.token_dispatcher:BT_MOE_PROBS_A2A_COMM window 32 (300 gated dispatches): {'token_issues': 9600, 'probs_issues': 9600, 'waits': 19200}
WARNING:megatron.core.transformer.moe.token_dispatcher:BT_MOE_PROBS_A2A_COMM window 32 (300 gated dispatches): {'token_issues': 9600, 'probs_issues': 9600, 'waits': 19200}
WARNING:megatron.core.transformer.moe.token_dispatcher:BT_MOE_PROBS_A2A_COMM window 32 (300 gated dispatches): {'token_issues': 9600, 'probs_issues': 9600, 'waits': 19200}
WARNING:megatron.core.transformer.moe.token_dispatcher:BT_MOE_PROBS_A2A_COMM window 32 (300 gated dispatches): {'token_issues': 9600, 'probs_issues': 9600, 'waits': 19200}
WARNING:megatron.core.transformer.moe.token_dispatcher:BT_MOE_PROBS_A2A_COMM window 32 (300 gated dispatches): {'token_issues': 9600, 'probs_issues': 9600, 'waits': 19200}
WARNING:megatron.core.transformer.moe.token_dispatcher:BT_MOE_PROBS_A2A_COMM window 32 (300 gated dispatches): {'token_issues': 9600, 'probs_issues': 9600, 'waits': 19200}
WARNING:megatron.core.transformer.moe.token_dispatcher:BT_MOE_PROBS_A2A_COMM window 32 (300 gated dispatches): {'token_issues': 9600, 'probs_issues': 9600, 'waits': 19200}
WARNING:megatron.core.transformer.moe.token_dispatcher:BT_MOE_PROBS_A2A_COMM window 32 (300 gated dispatches): {'token_issues': 9600, 'probs_issues': 9600, 'waits': 19200}
WARNING:megatron.core.transformer.moe.token_dispatcher:BT_MOE_PROBS_A2A_COMM window 32 (300 gated dispatches): {'token_issues': 9600, 'probs_issues': 9600, 'waits': 19200}
WARNING:megatron.core.transformer.moe.token_dispatcher:BT_MOE_PROBS_A2A_COMM window 32 (300 gated dispatches): {'token_issues': 9600, 'probs_issues': 9600, 'waits': 19200}
WARNING:megatron.core.transformer.moe.token_dispatcher:BT_MOE_PROBS_A2A_COMM window 32 (300 gated dispatches): {'token_issues': 9600, 'probs_issues': 9600, 'waits': 19200}
WARNING:megatron.core.transformer.moe.token_dispatcher:BT_MOE_PROBS_A2A_COMM window 32 (300 gated dispatches): {'token_issues': 9600, 'probs_issues': 9600, 'waits': 19200}
WARNING:megatron.core.transformer.moe.token_dispatcher:BT_MOE_PROBS_A2A_COMM window 32 (300 gated dispatches): {'token_issues': 9600, 'probs_issues': 9600, 'waits': 19200}
WARNING:megatron.core.transformer.moe.token_dispatcher:BT_MOE_PROBS_A2A_COMM window 32 (300 gated dispatches): {'token_issues': 9600, 'probs_issues': 9600, 'waits': 19200}
WARNING:megatron.core.transformer.moe.token_dispatcher:BT_MOE_PROBS_A2A_COMM window 32 (300 gated dispatches): {'token_issues': 9600, 'probs_issues': 9600, 'waits': 19200}
WARNING:megatron.core.transformer.experimental_attention_variant.dsa_cudnn_kernels:BT_DSA_BWD_ASYNC_NONEMPTY_V3 window 16 (312 probe reads): {'kicks': 4992, 'hits': 4992, 'misses': 0, 'probe_dropped': 0, 'fallbacks': 0, 'verifies': 4991}
WARNING:megatron.core.transformer.experimental_attention_variant.dsa_cudnn_kernels:BT_DSA_BWD_ASYNC_NONEMPTY_V3 window 16 (312 probe reads): {'kicks': 4992, 'hits': 4992, 'misses': 0, 'probe_dropped': 0, 'fallbacks': 0, 'verifies': 4991}
WARNING:megatron.core.transformer.experimental_attention_variant.dsa_cudnn_kernels:BT_DSA_BWD_ASYNC_NONEMPTY_V3 window 16 (312 probe reads): {'kicks': 4992, 'hits': 4992, 'misses': 0, 'probe_dropped': 0, 'fallbacks': 0, 'verifies': 4991}
WARNING:megatron.core.transformer.experimental_attention_variant.dsa_cudnn_kernels:BT_DSA_BWD_ASYNC_NONEMPTY_V3 window 16 (312 probe reads): {'kicks': 4992, 'hits': 4992, 'misses': 0, 'probe_dropped': 0, 'fallbacks': 0, 'verifies': 4991}
WARNING:megatron.core.transformer.experimental_attention_variant.dsa_cudnn_kernels:BT_DSA_BWD_ASYNC_NONEMPTY_V3 window 16 (312 probe reads): {'kicks': 4992, 'hits': 4992, 'misses': 0, 'probe_dropped': 0, 'fallbacks': 0, 'verifies': 4991}
WARNING:megatron.core.transformer.experimental_attention_variant.dsa_cudnn_kernels:BT_DSA_BWD_ASYNC_NONEMPTY_V3 window 16 (312 probe reads): {'kicks': 4992, 'hits': 4992, 'misses': 0, 'probe_dropped': 0, 'fallbacks': 0, 'verifies': 4991}
WARNING:megatron.core.transformer.experimental_attention_variant.dsa_cudnn_kernels:BT_DSA_BWD_ASYNC_NONEMPTY_V3 window 16 (312 probe reads): {'kicks': 4992, 'hits': 4992, 'misses': 0, 'probe_dropped': 0, 'fallbacks': 0, 'verifies': 4991}
WARNING:megatron.core.transformer.experimental_attention_variant.dsa_cudnn_kernels:BT_DSA_BWD_ASYNC_NONEMPTY_V3 window 16 (312 probe reads): {'kicks': 4992, 'hits': 4992, 'misses': 0, 'probe_dropped': 0, 'fallbacks': 0, 'verifies': 4991}
WARNING:megatron.core.transformer.experimental_attention_variant.dsa_cudnn_kernels:BT_DSA_BWD_ASYNC_NONEMPTY_V3 window 16 (312 probe reads): {'kicks': 4992, 'hits': 4992, 'misses': 0, 'probe_dropped': 0, 'fallbacks': 0, 'verifies': 4991}
WARNING:megatron.core.transformer.experimental_attention_variant.dsa_cudnn_kernels:BT_DSA_BWD_ASYNC_NONEMPTY_V3 window 16 (312 probe reads): {'kicks': 4992, 'hits': 4992, 'misses': 0, 'probe_dropped': 0, 'fallbacks': 0, 'verifies': 4991}
WARNING:megatron.core.transformer.experimental_attention_variant.dsa_cudnn_kernels:BT_DSA_BWD_ASYNC_NONEMPTY_V3 window 16 (312 probe reads): {'kicks': 4992, 'hits': 4992, 'misses': 0, 'probe_dropped': 0, 'fallbacks': 0, 'verifies': 4991}
WARNING:megatron.core.transformer.experimental_attention_variant.dsa_cudnn_kernels:BT_DSA_BWD_ASYNC_NONEMPTY_V3 window 16 (312 probe reads): {'kicks': 4992, 'hits': 4992, 'misses': 0, 'probe_dropped': 0, 'fallbacks': 0, 'verifies': 4991}
WARNING:megatron.core.transformer.experimental_attention_variant.dsa_cudnn_kernels:BT_DSA_BWD_ASYNC_NONEMPTY_V3 window 16 (312 probe reads): {'kicks': 4992, 'hits': 4992, 'misses': 0, 'probe_dropped': 0, 'fallbacks': 0, 'verifies': 4991}
WARNING:megatron.core.transformer.experimental_attention_variant.dsa_cudnn_kernels:BT_DSA_BWD_ASYNC_NONEMPTY_V3 window 16 (312 probe reads): {'kicks': 4992, 'hits': 4992, 'misses': 0, 'probe_dropped': 0, 'fallbacks': 0, 'verifies': 4991}
WARNING:megatron.core.transformer.experimental_attention_variant.dsa_cudnn_kernels:BT_DSA_BWD_ASYNC_NONEMPTY_V3 window 16 (312 probe reads): {'kicks': 4992, 'hits': 4992, 'misses': 0, 'probe_dropped': 0, 'fallbacks': 0, 'verifies': 4991}
WARNING:megatron.core.transformer.experimental_attention_variant.dsa_cudnn_kernels:BT_DSA_BWD_ASYNC_NONEMPTY_V3 window 16 (312 probe reads): {'kicks': 4992, 'hits': 4992, 'misses': 0, 'probe_dropped': 0, 'fallbacks': 0, 'verifies': 4991}
INFO:trainers_server.dp_worker.api.dispatcher_worker:dispatcher_worker: op=forward_backward operation_id=895b5f451b114d2bb5c2de3ab532c216 done in 46.50s {'loss': 12.128088974677846}
INFO:trainers_server.dp_worker.api.server:retrieve: operation_id=895b5f451b114d2bb5c2de3ab532c216 done after 16.52s
INFO:     127.0.0.1:56060 - "GET /operations/895b5f451b114d2bb5c2de3ab532c216 HTTP/1.1" 200 OK
INFO:trainers_server.dp_worker.api.server:submit: op=optim_step operation_id=9cc0e756efa04667afd46a7bd7437a2b enqueued (qsize=1) 
INFO:     127.0.0.1:56060 - "POST /optim_step HTTP/1.1" 202 Accepted
INFO:trainers_server.dp_worker.api.dispatcher_worker:dispatcher_worker: op=optim_step operation_id=9cc0e756efa04667afd46a7bd7437a2b done in 0.03s step=16.0 learning_rate=1e-05 lr=1e-05 grad_norm=0.3352941870689392 tps=11269.004629162371 train_mean_nll=12.128088974677846 num_tokens=524288.0 num_loss_tokens=524284.0 step_seconds=46.524783443892375
INFO:trainers_server.dp_worker.api.server:retrieve: operation_id=9cc0e756efa04667afd46a7bd7437a2b done after 0.03s
INFO:     127.0.0.1:56060 - "GET /operations/9cc0e756efa04667afd46a7bd7437a2b HTTP/1.1" 200 OK
INFO:trainers_server.dp_worker.api.server:submit: op=forward_backward operation_id=41b5ab08e70c471399f6a49960def8f4 enqueued (qsize=1) n_datums=4 total_tokens=524288 seq_len[min/max]=131072/131072
INFO:     127.0.0.1:56060 - "POST /forward_backward HTTP/1.1" 202 Accepted
ERROR:opentelemetry.sdk.trace.export:Exception while exporting Span batch.
Traceback (most recent call last):
  File "/root/.cache/user_artifacts/trainers_main/server/.venv/lib/python3.12/site-packages/urllib3/connection.py", line 204, in _new_conn
    sock = connection.create_connection(
           ^^^^^^^^^^^^^^^^^^^^^^^^^^^^^
  File "/root/.cache/user_artifacts/trainers_main/server/.venv/lib/python3.12/site-packages/urllib3/util/connection.py", line 85, in create_connection
    raise err
  File "/root/.cache/user_artifacts/trainers_main/server/.venv/lib/python3.12/site-packages/urllib3/util/connection.py", line 73, in create_connection
    sock.connect(sa)
ConnectionRefusedError: [Errno 111] Connection refused

The above exception was the direct cause of the following exception:

Traceback (most recent call last):
  File "/root/.cache/user_artifacts/trainers_main/server/.venv/lib/python3.12/site-packages/urllib3/connectionpool.py", line 787, in urlopen
    response = self._make_request(
               ^^^^^^^^^^^^^^^^^^^
  File "/root/.cache/user_artifacts/trainers_main/server/.venv/lib/python3.12/site-packages/urllib3/connectionpool.py", line 493, in _make_request
    conn.request(
  File "/root/.cache/user_artifacts/trainers_main/server/.venv/lib/python3.12/site-packages/urllib3/connection.py", line 500, in request
    self.endheaders()
  File "/usr/lib/python3.12/http/client.py", line 1360, in endheaders
    self._send_output(message_body, encode_chunked=encode_chunked)
  File "/usr/lib/python3.12/http/client.py", line 1120, in _send_output
    self.send(msg)
  File "/usr/lib/python3.12/http/client.py", line 1064, in send
    self.connect()
  File "/root/.cache/user_artifacts/trainers_main/server/.venv/lib/python3.12/site-packages/urllib3/connection.py", line 331, in connect
    self.sock = self._new_conn()
                ^^^^^^^^^^^^^^^^
  File "/root/.cache/user_artifacts/trainers_main/server/.venv/lib/python3.12/site-packages/urllib3/connection.py", line 219, in _new_conn
    raise NewConnectionError(
urllib3.exceptions.NewConnectionError: HTTPConnection(host='localhost', port=4318): Failed to establish a new connection: [Errno 111] Connection refused

The above exception was the direct cause of the following exception:

Traceback (most recent call last):
  File "/root/.cache/user_artifacts/trainers_main/server/.venv/lib/python3.12/site-packages/requests/adapters.py", line 644, in send
    resp = conn.urlopen(
           ^^^^^^^^^^^^^
  File "/root/.cache/user_artifacts/trainers_main/server/.venv/lib/python3.12/site-packages/urllib3/connectionpool.py", line 841, in urlopen
    retries = retries.increment(
              ^^^^^^^^^^^^^^^^^^
  File "/root/.cache/user_artifacts/trainers_main/server/.venv/lib/python3.12/site-packages/urllib3/util/retry.py", line 535, in increment
    raise MaxRetryError(_pool, url, reason) from reason  # type: ignore[arg-type]
    ^^^^^^^^^^^^^^^^^^^^^^^^^^^^^^^^^^^^^^^^^^^^^^^^^^^
urllib3.exceptions.MaxRetryError: HTTPConnectionPool(host='localhost', port=4318): Max retries exceeded with url: /v1/traces (Caused by NewConnectionError("HTTPConnection(host='localhost', port=4318): Failed to establish a new connection: [Errno 111] Connection refused"))

During handling of the above exception, another exception occurred:

Traceback (most recent call last):
  File "/root/.cache/user_artifacts/trainers_main/server/.venv/lib/python3.12/site-packages/opentelemetry/sdk/trace/export/__init__.py", line 362, in _export_batch
    self.span_exporter.export(self.spans_list[:idx])  # type: ignore
    ^^^^^^^^^^^^^^^^^^^^^^^^^^^^^^^^^^^^^^^^^^^^^^^^
  File "/root/.cache/user_artifacts/trainers_main/server/.venv/lib/python3.12/site-packages/opentelemetry/exporter/otlp/proto/http/trace_exporter/__init__.py", line 139, in export
    resp = self._export(serialized_data)
           ^^^^^^^^^^^^^^^^^^^^^^^^^^^^^
  File "/root/.cache/user_artifacts/trainers_main/server/.venv/lib/python3.12/site-packages/opentelemetry/exporter/otlp/proto/http/trace_exporter/__init__.py", line 110, in _export
    return self._session.post(
           ^^^^^^^^^^^^^^^^^^^
  File "/root/.cache/user_artifacts/trainers_main/server/.venv/lib/python3.12/site-packages/requests/sessions.py", line 637, in post
    return self.request("POST", url, data=data, json=json, **kwargs)
           ^^^^^^^^^^^^^^^^^^^^^^^^^^^^^^^^^^^^^^^^^^^^^^^^^^^^^^^^^
  File "/root/.cache/user_artifacts/trainers_main/server/.venv/lib/python3.12/site-packages/requests/sessions.py", line 589, in request
    resp = self.send(prep, **send_kwargs)
           ^^^^^^^^^^^^^^^^^^^^^^^^^^^^^^
  File "/root/.cache/user_artifacts/trainers_main/server/.venv/lib/python3.12/site-packages/requests/sessions.py", line 703, in send
    r = adapter.send(request, **kwargs)
        ^^^^^^^^^^^^^^^^^^^^^^^^^^^^^^^
  File "/root/.cache/user_artifacts/trainers_main/server/.venv/lib/python3.12/site-packages/requests/adapters.py", line 677, in send
    raise ConnectionError(e, request=request)
requests.exceptions.ConnectionError: HTTPConnectionPool(host='localhost', port=4318): Max retries exceeded with url: /v1/traces (Caused by NewConnectionError("HTTPConnection(host='localhost', port=4318): Failed to establish a new connection: [Errno 111] Connection refused"))
WARNING:megatron.core.transformer.moe.token_dispatcher:BT_MOE_PROBS_A2A_COMM window 33 (300 gated dispatches): {'token_issues': 9900, 'probs_issues': 9900, 'waits': 19800}
WARNING:megatron.core.transformer.moe.token_dispatcher:BT_MOE_PROBS_A2A_COMM window 33 (300 gated dispatches): {'token_issues': 9900, 'probs_issues': 9900, 'waits': 19800}
WARNING:megatron.core.transformer.moe.token_dispatcher:BT_MOE_PROBS_A2A_COMM window 33 (300 gated dispatches): {'token_issues': 9900, 'probs_issues': 9900, 'waits': 19800}
WARNING:megatron.core.transformer.moe.token_dispatcher:BT_MOE_PROBS_A2A_COMM window 33 (300 gated dispatches): {'token_issues': 9900, 'probs_issues': 9900, 'waits': 19800}
WARNING:megatron.core.transformer.moe.token_dispatcher:BT_MOE_PROBS_A2A_COMM window 33 (300 gated dispatches): {'token_issues': 9900, 'probs_issues': 9900, 'waits': 19800}
WARNING:megatron.core.transformer.moe.token_dispatcher:BT_MOE_PROBS_A2A_COMM window 33 (300 gated dispatches): {'token_issues': 9900, 'probs_issues': 9900, 'waits': 19800}
WARNING:megatron.core.transformer.moe.token_dispatcher:BT_MOE_PROBS_A2A_COMM window 33 (300 gated dispatches): {'token_issues': 9900, 'probs_issues': 9900, 'waits': 19800}
WARNING:megatron.core.transformer.moe.token_dispatcher:BT_MOE_PROBS_A2A_COMM window 33 (300 gated dispatches): {'token_issues': 9900, 'probs_issues': 9900, 'waits': 19800}
WARNING:megatron.core.transformer.moe.token_dispatcher:BT_MOE_PROBS_A2A_COMM window 33 (300 gated dispatches): {'token_issues': 9900, 'probs_issues': 9900, 'waits': 19800}
WARNING:megatron.core.transformer.moe.token_dispatcher:BT_MOE_PROBS_A2A_COMM window 33 (300 gated dispatches): {'token_issues': 9900, 'probs_issues': 9900, 'waits': 19800}
WARNING:megatron.core.transformer.moe.token_dispatcher:BT_MOE_PROBS_A2A_COMM window 33 (300 gated dispatches): {'token_issues': 9900, 'probs_issues': 9900, 'waits': 19800}
WARNING:megatron.core.transformer.moe.token_dispatcher:BT_MOE_PROBS_A2A_COMM window 33 (300 gated dispatches): {'token_issues': 9900, 'probs_issues': 9900, 'waits': 19800}
WARNING:megatron.core.transformer.moe.token_dispatcher:BT_MOE_PROBS_A2A_COMM window 33 (300 gated dispatches): {'token_issues': 9900, 'probs_issues': 9900, 'waits': 19800}
WARNING:megatron.core.transformer.moe.token_dispatcher:BT_MOE_PROBS_A2A_COMM window 33 (300 gated dispatches): {'token_issues': 9900, 'probs_issues': 9900, 'waits': 19800}
WARNING:megatron.core.transformer.moe.token_dispatcher:BT_MOE_PROBS_A2A_COMM window 33 (300 gated dispatches): {'token_issues': 9900, 'probs_issues': 9900, 'waits': 19800}
WARNING:megatron.core.transformer.moe.token_dispatcher:BT_MOE_PROBS_A2A_COMM window 33 (300 gated dispatches): {'token_issues': 9900, 'probs_issues': 9900, 'waits': 19800}
WARNING:megatron.core.transformer.moe.token_dispatcher:BT_MOE_PROBS_A2A_COMM window 34 (300 gated dispatches): {'token_issues': 10200, 'probs_issues': 10200, 'waits': 20400}
WARNING:megatron.core.transformer.moe.token_dispatcher:BT_MOE_PROBS_A2A_COMM window 34 (300 gated dispatches): {'token_issues': 10200, 'probs_issues': 10200, 'waits': 20400}
WARNING:megatron.core.transformer.moe.token_dispatcher:BT_MOE_PROBS_A2A_COMM window 34 (300 gated dispatches): {'token_issues': 10200, 'probs_issues': 10200, 'waits': 20400}
WARNING:megatron.core.transformer.moe.token_dispatcher:BT_MOE_PROBS_A2A_COMM window 34 (300 gated dispatches): {'token_issues': 10200, 'probs_issues': 10200, 'waits': 20400}
WARNING:megatron.core.transformer.moe.token_dispatcher:BT_MOE_PROBS_A2A_COMM window 34 (300 gated dispatches): {'token_issues': 10200, 'probs_issues': 10200, 'waits': 20400}
WARNING:megatron.core.transformer.moe.token_dispatcher:BT_MOE_PROBS_A2A_COMM window 34 (300 gated dispatches): {'token_issues': 10200, 'probs_issues': 10200, 'waits': 20400}
WARNING:megatron.core.transformer.moe.token_dispatcher:BT_MOE_PROBS_A2A_COMM window 34 (300 gated dispatches): {'token_issues': 10200, 'probs_issues': 10200, 'waits': 20400}
WARNING:megatron.core.transformer.moe.token_dispatcher:BT_MOE_PROBS_A2A_COMM window 34 (300 gated dispatches): {'token_issues': 10200, 'probs_issues': 10200, 'waits': 20400}
WARNING:megatron.core.transformer.moe.token_dispatcher:BT_MOE_PROBS_A2A_COMM window 34 (300 gated dispatches): {'token_issues': 10200, 'probs_issues': 10200, 'waits': 20400}
WARNING:megatron.core.transformer.moe.token_dispatcher:BT_MOE_PROBS_A2A_COMM window 34 (300 gated dispatches): {'token_issues': 10200, 'probs_issues': 10200, 'waits': 20400}
WARNING:megatron.core.transformer.moe.token_dispatcher:BT_MOE_PROBS_A2A_COMM window 34 (300 gated dispatches): {'token_issues': 10200, 'probs_issues': 10200, 'waits': 20400}
WARNING:megatron.core.transformer.moe.token_dispatcher:BT_MOE_PROBS_A2A_COMM window 34 (300 gated dispatches): {'token_issues': 10200, 'probs_issues': 10200, 'waits': 20400}
WARNING:megatron.core.transformer.moe.token_dispatcher:BT_MOE_PROBS_A2A_COMM window 34 (300 gated dispatches): {'token_issues': 10200, 'probs_issues': 10200, 'waits': 20400}
WARNING:megatron.core.transformer.moe.token_dispatcher:BT_MOE_PROBS_A2A_COMM window 34 (300 gated dispatches): {'token_issues': 10200, 'probs_issues': 10200, 'waits': 20400}
WARNING:megatron.core.transformer.moe.token_dispatcher:BT_MOE_PROBS_A2A_COMM window 34 (300 gated dispatches): {'token_issues': 10200, 'probs_issues': 10200, 'waits': 20400}
WARNING:megatron.core.transformer.moe.token_dispatcher:BT_MOE_PROBS_A2A_COMM window 34 (300 gated dispatches): {'token_issues': 10200, 'probs_issues': 10200, 'waits': 20400}
WARNING:megatron.core.transformer.experimental_attention_variant.dsa_cudnn_kernels:BT_DSA_BWD_ASYNC_NONEMPTY_V3 window 17 (312 probe reads): {'kicks': 5304, 'hits': 5304, 'misses': 0, 'probe_dropped': 0, 'fallbacks': 0, 'verifies': 5303}
WARNING:megatron.core.transformer.experimental_attention_variant.dsa_cudnn_kernels:BT_DSA_BWD_ASYNC_NONEMPTY_V3 window 17 (312 probe reads): {'kicks': 5304, 'hits': 5304, 'misses': 0, 'probe_dropped': 0, 'fallbacks': 0, 'verifies': 5303}
WARNING:megatron.core.transformer.experimental_attention_variant.dsa_cudnn_kernels:BT_DSA_BWD_ASYNC_NONEMPTY_V3 window 17 (312 probe reads): {'kicks': 5304, 'hits': 5304, 'misses': 0, 'probe_dropped': 0, 'fallbacks': 0, 'verifies': 5303}
WARNING:megatron.core.transformer.experimental_attention_variant.dsa_cudnn_kernels:BT_DSA_BWD_ASYNC_NONEMPTY_V3 window 17 (312 probe reads): {'kicks': 5304, 'hits': 5304, 'misses': 0, 'probe_dropped': 0, 'fallbacks': 0, 'verifies': 5303}
WARNING:megatron.core.transformer.experimental_attention_variant.dsa_cudnn_kernels:BT_DSA_BWD_ASYNC_NONEMPTY_V3 window 17 (312 probe reads): {'kicks': 5304, 'hits': 5304, 'misses': 0, 'probe_dropped': 0, 'fallbacks': 0, 'verifies': 5303}
WARNING:megatron.core.transformer.experimental_attention_variant.dsa_cudnn_kernels:BT_DSA_BWD_ASYNC_NONEMPTY_V3 window 17 (312 probe reads): {'kicks': 5304, 'hits': 5304, 'misses': 0, 'probe_dropped': 0, 'fallbacks': 0, 'verifies': 5303}
WARNING:megatron.core.transformer.experimental_attention_variant.dsa_cudnn_kernels:BT_DSA_BWD_ASYNC_NONEMPTY_V3 window 17 (312 probe reads): {'kicks': 5304, 'hits': 5304, 'misses': 0, 'probe_dropped': 0, 'fallbacks': 0, 'verifies': 5303}
WARNING:megatron.core.transformer.experimental_attention_variant.dsa_cudnn_kernels:BT_DSA_BWD_ASYNC_NONEMPTY_V3 window 17 (312 probe reads): {'kicks': 5304, 'hits': 5304, 'misses': 0, 'probe_dropped': 0, 'fallbacks': 0, 'verifies': 5303}
WARNING:megatron.core.transformer.experimental_attention_variant.dsa_cudnn_kernels:BT_DSA_BWD_ASYNC_NONEMPTY_V3 window 17 (312 probe reads): {'kicks': 5304, 'hits': 5304, 'misses': 0, 'probe_dropped': 0, 'fallbacks': 0, 'verifies': 5303}
WARNING:megatron.core.transformer.experimental_attention_variant.dsa_cudnn_kernels:BT_DSA_BWD_ASYNC_NONEMPTY_V3 window 17 (312 probe reads): {'kicks': 5304, 'hits': 5304, 'misses': 0, 'probe_dropped': 0, 'fallbacks': 0, 'verifies': 5303}
WARNING:megatron.core.transformer.experimental_attention_variant.dsa_cudnn_kernels:BT_DSA_BWD_ASYNC_NONEMPTY_V3 window 17 (312 probe reads): {'kicks': 5304, 'hits': 5304, 'misses': 0, 'probe_dropped': 0, 'fallbacks': 0, 'verifies': 5303}
WARNING:megatron.core.transformer.experimental_attention_variant.dsa_cudnn_kernels:BT_DSA_BWD_ASYNC_NONEMPTY_V3 window 17 (312 probe reads): {'kicks': 5304, 'hits': 5304, 'misses': 0, 'probe_dropped': 0, 'fallbacks': 0, 'verifies': 5303}
WARNING:megatron.core.transformer.experimental_attention_variant.dsa_cudnn_kernels:BT_DSA_BWD_ASYNC_NONEMPTY_V3 window 17 (312 probe reads): {'kicks': 5304, 'hits': 5304, 'misses': 0, 'probe_dropped': 0, 'fallbacks': 0, 'verifies': 5303}
WARNING:megatron.core.transformer.experimental_attention_variant.dsa_cudnn_kernels:BT_DSA_BWD_ASYNC_NONEMPTY_V3 window 17 (312 probe reads): {'kicks': 5304, 'hits': 5304, 'misses': 0, 'probe_dropped': 0, 'fallbacks': 0, 'verifies': 5303}
WARNING:megatron.core.transformer.experimental_attention_variant.dsa_cudnn_kernels:BT_DSA_BWD_ASYNC_NONEMPTY_V3 window 17 (312 probe reads): {'kicks': 5304, 'hits': 5304, 'misses': 0, 'probe_dropped': 0, 'fallbacks': 0, 'verifies': 5303}
WARNING:megatron.core.transformer.experimental_attention_variant.dsa_cudnn_kernels:BT_DSA_BWD_ASYNC_NONEMPTY_V3 window 17 (312 probe reads): {'kicks': 5304, 'hits': 5304, 'misses': 0, 'probe_dropped': 0, 'fallbacks': 0, 'verifies': 5303}
INFO:trainers_server.dp_worker.api.dispatcher_worker:dispatcher_worker: op=forward_backward operation_id=41b5ab08e70c471399f6a49960def8f4 done in 47.17s {'loss': 12.113897238901053}
INFO:trainers_server.dp_worker.api.server:retrieve: operation_id=41b5ab08e70c471399f6a49960def8f4 done after 17.19s
INFO:     127.0.0.1:56060 - "GET /operations/41b5ab08e70c471399f6a49960def8f4 HTTP/1.1" 200 OK
INFO:trainers_server.dp_worker.api.server:submit: op=optim_step operation_id=923f490b78994b599c03f63b342d1649 enqueued (qsize=1) 
INFO:     127.0.0.1:56060 - "POST /optim_step HTTP/1.1" 202 Accepted
INFO:trainers_server.dp_worker.api.dispatcher_worker:dispatcher_worker: op=optim_step operation_id=923f490b78994b599c03f63b342d1649 done in 0.04s step=17.0 learning_rate=1e-05 lr=1e-05 grad_norm=0.3321045935153961 tps=11109.268809555964 train_mean_nll=12.113897238901053 num_tokens=524288.0 num_loss_tokens=524284.0 step_seconds=47.193745059892535
INFO:trainers_server.dp_worker.api.server:retrieve: operation_id=923f490b78994b599c03f63b342d1649 done after 0.04s
INFO:     127.0.0.1:56060 - "GET /operations/923f490b78994b599c03f63b342d1649 HTTP/1.1" 200 OK
INFO:trainers_server.dp_worker.api.server:submit: op=forward_backward operation_id=175b889eeef84aa69401c353393cb160 enqueued (qsize=1) n_datums=4 total_tokens=524288 seq_len[min/max]=131072/131072
INFO:     127.0.0.1:56060 - "POST /forward_backward HTTP/1.1" 202 Accepted
ERROR:opentelemetry.sdk.trace.export:Exception while exporting Span batch.
Traceback (most recent call last):
  File "/root/.cache/user_artifacts/trainers_main/server/.venv/lib/python3.12/site-packages/urllib3/connection.py", line 204, in _new_conn
    sock = connection.create_connection(
           ^^^^^^^^^^^^^^^^^^^^^^^^^^^^^
  File "/root/.cache/user_artifacts/trainers_main/server/.venv/lib/python3.12/site-packages/urllib3/util/connection.py", line 85, in create_connection
    raise err
  File "/root/.cache/user_artifacts/trainers_main/server/.venv/lib/python3.12/site-packages/urllib3/util/connection.py", line 73, in create_connection
    sock.connect(sa)
ConnectionRefusedError: [Errno 111] Connection refused

The above exception was the direct cause of the following exception:

Traceback (most recent call last):
  File "/root/.cache/user_artifacts/trainers_main/server/.venv/lib/python3.12/site-packages/urllib3/connectionpool.py", line 787, in urlopen
    response = self._make_request(
               ^^^^^^^^^^^^^^^^^^^
  File "/root/.cache/user_artifacts/trainers_main/server/.venv/lib/python3.12/site-packages/urllib3/connectionpool.py", line 493, in _make_request
    conn.request(
  File "/root/.cache/user_artifacts/trainers_main/server/.venv/lib/python3.12/site-packages/urllib3/connection.py", line 500, in request
    self.endheaders()
  File "/usr/lib/python3.12/http/client.py", line 1360, in endheaders
    self._send_output(message_body, encode_chunked=encode_chunked)
  File "/usr/lib/python3.12/http/client.py", line 1120, in _send_output
    self.send(msg)
  File "/usr/lib/python3.12/http/client.py", line 1064, in send
    self.connect()
  File "/root/.cache/user_artifacts/trainers_main/server/.venv/lib/python3.12/site-packages/urllib3/connection.py", line 331, in connect
    self.sock = self._new_conn()
                ^^^^^^^^^^^^^^^^
  File "/root/.cache/user_artifacts/trainers_main/server/.venv/lib/python3.12/site-packages/urllib3/connection.py", line 219, in _new_conn
    raise NewConnectionError(
urllib3.exceptions.NewConnectionError: HTTPConnection(host='localhost', port=4318): Failed to establish a new connection: [Errno 111] Connection refused

The above exception was the direct cause of the following exception:

Traceback (most recent call last):
  File "/root/.cache/user_artifacts/trainers_main/server/.venv/lib/python3.12/site-packages/requests/adapters.py", line 644, in send
    resp = conn.urlopen(
           ^^^^^^^^^^^^^
  File "/root/.cache/user_artifacts/trainers_main/server/.venv/lib/python3.12/site-packages/urllib3/connectionpool.py", line 841, in urlopen
    retries = retries.increment(
              ^^^^^^^^^^^^^^^^^^
  File "/root/.cache/user_artifacts/trainers_main/server/.venv/lib/python3.12/site-packages/urllib3/util/retry.py", line 535, in increment
    raise MaxRetryError(_pool, url, reason) from reason  # type: ignore[arg-type]
    ^^^^^^^^^^^^^^^^^^^^^^^^^^^^^^^^^^^^^^^^^^^^^^^^^^^
urllib3.exceptions.MaxRetryError: HTTPConnectionPool(host='localhost', port=4318): Max retries exceeded with url: /v1/traces (Caused by NewConnectionError("HTTPConnection(host='localhost', port=4318): Failed to establish a new connection: [Errno 111] Connection refused"))

During handling of the above exception, another exception occurred:

Traceback (most recent call last):
  File "/root/.cache/user_artifacts/trainers_main/server/.venv/lib/python3.12/site-packages/opentelemetry/sdk/trace/export/__init__.py", line 362, in _export_batch
    self.span_exporter.export(self.spans_list[:idx])  # type: ignore
    ^^^^^^^^^^^^^^^^^^^^^^^^^^^^^^^^^^^^^^^^^^^^^^^^
  File "/root/.cache/user_artifacts/trainers_main/server/.venv/lib/python3.12/site-packages/opentelemetry/exporter/otlp/proto/http/trace_exporter/__init__.py", line 139, in export
    resp = self._export(serialized_data)
           ^^^^^^^^^^^^^^^^^^^^^^^^^^^^^
  File "/root/.cache/user_artifacts/trainers_main/server/.venv/lib/python3.12/site-packages/opentelemetry/exporter/otlp/proto/http/trace_exporter/__init__.py", line 110, in _export
    return self._session.post(
           ^^^^^^^^^^^^^^^^^^^
  File "/root/.cache/user_artifacts/trainers_main/server/.venv/lib/python3.12/site-packages/requests/sessions.py", line 637, in post
    return self.request("POST", url, data=data, json=json, **kwargs)
           ^^^^^^^^^^^^^^^^^^^^^^^^^^^^^^^^^^^^^^^^^^^^^^^^^^^^^^^^^
  File "/root/.cache/user_artifacts/trainers_main/server/.venv/lib/python3.12/site-packages/requests/sessions.py", line 589, in request
    resp = self.send(prep, **send_kwargs)
           ^^^^^^^^^^^^^^^^^^^^^^^^^^^^^^
  File "/root/.cache/user_artifacts/trainers_main/server/.venv/lib/python3.12/site-packages/requests/sessions.py", line 703, in send
    r = adapter.send(request, **kwargs)
        ^^^^^^^^^^^^^^^^^^^^^^^^^^^^^^^
  File "/root/.cache/user_artifacts/trainers_main/server/.venv/lib/python3.12/site-packages/requests/adapters.py", line 677, in send
    raise ConnectionError(e, request=request)
requests.exceptions.ConnectionError: HTTPConnectionPool(host='localhost', port=4318): Max retries exceeded with url: /v1/traces (Caused by NewConnectionError("HTTPConnection(host='localhost', port=4318): Failed to establish a new connection: [Errno 111] Connection refused"))
INFO:trainers_server.dp_worker.api.server:evicted 4 expired finished ops
WARNING:megatron.core.transformer.moe.token_dispatcher:BT_MOE_PROBS_A2A_COMM window 35 (300 gated dispatches): {'token_issues': 10500, 'probs_issues': 10500, 'waits': 21000}
WARNING:megatron.core.transformer.moe.token_dispatcher:BT_MOE_PROBS_A2A_COMM window 35 (300 gated dispatches): {'token_issues': 10500, 'probs_issues': 10500, 'waits': 21000}
WARNING:megatron.core.transformer.moe.token_dispatcher:BT_MOE_PROBS_A2A_COMM window 35 (300 gated dispatches): {'token_issues': 10500, 'probs_issues': 10500, 'waits': 21000}
WARNING:megatron.core.transformer.moe.token_dispatcher:BT_MOE_PROBS_A2A_COMM window 35 (300 gated dispatches): {'token_issues': 10500, 'probs_issues': 10500, 'waits': 21000}
WARNING:megatron.core.transformer.moe.token_dispatcher:BT_MOE_PROBS_A2A_COMM window 35 (300 gated dispatches): {'token_issues': 10500, 'probs_issues': 10500, 'waits': 21000}
WARNING:megatron.core.transformer.moe.token_dispatcher:BT_MOE_PROBS_A2A_COMM window 35 (300 gated dispatches): {'token_issues': 10500, 'probs_issues': 10500, 'waits': 21000}
WARNING:megatron.core.transformer.moe.token_dispatcher:BT_MOE_PROBS_A2A_COMM window 35 (300 gated dispatches): {'token_issues': 10500, 'probs_issues': 10500, 'waits': 21000}
WARNING:megatron.core.transformer.moe.token_dispatcher:BT_MOE_PROBS_A2A_COMM window 35 (300 gated dispatches): {'token_issues': 10500, 'probs_issues': 10500, 'waits': 21000}
WARNING:megatron.core.transformer.moe.token_dispatcher:BT_MOE_PROBS_A2A_COMM window 35 (300 gated dispatches): {'token_issues': 10500, 'probs_issues': 10500, 'waits': 21000}
WARNING:megatron.core.transformer.moe.token_dispatcher:BT_MOE_PROBS_A2A_COMM window 35 (300 gated dispatches): {'token_issues': 10500, 'probs_issues': 10500, 'waits': 21000}
WARNING:megatron.core.transformer.moe.token_dispatcher:BT_MOE_PROBS_A2A_COMM window 35 (300 gated dispatches): {'token_issues': 10500, 'probs_issues': 10500, 'waits': 21000}
WARNING:megatron.core.transformer.moe.token_dispatcher:BT_MOE_PROBS_A2A_COMM window 35 (300 gated dispatches): {'token_issues': 10500, 'probs_issues': 10500, 'waits': 21000}
WARNING:megatron.core.transformer.moe.token_dispatcher:BT_MOE_PROBS_A2A_COMM window 35 (300 gated dispatches): {'token_issues': 10500, 'probs_issues': 10500, 'waits': 21000}
WARNING:megatron.core.transformer.moe.token_dispatcher:BT_MOE_PROBS_A2A_COMM window 35 (300 gated dispatches): {'token_issues': 10500, 'probs_issues': 10500, 'waits': 21000}
WARNING:megatron.core.transformer.moe.token_dispatcher:BT_MOE_PROBS_A2A_COMM window 35 (300 gated dispatches): {'token_issues': 10500, 'probs_issues': 10500, 'waits': 21000}
WARNING:megatron.core.transformer.moe.token_dispatcher:BT_MOE_PROBS_A2A_COMM window 35 (300 gated dispatches): {'token_issues': 10500, 'probs_issues': 10500, 'waits': 21000}
WARNING:megatron.core.transformer.moe.token_dispatcher:BT_MOE_PROBS_A2A_COMM window 36 (300 gated dispatches): {'token_issues': 10800, 'probs_issues': 10800, 'waits': 21600}
WARNING:megatron.core.transformer.moe.token_dispatcher:BT_MOE_PROBS_A2A_COMM window 36 (300 gated dispatches): {'token_issues': 10800, 'probs_issues': 10800, 'waits': 21600}
WARNING:megatron.core.transformer.moe.token_dispatcher:BT_MOE_PROBS_A2A_COMM window 36 (300 gated dispatches): {'token_issues': 10800, 'probs_issues': 10800, 'waits': 21600}
WARNING:megatron.core.transformer.moe.token_dispatcher:BT_MOE_PROBS_A2A_COMM window 36 (300 gated dispatches): {'token_issues': 10800, 'probs_issues': 10800, 'waits': 21600}
WARNING:megatron.core.transformer.moe.token_dispatcher:BT_MOE_PROBS_A2A_COMM window 36 (300 gated dispatches): {'token_issues': 10800, 'probs_issues': 10800, 'waits': 21600}
WARNING:megatron.core.transformer.moe.token_dispatcher:BT_MOE_PROBS_A2A_COMM window 36 (300 gated dispatches): {'token_issues': 10800, 'probs_issues': 10800, 'waits': 21600}
WARNING:megatron.core.transformer.moe.token_dispatcher:BT_MOE_PROBS_A2A_COMM window 36 (300 gated dispatches): {'token_issues': 10800, 'probs_issues': 10800, 'waits': 21600}
WARNING:megatron.core.transformer.moe.token_dispatcher:BT_MOE_PROBS_A2A_COMM window 36 (300 gated dispatches): {'token_issues': 10800, 'probs_issues': 10800, 'waits': 21600}
WARNING:megatron.core.transformer.moe.token_dispatcher:BT_MOE_PROBS_A2A_COMM window 36 (300 gated dispatches): {'token_issues': 10800, 'probs_issues': 10800, 'waits': 21600}
WARNING:megatron.core.transformer.moe.token_dispatcher:BT_MOE_PROBS_A2A_COMM window 36 (300 gated dispatches): {'token_issues': 10800, 'probs_issues': 10800, 'waits': 21600}
WARNING:megatron.core.transformer.moe.token_dispatcher:BT_MOE_PROBS_A2A_COMM window 36 (300 gated dispatches): {'token_issues': 10800, 'probs_issues': 10800, 'waits': 21600}
WARNING:megatron.core.transformer.moe.token_dispatcher:BT_MOE_PROBS_A2A_COMM window 36 (300 gated dispatches): {'token_issues': 10800, 'probs_issues': 10800, 'waits': 21600}
WARNING:megatron.core.transformer.moe.token_dispatcher:BT_MOE_PROBS_A2A_COMM window 36 (300 gated dispatches): {'token_issues': 10800, 'probs_issues': 10800, 'waits': 21600}
WARNING:megatron.core.transformer.moe.token_dispatcher:BT_MOE_PROBS_A2A_COMM window 36 (300 gated dispatches): {'token_issues': 10800, 'probs_issues': 10800, 'waits': 21600}
WARNING:megatron.core.transformer.moe.token_dispatcher:BT_MOE_PROBS_A2A_COMM window 36 (300 gated dispatches): {'token_issues': 10800, 'probs_issues': 10800, 'waits': 21600}
WARNING:megatron.core.transformer.moe.token_dispatcher:BT_MOE_PROBS_A2A_COMM window 36 (300 gated dispatches): {'token_issues': 10800, 'probs_issues': 10800, 'waits': 21600}
WARNING:megatron.core.transformer.experimental_attention_variant.dsa_cudnn_kernels:BT_DSA_BWD_ASYNC_NONEMPTY_V3 window 18 (312 probe reads): {'kicks': 5616, 'hits': 5616, 'misses': 0, 'probe_dropped': 0, 'fallbacks': 0, 'verifies': 5615}
WARNING:megatron.core.transformer.experimental_attention_variant.dsa_cudnn_kernels:BT_DSA_BWD_ASYNC_NONEMPTY_V3 window 18 (312 probe reads): {'kicks': 5616, 'hits': 5616, 'misses': 0, 'probe_dropped': 0, 'fallbacks': 0, 'verifies': 5615}
WARNING:megatron.core.transformer.experimental_attention_variant.dsa_cudnn_kernels:BT_DSA_BWD_ASYNC_NONEMPTY_V3 window 18 (312 probe reads): {'kicks': 5616, 'hits': 5616, 'misses': 0, 'probe_dropped': 0, 'fallbacks': 0, 'verifies': 5615}
WARNING:megatron.core.transformer.experimental_attention_variant.dsa_cudnn_kernels:BT_DSA_BWD_ASYNC_NONEMPTY_V3 window 18 (312 probe reads): {'kicks': 5616, 'hits': 5616, 'misses': 0, 'probe_dropped': 0, 'fallbacks': 0, 'verifies': 5615}
WARNING:megatron.core.transformer.experimental_attention_variant.dsa_cudnn_kernels:BT_DSA_BWD_ASYNC_NONEMPTY_V3 window 18 (312 probe reads): {'kicks': 5616, 'hits': 5616, 'misses': 0, 'probe_dropped': 0, 'fallbacks': 0, 'verifies': 5615}
WARNING:megatron.core.transformer.experimental_attention_variant.dsa_cudnn_kernels:BT_DSA_BWD_ASYNC_NONEMPTY_V3 window 18 (312 probe reads): {'kicks': 5616, 'hits': 5616, 'misses': 0, 'probe_dropped': 0, 'fallbacks': 0, 'verifies': 5615}
WARNING:megatron.core.transformer.experimental_attention_variant.dsa_cudnn_kernels:BT_DSA_BWD_ASYNC_NONEMPTY_V3 window 18 (312 probe reads): {'kicks': 5616, 'hits': 5616, 'misses': 0, 'probe_dropped': 0, 'fallbacks': 0, 'verifies': 5615}
WARNING:megatron.core.transformer.experimental_attention_variant.dsa_cudnn_kernels:BT_DSA_BWD_ASYNC_NONEMPTY_V3 window 18 (312 probe reads): {'kicks': 5616, 'hits': 5616, 'misses': 0, 'probe_dropped': 0, 'fallbacks': 0, 'verifies': 5615}
WARNING:megatron.core.transformer.experimental_attention_variant.dsa_cudnn_kernels:BT_DSA_BWD_ASYNC_NONEMPTY_V3 window 18 (312 probe reads): {'kicks': 5616, 'hits': 5616, 'misses': 0, 'probe_dropped': 0, 'fallbacks': 0, 'verifies': 5615}
WARNING:megatron.core.transformer.experimental_attention_variant.dsa_cudnn_kernels:BT_DSA_BWD_ASYNC_NONEMPTY_V3 window 18 (312 probe reads): {'kicks': 5616, 'hits': 5616, 'misses': 0, 'probe_dropped': 0, 'fallbacks': 0, 'verifies': 5615}
WARNING:megatron.core.transformer.experimental_attention_variant.dsa_cudnn_kernels:BT_DSA_BWD_ASYNC_NONEMPTY_V3 window 18 (312 probe reads): {'kicks': 5616, 'hits': 5616, 'misses': 0, 'probe_dropped': 0, 'fallbacks': 0, 'verifies': 5615}
WARNING:megatron.core.transformer.experimental_attention_variant.dsa_cudnn_kernels:BT_DSA_BWD_ASYNC_NONEMPTY_V3 window 18 (312 probe reads): {'kicks': 5616, 'hits': 5616, 'misses': 0, 'probe_dropped': 0, 'fallbacks': 0, 'verifies': 5615}
WARNING:megatron.core.transformer.experimental_attention_variant.dsa_cudnn_kernels:BT_DSA_BWD_ASYNC_NONEMPTY_V3 window 18 (312 probe reads): {'kicks': 5616, 'hits': 5616, 'misses': 0, 'probe_dropped': 0, 'fallbacks': 0, 'verifies': 5615}
WARNING:megatron.core.transformer.experimental_attention_variant.dsa_cudnn_kernels:BT_DSA_BWD_ASYNC_NONEMPTY_V3 window 18 (312 probe reads): {'kicks': 5616, 'hits': 5616, 'misses': 0, 'probe_dropped': 0, 'fallbacks': 0, 'verifies': 5615}
WARNING:megatron.core.transformer.experimental_attention_variant.dsa_cudnn_kernels:BT_DSA_BWD_ASYNC_NONEMPTY_V3 window 18 (312 probe reads): {'kicks': 5616, 'hits': 5616, 'misses': 0, 'probe_dropped': 0, 'fallbacks': 0, 'verifies': 5615}
WARNING:megatron.core.transformer.experimental_attention_variant.dsa_cudnn_kernels:BT_DSA_BWD_ASYNC_NONEMPTY_V3 window 18 (312 probe reads): {'kicks': 5616, 'hits': 5616, 'misses': 0, 'probe_dropped': 0, 'fallbacks': 0, 'verifies': 5615}
INFO:trainers_server.dp_worker.api.dispatcher_worker:dispatcher_worker: op=forward_backward operation_id=175b889eeef84aa69401c353393cb160 done in 48.82s {'loss': 12.1060036163606}
INFO:trainers_server.dp_worker.api.server:retrieve: operation_id=175b889eeef84aa69401c353393cb160 done after 18.84s
INFO:     127.0.0.1:56060 - "GET /operations/175b889eeef84aa69401c353393cb160 HTTP/1.1" 200 OK
INFO:trainers_server.dp_worker.api.server:submit: op=optim_step operation_id=2d7f046375ff4624ace24b62f90d1d07 enqueued (qsize=1) 
INFO:     127.0.0.1:56060 - "POST /optim_step HTTP/1.1" 202 Accepted
INFO:trainers_server.dp_worker.api.dispatcher_worker:dispatcher_worker: op=optim_step operation_id=2d7f046375ff4624ace24b62f90d1d07 done in 0.03s step=18.0 learning_rate=1e-05 lr=1e-05 grad_norm=0.32626089453697205 tps=10733.809796647673 train_mean_nll=12.1060036163606 num_tokens=524288.0 num_loss_tokens=524284.0 step_seconds=48.84453981695697
INFO:trainers_server.dp_worker.api.server:retrieve: operation_id=2d7f046375ff4624ace24b62f90d1d07 done after 0.03s
INFO:     127.0.0.1:56060 - "GET /operations/2d7f046375ff4624ace24b62f90d1d07 HTTP/1.1" 200 OK
INFO:trainers_server.dp_worker.api.server:submit: op=forward_backward operation_id=0b411d1d2a484e9f89dc763263db4e26 enqueued (qsize=1) n_datums=4 total_tokens=524288 seq_len[min/max]=131072/131072
INFO:     127.0.0.1:56060 - "POST /forward_backward HTTP/1.1" 202 Accepted
ERROR:opentelemetry.sdk.trace.export:Exception while exporting Span batch.
Traceback (most recent call last):
  File "/root/.cache/user_artifacts/trainers_main/server/.venv/lib/python3.12/site-packages/urllib3/connection.py", line 204, in _new_conn
    sock = connection.create_connection(
           ^^^^^^^^^^^^^^^^^^^^^^^^^^^^^
  File "/root/.cache/user_artifacts/trainers_main/server/.venv/lib/python3.12/site-packages/urllib3/util/connection.py", line 85, in create_connection
    raise err
  File "/root/.cache/user_artifacts/trainers_main/server/.venv/lib/python3.12/site-packages/urllib3/util/connection.py", line 73, in create_connection
    sock.connect(sa)
ConnectionRefusedError: [Errno 111] Connection refused

The above exception was the direct cause of the following exception:

Traceback (most recent call last):
  File "/root/.cache/user_artifacts/trainers_main/server/.venv/lib/python3.12/site-packages/urllib3/connectionpool.py", line 787, in urlopen
    response = self._make_request(
               ^^^^^^^^^^^^^^^^^^^
  File "/root/.cache/user_artifacts/trainers_main/server/.venv/lib/python3.12/site-packages/urllib3/connectionpool.py", line 493, in _make_request
    conn.request(
  File "/root/.cache/user_artifacts/trainers_main/server/.venv/lib/python3.12/site-packages/urllib3/connection.py", line 500, in request
    self.endheaders()
  File "/usr/lib/python3.12/http/client.py", line 1360, in endheaders
    self._send_output(message_body, encode_chunked=encode_chunked)
  File "/usr/lib/python3.12/http/client.py", line 1120, in _send_output
    self.send(msg)
  File "/usr/lib/python3.12/http/client.py", line 1064, in send
    self.connect()
  File "/root/.cache/user_artifacts/trainers_main/server/.venv/lib/python3.12/site-packages/urllib3/connection.py", line 331, in connect
    self.sock = self._new_conn()
                ^^^^^^^^^^^^^^^^
  File "/root/.cache/user_artifacts/trainers_main/server/.venv/lib/python3.12/site-packages/urllib3/connection.py", line 219, in _new_conn
    raise NewConnectionError(
urllib3.exceptions.NewConnectionError: HTTPConnection(host='localhost', port=4318): Failed to establish a new connection: [Errno 111] Connection refused

The above exception was the direct cause of the following exception:

Traceback (most recent call last):
  File "/root/.cache/user_artifacts/trainers_main/server/.venv/lib/python3.12/site-packages/requests/adapters.py", line 644, in send
    resp = conn.urlopen(
           ^^^^^^^^^^^^^
  File "/root/.cache/user_artifacts/trainers_main/server/.venv/lib/python3.12/site-packages/urllib3/connectionpool.py", line 841, in urlopen
    retries = retries.increment(
              ^^^^^^^^^^^^^^^^^^
  File "/root/.cache/user_artifacts/trainers_main/server/.venv/lib/python3.12/site-packages/urllib3/util/retry.py", line 535, in increment
    raise MaxRetryError(_pool, url, reason) from reason  # type: ignore[arg-type]
    ^^^^^^^^^^^^^^^^^^^^^^^^^^^^^^^^^^^^^^^^^^^^^^^^^^^
urllib3.exceptions.MaxRetryError: HTTPConnectionPool(host='localhost', port=4318): Max retries exceeded with url: /v1/traces (Caused by NewConnectionError("HTTPConnection(host='localhost', port=4318): Failed to establish a new connection: [Errno 111] Connection refused"))

During handling of the above exception, another exception occurred:

Traceback (most recent call last):
  File "/root/.cache/user_artifacts/trainers_main/server/.venv/lib/python3.12/site-packages/opentelemetry/sdk/trace/export/__init__.py", line 362, in _export_batch
    self.span_exporter.export(self.spans_list[:idx])  # type: ignore
    ^^^^^^^^^^^^^^^^^^^^^^^^^^^^^^^^^^^^^^^^^^^^^^^^
  File "/root/.cache/user_artifacts/trainers_main/server/.venv/lib/python3.12/site-packages/opentelemetry/exporter/otlp/proto/http/trace_exporter/__init__.py", line 139, in export
    resp = self._export(serialized_data)
           ^^^^^^^^^^^^^^^^^^^^^^^^^^^^^
  File "/root/.cache/user_artifacts/trainers_main/server/.venv/lib/python3.12/site-packages/opentelemetry/exporter/otlp/proto/http/trace_exporter/__init__.py", line 110, in _export
    return self._session.post(
           ^^^^^^^^^^^^^^^^^^^
  File "/root/.cache/user_artifacts/trainers_main/server/.venv/lib/python3.12/site-packages/requests/sessions.py", line 637, in post
    return self.request("POST", url, data=data, json=json, **kwargs)
           ^^^^^^^^^^^^^^^^^^^^^^^^^^^^^^^^^^^^^^^^^^^^^^^^^^^^^^^^^
  File "/root/.cache/user_artifacts/trainers_main/server/.venv/lib/python3.12/site-packages/requests/sessions.py", line 589, in request
    resp = self.send(prep, **send_kwargs)
           ^^^^^^^^^^^^^^^^^^^^^^^^^^^^^^
  File "/root/.cache/user_artifacts/trainers_main/server/.venv/lib/python3.12/site-packages/requests/sessions.py", line 703, in send
    r = adapter.send(request, **kwargs)
        ^^^^^^^^^^^^^^^^^^^^^^^^^^^^^^^
  File "/root/.cache/user_artifacts/trainers_main/server/.venv/lib/python3.12/site-packages/requests/adapters.py", line 677, in send
    raise ConnectionError(e, request=request)
requests.exceptions.ConnectionError: HTTPConnectionPool(host='localhost', port=4318): Max retries exceeded with url: /v1/traces (Caused by NewConnectionError("HTTPConnection(host='localhost', port=4318): Failed to establish a new connection: [Errno 111] Connection refused"))
INFO:trainers_server.dp_worker.api.server:evicted 2 expired finished ops
WARNING:megatron.core.transformer.moe.token_dispatcher:BT_MOE_PROBS_A2A_COMM window 37 (300 gated dispatches): {'token_issues': 11100, 'probs_issues': 11100, 'waits': 22200}
WARNING:megatron.core.transformer.moe.token_dispatcher:BT_MOE_PROBS_A2A_COMM window 37 (300 gated dispatches): {'token_issues': 11100, 'probs_issues': 11100, 'waits': 22200}
WARNING:megatron.core.transformer.moe.token_dispatcher:BT_MOE_PROBS_A2A_COMM window 37 (300 gated dispatches): {'token_issues': 11100, 'probs_issues': 11100, 'waits': 22200}
WARNING:megatron.core.transformer.moe.token_dispatcher:BT_MOE_PROBS_A2A_COMM window 37 (300 gated dispatches): {'token_issues': 11100, 'probs_issues': 11100, 'waits': 22200}
WARNING:megatron.core.transformer.moe.token_dispatcher:BT_MOE_PROBS_A2A_COMM window 37 (300 gated dispatches): {'token_issues': 11100, 'probs_issues': 11100, 'waits': 22200}
WARNING:megatron.core.transformer.moe.token_dispatcher:BT_MOE_PROBS_A2A_COMM window 37 (300 gated dispatches): {'token_issues': 11100, 'probs_issues': 11100, 'waits': 22200}
WARNING:megatron.core.transformer.moe.token_dispatcher:BT_MOE_PROBS_A2A_COMM window 37 (300 gated dispatches): {'token_issues': 11100, 'probs_issues': 11100, 'waits': 22200}
WARNING:megatron.core.transformer.moe.token_dispatcher:BT_MOE_PROBS_A2A_COMM window 37 (300 gated dispatches): {'token_issues': 11100, 'probs_issues': 11100, 'waits': 22200}
WARNING:megatron.core.transformer.moe.token_dispatcher:BT_MOE_PROBS_A2A_COMM window 37 (300 gated dispatches): {'token_issues': 11100, 'probs_issues': 11100, 'waits': 22200}
WARNING:megatron.core.transformer.moe.token_dispatcher:BT_MOE_PROBS_A2A_COMM window 37 (300 gated dispatches): {'token_issues': 11100, 'probs_issues': 11100, 'waits': 22200}
WARNING:megatron.core.transformer.moe.token_dispatcher:BT_MOE_PROBS_A2A_COMM window 37 (300 gated dispatches): {'token_issues': 11100, 'probs_issues': 11100, 'waits': 22200}
WARNING:megatron.core.transformer.moe.token_dispatcher:BT_MOE_PROBS_A2A_COMM window 37 (300 gated dispatches): {'token_issues': 11100, 'probs_issues': 11100, 'waits': 22200}
WARNING:megatron.core.transformer.moe.token_dispatcher:BT_MOE_PROBS_A2A_COMM window 37 (300 gated dispatches): {'token_issues': 11100, 'probs_issues': 11100, 'waits': 22200}
WARNING:megatron.core.transformer.moe.token_dispatcher:BT_MOE_PROBS_A2A_COMM window 37 (300 gated dispatches): {'token_issues': 11100, 'probs_issues': 11100, 'waits': 22200}
WARNING:megatron.core.transformer.moe.token_dispatcher:BT_MOE_PROBS_A2A_COMM window 37 (300 gated dispatches): {'token_issues': 11100, 'probs_issues': 11100, 'waits': 22200}
WARNING:megatron.core.transformer.moe.token_dispatcher:BT_MOE_PROBS_A2A_COMM window 37 (300 gated dispatches): {'token_issues': 11100, 'probs_issues': 11100, 'waits': 22200}
WARNING:megatron.core.transformer.moe.token_dispatcher:BT_MOE_PROBS_A2A_COMM window 38 (300 gated dispatches): {'token_issues': 11400, 'probs_issues': 11400, 'waits': 22800}
WARNING:megatron.core.transformer.moe.token_dispatcher:BT_MOE_PROBS_A2A_COMM window 38 (300 gated dispatches): {'token_issues': 11400, 'probs_issues': 11400, 'waits': 22800}
WARNING:megatron.core.transformer.moe.token_dispatcher:BT_MOE_PROBS_A2A_COMM window 38 (300 gated dispatches): {'token_issues': 11400, 'probs_issues': 11400, 'waits': 22800}
WARNING:megatron.core.transformer.moe.token_dispatcher:BT_MOE_PROBS_A2A_COMM window 38 (300 gated dispatches): {'token_issues': 11400, 'probs_issues': 11400, 'waits': 22800}
WARNING:megatron.core.transformer.moe.token_dispatcher:BT_MOE_PROBS_A2A_COMM window 38 (300 gated dispatches): {'token_issues': 11400, 'probs_issues': 11400, 'waits': 22800}
WARNING:megatron.core.transformer.moe.token_dispatcher:BT_MOE_PROBS_A2A_COMM window 38 (300 gated dispatches): {'token_issues': 11400, 'probs_issues': 11400, 'waits': 22800}
WARNING:megatron.core.transformer.moe.token_dispatcher:BT_MOE_PROBS_A2A_COMM window 38 (300 gated dispatches): {'token_issues': 11400, 'probs_issues': 11400, 'waits': 22800}
WARNING:megatron.core.transformer.moe.token_dispatcher:BT_MOE_PROBS_A2A_COMM window 38 (300 gated dispatches): {'token_issues': 11400, 'probs_issues': 11400, 'waits': 22800}
WARNING:megatron.core.transformer.moe.token_dispatcher:BT_MOE_PROBS_A2A_COMM window 38 (300 gated dispatches): {'token_issues': 11400, 'probs_issues': 11400, 'waits': 22800}
WARNING:megatron.core.transformer.moe.token_dispatcher:BT_MOE_PROBS_A2A_COMM window 38 (300 gated dispatches): {'token_issues': 11400, 'probs_issues': 11400, 'waits': 22800}
WARNING:megatron.core.transformer.moe.token_dispatcher:BT_MOE_PROBS_A2A_COMM window 38 (300 gated dispatches): {'token_issues': 11400, 'probs_issues': 11400, 'waits': 22800}
WARNING:megatron.core.transformer.moe.token_dispatcher:BT_MOE_PROBS_A2A_COMM window 38 (300 gated dispatches): {'token_issues': 11400, 'probs_issues': 11400, 'waits': 22800}
WARNING:megatron.core.transformer.moe.token_dispatcher:BT_MOE_PROBS_A2A_COMM window 38 (300 gated dispatches): {'token_issues': 11400, 'probs_issues': 11400, 'waits': 22800}
WARNING:megatron.core.transformer.moe.token_dispatcher:BT_MOE_PROBS_A2A_COMM window 38 (300 gated dispatches): {'token_issues': 11400, 'probs_issues': 11400, 'waits': 22800}
WARNING:megatron.core.transformer.moe.token_dispatcher:BT_MOE_PROBS_A2A_COMM window 38 (300 gated dispatches): {'token_issues': 11400, 'probs_issues': 11400, 'waits': 22800}
WARNING:megatron.core.transformer.moe.token_dispatcher:BT_MOE_PROBS_A2A_COMM window 38 (300 gated dispatches): {'token_issues': 11400, 'probs_issues': 11400, 'waits': 22800}
WARNING:megatron.core.transformer.experimental_attention_variant.dsa_cudnn_kernels:BT_DSA_BWD_ASYNC_NONEMPTY_V3 window 19 (312 probe reads): {'kicks': 5928, 'hits': 5928, 'misses': 0, 'probe_dropped': 0, 'fallbacks': 0, 'verifies': 5927}
WARNING:megatron.core.transformer.experimental_attention_variant.dsa_cudnn_kernels:BT_DSA_BWD_ASYNC_NONEMPTY_V3 window 19 (312 probe reads): {'kicks': 5928, 'hits': 5928, 'misses': 0, 'probe_dropped': 0, 'fallbacks': 0, 'verifies': 5927}
WARNING:megatron.core.transformer.experimental_attention_variant.dsa_cudnn_kernels:BT_DSA_BWD_ASYNC_NONEMPTY_V3 window 19 (312 probe reads): {'kicks': 5928, 'hits': 5928, 'misses': 0, 'probe_dropped': 0, 'fallbacks': 0, 'verifies': 5927}
WARNING:megatron.core.transformer.experimental_attention_variant.dsa_cudnn_kernels:BT_DSA_BWD_ASYNC_NONEMPTY_V3 window 19 (312 probe reads): {'kicks': 5928, 'hits': 5928, 'misses': 0, 'probe_dropped': 0, 'fallbacks': 0, 'verifies': 5927}
WARNING:megatron.core.transformer.experimental_attention_variant.dsa_cudnn_kernels:BT_DSA_BWD_ASYNC_NONEMPTY_V3 window 19 (312 probe reads): {'kicks': 5928, 'hits': 5928, 'misses': 0, 'probe_dropped': 0, 'fallbacks': 0, 'verifies': 5927}
WARNING:megatron.core.transformer.experimental_attention_variant.dsa_cudnn_kernels:BT_DSA_BWD_ASYNC_NONEMPTY_V3 window 19 (312 probe reads): {'kicks': 5928, 'hits': 5928, 'misses': 0, 'probe_dropped': 0, 'fallbacks': 0, 'verifies': 5927}
WARNING:megatron.core.transformer.experimental_attention_variant.dsa_cudnn_kernels:BT_DSA_BWD_ASYNC_NONEMPTY_V3 window 19 (312 probe reads): {'kicks': 5928, 'hits': 5928, 'misses': 0, 'probe_dropped': 0, 'fallbacks': 0, 'verifies': 5927}
WARNING:megatron.core.transformer.experimental_attention_variant.dsa_cudnn_kernels:BT_DSA_BWD_ASYNC_NONEMPTY_V3 window 19 (312 probe reads): {'kicks': 5928, 'hits': 5928, 'misses': 0, 'probe_dropped': 0, 'fallbacks': 0, 'verifies': 5927}
WARNING:megatron.core.transformer.experimental_attention_variant.dsa_cudnn_kernels:BT_DSA_BWD_ASYNC_NONEMPTY_V3 window 19 (312 probe reads): {'kicks': 5928, 'hits': 5928, 'misses': 0, 'probe_dropped': 0, 'fallbacks': 0, 'verifies': 5927}
WARNING:megatron.core.transformer.experimental_attention_variant.dsa_cudnn_kernels:BT_DSA_BWD_ASYNC_NONEMPTY_V3 window 19 (312 probe reads): {'kicks': 5928, 'hits': 5928, 'misses': 0, 'probe_dropped': 0, 'fallbacks': 0, 'verifies': 5927}
WARNING:megatron.core.transformer.experimental_attention_variant.dsa_cudnn_kernels:BT_DSA_BWD_ASYNC_NONEMPTY_V3 window 19 (312 probe reads): {'kicks': 5928, 'hits': 5928, 'misses': 0, 'probe_dropped': 0, 'fallbacks': 0, 'verifies': 5927}
WARNING:megatron.core.transformer.experimental_attention_variant.dsa_cudnn_kernels:BT_DSA_BWD_ASYNC_NONEMPTY_V3 window 19 (312 probe reads): {'kicks': 5928, 'hits': 5928, 'misses': 0, 'probe_dropped': 0, 'fallbacks': 0, 'verifies': 5927}
WARNING:megatron.core.transformer.experimental_attention_variant.dsa_cudnn_kernels:BT_DSA_BWD_ASYNC_NONEMPTY_V3 window 19 (312 probe reads): {'kicks': 5928, 'hits': 5928, 'misses': 0, 'probe_dropped': 0, 'fallbacks': 0, 'verifies': 5927}
WARNING:megatron.core.transformer.experimental_attention_variant.dsa_cudnn_kernels:BT_DSA_BWD_ASYNC_NONEMPTY_V3 window 19 (312 probe reads): {'kicks': 5928, 'hits': 5928, 'misses': 0, 'probe_dropped': 0, 'fallbacks': 0, 'verifies': 5927}
WARNING:megatron.core.transformer.experimental_attention_variant.dsa_cudnn_kernels:BT_DSA_BWD_ASYNC_NONEMPTY_V3 window 19 (312 probe reads): {'kicks': 5928, 'hits': 5928, 'misses': 0, 'probe_dropped': 0, 'fallbacks': 0, 'verifies': 5927}
WARNING:megatron.core.transformer.experimental_attention_variant.dsa_cudnn_kernels:BT_DSA_BWD_ASYNC_NONEMPTY_V3 window 19 (312 probe reads): {'kicks': 5928, 'hits': 5928, 'misses': 0, 'probe_dropped': 0, 'fallbacks': 0, 'verifies': 5927}
INFO:trainers_server.dp_worker.api.dispatcher_worker:dispatcher_worker: op=forward_backward operation_id=0b411d1d2a484e9f89dc763263db4e26 done in 46.90s {'loss': 12.0953729276499}
INFO:trainers_server.dp_worker.api.server:retrieve: operation_id=0b411d1d2a484e9f89dc763263db4e26 done after 16.92s
INFO:     127.0.0.1:56060 - "GET /operations/0b411d1d2a484e9f89dc763263db4e26 HTTP/1.1" 200 OK
INFO:trainers_server.dp_worker.api.server:submit: op=optim_step operation_id=ed99d9bb822948f4b1f6e2e23831f648 enqueued (qsize=1) 
INFO:     127.0.0.1:56060 - "POST /optim_step HTTP/1.1" 202 Accepted
INFO:trainers_server.dp_worker.api.dispatcher_worker:dispatcher_worker: op=optim_step operation_id=ed99d9bb822948f4b1f6e2e23831f648 done in 0.03s step=19.0 learning_rate=1e-05 lr=1e-05 grad_norm=0.32327738404273987 tps=11172.903731413013 train_mean_nll=12.0953729276499 num_tokens=524288.0 num_loss_tokens=524284.0 step_seconds=46.92495456896722
INFO:trainers_server.dp_worker.api.server:retrieve: operation_id=ed99d9bb822948f4b1f6e2e23831f648 done after 0.03s
INFO:     127.0.0.1:56060 - "GET /operations/ed99d9bb822948f4b1f6e2e23831f648 HTTP/1.1" 200 OK
INFO:trainers_server.dp_worker.api.server:submit: op=forward_backward operation_id=886271cc729d4d98b84c1b9abaa1125f enqueued (qsize=1) n_datums=4 total_tokens=524288 seq_len[min/max]=131072/131072
INFO:     127.0.0.1:56060 - "POST /forward_backward HTTP/1.1" 202 Accepted
ERROR:opentelemetry.sdk.trace.export:Exception while exporting Span batch.
Traceback (most recent call last):
  File "/root/.cache/user_artifacts/trainers_main/server/.venv/lib/python3.12/site-packages/urllib3/connection.py", line 204, in _new_conn
    sock = connection.create_connection(
           ^^^^^^^^^^^^^^^^^^^^^^^^^^^^^
  File "/root/.cache/user_artifacts/trainers_main/server/.venv/lib/python3.12/site-packages/urllib3/util/connection.py", line 85, in create_connection
    raise err
  File "/root/.cache/user_artifacts/trainers_main/server/.venv/lib/python3.12/site-packages/urllib3/util/connection.py", line 73, in create_connection
    sock.connect(sa)
ConnectionRefusedError: [Errno 111] Connection refused

The above exception was the direct cause of the following exception:

Traceback (most recent call last):
  File "/root/.cache/user_artifacts/trainers_main/server/.venv/lib/python3.12/site-packages/urllib3/connectionpool.py", line 787, in urlopen
    response = self._make_request(
               ^^^^^^^^^^^^^^^^^^^
  File "/root/.cache/user_artifacts/trainers_main/server/.venv/lib/python3.12/site-packages/urllib3/connectionpool.py", line 493, in _make_request
    conn.request(
  File "/root/.cache/user_artifacts/trainers_main/server/.venv/lib/python3.12/site-packages/urllib3/connection.py", line 500, in request
    self.endheaders()
  File "/usr/lib/python3.12/http/client.py", line 1360, in endheaders
    self._send_output(message_body, encode_chunked=encode_chunked)
  File "/usr/lib/python3.12/http/client.py", line 1120, in _send_output
    self.send(msg)
  File "/usr/lib/python3.12/http/client.py", line 1064, in send
    self.connect()
  File "/root/.cache/user_artifacts/trainers_main/server/.venv/lib/python3.12/site-packages/urllib3/connection.py", line 331, in connect
    self.sock = self._new_conn()
                ^^^^^^^^^^^^^^^^
  File "/root/.cache/user_artifacts/trainers_main/server/.venv/lib/python3.12/site-packages/urllib3/connection.py", line 219, in _new_conn
    raise NewConnectionError(
urllib3.exceptions.NewConnectionError: HTTPConnection(host='localhost', port=4318): Failed to establish a new connection: [Errno 111] Connection refused

The above exception was the direct cause of the following exception:

Traceback (most recent call last):
  File "/root/.cache/user_artifacts/trainers_main/server/.venv/lib/python3.12/site-packages/requests/adapters.py", line 644, in send
    resp = conn.urlopen(
           ^^^^^^^^^^^^^
  File "/root/.cache/user_artifacts/trainers_main/server/.venv/lib/python3.12/site-packages/urllib3/connectionpool.py", line 841, in urlopen
    retries = retries.increment(
              ^^^^^^^^^^^^^^^^^^
  File "/root/.cache/user_artifacts/trainers_main/server/.venv/lib/python3.12/site-packages/urllib3/util/retry.py", line 535, in increment
    raise MaxRetryError(_pool, url, reason) from reason  # type: ignore[arg-type]
    ^^^^^^^^^^^^^^^^^^^^^^^^^^^^^^^^^^^^^^^^^^^^^^^^^^^
urllib3.exceptions.MaxRetryError: HTTPConnectionPool(host='localhost', port=4318): Max retries exceeded with url: /v1/traces (Caused by NewConnectionError("HTTPConnection(host='localhost', port=4318): Failed to establish a new connection: [Errno 111] Connection refused"))

During handling of the above exception, another exception occurred:

Traceback (most recent call last):
  File "/root/.cache/user_artifacts/trainers_main/server/.venv/lib/python3.12/site-packages/opentelemetry/sdk/trace/export/__init__.py", line 362, in _export_batch
    self.span_exporter.export(self.spans_list[:idx])  # type: ignore
    ^^^^^^^^^^^^^^^^^^^^^^^^^^^^^^^^^^^^^^^^^^^^^^^^
  File "/root/.cache/user_artifacts/trainers_main/server/.venv/lib/python3.12/site-packages/opentelemetry/exporter/otlp/proto/http/trace_exporter/__init__.py", line 139, in export
    resp = self._export(serialized_data)
           ^^^^^^^^^^^^^^^^^^^^^^^^^^^^^
  File "/root/.cache/user_artifacts/trainers_main/server/.venv/lib/python3.12/site-packages/opentelemetry/exporter/otlp/proto/http/trace_exporter/__init__.py", line 110, in _export
    return self._session.post(
           ^^^^^^^^^^^^^^^^^^^
  File "/root/.cache/user_artifacts/trainers_main/server/.venv/lib/python3.12/site-packages/requests/sessions.py", line 637, in post
    return self.request("POST", url, data=data, json=json, **kwargs)
           ^^^^^^^^^^^^^^^^^^^^^^^^^^^^^^^^^^^^^^^^^^^^^^^^^^^^^^^^^
  File "/root/.cache/user_artifacts/trainers_main/server/.venv/lib/python3.12/site-packages/requests/sessions.py", line 589, in request
    resp = self.send(prep, **send_kwargs)
           ^^^^^^^^^^^^^^^^^^^^^^^^^^^^^^
  File "/root/.cache/user_artifacts/trainers_main/server/.venv/lib/python3.12/site-packages/requests/sessions.py", line 703, in send
    r = adapter.send(request, **kwargs)
        ^^^^^^^^^^^^^^^^^^^^^^^^^^^^^^^
  File "/root/.cache/user_artifacts/trainers_main/server/.venv/lib/python3.12/site-packages/requests/adapters.py", line 677, in send
    raise ConnectionError(e, request=request)
requests.exceptions.ConnectionError: HTTPConnectionPool(host='localhost', port=4318): Max retries exceeded with url: /v1/traces (Caused by NewConnectionError("HTTPConnection(host='localhost', port=4318): Failed to establish a new connection: [Errno 111] Connection refused"))
WARNING:megatron.core.transformer.moe.token_dispatcher:BT_MOE_PROBS_A2A_COMM window 39 (300 gated dispatches): {'token_issues': 11700, 'probs_issues': 11700, 'waits': 23400}
WARNING:megatron.core.transformer.moe.token_dispatcher:BT_MOE_PROBS_A2A_COMM window 39 (300 gated dispatches): {'token_issues': 11700, 'probs_issues': 11700, 'waits': 23400}
WARNING:megatron.core.transformer.moe.token_dispatcher:BT_MOE_PROBS_A2A_COMM window 39 (300 gated dispatches): {'token_issues': 11700, 'probs_issues': 11700, 'waits': 23400}
WARNING:megatron.core.transformer.moe.token_dispatcher:BT_MOE_PROBS_A2A_COMM window 39 (300 gated dispatches): {'token_issues': 11700, 'probs_issues': 11700, 'waits': 23400}
WARNING:megatron.core.transformer.moe.token_dispatcher:BT_MOE_PROBS_A2A_COMM window 39 (300 gated dispatches): {'token_issues': 11700, 'probs_issues': 11700, 'waits': 23400}
WARNING:megatron.core.transformer.moe.token_dispatcher:BT_MOE_PROBS_A2A_COMM window 39 (300 gated dispatches): {'token_issues': 11700, 'probs_issues': 11700, 'waits': 23400}
WARNING:megatron.core.transformer.moe.token_dispatcher:BT_MOE_PROBS_A2A_COMM window 39 (300 gated dispatches): {'token_issues': 11700, 'probs_issues': 11700, 'waits': 23400}
WARNING:megatron.core.transformer.moe.token_dispatcher:BT_MOE_PROBS_A2A_COMM window 39 (300 gated dispatches): {'token_issues': 11700, 'probs_issues': 11700, 'waits': 23400}
WARNING:megatron.core.transformer.moe.token_dispatcher:BT_MOE_PROBS_A2A_COMM window 39 (300 gated dispatches): {'token_issues': 11700, 'probs_issues': 11700, 'waits': 23400}
WARNING:megatron.core.transformer.moe.token_dispatcher:BT_MOE_PROBS_A2A_COMM window 39 (300 gated dispatches): {'token_issues': 11700, 'probs_issues': 11700, 'waits': 23400}
WARNING:megatron.core.transformer.moe.token_dispatcher:BT_MOE_PROBS_A2A_COMM window 39 (300 gated dispatches): {'token_issues': 11700, 'probs_issues': 11700, 'waits': 23400}
WARNING:megatron.core.transformer.moe.token_dispatcher:BT_MOE_PROBS_A2A_COMM window 39 (300 gated dispatches): {'token_issues': 11700, 'probs_issues': 11700, 'waits': 23400}
WARNING:megatron.core.transformer.moe.token_dispatcher:BT_MOE_PROBS_A2A_COMM window 39 (300 gated dispatches): {'token_issues': 11700, 'probs_issues': 11700, 'waits': 23400}
WARNING:megatron.core.transformer.moe.token_dispatcher:BT_MOE_PROBS_A2A_COMM window 39 (300 gated dispatches): {'token_issues': 11700, 'probs_issues': 11700, 'waits': 23400}
WARNING:megatron.core.transformer.moe.token_dispatcher:BT_MOE_PROBS_A2A_COMM window 39 (300 gated dispatches): {'token_issues': 11700, 'probs_issues': 11700, 'waits': 23400}
WARNING:megatron.core.transformer.moe.token_dispatcher:BT_MOE_PROBS_A2A_COMM window 39 (300 gated dispatches): {'token_issues': 11700, 'probs_issues': 11700, 'waits': 23400}
INFO:trainers_server.dp_worker.api.server:evicted 2 expired finished ops
WARNING:megatron.core.transformer.moe.token_dispatcher:BT_MOE_PROBS_A2A_COMM window 40 (300 gated dispatches): {'token_issues': 12000, 'probs_issues': 12000, 'waits': 24000}
WARNING:megatron.core.transformer.moe.token_dispatcher:BT_MOE_PROBS_A2A_COMM window 40 (300 gated dispatches): {'token_issues': 12000, 'probs_issues': 12000, 'waits': 24000}
WARNING:megatron.core.transformer.moe.token_dispatcher:BT_MOE_PROBS_A2A_COMM window 40 (300 gated dispatches): {'token_issues': 12000, 'probs_issues': 12000, 'waits': 24000}
WARNING:megatron.core.transformer.moe.token_dispatcher:BT_MOE_PROBS_A2A_COMM window 40 (300 gated dispatches): {'token_issues': 12000, 'probs_issues': 12000, 'waits': 24000}
WARNING:megatron.core.transformer.moe.token_dispatcher:BT_MOE_PROBS_A2A_COMM window 40 (300 gated dispatches): {'token_issues': 12000, 'probs_issues': 12000, 'waits': 24000}
WARNING:megatron.core.transformer.moe.token_dispatcher:BT_MOE_PROBS_A2A_COMM window 40 (300 gated dispatches): {'token_issues': 12000, 'probs_issues': 12000, 'waits': 24000}
WARNING:megatron.core.transformer.moe.token_dispatcher:BT_MOE_PROBS_A2A_COMM window 40 (300 gated dispatches): {'token_issues': 12000, 'probs_issues': 12000, 'waits': 24000}
WARNING:megatron.core.transformer.moe.token_dispatcher:BT_MOE_PROBS_A2A_COMM window 40 (300 gated dispatches): {'token_issues': 12000, 'probs_issues': 12000, 'waits': 24000}
WARNING:megatron.core.transformer.moe.token_dispatcher:BT_MOE_PROBS_A2A_COMM window 40 (300 gated dispatches): {'token_issues': 12000, 'probs_issues': 12000, 'waits': 24000}
WARNING:megatron.core.transformer.moe.token_dispatcher:BT_MOE_PROBS_A2A_COMM window 40 (300 gated dispatches): {'token_issues': 12000, 'probs_issues': 12000, 'waits': 24000}
WARNING:megatron.core.transformer.moe.token_dispatcher:BT_MOE_PROBS_A2A_COMM window 40 (300 gated dispatches): {'token_issues': 12000, 'probs_issues': 12000, 'waits': 24000}
WARNING:megatron.core.transformer.moe.token_dispatcher:BT_MOE_PROBS_A2A_COMM window 40 (300 gated dispatches): {'token_issues': 12000, 'probs_issues': 12000, 'waits': 24000}
WARNING:megatron.core.transformer.moe.token_dispatcher:BT_MOE_PROBS_A2A_COMM window 40 (300 gated dispatches): {'token_issues': 12000, 'probs_issues': 12000, 'waits': 24000}
WARNING:megatron.core.transformer.moe.token_dispatcher:BT_MOE_PROBS_A2A_COMM window 40 (300 gated dispatches): {'token_issues': 12000, 'probs_issues': 12000, 'waits': 24000}
WARNING:megatron.core.transformer.moe.token_dispatcher:BT_MOE_PROBS_A2A_COMM window 40 (300 gated dispatches): {'token_issues': 12000, 'probs_issues': 12000, 'waits': 24000}
WARNING:megatron.core.transformer.moe.token_dispatcher:BT_MOE_PROBS_A2A_COMM window 40 (300 gated dispatches): {'token_issues': 12000, 'probs_issues': 12000, 'waits': 24000}
WARNING:megatron.core.transformer.experimental_attention_variant.dsa_cudnn_kernels:BT_DSA_BWD_ASYNC_NONEMPTY_V3 window 20 (312 probe reads): {'kicks': 6240, 'hits': 6240, 'misses': 0, 'probe_dropped': 0, 'fallbacks': 0, 'verifies': 6239}
WARNING:megatron.core.transformer.experimental_attention_variant.dsa_cudnn_kernels:BT_DSA_BWD_ASYNC_NONEMPTY_V3 window 20 (312 probe reads): {'kicks': 6240, 'hits': 6240, 'misses': 0, 'probe_dropped': 0, 'fallbacks': 0, 'verifies': 6239}
WARNING:megatron.core.transformer.experimental_attention_variant.dsa_cudnn_kernels:BT_DSA_BWD_ASYNC_NONEMPTY_V3 window 20 (312 probe reads): {'kicks': 6240, 'hits': 6240, 'misses': 0, 'probe_dropped': 0, 'fallbacks': 0, 'verifies': 6239}
WARNING:megatron.core.transformer.experimental_attention_variant.dsa_cudnn_kernels:BT_DSA_BWD_ASYNC_NONEMPTY_V3 window 20 (312 probe reads): {'kicks': 6240, 'hits': 6240, 'misses': 0, 'probe_dropped': 0, 'fallbacks': 0, 'verifies': 6239}
WARNING:megatron.core.transformer.experimental_attention_variant.dsa_cudnn_kernels:BT_DSA_BWD_ASYNC_NONEMPTY_V3 window 20 (312 probe reads): {'kicks': 6240, 'hits': 6240, 'misses': 0, 'probe_dropped': 0, 'fallbacks': 0, 'verifies': 6239}
WARNING:megatron.core.transformer.experimental_attention_variant.dsa_cudnn_kernels:BT_DSA_BWD_ASYNC_NONEMPTY_V3 window 20 (312 probe reads): {'kicks': 6240, 'hits': 6240, 'misses': 0, 'probe_dropped': 0, 'fallbacks': 0, 'verifies': 6239}
WARNING:megatron.core.transformer.experimental_attention_variant.dsa_cudnn_kernels:BT_DSA_BWD_ASYNC_NONEMPTY_V3 window 20 (312 probe reads): {'kicks': 6240, 'hits': 6240, 'misses': 0, 'probe_dropped': 0, 'fallbacks': 0, 'verifies': 6239}
WARNING:megatron.core.transformer.experimental_attention_variant.dsa_cudnn_kernels:BT_DSA_BWD_ASYNC_NONEMPTY_V3 window 20 (312 probe reads): {'kicks': 6240, 'hits': 6240, 'misses': 0, 'probe_dropped': 0, 'fallbacks': 0, 'verifies': 6239}
WARNING:megatron.core.transformer.experimental_attention_variant.dsa_cudnn_kernels:BT_DSA_BWD_ASYNC_NONEMPTY_V3 window 20 (312 probe reads): {'kicks': 6240, 'hits': 6240, 'misses': 0, 'probe_dropped': 0, 'fallbacks': 0, 'verifies': 6239}
WARNING:megatron.core.transformer.experimental_attention_variant.dsa_cudnn_kernels:BT_DSA_BWD_ASYNC_NONEMPTY_V3 window 20 (312 probe reads): {'kicks': 6240, 'hits': 6240, 'misses': 0, 'probe_dropped': 0, 'fallbacks': 0, 'verifies': 6239}
WARNING:megatron.core.transformer.experimental_attention_variant.dsa_cudnn_kernels:BT_DSA_BWD_ASYNC_NONEMPTY_V3 window 20 (312 probe reads): {'kicks': 6240, 'hits': 6240, 'misses': 0, 'probe_dropped': 0, 'fallbacks': 0, 'verifies': 6239}
WARNING:megatron.core.transformer.experimental_attention_variant.dsa_cudnn_kernels:BT_DSA_BWD_ASYNC_NONEMPTY_V3 window 20 (312 probe reads): {'kicks': 6240, 'hits': 6240, 'misses': 0, 'probe_dropped': 0, 'fallbacks': 0, 'verifies': 6239}
WARNING:megatron.core.transformer.experimental_attention_variant.dsa_cudnn_kernels:BT_DSA_BWD_ASYNC_NONEMPTY_V3 window 20 (312 probe reads): {'kicks': 6240, 'hits': 6240, 'misses': 0, 'probe_dropped': 0, 'fallbacks': 0, 'verifies': 6239}
WARNING:megatron.core.transformer.experimental_attention_variant.dsa_cudnn_kernels:BT_DSA_BWD_ASYNC_NONEMPTY_V3 window 20 (312 probe reads): {'kicks': 6240, 'hits': 6240, 'misses': 0, 'probe_dropped': 0, 'fallbacks': 0, 'verifies': 6239}
WARNING:megatron.core.transformer.experimental_attention_variant.dsa_cudnn_kernels:BT_DSA_BWD_ASYNC_NONEMPTY_V3 window 20 (312 probe reads): {'kicks': 6240, 'hits': 6240, 'misses': 0, 'probe_dropped': 0, 'fallbacks': 0, 'verifies': 6239}
WARNING:megatron.core.transformer.experimental_attention_variant.dsa_cudnn_kernels:BT_DSA_BWD_ASYNC_NONEMPTY_V3 window 20 (312 probe reads): {'kicks': 6240, 'hits': 6240, 'misses': 0, 'probe_dropped': 0, 'fallbacks': 0, 'verifies': 6239}
INFO:trainers_server.dp_worker.api.dispatcher_worker:dispatcher_worker: op=forward_backward operation_id=886271cc729d4d98b84c1b9abaa1125f done in 47.94s {'loss': 12.089485851179894}
INFO:trainers_server.dp_worker.api.server:retrieve: operation_id=886271cc729d4d98b84c1b9abaa1125f done after 17.95s
INFO:     127.0.0.1:56060 - "GET /operations/886271cc729d4d98b84c1b9abaa1125f HTTP/1.1" 200 OK
INFO:trainers_server.dp_worker.api.server:submit: op=optim_step operation_id=6196488878e04e2992c52398c340b31b enqueued (qsize=1) 
INFO:     127.0.0.1:56060 - "POST /optim_step HTTP/1.1" 202 Accepted
INFO:trainers_server.dp_worker.api.dispatcher_worker:dispatcher_worker: op=optim_step operation_id=6196488878e04e2992c52398c340b31b done in 0.03s step=20.0 learning_rate=1e-05 lr=1e-05 grad_norm=0.3147856891155243 tps=10932.343837996945 train_mean_nll=12.089485851179894 num_tokens=524288.0 num_loss_tokens=524284.0 step_seconds=47.95751101220958
INFO:trainers_server.dp_worker.api.server:retrieve: operation_id=6196488878e04e2992c52398c340b31b done after 0.03s
INFO:     127.0.0.1:56060 - "GET /operations/6196488878e04e2992c52398c340b31b HTTP/1.1" 200 OK
INFO:trainers_server.dp_worker.api.server:submit: op=forward_backward operation_id=a86219a180294f0c9d2978346d105302 enqueued (qsize=1) n_datums=4 total_tokens=524288 seq_len[min/max]=131072/131072
INFO:     127.0.0.1:56060 - "POST /forward_backward HTTP/1.1" 202 Accepted
ERROR:opentelemetry.sdk.trace.export:Exception while exporting Span batch.
Traceback (most recent call last):
  File "/root/.cache/user_artifacts/trainers_main/server/.venv/lib/python3.12/site-packages/urllib3/connection.py", line 204, in _new_conn
    sock = connection.create_connection(
           ^^^^^^^^^^^^^^^^^^^^^^^^^^^^^
  File "/root/.cache/user_artifacts/trainers_main/server/.venv/lib/python3.12/site-packages/urllib3/util/connection.py", line 85, in create_connection
    raise err
  File "/root/.cache/user_artifacts/trainers_main/server/.venv/lib/python3.12/site-packages/urllib3/util/connection.py", line 73, in create_connection
    sock.connect(sa)
ConnectionRefusedError: [Errno 111] Connection refused

The above exception was the direct cause of the following exception:

Traceback (most recent call last):
  File "/root/.cache/user_artifacts/trainers_main/server/.venv/lib/python3.12/site-packages/urllib3/connectionpool.py", line 787, in urlopen
    response = self._make_request(
               ^^^^^^^^^^^^^^^^^^^
  File "/root/.cache/user_artifacts/trainers_main/server/.venv/lib/python3.12/site-packages/urllib3/connectionpool.py", line 493, in _make_request
    conn.request(
  File "/root/.cache/user_artifacts/trainers_main/server/.venv/lib/python3.12/site-packages/urllib3/connection.py", line 500, in request
    self.endheaders()
  File "/usr/lib/python3.12/http/client.py", line 1360, in endheaders
    self._send_output(message_body, encode_chunked=encode_chunked)
  File "/usr/lib/python3.12/http/client.py", line 1120, in _send_output
    self.send(msg)
  File "/usr/lib/python3.12/http/client.py", line 1064, in send
    self.connect()
  File "/root/.cache/user_artifacts/trainers_main/server/.venv/lib/python3.12/site-packages/urllib3/connection.py", line 331, in connect
    self.sock = self._new_conn()
                ^^^^^^^^^^^^^^^^
  File "/root/.cache/user_artifacts/trainers_main/server/.venv/lib/python3.12/site-packages/urllib3/connection.py", line 219, in _new_conn
    raise NewConnectionError(
urllib3.exceptions.NewConnectionError: HTTPConnection(host='localhost', port=4318): Failed to establish a new connection: [Errno 111] Connection refused

The above exception was the direct cause of the following exception:

Traceback (most recent call last):
  File "/root/.cache/user_artifacts/trainers_main/server/.venv/lib/python3.12/site-packages/requests/adapters.py", line 644, in send
    resp = conn.urlopen(
           ^^^^^^^^^^^^^
  File "/root/.cache/user_artifacts/trainers_main/server/.venv/lib/python3.12/site-packages/urllib3/connectionpool.py", line 841, in urlopen
    retries = retries.increment(
              ^^^^^^^^^^^^^^^^^^
  File "/root/.cache/user_artifacts/trainers_main/server/.venv/lib/python3.12/site-packages/urllib3/util/retry.py", line 535, in increment
    raise MaxRetryError(_pool, url, reason) from reason  # type: ignore[arg-type]
    ^^^^^^^^^^^^^^^^^^^^^^^^^^^^^^^^^^^^^^^^^^^^^^^^^^^
urllib3.exceptions.MaxRetryError: HTTPConnectionPool(host='localhost', port=4318): Max retries exceeded with url: /v1/traces (Caused by NewConnectionError("HTTPConnection(host='localhost', port=4318): Failed to establish a new connection: [Errno 111] Connection refused"))

During handling of the above exception, another exception occurred:

Traceback (most recent call last):
  File "/root/.cache/user_artifacts/trainers_main/server/.venv/lib/python3.12/site-packages/opentelemetry/sdk/trace/export/__init__.py", line 362, in _export_batch
    self.span_exporter.export(self.spans_list[:idx])  # type: ignore
    ^^^^^^^^^^^^^^^^^^^^^^^^^^^^^^^^^^^^^^^^^^^^^^^^
  File "/root/.cache/user_artifacts/trainers_main/server/.venv/lib/python3.12/site-packages/opentelemetry/exporter/otlp/proto/http/trace_exporter/__init__.py", line 139, in export
    resp = self._export(serialized_data)
           ^^^^^^^^^^^^^^^^^^^^^^^^^^^^^
  File "/root/.cache/user_artifacts/trainers_main/server/.venv/lib/python3.12/site-packages/opentelemetry/exporter/otlp/proto/http/trace_exporter/__init__.py", line 110, in _export
    return self._session.post(
           ^^^^^^^^^^^^^^^^^^^
  File "/root/.cache/user_artifacts/trainers_main/server/.venv/lib/python3.12/site-packages/requests/sessions.py", line 637, in post
    return self.request("POST", url, data=data, json=json, **kwargs)
           ^^^^^^^^^^^^^^^^^^^^^^^^^^^^^^^^^^^^^^^^^^^^^^^^^^^^^^^^^
  File "/root/.cache/user_artifacts/trainers_main/server/.venv/lib/python3.12/site-packages/requests/sessions.py", line 589, in request
    resp = self.send(prep, **send_kwargs)
           ^^^^^^^^^^^^^^^^^^^^^^^^^^^^^^
  File "/root/.cache/user_artifacts/trainers_main/server/.venv/lib/python3.12/site-packages/requests/sessions.py", line 703, in send
    r = adapter.send(request, **kwargs)
        ^^^^^^^^^^^^^^^^^^^^^^^^^^^^^^^
  File "/root/.cache/user_artifacts/trainers_main/server/.venv/lib/python3.12/site-packages/requests/adapters.py", line 677, in send
    raise ConnectionError(e, request=request)
requests.exceptions.ConnectionError: HTTPConnectionPool(host='localhost', port=4318): Max retries exceeded with url: /v1/traces (Caused by NewConnectionError("HTTPConnection(host='localhost', port=4318): Failed to establish a new connection: [Errno 111] Connection refused"))
WARNING:megatron.core.transformer.moe.token_dispatcher:BT_MOE_PROBS_A2A_COMM window 41 (300 gated dispatches): {'token_issues': 12300, 'probs_issues': 12300, 'waits': 24600}
WARNING:megatron.core.transformer.moe.token_dispatcher:BT_MOE_PROBS_A2A_COMM window 41 (300 gated dispatches): {'token_issues': 12300, 'probs_issues': 12300, 'waits': 24600}
WARNING:megatron.core.transformer.moe.token_dispatcher:BT_MOE_PROBS_A2A_COMM window 41 (300 gated dispatches): {'token_issues': 12300, 'probs_issues': 12300, 'waits': 24600}
WARNING:megatron.core.transformer.moe.token_dispatcher:BT_MOE_PROBS_A2A_COMM window 41 (300 gated dispatches): {'token_issues': 12300, 'probs_issues': 12300, 'waits': 24600}
WARNING:megatron.core.transformer.moe.token_dispatcher:BT_MOE_PROBS_A2A_COMM window 41 (300 gated dispatches): {'token_issues': 12300, 'probs_issues': 12300, 'waits': 24600}
WARNING:megatron.core.transformer.moe.token_dispatcher:BT_MOE_PROBS_A2A_COMM window 41 (300 gated dispatches): {'token_issues': 12300, 'probs_issues': 12300, 'waits': 24600}
WARNING:megatron.core.transformer.moe.token_dispatcher:BT_MOE_PROBS_A2A_COMM window 41 (300 gated dispatches): {'token_issues': 12300, 'probs_issues': 12300, 'waits': 24600}
WARNING:megatron.core.transformer.moe.token_dispatcher:BT_MOE_PROBS_A2A_COMM window 41 (300 gated dispatches): {'token_issues': 12300, 'probs_issues': 12300, 'waits': 24600}
WARNING:megatron.core.transformer.moe.token_dispatcher:BT_MOE_PROBS_A2A_COMM window 41 (300 gated dispatches): {'token_issues': 12300, 'probs_issues': 12300, 'waits': 24600}
WARNING:megatron.core.transformer.moe.token_dispatcher:BT_MOE_PROBS_A2A_COMM window 41 (300 gated dispatches): {'token_issues': 12300, 'probs_issues': 12300, 'waits': 24600}
WARNING:megatron.core.transformer.moe.token_dispatcher:BT_MOE_PROBS_A2A_COMM window 41 (300 gated dispatches): {'token_issues': 12300, 'probs_issues': 12300, 'waits': 24600}
WARNING:megatron.core.transformer.moe.token_dispatcher:BT_MOE_PROBS_A2A_COMM window 41 (300 gated dispatches): {'token_issues': 12300, 'probs_issues': 12300, 'waits': 24600}
WARNING:megatron.core.transformer.moe.token_dispatcher:BT_MOE_PROBS_A2A_COMM window 41 (300 gated dispatches): {'token_issues': 12300, 'probs_issues': 12300, 'waits': 24600}
WARNING:megatron.core.transformer.moe.token_dispatcher:BT_MOE_PROBS_A2A_COMM window 41 (300 gated dispatches): {'token_issues': 12300, 'probs_issues': 12300, 'waits': 24600}
WARNING:megatron.core.transformer.moe.token_dispatcher:BT_MOE_PROBS_A2A_COMM window 41 (300 gated dispatches): {'token_issues': 12300, 'probs_issues': 12300, 'waits': 24600}
WARNING:megatron.core.transformer.moe.token_dispatcher:BT_MOE_PROBS_A2A_COMM window 41 (300 gated dispatches): {'token_issues': 12300, 'probs_issues': 12300, 'waits': 24600}
INFO:trainers_server.dp_worker.api.server:evicted 4 expired finished ops
WARNING:megatron.core.transformer.moe.token_dispatcher:BT_MOE_PROBS_A2A_COMM window 42 (300 gated dispatches): {'token_issues': 12600, 'probs_issues': 12600, 'waits': 25200}
WARNING:megatron.core.transformer.moe.token_dispatcher:BT_MOE_PROBS_A2A_COMM window 42 (300 gated dispatches): {'token_issues': 12600, 'probs_issues': 12600, 'waits': 25200}
WARNING:megatron.core.transformer.moe.token_dispatcher:BT_MOE_PROBS_A2A_COMM window 42 (300 gated dispatches): {'token_issues': 12600, 'probs_issues': 12600, 'waits': 25200}
WARNING:megatron.core.transformer.moe.token_dispatcher:BT_MOE_PROBS_A2A_COMM window 42 (300 gated dispatches): {'token_issues': 12600, 'probs_issues': 12600, 'waits': 25200}
WARNING:megatron.core.transformer.moe.token_dispatcher:BT_MOE_PROBS_A2A_COMM window 42 (300 gated dispatches): {'token_issues': 12600, 'probs_issues': 12600, 'waits': 25200}
WARNING:megatron.core.transformer.moe.token_dispatcher:BT_MOE_PROBS_A2A_COMM window 42 (300 gated dispatches): {'token_issues': 12600, 'probs_issues': 12600, 'waits': 25200}
WARNING:megatron.core.transformer.moe.token_dispatcher:BT_MOE_PROBS_A2A_COMM window 42 (300 gated dispatches): {'token_issues': 12600, 'probs_issues': 12600, 'waits': 25200}
WARNING:megatron.core.transformer.moe.token_dispatcher:BT_MOE_PROBS_A2A_COMM window 42 (300 gated dispatches): {'token_issues': 12600, 'probs_issues': 12600, 'waits': 25200}
WARNING:megatron.core.transformer.moe.token_dispatcher:BT_MOE_PROBS_A2A_COMM window 42 (300 gated dispatches): {'token_issues': 12600, 'probs_issues': 12600, 'waits': 25200}
WARNING:megatron.core.transformer.moe.token_dispatcher:BT_MOE_PROBS_A2A_COMM window 42 (300 gated dispatches): {'token_issues': 12600, 'probs_issues': 12600, 'waits': 25200}
WARNING:megatron.core.transformer.moe.token_dispatcher:BT_MOE_PROBS_A2A_COMM window 42 (300 gated dispatches): {'token_issues': 12600, 'probs_issues': 12600, 'waits': 25200}
WARNING:megatron.core.transformer.moe.token_dispatcher:BT_MOE_PROBS_A2A_COMM window 42 (300 gated dispatches): {'token_issues': 12600, 'probs_issues': 12600, 'waits': 25200}
WARNING:megatron.core.transformer.moe.token_dispatcher:BT_MOE_PROBS_A2A_COMM window 42 (300 gated dispatches): {'token_issues': 12600, 'probs_issues': 12600, 'waits': 25200}
WARNING:megatron.core.transformer.moe.token_dispatcher:BT_MOE_PROBS_A2A_COMM window 42 (300 gated dispatches): {'token_issues': 12600, 'probs_issues': 12600, 'waits': 25200}
WARNING:megatron.core.transformer.moe.token_dispatcher:BT_MOE_PROBS_A2A_COMM window 42 (300 gated dispatches): {'token_issues': 12600, 'probs_issues': 12600, 'waits': 25200}
WARNING:megatron.core.transformer.moe.token_dispatcher:BT_MOE_PROBS_A2A_COMM window 42 (300 gated dispatches): {'token_issues': 12600, 'probs_issues': 12600, 'waits': 25200}
WARNING:megatron.core.transformer.experimental_attention_variant.dsa_cudnn_kernels:BT_DSA_BWD_ASYNC_NONEMPTY_V3 window 21 (312 probe reads): {'kicks': 6552, 'hits': 6552, 'misses': 0, 'probe_dropped': 0, 'fallbacks': 0, 'verifies': 6551}
WARNING:megatron.core.transformer.experimental_attention_variant.dsa_cudnn_kernels:BT_DSA_BWD_ASYNC_NONEMPTY_V3 window 21 (312 probe reads): {'kicks': 6552, 'hits': 6552, 'misses': 0, 'probe_dropped': 0, 'fallbacks': 0, 'verifies': 6551}
WARNING:megatron.core.transformer.experimental_attention_variant.dsa_cudnn_kernels:BT_DSA_BWD_ASYNC_NONEMPTY_V3 window 21 (312 probe reads): {'kicks': 6552, 'hits': 6552, 'misses': 0, 'probe_dropped': 0, 'fallbacks': 0, 'verifies': 6551}
WARNING:megatron.core.transformer.experimental_attention_variant.dsa_cudnn_kernels:BT_DSA_BWD_ASYNC_NONEMPTY_V3 window 21 (312 probe reads): {'kicks': 6552, 'hits': 6552, 'misses': 0, 'probe_dropped': 0, 'fallbacks': 0, 'verifies': 6551}
WARNING:megatron.core.transformer.experimental_attention_variant.dsa_cudnn_kernels:BT_DSA_BWD_ASYNC_NONEMPTY_V3 window 21 (312 probe reads): {'kicks': 6552, 'hits': 6552, 'misses': 0, 'probe_dropped': 0, 'fallbacks': 0, 'verifies': 6551}
WARNING:megatron.core.transformer.experimental_attention_variant.dsa_cudnn_kernels:BT_DSA_BWD_ASYNC_NONEMPTY_V3 window 21 (312 probe reads): {'kicks': 6552, 'hits': 6552, 'misses': 0, 'probe_dropped': 0, 'fallbacks': 0, 'verifies': 6551}
WARNING:megatron.core.transformer.experimental_attention_variant.dsa_cudnn_kernels:BT_DSA_BWD_ASYNC_NONEMPTY_V3 window 21 (312 probe reads): {'kicks': 6552, 'hits': 6552, 'misses': 0, 'probe_dropped': 0, 'fallbacks': 0, 'verifies': 6551}
WARNING:megatron.core.transformer.experimental_attention_variant.dsa_cudnn_kernels:BT_DSA_BWD_ASYNC_NONEMPTY_V3 window 21 (312 probe reads): {'kicks': 6552, 'hits': 6552, 'misses': 0, 'probe_dropped': 0, 'fallbacks': 0, 'verifies': 6551}
WARNING:megatron.core.transformer.experimental_attention_variant.dsa_cudnn_kernels:BT_DSA_BWD_ASYNC_NONEMPTY_V3 window 21 (312 probe reads): {'kicks': 6552, 'hits': 6552, 'misses': 0, 'probe_dropped': 0, 'fallbacks': 0, 'verifies': 6551}
WARNING:megatron.core.transformer.experimental_attention_variant.dsa_cudnn_kernels:BT_DSA_BWD_ASYNC_NONEMPTY_V3 window 21 (312 probe reads): {'kicks': 6552, 'hits': 6552, 'misses': 0, 'probe_dropped': 0, 'fallbacks': 0, 'verifies': 6551}
WARNING:megatron.core.transformer.experimental_attention_variant.dsa_cudnn_kernels:BT_DSA_BWD_ASYNC_NONEMPTY_V3 window 21 (312 probe reads): {'kicks': 6552, 'hits': 6552, 'misses': 0, 'probe_dropped': 0, 'fallbacks': 0, 'verifies': 6551}
WARNING:megatron.core.transformer.experimental_attention_variant.dsa_cudnn_kernels:BT_DSA_BWD_ASYNC_NONEMPTY_V3 window 21 (312 probe reads): {'kicks': 6552, 'hits': 6552, 'misses': 0, 'probe_dropped': 0, 'fallbacks': 0, 'verifies': 6551}
WARNING:megatron.core.transformer.experimental_attention_variant.dsa_cudnn_kernels:BT_DSA_BWD_ASYNC_NONEMPTY_V3 window 21 (312 probe reads): {'kicks': 6552, 'hits': 6552, 'misses': 0, 'probe_dropped': 0, 'fallbacks': 0, 'verifies': 6551}
WARNING:megatron.core.transformer.experimental_attention_variant.dsa_cudnn_kernels:BT_DSA_BWD_ASYNC_NONEMPTY_V3 window 21 (312 probe reads): {'kicks': 6552, 'hits': 6552, 'misses': 0, 'probe_dropped': 0, 'fallbacks': 0, 'verifies': 6551}
WARNING:megatron.core.transformer.experimental_attention_variant.dsa_cudnn_kernels:BT_DSA_BWD_ASYNC_NONEMPTY_V3 window 21 (312 probe reads): {'kicks': 6552, 'hits': 6552, 'misses': 0, 'probe_dropped': 0, 'fallbacks': 0, 'verifies': 6551}
WARNING:megatron.core.transformer.experimental_attention_variant.dsa_cudnn_kernels:BT_DSA_BWD_ASYNC_NONEMPTY_V3 window 21 (312 probe reads): {'kicks': 6552, 'hits': 6552, 'misses': 0, 'probe_dropped': 0, 'fallbacks': 0, 'verifies': 6551}
INFO:trainers_server.dp_worker.api.dispatcher_worker:dispatcher_worker: op=forward_backward operation_id=a86219a180294f0c9d2978346d105302 done in 47.34s {'loss': 12.077604885901534}
INFO:trainers_server.dp_worker.api.server:retrieve: operation_id=a86219a180294f0c9d2978346d105302 done after 17.36s
INFO:     127.0.0.1:56060 - "GET /operations/a86219a180294f0c9d2978346d105302 HTTP/1.1" 200 OK
INFO:trainers_server.dp_worker.api.server:submit: op=optim_step operation_id=49f162ed25d34dd39685830c2d0f9cd0 enqueued (qsize=1) 
INFO:     127.0.0.1:56060 - "POST /optim_step HTTP/1.1" 202 Accepted
INFO:trainers_server.dp_worker.api.dispatcher_worker:dispatcher_worker: op=optim_step operation_id=49f162ed25d34dd39685830c2d0f9cd0 done in 0.04s step=21.0 learning_rate=1e-05 lr=1e-05 grad_norm=0.3085777163505554 tps=11068.361530829046 train_mean_nll=12.077604885901534 num_tokens=524288.0 num_loss_tokens=524284.0 step_seconds=47.36816723411903
INFO:trainers_server.dp_worker.api.server:retrieve: operation_id=49f162ed25d34dd39685830c2d0f9cd0 done after 0.04s
INFO:     127.0.0.1:56060 - "GET /operations/49f162ed25d34dd39685830c2d0f9cd0 HTTP/1.1" 200 OK
INFO:trainers_server.dp_worker.api.server:submit: op=forward_backward operation_id=e76019f13afd43cf870dcdac09feb8e4 enqueued (qsize=1) n_datums=4 total_tokens=524288 seq_len[min/max]=131072/131072
INFO:     127.0.0.1:56060 - "POST /forward_backward HTTP/1.1" 202 Accepted
ERROR:opentelemetry.sdk.trace.export:Exception while exporting Span batch.
Traceback (most recent call last):
  File "/root/.cache/user_artifacts/trainers_main/server/.venv/lib/python3.12/site-packages/urllib3/connection.py", line 204, in _new_conn
    sock = connection.create_connection(
           ^^^^^^^^^^^^^^^^^^^^^^^^^^^^^
  File "/root/.cache/user_artifacts/trainers_main/server/.venv/lib/python3.12/site-packages/urllib3/util/connection.py", line 85, in create_connection
    raise err
  File "/root/.cache/user_artifacts/trainers_main/server/.venv/lib/python3.12/site-packages/urllib3/util/connection.py", line 73, in create_connection
    sock.connect(sa)
ConnectionRefusedError: [Errno 111] Connection refused

The above exception was the direct cause of the following exception:

Traceback (most recent call last):
  File "/root/.cache/user_artifacts/trainers_main/server/.venv/lib/python3.12/site-packages/urllib3/connectionpool.py", line 787, in urlopen
    response = self._make_request(
               ^^^^^^^^^^^^^^^^^^^
  File "/root/.cache/user_artifacts/trainers_main/server/.venv/lib/python3.12/site-packages/urllib3/connectionpool.py", line 493, in _make_request
    conn.request(
  File "/root/.cache/user_artifacts/trainers_main/server/.venv/lib/python3.12/site-packages/urllib3/connection.py", line 500, in request
    self.endheaders()
  File "/usr/lib/python3.12/http/client.py", line 1360, in endheaders
    self._send_output(message_body, encode_chunked=encode_chunked)
  File "/usr/lib/python3.12/http/client.py", line 1120, in _send_output
    self.send(msg)
  File "/usr/lib/python3.12/http/client.py", line 1064, in send
    self.connect()
  File "/root/.cache/user_artifacts/trainers_main/server/.venv/lib/python3.12/site-packages/urllib3/connection.py", line 331, in connect
    self.sock = self._new_conn()
                ^^^^^^^^^^^^^^^^
  File "/root/.cache/user_artifacts/trainers_main/server/.venv/lib/python3.12/site-packages/urllib3/connection.py", line 219, in _new_conn
    raise NewConnectionError(
urllib3.exceptions.NewConnectionError: HTTPConnection(host='localhost', port=4318): Failed to establish a new connection: [Errno 111] Connection refused

The above exception was the direct cause of the following exception:

Traceback (most recent call last):
  File "/root/.cache/user_artifacts/trainers_main/server/.venv/lib/python3.12/site-packages/requests/adapters.py", line 644, in send
    resp = conn.urlopen(
           ^^^^^^^^^^^^^
  File "/root/.cache/user_artifacts/trainers_main/server/.venv/lib/python3.12/site-packages/urllib3/connectionpool.py", line 841, in urlopen
    retries = retries.increment(
              ^^^^^^^^^^^^^^^^^^
  File "/root/.cache/user_artifacts/trainers_main/server/.venv/lib/python3.12/site-packages/urllib3/util/retry.py", line 535, in increment
    raise MaxRetryError(_pool, url, reason) from reason  # type: ignore[arg-type]
    ^^^^^^^^^^^^^^^^^^^^^^^^^^^^^^^^^^^^^^^^^^^^^^^^^^^
urllib3.exceptions.MaxRetryError: HTTPConnectionPool(host='localhost', port=4318): Max retries exceeded with url: /v1/traces (Caused by NewConnectionError("HTTPConnection(host='localhost', port=4318): Failed to establish a new connection: [Errno 111] Connection refused"))

During handling of the above exception, another exception occurred:

Traceback (most recent call last):
  File "/root/.cache/user_artifacts/trainers_main/server/.venv/lib/python3.12/site-packages/opentelemetry/sdk/trace/export/__init__.py", line 362, in _export_batch
    self.span_exporter.export(self.spans_list[:idx])  # type: ignore
    ^^^^^^^^^^^^^^^^^^^^^^^^^^^^^^^^^^^^^^^^^^^^^^^^
  File "/root/.cache/user_artifacts/trainers_main/server/.venv/lib/python3.12/site-packages/opentelemetry/exporter/otlp/proto/http/trace_exporter/__init__.py", line 139, in export
    resp = self._export(serialized_data)
           ^^^^^^^^^^^^^^^^^^^^^^^^^^^^^
  File "/root/.cache/user_artifacts/trainers_main/server/.venv/lib/python3.12/site-packages/opentelemetry/exporter/otlp/proto/http/trace_exporter/__init__.py", line 110, in _export
    return self._session.post(
           ^^^^^^^^^^^^^^^^^^^
  File "/root/.cache/user_artifacts/trainers_main/server/.venv/lib/python3.12/site-packages/requests/sessions.py", line 637, in post
    return self.request("POST", url, data=data, json=json, **kwargs)
           ^^^^^^^^^^^^^^^^^^^^^^^^^^^^^^^^^^^^^^^^^^^^^^^^^^^^^^^^^
  File "/root/.cache/user_artifacts/trainers_main/server/.venv/lib/python3.12/site-packages/requests/sessions.py", line 589, in request
    resp = self.send(prep, **send_kwargs)
           ^^^^^^^^^^^^^^^^^^^^^^^^^^^^^^
  File "/root/.cache/user_artifacts/trainers_main/server/.venv/lib/python3.12/site-packages/requests/sessions.py", line 703, in send
    r = adapter.send(request, **kwargs)
        ^^^^^^^^^^^^^^^^^^^^^^^^^^^^^^^
  File "/root/.cache/user_artifacts/trainers_main/server/.venv/lib/python3.12/site-packages/requests/adapters.py", line 677, in send
    raise ConnectionError(e, request=request)
requests.exceptions.ConnectionError: HTTPConnectionPool(host='localhost', port=4318): Max retries exceeded with url: /v1/traces (Caused by NewConnectionError("HTTPConnection(host='localhost', port=4318): Failed to establish a new connection: [Errno 111] Connection refused"))
WARNING:megatron.core.transformer.moe.token_dispatcher:BT_MOE_PROBS_A2A_COMM window 43 (300 gated dispatches): {'token_issues': 12900, 'probs_issues': 12900, 'waits': 25800}
WARNING:megatron.core.transformer.moe.token_dispatcher:BT_MOE_PROBS_A2A_COMM window 43 (300 gated dispatches): {'token_issues': 12900, 'probs_issues': 12900, 'waits': 25800}
WARNING:megatron.core.transformer.moe.token_dispatcher:BT_MOE_PROBS_A2A_COMM window 43 (300 gated dispatches): {'token_issues': 12900, 'probs_issues': 12900, 'waits': 25800}
WARNING:megatron.core.transformer.moe.token_dispatcher:BT_MOE_PROBS_A2A_COMM window 43 (300 gated dispatches): {'token_issues': 12900, 'probs_issues': 12900, 'waits': 25800}
WARNING:megatron.core.transformer.moe.token_dispatcher:BT_MOE_PROBS_A2A_COMM window 43 (300 gated dispatches): {'token_issues': 12900, 'probs_issues': 12900, 'waits': 25800}
WARNING:megatron.core.transformer.moe.token_dispatcher:BT_MOE_PROBS_A2A_COMM window 43 (300 gated dispatches): {'token_issues': 12900, 'probs_issues': 12900, 'waits': 25800}
WARNING:megatron.core.transformer.moe.token_dispatcher:BT_MOE_PROBS_A2A_COMM window 43 (300 gated dispatches): {'token_issues': 12900, 'probs_issues': 12900, 'waits': 25800}
WARNING:megatron.core.transformer.moe.token_dispatcher:BT_MOE_PROBS_A2A_COMM window 43 (300 gated dispatches): {'token_issues': 12900, 'probs_issues': 12900, 'waits': 25800}
WARNING:megatron.core.transformer.moe.token_dispatcher:BT_MOE_PROBS_A2A_COMM window 43 (300 gated dispatches): {'token_issues': 12900, 'probs_issues': 12900, 'waits': 25800}
WARNING:megatron.core.transformer.moe.token_dispatcher:BT_MOE_PROBS_A2A_COMM window 43 (300 gated dispatches): {'token_issues': 12900, 'probs_issues': 12900, 'waits': 25800}
WARNING:megatron.core.transformer.moe.token_dispatcher:BT_MOE_PROBS_A2A_COMM window 43 (300 gated dispatches): {'token_issues': 12900, 'probs_issues': 12900, 'waits': 25800}
WARNING:megatron.core.transformer.moe.token_dispatcher:BT_MOE_PROBS_A2A_COMM window 43 (300 gated dispatches): {'token_issues': 12900, 'probs_issues': 12900, 'waits': 25800}
WARNING:megatron.core.transformer.moe.token_dispatcher:BT_MOE_PROBS_A2A_COMM window 43 (300 gated dispatches): {'token_issues': 12900, 'probs_issues': 12900, 'waits': 25800}
WARNING:megatron.core.transformer.moe.token_dispatcher:BT_MOE_PROBS_A2A_COMM window 43 (300 gated dispatches): {'token_issues': 12900, 'probs_issues': 12900, 'waits': 25800}
WARNING:megatron.core.transformer.moe.token_dispatcher:BT_MOE_PROBS_A2A_COMM window 43 (300 gated dispatches): {'token_issues': 12900, 'probs_issues': 12900, 'waits': 25800}
WARNING:megatron.core.transformer.moe.token_dispatcher:BT_MOE_PROBS_A2A_COMM window 43 (300 gated dispatches): {'token_issues': 12900, 'probs_issues': 12900, 'waits': 25800}
WARNING:megatron.core.transformer.moe.token_dispatcher:BT_MOE_PROBS_A2A_COMM window 44 (300 gated dispatches): {'token_issues': 13200, 'probs_issues': 13200, 'waits': 26400}
WARNING:megatron.core.transformer.moe.token_dispatcher:BT_MOE_PROBS_A2A_COMM window 44 (300 gated dispatches): {'token_issues': 13200, 'probs_issues': 13200, 'waits': 26400}
WARNING:megatron.core.transformer.moe.token_dispatcher:BT_MOE_PROBS_A2A_COMM window 44 (300 gated dispatches): {'token_issues': 13200, 'probs_issues': 13200, 'waits': 26400}
WARNING:megatron.core.transformer.moe.token_dispatcher:BT_MOE_PROBS_A2A_COMM window 44 (300 gated dispatches): {'token_issues': 13200, 'probs_issues': 13200, 'waits': 26400}
WARNING:megatron.core.transformer.moe.token_dispatcher:BT_MOE_PROBS_A2A_COMM window 44 (300 gated dispatches): {'token_issues': 13200, 'probs_issues': 13200, 'waits': 26400}
WARNING:megatron.core.transformer.moe.token_dispatcher:BT_MOE_PROBS_A2A_COMM window 44 (300 gated dispatches): {'token_issues': 13200, 'probs_issues': 13200, 'waits': 26400}
WARNING:megatron.core.transformer.moe.token_dispatcher:BT_MOE_PROBS_A2A_COMM window 44 (300 gated dispatches): {'token_issues': 13200, 'probs_issues': 13200, 'waits': 26400}
WARNING:megatron.core.transformer.moe.token_dispatcher:BT_MOE_PROBS_A2A_COMM window 44 (300 gated dispatches): {'token_issues': 13200, 'probs_issues': 13200, 'waits': 26400}
WARNING:megatron.core.transformer.moe.token_dispatcher:BT_MOE_PROBS_A2A_COMM window 44 (300 gated dispatches): {'token_issues': 13200, 'probs_issues': 13200, 'waits': 26400}
WARNING:megatron.core.transformer.moe.token_dispatcher:BT_MOE_PROBS_A2A_COMM window 44 (300 gated dispatches): {'token_issues': 13200, 'probs_issues': 13200, 'waits': 26400}
WARNING:megatron.core.transformer.moe.token_dispatcher:BT_MOE_PROBS_A2A_COMM window 44 (300 gated dispatches): {'token_issues': 13200, 'probs_issues': 13200, 'waits': 26400}
WARNING:megatron.core.transformer.moe.token_dispatcher:BT_MOE_PROBS_A2A_COMM window 44 (300 gated dispatches): {'token_issues': 13200, 'probs_issues': 13200, 'waits': 26400}
WARNING:megatron.core.transformer.moe.token_dispatcher:BT_MOE_PROBS_A2A_COMM window 44 (300 gated dispatches): {'token_issues': 13200, 'probs_issues': 13200, 'waits': 26400}
WARNING:megatron.core.transformer.moe.token_dispatcher:BT_MOE_PROBS_A2A_COMM window 44 (300 gated dispatches): {'token_issues': 13200, 'probs_issues': 13200, 'waits': 26400}
WARNING:megatron.core.transformer.moe.token_dispatcher:BT_MOE_PROBS_A2A_COMM window 44 (300 gated dispatches): {'token_issues': 13200, 'probs_issues': 13200, 'waits': 26400}
WARNING:megatron.core.transformer.moe.token_dispatcher:BT_MOE_PROBS_A2A_COMM window 44 (300 gated dispatches): {'token_issues': 13200, 'probs_issues': 13200, 'waits': 26400}
WARNING:megatron.core.transformer.experimental_attention_variant.dsa_cudnn_kernels:BT_DSA_BWD_ASYNC_NONEMPTY_V3 window 22 (312 probe reads): {'kicks': 6864, 'hits': 6864, 'misses': 0, 'probe_dropped': 0, 'fallbacks': 0, 'verifies': 6863}
WARNING:megatron.core.transformer.experimental_attention_variant.dsa_cudnn_kernels:BT_DSA_BWD_ASYNC_NONEMPTY_V3 window 22 (312 probe reads): {'kicks': 6864, 'hits': 6864, 'misses': 0, 'probe_dropped': 0, 'fallbacks': 0, 'verifies': 6863}
WARNING:megatron.core.transformer.experimental_attention_variant.dsa_cudnn_kernels:BT_DSA_BWD_ASYNC_NONEMPTY_V3 window 22 (312 probe reads): {'kicks': 6864, 'hits': 6864, 'misses': 0, 'probe_dropped': 0, 'fallbacks': 0, 'verifies': 6863}
WARNING:megatron.core.transformer.experimental_attention_variant.dsa_cudnn_kernels:BT_DSA_BWD_ASYNC_NONEMPTY_V3 window 22 (312 probe reads): {'kicks': 6864, 'hits': 6864, 'misses': 0, 'probe_dropped': 0, 'fallbacks': 0, 'verifies': 6863}
WARNING:megatron.core.transformer.experimental_attention_variant.dsa_cudnn_kernels:BT_DSA_BWD_ASYNC_NONEMPTY_V3 window 22 (312 probe reads): {'kicks': 6864, 'hits': 6864, 'misses': 0, 'probe_dropped': 0, 'fallbacks': 0, 'verifies': 6863}
WARNING:megatron.core.transformer.experimental_attention_variant.dsa_cudnn_kernels:BT_DSA_BWD_ASYNC_NONEMPTY_V3 window 22 (312 probe reads): {'kicks': 6864, 'hits': 6864, 'misses': 0, 'probe_dropped': 0, 'fallbacks': 0, 'verifies': 6863}
WARNING:megatron.core.transformer.experimental_attention_variant.dsa_cudnn_kernels:BT_DSA_BWD_ASYNC_NONEMPTY_V3 window 22 (312 probe reads): {'kicks': 6864, 'hits': 6864, 'misses': 0, 'probe_dropped': 0, 'fallbacks': 0, 'verifies': 6863}
WARNING:megatron.core.transformer.experimental_attention_variant.dsa_cudnn_kernels:BT_DSA_BWD_ASYNC_NONEMPTY_V3 window 22 (312 probe reads): {'kicks': 6864, 'hits': 6864, 'misses': 0, 'probe_dropped': 0, 'fallbacks': 0, 'verifies': 6863}
WARNING:megatron.core.transformer.experimental_attention_variant.dsa_cudnn_kernels:BT_DSA_BWD_ASYNC_NONEMPTY_V3 window 22 (312 probe reads): {'kicks': 6864, 'hits': 6864, 'misses': 0, 'probe_dropped': 0, 'fallbacks': 0, 'verifies': 6863}
WARNING:megatron.core.transformer.experimental_attention_variant.dsa_cudnn_kernels:BT_DSA_BWD_ASYNC_NONEMPTY_V3 window 22 (312 probe reads): {'kicks': 6864, 'hits': 6864, 'misses': 0, 'probe_dropped': 0, 'fallbacks': 0, 'verifies': 6863}
WARNING:megatron.core.transformer.experimental_attention_variant.dsa_cudnn_kernels:BT_DSA_BWD_ASYNC_NONEMPTY_V3 window 22 (312 probe reads): {'kicks': 6864, 'hits': 6864, 'misses': 0, 'probe_dropped': 0, 'fallbacks': 0, 'verifies': 6863}
WARNING:megatron.core.transformer.experimental_attention_variant.dsa_cudnn_kernels:BT_DSA_BWD_ASYNC_NONEMPTY_V3 window 22 (312 probe reads): {'kicks': 6864, 'hits': 6864, 'misses': 0, 'probe_dropped': 0, 'fallbacks': 0, 'verifies': 6863}
WARNING:megatron.core.transformer.experimental_attention_variant.dsa_cudnn_kernels:BT_DSA_BWD_ASYNC_NONEMPTY_V3 window 22 (312 probe reads): {'kicks': 6864, 'hits': 6864, 'misses': 0, 'probe_dropped': 0, 'fallbacks': 0, 'verifies': 6863}
WARNING:megatron.core.transformer.experimental_attention_variant.dsa_cudnn_kernels:BT_DSA_BWD_ASYNC_NONEMPTY_V3 window 22 (312 probe reads): {'kicks': 6864, 'hits': 6864, 'misses': 0, 'probe_dropped': 0, 'fallbacks': 0, 'verifies': 6863}
WARNING:megatron.core.transformer.experimental_attention_variant.dsa_cudnn_kernels:BT_DSA_BWD_ASYNC_NONEMPTY_V3 window 22 (312 probe reads): {'kicks': 6864, 'hits': 6864, 'misses': 0, 'probe_dropped': 0, 'fallbacks': 0, 'verifies': 6863}
WARNING:megatron.core.transformer.experimental_attention_variant.dsa_cudnn_kernels:BT_DSA_BWD_ASYNC_NONEMPTY_V3 window 22 (312 probe reads): {'kicks': 6864, 'hits': 6864, 'misses': 0, 'probe_dropped': 0, 'fallbacks': 0, 'verifies': 6863}
INFO:trainers_server.dp_worker.api.dispatcher_worker:dispatcher_worker: op=forward_backward operation_id=e76019f13afd43cf870dcdac09feb8e4 done in 47.34s {'loss': 12.06937270639577}
INFO:trainers_server.dp_worker.api.server:retrieve: operation_id=e76019f13afd43cf870dcdac09feb8e4 done after 17.36s
INFO:     127.0.0.1:56060 - "GET /operations/e76019f13afd43cf870dcdac09feb8e4 HTTP/1.1" 200 OK
INFO:trainers_server.dp_worker.api.server:submit: op=optim_step operation_id=a2e9816f75d3406b892cd70a50ca8e3b enqueued (qsize=1) 
INFO:     127.0.0.1:56060 - "POST /optim_step HTTP/1.1" 202 Accepted
INFO:trainers_server.dp_worker.api.dispatcher_worker:dispatcher_worker: op=optim_step operation_id=a2e9816f75d3406b892cd70a50ca8e3b done in 0.04s step=22.0 learning_rate=1e-05 lr=1e-05 grad_norm=0.3139925003051758 tps=11069.427617562103 train_mean_nll=12.06937270639577 num_tokens=524288.0 num_loss_tokens=524284.0 step_seconds=47.363605248043314
INFO:trainers_server.dp_worker.api.server:retrieve: operation_id=a2e9816f75d3406b892cd70a50ca8e3b done after 0.03s
INFO:     127.0.0.1:56060 - "GET /operations/a2e9816f75d3406b892cd70a50ca8e3b HTTP/1.1" 200 OK
INFO:     127.0.0.1:56060 - "GET /status HTTP/1.1" 200 OK
ERROR:opentelemetry.sdk.trace.export:Exception while exporting Span batch.
Traceback (most recent call last):
  File "/root/.cache/user_artifacts/trainers_main/server/.venv/lib/python3.12/site-packages/urllib3/connection.py", line 204, in _new_conn
    sock = connection.create_connection(
           ^^^^^^^^^^^^^^^^^^^^^^^^^^^^^
  File "/root/.cache/user_artifacts/trainers_main/server/.venv/lib/python3.12/site-packages/urllib3/util/connection.py", line 85, in create_connection
    raise err
  File "/root/.cache/user_artifacts/trainers_main/server/.venv/lib/python3.12/site-packages/urllib3/util/connection.py", line 73, in create_connection
    sock.connect(sa)
ConnectionRefusedError: [Errno 111] Connection refused

The above exception was the direct cause of the following exception:

Traceback (most recent call last):
  File "/root/.cache/user_artifacts/trainers_main/server/.venv/lib/python3.12/site-packages/urllib3/connectionpool.py", line 787, in urlopen
    response = self._make_request(
               ^^^^^^^^^^^^^^^^^^^
  File "/root/.cache/user_artifacts/trainers_main/server/.venv/lib/python3.12/site-packages/urllib3/connectionpool.py", line 493, in _make_request
    conn.request(
  File "/root/.cache/user_artifacts/trainers_main/server/.venv/lib/python3.12/site-packages/urllib3/connection.py", line 500, in request
    self.endheaders()
  File "/usr/lib/python3.12/http/client.py", line 1360, in endheaders
    self._send_output(message_body, encode_chunked=encode_chunked)
  File "/usr/lib/python3.12/http/client.py", line 1120, in _send_output
    self.send(msg)
  File "/usr/lib/python3.12/http/client.py", line 1064, in send
    self.connect()
  File "/root/.cache/user_artifacts/trainers_main/server/.venv/lib/python3.12/site-packages/urllib3/connection.py", line 331, in connect
    self.sock = self._new_conn()
                ^^^^^^^^^^^^^^^^
  File "/root/.cache/user_artifacts/trainers_main/server/.venv/lib/python3.12/site-packages/urllib3/connection.py", line 219, in _new_conn
    raise NewConnectionError(
urllib3.exceptions.NewConnectionError: HTTPConnection(host='localhost', port=4318): Failed to establish a new connection: [Errno 111] Connection refused

The above exception was the direct cause of the following exception:

Traceback (most recent call last):
  File "/root/.cache/user_artifacts/trainers_main/server/.venv/lib/python3.12/site-packages/requests/adapters.py", line 644, in send
    resp = conn.urlopen(
           ^^^^^^^^^^^^^
  File "/root/.cache/user_artifacts/trainers_main/server/.venv/lib/python3.12/site-packages/urllib3/connectionpool.py", line 841, in urlopen
    retries = retries.increment(
              ^^^^^^^^^^^^^^^^^^
  File "/root/.cache/user_artifacts/trainers_main/server/.venv/lib/python3.12/site-packages/urllib3/util/retry.py", line 535, in increment
    raise MaxRetryError(_pool, url, reason) from reason  # type: ignore[arg-type]
    ^^^^^^^^^^^^^^^^^^^^^^^^^^^^^^^^^^^^^^^^^^^^^^^^^^^
urllib3.exceptions.MaxRetryError: HTTPConnectionPool(host='localhost', port=4318): Max retries exceeded with url: /v1/traces (Caused by NewConnectionError("HTTPConnection(host='localhost', port=4318): Failed to establish a new connection: [Errno 111] Connection refused"))

During handling of the above exception, another exception occurred:

Traceback (most recent call last):
  File "/root/.cache/user_artifacts/trainers_main/server/.venv/lib/python3.12/site-packages/opentelemetry/sdk/trace/export/__init__.py", line 362, in _export_batch
    self.span_exporter.export(self.spans_list[:idx])  # type: ignore
    ^^^^^^^^^^^^^^^^^^^^^^^^^^^^^^^^^^^^^^^^^^^^^^^^
  File "/root/.cache/user_artifacts/trainers_main/server/.venv/lib/python3.12/site-packages/opentelemetry/exporter/otlp/proto/http/trace_exporter/__init__.py", line 139, in export
    resp = self._export(serialized_data)
           ^^^^^^^^^^^^^^^^^^^^^^^^^^^^^
  File "/root/.cache/user_artifacts/trainers_main/server/.venv/lib/python3.12/site-packages/opentelemetry/exporter/otlp/proto/http/trace_exporter/__init__.py", line 110, in _export
    return self._session.post(
           ^^^^^^^^^^^^^^^^^^^
  File "/root/.cache/user_artifacts/trainers_main/server/.venv/lib/python3.12/site-packages/requests/sessions.py", line 637, in post
    return self.request("POST", url, data=data, json=json, **kwargs)
           ^^^^^^^^^^^^^^^^^^^^^^^^^^^^^^^^^^^^^^^^^^^^^^^^^^^^^^^^^
  File "/root/.cache/user_artifacts/trainers_main/server/.venv/lib/python3.12/site-packages/requests/sessions.py", line 589, in request
    resp = self.send(prep, **send_kwargs)
           ^^^^^^^^^^^^^^^^^^^^^^^^^^^^^^
  File "/root/.cache/user_artifacts/trainers_main/server/.venv/lib/python3.12/site-packages/requests/sessions.py", line 703, in send
    r = adapter.send(request, **kwargs)
        ^^^^^^^^^^^^^^^^^^^^^^^^^^^^^^^
  File "/root/.cache/user_artifacts/trainers_main/server/.venv/lib/python3.12/site-packages/requests/adapters.py", line 677, in send
    raise ConnectionError(e, request=request)
requests.exceptions.ConnectionError: HTTPConnectionPool(host='localhost', port=4318): Max retries exceeded with url: /v1/traces (Caused by NewConnectionError("HTTPConnection(host='localhost', port=4318): Failed to establish a new connection: [Errno 111] Connection refused"))
INFO:trainers_server.dp_worker.api.server:evicted 2 expired finished ops
INFO:trainers_server.dp_worker.api.server:evicted 2 expired finished ops
INFO:trainers_server.dp_worker.api.server:evicted 4 expired finished ops
INFO:trainers_server.dp_worker.api.server:evicted 2 expired finished ops
INFO:trainers_server.dp_worker.api.server:evicted 2 expired finished ops
INFO:trainers_server.dp_worker.api.server:evicted 2 expired finished ops
INFO:trainers_server.dp_worker.api.server:evicted 4 expired finished ops
INFO:trainers_server.dp_worker.api.server:evicted 2 expired finished ops
INFO:trainers_server.dp_worker.api.server:evicted 2 expired finished ops
INFO:trainers_server.dp_worker.api.server:evicted 2 expired finished ops
INFO:trainers_server.dp_worker.api.server:evicted 4 expired finished ops
