node 1: rendezvous master=b300-1-3xpzznsc-0018 (10.1.77.30)
node 0: rendezvous master=b300-1-3xpzznsc-0018 (10.1.77.30)
node 1: NCCL_IB_HCA=mlx5_bond
node 0: NCCL_IB_HCA=mlx5_bond
/root/.cache/user_artifacts/trainers_main/server/.venv/lib/python3.12/site-packages/torch/cuda/__init__.py:61: FutureWarning: The pynvml package is deprecated. Please install nvidia-ml-py instead. If you did not install pynvml directly, please report this to the maintainers of the package that installed pynvml for you.
  import pynvml  # type: ignore[import]
/root/.cache/user_artifacts/trainers_main/server/.venv/lib/python3.12/site-packages/torch/cuda/__init__.py:61: FutureWarning: The pynvml package is deprecated. Please install nvidia-ml-py instead. If you did not install pynvml directly, please report this to the maintainers of the package that installed pynvml for you.
  import pynvml  # type: ignore[import]
W0810 03:54:10.605000 22215 torch/distributed/run.py:851] 
W0810 03:54:10.605000 22215 torch/distributed/run.py:851] *****************************************
W0810 03:54:10.605000 22215 torch/distributed/run.py:851] Setting OMP_NUM_THREADS environment variable for each process to be 1 in default, to avoid your system being overloaded, please further tune the variable for optimal performance in your application as needed. 
W0810 03:54:10.605000 22215 torch/distributed/run.py:851] *****************************************
W0810 03:54:10.640000 25793 torch/distributed/run.py:851] 
W0810 03:54:10.640000 25793 torch/distributed/run.py:851] *****************************************
W0810 03:54:10.640000 25793 torch/distributed/run.py:851] Setting OMP_NUM_THREADS environment variable for each process to be 1 in default, to avoid your system being overloaded, please further tune the variable for optimal performance in your application as needed. 
W0810 03:54:10.640000 25793 torch/distributed/run.py:851] *****************************************
/root/.cache/user_artifacts/trainers_main/server/.venv/lib/python3.12/site-packages/torch/cuda/__init__.py:61: FutureWarning: The pynvml package is deprecated. Please install nvidia-ml-py instead. If you did not install pynvml directly, please report this to the maintainers of the package that installed pynvml for you.
  import pynvml  # type: ignore[import]
/root/.cache/user_artifacts/trainers_main/server/.venv/lib/python3.12/site-packages/torch/cuda/__init__.py:61: FutureWarning: The pynvml package is deprecated. Please install nvidia-ml-py instead. If you did not install pynvml directly, please report this to the maintainers of the package that installed pynvml for you.
  import pynvml  # type: ignore[import]
/root/.cache/user_artifacts/trainers_main/server/.venv/lib/python3.12/site-packages/torch/cuda/__init__.py:61: FutureWarning: The pynvml package is deprecated. Please install nvidia-ml-py instead. If you did not install pynvml directly, please report this to the maintainers of the package that installed pynvml for you.
  import pynvml  # type: ignore[import]
/root/.cache/user_artifacts/trainers_main/server/.venv/lib/python3.12/site-packages/torch/cuda/__init__.py:61: FutureWarning: The pynvml package is deprecated. Please install nvidia-ml-py instead. If you did not install pynvml directly, please report this to the maintainers of the package that installed pynvml for you.
  import pynvml  # type: ignore[import]
/root/.cache/user_artifacts/trainers_main/server/.venv/lib/python3.12/site-packages/torch/cuda/__init__.py:61: FutureWarning: The pynvml package is deprecated. Please install nvidia-ml-py instead. If you did not install pynvml directly, please report this to the maintainers of the package that installed pynvml for you.
  import pynvml  # type: ignore[import]
/root/.cache/user_artifacts/trainers_main/server/.venv/lib/python3.12/site-packages/torch/cuda/__init__.py:61: FutureWarning: The pynvml package is deprecated. Please install nvidia-ml-py instead. If you did not install pynvml directly, please report this to the maintainers of the package that installed pynvml for you.
  import pynvml  # type: ignore[import]
/root/.cache/user_artifacts/trainers_main/server/.venv/lib/python3.12/site-packages/torch/cuda/__init__.py:61: FutureWarning: The pynvml package is deprecated. Please install nvidia-ml-py instead. If you did not install pynvml directly, please report this to the maintainers of the package that installed pynvml for you.
  import pynvml  # type: ignore[import]
/root/.cache/user_artifacts/trainers_main/server/.venv/lib/python3.12/site-packages/torch/cuda/__init__.py:61: FutureWarning: The pynvml package is deprecated. Please install nvidia-ml-py instead. If you did not install pynvml directly, please report this to the maintainers of the package that installed pynvml for you.
  import pynvml  # type: ignore[import]
/root/.cache/user_artifacts/trainers_main/server/.venv/lib/python3.12/site-packages/torch/cuda/__init__.py:61: FutureWarning: The pynvml package is deprecated. Please install nvidia-ml-py instead. If you did not install pynvml directly, please report this to the maintainers of the package that installed pynvml for you.
  import pynvml  # type: ignore[import]
/root/.cache/user_artifacts/trainers_main/server/.venv/lib/python3.12/site-packages/torch/cuda/__init__.py:61: FutureWarning: The pynvml package is deprecated. Please install nvidia-ml-py instead. If you did not install pynvml directly, please report this to the maintainers of the package that installed pynvml for you.
  import pynvml  # type: ignore[import]
/root/.cache/user_artifacts/trainers_main/server/.venv/lib/python3.12/site-packages/torch/cuda/__init__.py:61: FutureWarning: The pynvml package is deprecated. Please install nvidia-ml-py instead. If you did not install pynvml directly, please report this to the maintainers of the package that installed pynvml for you.
  import pynvml  # type: ignore[import]
/root/.cache/user_artifacts/trainers_main/server/.venv/lib/python3.12/site-packages/torch/cuda/__init__.py:61: FutureWarning: The pynvml package is deprecated. Please install nvidia-ml-py instead. If you did not install pynvml directly, please report this to the maintainers of the package that installed pynvml for you.
  import pynvml  # type: ignore[import]
/root/.cache/user_artifacts/trainers_main/server/.venv/lib/python3.12/site-packages/torch/cuda/__init__.py:61: FutureWarning: The pynvml package is deprecated. Please install nvidia-ml-py instead. If you did not install pynvml directly, please report this to the maintainers of the package that installed pynvml for you.
  import pynvml  # type: ignore[import]
/root/.cache/user_artifacts/trainers_main/server/.venv/lib/python3.12/site-packages/torch/cuda/__init__.py:61: FutureWarning: The pynvml package is deprecated. Please install nvidia-ml-py instead. If you did not install pynvml directly, please report this to the maintainers of the package that installed pynvml for you.
  import pynvml  # type: ignore[import]
/root/.cache/user_artifacts/trainers_main/server/.venv/lib/python3.12/site-packages/torch/cuda/__init__.py:61: FutureWarning: The pynvml package is deprecated. Please install nvidia-ml-py instead. If you did not install pynvml directly, please report this to the maintainers of the package that installed pynvml for you.
  import pynvml  # type: ignore[import]
/root/.cache/user_artifacts/trainers_main/server/.venv/lib/python3.12/site-packages/torch/cuda/__init__.py:61: FutureWarning: The pynvml package is deprecated. Please install nvidia-ml-py instead. If you did not install pynvml directly, please report this to the maintainers of the package that installed pynvml for you.
  import pynvml  # type: ignore[import]
/root/.cache/user_artifacts/trainers_main/server/vendor/megatron-bridge/3rdparty/Megatron-LM/megatron/core/models/backends.py:34: UserWarning: Apex is not installed. Falling back to Torch Norm
  warnings.warn("Apex is not installed. Falling back to Torch Norm")
/root/.cache/user_artifacts/trainers_main/server/vendor/megatron-bridge/3rdparty/Megatron-LM/megatron/core/models/backends.py:34: UserWarning: Apex is not installed. Falling back to Torch Norm
  warnings.warn("Apex is not installed. Falling back to Torch Norm")
/root/.cache/user_artifacts/trainers_main/server/vendor/megatron-bridge/3rdparty/Megatron-LM/megatron/core/models/backends.py:34: UserWarning: Apex is not installed. Falling back to Torch Norm
  warnings.warn("Apex is not installed. Falling back to Torch Norm")
/root/.cache/user_artifacts/trainers_main/server/vendor/megatron-bridge/3rdparty/Megatron-LM/megatron/core/models/backends.py:34: UserWarning: Apex is not installed. Falling back to Torch Norm
  warnings.warn("Apex is not installed. Falling back to Torch Norm")
/root/.cache/user_artifacts/trainers_main/server/vendor/megatron-bridge/3rdparty/Megatron-LM/megatron/core/models/gpt/gpt_layer_specs.py:74: UserWarning: Apex is not installed. Falling back to Torch Norm
  warnings.warn("Apex is not installed. Falling back to Torch Norm")
/root/.cache/user_artifacts/trainers_main/server/vendor/megatron-bridge/3rdparty/Megatron-LM/megatron/core/models/gpt/gpt_layer_specs.py:74: UserWarning: Apex is not installed. Falling back to Torch Norm
  warnings.warn("Apex is not installed. Falling back to Torch Norm")
/root/.cache/user_artifacts/trainers_main/server/vendor/megatron-bridge/3rdparty/Megatron-LM/megatron/core/models/gpt/gpt_layer_specs.py:74: UserWarning: Apex is not installed. Falling back to Torch Norm
  warnings.warn("Apex is not installed. Falling back to Torch Norm")
/root/.cache/user_artifacts/trainers_main/server/vendor/megatron-bridge/3rdparty/Megatron-LM/megatron/core/models/gpt/gpt_layer_specs.py:74: UserWarning: Apex is not installed. Falling back to Torch Norm
  warnings.warn("Apex is not installed. Falling back to Torch Norm")
/root/.cache/user_artifacts/trainers_main/server/vendor/megatron-bridge/3rdparty/Megatron-LM/megatron/core/models/backends.py:34: UserWarning: Apex is not installed. Falling back to Torch Norm
  warnings.warn("Apex is not installed. Falling back to Torch Norm")
/root/.cache/user_artifacts/trainers_main/server/vendor/megatron-bridge/3rdparty/Megatron-LM/megatron/core/models/gpt/gpt_layer_specs.py:74: UserWarning: Apex is not installed. Falling back to Torch Norm
  warnings.warn("Apex is not installed. Falling back to Torch Norm")
/root/.cache/user_artifacts/trainers_main/server/vendor/megatron-bridge/3rdparty/Megatron-LM/megatron/core/models/backends.py:34: UserWarning: Apex is not installed. Falling back to Torch Norm
  warnings.warn("Apex is not installed. Falling back to Torch Norm")
/root/.cache/user_artifacts/trainers_main/server/vendor/megatron-bridge/3rdparty/Megatron-LM/megatron/core/models/backends.py:34: UserWarning: Apex is not installed. Falling back to Torch Norm
  warnings.warn("Apex is not installed. Falling back to Torch Norm")
/root/.cache/user_artifacts/trainers_main/server/vendor/megatron-bridge/3rdparty/Megatron-LM/megatron/core/models/gpt/gpt_layer_specs.py:74: UserWarning: Apex is not installed. Falling back to Torch Norm
  warnings.warn("Apex is not installed. Falling back to Torch Norm")
/root/.cache/user_artifacts/trainers_main/server/vendor/megatron-bridge/3rdparty/Megatron-LM/megatron/core/models/gpt/gpt_layer_specs.py:74: UserWarning: Apex is not installed. Falling back to Torch Norm
  warnings.warn("Apex is not installed. Falling back to Torch Norm")
/root/.cache/user_artifacts/trainers_main/server/vendor/megatron-bridge/3rdparty/Megatron-LM/megatron/core/models/backends.py:34: UserWarning: Apex is not installed. Falling back to Torch Norm
  warnings.warn("Apex is not installed. Falling back to Torch Norm")
/root/.cache/user_artifacts/trainers_main/server/vendor/megatron-bridge/3rdparty/Megatron-LM/megatron/core/models/gpt/gpt_layer_specs.py:74: UserWarning: Apex is not installed. Falling back to Torch Norm
  warnings.warn("Apex is not installed. Falling back to Torch Norm")
/root/.cache/user_artifacts/trainers_main/server/vendor/megatron-bridge/3rdparty/Megatron-LM/megatron/core/models/backends.py:34: UserWarning: Apex is not installed. Falling back to Torch Norm
  warnings.warn("Apex is not installed. Falling back to Torch Norm")
/root/.cache/user_artifacts/trainers_main/server/vendor/megatron-bridge/3rdparty/Megatron-LM/megatron/core/models/backends.py:34: UserWarning: Apex is not installed. Falling back to Torch Norm
  warnings.warn("Apex is not installed. Falling back to Torch Norm")
/root/.cache/user_artifacts/trainers_main/server/vendor/megatron-bridge/3rdparty/Megatron-LM/megatron/core/models/backends.py:34: UserWarning: Apex is not installed. Falling back to Torch Norm
  warnings.warn("Apex is not installed. Falling back to Torch Norm")
/root/.cache/user_artifacts/trainers_main/server/vendor/megatron-bridge/3rdparty/Megatron-LM/megatron/core/models/backends.py:34: UserWarning: Apex is not installed. Falling back to Torch Norm
  warnings.warn("Apex is not installed. Falling back to Torch Norm")
/root/.cache/user_artifacts/trainers_main/server/vendor/megatron-bridge/3rdparty/Megatron-LM/megatron/core/models/backends.py:34: UserWarning: Apex is not installed. Falling back to Torch Norm
  warnings.warn("Apex is not installed. Falling back to Torch Norm")
/root/.cache/user_artifacts/trainers_main/server/vendor/megatron-bridge/3rdparty/Megatron-LM/megatron/core/models/backends.py:34: UserWarning: Apex is not installed. Falling back to Torch Norm
  warnings.warn("Apex is not installed. Falling back to Torch Norm")
/root/.cache/user_artifacts/trainers_main/server/vendor/megatron-bridge/3rdparty/Megatron-LM/megatron/core/models/backends.py:34: UserWarning: Apex is not installed. Falling back to Torch Norm
  warnings.warn("Apex is not installed. Falling back to Torch Norm")
/root/.cache/user_artifacts/trainers_main/server/vendor/megatron-bridge/3rdparty/Megatron-LM/megatron/core/models/backends.py:34: UserWarning: Apex is not installed. Falling back to Torch Norm
  warnings.warn("Apex is not installed. Falling back to Torch Norm")
/root/.cache/user_artifacts/trainers_main/server/vendor/megatron-bridge/3rdparty/Megatron-LM/megatron/core/models/gpt/gpt_layer_specs.py:74: UserWarning: Apex is not installed. Falling back to Torch Norm
  warnings.warn("Apex is not installed. Falling back to Torch Norm")
/root/.cache/user_artifacts/trainers_main/server/vendor/megatron-bridge/3rdparty/Megatron-LM/megatron/core/models/gpt/gpt_layer_specs.py:74: UserWarning: Apex is not installed. Falling back to Torch Norm
  warnings.warn("Apex is not installed. Falling back to Torch Norm")
/root/.cache/user_artifacts/trainers_main/server/vendor/megatron-bridge/3rdparty/Megatron-LM/megatron/core/models/gpt/gpt_layer_specs.py:74: UserWarning: Apex is not installed. Falling back to Torch Norm
  warnings.warn("Apex is not installed. Falling back to Torch Norm")
/root/.cache/user_artifacts/trainers_main/server/vendor/megatron-bridge/3rdparty/Megatron-LM/megatron/core/models/gpt/gpt_layer_specs.py:74: UserWarning: Apex is not installed. Falling back to Torch Norm
  warnings.warn("Apex is not installed. Falling back to Torch Norm")
/root/.cache/user_artifacts/trainers_main/server/vendor/megatron-bridge/3rdparty/Megatron-LM/megatron/core/models/gpt/gpt_layer_specs.py:74: UserWarning: Apex is not installed. Falling back to Torch Norm
  warnings.warn("Apex is not installed. Falling back to Torch Norm")
/root/.cache/user_artifacts/trainers_main/server/vendor/megatron-bridge/3rdparty/Megatron-LM/megatron/core/models/gpt/gpt_layer_specs.py:74: UserWarning: Apex is not installed. Falling back to Torch Norm
  warnings.warn("Apex is not installed. Falling back to Torch Norm")
/root/.cache/user_artifacts/trainers_main/server/vendor/megatron-bridge/3rdparty/Megatron-LM/megatron/core/models/gpt/gpt_layer_specs.py:74: UserWarning: Apex is not installed. Falling back to Torch Norm
  warnings.warn("Apex is not installed. Falling back to Torch Norm")
/root/.cache/user_artifacts/trainers_main/server/vendor/megatron-bridge/3rdparty/Megatron-LM/megatron/core/models/gpt/gpt_layer_specs.py:74: UserWarning: Apex is not installed. Falling back to Torch Norm
  warnings.warn("Apex is not installed. Falling back to Torch Norm")
/root/.cache/user_artifacts/trainers_main/server/.venv/lib/python3.12/site-packages/modelopt/torch/__init__.py:53: UserWarning: transformers>=5.0 support is experimental. Unified Hugging Face checkpoint export for quantized checkpoints may not work for some models yet.
  _warnings.warn(
/root/.cache/user_artifacts/trainers_main/server/.venv/lib/python3.12/site-packages/modelopt/torch/__init__.py:53: UserWarning: transformers>=5.0 support is experimental. Unified Hugging Face checkpoint export for quantized checkpoints may not work for some models yet.
  _warnings.warn(
/root/.cache/user_artifacts/trainers_main/server/.venv/lib/python3.12/site-packages/modelopt/torch/__init__.py:53: UserWarning: transformers>=5.0 support is experimental. Unified Hugging Face checkpoint export for quantized checkpoints may not work for some models yet.
  _warnings.warn(
/root/.cache/user_artifacts/trainers_main/server/.venv/lib/python3.12/site-packages/modelopt/torch/__init__.py:53: UserWarning: transformers>=5.0 support is experimental. Unified Hugging Face checkpoint export for quantized checkpoints may not work for some models yet.
  _warnings.warn(
/root/.cache/user_artifacts/trainers_main/server/.venv/lib/python3.12/site-packages/modelopt/torch/__init__.py:53: UserWarning: transformers>=5.0 support is experimental. Unified Hugging Face checkpoint export for quantized checkpoints may not work for some models yet.
  _warnings.warn(
/root/.cache/user_artifacts/trainers_main/server/.venv/lib/python3.12/site-packages/modelopt/torch/__init__.py:53: UserWarning: transformers>=5.0 support is experimental. Unified Hugging Face checkpoint export for quantized checkpoints may not work for some models yet.
  _warnings.warn(
/root/.cache/user_artifacts/trainers_main/server/.venv/lib/python3.12/site-packages/modelopt/torch/__init__.py:53: UserWarning: transformers>=5.0 support is experimental. Unified Hugging Face checkpoint export for quantized checkpoints may not work for some models yet.
  _warnings.warn(
/root/.cache/user_artifacts/trainers_main/server/.venv/lib/python3.12/site-packages/modelopt/torch/__init__.py:53: UserWarning: transformers>=5.0 support is experimental. Unified Hugging Face checkpoint export for quantized checkpoints may not work for some models yet.
  _warnings.warn(
/root/.cache/user_artifacts/trainers_main/server/vendor/megatron-bridge/3rdparty/Megatron-LM/megatron/core/models/gpt/heterogeneous/heterogeneous_layer_specs.py:68: UserWarning: Apex is not installed. Falling back to Torch Norm
  warnings.warn("Apex is not installed. Falling back to Torch Norm")
/root/.cache/user_artifacts/trainers_main/server/vendor/megatron-bridge/3rdparty/Megatron-LM/megatron/core/models/gpt/heterogeneous/heterogeneous_layer_specs.py:68: UserWarning: Apex is not installed. Falling back to Torch Norm
  warnings.warn("Apex is not installed. Falling back to Torch Norm")
/root/.cache/user_artifacts/trainers_main/server/vendor/megatron-bridge/3rdparty/Megatron-LM/megatron/core/models/gpt/heterogeneous/heterogeneous_layer_specs.py:68: UserWarning: Apex is not installed. Falling back to Torch Norm
  warnings.warn("Apex is not installed. Falling back to Torch Norm")
/root/.cache/user_artifacts/trainers_main/server/vendor/megatron-bridge/3rdparty/Megatron-LM/megatron/core/models/gpt/heterogeneous/heterogeneous_layer_specs.py:68: UserWarning: Apex is not installed. Falling back to Torch Norm
  warnings.warn("Apex is not installed. Falling back to Torch Norm")
/root/.cache/user_artifacts/trainers_main/server/vendor/megatron-bridge/3rdparty/Megatron-LM/megatron/core/models/gpt/heterogeneous/heterogeneous_layer_specs.py:68: UserWarning: Apex is not installed. Falling back to Torch Norm
  warnings.warn("Apex is not installed. Falling back to Torch Norm")
/root/.cache/user_artifacts/trainers_main/server/vendor/megatron-bridge/3rdparty/Megatron-LM/megatron/core/models/gpt/heterogeneous/heterogeneous_layer_specs.py:68: UserWarning: Apex is not installed. Falling back to Torch Norm
  warnings.warn("Apex is not installed. Falling back to Torch Norm")
/root/.cache/user_artifacts/trainers_main/server/vendor/megatron-bridge/3rdparty/Megatron-LM/megatron/core/models/gpt/heterogeneous/heterogeneous_layer_specs.py:68: UserWarning: Apex is not installed. Falling back to Torch Norm
  warnings.warn("Apex is not installed. Falling back to Torch Norm")
/root/.cache/user_artifacts/trainers_main/server/vendor/megatron-bridge/3rdparty/Megatron-LM/megatron/core/models/gpt/heterogeneous/heterogeneous_layer_specs.py:68: UserWarning: Apex is not installed. Falling back to Torch Norm
  warnings.warn("Apex is not installed. Falling back to Torch Norm")
/root/.cache/user_artifacts/trainers_main/server/vendor/megatron-bridge/3rdparty/Megatron-LM/megatron/core/models/vision/vit_layer_specs.py:31: UserWarning: Apex is not installed. Falling back to Torch Norm
  warnings.warn("Apex is not installed. Falling back to Torch Norm")
/root/.cache/user_artifacts/trainers_main/server/vendor/megatron-bridge/3rdparty/Megatron-LM/megatron/core/models/vision/vit_layer_specs.py:31: UserWarning: Apex is not installed. Falling back to Torch Norm
  warnings.warn("Apex is not installed. Falling back to Torch Norm")
/root/.cache/user_artifacts/trainers_main/server/vendor/megatron-bridge/3rdparty/Megatron-LM/megatron/core/models/vision/vit_layer_specs.py:31: UserWarning: Apex is not installed. Falling back to Torch Norm
  warnings.warn("Apex is not installed. Falling back to Torch Norm")
/root/.cache/user_artifacts/trainers_main/server/vendor/megatron-bridge/3rdparty/Megatron-LM/megatron/core/models/vision/vit_layer_specs.py:31: UserWarning: Apex is not installed. Falling back to Torch Norm
  warnings.warn("Apex is not installed. Falling back to Torch Norm")
/root/.cache/user_artifacts/trainers_main/server/vendor/megatron-bridge/3rdparty/Megatron-LM/megatron/core/models/vision/vit_layer_specs.py:31: UserWarning: Apex is not installed. Falling back to Torch Norm
  warnings.warn("Apex is not installed. Falling back to Torch Norm")
/root/.cache/user_artifacts/trainers_main/server/vendor/megatron-bridge/3rdparty/Megatron-LM/megatron/core/models/vision/vit_layer_specs.py:31: UserWarning: Apex is not installed. Falling back to Torch Norm
  warnings.warn("Apex is not installed. Falling back to Torch Norm")
/root/.cache/user_artifacts/trainers_main/server/vendor/megatron-bridge/3rdparty/Megatron-LM/megatron/core/models/vision/vit_layer_specs.py:31: UserWarning: Apex is not installed. Falling back to Torch Norm
  warnings.warn("Apex is not installed. Falling back to Torch Norm")
/root/.cache/user_artifacts/trainers_main/server/vendor/megatron-bridge/3rdparty/Megatron-LM/megatron/core/models/vision/vit_layer_specs.py:31: UserWarning: Apex is not installed. Falling back to Torch Norm
  warnings.warn("Apex is not installed. Falling back to Torch Norm")
/root/.cache/user_artifacts/trainers_main/server/vendor/megatron-bridge/3rdparty/Megatron-LM/megatron/core/models/mimo/config/base_configs.py:12: UserWarning: MimoModelConfig is experimental and still under active development. The API may change without notice in future releases.
  class MimoModelConfig:
/root/.cache/user_artifacts/trainers_main/server/vendor/megatron-bridge/3rdparty/Megatron-LM/megatron/core/models/mimo/config/base_configs.py:12: UserWarning: MimoModelConfig is experimental and still under active development. The API may change without notice in future releases.
  class MimoModelConfig:
/root/.cache/user_artifacts/trainers_main/server/vendor/megatron-bridge/3rdparty/Megatron-LM/megatron/core/models/mimo/config/base_configs.py:12: UserWarning: MimoModelConfig is experimental and still under active development. The API may change without notice in future releases.
  class MimoModelConfig:
/root/.cache/user_artifacts/trainers_main/server/vendor/megatron-bridge/3rdparty/Megatron-LM/megatron/core/models/mimo/config/base_configs.py:12: UserWarning: MimoModelConfig is experimental and still under active development. The API may change without notice in future releases.
  class MimoModelConfig:
/root/.cache/user_artifacts/trainers_main/server/vendor/megatron-bridge/3rdparty/Megatron-LM/megatron/core/models/mimo/config/base_configs.py:12: UserWarning: MimoModelConfig is experimental and still under active development. The API may change without notice in future releases.
  class MimoModelConfig:
/root/.cache/user_artifacts/trainers_main/server/vendor/megatron-bridge/3rdparty/Megatron-LM/megatron/core/models/mimo/config/base_configs.py:12: UserWarning: MimoModelConfig is experimental and still under active development. The API may change without notice in future releases.
  class MimoModelConfig:
/root/.cache/user_artifacts/trainers_main/server/vendor/megatron-bridge/3rdparty/Megatron-LM/megatron/core/models/mimo/config/base_configs.py:12: UserWarning: MimoModelConfig is experimental and still under active development. The API may change without notice in future releases.
  class MimoModelConfig:
/root/.cache/user_artifacts/trainers_main/server/vendor/megatron-bridge/3rdparty/Megatron-LM/megatron/core/models/mimo/config/base_configs.py:12: UserWarning: MimoModelConfig is experimental and still under active development. The API may change without notice in future releases.
  class MimoModelConfig:
WARNING:megatron.bridge.models.conversion.auto_bridge:Loading a model with trust_remote_code=True allows arbitrary code execution from the model repository. Only use this with models you trust.
WARNING:megatron.bridge.models.conversion.auto_bridge:Loading a model with trust_remote_code=True allows arbitrary code execution from the model repository. Only use this with models you trust.
WARNING:megatron.bridge.models.conversion.auto_bridge:Loading a model with trust_remote_code=True allows arbitrary code execution from the model repository. Only use this with models you trust.
WARNING:megatron.bridge.models.conversion.auto_bridge:Loading a model with trust_remote_code=True allows arbitrary code execution from the model repository. Only use this with models you trust.
WARNING:megatron.bridge.models.conversion.auto_bridge:Loading a model with trust_remote_code=True allows arbitrary code execution from the model repository. Only use this with models you trust.
WARNING:megatron.bridge.models.conversion.auto_bridge:Loading a model with trust_remote_code=True allows arbitrary code execution from the model repository. Only use this with models you trust.
WARNING:megatron.bridge.models.conversion.auto_bridge:Loading a model with trust_remote_code=True allows arbitrary code execution from the model repository. Only use this with models you trust.
WARNING:megatron.bridge.models.conversion.auto_bridge:Loading a model with trust_remote_code=True allows arbitrary code execution from the model repository. Only use this with models you trust.
[transformers] `torch_dtype` is deprecated! Use `dtype` instead!
INFO:trainers_server.dp_worker.api.megatron_controller:LoRA config: rank=32 alpha=64 (explicit) -> forward scale=2
INFO:trainers_server.dp_worker.api.megatron_controller:Installed TE get_attention_backend logging wrapper
INFO:trainers_server.dp_worker.api.megatron_controller:attention_backend=AttnBackend.flash (set from trainer config)
/root/.cache/user_artifacts/trainers_main/server/vendor/megatron-bridge/3rdparty/Megatron-LM/megatron/core/transformer/transformer_config.py:2379: UserWarning: full scope is deprecated. Use empty cuda_graph_modules to capture the whole layer.
  warnings.warn(
[transformers] `torch_dtype` is deprecated! Use `dtype` instead!
INFO:trainers_server.dp_worker.api.megatron_controller:LoRA config: rank=32 alpha=64 (explicit) -> forward scale=2
INFO:trainers_server.dp_worker.api.megatron_controller:Installed TE get_attention_backend logging wrapper
INFO:trainers_server.dp_worker.api.megatron_controller:attention_backend=AttnBackend.flash (set from trainer config)
/root/.cache/user_artifacts/trainers_main/server/vendor/megatron-bridge/3rdparty/Megatron-LM/megatron/core/transformer/transformer_config.py:2379: UserWarning: full scope is deprecated. Use empty cuda_graph_modules to capture the whole layer.
  warnings.warn(
/root/.cache/user_artifacts/trainers_main/server/.venv/lib/python3.12/site-packages/modelopt/torch/__init__.py:53: UserWarning: transformers>=5.0 support is experimental. Unified Hugging Face checkpoint export for quantized checkpoints may not work for some models yet.
  _warnings.warn(
/root/.cache/user_artifacts/trainers_main/server/.venv/lib/python3.12/site-packages/modelopt/torch/__init__.py:53: UserWarning: transformers>=5.0 support is experimental. Unified Hugging Face checkpoint export for quantized checkpoints may not work for some models yet.
  _warnings.warn(
/root/.cache/user_artifacts/trainers_main/server/.venv/lib/python3.12/site-packages/modelopt/torch/__init__.py:53: UserWarning: transformers>=5.0 support is experimental. Unified Hugging Face checkpoint export for quantized checkpoints may not work for some models yet.
  _warnings.warn(
/root/.cache/user_artifacts/trainers_main/server/.venv/lib/python3.12/site-packages/modelopt/torch/__init__.py:53: UserWarning: transformers>=5.0 support is experimental. Unified Hugging Face checkpoint export for quantized checkpoints may not work for some models yet.
  _warnings.warn(
/root/.cache/user_artifacts/trainers_main/server/.venv/lib/python3.12/site-packages/modelopt/torch/__init__.py:53: UserWarning: transformers>=5.0 support is experimental. Unified Hugging Face checkpoint export for quantized checkpoints may not work for some models yet.
  _warnings.warn(
/root/.cache/user_artifacts/trainers_main/server/.venv/lib/python3.12/site-packages/modelopt/torch/__init__.py:53: UserWarning: transformers>=5.0 support is experimental. Unified Hugging Face checkpoint export for quantized checkpoints may not work for some models yet.
  _warnings.warn(
/root/.cache/user_artifacts/trainers_main/server/.venv/lib/python3.12/site-packages/modelopt/torch/__init__.py:53: UserWarning: transformers>=5.0 support is experimental. Unified Hugging Face checkpoint export for quantized checkpoints may not work for some models yet.
  _warnings.warn(
/root/.cache/user_artifacts/trainers_main/server/.venv/lib/python3.12/site-packages/modelopt/torch/__init__.py:53: UserWarning: transformers>=5.0 support is experimental. Unified Hugging Face checkpoint export for quantized checkpoints may not work for some models yet.
  _warnings.warn(
/root/.cache/user_artifacts/trainers_main/server/vendor/megatron-bridge/3rdparty/Megatron-LM/megatron/core/models/gpt/heterogeneous/heterogeneous_layer_specs.py:68: UserWarning: Apex is not installed. Falling back to Torch Norm
  warnings.warn("Apex is not installed. Falling back to Torch Norm")
/root/.cache/user_artifacts/trainers_main/server/vendor/megatron-bridge/3rdparty/Megatron-LM/megatron/core/models/gpt/heterogeneous/heterogeneous_layer_specs.py:68: UserWarning: Apex is not installed. Falling back to Torch Norm
  warnings.warn("Apex is not installed. Falling back to Torch Norm")
/root/.cache/user_artifacts/trainers_main/server/vendor/megatron-bridge/3rdparty/Megatron-LM/megatron/core/models/gpt/heterogeneous/heterogeneous_layer_specs.py:68: UserWarning: Apex is not installed. Falling back to Torch Norm
  warnings.warn("Apex is not installed. Falling back to Torch Norm")
/root/.cache/user_artifacts/trainers_main/server/vendor/megatron-bridge/3rdparty/Megatron-LM/megatron/core/models/gpt/heterogeneous/heterogeneous_layer_specs.py:68: UserWarning: Apex is not installed. Falling back to Torch Norm
  warnings.warn("Apex is not installed. Falling back to Torch Norm")
/root/.cache/user_artifacts/trainers_main/server/vendor/megatron-bridge/3rdparty/Megatron-LM/megatron/core/models/gpt/heterogeneous/heterogeneous_layer_specs.py:68: UserWarning: Apex is not installed. Falling back to Torch Norm
  warnings.warn("Apex is not installed. Falling back to Torch Norm")
/root/.cache/user_artifacts/trainers_main/server/vendor/megatron-bridge/3rdparty/Megatron-LM/megatron/core/models/gpt/heterogeneous/heterogeneous_layer_specs.py:68: UserWarning: Apex is not installed. Falling back to Torch Norm
  warnings.warn("Apex is not installed. Falling back to Torch Norm")
/root/.cache/user_artifacts/trainers_main/server/vendor/megatron-bridge/3rdparty/Megatron-LM/megatron/core/models/gpt/heterogeneous/heterogeneous_layer_specs.py:68: UserWarning: Apex is not installed. Falling back to Torch Norm
  warnings.warn("Apex is not installed. Falling back to Torch Norm")
/root/.cache/user_artifacts/trainers_main/server/vendor/megatron-bridge/3rdparty/Megatron-LM/megatron/core/models/gpt/heterogeneous/heterogeneous_layer_specs.py:68: UserWarning: Apex is not installed. Falling back to Torch Norm
  warnings.warn("Apex is not installed. Falling back to Torch Norm")
[transformers] `torch_dtype` is deprecated! Use `dtype` instead!
/root/.cache/user_artifacts/trainers_main/server/vendor/megatron-bridge/3rdparty/Megatron-LM/megatron/core/models/vision/vit_layer_specs.py:31: UserWarning: Apex is not installed. Falling back to Torch Norm
  warnings.warn("Apex is not installed. Falling back to Torch Norm")
/root/.cache/user_artifacts/trainers_main/server/vendor/megatron-bridge/3rdparty/Megatron-LM/megatron/core/models/vision/vit_layer_specs.py:31: UserWarning: Apex is not installed. Falling back to Torch Norm
  warnings.warn("Apex is not installed. Falling back to Torch Norm")
/root/.cache/user_artifacts/trainers_main/server/vendor/megatron-bridge/3rdparty/Megatron-LM/megatron/core/models/vision/vit_layer_specs.py:31: UserWarning: Apex is not installed. Falling back to Torch Norm
  warnings.warn("Apex is not installed. Falling back to Torch Norm")
/root/.cache/user_artifacts/trainers_main/server/vendor/megatron-bridge/3rdparty/Megatron-LM/megatron/core/models/vision/vit_layer_specs.py:31: UserWarning: Apex is not installed. Falling back to Torch Norm
  warnings.warn("Apex is not installed. Falling back to Torch Norm")
/root/.cache/user_artifacts/trainers_main/server/vendor/megatron-bridge/3rdparty/Megatron-LM/megatron/core/models/vision/vit_layer_specs.py:31: UserWarning: Apex is not installed. Falling back to Torch Norm
  warnings.warn("Apex is not installed. Falling back to Torch Norm")
/root/.cache/user_artifacts/trainers_main/server/vendor/megatron-bridge/3rdparty/Megatron-LM/megatron/core/models/vision/vit_layer_specs.py:31: UserWarning: Apex is not installed. Falling back to Torch Norm
  warnings.warn("Apex is not installed. Falling back to Torch Norm")
/root/.cache/user_artifacts/trainers_main/server/vendor/megatron-bridge/3rdparty/Megatron-LM/megatron/core/models/vision/vit_layer_specs.py:31: UserWarning: Apex is not installed. Falling back to Torch Norm
  warnings.warn("Apex is not installed. Falling back to Torch Norm")
/root/.cache/user_artifacts/trainers_main/server/vendor/megatron-bridge/3rdparty/Megatron-LM/megatron/core/models/vision/vit_layer_specs.py:31: UserWarning: Apex is not installed. Falling back to Torch Norm
  warnings.warn("Apex is not installed. Falling back to Torch Norm")
INFO:trainers_server.dp_worker.api.megatron_controller:LoRA config: rank=32 alpha=64 (explicit) -> forward scale=2
INFO:trainers_server.dp_worker.api.megatron_controller:Installed TE get_attention_backend logging wrapper
INFO:trainers_server.dp_worker.api.megatron_controller:attention_backend=AttnBackend.flash (set from trainer config)
/root/.cache/user_artifacts/trainers_main/server/vendor/megatron-bridge/3rdparty/Megatron-LM/megatron/core/transformer/transformer_config.py:2379: UserWarning: full scope is deprecated. Use empty cuda_graph_modules to capture the whole layer.
  warnings.warn(
WARNING:megatron.core.rerun_state_machine:RerunStateMachine initialized in mode RerunMode.DISABLED
> initializing torch distributed ...
[transformers] `torch_dtype` is deprecated! Use `dtype` instead!
/root/.cache/user_artifacts/trainers_main/server/vendor/megatron-bridge/3rdparty/Megatron-LM/megatron/core/models/mimo/config/base_configs.py:12: UserWarning: MimoModelConfig is experimental and still under active development. The API may change without notice in future releases.
  class MimoModelConfig:
/root/.cache/user_artifacts/trainers_main/server/vendor/megatron-bridge/3rdparty/Megatron-LM/megatron/core/models/mimo/config/base_configs.py:12: UserWarning: MimoModelConfig is experimental and still under active development. The API may change without notice in future releases.
  class MimoModelConfig:
/root/.cache/user_artifacts/trainers_main/server/vendor/megatron-bridge/3rdparty/Megatron-LM/megatron/core/models/mimo/config/base_configs.py:12: UserWarning: MimoModelConfig is experimental and still under active development. The API may change without notice in future releases.
  class MimoModelConfig:
/root/.cache/user_artifacts/trainers_main/server/vendor/megatron-bridge/3rdparty/Megatron-LM/megatron/core/models/mimo/config/base_configs.py:12: UserWarning: MimoModelConfig is experimental and still under active development. The API may change without notice in future releases.
  class MimoModelConfig:
/root/.cache/user_artifacts/trainers_main/server/vendor/megatron-bridge/3rdparty/Megatron-LM/megatron/core/models/mimo/config/base_configs.py:12: UserWarning: MimoModelConfig is experimental and still under active development. The API may change without notice in future releases.
  class MimoModelConfig:
/root/.cache/user_artifacts/trainers_main/server/vendor/megatron-bridge/3rdparty/Megatron-LM/megatron/core/models/mimo/config/base_configs.py:12: UserWarning: MimoModelConfig is experimental and still under active development. The API may change without notice in future releases.
  class MimoModelConfig:
/root/.cache/user_artifacts/trainers_main/server/vendor/megatron-bridge/3rdparty/Megatron-LM/megatron/core/models/mimo/config/base_configs.py:12: UserWarning: MimoModelConfig is experimental and still under active development. The API may change without notice in future releases.
  class MimoModelConfig:
/root/.cache/user_artifacts/trainers_main/server/vendor/megatron-bridge/3rdparty/Megatron-LM/megatron/core/models/mimo/config/base_configs.py:12: UserWarning: MimoModelConfig is experimental and still under active development. The API may change without notice in future releases.
  class MimoModelConfig:
INFO:trainers_server.dp_worker.api.megatron_controller:LoRA config: rank=32 alpha=64 (explicit) -> forward scale=2
INFO:trainers_server.dp_worker.api.megatron_controller:Installed TE get_attention_backend logging wrapper
INFO:trainers_server.dp_worker.api.megatron_controller:attention_backend=AttnBackend.flash (set from trainer config)
/root/.cache/user_artifacts/trainers_main/server/vendor/megatron-bridge/3rdparty/Megatron-LM/megatron/core/transformer/transformer_config.py:2379: UserWarning: full scope is deprecated. Use empty cuda_graph_modules to capture the whole layer.
  warnings.warn(
WARNING:megatron.bridge.models.conversion.auto_bridge:Loading a model with trust_remote_code=True allows arbitrary code execution from the model repository. Only use this with models you trust.
WARNING:megatron.bridge.models.conversion.auto_bridge:Loading a model with trust_remote_code=True allows arbitrary code execution from the model repository. Only use this with models you trust.
WARNING:megatron.bridge.models.conversion.auto_bridge:Loading a model with trust_remote_code=True allows arbitrary code execution from the model repository. Only use this with models you trust.
WARNING:megatron.bridge.models.conversion.auto_bridge:Loading a model with trust_remote_code=True allows arbitrary code execution from the model repository. Only use this with models you trust.
WARNING:megatron.bridge.models.conversion.auto_bridge:Loading a model with trust_remote_code=True allows arbitrary code execution from the model repository. Only use this with models you trust.
WARNING:megatron.bridge.models.conversion.auto_bridge:Loading a model with trust_remote_code=True allows arbitrary code execution from the model repository. Only use this with models you trust.
WARNING:megatron.bridge.models.conversion.auto_bridge:Loading a model with trust_remote_code=True allows arbitrary code execution from the model repository. Only use this with models you trust.
WARNING:megatron.bridge.models.conversion.auto_bridge:Loading a model with trust_remote_code=True allows arbitrary code execution from the model repository. Only use this with models you trust.
[transformers] `torch_dtype` is deprecated! Use `dtype` instead!
[transformers] `torch_dtype` is deprecated! Use `dtype` instead!
INFO:trainers_server.dp_worker.api.megatron_controller:LoRA config: rank=32 alpha=64 (explicit) -> forward scale=2
INFO:trainers_server.dp_worker.api.megatron_controller:Installed TE get_attention_backend logging wrapper
INFO:trainers_server.dp_worker.api.megatron_controller:attention_backend=AttnBackend.flash (set from trainer config)
/root/.cache/user_artifacts/trainers_main/server/vendor/megatron-bridge/3rdparty/Megatron-LM/megatron/core/transformer/transformer_config.py:2379: UserWarning: full scope is deprecated. Use empty cuda_graph_modules to capture the whole layer.
  warnings.warn(
INFO:trainers_server.dp_worker.api.megatron_controller:LoRA config: rank=32 alpha=64 (explicit) -> forward scale=2
INFO:trainers_server.dp_worker.api.megatron_controller:Installed TE get_attention_backend logging wrapper
INFO:trainers_server.dp_worker.api.megatron_controller:attention_backend=AttnBackend.flash (set from trainer config)
/root/.cache/user_artifacts/trainers_main/server/vendor/megatron-bridge/3rdparty/Megatron-LM/megatron/core/transformer/transformer_config.py:2379: UserWarning: full scope is deprecated. Use empty cuda_graph_modules to capture the whole layer.
  warnings.warn(
[transformers] `torch_dtype` is deprecated! Use `dtype` instead!
[transformers] `torch_dtype` is deprecated! Use `dtype` instead!
INFO:trainers_server.dp_worker.api.megatron_controller:LoRA config: rank=32 alpha=64 (explicit) -> forward scale=2
INFO:trainers_server.dp_worker.api.megatron_controller:Installed TE get_attention_backend logging wrapper
INFO:trainers_server.dp_worker.api.megatron_controller:attention_backend=AttnBackend.flash (set from trainer config)
/root/.cache/user_artifacts/trainers_main/server/vendor/megatron-bridge/3rdparty/Megatron-LM/megatron/core/transformer/transformer_config.py:2379: UserWarning: full scope is deprecated. Use empty cuda_graph_modules to capture the whole layer.
  warnings.warn(
INFO:trainers_server.dp_worker.api.megatron_controller:LoRA config: rank=32 alpha=64 (explicit) -> forward scale=2
INFO:trainers_server.dp_worker.api.megatron_controller:Installed TE get_attention_backend logging wrapper
INFO:trainers_server.dp_worker.api.megatron_controller:attention_backend=AttnBackend.flash (set from trainer config)
/root/.cache/user_artifacts/trainers_main/server/vendor/megatron-bridge/3rdparty/Megatron-LM/megatron/core/transformer/transformer_config.py:2379: UserWarning: full scope is deprecated. Use empty cuda_graph_modules to capture the whole layer.
  warnings.warn(
[transformers] `torch_dtype` is deprecated! Use `dtype` instead!
[transformers] `torch_dtype` is deprecated! Use `dtype` instead!
INFO:trainers_server.dp_worker.api.megatron_controller:LoRA config: rank=32 alpha=64 (explicit) -> forward scale=2
INFO:trainers_server.dp_worker.api.megatron_controller:Installed TE get_attention_backend logging wrapper
INFO:trainers_server.dp_worker.api.megatron_controller:attention_backend=AttnBackend.flash (set from trainer config)
/root/.cache/user_artifacts/trainers_main/server/vendor/megatron-bridge/3rdparty/Megatron-LM/megatron/core/transformer/transformer_config.py:2379: UserWarning: full scope is deprecated. Use empty cuda_graph_modules to capture the whole layer.
  warnings.warn(
INFO:trainers_server.dp_worker.api.megatron_controller:LoRA config: rank=32 alpha=64 (explicit) -> forward scale=2
INFO:trainers_server.dp_worker.api.megatron_controller:Installed TE get_attention_backend logging wrapper
INFO:trainers_server.dp_worker.api.megatron_controller:attention_backend=AttnBackend.flash (set from trainer config)
/root/.cache/user_artifacts/trainers_main/server/vendor/megatron-bridge/3rdparty/Megatron-LM/megatron/core/transformer/transformer_config.py:2379: UserWarning: full scope is deprecated. Use empty cuda_graph_modules to capture the whole layer.
  warnings.warn(
[transformers] `torch_dtype` is deprecated! Use `dtype` instead!
[transformers] `torch_dtype` is deprecated! Use `dtype` instead!
INFO:trainers_server.dp_worker.api.megatron_controller:LoRA config: rank=32 alpha=64 (explicit) -> forward scale=2
INFO:trainers_server.dp_worker.api.megatron_controller:Installed TE get_attention_backend logging wrapper
INFO:trainers_server.dp_worker.api.megatron_controller:attention_backend=AttnBackend.flash (set from trainer config)
/root/.cache/user_artifacts/trainers_main/server/vendor/megatron-bridge/3rdparty/Megatron-LM/megatron/core/transformer/transformer_config.py:2379: UserWarning: full scope is deprecated. Use empty cuda_graph_modules to capture the whole layer.
  warnings.warn(
INFO:trainers_server.dp_worker.api.megatron_controller:LoRA config: rank=32 alpha=64 (explicit) -> forward scale=2
INFO:trainers_server.dp_worker.api.megatron_controller:Installed TE get_attention_backend logging wrapper
INFO:trainers_server.dp_worker.api.megatron_controller:attention_backend=AttnBackend.flash (set from trainer config)
/root/.cache/user_artifacts/trainers_main/server/vendor/megatron-bridge/3rdparty/Megatron-LM/megatron/core/transformer/transformer_config.py:2379: UserWarning: full scope is deprecated. Use empty cuda_graph_modules to capture the whole layer.
  warnings.warn(
[transformers] `torch_dtype` is deprecated! Use `dtype` instead!
INFO:trainers_server.dp_worker.api.megatron_controller:LoRA config: rank=32 alpha=64 (explicit) -> forward scale=2
INFO:trainers_server.dp_worker.api.megatron_controller:Installed TE get_attention_backend logging wrapper
INFO:trainers_server.dp_worker.api.megatron_controller:attention_backend=AttnBackend.flash (set from trainer config)
/root/.cache/user_artifacts/trainers_main/server/vendor/megatron-bridge/3rdparty/Megatron-LM/megatron/core/transformer/transformer_config.py:2379: UserWarning: full scope is deprecated. Use empty cuda_graph_modules to capture the whole layer.
  warnings.warn(
[transformers] `torch_dtype` is deprecated! Use `dtype` instead!
INFO:trainers_server.dp_worker.api.megatron_controller:LoRA config: rank=32 alpha=64 (explicit) -> forward scale=2
INFO:trainers_server.dp_worker.api.megatron_controller:Installed TE get_attention_backend logging wrapper
INFO:trainers_server.dp_worker.api.megatron_controller:attention_backend=AttnBackend.flash (set from trainer config)
/root/.cache/user_artifacts/trainers_main/server/vendor/megatron-bridge/3rdparty/Megatron-LM/megatron/core/transformer/transformer_config.py:2379: UserWarning: full scope is deprecated. Use empty cuda_graph_modules to capture the whole layer.
  warnings.warn(
[transformers] `torch_dtype` is deprecated! Use `dtype` instead!
INFO:trainers_server.dp_worker.api.megatron_controller:LoRA config: rank=32 alpha=64 (explicit) -> forward scale=2
INFO:trainers_server.dp_worker.api.megatron_controller:Installed TE get_attention_backend logging wrapper
INFO:trainers_server.dp_worker.api.megatron_controller:attention_backend=AttnBackend.flash (set from trainer config)
/root/.cache/user_artifacts/trainers_main/server/vendor/megatron-bridge/3rdparty/Megatron-LM/megatron/core/transformer/transformer_config.py:2379: UserWarning: full scope is deprecated. Use empty cuda_graph_modules to capture the whole layer.
  warnings.warn(
[transformers] `torch_dtype` is deprecated! Use `dtype` instead!
INFO:trainers_server.dp_worker.api.megatron_controller:LoRA config: rank=32 alpha=64 (explicit) -> forward scale=2
INFO:trainers_server.dp_worker.api.megatron_controller:Installed TE get_attention_backend logging wrapper
INFO:trainers_server.dp_worker.api.megatron_controller:attention_backend=AttnBackend.flash (set from trainer config)
/root/.cache/user_artifacts/trainers_main/server/vendor/megatron-bridge/3rdparty/Megatron-LM/megatron/core/transformer/transformer_config.py:2379: UserWarning: full scope is deprecated. Use empty cuda_graph_modules to capture the whole layer.
  warnings.warn(
> initialized tensor model parallel with size 1
> initialized pipeline model parallel with size 1
> setting random seeds to 1234 ...
> compiling dataset index builder ...
make: Entering directory '/root/.cache/user_artifacts/trainers_main/server/vendor/megatron-bridge/3rdparty/Megatron-LM/megatron/core/datasets'
> compiling dataset index builder ...
make: Entering directory '/root/.cache/user_artifacts/trainers_main/server/vendor/megatron-bridge/3rdparty/Megatron-LM/megatron/core/datasets'
make: Nothing to be done for 'default'.
make: Leaving directory '/root/.cache/user_artifacts/trainers_main/server/vendor/megatron-bridge/3rdparty/Megatron-LM/megatron/core/datasets'
>>> done with dataset index builder. Compilation time: 0.039 seconds
/root/.cache/user_artifacts/trainers_main/server/.venv/lib/python3.12/site-packages/torch/distributed/c10d_logger.py:83: UserWarning: barrier(): using the device under current context. You can specify `device_id` in `init_process_group` to mute this warning.
  return func(*args, **kwargs)
make: Nothing to be done for 'default'.
make: Leaving directory '/root/.cache/user_artifacts/trainers_main/server/vendor/megatron-bridge/3rdparty/Megatron-LM/megatron/core/datasets'
>>> done with dataset index builder. Compilation time: 0.034 seconds
WARNING:megatron.core.transformer.moe.token_dispatcher:BT_MOE_PROBS_A2A_COMM present but DISABLED (env unset or != '1'); probs all-to-all stays serialized behind the tokens all-to-all
WARNING:megatron.core.transformer.moe.token_dispatcher:BT_MOE_PROBS_A2A_COMM present but DISABLED (env unset or != '1'); probs all-to-all stays serialized behind the tokens all-to-all
WARNING:megatron.core.transformer.moe.token_dispatcher:BT_MOE_PROBS_A2A_COMM present but DISABLED (env unset or != '1'); probs all-to-all stays serialized behind the tokens all-to-all
WARNING:megatron.core.transformer.moe.token_dispatcher:BT_MOE_A2A_PIPELINE present but DISABLED (env unset, '0', or K=1); MoE dispatch/combine all-to-alls stay monolithic
WARNING:megatron.core.transformer.moe.token_dispatcher:BT_MOE_A2A_PIPELINE present but DISABLED (env unset, '0', or K=1); MoE dispatch/combine all-to-alls stay monolithic
WARNING:megatron.core.transformer.moe.token_dispatcher:BT_MOE_A2A_PIPELINE present but DISABLED (env unset, '0', or K=1); MoE dispatch/combine all-to-alls stay monolithic
WARNING:megatron.core.transformer.moe.token_dispatcher:BT_MOE_PROBS_A2A_COMM present but DISABLED (env unset or != '1'); probs all-to-all stays serialized behind the tokens all-to-all
WARNING:megatron.core.transformer.moe.token_dispatcher:BT_MOE_PROBS_A2A_COMM present but DISABLED (env unset or != '1'); probs all-to-all stays serialized behind the tokens all-to-all
WARNING:megatron.core.transformer.moe.token_dispatcher:BT_MOE_A2A_PIPELINE present but DISABLED (env unset, '0', or K=1); MoE dispatch/combine all-to-alls stay monolithic
WARNING:megatron.core.transformer.moe.token_dispatcher:BT_MOE_A2A_PIPELINE present but DISABLED (env unset, '0', or K=1); MoE dispatch/combine all-to-alls stay monolithic
WARNING:megatron.core.transformer.moe.token_dispatcher:BT_MOE_PROBS_A2A_COMM present but DISABLED (env unset or != '1'); probs all-to-all stays serialized behind the tokens all-to-all
WARNING:megatron.core.transformer.moe.token_dispatcher:BT_MOE_PROBS_A2A_COMM present but DISABLED (env unset or != '1'); probs all-to-all stays serialized behind the tokens all-to-all
WARNING:megatron.core.transformer.moe.token_dispatcher:BT_MOE_PROBS_A2A_COMM present but DISABLED (env unset or != '1'); probs all-to-all stays serialized behind the tokens all-to-all
WARNING:megatron.core.transformer.moe.token_dispatcher:BT_MOE_PROBS_A2A_COMM present but DISABLED (env unset or != '1'); probs all-to-all stays serialized behind the tokens all-to-all
WARNING:megatron.core.transformer.moe.token_dispatcher:BT_MOE_A2A_PIPELINE present but DISABLED (env unset, '0', or K=1); MoE dispatch/combine all-to-alls stay monolithic
WARNING:megatron.core.transformer.moe.token_dispatcher:BT_MOE_A2A_PIPELINE present but DISABLED (env unset, '0', or K=1); MoE dispatch/combine all-to-alls stay monolithic
WARNING:megatron.core.transformer.moe.token_dispatcher:BT_MOE_A2A_PIPELINE present but DISABLED (env unset, '0', or K=1); MoE dispatch/combine all-to-alls stay monolithic
WARNING:megatron.core.transformer.moe.token_dispatcher:BT_MOE_PROBS_A2A_COMM present but DISABLED (env unset or != '1'); probs all-to-all stays serialized behind the tokens all-to-all
WARNING:megatron.core.transformer.moe.token_dispatcher:BT_MOE_A2A_PIPELINE present but DISABLED (env unset, '0', or K=1); MoE dispatch/combine all-to-alls stay monolithic
WARNING:megatron.core.transformer.moe.token_dispatcher:BT_MOE_A2A_PIPELINE present but DISABLED (env unset, '0', or K=1); MoE dispatch/combine all-to-alls stay monolithic
WARNING:megatron.core.transformer.moe.token_dispatcher:BT_MOE_PROBS_A2A_COMM present but DISABLED (env unset or != '1'); probs all-to-all stays serialized behind the tokens all-to-all
WARNING:megatron.core.transformer.moe.token_dispatcher:BT_MOE_PROBS_A2A_COMM present but DISABLED (env unset or != '1'); probs all-to-all stays serialized behind the tokens all-to-all
WARNING:megatron.core.transformer.moe.token_dispatcher:BT_MOE_PROBS_A2A_COMM present but DISABLED (env unset or != '1'); probs all-to-all stays serialized behind the tokens all-to-all
WARNING:megatron.core.transformer.moe.token_dispatcher:BT_MOE_A2A_PIPELINE present but DISABLED (env unset, '0', or K=1); MoE dispatch/combine all-to-alls stay monolithic
WARNING:megatron.core.transformer.moe.token_dispatcher:BT_MOE_A2A_PIPELINE present but DISABLED (env unset, '0', or K=1); MoE dispatch/combine all-to-alls stay monolithic
WARNING:megatron.core.transformer.moe.token_dispatcher:BT_MOE_A2A_PIPELINE present but DISABLED (env unset, '0', or K=1); MoE dispatch/combine all-to-alls stay monolithic
WARNING:megatron.core.transformer.moe.token_dispatcher:BT_MOE_PROBS_A2A_COMM present but DISABLED (env unset or != '1'); probs all-to-all stays serialized behind the tokens all-to-all
WARNING:megatron.core.transformer.moe.token_dispatcher:BT_MOE_PROBS_A2A_COMM present but DISABLED (env unset or != '1'); probs all-to-all stays serialized behind the tokens all-to-all
WARNING:megatron.core.transformer.moe.token_dispatcher:BT_MOE_A2A_PIPELINE present but DISABLED (env unset, '0', or K=1); MoE dispatch/combine all-to-alls stay monolithic
WARNING:megatron.core.transformer.moe.token_dispatcher:BT_MOE_A2A_PIPELINE present but DISABLED (env unset, '0', or K=1); MoE dispatch/combine all-to-alls stay monolithic
WARNING:megatron.core.transformer.moe.token_dispatcher:BT_MOE_PROBS_A2A_COMM present but DISABLED (env unset or != '1'); probs all-to-all stays serialized behind the tokens all-to-all
WARNING:megatron.core.transformer.moe.token_dispatcher:BT_MOE_A2A_PIPELINE present but DISABLED (env unset, '0', or K=1); MoE dispatch/combine all-to-alls stay monolithic
Fetching 142 files:   0%|          | 0/142 [00:00<?, ?it/s]Fetching 142 files: 100%|██████████| 142/142 [00:00<00:00, 11144.42it/s]
Fetching 142 files:   0%|          | 0/142 [00:00<?, ?it/s]Fetching 142 files: 100%|██████████| 142/142 [00:00<00:00, 13279.62it/s]
Fetching 142 files:   0%|          | 0/142 [00:00<?, ?it/s]Fetching 142 files: 100%|██████████| 142/142 [00:00<00:00, 16208.77it/s]
Fetching 142 files:   0%|          | 0/142 [00:00<?, ?it/s]Fetching 142 files: 100%|██████████| 142/142 [00:00<00:00, 13520.18it/s]
Fetching 142 files:   0%|          | 0/142 [00:00<?, ?it/s]Fetching 142 files: 100%|██████████| 142/142 [00:00<00:00, 20190.90it/s]
Fetching 142 files:   0%|          | 0/142 [00:00<?, ?it/s]Fetching 142 files: 100%|██████████| 142/142 [00:00<00:00, 28775.30it/s]
Fetching 142 files:   0%|          | 0/142 [00:00<?, ?it/s]Fetching 142 files:   0%|          | 0/142 [00:00<?, ?it/s]Fetching 142 files: 100%|██████████| 142/142 [00:00<00:00, 16419.23it/s]
Fetching 142 files: 100%|██████████| 142/142 [00:00<00:00, 12290.87it/s]
Fetching 142 files:   0%|          | 0/142 [00:00<?, ?it/s]Fetching 142 files: 100%|██████████| 142/142 [00:00<00:00, 9329.00it/s]
Fetching 142 files:   0%|          | 0/142 [00:00<?, ?it/s]Fetching 142 files: 100%|██████████| 142/142 [00:00<00:00, 13105.76it/s]
Fetching 142 files:   0%|          | 0/142 [00:00<?, ?it/s]Fetching 142 files: 100%|██████████| 142/142 [00:00<00:00, 15615.51it/s]
Fetching 142 files:   0%|          | 0/142 [00:00<?, ?it/s]Fetching 142 files: 100%|██████████| 142/142 [00:00<00:00, 13101.15it/s]
Fetching 142 files:   0%|          | 0/142 [00:00<?, ?it/s]Fetching 142 files: 100%|██████████| 142/142 [00:00<00:00, 12948.48it/s]
Fetching 142 files:   0%|          | 0/142 [00:00<?, ?it/s]Fetching 142 files: 100%|██████████| 142/142 [00:00<00:00, 13069.81it/s]
Fetching 142 files:   0%|          | 0/142 [00:00<?, ?it/s]Fetching 142 files: 100%|██████████| 142/142 [00:00<00:00, 13667.87it/s]
Fetching 142 files:   0%|          | 0/142 [00:00<?, ?it/s]Fetching 142 files: 100%|██████████| 142/142 [00:00<00:00, 12852.64it/s]


INFO:trainers_server.dp_worker.api.megatron_controller:LoRA training: disabled dynamic MoE router expert-bias updates
INFO:trainers_server.dp_worker.api.megatron_controller:LoRA training: froze 75 MoE router expert-bias updates
INFO:trainers_server.dp_worker.api.megatron_controller:LoRA training: disabled dynamic MoE router expert-bias updates
INFO:trainers_server.dp_worker.api.megatron_controller:LoRA training: froze 75 MoE router expert-bias updates



INFO:trainers_server.dp_worker.api.megatron_controller:LoRA training: disabled dynamic MoE router expert-bias updates
INFO:trainers_server.dp_worker.api.megatron_controller:LoRA training: froze 75 MoE router expert-bias updates
INFO:trainers_server.dp_worker.api.megatron_controller:LoRA training: disabled dynamic MoE router expert-bias updates
INFO:trainers_server.dp_worker.api.megatron_controller:LoRA training: froze 75 MoE router expert-bias updates
INFO:trainers_server.dp_worker.api.megatron_controller:LoRA training: disabled dynamic MoE router expert-bias updates
INFO:trainers_server.dp_worker.api.megatron_controller:LoRA training: froze 75 MoE router expert-bias updates


INFO:trainers_server.dp_worker.api.megatron_controller:LoRA training: disabled dynamic MoE router expert-bias updates
INFO:trainers_server.dp_worker.api.megatron_controller:LoRA training: froze 75 MoE router expert-bias updates
INFO:trainers_server.dp_worker.api.megatron_controller:LoRA training: disabled dynamic MoE router expert-bias updates
INFO:trainers_server.dp_worker.api.megatron_controller:LoRA training: froze 75 MoE router expert-bias updates
Loading from zai-org/GLM-5.2-FP8 ━━━━━━━━━━━ 100% 0:00:00 (3516/3516) GLM5Bridge


INFO:trainers_server.dp_worker.api.megatron_controller:LoRA training: disabled dynamic MoE router expert-bias updates
INFO:trainers_server.dp_worker.api.megatron_controller:LoRA training: froze 75 MoE router expert-bias updates

[PEFT+Recompute] Patched decoder block forward to enable grad on hidden_states input. This ensures checkpoint backward is called when only adapters are trainable (PP=1 with frozen base model).
 > number of parameters on (tensor, pipeline) model parallel rank (0, 0): 64093317376
INFO:trainers_server.dp_worker.api.megatron_controller:LoRA training: disabled dynamic MoE router expert-bias updates
INFO:trainers_server.dp_worker.api.megatron_controller:LoRA training: froze 75 MoE router expert-bias updates
INFO:trainers_server.dp_worker.api.megatron_controller:LoRA training: disabled dynamic MoE router expert-bias updates
INFO:trainers_server.dp_worker.api.megatron_controller:LoRA training: froze 75 MoE router expert-bias updates
INFO:trainers_server.dp_worker.api.megatron_controller:LoRA training: disabled dynamic MoE router expert-bias updates
INFO:trainers_server.dp_worker.api.megatron_controller:LoRA training: froze 75 MoE router expert-bias updates


INFO:trainers_server.dp_worker.api.megatron_controller:LoRA training: disabled dynamic MoE router expert-bias updates
INFO:trainers_server.dp_worker.api.megatron_controller:LoRA training: froze 75 MoE router expert-bias updates
INFO:trainers_server.dp_worker.api.megatron_controller:LoRA training: disabled dynamic MoE router expert-bias updates
INFO:trainers_server.dp_worker.api.megatron_controller:LoRA training: froze 75 MoE router expert-bias updates


INFO:trainers_server.dp_worker.api.megatron_controller:LoRA training: disabled dynamic MoE router expert-bias updates
INFO:trainers_server.dp_worker.api.megatron_controller:LoRA training: froze 75 MoE router expert-bias updates

INFO:trainers_server.dp_worker.api.megatron_controller:LoRA training: disabled dynamic MoE router expert-bias updates
INFO:trainers_server.dp_worker.api.megatron_controller:LoRA training: froze 75 MoE router expert-bias updates
INFO:trainers_server.dp_worker.api.megatron_controller:LoRA training: disabled dynamic MoE router expert-bias updates
INFO:trainers_server.dp_worker.api.megatron_controller:LoRA training: froze 75 MoE router expert-bias updates
INFO:trainers_server.dp_worker.api.megatron_controller:weight_sync disabled
INFO:trainers_server.dp_worker.api.megatron_controller:MegatronBridgeController ready
INFO:trainers_server.dp_worker.api.megatron_controller:weight_sync disabled
INFO:trainers_server.dp_worker.api.megatron_controller:weight_sync disabled
INFO:trainers_server.dp_worker.api.megatron_controller:MegatronBridgeController ready
INFO:trainers_server.dp_worker.api.megatron_controller:weight_sync disabled
INFO:trainers_server.dp_worker.api.megatron_controller:weight_sync disabled
INFO:trainers_server.dp_worker.api.megatron_controller:weight_sync disabled
INFO:trainers_server.dp_worker.api.megatron_controller:MegatronBridgeController ready
INFO:trainers_server.dp_worker.api.megatron_controller:MegatronBridgeController ready
/root/.cache/user_artifacts/trainers_main/server/.venv/lib/python3.12/site-packages/torch/distributed/c10d_logger.py:83: UserWarning: barrier(): using the device under current context. You can specify `device_id` in `init_process_group` to mute this warning.
  return func(*args, **kwargs)
INFO:trainers_server.dp_worker.api.megatron_controller:MegatronBridgeController ready
INFO:trainers_server.dp_worker.api.megatron_controller:weight_sync disabled
INFO:trainers_server.dp_worker.api.megatron_controller:weight_sync disabled
INFO:trainers_server.dp_worker.api.megatron_controller:MegatronBridgeController ready
INFO:trainers_server.dp_worker.api.megatron_controller:MegatronBridgeController ready
INFO:trainers_server.dp_worker.api.megatron_controller:MegatronBridgeController ready
INFO:trainers_server.dp_worker.api.megatron_controller:weight_sync disabled
INFO:trainers_server.dp_worker.api.megatron_controller:weight_sync disabled
INFO:trainers_server.dp_worker.api.megatron_controller:MegatronBridgeController ready
INFO:trainers_server.dp_worker.api.megatron_controller:weight_sync disabled
INFO:trainers_server.dp_worker.api.megatron_controller:MegatronBridgeController ready
INFO:trainers_server.dp_worker.api.megatron_controller:weight_sync disabled
INFO:trainers_server.dp_worker.api.megatron_controller:MegatronBridgeController ready
INFO:trainers_server.dp_worker.api.megatron_controller:weight_sync disabled
INFO:trainers_server.dp_worker.api.megatron_controller:MegatronBridgeController ready
INFO:trainers_server.dp_worker.api.megatron_controller:weight_sync disabled
INFO:trainers_server.dp_worker.api.megatron_controller:weight_sync disabled
INFO:trainers_server.dp_worker.api.megatron_controller:MegatronBridgeController ready
INFO:trainers_server.dp_worker.api.megatron_controller:MegatronBridgeController ready
INFO:trainers_server.dp_worker.api.megatron_controller:MegatronBridgeController ready
INFO:trainers_server.dp_worker.api.megatron_controller:weight_sync disabled
INFO:trainers_server.dp_worker.api.megatron_controller:MegatronBridgeController ready
INFO:trainers_server.dp_worker.api.megatron_controller:starting — forward+backward seq=64 across PP=1 (establishing pipeline p2p connections + compiling DSA/Triton/cuDNN forward and backward kernels)...
WARNING:megatron.core.models.common.embeddings.rope_utils:BT_THD_ROPE_HOST_CACHE=1: THD RoPE cu_seqlens host cache ACTIVE
WARNING:megatron.core.models.common.embeddings.rope_utils:BT_THD_ROPE_HOST_CACHE=1: THD RoPE cu_seqlens host cache ACTIVE
WARNING:megatron.core.models.common.embeddings.rope_utils:BT_THD_ROPE_HOST_CACHE=1: THD RoPE cu_seqlens host cache ACTIVE
WARNING:megatron.core.models.common.embeddings.rope_utils:BT_THD_ROPE_HOST_CACHE=1: THD RoPE cu_seqlens host cache ACTIVE
WARNING:megatron.core.models.common.embeddings.rope_utils:BT_THD_ROPE_HOST_CACHE=1: THD RoPE cu_seqlens host cache ACTIVE
WARNING:megatron.core.models.common.embeddings.rope_utils:BT_THD_ROPE_HOST_CACHE=1: THD RoPE cu_seqlens host cache ACTIVE
WARNING:megatron.core.models.common.embeddings.rope_utils:BT_THD_ROPE_HOST_CACHE=1: THD RoPE cu_seqlens host cache ACTIVE
WARNING:megatron.core.transformer.experimental_attention_variant.dsa:BT_DSA_CP_LAYOUT_CACHE=1: DSA packed-CP layout cache ACTIVE
WARNING:megatron.core.transformer.experimental_attention_variant.dsa:BT_DSA_CP_LAYOUT_CACHE=1: DSA packed-CP layout cache ACTIVE
WARNING:megatron.core.transformer.experimental_attention_variant.dsa:BT_DSA_CP_LAYOUT_CACHE=1: DSA packed-CP layout cache ACTIVE
WARNING:megatron.core.transformer.experimental_attention_variant.dsa:BT_DSA_CP_LAYOUT_CACHE=1: DSA packed-CP layout cache ACTIVE
WARNING:megatron.core.transformer.experimental_attention_variant.dsa:BT_DSA_CP_LAYOUT_CACHE=1: DSA packed-CP layout cache ACTIVE
WARNING:megatron.core.transformer.experimental_attention_variant.dsa:BT_DSA_CP_LAYOUT_CACHE=1: DSA packed-CP layout cache ACTIVE
WARNING:megatron.core.transformer.experimental_attention_variant.dsa:BT_DSA_CP_LAYOUT_CACHE=1: DSA packed-CP layout cache ACTIVE
WARNING:megatron.core.models.common.embeddings.rope_utils:BT_THD_ROPE_HOST_CACHE=1: THD RoPE cu_seqlens host cache ACTIVE
WARNING:megatron.core.models.common.embeddings.rope_utils:BT_THD_ROPE_HOST_CACHE=1: THD RoPE cu_seqlens host cache ACTIVE
WARNING:megatron.core.models.common.embeddings.rope_utils:BT_THD_ROPE_HOST_CACHE=1: THD RoPE cu_seqlens host cache ACTIVE
WARNING:megatron.core.models.common.embeddings.rope_utils:BT_THD_ROPE_HOST_CACHE=1: THD RoPE cu_seqlens host cache ACTIVE
WARNING:megatron.core.models.common.embeddings.rope_utils:BT_THD_ROPE_HOST_CACHE=1: THD RoPE cu_seqlens host cache ACTIVE
WARNING:megatron.core.models.common.embeddings.rope_utils:BT_THD_ROPE_HOST_CACHE=1: THD RoPE cu_seqlens host cache ACTIVE
WARNING:megatron.core.models.common.embeddings.rope_utils:BT_THD_ROPE_HOST_CACHE=1: THD RoPE cu_seqlens host cache ACTIVE
WARNING:megatron.core.models.common.embeddings.rope_utils:BT_THD_ROPE_HOST_CACHE=1: THD RoPE cu_seqlens host cache ACTIVE
WARNING:megatron.core.models.common.embeddings.rope_utils:BT_THD_ROPE_HOST_CACHE=1: THD RoPE cu_seqlens host cache ACTIVE
WARNING:megatron.core.transformer.experimental_attention_variant.dsa:BT_DSA_CP_LAYOUT_CACHE=1: DSA packed-CP layout cache ACTIVE
WARNING:megatron.core.transformer.experimental_attention_variant.dsa:BT_DSA_CP_LAYOUT_CACHE=1: DSA packed-CP layout cache ACTIVE
WARNING:megatron.core.transformer.experimental_attention_variant.dsa:BT_DSA_CP_LAYOUT_CACHE=1: DSA packed-CP layout cache ACTIVE
WARNING:megatron.core.transformer.experimental_attention_variant.dsa:BT_DSA_CP_LAYOUT_CACHE=1: DSA packed-CP layout cache ACTIVE
WARNING:megatron.core.transformer.experimental_attention_variant.dsa:BT_DSA_CP_LAYOUT_CACHE=1: DSA packed-CP layout cache ACTIVE
WARNING:megatron.core.transformer.experimental_attention_variant.dsa:BT_DSA_CP_LAYOUT_CACHE=1: DSA packed-CP layout cache ACTIVE
WARNING:megatron.core.transformer.experimental_attention_variant.dsa:BT_DSA_CP_LAYOUT_CACHE=1: DSA packed-CP layout cache ACTIVE
WARNING:megatron.core.transformer.experimental_attention_variant.dsa:BT_DSA_CP_LAYOUT_CACHE=1: DSA packed-CP layout cache ACTIVE
WARNING:megatron.core.transformer.experimental_attention_variant.dsa:BT_DSA_CP_LAYOUT_CACHE=1: DSA packed-CP layout cache ACTIVE
/root/.cache/user_artifacts/trainers_main/server/.venv/lib/python3.12/site-packages/torch/cuda/__init__.py:61: FutureWarning: The pynvml package is deprecated. Please install nvidia-ml-py instead. If you did not install pynvml directly, please report this to the maintainers of the package that installed pynvml for you.
  import pynvml  # type: ignore[import]
/root/.cache/user_artifacts/trainers_main/server/.venv/lib/python3.12/site-packages/torch/cuda/__init__.py:61: FutureWarning: The pynvml package is deprecated. Please install nvidia-ml-py instead. If you did not install pynvml directly, please report this to the maintainers of the package that installed pynvml for you.
  import pynvml  # type: ignore[import]
/root/.cache/user_artifacts/trainers_main/server/.venv/lib/python3.12/site-packages/torch/cuda/__init__.py:61: FutureWarning: The pynvml package is deprecated. Please install nvidia-ml-py instead. If you did not install pynvml directly, please report this to the maintainers of the package that installed pynvml for you.
  import pynvml  # type: ignore[import]
/root/.cache/user_artifacts/trainers_main/server/.venv/lib/python3.12/site-packages/torch/cuda/__init__.py:61: FutureWarning: The pynvml package is deprecated. Please install nvidia-ml-py instead. If you did not install pynvml directly, please report this to the maintainers of the package that installed pynvml for you.
  import pynvml  # type: ignore[import]
/root/.cache/user_artifacts/trainers_main/server/.venv/lib/python3.12/site-packages/torch/cuda/__init__.py:61: FutureWarning: The pynvml package is deprecated. Please install nvidia-ml-py instead. If you did not install pynvml directly, please report this to the maintainers of the package that installed pynvml for you.
  import pynvml  # type: ignore[import]
/root/.cache/user_artifacts/trainers_main/server/.venv/lib/python3.12/site-packages/torch/cuda/__init__.py:61: FutureWarning: The pynvml package is deprecated. Please install nvidia-ml-py instead. If you did not install pynvml directly, please report this to the maintainers of the package that installed pynvml for you.
  import pynvml  # type: ignore[import]
/root/.cache/user_artifacts/trainers_main/server/.venv/lib/python3.12/site-packages/torch/cuda/__init__.py:61: FutureWarning: The pynvml package is deprecated. Please install nvidia-ml-py instead. If you did not install pynvml directly, please report this to the maintainers of the package that installed pynvml for you.
  import pynvml  # type: ignore[import]
/root/.cache/user_artifacts/trainers_main/server/.venv/lib/python3.12/site-packages/torch/cuda/__init__.py:61: FutureWarning: The pynvml package is deprecated. Please install nvidia-ml-py instead. If you did not install pynvml directly, please report this to the maintainers of the package that installed pynvml for you.
  import pynvml  # type: ignore[import]
/root/.cache/user_artifacts/trainers_main/server/.venv/lib/python3.12/site-packages/torch/cuda/__init__.py:61: FutureWarning: The pynvml package is deprecated. Please install nvidia-ml-py instead. If you did not install pynvml directly, please report this to the maintainers of the package that installed pynvml for you.
  import pynvml  # type: ignore[import]
/root/.cache/user_artifacts/trainers_main/server/.venv/lib/python3.12/site-packages/torch/cuda/__init__.py:61: FutureWarning: The pynvml package is deprecated. Please install nvidia-ml-py instead. If you did not install pynvml directly, please report this to the maintainers of the package that installed pynvml for you.
  import pynvml  # type: ignore[import]
/root/.cache/user_artifacts/trainers_main/server/.venv/lib/python3.12/site-packages/torch/cuda/__init__.py:61: FutureWarning: The pynvml package is deprecated. Please install nvidia-ml-py instead. If you did not install pynvml directly, please report this to the maintainers of the package that installed pynvml for you.
  import pynvml  # type: ignore[import]
/root/.cache/user_artifacts/trainers_main/server/.venv/lib/python3.12/site-packages/torch/cuda/__init__.py:61: FutureWarning: The pynvml package is deprecated. Please install nvidia-ml-py instead. If you did not install pynvml directly, please report this to the maintainers of the package that installed pynvml for you.
  import pynvml  # type: ignore[import]
/root/.cache/user_artifacts/trainers_main/server/.venv/lib/python3.12/site-packages/torch/cuda/__init__.py:61: FutureWarning: The pynvml package is deprecated. Please install nvidia-ml-py instead. If you did not install pynvml directly, please report this to the maintainers of the package that installed pynvml for you.
  import pynvml  # type: ignore[import]
/root/.cache/user_artifacts/trainers_main/server/.venv/lib/python3.12/site-packages/torch/cuda/__init__.py:61: FutureWarning: The pynvml package is deprecated. Please install nvidia-ml-py instead. If you did not install pynvml directly, please report this to the maintainers of the package that installed pynvml for you.
  import pynvml  # type: ignore[import]
/root/.cache/user_artifacts/trainers_main/server/.venv/lib/python3.12/site-packages/torch/cuda/__init__.py:61: FutureWarning: The pynvml package is deprecated. Please install nvidia-ml-py instead. If you did not install pynvml directly, please report this to the maintainers of the package that installed pynvml for you.
  import pynvml  # type: ignore[import]
/root/.cache/user_artifacts/trainers_main/server/.venv/lib/python3.12/site-packages/torch/cuda/__init__.py:61: FutureWarning: The pynvml package is deprecated. Please install nvidia-ml-py instead. If you did not install pynvml directly, please report this to the maintainers of the package that installed pynvml for you.
  import pynvml  # type: ignore[import]
/root/.cache/user_artifacts/trainers_main/server/.venv/lib/python3.12/site-packages/nvidia_cutlass_dsl/python_packages/cutlass/cute/core.py:5791: DeprecationWarning: Use explicit `struct.scalar.ptr` for pointer instead.
  warnings.warn(
/root/.cache/user_artifacts/trainers_main/server/.venv/lib/python3.12/site-packages/nvidia_cutlass_dsl/python_packages/cutlass/cute/core.py:5791: DeprecationWarning: Use explicit `struct.scalar.ptr` for pointer instead.
  warnings.warn(
/root/.cache/user_artifacts/trainers_main/server/.venv/lib/python3.12/site-packages/nvidia_cutlass_dsl/python_packages/cutlass/cute/core.py:5791: DeprecationWarning: Use explicit `struct.scalar.ptr` for pointer instead.
  warnings.warn(
/root/.cache/user_artifacts/trainers_main/server/.venv/lib/python3.12/site-packages/nvidia_cutlass_dsl/python_packages/cutlass/cute/core.py:5791: DeprecationWarning: Use explicit `struct.scalar.ptr` for pointer instead.
  warnings.warn(
/root/.cache/user_artifacts/trainers_main/server/.venv/lib/python3.12/site-packages/nvidia_cutlass_dsl/python_packages/cutlass/cute/core.py:5791: DeprecationWarning: Use explicit `struct.scalar.ptr` for pointer instead.
  warnings.warn(
/root/.cache/user_artifacts/trainers_main/server/.venv/lib/python3.12/site-packages/nvidia_cutlass_dsl/python_packages/cutlass/cute/core.py:5791: DeprecationWarning: Use explicit `struct.scalar.ptr` for pointer instead.
  warnings.warn(
/root/.cache/user_artifacts/trainers_main/server/.venv/lib/python3.12/site-packages/nvidia_cutlass_dsl/python_packages/cutlass/cute/core.py:5791: DeprecationWarning: Use explicit `struct.scalar.ptr` for pointer instead.
  warnings.warn(
/root/.cache/user_artifacts/trainers_main/server/.venv/lib/python3.12/site-packages/nvidia_cutlass_dsl/python_packages/cutlass/cute/core.py:5791: DeprecationWarning: Use explicit `struct.scalar.ptr` for pointer instead.
  warnings.warn(
/root/.cache/user_artifacts/trainers_main/server/.venv/lib/python3.12/site-packages/nvidia_cutlass_dsl/python_packages/cutlass/cute/core.py:5791: DeprecationWarning: Use explicit `struct.scalar.ptr` for pointer instead.
  warnings.warn(
/root/.cache/user_artifacts/trainers_main/server/.venv/lib/python3.12/site-packages/nvidia_cutlass_dsl/python_packages/cutlass/cute/core.py:5791: DeprecationWarning: Use explicit `struct.scalar.ptr` for pointer instead.
  warnings.warn(
/root/.cache/user_artifacts/trainers_main/server/.venv/lib/python3.12/site-packages/nvidia_cutlass_dsl/python_packages/cutlass/cute/core.py:5791: DeprecationWarning: Use explicit `struct.scalar.ptr` for pointer instead.
  warnings.warn(
/root/.cache/user_artifacts/trainers_main/server/.venv/lib/python3.12/site-packages/nvidia_cutlass_dsl/python_packages/cutlass/cute/core.py:5791: DeprecationWarning: Use explicit `struct.scalar.ptr` for pointer instead.
  warnings.warn(
/root/.cache/user_artifacts/trainers_main/server/.venv/lib/python3.12/site-packages/nvidia_cutlass_dsl/python_packages/cutlass/cute/core.py:5791: DeprecationWarning: Use explicit `struct.scalar.ptr` for pointer instead.
  warnings.warn(
/root/.cache/user_artifacts/trainers_main/server/.venv/lib/python3.12/site-packages/nvidia_cutlass_dsl/python_packages/cutlass/cute/core.py:5791: DeprecationWarning: Use explicit `struct.scalar.ptr` for pointer instead.
  warnings.warn(
/root/.cache/user_artifacts/trainers_main/server/.venv/lib/python3.12/site-packages/nvidia_cutlass_dsl/python_packages/cutlass/cute/core.py:5791: DeprecationWarning: Use explicit `struct.scalar.ptr` for pointer instead.
  warnings.warn(
/root/.cache/user_artifacts/trainers_main/server/.venv/lib/python3.12/site-packages/nvidia_cutlass_dsl/python_packages/cutlass/cute/core.py:5791: DeprecationWarning: Use explicit `struct.scalar.ptr` for pointer instead.
  warnings.warn(
/root/.cache/user_artifacts/trainers_main/server/.venv/lib/python3.12/site-packages/nvidia_cutlass_dsl/python_packages/cutlass/cute/core.py:5791: DeprecationWarning: Use explicit `struct.scalar.ptr` for pointer instead.
  warnings.warn(
/root/.cache/user_artifacts/trainers_main/server/.venv/lib/python3.12/site-packages/nvidia_cutlass_dsl/python_packages/cutlass/cute/core.py:5791: DeprecationWarning: Use explicit `struct.scalar.ptr` for pointer instead.
  warnings.warn(
/root/.cache/user_artifacts/trainers_main/server/.venv/lib/python3.12/site-packages/nvidia_cutlass_dsl/python_packages/cutlass/cute/core.py:5791: DeprecationWarning: Use explicit `struct.scalar.ptr` for pointer instead.
  warnings.warn(
/root/.cache/user_artifacts/trainers_main/server/.venv/lib/python3.12/site-packages/nvidia_cutlass_dsl/python_packages/cutlass/cute/core.py:5791: DeprecationWarning: Use explicit `struct.scalar.ptr` for pointer instead.
  warnings.warn(
/root/.cache/user_artifacts/trainers_main/server/.venv/lib/python3.12/site-packages/nvidia_cutlass_dsl/python_packages/cutlass/cute/core.py:5791: DeprecationWarning: Use explicit `struct.scalar.ptr` for pointer instead.
  warnings.warn(
/root/.cache/user_artifacts/trainers_main/server/.venv/lib/python3.12/site-packages/nvidia_cutlass_dsl/python_packages/cutlass/cute/core.py:5791: DeprecationWarning: Use explicit `struct.scalar.ptr` for pointer instead.
  warnings.warn(
/root/.cache/user_artifacts/trainers_main/server/.venv/lib/python3.12/site-packages/nvidia_cutlass_dsl/python_packages/cutlass/cute/core.py:5791: DeprecationWarning: Use explicit `struct.scalar.ptr` for pointer instead.
  warnings.warn(
/root/.cache/user_artifacts/trainers_main/server/.venv/lib/python3.12/site-packages/nvidia_cutlass_dsl/python_packages/cutlass/cute/core.py:5791: DeprecationWarning: Use explicit `struct.scalar.ptr` for pointer instead.
  warnings.warn(
/root/.cache/user_artifacts/trainers_main/server/.venv/lib/python3.12/site-packages/nvidia_cutlass_dsl/python_packages/cutlass/cute/core.py:5791: DeprecationWarning: Use explicit `struct.scalar.ptr` for pointer instead.
  warnings.warn(
/root/.cache/user_artifacts/trainers_main/server/.venv/lib/python3.12/site-packages/nvidia_cutlass_dsl/python_packages/cutlass/cute/core.py:5791: DeprecationWarning: Use explicit `struct.scalar.ptr` for pointer instead.
  warnings.warn(
/root/.cache/user_artifacts/trainers_main/server/.venv/lib/python3.12/site-packages/nvidia_cutlass_dsl/python_packages/cutlass/cute/core.py:5791: DeprecationWarning: Use explicit `struct.scalar.ptr` for pointer instead.
  warnings.warn(
/root/.cache/user_artifacts/trainers_main/server/.venv/lib/python3.12/site-packages/nvidia_cutlass_dsl/python_packages/cutlass/cute/core.py:5791: DeprecationWarning: Use explicit `struct.scalar.ptr` for pointer instead.
  warnings.warn(
/root/.cache/user_artifacts/trainers_main/server/.venv/lib/python3.12/site-packages/nvidia_cutlass_dsl/python_packages/cutlass/cute/core.py:5791: DeprecationWarning: Use explicit `struct.scalar.ptr` for pointer instead.
  warnings.warn(
/root/.cache/user_artifacts/trainers_main/server/.venv/lib/python3.12/site-packages/nvidia_cutlass_dsl/python_packages/cutlass/cute/core.py:5791: DeprecationWarning: Use explicit `struct.scalar.ptr` for pointer instead.
  warnings.warn(
/root/.cache/user_artifacts/trainers_main/server/.venv/lib/python3.12/site-packages/nvidia_cutlass_dsl/python_packages/cutlass/cute/core.py:5791: DeprecationWarning: Use explicit `struct.scalar.ptr` for pointer instead.
  warnings.warn(
/root/.cache/user_artifacts/trainers_main/server/.venv/lib/python3.12/site-packages/nvidia_cutlass_dsl/python_packages/cutlass/cute/core.py:5791: DeprecationWarning: Use explicit `struct.scalar.ptr` for pointer instead.
  warnings.warn(
/root/.cache/user_artifacts/trainers_main/server/vendor/megatron-bridge/3rdparty/Megatron-LM/megatron/core/models/backends.py:34: UserWarning: Apex is not installed. Falling back to Torch Norm
  warnings.warn("Apex is not installed. Falling back to Torch Norm")
/root/.cache/user_artifacts/trainers_main/server/vendor/megatron-bridge/3rdparty/Megatron-LM/megatron/core/models/gpt/gpt_layer_specs.py:74: UserWarning: Apex is not installed. Falling back to Torch Norm
  warnings.warn("Apex is not installed. Falling back to Torch Norm")
/root/.cache/user_artifacts/trainers_main/server/vendor/megatron-bridge/3rdparty/Megatron-LM/megatron/core/models/backends.py:34: UserWarning: Apex is not installed. Falling back to Torch Norm
  warnings.warn("Apex is not installed. Falling back to Torch Norm")
/root/.cache/user_artifacts/trainers_main/server/vendor/megatron-bridge/3rdparty/Megatron-LM/megatron/core/models/gpt/gpt_layer_specs.py:74: UserWarning: Apex is not installed. Falling back to Torch Norm
  warnings.warn("Apex is not installed. Falling back to Torch Norm")
/root/.cache/user_artifacts/trainers_main/server/vendor/megatron-bridge/3rdparty/Megatron-LM/megatron/core/models/backends.py:34: UserWarning: Apex is not installed. Falling back to Torch Norm
  warnings.warn("Apex is not installed. Falling back to Torch Norm")
/root/.cache/user_artifacts/trainers_main/server/vendor/megatron-bridge/3rdparty/Megatron-LM/megatron/core/models/backends.py:34: UserWarning: Apex is not installed. Falling back to Torch Norm
  warnings.warn("Apex is not installed. Falling back to Torch Norm")
/root/.cache/user_artifacts/trainers_main/server/vendor/megatron-bridge/3rdparty/Megatron-LM/megatron/core/models/backends.py:34: UserWarning: Apex is not installed. Falling back to Torch Norm
  warnings.warn("Apex is not installed. Falling back to Torch Norm")
/root/.cache/user_artifacts/trainers_main/server/vendor/megatron-bridge/3rdparty/Megatron-LM/megatron/core/models/backends.py:34: UserWarning: Apex is not installed. Falling back to Torch Norm
  warnings.warn("Apex is not installed. Falling back to Torch Norm")
/root/.cache/user_artifacts/trainers_main/server/vendor/megatron-bridge/3rdparty/Megatron-LM/megatron/core/models/backends.py:34: UserWarning: Apex is not installed. Falling back to Torch Norm
  warnings.warn("Apex is not installed. Falling back to Torch Norm")
/root/.cache/user_artifacts/trainers_main/server/vendor/megatron-bridge/3rdparty/Megatron-LM/megatron/core/models/backends.py:34: UserWarning: Apex is not installed. Falling back to Torch Norm
  warnings.warn("Apex is not installed. Falling back to Torch Norm")
/root/.cache/user_artifacts/trainers_main/server/vendor/megatron-bridge/3rdparty/Megatron-LM/megatron/core/models/gpt/gpt_layer_specs.py:74: UserWarning: Apex is not installed. Falling back to Torch Norm
  warnings.warn("Apex is not installed. Falling back to Torch Norm")
/root/.cache/user_artifacts/trainers_main/server/vendor/megatron-bridge/3rdparty/Megatron-LM/megatron/core/models/gpt/gpt_layer_specs.py:74: UserWarning: Apex is not installed. Falling back to Torch Norm
  warnings.warn("Apex is not installed. Falling back to Torch Norm")
/root/.cache/user_artifacts/trainers_main/server/vendor/megatron-bridge/3rdparty/Megatron-LM/megatron/core/models/gpt/gpt_layer_specs.py:74: UserWarning: Apex is not installed. Falling back to Torch Norm
  warnings.warn("Apex is not installed. Falling back to Torch Norm")
/root/.cache/user_artifacts/trainers_main/server/vendor/megatron-bridge/3rdparty/Megatron-LM/megatron/core/models/gpt/gpt_layer_specs.py:74: UserWarning: Apex is not installed. Falling back to Torch Norm
  warnings.warn("Apex is not installed. Falling back to Torch Norm")
/root/.cache/user_artifacts/trainers_main/server/vendor/megatron-bridge/3rdparty/Megatron-LM/megatron/core/models/gpt/gpt_layer_specs.py:74: UserWarning: Apex is not installed. Falling back to Torch Norm
  warnings.warn("Apex is not installed. Falling back to Torch Norm")
/root/.cache/user_artifacts/trainers_main/server/vendor/megatron-bridge/3rdparty/Megatron-LM/megatron/core/models/gpt/gpt_layer_specs.py:74: UserWarning: Apex is not installed. Falling back to Torch Norm
  warnings.warn("Apex is not installed. Falling back to Torch Norm")
/root/.cache/user_artifacts/trainers_main/server/vendor/megatron-bridge/3rdparty/Megatron-LM/megatron/core/models/backends.py:34: UserWarning: Apex is not installed. Falling back to Torch Norm
  warnings.warn("Apex is not installed. Falling back to Torch Norm")
/root/.cache/user_artifacts/trainers_main/server/vendor/megatron-bridge/3rdparty/Megatron-LM/megatron/core/models/backends.py:34: UserWarning: Apex is not installed. Falling back to Torch Norm
  warnings.warn("Apex is not installed. Falling back to Torch Norm")
/root/.cache/user_artifacts/trainers_main/server/vendor/megatron-bridge/3rdparty/Megatron-LM/megatron/core/models/gpt/gpt_layer_specs.py:74: UserWarning: Apex is not installed. Falling back to Torch Norm
  warnings.warn("Apex is not installed. Falling back to Torch Norm")
/root/.cache/user_artifacts/trainers_main/server/vendor/megatron-bridge/3rdparty/Megatron-LM/megatron/core/models/gpt/gpt_layer_specs.py:74: UserWarning: Apex is not installed. Falling back to Torch Norm
  warnings.warn("Apex is not installed. Falling back to Torch Norm")
/root/.cache/user_artifacts/trainers_main/server/vendor/megatron-bridge/3rdparty/Megatron-LM/megatron/core/models/backends.py:34: UserWarning: Apex is not installed. Falling back to Torch Norm
  warnings.warn("Apex is not installed. Falling back to Torch Norm")
/root/.cache/user_artifacts/trainers_main/server/vendor/megatron-bridge/3rdparty/Megatron-LM/megatron/core/models/gpt/gpt_layer_specs.py:74: UserWarning: Apex is not installed. Falling back to Torch Norm
  warnings.warn("Apex is not installed. Falling back to Torch Norm")
/root/.cache/user_artifacts/trainers_main/server/vendor/megatron-bridge/3rdparty/Megatron-LM/megatron/core/models/backends.py:34: UserWarning: Apex is not installed. Falling back to Torch Norm
  warnings.warn("Apex is not installed. Falling back to Torch Norm")
/root/.cache/user_artifacts/trainers_main/server/vendor/megatron-bridge/3rdparty/Megatron-LM/megatron/core/models/gpt/gpt_layer_specs.py:74: UserWarning: Apex is not installed. Falling back to Torch Norm
  warnings.warn("Apex is not installed. Falling back to Torch Norm")
/root/.cache/user_artifacts/trainers_main/server/vendor/megatron-bridge/3rdparty/Megatron-LM/megatron/core/models/backends.py:34: UserWarning: Apex is not installed. Falling back to Torch Norm
  warnings.warn("Apex is not installed. Falling back to Torch Norm")
/root/.cache/user_artifacts/trainers_main/server/vendor/megatron-bridge/3rdparty/Megatron-LM/megatron/core/models/gpt/gpt_layer_specs.py:74: UserWarning: Apex is not installed. Falling back to Torch Norm
  warnings.warn("Apex is not installed. Falling back to Torch Norm")
/root/.cache/user_artifacts/trainers_main/server/vendor/megatron-bridge/3rdparty/Megatron-LM/megatron/core/models/backends.py:34: UserWarning: Apex is not installed. Falling back to Torch Norm
  warnings.warn("Apex is not installed. Falling back to Torch Norm")
/root/.cache/user_artifacts/trainers_main/server/vendor/megatron-bridge/3rdparty/Megatron-LM/megatron/core/models/gpt/gpt_layer_specs.py:74: UserWarning: Apex is not installed. Falling back to Torch Norm
  warnings.warn("Apex is not installed. Falling back to Torch Norm")
/root/.cache/user_artifacts/trainers_main/server/vendor/megatron-bridge/3rdparty/Megatron-LM/megatron/core/models/backends.py:34: UserWarning: Apex is not installed. Falling back to Torch Norm
  warnings.warn("Apex is not installed. Falling back to Torch Norm")
/root/.cache/user_artifacts/trainers_main/server/vendor/megatron-bridge/3rdparty/Megatron-LM/megatron/core/models/gpt/gpt_layer_specs.py:74: UserWarning: Apex is not installed. Falling back to Torch Norm
  warnings.warn("Apex is not installed. Falling back to Torch Norm")
WARNING:megatron.core.transformer.experimental_attention_variant.dsa_cudnn_kernels:BT_DSA_BWD_ASYNC_NONEMPTY present but DISABLED (env unset or != '1'); using the original syncing nonzero path
WARNING:megatron.core.transformer.experimental_attention_variant.dsa_cudnn_kernels:BT_DSA_BWD_ASYNC_NONEMPTY present but DISABLED (env unset or != '1'); using the original syncing nonzero path
WARNING:megatron.core.transformer.experimental_attention_variant.dsa_cudnn_kernels:BT_DSA_BWD_ASYNC_NONEMPTY present but DISABLED (env unset or != '1'); using the original syncing nonzero path
WARNING:megatron.core.transformer.experimental_attention_variant.dsa_cudnn_kernels:BT_DSA_BWD_ASYNC_NONEMPTY present but DISABLED (env unset or != '1'); using the original syncing nonzero path
WARNING:megatron.core.transformer.experimental_attention_variant.dsa_cudnn_kernels:BT_DSA_BWD_ASYNC_NONEMPTY present but DISABLED (env unset or != '1'); using the original syncing nonzero path
WARNING:megatron.core.transformer.experimental_attention_variant.dsa_cudnn_kernels:BT_DSA_BWD_ASYNC_NONEMPTY present but DISABLED (env unset or != '1'); using the original syncing nonzero path
WARNING:megatron.core.transformer.experimental_attention_variant.dsa_cudnn_kernels:BT_DSA_BWD_ASYNC_NONEMPTY present but DISABLED (env unset or != '1'); using the original syncing nonzero path
WARNING:megatron.core.transformer.experimental_attention_variant.dsa_cudnn_kernels:BT_DSA_BWD_ASYNC_NONEMPTY present but DISABLED (env unset or != '1'); using the original syncing nonzero path
WARNING:megatron.core.transformer.experimental_attention_variant.dsa_cudnn_kernels:BT_DSA_BWD_ASYNC_NONEMPTY present but DISABLED (env unset or != '1'); using the original syncing nonzero path
WARNING:megatron.core.transformer.experimental_attention_variant.dsa_cudnn_kernels:BT_DSA_BWD_ASYNC_NONEMPTY present but DISABLED (env unset or != '1'); using the original syncing nonzero path
WARNING:megatron.core.transformer.experimental_attention_variant.dsa_cudnn_kernels:BT_DSA_BWD_ASYNC_NONEMPTY present but DISABLED (env unset or != '1'); using the original syncing nonzero path
WARNING:megatron.core.transformer.experimental_attention_variant.dsa_cudnn_kernels:BT_DSA_BWD_ASYNC_NONEMPTY present but DISABLED (env unset or != '1'); using the original syncing nonzero path
WARNING:megatron.core.transformer.experimental_attention_variant.dsa_cudnn_kernels:BT_DSA_BWD_ASYNC_NONEMPTY present but DISABLED (env unset or != '1'); using the original syncing nonzero path
WARNING:megatron.core.transformer.experimental_attention_variant.dsa_cudnn_kernels:BT_DSA_BWD_ASYNC_NONEMPTY present but DISABLED (env unset or != '1'); using the original syncing nonzero path
WARNING:megatron.core.transformer.experimental_attention_variant.dsa_cudnn_kernels:BT_DSA_BWD_ASYNC_NONEMPTY present but DISABLED (env unset or != '1'); using the original syncing nonzero path
WARNING:megatron.core.transformer.experimental_attention_variant.dsa_cudnn_kernels:BT_DSA_BWD_ASYNC_NONEMPTY present but DISABLED (env unset or != '1'); using the original syncing nonzero path
WARNING:megatron.core.transformer.moe.token_dispatcher:BT_MOE_DISPATCH_REPLAY_CACHE=1: MoE dispatcher replay-metadata cache ACTIVE
WARNING:megatron.core.transformer.moe.token_dispatcher:BT_MOE_DISPATCH_REPLAY_CACHE=1: MoE dispatcher replay-metadata cache ACTIVE
WARNING:megatron.core.transformer.moe.token_dispatcher:BT_MOE_DISPATCH_REPLAY_CACHE=1: MoE dispatcher replay-metadata cache ACTIVE
WARNING:megatron.core.transformer.moe.token_dispatcher:BT_MOE_DISPATCH_REPLAY_CACHE=1: MoE dispatcher replay-metadata cache ACTIVE
WARNING:megatron.core.transformer.moe.token_dispatcher:BT_MOE_DISPATCH_REPLAY_CACHE=1: MoE dispatcher replay-metadata cache ACTIVE
WARNING:megatron.core.transformer.moe.token_dispatcher:BT_MOE_DISPATCH_REPLAY_CACHE=1: MoE dispatcher replay-metadata cache ACTIVE
WARNING:megatron.core.transformer.moe.token_dispatcher:BT_MOE_DISPATCH_REPLAY_CACHE=1: MoE dispatcher replay-metadata cache ACTIVE
WARNING:megatron.core.transformer.moe.token_dispatcher:BT_MOE_DISPATCH_REPLAY_CACHE=1: MoE dispatcher replay-metadata cache ACTIVE
WARNING:megatron.core.transformer.moe.token_dispatcher:BT_MOE_DISPATCH_REPLAY_CACHE=1: MoE dispatcher replay-metadata cache ACTIVE
WARNING:megatron.core.transformer.moe.token_dispatcher:BT_MOE_DISPATCH_REPLAY_CACHE=1: MoE dispatcher replay-metadata cache ACTIVE
WARNING:megatron.core.transformer.moe.token_dispatcher:BT_MOE_DISPATCH_REPLAY_CACHE=1: MoE dispatcher replay-metadata cache ACTIVE
WARNING:megatron.core.transformer.moe.token_dispatcher:BT_MOE_DISPATCH_REPLAY_CACHE=1: MoE dispatcher replay-metadata cache ACTIVE
WARNING:megatron.core.transformer.moe.token_dispatcher:BT_MOE_DISPATCH_REPLAY_CACHE=1: MoE dispatcher replay-metadata cache ACTIVE
WARNING:megatron.core.transformer.moe.token_dispatcher:BT_MOE_DISPATCH_REPLAY_CACHE=1: MoE dispatcher replay-metadata cache ACTIVE
WARNING:megatron.core.transformer.moe.token_dispatcher:BT_MOE_DISPATCH_REPLAY_CACHE=1: MoE dispatcher replay-metadata cache ACTIVE
WARNING:megatron.core.transformer.moe.token_dispatcher:BT_MOE_DISPATCH_REPLAY_CACHE=1: MoE dispatcher replay-metadata cache ACTIVE
/root/.cache/user_artifacts/trainers_main/server/vendor/megatron-bridge/3rdparty/Megatron-LM/megatron/core/models/backends.py:34: UserWarning: Apex is not installed. Falling back to Torch Norm
  warnings.warn("Apex is not installed. Falling back to Torch Norm")
/root/.cache/user_artifacts/trainers_main/server/vendor/megatron-bridge/3rdparty/Megatron-LM/megatron/core/models/gpt/gpt_layer_specs.py:74: UserWarning: Apex is not installed. Falling back to Torch Norm
  warnings.warn("Apex is not installed. Falling back to Torch Norm")
WARNING:megatron.core.transformer.moe.token_dispatcher:BT_MOE_DISPATCH_REPLAY_CACHE_VERIFY=1: replay-metadata verify mode ACTIVE (every replay also recomputes the metadata and asserts bitwise equality; validation soaks only — no performance benefit)
WARNING:megatron.core.transformer.moe.token_dispatcher:BT_MOE_DISPATCH_REPLAY_CACHE: armed — first replay-metadata entry stored
WARNING:megatron.core.transformer.moe.token_dispatcher:BT_MOE_DISPATCH_REPLAY_CACHE_VERIFY=1: replay-metadata verify mode ACTIVE (every replay also recomputes the metadata and asserts bitwise equality; validation soaks only — no performance benefit)
WARNING:megatron.core.transformer.moe.token_dispatcher:BT_MOE_DISPATCH_REPLAY_CACHE: armed — first replay-metadata entry stored
WARNING:megatron.core.transformer.moe.token_dispatcher:BT_MOE_DISPATCH_REPLAY_CACHE_VERIFY=1: replay-metadata verify mode ACTIVE (every replay also recomputes the metadata and asserts bitwise equality; validation soaks only — no performance benefit)
WARNING:megatron.core.transformer.moe.token_dispatcher:BT_MOE_DISPATCH_REPLAY_CACHE: armed — first replay-metadata entry stored
WARNING:megatron.core.transformer.moe.token_dispatcher:BT_MOE_DISPATCH_REPLAY_CACHE_VERIFY=1: replay-metadata verify mode ACTIVE (every replay also recomputes the metadata and asserts bitwise equality; validation soaks only — no performance benefit)
WARNING:megatron.core.transformer.moe.token_dispatcher:BT_MOE_DISPATCH_REPLAY_CACHE: armed — first replay-metadata entry stored
WARNING:megatron.core.transformer.moe.token_dispatcher:BT_MOE_DISPATCH_REPLAY_CACHE_VERIFY=1: replay-metadata verify mode ACTIVE (every replay also recomputes the metadata and asserts bitwise equality; validation soaks only — no performance benefit)
WARNING:megatron.core.transformer.moe.token_dispatcher:BT_MOE_DISPATCH_REPLAY_CACHE: armed — first replay-metadata entry stored
WARNING:megatron.core.transformer.moe.token_dispatcher:BT_MOE_DISPATCH_REPLAY_CACHE_VERIFY=1: replay-metadata verify mode ACTIVE (every replay also recomputes the metadata and asserts bitwise equality; validation soaks only — no performance benefit)
WARNING:megatron.core.transformer.moe.token_dispatcher:BT_MOE_DISPATCH_REPLAY_CACHE: armed — first replay-metadata entry stored
WARNING:megatron.core.transformer.moe.token_dispatcher:BT_MOE_DISPATCH_REPLAY_CACHE_VERIFY=1: replay-metadata verify mode ACTIVE (every replay also recomputes the metadata and asserts bitwise equality; validation soaks only — no performance benefit)
WARNING:megatron.core.transformer.moe.token_dispatcher:BT_MOE_DISPATCH_REPLAY_CACHE: armed — first replay-metadata entry stored
WARNING:megatron.core.transformer.moe.token_dispatcher:BT_MOE_DISPATCH_REPLAY_CACHE_VERIFY=1: replay-metadata verify mode ACTIVE (every replay also recomputes the metadata and asserts bitwise equality; validation soaks only — no performance benefit)
WARNING:megatron.core.transformer.moe.token_dispatcher:BT_MOE_DISPATCH_REPLAY_CACHE: armed — first replay-metadata entry stored
WARNING:megatron.core.transformer.moe.token_dispatcher:BT_MOE_DISPATCH_REPLAY_CACHE_VERIFY=1: replay-metadata verify mode ACTIVE (every replay also recomputes the metadata and asserts bitwise equality; validation soaks only — no performance benefit)
WARNING:megatron.core.transformer.moe.token_dispatcher:BT_MOE_DISPATCH_REPLAY_CACHE: armed — first replay-metadata entry stored
WARNING:megatron.core.transformer.moe.token_dispatcher:BT_MOE_DISPATCH_REPLAY_CACHE_VERIFY=1: replay-metadata verify mode ACTIVE (every replay also recomputes the metadata and asserts bitwise equality; validation soaks only — no performance benefit)
WARNING:megatron.core.transformer.moe.token_dispatcher:BT_MOE_DISPATCH_REPLAY_CACHE: armed — first replay-metadata entry stored
WARNING:megatron.core.transformer.moe.token_dispatcher:BT_MOE_DISPATCH_REPLAY_CACHE_VERIFY=1: replay-metadata verify mode ACTIVE (every replay also recomputes the metadata and asserts bitwise equality; validation soaks only — no performance benefit)
WARNING:megatron.core.transformer.moe.token_dispatcher:BT_MOE_DISPATCH_REPLAY_CACHE: armed — first replay-metadata entry stored
WARNING:megatron.core.transformer.moe.token_dispatcher:BT_MOE_DISPATCH_REPLAY_CACHE_VERIFY=1: replay-metadata verify mode ACTIVE (every replay also recomputes the metadata and asserts bitwise equality; validation soaks only — no performance benefit)
WARNING:megatron.core.transformer.moe.token_dispatcher:BT_MOE_DISPATCH_REPLAY_CACHE: armed — first replay-metadata entry stored
WARNING:megatron.core.transformer.moe.token_dispatcher:BT_MOE_DISPATCH_REPLAY_CACHE_VERIFY=1: replay-metadata verify mode ACTIVE (every replay also recomputes the metadata and asserts bitwise equality; validation soaks only — no performance benefit)
WARNING:megatron.core.transformer.moe.token_dispatcher:BT_MOE_DISPATCH_REPLAY_CACHE: armed — first replay-metadata entry stored
WARNING:megatron.core.transformer.moe.token_dispatcher:BT_MOE_DISPATCH_REPLAY_CACHE_VERIFY=1: replay-metadata verify mode ACTIVE (every replay also recomputes the metadata and asserts bitwise equality; validation soaks only — no performance benefit)
WARNING:megatron.core.transformer.moe.token_dispatcher:BT_MOE_DISPATCH_REPLAY_CACHE: armed — first replay-metadata entry stored
WARNING:megatron.core.transformer.moe.token_dispatcher:BT_MOE_DISPATCH_REPLAY_CACHE_VERIFY=1: replay-metadata verify mode ACTIVE (every replay also recomputes the metadata and asserts bitwise equality; validation soaks only — no performance benefit)
WARNING:megatron.core.transformer.moe.token_dispatcher:BT_MOE_DISPATCH_REPLAY_CACHE: armed — first replay-metadata entry stored
WARNING:megatron.core.transformer.moe.token_dispatcher:BT_MOE_DISPATCH_REPLAY_CACHE_VERIFY=1: replay-metadata verify mode ACTIVE (every replay also recomputes the metadata and asserts bitwise equality; validation soaks only — no performance benefit)
WARNING:megatron.core.transformer.moe.token_dispatcher:BT_MOE_DISPATCH_REPLAY_CACHE: armed — first replay-metadata entry stored
/root/.cache/user_artifacts/trainers_main/server/.venv/lib/python3.12/site-packages/modelopt/torch/__init__.py:53: UserWarning: transformers>=5.0 support is experimental. Unified Hugging Face checkpoint export for quantized checkpoints may not work for some models yet.
  _warnings.warn(
/root/.cache/user_artifacts/trainers_main/server/.venv/lib/python3.12/site-packages/modelopt/torch/__init__.py:53: UserWarning: transformers>=5.0 support is experimental. Unified Hugging Face checkpoint export for quantized checkpoints may not work for some models yet.
  _warnings.warn(
/root/.cache/user_artifacts/trainers_main/server/.venv/lib/python3.12/site-packages/modelopt/torch/__init__.py:53: UserWarning: transformers>=5.0 support is experimental. Unified Hugging Face checkpoint export for quantized checkpoints may not work for some models yet.
  _warnings.warn(
/root/.cache/user_artifacts/trainers_main/server/.venv/lib/python3.12/site-packages/modelopt/torch/__init__.py:53: UserWarning: transformers>=5.0 support is experimental. Unified Hugging Face checkpoint export for quantized checkpoints may not work for some models yet.
  _warnings.warn(
/root/.cache/user_artifacts/trainers_main/server/.venv/lib/python3.12/site-packages/modelopt/torch/__init__.py:53: UserWarning: transformers>=5.0 support is experimental. Unified Hugging Face checkpoint export for quantized checkpoints may not work for some models yet.
  _warnings.warn(
/root/.cache/user_artifacts/trainers_main/server/.venv/lib/python3.12/site-packages/modelopt/torch/__init__.py:53: UserWarning: transformers>=5.0 support is experimental. Unified Hugging Face checkpoint export for quantized checkpoints may not work for some models yet.
  _warnings.warn(
/root/.cache/user_artifacts/trainers_main/server/.venv/lib/python3.12/site-packages/modelopt/torch/__init__.py:53: UserWarning: transformers>=5.0 support is experimental. Unified Hugging Face checkpoint export for quantized checkpoints may not work for some models yet.
  _warnings.warn(
/root/.cache/user_artifacts/trainers_main/server/vendor/megatron-bridge/3rdparty/Megatron-LM/megatron/core/models/gpt/heterogeneous/heterogeneous_layer_specs.py:68: UserWarning: Apex is not installed. Falling back to Torch Norm
  warnings.warn("Apex is not installed. Falling back to Torch Norm")
/root/.cache/user_artifacts/trainers_main/server/vendor/megatron-bridge/3rdparty/Megatron-LM/megatron/core/models/gpt/heterogeneous/heterogeneous_layer_specs.py:68: UserWarning: Apex is not installed. Falling back to Torch Norm
  warnings.warn("Apex is not installed. Falling back to Torch Norm")
/root/.cache/user_artifacts/trainers_main/server/vendor/megatron-bridge/3rdparty/Megatron-LM/megatron/core/models/gpt/heterogeneous/heterogeneous_layer_specs.py:68: UserWarning: Apex is not installed. Falling back to Torch Norm
  warnings.warn("Apex is not installed. Falling back to Torch Norm")
/root/.cache/user_artifacts/trainers_main/server/vendor/megatron-bridge/3rdparty/Megatron-LM/megatron/core/models/gpt/heterogeneous/heterogeneous_layer_specs.py:68: UserWarning: Apex is not installed. Falling back to Torch Norm
  warnings.warn("Apex is not installed. Falling back to Torch Norm")
/root/.cache/user_artifacts/trainers_main/server/vendor/megatron-bridge/3rdparty/Megatron-LM/megatron/core/models/gpt/heterogeneous/heterogeneous_layer_specs.py:68: UserWarning: Apex is not installed. Falling back to Torch Norm
  warnings.warn("Apex is not installed. Falling back to Torch Norm")
/root/.cache/user_artifacts/trainers_main/server/vendor/megatron-bridge/3rdparty/Megatron-LM/megatron/core/models/gpt/heterogeneous/heterogeneous_layer_specs.py:68: UserWarning: Apex is not installed. Falling back to Torch Norm
  warnings.warn("Apex is not installed. Falling back to Torch Norm")
/root/.cache/user_artifacts/trainers_main/server/vendor/megatron-bridge/3rdparty/Megatron-LM/megatron/core/models/gpt/heterogeneous/heterogeneous_layer_specs.py:68: UserWarning: Apex is not installed. Falling back to Torch Norm
  warnings.warn("Apex is not installed. Falling back to Torch Norm")
/root/.cache/user_artifacts/trainers_main/server/.venv/lib/python3.12/site-packages/modelopt/torch/__init__.py:53: UserWarning: transformers>=5.0 support is experimental. Unified Hugging Face checkpoint export for quantized checkpoints may not work for some models yet.
  _warnings.warn(
/root/.cache/user_artifacts/trainers_main/server/vendor/megatron-bridge/3rdparty/Megatron-LM/megatron/core/models/gpt/heterogeneous/heterogeneous_layer_specs.py:68: UserWarning: Apex is not installed. Falling back to Torch Norm
  warnings.warn("Apex is not installed. Falling back to Torch Norm")
/root/.cache/user_artifacts/trainers_main/server/vendor/megatron-bridge/3rdparty/Megatron-LM/megatron/core/models/vision/vit_layer_specs.py:31: UserWarning: Apex is not installed. Falling back to Torch Norm
  warnings.warn("Apex is not installed. Falling back to Torch Norm")
/root/.cache/user_artifacts/trainers_main/server/vendor/megatron-bridge/3rdparty/Megatron-LM/megatron/core/models/vision/vit_layer_specs.py:31: UserWarning: Apex is not installed. Falling back to Torch Norm
  warnings.warn("Apex is not installed. Falling back to Torch Norm")
/root/.cache/user_artifacts/trainers_main/server/vendor/megatron-bridge/3rdparty/Megatron-LM/megatron/core/models/vision/vit_layer_specs.py:31: UserWarning: Apex is not installed. Falling back to Torch Norm
  warnings.warn("Apex is not installed. Falling back to Torch Norm")
/root/.cache/user_artifacts/trainers_main/server/vendor/megatron-bridge/3rdparty/Megatron-LM/megatron/core/models/vision/vit_layer_specs.py:31: UserWarning: Apex is not installed. Falling back to Torch Norm
  warnings.warn("Apex is not installed. Falling back to Torch Norm")
/root/.cache/user_artifacts/trainers_main/server/vendor/megatron-bridge/3rdparty/Megatron-LM/megatron/core/models/vision/vit_layer_specs.py:31: UserWarning: Apex is not installed. Falling back to Torch Norm
  warnings.warn("Apex is not installed. Falling back to Torch Norm")
/root/.cache/user_artifacts/trainers_main/server/vendor/megatron-bridge/3rdparty/Megatron-LM/megatron/core/models/vision/vit_layer_specs.py:31: UserWarning: Apex is not installed. Falling back to Torch Norm
  warnings.warn("Apex is not installed. Falling back to Torch Norm")
/root/.cache/user_artifacts/trainers_main/server/vendor/megatron-bridge/3rdparty/Megatron-LM/megatron/core/models/vision/vit_layer_specs.py:31: UserWarning: Apex is not installed. Falling back to Torch Norm
  warnings.warn("Apex is not installed. Falling back to Torch Norm")
/root/.cache/user_artifacts/trainers_main/server/vendor/megatron-bridge/3rdparty/Megatron-LM/megatron/core/models/vision/vit_layer_specs.py:31: UserWarning: Apex is not installed. Falling back to Torch Norm
  warnings.warn("Apex is not installed. Falling back to Torch Norm")
/root/.cache/user_artifacts/trainers_main/server/.venv/lib/python3.12/site-packages/modelopt/torch/__init__.py:53: UserWarning: transformers>=5.0 support is experimental. Unified Hugging Face checkpoint export for quantized checkpoints may not work for some models yet.
  _warnings.warn(
/root/.cache/user_artifacts/trainers_main/server/vendor/megatron-bridge/3rdparty/Megatron-LM/megatron/core/models/gpt/heterogeneous/heterogeneous_layer_specs.py:68: UserWarning: Apex is not installed. Falling back to Torch Norm
  warnings.warn("Apex is not installed. Falling back to Torch Norm")
/root/.cache/user_artifacts/trainers_main/server/vendor/megatron-bridge/3rdparty/Megatron-LM/megatron/core/models/vision/vit_layer_specs.py:31: UserWarning: Apex is not installed. Falling back to Torch Norm
  warnings.warn("Apex is not installed. Falling back to Torch Norm")
/root/.cache/user_artifacts/trainers_main/server/vendor/megatron-bridge/3rdparty/Megatron-LM/megatron/core/models/mimo/config/base_configs.py:12: UserWarning: MimoModelConfig is experimental and still under active development. The API may change without notice in future releases.
  class MimoModelConfig:
/root/.cache/user_artifacts/trainers_main/server/.venv/lib/python3.12/site-packages/modelopt/torch/__init__.py:53: UserWarning: transformers>=5.0 support is experimental. Unified Hugging Face checkpoint export for quantized checkpoints may not work for some models yet.
  _warnings.warn(
/root/.cache/user_artifacts/trainers_main/server/vendor/megatron-bridge/3rdparty/Megatron-LM/megatron/core/models/mimo/config/base_configs.py:12: UserWarning: MimoModelConfig is experimental and still under active development. The API may change without notice in future releases.
  class MimoModelConfig:
/root/.cache/user_artifacts/trainers_main/server/vendor/megatron-bridge/3rdparty/Megatron-LM/megatron/core/models/mimo/config/base_configs.py:12: UserWarning: MimoModelConfig is experimental and still under active development. The API may change without notice in future releases.
  class MimoModelConfig:
/root/.cache/user_artifacts/trainers_main/server/vendor/megatron-bridge/3rdparty/Megatron-LM/megatron/core/models/mimo/config/base_configs.py:12: UserWarning: MimoModelConfig is experimental and still under active development. The API may change without notice in future releases.
  class MimoModelConfig:
/root/.cache/user_artifacts/trainers_main/server/vendor/megatron-bridge/3rdparty/Megatron-LM/megatron/core/models/mimo/config/base_configs.py:12: UserWarning: MimoModelConfig is experimental and still under active development. The API may change without notice in future releases.
  class MimoModelConfig:
/root/.cache/user_artifacts/trainers_main/server/vendor/megatron-bridge/3rdparty/Megatron-LM/megatron/core/models/mimo/config/base_configs.py:12: UserWarning: MimoModelConfig is experimental and still under active development. The API may change without notice in future releases.
  class MimoModelConfig:
/root/.cache/user_artifacts/trainers_main/server/vendor/megatron-bridge/3rdparty/Megatron-LM/megatron/core/models/mimo/config/base_configs.py:12: UserWarning: MimoModelConfig is experimental and still under active development. The API may change without notice in future releases.
  class MimoModelConfig:
/root/.cache/user_artifacts/trainers_main/server/vendor/megatron-bridge/3rdparty/Megatron-LM/megatron/core/models/mimo/config/base_configs.py:12: UserWarning: MimoModelConfig is experimental and still under active development. The API may change without notice in future releases.
  class MimoModelConfig:
/root/.cache/user_artifacts/trainers_main/server/vendor/megatron-bridge/3rdparty/Megatron-LM/megatron/core/models/gpt/heterogeneous/heterogeneous_layer_specs.py:68: UserWarning: Apex is not installed. Falling back to Torch Norm
  warnings.warn("Apex is not installed. Falling back to Torch Norm")
/root/.cache/user_artifacts/trainers_main/server/vendor/megatron-bridge/3rdparty/Megatron-LM/megatron/core/models/vision/vit_layer_specs.py:31: UserWarning: Apex is not installed. Falling back to Torch Norm
  warnings.warn("Apex is not installed. Falling back to Torch Norm")
/root/.cache/user_artifacts/trainers_main/server/.venv/lib/python3.12/site-packages/modelopt/torch/__init__.py:53: UserWarning: transformers>=5.0 support is experimental. Unified Hugging Face checkpoint export for quantized checkpoints may not work for some models yet.
  _warnings.warn(
/root/.cache/user_artifacts/trainers_main/server/vendor/megatron-bridge/3rdparty/Megatron-LM/megatron/core/models/mimo/config/base_configs.py:12: UserWarning: MimoModelConfig is experimental and still under active development. The API may change without notice in future releases.
  class MimoModelConfig:
/root/.cache/user_artifacts/trainers_main/server/vendor/megatron-bridge/3rdparty/Megatron-LM/megatron/core/models/gpt/heterogeneous/heterogeneous_layer_specs.py:68: UserWarning: Apex is not installed. Falling back to Torch Norm
  warnings.warn("Apex is not installed. Falling back to Torch Norm")
/root/.cache/user_artifacts/trainers_main/server/vendor/megatron-bridge/3rdparty/Megatron-LM/megatron/core/models/vision/vit_layer_specs.py:31: UserWarning: Apex is not installed. Falling back to Torch Norm
  warnings.warn("Apex is not installed. Falling back to Torch Norm")
/root/.cache/user_artifacts/trainers_main/server/vendor/megatron-bridge/3rdparty/Megatron-LM/megatron/core/models/mimo/config/base_configs.py:12: UserWarning: MimoModelConfig is experimental and still under active development. The API may change without notice in future releases.
  class MimoModelConfig:
/root/.cache/user_artifacts/trainers_main/server/.venv/lib/python3.12/site-packages/modelopt/torch/__init__.py:53: UserWarning: transformers>=5.0 support is experimental. Unified Hugging Face checkpoint export for quantized checkpoints may not work for some models yet.
  _warnings.warn(
/root/.cache/user_artifacts/trainers_main/server/vendor/megatron-bridge/3rdparty/Megatron-LM/megatron/core/models/gpt/heterogeneous/heterogeneous_layer_specs.py:68: UserWarning: Apex is not installed. Falling back to Torch Norm
  warnings.warn("Apex is not installed. Falling back to Torch Norm")
/root/.cache/user_artifacts/trainers_main/server/vendor/megatron-bridge/3rdparty/Megatron-LM/megatron/core/models/vision/vit_layer_specs.py:31: UserWarning: Apex is not installed. Falling back to Torch Norm
  warnings.warn("Apex is not installed. Falling back to Torch Norm")
/root/.cache/user_artifacts/trainers_main/server/vendor/megatron-bridge/3rdparty/Megatron-LM/megatron/core/models/mimo/config/base_configs.py:12: UserWarning: MimoModelConfig is experimental and still under active development. The API may change without notice in future releases.
  class MimoModelConfig:
/root/.cache/user_artifacts/trainers_main/server/.venv/lib/python3.12/site-packages/modelopt/torch/__init__.py:53: UserWarning: transformers>=5.0 support is experimental. Unified Hugging Face checkpoint export for quantized checkpoints may not work for some models yet.
  _warnings.warn(
/root/.cache/user_artifacts/trainers_main/server/vendor/megatron-bridge/3rdparty/Megatron-LM/megatron/core/models/gpt/heterogeneous/heterogeneous_layer_specs.py:68: UserWarning: Apex is not installed. Falling back to Torch Norm
  warnings.warn("Apex is not installed. Falling back to Torch Norm")
/root/.cache/user_artifacts/trainers_main/server/vendor/megatron-bridge/3rdparty/Megatron-LM/megatron/core/models/mimo/config/base_configs.py:12: UserWarning: MimoModelConfig is experimental and still under active development. The API may change without notice in future releases.
  class MimoModelConfig:
/root/.cache/user_artifacts/trainers_main/server/vendor/megatron-bridge/3rdparty/Megatron-LM/megatron/core/models/vision/vit_layer_specs.py:31: UserWarning: Apex is not installed. Falling back to Torch Norm
  warnings.warn("Apex is not installed. Falling back to Torch Norm")
/root/.cache/user_artifacts/trainers_main/server/vendor/megatron-bridge/3rdparty/Megatron-LM/megatron/core/models/mimo/config/base_configs.py:12: UserWarning: MimoModelConfig is experimental and still under active development. The API may change without notice in future releases.
  class MimoModelConfig:
/root/.cache/user_artifacts/trainers_main/server/.venv/lib/python3.12/site-packages/modelopt/torch/__init__.py:53: UserWarning: transformers>=5.0 support is experimental. Unified Hugging Face checkpoint export for quantized checkpoints may not work for some models yet.
  _warnings.warn(
/root/.cache/user_artifacts/trainers_main/server/.venv/lib/python3.12/site-packages/modelopt/torch/__init__.py:53: UserWarning: transformers>=5.0 support is experimental. Unified Hugging Face checkpoint export for quantized checkpoints may not work for some models yet.
  _warnings.warn(
/root/.cache/user_artifacts/trainers_main/server/.venv/lib/python3.12/site-packages/modelopt/torch/__init__.py:53: UserWarning: transformers>=5.0 support is experimental. Unified Hugging Face checkpoint export for quantized checkpoints may not work for some models yet.
  _warnings.warn(
/root/.cache/user_artifacts/trainers_main/server/vendor/megatron-bridge/3rdparty/Megatron-LM/megatron/core/models/gpt/heterogeneous/heterogeneous_layer_specs.py:68: UserWarning: Apex is not installed. Falling back to Torch Norm
  warnings.warn("Apex is not installed. Falling back to Torch Norm")
/root/.cache/user_artifacts/trainers_main/server/vendor/megatron-bridge/3rdparty/Megatron-LM/megatron/core/models/gpt/heterogeneous/heterogeneous_layer_specs.py:68: UserWarning: Apex is not installed. Falling back to Torch Norm
  warnings.warn("Apex is not installed. Falling back to Torch Norm")
/root/.cache/user_artifacts/trainers_main/server/vendor/megatron-bridge/3rdparty/Megatron-LM/megatron/core/models/gpt/heterogeneous/heterogeneous_layer_specs.py:68: UserWarning: Apex is not installed. Falling back to Torch Norm
  warnings.warn("Apex is not installed. Falling back to Torch Norm")
/root/.cache/user_artifacts/trainers_main/server/vendor/megatron-bridge/3rdparty/Megatron-LM/megatron/core/models/vision/vit_layer_specs.py:31: UserWarning: Apex is not installed. Falling back to Torch Norm
  warnings.warn("Apex is not installed. Falling back to Torch Norm")
/root/.cache/user_artifacts/trainers_main/server/vendor/megatron-bridge/3rdparty/Megatron-LM/megatron/core/models/vision/vit_layer_specs.py:31: UserWarning: Apex is not installed. Falling back to Torch Norm
  warnings.warn("Apex is not installed. Falling back to Torch Norm")
/root/.cache/user_artifacts/trainers_main/server/vendor/megatron-bridge/3rdparty/Megatron-LM/megatron/core/models/vision/vit_layer_specs.py:31: UserWarning: Apex is not installed. Falling back to Torch Norm
  warnings.warn("Apex is not installed. Falling back to Torch Norm")
/root/.cache/user_artifacts/trainers_main/server/vendor/megatron-bridge/3rdparty/Megatron-LM/megatron/core/models/mimo/config/base_configs.py:12: UserWarning: MimoModelConfig is experimental and still under active development. The API may change without notice in future releases.
  class MimoModelConfig:
/root/.cache/user_artifacts/trainers_main/server/vendor/megatron-bridge/3rdparty/Megatron-LM/megatron/core/models/mimo/config/base_configs.py:12: UserWarning: MimoModelConfig is experimental and still under active development. The API may change without notice in future releases.
  class MimoModelConfig:
/root/.cache/user_artifacts/trainers_main/server/vendor/megatron-bridge/3rdparty/Megatron-LM/megatron/core/models/mimo/config/base_configs.py:12: UserWarning: MimoModelConfig is experimental and still under active development. The API may change without notice in future releases.
  class MimoModelConfig:
TF32 LM-head fast path ACTIVETF32 LM-head fast path ACTIVETF32 LM-head fast path ACTIVETF32 LM-head fast path ACTIVE
TF32 LM-head fast path ACTIVETF32 LM-head fast path ACTIVE

TF32 LM-head fast path ACTIVE



TF32 LM-head fast path ACTIVE
TF32 LM-head fast path ACTIVETF32 LM-head fast path ACTIVE
TF32 LM-head fast path ACTIVE

TF32 LM-head fast path ACTIVE
TF32 LM-head fast path ACTIVE
TF32 LM-head fast path ACTIVE
TF32 LM-head fast path ACTIVE
TF32 LM-head fast path ACTIVE
WARNING:megatron.core.transformer.moe.token_dispatcher:BT_MOE_DISPATCH_REPLAY_CACHE: first replay cache hit — replay all-gather, D2H copies, and d2h_event.synchronize() skipped
WARNING:megatron.core.transformer.moe.token_dispatcher:BT_MOE_DISPATCH_REPLAY_CACHE: first replay cache hit — replay all-gather, D2H copies, and d2h_event.synchronize() skipped
WARNING:megatron.core.transformer.moe.token_dispatcher:BT_MOE_DISPATCH_REPLAY_CACHE: first replay cache hit — replay all-gather, D2H copies, and d2h_event.synchronize() skipped
WARNING:megatron.core.transformer.moe.token_dispatcher:BT_MOE_DISPATCH_REPLAY_CACHE: first replay cache hit — replay all-gather, D2H copies, and d2h_event.synchronize() skipped
WARNING:megatron.core.transformer.moe.token_dispatcher:BT_MOE_DISPATCH_REPLAY_CACHE: first replay cache hit — replay all-gather, D2H copies, and d2h_event.synchronize() skipped
WARNING:megatron.core.transformer.moe.token_dispatcher:BT_MOE_DISPATCH_REPLAY_CACHE: first replay cache hit — replay all-gather, D2H copies, and d2h_event.synchronize() skipped
WARNING:megatron.core.transformer.moe.token_dispatcher:BT_MOE_DISPATCH_REPLAY_CACHE: first replay cache hit — replay all-gather, D2H copies, and d2h_event.synchronize() skipped
WARNING:megatron.core.transformer.moe.token_dispatcher:BT_MOE_DISPATCH_REPLAY_CACHE: first replay cache hit — replay all-gather, D2H copies, and d2h_event.synchronize() skipped
WARNING:megatron.core.transformer.moe.token_dispatcher:BT_MOE_DISPATCH_REPLAY_CACHE: first replay cache hit — replay all-gather, D2H copies, and d2h_event.synchronize() skipped
WARNING:megatron.core.transformer.moe.token_dispatcher:BT_MOE_DISPATCH_REPLAY_CACHE: first replay cache hit — replay all-gather, D2H copies, and d2h_event.synchronize() skipped
WARNING:megatron.core.transformer.moe.token_dispatcher:BT_MOE_DISPATCH_REPLAY_CACHE: first replay cache hit — replay all-gather, D2H copies, and d2h_event.synchronize() skipped
WARNING:megatron.core.transformer.moe.token_dispatcher:BT_MOE_DISPATCH_REPLAY_CACHE: first replay cache hit — replay all-gather, D2H copies, and d2h_event.synchronize() skipped
WARNING:megatron.core.transformer.moe.token_dispatcher:BT_MOE_DISPATCH_REPLAY_CACHE: first replay cache hit — replay all-gather, D2H copies, and d2h_event.synchronize() skipped
WARNING:megatron.core.transformer.moe.token_dispatcher:BT_MOE_DISPATCH_REPLAY_CACHE: first replay cache hit — replay all-gather, D2H copies, and d2h_event.synchronize() skipped
WARNING:megatron.core.transformer.moe.token_dispatcher:BT_MOE_DISPATCH_REPLAY_CACHE: first replay cache hit — replay all-gather, D2H copies, and d2h_event.synchronize() skipped
WARNING:megatron.core.transformer.moe.token_dispatcher:BT_MOE_DISPATCH_REPLAY_CACHE: first replay cache hit — replay all-gather, D2H copies, and d2h_event.synchronize() skipped
/root/.cache/user_artifacts/trainers_main/server/.venv/lib/python3.12/site-packages/torch/autograd/graph.py:869: UserWarning: The AccumulateGrad node's stream does not match the stream of the node that produced the incoming gradient. This may incur unnecessary synchronization and break CUDA graph capture if the AccumulateGrad node's stream is the default stream. This mismatch is caused by an AccumulateGrad node created prior to the current iteration being kept alive. This can happen if the autograd graph is still being kept alive by tensors such as the loss, or if you are using DDP, which will stash a reference to the node. To resolve the mismatch, delete all references to the autograd graph or ensure that DDP initialization is performed under the same stream as subsequent forwards. If the mismatch is intentional, you can use torch.autograd.graph.set_warn_on_accumulate_grad_stream_mismatch(False) to suppress this warning. (Triggered internally at /pytorch/torch/csrc/autograd/input_buffer.cpp:240.)
  return Variable._execution_engine.run_backward(  # Calls into the C++ engine to run the backward pass
/root/.cache/user_artifacts/trainers_main/server/.venv/lib/python3.12/site-packages/torch/autograd/graph.py:869: UserWarning: The AccumulateGrad node's stream does not match the stream of the node that produced the incoming gradient. This may incur unnecessary synchronization and break CUDA graph capture if the AccumulateGrad node's stream is the default stream. This mismatch is caused by an AccumulateGrad node created prior to the current iteration being kept alive. This can happen if the autograd graph is still being kept alive by tensors such as the loss, or if you are using DDP, which will stash a reference to the node. To resolve the mismatch, delete all references to the autograd graph or ensure that DDP initialization is performed under the same stream as subsequent forwards. If the mismatch is intentional, you can use torch.autograd.graph.set_warn_on_accumulate_grad_stream_mismatch(False) to suppress this warning. (Triggered internally at /pytorch/torch/csrc/autograd/input_buffer.cpp:240.)
  return Variable._execution_engine.run_backward(  # Calls into the C++ engine to run the backward pass
/root/.cache/user_artifacts/trainers_main/server/.venv/lib/python3.12/site-packages/torch/autograd/graph.py:869: UserWarning: The AccumulateGrad node's stream does not match the stream of the node that produced the incoming gradient. This may incur unnecessary synchronization and break CUDA graph capture if the AccumulateGrad node's stream is the default stream. This mismatch is caused by an AccumulateGrad node created prior to the current iteration being kept alive. This can happen if the autograd graph is still being kept alive by tensors such as the loss, or if you are using DDP, which will stash a reference to the node. To resolve the mismatch, delete all references to the autograd graph or ensure that DDP initialization is performed under the same stream as subsequent forwards. If the mismatch is intentional, you can use torch.autograd.graph.set_warn_on_accumulate_grad_stream_mismatch(False) to suppress this warning. (Triggered internally at /pytorch/torch/csrc/autograd/input_buffer.cpp:240.)
  return Variable._execution_engine.run_backward(  # Calls into the C++ engine to run the backward pass
/root/.cache/user_artifacts/trainers_main/server/.venv/lib/python3.12/site-packages/torch/autograd/graph.py:869: UserWarning: The AccumulateGrad node's stream does not match the stream of the node that produced the incoming gradient. This may incur unnecessary synchronization and break CUDA graph capture if the AccumulateGrad node's stream is the default stream. This mismatch is caused by an AccumulateGrad node created prior to the current iteration being kept alive. This can happen if the autograd graph is still being kept alive by tensors such as the loss, or if you are using DDP, which will stash a reference to the node. To resolve the mismatch, delete all references to the autograd graph or ensure that DDP initialization is performed under the same stream as subsequent forwards. If the mismatch is intentional, you can use torch.autograd.graph.set_warn_on_accumulate_grad_stream_mismatch(False) to suppress this warning. (Triggered internally at /pytorch/torch/csrc/autograd/input_buffer.cpp:240.)
  return Variable._execution_engine.run_backward(  # Calls into the C++ engine to run the backward pass
/root/.cache/user_artifacts/trainers_main/server/.venv/lib/python3.12/site-packages/torch/autograd/graph.py:869: UserWarning: The AccumulateGrad node's stream does not match the stream of the node that produced the incoming gradient. This may incur unnecessary synchronization and break CUDA graph capture if the AccumulateGrad node's stream is the default stream. This mismatch is caused by an AccumulateGrad node created prior to the current iteration being kept alive. This can happen if the autograd graph is still being kept alive by tensors such as the loss, or if you are using DDP, which will stash a reference to the node. To resolve the mismatch, delete all references to the autograd graph or ensure that DDP initialization is performed under the same stream as subsequent forwards. If the mismatch is intentional, you can use torch.autograd.graph.set_warn_on_accumulate_grad_stream_mismatch(False) to suppress this warning. (Triggered internally at /pytorch/torch/csrc/autograd/input_buffer.cpp:240.)
/root/.cache/user_artifacts/trainers_main/server/.venv/lib/python3.12/site-packages/torch/autograd/graph.py:869: UserWarning: The AccumulateGrad node's stream does not match the stream of the node that produced the incoming gradient. This may incur unnecessary synchronization and break CUDA graph capture if the AccumulateGrad node's stream is the default stream. This mismatch is caused by an AccumulateGrad node created prior to the current iteration being kept alive. This can happen if the autograd graph is still being kept alive by tensors such as the loss, or if you are using DDP, which will stash a reference to the node. To resolve the mismatch, delete all references to the autograd graph or ensure that DDP initialization is performed under the same stream as subsequent forwards. If the mismatch is intentional, you can use torch.autograd.graph.set_warn_on_accumulate_grad_stream_mismatch(False) to suppress this warning. (Triggered internally at /pytorch/torch/csrc/autograd/input_buffer.cpp:240.)
  return Variable._execution_engine.run_backward(  # Calls into the C++ engine to run the backward pass
/root/.cache/user_artifacts/trainers_main/server/.venv/lib/python3.12/site-packages/torch/autograd/graph.py:869: UserWarning: The AccumulateGrad node's stream does not match the stream of the node that produced the incoming gradient. This may incur unnecessary synchronization and break CUDA graph capture if the AccumulateGrad node's stream is the default stream. This mismatch is caused by an AccumulateGrad node created prior to the current iteration being kept alive. This can happen if the autograd graph is still being kept alive by tensors such as the loss, or if you are using DDP, which will stash a reference to the node. To resolve the mismatch, delete all references to the autograd graph or ensure that DDP initialization is performed under the same stream as subsequent forwards. If the mismatch is intentional, you can use torch.autograd.graph.set_warn_on_accumulate_grad_stream_mismatch(False) to suppress this warning. (Triggered internally at /pytorch/torch/csrc/autograd/input_buffer.cpp:240.)
  return Variable._execution_engine.run_backward(  # Calls into the C++ engine to run the backward pass
/root/.cache/user_artifacts/trainers_main/server/.venv/lib/python3.12/site-packages/torch/autograd/graph.py:869: UserWarning: The AccumulateGrad node's stream does not match the stream of the node that produced the incoming gradient. This may incur unnecessary synchronization and break CUDA graph capture if the AccumulateGrad node's stream is the default stream. This mismatch is caused by an AccumulateGrad node created prior to the current iteration being kept alive. This can happen if the autograd graph is still being kept alive by tensors such as the loss, or if you are using DDP, which will stash a reference to the node. To resolve the mismatch, delete all references to the autograd graph or ensure that DDP initialization is performed under the same stream as subsequent forwards. If the mismatch is intentional, you can use torch.autograd.graph.set_warn_on_accumulate_grad_stream_mismatch(False) to suppress this warning. (Triggered internally at /pytorch/torch/csrc/autograd/input_buffer.cpp:240.)
  return Variable._execution_engine.run_backward(  # Calls into the C++ engine to run the backward pass
  return Variable._execution_engine.run_backward(  # Calls into the C++ engine to run the backward pass
/root/.cache/user_artifacts/trainers_main/server/.venv/lib/python3.12/site-packages/torch/autograd/graph.py:869: UserWarning: The AccumulateGrad node's stream does not match the stream of the node that produced the incoming gradient. This may incur unnecessary synchronization and break CUDA graph capture if the AccumulateGrad node's stream is the default stream. This mismatch is caused by an AccumulateGrad node created prior to the current iteration being kept alive. This can happen if the autograd graph is still being kept alive by tensors such as the loss, or if you are using DDP, which will stash a reference to the node. To resolve the mismatch, delete all references to the autograd graph or ensure that DDP initialization is performed under the same stream as subsequent forwards. If the mismatch is intentional, you can use torch.autograd.graph.set_warn_on_accumulate_grad_stream_mismatch(False) to suppress this warning. (Triggered internally at /pytorch/torch/csrc/autograd/input_buffer.cpp:240.)
/root/.cache/user_artifacts/trainers_main/server/.venv/lib/python3.12/site-packages/torch/autograd/graph.py:869: UserWarning: The AccumulateGrad node's stream does not match the stream of the node that produced the incoming gradient. This may incur unnecessary synchronization and break CUDA graph capture if the AccumulateGrad node's stream is the default stream. This mismatch is caused by an AccumulateGrad node created prior to the current iteration being kept alive. This can happen if the autograd graph is still being kept alive by tensors such as the loss, or if you are using DDP, which will stash a reference to the node. To resolve the mismatch, delete all references to the autograd graph or ensure that DDP initialization is performed under the same stream as subsequent forwards. If the mismatch is intentional, you can use torch.autograd.graph.set_warn_on_accumulate_grad_stream_mismatch(False) to suppress this warning. (Triggered internally at /pytorch/torch/csrc/autograd/input_buffer.cpp:240.)
  return Variable._execution_engine.run_backward(  # Calls into the C++ engine to run the backward pass
  return Variable._execution_engine.run_backward(  # Calls into the C++ engine to run the backward pass
/root/.cache/user_artifacts/trainers_main/server/.venv/lib/python3.12/site-packages/torch/autograd/graph.py:869: UserWarning: The AccumulateGrad node's stream does not match the stream of the node that produced the incoming gradient. This may incur unnecessary synchronization and break CUDA graph capture if the AccumulateGrad node's stream is the default stream. This mismatch is caused by an AccumulateGrad node created prior to the current iteration being kept alive. This can happen if the autograd graph is still being kept alive by tensors such as the loss, or if you are using DDP, which will stash a reference to the node. To resolve the mismatch, delete all references to the autograd graph or ensure that DDP initialization is performed under the same stream as subsequent forwards. If the mismatch is intentional, you can use torch.autograd.graph.set_warn_on_accumulate_grad_stream_mismatch(False) to suppress this warning. (Triggered internally at /pytorch/torch/csrc/autograd/input_buffer.cpp:240.)
/root/.cache/user_artifacts/trainers_main/server/.venv/lib/python3.12/site-packages/torch/autograd/graph.py:869: UserWarning: The AccumulateGrad node's stream does not match the stream of the node that produced the incoming gradient. This may incur unnecessary synchronization and break CUDA graph capture if the AccumulateGrad node's stream is the default stream. This mismatch is caused by an AccumulateGrad node created prior to the current iteration being kept alive. This can happen if the autograd graph is still being kept alive by tensors such as the loss, or if you are using DDP, which will stash a reference to the node. To resolve the mismatch, delete all references to the autograd graph or ensure that DDP initialization is performed under the same stream as subsequent forwards. If the mismatch is intentional, you can use torch.autograd.graph.set_warn_on_accumulate_grad_stream_mismatch(False) to suppress this warning. (Triggered internally at /pytorch/torch/csrc/autograd/input_buffer.cpp:240.)
  return Variable._execution_engine.run_backward(  # Calls into the C++ engine to run the backward pass
  return Variable._execution_engine.run_backward(  # Calls into the C++ engine to run the backward pass
/root/.cache/user_artifacts/trainers_main/server/.venv/lib/python3.12/site-packages/torch/autograd/graph.py:869: UserWarning: The AccumulateGrad node's stream does not match the stream of the node that produced the incoming gradient. This may incur unnecessary synchronization and break CUDA graph capture if the AccumulateGrad node's stream is the default stream. This mismatch is caused by an AccumulateGrad node created prior to the current iteration being kept alive. This can happen if the autograd graph is still being kept alive by tensors such as the loss, or if you are using DDP, which will stash a reference to the node. To resolve the mismatch, delete all references to the autograd graph or ensure that DDP initialization is performed under the same stream as subsequent forwards. If the mismatch is intentional, you can use torch.autograd.graph.set_warn_on_accumulate_grad_stream_mismatch(False) to suppress this warning. (Triggered internally at /pytorch/torch/csrc/autograd/input_buffer.cpp:240.)
  return Variable._execution_engine.run_backward(  # Calls into the C++ engine to run the backward pass
/root/.cache/user_artifacts/trainers_main/server/.venv/lib/python3.12/site-packages/torch/autograd/graph.py:869: UserWarning: The AccumulateGrad node's stream does not match the stream of the node that produced the incoming gradient. This may incur unnecessary synchronization and break CUDA graph capture if the AccumulateGrad node's stream is the default stream. This mismatch is caused by an AccumulateGrad node created prior to the current iteration being kept alive. This can happen if the autograd graph is still being kept alive by tensors such as the loss, or if you are using DDP, which will stash a reference to the node. To resolve the mismatch, delete all references to the autograd graph or ensure that DDP initialization is performed under the same stream as subsequent forwards. If the mismatch is intentional, you can use torch.autograd.graph.set_warn_on_accumulate_grad_stream_mismatch(False) to suppress this warning. (Triggered internally at /pytorch/torch/csrc/autograd/input_buffer.cpp:240.)
  return Variable._execution_engine.run_backward(  # Calls into the C++ engine to run the backward pass
/root/.cache/user_artifacts/trainers_main/server/.venv/lib/python3.12/site-packages/torch/autograd/graph.py:869: UserWarning: The AccumulateGrad node's stream does not match the stream of the node that produced the incoming gradient. This may incur unnecessary synchronization and break CUDA graph capture if the AccumulateGrad node's stream is the default stream. This mismatch is caused by an AccumulateGrad node created prior to the current iteration being kept alive. This can happen if the autograd graph is still being kept alive by tensors such as the loss, or if you are using DDP, which will stash a reference to the node. To resolve the mismatch, delete all references to the autograd graph or ensure that DDP initialization is performed under the same stream as subsequent forwards. If the mismatch is intentional, you can use torch.autograd.graph.set_warn_on_accumulate_grad_stream_mismatch(False) to suppress this warning. (Triggered internally at /pytorch/torch/csrc/autograd/input_buffer.cpp:240.)
  return Variable._execution_engine.run_backward(  # Calls into the C++ engine to run the backward pass
/root/.cache/user_artifacts/trainers_main/server/.venv/lib/python3.12/site-packages/torch/autograd/graph.py:869: UserWarning: The AccumulateGrad node's stream does not match the stream of the node that produced the incoming gradient. This may incur unnecessary synchronization and break CUDA graph capture if the AccumulateGrad node's stream is the default stream. This mismatch is caused by an AccumulateGrad node created prior to the current iteration being kept alive. This can happen if the autograd graph is still being kept alive by tensors such as the loss, or if you are using DDP, which will stash a reference to the node. To resolve the mismatch, delete all references to the autograd graph or ensure that DDP initialization is performed under the same stream as subsequent forwards. If the mismatch is intentional, you can use torch.autograd.graph.set_warn_on_accumulate_grad_stream_mismatch(False) to suppress this warning. (Triggered internally at /pytorch/torch/csrc/autograd/input_buffer.cpp:240.)
  return Variable._execution_engine.run_backward(  # Calls into the C++ engine to run the backward pass
INFO:trainers_server.dp_worker.api.megatron_controller:warmup pass 2 — full-footprint THD partition (4 synthetic docs, ~131072 tokens)...
/root/.cache/user_artifacts/trainers_main/server/.venv/lib/python3.12/site-packages/nvidia_cutlass_dsl/python_packages/cutlass/cute/core.py:5791: DeprecationWarning: Use explicit `struct.scalar.ptr` for pointer instead.
  warnings.warn(
/root/.cache/user_artifacts/trainers_main/server/.venv/lib/python3.12/site-packages/nvidia_cutlass_dsl/python_packages/cutlass/cute/core.py:5791: DeprecationWarning: Use explicit `struct.scalar.ptr` for pointer instead.
  warnings.warn(
/root/.cache/user_artifacts/trainers_main/server/.venv/lib/python3.12/site-packages/nvidia_cutlass_dsl/python_packages/cutlass/cute/core.py:5791: DeprecationWarning: Use explicit `struct.scalar.ptr` for pointer instead.
  warnings.warn(
/root/.cache/user_artifacts/trainers_main/server/.venv/lib/python3.12/site-packages/nvidia_cutlass_dsl/python_packages/cutlass/cute/core.py:5791: DeprecationWarning: Use explicit `struct.scalar.ptr` for pointer instead.
  warnings.warn(
/root/.cache/user_artifacts/trainers_main/server/.venv/lib/python3.12/site-packages/nvidia_cutlass_dsl/python_packages/cutlass/cute/core.py:5791: DeprecationWarning: Use explicit `struct.scalar.ptr` for pointer instead.
  warnings.warn(
/root/.cache/user_artifacts/trainers_main/server/.venv/lib/python3.12/site-packages/nvidia_cutlass_dsl/python_packages/cutlass/cute/core.py:5791: DeprecationWarning: Use explicit `struct.scalar.ptr` for pointer instead.
  warnings.warn(
/root/.cache/user_artifacts/trainers_main/server/.venv/lib/python3.12/site-packages/nvidia_cutlass_dsl/python_packages/cutlass/cute/core.py:5791: DeprecationWarning: Use explicit `struct.scalar.ptr` for pointer instead.
  warnings.warn(
/root/.cache/user_artifacts/trainers_main/server/.venv/lib/python3.12/site-packages/nvidia_cutlass_dsl/python_packages/cutlass/cute/core.py:5791: DeprecationWarning: Use explicit `struct.scalar.ptr` for pointer instead.
  warnings.warn(
/root/.cache/user_artifacts/trainers_main/server/.venv/lib/python3.12/site-packages/nvidia_cutlass_dsl/python_packages/cutlass/cute/core.py:5791: DeprecationWarning: Use explicit `struct.scalar.ptr` for pointer instead.
  warnings.warn(
/root/.cache/user_artifacts/trainers_main/server/.venv/lib/python3.12/site-packages/nvidia_cutlass_dsl/python_packages/cutlass/cute/core.py:5791: DeprecationWarning: Use explicit `struct.scalar.ptr` for pointer instead.
  warnings.warn(
/root/.cache/user_artifacts/trainers_main/server/.venv/lib/python3.12/site-packages/nvidia_cutlass_dsl/python_packages/cutlass/cute/core.py:5791: DeprecationWarning: Use explicit `struct.scalar.ptr` for pointer instead.
  warnings.warn(
/root/.cache/user_artifacts/trainers_main/server/.venv/lib/python3.12/site-packages/nvidia_cutlass_dsl/python_packages/cutlass/cute/core.py:5791: DeprecationWarning: Use explicit `struct.scalar.ptr` for pointer instead.
  warnings.warn(
/root/.cache/user_artifacts/trainers_main/server/.venv/lib/python3.12/site-packages/nvidia_cutlass_dsl/python_packages/cutlass/cute/core.py:5791: DeprecationWarning: Use explicit `struct.scalar.ptr` for pointer instead.
  warnings.warn(
/root/.cache/user_artifacts/trainers_main/server/.venv/lib/python3.12/site-packages/nvidia_cutlass_dsl/python_packages/cutlass/cute/core.py:5791: DeprecationWarning: Use explicit `struct.scalar.ptr` for pointer instead.
  warnings.warn(
/root/.cache/user_artifacts/trainers_main/server/.venv/lib/python3.12/site-packages/nvidia_cutlass_dsl/python_packages/cutlass/cute/core.py:5791: DeprecationWarning: Use explicit `struct.scalar.ptr` for pointer instead.
  warnings.warn(
/root/.cache/user_artifacts/trainers_main/server/.venv/lib/python3.12/site-packages/nvidia_cutlass_dsl/python_packages/cutlass/cute/core.py:5791: DeprecationWarning: Use explicit `struct.scalar.ptr` for pointer instead.
  warnings.warn(
/root/.cache/user_artifacts/trainers_main/server/.venv/lib/python3.12/site-packages/nvidia_cutlass_dsl/python_packages/cutlass/cute/core.py:5791: DeprecationWarning: Use explicit `struct.scalar.ptr` for pointer instead.
  warnings.warn(
/root/.cache/user_artifacts/trainers_main/server/.venv/lib/python3.12/site-packages/nvidia_cutlass_dsl/python_packages/cutlass/cute/core.py:5791: DeprecationWarning: Use explicit `struct.scalar.ptr` for pointer instead.
  warnings.warn(
/root/.cache/user_artifacts/trainers_main/server/.venv/lib/python3.12/site-packages/nvidia_cutlass_dsl/python_packages/cutlass/cute/core.py:5791: DeprecationWarning: Use explicit `struct.scalar.ptr` for pointer instead.
  warnings.warn(
/root/.cache/user_artifacts/trainers_main/server/.venv/lib/python3.12/site-packages/nvidia_cutlass_dsl/python_packages/cutlass/cute/core.py:5791: DeprecationWarning: Use explicit `struct.scalar.ptr` for pointer instead.
  warnings.warn(
/root/.cache/user_artifacts/trainers_main/server/.venv/lib/python3.12/site-packages/nvidia_cutlass_dsl/python_packages/cutlass/cute/core.py:5791: DeprecationWarning: Use explicit `struct.scalar.ptr` for pointer instead.
  warnings.warn(
/root/.cache/user_artifacts/trainers_main/server/.venv/lib/python3.12/site-packages/nvidia_cutlass_dsl/python_packages/cutlass/cute/core.py:5791: DeprecationWarning: Use explicit `struct.scalar.ptr` for pointer instead.
  warnings.warn(
/root/.cache/user_artifacts/trainers_main/server/.venv/lib/python3.12/site-packages/nvidia_cutlass_dsl/python_packages/cutlass/cute/core.py:5791: DeprecationWarning: Use explicit `struct.scalar.ptr` for pointer instead.
  warnings.warn(
/root/.cache/user_artifacts/trainers_main/server/.venv/lib/python3.12/site-packages/nvidia_cutlass_dsl/python_packages/cutlass/cute/core.py:5791: DeprecationWarning: Use explicit `struct.scalar.ptr` for pointer instead.
  warnings.warn(
/root/.cache/user_artifacts/trainers_main/server/.venv/lib/python3.12/site-packages/nvidia_cutlass_dsl/python_packages/cutlass/cute/core.py:5791: DeprecationWarning: Use explicit `struct.scalar.ptr` for pointer instead.
  warnings.warn(
/root/.cache/user_artifacts/trainers_main/server/.venv/lib/python3.12/site-packages/nvidia_cutlass_dsl/python_packages/cutlass/cute/core.py:5791: DeprecationWarning: Use explicit `struct.scalar.ptr` for pointer instead.
  warnings.warn(
/root/.cache/user_artifacts/trainers_main/server/.venv/lib/python3.12/site-packages/nvidia_cutlass_dsl/python_packages/cutlass/cute/core.py:5791: DeprecationWarning: Use explicit `struct.scalar.ptr` for pointer instead.
  warnings.warn(
/root/.cache/user_artifacts/trainers_main/server/.venv/lib/python3.12/site-packages/nvidia_cutlass_dsl/python_packages/cutlass/cute/core.py:5791: DeprecationWarning: Use explicit `struct.scalar.ptr` for pointer instead.
  warnings.warn(
/root/.cache/user_artifacts/trainers_main/server/.venv/lib/python3.12/site-packages/nvidia_cutlass_dsl/python_packages/cutlass/cute/core.py:5791: DeprecationWarning: Use explicit `struct.scalar.ptr` for pointer instead.
  warnings.warn(
/root/.cache/user_artifacts/trainers_main/server/.venv/lib/python3.12/site-packages/nvidia_cutlass_dsl/python_packages/cutlass/cute/core.py:5791: DeprecationWarning: Use explicit `struct.scalar.ptr` for pointer instead.
  warnings.warn(
/root/.cache/user_artifacts/trainers_main/server/.venv/lib/python3.12/site-packages/nvidia_cutlass_dsl/python_packages/cutlass/cute/core.py:5791: DeprecationWarning: Use explicit `struct.scalar.ptr` for pointer instead.
  warnings.warn(
/root/.cache/user_artifacts/trainers_main/server/.venv/lib/python3.12/site-packages/nvidia_cutlass_dsl/python_packages/cutlass/cute/core.py:5791: DeprecationWarning: Use explicit `struct.scalar.ptr` for pointer instead.
  warnings.warn(
ERROR:megatron.core.transformer.moe.token_dispatcher:BT_MOE_DISPATCH_REPLAY_CACHE_VERIFY: output_splits_dev: 1/16 elements differ, max|diff|=1, first flat indices=[11], fresh[idx]=[3299], cached[idx]=[3298]
ERROR:megatron.core.transformer.moe.token_dispatcher:BT_MOE_DISPATCH_REPLAY_CACHE_VERIFY: routing_map XOR: 0 flips (maps identical — divergence is downstream of routing)
ERROR:megatron.core.transformer.moe.token_dispatcher:BT_MOE_DISPATCH_REPLAY_CACHE_VERIFY: input_splits_dev: 2/16 elements differ, max|diff|=1, first flat indices=[1, 10], fresh[idx]=[4167, 3299], cached[idx]=[4168, 3298]
ERROR:megatron.core.transformer.moe.token_dispatcher:BT_MOE_DISPATCH_REPLAY_CACHE_VERIFY: routing_map XOR: 2 flipped entries across 1 token rows (first rows=[7023]; per-row flipped experts={7023: [16, 169]})
ERROR:megatron.core.transformer.moe.token_dispatcher:BT_MOE_DISPATCH_REPLAY_CACHE_VERIFY: output_splits_dev: 1/16 elements differ, max|diff|=1, first flat indices=[11], fresh[idx]=[4167], cached[idx]=[4168]
ERROR:megatron.core.transformer.moe.token_dispatcher:BT_MOE_DISPATCH_REPLAY_CACHE_VERIFY: routing_map XOR: 0 flips (maps identical — divergence is downstream of routing)
[rank1]: Traceback (most recent call last):
[rank1]:   File "<frozen runpy>", line 198, in _run_module_as_main
[rank1]:   File "<frozen runpy>", line 88, in _run_code
[rank1]:   File "/root/.cache/user_artifacts/trainers_main/server/src/trainers_server/dp_worker/main.py", line 248, in <module>
[rank1]:     main()
[rank1]:   File "/root/.cache/user_artifacts/trainers_main/server/src/trainers_server/dp_worker/main.py", line 244, in main
[rank1]:     run_rank(config)
[rank1]:   File "/root/.cache/user_artifacts/trainers_main/server/src/trainers_server/dp_worker/worker.py", line 290, in run_rank
[rank1]:     controller.run_startup_warmup()
[rank1]:   File "/root/.cache/user_artifacts/trainers_main/server/src/trainers_server/dp_worker/api/megatron_controller.py", line 2451, in run_startup_warmup
[rank1]:     self.execute_forward_backward(
[rank1]:   File "/root/.cache/user_artifacts/trainers_main/server/src/trainers_server/dp_worker/api/megatron_controller.py", line 2704, in execute_forward_backward
[rank1]:     ) = self._run_forward_backward(
[rank1]:         ^^^^^^^^^^^^^^^^^^^^^^^^^^^
[rank1]:   File "/root/.cache/user_artifacts/trainers_main/server/src/trainers_server/dp_worker/api/megatron_controller.py", line 2847, in _run_forward_backward
[rank1]:     partition_metrics = self._forward_backward(
[rank1]:                         ^^^^^^^^^^^^^^^^^^^^^^^
[rank1]:   File "/root/.cache/user_artifacts/trainers_main/server/vendor/megatron-bridge/3rdparty/Megatron-LM/megatron/core/pipeline_parallel/schedules.py", line 825, in forward_backward_no_pipelining
[rank1]:     backward_step(input_tensor, output_tensor, output_tensor_grad, config)
[rank1]:   File "/root/.cache/user_artifacts/trainers_main/server/vendor/megatron-bridge/3rdparty/Megatron-LM/megatron/core/pipeline_parallel/schedules.py", line 574, in backward_step
[rank1]:     torch.autograd.backward(output_tensor[0], grad_tensors=output_tensor_grad[0])
[rank1]:   File "/root/.cache/user_artifacts/trainers_main/server/.venv/lib/python3.12/site-packages/torch/autograd/__init__.py", line 381, in backward
[rank1]:     _engine_run_backward(
[rank1]:   File "/root/.cache/user_artifacts/trainers_main/server/.venv/lib/python3.12/site-packages/torch/autograd/graph.py", line 869, in _engine_run_backward
[rank1]:     return Variable._execution_engine.run_backward(  # Calls into the C++ engine to run the backward pass
[rank1]:            ^^^^^^^^^^^^^^^^^^^^^^^^^^^^^^^^^^^^^^^^^^^^^^^^^^^^^^^^^^^^^^^^^^^^^^^^^^^^^^^^^^^^^^^^^^^^^^
[rank1]:   File "/root/.cache/user_artifacts/trainers_main/server/.venv/lib/python3.12/site-packages/torch/autograd/function.py", line 317, in apply
[rank1]:     return user_fn(self, *args)
[rank1]:            ^^^^^^^^^^^^^^^^^^^^
[rank1]:   File "/root/.cache/user_artifacts/trainers_main/server/vendor/megatron-bridge/3rdparty/Megatron-LM/megatron/core/tensor_parallel/random.py", line 621, in backward
[rank1]:     outputs = ctx.run_function(*detached_inputs)
[rank1]:               ^^^^^^^^^^^^^^^^^^^^^^^^^^^^^^^^^^
[rank1]:   File "/root/.cache/user_artifacts/trainers_main/server/vendor/megatron-bridge/3rdparty/Megatron-LM/megatron/core/recompute.py", line 113, in __call__
[rank1]:     return self.fn(*args, **kwargs)
[rank1]:            ^^^^^^^^^^^^^^^^^^^^^^^^
[rank1]:   File "/root/.cache/user_artifacts/trainers_main/server/vendor/megatron-bridge/3rdparty/Megatron-LM/megatron/core/recompute.py", line 203, in custom_forward
[rank1]:     hidden_states, context = layer(**layer_kwargs)
[rank1]:                              ^^^^^^^^^^^^^^^^^^^^^
[rank1]:   File "/root/.cache/user_artifacts/trainers_main/server/vendor/megatron-bridge/3rdparty/Megatron-LM/megatron/core/transformer/module.py", line 364, in __call__
[rank1]:     return super().__call__(*args, **kwargs)
[rank1]:            ^^^^^^^^^^^^^^^^^^^^^^^^^^^^^^^^^
[rank1]:   File "/root/.cache/user_artifacts/trainers_main/server/.venv/lib/python3.12/site-packages/torch/nn/modules/module.py", line 1779, in _wrapped_call_impl
[rank1]:     return self._call_impl(*args, **kwargs)
[rank1]:            ^^^^^^^^^^^^^^^^^^^^^^^^^^^^^^^^
[rank1]:   File "/root/.cache/user_artifacts/trainers_main/server/.venv/lib/python3.12/site-packages/torch/nn/modules/module.py", line 1790, in _call_impl
[rank1]:     return forward_call(*args, **kwargs)
[rank1]:            ^^^^^^^^^^^^^^^^^^^^^^^^^^^^^
[rank1]:   File "/root/.cache/user_artifacts/trainers_main/server/vendor/megatron-bridge/3rdparty/Megatron-LM/megatron/core/transformer/transformer_layer.py", line 741, in forward
[rank1]:     output = self._forward_mlp(
[rank1]:              ^^^^^^^^^^^^^^^^^^
[rank1]:   File "/root/.cache/user_artifacts/trainers_main/server/vendor/megatron-bridge/3rdparty/Megatron-LM/megatron/core/transformer/transformer_layer.py", line 867, in _forward_mlp
[rank1]:     mlp_output_with_bias = apply_module(self.mlp)(
[rank1]:                            ^^^^^^^^^^^^^^^^^^^^^^^
[rank1]:   File "/root/.cache/user_artifacts/trainers_main/server/.venv/lib/python3.12/site-packages/torch/nn/modules/module.py", line 1779, in _wrapped_call_impl
[rank1]:     return self._call_impl(*args, **kwargs)
[rank1]:            ^^^^^^^^^^^^^^^^^^^^^^^^^^^^^^^^
[rank1]:   File "/root/.cache/user_artifacts/trainers_main/server/.venv/lib/python3.12/site-packages/torch/nn/modules/module.py", line 1790, in _call_impl
[rank1]:     return forward_call(*args, **kwargs)
[rank1]:            ^^^^^^^^^^^^^^^^^^^^^^^^^^^^^
[rank1]:   File "/root/.cache/user_artifacts/trainers_main/server/vendor/megatron-bridge/3rdparty/Megatron-LM/megatron/core/transformer/moe/moe_layer.py", line 760, in forward
[rank1]:     outputs = custom_forward(hidden_states, intermediate_tensors, padding_mask)
[rank1]:               ^^^^^^^^^^^^^^^^^^^^^^^^^^^^^^^^^^^^^^^^^^^^^^^^^^^^^^^^^^^^^^^^^
[rank1]:   File "/root/.cache/user_artifacts/trainers_main/server/vendor/megatron-bridge/3rdparty/Megatron-LM/megatron/core/transformer/moe/moe_layer.py", line 706, in custom_forward
[rank1]:     hidden_states, probs = self.preprocess(hidden_states, probs, routing_map)
[rank1]:                            ^^^^^^^^^^^^^^^^^^^^^^^^^^^^^^^^^^^^^^^^^^^^^^^^^^
[rank1]:   File "/root/.cache/user_artifacts/trainers_main/server/vendor/megatron-bridge/3rdparty/Megatron-LM/megatron/core/transformer/moe/moe_utils.py", line 1567, in wrapped_func
[rank1]:     return func(moe_layer, *args, **kwargs)
[rank1]:            ^^^^^^^^^^^^^^^^^^^^^^^^^^^^^^^^
[rank1]:   File "/root/.cache/user_artifacts/trainers_main/server/vendor/megatron-bridge/3rdparty/Megatron-LM/megatron/core/transformer/moe/moe_layer.py", line 495, in preprocess
[rank1]:     hidden_states, probs = self.token_dispatcher.dispatch_preprocess(
[rank1]:                            ^^^^^^^^^^^^^^^^^^^^^^^^^^^^^^^^^^^^^^^^^^
[rank1]:   File "/root/.cache/user_artifacts/trainers_main/server/vendor/megatron-bridge/3rdparty/Megatron-LM/megatron/core/transformer/moe/token_dispatcher.py", line 1721, in dispatch_preprocess
[rank1]:     self.tokens_per_expert = self.preprocess(self.routing_map)
[rank1]:                              ^^^^^^^^^^^^^^^^^^^^^^^^^^^^^^^^^
[rank1]:   File "/root/.cache/user_artifacts/trainers_main/server/vendor/megatron-bridge/3rdparty/Megatron-LM/megatron/core/transformer/moe/token_dispatcher.py", line 1687, in preprocess
[rank1]:     _verify_device_metadata(self, replay_rec.entry, num_tokens_per_local_expert)
[rank1]:   File "/root/.cache/user_artifacts/trainers_main/server/vendor/megatron-bridge/3rdparty/Megatron-LM/megatron/core/transformer/moe/token_dispatcher.py", line 364, in _verify_device_metadata
[rank1]:     raise RuntimeError(
[rank1]: RuntimeError: BT_MOE_DISPATCH_REPLAY_CACHE_VERIFY: replay device metadata mismatch in output_splits_dev on MoEAlltoAllTokenDispatcher (routing_shape (8192, 256)): the recompute replay did not reproduce the first pass bitwise — do NOT enable BT_MOE_DISPATCH_REPLAY_CACHE on this configuration
[rank10]: Traceback (most recent call last):
[rank10]:   File "<frozen runpy>", line 198, in _run_module_as_main
[rank10]:   File "<frozen runpy>", line 88, in _run_code
[rank10]:   File "/root/.cache/user_artifacts/trainers_main/server/src/trainers_server/dp_worker/main.py", line 248, in <module>
[rank10]:     main()
[rank10]:   File "/root/.cache/user_artifacts/trainers_main/server/src/trainers_server/dp_worker/main.py", line 244, in main
[rank10]:     run_rank(config)
[rank10]:   File "/root/.cache/user_artifacts/trainers_main/server/src/trainers_server/dp_worker/worker.py", line 290, in run_rank
[rank10]:     controller.run_startup_warmup()
[rank10]:   File "/root/.cache/user_artifacts/trainers_main/server/src/trainers_server/dp_worker/api/megatron_controller.py", line 2451, in run_startup_warmup
[rank10]:     self.execute_forward_backward(
[rank10]:   File "/root/.cache/user_artifacts/trainers_main/server/src/trainers_server/dp_worker/api/megatron_controller.py", line 2704, in execute_forward_backward
[rank10]:     ) = self._run_forward_backward(
[rank10]:         ^^^^^^^^^^^^^^^^^^^^^^^^^^^
[rank10]:   File "/root/.cache/user_artifacts/trainers_main/server/src/trainers_server/dp_worker/api/megatron_controller.py", line 2847, in _run_forward_backward
[rank10]:     partition_metrics = self._forward_backward(
[rank10]:                         ^^^^^^^^^^^^^^^^^^^^^^^
[rank10]:   File "/root/.cache/user_artifacts/trainers_main/server/vendor/megatron-bridge/3rdparty/Megatron-LM/megatron/core/pipeline_parallel/schedules.py", line 825, in forward_backward_no_pipelining
[rank10]:     backward_step(input_tensor, output_tensor, output_tensor_grad, config)
[rank10]:   File "/root/.cache/user_artifacts/trainers_main/server/vendor/megatron-bridge/3rdparty/Megatron-LM/megatron/core/pipeline_parallel/schedules.py", line 574, in backward_step
[rank10]:     torch.autograd.backward(output_tensor[0], grad_tensors=output_tensor_grad[0])
[rank10]:   File "/root/.cache/user_artifacts/trainers_main/server/.venv/lib/python3.12/site-packages/torch/autograd/__init__.py", line 381, in backward
[rank10]:     _engine_run_backward(
[rank10]:   File "/root/.cache/user_artifacts/trainers_main/server/.venv/lib/python3.12/site-packages/torch/autograd/graph.py", line 869, in _engine_run_backward
[rank10]:     return Variable._execution_engine.run_backward(  # Calls into the C++ engine to run the backward pass
[rank10]:            ^^^^^^^^^^^^^^^^^^^^^^^^^^^^^^^^^^^^^^^^^^^^^^^^^^^^^^^^^^^^^^^^^^^^^^^^^^^^^^^^^^^^^^^^^^^^^^
[rank10]:   File "/root/.cache/user_artifacts/trainers_main/server/.venv/lib/python3.12/site-packages/torch/autograd/function.py", line 317, in apply
[rank10]:     return user_fn(self, *args)
[rank10]:            ^^^^^^^^^^^^^^^^^^^^
[rank10]:   File "/root/.cache/user_artifacts/trainers_main/server/vendor/megatron-bridge/3rdparty/Megatron-LM/megatron/core/tensor_parallel/random.py", line 621, in backward
[rank10]:     outputs = ctx.run_function(*detached_inputs)
[rank10]:               ^^^^^^^^^^^^^^^^^^^^^^^^^^^^^^^^^^
[rank10]:   File "/root/.cache/user_artifacts/trainers_main/server/vendor/megatron-bridge/3rdparty/Megatron-LM/megatron/core/recompute.py", line 113, in __call__
[rank10]:     return self.fn(*args, **kwargs)
[rank10]:            ^^^^^^^^^^^^^^^^^^^^^^^^
[rank10]:   File "/root/.cache/user_artifacts/trainers_main/server/vendor/megatron-bridge/3rdparty/Megatron-LM/megatron/core/recompute.py", line 203, in custom_forward
[rank10]:     hidden_states, context = layer(**layer_kwargs)
[rank10]:                              ^^^^^^^^^^^^^^^^^^^^^
[rank10]:   File "/root/.cache/user_artifacts/trainers_main/server/vendor/megatron-bridge/3rdparty/Megatron-LM/megatron/core/transformer/module.py", line 364, in __call__
[rank10]:     return super().__call__(*args, **kwargs)
[rank10]:            ^^^^^^^^^^^^^^^^^^^^^^^^^^^^^^^^^
[rank10]:   File "/root/.cache/user_artifacts/trainers_main/server/.venv/lib/python3.12/site-packages/torch/nn/modules/module.py", line 1779, in _wrapped_call_impl
[rank10]:     return self._call_impl(*args, **kwargs)
[rank10]:            ^^^^^^^^^^^^^^^^^^^^^^^^^^^^^^^^
[rank10]:   File "/root/.cache/user_artifacts/trainers_main/server/.venv/lib/python3.12/site-packages/torch/nn/modules/module.py", line 1790, in _call_impl
[rank10]:     return forward_call(*args, **kwargs)
[rank10]:            ^^^^^^^^^^^^^^^^^^^^^^^^^^^^^
[rank10]:   File "/root/.cache/user_artifacts/trainers_main/server/vendor/megatron-bridge/3rdparty/Megatron-LM/megatron/core/transformer/transformer_layer.py", line 741, in forward
[rank10]:     output = self._forward_mlp(
[rank10]:              ^^^^^^^^^^^^^^^^^^
[rank10]:   File "/root/.cache/user_artifacts/trainers_main/server/vendor/megatron-bridge/3rdparty/Megatron-LM/megatron/core/transformer/transformer_layer.py", line 867, in _forward_mlp
[rank10]:     mlp_output_with_bias = apply_module(self.mlp)(
[rank10]:                            ^^^^^^^^^^^^^^^^^^^^^^^
[rank10]:   File "/root/.cache/user_artifacts/trainers_main/server/.venv/lib/python3.12/site-packages/torch/nn/modules/module.py", line 1779, in _wrapped_call_impl
[rank10]:     return self._call_impl(*args, **kwargs)
[rank10]:            ^^^^^^^^^^^^^^^^^^^^^^^^^^^^^^^^
[rank10]:   File "/root/.cache/user_artifacts/trainers_main/server/.venv/lib/python3.12/site-packages/torch/nn/modules/module.py", line 1790, in _call_impl
[rank10]:     return forward_call(*args, **kwargs)
[rank10]:            ^^^^^^^^^^^^^^^^^^^^^^^^^^^^^
[rank10]:   File "/root/.cache/user_artifacts/trainers_main/server/vendor/megatron-bridge/3rdparty/Megatron-LM/megatron/core/transformer/moe/moe_layer.py", line 760, in forward
[rank10]:     outputs = custom_forward(hidden_states, intermediate_tensors, padding_mask)
[rank10]:               ^^^^^^^^^^^^^^^^^^^^^^^^^^^^^^^^^^^^^^^^^^^^^^^^^^^^^^^^^^^^^^^^^
[rank10]:   File "/root/.cache/user_artifacts/trainers_main/server/vendor/megatron-bridge/3rdparty/Megatron-LM/megatron/core/transformer/moe/moe_layer.py", line 706, in custom_forward
[rank10]:     hidden_states, probs = self.preprocess(hidden_states, probs, routing_map)
[rank10]:                            ^^^^^^^^^^^^^^^^^^^^^^^^^^^^^^^^^^^^^^^^^^^^^^^^^^
[rank10]:   File "/root/.cache/user_artifacts/trainers_main/server/vendor/megatron-bridge/3rdparty/Megatron-LM/megatron/core/transformer/moe/moe_utils.py", line 1567, in wrapped_func
[rank10]:     return func(moe_layer, *args, **kwargs)
[rank10]:            ^^^^^^^^^^^^^^^^^^^^^^^^^^^^^^^^
[rank10]:   File "/root/.cache/user_artifacts/trainers_main/server/vendor/megatron-bridge/3rdparty/Megatron-LM/megatron/core/transformer/moe/moe_layer.py", line 495, in preprocess
[rank10]:     hidden_states, probs = self.token_dispatcher.dispatch_preprocess(
[rank10]:                            ^^^^^^^^^^^^^^^^^^^^^^^^^^^^^^^^^^^^^^^^^^
[rank10]:   File "/root/.cache/user_artifacts/trainers_main/server/vendor/megatron-bridge/3rdparty/Megatron-LM/megatron/core/transformer/moe/token_dispatcher.py", line 1721, in dispatch_preprocess
[rank10]:     self.tokens_per_expert = self.preprocess(self.routing_map)
[rank10]:                              ^^^^^^^^^^^^^^^^^^^^^^^^^^^^^^^^^
[rank10]:   File "/root/.cache/user_artifacts/trainers_main/server/vendor/megatron-bridge/3rdparty/Megatron-LM/megatron/core/transformer/moe/token_dispatcher.py", line 1687, in preprocess
[rank10]:     _verify_device_metadata(self, replay_rec.entry, num_tokens_per_local_expert)
[rank10]:   File "/root/.cache/user_artifacts/trainers_main/server/vendor/megatron-bridge/3rdparty/Megatron-LM/megatron/core/transformer/moe/token_dispatcher.py", line 364, in _verify_device_metadata
[rank10]:     raise RuntimeError(
[rank10]: RuntimeError: BT_MOE_DISPATCH_REPLAY_CACHE_VERIFY: replay device metadata mismatch in output_splits_dev on MoEAlltoAllTokenDispatcher (routing_shape (8192, 256)): the recompute replay did not reproduce the first pass bitwise — do NOT enable BT_MOE_DISPATCH_REPLAY_CACHE on this configuration
[rank11]: Traceback (most recent call last):
[rank11]:   File "<frozen runpy>", line 198, in _run_module_as_main
[rank11]:   File "<frozen runpy>", line 88, in _run_code
[rank11]:   File "/root/.cache/user_artifacts/trainers_main/server/src/trainers_server/dp_worker/main.py", line 248, in <module>
[rank11]:     main()
[rank11]:   File "/root/.cache/user_artifacts/trainers_main/server/src/trainers_server/dp_worker/main.py", line 244, in main
[rank11]:     run_rank(config)
[rank11]:   File "/root/.cache/user_artifacts/trainers_main/server/src/trainers_server/dp_worker/worker.py", line 290, in run_rank
[rank11]:     controller.run_startup_warmup()
[rank11]:   File "/root/.cache/user_artifacts/trainers_main/server/src/trainers_server/dp_worker/api/megatron_controller.py", line 2451, in run_startup_warmup
[rank11]:     self.execute_forward_backward(
[rank11]:   File "/root/.cache/user_artifacts/trainers_main/server/src/trainers_server/dp_worker/api/megatron_controller.py", line 2704, in execute_forward_backward
[rank11]:     ) = self._run_forward_backward(
[rank11]:         ^^^^^^^^^^^^^^^^^^^^^^^^^^^
[rank11]:   File "/root/.cache/user_artifacts/trainers_main/server/src/trainers_server/dp_worker/api/megatron_controller.py", line 2847, in _run_forward_backward
[rank11]:     partition_metrics = self._forward_backward(
[rank11]:                         ^^^^^^^^^^^^^^^^^^^^^^^
[rank11]:   File "/root/.cache/user_artifacts/trainers_main/server/vendor/megatron-bridge/3rdparty/Megatron-LM/megatron/core/pipeline_parallel/schedules.py", line 825, in forward_backward_no_pipelining
[rank11]:     backward_step(input_tensor, output_tensor, output_tensor_grad, config)
[rank11]:   File "/root/.cache/user_artifacts/trainers_main/server/vendor/megatron-bridge/3rdparty/Megatron-LM/megatron/core/pipeline_parallel/schedules.py", line 574, in backward_step
[rank11]:     torch.autograd.backward(output_tensor[0], grad_tensors=output_tensor_grad[0])
[rank11]:   File "/root/.cache/user_artifacts/trainers_main/server/.venv/lib/python3.12/site-packages/torch/autograd/__init__.py", line 381, in backward
[rank11]:     _engine_run_backward(
[rank11]:   File "/root/.cache/user_artifacts/trainers_main/server/.venv/lib/python3.12/site-packages/torch/autograd/graph.py", line 869, in _engine_run_backward
[rank11]:     return Variable._execution_engine.run_backward(  # Calls into the C++ engine to run the backward pass
[rank11]:            ^^^^^^^^^^^^^^^^^^^^^^^^^^^^^^^^^^^^^^^^^^^^^^^^^^^^^^^^^^^^^^^^^^^^^^^^^^^^^^^^^^^^^^^^^^^^^^
[rank11]:   File "/root/.cache/user_artifacts/trainers_main/server/.venv/lib/python3.12/site-packages/torch/autograd/function.py", line 317, in apply
[rank11]:     return user_fn(self, *args)
[rank11]:            ^^^^^^^^^^^^^^^^^^^^
[rank11]:   File "/root/.cache/user_artifacts/trainers_main/server/vendor/megatron-bridge/3rdparty/Megatron-LM/megatron/core/tensor_parallel/random.py", line 621, in backward
[rank11]:     outputs = ctx.run_function(*detached_inputs)
[rank11]:               ^^^^^^^^^^^^^^^^^^^^^^^^^^^^^^^^^^
[rank11]:   File "/root/.cache/user_artifacts/trainers_main/server/vendor/megatron-bridge/3rdparty/Megatron-LM/megatron/core/recompute.py", line 113, in __call__
[rank11]:     return self.fn(*args, **kwargs)
[rank11]:            ^^^^^^^^^^^^^^^^^^^^^^^^
[rank11]:   File "/root/.cache/user_artifacts/trainers_main/server/vendor/megatron-bridge/3rdparty/Megatron-LM/megatron/core/recompute.py", line 203, in custom_forward
[rank11]:     hidden_states, context = layer(**layer_kwargs)
[rank11]:                              ^^^^^^^^^^^^^^^^^^^^^
[rank11]:   File "/root/.cache/user_artifacts/trainers_main/server/vendor/megatron-bridge/3rdparty/Megatron-LM/megatron/core/transformer/module.py", line 364, in __call__
[rank11]:     return super().__call__(*args, **kwargs)
[rank11]:            ^^^^^^^^^^^^^^^^^^^^^^^^^^^^^^^^^
[rank11]:   File "/root/.cache/user_artifacts/trainers_main/server/.venv/lib/python3.12/site-packages/torch/nn/modules/module.py", line 1779, in _wrapped_call_impl
[rank11]:     return self._call_impl(*args, **kwargs)
[rank11]:            ^^^^^^^^^^^^^^^^^^^^^^^^^^^^^^^^
[rank11]:   File "/root/.cache/user_artifacts/trainers_main/server/.venv/lib/python3.12/site-packages/torch/nn/modules/module.py", line 1790, in _call_impl
[rank11]:     return forward_call(*args, **kwargs)
[rank11]:            ^^^^^^^^^^^^^^^^^^^^^^^^^^^^^
[rank11]:   File "/root/.cache/user_artifacts/trainers_main/server/vendor/megatron-bridge/3rdparty/Megatron-LM/megatron/core/transformer/transformer_layer.py", line 741, in forward
[rank11]:     output = self._forward_mlp(
[rank11]:              ^^^^^^^^^^^^^^^^^^
[rank11]:   File "/root/.cache/user_artifacts/trainers_main/server/vendor/megatron-bridge/3rdparty/Megatron-LM/megatron/core/transformer/transformer_layer.py", line 867, in _forward_mlp
[rank11]:     mlp_output_with_bias = apply_module(self.mlp)(
[rank11]:                            ^^^^^^^^^^^^^^^^^^^^^^^
[rank11]:   File "/root/.cache/user_artifacts/trainers_main/server/.venv/lib/python3.12/site-packages/torch/nn/modules/module.py", line 1779, in _wrapped_call_impl
[rank11]:     return self._call_impl(*args, **kwargs)
[rank11]:            ^^^^^^^^^^^^^^^^^^^^^^^^^^^^^^^^
[rank11]:   File "/root/.cache/user_artifacts/trainers_main/server/.venv/lib/python3.12/site-packages/torch/nn/modules/module.py", line 1790, in _call_impl
[rank11]:     return forward_call(*args, **kwargs)
[rank11]:            ^^^^^^^^^^^^^^^^^^^^^^^^^^^^^
[rank11]:   File "/root/.cache/user_artifacts/trainers_main/server/vendor/megatron-bridge/3rdparty/Megatron-LM/megatron/core/transformer/moe/moe_layer.py", line 760, in forward
[rank11]:     outputs = custom_forward(hidden_states, intermediate_tensors, padding_mask)
[rank11]:               ^^^^^^^^^^^^^^^^^^^^^^^^^^^^^^^^^^^^^^^^^^^^^^^^^^^^^^^^^^^^^^^^^
[rank11]:   File "/root/.cache/user_artifacts/trainers_main/server/vendor/megatron-bridge/3rdparty/Megatron-LM/megatron/core/transformer/moe/moe_layer.py", line 706, in custom_forward
[rank11]:     hidden_states, probs = self.preprocess(hidden_states, probs, routing_map)
[rank11]:                            ^^^^^^^^^^^^^^^^^^^^^^^^^^^^^^^^^^^^^^^^^^^^^^^^^^
[rank11]:   File "/root/.cache/user_artifacts/trainers_main/server/vendor/megatron-bridge/3rdparty/Megatron-LM/megatron/core/transformer/moe/moe_utils.py", line 1567, in wrapped_func
[rank11]:     return func(moe_layer, *args, **kwargs)
[rank11]:            ^^^^^^^^^^^^^^^^^^^^^^^^^^^^^^^^
[rank11]:   File "/root/.cache/user_artifacts/trainers_main/server/vendor/megatron-bridge/3rdparty/Megatron-LM/megatron/core/transformer/moe/moe_layer.py", line 495, in preprocess
[rank11]:     hidden_states, probs = self.token_dispatcher.dispatch_preprocess(
[rank11]:                            ^^^^^^^^^^^^^^^^^^^^^^^^^^^^^^^^^^^^^^^^^^
[rank11]:   File "/root/.cache/user_artifacts/trainers_main/server/vendor/megatron-bridge/3rdparty/Megatron-LM/megatron/core/transformer/moe/token_dispatcher.py", line 1721, in dispatch_preprocess
[rank11]:     self.tokens_per_expert = self.preprocess(self.routing_map)
[rank11]:                              ^^^^^^^^^^^^^^^^^^^^^^^^^^^^^^^^^
[rank11]:   File "/root/.cache/user_artifacts/trainers_main/server/vendor/megatron-bridge/3rdparty/Megatron-LM/megatron/core/transformer/moe/token_dispatcher.py", line 1687, in preprocess
[rank11]:     _verify_device_metadata(self, replay_rec.entry, num_tokens_per_local_expert)
[rank11]:   File "/root/.cache/user_artifacts/trainers_main/server/vendor/megatron-bridge/3rdparty/Megatron-LM/megatron/core/transformer/moe/token_dispatcher.py", line 364, in _verify_device_metadata
[rank11]:     raise RuntimeError(
[rank11]: RuntimeError: BT_MOE_DISPATCH_REPLAY_CACHE_VERIFY: replay device metadata mismatch in input_splits_dev on MoEAlltoAllTokenDispatcher (routing_shape (8192, 256)): the recompute replay did not reproduce the first pass bitwise — do NOT enable BT_MOE_DISPATCH_REPLAY_CACHE on this configuration
Exception ignored in: <function AsyncCallsQueue.__del__ at 0x7fe98c4b6a20>
Traceback (most recent call last):
  File "/root/.cache/user_artifacts/trainers_main/server/.venv/lib/python3.12/site-packages/nvidia_resiliency_ext/checkpointing/async_ckpt/core.py", line 1038, in __del__
    self.close()
  File "/root/.cache/user_artifacts/trainers_main/server/.venv/lib/python3.12/site-packages/nvidia_resiliency_ext/checkpointing/async_ckpt/core.py", line 1029, in close
    AsyncCallsQueue._warmup_persistent_caller.close(abort=abort)
  File "/root/.cache/user_artifacts/trainers_main/server/.venv/lib/python3.12/site-packages/nvidia_resiliency_ext/checkpointing/async_ckpt/core.py", line 643, in close
    self.queue.put('DONE')
  File "/usr/lib/python3.12/multiprocessing/queues.py", line 338, in put
    self._start_thread()
  File "/usr/lib/python3.12/multiprocessing/queues.py", line 192, in _start_thread
    self._thread.start()
  File "/usr/lib/python3.12/threading.py", line 992, in start
    _start_new_thread(self._bootstrap, ())
RuntimeError: can't create new thread at interpreter shutdown
[rank1]:[W810 04:07:07.054738895 ProcessGroupNCCL.cpp:1575] Warning: WARNING: destroy_process_group() was not called before program exit, which can leak resources. For more info, please see https://pytorch.org/docs/stable/distributed.html#shutdown (function operator())
Exception ignored in: <function AsyncCallsQueue.__del__ at 0x7f9d167aaa20>
Traceback (most recent call last):
  File "/root/.cache/user_artifacts/trainers_main/server/.venv/lib/python3.12/site-packages/nvidia_resiliency_ext/checkpointing/async_ckpt/core.py", line 1038, in __del__
    self.close()
  File "/root/.cache/user_artifacts/trainers_main/server/.venv/lib/python3.12/site-packages/nvidia_resiliency_ext/checkpointing/async_ckpt/core.py", line 1029, in close
    AsyncCallsQueue._warmup_persistent_caller.close(abort=abort)
  File "/root/.cache/user_artifacts/trainers_main/server/.venv/lib/python3.12/site-packages/nvidia_resiliency_ext/checkpointing/async_ckpt/core.py", line 643, in close
    self.queue.put('DONE')
  File "/usr/lib/python3.12/multiprocessing/queues.py", line 338, in put
    self._start_thread()
  File "/usr/lib/python3.12/multiprocessing/queues.py", line 192, in _start_thread
    self._thread.start()
  File "/usr/lib/python3.12/threading.py", line 992, in start
    _start_new_thread(self._bootstrap, ())
RuntimeError: can't create new thread at interpreter shutdown
Exception ignored in: <function AsyncCallsQueue.__del__ at 0x7fd2745bea20>
Traceback (most recent call last):
  File "/root/.cache/user_artifacts/trainers_main/server/.venv/lib/python3.12/site-packages/nvidia_resiliency_ext/checkpointing/async_ckpt/core.py", line 1038, in __del__
    self.close()
  File "/root/.cache/user_artifacts/trainers_main/server/.venv/lib/python3.12/site-packages/nvidia_resiliency_ext/checkpointing/async_ckpt/core.py", line 1029, in close
    AsyncCallsQueue._warmup_persistent_caller.close(abort=abort)
  File "/root/.cache/user_artifacts/trainers_main/server/.venv/lib/python3.12/site-packages/nvidia_resiliency_ext/checkpointing/async_ckpt/core.py", line 643, in close
    self.queue.put('DONE')
  File "/usr/lib/python3.12/multiprocessing/queues.py", line 338, in put
    self._start_thread()
  File "/usr/lib/python3.12/multiprocessing/queues.py", line 192, in _start_thread
    self._thread.start()
  File "/usr/lib/python3.12/threading.py", line 992, in start
    _start_new_thread(self._bootstrap, ())
RuntimeError: can't create new thread at interpreter shutdown
[rank11]:[W810 04:07:08.322015037 ProcessGroupNCCL.cpp:1575] Warning: WARNING: destroy_process_group() was not called before program exit, which can leak resources. For more info, please see https://pytorch.org/docs/stable/distributed.html#shutdown (function operator())
[rank10]:[W810 04:07:09.569411035 ProcessGroupNCCL.cpp:1575] Warning: WARNING: destroy_process_group() was not called before program exit, which can leak resources. For more info, please see https://pytorch.org/docs/stable/distributed.html#shutdown (function operator())
W0810 04:07:12.712000 22215 torch/distributed/elastic/multiprocessing/api.py:1012] Sending process 22296 closing signal SIGTERM
W0810 04:07:12.717000 22215 torch/distributed/elastic/multiprocessing/api.py:1012] Sending process 22298 closing signal SIGTERM
W0810 04:07:12.719000 22215 torch/distributed/elastic/multiprocessing/api.py:1012] Sending process 22299 closing signal SIGTERM
W0810 04:07:12.721000 22215 torch/distributed/elastic/multiprocessing/api.py:1012] Sending process 22300 closing signal SIGTERM
W0810 04:07:12.722000 22215 torch/distributed/elastic/multiprocessing/api.py:1012] Sending process 22301 closing signal SIGTERM
W0810 04:07:12.723000 22215 torch/distributed/elastic/multiprocessing/api.py:1012] Sending process 22302 closing signal SIGTERM
W0810 04:07:12.725000 22215 torch/distributed/elastic/multiprocessing/api.py:1012] Sending process 22303 closing signal SIGTERM
E0810 04:07:12.730000 22215 torch/distributed/elastic/multiprocessing/api.py:986] failed (exitcode: 1) local_rank: 1 (pid: 22297) of binary: /root/.cache/user_artifacts/trainers_main/server/.venv/bin/python3
Traceback (most recent call last):
  File "/root/.cache/user_artifacts/trainers_main/server/.venv/bin/torchrun", line 10, in <module>
    sys.exit(main())
             ^^^^^^
  File "/root/.cache/user_artifacts/trainers_main/server/.venv/lib/python3.12/site-packages/torch/distributed/elastic/multiprocessing/errors/__init__.py", line 362, in wrapper
    return f(*args, **kwargs)
           ^^^^^^^^^^^^^^^^^^
  File "/root/.cache/user_artifacts/trainers_main/server/.venv/lib/python3.12/site-packages/torch/distributed/run.py", line 990, in main
    run(args)
  File "/root/.cache/user_artifacts/trainers_main/server/.venv/lib/python3.12/site-packages/torch/distributed/run.py", line 981, in run
    elastic_launch(
  File "/root/.cache/user_artifacts/trainers_main/server/.venv/lib/python3.12/site-packages/torch/distributed/launcher/api.py", line 170, in __call__
    return launch_agent(self._config, self._entrypoint, list(args))
           ^^^^^^^^^^^^^^^^^^^^^^^^^^^^^^^^^^^^^^^^^^^^^^^^^^^^^^^^
  File "/root/.cache/user_artifacts/trainers_main/server/.venv/lib/python3.12/site-packages/torch/distributed/launcher/api.py", line 317, in launch_agent
    raise ChildFailedError(
torch.distributed.elastic.multiprocessing.errors.ChildFailedError: 
============================================================
trainers_server.dp_worker.main FAILED
------------------------------------------------------------
Failures:
[1]:
  time      : 2026-08-10_04:07:12
  host      : b300-1-3xpzznsc-0018
  rank      : 0 (local_rank: 0)
  exitcode  : -15 (pid: 22296)
  error_file: <N/A>
  traceback : Signal 15 (SIGTERM) received by PID 22296
[2]:
  time      : 2026-08-10_04:07:12
  host      : b300-1-3xpzznsc-0018
  rank      : 2 (local_rank: 2)
  exitcode  : -15 (pid: 22298)
  error_file: <N/A>
  traceback : Signal 15 (SIGTERM) received by PID 22298
[3]:
  time      : 2026-08-10_04:07:12
  host      : b300-1-3xpzznsc-0018
  rank      : 3 (local_rank: 3)
  exitcode  : -15 (pid: 22299)
  error_file: <N/A>
  traceback : Signal 15 (SIGTERM) received by PID 22299
[4]:
  time      : 2026-08-10_04:07:12
  host      : b300-1-3xpzznsc-0018
  rank      : 4 (local_rank: 4)
  exitcode  : -15 (pid: 22300)
  error_file: <N/A>
  traceback : Signal 15 (SIGTERM) received by PID 22300
[5]:
  time      : 2026-08-10_04:07:12
  host      : b300-1-3xpzznsc-0018
  rank      : 5 (local_rank: 5)
  exitcode  : -15 (pid: 22301)
  error_file: <N/A>
  traceback : Signal 15 (SIGTERM) received by PID 22301
[6]:
  time      : 2026-08-10_04:07:12
  host      : b300-1-3xpzznsc-0018
  rank      : 6 (local_rank: 6)
  exitcode  : -15 (pid: 22302)
  error_file: <N/A>
  traceback : Signal 15 (SIGTERM) received by PID 22302
[7]:
  time      : 2026-08-10_04:07:12
  host      : b300-1-3xpzznsc-0018
  rank      : 7 (local_rank: 7)
  exitcode  : -15 (pid: 22303)
  error_file: <N/A>
  traceback : Signal 15 (SIGTERM) received by PID 22303
------------------------------------------------------------
Root Cause (first observed failure):
[0]:
  time      : 2026-08-10_04:07:12
  host      : b300-1-3xpzznsc-0018
  rank      : 1 (local_rank: 1)
  exitcode  : 1 (pid: 22297)
  error_file: <N/A>
  traceback : To enable traceback see: https://pytorch.org/docs/stable/elastic/errors.html
============================================================
[rank15]:[W810 04:07:13.789665518 TCPStore.cpp:125] [c10d] recvValue failed on SocketImpl(fd=102, addr=[b300-1-ana8db87-0004]:53976, remote=[b300-1-3xpzznsc-0018]:29974): Failed to recv, got 0 bytes. Connection was likely closed. Did the remote server shutdown or crash?
Exception raised from recvBytes at /pytorch/torch/csrc/distributed/c10d/Utils.hpp:682 (most recent call first):
frame #0: c10::Error::Error(c10::SourceLocation, std::__cxx11::basic_string<char, std::char_traits<char>, std::allocator<char> >) + 0x9d (0x7f5735b7305d in /root/.cache/user_artifacts/trainers_main/server/.venv/lib/python3.12/site-packages/torch/lib/libc10.so)
frame #1: <unknown function> + 0x6a914bd (0x7f569f6914bd in /root/.cache/user_artifacts/trainers_main/server/.venv/lib/python3.12/site-packages/torch/lib/libtorch_cpu.so)
frame #2: c10d::TCPStore::check(std::vector<std::__cxx11::basic_string<char, std::char_traits<char>, std::allocator<char> >, std::allocator<std::__cxx11::basic_string<char, std::char_traits<char>, std::allocator<char> > > > const&) + 0x273 (0x7f569f68f413 in /root/.cache/user_artifacts/trainers_main/server/.venv/lib/python3.12/site-packages/torch/lib/libtorch_cpu.so)
frame #3: c10d::ProcessGroupNCCL::HeartbeatMonitor::runLoop() + 0x4a5 (0x7f5681cff8c5 in /root/.cache/user_artifacts/trainers_main/server/.venv/lib/python3.12/site-packages/torch/lib/libtorch_cuda.so)
frame #4: <unknown function> + 0xecdb4 (0x7f5736d9adb4 in /lib/x86_64-linux-gnu/libstdc++.so.6)
frame #5: <unknown function> + 0x9caa4 (0x7f57385b9aa4 in /lib/x86_64-linux-gnu/libc.so.6)
frame #6: <unknown function> + 0x129c3c (0x7f5738646c3c in /lib/x86_64-linux-gnu/libc.so.6)

[rank15]:[W810 04:07:13.791796286 ProcessGroupNCCL.cpp:1826] [PG ID 0 PG GUID 0(default_pg) Rank 15] Failed to check the "should dump" flag on TCPStore, (maybe TCPStore server has shut down too early), with error: Failed to recv, got 0 bytes. Connection was likely closed. Did the remote server shutdown or crash?
[rank8]:[W810 04:07:13.010880998 TCPStore.cpp:125] [c10d] recvValue failed on SocketImpl(fd=102, addr=[b300-1-ana8db87-0004]:33090, remote=[b300-1-3xpzznsc-0018]:29974): Failed to recv, got 0 bytes. Connection was likely closed. Did the remote server shutdown or crash?
Exception raised from recvBytes at /pytorch/torch/csrc/distributed/c10d/Utils.hpp:682 (most recent call first):
frame #0: c10::Error::Error(c10::SourceLocation, std::__cxx11::basic_string<char, std::char_traits<char>, std::allocator<char> >) + 0x9d (0x7f8affd7305d in /root/.cache/user_artifacts/trainers_main/server/.venv/lib/python3.12/site-packages/torch/lib/libc10.so)
frame #1: <unknown function> + 0x6a914bd (0x7f8a69c914bd in /root/.cache/user_artifacts/trainers_main/server/.venv/lib/python3.12/site-packages/torch/lib/libtorch_cpu.so)
frame #2: c10d::TCPStore::check(std::vector<std::__cxx11::basic_string<char, std::char_traits<char>, std::allocator<char> >, std::allocator<std::__cxx11::basic_string<char, std::char_traits<char>, std::allocator<char> > > > const&) + 0x273 (0x7f8a69c8f413 in /root/.cache/user_artifacts/trainers_main/server/.venv/lib/python3.12/site-packages/torch/lib/libtorch_cpu.so)
frame #3: c10d::ProcessGroupNCCL::HeartbeatMonitor::runLoop() + 0x4a5 (0x7f8a4c2ff8c5 in /root/.cache/user_artifacts/trainers_main/server/.venv/lib/python3.12/site-packages/torch/lib/libtorch_cuda.so)
frame #4: <unknown function> + 0xecdb4 (0x7f8b01284db4 in /lib/x86_64-linux-gnu/libstdc++.so.6)
frame #5: <unknown function> + 0x9caa4 (0x7f8b02aa3aa4 in /lib/x86_64-linux-gnu/libc.so.6)
frame #6: <unknown function> + 0x129c3c (0x7f8b02b30c3c in /lib/x86_64-linux-gnu/libc.so.6)

[rank8]:[W810 04:07:13.013338995 ProcessGroupNCCL.cpp:1826] [PG ID 0 PG GUID 0(default_pg) Rank 8] Failed to check the "should dump" flag on TCPStore, (maybe TCPStore server has shut down too early), with error: Failed to recv, got 0 bytes. Connection was likely closed. Did the remote server shutdown or crash?
[rank14]:[W810 04:07:13.173932606 TCPStore.cpp:125] [c10d] recvValue failed on SocketImpl(fd=102, addr=[b300-1-ana8db87-0004]:53970, remote=[b300-1-3xpzznsc-0018]:29974): Failed to recv, got 0 bytes. Connection was likely closed. Did the remote server shutdown or crash?
Exception raised from recvBytes at /pytorch/torch/csrc/distributed/c10d/Utils.hpp:682 (most recent call first):
frame #0: c10::Error::Error(c10::SourceLocation, std::__cxx11::basic_string<char, std::char_traits<char>, std::allocator<char> >) + 0x9d (0x7f09d557305d in /root/.cache/user_artifacts/trainers_main/server/.venv/lib/python3.12/site-packages/torch/lib/libc10.so)
frame #1: <unknown function> + 0x6a914bd (0x7f093f4914bd in /root/.cache/user_artifacts/trainers_main/server/.venv/lib/python3.12/site-packages/torch/lib/libtorch_cpu.so)
frame #2: c10d::TCPStore::check(std::vector<std::__cxx11::basic_string<char, std::char_traits<char>, std::allocator<char> >, std::allocator<std::__cxx11::basic_string<char, std::char_traits<char>, std::allocator<char> > > > const&) + 0x273 (0x7f093f48f413 in /root/.cache/user_artifacts/trainers_main/server/.venv/lib/python3.12/site-packages/torch/lib/libtorch_cpu.so)
frame #3: c10d::ProcessGroupNCCL::HeartbeatMonitor::runLoop() + 0x4a5 (0x7f0921aff8c5 in /root/.cache/user_artifacts/trainers_main/server/.venv/lib/python3.12/site-packages/torch/lib/libtorch_cuda.so)
frame #4: <unknown function> + 0xecdb4 (0x7f09d69e8db4 in /lib/x86_64-linux-gnu/libstdc++.so.6)
frame #5: <unknown function> + 0x9caa4 (0x7f09d8207aa4 in /lib/x86_64-linux-gnu/libc.so.6)
frame #6: <unknown function> + 0x129c3c (0x7f09d8294c3c in /lib/x86_64-linux-gnu/libc.so.6)

[rank14]:[W810 04:07:13.175878550 ProcessGroupNCCL.cpp:1826] [PG ID 0 PG GUID 0(default_pg) Rank 14] Failed to check the "should dump" flag on TCPStore, (maybe TCPStore server has shut down too early), with error: Failed to recv, got 0 bytes. Connection was likely closed. Did the remote server shutdown or crash?
[rank9]:[W810 04:07:13.374334403 TCPStore.cpp:125] [c10d] recvValue failed on SocketImpl(fd=102, addr=[b300-1-ana8db87-0004]:33104, remote=[b300-1-3xpzznsc-0018]:29974): Failed to recv, got 0 bytes. Connection was likely closed. Did the remote server shutdown or crash?
Exception raised from recvBytes at /pytorch/torch/csrc/distributed/c10d/Utils.hpp:682 (most recent call first):
frame #0: c10::Error::Error(c10::SourceLocation, std::__cxx11::basic_string<char, std::char_traits<char>, std::allocator<char> >) + 0x9d (0x7f874777305d in /root/.cache/user_artifacts/trainers_main/server/.venv/lib/python3.12/site-packages/torch/lib/libc10.so)
frame #1: <unknown function> + 0x6a914bd (0x7f86b16914bd in /root/.cache/user_artifacts/trainers_main/server/.venv/lib/python3.12/site-packages/torch/lib/libtorch_cpu.so)
frame #2: c10d::TCPStore::check(std::vector<std::__cxx11::basic_string<char, std::char_traits<char>, std::allocator<char> >, std::allocator<std::__cxx11::basic_string<char, std::char_traits<char>, std::allocator<char> > > > const&) + 0x273 (0x7f86b168f413 in /root/.cache/user_artifacts/trainers_main/server/.venv/lib/python3.12/site-packages/torch/lib/libtorch_cpu.so)
frame #3: c10d::ProcessGroupNCCL::HeartbeatMonitor::runLoop() + 0x4a5 (0x7f8693cff8c5 in /root/.cache/user_artifacts/trainers_main/server/.venv/lib/python3.12/site-packages/torch/lib/libtorch_cuda.so)
frame #4: <unknown function> + 0xecdb4 (0x7f8748c24db4 in /lib/x86_64-linux-gnu/libstdc++.so.6)
frame #5: <unknown function> + 0x9caa4 (0x7f874a443aa4 in /lib/x86_64-linux-gnu/libc.so.6)
frame #6: <unknown function> + 0x129c3c (0x7f874a4d0c3c in /lib/x86_64-linux-gnu/libc.so.6)

[rank13]:[W810 04:07:13.374344602 TCPStore.cpp:125] [c10d] recvValue failed on SocketImpl(fd=102, addr=[b300-1-ana8db87-0004]:33084, remote=[b300-1-3xpzznsc-0018]:29974): Failed to recv, got 0 bytes. Connection was likely closed. Did the remote server shutdown or crash?
Exception raised from recvBytes at /pytorch/torch/csrc/distributed/c10d/Utils.hpp:682 (most recent call first):
frame #0: c10::Error::Error(c10::SourceLocation, std::__cxx11::basic_string<char, std::char_traits<char>, std::allocator<char> >) + 0x9d (0x7f876ab7305d in /root/.cache/user_artifacts/trainers_main/server/.venv/lib/python3.12/site-packages/torch/lib/libc10.so)
frame #1: <unknown function> + 0x6a914bd (0x7f86d46914bd in /root/.cache/user_artifacts/trainers_main/server/.venv/lib/python3.12/site-packages/torch/lib/libtorch_cpu.so)
frame #2: c10d::TCPStore::check(std::vector<std::__cxx11::basic_string<char, std::char_traits<char>, std::allocator<char> >, std::allocator<std::__cxx11::basic_string<char, std::char_traits<char>, std::allocator<char> > > > const&) + 0x273 (0x7f86d468f413 in /root/.cache/user_artifacts/trainers_main/server/.venv/lib/python3.12/site-packages/torch/lib/libtorch_cpu.so)
frame #3: c10d::ProcessGroupNCCL::HeartbeatMonitor::runLoop() + 0x4a5 (0x7f86b6cff8c5 in /root/.cache/user_artifacts/trainers_main/server/.venv/lib/python3.12/site-packages/torch/lib/libtorch_cuda.so)
frame #4: <unknown function> + 0xecdb4 (0x7f876bd77db4 in /lib/x86_64-linux-gnu/libstdc++.so.6)
frame #5: <unknown function> + 0x9caa4 (0x7f876d59caa4 in /lib/x86_64-linux-gnu/libc.so.6)
frame #6: <unknown function> + 0x129c3c (0x7f876d629c3c in /lib/x86_64-linux-gnu/libc.so.6)

[rank9]:[W810 04:07:13.376180649 ProcessGroupNCCL.cpp:1826] [PG ID 0 PG GUID 0(default_pg) Rank 9] Failed to check the "should dump" flag on TCPStore, (maybe TCPStore server has shut down too early), with error: Failed to recv, got 0 bytes. Connection was likely closed. Did the remote server shutdown or crash?
[rank13]:[W810 04:07:13.376192176 ProcessGroupNCCL.cpp:1826] [PG ID 0 PG GUID 0(default_pg) Rank 13] Failed to check the "should dump" flag on TCPStore, (maybe TCPStore server has shut down too early), with error: Failed to recv, got 0 bytes. Connection was likely closed. Did the remote server shutdown or crash?
[rank12]:[W810 04:07:13.418771135 TCPStore.cpp:125] [c10d] recvValue failed on SocketImpl(fd=102, addr=[b300-1-ana8db87-0004]:33096, remote=[b300-1-3xpzznsc-0018]:29974): Failed to recv, got 0 bytes. Connection was likely closed. Did the remote server shutdown or crash?
Exception raised from recvBytes at /pytorch/torch/csrc/distributed/c10d/Utils.hpp:682 (most recent call first):
frame #0: c10::Error::Error(c10::SourceLocation, std::__cxx11::basic_string<char, std::char_traits<char>, std::allocator<char> >) + 0x9d (0x7fd2e557305d in /root/.cache/user_artifacts/trainers_main/server/.venv/lib/python3.12/site-packages/torch/lib/libc10.so)
frame #1: <unknown function> + 0x6a914bd (0x7fd24f4914bd in /root/.cache/user_artifacts/trainers_main/server/.venv/lib/python3.12/site-packages/torch/lib/libtorch_cpu.so)
frame #2: c10d::TCPStore::check(std::vector<std::__cxx11::basic_string<char, std::char_traits<char>, std::allocator<char> >, std::allocator<std::__cxx11::basic_string<char, std::char_traits<char>, std::allocator<char> > > > const&) + 0x273 (0x7fd24f48f413 in /root/.cache/user_artifacts/trainers_main/server/.venv/lib/python3.12/site-packages/torch/lib/libtorch_cpu.so)
frame #3: c10d::ProcessGroupNCCL::HeartbeatMonitor::runLoop() + 0x4a5 (0x7fd231aff8c5 in /root/.cache/user_artifacts/trainers_main/server/.venv/lib/python3.12/site-packages/torch/lib/libtorch_cuda.so)
frame #4: <unknown function> + 0xecdb4 (0x7fd2e6a4fdb4 in /lib/x86_64-linux-gnu/libstdc++.so.6)
frame #5: <unknown function> + 0x9caa4 (0x7fd2e8274aa4 in /lib/x86_64-linux-gnu/libc.so.6)
frame #6: <unknown function> + 0x129c3c (0x7fd2e8301c3c in /lib/x86_64-linux-gnu/libc.so.6)

[rank12]:[W810 04:07:13.421177240 ProcessGroupNCCL.cpp:1826] [PG ID 0 PG GUID 0(default_pg) Rank 12] Failed to check the "should dump" flag on TCPStore, (maybe TCPStore server has shut down too early), with error: Failed to recv, got 0 bytes. Connection was likely closed. Did the remote server shutdown or crash?
[rank15]:[W810 04:07:14.791936803 TCPStore.cpp:106] [c10d] sendBytes failed on SocketImpl(fd=102, addr=[b300-1-ana8db87-0004]:53976, remote=[b300-1-3xpzznsc-0018]:29974): Broken pipe
Exception raised from sendBytes at /pytorch/torch/csrc/distributed/c10d/Utils.hpp:653 (most recent call first):
frame #0: c10::Error::Error(c10::SourceLocation, std::__cxx11::basic_string<char, std::char_traits<char>, std::allocator<char> >) + 0x9d (0x7f5735b7305d in /root/.cache/user_artifacts/trainers_main/server/.venv/lib/python3.12/site-packages/torch/lib/libc10.so)
frame #1: <unknown function> + 0x6a90931 (0x7f569f690931 in /root/.cache/user_artifacts/trainers_main/server/.venv/lib/python3.12/site-packages/torch/lib/libtorch_cpu.so)
frame #2: c10d::TCPStore::check(std::vector<std::__cxx11::basic_string<char, std::char_traits<char>, std::allocator<char> >, std::allocator<std::__cxx11::basic_string<char, std::char_traits<char>, std::allocator<char> > > > const&) + 0x24d (0x7f569f68f3ed in /root/.cache/user_artifacts/trainers_main/server/.venv/lib/python3.12/site-packages/torch/lib/libtorch_cpu.so)
frame #3: c10d::ProcessGroupNCCL::HeartbeatMonitor::runLoop() + 0x4a5 (0x7f5681cff8c5 in /root/.cache/user_artifacts/trainers_main/server/.venv/lib/python3.12/site-packages/torch/lib/libtorch_cuda.so)
frame #4: <unknown function> + 0xecdb4 (0x7f5736d9adb4 in /lib/x86_64-linux-gnu/libstdc++.so.6)
frame #5: <unknown function> + 0x9caa4 (0x7f57385b9aa4 in /lib/x86_64-linux-gnu/libc.so.6)
frame #6: <unknown function> + 0x129c3c (0x7f5738646c3c in /lib/x86_64-linux-gnu/libc.so.6)

[rank15]:[W810 04:07:14.793689599 ProcessGroupNCCL.cpp:1826] [PG ID 0 PG GUID 0(default_pg) Rank 15] Failed to check the "should dump" flag on TCPStore, (maybe TCPStore server has shut down too early), with error: Broken pipe
[rank8]:[W810 04:07:14.013464620 TCPStore.cpp:106] [c10d] sendBytes failed on SocketImpl(fd=102, addr=[b300-1-ana8db87-0004]:33090, remote=[b300-1-3xpzznsc-0018]:29974): Broken pipe
Exception raised from sendBytes at /pytorch/torch/csrc/distributed/c10d/Utils.hpp:653 (most recent call first):
frame #0: c10::Error::Error(c10::SourceLocation, std::__cxx11::basic_string<char, std::char_traits<char>, std::allocator<char> >) + 0x9d (0x7f8affd7305d in /root/.cache/user_artifacts/trainers_main/server/.venv/lib/python3.12/site-packages/torch/lib/libc10.so)
frame #1: <unknown function> + 0x6a90931 (0x7f8a69c90931 in /root/.cache/user_artifacts/trainers_main/server/.venv/lib/python3.12/site-packages/torch/lib/libtorch_cpu.so)
frame #2: c10d::TCPStore::check(std::vector<std::__cxx11::basic_string<char, std::char_traits<char>, std::allocator<char> >, std::allocator<std::__cxx11::basic_string<char, std::char_traits<char>, std::allocator<char> > > > const&) + 0x24d (0x7f8a69c8f3ed in /root/.cache/user_artifacts/trainers_main/server/.venv/lib/python3.12/site-packages/torch/lib/libtorch_cpu.so)
frame #3: c10d::ProcessGroupNCCL::HeartbeatMonitor::runLoop() + 0x4a5 (0x7f8a4c2ff8c5 in /root/.cache/user_artifacts/trainers_main/server/.venv/lib/python3.12/site-packages/torch/lib/libtorch_cuda.so)
frame #4: <unknown function> + 0xecdb4 (0x7f8b01284db4 in /lib/x86_64-linux-gnu/libstdc++.so.6)
frame #5: <unknown function> + 0x9caa4 (0x7f8b02aa3aa4 in /lib/x86_64-linux-gnu/libc.so.6)
frame #6: <unknown function> + 0x129c3c (0x7f8b02b30c3c in /lib/x86_64-linux-gnu/libc.so.6)

[rank8]:[W810 04:07:14.015601039 ProcessGroupNCCL.cpp:1826] [PG ID 0 PG GUID 0(default_pg) Rank 8] Failed to check the "should dump" flag on TCPStore, (maybe TCPStore server has shut down too early), with error: Broken pipe
[rank14]:[W810 04:07:14.176012940 TCPStore.cpp:106] [c10d] sendBytes failed on SocketImpl(fd=102, addr=[b300-1-ana8db87-0004]:53970, remote=[b300-1-3xpzznsc-0018]:29974): Broken pipe
Exception raised from sendBytes at /pytorch/torch/csrc/distributed/c10d/Utils.hpp:653 (most recent call first):
frame #0: c10::Error::Error(c10::SourceLocation, std::__cxx11::basic_string<char, std::char_traits<char>, std::allocator<char> >) + 0x9d (0x7f09d557305d in /root/.cache/user_artifacts/trainers_main/server/.venv/lib/python3.12/site-packages/torch/lib/libc10.so)
frame #1: <unknown function> + 0x6a90931 (0x7f093f490931 in /root/.cache/user_artifacts/trainers_main/server/.venv/lib/python3.12/site-packages/torch/lib/libtorch_cpu.so)
frame #2: c10d::TCPStore::check(std::vector<std::__cxx11::basic_string<char, std::char_traits<char>, std::allocator<char> >, std::allocator<std::__cxx11::basic_string<char, std::char_traits<char>, std::allocator<char> > > > const&) + 0x24d (0x7f093f48f3ed in /root/.cache/user_artifacts/trainers_main/server/.venv/lib/python3.12/site-packages/torch/lib/libtorch_cpu.so)
frame #3: c10d::ProcessGroupNCCL::HeartbeatMonitor::runLoop() + 0x4a5 (0x7f0921aff8c5 in /root/.cache/user_artifacts/trainers_main/server/.venv/lib/python3.12/site-packages/torch/lib/libtorch_cuda.so)
frame #4: <unknown function> + 0xecdb4 (0x7f09d69e8db4 in /lib/x86_64-linux-gnu/libstdc++.so.6)
frame #5: <unknown function> + 0x9caa4 (0x7f09d8207aa4 in /lib/x86_64-linux-gnu/libc.so.6)
frame #6: <unknown function> + 0x129c3c (0x7f09d8294c3c in /lib/x86_64-linux-gnu/libc.so.6)

[rank14]:[W810 04:07:14.177673688 ProcessGroupNCCL.cpp:1826] [PG ID 0 PG GUID 0(default_pg) Rank 14] Failed to check the "should dump" flag on TCPStore, (maybe TCPStore server has shut down too early), with error: Broken pipe
[rank9]:[W810 04:07:14.376325746 TCPStore.cpp:106] [c10d] sendBytes failed on SocketImpl(fd=102, addr=[b300-1-ana8db87-0004]:33104, remote=[b300-1-3xpzznsc-0018]:29974): Broken pipe
Exception raised from sendBytes at /pytorch/torch/csrc/distributed/c10d/Utils.hpp:653 (most recent call first):
frame #0: c10::Error::Error(c10::SourceLocation, std::__cxx11::basic_string<char, std::char_traits<char>, std::allocator<char> >) + 0x9d (0x7f874777305d in /root/.cache/user_artifacts/trainers_main/server/.venv/lib/python3.12/site-packages/torch/lib/libc10.so)
frame #1: <unknown function> + 0x6a90931 (0x7f86b1690931 in /root/.cache/user_artifacts/trainers_main/server/.venv/lib/python3.12/site-packages/torch/lib/libtorch_cpu.so)
frame #2: c10d::TCPStore::check(std::vector<std::__cxx11::basic_string<char, std::char_traits<char>, std::allocator<char> >, std::allocator<std::__cxx11::basic_string<char, std::char_traits<char>, std::allocator<char> > > > const&) + 0x24d (0x7f86b168f3ed in /root/.cache/user_artifacts/trainers_main/server/.venv/lib/python3.12/site-packages/torch/lib/libtorch_cpu.so)
frame #3: c10d::ProcessGroupNCCL::HeartbeatMonitor::runLoop() + 0x4a5 (0x7f8693cff8c5 in /root/.cache/user_artifacts/trainers_main/server/.venv/lib/python3.12/site-packages/torch/lib/libtorch_cuda.so)
frame #4: <unknown function> + 0xecdb4 (0x7f8748c24db4 in /lib/x86_64-linux-gnu/libstdc++.so.6)
frame #5: <unknown function> + 0x9caa4 (0x7f874a443aa4 in /lib/x86_64-linux-gnu/libc.so.6)
frame #6: <unknown function> + 0x129c3c (0x7f874a4d0c3c in /lib/x86_64-linux-gnu/libc.so.6)

[rank13]:[W810 04:07:14.376324214 TCPStore.cpp:106] [c10d] sendBytes failed on SocketImpl(fd=102, addr=[b300-1-ana8db87-0004]:33084, remote=[b300-1-3xpzznsc-0018]:29974): Broken pipe
Exception raised from sendBytes at /pytorch/torch/csrc/distributed/c10d/Utils.hpp:653 (most recent call first):
frame #0: c10::Error::Error(c10::SourceLocation, std::__cxx11::basic_string<char, std::char_traits<char>, std::allocator<char> >) + 0x9d (0x7f876ab7305d in /root/.cache/user_artifacts/trainers_main/server/.venv/lib/python3.12/site-packages/torch/lib/libc10.so)
frame #1: <unknown function> + 0x6a90931 (0x7f86d4690931 in /root/.cache/user_artifacts/trainers_main/server/.venv/lib/python3.12/site-packages/torch/lib/libtorch_cpu.so)
frame #2: c10d::TCPStore::check(std::vector<std::__cxx11::basic_string<char, std::char_traits<char>, std::allocator<char> >, std::allocator<std::__cxx11::basic_string<char, std::char_traits<char>, std::allocator<char> > > > const&) + 0x24d (0x7f86d468f3ed in /root/.cache/user_artifacts/trainers_main/server/.venv/lib/python3.12/site-packages/torch/lib/libtorch_cpu.so)
frame #3: c10d::ProcessGroupNCCL::HeartbeatMonitor::runLoop() + 0x4a5 (0x7f86b6cff8c5 in /root/.cache/user_artifacts/trainers_main/server/.venv/lib/python3.12/site-packages/torch/lib/libtorch_cuda.so)
frame #4: <unknown function> + 0xecdb4 (0x7f876bd77db4 in /lib/x86_64-linux-gnu/libstdc++.so.6)
frame #5: <unknown function> + 0x9caa4 (0x7f876d59caa4 in /lib/x86_64-linux-gnu/libc.so.6)
frame #6: <unknown function> + 0x129c3c (0x7f876d629c3c in /lib/x86_64-linux-gnu/libc.so.6)

[rank9]:[W810 04:07:14.377985080 ProcessGroupNCCL.cpp:1826] [PG ID 0 PG GUID 0(default_pg) Rank 9] Failed to check the "should dump" flag on TCPStore, (maybe TCPStore server has shut down too early), with error: Broken pipe
[rank13]:[W810 04:07:14.377992757 ProcessGroupNCCL.cpp:1826] [PG ID 0 PG GUID 0(default_pg) Rank 13] Failed to check the "should dump" flag on TCPStore, (maybe TCPStore server has shut down too early), with error: Broken pipe
[rank12]:[W810 04:07:14.421295872 TCPStore.cpp:106] [c10d] sendBytes failed on SocketImpl(fd=102, addr=[b300-1-ana8db87-0004]:33096, remote=[b300-1-3xpzznsc-0018]:29974): Broken pipe
Exception raised from sendBytes at /pytorch/torch/csrc/distributed/c10d/Utils.hpp:653 (most recent call first):
frame #0: c10::Error::Error(c10::SourceLocation, std::__cxx11::basic_string<char, std::char_traits<char>, std::allocator<char> >) + 0x9d (0x7fd2e557305d in /root/.cache/user_artifacts/trainers_main/server/.venv/lib/python3.12/site-packages/torch/lib/libc10.so)
frame #1: <unknown function> + 0x6a90931 (0x7fd24f490931 in /root/.cache/user_artifacts/trainers_main/server/.venv/lib/python3.12/site-packages/torch/lib/libtorch_cpu.so)
frame #2: c10d::TCPStore::check(std::vector<std::__cxx11::basic_string<char, std::char_traits<char>, std::allocator<char> >, std::allocator<std::__cxx11::basic_string<char, std::char_traits<char>, std::allocator<char> > > > const&) + 0x24d (0x7fd24f48f3ed in /root/.cache/user_artifacts/trainers_main/server/.venv/lib/python3.12/site-packages/torch/lib/libtorch_cpu.so)
frame #3: c10d::ProcessGroupNCCL::HeartbeatMonitor::runLoop() + 0x4a5 (0x7fd231aff8c5 in /root/.cache/user_artifacts/trainers_main/server/.venv/lib/python3.12/site-packages/torch/lib/libtorch_cuda.so)
frame #4: <unknown function> + 0xecdb4 (0x7fd2e6a4fdb4 in /lib/x86_64-linux-gnu/libstdc++.so.6)
frame #5: <unknown function> + 0x9caa4 (0x7fd2e8274aa4 in /lib/x86_64-linux-gnu/libc.so.6)
frame #6: <unknown function> + 0x129c3c (0x7fd2e8301c3c in /lib/x86_64-linux-gnu/libc.so.6)

[rank12]:[W810 04:07:14.423449829 ProcessGroupNCCL.cpp:1826] [PG ID 0 PG GUID 0(default_pg) Rank 12] Failed to check the "should dump" flag on TCPStore, (maybe TCPStore server has shut down too early), with error: Broken pipe
/usr/lib/python3.12/multiprocessing/resource_tracker.py:254: UserWarning: resource_tracker: There appear to be 19 leaked semaphore objects to clean up at shutdown
  warnings.warn('resource_tracker: There appear to be %d '
/usr/lib/python3.12/multiprocessing/resource_tracker.py:254: UserWarning: resource_tracker: There appear to be 19 leaked semaphore objects to clean up at shutdown
  warnings.warn('resource_tracker: There appear to be %d '
/usr/lib/python3.12/multiprocessing/resource_tracker.py:254: UserWarning: resource_tracker: There appear to be 19 leaked semaphore objects to clean up at shutdown
  warnings.warn('resource_tracker: There appear to be %d '
/usr/lib/python3.12/multiprocessing/resource_tracker.py:254: UserWarning: resource_tracker: There appear to be 19 leaked semaphore objects to clean up at shutdown
  warnings.warn('resource_tracker: There appear to be %d '
/usr/lib/python3.12/multiprocessing/resource_tracker.py:254: UserWarning: resource_tracker: There appear to be 19 leaked semaphore objects to clean up at shutdown
  warnings.warn('resource_tracker: There appear to be %d '
/usr/lib/python3.12/multiprocessing/resource_tracker.py:254: UserWarning: resource_tracker: There appear to be 19 leaked semaphore objects to clean up at shutdown
  warnings.warn('resource_tracker: There appear to be %d '
/usr/lib/python3.12/multiprocessing/resource_tracker.py:254: UserWarning: resource_tracker: There appear to be 19 leaked semaphore objects to clean up at shutdown
  warnings.warn('resource_tracker: There appear to be %d '
srun: error: b300-1-3xpzznsc-0018: task 0: Exited with exit code 1
[rank15]:[W810 04:07:15.793800217 TCPStore.cpp:106] [c10d] sendBytes failed on SocketImpl(fd=102, addr=[b300-1-ana8db87-0004]:53976, remote=[b300-1-3xpzznsc-0018]:29974): Broken pipe
Exception raised from sendBytes at /pytorch/torch/csrc/distributed/c10d/Utils.hpp:653 (most recent call first):
frame #0: c10::Error::Error(c10::SourceLocation, std::__cxx11::basic_string<char, std::char_traits<char>, std::allocator<char> >) + 0x9d (0x7f5735b7305d in /root/.cache/user_artifacts/trainers_main/server/.venv/lib/python3.12/site-packages/torch/lib/libc10.so)
frame #1: <unknown function> + 0x6a90931 (0x7f569f690931 in /root/.cache/user_artifacts/trainers_main/server/.venv/lib/python3.12/site-packages/torch/lib/libtorch_cpu.so)
frame #2: c10d::TCPStore::check(std::vector<std::__cxx11::basic_string<char, std::char_traits<char>, std::allocator<char> >, std::allocator<std::__cxx11::basic_string<char, std::char_traits<char>, std::allocator<char> > > > const&) + 0x24d (0x7f569f68f3ed in /root/.cache/user_artifacts/trainers_main/server/.venv/lib/python3.12/site-packages/torch/lib/libtorch_cpu.so)
frame #3: c10d::ProcessGroupNCCL::HeartbeatMonitor::runLoop() + 0x4a5 (0x7f5681cff8c5 in /root/.cache/user_artifacts/trainers_main/server/.venv/lib/python3.12/site-packages/torch/lib/libtorch_cuda.so)
frame #4: <unknown function> + 0xecdb4 (0x7f5736d9adb4 in /lib/x86_64-linux-gnu/libstdc++.so.6)
frame #5: <unknown function> + 0x9caa4 (0x7f57385b9aa4 in /lib/x86_64-linux-gnu/libc.so.6)
frame #6: <unknown function> + 0x129c3c (0x7f5738646c3c in /lib/x86_64-linux-gnu/libc.so.6)

[rank15]:[W810 04:07:15.795481062 ProcessGroupNCCL.cpp:1826] [PG ID 0 PG GUID 0(default_pg) Rank 15] Failed to check the "should dump" flag on TCPStore, (maybe TCPStore server has shut down too early), with error: Broken pipe
[rank8]:[W810 04:07:15.015722827 TCPStore.cpp:106] [c10d] sendBytes failed on SocketImpl(fd=102, addr=[b300-1-ana8db87-0004]:33090, remote=[b300-1-3xpzznsc-0018]:29974): Broken pipe
Exception raised from sendBytes at /pytorch/torch/csrc/distributed/c10d/Utils.hpp:653 (most recent call first):
frame #0: c10::Error::Error(c10::SourceLocation, std::__cxx11::basic_string<char, std::char_traits<char>, std::allocator<char> >) + 0x9d (0x7f8affd7305d in /root/.cache/user_artifacts/trainers_main/server/.venv/lib/python3.12/site-packages/torch/lib/libc10.so)
frame #1: <unknown function> + 0x6a90931 (0x7f8a69c90931 in /root/.cache/user_artifacts/trainers_main/server/.venv/lib/python3.12/site-packages/torch/lib/libtorch_cpu.so)
frame #2: c10d::TCPStore::check(std::vector<std::__cxx11::basic_string<char, std::char_traits<char>, std::allocator<char> >, std::allocator<std::__cxx11::basic_string<char, std::char_traits<char>, std::allocator<char> > > > const&) + 0x24d (0x7f8a69c8f3ed in /root/.cache/user_artifacts/trainers_main/server/.venv/lib/python3.12/site-packages/torch/lib/libtorch_cpu.so)
frame #3: c10d::ProcessGroupNCCL::HeartbeatMonitor::runLoop() + 0x4a5 (0x7f8a4c2ff8c5 in /root/.cache/user_artifacts/trainers_main/server/.venv/lib/python3.12/site-packages/torch/lib/libtorch_cuda.so)
frame #4: <unknown function> + 0xecdb4 (0x7f8b01284db4 in /lib/x86_64-linux-gnu/libstdc++.so.6)
frame #5: <unknown function> + 0x9caa4 (0x7f8b02aa3aa4 in /lib/x86_64-linux-gnu/libc.so.6)
frame #6: <unknown function> + 0x129c3c (0x7f8b02b30c3c in /lib/x86_64-linux-gnu/libc.so.6)

[rank8]:[W810 04:07:15.017417601 ProcessGroupNCCL.cpp:1826] [PG ID 0 PG GUID 0(default_pg) Rank 8] Failed to check the "should dump" flag on TCPStore, (maybe TCPStore server has shut down too early), with error: Broken pipe
[rank14]:[W810 04:07:15.177794029 TCPStore.cpp:106] [c10d] sendBytes failed on SocketImpl(fd=102, addr=[b300-1-ana8db87-0004]:53970, remote=[b300-1-3xpzznsc-0018]:29974): Broken pipe
Exception raised from sendBytes at /pytorch/torch/csrc/distributed/c10d/Utils.hpp:653 (most recent call first):
frame #0: c10::Error::Error(c10::SourceLocation, std::__cxx11::basic_string<char, std::char_traits<char>, std::allocator<char> >) + 0x9d (0x7f09d557305d in /root/.cache/user_artifacts/trainers_main/server/.venv/lib/python3.12/site-packages/torch/lib/libc10.so)
frame #1: <unknown function> + 0x6a90931 (0x7f093f490931 in /root/.cache/user_artifacts/trainers_main/server/.venv/lib/python3.12/site-packages/torch/lib/libtorch_cpu.so)
frame #2: c10d::TCPStore::check(std::vector<std::__cxx11::basic_string<char, std::char_traits<char>, std::allocator<char> >, std::allocator<std::__cxx11::basic_string<char, std::char_traits<char>, std::allocator<char> > > > const&) + 0x24d (0x7f093f48f3ed in /root/.cache/user_artifacts/trainers_main/server/.venv/lib/python3.12/site-packages/torch/lib/libtorch_cpu.so)
frame #3: c10d::ProcessGroupNCCL::HeartbeatMonitor::runLoop() + 0x4a5 (0x7f0921aff8c5 in /root/.cache/user_artifacts/trainers_main/server/.venv/lib/python3.12/site-packages/torch/lib/libtorch_cuda.so)
frame #4: <unknown function> + 0xecdb4 (0x7f09d69e8db4 in /lib/x86_64-linux-gnu/libstdc++.so.6)
frame #5: <unknown function> + 0x9caa4 (0x7f09d8207aa4 in /lib/x86_64-linux-gnu/libc.so.6)
frame #6: <unknown function> + 0x129c3c (0x7f09d8294c3c in /lib/x86_64-linux-gnu/libc.so.6)

[rank14]:[W810 04:07:15.179445970 ProcessGroupNCCL.cpp:1826] [PG ID 0 PG GUID 0(default_pg) Rank 14] Failed to check the "should dump" flag on TCPStore, (maybe TCPStore server has shut down too early), with error: Broken pipe
[rank9]:[W810 04:07:15.378108798 TCPStore.cpp:106] [c10d] sendBytes failed on SocketImpl(fd=102, addr=[b300-1-ana8db87-0004]:33104, remote=[b300-1-3xpzznsc-0018]:29974): Broken pipe
Exception raised from sendBytes at /pytorch/torch/csrc/distributed/c10d/Utils.hpp:653 (most recent call first):
frame #0: c10::Error::Error(c10::SourceLocation, std::__cxx11::basic_string<char, std::char_traits<char>, std::allocator<char> >) + 0x9d (0x7f874777305d in /root/.cache/user_artifacts/trainers_main/server/.venv/lib/python3.12/site-packages/torch/lib/libc10.so)
frame #1: <unknown function> + 0x6a90931 (0x7f86b1690931 in /root/.cache/user_artifacts/trainers_main/server/.venv/lib/python3.12/site-packages/torch/lib/libtorch_cpu.so)
frame #2: c10d::TCPStore::check(std::vector<std::__cxx11::basic_string<char, std::char_traits<char>, std::allocator<char> >, std::allocator<std::__cxx11::basic_string<char, std::char_traits<char>, std::allocator<char> > > > const&) + 0x24d (0x7f86b168f3ed in /root/.cache/user_artifacts/trainers_main/server/.venv/lib/python3.12/site-packages/torch/lib/libtorch_cpu.so)
frame #3: c10d::ProcessGroupNCCL::HeartbeatMonitor::runLoop() + 0x4a5 (0x7f8693cff8c5 in /root/.cache/user_artifacts/trainers_main/server/.venv/lib/python3.12/site-packages/torch/lib/libtorch_cuda.so)
frame #4: <unknown function> + 0xecdb4 (0x7f8748c24db4 in /lib/x86_64-linux-gnu/libstdc++.so.6)
frame #5: <unknown function> + 0x9caa4 (0x7f874a443aa4 in /lib/x86_64-linux-gnu/libc.so.6)
frame #6: <unknown function> + 0x129c3c (0x7f874a4d0c3c in /lib/x86_64-linux-gnu/libc.so.6)

[rank9]:[W810 04:07:15.379764368 ProcessGroupNCCL.cpp:1826] [PG ID 0 PG GUID 0(default_pg) Rank 9] Failed to check the "should dump" flag on TCPStore, (maybe TCPStore server has shut down too early), with error: Broken pipe
[rank13]:[W810 04:07:15.378124395 TCPStore.cpp:106] [c10d] sendBytes failed on SocketImpl(fd=102, addr=[b300-1-ana8db87-0004]:33084, remote=[b300-1-3xpzznsc-0018]:29974): Broken pipe
Exception raised from sendBytes at /pytorch/torch/csrc/distributed/c10d/Utils.hpp:653 (most recent call first):
frame #0: c10::Error::Error(c10::SourceLocation, std::__cxx11::basic_string<char, std::char_traits<char>, std::allocator<char> >) + 0x9d (0x7f876ab7305d in /root/.cache/user_artifacts/trainers_main/server/.venv/lib/python3.12/site-packages/torch/lib/libc10.so)
frame #1: <unknown function> + 0x6a90931 (0x7f86d4690931 in /root/.cache/user_artifacts/trainers_main/server/.venv/lib/python3.12/site-packages/torch/lib/libtorch_cpu.so)
frame #2: c10d::TCPStore::check(std::vector<std::__cxx11::basic_string<char, std::char_traits<char>, std::allocator<char> >, std::allocator<std::__cxx11::basic_string<char, std::char_traits<char>, std::allocator<char> > > > const&) + 0x24d (0x7f86d468f3ed in /root/.cache/user_artifacts/trainers_main/server/.venv/lib/python3.12/site-packages/torch/lib/libtorch_cpu.so)
frame #3: c10d::ProcessGroupNCCL::HeartbeatMonitor::runLoop() + 0x4a5 (0x7f86b6cff8c5 in /root/.cache/user_artifacts/trainers_main/server/.venv/lib/python3.12/site-packages/torch/lib/libtorch_cuda.so)
frame #4: <unknown function> + 0xecdb4 (0x7f876bd77db4 in /lib/x86_64-linux-gnu/libstdc++.so.6)
frame #5: <unknown function> + 0x9caa4 (0x7f876d59caa4 in /lib/x86_64-linux-gnu/libc.so.6)
frame #6: <unknown function> + 0x129c3c (0x7f876d629c3c in /lib/x86_64-linux-gnu/libc.so.6)

[rank13]:[W810 04:07:15.379787580 ProcessGroupNCCL.cpp:1826] [PG ID 0 PG GUID 0(default_pg) Rank 13] Failed to check the "should dump" flag on TCPStore, (maybe TCPStore server has shut down too early), with error: Broken pipe
[rank12]:[W810 04:07:15.423551952 TCPStore.cpp:106] [c10d] sendBytes failed on SocketImpl(fd=102, addr=[b300-1-ana8db87-0004]:33096, remote=[b300-1-3xpzznsc-0018]:29974): Broken pipe
Exception raised from sendBytes at /pytorch/torch/csrc/distributed/c10d/Utils.hpp:653 (most recent call first):
frame #0: c10::Error::Error(c10::SourceLocation, std::__cxx11::basic_string<char, std::char_traits<char>, std::allocator<char> >) + 0x9d (0x7fd2e557305d in /root/.cache/user_artifacts/trainers_main/server/.venv/lib/python3.12/site-packages/torch/lib/libc10.so)
frame #1: <unknown function> + 0x6a90931 (0x7fd24f490931 in /root/.cache/user_artifacts/trainers_main/server/.venv/lib/python3.12/site-packages/torch/lib/libtorch_cpu.so)
frame #2: c10d::TCPStore::check(std::vector<std::__cxx11::basic_string<char, std::char_traits<char>, std::allocator<char> >, std::allocator<std::__cxx11::basic_string<char, std::char_traits<char>, std::allocator<char> > > > const&) + 0x24d (0x7fd24f48f3ed in /root/.cache/user_artifacts/trainers_main/server/.venv/lib/python3.12/site-packages/torch/lib/libtorch_cpu.so)
frame #3: c10d::ProcessGroupNCCL::HeartbeatMonitor::runLoop() + 0x4a5 (0x7fd231aff8c5 in /root/.cache/user_artifacts/trainers_main/server/.venv/lib/python3.12/site-packages/torch/lib/libtorch_cuda.so)
frame #4: <unknown function> + 0xecdb4 (0x7fd2e6a4fdb4 in /lib/x86_64-linux-gnu/libstdc++.so.6)
frame #5: <unknown function> + 0x9caa4 (0x7fd2e8274aa4 in /lib/x86_64-linux-gnu/libc.so.6)
frame #6: <unknown function> + 0x129c3c (0x7fd2e8301c3c in /lib/x86_64-linux-gnu/libc.so.6)

[rank12]:[W810 04:07:15.425689138 ProcessGroupNCCL.cpp:1826] [PG ID 0 PG GUID 0(default_pg) Rank 12] Failed to check the "should dump" flag on TCPStore, (maybe TCPStore server has shut down too early), with error: Broken pipe
W0810 04:07:16.174000 25793 torch/distributed/elastic/multiprocessing/api.py:1012] Sending process 25877 closing signal SIGTERM
W0810 04:07:16.179000 25793 torch/distributed/elastic/multiprocessing/api.py:1012] Sending process 25878 closing signal SIGTERM
W0810 04:07:16.181000 25793 torch/distributed/elastic/multiprocessing/api.py:1012] Sending process 25881 closing signal SIGTERM
W0810 04:07:16.182000 25793 torch/distributed/elastic/multiprocessing/api.py:1012] Sending process 25882 closing signal SIGTERM
W0810 04:07:16.184000 25793 torch/distributed/elastic/multiprocessing/api.py:1012] Sending process 25883 closing signal SIGTERM
W0810 04:07:16.185000 25793 torch/distributed/elastic/multiprocessing/api.py:1012] Sending process 25884 closing signal SIGTERM
E0810 04:07:16.190000 25793 torch/distributed/elastic/multiprocessing/api.py:986] failed (exitcode: 1) local_rank: 2 (pid: 25879) of binary: /root/.cache/user_artifacts/trainers_main/server/.venv/bin/python3
Traceback (most recent call last):
  File "/root/.cache/user_artifacts/trainers_main/server/.venv/bin/torchrun", line 10, in <module>
    sys.exit(main())
             ^^^^^^
  File "/root/.cache/user_artifacts/trainers_main/server/.venv/lib/python3.12/site-packages/torch/distributed/elastic/multiprocessing/errors/__init__.py", line 362, in wrapper
    return f(*args, **kwargs)
           ^^^^^^^^^^^^^^^^^^
  File "/root/.cache/user_artifacts/trainers_main/server/.venv/lib/python3.12/site-packages/torch/distributed/run.py", line 990, in main
    run(args)
  File "/root/.cache/user_artifacts/trainers_main/server/.venv/lib/python3.12/site-packages/torch/distributed/run.py", line 981, in run
    elastic_launch(
  File "/root/.cache/user_artifacts/trainers_main/server/.venv/lib/python3.12/site-packages/torch/distributed/launcher/api.py", line 170, in __call__
    return launch_agent(self._config, self._entrypoint, list(args))
           ^^^^^^^^^^^^^^^^^^^^^^^^^^^^^^^^^^^^^^^^^^^^^^^^^^^^^^^^
  File "/root/.cache/user_artifacts/trainers_main/server/.venv/lib/python3.12/site-packages/torch/distributed/launcher/api.py", line 317, in launch_agent
    raise ChildFailedError(
torch.distributed.elastic.multiprocessing.errors.ChildFailedError: 
============================================================
trainers_server.dp_worker.main FAILED
------------------------------------------------------------
Failures:
[1]:
  time      : 2026-08-10_04:07:16
  host      : b300-1-ana8db87-0004
  rank      : 11 (local_rank: 3)
  exitcode  : 1 (pid: 25880)
  error_file: <N/A>
  traceback : To enable traceback see: https://pytorch.org/docs/stable/elastic/errors.html
[2]:
  time      : 2026-08-10_04:07:16
  host      : b300-1-ana8db87-0004
  rank      : 8 (local_rank: 0)
  exitcode  : -15 (pid: 25877)
  error_file: <N/A>
  traceback : Signal 15 (SIGTERM) received by PID 25877
[3]:
  time      : 2026-08-10_04:07:16
  host      : b300-1-ana8db87-0004
  rank      : 9 (local_rank: 1)
  exitcode  : -15 (pid: 25878)
  error_file: <N/A>
  traceback : Signal 15 (SIGTERM) received by PID 25878
[4]:
  time      : 2026-08-10_04:07:16
  host      : b300-1-ana8db87-0004
  rank      : 12 (local_rank: 4)
  exitcode  : -15 (pid: 25881)
  error_file: <N/A>
  traceback : Signal 15 (SIGTERM) received by PID 25881
[5]:
  time      : 2026-08-10_04:07:16
  host      : b300-1-ana8db87-0004
  rank      : 13 (local_rank: 5)
  exitcode  : -15 (pid: 25882)
  error_file: <N/A>
  traceback : Signal 15 (SIGTERM) received by PID 25882
[6]:
  time      : 2026-08-10_04:07:16
  host      : b300-1-ana8db87-0004
  rank      : 14 (local_rank: 6)
  exitcode  : -15 (pid: 25883)
  error_file: <N/A>
  traceback : Signal 15 (SIGTERM) received by PID 25883
[7]:
  time      : 2026-08-10_04:07:16
  host      : b300-1-ana8db87-0004
  rank      : 15 (local_rank: 7)
  exitcode  : -15 (pid: 25884)
  error_file: <N/A>
  traceback : Signal 15 (SIGTERM) received by PID 25884
------------------------------------------------------------
Root Cause (first observed failure):
[0]:
  time      : 2026-08-10_04:07:16
  host      : b300-1-ana8db87-0004
  rank      : 10 (local_rank: 2)
  exitcode  : 1 (pid: 25879)
  error_file: <N/A>
  traceback : To enable traceback see: https://pytorch.org/docs/stable/elastic/errors.html
============================================================
/usr/lib/python3.12/multiprocessing/resource_tracker.py:254: UserWarning: resource_tracker: There appear to be 19 leaked semaphore objects to clean up at shutdown
  warnings.warn('resource_tracker: There appear to be %d '
/usr/lib/python3.12/multiprocessing/resource_tracker.py:254: UserWarning: resource_tracker: There appear to be 19 leaked semaphore objects to clean up at shutdown
  warnings.warn('resource_tracker: There appear to be %d '
/usr/lib/python3.12/multiprocessing/resource_tracker.py:254: UserWarning: resource_tracker: There appear to be 19 leaked semaphore objects to clean up at shutdown
  warnings.warn('resource_tracker: There appear to be %d '
/usr/lib/python3.12/multiprocessing/resource_tracker.py:254: UserWarning: resource_tracker: There appear to be 19 leaked semaphore objects to clean up at shutdown
  warnings.warn('resource_tracker: There appear to be %d '
/usr/lib/python3.12/multiprocessing/resource_tracker.py:254: UserWarning: resource_tracker: There appear to be 19 leaked semaphore objects to clean up at shutdown
  warnings.warn('resource_tracker: There appear to be %d '
/usr/lib/python3.12/multiprocessing/resource_tracker.py:254: UserWarning: resource_tracker: There appear to be 19 leaked semaphore objects to clean up at shutdown
  warnings.warn('resource_tracker: There appear to be %d '
srun: error: b300-1-ana8db87-0004: task 1: Exited with exit code 1
