node 1: rendezvous master=b300-1-3xpzznsc-0018 (10.1.77.30)
node 0: rendezvous master=b300-1-3xpzznsc-0018 (10.1.77.30)
/root/.cache/user_artifacts/trainers_main/server/.venv/lib/python3.12/site-packages/torch/cuda/__init__.py:61: FutureWarning: The pynvml package is deprecated. Please install nvidia-ml-py instead. If you did not install pynvml directly, please report this to the maintainers of the package that installed pynvml for you.
  import pynvml  # type: ignore[import]
/root/.cache/user_artifacts/trainers_main/server/.venv/lib/python3.12/site-packages/torch/cuda/__init__.py:61: FutureWarning: The pynvml package is deprecated. Please install nvidia-ml-py instead. If you did not install pynvml directly, please report this to the maintainers of the package that installed pynvml for you.
  import pynvml  # type: ignore[import]
W0810 06:23:11.698000 41467 torch/distributed/run.py:851] 
W0810 06:23:11.698000 41467 torch/distributed/run.py:851] *****************************************
W0810 06:23:11.698000 41467 torch/distributed/run.py:851] Setting OMP_NUM_THREADS environment variable for each process to be 1 in default, to avoid your system being overloaded, please further tune the variable for optimal performance in your application as needed. 
W0810 06:23:11.698000 41467 torch/distributed/run.py:851] *****************************************
W0810 06:23:11.781000 37045 torch/distributed/run.py:851] 
W0810 06:23:11.781000 37045 torch/distributed/run.py:851] *****************************************
W0810 06:23:11.781000 37045 torch/distributed/run.py:851] Setting OMP_NUM_THREADS environment variable for each process to be 1 in default, to avoid your system being overloaded, please further tune the variable for optimal performance in your application as needed. 
W0810 06:23:11.781000 37045 torch/distributed/run.py:851] *****************************************
/root/.cache/user_artifacts/trainers_main/server/.venv/lib/python3.12/site-packages/torch/cuda/__init__.py:61: FutureWarning: The pynvml package is deprecated. Please install nvidia-ml-py instead. If you did not install pynvml directly, please report this to the maintainers of the package that installed pynvml for you.
  import pynvml  # type: ignore[import]
/root/.cache/user_artifacts/trainers_main/server/.venv/lib/python3.12/site-packages/torch/cuda/__init__.py:61: FutureWarning: The pynvml package is deprecated. Please install nvidia-ml-py instead. If you did not install pynvml directly, please report this to the maintainers of the package that installed pynvml for you.
  import pynvml  # type: ignore[import]
/root/.cache/user_artifacts/trainers_main/server/.venv/lib/python3.12/site-packages/torch/cuda/__init__.py:61: FutureWarning: The pynvml package is deprecated. Please install nvidia-ml-py instead. If you did not install pynvml directly, please report this to the maintainers of the package that installed pynvml for you.
  import pynvml  # type: ignore[import]
/root/.cache/user_artifacts/trainers_main/server/.venv/lib/python3.12/site-packages/torch/cuda/__init__.py:61: FutureWarning: The pynvml package is deprecated. Please install nvidia-ml-py instead. If you did not install pynvml directly, please report this to the maintainers of the package that installed pynvml for you.
  import pynvml  # type: ignore[import]
/root/.cache/user_artifacts/trainers_main/server/.venv/lib/python3.12/site-packages/torch/cuda/__init__.py:61: FutureWarning: The pynvml package is deprecated. Please install nvidia-ml-py instead. If you did not install pynvml directly, please report this to the maintainers of the package that installed pynvml for you.
  import pynvml  # type: ignore[import]
/root/.cache/user_artifacts/trainers_main/server/.venv/lib/python3.12/site-packages/torch/cuda/__init__.py:61: FutureWarning: The pynvml package is deprecated. Please install nvidia-ml-py instead. If you did not install pynvml directly, please report this to the maintainers of the package that installed pynvml for you.
  import pynvml  # type: ignore[import]
/root/.cache/user_artifacts/trainers_main/server/.venv/lib/python3.12/site-packages/torch/cuda/__init__.py:61: FutureWarning: The pynvml package is deprecated. Please install nvidia-ml-py instead. If you did not install pynvml directly, please report this to the maintainers of the package that installed pynvml for you.
  import pynvml  # type: ignore[import]
/root/.cache/user_artifacts/trainers_main/server/.venv/lib/python3.12/site-packages/torch/cuda/__init__.py:61: FutureWarning: The pynvml package is deprecated. Please install nvidia-ml-py instead. If you did not install pynvml directly, please report this to the maintainers of the package that installed pynvml for you.
  import pynvml  # type: ignore[import]
/root/.cache/user_artifacts/trainers_main/server/.venv/lib/python3.12/site-packages/torch/cuda/__init__.py:61: FutureWarning: The pynvml package is deprecated. Please install nvidia-ml-py instead. If you did not install pynvml directly, please report this to the maintainers of the package that installed pynvml for you.
  import pynvml  # type: ignore[import]
/root/.cache/user_artifacts/trainers_main/server/.venv/lib/python3.12/site-packages/torch/cuda/__init__.py:61: FutureWarning: The pynvml package is deprecated. Please install nvidia-ml-py instead. If you did not install pynvml directly, please report this to the maintainers of the package that installed pynvml for you.
  import pynvml  # type: ignore[import]
/root/.cache/user_artifacts/trainers_main/server/.venv/lib/python3.12/site-packages/torch/cuda/__init__.py:61: FutureWarning: The pynvml package is deprecated. Please install nvidia-ml-py instead. If you did not install pynvml directly, please report this to the maintainers of the package that installed pynvml for you.
  import pynvml  # type: ignore[import]
/root/.cache/user_artifacts/trainers_main/server/.venv/lib/python3.12/site-packages/torch/cuda/__init__.py:61: FutureWarning: The pynvml package is deprecated. Please install nvidia-ml-py instead. If you did not install pynvml directly, please report this to the maintainers of the package that installed pynvml for you.
  import pynvml  # type: ignore[import]
/root/.cache/user_artifacts/trainers_main/server/.venv/lib/python3.12/site-packages/torch/cuda/__init__.py:61: FutureWarning: The pynvml package is deprecated. Please install nvidia-ml-py instead. If you did not install pynvml directly, please report this to the maintainers of the package that installed pynvml for you.
  import pynvml  # type: ignore[import]
/root/.cache/user_artifacts/trainers_main/server/.venv/lib/python3.12/site-packages/torch/cuda/__init__.py:61: FutureWarning: The pynvml package is deprecated. Please install nvidia-ml-py instead. If you did not install pynvml directly, please report this to the maintainers of the package that installed pynvml for you.
  import pynvml  # type: ignore[import]
/root/.cache/user_artifacts/trainers_main/server/.venv/lib/python3.12/site-packages/torch/cuda/__init__.py:61: FutureWarning: The pynvml package is deprecated. Please install nvidia-ml-py instead. If you did not install pynvml directly, please report this to the maintainers of the package that installed pynvml for you.
  import pynvml  # type: ignore[import]
/root/.cache/user_artifacts/trainers_main/server/.venv/lib/python3.12/site-packages/torch/cuda/__init__.py:61: FutureWarning: The pynvml package is deprecated. Please install nvidia-ml-py instead. If you did not install pynvml directly, please report this to the maintainers of the package that installed pynvml for you.
  import pynvml  # type: ignore[import]
/root/.cache/user_artifacts/trainers_main/server/vendor/megatron-bridge/3rdparty/Megatron-LM/megatron/core/transformer/transformer_config.py:2379: UserWarning: full scope is deprecated. Use empty cuda_graph_modules to capture the whole layer.
  warnings.warn(
/root/.cache/user_artifacts/trainers_main/server/vendor/megatron-bridge/3rdparty/Megatron-LM/megatron/core/transformer/transformer_config.py:2379: UserWarning: full scope is deprecated. Use empty cuda_graph_modules to capture the whole layer.
  warnings.warn(
/root/.cache/user_artifacts/trainers_main/server/vendor/megatron-bridge/3rdparty/Megatron-LM/megatron/core/transformer/transformer_config.py:2740: UserWarning: Using a large number of experts (e.g. >=32) without fp32 routing. Consider enabling moe_router_dtype for better numerical stability.
  warnings.warn(
/root/.cache/user_artifacts/trainers_main/server/vendor/megatron-bridge/3rdparty/Megatron-LM/megatron/core/transformer/transformer_config.py:2740: UserWarning: Using a large number of experts (e.g. >=32) without fp32 routing. Consider enabling moe_router_dtype for better numerical stability.
  warnings.warn(
/root/.cache/user_artifacts/trainers_main/server/vendor/megatron-bridge/3rdparty/Megatron-LM/megatron/core/transformer/transformer_config.py:2379: UserWarning: full scope is deprecated. Use empty cuda_graph_modules to capture the whole layer.
  warnings.warn(
/root/.cache/user_artifacts/trainers_main/server/vendor/megatron-bridge/3rdparty/Megatron-LM/megatron/core/transformer/transformer_config.py:2740: UserWarning: Using a large number of experts (e.g. >=32) without fp32 routing. Consider enabling moe_router_dtype for better numerical stability.
  warnings.warn(
/root/.cache/user_artifacts/trainers_main/server/vendor/megatron-bridge/3rdparty/Megatron-LM/megatron/core/transformer/transformer_config.py:2379: UserWarning: full scope is deprecated. Use empty cuda_graph_modules to capture the whole layer.
  warnings.warn(
/root/.cache/user_artifacts/trainers_main/server/vendor/megatron-bridge/3rdparty/Megatron-LM/megatron/core/transformer/transformer_config.py:2740: UserWarning: Using a large number of experts (e.g. >=32) without fp32 routing. Consider enabling moe_router_dtype for better numerical stability.
  warnings.warn(
/root/.cache/user_artifacts/trainers_main/server/vendor/megatron-bridge/3rdparty/Megatron-LM/megatron/core/transformer/transformer_config.py:2379: UserWarning: full scope is deprecated. Use empty cuda_graph_modules to capture the whole layer.
  warnings.warn(
/root/.cache/user_artifacts/trainers_main/server/vendor/megatron-bridge/3rdparty/Megatron-LM/megatron/core/transformer/transformer_config.py:2379: UserWarning: full scope is deprecated. Use empty cuda_graph_modules to capture the whole layer.
  warnings.warn(
/root/.cache/user_artifacts/trainers_main/server/vendor/megatron-bridge/3rdparty/Megatron-LM/megatron/core/transformer/transformer_config.py:2740: UserWarning: Using a large number of experts (e.g. >=32) without fp32 routing. Consider enabling moe_router_dtype for better numerical stability.
  warnings.warn(
/root/.cache/user_artifacts/trainers_main/server/vendor/megatron-bridge/3rdparty/Megatron-LM/megatron/core/transformer/transformer_config.py:2740: UserWarning: Using a large number of experts (e.g. >=32) without fp32 routing. Consider enabling moe_router_dtype for better numerical stability.
  warnings.warn(
/root/.cache/user_artifacts/trainers_main/server/vendor/megatron-bridge/3rdparty/Megatron-LM/megatron/core/transformer/transformer_config.py:2379: UserWarning: full scope is deprecated. Use empty cuda_graph_modules to capture the whole layer.
  warnings.warn(
/root/.cache/user_artifacts/trainers_main/server/vendor/megatron-bridge/3rdparty/Megatron-LM/megatron/core/transformer/transformer_config.py:2740: UserWarning: Using a large number of experts (e.g. >=32) without fp32 routing. Consider enabling moe_router_dtype for better numerical stability.
  warnings.warn(
/root/.cache/user_artifacts/trainers_main/server/vendor/megatron-bridge/3rdparty/Megatron-LM/megatron/core/transformer/transformer_config.py:2379: UserWarning: full scope is deprecated. Use empty cuda_graph_modules to capture the whole layer.
  warnings.warn(
/root/.cache/user_artifacts/trainers_main/server/vendor/megatron-bridge/3rdparty/Megatron-LM/megatron/core/transformer/transformer_config.py:2740: UserWarning: Using a large number of experts (e.g. >=32) without fp32 routing. Consider enabling moe_router_dtype for better numerical stability.
  warnings.warn(
/root/.cache/user_artifacts/trainers_main/server/vendor/megatron-bridge/3rdparty/Megatron-LM/megatron/core/transformer/transformer_config.py:2379: UserWarning: full scope is deprecated. Use empty cuda_graph_modules to capture the whole layer.
  warnings.warn(
/root/.cache/user_artifacts/trainers_main/server/vendor/megatron-bridge/3rdparty/Megatron-LM/megatron/core/transformer/transformer_config.py:2740: UserWarning: Using a large number of experts (e.g. >=32) without fp32 routing. Consider enabling moe_router_dtype for better numerical stability.
  warnings.warn(
/root/.cache/user_artifacts/trainers_main/server/vendor/megatron-bridge/3rdparty/Megatron-LM/megatron/core/transformer/transformer_config.py:2379: UserWarning: full scope is deprecated. Use empty cuda_graph_modules to capture the whole layer.
  warnings.warn(
/root/.cache/user_artifacts/trainers_main/server/vendor/megatron-bridge/3rdparty/Megatron-LM/megatron/core/transformer/transformer_config.py:2379: UserWarning: full scope is deprecated. Use empty cuda_graph_modules to capture the whole layer.
  warnings.warn(
/root/.cache/user_artifacts/trainers_main/server/vendor/megatron-bridge/3rdparty/Megatron-LM/megatron/core/transformer/transformer_config.py:2379: UserWarning: full scope is deprecated. Use empty cuda_graph_modules to capture the whole layer.
  warnings.warn(
/root/.cache/user_artifacts/trainers_main/server/vendor/megatron-bridge/3rdparty/Megatron-LM/megatron/core/transformer/transformer_config.py:2740: UserWarning: Using a large number of experts (e.g. >=32) without fp32 routing. Consider enabling moe_router_dtype for better numerical stability.
  warnings.warn(
/root/.cache/user_artifacts/trainers_main/server/vendor/megatron-bridge/3rdparty/Megatron-LM/megatron/core/transformer/transformer_config.py:2740: UserWarning: Using a large number of experts (e.g. >=32) without fp32 routing. Consider enabling moe_router_dtype for better numerical stability.
  warnings.warn(
/root/.cache/user_artifacts/trainers_main/server/vendor/megatron-bridge/3rdparty/Megatron-LM/megatron/core/transformer/transformer_config.py:2379: UserWarning: full scope is deprecated. Use empty cuda_graph_modules to capture the whole layer.
  warnings.warn(
/root/.cache/user_artifacts/trainers_main/server/vendor/megatron-bridge/3rdparty/Megatron-LM/megatron/core/transformer/transformer_config.py:2740: UserWarning: Using a large number of experts (e.g. >=32) without fp32 routing. Consider enabling moe_router_dtype for better numerical stability.
  warnings.warn(
/root/.cache/user_artifacts/trainers_main/server/vendor/megatron-bridge/3rdparty/Megatron-LM/megatron/core/transformer/transformer_config.py:2740: UserWarning: Using a large number of experts (e.g. >=32) without fp32 routing. Consider enabling moe_router_dtype for better numerical stability.
  warnings.warn(
/root/.cache/user_artifacts/trainers_main/server/vendor/megatron-bridge/3rdparty/Megatron-LM/megatron/core/transformer/transformer_config.py:2379: UserWarning: full scope is deprecated. Use empty cuda_graph_modules to capture the whole layer.
  warnings.warn(
/root/.cache/user_artifacts/trainers_main/server/vendor/megatron-bridge/3rdparty/Megatron-LM/megatron/core/transformer/transformer_config.py:2379: UserWarning: full scope is deprecated. Use empty cuda_graph_modules to capture the whole layer.
  warnings.warn(
/root/.cache/user_artifacts/trainers_main/server/vendor/megatron-bridge/3rdparty/Megatron-LM/megatron/core/transformer/transformer_config.py:2379: UserWarning: full scope is deprecated. Use empty cuda_graph_modules to capture the whole layer.
  warnings.warn(
/root/.cache/user_artifacts/trainers_main/server/vendor/megatron-bridge/3rdparty/Megatron-LM/megatron/core/transformer/transformer_config.py:2740: UserWarning: Using a large number of experts (e.g. >=32) without fp32 routing. Consider enabling moe_router_dtype for better numerical stability.
  warnings.warn(
/root/.cache/user_artifacts/trainers_main/server/vendor/megatron-bridge/3rdparty/Megatron-LM/megatron/core/transformer/transformer_config.py:2740: UserWarning: Using a large number of experts (e.g. >=32) without fp32 routing. Consider enabling moe_router_dtype for better numerical stability.
  warnings.warn(
/root/.cache/user_artifacts/trainers_main/server/vendor/megatron-bridge/3rdparty/Megatron-LM/megatron/core/transformer/transformer_config.py:2740: UserWarning: Using a large number of experts (e.g. >=32) without fp32 routing. Consider enabling moe_router_dtype for better numerical stability.
  warnings.warn(
WARNING:megatron.core.transformer.moe.token_dispatcher:BT_MOE_PROBS_A2A_COMM present but DISABLED (env unset or != '1'); probs all-to-all stays serialized behind the tokens all-to-all
WARNING:megatron.core.transformer.moe.token_dispatcher:BT_MOE_PROBS_A2A_COMM present but DISABLED (env unset or != '1'); probs all-to-all stays serialized behind the tokens all-to-all
WARNING:megatron.core.transformer.moe.token_dispatcher:BT_MOE_PROBS_A2A_COMM present but DISABLED (env unset or != '1'); probs all-to-all stays serialized behind the tokens all-to-all
WARNING:megatron.core.transformer.moe.token_dispatcher:BT_MOE_PROBS_A2A_COMM present but DISABLED (env unset or != '1'); probs all-to-all stays serialized behind the tokens all-to-all
WARNING:megatron.core.transformer.moe.token_dispatcher:BT_MOE_PROBS_A2A_COMM present but DISABLED (env unset or != '1'); probs all-to-all stays serialized behind the tokens all-to-all
WARNING:megatron.core.transformer.moe.token_dispatcher:BT_MOE_PROBS_A2A_COMM present but DISABLED (env unset or != '1'); probs all-to-all stays serialized behind the tokens all-to-all
WARNING:megatron.core.transformer.moe.token_dispatcher:BT_MOE_PROBS_A2A_COMM present but DISABLED (env unset or != '1'); probs all-to-all stays serialized behind the tokens all-to-all
WARNING:megatron.core.transformer.moe.token_dispatcher:BT_MOE_PROBS_A2A_COMM present but DISABLED (env unset or != '1'); probs all-to-all stays serialized behind the tokens all-to-all
WARNING:megatron.core.transformer.moe.token_dispatcher:BT_MOE_PROBS_A2A_COMM present but DISABLED (env unset or != '1'); probs all-to-all stays serialized behind the tokens all-to-all
WARNING:megatron.core.transformer.moe.token_dispatcher:BT_MOE_PROBS_A2A_COMM present but DISABLED (env unset or != '1'); probs all-to-all stays serialized behind the tokens all-to-all
WARNING:megatron.core.transformer.moe.token_dispatcher:BT_MOE_PROBS_A2A_COMM present but DISABLED (env unset or != '1'); probs all-to-all stays serialized behind the tokens all-to-all
WARNING:megatron.core.transformer.moe.token_dispatcher:BT_MOE_PROBS_A2A_COMM present but DISABLED (env unset or != '1'); probs all-to-all stays serialized behind the tokens all-to-all
WARNING:megatron.core.transformer.moe.token_dispatcher:BT_MOE_PROBS_A2A_COMM present but DISABLED (env unset or != '1'); probs all-to-all stays serialized behind the tokens all-to-all
WARNING:megatron.core.transformer.moe.token_dispatcher:BT_MOE_PROBS_A2A_COMM present but DISABLED (env unset or != '1'); probs all-to-all stays serialized behind the tokens all-to-all
WARNING:megatron.core.transformer.moe.token_dispatcher:BT_MOE_PROBS_A2A_COMM present but DISABLED (env unset or != '1'); probs all-to-all stays serialized behind the tokens all-to-all
WARNING:megatron.core.transformer.moe.token_dispatcher:BT_MOE_PROBS_A2A_COMM present but DISABLED (env unset or != '1'); probs all-to-all stays serialized behind the tokens all-to-all
WARNING:megatron.core.transformer.moe.token_dispatcher:BT_MOE_A2A_PIPELINE=2: chunked MoE A2A pipeline ACTIVE
WARNING:megatron.core.transformer.moe.token_dispatcher:BT_MOE_A2A_PIPELINE=2: chunked MoE A2A pipeline ACTIVE
WARNING:megatron.core.transformer.moe.token_dispatcher:BT_MOE_A2A_PIPELINE=2: chunked MoE A2A pipeline ACTIVE
WARNING:megatron.core.transformer.moe.token_dispatcher:BT_MOE_A2A_PIPELINE=2: chunked MoE A2A pipeline ACTIVE
WARNING:megatron.core.transformer.moe.token_dispatcher:BT_MOE_A2A_PIPELINE=2: chunked MoE A2A pipeline ACTIVE
WARNING:megatron.core.transformer.moe.token_dispatcher:BT_MOE_A2A_PIPELINE=2: chunked MoE A2A pipeline ACTIVE
WARNING:megatron.core.transformer.moe.token_dispatcher:BT_MOE_A2A_PIPELINE=2: chunked MoE A2A pipeline ACTIVE
WARNING:megatron.core.transformer.moe.token_dispatcher:BT_MOE_A2A_PIPELINE=2: chunked MoE A2A pipeline ACTIVE
WARNING:megatron.core.transformer.moe.token_dispatcher:BT_MOE_A2A_PIPELINE=2: chunked MoE A2A pipeline ACTIVE
WARNING:megatron.core.transformer.moe.token_dispatcher:BT_MOE_A2A_PIPELINE=2: chunked MoE A2A pipeline ACTIVE
WARNING:megatron.core.transformer.moe.token_dispatcher:BT_MOE_A2A_PIPELINE=2: chunked MoE A2A pipeline ACTIVE
WARNING:megatron.core.transformer.moe.token_dispatcher:BT_MOE_A2A_PIPELINE=2: chunked MoE A2A pipeline ACTIVE
[rank8]:[W810 06:23:47.322244872 ProcessGroupNCCL.cpp:5188] Guessing device ID based on global rank. This can cause a hang if rank to GPU mapping is heterogeneous. You can specify device_id in init_process_group()
/root/.cache/user_artifacts/trainers_main/server/.venv/lib/python3.12/site-packages/torch/distributed/c10d_logger.py:83: UserWarning: barrier(): using the device under current context. You can specify `device_id` in `init_process_group` to mute this warning.
  return func(*args, **kwargs)
[rank0]:[W810 06:23:47.300088130 ProcessGroupNCCL.cpp:5188] Guessing device ID based on global rank. This can cause a hang if rank to GPU mapping is heterogeneous. You can specify device_id in init_process_group()
WARNING:megatron.core.transformer.moe.token_dispatcher:BT_MOE_A2A_PIPELINE=2: chunked MoE A2A pipeline ACTIVE
WARNING:megatron.core.transformer.moe.token_dispatcher:BT_MOE_A2A_PIPELINE=2: chunked MoE A2A pipeline ACTIVE
WARNING:megatron.core.transformer.moe.token_dispatcher:BT_MOE_A2A_PIPELINE=2: chunked MoE A2A pipeline ACTIVE
WARNING:megatron.core.transformer.moe.token_dispatcher:BT_MOE_A2A_PIPELINE=2: chunked MoE A2A pipeline ACTIVE
WARNING:megatron.core.transformer.moe.token_dispatcher:BT_MOE_DISPATCH_REPLAY_CACHE present but DISABLED (env unset or != '1'); recomputing dispatcher split metadata in the recompute replay
WARNING:megatron.core.transformer.moe.token_dispatcher:BT_MOE_DISPATCH_REPLAY_CACHE present but DISABLED (env unset or != '1'); recomputing dispatcher split metadata in the recompute replay
WARNING:megatron.core.transformer.moe.token_dispatcher:BT_MOE_DISPATCH_REPLAY_CACHE present but DISABLED (env unset or != '1'); recomputing dispatcher split metadata in the recompute replay
WARNING:megatron.core.transformer.moe.token_dispatcher:BT_MOE_DISPATCH_REPLAY_CACHE present but DISABLED (env unset or != '1'); recomputing dispatcher split metadata in the recompute replay
WARNING:megatron.core.transformer.moe.token_dispatcher:BT_MOE_DISPATCH_REPLAY_CACHE present but DISABLED (env unset or != '1'); recomputing dispatcher split metadata in the recompute replay
WARNING:megatron.core.transformer.moe.token_dispatcher:BT_MOE_DISPATCH_REPLAY_CACHE present but DISABLED (env unset or != '1'); recomputing dispatcher split metadata in the recompute replay
WARNING:megatron.core.transformer.moe.token_dispatcher:BT_MOE_DISPATCH_REPLAY_CACHE present but DISABLED (env unset or != '1'); recomputing dispatcher split metadata in the recompute replay
WARNING:megatron.core.transformer.moe.token_dispatcher:BT_MOE_DISPATCH_REPLAY_CACHE present but DISABLED (env unset or != '1'); recomputing dispatcher split metadata in the recompute replay
WARNING:megatron.core.transformer.moe.token_dispatcher:BT_MOE_DISPATCH_REPLAY_CACHE present but DISABLED (env unset or != '1'); recomputing dispatcher split metadata in the recompute replay
WARNING:megatron.core.transformer.moe.token_dispatcher:BT_MOE_DISPATCH_REPLAY_CACHE present but DISABLED (env unset or != '1'); recomputing dispatcher split metadata in the recompute replay
WARNING:megatron.core.transformer.moe.token_dispatcher:BT_MOE_DISPATCH_REPLAY_CACHE present but DISABLED (env unset or != '1'); recomputing dispatcher split metadata in the recompute replay
WARNING:megatron.core.transformer.moe.token_dispatcher:BT_MOE_DISPATCH_REPLAY_CACHE present but DISABLED (env unset or != '1'); recomputing dispatcher split metadata in the recompute replay
WARNING:megatron.core.transformer.moe.token_dispatcher:BT_MOE_DISPATCH_REPLAY_CACHE present but DISABLED (env unset or != '1'); recomputing dispatcher split metadata in the recompute replay
WARNING:megatron.core.transformer.moe.token_dispatcher:BT_MOE_DISPATCH_REPLAY_CACHE present but DISABLED (env unset or != '1'); recomputing dispatcher split metadata in the recompute replay
WARNING:megatron.core.transformer.moe.token_dispatcher:BT_MOE_DISPATCH_REPLAY_CACHE present but DISABLED (env unset or != '1'); recomputing dispatcher split metadata in the recompute replay
WARNING:megatron.core.transformer.moe.token_dispatcher:BT_MOE_DISPATCH_REPLAY_CACHE present but DISABLED (env unset or != '1'); recomputing dispatcher split metadata in the recompute replay
WARNING:megatron.core.transformer.moe.moe_layer:BT_MOE_A2A_PIPELINE: armed — K=2, L=8 experts/group
WARNING:megatron.core.transformer.moe.moe_layer:BT_MOE_A2A_PIPELINE: armed — K=2, L=8 experts/group
WARNING:megatron.core.transformer.moe.moe_layer:BT_MOE_A2A_PIPELINE: armed — K=2, L=8 experts/group
WARNING:megatron.core.transformer.moe.moe_layer:BT_MOE_A2A_PIPELINE: armed — K=2, L=8 experts/group
WARNING:megatron.core.transformer.moe.moe_layer:BT_MOE_A2A_PIPELINE: armed — K=2, L=8 experts/group
WARNING:megatron.core.transformer.moe.moe_layer:BT_MOE_A2A_PIPELINE: armed — K=2, L=8 experts/group
WARNING:megatron.core.transformer.moe.moe_layer:BT_MOE_A2A_PIPELINE: armed — K=2, L=8 experts/group
WARNING:megatron.core.transformer.moe.moe_layer:BT_MOE_A2A_PIPELINE: armed — K=2, L=8 experts/group
WARNING:megatron.core.transformer.moe.moe_layer:BT_MOE_A2A_PIPELINE: armed — K=2, L=8 experts/group
WARNING:megatron.core.transformer.moe.moe_layer:BT_MOE_A2A_PIPELINE: armed — K=2, L=8 experts/group
WARNING:megatron.core.transformer.moe.moe_layer:BT_MOE_A2A_PIPELINE: armed — K=2, L=8 experts/group
WARNING:megatron.core.transformer.moe.moe_layer:BT_MOE_A2A_PIPELINE: armed — K=2, L=8 experts/group
WARNING:megatron.core.transformer.moe.moe_layer:BT_MOE_A2A_PIPELINE: armed — K=2, L=8 experts/group
WARNING:megatron.core.transformer.moe.moe_layer:BT_MOE_A2A_PIPELINE: armed — K=2, L=8 experts/group
WARNING:megatron.core.transformer.moe.moe_layer:BT_MOE_A2A_PIPELINE: armed — K=2, L=8 experts/group
WARNING:megatron.core.transformer.moe.moe_layer:BT_MOE_A2A_PIPELINE: armed — K=2, L=8 experts/group
PASS - balanced ckpt=0 fixc=0: W2 output == monolithic output
FAIL - balanced ckpt=0 fixc=0: W2 input grad == monolithic
PASS - balanced ckpt=0 fixc=0: W2(no-W1) output == monolithic
FAIL - balanced ckpt=0 fixc=0: W2(no-W1) input grad == monolithic
PASS - balanced ckpt=1 fixc=0: W2 output == monolithic output
FAIL - balanced ckpt=1 fixc=0: W2 input grad == monolithic
PASS - balanced ckpt=1 fixc=0: W2(no-W1) output == monolithic
FAIL - balanced ckpt=1 fixc=0: W2(no-W1) input grad == monolithic
WARNING:megatron.core.transformer.moe.token_dispatcher:BT_MOE_DISPATCH_REPLAY_CACHE: armed — first replay-metadata entry stored
WARNING:megatron.core.transformer.moe.token_dispatcher:BT_MOE_DISPATCH_REPLAY_CACHE: armed — first replay-metadata entry stored
WARNING:megatron.core.transformer.moe.token_dispatcher:BT_MOE_DISPATCH_REPLAY_CACHE: armed — first replay-metadata entry stored
WARNING:megatron.core.transformer.moe.token_dispatcher:BT_MOE_DISPATCH_REPLAY_CACHE: armed — first replay-metadata entry stored
WARNING:megatron.core.transformer.moe.token_dispatcher:BT_MOE_DISPATCH_REPLAY_CACHE: armed — first replay-metadata entry stored
WARNING:megatron.core.transformer.moe.token_dispatcher:BT_MOE_DISPATCH_REPLAY_CACHE: armed — first replay-metadata entry stored
WARNING:megatron.core.transformer.moe.token_dispatcher:BT_MOE_DISPATCH_REPLAY_CACHE: armed — first replay-metadata entry stored
WARNING:megatron.core.transformer.moe.token_dispatcher:BT_MOE_DISPATCH_REPLAY_CACHE: armed — first replay-metadata entry stored
WARNING:megatron.core.transformer.moe.token_dispatcher:BT_MOE_DISPATCH_REPLAY_CACHE: armed — first replay-metadata entry stored
WARNING:megatron.core.transformer.moe.token_dispatcher:BT_MOE_DISPATCH_REPLAY_CACHE: armed — first replay-metadata entry stored
WARNING:megatron.core.transformer.moe.token_dispatcher:BT_MOE_DISPATCH_REPLAY_CACHE: armed — first replay-metadata entry stored
WARNING:megatron.core.transformer.moe.token_dispatcher:BT_MOE_DISPATCH_REPLAY_CACHE: armed — first replay-metadata entry stored
WARNING:megatron.core.transformer.moe.token_dispatcher:BT_MOE_DISPATCH_REPLAY_CACHE: armed — first replay-metadata entry stored
WARNING:megatron.core.transformer.moe.token_dispatcher:BT_MOE_DISPATCH_REPLAY_CACHE: armed — first replay-metadata entry stored
WARNING:megatron.core.transformer.moe.token_dispatcher:BT_MOE_DISPATCH_REPLAY_CACHE: armed — first replay-metadata entry stored
WARNING:megatron.core.transformer.moe.token_dispatcher:BT_MOE_DISPATCH_REPLAY_CACHE: armed — first replay-metadata entry stored
WARNING:megatron.core.transformer.moe.token_dispatcher:BT_MOE_DISPATCH_REPLAY_CACHE: first replay cache hit — replay all-gather, D2H copies, and d2h_event.synchronize() skipped
WARNING:megatron.core.transformer.moe.token_dispatcher:BT_MOE_DISPATCH_REPLAY_CACHE: first replay cache hit — replay all-gather, D2H copies, and d2h_event.synchronize() skipped
WARNING:megatron.core.transformer.moe.token_dispatcher:BT_MOE_DISPATCH_REPLAY_CACHE: first replay cache hit — replay all-gather, D2H copies, and d2h_event.synchronize() skipped
WARNING:megatron.core.transformer.moe.token_dispatcher:BT_MOE_DISPATCH_REPLAY_CACHE: first replay cache hit — replay all-gather, D2H copies, and d2h_event.synchronize() skipped
WARNING:megatron.core.transformer.moe.token_dispatcher:BT_MOE_DISPATCH_REPLAY_CACHE: first replay cache hit — replay all-gather, D2H copies, and d2h_event.synchronize() skipped
WARNING:megatron.core.transformer.moe.token_dispatcher:BT_MOE_DISPATCH_REPLAY_CACHE: first replay cache hit — replay all-gather, D2H copies, and d2h_event.synchronize() skipped
WARNING:megatron.core.transformer.moe.token_dispatcher:BT_MOE_DISPATCH_REPLAY_CACHE: first replay cache hit — replay all-gather, D2H copies, and d2h_event.synchronize() skipped
WARNING:megatron.core.transformer.moe.token_dispatcher:BT_MOE_DISPATCH_REPLAY_CACHE: first replay cache hit — replay all-gather, D2H copies, and d2h_event.synchronize() skipped
WARNING:megatron.core.transformer.moe.token_dispatcher:BT_MOE_DISPATCH_REPLAY_CACHE: first replay cache hit — replay all-gather, D2H copies, and d2h_event.synchronize() skipped
WARNING:megatron.core.transformer.moe.token_dispatcher:BT_MOE_DISPATCH_REPLAY_CACHE: first replay cache hit — replay all-gather, D2H copies, and d2h_event.synchronize() skipped
WARNING:megatron.core.transformer.moe.token_dispatcher:BT_MOE_DISPATCH_REPLAY_CACHE: first replay cache hit — replay all-gather, D2H copies, and d2h_event.synchronize() skipped
WARNING:megatron.core.transformer.moe.token_dispatcher:BT_MOE_DISPATCH_REPLAY_CACHE: first replay cache hit — replay all-gather, D2H copies, and d2h_event.synchronize() skipped
WARNING:megatron.core.transformer.moe.token_dispatcher:BT_MOE_DISPATCH_REPLAY_CACHE: first replay cache hit — replay all-gather, D2H copies, and d2h_event.synchronize() skipped
WARNING:megatron.core.transformer.moe.token_dispatcher:BT_MOE_DISPATCH_REPLAY_CACHE: first replay cache hit — replay all-gather, D2H copies, and d2h_event.synchronize() skipped
WARNING:megatron.core.transformer.moe.token_dispatcher:BT_MOE_DISPATCH_REPLAY_CACHE: first replay cache hit — replay all-gather, D2H copies, and d2h_event.synchronize() skipped
WARNING:megatron.core.transformer.moe.token_dispatcher:BT_MOE_DISPATCH_REPLAY_CACHE: first replay cache hit — replay all-gather, D2H copies, and d2h_event.synchronize() skipped
PASS - balanced ckpt=1 fixc=1: W2 output == monolithic output
FAIL - balanced ckpt=1 fixc=1: W2 input grad == monolithic
PASS - balanced ckpt=1 fixc=1: W2(no-W1) output == monolithic
FAIL - balanced ckpt=1 fixc=1: W2(no-W1) input grad == monolithic
PASS - balanced ckpt=1 fixc=1: FIX-C replay cache hit on W2-on run (hits 1 -> 3)
PASS - balanced ckpt=1 fixc=1: FIX-C no misses on W2-on run (misses 0 -> 0)
[rank8]: Traceback (most recent call last):
[rank8]:   File "/root/.cache/user_artifacts/lps1062/overlap_design/t2_w2_numerics_gate.py", line 333, in <module>
[rank8]:     main()
[rank8]:   File "/root/.cache/user_artifacts/lps1062/overlap_design/t2_w2_numerics_gate.py", line 282, in main
[rank8]:     out_a, grad_a = run_once(
[rank8]:                     ^^^^^^^^^
[rank8]:   File "/root/.cache/user_artifacts/lps1062/overlap_design/t2_w2_numerics_gate.py", line 211, in run_once
[rank8]:     out = fwd(hidden_states)
[rank8]:           ^^^^^^^^^^^^^^^^^^
[rank8]:   File "/root/.cache/user_artifacts/lps1062/overlap_design/t2_w2_numerics_gate.py", line 193, in fwd
[rank8]:     return layer(h)[0]
[rank8]:            ^^^^^^^^
[rank8]:   File "/root/.cache/user_artifacts/trainers_main/server/.venv/lib/python3.12/site-packages/torch/nn/modules/module.py", line 1779, in _wrapped_call_impl
[rank8]:     return self._call_impl(*args, **kwargs)
[rank8]:            ^^^^^^^^^^^^^^^^^^^^^^^^^^^^^^^^
[rank8]:   File "/root/.cache/user_artifacts/trainers_main/server/.venv/lib/python3.12/site-packages/torch/nn/modules/module.py", line 1790, in _call_impl
[rank8]:     return forward_call(*args, **kwargs)
[rank8]:            ^^^^^^^^^^^^^^^^^^^^^^^^^^^^^
[rank8]:   File "/root/.cache/user_artifacts/trainers_main/server/vendor/megatron-bridge/3rdparty/Megatron-LM/megatron/core/transformer/moe/moe_layer.py", line 760, in forward
[rank8]:     outputs = custom_forward(hidden_states, intermediate_tensors, padding_mask)
[rank8]:               ^^^^^^^^^^^^^^^^^^^^^^^^^^^^^^^^^^^^^^^^^^^^^^^^^^^^^^^^^^^^^^^^^
[rank8]:   File "/root/.cache/user_artifacts/trainers_main/server/vendor/megatron-bridge/3rdparty/Megatron-LM/megatron/core/transformer/moe/moe_layer.py", line 723, in custom_forward
[rank8]:     dispatched_input, probs = self.dispatch(hidden_states, probs)
[rank8]:                               ^^^^^^^^^^^^^^^^^^^^^^^^^^^^^^^^^^^
[rank8]:   File "/root/.cache/user_artifacts/trainers_main/server/vendor/megatron-bridge/3rdparty/Megatron-LM/megatron/core/transformer/moe/moe_layer.py", line 509, in dispatch
[rank8]:     return self.token_dispatcher.token_dispatch(hidden_states, probs)
[rank8]:            ^^^^^^^^^^^^^^^^^^^^^^^^^^^^^^^^^^^^^^^^^^^^^^^^^^^^^^^^^^
[rank8]:   File "/root/.cache/user_artifacts/trainers_main/server/vendor/megatron-bridge/3rdparty/Megatron-LM/megatron/core/transformer/moe/token_dispatcher.py", line 1930, in token_dispatch
[rank8]:     global_input_tokens = all_to_all(
[rank8]:                           ^^^^^^^^^^^
[rank8]:   File "/root/.cache/user_artifacts/trainers_main/server/vendor/megatron-bridge/3rdparty/Megatron-LM/megatron/core/tensor_parallel/mappings.py", line 684, in all_to_all
[rank8]:     return _AllToAll.apply(group, input_, output_split_sizes_, input_split_sizes, use_nccl_stream)
[rank8]:            ^^^^^^^^^^^^^^^^^^^^^^^^^^^^^^^^^^^^^^^^^^^^^^^^^^^^^^^^^^^^^^^^^^^^^^^^^^^^^^^^^^^^^^^
[rank8]:   File "/root/.cache/user_artifacts/trainers_main/server/.venv/lib/python3.12/site-packages/torch/autograd/function.py", line 596, in apply
[rank8]:     return super().apply(*args, **kwargs)  # type: ignore[misc]
[rank8]:            ^^^^^^^^^^^^^^^^^^^^^^^^^^^^^^
[rank8]:   File "/root/.cache/user_artifacts/trainers_main/server/vendor/megatron-bridge/3rdparty/Megatron-LM/megatron/core/tensor_parallel/mappings.py", line 460, in forward
[rank8]:     torch.distributed.all_to_all_single(
[rank8]:   File "/root/.cache/user_artifacts/trainers_main/server/.venv/lib/python3.12/site-packages/torch/distributed/c10d_logger.py", line 83, in wrapper
[rank8]:     return func(*args, **kwargs)
[rank8]:            ^^^^^^^^^^^^^^^^^^^^^
[rank8]:   File "/root/.cache/user_artifacts/trainers_main/server/.venv/lib/python3.12/site-packages/torch/distributed/distributed_c10d.py", line 4829, in all_to_all_single
[rank8]:     work = group.alltoall_base(
[rank8]:            ^^^^^^^^^^^^^^^^^^^^
[rank8]: RuntimeError: Split sizes doesn't match total dim 0 size
[rank9]: Traceback (most recent call last):
[rank9]:   File "/root/.cache/user_artifacts/lps1062/overlap_design/t2_w2_numerics_gate.py", line 333, in <module>
[rank9]:     main()
[rank9]:   File "/root/.cache/user_artifacts/lps1062/overlap_design/t2_w2_numerics_gate.py", line 282, in main
[rank9]:     out_a, grad_a = run_once(
[rank9]:                     ^^^^^^^^^
[rank9]:   File "/root/.cache/user_artifacts/lps1062/overlap_design/t2_w2_numerics_gate.py", line 211, in run_once
[rank9]:     out = fwd(hidden_states)
[rank9]:           ^^^^^^^^^^^^^^^^^^
[rank9]:   File "/root/.cache/user_artifacts/lps1062/overlap_design/t2_w2_numerics_gate.py", line 193, in fwd
[rank9]:     return layer(h)[0]
[rank9]:            ^^^^^^^^
[rank9]:   File "/root/.cache/user_artifacts/trainers_main/server/.venv/lib/python3.12/site-packages/torch/nn/modules/module.py", line 1779, in _wrapped_call_impl
[rank9]:     return self._call_impl(*args, **kwargs)
[rank9]:            ^^^^^^^^^^^^^^^^^^^^^^^^^^^^^^^^
[rank9]:   File "/root/.cache/user_artifacts/trainers_main/server/.venv/lib/python3.12/site-packages/torch/nn/modules/module.py", line 1790, in _call_impl
[rank9]:     return forward_call(*args, **kwargs)
[rank9]:            ^^^^^^^^^^^^^^^^^^^^^^^^^^^^^
[rank9]:   File "/root/.cache/user_artifacts/trainers_main/server/vendor/megatron-bridge/3rdparty/Megatron-LM/megatron/core/transformer/moe/moe_layer.py", line 760, in forward
[rank9]:     outputs = custom_forward(hidden_states, intermediate_tensors, padding_mask)
[rank9]:               ^^^^^^^^^^^^^^^^^^^^^^^^^^^^^^^^^^^^^^^^^^^^^^^^^^^^^^^^^^^^^^^^^
[rank9]:   File "/root/.cache/user_artifacts/trainers_main/server/vendor/megatron-bridge/3rdparty/Megatron-LM/megatron/core/transformer/moe/moe_layer.py", line 723, in custom_forward
[rank9]:     dispatched_input, probs = self.dispatch(hidden_states, probs)
[rank9]:                               ^^^^^^^^^^^^^^^^^^^^^^^^^^^^^^^^^^^
[rank9]:   File "/root/.cache/user_artifacts/trainers_main/server/vendor/megatron-bridge/3rdparty/Megatron-LM/megatron/core/transformer/moe/moe_layer.py", line 509, in dispatch
[rank9]:     return self.token_dispatcher.token_dispatch(hidden_states, probs)
[rank9]:            ^^^^^^^^^^^^^^^^^^^^^^^^^^^^^^^^^^^^^^^^^^^^^^^^^^^^^^^^^^
[rank9]:   File "/root/.cache/user_artifacts/trainers_main/server/vendor/megatron-bridge/3rdparty/Megatron-LM/megatron/core/transformer/moe/token_dispatcher.py", line 1930, in token_dispatch
[rank9]:     global_input_tokens = all_to_all(
[rank9]:                           ^^^^^^^^^^^
[rank9]:   File "/root/.cache/user_artifacts/trainers_main/server/vendor/megatron-bridge/3rdparty/Megatron-LM/megatron/core/tensor_parallel/mappings.py", line 684, in all_to_all
[rank9]:     return _AllToAll.apply(group, input_, output_split_sizes_, input_split_sizes, use_nccl_stream)
[rank9]:            ^^^^^^^^^^^^^^^^^^^^^^^^^^^^^^^^^^^^^^^^^^^^^^^^^^^^^^^^^^^^^^^^^^^^^^^^^^^^^^^^^^^^^^^
[rank9]:   File "/root/.cache/user_artifacts/trainers_main/server/.venv/lib/python3.12/site-packages/torch/autograd/function.py", line 596, in apply
[rank9]:     return super().apply(*args, **kwargs)  # type: ignore[misc]
[rank9]:            ^^^^^^^^^^^^^^^^^^^^^^^^^^^^^^
[rank9]:   File "/root/.cache/user_artifacts/trainers_main/server/vendor/megatron-bridge/3rdparty/Megatron-LM/megatron/core/tensor_parallel/mappings.py", line 460, in forward
[rank9]:     torch.distributed.all_to_all_single(
[rank9]:   File "/root/.cache/user_artifacts/trainers_main/server/.venv/lib/python3.12/site-packages/torch/distributed/c10d_logger.py", line 83, in wrapper
[rank9]:     return func(*args, **kwargs)
[rank9]:            ^^^^^^^^^^^^^^^^^^^^^
[rank9]:   File "/root/.cache/user_artifacts/trainers_main/server/.venv/lib/python3.12/site-packages/torch/distributed/distributed_c10d.py", line 4829, in all_to_all_single
[rank9]:     work = group.alltoall_base(
[rank9]:            ^^^^^^^^^^^^^^^^^^^^
[rank9]: RuntimeError: Split sizes doesn't match total dim 0 size
[rank13]: Traceback (most recent call last):
[rank13]:   File "/root/.cache/user_artifacts/lps1062/overlap_design/t2_w2_numerics_gate.py", line 333, in <module>
[rank13]:     main()
[rank13]:   File "/root/.cache/user_artifacts/lps1062/overlap_design/t2_w2_numerics_gate.py", line 282, in main
[rank13]:     out_a, grad_a = run_once(
[rank13]:                     ^^^^^^^^^
[rank13]:   File "/root/.cache/user_artifacts/lps1062/overlap_design/t2_w2_numerics_gate.py", line 211, in run_once
[rank13]:     out = fwd(hidden_states)
[rank13]:           ^^^^^^^^^^^^^^^^^^
[rank13]:   File "/root/.cache/user_artifacts/lps1062/overlap_design/t2_w2_numerics_gate.py", line 193, in fwd
[rank13]:     return layer(h)[0]
[rank13]:            ^^^^^^^^
[rank13]:   File "/root/.cache/user_artifacts/trainers_main/server/.venv/lib/python3.12/site-packages/torch/nn/modules/module.py", line 1779, in _wrapped_call_impl
[rank13]:     return self._call_impl(*args, **kwargs)
[rank13]:            ^^^^^^^^^^^^^^^^^^^^^^^^^^^^^^^^
[rank13]:   File "/root/.cache/user_artifacts/trainers_main/server/.venv/lib/python3.12/site-packages/torch/nn/modules/module.py", line 1790, in _call_impl
[rank13]:     return forward_call(*args, **kwargs)
[rank13]:            ^^^^^^^^^^^^^^^^^^^^^^^^^^^^^
[rank13]:   File "/root/.cache/user_artifacts/trainers_main/server/vendor/megatron-bridge/3rdparty/Megatron-LM/megatron/core/transformer/moe/moe_layer.py", line 760, in forward
[rank13]:     outputs = custom_forward(hidden_states, intermediate_tensors, padding_mask)
[rank13]:               ^^^^^^^^^^^^^^^^^^^^^^^^^^^^^^^^^^^^^^^^^^^^^^^^^^^^^^^^^^^^^^^^^
[rank13]:   File "/root/.cache/user_artifacts/trainers_main/server/vendor/megatron-bridge/3rdparty/Megatron-LM/megatron/core/transformer/moe/moe_layer.py", line 723, in custom_forward
[rank13]:     dispatched_input, probs = self.dispatch(hidden_states, probs)
[rank13]:                               ^^^^^^^^^^^^^^^^^^^^^^^^^^^^^^^^^^^
[rank13]:   File "/root/.cache/user_artifacts/trainers_main/server/vendor/megatron-bridge/3rdparty/Megatron-LM/megatron/core/transformer/moe/moe_layer.py", line 509, in dispatch
[rank13]:     return self.token_dispatcher.token_dispatch(hidden_states, probs)
[rank13]:            ^^^^^^^^^^^^^^^^^^^^^^^^^^^^^^^^^^^^^^^^^^^^^^^^^^^^^^^^^^
[rank13]:   File "/root/.cache/user_artifacts/trainers_main/server/vendor/megatron-bridge/3rdparty/Megatron-LM/megatron/core/transformer/moe/token_dispatcher.py", line 1930, in token_dispatch
[rank13]:     global_input_tokens = all_to_all(
[rank13]:                           ^^^^^^^^^^^
[rank13]:   File "/root/.cache/user_artifacts/trainers_main/server/vendor/megatron-bridge/3rdparty/Megatron-LM/megatron/core/tensor_parallel/mappings.py", line 684, in all_to_all
[rank13]:     return _AllToAll.apply(group, input_, output_split_sizes_, input_split_sizes, use_nccl_stream)
[rank13]:            ^^^^^^^^^^^^^^^^^^^^^^^^^^^^^^^^^^^^^^^^^^^^^^^^^^^^^^^^^^^^^^^^^^^^^^^^^^^^^^^^^^^^^^^
[rank13]:   File "/root/.cache/user_artifacts/trainers_main/server/.venv/lib/python3.12/site-packages/torch/autograd/function.py", line 596, in apply
[rank13]:     return super().apply(*args, **kwargs)  # type: ignore[misc]
[rank13]:            ^^^^^^^^^^^^^^^^^^^^^^^^^^^^^^
[rank13]:   File "/root/.cache/user_artifacts/trainers_main/server/vendor/megatron-bridge/3rdparty/Megatron-LM/megatron/core/tensor_parallel/mappings.py", line 460, in forward
[rank13]:     torch.distributed.all_to_all_single(
[rank13]:   File "/root/.cache/user_artifacts/trainers_main/server/.venv/lib/python3.12/site-packages/torch/distributed/c10d_logger.py", line 83, in wrapper
[rank13]:     return func(*args, **kwargs)
[rank13]:            ^^^^^^^^^^^^^^^^^^^^^
[rank13]:   File "/root/.cache/user_artifacts/trainers_main/server/.venv/lib/python3.12/site-packages/torch/distributed/distributed_c10d.py", line 4829, in all_to_all_single
[rank13]:     work = group.alltoall_base(
[rank13]:            ^^^^^^^^^^^^^^^^^^^^
[rank13]: RuntimeError: Split sizes doesn't match total dim 0 size
[rank10]: Traceback (most recent call last):
[rank10]:   File "/root/.cache/user_artifacts/lps1062/overlap_design/t2_w2_numerics_gate.py", line 333, in <module>
[rank10]:     main()
[rank10]:   File "/root/.cache/user_artifacts/lps1062/overlap_design/t2_w2_numerics_gate.py", line 282, in main
[rank10]:     out_a, grad_a = run_once(
[rank10]:                     ^^^^^^^^^
[rank10]:   File "/root/.cache/user_artifacts/lps1062/overlap_design/t2_w2_numerics_gate.py", line 211, in run_once
[rank10]:     out = fwd(hidden_states)
[rank10]:           ^^^^^^^^^^^^^^^^^^
[rank10]:   File "/root/.cache/user_artifacts/lps1062/overlap_design/t2_w2_numerics_gate.py", line 193, in fwd
[rank10]:     return layer(h)[0]
[rank10]:            ^^^^^^^^
[rank10]:   File "/root/.cache/user_artifacts/trainers_main/server/.venv/lib/python3.12/site-packages/torch/nn/modules/module.py", line 1779, in _wrapped_call_impl
[rank10]:     return self._call_impl(*args, **kwargs)
[rank10]:            ^^^^^^^^^^^^^^^^^^^^^^^^^^^^^^^^
[rank10]:   File "/root/.cache/user_artifacts/trainers_main/server/.venv/lib/python3.12/site-packages/torch/nn/modules/module.py", line 1790, in _call_impl
[rank10]:     return forward_call(*args, **kwargs)
[rank10]:            ^^^^^^^^^^^^^^^^^^^^^^^^^^^^^
[rank10]:   File "/root/.cache/user_artifacts/trainers_main/server/vendor/megatron-bridge/3rdparty/Megatron-LM/megatron/core/transformer/moe/moe_layer.py", line 760, in forward
[rank10]:     outputs = custom_forward(hidden_states, intermediate_tensors, padding_mask)
[rank10]:               ^^^^^^^^^^^^^^^^^^^^^^^^^^^^^^^^^^^^^^^^^^^^^^^^^^^^^^^^^^^^^^^^^
[rank10]:   File "/root/.cache/user_artifacts/trainers_main/server/vendor/megatron-bridge/3rdparty/Megatron-LM/megatron/core/transformer/moe/moe_layer.py", line 723, in custom_forward
[rank10]:     dispatched_input, probs = self.dispatch(hidden_states, probs)
[rank10]:                               ^^^^^^^^^^^^^^^^^^^^^^^^^^^^^^^^^^^
[rank10]:   File "/root/.cache/user_artifacts/trainers_main/server/vendor/megatron-bridge/3rdparty/Megatron-LM/megatron/core/transformer/moe/moe_layer.py", line 509, in dispatch
[rank10]:     return self.token_dispatcher.token_dispatch(hidden_states, probs)
[rank10]:            ^^^^^^^^^^^^^^^^^^^^^^^^^^^^^^^^^^^^^^^^^^^^^^^^^^^^^^^^^^
[rank10]:   File "/root/.cache/user_artifacts/trainers_main/server/vendor/megatron-bridge/3rdparty/Megatron-LM/megatron/core/transformer/moe/token_dispatcher.py", line 1930, in token_dispatch
[rank10]:     global_input_tokens = all_to_all(
[rank10]:                           ^^^^^^^^^^^
[rank10]:   File "/root/.cache/user_artifacts/trainers_main/server/vendor/megatron-bridge/3rdparty/Megatron-LM/megatron/core/tensor_parallel/mappings.py", line 684, in all_to_all
[rank10]:     return _AllToAll.apply(group, input_, output_split_sizes_, input_split_sizes, use_nccl_stream)
[rank10]:            ^^^^^^^^^^^^^^^^^^^^^^^^^^^^^^^^^^^^^^^^^^^^^^^^^^^^^^^^^^^^^^^^^^^^^^^^^^^^^^^^^^^^^^^
[rank10]:   File "/root/.cache/user_artifacts/trainers_main/server/.venv/lib/python3.12/site-packages/torch/autograd/function.py", line 596, in apply
[rank10]:     return super().apply(*args, **kwargs)  # type: ignore[misc]
[rank10]:            ^^^^^^^^^^^^^^^^^^^^^^^^^^^^^^
[rank10]:   File "/root/.cache/user_artifacts/trainers_main/server/vendor/megatron-bridge/3rdparty/Megatron-LM/megatron/core/tensor_parallel/mappings.py", line 460, in forward
[rank10]:     torch.distributed.all_to_all_single(
[rank10]:   File "/root/.cache/user_artifacts/trainers_main/server/.venv/lib/python3.12/site-packages/torch/distributed/c10d_logger.py", line 83, in wrapper
[rank10]:     return func(*args, **kwargs)
[rank10]:            ^^^^^^^^^^^^^^^^^^^^^
[rank10]:   File "/root/.cache/user_artifacts/trainers_main/server/.venv/lib/python3.12/site-packages/torch/distributed/distributed_c10d.py", line 4829, in all_to_all_single
[rank10]:     work = group.alltoall_base(
[rank10]:            ^^^^^^^^^^^^^^^^^^^^
[rank10]: RuntimeError: Split sizes doesn't match total dim 0 size
[rank15]: Traceback (most recent call last):
[rank15]:   File "/root/.cache/user_artifacts/lps1062/overlap_design/t2_w2_numerics_gate.py", line 333, in <module>
[rank15]:     main()
[rank15]:   File "/root/.cache/user_artifacts/lps1062/overlap_design/t2_w2_numerics_gate.py", line 282, in main
[rank15]:     out_a, grad_a = run_once(
[rank15]:                     ^^^^^^^^^
[rank15]:   File "/root/.cache/user_artifacts/lps1062/overlap_design/t2_w2_numerics_gate.py", line 211, in run_once
[rank15]:     out = fwd(hidden_states)
[rank15]:           ^^^^^^^^^^^^^^^^^^
[rank15]:   File "/root/.cache/user_artifacts/lps1062/overlap_design/t2_w2_numerics_gate.py", line 193, in fwd
[rank15]:     return layer(h)[0]
[rank15]:            ^^^^^^^^
[rank15]:   File "/root/.cache/user_artifacts/trainers_main/server/.venv/lib/python3.12/site-packages/torch/nn/modules/module.py", line 1779, in _wrapped_call_impl
[rank15]:     return self._call_impl(*args, **kwargs)
[rank15]:            ^^^^^^^^^^^^^^^^^^^^^^^^^^^^^^^^
[rank15]:   File "/root/.cache/user_artifacts/trainers_main/server/.venv/lib/python3.12/site-packages/torch/nn/modules/module.py", line 1790, in _call_impl
[rank15]:     return forward_call(*args, **kwargs)
[rank15]:            ^^^^^^^^^^^^^^^^^^^^^^^^^^^^^
[rank15]:   File "/root/.cache/user_artifacts/trainers_main/server/vendor/megatron-bridge/3rdparty/Megatron-LM/megatron/core/transformer/moe/moe_layer.py", line 760, in forward
[rank15]:     outputs = custom_forward(hidden_states, intermediate_tensors, padding_mask)
[rank15]:               ^^^^^^^^^^^^^^^^^^^^^^^^^^^^^^^^^^^^^^^^^^^^^^^^^^^^^^^^^^^^^^^^^
[rank15]:   File "/root/.cache/user_artifacts/trainers_main/server/vendor/megatron-bridge/3rdparty/Megatron-LM/megatron/core/transformer/moe/moe_layer.py", line 723, in custom_forward
[rank15]:     dispatched_input, probs = self.dispatch(hidden_states, probs)
[rank15]:                               ^^^^^^^^^^^^^^^^^^^^^^^^^^^^^^^^^^^
[rank15]:   File "/root/.cache/user_artifacts/trainers_main/server/vendor/megatron-bridge/3rdparty/Megatron-LM/megatron/core/transformer/moe/moe_layer.py", line 509, in dispatch
[rank15]:     return self.token_dispatcher.token_dispatch(hidden_states, probs)
[rank15]:            ^^^^^^^^^^^^^^^^^^^^^^^^^^^^^^^^^^^^^^^^^^^^^^^^^^^^^^^^^^
[rank15]:   File "/root/.cache/user_artifacts/trainers_main/server/vendor/megatron-bridge/3rdparty/Megatron-LM/megatron/core/transformer/moe/token_dispatcher.py", line 1930, in token_dispatch
[rank15]:     global_input_tokens = all_to_all(
[rank15]:                           ^^^^^^^^^^^
[rank15]:   File "/root/.cache/user_artifacts/trainers_main/server/vendor/megatron-bridge/3rdparty/Megatron-LM/megatron/core/tensor_parallel/mappings.py", line 684, in all_to_all
[rank15]:     return _AllToAll.apply(group, input_, output_split_sizes_, input_split_sizes, use_nccl_stream)
[rank15]:            ^^^^^^^^^^^^^^^^^^^^^^^^^^^^^^^^^^^^^^^^^^^^^^^^^^^^^^^^^^^^^^^^^^^^^^^^^^^^^^^^^^^^^^^
[rank15]:   File "/root/.cache/user_artifacts/trainers_main/server/.venv/lib/python3.12/site-packages/torch/autograd/function.py", line 596, in apply
[rank15]:     return super().apply(*args, **kwargs)  # type: ignore[misc]
[rank15]:            ^^^^^^^^^^^^^^^^^^^^^^^^^^^^^^
[rank15]:   File "/root/.cache/user_artifacts/trainers_main/server/vendor/megatron-bridge/3rdparty/Megatron-LM/megatron/core/tensor_parallel/mappings.py", line 460, in forward
[rank15]:     torch.distributed.all_to_all_single(
[rank15]:   File "/root/.cache/user_artifacts/trainers_main/server/.venv/lib/python3.12/site-packages/torch/distributed/c10d_logger.py", line 83, in wrapper
[rank15]:     return func(*args, **kwargs)
[rank15]:            ^^^^^^^^^^^^^^^^^^^^^
[rank15]:   File "/root/.cache/user_artifacts/trainers_main/server/.venv/lib/python3.12/site-packages/torch/distributed/distributed_c10d.py", line 4829, in all_to_all_single
[rank15]:     work = group.alltoall_base(
[rank15]:            ^^^^^^^^^^^^^^^^^^^^
[rank15]: RuntimeError: Split sizes doesn't match total dim 0 size
[rank11]: Traceback (most recent call last):
[rank11]:   File "/root/.cache/user_artifacts/lps1062/overlap_design/t2_w2_numerics_gate.py", line 333, in <module>
[rank11]:     main()
[rank11]:   File "/root/.cache/user_artifacts/lps1062/overlap_design/t2_w2_numerics_gate.py", line 282, in main
[rank11]:     out_a, grad_a = run_once(
[rank11]:                     ^^^^^^^^^
[rank11]:   File "/root/.cache/user_artifacts/lps1062/overlap_design/t2_w2_numerics_gate.py", line 211, in run_once
[rank11]:     out = fwd(hidden_states)
[rank11]:           ^^^^^^^^^^^^^^^^^^
[rank11]:   File "/root/.cache/user_artifacts/lps1062/overlap_design/t2_w2_numerics_gate.py", line 193, in fwd
[rank11]:     return layer(h)[0]
[rank11]:            ^^^^^^^^
[rank11]:   File "/root/.cache/user_artifacts/trainers_main/server/.venv/lib/python3.12/site-packages/torch/nn/modules/module.py", line 1779, in _wrapped_call_impl
[rank11]:     return self._call_impl(*args, **kwargs)
[rank11]:            ^^^^^^^^^^^^^^^^^^^^^^^^^^^^^^^^
[rank11]:   File "/root/.cache/user_artifacts/trainers_main/server/.venv/lib/python3.12/site-packages/torch/nn/modules/module.py", line 1790, in _call_impl
[rank11]:     return forward_call(*args, **kwargs)
[rank11]:            ^^^^^^^^^^^^^^^^^^^^^^^^^^^^^
[rank11]:   File "/root/.cache/user_artifacts/trainers_main/server/vendor/megatron-bridge/3rdparty/Megatron-LM/megatron/core/transformer/moe/moe_layer.py", line 760, in forward
[rank11]:     outputs = custom_forward(hidden_states, intermediate_tensors, padding_mask)
[rank11]:               ^^^^^^^^^^^^^^^^^^^^^^^^^^^^^^^^^^^^^^^^^^^^^^^^^^^^^^^^^^^^^^^^^
[rank11]:   File "/root/.cache/user_artifacts/trainers_main/server/vendor/megatron-bridge/3rdparty/Megatron-LM/megatron/core/transformer/moe/moe_layer.py", line 723, in custom_forward
[rank11]:     dispatched_input, probs = self.dispatch(hidden_states, probs)
[rank11]:                               ^^^^^^^^^^^^^^^^^^^^^^^^^^^^^^^^^^^
[rank11]:   File "/root/.cache/user_artifacts/trainers_main/server/vendor/megatron-bridge/3rdparty/Megatron-LM/megatron/core/transformer/moe/moe_layer.py", line 509, in dispatch
[rank11]:     return self.token_dispatcher.token_dispatch(hidden_states, probs)
[rank11]:            ^^^^^^^^^^^^^^^^^^^^^^^^^^^^^^^^^^^^^^^^^^^^^^^^^^^^^^^^^^
[rank11]:   File "/root/.cache/user_artifacts/trainers_main/server/vendor/megatron-bridge/3rdparty/Megatron-LM/megatron/core/transformer/moe/token_dispatcher.py", line 1930, in token_dispatch
[rank11]:     global_input_tokens = all_to_all(
[rank11]:                           ^^^^^^^^^^^
[rank11]:   File "/root/.cache/user_artifacts/trainers_main/server/vendor/megatron-bridge/3rdparty/Megatron-LM/megatron/core/tensor_parallel/mappings.py", line 684, in all_to_all
[rank11]:     return _AllToAll.apply(group, input_, output_split_sizes_, input_split_sizes, use_nccl_stream)
[rank11]:            ^^^^^^^^^^^^^^^^^^^^^^^^^^^^^^^^^^^^^^^^^^^^^^^^^^^^^^^^^^^^^^^^^^^^^^^^^^^^^^^^^^^^^^^
[rank11]:   File "/root/.cache/user_artifacts/trainers_main/server/.venv/lib/python3.12/site-packages/torch/autograd/function.py", line 596, in apply
[rank11]:     return super().apply(*args, **kwargs)  # type: ignore[misc]
[rank11]:            ^^^^^^^^^^^^^^^^^^^^^^^^^^^^^^
[rank11]:   File "/root/.cache/user_artifacts/trainers_main/server/vendor/megatron-bridge/3rdparty/Megatron-LM/megatron/core/tensor_parallel/mappings.py", line 460, in forward
[rank11]:     torch.distributed.all_to_all_single(
[rank11]:   File "/root/.cache/user_artifacts/trainers_main/server/.venv/lib/python3.12/site-packages/torch/distributed/c10d_logger.py", line 83, in wrapper
[rank11]:     return func(*args, **kwargs)
[rank11]:            ^^^^^^^^^^^^^^^^^^^^^
[rank11]:   File "/root/.cache/user_artifacts/trainers_main/server/.venv/lib/python3.12/site-packages/torch/distributed/distributed_c10d.py", line 4829, in all_to_all_single
[rank11]:     work = group.alltoall_base(
[rank11]:            ^^^^^^^^^^^^^^^^^^^^
[rank11]: RuntimeError: Split sizes doesn't match total dim 0 size
[rank14]: Traceback (most recent call last):
[rank14]:   File "/root/.cache/user_artifacts/lps1062/overlap_design/t2_w2_numerics_gate.py", line 333, in <module>
[rank14]:     main()
[rank14]:   File "/root/.cache/user_artifacts/lps1062/overlap_design/t2_w2_numerics_gate.py", line 282, in main
[rank14]:     out_a, grad_a = run_once(
[rank14]:                     ^^^^^^^^^
[rank14]:   File "/root/.cache/user_artifacts/lps1062/overlap_design/t2_w2_numerics_gate.py", line 211, in run_once
[rank14]:     out = fwd(hidden_states)
[rank14]:           ^^^^^^^^^^^^^^^^^^
[rank14]:   File "/root/.cache/user_artifacts/lps1062/overlap_design/t2_w2_numerics_gate.py", line 193, in fwd
[rank14]:     return layer(h)[0]
[rank14]:            ^^^^^^^^
[rank14]:   File "/root/.cache/user_artifacts/trainers_main/server/.venv/lib/python3.12/site-packages/torch/nn/modules/module.py", line 1779, in _wrapped_call_impl
[rank14]:     return self._call_impl(*args, **kwargs)
[rank14]:            ^^^^^^^^^^^^^^^^^^^^^^^^^^^^^^^^
[rank14]:   File "/root/.cache/user_artifacts/trainers_main/server/.venv/lib/python3.12/site-packages/torch/nn/modules/module.py", line 1790, in _call_impl
[rank14]:     return forward_call(*args, **kwargs)
[rank14]:            ^^^^^^^^^^^^^^^^^^^^^^^^^^^^^
[rank14]:   File "/root/.cache/user_artifacts/trainers_main/server/vendor/megatron-bridge/3rdparty/Megatron-LM/megatron/core/transformer/moe/moe_layer.py", line 760, in forward
[rank14]:     outputs = custom_forward(hidden_states, intermediate_tensors, padding_mask)
[rank14]:               ^^^^^^^^^^^^^^^^^^^^^^^^^^^^^^^^^^^^^^^^^^^^^^^^^^^^^^^^^^^^^^^^^
[rank14]:   File "/root/.cache/user_artifacts/trainers_main/server/vendor/megatron-bridge/3rdparty/Megatron-LM/megatron/core/transformer/moe/moe_layer.py", line 723, in custom_forward
[rank14]:     dispatched_input, probs = self.dispatch(hidden_states, probs)
[rank14]:                               ^^^^^^^^^^^^^^^^^^^^^^^^^^^^^^^^^^^
[rank14]:   File "/root/.cache/user_artifacts/trainers_main/server/vendor/megatron-bridge/3rdparty/Megatron-LM/megatron/core/transformer/moe/moe_layer.py", line 509, in dispatch
[rank14]:     return self.token_dispatcher.token_dispatch(hidden_states, probs)
[rank14]:            ^^^^^^^^^^^^^^^^^^^^^^^^^^^^^^^^^^^^^^^^^^^^^^^^^^^^^^^^^^
[rank14]:   File "/root/.cache/user_artifacts/trainers_main/server/vendor/megatron-bridge/3rdparty/Megatron-LM/megatron/core/transformer/moe/token_dispatcher.py", line 1930, in token_dispatch
[rank14]:     global_input_tokens = all_to_all(
[rank14]:                           ^^^^^^^^^^^
[rank14]:   File "/root/.cache/user_artifacts/trainers_main/server/vendor/megatron-bridge/3rdparty/Megatron-LM/megatron/core/tensor_parallel/mappings.py", line 684, in all_to_all
[rank14]:     return _AllToAll.apply(group, input_, output_split_sizes_, input_split_sizes, use_nccl_stream)
[rank14]:            ^^^^^^^^^^^^^^^^^^^^^^^^^^^^^^^^^^^^^^^^^^^^^^^^^^^^^^^^^^^^^^^^^^^^^^^^^^^^^^^^^^^^^^^
[rank14]:   File "/root/.cache/user_artifacts/trainers_main/server/.venv/lib/python3.12/site-packages/torch/autograd/function.py", line 596, in apply
[rank14]:     return super().apply(*args, **kwargs)  # type: ignore[misc]
[rank14]:            ^^^^^^^^^^^^^^^^^^^^^^^^^^^^^^
[rank14]:   File "/root/.cache/user_artifacts/trainers_main/server/vendor/megatron-bridge/3rdparty/Megatron-LM/megatron/core/tensor_parallel/mappings.py", line 460, in forward
[rank14]:     torch.distributed.all_to_all_single(
[rank14]:   File "/root/.cache/user_artifacts/trainers_main/server/.venv/lib/python3.12/site-packages/torch/distributed/c10d_logger.py", line 83, in wrapper
[rank14]:     return func(*args, **kwargs)
[rank14]:            ^^^^^^^^^^^^^^^^^^^^^
[rank14]:   File "/root/.cache/user_artifacts/trainers_main/server/.venv/lib/python3.12/site-packages/torch/distributed/distributed_c10d.py", line 4829, in all_to_all_single
[rank14]:     work = group.alltoall_base(
[rank14]:            ^^^^^^^^^^^^^^^^^^^^
[rank14]: RuntimeError: Split sizes doesn't match total dim 0 size
[rank12]: Traceback (most recent call last):
[rank12]:   File "/root/.cache/user_artifacts/lps1062/overlap_design/t2_w2_numerics_gate.py", line 333, in <module>
[rank12]:     main()
[rank12]:   File "/root/.cache/user_artifacts/lps1062/overlap_design/t2_w2_numerics_gate.py", line 282, in main
[rank12]:     out_a, grad_a = run_once(
[rank12]:                     ^^^^^^^^^
[rank12]:   File "/root/.cache/user_artifacts/lps1062/overlap_design/t2_w2_numerics_gate.py", line 211, in run_once
[rank12]:     out = fwd(hidden_states)
[rank12]:           ^^^^^^^^^^^^^^^^^^
[rank12]:   File "/root/.cache/user_artifacts/lps1062/overlap_design/t2_w2_numerics_gate.py", line 193, in fwd
[rank12]:     return layer(h)[0]
[rank12]:            ^^^^^^^^
[rank12]:   File "/root/.cache/user_artifacts/trainers_main/server/.venv/lib/python3.12/site-packages/torch/nn/modules/module.py", line 1779, in _wrapped_call_impl
[rank12]:     return self._call_impl(*args, **kwargs)
[rank12]:            ^^^^^^^^^^^^^^^^^^^^^^^^^^^^^^^^
[rank12]:   File "/root/.cache/user_artifacts/trainers_main/server/.venv/lib/python3.12/site-packages/torch/nn/modules/module.py", line 1790, in _call_impl
[rank12]:     return forward_call(*args, **kwargs)
[rank12]:            ^^^^^^^^^^^^^^^^^^^^^^^^^^^^^
[rank12]:   File "/root/.cache/user_artifacts/trainers_main/server/vendor/megatron-bridge/3rdparty/Megatron-LM/megatron/core/transformer/moe/moe_layer.py", line 760, in forward
[rank12]:     outputs = custom_forward(hidden_states, intermediate_tensors, padding_mask)
[rank12]:               ^^^^^^^^^^^^^^^^^^^^^^^^^^^^^^^^^^^^^^^^^^^^^^^^^^^^^^^^^^^^^^^^^
[rank12]:   File "/root/.cache/user_artifacts/trainers_main/server/vendor/megatron-bridge/3rdparty/Megatron-LM/megatron/core/transformer/moe/moe_layer.py", line 723, in custom_forward
[rank12]:     dispatched_input, probs = self.dispatch(hidden_states, probs)
[rank12]:                               ^^^^^^^^^^^^^^^^^^^^^^^^^^^^^^^^^^^
[rank12]:   File "/root/.cache/user_artifacts/trainers_main/server/vendor/megatron-bridge/3rdparty/Megatron-LM/megatron/core/transformer/moe/moe_layer.py", line 509, in dispatch
[rank12]:     return self.token_dispatcher.token_dispatch(hidden_states, probs)
[rank12]:            ^^^^^^^^^^^^^^^^^^^^^^^^^^^^^^^^^^^^^^^^^^^^^^^^^^^^^^^^^^
[rank12]:   File "/root/.cache/user_artifacts/trainers_main/server/vendor/megatron-bridge/3rdparty/Megatron-LM/megatron/core/transformer/moe/token_dispatcher.py", line 1930, in token_dispatch
[rank12]:     global_input_tokens = all_to_all(
[rank12]:                           ^^^^^^^^^^^
[rank12]:   File "/root/.cache/user_artifacts/trainers_main/server/vendor/megatron-bridge/3rdparty/Megatron-LM/megatron/core/tensor_parallel/mappings.py", line 684, in all_to_all
[rank12]:     return _AllToAll.apply(group, input_, output_split_sizes_, input_split_sizes, use_nccl_stream)
[rank12]:            ^^^^^^^^^^^^^^^^^^^^^^^^^^^^^^^^^^^^^^^^^^^^^^^^^^^^^^^^^^^^^^^^^^^^^^^^^^^^^^^^^^^^^^^
[rank12]:   File "/root/.cache/user_artifacts/trainers_main/server/.venv/lib/python3.12/site-packages/torch/autograd/function.py", line 596, in apply
[rank12]:     return super().apply(*args, **kwargs)  # type: ignore[misc]
[rank12]:            ^^^^^^^^^^^^^^^^^^^^^^^^^^^^^^
[rank12]:   File "/root/.cache/user_artifacts/trainers_main/server/vendor/megatron-bridge/3rdparty/Megatron-LM/megatron/core/tensor_parallel/mappings.py", line 460, in forward
[rank12]:     torch.distributed.all_to_all_single(
[rank12]:   File "/root/.cache/user_artifacts/trainers_main/server/.venv/lib/python3.12/site-packages/torch/distributed/c10d_logger.py", line 83, in wrapper
[rank12]:     return func(*args, **kwargs)
[rank12]:            ^^^^^^^^^^^^^^^^^^^^^
[rank12]:   File "/root/.cache/user_artifacts/trainers_main/server/.venv/lib/python3.12/site-packages/torch/distributed/distributed_c10d.py", line 4829, in all_to_all_single
[rank12]:     work = group.alltoall_base(
[rank12]:            ^^^^^^^^^^^^^^^^^^^^
[rank12]: RuntimeError: Split sizes doesn't match total dim 0 size
[rank0]: Traceback (most recent call last):
[rank0]:   File "/root/.cache/user_artifacts/lps1062/overlap_design/t2_w2_numerics_gate.py", line 333, in <module>
[rank0]:     main()
[rank0]:   File "/root/.cache/user_artifacts/lps1062/overlap_design/t2_w2_numerics_gate.py", line 282, in main
[rank0]:     out_a, grad_a = run_once(
[rank0]:                     ^^^^^^^^^
[rank0]:   File "/root/.cache/user_artifacts/lps1062/overlap_design/t2_w2_numerics_gate.py", line 211, in run_once
[rank0]:     out = fwd(hidden_states)
[rank0]:           ^^^^^^^^^^^^^^^^^^
[rank0]:   File "/root/.cache/user_artifacts/lps1062/overlap_design/t2_w2_numerics_gate.py", line 193, in fwd
[rank0]:     return layer(h)[0]
[rank0]:            ^^^^^^^^
[rank0]:   File "/root/.cache/user_artifacts/trainers_main/server/.venv/lib/python3.12/site-packages/torch/nn/modules/module.py", line 1779, in _wrapped_call_impl
[rank0]:     return self._call_impl(*args, **kwargs)
[rank0]:            ^^^^^^^^^^^^^^^^^^^^^^^^^^^^^^^^
[rank0]:   File "/root/.cache/user_artifacts/trainers_main/server/.venv/lib/python3.12/site-packages/torch/nn/modules/module.py", line 1790, in _call_impl
[rank0]:     return forward_call(*args, **kwargs)
[rank0]:            ^^^^^^^^^^^^^^^^^^^^^^^^^^^^^
[rank0]:   File "/root/.cache/user_artifacts/trainers_main/server/vendor/megatron-bridge/3rdparty/Megatron-LM/megatron/core/transformer/moe/moe_layer.py", line 760, in forward
[rank0]:     outputs = custom_forward(hidden_states, intermediate_tensors, padding_mask)
[rank0]:               ^^^^^^^^^^^^^^^^^^^^^^^^^^^^^^^^^^^^^^^^^^^^^^^^^^^^^^^^^^^^^^^^^
[rank0]:   File "/root/.cache/user_artifacts/trainers_main/server/vendor/megatron-bridge/3rdparty/Megatron-LM/megatron/core/transformer/moe/moe_layer.py", line 723, in custom_forward
[rank0]:     dispatched_input, probs = self.dispatch(hidden_states, probs)
[rank0]:                               ^^^^^^^^^^^^^^^^^^^^^^^^^^^^^^^^^^^
[rank0]:   File "/root/.cache/user_artifacts/trainers_main/server/vendor/megatron-bridge/3rdparty/Megatron-LM/megatron/core/transformer/moe/moe_layer.py", line 509, in dispatch
[rank0]:     return self.token_dispatcher.token_dispatch(hidden_states, probs)
[rank0]:            ^^^^^^^^^^^^^^^^^^^^^^^^^^^^^^^^^^^^^^^^^^^^^^^^^^^^^^^^^^
[rank0]:   File "/root/.cache/user_artifacts/trainers_main/server/vendor/megatron-bridge/3rdparty/Megatron-LM/megatron/core/transformer/moe/token_dispatcher.py", line 1930, in token_dispatch
[rank0]:     global_input_tokens = all_to_all(
[rank0]:                           ^^^^^^^^^^^
[rank0]:   File "/root/.cache/user_artifacts/trainers_main/server/vendor/megatron-bridge/3rdparty/Megatron-LM/megatron/core/tensor_parallel/mappings.py", line 684, in all_to_all
[rank0]:     return _AllToAll.apply(group, input_, output_split_sizes_, input_split_sizes, use_nccl_stream)
[rank0]:            ^^^^^^^^^^^^^^^^^^^^^^^^^^^^^^^^^^^^^^^^^^^^^^^^^^^^^^^^^^^^^^^^^^^^^^^^^^^^^^^^^^^^^^^
[rank0]:   File "/root/.cache/user_artifacts/trainers_main/server/.venv/lib/python3.12/site-packages/torch/autograd/function.py", line 596, in apply
[rank0]:     return super().apply(*args, **kwargs)  # type: ignore[misc]
[rank0]:            ^^^^^^^^^^^^^^^^^^^^^^^^^^^^^^
[rank0]:   File "/root/.cache/user_artifacts/trainers_main/server/vendor/megatron-bridge/3rdparty/Megatron-LM/megatron/core/tensor_parallel/mappings.py", line 460, in forward
[rank0]:     torch.distributed.all_to_all_single(
[rank0]:   File "/root/.cache/user_artifacts/trainers_main/server/.venv/lib/python3.12/site-packages/torch/distributed/c10d_logger.py", line 83, in wrapper
[rank0]:     return func(*args, **kwargs)
[rank0]:            ^^^^^^^^^^^^^^^^^^^^^
[rank0]:   File "/root/.cache/user_artifacts/trainers_main/server/.venv/lib/python3.12/site-packages/torch/distributed/distributed_c10d.py", line 4829, in all_to_all_single
[rank0]:     work = group.alltoall_base(
[rank0]:            ^^^^^^^^^^^^^^^^^^^^
[rank0]: RuntimeError: Split sizes doesn't match total dim 0 size
[rank2]: Traceback (most recent call last):
[rank2]:   File "/root/.cache/user_artifacts/lps1062/overlap_design/t2_w2_numerics_gate.py", line 333, in <module>
[rank2]:     main()
[rank2]:   File "/root/.cache/user_artifacts/lps1062/overlap_design/t2_w2_numerics_gate.py", line 282, in main
[rank2]:     out_a, grad_a = run_once(
[rank2]:                     ^^^^^^^^^
[rank2]:   File "/root/.cache/user_artifacts/lps1062/overlap_design/t2_w2_numerics_gate.py", line 211, in run_once
[rank2]:     out = fwd(hidden_states)
[rank2]:           ^^^^^^^^^^^^^^^^^^
[rank2]:   File "/root/.cache/user_artifacts/lps1062/overlap_design/t2_w2_numerics_gate.py", line 193, in fwd
[rank2]:     return layer(h)[0]
[rank2]:            ^^^^^^^^
[rank2]:   File "/root/.cache/user_artifacts/trainers_main/server/.venv/lib/python3.12/site-packages/torch/nn/modules/module.py", line 1779, in _wrapped_call_impl
[rank2]:     return self._call_impl(*args, **kwargs)
[rank2]:            ^^^^^^^^^^^^^^^^^^^^^^^^^^^^^^^^
[rank2]:   File "/root/.cache/user_artifacts/trainers_main/server/.venv/lib/python3.12/site-packages/torch/nn/modules/module.py", line 1790, in _call_impl
[rank2]:     return forward_call(*args, **kwargs)
[rank2]:            ^^^^^^^^^^^^^^^^^^^^^^^^^^^^^
[rank2]:   File "/root/.cache/user_artifacts/trainers_main/server/vendor/megatron-bridge/3rdparty/Megatron-LM/megatron/core/transformer/moe/moe_layer.py", line 760, in forward
[rank2]:     outputs = custom_forward(hidden_states, intermediate_tensors, padding_mask)
[rank2]:               ^^^^^^^^^^^^^^^^^^^^^^^^^^^^^^^^^^^^^^^^^^^^^^^^^^^^^^^^^^^^^^^^^
[rank2]:   File "/root/.cache/user_artifacts/trainers_main/server/vendor/megatron-bridge/3rdparty/Megatron-LM/megatron/core/transformer/moe/moe_layer.py", line 723, in custom_forward
[rank2]:     dispatched_input, probs = self.dispatch(hidden_states, probs)
[rank2]:                               ^^^^^^^^^^^^^^^^^^^^^^^^^^^^^^^^^^^
[rank2]:   File "/root/.cache/user_artifacts/trainers_main/server/vendor/megatron-bridge/3rdparty/Megatron-LM/megatron/core/transformer/moe/moe_layer.py", line 509, in dispatch
[rank2]:     return self.token_dispatcher.token_dispatch(hidden_states, probs)
[rank2]:            ^^^^^^^^^^^^^^^^^^^^^^^^^^^^^^^^^^^^^^^^^^^^^^^^^^^^^^^^^^
[rank2]:   File "/root/.cache/user_artifacts/trainers_main/server/vendor/megatron-bridge/3rdparty/Megatron-LM/megatron/core/transformer/moe/token_dispatcher.py", line 1930, in token_dispatch
[rank2]:     global_input_tokens = all_to_all(
[rank2]:                           ^^^^^^^^^^^
[rank2]:   File "/root/.cache/user_artifacts/trainers_main/server/vendor/megatron-bridge/3rdparty/Megatron-LM/megatron/core/tensor_parallel/mappings.py", line 684, in all_to_all
[rank2]:     return _AllToAll.apply(group, input_, output_split_sizes_, input_split_sizes, use_nccl_stream)
[rank2]:            ^^^^^^^^^^^^^^^^^^^^^^^^^^^^^^^^^^^^^^^^^^^^^^^^^^^^^^^^^^^^^^^^^^^^^^^^^^^^^^^^^^^^^^^
[rank2]:   File "/root/.cache/user_artifacts/trainers_main/server/.venv/lib/python3.12/site-packages/torch/autograd/function.py", line 596, in apply
[rank2]:     return super().apply(*args, **kwargs)  # type: ignore[misc]
[rank2]:            ^^^^^^^^^^^^^^^^^^^^^^^^^^^^^^
[rank2]:   File "/root/.cache/user_artifacts/trainers_main/server/vendor/megatron-bridge/3rdparty/Megatron-LM/megatron/core/tensor_parallel/mappings.py", line 460, in forward
[rank2]:     torch.distributed.all_to_all_single(
[rank2]:   File "/root/.cache/user_artifacts/trainers_main/server/.venv/lib/python3.12/site-packages/torch/distributed/c10d_logger.py", line 83, in wrapper
[rank2]:     return func(*args, **kwargs)
[rank2]:            ^^^^^^^^^^^^^^^^^^^^^
[rank2]:   File "/root/.cache/user_artifacts/trainers_main/server/.venv/lib/python3.12/site-packages/torch/distributed/distributed_c10d.py", line 4829, in all_to_all_single
[rank2]:     work = group.alltoall_base(
[rank2]:            ^^^^^^^^^^^^^^^^^^^^
[rank2]: RuntimeError: Split sizes doesn't match total dim 0 size
[rank1]: Traceback (most recent call last):
[rank1]:   File "/root/.cache/user_artifacts/lps1062/overlap_design/t2_w2_numerics_gate.py", line 333, in <module>
[rank1]:     main()
[rank1]:   File "/root/.cache/user_artifacts/lps1062/overlap_design/t2_w2_numerics_gate.py", line 282, in main
[rank1]:     out_a, grad_a = run_once(
[rank1]:                     ^^^^^^^^^
[rank1]:   File "/root/.cache/user_artifacts/lps1062/overlap_design/t2_w2_numerics_gate.py", line 211, in run_once
[rank1]:     out = fwd(hidden_states)
[rank1]:           ^^^^^^^^^^^^^^^^^^
[rank1]:   File "/root/.cache/user_artifacts/lps1062/overlap_design/t2_w2_numerics_gate.py", line 193, in fwd
[rank1]:     return layer(h)[0]
[rank1]:            ^^^^^^^^
[rank1]:   File "/root/.cache/user_artifacts/trainers_main/server/.venv/lib/python3.12/site-packages/torch/nn/modules/module.py", line 1779, in _wrapped_call_impl
[rank1]:     return self._call_impl(*args, **kwargs)
[rank1]:            ^^^^^^^^^^^^^^^^^^^^^^^^^^^^^^^^
[rank1]:   File "/root/.cache/user_artifacts/trainers_main/server/.venv/lib/python3.12/site-packages/torch/nn/modules/module.py", line 1790, in _call_impl
[rank1]:     return forward_call(*args, **kwargs)
[rank1]:            ^^^^^^^^^^^^^^^^^^^^^^^^^^^^^
[rank1]:   File "/root/.cache/user_artifacts/trainers_main/server/vendor/megatron-bridge/3rdparty/Megatron-LM/megatron/core/transformer/moe/moe_layer.py", line 760, in forward
[rank1]:     outputs = custom_forward(hidden_states, intermediate_tensors, padding_mask)
[rank1]:               ^^^^^^^^^^^^^^^^^^^^^^^^^^^^^^^^^^^^^^^^^^^^^^^^^^^^^^^^^^^^^^^^^
[rank1]:   File "/root/.cache/user_artifacts/trainers_main/server/vendor/megatron-bridge/3rdparty/Megatron-LM/megatron/core/transformer/moe/moe_layer.py", line 723, in custom_forward
[rank1]:     dispatched_input, probs = self.dispatch(hidden_states, probs)
[rank1]:                               ^^^^^^^^^^^^^^^^^^^^^^^^^^^^^^^^^^^
[rank1]:   File "/root/.cache/user_artifacts/trainers_main/server/vendor/megatron-bridge/3rdparty/Megatron-LM/megatron/core/transformer/moe/moe_layer.py", line 509, in dispatch
[rank1]:     return self.token_dispatcher.token_dispatch(hidden_states, probs)
[rank1]:            ^^^^^^^^^^^^^^^^^^^^^^^^^^^^^^^^^^^^^^^^^^^^^^^^^^^^^^^^^^
[rank1]:   File "/root/.cache/user_artifacts/trainers_main/server/vendor/megatron-bridge/3rdparty/Megatron-LM/megatron/core/transformer/moe/token_dispatcher.py", line 1930, in token_dispatch
[rank1]:     global_input_tokens = all_to_all(
[rank1]:                           ^^^^^^^^^^^
[rank1]:   File "/root/.cache/user_artifacts/trainers_main/server/vendor/megatron-bridge/3rdparty/Megatron-LM/megatron/core/tensor_parallel/mappings.py", line 684, in all_to_all
[rank1]:     return _AllToAll.apply(group, input_, output_split_sizes_, input_split_sizes, use_nccl_stream)
[rank1]:            ^^^^^^^^^^^^^^^^^^^^^^^^^^^^^^^^^^^^^^^^^^^^^^^^^^^^^^^^^^^^^^^^^^^^^^^^^^^^^^^^^^^^^^^
[rank1]:   File "/root/.cache/user_artifacts/trainers_main/server/.venv/lib/python3.12/site-packages/torch/autograd/function.py", line 596, in apply
[rank1]:     return super().apply(*args, **kwargs)  # type: ignore[misc]
[rank1]:            ^^^^^^^^^^^^^^^^^^^^^^^^^^^^^^
[rank1]:   File "/root/.cache/user_artifacts/trainers_main/server/vendor/megatron-bridge/3rdparty/Megatron-LM/megatron/core/tensor_parallel/mappings.py", line 460, in forward
[rank1]:     torch.distributed.all_to_all_single(
[rank1]:   File "/root/.cache/user_artifacts/trainers_main/server/.venv/lib/python3.12/site-packages/torch/distributed/c10d_logger.py", line 83, in wrapper
[rank1]:     return func(*args, **kwargs)
[rank1]:            ^^^^^^^^^^^^^^^^^^^^^
[rank1]:   File "/root/.cache/user_artifacts/trainers_main/server/.venv/lib/python3.12/site-packages/torch/distributed/distributed_c10d.py", line 4829, in all_to_all_single
[rank1]:     work = group.alltoall_base(
[rank1]:            ^^^^^^^^^^^^^^^^^^^^
[rank1]: RuntimeError: Split sizes doesn't match total dim 0 size
[rank7]: Traceback (most recent call last):
[rank7]:   File "/root/.cache/user_artifacts/lps1062/overlap_design/t2_w2_numerics_gate.py", line 333, in <module>
[rank7]:     main()
[rank7]:   File "/root/.cache/user_artifacts/lps1062/overlap_design/t2_w2_numerics_gate.py", line 282, in main
[rank7]:     out_a, grad_a = run_once(
[rank7]:                     ^^^^^^^^^
[rank7]:   File "/root/.cache/user_artifacts/lps1062/overlap_design/t2_w2_numerics_gate.py", line 211, in run_once
[rank7]:     out = fwd(hidden_states)
[rank7]:           ^^^^^^^^^^^^^^^^^^
[rank7]:   File "/root/.cache/user_artifacts/lps1062/overlap_design/t2_w2_numerics_gate.py", line 193, in fwd
[rank7]:     return layer(h)[0]
[rank7]:            ^^^^^^^^
[rank7]:   File "/root/.cache/user_artifacts/trainers_main/server/.venv/lib/python3.12/site-packages/torch/nn/modules/module.py", line 1779, in _wrapped_call_impl
[rank7]:     return self._call_impl(*args, **kwargs)
[rank7]:            ^^^^^^^^^^^^^^^^^^^^^^^^^^^^^^^^
[rank7]:   File "/root/.cache/user_artifacts/trainers_main/server/.venv/lib/python3.12/site-packages/torch/nn/modules/module.py", line 1790, in _call_impl
[rank7]:     return forward_call(*args, **kwargs)
[rank7]:            ^^^^^^^^^^^^^^^^^^^^^^^^^^^^^
[rank7]:   File "/root/.cache/user_artifacts/trainers_main/server/vendor/megatron-bridge/3rdparty/Megatron-LM/megatron/core/transformer/moe/moe_layer.py", line 760, in forward
[rank7]:     outputs = custom_forward(hidden_states, intermediate_tensors, padding_mask)
[rank7]:               ^^^^^^^^^^^^^^^^^^^^^^^^^^^^^^^^^^^^^^^^^^^^^^^^^^^^^^^^^^^^^^^^^
[rank7]:   File "/root/.cache/user_artifacts/trainers_main/server/vendor/megatron-bridge/3rdparty/Megatron-LM/megatron/core/transformer/moe/moe_layer.py", line 723, in custom_forward
[rank7]:     dispatched_input, probs = self.dispatch(hidden_states, probs)
[rank7]:                               ^^^^^^^^^^^^^^^^^^^^^^^^^^^^^^^^^^^
[rank7]:   File "/root/.cache/user_artifacts/trainers_main/server/vendor/megatron-bridge/3rdparty/Megatron-LM/megatron/core/transformer/moe/moe_layer.py", line 509, in dispatch
[rank7]:     return self.token_dispatcher.token_dispatch(hidden_states, probs)
[rank7]:            ^^^^^^^^^^^^^^^^^^^^^^^^^^^^^^^^^^^^^^^^^^^^^^^^^^^^^^^^^^
[rank7]:   File "/root/.cache/user_artifacts/trainers_main/server/vendor/megatron-bridge/3rdparty/Megatron-LM/megatron/core/transformer/moe/token_dispatcher.py", line 1930, in token_dispatch
[rank7]:     global_input_tokens = all_to_all(
[rank7]:                           ^^^^^^^^^^^
[rank7]:   File "/root/.cache/user_artifacts/trainers_main/server/vendor/megatron-bridge/3rdparty/Megatron-LM/megatron/core/tensor_parallel/mappings.py", line 684, in all_to_all
[rank7]:     return _AllToAll.apply(group, input_, output_split_sizes_, input_split_sizes, use_nccl_stream)
[rank7]:            ^^^^^^^^^^^^^^^^^^^^^^^^^^^^^^^^^^^^^^^^^^^^^^^^^^^^^^^^^^^^^^^^^^^^^^^^^^^^^^^^^^^^^^^
[rank7]:   File "/root/.cache/user_artifacts/trainers_main/server/.venv/lib/python3.12/site-packages/torch/autograd/function.py", line 596, in apply
[rank7]:     return super().apply(*args, **kwargs)  # type: ignore[misc]
[rank7]:            ^^^^^^^^^^^^^^^^^^^^^^^^^^^^^^
[rank7]:   File "/root/.cache/user_artifacts/trainers_main/server/vendor/megatron-bridge/3rdparty/Megatron-LM/megatron/core/tensor_parallel/mappings.py", line 460, in forward
[rank7]:     torch.distributed.all_to_all_single(
[rank7]:   File "/root/.cache/user_artifacts/trainers_main/server/.venv/lib/python3.12/site-packages/torch/distributed/c10d_logger.py", line 83, in wrapper
[rank7]:     return func(*args, **kwargs)
[rank7]:            ^^^^^^^^^^^^^^^^^^^^^
[rank7]:   File "/root/.cache/user_artifacts/trainers_main/server/.venv/lib/python3.12/site-packages/torch/distributed/distributed_c10d.py", line 4829, in all_to_all_single
[rank7]:     work = group.alltoall_base(
[rank7]:            ^^^^^^^^^^^^^^^^^^^^
[rank7]: RuntimeError: Split sizes doesn't match total dim 0 size
[rank5]: Traceback (most recent call last):
[rank5]:   File "/root/.cache/user_artifacts/lps1062/overlap_design/t2_w2_numerics_gate.py", line 333, in <module>
[rank5]:     main()
[rank5]:   File "/root/.cache/user_artifacts/lps1062/overlap_design/t2_w2_numerics_gate.py", line 282, in main
[rank5]:     out_a, grad_a = run_once(
[rank5]:                     ^^^^^^^^^
[rank5]:   File "/root/.cache/user_artifacts/lps1062/overlap_design/t2_w2_numerics_gate.py", line 211, in run_once
[rank5]:     out = fwd(hidden_states)
[rank5]:           ^^^^^^^^^^^^^^^^^^
[rank5]:   File "/root/.cache/user_artifacts/lps1062/overlap_design/t2_w2_numerics_gate.py", line 193, in fwd
[rank5]:     return layer(h)[0]
[rank5]:            ^^^^^^^^
[rank5]:   File "/root/.cache/user_artifacts/trainers_main/server/.venv/lib/python3.12/site-packages/torch/nn/modules/module.py", line 1779, in _wrapped_call_impl
[rank5]:     return self._call_impl(*args, **kwargs)
[rank5]:            ^^^^^^^^^^^^^^^^^^^^^^^^^^^^^^^^
[rank5]:   File "/root/.cache/user_artifacts/trainers_main/server/.venv/lib/python3.12/site-packages/torch/nn/modules/module.py", line 1790, in _call_impl
[rank5]:     return forward_call(*args, **kwargs)
[rank5]:            ^^^^^^^^^^^^^^^^^^^^^^^^^^^^^
[rank5]:   File "/root/.cache/user_artifacts/trainers_main/server/vendor/megatron-bridge/3rdparty/Megatron-LM/megatron/core/transformer/moe/moe_layer.py", line 760, in forward
[rank5]:     outputs = custom_forward(hidden_states, intermediate_tensors, padding_mask)
[rank5]:               ^^^^^^^^^^^^^^^^^^^^^^^^^^^^^^^^^^^^^^^^^^^^^^^^^^^^^^^^^^^^^^^^^
[rank5]:   File "/root/.cache/user_artifacts/trainers_main/server/vendor/megatron-bridge/3rdparty/Megatron-LM/megatron/core/transformer/moe/moe_layer.py", line 723, in custom_forward
[rank5]:     dispatched_input, probs = self.dispatch(hidden_states, probs)
[rank5]:                               ^^^^^^^^^^^^^^^^^^^^^^^^^^^^^^^^^^^
[rank5]:   File "/root/.cache/user_artifacts/trainers_main/server/vendor/megatron-bridge/3rdparty/Megatron-LM/megatron/core/transformer/moe/moe_layer.py", line 509, in dispatch
[rank5]:     return self.token_dispatcher.token_dispatch(hidden_states, probs)
[rank5]:            ^^^^^^^^^^^^^^^^^^^^^^^^^^^^^^^^^^^^^^^^^^^^^^^^^^^^^^^^^^
[rank5]:   File "/root/.cache/user_artifacts/trainers_main/server/vendor/megatron-bridge/3rdparty/Megatron-LM/megatron/core/transformer/moe/token_dispatcher.py", line 1930, in token_dispatch
[rank5]:     global_input_tokens = all_to_all(
[rank5]:                           ^^^^^^^^^^^
[rank5]:   File "/root/.cache/user_artifacts/trainers_main/server/vendor/megatron-bridge/3rdparty/Megatron-LM/megatron/core/tensor_parallel/mappings.py", line 684, in all_to_all
[rank5]:     return _AllToAll.apply(group, input_, output_split_sizes_, input_split_sizes, use_nccl_stream)
[rank5]:            ^^^^^^^^^^^^^^^^^^^^^^^^^^^^^^^^^^^^^^^^^^^^^^^^^^^^^^^^^^^^^^^^^^^^^^^^^^^^^^^^^^^^^^^
[rank5]:   File "/root/.cache/user_artifacts/trainers_main/server/.venv/lib/python3.12/site-packages/torch/autograd/function.py", line 596, in apply
[rank5]:     return super().apply(*args, **kwargs)  # type: ignore[misc]
[rank5]:            ^^^^^^^^^^^^^^^^^^^^^^^^^^^^^^
[rank5]:   File "/root/.cache/user_artifacts/trainers_main/server/vendor/megatron-bridge/3rdparty/Megatron-LM/megatron/core/tensor_parallel/mappings.py", line 460, in forward
[rank5]:     torch.distributed.all_to_all_single(
[rank5]:   File "/root/.cache/user_artifacts/trainers_main/server/.venv/lib/python3.12/site-packages/torch/distributed/c10d_logger.py", line 83, in wrapper
[rank5]:     return func(*args, **kwargs)
[rank5]:            ^^^^^^^^^^^^^^^^^^^^^
[rank5]:   File "/root/.cache/user_artifacts/trainers_main/server/.venv/lib/python3.12/site-packages/torch/distributed/distributed_c10d.py", line 4829, in all_to_all_single
[rank5]:     work = group.alltoall_base(
[rank5]:            ^^^^^^^^^^^^^^^^^^^^
[rank5]: RuntimeError: Split sizes doesn't match total dim 0 size
[rank3]: Traceback (most recent call last):
[rank3]:   File "/root/.cache/user_artifacts/lps1062/overlap_design/t2_w2_numerics_gate.py", line 333, in <module>
[rank3]:     main()
[rank3]:   File "/root/.cache/user_artifacts/lps1062/overlap_design/t2_w2_numerics_gate.py", line 282, in main
[rank3]:     out_a, grad_a = run_once(
[rank3]:                     ^^^^^^^^^
[rank3]:   File "/root/.cache/user_artifacts/lps1062/overlap_design/t2_w2_numerics_gate.py", line 211, in run_once
[rank3]:     out = fwd(hidden_states)
[rank3]:           ^^^^^^^^^^^^^^^^^^
[rank3]:   File "/root/.cache/user_artifacts/lps1062/overlap_design/t2_w2_numerics_gate.py", line 193, in fwd
[rank3]:     return layer(h)[0]
[rank3]:            ^^^^^^^^
[rank3]:   File "/root/.cache/user_artifacts/trainers_main/server/.venv/lib/python3.12/site-packages/torch/nn/modules/module.py", line 1779, in _wrapped_call_impl
[rank3]:     return self._call_impl(*args, **kwargs)
[rank3]:            ^^^^^^^^^^^^^^^^^^^^^^^^^^^^^^^^
[rank3]:   File "/root/.cache/user_artifacts/trainers_main/server/.venv/lib/python3.12/site-packages/torch/nn/modules/module.py", line 1790, in _call_impl
[rank3]:     return forward_call(*args, **kwargs)
[rank3]:            ^^^^^^^^^^^^^^^^^^^^^^^^^^^^^
[rank3]:   File "/root/.cache/user_artifacts/trainers_main/server/vendor/megatron-bridge/3rdparty/Megatron-LM/megatron/core/transformer/moe/moe_layer.py", line 760, in forward
[rank3]:     outputs = custom_forward(hidden_states, intermediate_tensors, padding_mask)
[rank3]:               ^^^^^^^^^^^^^^^^^^^^^^^^^^^^^^^^^^^^^^^^^^^^^^^^^^^^^^^^^^^^^^^^^
[rank3]:   File "/root/.cache/user_artifacts/trainers_main/server/vendor/megatron-bridge/3rdparty/Megatron-LM/megatron/core/transformer/moe/moe_layer.py", line 723, in custom_forward
[rank3]:     dispatched_input, probs = self.dispatch(hidden_states, probs)
[rank3]:                               ^^^^^^^^^^^^^^^^^^^^^^^^^^^^^^^^^^^
[rank3]:   File "/root/.cache/user_artifacts/trainers_main/server/vendor/megatron-bridge/3rdparty/Megatron-LM/megatron/core/transformer/moe/moe_layer.py", line 509, in dispatch
[rank3]:     return self.token_dispatcher.token_dispatch(hidden_states, probs)
[rank3]:            ^^^^^^^^^^^^^^^^^^^^^^^^^^^^^^^^^^^^^^^^^^^^^^^^^^^^^^^^^^
[rank3]:   File "/root/.cache/user_artifacts/trainers_main/server/vendor/megatron-bridge/3rdparty/Megatron-LM/megatron/core/transformer/moe/token_dispatcher.py", line 1930, in token_dispatch
[rank3]:     global_input_tokens = all_to_all(
[rank3]:                           ^^^^^^^^^^^
[rank3]:   File "/root/.cache/user_artifacts/trainers_main/server/vendor/megatron-bridge/3rdparty/Megatron-LM/megatron/core/tensor_parallel/mappings.py", line 684, in all_to_all
[rank3]:     return _AllToAll.apply(group, input_, output_split_sizes_, input_split_sizes, use_nccl_stream)
[rank3]:            ^^^^^^^^^^^^^^^^^^^^^^^^^^^^^^^^^^^^^^^^^^^^^^^^^^^^^^^^^^^^^^^^^^^^^^^^^^^^^^^^^^^^^^^
[rank3]:   File "/root/.cache/user_artifacts/trainers_main/server/.venv/lib/python3.12/site-packages/torch/autograd/function.py", line 596, in apply
[rank3]:     return super().apply(*args, **kwargs)  # type: ignore[misc]
[rank3]:            ^^^^^^^^^^^^^^^^^^^^^^^^^^^^^^
[rank3]:   File "/root/.cache/user_artifacts/trainers_main/server/vendor/megatron-bridge/3rdparty/Megatron-LM/megatron/core/tensor_parallel/mappings.py", line 460, in forward
[rank3]:     torch.distributed.all_to_all_single(
[rank3]:   File "/root/.cache/user_artifacts/trainers_main/server/.venv/lib/python3.12/site-packages/torch/distributed/c10d_logger.py", line 83, in wrapper
[rank3]:     return func(*args, **kwargs)
[rank3]:            ^^^^^^^^^^^^^^^^^^^^^
[rank3]:   File "/root/.cache/user_artifacts/trainers_main/server/.venv/lib/python3.12/site-packages/torch/distributed/distributed_c10d.py", line 4829, in all_to_all_single
[rank3]:     work = group.alltoall_base(
[rank3]:            ^^^^^^^^^^^^^^^^^^^^
[rank3]: RuntimeError: Split sizes doesn't match total dim 0 size
[rank6]: Traceback (most recent call last):
[rank6]:   File "/root/.cache/user_artifacts/lps1062/overlap_design/t2_w2_numerics_gate.py", line 333, in <module>
[rank6]:     main()
[rank6]:   File "/root/.cache/user_artifacts/lps1062/overlap_design/t2_w2_numerics_gate.py", line 282, in main
[rank6]:     out_a, grad_a = run_once(
[rank6]:                     ^^^^^^^^^
[rank6]:   File "/root/.cache/user_artifacts/lps1062/overlap_design/t2_w2_numerics_gate.py", line 211, in run_once
[rank6]:     out = fwd(hidden_states)
[rank6]:           ^^^^^^^^^^^^^^^^^^
[rank6]:   File "/root/.cache/user_artifacts/lps1062/overlap_design/t2_w2_numerics_gate.py", line 193, in fwd
[rank6]:     return layer(h)[0]
[rank6]:            ^^^^^^^^
[rank6]:   File "/root/.cache/user_artifacts/trainers_main/server/.venv/lib/python3.12/site-packages/torch/nn/modules/module.py", line 1779, in _wrapped_call_impl
[rank6]:     return self._call_impl(*args, **kwargs)
[rank6]:            ^^^^^^^^^^^^^^^^^^^^^^^^^^^^^^^^
[rank6]:   File "/root/.cache/user_artifacts/trainers_main/server/.venv/lib/python3.12/site-packages/torch/nn/modules/module.py", line 1790, in _call_impl
[rank6]:     return forward_call(*args, **kwargs)
[rank6]:            ^^^^^^^^^^^^^^^^^^^^^^^^^^^^^
[rank6]:   File "/root/.cache/user_artifacts/trainers_main/server/vendor/megatron-bridge/3rdparty/Megatron-LM/megatron/core/transformer/moe/moe_layer.py", line 760, in forward
[rank6]:     outputs = custom_forward(hidden_states, intermediate_tensors, padding_mask)
[rank6]:               ^^^^^^^^^^^^^^^^^^^^^^^^^^^^^^^^^^^^^^^^^^^^^^^^^^^^^^^^^^^^^^^^^
[rank6]:   File "/root/.cache/user_artifacts/trainers_main/server/vendor/megatron-bridge/3rdparty/Megatron-LM/megatron/core/transformer/moe/moe_layer.py", line 723, in custom_forward
[rank6]:     dispatched_input, probs = self.dispatch(hidden_states, probs)
[rank6]:                               ^^^^^^^^^^^^^^^^^^^^^^^^^^^^^^^^^^^
[rank6]:   File "/root/.cache/user_artifacts/trainers_main/server/vendor/megatron-bridge/3rdparty/Megatron-LM/megatron/core/transformer/moe/moe_layer.py", line 509, in dispatch
[rank6]:     return self.token_dispatcher.token_dispatch(hidden_states, probs)
[rank6]:            ^^^^^^^^^^^^^^^^^^^^^^^^^^^^^^^^^^^^^^^^^^^^^^^^^^^^^^^^^^
[rank6]:   File "/root/.cache/user_artifacts/trainers_main/server/vendor/megatron-bridge/3rdparty/Megatron-LM/megatron/core/transformer/moe/token_dispatcher.py", line 1930, in token_dispatch
[rank6]:     global_input_tokens = all_to_all(
[rank6]:                           ^^^^^^^^^^^
[rank6]:   File "/root/.cache/user_artifacts/trainers_main/server/vendor/megatron-bridge/3rdparty/Megatron-LM/megatron/core/tensor_parallel/mappings.py", line 684, in all_to_all
[rank6]:     return _AllToAll.apply(group, input_, output_split_sizes_, input_split_sizes, use_nccl_stream)
[rank6]:            ^^^^^^^^^^^^^^^^^^^^^^^^^^^^^^^^^^^^^^^^^^^^^^^^^^^^^^^^^^^^^^^^^^^^^^^^^^^^^^^^^^^^^^^
[rank6]:   File "/root/.cache/user_artifacts/trainers_main/server/.venv/lib/python3.12/site-packages/torch/autograd/function.py", line 596, in apply
[rank6]:     return super().apply(*args, **kwargs)  # type: ignore[misc]
[rank6]:            ^^^^^^^^^^^^^^^^^^^^^^^^^^^^^^
[rank6]:   File "/root/.cache/user_artifacts/trainers_main/server/vendor/megatron-bridge/3rdparty/Megatron-LM/megatron/core/tensor_parallel/mappings.py", line 460, in forward
[rank6]:     torch.distributed.all_to_all_single(
[rank6]:   File "/root/.cache/user_artifacts/trainers_main/server/.venv/lib/python3.12/site-packages/torch/distributed/c10d_logger.py", line 83, in wrapper
[rank6]:     return func(*args, **kwargs)
[rank6]:            ^^^^^^^^^^^^^^^^^^^^^
[rank6]:   File "/root/.cache/user_artifacts/trainers_main/server/.venv/lib/python3.12/site-packages/torch/distributed/distributed_c10d.py", line 4829, in all_to_all_single
[rank6]:     work = group.alltoall_base(
[rank6]:            ^^^^^^^^^^^^^^^^^^^^
[rank6]: RuntimeError: Split sizes doesn't match total dim 0 size
[rank4]: Traceback (most recent call last):
[rank4]:   File "/root/.cache/user_artifacts/lps1062/overlap_design/t2_w2_numerics_gate.py", line 333, in <module>
[rank4]:     main()
[rank4]:   File "/root/.cache/user_artifacts/lps1062/overlap_design/t2_w2_numerics_gate.py", line 282, in main
[rank4]:     out_a, grad_a = run_once(
[rank4]:                     ^^^^^^^^^
[rank4]:   File "/root/.cache/user_artifacts/lps1062/overlap_design/t2_w2_numerics_gate.py", line 211, in run_once
[rank4]:     out = fwd(hidden_states)
[rank4]:           ^^^^^^^^^^^^^^^^^^
[rank4]:   File "/root/.cache/user_artifacts/lps1062/overlap_design/t2_w2_numerics_gate.py", line 193, in fwd
[rank4]:     return layer(h)[0]
[rank4]:            ^^^^^^^^
[rank4]:   File "/root/.cache/user_artifacts/trainers_main/server/.venv/lib/python3.12/site-packages/torch/nn/modules/module.py", line 1779, in _wrapped_call_impl
[rank4]:     return self._call_impl(*args, **kwargs)
[rank4]:            ^^^^^^^^^^^^^^^^^^^^^^^^^^^^^^^^
[rank4]:   File "/root/.cache/user_artifacts/trainers_main/server/.venv/lib/python3.12/site-packages/torch/nn/modules/module.py", line 1790, in _call_impl
[rank4]:     return forward_call(*args, **kwargs)
[rank4]:            ^^^^^^^^^^^^^^^^^^^^^^^^^^^^^
[rank4]:   File "/root/.cache/user_artifacts/trainers_main/server/vendor/megatron-bridge/3rdparty/Megatron-LM/megatron/core/transformer/moe/moe_layer.py", line 760, in forward
[rank4]:     outputs = custom_forward(hidden_states, intermediate_tensors, padding_mask)
[rank4]:               ^^^^^^^^^^^^^^^^^^^^^^^^^^^^^^^^^^^^^^^^^^^^^^^^^^^^^^^^^^^^^^^^^
[rank4]:   File "/root/.cache/user_artifacts/trainers_main/server/vendor/megatron-bridge/3rdparty/Megatron-LM/megatron/core/transformer/moe/moe_layer.py", line 723, in custom_forward
[rank4]:     dispatched_input, probs = self.dispatch(hidden_states, probs)
[rank4]:                               ^^^^^^^^^^^^^^^^^^^^^^^^^^^^^^^^^^^
[rank4]:   File "/root/.cache/user_artifacts/trainers_main/server/vendor/megatron-bridge/3rdparty/Megatron-LM/megatron/core/transformer/moe/moe_layer.py", line 509, in dispatch
[rank4]:     return self.token_dispatcher.token_dispatch(hidden_states, probs)
[rank4]:            ^^^^^^^^^^^^^^^^^^^^^^^^^^^^^^^^^^^^^^^^^^^^^^^^^^^^^^^^^^
[rank4]:   File "/root/.cache/user_artifacts/trainers_main/server/vendor/megatron-bridge/3rdparty/Megatron-LM/megatron/core/transformer/moe/token_dispatcher.py", line 1930, in token_dispatch
[rank4]:     global_input_tokens = all_to_all(
[rank4]:                           ^^^^^^^^^^^
[rank4]:   File "/root/.cache/user_artifacts/trainers_main/server/vendor/megatron-bridge/3rdparty/Megatron-LM/megatron/core/tensor_parallel/mappings.py", line 684, in all_to_all
[rank4]:     return _AllToAll.apply(group, input_, output_split_sizes_, input_split_sizes, use_nccl_stream)
[rank4]:            ^^^^^^^^^^^^^^^^^^^^^^^^^^^^^^^^^^^^^^^^^^^^^^^^^^^^^^^^^^^^^^^^^^^^^^^^^^^^^^^^^^^^^^^
[rank4]:   File "/root/.cache/user_artifacts/trainers_main/server/.venv/lib/python3.12/site-packages/torch/autograd/function.py", line 596, in apply
[rank4]:     return super().apply(*args, **kwargs)  # type: ignore[misc]
[rank4]:            ^^^^^^^^^^^^^^^^^^^^^^^^^^^^^^
[rank4]:   File "/root/.cache/user_artifacts/trainers_main/server/vendor/megatron-bridge/3rdparty/Megatron-LM/megatron/core/tensor_parallel/mappings.py", line 460, in forward
[rank4]:     torch.distributed.all_to_all_single(
[rank4]:   File "/root/.cache/user_artifacts/trainers_main/server/.venv/lib/python3.12/site-packages/torch/distributed/c10d_logger.py", line 83, in wrapper
[rank4]:     return func(*args, **kwargs)
[rank4]:            ^^^^^^^^^^^^^^^^^^^^^
[rank4]:   File "/root/.cache/user_artifacts/trainers_main/server/.venv/lib/python3.12/site-packages/torch/distributed/distributed_c10d.py", line 4829, in all_to_all_single
[rank4]:     work = group.alltoall_base(
[rank4]:            ^^^^^^^^^^^^^^^^^^^^
[rank4]: RuntimeError: Split sizes doesn't match total dim 0 size
[rank8]:[W810 06:25:59.769775236 ProcessGroupNCCL.cpp:1575] Warning: WARNING: destroy_process_group() was not called before program exit, which can leak resources. For more info, please see https://pytorch.org/docs/stable/distributed.html#shutdown (function operator())
[rank0]:[W810 06:25:59.806891368 ProcessGroupNCCL.cpp:1575] Warning: WARNING: destroy_process_group() was not called before program exit, which can leak resources. For more info, please see https://pytorch.org/docs/stable/distributed.html#shutdown (function operator())
[rank15]:[W810 06:25:59.078568668 ProcessGroupNCCL.cpp:1575] Warning: WARNING: destroy_process_group() was not called before program exit, which can leak resources. For more info, please see https://pytorch.org/docs/stable/distributed.html#shutdown (function operator())
[rank2]:[W810 06:25:59.045627068 ProcessGroupNCCL.cpp:1575] Warning: WARNING: destroy_process_group() was not called before program exit, which can leak resources. For more info, please see https://pytorch.org/docs/stable/distributed.html#shutdown (function operator())
[rank4]:[W810 06:25:59.065722982 ProcessGroupNCCL.cpp:1575] Warning: WARNING: destroy_process_group() was not called before program exit, which can leak resources. For more info, please see https://pytorch.org/docs/stable/distributed.html#shutdown (function operator())
[rank10]:[W810 06:25:59.159089284 ProcessGroupNCCL.cpp:1575] Warning: WARNING: destroy_process_group() was not called before program exit, which can leak resources. For more info, please see https://pytorch.org/docs/stable/distributed.html#shutdown (function operator())
[rank9]:[W810 06:25:59.179239852 ProcessGroupNCCL.cpp:1575] Warning: WARNING: destroy_process_group() was not called before program exit, which can leak resources. For more info, please see https://pytorch.org/docs/stable/distributed.html#shutdown (function operator())
[rank13]:[W810 06:25:59.189250814 ProcessGroupNCCL.cpp:1575] Warning: WARNING: destroy_process_group() was not called before program exit, which can leak resources. For more info, please see https://pytorch.org/docs/stable/distributed.html#shutdown (function operator())
[rank14]:[W810 06:25:59.189309137 ProcessGroupNCCL.cpp:1575] Warning: WARNING: destroy_process_group() was not called before program exit, which can leak resources. For more info, please see https://pytorch.org/docs/stable/distributed.html#shutdown (function operator())
[rank11]:[W810 06:25:59.189313798 ProcessGroupNCCL.cpp:1575] Warning: WARNING: destroy_process_group() was not called before program exit, which can leak resources. For more info, please see https://pytorch.org/docs/stable/distributed.html#shutdown (function operator())
[rank12]:[W810 06:25:59.189353684 ProcessGroupNCCL.cpp:1575] Warning: WARNING: destroy_process_group() was not called before program exit, which can leak resources. For more info, please see https://pytorch.org/docs/stable/distributed.html#shutdown (function operator())
[rank3]:[W810 06:25:59.136258281 ProcessGroupNCCL.cpp:1575] Warning: WARNING: destroy_process_group() was not called before program exit, which can leak resources. For more info, please see https://pytorch.org/docs/stable/distributed.html#shutdown (function operator())
[rank1]:[W810 06:25:59.136264199 ProcessGroupNCCL.cpp:1575] Warning: WARNING: destroy_process_group() was not called before program exit, which can leak resources. For more info, please see https://pytorch.org/docs/stable/distributed.html#shutdown (function operator())
[rank7]:[W810 06:25:59.156317331 ProcessGroupNCCL.cpp:1575] Warning: WARNING: destroy_process_group() was not called before program exit, which can leak resources. For more info, please see https://pytorch.org/docs/stable/distributed.html#shutdown (function operator())
[rank6]:[W810 06:25:59.156434813 ProcessGroupNCCL.cpp:1575] Warning: WARNING: destroy_process_group() was not called before program exit, which can leak resources. For more info, please see https://pytorch.org/docs/stable/distributed.html#shutdown (function operator())
[rank5]:[W810 06:25:59.166520502 ProcessGroupNCCL.cpp:1575] Warning: WARNING: destroy_process_group() was not called before program exit, which can leak resources. For more info, please see https://pytorch.org/docs/stable/distributed.html#shutdown (function operator())
W0810 06:26:02.829000 37045 torch/distributed/elastic/multiprocessing/api.py:1012] Sending process 37118 closing signal SIGTERM
W0810 06:26:02.832000 37045 torch/distributed/elastic/multiprocessing/api.py:1012] Sending process 37120 closing signal SIGTERM
W0810 06:26:02.833000 37045 torch/distributed/elastic/multiprocessing/api.py:1012] Sending process 37121 closing signal SIGTERM
W0810 06:26:02.834000 37045 torch/distributed/elastic/multiprocessing/api.py:1012] Sending process 37122 closing signal SIGTERM
W0810 06:26:02.834000 37045 torch/distributed/elastic/multiprocessing/api.py:1012] Sending process 37123 closing signal SIGTERM
W0810 06:26:02.834000 37045 torch/distributed/elastic/multiprocessing/api.py:1012] Sending process 37124 closing signal SIGTERM
W0810 06:26:02.835000 37045 torch/distributed/elastic/multiprocessing/api.py:1012] Sending process 37125 closing signal SIGTERM
W0810 06:26:03.370000 41467 torch/distributed/elastic/multiprocessing/api.py:1012] Sending process 41543 closing signal SIGTERM
W0810 06:26:03.373000 41467 torch/distributed/elastic/multiprocessing/api.py:1012] Sending process 41544 closing signal SIGTERM
W0810 06:26:03.373000 41467 torch/distributed/elastic/multiprocessing/api.py:1012] Sending process 41545 closing signal SIGTERM
W0810 06:26:03.373000 41467 torch/distributed/elastic/multiprocessing/api.py:1012] Sending process 41546 closing signal SIGTERM
W0810 06:26:03.374000 41467 torch/distributed/elastic/multiprocessing/api.py:1012] Sending process 41547 closing signal SIGTERM
W0810 06:26:03.375000 41467 torch/distributed/elastic/multiprocessing/api.py:1012] Sending process 41548 closing signal SIGTERM
W0810 06:26:03.376000 41467 torch/distributed/elastic/multiprocessing/api.py:1012] Sending process 41549 closing signal SIGTERM
E0810 06:26:08.498000 37045 torch/distributed/elastic/multiprocessing/api.py:986] failed (exitcode: 1) local_rank: 1 (pid: 37119) of binary: /root/.cache/user_artifacts/trainers_main/server/.venv/bin/python3
Traceback (most recent call last):
  File "/root/.cache/user_artifacts/trainers_main/server/.venv/bin/torchrun", line 10, in <module>
    sys.exit(main())
             ^^^^^^
  File "/root/.cache/user_artifacts/trainers_main/server/.venv/lib/python3.12/site-packages/torch/distributed/elastic/multiprocessing/errors/__init__.py", line 362, in wrapper
    return f(*args, **kwargs)
           ^^^^^^^^^^^^^^^^^^
  File "/root/.cache/user_artifacts/trainers_main/server/.venv/lib/python3.12/site-packages/torch/distributed/run.py", line 990, in main
    run(args)
  File "/root/.cache/user_artifacts/trainers_main/server/.venv/lib/python3.12/site-packages/torch/distributed/run.py", line 981, in run
    elastic_launch(
  File "/root/.cache/user_artifacts/trainers_main/server/.venv/lib/python3.12/site-packages/torch/distributed/launcher/api.py", line 170, in __call__
    return launch_agent(self._config, self._entrypoint, list(args))
           ^^^^^^^^^^^^^^^^^^^^^^^^^^^^^^^^^^^^^^^^^^^^^^^^^^^^^^^^
  File "/root/.cache/user_artifacts/trainers_main/server/.venv/lib/python3.12/site-packages/torch/distributed/launcher/api.py", line 317, in launch_agent
    raise ChildFailedError(
torch.distributed.elastic.multiprocessing.errors.ChildFailedError: 
============================================================
/root/.cache/user_artifacts/lps1062/overlap_design/t2_w2_numerics_gate.py FAILED
------------------------------------------------------------
Failures:
[1]:
  time      : 2026-08-10_06:26:08
  host      : b300-1-3xpzznsc-0018
  rank      : 0 (local_rank: 0)
  exitcode  : -15 (pid: 37118)
  error_file: <N/A>
  traceback : Signal 15 (SIGTERM) received by PID 37118
[2]:
  time      : 2026-08-10_06:26:08
  host      : b300-1-3xpzznsc-0018
  rank      : 2 (local_rank: 2)
  exitcode  : -15 (pid: 37120)
  error_file: <N/A>
  traceback : Signal 15 (SIGTERM) received by PID 37120
[3]:
  time      : 2026-08-10_06:26:08
  host      : b300-1-3xpzznsc-0018
  rank      : 3 (local_rank: 3)
  exitcode  : 1 (pid: 37121)
  error_file: <N/A>
  traceback : To enable traceback see: https://pytorch.org/docs/stable/elastic/errors.html
[4]:
  time      : 2026-08-10_06:26:08
  host      : b300-1-3xpzznsc-0018
  rank      : 4 (local_rank: 4)
  exitcode  : -15 (pid: 37122)
  error_file: <N/A>
  traceback : Signal 15 (SIGTERM) received by PID 37122
[5]:
  time      : 2026-08-10_06:26:08
  host      : b300-1-3xpzznsc-0018
  rank      : 5 (local_rank: 5)
  exitcode  : 1 (pid: 37123)
  error_file: <N/A>
  traceback : To enable traceback see: https://pytorch.org/docs/stable/elastic/errors.html
[6]:
  time      : 2026-08-10_06:26:08
  host      : b300-1-3xpzznsc-0018
  rank      : 6 (local_rank: 6)
  exitcode  : -15 (pid: 37124)
  error_file: <N/A>
  traceback : Signal 15 (SIGTERM) received by PID 37124
[7]:
  time      : 2026-08-10_06:26:08
  host      : b300-1-3xpzznsc-0018
  rank      : 7 (local_rank: 7)
  exitcode  : -15 (pid: 37125)
  error_file: <N/A>
  traceback : Signal 15 (SIGTERM) received by PID 37125
------------------------------------------------------------
Root Cause (first observed failure):
[0]:
  time      : 2026-08-10_06:26:02
  host      : b300-1-3xpzznsc-0018
  rank      : 1 (local_rank: 1)
  exitcode  : 1 (pid: 37119)
  error_file: <N/A>
  traceback : To enable traceback see: https://pytorch.org/docs/stable/elastic/errors.html
============================================================
E0810 06:26:08.963000 41467 torch/distributed/elastic/multiprocessing/api.py:986] failed (exitcode: 1) local_rank: 7 (pid: 41550) of binary: /root/.cache/user_artifacts/trainers_main/server/.venv/bin/python3
Traceback (most recent call last):
  File "/root/.cache/user_artifacts/trainers_main/server/.venv/bin/torchrun", line 10, in <module>
    sys.exit(main())
             ^^^^^^
  File "/root/.cache/user_artifacts/trainers_main/server/.venv/lib/python3.12/site-packages/torch/distributed/elastic/multiprocessing/errors/__init__.py", line 362, in wrapper
    return f(*args, **kwargs)
           ^^^^^^^^^^^^^^^^^^
  File "/root/.cache/user_artifacts/trainers_main/server/.venv/lib/python3.12/site-packages/torch/distributed/run.py", line 990, in main
    run(args)
  File "/root/.cache/user_artifacts/trainers_main/server/.venv/lib/python3.12/site-packages/torch/distributed/run.py", line 981, in run
    elastic_launch(
  File "/root/.cache/user_artifacts/trainers_main/server/.venv/lib/python3.12/site-packages/torch/distributed/launcher/api.py", line 170, in __call__
    return launch_agent(self._config, self._entrypoint, list(args))
           ^^^^^^^^^^^^^^^^^^^^^^^^^^^^^^^^^^^^^^^^^^^^^^^^^^^^^^^^
  File "/root/.cache/user_artifacts/trainers_main/server/.venv/lib/python3.12/site-packages/torch/distributed/launcher/api.py", line 317, in launch_agent
    raise ChildFailedError(
torch.distributed.elastic.multiprocessing.errors.ChildFailedError: 
============================================================
/root/.cache/user_artifacts/lps1062/overlap_design/t2_w2_numerics_gate.py FAILED
------------------------------------------------------------
Failures:
[1]:
  time      : 2026-08-10_06:26:08
  host      : b300-1-ana8db87-0004
  rank      : 8 (local_rank: 0)
  exitcode  : 1 (pid: 41543)
  error_file: <N/A>
  traceback : To enable traceback see: https://pytorch.org/docs/stable/elastic/errors.html
[2]:
  time      : 2026-08-10_06:26:08
  host      : b300-1-ana8db87-0004
  rank      : 9 (local_rank: 1)
  exitcode  : -15 (pid: 41544)
  error_file: <N/A>
  traceback : Signal 15 (SIGTERM) received by PID 41544
[3]:
  time      : 2026-08-10_06:26:08
  host      : b300-1-ana8db87-0004
  rank      : 10 (local_rank: 2)
  exitcode  : 1 (pid: 41545)
  error_file: <N/A>
  traceback : To enable traceback see: https://pytorch.org/docs/stable/elastic/errors.html
[4]:
  time      : 2026-08-10_06:26:08
  host      : b300-1-ana8db87-0004
  rank      : 11 (local_rank: 3)
  exitcode  : -15 (pid: 41546)
  error_file: <N/A>
  traceback : Signal 15 (SIGTERM) received by PID 41546
[5]:
  time      : 2026-08-10_06:26:08
  host      : b300-1-ana8db87-0004
  rank      : 12 (local_rank: 4)
  exitcode  : -15 (pid: 41547)
  error_file: <N/A>
  traceback : Signal 15 (SIGTERM) received by PID 41547
[6]:
  time      : 2026-08-10_06:26:08
  host      : b300-1-ana8db87-0004
  rank      : 13 (local_rank: 5)
  exitcode  : -15 (pid: 41548)
  error_file: <N/A>
  traceback : Signal 15 (SIGTERM) received by PID 41548
[7]:
  time      : 2026-08-10_06:26:08
  host      : b300-1-ana8db87-0004
  rank      : 14 (local_rank: 6)
  exitcode  : -15 (pid: 41549)
  error_file: <N/A>
  traceback : Signal 15 (SIGTERM) received by PID 41549
------------------------------------------------------------
Root Cause (first observed failure):
[0]:
  time      : 2026-08-10_06:26:03
  host      : b300-1-ana8db87-0004
  rank      : 15 (local_rank: 7)
  exitcode  : 1 (pid: 41550)
  error_file: <N/A>
  traceback : To enable traceback see: https://pytorch.org/docs/stable/elastic/errors.html
============================================================
srun: error: b300-1-3xpzznsc-0018: task 0: Exited with exit code 1
srun: error: b300-1-ana8db87-0004: task 1: Exited with exit code 1
