ts,idx,used_mib
1786739076,0,150647
1786739076,1,148103
1786739076,2,147943
1786739076,3,151743
1786739076,4,153623
1786739076,5,151323
1786739076,6,148303
1786739076,7,149383
1786739078,0,150647
1786739078,1,148103
1786739078,2,147943
1786739078,3,151743
1786739078,4,153623
1786739078,5,151323
1786739078,6,148303
1786739078,7,149383
1786739081,0,150647
1786739081,1,148103
1786739081,2,147943
1786739081,3,151743
1786739081,4,153623
1786739081,5,151323
1786739081,6,148303
1786739081,7,149383
1786739084,0,150647
1786739084,1,148103
1786739084,2,147943
1786739084,3,151743
1786739084,4,153623
1786739084,5,151323
1786739084,6,148303
1786739084,7,149383
1786739086,0,150647
1786739086,1,148103
1786739086,2,147943
1786739086,3,151743
1786739086,4,153623
1786739086,5,151323
1786739086,6,148303
1786739086,7,149383
1786739088,0,150647
1786739088,1,148103
1786739088,2,147943
1786739088,3,151743
1786739088,4,153623
1786739088,5,151323
1786739088,6,148303
1786739088,7,149383
1786739090,0,150647
1786739090,1,148103
1786739090,2,147943
1786739090,3,151743
1786739090,4,153623
1786739090,5,151323
1786739090,6,148303
1786739090,7,149383
1786739093,0,150841
1786739093,1,148269
1786739093,2,148137
1786739093,3,151957
1786739093,4,153827
1786739093,5,151527
1786739093,6,148517
1786739093,7,149587
1786739096,0,151301
1786739096,1,148505
1786739096,2,148453
1786739096,3,152397
1786739096,4,154277
1786739096,5,151977
1786739096,6,148957
1786739096,7,150037
1786739099,0,151321
1786739099,1,148775
1786739099,2,148615
1786739099,3,152417
1786739099,4,154295
1786739099,5,151995
1786739099,6,148975
1786739099,7,150055
1786739101,0,151323
1786739101,1,148779
1786739101,2,148619
1786739101,3,152419
1786739101,4,154299
1786739101,5,151999
1786739101,6,148979
1786739101,7,150059
1786739103,0,151323
1786739103,1,148779
1786739103,2,148619
1786739103,3,152419
1786739103,4,154299
1786739103,5,151999
1786739103,6,148979
1786739103,7,150059
1786739105,0,151323
1786739105,1,148779
1786739105,2,148619
1786739105,3,152419
1786739105,4,154299
1786739105,5,151999
1786739105,6,148979
1786739105,7,150059
1786739107,0,151323
1786739107,1,148779
1786739107,2,148619
1786739107,3,152419
1786739107,4,154299
1786739107,5,151999
1786739107,6,148979
1786739107,7,150059
1786739110,0,151329
1786739110,1,148785
1786739110,2,148625
1786739110,3,153187
1786739110,4,154305
1786739110,5,153707
1786739110,6,153165
1786739110,7,150065
1786739112,0,151331
1786739112,1,148785
1786739112,2,148627
1786739112,3,153187
1786739112,4,154307
1786739112,5,153707
1786739112,6,153167
1786739112,7,150067
1786739114,0,151331
1786739114,1,148785
1786739114,2,148627
1786739114,3,153187
1786739114,4,154307
1786739114,5,153707
1786739114,6,153167
1786739114,7,150067
1786739117,0,151331
1786739117,1,150287
1786739117,2,148627
1786739117,3,153187
1786739117,4,154307
1786739117,5,157027
1786739117,6,153167
1786739117,7,150067
1786739119,0,152771
1786739119,1,150287
1786739119,2,148627
1786739119,3,153527
1786739119,4,154307
1786739119,5,157027
1786739119,6,155207
1786739119,7,150067
1786739122,0,152771
1786739122,1,150287
1786739122,2,148627
1786739122,3,153527
1786739122,4,154307
1786739122,5,157027
1786739122,6,155207
1786739122,7,150067
1786739124,0,152771
1786739124,1,150287
1786739124,2,148627
1786739124,3,153527
1786739124,4,154307
1786739124,5,157027
1786739124,6,155207
1786739124,7,150067
1786739126,0,152773
1786739126,1,152449
1786739126,2,148889
1786739126,3,156811
1786739126,4,154309
1786739126,5,158871
1786739126,6,157169
1786739126,7,150069
1786739128,0,153573
1786739128,1,152449
1786739128,2,150309
1786739128,3,156811
1786739128,4,155509
1786739128,5,158871
1786739128,6,157171
1786739128,7,150689
1786739131,0,153573
1786739131,1,152449
1786739131,2,150309
1786739131,3,156811
1786739131,4,155509
1786739131,5,158871
1786739131,6,157171
1786739131,7,150689
1786739133,0,153575
1786739133,1,154451
1786739133,2,150309
1786739133,3,156811
1786739133,4,155509
1786739133,5,161091
1786739133,6,158791
1786739133,7,151471
1786739135,0,156035
1786739135,1,154451
1786739135,2,152311
1786739135,3,158371
1786739135,4,157911
1786739135,5,161091
1786739135,6,158791
1786739135,7,151471
1786739138,0,156035
1786739138,1,154451
1786739138,2,152311
1786739138,3,158371
1786739138,4,157911
1786739138,5,161091
1786739138,6,158791
1786739138,7,151591
1786739141,0,156035
1786739141,1,155893
1786739141,2,152311
1786739141,3,158371
1786739141,4,157911
1786739141,5,161091
1786739141,6,158933
1786739141,7,151731
1786739143,0,158219
1786739143,1,155893
1786739143,2,153253
1786739143,3,160535
1786739143,4,158495
1786739143,5,161093
1786739143,6,159893
1786739143,7,153273
1786739145,0,158219
1786739145,1,155893
1786739145,2,154553
1786739145,3,160535
1786739145,4,158495
1786739145,5,161093
1786739145,6,159895
1786739145,7,154675
1786739147,0,158219
1786739147,1,156873
1786739147,2,154553
1786739147,3,160535
1786739147,4,158495
1786739147,5,163373
1786739147,6,159895
1786739147,7,154675
1786739150,0,159839
1786739150,1,156875
1786739150,2,154555
1786739150,3,160535
1786739150,4,159835
1786739150,5,163375
1786739150,6,161875
1786739150,7,154775
1786739152,0,159839
1786739152,1,156875
1786739152,2,156595
1786739152,3,160535
1786739152,4,159835
1786739152,5,163375
1786739152,6,161875
1786739152,7,154775
1786739155,0,159839
1786739155,1,156875
1786739155,2,156595
1786739155,3,160535
1786739155,4,159835
1786739155,5,163375
1786739155,6,161875
1786739155,7,154775
1786739157,0,159841
1786739157,1,158497
1786739157,2,156595
1786739157,3,160537
1786739157,4,159835
1786739157,5,164397
1786739157,6,163137
1786739157,7,156697
1786739159,0,160481
1786739159,1,158497
1786739159,2,158317
1786739159,3,164037
1786739159,4,161317
1786739159,5,164397
1786739159,6,163137
1786739159,7,156697
1786739162,0,160481
1786739162,1,158497
1786739162,2,158317
1786739162,3,164037
1786739162,4,161317
1786739162,5,164397
1786739162,6,163137
1786739162,7,157977
1786739164,0,160483
1786739164,1,159817
1786739164,2,158317
1786739164,3,164039
1786739164,4,161317
1786739164,5,166979
1786739164,6,164617
1786739164,7,157977
1786739167,0,162743
1786739167,1,159817
1786739167,2,159859
1786739167,3,164039
1786739167,4,164599
1786739167,5,166979
1786739167,6,164619
1786739167,7,157977
1786739169,0,162743
1786739169,1,159817
1786739169,2,159859
1786739169,3,164039
1786739169,4,164599
1786739169,5,166979
1786739169,6,164619
1786739169,7,159039
1786739172,0,162743
1786739172,1,159817
1786739172,2,159859
1786739172,3,164039
1786739172,4,164599
1786739172,5,166979
1786739172,6,164619
1786739172,7,159039
1786739174,0,162743
1786739174,1,161899
1786739174,2,160779
1786739174,3,164039
1786739174,4,164599
1786739174,5,168481
1786739174,6,166399
1786739174,7,159179
1786739176,0,164605
1786739176,1,161901
1786739176,2,160781
1786739176,3,164401
1786739176,4,165161
1786739176,5,168481
1786739176,6,166401
1786739176,7,159181
1786739178,0,164605
1786739178,1,161901
1786739178,2,160961
1786739178,3,164401
1786739178,4,165161
1786739178,5,168481
1786739178,6,166401
1786739178,7,159641
1786739180,0,164605
1786739180,1,163621
1786739180,2,160961
1786739180,3,164401
1786739180,4,165161
1786739180,5,169981
1786739180,6,166401
1786739180,7,159781
1786739183,0,166005
1786739183,1,163621
1786739183,2,160961
1786739183,3,169021
1786739183,4,168341
1786739183,5,169981
1786739183,6,166563
1786739183,7,161141
1786739185,0,166005
1786739185,1,163621
1786739185,2,161761
1786739185,3,169021
1786739185,4,168341
1786739185,5,169981
1786739185,6,166563
1786739185,7,162721
1786739188,0,166005
1786739188,1,163621
1786739188,2,161761
1786739188,3,169021
1786739188,4,168341
1786739188,5,169981
1786739188,6,166563
1786739188,7,162721
1786739190,0,166007
1786739190,1,165623
1786739190,2,161763
1786739190,3,169023
1786739190,4,168343
1786739190,5,171623
1786739190,6,169763
1786739190,7,162723
1786739192,0,167307
1786739192,1,165623
1786739192,2,162743
1786739192,3,169785
1786739192,4,168343
1786739192,5,171625
1786739192,6,169763
1786739192,7,162723
1786739194,0,167307
1786739194,1,165623
1786739194,2,164305
1786739194,3,169785
1786739194,4,168343
1786739194,5,171625
1786739194,6,169765
1786739194,7,162725
1786739196,0,167307
1786739196,1,165623
1786739196,2,164305
1786739196,3,169785
1786739196,4,168343
1786739196,5,171625
1786739196,6,169765
1786739196,7,162725
1786739199,0,169109
1786739199,1,167385
1786739199,2,164745
1786739199,3,170465
1786739199,4,169405
1786739199,5,173465
1786739199,6,171385
1786739199,7,163485
1786739202,0,169109
1786739202,1,167385
1786739202,2,166185
1786739202,3,170465
1786739202,4,170725
1786739202,5,173465
1786739202,6,171385
1786739202,7,165445
1786739204,0,169109
1786739204,1,167385
1786739204,2,166185
1786739204,3,170465
1786739204,4,170725
1786739204,5,173465
1786739204,6,171385
1786739204,7,165445
1786739206,0,169111
1786739206,1,168407
1786739206,2,166347
1786739206,3,172687
1786739206,4,170727
1786739206,5,175027
1786739206,6,172967
1786739206,7,166049
1786739208,0,170251
1786739208,1,168407
1786739208,2,167649
1786739208,3,172689
1786739208,4,173769
1786739208,5,175027
1786739208,6,172969
1786739208,7,167349
1786739211,0,170251
1786739211,1,168407
1786739211,2,167649
1786739211,3,172689
1786739211,4,173769
1786739211,5,175027
1786739211,6,172969
1786739211,7,167349
1786739213,0,170251
1786739213,1,170209
1786739213,2,167649
1786739213,3,172689
1786739213,4,173769
1786739213,5,176687
1786739213,6,172969
1786739213,7,167349
1786739216,0,171773
1786739216,1,170209
1786739216,2,167649
1786739216,3,175189
1786739216,4,175109
1786739216,5,176689
1786739216,6,174529
1786739216,7,167809
1786739218,0,171773
1786739218,1,170209
1786739218,2,168089
1786739218,3,175189
1786739218,4,175109
1786739218,5,176689
1786739218,6,174529
1786739218,7,168209
1786739220,0,171773
1786739220,1,170209
1786739220,2,168089
1786739220,3,175189
1786739220,4,175109
1786739220,5,176689
1786739220,6,174529
1786739220,7,168209
1786739222,0,171775
1786739222,1,172131
1786739222,2,168551
1786739222,3,175193
1786739222,4,175111
1786739222,5,178973
1786739222,6,175991
1786739222,7,169551
1786739224,0,174335
1786739224,1,172131
1786739224,2,170331
1786739224,3,175193
1786739224,4,175251
1786739224,5,178973
1786739224,6,175993
1786739224,7,169551
1786739226,0,174335
1786739226,1,172131
1786739226,2,170331
1786739226,3,175193
1786739226,4,175251
1786739226,5,178973
1786739226,6,175993
1786739226,7,170473
1786739229,0,174335
1786739229,1,172131
1786739229,2,170331
1786739229,3,175193
1786739229,4,175251
1786739229,5,178973
1786739229,6,175993
1786739229,7,170473
1786739231,0,174335
1786739231,1,172131
1786739231,2,170331
1786739231,3,175193
1786739231,4,175251
1786739231,5,178973
1786739231,6,175993
1786739231,7,170473
1786739234,0,174335
1786739234,1,172131
1786739234,2,170331
1786739234,3,175193
1786739234,4,175251
1786739234,5,178973
1786739234,6,175993
1786739234,7,170473
1786739236,0,174335
1786739236,1,172131
1786739236,2,170331
1786739236,3,175193
1786739236,4,175251
1786739236,5,178973
1786739236,6,175993
1786739236,7,170473
1786739238,0,174335
1786739238,1,172131
1786739238,2,170331
1786739238,3,175193
1786739238,4,175251
1786739238,5,178973
1786739238,6,175993
1786739238,7,170473
1786739240,0,174335
1786739240,1,172131
1786739240,2,170331
1786739240,3,175193
1786739240,4,175251
1786739240,5,178973
1786739240,6,175993
1786739240,7,170473
1786739243,0,174335
1786739243,1,172131
1786739243,2,170331
1786739243,3,175193
1786739243,4,175251
1786739243,5,178973
1786739243,6,175993
1786739243,7,170473
1786739246,0,174335
1786739246,1,172131
1786739246,2,170331
1786739246,3,175193
1786739246,4,175251
1786739246,5,178973
1786739246,6,175993
1786739246,7,170473
1786739248,0,174335
1786739248,1,172131
1786739248,2,170331
1786739248,3,175193
1786739248,4,175251
1786739248,5,178973
1786739248,6,175993
1786739248,7,170473
1786739250,0,174335
1786739250,1,172131
1786739250,2,170331
1786739250,3,175193
1786739250,4,175251
1786739250,5,178973
1786739250,6,175993
1786739250,7,170473
1786739252,0,174335
1786739252,1,172131
1786739252,2,170331
1786739252,3,175193
1786739252,4,175251
1786739252,5,178973
1786739252,6,175993
1786739252,7,170473
1786739255,0,174335
1786739255,1,172131
1786739255,2,170331
1786739255,3,175193
1786739255,4,175251
1786739255,5,178973
1786739255,6,175993
1786739255,7,170473
1786739257,0,174335
1786739257,1,172131
1786739257,2,170331
1786739257,3,175193
1786739257,4,175251
1786739257,5,178973
1786739257,6,175993
1786739257,7,170473
1786739259,0,174335
1786739259,1,172131
1786739259,2,170331
1786739259,3,175193
1786739259,4,175251
1786739259,5,178973
1786739259,6,175993
1786739259,7,170473
1786739261,0,174335
1786739261,1,172131
1786739261,2,170331
1786739261,3,175193
1786739261,4,175251
1786739261,5,178973
1786739261,6,175993
1786739261,7,170473
1786739263,0,174335
1786739263,1,172131
1786739263,2,170331
1786739263,3,175193
1786739263,4,175251
1786739263,5,178973
1786739263,6,175993
1786739263,7,170473
1786739266,0,174335
1786739266,1,172131
1786739266,2,170331
1786739266,3,175193
1786739266,4,175251
1786739266,5,178973
1786739266,6,175993
1786739266,7,170473
1786739268,0,174335
1786739268,1,172131
1786739268,2,170331
1786739268,3,175193
1786739268,4,175251
1786739268,5,178973
1786739268,6,175993
1786739268,7,170473
1786739270,0,174335
1786739270,1,172131
1786739270,2,170331
1786739270,3,175193
1786739270,4,175251
1786739270,5,178973
1786739270,6,175993
1786739270,7,170473
1786739272,0,174335
1786739272,1,172131
1786739272,2,170331
1786739272,3,175193
1786739272,4,175251
1786739272,5,178973
1786739272,6,175993
1786739272,7,170473
1786739275,0,174335
1786739275,1,172131
1786739275,2,170331
1786739275,3,175193
1786739275,4,175251
1786739275,5,178973
1786739275,6,175993
1786739275,7,170473
1786739277,0,174335
1786739277,1,172131
1786739277,2,170331
1786739277,3,175193
1786739277,4,175251
1786739277,5,178973
1786739277,6,175993
1786739277,7,170473
1786739279,0,174335
1786739279,1,172131
1786739279,2,170331
1786739279,3,175193
1786739279,4,175251
1786739279,5,178973
1786739279,6,175993
1786739279,7,170473
1786739281,0,174335
1786739281,1,172131
1786739281,2,170331
1786739281,3,175193
1786739281,4,175251
1786739281,5,178973
1786739281,6,175993
1786739281,7,170473
1786739284,0,174335
1786739284,1,172131
1786739284,2,170331
1786739284,3,175193
1786739284,4,175251
1786739284,5,178973
1786739284,6,175993
1786739284,7,170473
1786739286,0,174335
1786739286,1,172131
1786739286,2,170331
1786739286,3,175193
1786739286,4,175251
1786739286,5,178973
1786739286,6,175993
1786739286,7,170473
1786739288,0,174335
1786739288,1,172131
1786739288,2,170331
1786739288,3,175193
1786739288,4,175251
1786739288,5,178973
1786739288,6,175993
1786739288,7,170473
1786739291,0,174335
1786739291,1,172131
1786739291,2,170331
1786739291,3,175193
1786739291,4,175251
1786739291,5,178973
1786739291,6,175993
1786739291,7,170473
1786739293,0,174335
1786739293,1,172131
1786739293,2,170331
1786739293,3,175193
1786739293,4,175251
1786739293,5,178973
1786739293,6,175993
1786739293,7,170473
1786739295,0,174335
1786739295,1,172131
1786739295,2,170331
1786739295,3,175193
1786739295,4,175251
1786739295,5,178973
1786739295,6,175993
1786739295,7,170473
1786739298,0,174335
1786739298,1,172131
1786739298,2,170331
1786739298,3,175193
1786739298,4,175251
1786739298,5,178973
1786739298,6,175993
1786739298,7,170473
1786739300,0,174335
1786739300,1,172131
1786739300,2,170331
1786739300,3,175193
1786739300,4,175251
1786739300,5,178973
1786739300,6,175993
1786739300,7,170473
1786739302,0,174335
1786739302,1,172131
1786739302,2,170331
1786739302,3,175193
1786739302,4,175251
1786739302,5,178973
1786739302,6,175993
1786739302,7,170473
1786739306,0,174335
1786739306,1,172131
1786739306,2,170331
1786739306,3,175193
1786739306,4,175251
1786739306,5,178973
1786739306,6,175993
1786739306,7,170473
1786739308,0,174335
1786739308,1,172131
1786739308,2,170331
1786739308,3,175193
1786739308,4,175251
1786739308,5,178973
1786739308,6,175993
1786739308,7,170473
1786739311,0,174335
1786739311,1,172131
1786739311,2,170331
1786739311,3,175193
1786739311,4,175251
1786739311,5,178973
1786739311,6,175993
1786739311,7,170473
1786739313,0,174335
1786739313,1,172131
1786739313,2,170331
1786739313,3,175193
1786739313,4,175251
1786739313,5,178973
1786739313,6,175993
1786739313,7,170473
1786739315,0,174335
1786739315,1,172131
1786739315,2,170331
1786739315,3,175193
1786739315,4,175251
1786739315,5,178973
1786739315,6,175993
1786739315,7,170473
1786739317,0,174335
1786739317,1,172131
1786739317,2,170331
1786739317,3,175193
1786739317,4,175251
1786739317,5,178973
1786739317,6,175993
1786739317,7,170473
1786739320,0,174335
1786739320,1,172131
1786739320,2,170331
1786739320,3,175193
1786739320,4,175251
1786739320,5,178973
1786739320,6,175993
1786739320,7,170473
1786739322,0,174335
1786739322,1,172131
1786739322,2,170331
1786739322,3,175193
1786739322,4,175251
1786739322,5,178973
1786739322,6,175993
1786739322,7,170473
1786739324,0,174335
1786739324,1,172131
1786739324,2,170331
1786739324,3,175193
1786739324,4,175251
1786739324,5,178973
1786739324,6,175993
1786739324,7,170473
1786739327,0,174335
1786739327,1,172131
1786739327,2,170331
1786739327,3,175193
1786739327,4,175251
1786739327,5,178973
1786739327,6,175993
1786739327,7,170473
1786739329,0,174335
1786739329,1,172131
1786739329,2,170331
1786739329,3,175193
1786739329,4,175251
1786739329,5,178973
1786739329,6,175993
1786739329,7,170473
1786739331,0,174335
1786739331,1,172131
1786739331,2,170331
1786739331,3,175193
1786739331,4,175251
1786739331,5,178973
1786739331,6,175993
1786739331,7,170473
1786739334,0,174335
1786739334,1,172131
1786739334,2,170331
1786739334,3,175193
1786739334,4,175251
1786739334,5,178973
1786739334,6,175993
1786739334,7,170473
1786739336,0,174335
1786739336,1,172131
1786739336,2,170331
1786739336,3,175193
1786739336,4,175251
1786739336,5,178973
1786739336,6,175993
1786739336,7,170473
1786739339,0,174335
1786739339,1,172131
1786739339,2,170331
1786739339,3,175193
1786739339,4,175251
1786739339,5,178973
1786739339,6,175993
1786739339,7,170473
1786739341,0,174335
1786739341,1,172131
1786739341,2,170331
1786739341,3,175193
1786739341,4,175251
1786739341,5,178973
1786739341,6,175993
1786739341,7,170473
1786739343,0,174335
1786739343,1,172131
1786739343,2,171171
1786739343,3,175193
1786739343,4,175831
1786739343,5,178973
1786739343,6,175993
1786739343,7,170853
1786739345,0,174335
1786739345,1,172131
1786739345,2,171171
1786739345,3,175193
1786739345,4,175831
1786739345,5,178973
1786739345,6,175993
1786739345,7,170853
1786739348,0,174335
1786739348,1,172131
1786739348,2,171171
1786739348,3,175193
1786739348,4,175831
1786739348,5,178973
1786739348,6,175993
1786739348,7,170853
1786739350,0,174335
1786739350,1,172131
1786739350,2,171171
1786739350,3,175193
1786739350,4,175831
1786739350,5,178973
1786739350,6,175993
1786739350,7,170853
1786739352,0,174335
1786739352,1,172131
1786739352,2,171171
1786739352,3,175193
1786739352,4,175831
1786739352,5,178973
1786739352,6,175993
1786739352,7,170853
1786739354,0,174335
1786739354,1,172131
1786739354,2,171171
1786739354,3,175193
1786739354,4,175831
1786739354,5,178973
1786739354,6,175993
1786739354,7,170853
1786739357,0,174335
1786739357,1,172131
1786739357,2,171171
1786739357,3,175193
1786739357,4,175831
1786739357,5,178973
1786739357,6,175993
1786739357,7,170853
1786739359,0,174335
1786739359,1,172131
1786739359,2,171171
1786739359,3,175193
1786739359,4,175831
1786739359,5,178973
1786739359,6,175993
1786739359,7,170853
1786739361,0,174335
1786739361,1,172131
1786739361,2,171171
1786739361,3,175193
1786739361,4,175831
1786739361,5,178973
1786739361,6,175993
1786739361,7,170853
1786739363,0,174335
1786739363,1,172131
1786739363,2,171171
1786739363,3,175193
1786739363,4,175831
1786739363,5,178973
1786739363,6,175993
1786739363,7,170853
1786739366,0,174335
1786739366,1,172131
1786739366,2,171171
1786739366,3,175193
1786739366,4,175831
1786739366,5,178973
1786739366,6,175993
1786739366,7,170853
1786739368,0,174335
1786739368,1,172131
1786739368,2,171171
1786739368,3,175193
1786739368,4,175831
1786739368,5,178973
1786739368,6,175993
1786739368,7,170853
1786739370,0,174335
1786739370,1,172131
1786739370,2,171171
1786739370,3,175193
1786739370,4,175831
1786739370,5,178973
1786739370,6,175993
1786739370,7,170853
1786739372,0,174335
1786739372,1,172131
1786739372,2,171171
1786739372,3,175193
1786739372,4,175831
1786739372,5,178973
1786739372,6,175993
1786739372,7,170853
1786739374,0,174335
1786739374,1,172131
1786739374,2,171171
1786739374,3,175193
1786739374,4,175831
1786739374,5,178973
1786739374,6,175993
1786739374,7,170853
1786739377,0,174335
1786739377,1,172131
1786739377,2,171171
1786739377,3,175193
1786739377,4,175831
1786739377,5,178973
1786739377,6,175993
1786739377,7,170853
1786739379,0,174335
1786739379,1,172131
1786739379,2,171171
1786739379,3,175193
1786739379,4,175831
1786739379,5,178973
1786739379,6,175993
1786739379,7,170853
1786739381,0,174335
1786739381,1,172131
1786739381,2,171171
1786739381,3,175193
1786739381,4,175831
1786739381,5,178973
1786739381,6,175993
1786739381,7,170853
1786739383,0,174335
1786739383,1,172131
1786739383,2,171171
1786739383,3,175193
1786739383,4,175831
1786739383,5,178973
1786739383,6,175993
1786739383,7,170853
1786739386,0,174335
1786739386,1,172131
1786739386,2,171171
1786739386,3,175193
1786739386,4,175831
1786739386,5,178973
1786739386,6,175993
1786739386,7,170853
1786739388,0,174335
1786739388,1,172131
1786739388,2,171171
1786739388,3,175193
1786739388,4,175831
1786739388,5,178973
1786739388,6,175993
1786739388,7,170853
1786739390,0,174335
1786739390,1,172131
1786739390,2,171171
1786739390,3,175193
1786739390,4,175831
1786739390,5,178973
1786739390,6,175993
1786739390,7,170853
1786739392,0,174335
1786739392,1,172131
1786739392,2,171171
1786739392,3,175193
1786739392,4,175831
1786739392,5,178973
1786739392,6,175993
1786739392,7,170853
1786739395,0,174335
1786739395,1,172131
1786739395,2,171171
1786739395,3,175193
1786739395,4,175831
1786739395,5,178973
1786739395,6,175993
1786739395,7,170853
1786739397,0,174335
1786739397,1,172131
1786739397,2,171171
1786739397,3,175193
1786739397,4,175831
1786739397,5,178973
1786739397,6,175993
1786739397,7,170853
1786739399,0,174335
1786739399,1,172131
1786739399,2,171171
1786739399,3,175193
1786739399,4,175831
1786739399,5,178973
1786739399,6,175993
1786739399,7,170853
1786739401,0,174335
1786739401,1,172131
1786739401,2,171171
1786739401,3,175193
1786739401,4,175831
1786739401,5,178973
1786739401,6,175993
1786739401,7,170853
1786739403,0,174335
1786739403,1,172131
1786739403,2,171171
1786739403,3,175193
1786739403,4,175831
1786739403,5,178973
1786739403,6,175993
1786739403,7,170853
1786739405,0,174335
1786739405,1,172131
1786739405,2,171171
1786739405,3,175193
1786739405,4,175831
1786739405,5,178973
1786739405,6,175993
1786739405,7,170853
1786739408,0,174335
1786739408,1,172131
1786739408,2,171171
1786739408,3,175193
1786739408,4,175831
1786739408,5,178973
1786739408,6,175993
1786739408,7,170853
1786739410,0,174335
1786739410,1,172131
1786739410,2,171171
1786739410,3,175193
1786739410,4,175831
1786739410,5,178973
1786739410,6,175993
1786739410,7,170853
1786739413,0,174335
1786739413,1,172131
1786739413,2,171171
1786739413,3,175193
1786739413,4,175831
1786739413,5,178973
1786739413,6,175993
1786739413,7,170853
1786739415,0,174335
1786739415,1,172131
1786739415,2,171171
1786739415,3,175193
1786739415,4,175831
1786739415,5,178973
1786739415,6,175993
1786739415,7,170853
1786739417,0,174335
1786739417,1,172131
1786739417,2,171171
1786739417,3,175193
1786739417,4,175831
1786739417,5,178973
1786739417,6,175993
1786739417,7,170853
1786739419,0,174335
1786739419,1,172131
1786739419,2,171171
1786739419,3,175193
1786739419,4,175831
1786739419,5,178973
1786739419,6,175993
1786739419,7,170853
1786739421,0,174335
1786739421,1,172131
1786739421,2,171171
1786739421,3,175193
1786739421,4,175831
1786739421,5,178973
1786739421,6,175993
1786739421,7,170853
1786739425,0,174335
1786739425,1,172131
1786739425,2,171171
1786739425,3,175193
1786739425,4,175831
1786739425,5,178973
1786739425,6,175993
1786739425,7,170853
1786739427,0,174335
1786739427,1,172131
1786739427,2,171171
1786739427,3,175193
1786739427,4,175831
1786739427,5,178973
1786739427,6,175993
1786739427,7,170853
1786739429,0,174335
1786739429,1,172131
1786739429,2,171171
1786739429,3,175193
1786739429,4,175831
1786739429,5,178973
1786739429,6,175993
1786739429,7,170853
1786739432,0,174335
1786739432,1,172131
1786739432,2,171171
1786739432,3,175193
1786739432,4,175831
1786739432,5,178973
1786739432,6,175993
1786739432,7,170853
1786739434,0,174335
1786739434,1,172131
1786739434,2,171171
1786739434,3,175193
1786739434,4,175831
1786739434,5,178973
1786739434,6,175993
1786739434,7,170853
1786739436,0,174335
1786739436,1,172131
1786739436,2,171171
1786739436,3,175193
1786739436,4,175831
1786739436,5,178973
1786739436,6,175993
1786739436,7,170853
1786739439,0,174335
1786739439,1,172131
1786739439,2,171171
1786739439,3,175193
1786739439,4,175831
1786739439,5,178973
1786739439,6,175993
1786739439,7,170853
1786739441,0,174335
1786739441,1,172131
1786739441,2,171171
1786739441,3,175193
1786739441,4,175831
1786739441,5,178973
1786739441,6,175993
1786739441,7,170853
1786739443,0,174335
1786739443,1,172131
1786739443,2,171171
1786739443,3,175193
1786739443,4,175831
1786739443,5,178973
1786739443,6,175993
1786739443,7,170853
1786739445,0,174335
1786739445,1,172131
1786739445,2,171171
1786739445,3,175193
1786739445,4,175831
1786739445,5,178973
1786739445,6,175993
1786739445,7,170853
1786739448,0,174335
1786739448,1,172131
1786739448,2,171171
1786739448,3,175193
1786739448,4,175831
1786739448,5,178973
1786739448,6,175993
1786739448,7,170853
1786739450,0,174335
1786739450,1,172131
1786739450,2,171171
1786739450,3,175193
1786739450,4,175831
1786739450,5,178973
1786739450,6,175993
1786739450,7,170853
1786739453,0,174335
1786739453,1,172131
1786739453,2,171171
1786739453,3,175193
1786739453,4,175831
1786739453,5,178973
1786739453,6,175993
1786739453,7,170853
1786739455,0,174335
1786739455,1,172131
1786739455,2,171171
1786739455,3,175193
1786739455,4,175831
1786739455,5,178973
1786739455,6,175993
1786739455,7,170853
1786739457,0,174335
1786739457,1,172291
1786739457,2,171171
1786739457,3,176433
1786739457,4,175831
1786739457,5,178973
1786739457,6,175993
1786739457,7,170853
1786739460,0,174337
1786739460,1,172291
1786739460,2,171171
1786739460,3,176433
1786739460,4,175831
1786739460,5,178973
1786739460,6,175993
1786739460,7,170853
1786739462,0,174337
1786739462,1,172291
1786739462,2,171171
1786739462,3,176433
1786739462,4,175831
1786739462,5,178973
1786739462,6,175993
1786739462,7,170853
1786739464,0,174337
1786739464,1,172291
1786739464,2,171171
1786739464,3,176433
1786739464,4,175831
1786739464,5,178973
1786739464,6,175993
1786739464,7,170853
1786739466,0,174337
1786739466,1,172291
1786739466,2,171171
1786739466,3,176433
1786739466,4,175831
1786739466,5,178973
1786739466,6,175993
1786739466,7,170853
1786739469,0,174337
1786739469,1,172291
1786739469,2,171171
1786739469,3,176433
1786739469,4,175831
1786739469,5,178973
1786739469,6,175993
1786739469,7,170853
1786739471,0,174337
1786739471,1,172291
1786739471,2,171171
1786739471,3,176433
1786739471,4,175831
1786739471,5,178973
1786739471,6,175993
1786739471,7,170853
1786739473,0,174337
1786739473,1,172291
1786739473,2,171171
1786739473,3,176433
1786739473,4,175831
1786739473,5,178973
1786739473,6,175993
1786739473,7,170853
1786739475,0,174337
1786739475,1,172291
1786739475,2,171171
1786739475,3,176433
1786739475,4,175831
1786739475,5,178973
1786739475,6,175993
1786739475,7,170853
1786739478,0,174337
1786739478,1,172291
1786739478,2,171171
1786739478,3,176433
1786739478,4,175831
1786739478,5,178973
1786739478,6,175993
1786739478,7,170853
1786739480,0,174337
1786739480,1,172291
1786739480,2,171171
1786739480,3,176433
1786739480,4,175831
1786739480,5,178973
1786739480,6,175993
1786739480,7,170853
1786739482,0,174337
1786739482,1,172291
1786739482,2,171171
1786739482,3,176433
1786739482,4,175831
1786739482,5,178973
1786739482,6,175993
1786739482,7,170853
1786739485,0,174337
1786739485,1,172291
1786739485,2,171171
1786739485,3,176433
1786739485,4,175831
1786739485,5,178973
1786739485,6,175993
1786739485,7,170853
1786739487,0,174337
1786739487,1,172291
1786739487,2,171171
1786739487,3,176433
1786739487,4,175831
1786739487,5,178973
1786739487,6,175993
1786739487,7,170853
1786739489,0,174337
1786739489,1,172291
1786739489,2,171171
1786739489,3,176433
1786739489,4,175831
1786739489,5,178973
1786739489,6,175993
1786739489,7,170853
1786739491,0,174337
1786739491,1,172291
1786739491,2,171171
1786739491,3,176433
1786739491,4,175831
1786739491,5,178973
1786739491,6,175993
1786739491,7,170853
1786739493,0,174337
1786739493,1,172291
1786739493,2,171171
1786739493,3,176433
1786739493,4,175831
1786739493,5,178973
1786739493,6,175993
1786739493,7,170853
1786739496,0,174337
1786739496,1,172291
1786739496,2,171171
1786739496,3,176433
1786739496,4,175831
1786739496,5,178973
1786739496,6,175993
1786739496,7,170853
1786739498,0,174337
1786739498,1,172291
1786739498,2,171171
1786739498,3,176433
1786739498,4,175831
1786739498,5,178973
1786739498,6,175993
1786739498,7,170853
1786739500,0,174337
1786739500,1,172291
1786739500,2,171171
1786739500,3,176433
1786739500,4,175831
1786739500,5,178973
1786739500,6,175993
1786739500,7,170853
1786739502,0,174337
1786739502,1,172291
1786739502,2,171171
1786739502,3,176433
1786739502,4,175831
1786739502,5,178973
1786739502,6,175993
1786739502,7,170853
1786739505,0,174337
1786739505,1,172291
1786739505,2,171171
1786739505,3,176433
1786739505,4,175831
1786739505,5,178973
1786739505,6,175993
1786739505,7,170853
1786739507,0,174337
1786739507,1,172291
1786739507,2,171171
1786739507,3,176433
1786739507,4,175831
1786739507,5,178973
1786739507,6,175993
1786739507,7,170853
1786739509,0,174337
1786739509,1,172291
1786739509,2,171171
1786739509,3,176433
1786739509,4,175831
1786739509,5,178973
1786739509,6,175993
1786739509,7,170853
1786739511,0,174337
1786739511,1,172291
1786739511,2,171171
1786739511,3,176433
1786739511,4,175831
1786739511,5,178973
1786739511,6,175993
1786739511,7,170853
1786739514,0,174337
1786739514,1,172291
1786739514,2,171171
1786739514,3,176433
1786739514,4,175831
1786739514,5,178973
1786739514,6,175993
1786739514,7,170853
1786739516,0,174337
1786739516,1,172291
1786739516,2,171171
1786739516,3,176433
1786739516,4,175831
1786739516,5,178973
1786739516,6,175993
1786739516,7,170853
1786739518,0,174337
1786739518,1,172291
1786739518,2,171171
1786739518,3,176433
1786739518,4,175831
1786739518,5,178973
1786739518,6,175993
1786739518,7,170853
1786739521,0,174337
1786739521,1,172291
1786739521,2,171171
1786739521,3,176433
1786739521,4,175831
1786739521,5,178973
1786739521,6,175993
1786739521,7,170853
1786739523,0,174337
1786739523,1,172291
1786739523,2,171171
1786739523,3,176433
1786739523,4,175831
1786739523,5,178973
1786739523,6,175993
1786739523,7,170853
1786739525,0,174337
1786739525,1,172291
1786739525,2,171171
1786739525,3,176433
1786739525,4,175831
1786739525,5,178973
1786739525,6,175993
1786739525,7,170853
1786739527,0,174337
1786739527,1,172291
1786739527,2,171171
1786739527,3,176433
1786739527,4,175831
1786739527,5,178973
1786739527,6,175993
1786739527,7,170853
1786739530,0,174337
1786739530,1,172291
1786739530,2,171171
1786739530,3,176433
1786739530,4,175831
1786739530,5,178973
1786739530,6,175993
1786739530,7,170853
1786739533,0,174337
1786739533,1,172291
1786739533,2,171171
1786739533,3,176433
1786739533,4,175831
1786739533,5,178973
1786739533,6,175993
1786739533,7,170853
1786739535,0,174337
1786739535,1,172291
1786739535,2,171171
1786739535,3,176433
1786739535,4,175831
1786739535,5,178973
1786739535,6,175993
1786739535,7,170853
1786739537,0,174337
1786739537,1,172291
1786739537,2,171171
1786739537,3,176433
1786739537,4,175831
1786739537,5,178973
1786739537,6,175993
1786739537,7,170853
1786739539,0,174337
1786739539,1,172291
1786739539,2,171171
1786739539,3,176433
1786739539,4,175831
1786739539,5,178973
1786739539,6,175993
1786739539,7,170853
1786739541,0,174337
1786739541,1,172291
1786739541,2,171171
1786739541,3,176433
1786739541,4,175831
1786739541,5,178973
1786739541,6,175993
1786739541,7,170853
1786739544,0,174337
1786739544,1,172291
1786739544,2,171171
1786739544,3,176433
1786739544,4,175831
1786739544,5,178973
1786739544,6,175993
1786739544,7,170853
1786739547,0,174337
1786739547,1,172291
1786739547,2,171171
1786739547,3,176433
1786739547,4,175831
1786739547,5,178973
1786739547,6,175993
1786739547,7,170853
1786739549,0,174337
1786739549,1,172291
1786739549,2,171171
1786739549,3,176433
1786739549,4,175831
1786739549,5,178973
1786739549,6,175993
1786739549,7,170853
1786739551,0,174337
1786739551,1,172291
1786739551,2,171171
1786739551,3,176433
1786739551,4,175831
1786739551,5,178973
1786739551,6,175993
1786739551,7,170853
1786739553,0,174337
1786739553,1,172291
1786739553,2,171171
1786739553,3,176433
1786739553,4,175831
1786739553,5,178973
1786739553,6,175993
1786739553,7,170853
1786739555,0,174337
1786739555,1,172291
1786739555,2,171171
1786739555,3,176433
1786739555,4,175831
1786739555,5,178973
1786739555,6,175993
1786739555,7,170853
1786739558,0,174337
1786739558,1,172291
1786739558,2,171171
1786739558,3,176433
1786739558,4,175831
1786739558,5,178973
1786739558,6,175993
1786739558,7,170853
1786739561,0,174337
1786739561,1,172291
1786739561,2,171171
1786739561,3,176433
1786739561,4,175831
1786739561,5,178973
1786739561,6,175993
1786739561,7,170853
1786739563,0,174337
1786739563,1,172291
1786739563,2,171171
1786739563,3,176433
1786739563,4,175831
1786739563,5,178973
1786739563,6,175993
1786739563,7,170853
1786739565,0,174337
1786739565,1,172291
1786739565,2,171171
1786739565,3,176433
1786739565,4,175831
1786739565,5,178973
1786739565,6,175993
1786739565,7,170853
1786739568,0,174337
1786739568,1,172291
1786739568,2,171171
1786739568,3,176433
1786739568,4,175831
1786739568,5,178973
1786739568,6,175993
1786739568,7,170853
1786739570,0,174337
1786739570,1,172291
1786739570,2,171171
1786739570,3,176433
1786739570,4,175831
1786739570,5,178973
1786739570,6,175993
1786739570,7,170853
1786739573,0,174337
1786739573,1,172291
1786739573,2,171171
1786739573,3,176433
1786739573,4,175831
1786739573,5,178973
1786739573,6,175993
1786739573,7,170853
1786739575,0,174337
1786739575,1,172571
1786739575,2,171171
1786739575,3,176913
1786739575,4,175831
1786739575,5,178973
1786739575,6,176133
1786739575,7,170853
1786739577,0,174337
1786739577,1,172571
1786739577,2,171171
1786739577,3,176913
1786739577,4,176771
1786739577,5,178973
1786739577,6,176133
1786739577,7,170953
1786739580,0,174337
1786739580,1,172571
1786739580,2,171171
1786739580,3,176913
1786739580,4,176771
1786739580,5,178973
1786739580,6,176133
1786739580,7,171793
1786739582,0,174337
1786739582,1,172571
1786739582,2,171171
1786739582,3,176913
1786739582,4,176771
1786739582,5,178973
1786739582,6,176133
1786739582,7,171793
1786739585,0,174337
1786739585,1,172571
1786739585,2,171171
1786739585,3,176913
1786739585,4,176771
1786739585,5,178973
1786739585,6,176133
1786739585,7,171793
1786739587,0,174337
1786739587,1,172571
1786739587,2,171171
1786739587,3,176913
1786739587,4,176771
1786739587,5,178973
1786739587,6,176133
1786739587,7,171793
1786739589,0,174337
1786739589,1,172571
1786739589,2,171171
1786739589,3,176913
1786739589,4,176771
1786739589,5,178973
1786739589,6,176133
1786739589,7,171793
1786739592,0,174337
1786739592,1,172571
1786739592,2,171171
1786739592,3,176913
1786739592,4,176771
1786739592,5,178973
1786739592,6,176133
1786739592,7,171793
1786739594,0,174337
1786739594,1,172571
1786739594,2,171171
1786739594,3,176913
1786739594,4,176771
1786739594,5,178973
1786739594,6,176133
1786739594,7,171793
1786739597,0,174337
1786739597,1,172571
1786739597,2,171171
1786739597,3,176913
1786739597,4,176771
1786739597,5,178973
1786739597,6,176133
1786739597,7,171793
1786739600,0,174337
1786739600,1,172571
1786739600,2,171171
1786739600,3,176913
1786739600,4,176771
1786739600,5,178973
1786739600,6,176133
1786739600,7,171793
1786739602,0,174337
1786739602,1,172571
1786739602,2,171171
1786739602,3,176913
1786739602,4,176771
1786739602,5,178973
1786739602,6,176133
1786739602,7,171793
1786739605,0,174337
1786739605,1,172571
1786739605,2,171171
1786739605,3,176913
1786739605,4,176771
1786739605,5,178973
1786739605,6,176133
1786739605,7,171793
1786739607,0,174337
1786739607,1,172571
1786739607,2,171171
1786739607,3,176913
1786739607,4,176771
1786739607,5,178973
1786739607,6,176133
1786739607,7,171793
1786739609,0,174337
1786739609,1,172571
1786739609,2,171171
1786739609,3,176913
1786739609,4,176771
1786739609,5,178973
1786739609,6,176133
1786739609,7,171793
1786739612,0,174337
1786739612,1,172571
1786739612,2,171171
1786739612,3,176913
1786739612,4,176771
1786739612,5,178973
1786739612,6,176133
1786739612,7,171793
1786739614,0,174337
1786739614,1,172571
1786739614,2,171171
1786739614,3,176913
1786739614,4,176771
1786739614,5,178973
1786739614,6,176133
1786739614,7,171793
1786739616,0,174337
1786739616,1,172571
1786739616,2,171171
1786739616,3,176913
1786739616,4,176771
1786739616,5,178973
1786739616,6,176133
1786739616,7,171793
1786739618,0,174337
1786739618,1,172571
1786739618,2,171171
1786739618,3,176913
1786739618,4,176771
1786739618,5,178973
1786739618,6,176133
1786739618,7,171793
1786739621,0,174337
1786739621,1,172571
1786739621,2,171171
1786739621,3,176913
1786739621,4,176771
1786739621,5,178973
1786739621,6,176133
1786739621,7,171793
1786739624,0,174337
1786739624,1,172571
1786739624,2,171171
1786739624,3,176913
1786739624,4,176771
1786739624,5,178973
1786739624,6,176133
1786739624,7,171793
1786739626,0,174337
1786739626,1,172571
1786739626,2,171171
1786739626,3,176913
1786739626,4,176771
1786739626,5,178973
1786739626,6,176133
1786739626,7,171793
1786739629,0,174337
1786739629,1,172571
1786739629,2,171171
1786739629,3,176913
1786739629,4,176771
1786739629,5,178973
1786739629,6,176133
1786739629,7,171793
1786739631,0,174337
1786739631,1,172571
1786739631,2,171171
1786739631,3,176913
1786739631,4,176771
1786739631,5,178973
1786739631,6,176133
1786739631,7,171793
1786739635,0,174337
1786739635,1,172571
1786739635,2,171171
1786739635,3,176913
1786739635,4,176771
1786739635,5,178973
1786739635,6,176133
1786739635,7,171793
1786739637,0,174337
1786739637,1,172571
1786739637,2,171171
1786739637,3,176913
1786739637,4,176771
1786739637,5,178973
1786739637,6,176133
1786739637,7,171793
1786739640,0,174337
1786739640,1,172571
1786739640,2,171171
1786739640,3,176913
1786739640,4,176771
1786739640,5,178973
1786739640,6,176133
1786739640,7,171793
1786739642,0,174337
1786739642,1,172571
1786739642,2,171171
1786739642,3,176913
1786739642,4,176771
1786739642,5,178973
1786739642,6,176133
1786739642,7,171793
1786739645,0,174337
1786739645,1,172571
1786739645,2,171171
1786739645,3,176913
1786739645,4,176771
1786739645,5,178973
1786739645,6,176133
1786739645,7,171793
1786739647,0,174337
1786739647,1,172571
1786739647,2,171171
1786739647,3,176913
1786739647,4,176771
1786739647,5,178973
1786739647,6,176133
1786739647,7,171793
1786739650,0,174337
1786739650,1,172571
1786739650,2,171171
1786739650,3,176913
1786739650,4,176771
1786739650,5,178973
1786739650,6,176133
1786739650,7,171793
1786739653,0,174337
1786739653,1,172571
1786739653,2,171171
1786739653,3,176913
1786739653,4,176771
1786739653,5,178973
1786739653,6,176133
1786739653,7,171793
1786739656,0,174337
1786739656,1,172571
1786739656,2,171171
1786739656,3,176913
1786739656,4,176771
1786739656,5,178973
1786739656,6,176133
1786739656,7,171793
1786739658,0,174337
1786739658,1,172571
1786739658,2,171171
1786739658,3,176913
1786739658,4,176771
1786739658,5,178973
1786739658,6,176133
1786739658,7,171793
1786739661,0,174337
1786739661,1,172571
1786739661,2,171171
1786739661,3,176913
1786739661,4,176771
1786739661,5,178973
1786739661,6,176133
1786739661,7,171793
1786739663,0,174337
1786739663,1,172571
1786739663,2,171171
1786739663,3,176913
1786739663,4,176771
1786739663,5,178973
1786739663,6,176133
1786739663,7,171793
1786739667,0,174337
1786739667,1,172571
1786739667,2,171171
1786739667,3,176913
1786739667,4,176771
1786739667,5,178973
1786739667,6,176133
1786739667,7,171793
1786739669,0,174337
1786739669,1,172571
1786739669,2,171171
1786739669,3,176913
1786739669,4,176771
1786739669,5,178973
1786739669,6,176133
1786739669,7,171793
1786739672,0,174337
1786739672,1,172571
1786739672,2,171171
1786739672,3,176913
1786739672,4,176771
1786739672,5,178973
1786739672,6,176133
1786739672,7,171793
1786739674,0,174337
1786739674,1,172571
1786739674,2,171171
1786739674,3,176913
1786739674,4,176771
1786739674,5,178973
1786739674,6,176133
1786739674,7,171793
1786739678,0,174337
1786739678,1,172571
1786739678,2,171171
1786739678,3,176913
1786739678,4,176771
1786739678,5,178973
1786739678,6,176133
1786739678,7,171793
1786739681,0,174337
1786739681,1,172571
1786739681,2,171171
1786739681,3,176913
1786739681,4,176771
1786739681,5,178973
1786739681,6,176133
1786739681,7,171793
1786739683,0,174337
1786739683,1,172571
1786739683,2,171171
1786739683,3,176913
1786739683,4,176771
1786739683,5,178973
1786739683,6,176133
1786739683,7,171793
1786739687,0,174337
1786739687,1,172571
1786739687,2,171171
1786739687,3,176913
1786739687,4,176771
1786739687,5,178973
1786739687,6,176133
1786739687,7,171793
1786739689,0,174337
1786739689,1,172571
1786739689,2,171171
1786739689,3,176913
1786739689,4,176771
1786739689,5,178973
1786739689,6,176133
1786739689,7,171793
1786739692,0,174337
1786739692,1,172571
1786739692,2,171171
1786739692,3,176913
1786739692,4,176771
1786739692,5,178973
1786739692,6,176133
1786739692,7,171793
1786739695,0,174337
1786739695,1,172571
1786739695,2,171171
1786739695,3,176913
1786739695,4,176771
1786739695,5,178973
1786739695,6,176133
1786739695,7,171793
1786739700,0,174337
1786739700,1,172571
1786739700,2,171171
1786739700,3,176913
1786739700,4,176771
1786739700,5,178973
1786739700,6,176133
1786739700,7,171793
1786739702,0,174337
1786739702,1,172571
1786739702,2,171171
1786739702,3,176913
1786739702,4,176771
1786739702,5,178973
1786739702,6,176133
1786739702,7,171793
1786739705,0,174337
1786739705,1,172571
1786739705,2,171171
1786739705,3,176913
1786739705,4,176771
1786739705,5,178973
1786739705,6,176133
1786739705,7,171793
1786739707,0,174337
1786739707,1,172571
1786739707,2,171171
1786739707,3,176913
1786739707,4,176771
1786739707,5,178973
1786739707,6,176133
1786739707,7,171793
1786739710,0,174337
1786739710,1,172571
1786739710,2,171171
1786739710,3,176913
1786739710,4,176771
1786739710,5,178973
1786739710,6,176133
1786739710,7,171793
1786739712,0,174337
1786739712,1,172571
1786739712,2,171171
1786739712,3,176913
1786739712,4,176771
1786739712,5,178973
1786739712,6,176133
1786739712,7,171793
1786739714,0,174337
1786739714,1,172571
1786739714,2,171171
1786739714,3,176913
1786739714,4,176771
1786739714,5,178973
1786739714,6,176133
1786739714,7,171793
1786739716,0,174337
1786739716,1,172571
1786739716,2,171171
1786739716,3,176913
1786739716,4,176771
1786739716,5,178973
1786739716,6,176133
1786739716,7,171793
1786739718,0,174337
1786739718,1,172571
1786739718,2,171171
1786739718,3,176913
1786739718,4,176771
1786739718,5,178973
1786739718,6,176133
1786739718,7,171793
1786739721,0,174337
1786739721,1,172571
1786739721,2,171171
1786739721,3,176913
1786739721,4,176771
1786739721,5,178973
1786739721,6,176133
1786739721,7,171793
1786739725,0,174337
1786739725,1,172571
1786739725,2,171171
1786739725,3,176913
1786739725,4,176771
1786739725,5,178973
1786739725,6,176133
1786739725,7,171793
1786739727,0,174337
1786739727,1,172571
1786739727,2,171171
1786739727,3,176913
1786739727,4,176771
1786739727,5,178973
1786739727,6,176133
1786739727,7,171793
1786739730,0,174337
1786739730,1,172571
1786739730,2,171171
1786739730,3,176913
1786739730,4,176771
1786739730,5,178973
1786739730,6,176133
1786739730,7,171793
1786739733,0,174337
1786739733,1,172571
1786739733,2,171171
1786739733,3,176913
1786739733,4,176771
1786739733,5,178973
1786739733,6,176133
1786739733,7,171793
1786739735,0,174337
1786739735,1,172571
1786739735,2,171171
1786739735,3,176913
1786739735,4,176771
1786739735,5,178973
1786739735,6,176133
1786739735,7,171793
1786739738,0,174337
1786739738,1,172571
1786739738,2,171171
1786739738,3,176913
1786739738,4,176771
1786739738,5,178973
1786739738,6,176133
1786739738,7,171793
1786739740,0,174337
1786739740,1,172571
1786739740,2,171171
1786739740,3,176913
1786739740,4,176771
1786739740,5,178973
1786739740,6,176133
1786739740,7,171793
1786739743,0,174337
1786739743,1,172571
1786739743,2,171171
1786739743,3,176913
1786739743,4,176771
1786739743,5,178973
1786739743,6,176133
1786739743,7,171793
1786739745,0,174337
1786739745,1,172571
1786739745,2,171171
1786739745,3,176913
1786739745,4,176771
1786739745,5,178973
1786739745,6,176133
1786739745,7,171793
1786739749,0,174337
1786739749,1,172571
1786739749,2,171171
1786739749,3,176913
1786739749,4,176771
1786739749,5,178973
1786739749,6,176133
1786739749,7,171793
1786739751,0,174337
1786739751,1,172571
1786739751,2,171171
1786739751,3,176913
1786739751,4,176771
1786739751,5,178973
1786739751,6,176133
1786739751,7,171793
1786739754,0,174337
1786739754,1,172571
1786739754,2,171171
1786739754,3,176913
1786739754,4,176771
1786739754,5,178973
1786739754,6,176133
1786739754,7,171793
1786739756,0,174337
1786739756,1,172571
1786739756,2,171171
1786739756,3,176913
1786739756,4,176771
1786739756,5,178973
1786739756,6,176133
1786739756,7,171793
1786739759,0,174337
1786739759,1,172571
1786739759,2,171171
1786739759,3,176913
1786739759,4,176771
1786739759,5,178973
1786739759,6,176133
1786739759,7,171793
1786739761,0,174337
1786739761,1,172571
1786739761,2,171171
1786739761,3,176913
1786739761,4,176771
1786739761,5,178973
1786739761,6,176133
1786739761,7,171793
1786739763,0,174337
1786739763,1,172571
1786739763,2,171171
1786739763,3,176913
1786739763,4,176771
1786739763,5,178973
1786739763,6,176133
1786739763,7,171793
1786739765,0,174337
1786739765,1,172571
1786739765,2,171171
1786739765,3,176913
1786739765,4,176771
1786739765,5,178973
1786739765,6,176133
1786739765,7,171793
1786739767,0,174337
1786739767,1,172571
1786739767,2,171171
1786739767,3,176913
1786739767,4,176771
1786739767,5,178973
1786739767,6,176133
1786739767,7,171793
1786739770,0,174337
1786739770,1,172571
1786739770,2,171171
1786739770,3,176913
1786739770,4,176771
1786739770,5,178973
1786739770,6,176133
1786739770,7,171793
1786739773,0,174337
1786739773,1,172571
1786739773,2,171171
1786739773,3,176913
1786739773,4,176771
1786739773,5,178973
1786739773,6,176133
1786739773,7,171793
1786739775,0,174337
1786739775,1,172571
1786739775,2,171171
1786739775,3,176913
1786739775,4,176771
1786739775,5,178973
1786739775,6,176133
1786739775,7,171793
1786739777,0,174337
1786739777,1,172571
1786739777,2,171171
1786739777,3,176913
1786739777,4,176771
1786739777,5,178973
1786739777,6,176133
1786739777,7,171793
1786739779,0,174337
1786739779,1,172571
1786739779,2,171171
1786739779,3,176913
1786739779,4,176771
1786739779,5,178973
1786739779,6,176133
1786739779,7,171793
1786739782,0,174337
1786739782,1,172571
1786739782,2,171171
1786739782,3,176913
1786739782,4,176771
1786739782,5,178973
1786739782,6,176133
1786739782,7,171793
1786739784,0,174337
1786739784,1,172571
1786739784,2,171171
1786739784,3,176913
1786739784,4,176771
1786739784,5,178973
1786739784,6,176133
1786739784,7,171793
1786739786,0,174337
1786739786,1,172571
1786739786,2,171171
1786739786,3,176913
1786739786,4,176771
1786739786,5,178973
1786739786,6,176133
1786739786,7,171793
1786739789,0,174337
1786739789,1,172571
1786739789,2,171171
1786739789,3,176913
1786739789,4,176771
1786739789,5,178973
1786739789,6,176133
1786739789,7,171793
1786739791,0,174337
1786739791,1,172571
1786739791,2,171171
1786739791,3,176913
1786739791,4,176771
1786739791,5,178973
1786739791,6,176133
1786739791,7,171793
1786739793,0,174337
1786739793,1,172571
1786739793,2,171171
1786739793,3,176913
1786739793,4,176771
1786739793,5,178973
1786739793,6,176133
1786739793,7,171793
1786739795,0,174337
1786739795,1,172571
1786739795,2,171171
1786739795,3,176913
1786739795,4,176771
1786739795,5,178973
1786739795,6,176133
1786739795,7,171793
1786739798,0,174337
1786739798,1,172571
1786739798,2,171171
1786739798,3,176913
1786739798,4,176771
1786739798,5,178973
1786739798,6,176133
1786739798,7,171793
1786739800,0,174337
1786739800,1,172571
1786739800,2,171171
1786739800,3,176913
1786739800,4,176771
1786739800,5,178973
1786739800,6,176133
1786739800,7,171793
1786739803,0,174337
1786739803,1,172571
1786739803,2,171171
1786739803,3,176913
1786739803,4,176771
1786739803,5,178973
1786739803,6,176133
1786739803,7,171793
1786739805,0,174337
1786739805,1,172571
1786739805,2,171171
1786739805,3,176913
1786739805,4,176771
1786739805,5,178973
1786739805,6,176133
1786739805,7,171793
1786739807,0,174337
1786739807,1,172571
1786739807,2,171171
1786739807,3,176913
1786739807,4,176771
1786739807,5,178973
1786739807,6,176133
1786739807,7,171793
1786739810,0,174337
1786739810,1,172571
1786739810,2,171171
1786739810,3,176913
1786739810,4,176771
1786739810,5,178973
1786739810,6,177753
1786739810,7,171793
1786739812,0,174337
1786739812,1,172571
1786739812,2,171171
1786739812,3,176913
1786739812,4,176771
1786739812,5,178973
1786739812,6,177753
1786739812,7,171793
1786739814,0,174337
1786739814,1,172571
1786739814,2,171171
1786739814,3,176913
1786739814,4,176771
1786739814,5,178973
1786739814,6,177753
1786739814,7,171793
1786739817,0,174337
1786739817,1,172571
1786739817,2,171171
1786739817,3,176913
1786739817,4,176771
1786739817,5,178973
1786739817,6,177753
1786739817,7,171793
1786739819,0,174337
1786739819,1,172571
1786739819,2,171171
1786739819,3,176913
1786739819,4,176771
1786739819,5,178973
1786739819,6,177753
1786739819,7,171793
1786739821,0,174337
1786739821,1,172571
1786739821,2,171171
1786739821,3,176913
1786739821,4,176771
1786739821,5,178973
1786739821,6,177753
1786739821,7,171793
1786739823,0,174337
1786739823,1,172571
1786739823,2,171171
1786739823,3,176913
1786739823,4,176771
1786739823,5,178973
1786739823,6,177753
1786739823,7,171793
1786739826,0,174337
1786739826,1,172571
1786739826,2,171171
1786739826,3,176913
1786739826,4,176771
1786739826,5,178973
1786739826,6,177753
1786739826,7,171793
1786739828,0,174337
1786739828,1,172571
1786739828,2,171171
1786739828,3,176913
1786739828,4,176771
1786739828,5,178973
1786739828,6,177753
1786739828,7,171793
1786739831,0,174337
1786739831,1,172571
1786739831,2,171171
1786739831,3,176913
1786739831,4,176771
1786739831,5,178973
1786739831,6,177753
1786739831,7,171793
1786739833,0,174337
1786739833,1,172571
1786739833,2,171171
1786739833,3,176913
1786739833,4,176771
1786739833,5,178973
1786739833,6,177753
1786739833,7,171793
1786739835,0,174337
1786739835,1,172571
1786739835,2,171171
1786739835,3,176913
1786739835,4,176771
1786739835,5,178973
1786739835,6,177753
1786739835,7,171793
1786739838,0,174337
1786739838,1,172571
1786739838,2,171171
1786739838,3,176913
1786739838,4,176771
1786739838,5,178973
1786739838,6,177753
1786739838,7,171793
1786739840,0,174337
1786739840,1,172571
1786739840,2,171171
1786739840,3,176913
1786739840,4,176771
1786739840,5,178973
1786739840,6,177753
1786739840,7,171793
1786739843,0,174337
1786739843,1,172571
1786739843,2,171171
1786739843,3,176913
1786739843,4,176771
1786739843,5,178973
1786739843,6,177753
1786739843,7,171793
1786739846,0,174337
1786739846,1,172571
1786739846,2,171171
1786739846,3,176913
1786739846,4,176771
1786739846,5,178973
1786739846,6,177753
1786739846,7,171793
1786739848,0,174337
1786739848,1,172571
1786739848,2,171171
1786739848,3,176913
1786739848,4,176771
1786739848,5,178973
1786739848,6,177753
1786739848,7,171793
1786739850,0,174337
1786739850,1,172571
1786739850,2,171171
1786739850,3,176913
1786739850,4,176771
1786739850,5,178973
1786739850,6,177753
1786739850,7,171793
1786739852,0,174337
1786739852,1,172571
1786739852,2,171171
1786739852,3,176913
1786739852,4,176771
1786739852,5,178973
1786739852,6,177753
1786739852,7,171793
1786739855,0,174337
1786739855,1,172571
1786739855,2,171171
1786739855,3,176913
1786739855,4,176771
1786739855,5,178973
1786739855,6,177753
1786739855,7,171793
1786739857,0,174337
1786739857,1,172571
1786739857,2,171171
1786739857,3,176913
1786739857,4,176771
1786739857,5,178973
1786739857,6,177753
1786739857,7,171793
1786739859,0,174337
1786739859,1,172571
1786739859,2,171171
1786739859,3,176913
1786739859,4,176771
1786739859,5,178973
1786739859,6,177753
1786739859,7,171793
1786739861,0,174337
1786739861,1,172571
1786739861,2,171171
1786739861,3,176913
1786739861,4,176771
1786739861,5,178973
1786739861,6,177753
1786739861,7,171793
1786739864,0,174337
1786739864,1,172571
1786739864,2,171171
1786739864,3,176913
1786739864,4,176771
1786739864,5,178973
1786739864,6,177753
1786739864,7,171793
1786739866,0,174337
1786739866,1,172571
1786739866,2,171171
1786739866,3,176913
1786739866,4,176771
1786739866,5,178973
1786739866,6,177753
1786739866,7,171793
1786739868,0,174337
1786739868,1,172571
1786739868,2,171171
1786739868,3,176913
1786739868,4,176771
1786739868,5,178973
1786739868,6,177753
1786739868,7,171793
1786739870,0,174337
1786739870,1,172571
1786739870,2,171171
1786739870,3,176913
1786739870,4,176771
1786739870,5,178973
1786739870,6,177753
1786739870,7,171793
1786739873,0,174337
1786739873,1,172571
1786739873,2,171171
1786739873,3,176913
1786739873,4,176771
1786739873,5,178973
1786739873,6,177753
1786739873,7,171793
1786739875,0,174337
1786739875,1,172571
1786739875,2,171171
1786739875,3,176913
1786739875,4,176771
1786739875,5,178973
1786739875,6,177753
1786739875,7,171793
1786739877,0,174337
1786739877,1,172571
1786739877,2,171171
1786739877,3,176913
1786739877,4,176771
1786739877,5,178973
1786739877,6,177753
1786739877,7,171793
1786739880,0,174337
1786739880,1,172571
1786739880,2,171171
1786739880,3,176913
1786739880,4,176771
1786739880,5,178973
1786739880,6,177753
1786739880,7,171793
1786739882,0,174337
1786739882,1,172571
1786739882,2,171171
1786739882,3,176913
1786739882,4,176771
1786739882,5,178973
1786739882,6,177753
1786739882,7,171793
1786739884,0,174337
1786739884,1,172571
1786739884,2,171171
1786739884,3,176913
1786739884,4,176771
1786739884,5,178973
1786739884,6,177753
1786739884,7,171793
1786739887,0,174337
1786739887,1,172571
1786739887,2,171171
1786739887,3,176913
1786739887,4,176771
1786739887,5,178973
1786739887,6,177753
1786739887,7,171793
1786739890,0,174337
1786739890,1,172571
1786739890,2,171171
1786739890,3,176913
1786739890,4,176771
1786739890,5,178973
1786739890,6,177753
1786739890,7,171793
1786739893,0,174337
1786739893,1,172571
1786739893,2,171171
1786739893,3,176913
1786739893,4,176771
1786739893,5,178973
1786739893,6,177753
1786739893,7,171793
1786739896,0,174337
1786739896,1,172571
1786739896,2,171171
1786739896,3,176913
1786739896,4,176771
1786739896,5,178973
1786739896,6,177753
1786739896,7,171793
1786739898,0,174337
1786739898,1,172571
1786739898,2,171171
1786739898,3,176913
1786739898,4,176771
1786739898,5,178973
1786739898,6,177753
1786739898,7,171793
1786739900,0,174337
1786739900,1,172571
1786739900,2,171171
1786739900,3,176913
1786739900,4,176771
1786739900,5,178973
1786739900,6,177753
1786739900,7,171793
1786739903,0,174337
1786739903,1,172571
1786739903,2,171171
1786739903,3,176913
1786739903,4,176771
1786739903,5,178973
1786739903,6,177753
1786739903,7,171793
1786739906,0,174337
1786739906,1,172571
1786739906,2,171171
1786739906,3,176913
1786739906,4,176771
1786739906,5,178973
1786739906,6,177753
1786739906,7,171793
1786739908,0,174337
1786739908,1,172571
1786739908,2,171171
1786739908,3,176913
1786739908,4,176771
1786739908,5,178973
1786739908,6,177753
1786739908,7,171793
1786739910,0,174337
1786739910,1,172571
1786739910,2,171171
1786739910,3,176913
1786739910,4,176771
1786739910,5,178973
1786739910,6,177753
1786739910,7,171793
1786739912,0,174337
1786739912,1,172571
1786739912,2,171171
1786739912,3,176913
1786739912,4,176771
1786739912,5,178973
1786739912,6,177753
1786739912,7,171793
1786739915,0,174337
1786739915,1,172571
1786739915,2,171171
1786739915,3,176913
1786739915,4,176771
1786739915,5,178973
1786739915,6,177753
1786739915,7,171793
1786739917,0,174337
1786739917,1,172571
1786739917,2,171171
1786739917,3,176913
1786739917,4,176771
1786739917,5,178973
1786739917,6,177753
1786739917,7,171793
1786739920,0,174337
1786739920,1,172571
1786739920,2,171171
1786739920,3,176913
1786739920,4,176771
1786739920,5,178973
1786739920,6,177753
1786739920,7,171793
1786739922,0,174337
1786739922,1,172571
1786739922,2,171171
1786739922,3,176913
1786739922,4,176771
1786739922,5,178973
1786739922,6,177753
1786739922,7,171793
1786739924,0,174337
1786739924,1,172571
1786739924,2,171171
1786739924,3,176913
1786739924,4,176771
1786739924,5,178973
1786739924,6,177753
1786739924,7,171793
1786739926,0,174337
1786739926,1,172571
1786739926,2,171171
1786739926,3,176913
1786739926,4,176771
1786739926,5,178973
1786739926,6,177753
1786739926,7,171793
1786739928,0,174337
1786739928,1,172571
1786739928,2,171171
1786739928,3,176913
1786739928,4,176771
1786739928,5,178973
1786739928,6,177753
1786739928,7,171793
1786739931,0,174337
1786739931,1,172571
1786739931,2,171171
1786739931,3,176913
1786739931,4,176771
1786739931,5,178973
1786739931,6,177753
1786739931,7,171793
1786739933,0,174337
1786739933,1,172571
1786739933,2,171171
1786739933,3,176913
1786739933,4,176771
1786739933,5,178973
1786739933,6,177753
1786739933,7,171793
1786739936,0,174337
1786739936,1,172571
1786739936,2,171171
1786739936,3,176913
1786739936,4,176771
1786739936,5,178973
1786739936,6,177753
1786739936,7,171793
1786739938,0,174337
1786739938,1,172571
1786739938,2,171171
1786739938,3,176913
1786739938,4,176771
1786739938,5,178973
1786739938,6,177753
1786739938,7,171793
1786739940,0,174337
1786739940,1,172571
1786739940,2,171171
1786739940,3,176913
1786739940,4,176771
1786739940,5,178973
1786739940,6,177753
1786739940,7,171793
1786739943,0,174337
1786739943,1,172571
1786739943,2,171171
1786739943,3,176913
1786739943,4,176771
1786739943,5,178973
1786739943,6,177753
1786739943,7,171793
1786739945,0,174337
1786739945,1,172571
1786739945,2,171171
1786739945,3,176913
1786739945,4,176771
1786739945,5,178973
1786739945,6,177753
1786739945,7,171793
1786739947,0,174337
1786739947,1,172571
1786739947,2,171171
1786739947,3,176913
1786739947,4,176771
1786739947,5,178973
1786739947,6,177753
1786739947,7,171793
1786739950,0,174337
1786739950,1,172571
1786739950,2,171171
1786739950,3,176913
1786739950,4,176771
1786739950,5,178973
1786739950,6,177753
1786739950,7,171793
1786739952,0,174337
1786739952,1,172571
1786739952,2,171171
1786739952,3,176913
1786739952,4,176771
1786739952,5,178973
1786739952,6,177753
1786739952,7,171793
1786739955,0,174337
1786739955,1,172571
1786739955,2,171171
1786739955,3,176913
1786739955,4,176771
1786739955,5,178973
1786739955,6,177753
1786739955,7,171793
1786739957,0,174337
1786739957,1,172571
1786739957,2,171171
1786739957,3,176913
1786739957,4,176771
1786739957,5,178973
1786739957,6,177753
1786739957,7,171793
1786739959,0,174337
1786739959,1,172571
1786739959,2,171171
1786739959,3,176913
1786739959,4,176771
1786739959,5,178973
1786739959,6,177753
1786739959,7,171793
1786739961,0,174337
1786739961,1,172571
1786739961,2,171171
1786739961,3,176913
1786739961,4,176771
1786739961,5,178973
1786739961,6,177753
1786739961,7,171793
1786739963,0,174337
1786739963,1,172571
1786739963,2,171171
1786739963,3,176913
1786739963,4,176771
1786739963,5,178973
1786739963,6,177753
1786739963,7,171793
1786739966,0,174337
1786739966,1,172571
1786739966,2,171171
1786739966,3,176913
1786739966,4,176771
1786739966,5,178973
1786739966,6,177753
1786739966,7,171793
1786739968,0,174337
1786739968,1,172571
1786739968,2,171171
1786739968,3,176913
1786739968,4,176771
1786739968,5,178973
1786739968,6,177753
1786739968,7,171793
1786739971,0,174337
1786739971,1,172571
1786739971,2,171171
1786739971,3,176913
1786739971,4,176771
1786739971,5,178973
1786739971,6,177753
1786739971,7,171793
1786739973,0,174337
1786739973,1,172571
1786739973,2,171171
1786739973,3,176913
1786739973,4,176771
1786739973,5,178973
1786739973,6,177753
1786739973,7,171793
1786739975,0,174337
1786739975,1,172571
1786739975,2,171171
1786739975,3,176913
1786739975,4,176771
1786739975,5,178973
1786739975,6,177753
1786739975,7,171793
1786739977,0,174337
1786739977,1,172571
1786739977,2,171171
1786739977,3,176913
1786739977,4,176771
1786739977,5,178973
1786739977,6,177753
1786739977,7,171793
1786739980,0,174337
1786739980,1,172571
1786739980,2,171171
1786739980,3,176913
1786739980,4,176771
1786739980,5,178973
1786739980,6,177753
1786739980,7,171793
1786739982,0,174337
1786739982,1,172571
1786739982,2,171171
1786739982,3,176913
1786739982,4,176771
1786739982,5,178973
1786739982,6,177753
1786739982,7,171793
1786739984,0,174337
1786739984,1,172571
1786739984,2,171171
1786739984,3,176913
1786739984,4,176771
1786739984,5,178973
1786739984,6,177753
1786739984,7,171793
1786739986,0,174337
1786739986,1,172571
1786739986,2,171171
1786739986,3,176913
1786739986,4,176771
1786739986,5,178973
1786739986,6,177753
1786739986,7,171793
1786739988,0,174337
1786739988,1,172571
1786739988,2,171171
1786739988,3,176913
1786739988,4,176771
1786739988,5,178973
1786739988,6,177753
1786739988,7,171793
1786739990,0,174337
1786739990,1,172571
1786739990,2,171171
1786739990,3,176913
1786739990,4,176771
1786739990,5,178973
1786739990,6,177753
1786739990,7,171793
1786739993,0,174337
1786739993,1,172571
1786739993,2,171171
1786739993,3,176913
1786739993,4,176771
1786739993,5,178973
1786739993,6,177753
1786739993,7,171793
1786739996,0,174337
1786739996,1,172571
1786739996,2,171171
1786739996,3,176913
1786739996,4,176771
1786739996,5,178973
1786739996,6,177753
1786739996,7,171793
1786739998,0,174337
1786739998,1,172571
1786739998,2,171171
1786739998,3,176913
1786739998,4,176771
1786739998,5,178973
1786739998,6,177753
1786739998,7,171793
1786740001,0,174337
1786740001,1,172571
1786740001,2,171171
1786740001,3,176913
1786740001,4,176771
1786740001,5,178973
1786740001,6,177753
1786740001,7,171793
1786740003,0,174337
1786740003,1,172571
1786740003,2,171171
1786740003,3,176913
1786740003,4,176771
1786740003,5,178973
1786740003,6,177753
1786740003,7,171793
1786740005,0,174337
1786740005,1,172571
1786740005,2,171171
1786740005,3,176913
1786740005,4,176771
1786740005,5,178973
1786740005,6,177753
1786740005,7,171793
1786740008,0,174337
1786740008,1,172571
1786740008,2,171171
1786740008,3,176913
1786740008,4,176771
1786740008,5,178973
1786740008,6,177753
1786740008,7,171793
1786740011,0,174337
1786740011,1,172571
1786740011,2,171171
1786740011,3,176913
1786740011,4,176771
1786740011,5,178973
1786740011,6,177753
1786740011,7,171793
1786740013,0,174337
1786740013,1,172571
1786740013,2,171171
1786740013,3,176913
1786740013,4,176771
1786740013,5,178973
1786740013,6,177753
1786740013,7,171793
1786740015,0,174337
1786740015,1,172571
1786740015,2,171171
1786740015,3,176913
1786740015,4,176771
1786740015,5,178973
1786740015,6,177753
1786740015,7,171793
1786740018,0,174337
1786740018,1,172571
1786740018,2,171171
1786740018,3,176913
1786740018,4,176771
1786740018,5,178973
1786740018,6,177753
1786740018,7,171793
1786740020,0,174337
1786740020,1,172571
1786740020,2,171171
1786740020,3,176913
1786740020,4,176771
1786740020,5,178973
1786740020,6,177753
1786740020,7,171793
1786740023,0,174337
1786740023,1,172571
1786740023,2,171171
1786740023,3,176913
1786740023,4,176771
1786740023,5,178973
1786740023,6,177753
1786740023,7,171793
1786740025,0,174337
1786740025,1,172571
1786740025,2,171171
1786740025,3,176913
1786740025,4,176771
1786740025,5,178973
1786740025,6,177753
1786740025,7,171793
1786740028,0,174337
1786740028,1,172571
1786740028,2,171171
1786740028,3,176913
1786740028,4,176771
1786740028,5,178973
1786740028,6,177753
1786740028,7,171793
1786740030,0,174337
1786740030,1,172571
1786740030,2,171171
1786740030,3,176913
1786740030,4,176771
1786740030,5,178973
1786740030,6,177753
1786740030,7,171793
1786740032,0,174337
1786740032,1,172571
1786740032,2,171171
1786740032,3,176913
1786740032,4,176771
1786740032,5,178973
1786740032,6,177753
1786740032,7,171793
1786740035,0,174337
1786740035,1,172571
1786740035,2,171171
1786740035,3,176913
1786740035,4,176771
1786740035,5,178973
1786740035,6,177753
1786740035,7,171793
1786740038,0,174337
1786740038,1,172571
1786740038,2,171171
1786740038,3,176913
1786740038,4,176771
1786740038,5,178973
1786740038,6,177753
1786740038,7,171793
1786740041,0,174337
1786740041,1,172571
1786740041,2,171171
1786740041,3,176913
1786740041,4,176771
1786740041,5,178973
1786740041,6,177753
1786740041,7,171793
1786740043,0,174337
1786740043,1,172571
1786740043,2,171171
1786740043,3,176913
1786740043,4,176771
1786740043,5,178973
1786740043,6,177753
1786740043,7,171793
1786740045,0,174337
1786740045,1,172571
1786740045,2,172311
1786740045,3,176913
1786740045,4,176771
1786740045,5,178973
1786740045,6,177753
1786740045,7,171793
1786740047,0,174337
1786740047,1,172571
1786740047,2,172311
1786740047,3,176913
1786740047,4,176771
1786740047,5,178973
1786740047,6,177753
1786740047,7,171793
1786740049,0,174337
1786740049,1,172571
1786740049,2,172311
1786740049,3,176913
1786740049,4,176771
1786740049,5,178973
1786740049,6,177753
1786740049,7,171793
1786740051,0,174337
1786740051,1,172571
1786740051,2,172311
1786740051,3,176913
1786740051,4,176771
1786740051,5,178973
1786740051,6,177753
1786740051,7,171793
1786740054,0,174337
1786740054,1,172571
1786740054,2,172311
1786740054,3,176913
1786740054,4,176771
1786740054,5,178973
1786740054,6,177753
1786740054,7,171793
1786740056,0,174337
1786740056,1,172571
1786740056,2,172311
1786740056,3,176913
1786740056,4,176771
1786740056,5,178973
1786740056,6,177753
1786740056,7,171793
1786740058,0,174337
1786740058,1,172571
1786740058,2,172311
1786740058,3,176913
1786740058,4,176771
1786740058,5,178973
1786740058,6,177753
1786740058,7,171793
1786740061,0,174337
1786740061,1,172571
1786740061,2,172311
1786740061,3,176913
1786740061,4,176771
1786740061,5,178973
1786740061,6,177753
1786740061,7,171793
1786740063,0,174337
1786740063,1,172571
1786740063,2,172311
1786740063,3,176913
1786740063,4,176771
1786740063,5,178973
1786740063,6,177753
1786740063,7,171793
1786740065,0,174337
1786740065,1,172571
1786740065,2,172311
1786740065,3,176913
1786740065,4,176771
1786740065,5,178973
1786740065,6,177753
1786740065,7,171793
1786740067,0,174337
1786740067,1,172571
1786740067,2,172311
1786740067,3,176913
1786740067,4,176771
1786740067,5,178973
1786740067,6,177753
1786740067,7,171793
1786740070,0,174337
1786740070,1,172571
1786740070,2,172311
1786740070,3,176913
1786740070,4,176771
1786740070,5,178973
1786740070,6,177753
1786740070,7,171793
1786740072,0,174337
1786740072,1,172571
1786740072,2,172311
1786740072,3,176913
1786740072,4,176771
1786740072,5,178973
1786740072,6,177753
1786740072,7,171793
1786740074,0,174337
1786740074,1,172571
1786740074,2,172311
1786740074,3,176913
1786740074,4,176771
1786740074,5,178973
1786740074,6,177753
1786740074,7,171793
1786740076,0,174337
1786740076,1,172571
1786740076,2,172311
1786740076,3,176913
1786740076,4,176771
1786740076,5,178973
1786740076,6,177753
1786740076,7,171793
1786740078,0,174337
1786740078,1,172571
1786740078,2,172311
1786740078,3,176913
1786740078,4,176771
1786740078,5,178973
1786740078,6,177753
1786740078,7,171793
1786740081,0,174337
1786740081,1,172571
1786740081,2,172311
1786740081,3,176913
1786740081,4,176771
1786740081,5,178973
1786740081,6,177753
1786740081,7,171793
1786740083,0,174337
1786740083,1,172571
1786740083,2,172311
1786740083,3,176913
1786740083,4,176771
1786740083,5,178973
1786740083,6,177753
1786740083,7,171793
1786740087,0,174337
1786740087,1,172571
1786740087,2,172311
1786740087,3,176913
1786740087,4,176771
1786740087,5,178973
1786740087,6,177753
1786740087,7,171793
1786740089,0,174337
1786740089,1,172571
1786740089,2,172311
1786740089,3,176913
1786740089,4,176771
1786740089,5,178973
1786740089,6,177753
1786740089,7,171793
1786740091,0,174337
1786740091,1,172571
1786740091,2,172311
1786740091,3,176913
1786740091,4,176771
1786740091,5,178973
1786740091,6,177753
1786740091,7,171793
1786740093,0,174337
1786740093,1,172571
1786740093,2,172311
1786740093,3,176913
1786740093,4,176771
1786740093,5,178973
1786740093,6,177753
1786740093,7,171793
1786740096,0,174337
1786740096,1,172571
1786740096,2,172311
1786740096,3,176913
1786740096,4,176771
1786740096,5,178973
1786740096,6,177753
1786740096,7,171793
1786740098,0,174337
1786740098,1,172571
1786740098,2,172311
1786740098,3,176913
1786740098,4,176771
1786740098,5,178973
1786740098,6,177753
1786740098,7,171793
1786740101,0,174337
1786740101,1,172571
1786740101,2,172311
1786740101,3,176913
1786740101,4,176771
1786740101,5,178973
1786740101,6,177753
1786740101,7,171793
1786740103,0,174337
1786740103,1,172571
1786740103,2,172311
1786740103,3,176913
1786740103,4,176771
1786740103,5,178973
1786740103,6,177753
1786740103,7,171793
1786740105,0,174337
1786740105,1,172571
1786740105,2,172311
1786740105,3,176913
1786740105,4,176771
1786740105,5,178973
1786740105,6,177753
1786740105,7,171793
1786740107,0,174337
1786740107,1,172571
1786740107,2,172311
1786740107,3,176913
1786740107,4,176771
1786740107,5,178973
1786740107,6,177753
1786740107,7,171793
1786740110,0,174337
1786740110,1,172571
1786740110,2,172311
1786740110,3,176913
1786740110,4,176771
1786740110,5,178973
1786740110,6,177753
1786740110,7,171793
1786740112,0,174337
1786740112,1,172571
1786740112,2,172311
1786740112,3,176913
1786740112,4,176771
1786740112,5,178973
1786740112,6,177753
1786740112,7,171793
1786740115,0,174337
1786740115,1,172571
1786740115,2,172311
1786740115,3,176913
1786740115,4,176771
1786740115,5,178973
1786740115,6,177753
1786740115,7,171793
1786740117,0,174337
1786740117,1,172571
1786740117,2,172311
1786740117,3,176913
1786740117,4,176771
1786740117,5,178973
1786740117,6,177753
1786740117,7,171793
1786740119,0,174337
1786740119,1,172571
1786740119,2,172311
1786740119,3,176913
1786740119,4,176771
1786740119,5,178973
1786740119,6,177753
1786740119,7,171793
1786740121,0,174337
1786740121,1,172571
1786740121,2,172311
1786740121,3,176913
1786740121,4,176771
1786740121,5,178973
1786740121,6,177753
1786740121,7,171793
1786740124,0,174337
1786740124,1,172571
1786740124,2,172311
1786740124,3,176913
1786740124,4,176771
1786740124,5,178973
1786740124,6,177753
1786740124,7,171793
1786740126,0,174337
1786740126,1,172571
1786740126,2,172311
1786740126,3,176913
1786740126,4,176771
1786740126,5,178973
1786740126,6,177753
1786740126,7,171793
1786740128,0,174337
1786740128,1,172571
1786740128,2,172311
1786740128,3,176913
1786740128,4,176771
1786740128,5,178973
1786740128,6,177753
1786740128,7,171793
1786740132,0,174337
1786740132,1,172571
1786740132,2,172311
1786740132,3,176913
1786740132,4,176771
1786740132,5,178973
1786740132,6,177753
1786740132,7,171793
1786740134,0,174337
1786740134,1,172571
1786740134,2,172311
1786740134,3,176913
1786740134,4,176771
1786740134,5,178973
1786740134,6,177753
1786740134,7,171793
1786740136,0,174337
1786740136,1,172571
1786740136,2,172311
1786740136,3,176913
1786740136,4,176771
1786740136,5,178973
1786740136,6,177753
1786740136,7,171793
1786740139,0,174337
1786740139,1,172571
1786740139,2,172311
1786740139,3,176913
1786740139,4,176771
1786740139,5,178973
1786740139,6,177753
1786740139,7,171793
1786740141,0,174337
1786740141,1,172571
1786740141,2,172311
1786740141,3,176913
1786740141,4,176771
1786740141,5,178973
1786740141,6,177753
1786740141,7,171793
1786740144,0,174337
1786740144,1,172571
1786740144,2,172311
1786740144,3,176913
1786740144,4,176771
1786740144,5,178973
1786740144,6,177753
1786740144,7,171793
1786740146,0,174337
1786740146,1,172571
1786740146,2,172311
1786740146,3,176913
1786740146,4,176771
1786740146,5,178973
1786740146,6,177753
1786740146,7,171793
1786740148,0,174337
1786740148,1,172571
1786740148,2,172311
1786740148,3,176913
1786740148,4,176771
1786740148,5,178973
1786740148,6,177753
1786740148,7,171793
1786740150,0,174337
1786740150,1,172571
1786740150,2,172311
1786740150,3,176913
1786740150,4,176771
1786740150,5,178973
1786740150,6,177753
1786740150,7,171793
1786740152,0,174337
1786740152,1,172571
1786740152,2,172311
1786740152,3,176913
1786740152,4,176771
1786740152,5,178973
1786740152,6,177753
1786740152,7,171793
1786740155,0,174337
1786740155,1,172571
1786740155,2,172311
1786740155,3,176913
1786740155,4,176771
1786740155,5,178973
1786740155,6,177753
1786740155,7,171793
1786740157,0,174337
1786740157,1,172571
1786740157,2,172311
1786740157,3,176913
1786740157,4,176771
1786740157,5,178973
1786740157,6,177753
1786740157,7,171793
1786740160,0,174337
1786740160,1,172571
1786740160,2,172311
1786740160,3,176913
1786740160,4,176771
1786740160,5,179613
1786740160,6,177753
1786740160,7,171793
1786740162,0,174337
1786740162,1,172571
1786740162,2,172311
1786740162,3,176913
1786740162,4,176771
1786740162,5,179613
1786740162,6,177753
1786740162,7,171793
1786740164,0,174337
1786740164,1,172571
1786740164,2,172311
1786740164,3,176913
1786740164,4,176771
1786740164,5,179613
1786740164,6,177753
1786740164,7,171793
1786740167,0,174337
1786740167,1,172571
1786740167,2,172311
1786740167,3,176913
1786740167,4,176771
1786740167,5,179613
1786740167,6,177753
1786740167,7,171793
1786740169,0,174337
1786740169,1,172571
1786740169,2,172311
1786740169,3,176913
1786740169,4,176771
1786740169,5,179613
1786740169,6,177753
1786740169,7,171793
1786740171,0,174337
1786740171,1,172571
1786740171,2,172311
1786740171,3,176913
1786740171,4,176771
1786740171,5,179613
1786740171,6,177753
1786740171,7,171793
1786740173,0,174337
1786740173,1,172571
1786740173,2,172311
1786740173,3,176913
1786740173,4,176771
1786740173,5,179613
1786740173,6,177753
1786740173,7,171793
1786740176,0,174337
1786740176,1,172571
1786740176,2,172311
1786740176,3,176913
1786740176,4,176771
1786740176,5,179613
1786740176,6,177753
1786740176,7,171793
1786740178,0,174337
1786740178,1,172571
1786740178,2,172311
1786740178,3,176913
1786740178,4,176771
1786740178,5,179613
1786740178,6,177753
1786740178,7,171793
1786740180,0,174337
1786740180,1,172571
1786740180,2,172311
1786740180,3,176913
1786740180,4,176771
1786740180,5,179613
1786740180,6,177753
1786740180,7,171793
1786740183,0,174337
1786740183,1,172571
1786740183,2,172311
1786740183,3,176913
1786740183,4,176771
1786740183,5,179613
1786740183,6,177753
1786740183,7,171793
1786740185,0,174337
1786740185,1,172571
1786740185,2,172311
1786740185,3,176913
1786740185,4,176771
1786740185,5,179613
1786740185,6,177753
1786740185,7,171793
1786740187,0,174337
1786740187,1,172571
1786740187,2,172311
1786740187,3,176913
1786740187,4,176771
1786740187,5,179613
1786740187,6,177753
1786740187,7,171793
1786740190,0,174337
1786740190,1,172571
1786740190,2,172311
1786740190,3,176913
1786740190,4,176771
1786740190,5,179613
1786740190,6,177753
1786740190,7,171793
1786740192,0,174337
1786740192,1,172571
1786740192,2,172311
1786740192,3,176913
1786740192,4,176771
1786740192,5,179613
1786740192,6,177753
1786740192,7,171793
1786740195,0,174337
1786740195,1,172571
1786740195,2,172311
1786740195,3,176913
1786740195,4,176771
1786740195,5,179613
1786740195,6,177753
1786740195,7,171793
1786740197,0,174337
1786740197,1,172571
1786740197,2,172311
1786740197,3,176913
1786740197,4,176771
1786740197,5,179613
1786740197,6,177753
1786740197,7,171793
1786740199,0,174337
1786740199,1,172571
1786740199,2,172311
1786740199,3,176913
1786740199,4,176771
1786740199,5,179613
1786740199,6,177753
1786740199,7,171793
1786740201,0,174337
1786740201,1,172571
1786740201,2,172311
1786740201,3,176913
1786740201,4,176771
1786740201,5,179613
1786740201,6,177753
1786740201,7,171793
1786740204,0,174337
1786740204,1,172571
1786740204,2,172311
1786740204,3,176913
1786740204,4,176771
1786740204,5,179613
1786740204,6,177753
1786740204,7,171793
1786740206,0,174337
1786740206,1,172571
1786740206,2,172311
1786740206,3,176913
1786740206,4,176771
1786740206,5,179613
1786740206,6,177753
1786740206,7,171793
1786740208,0,174337
1786740208,1,172571
1786740208,2,172311
1786740208,3,176913
1786740208,4,176771
1786740208,5,179613
1786740208,6,177753
1786740208,7,171793
1786740211,0,174337
1786740211,1,172571
1786740211,2,172311
1786740211,3,176913
1786740211,4,176771
1786740211,5,179613
1786740211,6,177753
1786740211,7,171793
1786740213,0,174337
1786740213,1,172571
1786740213,2,172311
1786740213,3,176913
1786740213,4,176771
1786740213,5,179613
1786740213,6,177753
1786740213,7,171793
1786740215,0,174337
1786740215,1,172571
1786740215,2,172311
1786740215,3,176913
1786740215,4,176771
1786740215,5,179613
1786740215,6,177753
1786740215,7,171793
1786740218,0,174337
1786740218,1,172571
1786740218,2,172311
1786740218,3,176913
1786740218,4,176771
1786740218,5,179613
1786740218,6,177753
1786740218,7,171793
1786740220,0,174337
1786740220,1,172571
1786740220,2,172311
1786740220,3,176913
1786740220,4,176771
1786740220,5,179613
1786740220,6,177753
1786740220,7,171793
1786740222,0,174337
1786740222,1,172571
1786740222,2,172311
1786740222,3,176913
1786740222,4,176771
1786740222,5,179613
1786740222,6,177753
1786740222,7,171793
1786740225,0,174337
1786740225,1,172571
1786740225,2,172311
1786740225,3,176913
1786740225,4,176771
1786740225,5,179613
1786740225,6,177753
1786740225,7,171793
1786740227,0,174337
1786740227,1,172571
1786740227,2,172311
1786740227,3,176913
1786740227,4,176771
1786740227,5,179613
1786740227,6,177753
1786740227,7,171793
1786740229,0,174337
1786740229,1,172571
1786740229,2,172311
1786740229,3,176913
1786740229,4,176771
1786740229,5,179613
1786740229,6,177753
1786740229,7,171793
1786740231,0,174337
1786740231,1,172571
1786740231,2,172311
1786740231,3,176913
1786740231,4,176771
1786740231,5,179613
1786740231,6,177753
1786740231,7,171793
1786740234,0,174337
1786740234,1,172571
1786740234,2,172311
1786740234,3,176913
1786740234,4,176771
1786740234,5,179613
1786740234,6,177753
1786740234,7,171793
1786740236,0,174337
1786740236,1,172571
1786740236,2,172311
1786740236,3,176913
1786740236,4,176771
1786740236,5,179613
1786740236,6,177753
1786740236,7,171793
1786740238,0,174337
1786740238,1,172571
1786740238,2,172311
1786740238,3,176913
1786740238,4,176771
1786740238,5,179613
1786740238,6,177753
1786740238,7,171793
1786740240,0,174337
1786740240,1,172571
1786740240,2,172311
1786740240,3,176913
1786740240,4,176771
1786740240,5,179613
1786740240,6,177753
1786740240,7,171793
1786740242,0,174337
1786740242,1,172571
1786740242,2,172311
1786740242,3,176913
1786740242,4,176771
1786740242,5,179613
1786740242,6,177753
1786740242,7,171793
1786740245,0,174337
1786740245,1,172571
1786740245,2,172311
1786740245,3,176913
1786740245,4,176771
1786740245,5,179613
1786740245,6,177753
1786740245,7,171793
1786740247,0,174337
1786740247,1,172571
1786740247,2,172311
1786740247,3,176913
1786740247,4,176771
1786740247,5,179613
1786740247,6,177753
1786740247,7,171793
1786740250,0,174337
1786740250,1,172571
1786740250,2,172311
1786740250,3,176913
1786740250,4,176771
1786740250,5,179613
1786740250,6,177753
1786740250,7,171793
1786740252,0,174337
1786740252,1,172571
1786740252,2,172311
1786740252,3,176913
1786740252,4,176771
1786740252,5,179613
1786740252,6,177753
1786740252,7,171793
1786740255,0,174337
1786740255,1,172571
1786740255,2,172311
1786740255,3,176913
1786740255,4,176771
1786740255,5,179613
1786740255,6,177753
1786740255,7,171793
1786740257,0,174337
1786740257,1,172571
1786740257,2,172311
1786740257,3,176913
1786740257,4,176771
1786740257,5,179613
1786740257,6,177753
1786740257,7,171793
1786740259,0,174337
1786740259,1,172571
1786740259,2,172311
1786740259,3,176913
1786740259,4,176771
1786740259,5,179613
1786740259,6,177753
1786740259,7,171793
1786740261,0,174337
1786740261,1,172571
1786740261,2,172311
1786740261,3,176913
1786740261,4,176771
1786740261,5,179613
1786740261,6,177753
1786740261,7,171793
1786740264,0,174337
1786740264,1,172571
1786740264,2,172311
1786740264,3,176913
1786740264,4,176771
1786740264,5,179613
1786740264,6,177753
1786740264,7,171793
1786740267,0,174337
1786740267,1,172571
1786740267,2,172311
1786740267,3,176913
1786740267,4,176771
1786740267,5,179613
1786740267,6,177753
1786740267,7,171793
1786740269,0,174337
1786740269,1,172571
1786740269,2,172311
1786740269,3,176913
1786740269,4,176771
1786740269,5,179613
1786740269,6,177753
1786740269,7,171793
1786740271,0,174337
1786740271,1,172571
1786740271,2,172311
1786740271,3,176913
1786740271,4,176771
1786740271,5,179613
1786740271,6,177753
1786740271,7,171793
1786740273,0,174337
1786740273,1,172571
1786740273,2,172311
1786740273,3,176913
1786740273,4,176771
1786740273,5,179613
1786740273,6,177753
1786740273,7,171793
1786740275,0,174337
1786740275,1,172571
1786740275,2,172311
1786740275,3,176913
1786740275,4,176771
1786740275,5,179613
1786740275,6,177753
1786740275,7,171793
1786740278,0,174337
1786740278,1,172571
1786740278,2,172311
1786740278,3,176913
1786740278,4,176771
1786740278,5,179613
1786740278,6,177753
1786740278,7,171793
1786740281,0,174337
1786740281,1,172571
1786740281,2,172311
1786740281,3,176913
1786740281,4,176771
1786740281,5,179613
1786740281,6,177753
1786740281,7,172293
1786740283,0,174337
1786740283,1,172571
1786740283,2,172311
1786740283,3,176913
1786740283,4,176771
1786740283,5,179613
1786740283,6,177753
1786740283,7,172293
1786740286,0,174337
1786740286,1,172571
1786740286,2,172311
1786740286,3,176913
1786740286,4,176771
1786740286,5,179613
1786740286,6,177753
1786740286,7,172293
1786740289,0,174337
1786740289,1,172571
1786740289,2,172311
1786740289,3,176913
1786740289,4,176771
1786740289,5,179613
1786740289,6,177753
1786740289,7,172293
1786740291,0,174337
1786740291,1,172571
1786740291,2,172311
1786740291,3,176913
1786740291,4,176771
1786740291,5,179613
1786740291,6,177753
1786740291,7,172293
1786740293,0,174337
1786740293,1,172571
1786740293,2,172311
1786740293,3,176913
1786740293,4,176771
1786740293,5,179613
1786740293,6,177753
1786740293,7,172293
1786740295,0,174337
1786740295,1,172571
1786740295,2,172311
1786740295,3,176913
1786740295,4,176771
1786740295,5,179613
1786740295,6,177753
1786740295,7,172293
1786740297,0,174337
1786740297,1,172571
1786740297,2,172311
1786740297,3,176913
1786740297,4,176771
1786740297,5,179613
1786740297,6,177753
1786740297,7,172293
1786740299,0,174337
1786740299,1,172571
1786740299,2,172311
1786740299,3,176913
1786740299,4,176771
1786740299,5,179613
1786740299,6,177753
1786740299,7,172293
1786740302,0,174337
1786740302,1,172571
1786740302,2,172311
1786740302,3,176913
1786740302,4,176771
1786740302,5,179613
1786740302,6,177753
1786740302,7,172293
1786740304,0,174337
1786740304,1,172571
1786740304,2,172311
1786740304,3,176913
1786740304,4,176771
1786740304,5,179613
1786740304,6,177753
1786740304,7,172293
1786740306,0,174337
1786740306,1,172571
1786740306,2,172311
1786740306,3,176913
1786740306,4,176771
1786740306,5,179613
1786740306,6,177753
1786740306,7,172293
1786740308,0,174337
1786740308,1,172571
1786740308,2,172311
1786740308,3,176913
1786740308,4,176771
1786740308,5,179613
1786740308,6,177753
1786740308,7,172293
1786740312,0,174337
1786740312,1,172571
1786740312,2,172311
1786740312,3,176913
1786740312,4,176771
1786740312,5,179613
1786740312,6,177753
1786740312,7,172293
1786740314,0,174337
1786740314,1,172571
1786740314,2,172311
1786740314,3,176913
1786740314,4,176771
1786740314,5,179613
1786740314,6,177753
1786740314,7,172293
1786740317,0,174337
1786740317,1,172571
1786740317,2,172311
1786740317,3,176913
1786740317,4,176771
1786740317,5,179613
1786740317,6,177753
1786740317,7,172293
1786740319,0,174337
1786740319,1,172571
1786740319,2,172311
1786740319,3,176913
1786740319,4,176771
1786740319,5,179613
1786740319,6,177753
1786740319,7,172293
1786740321,0,174337
1786740321,1,172571
1786740321,2,172311
1786740321,3,176913
1786740321,4,176771
1786740321,5,179613
1786740321,6,177753
1786740321,7,172293
1786740324,0,174337
1786740324,1,172571
1786740324,2,172311
1786740324,3,176913
1786740324,4,176771
1786740324,5,179613
1786740324,6,177753
1786740324,7,172293
1786740328,0,174337
1786740328,1,172571
1786740328,2,172311
1786740328,3,176913
1786740328,4,176771
1786740328,5,179613
1786740328,6,177753
1786740328,7,172293
1786740330,0,174337
1786740330,1,172571
1786740330,2,172311
1786740330,3,176913
1786740330,4,176771
1786740330,5,179613
1786740330,6,177753
1786740330,7,172293
1786740333,0,174337
1786740333,1,172571
1786740333,2,172311
1786740333,3,176913
1786740333,4,176771
1786740333,5,179613
1786740333,6,177753
1786740333,7,172293
1786740335,0,174337
1786740335,1,172571
1786740335,2,172311
1786740335,3,176913
1786740335,4,176771
1786740335,5,179613
1786740335,6,177753
1786740335,7,172293
1786740337,0,174337
1786740337,1,172571
1786740337,2,172311
1786740337,3,176913
1786740337,4,176771
1786740337,5,179613
1786740337,6,177753
1786740337,7,172293
1786740340,0,174337
1786740340,1,172571
1786740340,2,172311
1786740340,3,176913
1786740340,4,176771
1786740340,5,179613
1786740340,6,177753
1786740340,7,172293
1786740342,0,174337
1786740342,1,172571
1786740342,2,172311
1786740342,3,176913
1786740342,4,176771
1786740342,5,179613
1786740342,6,177753
1786740342,7,172293
1786740345,0,174337
1786740345,1,172571
1786740345,2,172311
1786740345,3,176913
1786740345,4,176771
1786740345,5,179613
1786740345,6,177753
1786740345,7,172293
1786740347,0,174337
1786740347,1,172571
1786740347,2,172311
1786740347,3,176913
1786740347,4,176771
1786740347,5,179613
1786740347,6,177753
1786740347,7,172293
1786740350,0,174337
1786740350,1,172571
1786740350,2,172311
1786740350,3,176913
1786740350,4,176771
1786740350,5,179613
1786740350,6,177753
1786740350,7,172293
1786740353,0,174337
1786740353,1,172571
1786740353,2,172311
1786740353,3,176913
1786740353,4,176771
1786740353,5,179613
1786740353,6,177753
1786740353,7,172293
1786740356,0,174337
1786740356,1,172571
1786740356,2,172311
1786740356,3,176913
1786740356,4,176771
1786740356,5,179613
1786740356,6,177753
1786740356,7,172293
1786740358,0,174337
1786740358,1,172571
1786740358,2,172311
1786740358,3,176913
1786740358,4,176771
1786740358,5,179613
1786740358,6,177753
1786740358,7,172293
1786740362,0,174337
1786740362,1,172571
1786740362,2,172311
1786740362,3,176913
1786740362,4,176771
1786740362,5,179613
1786740362,6,177753
1786740362,7,172293
1786740364,0,174337
1786740364,1,172571
1786740364,2,172311
1786740364,3,176913
1786740364,4,176771
1786740364,5,179613
1786740364,6,177753
1786740364,7,172293
1786740366,0,174337
1786740366,1,172571
1786740366,2,172311
1786740366,3,176913
1786740366,4,176771
1786740366,5,179613
1786740366,6,177753
1786740366,7,172293
1786740370,0,174337
1786740370,1,172571
1786740370,2,172311
1786740370,3,176913
1786740370,4,176771
1786740370,5,179613
1786740370,6,177753
1786740370,7,172293
1786740375,0,174337
1786740375,1,172571
1786740375,2,172311
1786740375,3,176913
1786740375,4,176771
1786740375,5,179613
1786740375,6,177753
1786740375,7,172293
1786740378,0,174337
1786740378,1,172571
1786740378,2,172311
1786740378,3,176913
1786740378,4,176771
1786740378,5,179613
1786740378,6,177753
1786740378,7,172293
1786740380,0,174337
1786740380,1,172571
1786740380,2,172311
1786740380,3,176913
1786740380,4,176771
1786740380,5,179613
1786740380,6,177753
1786740380,7,172293
1786740383,0,174337
1786740383,1,172571
1786740383,2,172311
1786740383,3,176913
1786740383,4,176771
1786740383,5,179613
1786740383,6,177753
1786740383,7,172293
1786740386,0,174337
1786740386,1,172571
1786740386,2,172311
1786740386,3,176913
1786740386,4,176771
1786740386,5,179613
1786740386,6,177753
1786740386,7,172293
1786740389,0,174337
1786740389,1,172571
1786740389,2,172311
1786740389,3,176913
1786740389,4,176771
1786740389,5,179613
1786740389,6,177753
1786740389,7,172293
1786740391,0,174337
1786740391,1,172571
1786740391,2,172311
1786740391,3,176913
1786740391,4,176771
1786740391,5,179613
1786740391,6,177753
1786740391,7,172293
1786740394,0,174337
1786740394,1,172611
1786740394,2,172311
1786740394,3,176913
1786740394,4,176771
1786740394,5,179793
1786740394,6,177753
1786740394,7,172293
1786740396,0,176317
1786740396,1,172611
1786740396,2,172311
1786740396,3,176913
1786740396,4,176771
1786740396,5,179793
1786740396,6,177753
1786740396,7,172293
1786740399,0,176317
1786740399,1,172611
1786740399,2,172311
1786740399,3,176913
1786740399,4,176771
1786740399,5,179793
1786740399,6,177753
1786740399,7,172293
1786740404,0,176317
1786740404,1,172611
1786740404,2,172311
1786740404,3,176913
1786740404,4,176771
1786740404,5,179793
1786740404,6,177753
1786740404,7,172293
1786740406,0,176317
1786740406,1,172611
1786740406,2,172311
1786740406,3,176913
1786740406,4,176771
1786740406,5,179793
1786740406,6,177753
1786740406,7,172293
1786740408,0,176317
1786740408,1,172611
1786740408,2,172311
1786740408,3,176913
1786740408,4,176771
1786740408,5,179793
1786740408,6,177753
1786740408,7,172293
1786740410,0,176317
1786740410,1,172611
1786740410,2,172311
1786740410,3,176913
1786740410,4,176771
1786740410,5,179793
1786740410,6,177753
1786740410,7,172293
1786740416,0,176317
1786740416,1,172611
1786740416,2,172311
1786740416,3,176913
1786740416,4,176771
1786740416,5,179793
1786740416,6,177753
1786740416,7,172293
1786740418,0,176317
1786740418,1,172611
1786740418,2,172311
1786740418,3,176913
1786740418,4,176771
1786740418,5,179793
1786740418,6,177753
1786740418,7,172293
1786740420,0,176317
1786740420,1,172611
1786740420,2,172311
1786740420,3,176913
1786740420,4,176771
1786740420,5,179793
1786740420,6,177753
1786740420,7,172293
1786740423,0,176317
1786740423,1,172611
1786740423,2,172311
1786740423,3,176913
1786740423,4,176771
1786740423,5,179793
1786740423,6,177753
1786740423,7,172293
1786740426,0,176317
1786740426,1,172611
1786740426,2,172311
1786740426,3,176913
1786740426,4,176771
1786740426,5,179793
1786740426,6,177753
1786740426,7,172293
1786740428,0,176317
1786740428,1,172611
1786740428,2,172311
1786740428,3,176913
1786740428,4,176771
1786740428,5,179793
1786740428,6,177753
1786740428,7,172293
1786740431,0,176317
1786740431,1,172611
1786740431,2,172311
1786740431,3,176913
1786740431,4,176771
1786740431,5,179793
1786740431,6,177753
1786740431,7,172293
1786740433,0,176317
1786740433,1,172611
1786740433,2,172311
1786740433,3,176913
1786740433,4,176771
1786740433,5,179793
1786740433,6,177753
1786740433,7,172293
1786740436,0,176317
1786740436,1,172611
1786740436,2,172311
1786740436,3,176913
1786740436,4,176771
1786740436,5,179793
1786740436,6,177753
1786740436,7,172293
1786740438,0,176317
1786740438,1,172611
1786740438,2,172311
1786740438,3,176913
1786740438,4,176771
1786740438,5,179793
1786740438,6,177753
1786740438,7,172293
1786740440,0,176317
1786740440,1,172611
1786740440,2,172311
1786740440,3,176913
1786740440,4,176771
1786740440,5,179793
1786740440,6,177753
1786740440,7,172293
1786740443,0,176317
1786740443,1,172611
1786740443,2,172311
1786740443,3,176913
1786740443,4,176771
1786740443,5,179793
1786740443,6,177753
1786740443,7,172293
1786740446,0,176317
1786740446,1,172611
1786740446,2,172311
1786740446,3,176913
1786740446,4,176771
1786740446,5,179793
1786740446,6,177753
1786740446,7,172293
1786740448,0,176317
1786740448,1,172611
1786740448,2,172311
1786740448,3,176913
1786740448,4,176771
1786740448,5,179793
1786740448,6,177753
1786740448,7,172293
1786740450,0,176317
1786740450,1,172611
1786740450,2,172311
1786740450,3,176913
1786740450,4,176771
1786740450,5,179793
1786740450,6,177753
1786740450,7,172293
1786740453,0,176317
1786740453,1,172611
1786740453,2,172311
1786740453,3,176913
1786740453,4,176771
1786740453,5,179793
1786740453,6,177753
1786740453,7,172293
1786740455,0,176317
1786740455,1,172611
1786740455,2,172311
1786740455,3,176913
1786740455,4,176771
1786740455,5,179793
1786740455,6,177753
1786740455,7,172293
1786740457,0,176317
1786740457,1,172611
1786740457,2,172311
1786740457,3,176913
1786740457,4,176771
1786740457,5,179793
1786740457,6,177753
1786740457,7,172293
1786740460,0,176317
1786740460,1,172611
1786740460,2,172311
1786740460,3,176913
1786740460,4,176771
1786740460,5,179793
1786740460,6,177753
1786740460,7,172293
1786740463,0,176317
1786740463,1,172611
1786740463,2,172311
1786740463,3,176913
1786740463,4,176771
1786740463,5,179793
1786740463,6,177753
1786740463,7,172293
1786740465,0,176317
1786740465,1,172611
1786740465,2,172311
1786740465,3,176913
1786740465,4,176771
1786740465,5,179793
1786740465,6,177753
1786740465,7,172293
1786740467,0,176317
1786740467,1,172611
1786740467,2,172311
1786740467,3,176913
1786740467,4,176771
1786740467,5,179793
1786740467,6,177753
1786740467,7,172293
1786740469,0,176317
1786740469,1,172611
1786740469,2,172311
1786740469,3,176913
1786740469,4,176771
1786740469,5,179793
1786740469,6,177753
1786740469,7,172293
1786740472,0,176317
1786740472,1,172611
1786740472,2,172311
1786740472,3,176913
1786740472,4,176771
1786740472,5,179793
1786740472,6,177753
1786740472,7,172293
1786740475,0,176317
1786740475,1,172611
1786740475,2,172311
1786740475,3,176913
1786740475,4,176771
1786740475,5,179793
1786740475,6,177753
1786740475,7,172293
1786740478,0,176317
1786740478,1,172611
1786740478,2,172311
1786740478,3,176913
1786740478,4,176771
1786740478,5,179793
1786740478,6,177753
1786740478,7,172293
1786740480,0,176317
1786740480,1,172611
1786740480,2,172311
1786740480,3,176913
1786740480,4,176771
1786740480,5,179793
1786740480,6,177753
1786740480,7,172293
1786740483,0,176317
1786740483,1,172611
1786740483,2,172311
1786740483,3,176913
1786740483,4,176771
1786740483,5,179793
1786740483,6,177753
1786740483,7,172293
1786740485,0,176317
1786740485,1,172611
1786740485,2,172311
1786740485,3,176913
1786740485,4,176771
1786740485,5,179793
1786740485,6,177753
1786740485,7,172293
1786740487,0,176317
1786740487,1,172611
1786740487,2,172311
1786740487,3,176913
1786740487,4,176771
1786740487,5,179793
1786740487,6,177753
1786740487,7,172293
1786740490,0,176317
1786740490,1,172611
1786740490,2,172311
1786740490,3,176913
1786740490,4,176771
1786740490,5,179793
1786740490,6,177753
1786740490,7,172293
1786740492,0,176317
1786740492,1,172611
1786740492,2,172311
1786740492,3,176913
1786740492,4,176771
1786740492,5,179793
1786740492,6,177753
1786740492,7,172293
1786740495,0,176317
1786740495,1,172611
1786740495,2,172311
1786740495,3,176913
1786740495,4,176771
1786740495,5,179793
1786740495,6,177753
1786740495,7,172293
1786740497,0,176317
1786740497,1,172611
1786740497,2,172311
1786740497,3,176913
1786740497,4,176771
1786740497,5,179793
1786740497,6,177753
1786740497,7,172293
1786740499,0,176317
1786740499,1,172611
1786740499,2,172311
1786740499,3,176913
1786740499,4,176771
1786740499,5,179793
1786740499,6,177753
1786740499,7,172293
1786740501,0,176317
1786740501,1,172611
1786740501,2,172311
1786740501,3,176913
1786740501,4,176771
1786740501,5,179793
1786740501,6,177753
1786740501,7,172293
1786740503,0,176317
1786740503,1,172611
1786740503,2,172311
1786740503,3,176913
1786740503,4,176771
1786740503,5,179793
1786740503,6,177753
1786740503,7,172293
1786740506,0,176317
1786740506,1,172611
1786740506,2,172311
1786740506,3,176913
1786740506,4,176771
1786740506,5,179793
1786740506,6,177753
1786740506,7,172293
1786740508,0,176317
1786740508,1,172611
1786740508,2,172311
1786740508,3,176913
1786740508,4,176771
1786740508,5,179793
1786740508,6,177753
1786740508,7,172293
1786740510,0,176317
1786740510,1,172611
1786740510,2,172311
1786740510,3,176913
1786740510,4,176771
1786740510,5,179793
1786740510,6,177753
1786740510,7,172293
1786740512,0,176317
1786740512,1,172611
1786740512,2,172311
1786740512,3,176913
1786740512,4,176771
1786740512,5,179793
1786740512,6,177753
1786740512,7,172293
1786740515,0,176317
1786740515,1,172611
1786740515,2,172311
1786740515,3,176913
1786740515,4,176771
1786740515,5,179793
1786740515,6,177753
1786740515,7,172293
1786740517,0,176317
1786740517,1,172611
1786740517,2,172311
1786740517,3,176913
1786740517,4,176771
1786740517,5,179793
1786740517,6,177753
1786740517,7,172293
1786740519,0,176317
1786740519,1,172611
1786740519,2,172311
1786740519,3,176913
1786740519,4,176771
1786740519,5,179793
1786740519,6,177753
1786740519,7,172293
1786740522,0,176317
1786740522,1,172611
1786740522,2,172311
1786740522,3,176913
1786740522,4,176771
1786740522,5,179793
1786740522,6,177753
1786740522,7,172293
1786740524,0,176317
1786740524,1,172611
1786740524,2,172311
1786740524,3,176913
1786740524,4,176771
1786740524,5,179793
1786740524,6,177753
1786740524,7,172293
1786740526,0,176317
1786740526,1,172611
1786740526,2,172311
1786740526,3,176913
1786740526,4,176771
1786740526,5,179793
1786740526,6,177753
1786740526,7,172293
1786740528,0,176317
1786740528,1,172611
1786740528,2,172311
1786740528,3,176913
1786740528,4,176771
1786740528,5,179793
1786740528,6,177753
1786740528,7,172293
1786740530,0,176317
1786740530,1,172611
1786740530,2,172311
1786740530,3,176913
1786740530,4,176771
1786740530,5,179793
1786740530,6,177753
1786740530,7,172293
1786740532,0,176317
1786740532,1,172611
1786740532,2,172311
1786740532,3,176913
1786740532,4,176771
1786740532,5,179793
1786740532,6,177753
1786740532,7,172293
1786740535,0,176317
1786740535,1,172611
1786740535,2,172311
1786740535,3,176913
1786740535,4,176771
1786740535,5,179793
1786740535,6,177753
1786740535,7,172293
1786740537,0,176317
1786740537,1,172611
1786740537,2,172311
1786740537,3,176913
1786740537,4,176771
1786740537,5,179793
1786740537,6,177753
1786740537,7,172293
1786740539,0,176317
1786740539,1,172611
1786740539,2,172311
1786740539,3,176913
1786740539,4,176771
1786740539,5,179793
1786740539,6,177753
1786740539,7,172293
1786740541,0,176317
1786740541,1,172611
1786740541,2,172311
1786740541,3,176913
1786740541,4,176771
1786740541,5,179793
1786740541,6,177753
1786740541,7,172293
1786740543,0,176317
1786740543,1,172611
1786740543,2,172311
1786740543,3,176913
1786740543,4,176771
1786740543,5,179793
1786740543,6,177753
1786740543,7,172293
1786740546,0,176317
1786740546,1,172611
1786740546,2,172311
1786740546,3,176913
1786740546,4,176771
1786740546,5,179793
1786740546,6,177753
1786740546,7,172293
1786740548,0,176317
1786740548,1,172611
1786740548,2,172311
1786740548,3,176913
1786740548,4,176771
1786740548,5,179793
1786740548,6,177753
1786740548,7,172293
1786740550,0,176317
1786740550,1,172611
1786740550,2,172311
1786740550,3,176913
1786740550,4,176771
1786740550,5,179793
1786740550,6,177753
1786740550,7,172293
1786740553,0,176317
1786740553,1,172611
1786740553,2,172311
1786740553,3,176913
1786740553,4,176771
1786740553,5,179793
1786740553,6,177753
1786740553,7,172293
1786740555,0,176317
1786740555,1,172611
1786740555,2,172311
1786740555,3,176913
1786740555,4,176771
1786740555,5,179793
1786740555,6,177753
1786740555,7,172293
1786740557,0,176317
1786740557,1,172611
1786740557,2,172311
1786740557,3,176913
1786740557,4,176771
1786740557,5,179793
1786740557,6,177753
1786740557,7,172293
1786740559,0,176317
1786740559,1,172611
1786740559,2,172311
1786740559,3,176913
1786740559,4,176771
1786740559,5,179793
1786740559,6,177753
1786740559,7,172293
1786740562,0,176317
1786740562,1,172611
1786740562,2,172311
1786740562,3,176913
1786740562,4,176771
1786740562,5,179793
1786740562,6,177753
1786740562,7,172293
1786740564,0,176317
1786740564,1,172611
1786740564,2,172311
1786740564,3,176913
1786740564,4,176771
1786740564,5,179793
1786740564,6,177753
1786740564,7,172293
1786740566,0,176317
1786740566,1,172611
1786740566,2,172311
1786740566,3,176913
1786740566,4,176771
1786740566,5,179793
1786740566,6,177753
1786740566,7,172293
1786740568,0,176317
1786740568,1,172611
1786740568,2,172311
1786740568,3,176913
1786740568,4,176771
1786740568,5,179793
1786740568,6,177753
1786740568,7,172293
1786740571,0,176317
1786740571,1,172611
1786740571,2,172311
1786740571,3,176913
1786740571,4,176771
1786740571,5,179793
1786740571,6,177753
1786740571,7,172293
1786740573,0,176317
1786740573,1,172611
1786740573,2,172311
1786740573,3,176913
1786740573,4,176771
1786740573,5,179793
1786740573,6,177753
1786740573,7,172293
1786740575,0,176317
1786740575,1,172611
1786740575,2,172311
1786740575,3,176913
1786740575,4,176771
1786740575,5,179793
1786740575,6,177753
1786740575,7,172293
1786740577,0,176317
1786740577,1,172611
1786740577,2,172311
1786740577,3,176913
1786740577,4,176771
1786740577,5,179793
1786740577,6,177753
1786740577,7,172293
1786740581,0,176317
1786740581,1,172611
1786740581,2,172311
1786740581,3,176913
1786740581,4,176771
1786740581,5,179793
1786740581,6,177753
1786740581,7,172293
1786740583,0,176317
1786740583,1,172611
1786740583,2,172311
1786740583,3,176913
1786740583,4,176771
1786740583,5,179793
1786740583,6,177753
1786740583,7,172293
1786740585,0,176317
1786740585,1,172611
1786740585,2,172311
1786740585,3,176913
1786740585,4,176771
1786740585,5,179793
1786740585,6,177753
1786740585,7,172293
1786740588,0,176317
1786740588,1,172611
1786740588,2,172311
1786740588,3,176913
1786740588,4,176771
1786740588,5,179793
1786740588,6,177753
1786740588,7,172293
1786740590,0,176317
1786740590,1,172611
1786740590,2,172311
1786740590,3,176913
1786740590,4,176771
1786740590,5,179793
1786740590,6,177753
1786740590,7,172293
1786740592,0,176317
1786740592,1,172611
1786740592,2,172311
1786740592,3,176913
1786740592,4,176771
1786740592,5,179793
1786740592,6,177753
1786740592,7,172293
1786740595,0,176317
1786740595,1,172611
1786740595,2,172311
1786740595,3,176913
1786740595,4,176771
1786740595,5,179793
1786740595,6,177753
1786740595,7,172293
1786740597,0,176317
1786740597,1,172611
1786740597,2,172311
1786740597,3,176913
1786740597,4,176771
1786740597,5,179793
1786740597,6,177753
1786740597,7,172293
1786740599,0,176317
1786740599,1,172611
1786740599,2,172311
1786740599,3,176913
1786740599,4,176771
1786740599,5,179793
1786740599,6,177753
1786740599,7,172293
1786740601,0,176317
1786740601,1,172611
1786740601,2,172311
1786740601,3,176913
1786740601,4,176771
1786740601,5,179793
1786740601,6,177753
1786740601,7,172293
1786740604,0,176317
1786740604,1,172611
1786740604,2,172311
1786740604,3,176913
1786740604,4,176771
1786740604,5,179793
1786740604,6,177753
1786740604,7,172293
1786740606,0,176317
1786740606,1,172611
1786740606,2,172311
1786740606,3,176913
1786740606,4,176771
1786740606,5,179793
1786740606,6,177753
1786740606,7,172293
1786740608,0,176317
1786740608,1,172611
1786740608,2,172311
1786740608,3,176913
1786740608,4,176771
1786740608,5,179793
1786740608,6,177753
1786740608,7,172293
1786740611,0,176317
1786740611,1,172611
1786740611,2,172311
1786740611,3,176913
1786740611,4,176771
1786740611,5,179793
1786740611,6,177753
1786740611,7,172293
1786740613,0,176317
1786740613,1,172611
1786740613,2,172311
1786740613,3,176913
1786740613,4,176771
1786740613,5,179793
1786740613,6,177753
1786740613,7,172293
1786740615,0,176317
1786740615,1,172611
1786740615,2,172311
1786740615,3,176913
1786740615,4,176771
1786740615,5,179793
1786740615,6,177753
1786740615,7,172293
1786740617,0,176317
1786740617,1,172611
1786740617,2,172311
1786740617,3,176913
1786740617,4,176771
1786740617,5,179793
1786740617,6,177753
1786740617,7,172293
1786740620,0,176317
1786740620,1,172611
1786740620,2,172311
1786740620,3,176913
1786740620,4,176771
1786740620,5,179793
1786740620,6,177753
1786740620,7,172293
1786740623,0,176317
1786740623,1,172611
1786740623,2,172311
1786740623,3,176913
1786740623,4,176771
1786740623,5,179793
1786740623,6,177753
1786740623,7,172293
1786740626,0,176317
1786740626,1,172611
1786740626,2,172311
1786740626,3,176913
1786740626,4,176771
1786740626,5,179793
1786740626,6,177753
1786740626,7,172293
1786740628,0,176317
1786740628,1,172611
1786740628,2,172311
1786740628,3,176913
1786740628,4,176771
1786740628,5,179793
1786740628,6,177753
1786740628,7,172293
1786740630,0,176317
1786740630,1,172611
1786740630,2,172311
1786740630,3,176913
1786740630,4,176771
1786740630,5,179793
1786740630,6,177753
1786740630,7,172293
1786740632,0,176317
1786740632,1,172611
1786740632,2,172311
1786740632,3,176913
1786740632,4,176771
1786740632,5,179793
1786740632,6,177753
1786740632,7,172293
1786740634,0,176317
1786740634,1,172611
1786740634,2,172311
1786740634,3,176913
1786740634,4,176771
1786740634,5,179793
1786740634,6,177753
1786740634,7,172293
1786740636,0,176317
1786740636,1,172611
1786740636,2,172311
1786740636,3,176913
1786740636,4,176771
1786740636,5,179793
1786740636,6,177753
1786740636,7,172293
1786740639,0,176317
1786740639,1,172611
1786740639,2,172311
1786740639,3,176913
1786740639,4,176771
1786740639,5,179793
1786740639,6,177753
1786740639,7,172293
1786740642,0,176317
1786740642,1,172611
1786740642,2,172311
1786740642,3,176913
1786740642,4,176771
1786740642,5,179793
1786740642,6,177753
1786740642,7,172293
1786740644,0,176317
1786740644,1,172611
1786740644,2,172311
1786740644,3,176913
1786740644,4,176771
1786740644,5,179793
1786740644,6,177753
1786740644,7,172293
1786740646,0,176317
1786740646,1,172611
1786740646,2,172311
1786740646,3,176913
1786740646,4,176771
1786740646,5,179793
1786740646,6,177753
1786740646,7,172293
1786740648,0,176317
1786740648,1,172611
1786740648,2,172311
1786740648,3,176913
1786740648,4,176771
1786740648,5,179793
1786740648,6,177753
1786740648,7,172293
1786740650,0,176317
1786740650,1,172611
1786740650,2,172311
1786740650,3,176913
1786740650,4,176771
1786740650,5,179793
1786740650,6,177753
1786740650,7,172293
1786740653,0,176317
1786740653,1,172611
1786740653,2,172311
1786740653,3,176913
1786740653,4,176771
1786740653,5,179793
1786740653,6,177753
1786740653,7,172293
1786740655,0,176317
1786740655,1,172611
1786740655,2,172311
1786740655,3,176913
1786740655,4,176771
1786740655,5,179793
1786740655,6,177753
1786740655,7,172293
1786740658,0,176317
1786740658,1,172611
1786740658,2,172311
1786740658,3,176913
1786740658,4,176771
1786740658,5,179793
1786740658,6,177753
1786740658,7,172293
1786740660,0,176317
1786740660,1,172611
1786740660,2,172311
1786740660,3,176913
1786740660,4,176771
1786740660,5,179793
1786740660,6,177753
1786740660,7,172293
1786740662,0,176317
1786740662,1,172611
1786740662,2,172311
1786740662,3,176913
1786740662,4,176771
1786740662,5,179793
1786740662,6,177753
1786740662,7,172293
1786740665,0,176317
1786740665,1,172611
1786740665,2,172311
1786740665,3,176913
1786740665,4,176771
1786740665,5,179793
1786740665,6,177753
1786740665,7,172293
1786740667,0,176317
1786740667,1,172611
1786740667,2,172311
1786740667,3,176913
1786740667,4,176771
1786740667,5,179793
1786740667,6,177753
1786740667,7,172293
1786740669,0,176317
1786740669,1,172611
1786740669,2,172311
1786740669,3,176913
1786740669,4,176771
1786740669,5,179793
1786740669,6,177753
1786740669,7,172293
1786740671,0,176317
1786740671,1,172611
1786740671,2,172311
1786740671,3,176913
1786740671,4,176771
1786740671,5,179793
1786740671,6,177753
1786740671,7,172293
1786740674,0,176317
1786740674,1,172611
1786740674,2,172311
1786740674,3,176913
1786740674,4,176771
1786740674,5,179793
1786740674,6,177753
1786740674,7,172293
1786740676,0,176317
1786740676,1,172611
1786740676,2,172311
1786740676,3,176913
1786740676,4,176771
1786740676,5,179793
1786740676,6,177753
1786740676,7,172293
1786740678,0,176317
1786740678,1,172611
1786740678,2,172311
1786740678,3,176913
1786740678,4,176771
1786740678,5,179793
1786740678,6,177753
1786740678,7,172293
1786740680,0,176317
1786740680,1,172611
1786740680,2,172311
1786740680,3,176913
1786740680,4,176771
1786740680,5,179793
1786740680,6,177753
1786740680,7,172293
1786740682,0,176317
1786740682,1,172611
1786740682,2,172311
1786740682,3,176913
1786740682,4,176771
1786740682,5,179793
1786740682,6,177753
1786740682,7,172293
1786740685,0,176317
1786740685,1,172611
1786740685,2,172311
1786740685,3,176913
1786740685,4,176771
1786740685,5,179793
1786740685,6,177753
1786740685,7,172293
1786740687,0,176317
1786740687,1,172611
1786740687,2,172311
1786740687,3,176913
1786740687,4,176771
1786740687,5,179793
1786740687,6,177753
1786740687,7,172293
1786740689,0,176317
1786740689,1,172611
1786740689,2,172311
1786740689,3,176913
1786740689,4,176771
1786740689,5,179793
1786740689,6,177753
1786740689,7,172293
1786740691,0,176317
1786740691,1,172611
1786740691,2,172311
1786740691,3,176913
1786740691,4,176771
1786740691,5,179793
1786740691,6,177753
1786740691,7,172293
1786740693,0,176317
1786740693,1,172611
1786740693,2,172311
1786740693,3,176913
1786740693,4,176771
1786740693,5,179793
1786740693,6,177753
1786740693,7,172293
1786740696,0,176317
1786740696,1,172611
1786740696,2,172311
1786740696,3,176913
1786740696,4,176771
1786740696,5,179793
1786740696,6,177753
1786740696,7,172293
1786740698,0,176317
1786740698,1,172611
1786740698,2,172311
1786740698,3,176913
1786740698,4,176771
1786740698,5,179793
1786740698,6,177753
1786740698,7,172293
1786740700,0,176317
1786740700,1,172611
1786740700,2,172311
1786740700,3,176913
1786740700,4,176771
1786740700,5,179793
1786740700,6,177753
1786740700,7,172293
1786740702,0,176317
1786740702,1,172611
1786740702,2,172311
1786740702,3,176913
1786740702,4,176771
1786740702,5,179793
1786740702,6,177753
1786740702,7,172293
1786740705,0,176317
1786740705,1,172611
1786740705,2,172311
1786740705,3,176913
1786740705,4,176771
1786740705,5,179793
1786740705,6,177753
1786740705,7,172293
1786740707,0,176317
1786740707,1,172611
1786740707,2,172311
1786740707,3,176913
1786740707,4,176771
1786740707,5,179793
1786740707,6,177753
1786740707,7,172293
1786740709,0,176317
1786740709,1,172611
1786740709,2,172311
1786740709,3,176913
1786740709,4,176771
1786740709,5,179793
1786740709,6,177753
1786740709,7,172293
1786740712,0,176317
1786740712,1,172611
1786740712,2,172311
1786740712,3,176913
1786740712,4,176771
1786740712,5,179793
1786740712,6,177753
1786740712,7,172293
1786740714,0,176317
1786740714,1,172611
1786740714,2,172311
1786740714,3,176913
1786740714,4,176771
1786740714,5,179793
1786740714,6,177753
1786740714,7,172293
1786740716,0,176317
1786740716,1,172611
1786740716,2,172311
1786740716,3,176913
1786740716,4,176771
1786740716,5,179793
1786740716,6,177753
1786740716,7,172293
1786740718,0,176317
1786740718,1,172611
1786740718,2,172311
1786740718,3,176913
1786740718,4,176771
1786740718,5,179793
1786740718,6,177753
1786740718,7,172293
1786740721,0,176317
1786740721,1,172611
1786740721,2,172311
1786740721,3,176913
1786740721,4,176771
1786740721,5,179793
1786740721,6,177753
1786740721,7,172293
1786740723,0,176317
1786740723,1,172611
1786740723,2,172311
1786740723,3,176913
1786740723,4,176771
1786740723,5,179793
1786740723,6,177753
1786740723,7,172293
1786740725,0,176317
1786740725,1,172611
1786740725,2,172311
1786740725,3,176913
1786740725,4,176771
1786740725,5,179793
1786740725,6,177753
1786740725,7,172293
1786740728,0,176317
1786740728,1,172611
1786740728,2,172311
1786740728,3,176913
1786740728,4,176771
1786740728,5,179793
1786740728,6,177753
1786740728,7,172293
1786740730,0,176317
1786740730,1,172611
1786740730,2,172311
1786740730,3,176913
1786740730,4,176771
1786740730,5,179793
1786740730,6,177753
1786740730,7,172293
1786740732,0,176317
1786740732,1,172611
1786740732,2,172311
1786740732,3,176913
1786740732,4,176771
1786740732,5,179793
1786740732,6,177753
1786740732,7,172293
1786740735,0,176317
1786740735,1,172611
1786740735,2,172311
1786740735,3,176913
1786740735,4,176771
1786740735,5,179793
1786740735,6,177753
1786740735,7,172293
1786740737,0,176317
1786740737,1,172611
1786740737,2,172311
1786740737,3,176913
1786740737,4,176771
1786740737,5,179793
1786740737,6,177753
1786740737,7,172293
1786740739,0,176317
1786740739,1,172611
1786740739,2,172311
1786740739,3,176913
1786740739,4,176771
1786740739,5,179793
1786740739,6,177753
1786740739,7,172293
1786740741,0,176317
1786740741,1,172611
1786740741,2,172311
1786740741,3,176913
1786740741,4,176771
1786740741,5,179793
1786740741,6,177753
1786740741,7,172293
1786740744,0,176317
1786740744,1,172611
1786740744,2,172311
1786740744,3,176913
1786740744,4,176771
1786740744,5,179793
1786740744,6,177753
1786740744,7,172293
1786740746,0,176317
1786740746,1,172611
1786740746,2,172311
1786740746,3,176913
1786740746,4,176771
1786740746,5,179793
1786740746,6,177753
1786740746,7,172293
1786740748,0,176317
1786740748,1,172611
1786740748,2,172311
1786740748,3,176913
1786740748,4,176771
1786740748,5,179793
1786740748,6,177753
1786740748,7,172293
1786740751,0,176317
1786740751,1,172611
1786740751,2,172311
1786740751,3,176913
1786740751,4,176771
1786740751,5,179793
1786740751,6,177753
1786740751,7,172293
1786740753,0,176317
1786740753,1,173231
1786740753,2,172311
1786740753,3,176913
1786740753,4,176771
1786740753,5,179793
1786740753,6,177753
1786740753,7,172293
1786740756,0,176317
1786740756,1,173231
1786740756,2,172311
1786740756,3,176913
1786740756,4,176771
1786740756,5,179793
1786740756,6,177753
1786740756,7,172293
1786740758,0,176317
1786740758,1,173231
1786740758,2,172311
1786740758,3,176913
1786740758,4,176771
1786740758,5,179793
1786740758,6,177753
1786740758,7,172293
1786740761,0,176317
1786740761,1,173231
1786740761,2,172311
1786740761,3,176913
1786740761,4,176771
1786740761,5,179793
1786740761,6,177753
1786740761,7,172293
1786740763,0,176317
1786740763,1,173231
1786740763,2,172311
1786740763,3,176913
1786740763,4,176771
1786740763,5,179793
1786740763,6,177753
1786740763,7,172293
1786740766,0,176317
1786740766,1,173231
1786740766,2,172311
1786740766,3,176913
1786740766,4,176771
1786740766,5,179793
1786740766,6,177753
1786740766,7,172293
1786740768,0,176317
1786740768,1,173231
1786740768,2,172311
1786740768,3,176913
1786740768,4,176771
1786740768,5,179793
1786740768,6,177753
1786740768,7,172293
1786740770,0,176317
1786740770,1,173231
1786740770,2,172311
1786740770,3,176913
1786740770,4,176771
1786740770,5,179793
1786740770,6,177753
1786740770,7,172293
1786740773,0,176317
1786740773,1,173231
1786740773,2,172311
1786740773,3,176913
1786740773,4,176771
1786740773,5,179793
1786740773,6,177753
1786740773,7,172293
1786740775,0,176317
1786740775,1,173231
1786740775,2,172311
1786740775,3,176913
1786740775,4,176771
1786740775,5,179793
1786740775,6,177753
1786740775,7,172293
1786740777,0,176317
1786740777,1,173231
1786740777,2,172311
1786740777,3,176913
1786740777,4,176771
1786740777,5,179793
1786740777,6,177753
1786740777,7,172293
1786740779,0,176317
1786740779,1,173231
1786740779,2,172311
1786740779,3,176913
1786740779,4,176771
1786740779,5,179793
1786740779,6,177753
1786740779,7,172293
1786740781,0,176317
1786740781,1,173231
1786740781,2,172311
1786740781,3,176913
1786740781,4,176771
1786740781,5,179793
1786740781,6,177753
1786740781,7,172293
1786740783,0,176317
1786740783,1,173231
1786740783,2,172311
1786740783,3,176913
1786740783,4,176771
1786740783,5,179793
1786740783,6,177753
1786740783,7,172293
1786740786,0,176317
1786740786,1,173231
1786740786,2,172311
1786740786,3,176913
1786740786,4,176771
1786740786,5,179793
1786740786,6,177753
1786740786,7,172293
1786740788,0,176317
1786740788,1,173231
1786740788,2,172311
1786740788,3,176913
1786740788,4,176771
1786740788,5,179793
1786740788,6,177753
1786740788,7,172293
1786740791,0,176317
1786740791,1,173231
1786740791,2,172311
1786740791,3,176913
1786740791,4,176771
1786740791,5,179793
1786740791,6,177753
1786740791,7,172293
1786740793,0,176317
1786740793,1,173231
1786740793,2,172311
1786740793,3,176913
1786740793,4,176771
1786740793,5,179793
1786740793,6,177753
1786740793,7,172293
1786740796,0,176317
1786740796,1,173231
1786740796,2,172311
1786740796,3,176913
1786740796,4,176771
1786740796,5,179793
1786740796,6,177753
1786740796,7,172293
1786740798,0,176317
1786740798,1,173231
1786740798,2,172311
1786740798,3,176913
1786740798,4,176771
1786740798,5,179793
1786740798,6,177753
1786740798,7,172293
1786740800,0,176317
1786740800,1,173231
1786740800,2,172311
1786740800,3,176913
1786740800,4,176771
1786740800,5,179793
1786740800,6,177753
1786740800,7,172293
1786740803,0,176317
1786740803,1,173231
1786740803,2,172311
1786740803,3,176913
1786740803,4,176771
1786740803,5,179793
1786740803,6,177753
1786740803,7,172293
1786740805,0,176317
1786740805,1,173231
1786740805,2,172311
1786740805,3,176913
1786740805,4,176771
1786740805,5,179793
1786740805,6,177753
1786740805,7,172293
1786740808,0,176317
1786740808,1,173231
1786740808,2,172311
1786740808,3,176913
1786740808,4,176771
1786740808,5,179793
1786740808,6,177753
1786740808,7,172293
1786740810,0,176317
1786740810,1,173231
1786740810,2,172311
1786740810,3,176913
1786740810,4,176771
1786740810,5,179793
1786740810,6,177753
1786740810,7,172293
1786740812,0,176317
1786740812,1,173231
1786740812,2,172311
1786740812,3,176913
1786740812,4,176771
1786740812,5,179793
1786740812,6,177753
1786740812,7,172293
1786740814,0,176317
1786740814,1,173231
1786740814,2,172311
1786740814,3,176913
1786740814,4,176771
1786740814,5,179793
1786740814,6,177753
1786740814,7,172293
1786740817,0,176317
1786740817,1,173231
1786740817,2,172311
1786740817,3,176913
1786740817,4,176771
1786740817,5,179793
1786740817,6,177753
1786740817,7,172293
1786740819,0,176317
1786740819,1,173231
1786740819,2,172311
1786740819,3,176913
1786740819,4,176771
1786740819,5,179793
1786740819,6,177753
1786740819,7,172293
1786740822,0,176317
1786740822,1,173231
1786740822,2,172311
1786740822,3,176913
1786740822,4,176771
1786740822,5,179793
1786740822,6,177753
1786740822,7,172293
1786740824,0,176317
1786740824,1,173231
1786740824,2,172311
1786740824,3,176913
1786740824,4,176771
1786740824,5,179793
1786740824,6,177753
1786740824,7,172293
1786740826,0,176317
1786740826,1,173231
1786740826,2,172311
1786740826,3,176913
1786740826,4,176771
1786740826,5,179793
1786740826,6,177753
1786740826,7,172293
1786740829,0,176317
1786740829,1,173231
1786740829,2,172311
1786740829,3,176913
1786740829,4,176771
1786740829,5,179793
1786740829,6,177753
1786740829,7,172293
1786740831,0,176317
1786740831,1,173231
1786740831,2,172311
1786740831,3,176913
1786740831,4,176771
1786740831,5,179793
1786740831,6,177753
1786740831,7,172293
1786740833,0,176317
1786740833,1,173231
1786740833,2,172311
1786740833,3,176913
1786740833,4,176771
1786740833,5,179793
1786740833,6,177753
1786740833,7,172293
1786740836,0,176317
1786740836,1,173231
1786740836,2,172311
1786740836,3,176913
1786740836,4,176771
1786740836,5,179793
1786740836,6,177753
1786740836,7,172293
1786740838,0,176317
1786740838,1,173231
1786740838,2,172311
1786740838,3,176913
1786740838,4,176771
1786740838,5,179793
1786740838,6,177753
1786740838,7,172293
1786740840,0,176317
1786740840,1,173231
1786740840,2,172311
1786740840,3,176913
1786740840,4,176771
1786740840,5,179793
1786740840,6,177753
1786740840,7,172293
1786740842,0,176317
1786740842,1,173231
1786740842,2,172311
1786740842,3,176913
1786740842,4,176771
1786740842,5,179793
1786740842,6,177753
1786740842,7,172293
1786740844,0,176317
1786740844,1,173231
1786740844,2,172311
1786740844,3,176913
1786740844,4,176771
1786740844,5,179793
1786740844,6,177753
1786740844,7,172293
1786740846,0,176317
1786740846,1,173231
1786740846,2,172311
1786740846,3,176913
1786740846,4,176771
1786740846,5,179793
1786740846,6,177753
1786740846,7,172293
1786740849,0,176317
1786740849,1,173231
1786740849,2,172311
1786740849,3,176913
1786740849,4,176771
1786740849,5,179793
1786740849,6,177753
1786740849,7,172293
1786740852,0,176317
1786740852,1,173231
1786740852,2,172311
1786740852,3,176913
1786740852,4,176771
1786740852,5,179793
1786740852,6,177753
1786740852,7,172293
1786740854,0,176317
1786740854,1,173231
1786740854,2,172311
1786740854,3,176913
1786740854,4,176771
1786740854,5,179793
1786740854,6,177753
1786740854,7,172293
1786740857,0,176317
1786740857,1,173231
1786740857,2,172311
1786740857,3,176913
1786740857,4,176771
1786740857,5,179793
1786740857,6,177753
1786740857,7,172293
1786740859,0,176317
1786740859,1,173231
1786740859,2,172311
1786740859,3,176913
1786740859,4,176771
1786740859,5,179793
1786740859,6,177753
1786740859,7,172293
1786740861,0,176317
1786740861,1,173231
1786740861,2,172311
1786740861,3,176913
1786740861,4,176771
1786740861,5,179793
1786740861,6,177753
1786740861,7,172293
1786740864,0,176317
1786740864,1,173231
1786740864,2,172311
1786740864,3,176913
1786740864,4,176771
1786740864,5,179793
1786740864,6,177753
1786740864,7,172293
1786740866,0,176317
1786740866,1,173231
1786740866,2,172311
1786740866,3,176913
1786740866,4,176771
1786740866,5,179793
1786740866,6,177753
1786740866,7,172293
1786740869,0,176317
1786740869,1,173231
1786740869,2,172311
1786740869,3,176913
1786740869,4,176771
1786740869,5,179793
1786740869,6,177753
1786740869,7,172293
1786740871,0,176317
1786740871,1,173231
1786740871,2,172311
1786740871,3,176913
1786740871,4,176771
1786740871,5,179793
1786740871,6,177753
1786740871,7,172293
1786740873,0,176317
1786740873,1,173231
1786740873,2,172311
1786740873,3,176913
1786740873,4,176771
1786740873,5,179793
1786740873,6,177753
1786740873,7,172293
1786740875,0,176317
1786740875,1,173231
1786740875,2,172311
1786740875,3,176913
1786740875,4,176771
1786740875,5,179793
1786740875,6,177753
1786740875,7,172293
1786740878,0,176317
1786740878,1,173871
1786740878,2,172311
1786740878,3,176913
1786740878,4,176771
1786740878,5,179793
1786740878,6,177753
1786740878,7,172293
1786740882,0,176317
1786740882,1,173871
1786740882,2,172311
1786740882,3,176913
1786740882,4,176771
1786740882,5,179793
1786740882,6,177753
1786740882,7,172293
1786740884,0,176317
1786740884,1,173871
1786740884,2,172311
1786740884,3,176913
1786740884,4,176771
1786740884,5,179793
1786740884,6,177753
1786740884,7,172293
1786740886,0,176317
1786740886,1,173871
1786740886,2,172311
1786740886,3,176913
1786740886,4,176771
1786740886,5,179793
1786740886,6,177753
1786740886,7,172293
1786740888,0,176317
1786740888,1,173871
1786740888,2,172311
1786740888,3,176913
1786740888,4,176771
1786740888,5,179793
1786740888,6,177753
1786740888,7,172293
1786740891,0,176317
1786740891,1,173871
1786740891,2,172311
1786740891,3,176913
1786740891,4,176771
1786740891,5,179793
1786740891,6,177753
1786740891,7,172293
1786740893,0,176317
1786740893,1,173871
1786740893,2,172311
1786740893,3,176913
1786740893,4,176771
1786740893,5,179793
1786740893,6,177753
1786740893,7,172293
1786740896,0,176317
1786740896,1,173871
1786740896,2,172311
1786740896,3,176913
1786740896,4,176771
1786740896,5,179793
1786740896,6,177753
1786740896,7,172293
1786740898,0,176317
1786740898,1,173871
1786740898,2,172311
1786740898,3,176913
1786740898,4,176771
1786740898,5,179793
1786740898,6,177753
1786740898,7,172293
1786740901,0,176317
1786740901,1,173871
1786740901,2,172311
1786740901,3,176913
1786740901,4,176771
1786740901,5,179793
1786740901,6,177753
1786740901,7,172293
1786740903,0,176317
1786740903,1,173871
1786740903,2,172311
1786740903,3,176913
1786740903,4,176771
1786740903,5,179793
1786740903,6,177753
1786740903,7,172293
1786740905,0,176317
1786740905,1,173871
1786740905,2,172311
1786740905,3,176913
1786740905,4,176771
1786740905,5,179793
1786740905,6,177753
1786740905,7,172293
1786740907,0,176317
1786740907,1,173871
1786740907,2,172311
1786740907,3,176913
1786740907,4,176771
1786740907,5,179793
1786740907,6,177753
1786740907,7,172293
1786740910,0,176317
1786740910,1,173871
1786740910,2,172311
1786740910,3,176913
1786740910,4,176771
1786740910,5,179793
1786740910,6,177753
1786740910,7,172293
1786740913,0,176317
1786740913,1,173871
1786740913,2,172311
1786740913,3,176913
1786740913,4,176771
1786740913,5,179793
1786740913,6,177753
1786740913,7,172293
1786740915,0,176317
1786740915,1,173871
1786740915,2,172311
1786740915,3,176913
1786740915,4,176771
1786740915,5,179793
1786740915,6,177753
1786740915,7,172293
1786740917,0,176317
1786740917,1,173871
1786740917,2,172311
1786740917,3,176913
1786740917,4,176771
1786740917,5,179793
1786740917,6,177753
1786740917,7,172293
1786740919,0,176317
1786740919,1,173871
1786740919,2,172311
1786740919,3,176913
1786740919,4,176771
1786740919,5,179793
1786740919,6,177753
1786740919,7,172293
1786740921,0,176317
1786740921,1,173871
1786740921,2,172311
1786740921,3,176913
1786740921,4,176771
1786740921,5,179793
1786740921,6,177753
1786740921,7,172293
1786740924,0,176317
1786740924,1,173871
1786740924,2,172311
1786740924,3,176913
1786740924,4,176771
1786740924,5,179793
1786740924,6,177753
1786740924,7,172293
1786740926,0,176317
1786740926,1,173871
1786740926,2,172311
1786740926,3,176913
1786740926,4,176771
1786740926,5,179793
1786740926,6,177753
1786740926,7,172293
1786740928,0,176317
1786740928,1,173871
1786740928,2,172311
1786740928,3,176913
1786740928,4,176771
1786740928,5,179793
1786740928,6,177753
1786740928,7,172293
1786740930,0,176317
1786740930,1,173871
1786740930,2,172311
1786740930,3,176913
1786740930,4,176771
1786740930,5,179793
1786740930,6,177753
1786740930,7,172293
1786740932,0,176317
1786740932,1,173871
1786740932,2,172311
1786740932,3,176913
1786740932,4,176771
1786740932,5,179793
1786740932,6,177753
1786740932,7,172293
1786740934,0,176317
1786740934,1,173871
1786740934,2,172311
1786740934,3,176913
1786740934,4,176771
1786740934,5,179793
1786740934,6,177753
1786740934,7,172293
1786740937,0,176317
1786740937,1,173871
1786740937,2,172311
1786740937,3,176913
1786740937,4,176771
1786740937,5,179793
1786740937,6,177753
1786740937,7,172293
1786740940,0,176317
1786740940,1,173871
1786740940,2,172311
1786740940,3,176913
1786740940,4,176771
1786740940,5,179793
1786740940,6,177753
1786740940,7,172293
1786740942,0,176317
1786740942,1,173871
1786740942,2,172311
1786740942,3,176913
1786740942,4,176771
1786740942,5,179793
1786740942,6,177753
1786740942,7,172293
1786740944,0,176317
1786740944,1,173871
1786740944,2,172311
1786740944,3,176913
1786740944,4,176771
1786740944,5,179793
1786740944,6,177753
1786740944,7,172293
1786740946,0,176317
1786740946,1,173871
1786740946,2,172311
1786740946,3,176913
1786740946,4,176771
1786740946,5,179793
1786740946,6,177753
1786740946,7,172293
1786740948,0,176317
1786740948,1,173871
1786740948,2,172311
1786740948,3,176913
1786740948,4,176771
1786740948,5,179793
1786740948,6,177753
1786740948,7,172293
1786740951,0,176317
1786740951,1,173871
1786740951,2,172311
1786740951,3,176913
1786740951,4,176771
1786740951,5,179793
1786740951,6,177753
1786740951,7,172293
1786740953,0,176317
1786740953,1,173871
1786740953,2,172311
1786740953,3,176913
1786740953,4,176771
1786740953,5,179793
1786740953,6,177753
1786740953,7,172293
1786740956,0,176317
1786740956,1,173871
1786740956,2,172311
1786740956,3,176913
1786740956,4,176771
1786740956,5,179793
1786740956,6,177753
1786740956,7,172293
1786740958,0,176317
1786740958,1,173871
1786740958,2,172311
1786740958,3,176913
1786740958,4,176771
1786740958,5,179793
1786740958,6,177753
1786740958,7,172293
1786740960,0,176317
1786740960,1,173871
1786740960,2,172311
1786740960,3,176913
1786740960,4,176771
1786740960,5,179793
1786740960,6,177753
1786740960,7,172293
1786740962,0,176317
1786740962,1,173871
1786740962,2,172311
1786740962,3,176913
1786740962,4,176771
1786740962,5,179793
1786740962,6,177753
1786740962,7,172293
1786740964,0,176317
1786740964,1,173871
1786740964,2,172311
1786740964,3,176913
1786740964,4,176771
1786740964,5,179793
1786740964,6,177753
1786740964,7,172293
1786740967,0,176317
1786740967,1,173871
1786740967,2,172311
1786740967,3,176913
1786740967,4,176771
1786740967,5,179793
1786740967,6,177753
1786740967,7,172293
1786740969,0,176317
1786740969,1,173871
1786740969,2,172311
1786740969,3,176913
1786740969,4,176771
1786740969,5,179793
1786740969,6,177753
1786740969,7,172293
1786740971,0,176317
1786740971,1,173871
1786740971,2,172311
1786740971,3,176913
1786740971,4,176771
1786740971,5,179793
1786740971,6,177753
1786740971,7,172293
1786740973,0,176317
1786740973,1,173871
1786740973,2,172311
1786740973,3,176913
1786740973,4,176771
1786740973,5,179793
1786740973,6,177753
1786740973,7,172293
1786740976,0,176317
1786740976,1,173871
1786740976,2,172311
1786740976,3,176913
1786740976,4,176771
1786740976,5,179793
1786740976,6,177753
1786740976,7,172293
1786740978,0,176317
1786740978,1,173871
1786740978,2,172311
1786740978,3,176913
1786740978,4,176771
1786740978,5,179793
1786740978,6,177753
1786740978,7,172293
1786740980,0,176317
1786740980,1,173871
1786740980,2,172311
1786740980,3,176913
1786740980,4,176771
1786740980,5,179793
1786740980,6,177753
1786740980,7,172293
1786740983,0,176317
1786740983,1,173871
1786740983,2,172311
1786740983,3,176913
1786740983,4,176771
1786740983,5,179793
1786740983,6,177753
1786740983,7,172293
1786740985,0,176317
1786740985,1,173871
1786740985,2,172311
1786740985,3,176913
1786740985,4,176771
1786740985,5,179793
1786740985,6,177753
1786740985,7,172293
1786740988,0,176317
1786740988,1,173871
1786740988,2,172311
1786740988,3,176913
1786740988,4,176771
1786740988,5,179793
1786740988,6,177753
1786740988,7,172293
1786740990,0,176317
1786740990,1,173871
1786740990,2,172311
1786740990,3,176913
1786740990,4,176771
1786740990,5,179793
1786740990,6,177753
1786740990,7,172293
1786740992,0,176317
1786740992,1,173871
1786740992,2,172311
1786740992,3,176913
1786740992,4,176771
1786740992,5,179793
1786740992,6,177753
1786740992,7,172293
1786740994,0,176317
1786740994,1,173871
1786740994,2,172311
1786740994,3,176913
1786740994,4,176771
1786740994,5,179793
1786740994,6,177753
1786740994,7,172293
1786740997,0,176317
1786740997,1,173871
1786740997,2,172311
1786740997,3,176913
1786740997,4,176771
1786740997,5,179793
1786740997,6,177753
1786740997,7,172293
1786740999,0,176317
1786740999,1,173871
1786740999,2,172311
1786740999,3,176913
1786740999,4,176771
1786740999,5,179793
1786740999,6,177753
1786740999,7,172293
1786741001,0,176317
1786741001,1,173871
1786741001,2,172311
1786741001,3,176913
1786741001,4,176771
1786741001,5,179793
1786741001,6,177753
1786741001,7,172293
1786741003,0,176317
1786741003,1,173871
1786741003,2,172311
1786741003,3,176913
1786741003,4,176771
1786741003,5,179793
1786741003,6,177753
1786741003,7,172293
1786741006,0,176317
1786741006,1,173871
1786741006,2,172311
1786741006,3,176913
1786741006,4,176771
1786741006,5,179793
1786741006,6,177753
1786741006,7,172293
1786741008,0,176317
1786741008,1,173871
1786741008,2,172311
1786741008,3,176913
1786741008,4,176771
1786741008,5,179793
1786741008,6,177753
1786741008,7,172293
1786741010,0,176317
1786741010,1,173871
1786741010,2,172311
1786741010,3,176913
1786741010,4,176771
1786741010,5,179793
1786741010,6,177753
1786741010,7,172293
1786741013,0,176317
1786741013,1,173871
1786741013,2,172311
1786741013,3,176913
1786741013,4,176771
1786741013,5,179793
1786741013,6,177753
1786741013,7,172293
1786741015,0,176317
1786741015,1,173871
1786741015,2,172311
1786741015,3,176913
1786741015,4,176771
1786741015,5,179793
1786741015,6,177753
1786741015,7,172293
1786741017,0,176317
1786741017,1,173871
1786741017,2,172311
1786741017,3,176913
1786741017,4,176771
1786741017,5,179793
1786741017,6,177753
1786741017,7,172293
1786741020,0,176317
1786741020,1,173871
1786741020,2,172311
1786741020,3,176913
1786741020,4,176771
1786741020,5,179793
1786741020,6,177753
1786741020,7,172293
1786741022,0,176317
1786741022,1,173871
1786741022,2,172311
1786741022,3,176913
1786741022,4,176771
1786741022,5,179793
1786741022,6,177753
1786741022,7,172293
1786741024,0,176317
1786741024,1,173871
1786741024,2,172311
1786741024,3,176913
1786741024,4,176771
1786741024,5,179793
1786741024,6,177753
1786741024,7,172293
1786741026,0,176317
1786741026,1,173871
1786741026,2,172311
1786741026,3,176913
1786741026,4,176771
1786741026,5,179793
1786741026,6,177753
1786741026,7,172293
1786741029,0,176317
1786741029,1,173871
1786741029,2,172311
1786741029,3,176913
1786741029,4,176771
1786741029,5,179793
1786741029,6,177753
1786741029,7,172293
1786741031,0,176317
1786741031,1,173871
1786741031,2,172311
1786741031,3,176913
1786741031,4,176771
1786741031,5,179793
1786741031,6,177753
1786741031,7,172293
1786741033,0,176317
1786741033,1,173871
1786741033,2,172311
1786741033,3,176913
1786741033,4,176771
1786741033,5,179793
1786741033,6,177753
1786741033,7,172293
1786741035,0,176317
1786741035,1,173871
1786741035,2,172311
1786741035,3,176913
1786741035,4,176771
1786741035,5,179793
1786741035,6,177753
1786741035,7,172293
1786741037,0,176317
1786741037,1,173871
1786741037,2,172311
1786741037,3,176913
1786741037,4,176771
1786741037,5,179793
1786741037,6,177753
1786741037,7,172293
1786741039,0,176317
1786741039,1,173871
1786741039,2,172311
1786741039,3,176913
1786741039,4,176771
1786741039,5,179793
1786741039,6,177753
1786741039,7,172293
1786741042,0,176317
1786741042,1,173871
1786741042,2,172311
1786741042,3,176913
1786741042,4,176771
1786741042,5,179793
1786741042,6,177753
1786741042,7,172293
1786741045,0,176317
1786741045,1,173871
1786741045,2,172311
1786741045,3,176913
1786741045,4,176771
1786741045,5,179793
1786741045,6,177753
1786741045,7,172293
1786741048,0,176317
1786741048,1,173871
1786741048,2,172311
1786741048,3,176913
1786741048,4,176771
1786741048,5,179793
1786741048,6,177753
1786741048,7,172293
1786741050,0,176317
1786741050,1,173871
1786741050,2,172311
1786741050,3,176913
1786741050,4,176771
1786741050,5,179793
1786741050,6,177753
1786741050,7,172293
1786741054,0,176317
1786741054,1,173871
1786741054,2,172311
1786741054,3,176913
1786741054,4,176771
1786741054,5,179793
1786741054,6,177753
1786741054,7,172293
1786741056,0,176317
1786741056,1,173871
1786741056,2,172311
1786741056,3,176913
1786741056,4,176771
1786741056,5,179793
1786741056,6,177753
1786741056,7,172293
1786741059,0,176317
1786741059,1,173871
1786741059,2,172311
1786741059,3,176913
1786741059,4,176771
1786741059,5,179793
1786741059,6,177753
1786741059,7,172293
1786741062,0,176317
1786741062,1,173871
1786741062,2,172311
1786741062,3,176913
1786741062,4,176771
1786741062,5,179793
1786741062,6,177753
1786741062,7,172293
1786741064,0,176317
1786741064,1,173871
1786741064,2,172311
1786741064,3,176913
1786741064,4,176771
1786741064,5,179793
1786741064,6,177753
1786741064,7,172293
1786741066,0,176317
1786741066,1,173871
1786741066,2,172311
1786741066,3,176913
1786741066,4,176771
1786741066,5,179793
1786741066,6,177753
1786741066,7,172293
1786741069,0,176317
1786741069,1,173871
1786741069,2,172311
1786741069,3,176913
1786741069,4,176771
1786741069,5,179793
1786741069,6,177753
1786741069,7,172293
1786741071,0,176317
1786741071,1,173871
1786741071,2,172311
1786741071,3,176913
1786741071,4,176771
1786741071,5,179793
1786741071,6,177753
1786741071,7,172293
1786741074,0,176317
1786741074,1,173871
1786741074,2,172311
1786741074,3,176913
1786741074,4,176771
1786741074,5,179793
1786741074,6,177753
1786741074,7,172293
1786741077,0,176317
1786741077,1,173871
1786741077,2,172311
1786741077,3,176913
1786741077,4,176771
1786741077,5,179793
1786741077,6,177753
1786741077,7,172293
1786741079,0,176317
1786741079,1,173871
1786741079,2,172311
1786741079,3,176913
1786741079,4,176771
1786741079,5,179793
1786741079,6,177753
1786741079,7,172293
1786741081,0,176317
1786741081,1,173871
1786741081,2,172311
1786741081,3,176913
1786741081,4,176771
1786741081,5,179793
1786741081,6,177753
1786741081,7,172293
1786741084,0,176317
1786741084,1,173871
1786741084,2,172311
1786741084,3,176913
1786741084,4,176771
1786741084,5,179793
1786741084,6,177753
1786741084,7,172293
1786741086,0,176317
1786741086,1,173871
1786741086,2,172311
1786741086,3,176913
1786741086,4,176771
1786741086,5,179793
1786741086,6,177753
1786741086,7,172293
1786741089,0,176317
1786741089,1,173871
1786741089,2,172311
1786741089,3,176913
1786741089,4,176771
1786741089,5,179793
1786741089,6,177753
1786741089,7,172293
1786741093,0,176317
1786741093,1,173871
1786741093,2,172311
1786741093,3,176913
1786741093,4,176771
1786741093,5,179793
1786741093,6,177753
1786741093,7,172293
1786741095,0,176317
1786741095,1,173871
1786741095,2,172311
1786741095,3,176913
1786741095,4,176771
1786741095,5,179793
1786741095,6,177753
1786741095,7,172293
1786741098,0,176317
1786741098,1,173871
1786741098,2,172311
1786741098,3,176913
1786741098,4,176771
1786741098,5,179793
1786741098,6,177753
1786741098,7,172293
1786741100,0,176317
1786741100,1,173871
1786741100,2,172311
1786741100,3,176913
1786741100,4,176771
1786741100,5,179793
1786741100,6,177753
1786741100,7,172293
1786741104,0,176317
1786741104,1,173871
1786741104,2,172311
1786741104,3,176913
1786741104,4,176771
1786741104,5,179793
1786741104,6,177753
1786741104,7,172293
1786741107,0,176317
1786741107,1,173871
1786741107,2,172311
1786741107,3,176913
1786741107,4,176771
1786741107,5,179793
1786741107,6,177753
1786741107,7,172293
1786741109,0,176317
1786741109,1,173871
1786741109,2,172311
1786741109,3,176913
1786741109,4,176771
1786741109,5,179793
1786741109,6,177753
1786741109,7,172293
1786741111,0,176317
1786741111,1,173871
1786741111,2,172311
1786741111,3,176913
1786741111,4,176771
1786741111,5,179793
1786741111,6,177753
1786741111,7,172293
1786741114,0,176317
1786741114,1,173871
1786741114,2,172311
1786741114,3,176913
1786741114,4,176771
1786741114,5,179793
1786741114,6,177753
1786741114,7,172293
1786741117,0,176317
1786741117,1,173871
1786741117,2,172311
1786741117,3,176913
1786741117,4,176771
1786741117,5,179793
1786741117,6,177753
1786741117,7,172293
1786741119,0,176317
1786741119,1,173871
1786741119,2,172311
1786741119,3,176913
1786741119,4,176771
1786741119,5,179793
1786741119,6,177753
1786741119,7,172293
1786741121,0,176317
1786741121,1,173871
1786741121,2,172311
1786741121,3,176913
1786741121,4,176771
1786741121,5,179793
1786741121,6,177753
1786741121,7,172293
1786741124,0,176317
1786741124,1,173871
1786741124,2,172311
1786741124,3,176913
1786741124,4,176771
1786741124,5,179793
1786741124,6,177753
1786741124,7,172293
1786741126,0,176317
1786741126,1,173871
1786741126,2,172311
1786741126,3,176913
1786741126,4,176771
1786741126,5,179793
1786741126,6,177753
1786741126,7,172293
1786741129,0,176317
1786741129,1,173871
1786741129,2,172311
1786741129,3,176913
1786741129,4,176771
1786741129,5,179793
1786741129,6,177753
1786741129,7,172293
1786741131,0,176317
1786741131,1,173871
1786741131,2,172311
1786741131,3,176913
1786741131,4,176771
1786741131,5,179793
1786741131,6,177753
1786741131,7,172293
1786741134,0,176317
1786741134,1,173871
1786741134,2,172311
1786741134,3,176913
1786741134,4,176771
1786741134,5,179793
1786741134,6,177753
1786741134,7,172293
1786741137,0,176317
1786741137,1,173871
1786741137,2,172311
1786741137,3,176913
1786741137,4,176771
1786741137,5,179793
1786741137,6,177753
1786741137,7,172293
1786741139,0,176317
1786741139,1,173871
1786741139,2,172311
1786741139,3,176913
1786741139,4,176771
1786741139,5,179793
1786741139,6,177753
1786741139,7,172293
1786741141,0,176317
1786741141,1,173871
1786741141,2,172311
1786741141,3,176913
1786741141,4,176771
1786741141,5,179793
1786741141,6,177753
1786741141,7,172293
1786741143,0,176317
1786741143,1,173871
1786741143,2,172311
1786741143,3,176913
1786741143,4,176771
1786741143,5,179793
1786741143,6,177753
1786741143,7,172293
1786741146,0,176317
1786741146,1,173871
1786741146,2,172311
1786741146,3,176913
1786741146,4,176771
1786741146,5,179793
1786741146,6,177753
1786741146,7,172293
1786741149,0,176317
1786741149,1,173871
1786741149,2,172311
1786741149,3,176913
1786741149,4,176771
1786741149,5,179793
1786741149,6,177753
1786741149,7,172293
1786741152,0,176317
1786741152,1,173871
1786741152,2,172311
1786741152,3,176913
1786741152,4,176771
1786741152,5,179793
1786741152,6,177753
1786741152,7,172293
1786741155,0,176317
1786741155,1,173871
1786741155,2,172311
1786741155,3,176913
1786741155,4,176771
1786741155,5,179793
1786741155,6,177753
1786741155,7,172293
1786741157,0,176317
1786741157,1,173871
1786741157,2,172311
1786741157,3,176913
1786741157,4,176771
1786741157,5,179793
1786741157,6,177753
1786741157,7,172293
1786741159,0,176317
1786741159,1,173871
1786741159,2,172311
1786741159,3,176913
1786741159,4,176771
1786741159,5,179793
1786741159,6,177753
1786741159,7,172293
1786741162,0,176317
1786741162,1,173871
1786741162,2,172311
1786741162,3,176913
1786741162,4,176771
1786741162,5,179793
1786741162,6,177753
1786741162,7,172293
1786741165,0,176317
1786741165,1,173871
1786741165,2,172311
1786741165,3,176913
1786741165,4,176771
1786741165,5,179793
1786741165,6,177753
1786741165,7,172293
1786741168,0,176317
1786741168,1,173871
1786741168,2,172311
1786741168,3,176913
1786741168,4,176771
1786741168,5,179793
1786741168,6,177753
1786741168,7,172293
1786741171,0,176317
1786741171,1,173871
1786741171,2,172311
1786741171,3,176913
1786741171,4,176771
1786741171,5,179793
1786741171,6,177753
1786741171,7,172293
1786741173,0,176317
1786741173,1,173871
1786741173,2,172311
1786741173,3,176913
1786741173,4,176771
1786741173,5,179793
1786741173,6,177753
1786741173,7,172293
1786741175,0,176317
1786741175,1,173871
1786741175,2,172311
1786741175,3,176913
1786741175,4,176771
1786741175,5,179793
1786741175,6,177753
1786741175,7,172293
1786741178,0,176317
1786741178,1,173871
1786741178,2,172311
1786741178,3,176913
1786741178,4,176771
1786741178,5,179793
1786741178,6,177753
1786741178,7,172293
1786741182,0,176317
1786741182,1,173871
1786741182,2,172311
1786741182,3,176913
1786741182,4,176771
1786741182,5,179793
1786741182,6,177753
1786741182,7,172293
1786741184,0,176317
1786741184,1,173871
1786741184,2,172311
1786741184,3,176913
1786741184,4,176771
1786741184,5,179793
1786741184,6,177753
1786741184,7,172293
1786741188,0,176317
1786741188,1,173871
1786741188,2,172311
1786741188,3,176913
1786741188,4,176771
1786741188,5,179793
1786741188,6,177753
1786741188,7,172293
1786741190,0,176317
1786741190,1,173871
1786741190,2,172311
1786741190,3,176913
1786741190,4,176771
1786741190,5,179793
1786741190,6,177753
1786741190,7,172293
1786741192,0,176317
1786741192,1,173871
1786741192,2,172311
1786741192,3,176913
1786741192,4,176771
1786741192,5,179793
1786741192,6,177753
1786741192,7,172293
1786741195,0,176317
1786741195,1,173871
1786741195,2,172311
1786741195,3,176913
1786741195,4,176771
1786741195,5,179793
1786741195,6,177753
1786741195,7,172293
1786741197,0,176317
1786741197,1,173871
1786741197,2,172311
1786741197,3,176913
1786741197,4,176771
1786741197,5,179793
1786741197,6,177753
1786741197,7,172293
1786741199,0,176317
1786741199,1,173871
1786741199,2,172311
1786741199,3,176913
1786741199,4,176771
1786741199,5,179793
1786741199,6,177753
1786741199,7,172293
1786741202,0,176317
1786741202,1,173871
1786741202,2,172311
1786741202,3,176913
1786741202,4,176771
1786741202,5,179793
1786741202,6,177753
1786741202,7,172293
1786741205,0,176317
1786741205,1,173871
1786741205,2,172311
1786741205,3,176913
1786741205,4,176771
1786741205,5,179793
1786741205,6,177753
1786741205,7,172293
1786741207,0,176317
1786741207,1,173871
1786741207,2,172311
1786741207,3,176913
1786741207,4,176771
1786741207,5,179793
1786741207,6,177753
1786741207,7,172293
1786741209,0,176317
1786741209,1,173871
1786741209,2,172311
1786741209,3,176913
1786741209,4,176771
1786741209,5,179793
1786741209,6,177753
1786741209,7,172293
1786741211,0,176317
1786741211,1,173871
1786741211,2,172311
1786741211,3,176913
1786741211,4,176771
1786741211,5,179793
1786741211,6,177753
1786741211,7,172293
1786741214,0,176317
1786741214,1,173871
1786741214,2,172311
1786741214,3,176913
1786741214,4,176771
1786741214,5,179793
1786741214,6,177753
1786741214,7,172293
1786741216,0,176317
1786741216,1,173871
1786741216,2,172311
1786741216,3,176913
1786741216,4,176771
1786741216,5,179793
1786741216,6,177753
1786741216,7,172293
1786741219,0,176317
1786741219,1,173871
1786741219,2,172311
1786741219,3,176913
1786741219,4,176771
1786741219,5,179793
1786741219,6,177753
1786741219,7,172293
1786741221,0,176317
1786741221,1,173871
1786741221,2,172311
1786741221,3,176913
1786741221,4,176771
1786741221,5,179793
1786741221,6,177753
1786741221,7,172293
1786741223,0,176317
1786741223,1,173871
1786741223,2,172311
1786741223,3,176913
1786741223,4,176771
1786741223,5,179793
1786741223,6,177753
1786741223,7,172293
1786741225,0,176317
1786741225,1,173871
1786741225,2,172311
1786741225,3,176913
1786741225,4,176771
1786741225,5,179793
1786741225,6,177753
1786741225,7,172293
1786741227,0,176317
1786741227,1,173871
1786741227,2,172311
1786741227,3,176913
1786741227,4,176771
1786741227,5,179793
1786741227,6,177753
1786741227,7,172293
1786741230,0,176317
1786741230,1,173871
1786741230,2,172311
1786741230,3,176913
1786741230,4,176771
1786741230,5,179793
1786741230,6,177753
1786741230,7,172293
1786741233,0,176317
1786741233,1,173871
1786741233,2,172311
1786741233,3,176913
1786741233,4,176771
1786741233,5,179793
1786741233,6,177753
1786741233,7,172293
1786741235,0,176317
1786741235,1,173871
1786741235,2,172311
1786741235,3,176913
1786741235,4,176771
1786741235,5,179793
1786741235,6,177753
1786741235,7,172293
1786741237,0,176317
1786741237,1,173871
1786741237,2,172311
1786741237,3,176913
1786741237,4,176771
1786741237,5,179793
1786741237,6,177753
1786741237,7,172293
1786741239,0,176317
1786741239,1,173871
1786741239,2,172311
1786741239,3,176913
1786741239,4,176771
1786741239,5,179793
1786741239,6,177753
1786741239,7,172293
1786741241,0,176317
1786741241,1,173871
1786741241,2,172311
1786741241,3,176913
1786741241,4,176771
1786741241,5,179793
1786741241,6,177753
1786741241,7,172293
1786741243,0,176317
1786741243,1,173871
1786741243,2,172311
1786741243,3,176913
1786741243,4,176771
1786741243,5,179793
1786741243,6,177753
1786741243,7,172293
1786741246,0,176317
1786741246,1,173871
1786741246,2,172311
1786741246,3,177173
1786741246,4,176771
1786741246,5,179793
1786741246,6,177753
1786741246,7,172293
1786741248,0,176317
1786741248,1,173871
1786741248,2,172311
1786741248,3,177173
1786741248,4,176771
1786741248,5,179793
1786741248,6,177753
1786741248,7,172293
1786741250,0,176317
1786741250,1,173871
1786741250,2,172311
1786741250,3,177173
1786741250,4,176771
1786741250,5,179793
1786741250,6,177753
1786741250,7,172293
1786741253,0,176317
1786741253,1,173871
1786741253,2,172311
1786741253,3,177173
1786741253,4,176771
1786741253,5,179793
1786741253,6,177753
1786741253,7,172293
1786741255,0,176317
1786741255,1,173871
1786741255,2,172311
1786741255,3,177173
1786741255,4,176771
1786741255,5,179793
1786741255,6,177753
1786741255,7,172293
1786741257,0,176317
1786741257,1,173871
1786741257,2,172311
1786741257,3,177173
1786741257,4,176771
1786741257,5,179793
1786741257,6,177753
1786741257,7,172293
1786741260,0,176317
1786741260,1,173871
1786741260,2,172311
1786741260,3,177173
1786741260,4,176771
1786741260,5,179793
1786741260,6,177753
1786741260,7,172293
1786741262,0,176317
1786741262,1,173871
1786741262,2,172311
1786741262,3,177173
1786741262,4,176771
1786741262,5,179793
1786741262,6,177753
1786741262,7,172293
1786741264,0,176317
1786741264,1,173871
1786741264,2,172311
1786741264,3,177173
1786741264,4,176771
1786741264,5,179793
1786741264,6,177753
1786741264,7,172293
1786741266,0,176317
1786741266,1,173871
1786741266,2,172311
1786741266,3,177173
1786741266,4,176771
1786741266,5,179793
1786741266,6,177753
1786741266,7,172293
1786741269,0,176317
1786741269,1,173871
1786741269,2,172311
1786741269,3,177173
1786741269,4,176771
1786741269,5,179793
1786741269,6,177753
1786741269,7,172293
1786741272,0,176317
1786741272,1,173871
1786741272,2,172311
1786741272,3,177173
1786741272,4,176771
1786741272,5,179793
1786741272,6,177753
1786741272,7,172293
1786741274,0,176317
1786741274,1,173871
1786741274,2,172311
1786741274,3,177173
1786741274,4,176771
1786741274,5,179793
1786741274,6,177753
1786741274,7,172293
1786741276,0,176317
1786741276,1,173871
1786741276,2,172311
1786741276,3,177173
1786741276,4,176771
1786741276,5,179793
1786741276,6,177753
1786741276,7,172293
1786741278,0,176317
1786741278,1,173871
1786741278,2,172311
1786741278,3,177173
1786741278,4,176771
1786741278,5,179793
1786741278,6,177753
1786741278,7,172293
1786741280,0,176317
1786741280,1,173871
1786741280,2,172311
1786741280,3,177173
1786741280,4,176771
1786741280,5,179793
1786741280,6,177753
1786741280,7,172293
1786741283,0,176317
1786741283,1,173871
1786741283,2,172311
1786741283,3,177173
1786741283,4,176771
1786741283,5,179793
1786741283,6,177753
1786741283,7,172293
1786741286,0,176317
1786741286,1,173871
1786741286,2,172311
1786741286,3,177173
1786741286,4,176771
1786741286,5,179793
1786741286,6,177753
1786741286,7,172293
1786741288,0,176317
1786741288,1,173871
1786741288,2,172311
1786741288,3,177173
1786741288,4,176771
1786741288,5,179793
1786741288,6,177753
1786741288,7,172293
1786741290,0,176317
1786741290,1,173871
1786741290,2,172311
1786741290,3,177173
1786741290,4,176771
1786741290,5,179793
1786741290,6,177753
1786741290,7,172293
1786741292,0,176317
1786741292,1,173871
1786741292,2,172311
1786741292,3,177173
1786741292,4,176771
1786741292,5,179793
1786741292,6,177753
1786741292,7,172293
1786741294,0,176317
1786741294,1,173871
1786741294,2,172311
1786741294,3,177173
1786741294,4,176771
1786741294,5,179793
1786741294,6,177753
1786741294,7,172293
1786741297,0,176317
1786741297,1,173871
1786741297,2,172311
1786741297,3,177173
1786741297,4,176771
1786741297,5,179793
1786741297,6,177753
1786741297,7,172293
1786741299,0,176317
1786741299,1,173871
1786741299,2,172311
1786741299,3,177173
1786741299,4,176771
1786741299,5,179793
1786741299,6,177753
1786741299,7,172293
1786741302,0,176317
1786741302,1,173871
1786741302,2,172311
1786741302,3,177173
1786741302,4,176771
1786741302,5,179793
1786741302,6,177753
1786741302,7,172293
1786741304,0,176317
1786741304,1,173871
1786741304,2,172311
1786741304,3,177173
1786741304,4,176771
1786741304,5,179793
1786741304,6,177753
1786741304,7,172293
1786741306,0,176317
1786741306,1,173871
1786741306,2,172311
1786741306,3,177173
1786741306,4,176771
1786741306,5,179793
1786741306,6,177753
1786741306,7,172293
1786741309,0,176317
1786741309,1,173871
1786741309,2,172311
1786741309,3,177173
1786741309,4,176771
1786741309,5,179793
1786741309,6,177753
1786741309,7,172293
1786741311,0,176317
1786741311,1,173871
1786741311,2,172311
1786741311,3,177173
1786741311,4,176771
1786741311,5,179793
1786741311,6,177753
1786741311,7,172293
1786741313,0,176317
1786741313,1,173871
1786741313,2,172311
1786741313,3,177173
1786741313,4,176771
1786741313,5,179793
1786741313,6,177753
1786741313,7,172293
1786741316,0,176317
1786741316,1,173871
1786741316,2,172311
1786741316,3,177173
1786741316,4,176771
1786741316,5,179793
1786741316,6,177753
1786741316,7,172293
1786741318,0,176317
1786741318,1,173871
1786741318,2,172311
1786741318,3,177173
1786741318,4,176771
1786741318,5,179793
1786741318,6,177753
1786741318,7,172293
1786741320,0,176317
1786741320,1,173871
1786741320,2,172311
1786741320,3,177173
1786741320,4,176771
1786741320,5,179793
1786741320,6,177753
1786741320,7,172293
1786741322,0,176317
1786741322,1,173871
1786741322,2,172311
1786741322,3,177173
1786741322,4,176771
1786741322,5,179793
1786741322,6,177753
1786741322,7,172293
1786741324,0,176317
1786741324,1,173871
1786741324,2,172311
1786741324,3,177173
1786741324,4,176771
1786741324,5,179793
1786741324,6,177753
1786741324,7,172293
1786741327,0,176317
1786741327,1,173871
1786741327,2,172311
1786741327,3,177173
1786741327,4,176771
1786741327,5,179793
1786741327,6,177753
1786741327,7,172293
1786741329,0,176317
1786741329,1,173871
1786741329,2,172311
1786741329,3,177173
1786741329,4,176771
1786741329,5,179793
1786741329,6,177753
1786741329,7,172293
1786741331,0,176317
1786741331,1,173871
1786741331,2,172311
1786741331,3,177173
1786741331,4,176771
1786741331,5,179793
1786741331,6,177753
1786741331,7,172293
1786741333,0,176317
1786741333,1,173871
1786741333,2,172311
1786741333,3,177173
1786741333,4,176771
1786741333,5,179793
1786741333,6,177753
1786741333,7,172293
1786741336,0,176317
1786741336,1,173871
1786741336,2,172311
1786741336,3,177173
1786741336,4,176771
1786741336,5,179793
1786741336,6,177753
1786741336,7,172293
1786741338,0,176317
1786741338,1,173871
1786741338,2,172311
1786741338,3,177173
1786741338,4,176771
1786741338,5,179793
1786741338,6,177753
1786741338,7,172293
1786741341,0,176317
1786741341,1,173871
1786741341,2,172311
1786741341,3,177173
1786741341,4,176771
1786741341,5,179793
1786741341,6,177753
1786741341,7,172293
1786741343,0,176317
1786741343,1,173871
1786741343,2,172311
1786741343,3,177173
1786741343,4,176771
1786741343,5,179793
1786741343,6,177753
1786741343,7,172293
1786741346,0,176317
1786741346,1,173871
1786741346,2,172311
1786741346,3,177173
1786741346,4,176771
1786741346,5,179793
1786741346,6,177753
1786741346,7,172293
1786741349,0,176317
1786741349,1,173871
1786741349,2,172311
1786741349,3,177173
1786741349,4,176771
1786741349,5,179793
1786741349,6,177753
1786741349,7,172293
1786741351,0,176317
1786741351,1,173871
1786741351,2,172311
1786741351,3,177173
1786741351,4,176771
1786741351,5,179793
1786741351,6,177753
1786741351,7,172293
1786741353,0,176317
1786741353,1,173871
1786741353,2,172311
1786741353,3,177173
1786741353,4,176771
1786741353,5,179793
1786741353,6,177753
1786741353,7,172293
1786741355,0,176317
1786741355,1,173871
1786741355,2,172311
1786741355,3,177173
1786741355,4,176771
1786741355,5,179793
1786741355,6,177753
1786741355,7,172293
1786741358,0,176317
1786741358,1,173871
1786741358,2,172311
1786741358,3,177173
1786741358,4,176771
1786741358,5,179793
1786741358,6,177753
1786741358,7,172293
1786741360,0,176317
1786741360,1,173871
1786741360,2,172311
1786741360,3,177173
1786741360,4,176771
1786741360,5,179793
1786741360,6,177753
1786741360,7,172293
1786741362,0,176317
1786741362,1,173871
1786741362,2,172311
1786741362,3,177173
1786741362,4,176771
1786741362,5,179793
1786741362,6,177753
1786741362,7,172293
1786741364,0,176317
1786741364,1,173871
1786741364,2,172311
1786741364,3,177173
1786741364,4,176773
1786741364,5,179793
1786741364,6,177753
1786741364,7,172293
1786741367,0,176317
1786741367,1,173871
1786741367,2,172311
1786741367,3,177173
1786741367,4,176773
1786741367,5,179793
1786741367,6,177753
1786741367,7,172293
1786741369,0,176317
1786741369,1,173871
1786741369,2,172311
1786741369,3,177173
1786741369,4,176773
1786741369,5,179793
1786741369,6,177753
1786741369,7,172293
1786741371,0,176317
1786741371,1,173871
1786741371,2,172311
1786741371,3,177173
1786741371,4,176773
1786741371,5,179793
1786741371,6,177753
1786741371,7,172293
1786741373,0,176317
1786741373,1,173871
1786741373,2,172311
1786741373,3,177173
1786741373,4,176773
1786741373,5,179793
1786741373,6,177753
1786741373,7,172293
1786741376,0,176317
1786741376,1,173871
1786741376,2,172311
1786741376,3,177173
1786741376,4,176773
1786741376,5,179793
1786741376,6,177753
1786741376,7,172293
1786741379,0,176317
1786741379,1,173871
1786741379,2,172311
1786741379,3,177173
1786741379,4,176773
1786741379,5,179793
1786741379,6,177753
1786741379,7,172293
1786741381,0,176317
1786741381,1,173871
1786741381,2,172311
1786741381,3,177173
1786741381,4,176773
1786741381,5,179793
1786741381,6,177753
1786741381,7,172293
1786741383,0,176317
1786741383,1,173871
1786741383,2,172311
1786741383,3,177173
1786741383,4,176773
1786741383,5,179793
1786741383,6,177753
1786741383,7,172293
1786741385,0,176317
1786741385,1,173871
1786741385,2,172311
1786741385,3,177173
1786741385,4,176773
1786741385,5,179793
1786741385,6,177753
1786741385,7,172293
1786741388,0,176317
1786741388,1,173871
1786741388,2,172311
1786741388,3,177173
1786741388,4,176773
1786741388,5,179793
1786741388,6,177753
1786741388,7,172293
1786741391,0,176317
1786741391,1,173871
1786741391,2,172311
1786741391,3,177173
1786741391,4,176773
1786741391,5,179793
1786741391,6,177753
1786741391,7,172293
1786741393,0,176317
1786741393,1,173871
1786741393,2,172311
1786741393,3,177173
1786741393,4,176773
1786741393,5,179793
1786741393,6,177753
1786741393,7,172293
1786741395,0,176317
1786741395,1,173871
1786741395,2,172311
1786741395,3,177173
1786741395,4,176773
1786741395,5,179793
1786741395,6,177753
1786741395,7,172293
1786741397,0,176317
1786741397,1,173871
1786741397,2,172311
1786741397,3,177173
1786741397,4,176773
1786741397,5,179793
1786741397,6,177753
1786741397,7,172293
1786741400,0,176317
1786741400,1,173871
1786741400,2,172311
1786741400,3,177173
1786741400,4,176773
1786741400,5,179793
1786741400,6,177753
1786741400,7,172293
1786741402,0,176317
1786741402,1,173871
1786741402,2,172311
1786741402,3,177173
1786741402,4,176773
1786741402,5,179793
1786741402,6,177753
1786741402,7,172293
1786741405,0,176317
1786741405,1,173871
1786741405,2,172311
1786741405,3,177173
1786741405,4,176773
1786741405,5,179793
1786741405,6,177753
1786741405,7,172293
1786741407,0,176317
1786741407,1,173871
1786741407,2,172311
1786741407,3,177173
1786741407,4,176773
1786741407,5,179793
1786741407,6,177753
1786741407,7,172293
1786741409,0,176317
1786741409,1,173871
1786741409,2,172311
1786741409,3,177173
1786741409,4,176773
1786741409,5,179793
1786741409,6,177753
1786741409,7,172293
1786741412,0,176317
1786741412,1,173871
1786741412,2,172311
1786741412,3,177173
1786741412,4,176773
1786741412,5,179793
1786741412,6,177753
1786741412,7,172293
1786741414,0,176317
1786741414,1,173871
1786741414,2,172311
1786741414,3,177173
1786741414,4,176773
1786741414,5,179793
1786741414,6,177753
1786741414,7,172293
1786741416,0,176317
1786741416,1,173871
1786741416,2,172311
1786741416,3,177173
1786741416,4,176773
1786741416,5,179793
1786741416,6,177753
1786741416,7,172293
1786741419,0,176317
1786741419,1,173871
1786741419,2,172311
1786741419,3,177173
1786741419,4,176773
1786741419,5,179793
1786741419,6,177753
1786741419,7,172293
1786741421,0,176317
1786741421,1,173871
1786741421,2,172311
1786741421,3,177173
1786741421,4,176773
1786741421,5,179793
1786741421,6,177753
1786741421,7,172293
1786741424,0,176317
1786741424,1,173871
1786741424,2,172311
1786741424,3,177173
1786741424,4,176773
1786741424,5,179793
1786741424,6,177753
1786741424,7,172293
1786741426,0,176317
1786741426,1,173871
1786741426,2,172311
1786741426,3,177173
1786741426,4,176773
1786741426,5,179793
1786741426,6,177753
1786741426,7,172293
1786741428,0,176317
1786741428,1,173871
1786741428,2,172311
1786741428,3,177173
1786741428,4,176773
1786741428,5,179793
1786741428,6,177753
1786741428,7,172293
1786741430,0,176317
1786741430,1,173871
1786741430,2,172311
1786741430,3,177173
1786741430,4,176773
1786741430,5,179793
1786741430,6,177753
1786741430,7,172293
1786741433,0,176317
1786741433,1,173871
1786741433,2,172311
1786741433,3,177173
1786741433,4,176773
1786741433,5,179793
1786741433,6,177753
1786741433,7,172293
1786741436,0,176317
1786741436,1,173871
1786741436,2,172311
1786741436,3,177173
1786741436,4,176773
1786741436,5,179793
1786741436,6,177753
1786741436,7,172293
1786741438,0,176317
1786741438,1,173871
1786741438,2,172311
1786741438,3,177173
1786741438,4,176773
1786741438,5,179793
1786741438,6,177753
1786741438,7,172293
1786741440,0,176317
1786741440,1,173871
1786741440,2,172311
1786741440,3,177173
1786741440,4,176773
1786741440,5,179793
1786741440,6,177753
1786741440,7,172293
1786741443,0,176317
1786741443,1,173871
1786741443,2,172311
1786741443,3,177173
1786741443,4,176773
1786741443,5,179793
1786741443,6,177753
1786741443,7,172293
1786741445,0,176317
1786741445,1,173871
1786741445,2,172311
1786741445,3,177173
1786741445,4,176773
1786741445,5,179793
1786741445,6,177753
1786741445,7,172293
1786741447,0,176317
1786741447,1,173871
1786741447,2,172311
1786741447,3,177173
1786741447,4,176773
1786741447,5,179793
1786741447,6,177753
1786741447,7,172293
1786741449,0,176317
1786741449,1,173871
1786741449,2,172311
1786741449,3,177173
1786741449,4,176773
1786741449,5,179793
1786741449,6,177753
1786741449,7,172293
1786741452,0,176317
1786741452,1,173871
1786741452,2,172311
1786741452,3,177173
1786741452,4,176773
1786741452,5,179793
1786741452,6,177753
1786741452,7,172293
1786741454,0,176317
1786741454,1,173871
1786741454,2,172311
1786741454,3,177173
1786741454,4,176773
1786741454,5,179793
1786741454,6,177753
1786741454,7,172293
1786741456,0,176317
1786741456,1,173871
1786741456,2,172311
1786741456,3,177173
1786741456,4,176773
1786741456,5,179793
1786741456,6,177753
1786741456,7,172293
1786741458,0,176317
1786741458,1,173871
1786741458,2,172311
1786741458,3,177173
1786741458,4,176773
1786741458,5,179793
1786741458,6,177753
1786741458,7,172293
1786741460,0,176317
1786741460,1,173871
1786741460,2,172311
1786741460,3,177173
1786741460,4,176773
1786741460,5,179793
1786741460,6,177753
1786741460,7,172293
1786741463,0,176317
1786741463,1,173871
1786741463,2,172311
1786741463,3,177173
1786741463,4,176773
1786741463,5,179793
1786741463,6,177753
1786741463,7,172293
1786741465,0,176317
1786741465,1,173871
1786741465,2,172311
1786741465,3,177173
1786741465,4,176773
1786741465,5,179793
1786741465,6,177753
1786741465,7,172293
1786741468,0,176317
1786741468,1,173871
1786741468,2,172311
1786741468,3,177173
1786741468,4,176773
1786741468,5,179793
1786741468,6,177753
1786741468,7,172293
1786741470,0,176317
1786741470,1,173871
1786741470,2,172311
1786741470,3,177173
1786741470,4,176773
1786741470,5,179793
1786741470,6,177753
1786741470,7,172293
1786741472,0,176317
1786741472,1,173871
1786741472,2,172311
1786741472,3,177173
1786741472,4,176773
1786741472,5,179793
1786741472,6,177753
1786741472,7,172293
1786741474,0,176317
1786741474,1,173871
1786741474,2,172311
1786741474,3,177173
1786741474,4,176773
1786741474,5,179793
1786741474,6,177753
1786741474,7,172293
1786741477,0,176317
1786741477,1,173871
1786741477,2,172311
1786741477,3,177173
1786741477,4,176773
1786741477,5,179793
1786741477,6,177753
1786741477,7,172293
1786741480,0,176317
1786741480,1,173871
1786741480,2,172311
1786741480,3,177173
1786741480,4,176773
1786741480,5,179793
1786741480,6,177753
1786741480,7,172293
1786741483,0,176317
1786741483,1,173871
1786741483,2,172311
1786741483,3,177173
1786741483,4,176773
1786741483,5,179793
1786741483,6,177753
1786741483,7,172293
1786741486,0,176317
1786741486,1,173871
1786741486,2,172311
1786741486,3,177173
1786741486,4,176773
1786741486,5,179793
1786741486,6,177753
1786741486,7,172293
1786741488,0,176317
1786741488,1,173871
1786741488,2,172311
1786741488,3,177173
1786741488,4,176773
1786741488,5,179793
1786741488,6,177753
1786741488,7,172293
1786741493,0,176317
1786741493,1,173871
1786741493,2,172311
1786741493,3,177173
1786741493,4,176773
1786741493,5,179793
1786741493,6,177753
1786741493,7,172293
1786741495,0,176317
1786741495,1,173871
1786741495,2,172311
1786741495,3,177173
1786741495,4,176773
1786741495,5,179793
1786741495,6,177753
1786741495,7,172293
1786741497,0,176317
1786741497,1,173871
1786741497,2,172311
1786741497,3,177173
1786741497,4,176773
1786741497,5,179793
1786741497,6,177753
1786741497,7,172293
1786741500,0,176317
1786741500,1,173871
1786741500,2,172311
1786741500,3,177173
1786741500,4,176773
1786741500,5,179793
1786741500,6,177753
1786741500,7,172293
1786741502,0,176317
1786741502,1,173871
1786741502,2,172311
1786741502,3,177173
1786741502,4,176773
1786741502,5,179793
1786741502,6,177753
1786741502,7,172293
1786741505,0,176317
1786741505,1,173871
1786741505,2,172311
1786741505,3,177173
1786741505,4,176773
1786741505,5,179793
1786741505,6,177753
1786741505,7,172293
1786741507,0,176317
1786741507,1,173871
1786741507,2,172311
1786741507,3,177173
1786741507,4,176773
1786741507,5,179793
1786741507,6,177753
1786741507,7,172293
1786741509,0,176317
1786741509,1,173871
1786741509,2,172311
1786741509,3,177173
1786741509,4,176773
1786741509,5,179793
1786741509,6,177753
1786741509,7,172293
1786741511,0,176317
1786741511,1,173871
1786741511,2,172311
1786741511,3,177173
1786741511,4,176773
1786741511,5,179793
1786741511,6,177753
1786741511,7,172293
1786741513,0,176317
1786741513,1,173871
1786741513,2,172311
1786741513,3,177173
1786741513,4,176773
1786741513,5,179793
1786741513,6,177753
1786741513,7,172293
1786741516,0,176317
1786741516,1,173871
1786741516,2,172311
1786741516,3,177173
1786741516,4,176773
1786741516,5,179793
1786741516,6,177753
1786741516,7,172293
1786741518,0,176317
1786741518,1,173871
1786741518,2,172311
1786741518,3,177173
1786741518,4,176773
1786741518,5,179793
1786741518,6,177753
1786741518,7,172293
1786741520,0,176317
1786741520,1,173871
1786741520,2,172311
1786741520,3,177173
1786741520,4,176773
1786741520,5,179793
1786741520,6,177753
1786741520,7,172293
1786741522,0,176317
1786741522,1,173871
1786741522,2,172311
1786741522,3,177173
1786741522,4,176773
1786741522,5,179793
1786741522,6,177753
1786741522,7,172293
1786741524,0,176317
1786741524,1,173871
1786741524,2,172311
1786741524,3,177173
1786741524,4,176773
1786741524,5,179793
1786741524,6,177753
1786741524,7,172293
1786741527,0,176317
1786741527,1,173871
1786741527,2,172311
1786741527,3,177173
1786741527,4,176773
1786741527,5,179793
1786741527,6,177753
1786741527,7,172293
1786741529,0,176317
1786741529,1,173871
1786741529,2,172311
1786741529,3,177173
1786741529,4,176773
1786741529,5,179793
1786741529,6,177753
1786741529,7,172293
1786741531,0,176317
1786741531,1,173871
1786741531,2,172311
1786741531,3,177173
1786741531,4,176773
1786741531,5,179793
1786741531,6,177753
1786741531,7,172293
1786741533,0,176317
1786741533,1,173871
1786741533,2,172311
1786741533,3,177173
1786741533,4,176773
1786741533,5,179793
1786741533,6,177753
1786741533,7,172293
1786741535,0,176317
1786741535,1,173871
1786741535,2,172311
1786741535,3,177173
1786741535,4,176773
1786741535,5,179793
1786741535,6,177753
1786741535,7,172293
1786741537,0,176317
1786741537,1,173871
1786741537,2,172311
1786741537,3,177173
1786741537,4,176773
1786741537,5,179793
1786741537,6,177753
1786741537,7,172293
1786741540,0,176317
1786741540,1,173871
1786741540,2,172311
1786741540,3,177173
1786741540,4,176773
1786741540,5,179793
1786741540,6,177753
1786741540,7,172293
1786741542,0,176317
1786741542,1,173871
1786741542,2,172311
1786741542,3,177173
1786741542,4,176773
1786741542,5,179793
1786741542,6,177753
1786741542,7,172293
1786741544,0,176317
1786741544,1,173871
1786741544,2,172311
1786741544,3,177173
1786741544,4,176773
1786741544,5,179793
1786741544,6,177753
1786741544,7,172293
1786741547,0,176317
1786741547,1,173871
1786741547,2,172311
1786741547,3,177173
1786741547,4,176773
1786741547,5,179793
1786741547,6,177753
1786741547,7,172293
1786741549,0,176317
1786741549,1,173871
1786741549,2,172311
1786741549,3,177173
1786741549,4,176773
1786741549,5,179793
1786741549,6,177753
1786741549,7,172293
1786741551,0,176317
1786741551,1,173871
1786741551,2,172311
1786741551,3,177173
1786741551,4,176773
1786741551,5,179793
1786741551,6,177753
1786741551,7,172293
1786741554,0,176317
1786741554,1,173871
1786741554,2,172311
1786741554,3,177173
1786741554,4,176773
1786741554,5,179793
1786741554,6,177753
1786741554,7,172293
1786741556,0,176317
1786741556,1,173871
1786741556,2,172311
1786741556,3,177173
1786741556,4,176773
1786741556,5,179793
1786741556,6,177753
1786741556,7,172293
1786741558,0,176317
1786741558,1,173871
1786741558,2,172311
1786741558,3,177173
1786741558,4,176773
1786741558,5,179793
1786741558,6,177753
1786741558,7,172293
1786741561,0,176317
1786741561,1,173871
1786741561,2,172311
1786741561,3,177173
1786741561,4,176773
1786741561,5,179793
1786741561,6,177753
1786741561,7,172293
1786741563,0,176317
1786741563,1,173871
1786741563,2,172311
1786741563,3,177173
1786741563,4,176773
1786741563,5,179793
1786741563,6,177753
1786741563,7,172293
1786741566,0,176317
1786741566,1,173871
1786741566,2,172311
1786741566,3,177173
1786741566,4,176773
1786741566,5,179793
1786741566,6,177753
1786741566,7,172293
1786741568,0,176317
1786741568,1,173871
1786741568,2,172311
1786741568,3,177173
1786741568,4,176773
1786741568,5,179793
1786741568,6,177753
1786741568,7,172293
1786741571,0,176317
1786741571,1,173871
1786741571,2,172311
1786741571,3,177173
1786741571,4,176773
1786741571,5,179793
1786741571,6,177753
1786741571,7,172293
1786741573,0,176317
1786741573,1,173871
1786741573,2,172311
1786741573,3,177173
1786741573,4,176773
1786741573,5,179793
1786741573,6,177753
1786741573,7,172293
1786741575,0,176317
1786741575,1,173871
1786741575,2,172311
1786741575,3,177173
1786741575,4,176773
1786741575,5,179793
1786741575,6,177753
1786741575,7,172293
1786741577,0,176317
1786741577,1,173871
1786741577,2,172311
1786741577,3,177173
1786741577,4,176773
1786741577,5,179793
1786741577,6,177753
1786741577,7,172293
1786741579,0,176317
1786741579,1,173871
1786741579,2,172311
1786741579,3,177173
1786741579,4,176773
1786741579,5,179793
1786741579,6,177753
1786741579,7,172293
1786741582,0,176317
1786741582,1,173871
1786741582,2,172311
1786741582,3,177173
1786741582,4,176773
1786741582,5,179793
1786741582,6,177753
1786741582,7,172293
1786741584,0,176317
1786741584,1,173871
1786741584,2,172311
1786741584,3,177173
1786741584,4,176773
1786741584,5,179793
1786741584,6,177753
1786741584,7,172293
1786741587,0,176317
1786741587,1,173871
1786741587,2,172311
1786741587,3,177173
1786741587,4,176773
1786741587,5,179793
1786741587,6,177753
1786741587,7,172293
1786741589,0,176317
1786741589,1,173871
1786741589,2,172311
1786741589,3,177173
1786741589,4,176773
1786741589,5,179793
1786741589,6,177753
1786741589,7,172293
1786741591,0,176317
1786741591,1,173871
1786741591,2,172311
1786741591,3,177173
1786741591,4,176773
1786741591,5,179793
1786741591,6,177753
1786741591,7,172293
1786741593,0,176317
1786741593,1,173871
1786741593,2,172311
1786741593,3,177173
1786741593,4,176773
1786741593,5,179793
1786741593,6,177753
1786741593,7,172293
1786741596,0,176317
1786741596,1,173871
1786741596,2,172311
1786741596,3,177173
1786741596,4,176773
1786741596,5,179793
1786741596,6,177753
1786741596,7,172293
1786741598,0,176317
1786741598,1,173871
1786741598,2,172311
1786741598,3,177173
1786741598,4,176773
1786741598,5,179793
1786741598,6,177753
1786741598,7,172293
1786741602,0,176317
1786741602,1,173871
1786741602,2,172311
1786741602,3,177173
1786741602,4,176773
1786741602,5,179793
1786741602,6,177753
1786741602,7,172293
1786741604,0,176317
1786741604,1,173871
1786741604,2,172311
1786741604,3,177173
1786741604,4,176773
1786741604,5,179793
1786741604,6,177753
1786741604,7,172293
1786741606,0,176317
1786741606,1,173871
1786741606,2,172311
1786741606,3,177173
1786741606,4,176773
1786741606,5,179793
1786741606,6,177753
1786741606,7,172293
1786741608,0,176317
1786741608,1,173871
1786741608,2,172311
1786741608,3,177173
1786741608,4,176773
1786741608,5,179793
1786741608,6,177753
1786741608,7,172293
1786741610,0,176317
1786741610,1,173871
1786741610,2,172311
1786741610,3,177173
1786741610,4,176773
1786741610,5,179793
1786741610,6,177753
1786741610,7,172293
1786741613,0,176317
1786741613,1,173871
1786741613,2,172311
1786741613,3,177173
1786741613,4,176773
1786741613,5,179793
1786741613,6,177753
1786741613,7,172293
1786741615,0,176317
1786741615,1,173871
1786741615,2,172311
1786741615,3,177173
1786741615,4,176773
1786741615,5,179793
1786741615,6,177753
1786741615,7,172293
1786741617,0,176317
1786741617,1,173871
1786741617,2,172311
1786741617,3,177173
1786741617,4,176773
1786741617,5,179793
1786741617,6,177753
1786741617,7,172293
1786741619,0,176317
1786741619,1,173871
1786741619,2,172311
1786741619,3,177173
1786741619,4,176773
1786741619,5,179793
1786741619,6,177753
1786741619,7,172293
1786741621,0,176317
1786741621,1,173871
1786741621,2,172311
1786741621,3,177173
1786741621,4,176773
1786741621,5,179793
1786741621,6,177753
1786741621,7,172293
1786741623,0,176317
1786741623,1,173871
1786741623,2,172311
1786741623,3,177173
1786741623,4,176773
1786741623,5,179793
1786741623,6,177753
1786741623,7,172293
1786741626,0,176317
1786741626,1,173871
1786741626,2,172311
1786741626,3,177173
1786741626,4,176773
1786741626,5,179793
1786741626,6,177753
1786741626,7,172293
1786741628,0,176317
1786741628,1,173871
1786741628,2,172311
1786741628,3,177173
1786741628,4,176773
1786741628,5,179793
1786741628,6,177753
1786741628,7,172293
1786741631,0,176317
1786741631,1,173871
1786741631,2,172311
1786741631,3,177173
1786741631,4,176773
1786741631,5,179793
1786741631,6,177753
1786741631,7,172293
1786741633,0,176317
1786741633,1,173871
1786741633,2,172311
1786741633,3,177173
1786741633,4,176773
1786741633,5,179793
1786741633,6,177753
1786741633,7,172293
1786741635,0,176317
1786741635,1,173871
1786741635,2,172311
1786741635,3,177173
1786741635,4,176773
1786741635,5,179793
1786741635,6,177753
1786741635,7,172293
1786741638,0,176317
1786741638,1,173871
1786741638,2,172311
1786741638,3,177173
1786741638,4,176773
1786741638,5,179793
1786741638,6,177753
1786741638,7,172293
1786741641,0,176317
1786741641,1,173871
1786741641,2,172311
1786741641,3,177173
1786741641,4,176773
1786741641,5,179793
1786741641,6,177753
1786741641,7,172293
1786741643,0,176317
1786741643,1,173871
1786741643,2,172311
1786741643,3,177173
1786741643,4,176773
1786741643,5,179793
1786741643,6,177753
1786741643,7,172293
1786741647,0,176317
1786741647,1,173871
1786741647,2,172311
1786741647,3,177173
1786741647,4,176773
1786741647,5,179793
1786741647,6,177753
1786741647,7,172293
1786741649,0,176317
1786741649,1,173871
1786741649,2,172311
1786741649,3,177173
1786741649,4,176773
1786741649,5,179793
1786741649,6,177753
1786741649,7,172293
1786741651,0,176317
1786741651,1,173871
1786741651,2,172311
1786741651,3,177173
1786741651,4,176773
1786741651,5,179793
1786741651,6,177753
1786741651,7,172293
1786741654,0,176317
1786741654,1,173871
1786741654,2,172311
1786741654,3,177173
1786741654,4,176773
1786741654,5,179793
1786741654,6,177753
1786741654,7,172293
1786741656,0,176317
1786741656,1,173871
1786741656,2,172311
1786741656,3,177173
1786741656,4,176773
1786741656,5,179793
1786741656,6,177753
1786741656,7,172293
1786741658,0,176317
1786741658,1,173871
1786741658,2,172311
1786741658,3,177173
1786741658,4,176773
1786741658,5,179793
1786741658,6,177753
1786741658,7,172293
1786741661,0,176317
1786741661,1,173871
1786741661,2,172311
1786741661,3,177173
1786741661,4,176773
1786741661,5,179793
1786741661,6,177753
1786741661,7,172293
1786741663,0,176317
1786741663,1,173871
1786741663,2,172311
1786741663,3,177173
1786741663,4,176773
1786741663,5,179793
1786741663,6,177753
1786741663,7,172293
1786741665,0,176317
1786741665,1,173871
1786741665,2,172311
1786741665,3,177173
1786741665,4,176773
1786741665,5,179793
1786741665,6,177753
1786741665,7,172293
1786741667,0,176317
1786741667,1,173871
1786741667,2,172311
1786741667,3,177173
1786741667,4,176773
1786741667,5,179793
1786741667,6,177753
1786741667,7,172293
1786741670,0,176317
1786741670,1,173871
1786741670,2,172311
1786741670,3,177173
1786741670,4,176773
1786741670,5,179793
1786741670,6,177753
1786741670,7,172293
1786741672,0,176317
1786741672,1,173871
1786741672,2,172311
1786741672,3,177173
1786741672,4,176773
1786741672,5,179793
1786741672,6,177753
1786741672,7,172293
1786741674,0,176317
1786741674,1,173871
1786741674,2,172311
1786741674,3,177173
1786741674,4,176773
1786741674,5,179793
1786741674,6,177753
1786741674,7,172293
1786741677,0,176317
1786741677,1,173871
1786741677,2,172311
1786741677,3,177173
1786741677,4,176773
1786741677,5,179793
1786741677,6,177753
1786741677,7,172293
1786741679,0,176317
1786741679,1,173871
1786741679,2,172311
1786741679,3,177173
1786741679,4,176773
1786741679,5,179793
1786741679,6,177753
1786741679,7,172293
1786741681,0,176317
1786741681,1,173871
1786741681,2,172311
1786741681,3,177173
1786741681,4,176773
1786741681,5,179793
1786741681,6,177753
1786741681,7,172293
1786741683,0,176317
1786741683,1,173871
1786741683,2,172311
1786741683,3,177173
1786741683,4,176773
1786741683,5,179793
1786741683,6,177753
1786741683,7,172293
1786741685,0,176317
1786741685,1,173871
1786741685,2,172311
1786741685,3,177173
1786741685,4,176773
1786741685,5,179793
1786741685,6,177753
1786741685,7,172293
1786741688,0,176317
1786741688,1,173871
1786741688,2,172311
1786741688,3,177173
1786741688,4,176773
1786741688,5,179793
1786741688,6,177753
1786741688,7,172293
1786741690,0,176317
1786741690,1,173871
1786741690,2,172311
1786741690,3,177173
1786741690,4,176773
1786741690,5,179793
1786741690,6,177753
1786741690,7,172293
1786741693,0,176317
1786741693,1,173871
1786741693,2,172311
1786741693,3,177173
1786741693,4,176773
1786741693,5,179793
1786741693,6,177753
1786741693,7,172293
1786741695,0,176317
1786741695,1,173871
1786741695,2,172311
1786741695,3,177173
1786741695,4,176773
1786741695,5,179793
1786741695,6,177753
1786741695,7,172293
1786741697,0,176317
1786741697,1,173871
1786741697,2,172311
1786741697,3,177173
1786741697,4,176773
1786741697,5,179793
1786741697,6,177753
1786741697,7,172293
1786741699,0,176317
1786741699,1,173871
1786741699,2,172311
1786741699,3,177173
1786741699,4,176773
1786741699,5,179793
1786741699,6,177753
1786741699,7,172293
1786741701,0,176317
1786741701,1,173871
1786741701,2,172311
1786741701,3,177173
1786741701,4,176773
1786741701,5,179793
1786741701,6,177753
1786741701,7,172293
1786741704,0,176317
1786741704,1,173871
1786741704,2,172311
1786741704,3,177173
1786741704,4,176773
1786741704,5,179793
1786741704,6,177753
1786741704,7,172293
1786741707,0,176317
1786741707,1,173871
1786741707,2,172311
1786741707,3,177173
1786741707,4,176773
1786741707,5,179793
1786741707,6,177753
1786741707,7,172293
1786741709,0,176317
1786741709,1,173871
1786741709,2,172311
1786741709,3,177173
1786741709,4,176773
1786741709,5,179793
1786741709,6,177753
1786741709,7,172293
1786741711,0,176317
1786741711,1,173871
1786741711,2,172311
1786741711,3,177173
1786741711,4,176773
1786741711,5,179793
1786741711,6,177753
1786741711,7,172293
1786741713,0,176317
1786741713,1,173871
1786741713,2,172311
1786741713,3,177173
1786741713,4,176773
1786741713,5,179793
1786741713,6,177753
1786741713,7,172293
1786741716,0,176317
1786741716,1,173871
1786741716,2,172311
1786741716,3,177173
1786741716,4,176773
1786741716,5,179793
1786741716,6,177753
1786741716,7,172293
1786741719,0,176317
1786741719,1,173871
1786741719,2,172311
1786741719,3,177173
1786741719,4,176773
1786741719,5,179793
1786741719,6,177753
1786741719,7,172293
1786741721,0,176317
1786741721,1,173871
1786741721,2,172311
1786741721,3,177173
1786741721,4,176773
1786741721,5,179793
1786741721,6,177753
1786741721,7,172293
1786741723,0,176317
1786741723,1,173871
1786741723,2,172311
1786741723,3,177173
1786741723,4,176773
1786741723,5,179793
1786741723,6,177753
1786741723,7,172293
1786741726,0,176317
1786741726,1,173871
1786741726,2,172311
1786741726,3,177173
1786741726,4,176773
1786741726,5,179793
1786741726,6,177753
1786741726,7,172293
1786741728,0,176317
1786741728,1,173871
1786741728,2,172311
1786741728,3,177173
1786741728,4,176773
1786741728,5,179793
1786741728,6,177753
1786741728,7,172293
1786741730,0,176317
1786741730,1,173871
1786741730,2,172311
1786741730,3,177173
1786741730,4,176773
1786741730,5,179793
1786741730,6,177753
1786741730,7,172293
1786741732,0,176317
1786741732,1,173871
1786741732,2,172311
1786741732,3,177173
1786741732,4,176773
1786741732,5,179793
1786741732,6,177753
1786741732,7,172293
1786741735,0,176317
1786741735,1,173871
1786741735,2,172311
1786741735,3,177173
1786741735,4,176773
1786741735,5,179793
1786741735,6,177753
1786741735,7,172293
1786741737,0,176317
1786741737,1,173871
1786741737,2,172311
1786741737,3,177173
1786741737,4,176773
1786741737,5,179793
1786741737,6,177753
1786741737,7,172293
1786741739,0,176317
1786741739,1,173871
1786741739,2,172311
1786741739,3,177173
1786741739,4,176773
1786741739,5,179793
1786741739,6,177753
1786741739,7,172293
1786741741,0,176317
1786741741,1,173871
1786741741,2,172311
1786741741,3,177173
1786741741,4,176773
1786741741,5,179793
1786741741,6,177753
1786741741,7,172293
1786741743,0,176317
1786741743,1,173871
1786741743,2,172311
1786741743,3,177173
1786741743,4,176773
1786741743,5,179793
1786741743,6,177753
1786741743,7,172293
1786741746,0,176317
1786741746,1,173871
1786741746,2,172311
1786741746,3,177173
1786741746,4,176773
1786741746,5,179793
1786741746,6,177753
1786741746,7,172293
1786741749,0,176317
1786741749,1,173871
1786741749,2,172311
1786741749,3,177173
1786741749,4,176773
1786741749,5,179793
1786741749,6,177753
1786741749,7,172293
1786741751,0,176317
1786741751,1,173871
1786741751,2,172311
1786741751,3,177173
1786741751,4,176773
1786741751,5,179793
1786741751,6,177753
1786741751,7,172293
1786741753,0,176317
1786741753,1,173871
1786741753,2,172311
1786741753,3,177173
1786741753,4,176773
1786741753,5,179793
1786741753,6,177753
1786741753,7,172293
1786741755,0,176317
1786741755,1,173871
1786741755,2,172311
1786741755,3,177173
1786741755,4,176773
1786741755,5,179793
1786741755,6,177753
1786741755,7,172293
1786741757,0,176317
1786741757,1,173871
1786741757,2,172311
1786741757,3,177173
1786741757,4,176773
1786741757,5,179793
1786741757,6,177753
1786741757,7,172293
1786741760,0,176317
1786741760,1,173871
1786741760,2,172311
1786741760,3,177173
1786741760,4,176773
1786741760,5,179793
1786741760,6,177753
1786741760,7,172293
1786741762,0,176317
1786741762,1,173871
1786741762,2,172311
1786741762,3,177173
1786741762,4,176773
1786741762,5,179793
1786741762,6,177753
1786741762,7,172293
1786741764,0,176317
1786741764,1,173871
1786741764,2,172311
1786741764,3,177173
1786741764,4,176773
1786741764,5,179793
1786741764,6,177753
1786741764,7,172293
1786741766,0,176317
1786741766,1,173871
1786741766,2,172311
1786741766,3,177173
1786741766,4,176773
1786741766,5,179793
1786741766,6,177753
1786741766,7,172293
1786741769,0,176317
1786741769,1,173871
1786741769,2,172311
1786741769,3,177173
1786741769,4,176773
1786741769,5,179793
1786741769,6,177753
1786741769,7,172293
1786741771,0,176317
1786741771,1,173871
1786741771,2,172311
1786741771,3,177173
1786741771,4,176773
1786741771,5,179793
1786741771,6,177753
1786741771,7,172293
1786741773,0,176317
1786741773,1,173871
1786741773,2,172311
1786741773,3,177173
1786741773,4,176773
1786741773,5,179793
1786741773,6,177753
1786741773,7,172293
1786741775,0,176317
1786741775,1,173871
1786741775,2,172311
1786741775,3,177173
1786741775,4,176773
1786741775,5,179793
1786741775,6,177753
1786741775,7,172293
1786741777,0,176317
1786741777,1,173871
1786741777,2,172311
1786741777,3,177173
1786741777,4,176773
1786741777,5,179793
1786741777,6,177753
1786741777,7,172293
1786741780,0,176317
1786741780,1,173871
1786741780,2,172311
1786741780,3,177173
1786741780,4,176773
1786741780,5,179793
1786741780,6,177753
1786741780,7,172293
1786741783,0,176317
1786741783,1,173871
1786741783,2,172311
1786741783,3,177173
1786741783,4,176773
1786741783,5,179793
1786741783,6,177753
1786741783,7,172293
1786741785,0,176317
1786741785,1,173871
1786741785,2,172311
1786741785,3,177173
1786741785,4,176773
1786741785,5,179793
1786741785,6,177753
1786741785,7,172293
1786741788,0,176317
1786741788,1,173871
1786741788,2,172311
1786741788,3,177173
1786741788,4,176773
1786741788,5,179793
1786741788,6,177753
1786741788,7,172293
1786741790,0,176317
1786741790,1,173871
1786741790,2,172311
1786741790,3,177173
1786741790,4,176773
1786741790,5,179793
1786741790,6,177753
1786741790,7,172293
1786741792,0,176317
1786741792,1,173871
1786741792,2,172311
1786741792,3,177173
1786741792,4,176773
1786741792,5,179793
1786741792,6,177753
1786741792,7,172293
1786741794,0,176317
1786741794,1,173871
1786741794,2,172311
1786741794,3,177173
1786741794,4,176773
1786741794,5,179793
1786741794,6,177753
1786741794,7,172293
1786741797,0,176317
1786741797,1,173871
1786741797,2,172311
1786741797,3,177173
1786741797,4,176773
1786741797,5,179793
1786741797,6,177753
1786741797,7,172293
1786741799,0,176317
1786741799,1,173871
1786741799,2,172311
1786741799,3,177173
1786741799,4,176773
1786741799,5,179793
1786741799,6,177753
1786741799,7,172293
1786741802,0,176317
1786741802,1,173871
1786741802,2,172311
1786741802,3,177173
1786741802,4,176773
1786741802,5,179793
1786741802,6,177753
1786741802,7,172293
1786741804,0,176317
1786741804,1,173871
1786741804,2,172311
1786741804,3,177173
1786741804,4,176773
1786741804,5,179793
1786741804,6,177753
1786741804,7,172293
1786741807,0,176317
1786741807,1,173871
1786741807,2,172311
1786741807,3,177173
1786741807,4,176773
1786741807,5,179793
1786741807,6,177753
1786741807,7,172293
1786741809,0,176317
1786741809,1,173871
1786741809,2,172311
1786741809,3,177173
1786741809,4,176773
1786741809,5,179793
1786741809,6,177753
1786741809,7,172293
1786741812,0,176317
1786741812,1,173871
1786741812,2,172311
1786741812,3,177173
1786741812,4,176773
1786741812,5,179793
1786741812,6,177753
1786741812,7,172293
1786741814,0,176317
1786741814,1,173871
1786741814,2,172311
1786741814,3,177173
1786741814,4,176773
1786741814,5,179793
1786741814,6,177753
1786741814,7,172293
1786741817,0,176317
1786741817,1,173871
1786741817,2,172311
1786741817,3,177173
1786741817,4,176773
1786741817,5,179793
1786741817,6,177753
1786741817,7,172293
1786741819,0,176317
1786741819,1,173871
1786741819,2,172311
1786741819,3,177173
1786741819,4,176773
1786741819,5,179793
1786741819,6,177753
1786741819,7,172293
1786741821,0,176317
1786741821,1,173871
1786741821,2,172311
1786741821,3,177173
1786741821,4,176773
1786741821,5,179793
1786741821,6,177753
1786741821,7,172293
1786741824,0,176317
1786741824,1,173871
1786741824,2,172311
1786741824,3,177173
1786741824,4,176773
1786741824,5,179793
1786741824,6,177753
1786741824,7,172293
1786741827,0,176317
1786741827,1,173871
1786741827,2,172311
1786741827,3,177173
1786741827,4,176773
1786741827,5,179793
1786741827,6,177753
1786741827,7,172293
1786741829,0,176317
1786741829,1,173871
1786741829,2,172311
1786741829,3,177173
1786741829,4,176773
1786741829,5,179793
1786741829,6,177753
1786741829,7,172293
1786741832,0,176317
1786741832,1,173871
1786741832,2,172311
1786741832,3,177173
1786741832,4,176773
1786741832,5,179793
1786741832,6,177753
1786741832,7,172293
1786741835,0,176317
1786741835,1,173871
1786741835,2,172311
1786741835,3,177173
1786741835,4,176773
1786741835,5,179793
1786741835,6,177753
1786741835,7,172293
1786741837,0,176317
1786741837,1,173871
1786741837,2,172311
1786741837,3,177173
1786741837,4,176773
1786741837,5,179793
1786741837,6,177753
1786741837,7,172293
1786741839,0,176317
1786741839,1,173871
1786741839,2,172311
1786741839,3,177173
1786741839,4,176773
1786741839,5,179793
1786741839,6,177753
1786741839,7,172293
1786741842,0,176317
1786741842,1,173871
1786741842,2,172311
1786741842,3,177173
1786741842,4,176773
1786741842,5,179793
1786741842,6,177753
1786741842,7,172293
1786741844,0,176317
1786741844,1,173871
1786741844,2,172311
1786741844,3,177173
1786741844,4,176773
1786741844,5,179793
1786741844,6,177753
1786741844,7,172293
1786741847,0,176317
1786741847,1,173871
1786741847,2,172311
1786741847,3,177173
1786741847,4,176773
1786741847,5,179793
1786741847,6,177753
1786741847,7,172293
1786741849,0,176317
1786741849,1,173871
1786741849,2,172311
1786741849,3,177173
1786741849,4,176773
1786741849,5,179793
1786741849,6,177753
1786741849,7,172293
1786741851,0,176317
1786741851,1,173871
1786741851,2,172311
1786741851,3,177173
1786741851,4,176773
1786741851,5,179793
1786741851,6,177753
1786741851,7,172293
1786741853,0,176317
1786741853,1,173871
1786741853,2,172311
1786741853,3,177173
1786741853,4,176773
1786741853,5,179793
1786741853,6,177753
1786741853,7,172293
1786741857,0,176317
1786741857,1,173871
1786741857,2,172311
1786741857,3,177173
1786741857,4,176773
1786741857,5,179793
1786741857,6,177753
1786741857,7,172293
1786741860,0,176317
1786741860,1,173871
1786741860,2,172311
1786741860,3,177173
1786741860,4,176773
1786741860,5,179793
1786741860,6,177753
1786741860,7,172293
1786741862,0,176317
1786741862,1,173871
1786741862,2,172311
1786741862,3,177173
1786741862,4,176773
1786741862,5,179793
1786741862,6,177753
1786741862,7,172293
1786741864,0,176317
1786741864,1,173871
1786741864,2,172311
1786741864,3,177173
1786741864,4,176773
1786741864,5,179793
1786741864,6,177753
1786741864,7,172293
1786741866,0,176317
1786741866,1,173871
1786741866,2,172311
1786741866,3,177173
1786741866,4,176773
1786741866,5,179793
1786741866,6,177753
1786741866,7,172293
1786741869,0,176317
1786741869,1,173871
1786741869,2,172311
1786741869,3,177173
1786741869,4,176773
1786741869,5,179793
1786741869,6,177753
1786741869,7,172293
1786741872,0,176317
1786741872,1,173871
1786741872,2,172311
1786741872,3,177173
1786741872,4,176773
1786741872,5,179793
1786741872,6,177753
1786741872,7,172293
1786741874,0,176317
1786741874,1,173871
1786741874,2,172311
1786741874,3,177173
1786741874,4,176773
1786741874,5,179793
1786741874,6,177753
1786741874,7,172293
1786741877,0,176317
1786741877,1,173871
1786741877,2,172311
1786741877,3,177173
1786741877,4,176773
1786741877,5,179793
1786741877,6,177753
1786741877,7,172293
1786741881,0,176317
1786741881,1,173871
1786741881,2,172311
1786741881,3,177173
1786741881,4,176773
1786741881,5,179793
1786741881,6,177753
1786741881,7,172293
1786741884,0,176317
1786741884,1,173871
1786741884,2,172311
1786741884,3,177173
1786741884,4,176773
1786741884,5,179793
1786741884,6,177753
1786741884,7,172293
1786741887,0,176317
1786741887,1,173871
1786741887,2,172311
1786741887,3,177173
1786741887,4,176773
1786741887,5,179793
1786741887,6,177753
1786741887,7,172293
1786741890,0,176317
1786741890,1,173871
1786741890,2,172311
1786741890,3,177173
1786741890,4,176773
1786741890,5,179793
1786741890,6,177753
1786741890,7,172293
1786741892,0,176317
1786741892,1,173871
1786741892,2,172311
1786741892,3,177173
1786741892,4,176773
1786741892,5,179793
1786741892,6,177753
1786741892,7,172293
1786741894,0,176317
1786741894,1,173871
1786741894,2,172311
1786741894,3,177173
1786741894,4,176773
1786741894,5,179793
1786741894,6,177753
1786741894,7,172293
1786741897,0,176317
1786741897,1,173871
1786741897,2,172311
1786741897,3,177173
1786741897,4,176773
1786741897,5,179793
1786741897,6,177753
1786741897,7,172293
1786741899,0,176317
1786741899,1,173871
1786741899,2,172311
1786741899,3,177173
1786741899,4,176773
1786741899,5,179793
1786741899,6,177753
1786741899,7,172293
1786741901,0,176317
1786741901,1,173871
1786741901,2,172311
1786741901,3,177173
1786741901,4,176773
1786741901,5,179793
1786741901,6,177753
1786741901,7,172293
1786741903,0,176317
1786741903,1,173871
1786741903,2,172311
1786741903,3,177173
1786741903,4,176773
1786741903,5,179793
1786741903,6,177753
1786741903,7,172293
1786741906,0,176317
1786741906,1,173871
1786741906,2,172311
1786741906,3,177173
1786741906,4,176773
1786741906,5,179793
1786741906,6,177753
1786741906,7,172293
1786741908,0,176317
1786741908,1,173871
1786741908,2,172311
1786741908,3,177173
1786741908,4,176773
1786741908,5,179793
1786741908,6,177753
1786741908,7,172293
1786741910,0,176317
1786741910,1,173871
1786741910,2,172311
1786741910,3,177173
1786741910,4,176773
1786741910,5,179793
1786741910,6,177753
1786741910,7,172293
1786741913,0,176317
1786741913,1,173871
1786741913,2,172311
1786741913,3,177173
1786741913,4,176773
1786741913,5,179793
1786741913,6,177753
1786741913,7,172293
1786741916,0,176317
1786741916,1,173871
1786741916,2,172311
1786741916,3,177173
1786741916,4,176773
1786741916,5,179793
1786741916,6,177753
1786741916,7,172293
1786741919,0,176317
1786741919,1,173871
1786741919,2,172311
1786741919,3,177173
1786741919,4,176773
1786741919,5,179793
1786741919,6,177753
1786741919,7,172293
1786741921,0,176317
1786741921,1,173871
1786741921,2,172311
1786741921,3,177173
1786741921,4,176773
1786741921,5,179793
1786741921,6,177753
1786741921,7,172293
1786741924,0,176317
1786741924,1,173871
1786741924,2,172311
1786741924,3,177173
1786741924,4,176773
1786741924,5,179793
1786741924,6,177753
1786741924,7,172293
1786741926,0,176317
1786741926,1,173871
1786741926,2,172311
1786741926,3,177173
1786741926,4,176773
1786741926,5,179793
1786741926,6,177753
1786741926,7,172293
1786741929,0,176317
1786741929,1,173871
1786741929,2,172311
1786741929,3,177173
1786741929,4,176773
1786741929,5,179793
1786741929,6,177753
1786741929,7,172293
1786741932,0,176317
1786741932,1,173871
1786741932,2,172311
1786741932,3,177173
1786741932,4,176773
1786741932,5,179793
1786741932,6,177753
1786741932,7,172293
1786741935,0,176317
1786741935,1,173871
1786741935,2,172311
1786741935,3,177173
1786741935,4,176773
1786741935,5,179793
1786741935,6,177753
1786741935,7,172293
1786741938,0,176317
1786741938,1,173871
1786741938,2,172311
1786741938,3,177173
1786741938,4,176773
1786741938,5,179793
1786741938,6,177753
1786741938,7,172293
1786741940,0,176317
1786741940,1,173871
1786741940,2,172311
1786741940,3,177173
1786741940,4,176773
1786741940,5,179793
1786741940,6,177753
1786741940,7,172293
1786741942,0,176317
1786741942,1,173871
1786741942,2,172311
1786741942,3,177173
1786741942,4,176773
1786741942,5,179793
1786741942,6,177753
1786741942,7,172293
1786741945,0,176317
1786741945,1,173871
1786741945,2,172311
1786741945,3,177173
1786741945,4,176773
1786741945,5,179793
1786741945,6,177753
1786741945,7,172293
1786741947,0,176317
1786741947,1,173871
1786741947,2,172311
1786741947,3,177173
1786741947,4,176773
1786741947,5,179793
1786741947,6,177753
1786741947,7,172293
1786741949,0,176317
1786741949,1,173871
1786741949,2,172311
1786741949,3,177173
1786741949,4,176773
1786741949,5,179793
1786741949,6,177753
1786741949,7,172293
1786741952,0,176317
1786741952,1,173871
1786741952,2,172311
1786741952,3,177173
1786741952,4,176773
1786741952,5,179793
1786741952,6,177753
1786741952,7,172293
1786741954,0,176317
1786741954,1,173871
1786741954,2,172311
1786741954,3,177173
1786741954,4,176773
1786741954,5,179793
1786741954,6,177753
1786741954,7,172293
1786741956,0,176317
1786741956,1,173871
1786741956,2,172311
1786741956,3,177173
1786741956,4,176773
1786741956,5,179793
1786741956,6,177753
1786741956,7,172293
1786741959,0,176317
1786741959,1,173871
1786741959,2,172311
1786741959,3,177173
1786741959,4,176773
1786741959,5,179793
1786741959,6,177753
1786741959,7,172293
1786741962,0,176317
1786741962,1,173871
1786741962,2,172311
1786741962,3,177173
1786741962,4,176913
1786741962,5,179793
1786741962,6,177753
1786741962,7,172293
1786741964,0,176317
1786741964,1,173871
1786741964,2,172311
1786741964,3,177173
1786741964,4,176913
1786741964,5,179793
1786741964,6,177753
1786741964,7,172293
1786741966,0,176317
1786741966,1,173871
1786741966,2,172311
1786741966,3,177173
1786741966,4,176913
1786741966,5,179793
1786741966,6,177753
1786741966,7,172293
1786741968,0,176317
1786741968,1,173871
1786741968,2,172311
1786741968,3,177173
1786741968,4,176913
1786741968,5,179793
1786741968,6,177753
1786741968,7,172293
1786741970,0,176317
1786741970,1,173871
1786741970,2,172311
1786741970,3,177173
1786741970,4,176913
1786741970,5,179793
1786741970,6,177753
1786741970,7,172293
1786741973,0,176317
1786741973,1,173871
1786741973,2,172311
1786741973,3,177173
1786741973,4,176913
1786741973,5,179793
1786741973,6,177753
1786741973,7,172293
1786741975,0,176317
1786741975,1,173871
1786741975,2,172311
1786741975,3,177173
1786741975,4,176913
1786741975,5,179793
1786741975,6,177753
1786741975,7,172293
1786741977,0,176317
1786741977,1,173871
1786741977,2,172311
1786741977,3,177173
1786741977,4,176913
1786741977,5,179793
1786741977,6,177753
1786741977,7,172293
1786741980,0,176317
1786741980,1,173871
1786741980,2,172311
1786741980,3,177173
1786741980,4,176913
1786741980,5,179793
1786741980,6,177753
1786741980,7,172293
1786741982,0,176317
1786741982,1,173871
1786741982,2,172311
1786741982,3,177173
1786741982,4,176913
1786741982,5,179793
1786741982,6,177753
1786741982,7,172293
1786741984,0,176317
1786741984,1,173871
1786741984,2,172311
1786741984,3,177173
1786741984,4,176913
1786741984,5,179793
1786741984,6,177753
1786741984,7,172293
1786741986,0,176317
1786741986,1,173871
1786741986,2,172311
1786741986,3,177173
1786741986,4,176913
1786741986,5,179793
1786741986,6,177753
1786741986,7,172293
1786741989,0,176317
1786741989,1,173871
1786741989,2,172311
1786741989,3,177173
1786741989,4,176913
1786741989,5,179793
1786741989,6,177753
1786741989,7,172293
1786741991,0,176317
1786741991,1,173871
1786741991,2,172311
1786741991,3,177173
1786741991,4,176913
1786741991,5,179793
1786741991,6,177753
1786741991,7,172293
1786741993,0,176317
1786741993,1,173871
1786741993,2,172311
1786741993,3,177173
1786741993,4,176913
1786741993,5,179793
1786741993,6,177753
1786741993,7,172293
1786741995,0,176317
1786741995,1,173871
1786741995,2,172311
1786741995,3,177173
1786741995,4,176913
1786741995,5,179793
1786741995,6,177753
1786741995,7,172293
1786741997,0,176317
1786741997,1,173871
1786741997,2,172311
1786741997,3,177173
1786741997,4,176913
1786741997,5,179793
1786741997,6,177753
1786741997,7,172293
1786742000,0,176317
1786742000,1,173871
1786742000,2,172311
1786742000,3,177173
1786742000,4,176913
1786742000,5,179793
1786742000,6,177753
1786742000,7,172293
1786742002,0,176317
1786742002,1,173871
1786742002,2,172311
1786742002,3,177173
1786742002,4,176913
1786742002,5,179793
1786742002,6,177753
1786742002,7,172293
1786742004,0,176317
1786742004,1,173871
1786742004,2,172311
1786742004,3,177173
1786742004,4,176913
1786742004,5,179793
1786742004,6,177753
1786742004,7,172293
1786742007,0,176317
1786742007,1,173871
1786742007,2,172311
1786742007,3,177173
1786742007,4,176913
1786742007,5,179793
1786742007,6,177753
1786742007,7,172293
1786742009,0,176317
1786742009,1,173871
1786742009,2,172311
1786742009,3,177173
1786742009,4,176913
1786742009,5,179793
1786742009,6,177753
1786742009,7,172293
1786742011,0,176317
1786742011,1,173871
1786742011,2,172311
1786742011,3,177173
1786742011,4,176913
1786742011,5,179793
1786742011,6,177753
1786742011,7,172293
1786742013,0,176317
1786742013,1,173871
1786742013,2,172311
1786742013,3,177173
1786742013,4,176913
1786742013,5,179793
1786742013,6,177753
1786742013,7,172293
1786742015,0,176317
1786742015,1,173871
1786742015,2,172311
1786742015,3,177173
1786742015,4,176913
1786742015,5,179793
1786742015,6,177753
1786742015,7,172293
1786742017,0,176317
1786742017,1,173871
1786742017,2,172311
1786742017,3,177173
1786742017,4,176913
1786742017,5,179793
1786742017,6,177753
1786742017,7,172293
1786742020,0,176317
1786742020,1,173871
1786742020,2,172311
1786742020,3,177173
1786742020,4,176913
1786742020,5,179793
1786742020,6,177753
1786742020,7,172293
1786742022,0,176317
1786742022,1,173871
1786742022,2,172311
1786742022,3,177173
1786742022,4,176913
1786742022,5,179793
1786742022,6,177753
1786742022,7,172293
1786742024,0,176317
1786742024,1,173871
1786742024,2,172311
1786742024,3,177173
1786742024,4,176913
1786742024,5,179793
1786742024,6,177753
1786742024,7,172293
1786742027,0,176317
1786742027,1,173871
1786742027,2,172311
1786742027,3,177173
1786742027,4,176913
1786742027,5,179793
1786742027,6,177753
1786742027,7,172293
1786742029,0,176317
1786742029,1,173871
1786742029,2,172311
1786742029,3,177173
1786742029,4,176913
1786742029,5,179793
1786742029,6,177753
1786742029,7,172293
1786742031,0,176317
1786742031,1,173871
1786742031,2,172311
1786742031,3,177173
1786742031,4,176913
1786742031,5,179793
1786742031,6,177753
1786742031,7,172293
1786742033,0,176317
1786742033,1,173871
1786742033,2,172311
1786742033,3,177173
1786742033,4,176913
1786742033,5,179793
1786742033,6,177753
1786742033,7,172293
1786742036,0,176317
1786742036,1,173871
1786742036,2,172311
1786742036,3,177173
1786742036,4,176913
1786742036,5,179793
1786742036,6,177753
1786742036,7,172293
1786742038,0,176317
1786742038,1,173871
1786742038,2,172311
1786742038,3,177173
1786742038,4,176913
1786742038,5,179793
1786742038,6,177753
1786742038,7,172293
1786742040,0,176317
1786742040,1,173871
1786742040,2,172311
1786742040,3,177173
1786742040,4,176913
1786742040,5,179793
1786742040,6,177753
1786742040,7,172293
1786742042,0,176317
1786742042,1,173871
1786742042,2,172311
1786742042,3,177173
1786742042,4,176913
1786742042,5,179793
1786742042,6,177753
1786742042,7,172293
1786742044,0,176317
1786742044,1,173871
1786742044,2,172311
1786742044,3,177173
1786742044,4,176913
1786742044,5,179793
1786742044,6,177753
1786742044,7,172293
1786742047,0,176317
1786742047,1,173871
1786742047,2,172311
1786742047,3,177173
1786742047,4,176913
1786742047,5,179793
1786742047,6,177753
1786742047,7,172293
1786742049,0,176317
1786742049,1,173871
1786742049,2,172311
1786742049,3,177173
1786742049,4,176913
1786742049,5,179793
1786742049,6,177753
1786742049,7,172293
1786742052,0,176317
1786742052,1,173871
1786742052,2,172311
1786742052,3,177173
1786742052,4,176913
1786742052,5,179793
1786742052,6,177753
1786742052,7,172293
1786742054,0,176317
1786742054,1,173871
1786742054,2,172311
1786742054,3,177173
1786742054,4,176913
1786742054,5,179793
1786742054,6,177753
1786742054,7,172293
1786742056,0,176317
1786742056,1,173871
1786742056,2,172311
1786742056,3,177173
1786742056,4,176913
1786742056,5,179793
1786742056,6,177753
1786742056,7,172293
1786742058,0,176317
1786742058,1,173871
1786742058,2,172311
1786742058,3,177173
1786742058,4,176913
1786742058,5,179793
1786742058,6,177753
1786742058,7,172293
1786742060,0,176317
1786742060,1,173871
1786742060,2,172311
1786742060,3,177173
1786742060,4,176913
1786742060,5,179793
1786742060,6,177753
1786742060,7,172293
1786742063,0,176317
1786742063,1,173871
1786742063,2,172311
1786742063,3,177173
1786742063,4,176913
1786742063,5,179793
1786742063,6,177753
1786742063,7,172293
1786742066,0,176317
1786742066,1,173871
1786742066,2,172311
1786742066,3,177173
1786742066,4,176913
1786742066,5,179793
1786742066,6,177753
1786742066,7,172293
1786742068,0,176317
1786742068,1,173871
1786742068,2,172311
1786742068,3,177173
1786742068,4,176913
1786742068,5,179793
1786742068,6,177753
1786742068,7,172293
1786742071,0,176317
1786742071,1,173871
1786742071,2,172311
1786742071,3,177173
1786742071,4,176913
1786742071,5,179793
1786742071,6,177753
1786742071,7,172293
1786742073,0,176317
1786742073,1,173871
1786742073,2,172311
1786742073,3,177173
1786742073,4,176913
1786742073,5,179793
1786742073,6,177753
1786742073,7,172293
1786742075,0,176317
1786742075,1,173871
1786742075,2,172311
1786742075,3,177173
1786742075,4,176913
1786742075,5,179793
1786742075,6,177753
1786742075,7,172293
1786742077,0,176317
1786742077,1,173871
1786742077,2,172311
1786742077,3,177173
1786742077,4,176913
1786742077,5,179793
1786742077,6,177753
1786742077,7,172293
1786742080,0,176317
1786742080,1,173871
1786742080,2,172311
1786742080,3,177173
1786742080,4,176913
1786742080,5,179793
1786742080,6,177753
1786742080,7,172293
1786742083,0,176317
1786742083,1,173871
1786742083,2,172311
1786742083,3,177173
1786742083,4,176913
1786742083,5,179793
1786742083,6,177753
1786742083,7,172293
1786742086,0,176317
1786742086,1,173871
1786742086,2,172311
1786742086,3,177173
1786742086,4,176913
1786742086,5,179793
1786742086,6,177753
1786742086,7,172293
1786742088,0,176317
1786742088,1,173871
1786742088,2,172311
1786742088,3,177173
1786742088,4,176913
1786742088,5,179793
1786742088,6,177753
1786742088,7,172293
1786742090,0,176317
1786742090,1,173871
1786742090,2,172311
1786742090,3,177173
1786742090,4,176913
1786742090,5,179793
1786742090,6,177753
1786742090,7,172293
1786742093,0,176317
1786742093,1,173871
1786742093,2,172311
1786742093,3,177173
1786742093,4,176913
1786742093,5,179793
1786742093,6,177753
1786742093,7,172293
1786742095,0,176317
1786742095,1,173871
1786742095,2,172311
1786742095,3,177173
1786742095,4,176913
1786742095,5,179793
1786742095,6,177753
1786742095,7,172293
1786742097,0,176317
1786742097,1,173871
1786742097,2,172311
1786742097,3,177173
1786742097,4,176913
1786742097,5,179793
1786742097,6,177753
1786742097,7,172293
1786742100,0,176317
1786742100,1,173871
1786742100,2,172311
1786742100,3,177173
1786742100,4,176913
1786742100,5,179793
1786742100,6,177753
1786742100,7,172293
1786742102,0,176317
1786742102,1,173871
1786742102,2,172311
1786742102,3,177173
1786742102,4,176913
1786742102,5,179793
1786742102,6,177753
1786742102,7,172293
1786742104,0,176317
1786742104,1,173871
1786742104,2,172311
1786742104,3,177173
1786742104,4,176913
1786742104,5,179793
1786742104,6,177753
1786742104,7,172293
1786742106,0,176317
1786742106,1,173871
1786742106,2,172311
1786742106,3,177173
1786742106,4,176913
1786742106,5,179793
1786742106,6,177753
1786742106,7,172293
1786742109,0,176317
1786742109,1,173871
1786742109,2,172311
1786742109,3,177173
1786742109,4,176913
1786742109,5,179793
1786742109,6,177753
1786742109,7,172293
1786742111,0,176317
1786742111,1,173871
1786742111,2,172311
1786742111,3,177173
1786742111,4,176913
1786742111,5,179793
1786742111,6,177753
1786742111,7,172293
1786742113,0,176317
1786742113,1,173871
1786742113,2,172311
1786742113,3,177173
1786742113,4,176913
1786742113,5,179793
1786742113,6,177753
1786742113,7,172293
1786742115,0,176317
1786742115,1,173871
1786742115,2,172311
1786742115,3,177173
1786742115,4,176913
1786742115,5,179793
1786742115,6,177753
1786742115,7,172293
1786742118,0,176317
1786742118,1,173871
1786742118,2,172311
1786742118,3,177173
1786742118,4,176913
1786742118,5,179793
1786742118,6,177753
1786742118,7,172293
1786742120,0,176317
1786742120,1,173871
1786742120,2,172311
1786742120,3,177173
1786742120,4,176913
1786742120,5,179793
1786742120,6,177753
1786742120,7,172293
1786742122,0,176317
1786742122,1,173871
1786742122,2,172311
1786742122,3,177173
1786742122,4,176913
1786742122,5,179793
1786742122,6,177753
1786742122,7,172293
1786742125,0,176317
1786742125,1,173871
1786742125,2,172311
1786742125,3,177173
1786742125,4,176913
1786742125,5,179793
1786742125,6,177753
1786742125,7,172293
1786742127,0,176317
1786742127,1,173871
1786742127,2,172311
1786742127,3,177173
1786742127,4,176913
1786742127,5,179793
1786742127,6,177753
1786742127,7,172293
1786742129,0,176317
1786742129,1,173871
1786742129,2,172311
1786742129,3,177173
1786742129,4,176913
1786742129,5,179793
1786742129,6,177753
1786742129,7,172293
1786742131,0,176317
1786742131,1,173871
1786742131,2,172311
1786742131,3,177173
1786742131,4,176913
1786742131,5,179793
1786742131,6,177753
1786742131,7,172293
1786742133,0,176317
1786742133,1,173871
1786742133,2,172311
1786742133,3,177173
1786742133,4,176913
1786742133,5,179793
1786742133,6,177753
1786742133,7,172293
1786742136,0,176317
1786742136,1,173871
1786742136,2,172311
1786742136,3,177173
1786742136,4,176913
1786742136,5,179793
1786742136,6,177753
1786742136,7,172293
1786742138,0,176317
1786742138,1,173871
1786742138,2,172311
1786742138,3,177173
1786742138,4,176913
1786742138,5,179793
1786742138,6,177753
1786742138,7,172293
1786742140,0,176317
1786742140,1,173871
1786742140,2,172311
1786742140,3,177173
1786742140,4,176913
1786742140,5,179793
1786742140,6,177753
1786742140,7,172293
1786742142,0,176317
1786742142,1,173871
1786742142,2,172311
1786742142,3,177173
1786742142,4,176913
1786742142,5,179793
1786742142,6,177753
1786742142,7,172293
1786742145,0,176317
1786742145,1,173871
1786742145,2,172311
1786742145,3,177173
1786742145,4,176913
1786742145,5,179793
1786742145,6,177753
1786742145,7,172293
1786742147,0,176317
1786742147,1,173871
1786742147,2,172311
1786742147,3,177173
1786742147,4,176913
1786742147,5,179793
1786742147,6,177753
1786742147,7,172293
1786742149,0,176317
1786742149,1,173871
1786742149,2,172311
1786742149,3,177173
1786742149,4,176913
1786742149,5,179793
1786742149,6,177753
1786742149,7,172293
1786742151,0,176317
1786742151,1,173871
1786742151,2,172311
1786742151,3,177173
1786742151,4,176913
1786742151,5,179793
1786742151,6,177753
1786742151,7,172293
1786742154,0,176317
1786742154,1,173871
1786742154,2,172311
1786742154,3,177173
1786742154,4,176913
1786742154,5,179793
1786742154,6,177753
1786742154,7,172293
1786742157,0,176317
1786742157,1,173871
1786742157,2,172311
1786742157,3,177173
1786742157,4,176913
1786742157,5,179793
1786742157,6,177753
1786742157,7,172293
1786742159,0,176317
1786742159,1,173871
1786742159,2,172311
1786742159,3,177173
1786742159,4,176913
1786742159,5,179793
1786742159,6,177753
1786742159,7,172293
1786742161,0,176317
1786742161,1,173871
1786742161,2,172311
1786742161,3,177173
1786742161,4,176913
1786742161,5,179793
1786742161,6,177753
1786742161,7,172293
1786742163,0,176317
1786742163,1,173871
1786742163,2,172311
1786742163,3,177173
1786742163,4,176913
1786742163,5,179793
1786742163,6,177753
1786742163,7,172293
1786742166,0,176317
1786742166,1,173871
1786742166,2,172311
1786742166,3,177173
1786742166,4,176913
1786742166,5,179793
1786742166,6,177753
1786742166,7,172293
1786742168,0,176317
1786742168,1,173871
1786742168,2,172311
1786742168,3,177173
1786742168,4,176913
1786742168,5,179793
1786742168,6,177753
1786742168,7,172293
1786742170,0,176317
1786742170,1,173871
1786742170,2,172311
1786742170,3,177173
1786742170,4,176913
1786742170,5,179793
1786742170,6,177753
1786742170,7,172293
1786742173,0,176317
1786742173,1,173871
1786742173,2,172311
1786742173,3,177173
1786742173,4,176913
1786742173,5,179793
1786742173,6,177753
1786742173,7,172293
1786742175,0,176317
1786742175,1,173871
1786742175,2,172311
1786742175,3,177173
1786742175,4,176913
1786742175,5,179793
1786742175,6,177753
1786742175,7,172293
1786742177,0,176317
1786742177,1,173871
1786742177,2,172311
1786742177,3,177173
1786742177,4,176913
1786742177,5,179793
1786742177,6,177753
1786742177,7,172293
1786742179,0,176317
1786742179,1,173871
1786742179,2,172311
1786742179,3,177173
1786742179,4,176913
1786742179,5,179793
1786742179,6,177753
1786742179,7,172293
1786742182,0,176317
1786742182,1,173871
1786742182,2,172311
1786742182,3,177173
1786742182,4,176913
1786742182,5,179793
1786742182,6,177753
1786742182,7,172293
1786742184,0,176317
1786742184,1,173871
1786742184,2,172311
1786742184,3,177173
1786742184,4,176913
1786742184,5,179793
1786742184,6,177753
1786742184,7,172293
1786742186,0,176317
1786742186,1,173871
1786742186,2,172311
1786742186,3,177173
1786742186,4,176913
1786742186,5,179793
1786742186,6,177753
1786742186,7,172293
1786742189,0,176317
1786742189,1,173871
1786742189,2,172311
1786742189,3,177173
1786742189,4,176913
1786742189,5,179793
1786742189,6,177753
1786742189,7,172293
1786742191,0,176317
1786742191,1,173871
1786742191,2,172311
1786742191,3,177173
1786742191,4,176913
1786742191,5,179793
1786742191,6,177753
1786742191,7,172293
1786742193,0,176317
1786742193,1,173871
1786742193,2,172311
1786742193,3,177173
1786742193,4,176913
1786742193,5,179793
1786742193,6,177753
1786742193,7,172293
1786742195,0,176317
1786742195,1,173871
1786742195,2,172311
1786742195,3,177173
1786742195,4,176913
1786742195,5,179793
1786742195,6,177753
1786742195,7,172293
1786742198,0,176317
1786742198,1,173871
1786742198,2,172311
1786742198,3,177173
1786742198,4,176913
1786742198,5,179853
1786742198,6,177753
1786742198,7,172293
1786742200,0,176317
1786742200,1,173871
1786742200,2,172311
1786742200,3,177173
1786742200,4,177093
1786742200,5,179853
1786742200,6,177753
1786742200,7,172293
1786742203,0,176317
1786742203,1,173871
1786742203,2,172311
1786742203,3,177173
1786742203,4,177093
1786742203,5,179853
1786742203,6,177753
1786742203,7,172293
1786742205,0,176317
1786742205,1,173871
1786742205,2,172311
1786742205,3,177173
1786742205,4,177093
1786742205,5,179853
1786742205,6,177753
1786742205,7,172293
1786742207,0,176317
1786742207,1,173871
1786742207,2,172311
1786742207,3,177173
1786742207,4,177093
1786742207,5,179853
1786742207,6,177753
1786742207,7,172293
1786742209,0,176317
1786742209,1,173871
1786742209,2,172311
1786742209,3,177173
1786742209,4,177093
1786742209,5,179853
1786742209,6,177753
1786742209,7,172293
1786742211,0,176317
1786742211,1,173871
1786742211,2,172311
1786742211,3,177173
1786742211,4,177093
1786742211,5,179853
1786742211,6,177753
1786742211,7,172293
1786742214,0,176317
1786742214,1,173871
1786742214,2,172311
1786742214,3,177173
1786742214,4,177093
1786742214,5,179853
1786742214,6,177753
1786742214,7,172293
1786742217,0,176317
1786742217,1,173871
1786742217,2,172311
1786742217,3,177173
1786742217,4,177093
1786742217,5,179853
1786742217,6,177753
1786742217,7,172293
1786742219,0,176317
1786742219,1,173871
1786742219,2,172311
1786742219,3,177173
1786742219,4,177093
1786742219,5,179853
1786742219,6,177753
1786742219,7,172293
1786742222,0,176317
1786742222,1,173871
1786742222,2,172311
1786742222,3,177173
1786742222,4,177093
1786742222,5,179853
1786742222,6,177753
1786742222,7,172293
1786742224,0,176317
1786742224,1,173871
1786742224,2,172311
1786742224,3,177173
1786742224,4,177093
1786742224,5,179853
1786742224,6,177753
1786742224,7,172293
1786742226,0,176317
1786742226,1,173871
1786742226,2,172311
1786742226,3,177173
1786742226,4,177093
1786742226,5,179853
1786742226,6,177753
1786742226,7,172293
1786742229,0,176317
1786742229,1,173871
1786742229,2,172311
1786742229,3,177173
1786742229,4,177093
1786742229,5,179853
1786742229,6,177753
1786742229,7,172293
1786742232,0,176317
1786742232,1,173871
1786742232,2,172311
1786742232,3,177173
1786742232,4,177093
1786742232,5,179853
1786742232,6,177753
1786742232,7,172293
1786742234,0,176317
1786742234,1,173871
1786742234,2,172311
1786742234,3,177173
1786742234,4,177093
1786742234,5,179853
1786742234,6,177753
1786742234,7,172293
1786742236,0,176317
1786742236,1,173871
1786742236,2,172311
1786742236,3,177173
1786742236,4,177093
1786742236,5,179853
1786742236,6,177753
1786742236,7,172293
1786742238,0,176317
1786742238,1,173871
1786742238,2,172311
1786742238,3,177173
1786742238,4,177093
1786742238,5,179853
1786742238,6,177753
1786742238,7,172293
1786742241,0,176317
1786742241,1,173871
1786742241,2,172311
1786742241,3,177173
1786742241,4,177093
1786742241,5,179853
1786742241,6,177753
1786742241,7,172293
1786742243,0,176317
1786742243,1,173871
1786742243,2,172311
1786742243,3,177173
1786742243,4,177093
1786742243,5,179853
1786742243,6,177753
1786742243,7,172293
1786742246,0,176317
1786742246,1,173871
1786742246,2,172311
1786742246,3,177173
1786742246,4,177093
1786742246,5,179853
1786742246,6,177753
1786742246,7,172293
1786742248,0,176317
1786742248,1,173871
1786742248,2,172311
1786742248,3,177173
1786742248,4,177093
1786742248,5,179853
1786742248,6,177753
1786742248,7,172293
1786742251,0,176317
1786742251,1,173871
1786742251,2,172311
1786742251,3,177173
1786742251,4,177093
1786742251,5,179853
1786742251,6,177753
1786742251,7,172293
1786742253,0,176317
1786742253,1,173871
1786742253,2,172311
1786742253,3,177173
1786742253,4,177093
1786742253,5,179853
1786742253,6,177753
1786742253,7,172293
1786742255,0,176317
1786742255,1,173871
1786742255,2,172311
1786742255,3,177173
1786742255,4,177093
1786742255,5,179853
1786742255,6,177753
1786742255,7,172293
1786742257,0,176317
1786742257,1,173871
1786742257,2,172311
1786742257,3,177173
1786742257,4,177093
1786742257,5,179853
1786742257,6,177753
1786742257,7,172293
1786742260,0,176317
1786742260,1,173871
1786742260,2,172311
1786742260,3,177173
1786742260,4,177093
1786742260,5,179853
1786742260,6,177753
1786742260,7,172293
1786742262,0,176317
1786742262,1,173871
1786742262,2,172311
1786742262,3,177173
1786742262,4,177093
1786742262,5,179853
1786742262,6,177753
1786742262,7,172293
1786742265,0,176317
1786742265,1,173871
1786742265,2,172311
1786742265,3,177173
1786742265,4,177093
1786742265,5,179853
1786742265,6,177753
1786742265,7,172293
1786742267,0,176317
1786742267,1,173871
1786742267,2,172311
1786742267,3,177173
1786742267,4,177093
1786742267,5,179853
1786742267,6,177753
1786742267,7,172293
1786742269,0,176317
1786742269,1,173871
1786742269,2,172311
1786742269,3,177173
1786742269,4,177093
1786742269,5,179853
1786742269,6,177753
1786742269,7,172293
1786742271,0,176317
1786742271,1,173871
1786742271,2,172311
1786742271,3,177173
1786742271,4,177093
1786742271,5,179853
1786742271,6,177753
1786742271,7,172293
1786742274,0,176317
1786742274,1,173871
1786742274,2,172311
1786742274,3,177173
1786742274,4,177093
1786742274,5,179853
1786742274,6,177753
1786742274,7,172293
1786742276,0,176317
1786742276,1,173871
1786742276,2,172311
1786742276,3,177173
1786742276,4,177093
1786742276,5,179853
1786742276,6,177753
1786742276,7,172293
1786742278,0,176317
1786742278,1,173871
1786742278,2,172311
1786742278,3,177173
1786742278,4,177093
1786742278,5,179853
1786742278,6,177753
1786742278,7,172293
1786742281,0,176317
1786742281,1,173871
1786742281,2,172311
1786742281,3,177173
1786742281,4,177093
1786742281,5,179853
1786742281,6,177753
1786742281,7,172293
1786742283,0,176317
1786742283,1,173871
1786742283,2,172311
1786742283,3,177173
1786742283,4,177093
1786742283,5,179853
1786742283,6,177753
1786742283,7,172293
1786742285,0,176317
1786742285,1,173871
1786742285,2,172311
1786742285,3,177173
1786742285,4,177093
1786742285,5,179853
1786742285,6,177753
1786742285,7,172293
1786742287,0,176317
1786742287,1,173871
1786742287,2,172311
1786742287,3,177173
1786742287,4,177093
1786742287,5,179853
1786742287,6,177753
1786742287,7,172293
1786742290,0,176317
1786742290,1,173871
1786742290,2,172311
1786742290,3,177173
1786742290,4,177093
1786742290,5,179853
1786742290,6,177753
1786742290,7,172293
1786742292,0,176317
1786742292,1,173871
1786742292,2,172311
1786742292,3,177173
1786742292,4,177093
1786742292,5,179853
1786742292,6,177753
1786742292,7,172293
1786742294,0,176317
1786742294,1,173871
1786742294,2,172311
1786742294,3,177173
1786742294,4,177093
1786742294,5,179853
1786742294,6,177753
1786742294,7,172293
1786742296,0,176317
1786742296,1,173871
1786742296,2,172311
1786742296,3,177173
1786742296,4,177093
1786742296,5,179853
1786742296,6,177753
1786742296,7,172293
1786742298,0,176317
1786742298,1,173871
1786742298,2,172311
1786742298,3,177173
1786742298,4,177093
1786742298,5,179853
1786742298,6,177753
1786742298,7,172293
1786742301,0,176317
1786742301,1,173871
1786742301,2,172311
1786742301,3,177173
1786742301,4,177093
1786742301,5,179853
1786742301,6,177753
1786742301,7,172293
1786742303,0,176317
1786742303,1,173871
1786742303,2,172311
1786742303,3,177173
1786742303,4,177093
1786742303,5,179853
1786742303,6,177753
1786742303,7,172293
1786742306,0,176317
1786742306,1,173871
1786742306,2,172311
1786742306,3,177173
1786742306,4,177093
1786742306,5,179853
1786742306,6,177753
1786742306,7,172293
1786742309,0,176317
1786742309,1,173871
1786742309,2,172311
1786742309,3,177173
1786742309,4,177093
1786742309,5,179853
1786742309,6,177753
1786742309,7,172293
1786742311,0,176317
1786742311,1,173871
1786742311,2,172311
1786742311,3,177173
1786742311,4,177093
1786742311,5,179853
1786742311,6,177753
1786742311,7,172293
1786742313,0,176317
1786742313,1,173871
1786742313,2,172311
1786742313,3,177173
1786742313,4,177093
1786742313,5,179853
1786742313,6,177753
1786742313,7,172293
1786742315,0,176317
1786742315,1,173871
1786742315,2,172311
1786742315,3,177173
1786742315,4,177093
1786742315,5,179853
1786742315,6,177753
1786742315,7,172293
1786742317,0,176317
1786742317,1,173871
1786742317,2,172311
1786742317,3,177173
1786742317,4,177093
1786742317,5,179853
1786742317,6,177753
1786742317,7,172293
1786742320,0,176317
1786742320,1,173871
1786742320,2,172311
1786742320,3,177173
1786742320,4,177093
1786742320,5,179853
1786742320,6,177753
1786742320,7,172293
1786742322,0,176317
1786742322,1,173871
1786742322,2,172311
1786742322,3,177173
1786742322,4,177093
1786742322,5,179853
1786742322,6,177753
1786742322,7,172293
1786742324,0,176317
1786742324,1,173871
1786742324,2,172311
1786742324,3,177173
1786742324,4,177093
1786742324,5,179853
1786742324,6,177753
1786742324,7,172293
1786742326,0,176317
1786742326,1,173871
1786742326,2,172311
1786742326,3,177173
1786742326,4,177093
1786742326,5,179853
1786742326,6,177753
1786742326,7,172293
1786742328,0,176317
1786742328,1,173871
1786742328,2,172311
1786742328,3,177173
1786742328,4,177093
1786742328,5,179853
1786742328,6,177753
1786742328,7,172293
1786742331,0,176317
1786742331,1,173871
1786742331,2,172311
1786742331,3,177173
1786742331,4,177093
1786742331,5,179853
1786742331,6,177753
1786742331,7,172293
1786742333,0,176317
1786742333,1,173871
1786742333,2,172311
1786742333,3,177173
1786742333,4,177093
1786742333,5,179853
1786742333,6,177753
1786742333,7,172293
1786742336,0,176317
1786742336,1,173871
1786742336,2,172311
1786742336,3,177173
1786742336,4,177093
1786742336,5,179853
1786742336,6,177753
1786742336,7,172293
1786742338,0,176317
1786742338,1,173871
1786742338,2,172311
1786742338,3,177173
1786742338,4,177093
1786742338,5,179853
1786742338,6,177753
1786742338,7,172293
1786742340,0,176317
1786742340,1,173871
1786742340,2,172311
1786742340,3,177173
1786742340,4,177093
1786742340,5,179853
1786742340,6,177753
1786742340,7,172293
1786742342,0,176317
1786742342,1,173871
1786742342,2,172311
1786742342,3,177173
1786742342,4,177093
1786742342,5,179853
1786742342,6,177753
1786742342,7,172293
1786742344,0,176317
1786742344,1,173871
1786742344,2,172311
1786742344,3,177173
1786742344,4,177093
1786742344,5,179853
1786742344,6,177753
1786742344,7,172293
1786742346,0,176317
1786742346,1,173871
1786742346,2,172311
1786742346,3,177173
1786742346,4,177093
1786742346,5,179853
1786742346,6,177753
1786742346,7,172293
1786742349,0,176317
1786742349,1,173871
1786742349,2,172311
1786742349,3,177173
1786742349,4,177093
1786742349,5,179853
1786742349,6,177753
1786742349,7,172293
1786742351,0,176317
1786742351,1,173871
1786742351,2,172311
1786742351,3,177173
1786742351,4,177093
1786742351,5,179853
1786742351,6,177753
1786742351,7,172293
1786742353,0,176317
1786742353,1,173871
1786742353,2,172311
1786742353,3,177173
1786742353,4,177093
1786742353,5,179853
1786742353,6,177753
1786742353,7,172293
1786742355,0,176317
1786742355,1,173871
1786742355,2,172311
1786742355,3,177173
1786742355,4,177093
1786742355,5,179853
1786742355,6,177753
1786742355,7,172293
1786742358,0,176317
1786742358,1,173871
1786742358,2,172311
1786742358,3,177173
1786742358,4,177093
1786742358,5,179853
1786742358,6,177753
1786742358,7,172293
1786742360,0,176317
1786742360,1,173871
1786742360,2,172311
1786742360,3,177173
1786742360,4,177093
1786742360,5,179853
1786742360,6,177753
1786742360,7,172293
1786742362,0,176317
1786742362,1,173871
1786742362,2,172311
1786742362,3,177173
1786742362,4,177093
1786742362,5,179853
1786742362,6,177753
1786742362,7,172293
1786742365,0,176317
1786742365,1,173871
1786742365,2,172311
1786742365,3,177173
1786742365,4,177093
1786742365,5,179853
1786742365,6,177753
1786742365,7,172293
1786742368,0,176317
1786742368,1,173871
1786742368,2,172311
1786742368,3,177173
1786742368,4,177093
1786742368,5,179853
1786742368,6,177753
1786742368,7,172293
1786742371,0,176317
1786742371,1,173871
1786742371,2,172311
1786742371,3,177173
1786742371,4,177093
1786742371,5,179853
1786742371,6,177753
1786742371,7,172293
1786742373,0,176317
1786742373,1,173871
1786742373,2,172311
1786742373,3,177173
1786742373,4,177093
1786742373,5,179853
1786742373,6,177753
1786742373,7,172293
1786742375,0,176317
1786742375,1,173871
1786742375,2,172311
1786742375,3,177173
1786742375,4,177093
1786742375,5,179853
1786742375,6,177753
1786742375,7,172293
1786742377,0,176317
1786742377,1,173871
1786742377,2,172311
1786742377,3,177173
1786742377,4,177093
1786742377,5,179853
1786742377,6,177753
1786742377,7,172293
1786742380,0,176317
1786742380,1,173871
1786742380,2,172311
1786742380,3,177173
1786742380,4,177093
1786742380,5,179853
1786742380,6,177753
1786742380,7,172293
1786742382,0,176317
1786742382,1,173871
1786742382,2,172311
1786742382,3,177173
1786742382,4,177093
1786742382,5,179853
1786742382,6,177753
1786742382,7,172293
1786742385,0,176317
1786742385,1,173871
1786742385,2,172311
1786742385,3,177173
1786742385,4,177093
1786742385,5,179853
1786742385,6,177753
1786742385,7,172293
1786742387,0,176317
1786742387,1,173871
1786742387,2,172311
1786742387,3,177173
1786742387,4,177093
1786742387,5,179853
1786742387,6,177753
1786742387,7,172293
1786742389,0,176317
1786742389,1,173871
1786742389,2,172311
1786742389,3,177173
1786742389,4,177093
1786742389,5,179853
1786742389,6,177753
1786742389,7,172293
1786742391,0,176317
1786742391,1,173871
1786742391,2,172311
1786742391,3,177173
1786742391,4,177093
1786742391,5,179853
1786742391,6,177753
1786742391,7,172293
1786742394,0,176317
1786742394,1,173871
1786742394,2,172311
1786742394,3,177173
1786742394,4,177093
1786742394,5,179853
1786742394,6,177753
1786742394,7,172293
1786742396,0,176317
1786742396,1,173871
1786742396,2,172311
1786742396,3,177173
1786742396,4,177093
1786742396,5,179853
1786742396,6,177753
1786742396,7,172293
1786742398,0,176317
1786742398,1,173871
1786742398,2,172311
1786742398,3,177173
1786742398,4,177093
1786742398,5,179853
1786742398,6,177753
1786742398,7,172293
1786742401,0,176317
1786742401,1,173871
1786742401,2,172311
1786742401,3,177173
1786742401,4,177093
1786742401,5,179853
1786742401,6,177753
1786742401,7,172293
1786742403,0,176317
1786742403,1,173871
1786742403,2,172311
1786742403,3,177173
1786742403,4,177093
1786742403,5,179853
1786742403,6,177753
1786742403,7,172293
1786742406,0,176317
1786742406,1,173871
1786742406,2,172311
1786742406,3,177173
1786742406,4,177093
1786742406,5,179853
1786742406,6,177753
1786742406,7,172293
1786742408,0,176317
1786742408,1,173871
1786742408,2,172311
1786742408,3,177173
1786742408,4,177093
1786742408,5,179853
1786742408,6,177753
1786742408,7,172293
1786742411,0,176317
1786742411,1,173871
1786742411,2,172311
1786742411,3,177173
1786742411,4,177093
1786742411,5,179853
1786742411,6,177753
1786742411,7,172293
1786742413,0,176317
1786742413,1,173871
1786742413,2,172311
1786742413,3,177173
1786742413,4,177093
1786742413,5,179853
1786742413,6,177753
1786742413,7,172293
1786742415,0,176317
1786742415,1,173871
1786742415,2,172311
1786742415,3,177173
1786742415,4,177093
1786742415,5,179853
1786742415,6,177753
1786742415,7,172293
1786742418,0,176317
1786742418,1,173871
1786742418,2,172311
1786742418,3,177173
1786742418,4,177093
1786742418,5,179853
1786742418,6,177753
1786742418,7,172293
1786742420,0,176317
1786742420,1,173871
1786742420,2,172311
1786742420,3,177173
1786742420,4,177093
1786742420,5,179853
1786742420,6,177753
1786742420,7,172293
1786742422,0,176317
1786742422,1,173871
1786742422,2,172311
1786742422,3,177173
1786742422,4,177093
1786742422,5,179853
1786742422,6,177753
1786742422,7,172293
1786742425,0,176317
1786742425,1,173871
1786742425,2,172311
1786742425,3,177173
1786742425,4,177093
1786742425,5,179853
1786742425,6,177753
1786742425,7,172293
1786742427,0,176317
1786742427,1,173871
1786742427,2,172311
1786742427,3,177173
1786742427,4,177093
1786742427,5,179853
1786742427,6,177753
1786742427,7,172293
1786742429,0,176317
1786742429,1,173871
1786742429,2,172311
1786742429,3,177173
1786742429,4,177093
1786742429,5,179853
1786742429,6,177753
1786742429,7,172293
1786742431,0,176317
1786742431,1,173871
1786742431,2,172311
1786742431,3,177173
1786742431,4,177093
1786742431,5,179853
1786742431,6,177753
1786742431,7,172293
1786742433,0,176317
1786742433,1,173871
1786742433,2,172311
1786742433,3,177173
1786742433,4,177093
1786742433,5,179853
1786742433,6,177753
1786742433,7,172293
1786742435,0,176317
1786742435,1,173871
1786742435,2,172311
1786742435,3,177173
1786742435,4,177093
1786742435,5,179853
1786742435,6,177753
1786742435,7,172293
1786742438,0,176317
1786742438,1,173871
1786742438,2,172311
1786742438,3,177173
1786742438,4,177093
1786742438,5,179853
1786742438,6,177753
1786742438,7,172293
1786742441,0,176317
1786742441,1,173871
1786742441,2,172311
1786742441,3,177173
1786742441,4,177093
1786742441,5,179853
1786742441,6,177753
1786742441,7,172293
1786742443,0,176317
1786742443,1,173871
1786742443,2,172311
1786742443,3,177173
1786742443,4,177093
1786742443,5,179853
1786742443,6,177753
1786742443,7,172293
1786742445,0,176317
1786742445,1,173871
1786742445,2,172311
1786742445,3,177173
1786742445,4,177093
1786742445,5,179853
1786742445,6,177753
1786742445,7,172293
1786742447,0,176317
1786742447,1,173871
1786742447,2,172311
1786742447,3,177173
1786742447,4,177093
1786742447,5,179853
1786742447,6,177753
1786742447,7,172293
1786742449,0,176317
1786742449,1,173871
1786742449,2,172311
1786742449,3,177173
1786742449,4,177093
1786742449,5,179853
1786742449,6,177753
1786742449,7,172293
1786742451,0,176317
1786742451,1,173871
1786742451,2,172311
1786742451,3,177173
1786742451,4,177093
1786742451,5,179853
1786742451,6,177753
1786742451,7,172293
1786742454,0,176317
1786742454,1,173871
1786742454,2,172311
1786742454,3,177173
1786742454,4,177093
1786742454,5,179853
1786742454,6,177753
1786742454,7,172293
1786742456,0,176317
1786742456,1,173871
1786742456,2,172311
1786742456,3,177173
1786742456,4,177093
1786742456,5,179853
1786742456,6,177753
1786742456,7,172293
1786742458,0,176317
1786742458,1,173871
1786742458,2,172311
1786742458,3,177173
1786742458,4,177093
1786742458,5,179853
1786742458,6,177753
1786742458,7,172293
1786742460,0,176317
1786742460,1,173871
1786742460,2,172311
1786742460,3,177173
1786742460,4,177093
1786742460,5,179853
1786742460,6,177753
1786742460,7,172293
1786742463,0,176317
1786742463,1,173871
1786742463,2,172311
1786742463,3,177173
1786742463,4,177093
1786742463,5,179853
1786742463,6,177753
1786742463,7,172293
1786742465,0,176317
1786742465,1,173871
1786742465,2,172311
1786742465,3,177173
1786742465,4,177093
1786742465,5,179853
1786742465,6,177753
1786742465,7,172293
1786742467,0,176317
1786742467,1,173871
1786742467,2,172311
1786742467,3,177173
1786742467,4,177093
1786742467,5,179853
1786742467,6,177753
1786742467,7,172293
1786742470,0,176317
1786742470,1,173871
1786742470,2,172311
1786742470,3,177173
1786742470,4,177093
1786742470,5,179853
1786742470,6,177753
1786742470,7,172293
1786742472,0,176317
1786742472,1,173871
1786742472,2,172311
1786742472,3,177173
1786742472,4,177093
1786742472,5,179853
1786742472,6,177753
1786742472,7,172293
1786742474,0,176317
1786742474,1,173871
1786742474,2,172311
1786742474,3,177173
1786742474,4,177093
1786742474,5,179853
1786742474,6,177753
1786742474,7,172293
1786742476,0,176317
1786742476,1,173871
1786742476,2,172311
1786742476,3,177173
1786742476,4,177093
1786742476,5,179853
1786742476,6,177753
1786742476,7,172293
1786742478,0,176317
1786742478,1,173871
1786742478,2,172311
1786742478,3,177173
1786742478,4,177093
1786742478,5,179853
1786742478,6,177753
1786742478,7,172293
1786742481,0,176317
1786742481,1,173871
1786742481,2,172311
1786742481,3,177173
1786742481,4,177093
1786742481,5,179853
1786742481,6,177753
1786742481,7,172293
1786742483,0,176317
1786742483,1,173871
1786742483,2,172311
1786742483,3,177173
1786742483,4,177093
1786742483,5,179853
1786742483,6,177753
1786742483,7,172293
1786742486,0,176317
1786742486,1,173871
1786742486,2,172311
1786742486,3,177173
1786742486,4,177093
1786742486,5,179853
1786742486,6,177753
1786742486,7,172293
1786742488,0,176317
1786742488,1,173871
1786742488,2,172311
1786742488,3,177173
1786742488,4,177093
1786742488,5,179853
1786742488,6,177753
1786742488,7,172293
1786742490,0,176317
1786742490,1,173871
1786742490,2,172311
1786742490,3,177173
1786742490,4,177093
1786742490,5,179853
1786742490,6,177753
1786742490,7,172293
1786742492,0,176317
1786742492,1,173871
1786742492,2,172311
1786742492,3,177173
1786742492,4,177093
1786742492,5,179853
1786742492,6,177753
1786742492,7,172293
1786742494,0,176317
1786742494,1,173871
1786742494,2,172311
1786742494,3,177173
1786742494,4,177093
1786742494,5,179853
1786742494,6,177753
1786742494,7,172293
1786742497,0,176317
1786742497,1,173871
1786742497,2,172311
1786742497,3,177173
1786742497,4,177093
1786742497,5,179853
1786742497,6,177753
1786742497,7,172293
1786742500,0,176317
1786742500,1,173871
1786742500,2,172311
1786742500,3,177173
1786742500,4,177093
1786742500,5,179853
1786742500,6,177753
1786742500,7,172293
1786742502,0,176317
1786742502,1,173871
1786742502,2,172311
1786742502,3,177173
1786742502,4,177093
1786742502,5,179853
1786742502,6,177753
1786742502,7,172293
1786742504,0,176317
1786742504,1,173871
1786742504,2,172311
1786742504,3,177173
1786742504,4,177093
1786742504,5,179853
1786742504,6,177753
1786742504,7,172293
1786742506,0,176317
1786742506,1,173871
1786742506,2,172311
1786742506,3,177173
1786742506,4,177093
1786742506,5,179853
1786742506,6,177753
1786742506,7,172293
1786742509,0,176317
1786742509,1,173871
1786742509,2,172311
1786742509,3,177173
1786742509,4,177093
1786742509,5,179853
1786742509,6,177753
1786742509,7,172293
1786742511,0,176317
1786742511,1,173871
1786742511,2,172311
1786742511,3,177173
1786742511,4,177093
1786742511,5,179853
1786742511,6,177753
1786742511,7,172293
1786742514,0,176317
1786742514,1,173871
1786742514,2,172311
1786742514,3,177173
1786742514,4,177093
1786742514,5,179853
1786742514,6,177753
1786742514,7,172293
1786742517,0,176317
1786742517,1,173871
1786742517,2,172311
1786742517,3,177173
1786742517,4,177093
1786742517,5,179853
1786742517,6,177753
1786742517,7,172293
1786742519,0,176317
1786742519,1,173871
1786742519,2,172311
1786742519,3,177173
1786742519,4,177093
1786742519,5,179853
1786742519,6,177753
1786742519,7,172293
1786742521,0,176317
1786742521,1,173871
1786742521,2,172311
1786742521,3,177173
1786742521,4,177093
1786742521,5,179853
1786742521,6,177753
1786742521,7,172293
1786742524,0,176317
1786742524,1,173871
1786742524,2,172311
1786742524,3,177173
1786742524,4,177093
1786742524,5,179853
1786742524,6,177753
1786742524,7,172293
1786742526,0,176317
1786742526,1,173871
1786742526,2,172311
1786742526,3,177173
1786742526,4,177093
1786742526,5,179853
1786742526,6,177753
1786742526,7,172293
1786742528,0,176317
1786742528,1,173871
1786742528,2,172311
1786742528,3,177173
1786742528,4,177093
1786742528,5,179853
1786742528,6,177753
1786742528,7,172293
1786742531,0,176317
1786742531,1,173871
1786742531,2,172311
1786742531,3,177173
1786742531,4,177093
1786742531,5,179853
1786742531,6,177753
1786742531,7,172293
1786742534,0,176317
1786742534,1,173871
1786742534,2,172311
1786742534,3,177173
1786742534,4,177093
1786742534,5,179853
1786742534,6,177753
1786742534,7,172293
1786742537,0,176317
1786742537,1,173871
1786742537,2,172311
1786742537,3,177173
1786742537,4,177093
1786742537,5,179853
1786742537,6,177753
1786742537,7,172293
1786742539,0,176317
1786742539,1,173871
1786742539,2,172311
1786742539,3,177173
1786742539,4,177093
1786742539,5,179853
1786742539,6,177753
1786742539,7,172293
1786742541,0,176317
1786742541,1,173871
1786742541,2,172311
1786742541,3,177173
1786742541,4,177093
1786742541,5,179853
1786742541,6,177753
1786742541,7,172293
1786742545,0,176317
1786742545,1,173871
1786742545,2,172311
1786742545,3,177173
1786742545,4,177093
1786742545,5,179853
1786742545,6,177753
1786742545,7,172293
1786742547,0,176317
1786742547,1,173871
1786742547,2,172311
1786742547,3,177173
1786742547,4,177093
1786742547,5,179853
1786742547,6,177753
1786742547,7,172293
1786742550,0,176317
1786742550,1,173871
1786742550,2,172311
1786742550,3,177173
1786742550,4,177093
1786742550,5,179853
1786742550,6,177753
1786742550,7,172293
1786742553,0,176317
1786742553,1,173871
1786742553,2,172311
1786742553,3,177173
1786742553,4,177093
1786742553,5,179853
1786742553,6,177753
1786742553,7,172293
1786742555,0,176317
1786742555,1,173871
1786742555,2,172311
1786742555,3,177173
1786742555,4,177093
1786742555,5,179853
1786742555,6,177753
1786742555,7,172293
1786742558,0,176317
1786742558,1,173871
1786742558,2,172311
1786742558,3,177173
1786742558,4,177093
1786742558,5,179853
1786742558,6,177753
1786742558,7,172293
1786742560,0,176317
1786742560,1,173871
1786742560,2,172311
1786742560,3,177173
1786742560,4,177093
1786742560,5,179853
1786742560,6,177753
1786742560,7,172293
1786742563,0,176317
1786742563,1,173871
1786742563,2,172311
1786742563,3,177173
1786742563,4,177093
1786742563,5,179853
1786742563,6,177753
1786742563,7,172293
1786742565,0,176317
1786742565,1,173871
1786742565,2,172311
1786742565,3,177173
1786742565,4,177093
1786742565,5,179853
1786742565,6,177753
1786742565,7,172293
1786742568,0,176317
1786742568,1,173871
1786742568,2,172311
1786742568,3,177173
1786742568,4,177093
1786742568,5,179853
1786742568,6,177753
1786742568,7,172293
1786742570,0,176317
1786742570,1,173871
1786742570,2,172311
1786742570,3,177173
1786742570,4,177093
1786742570,5,179853
1786742570,6,177753
1786742570,7,172293
1786742573,0,176317
1786742573,1,173871
1786742573,2,172311
1786742573,3,177173
1786742573,4,177093
1786742573,5,179853
1786742573,6,177753
1786742573,7,172293
1786742576,0,176317
1786742576,1,173871
1786742576,2,172311
1786742576,3,177173
1786742576,4,177093
1786742576,5,179853
1786742576,6,177753
1786742576,7,172293
1786742578,0,176317
1786742578,1,173871
1786742578,2,172311
1786742578,3,177173
1786742578,4,177093
1786742578,5,179853
1786742578,6,177753
1786742578,7,172293
1786742581,0,176317
1786742581,1,173871
1786742581,2,172311
1786742581,3,177173
1786742581,4,177093
1786742581,5,179853
1786742581,6,177753
1786742581,7,172293
1786742583,0,176317
1786742583,1,173871
1786742583,2,172311
1786742583,3,177173
1786742583,4,177093
1786742583,5,179853
1786742583,6,177753
1786742583,7,172293
1786742585,0,176317
1786742585,1,173871
1786742585,2,172311
1786742585,3,177173
1786742585,4,177093
1786742585,5,179853
1786742585,6,177753
1786742585,7,172293
1786742588,0,176317
1786742588,1,173871
1786742588,2,172311
1786742588,3,177173
1786742588,4,177093
1786742588,5,179853
1786742588,6,177753
1786742588,7,172293
1786742590,0,176317
1786742590,1,173871
1786742590,2,172311
1786742590,3,177173
1786742590,4,177093
1786742590,5,179853
1786742590,6,177753
1786742590,7,172293
1786742594,0,176317
1786742594,1,173871
1786742594,2,172311
1786742594,3,177173
1786742594,4,177093
1786742594,5,179853
1786742594,6,177753
1786742594,7,172293
1786742596,0,176317
1786742596,1,173871
1786742596,2,172311
1786742596,3,177173
1786742596,4,177093
1786742596,5,179853
1786742596,6,177753
1786742596,7,172293
1786742599,0,176317
1786742599,1,173871
1786742599,2,172311
1786742599,3,177173
1786742599,4,177093
1786742599,5,179853
1786742599,6,177753
1786742599,7,172293
1786742601,0,176317
1786742601,1,173871
1786742601,2,172311
1786742601,3,177173
1786742601,4,177093
1786742601,5,179853
1786742601,6,177753
1786742601,7,172293
1786742606,0,176317
1786742606,1,173871
1786742606,2,172311
1786742606,3,177173
1786742606,4,177093
1786742606,5,179853
1786742606,6,177753
1786742606,7,172293
1786742609,0,176317
1786742609,1,173871
1786742609,2,172311
1786742609,3,177173
1786742609,4,177093
1786742609,5,179853
1786742609,6,177753
1786742609,7,172293
1786742612,0,176317
1786742612,1,173871
1786742612,2,172311
1786742612,3,177173
1786742612,4,177093
1786742612,5,179853
1786742612,6,177753
1786742612,7,172293
1786742614,0,176317
1786742614,1,173871
1786742614,2,172311
1786742614,3,177173
1786742614,4,177093
1786742614,5,179853
1786742614,6,177753
1786742614,7,172293
1786742617,0,176317
1786742617,1,173871
1786742617,2,172311
1786742617,3,177173
1786742617,4,177093
1786742617,5,179853
1786742617,6,177753
1786742617,7,172293
1786742621,0,176317
1786742621,1,173871
1786742621,2,172311
1786742621,3,177173
1786742621,4,177093
1786742621,5,179853
1786742621,6,177753
1786742621,7,172293
1786742623,0,176317
1786742623,1,173871
1786742623,2,172311
1786742623,3,177173
1786742623,4,177093
1786742623,5,179853
1786742623,6,177753
1786742623,7,172293
1786742626,0,176317
1786742626,1,173871
1786742626,2,172311
1786742626,3,177173
1786742626,4,177093
1786742626,5,179853
1786742626,6,177753
1786742626,7,172293
1786742628,0,176317
1786742628,1,173871
1786742628,2,172311
1786742628,3,177173
1786742628,4,177093
1786742628,5,179853
1786742628,6,177753
1786742628,7,172293
1786742630,0,176317
1786742630,1,173871
1786742630,2,172311
1786742630,3,177173
1786742630,4,177093
1786742630,5,179853
1786742630,6,177753
1786742630,7,172293
1786742633,0,176317
1786742633,1,173871
1786742633,2,172311
1786742633,3,177173
1786742633,4,177093
1786742633,5,179853
1786742633,6,177753
1786742633,7,172293
1786742635,0,176317
1786742635,1,173871
1786742635,2,172311
1786742635,3,177173
1786742635,4,177093
1786742635,5,179853
1786742635,6,177753
1786742635,7,172293
1786742637,0,176317
1786742637,1,173871
1786742637,2,172311
1786742637,3,177173
1786742637,4,177093
1786742637,5,179853
1786742637,6,177753
1786742637,7,172293
1786742639,0,176317
1786742639,1,173871
1786742639,2,172311
1786742639,3,177173
1786742639,4,177093
1786742639,5,179853
1786742639,6,177753
1786742639,7,172293
1786742642,0,176317
1786742642,1,173871
1786742642,2,172311
1786742642,3,177173
1786742642,4,177093
1786742642,5,179853
1786742642,6,177753
1786742642,7,172293
1786742644,0,176317
1786742644,1,173871
1786742644,2,172311
1786742644,3,177173
1786742644,4,177093
1786742644,5,179853
1786742644,6,177753
1786742644,7,172293
1786742647,0,176317
1786742647,1,173871
1786742647,2,172311
1786742647,3,177173
1786742647,4,177093
1786742647,5,179853
1786742647,6,177753
1786742647,7,172293
1786742649,0,176317
1786742649,1,173871
1786742649,2,172311
1786742649,3,177173
1786742649,4,177093
1786742649,5,179853
1786742649,6,177753
1786742649,7,172293
1786742652,0,176317
1786742652,1,173871
1786742652,2,172311
1786742652,3,177173
1786742652,4,177093
1786742652,5,179853
1786742652,6,177753
1786742652,7,172293
1786742654,0,176317
1786742654,1,173871
1786742654,2,172311
1786742654,3,177173
1786742654,4,177093
1786742654,5,179853
1786742654,6,177753
1786742654,7,172293
1786742656,0,176317
1786742656,1,173871
1786742656,2,172311
1786742656,3,177173
1786742656,4,177093
1786742656,5,179853
1786742656,6,177753
1786742656,7,172293
1786742659,0,176317
1786742659,1,173871
1786742659,2,172311
1786742659,3,177173
1786742659,4,177093
1786742659,5,179853
1786742659,6,177753
1786742659,7,172293
1786742661,0,176317
1786742661,1,173871
1786742661,2,172311
1786742661,3,177173
1786742661,4,177093
1786742661,5,179853
1786742661,6,177753
1786742661,7,172293
1786742664,0,176317
1786742664,1,173871
1786742664,2,172311
1786742664,3,177173
1786742664,4,177093
1786742664,5,179853
1786742664,6,177753
1786742664,7,172293
1786742667,0,176317
1786742667,1,173871
1786742667,2,172311
1786742667,3,177173
1786742667,4,177093
1786742667,5,179853
1786742667,6,177753
1786742667,7,172293
1786742669,0,176317
1786742669,1,173871
1786742669,2,172311
1786742669,3,177173
1786742669,4,177093
1786742669,5,179853
1786742669,6,177753
1786742669,7,172293
1786742671,0,176317
1786742671,1,173871
1786742671,2,172311
1786742671,3,177173
1786742671,4,177093
1786742671,5,179853
1786742671,6,177753
1786742671,7,172293
1786742673,0,176317
1786742673,1,173871
1786742673,2,172311
1786742673,3,177173
1786742673,4,177093
1786742673,5,179853
1786742673,6,177753
1786742673,7,172293
1786742675,0,176317
1786742675,1,173871
1786742675,2,172311
1786742675,3,177173
1786742675,4,177093
1786742675,5,179853
1786742675,6,177753
1786742675,7,172293
1786742678,0,176317
1786742678,1,173871
1786742678,2,172311
1786742678,3,177173
1786742678,4,177093
1786742678,5,179853
1786742678,6,177753
1786742678,7,172293
1786742681,0,176317
1786742681,1,173871
1786742681,2,172311
1786742681,3,177173
1786742681,4,177093
1786742681,5,179853
1786742681,6,177753
1786742681,7,172293
1786742683,0,176317
1786742683,1,173871
1786742683,2,172311
1786742683,3,177173
1786742683,4,177093
1786742683,5,179853
1786742683,6,177753
1786742683,7,172293
1786742685,0,176317
1786742685,1,173871
1786742685,2,172311
1786742685,3,177173
1786742685,4,177093
1786742685,5,179853
1786742685,6,177753
1786742685,7,172293
1786742688,0,176317
1786742688,1,173871
1786742688,2,172311
1786742688,3,177173
1786742688,4,177093
1786742688,5,179853
1786742688,6,177753
1786742688,7,172293
1786742690,0,176317
1786742690,1,173871
1786742690,2,172311
1786742690,3,177173
1786742690,4,177093
1786742690,5,179853
1786742690,6,177753
1786742690,7,172293
1786742692,0,176317
1786742692,1,173871
1786742692,2,172311
1786742692,3,177173
1786742692,4,177093
1786742692,5,179853
1786742692,6,177753
1786742692,7,172293
1786742695,0,176317
1786742695,1,173871
1786742695,2,172311
1786742695,3,177173
1786742695,4,177093
1786742695,5,179853
1786742695,6,177753
1786742695,7,172293
1786742698,0,176317
1786742698,1,173871
1786742698,2,172311
1786742698,3,177173
1786742698,4,177093
1786742698,5,179853
1786742698,6,177753
1786742698,7,172293
1786742700,0,176317
1786742700,1,173871
1786742700,2,172311
1786742700,3,177173
1786742700,4,177093
1786742700,5,179853
1786742700,6,177753
1786742700,7,172293
1786742702,0,176317
1786742702,1,173871
1786742702,2,172311
1786742702,3,177173
1786742702,4,177093
1786742702,5,179853
1786742702,6,177753
1786742702,7,172293
1786742704,0,176317
1786742704,1,173871
1786742704,2,172311
1786742704,3,177173
1786742704,4,177093
1786742704,5,179853
1786742704,6,177753
1786742704,7,172293
1786742706,0,176317
1786742706,1,173871
1786742706,2,172311
1786742706,3,177173
1786742706,4,177093
1786742706,5,179853
1786742706,6,177753
1786742706,7,172293
1786742709,0,176317
1786742709,1,173871
1786742709,2,172311
1786742709,3,177173
1786742709,4,177093
1786742709,5,179853
1786742709,6,177753
1786742709,7,172293
1786742711,0,176317
1786742711,1,173871
1786742711,2,172311
1786742711,3,177173
1786742711,4,177093
1786742711,5,179853
1786742711,6,177753
1786742711,7,172293
1786742713,0,176317
1786742713,1,173871
1786742713,2,172311
1786742713,3,177173
1786742713,4,177093
1786742713,5,179853
1786742713,6,177753
1786742713,7,172293
1786742715,0,176317
1786742715,1,173871
1786742715,2,172311
1786742715,3,177173
1786742715,4,177093
1786742715,5,179853
1786742715,6,177753
1786742715,7,172293
1786742717,0,176317
1786742717,1,173871
1786742717,2,172311
1786742717,3,177173
1786742717,4,177093
1786742717,5,179853
1786742717,6,177753
1786742717,7,172293
1786742720,0,176317
1786742720,1,173871
1786742720,2,172311
1786742720,3,177173
1786742720,4,177093
1786742720,5,179853
1786742720,6,177753
1786742720,7,172293
1786742722,0,176317
1786742722,1,173871
1786742722,2,172311
1786742722,3,177173
1786742722,4,177093
1786742722,5,179853
1786742722,6,177753
1786742722,7,172293
1786742725,0,176317
1786742725,1,173871
1786742725,2,172311
1786742725,3,177173
1786742725,4,177093
1786742725,5,179853
1786742725,6,177753
1786742725,7,172293
1786742727,0,176317
1786742727,1,173871
1786742727,2,172311
1786742727,3,177173
1786742727,4,177093
1786742727,5,179853
1786742727,6,177753
1786742727,7,172293
1786742729,0,176317
1786742729,1,173871
1786742729,2,172311
1786742729,3,177173
1786742729,4,177093
1786742729,5,179853
1786742729,6,177753
1786742729,7,172293
1786742732,0,176317
1786742732,1,173871
1786742732,2,172311
1786742732,3,177173
1786742732,4,177093
1786742732,5,179853
1786742732,6,177753
1786742732,7,172293
1786742734,0,176317
1786742734,1,173871
1786742734,2,172311
1786742734,3,177173
1786742734,4,177093
1786742734,5,179853
1786742734,6,177753
1786742734,7,172293
1786742736,0,176317
1786742736,1,173871
1786742736,2,172311
1786742736,3,177173
1786742736,4,177093
1786742736,5,179853
1786742736,6,177753
1786742736,7,172293
1786742739,0,176317
1786742739,1,173871
1786742739,2,172311
1786742739,3,177173
1786742739,4,177093
1786742739,5,179853
1786742739,6,177753
1786742739,7,172293
1786742741,0,176317
1786742741,1,173871
1786742741,2,172311
1786742741,3,177173
1786742741,4,177093
1786742741,5,179853
1786742741,6,177753
1786742741,7,172293
1786742744,0,176317
1786742744,1,173871
1786742744,2,172311
1786742744,3,177173
1786742744,4,177093
1786742744,5,179853
1786742744,6,177753
1786742744,7,172293
1786742746,0,176317
1786742746,1,173871
1786742746,2,172311
1786742746,3,177173
1786742746,4,177093
1786742746,5,179853
1786742746,6,177753
1786742746,7,172293
1786742748,0,176317
1786742748,1,173871
1786742748,2,172311
1786742748,3,177173
1786742748,4,177093
1786742748,5,179853
1786742748,6,177753
1786742748,7,172293
1786742750,0,176317
1786742750,1,173871
1786742750,2,172311
1786742750,3,177173
1786742750,4,177093
1786742750,5,179853
1786742750,6,177753
1786742750,7,172293
1786742753,0,176317
1786742753,1,173871
1786742753,2,172311
1786742753,3,177173
1786742753,4,177093
1786742753,5,179853
1786742753,6,177753
1786742753,7,172293
1786742755,0,176317
1786742755,1,173871
1786742755,2,172311
1786742755,3,177173
1786742755,4,177093
1786742755,5,179853
1786742755,6,177753
1786742755,7,172293
1786742757,0,176317
1786742757,1,173871
1786742757,2,172311
1786742757,3,177173
1786742757,4,177093
1786742757,5,179853
1786742757,6,177753
1786742757,7,172293
1786742759,0,176317
1786742759,1,173871
1786742759,2,172311
1786742759,3,177173
1786742759,4,177093
1786742759,5,179853
1786742759,6,177753
1786742759,7,172293
1786742762,0,176317
1786742762,1,173871
1786742762,2,172311
1786742762,3,177173
1786742762,4,177093
1786742762,5,179853
1786742762,6,177753
1786742762,7,172293
1786742764,0,176317
1786742764,1,173871
1786742764,2,172311
1786742764,3,177173
1786742764,4,177093
1786742764,5,179853
1786742764,6,177753
1786742764,7,172293
1786742766,0,176317
1786742766,1,173871
1786742766,2,172311
1786742766,3,177173
1786742766,4,177093
1786742766,5,179853
1786742766,6,177753
1786742766,7,172293
1786742769,0,176317
1786742769,1,173871
1786742769,2,172311
1786742769,3,177173
1786742769,4,177093
1786742769,5,179853
1786742769,6,177753
1786742769,7,172293
1786742771,0,176317
1786742771,1,173871
1786742771,2,172311
1786742771,3,177173
1786742771,4,177093
1786742771,5,179853
1786742771,6,177753
1786742771,7,172293
1786742773,0,176317
1786742773,1,173871
1786742773,2,172311
1786742773,3,177173
1786742773,4,177093
1786742773,5,179853
1786742773,6,177753
1786742773,7,172293
1786742776,0,176317
1786742776,1,173871
1786742776,2,172311
1786742776,3,177173
1786742776,4,177093
1786742776,5,179853
1786742776,6,177753
1786742776,7,172293
1786742778,0,176317
1786742778,1,173871
1786742778,2,172311
1786742778,3,177173
1786742778,4,177093
1786742778,5,179853
1786742778,6,177753
1786742778,7,172293
1786742780,0,176317
1786742780,1,173871
1786742780,2,172311
1786742780,3,177173
1786742780,4,177093
1786742780,5,179853
1786742780,6,177753
1786742780,7,172293
1786742783,0,176317
1786742783,1,173871
1786742783,2,172311
1786742783,3,177173
1786742783,4,177093
1786742783,5,179853
1786742783,6,177753
1786742783,7,172293
1786742785,0,176317
1786742785,1,173871
1786742785,2,172311
1786742785,3,177173
1786742785,4,177093
1786742785,5,179853
1786742785,6,177753
1786742785,7,172293
1786742788,0,176317
1786742788,1,173871
1786742788,2,172311
1786742788,3,177173
1786742788,4,177093
1786742788,5,179853
1786742788,6,177753
1786742788,7,172293
1786742790,0,176317
1786742790,1,173871
1786742790,2,172311
1786742790,3,177173
1786742790,4,177093
1786742790,5,179853
1786742790,6,177753
1786742790,7,172293
1786742792,0,176317
1786742792,1,173871
1786742792,2,172311
1786742792,3,177173
1786742792,4,177093
1786742792,5,179853
1786742792,6,177753
1786742792,7,172293
1786742794,0,176317
1786742794,1,173871
1786742794,2,172311
1786742794,3,177173
1786742794,4,177093
1786742794,5,179853
1786742794,6,177753
1786742794,7,172293
1786742796,0,176317
1786742796,1,173871
1786742796,2,172311
1786742796,3,177173
1786742796,4,177093
1786742796,5,179853
1786742796,6,177753
1786742796,7,172293
1786742800,0,176317
1786742800,1,173871
1786742800,2,172311
1786742800,3,177173
1786742800,4,177093
1786742800,5,180073
1786742800,6,177753
1786742800,7,172293
1786742803,0,176317
1786742803,1,173871
1786742803,2,172311
1786742803,3,177173
1786742803,4,177093
1786742803,5,180073
1786742803,6,177753
1786742803,7,172293
1786742806,0,176317
1786742806,1,173871
1786742806,2,172311
1786742806,3,177173
1786742806,4,177093
1786742806,5,180073
1786742806,6,177753
1786742806,7,172293
1786742808,0,176317
1786742808,1,173871
1786742808,2,172311
1786742808,3,177173
1786742808,4,177093
1786742808,5,180073
1786742808,6,177753
1786742808,7,172293
1786742810,0,176317
1786742810,1,173871
1786742810,2,172311
1786742810,3,177173
1786742810,4,177093
1786742810,5,180073
1786742810,6,177753
1786742810,7,172293
1786742813,0,176317
1786742813,1,173871
1786742813,2,172311
1786742813,3,177173
1786742813,4,177093
1786742813,5,180073
1786742813,6,177753
1786742813,7,172293
1786742816,0,176317
1786742816,1,173871
1786742816,2,172311
1786742816,3,177173
1786742816,4,177093
1786742816,5,180073
1786742816,6,177753
1786742816,7,172293
1786742818,0,176317
1786742818,1,173871
1786742818,2,172311
1786742818,3,177173
1786742818,4,177093
1786742818,5,180073
1786742818,6,177753
1786742818,7,172293
1786742820,0,176317
1786742820,1,173871
1786742820,2,172311
1786742820,3,177173
1786742820,4,177093
1786742820,5,180073
1786742820,6,177753
1786742820,7,172293
1786742822,0,176317
1786742822,1,173871
1786742822,2,172311
1786742822,3,177173
1786742822,4,177093
1786742822,5,180073
1786742822,6,177753
1786742822,7,172293
1786742824,0,176317
1786742824,1,173871
1786742824,2,172311
1786742824,3,177173
1786742824,4,177093
1786742824,5,180073
1786742824,6,177753
1786742824,7,172293
1786742827,0,176317
1786742827,1,173871
1786742827,2,172311
1786742827,3,177173
1786742827,4,177093
1786742827,5,180073
1786742827,6,177753
1786742827,7,172293
1786742829,0,176317
1786742829,1,173871
1786742829,2,172311
1786742829,3,177173
1786742829,4,177093
1786742829,5,180073
1786742829,6,177753
1786742829,7,172293
1786742831,0,176317
1786742831,1,173871
1786742831,2,172311
1786742831,3,177173
1786742831,4,177093
1786742831,5,180073
1786742831,6,177753
1786742831,7,172293
1786742834,0,176317
1786742834,1,173871
1786742834,2,172311
1786742834,3,177173
1786742834,4,177093
1786742834,5,180073
1786742834,6,177753
1786742834,7,172293
1786742836,0,176317
1786742836,1,173871
1786742836,2,172311
1786742836,3,177173
1786742836,4,177093
1786742836,5,180073
1786742836,6,177753
1786742836,7,172293
1786742838,0,176317
1786742838,1,173871
1786742838,2,172311
1786742838,3,177173
1786742838,4,177093
1786742838,5,180073
1786742838,6,177753
1786742838,7,172293
1786742841,0,176317
1786742841,1,173871
1786742841,2,172311
1786742841,3,177173
1786742841,4,177093
1786742841,5,180073
1786742841,6,177753
1786742841,7,172293
1786742843,0,176317
1786742843,1,173871
1786742843,2,172311
1786742843,3,177173
1786742843,4,177093
1786742843,5,180073
1786742843,6,177753
1786742843,7,172293
1786742846,0,176317
1786742846,1,173871
1786742846,2,172311
1786742846,3,177173
1786742846,4,177093
1786742846,5,180073
1786742846,6,177753
1786742846,7,172293
1786742848,0,176317
1786742848,1,173871
1786742848,2,172311
1786742848,3,177173
1786742848,4,177093
1786742848,5,180073
1786742848,6,177753
1786742848,7,172293
1786742850,0,176317
1786742850,1,173871
1786742850,2,172311
1786742850,3,177173
1786742850,4,177093
1786742850,5,180073
1786742850,6,177753
1786742850,7,172293
1786742853,0,176317
1786742853,1,173871
1786742853,2,172311
1786742853,3,177173
1786742853,4,177093
1786742853,5,180073
1786742853,6,177753
1786742853,7,172293
1786742855,0,176317
1786742855,1,173871
1786742855,2,172311
1786742855,3,177173
1786742855,4,177093
1786742855,5,180073
1786742855,6,177753
1786742855,7,172293
1786742857,0,176317
1786742857,1,173871
1786742857,2,172311
1786742857,3,177173
1786742857,4,177093
1786742857,5,180073
1786742857,6,177753
1786742857,7,172293
1786742860,0,176317
1786742860,1,173871
1786742860,2,172311
1786742860,3,177173
1786742860,4,177093
1786742860,5,180073
1786742860,6,177753
1786742860,7,172293
1786742862,0,176317
1786742862,1,173871
1786742862,2,172311
1786742862,3,177173
1786742862,4,177093
1786742862,5,180073
1786742862,6,177753
1786742862,7,172293
1786742865,0,176317
1786742865,1,173871
1786742865,2,172311
1786742865,3,177173
1786742865,4,177093
1786742865,5,180073
1786742865,6,177753
1786742865,7,172293
1786742867,0,176317
1786742867,1,173871
1786742867,2,172311
1786742867,3,177173
1786742867,4,177093
1786742867,5,180073
1786742867,6,177753
1786742867,7,172293
1786742869,0,176317
1786742869,1,173871
1786742869,2,172311
1786742869,3,177173
1786742869,4,177093
1786742869,5,180073
1786742869,6,177753
1786742869,7,172293
1786742872,0,176317
1786742872,1,173871
1786742872,2,172311
1786742872,3,177173
1786742872,4,177093
1786742872,5,180073
1786742872,6,177753
1786742872,7,172293
1786742874,0,176317
1786742874,1,173871
1786742874,2,172311
1786742874,3,177173
1786742874,4,177093
1786742874,5,180073
1786742874,6,177753
1786742874,7,172293
1786742876,0,176317
1786742876,1,173871
1786742876,2,172311
1786742876,3,177173
1786742876,4,177093
1786742876,5,180073
1786742876,6,177753
1786742876,7,172293
1786742878,0,176317
1786742878,1,173871
1786742878,2,172311
1786742878,3,177173
1786742878,4,177093
1786742878,5,180073
1786742878,6,177753
1786742878,7,172293
1786742881,0,176317
1786742881,1,173871
1786742881,2,172311
1786742881,3,177173
1786742881,4,177093
1786742881,5,180073
1786742881,6,177753
1786742881,7,172293
1786742883,0,176317
1786742883,1,173871
1786742883,2,172311
1786742883,3,177173
1786742883,4,177093
1786742883,5,180073
1786742883,6,177753
1786742883,7,172293
1786742885,0,176317
1786742885,1,173871
1786742885,2,172311
1786742885,3,177173
1786742885,4,177093
1786742885,5,180073
1786742885,6,177753
1786742885,7,172293
1786742888,0,176317
1786742888,1,173871
1786742888,2,172311
1786742888,3,177173
1786742888,4,177093
1786742888,5,180073
1786742888,6,177753
1786742888,7,172293
1786742891,0,176317
1786742891,1,173871
1786742891,2,172311
1786742891,3,177173
1786742891,4,177093
1786742891,5,180073
1786742891,6,177753
1786742891,7,172293
1786742893,0,176317
1786742893,1,173871
1786742893,2,172311
1786742893,3,177173
1786742893,4,177093
1786742893,5,180073
1786742893,6,177753
1786742893,7,172293
1786742895,0,176317
1786742895,1,173871
1786742895,2,172311
1786742895,3,177173
1786742895,4,177093
1786742895,5,180073
1786742895,6,177753
1786742895,7,172293
1786742897,0,176317
1786742897,1,173871
1786742897,2,172311
1786742897,3,177173
1786742897,4,177093
1786742897,5,180073
1786742897,6,177753
1786742897,7,172293
1786742900,0,176317
1786742900,1,173871
1786742900,2,172311
1786742900,3,177173
1786742900,4,177093
1786742900,5,180073
1786742900,6,177753
1786742900,7,172293
1786742902,0,176317
1786742902,1,173871
1786742902,2,172311
1786742902,3,177173
1786742902,4,177093
1786742902,5,180073
1786742902,6,177753
1786742902,7,172293
1786742904,0,176317
1786742904,1,173871
1786742904,2,172311
1786742904,3,177173
1786742904,4,177093
1786742904,5,180073
1786742904,6,177753
1786742904,7,172293
1786742906,0,176317
1786742906,1,173871
1786742906,2,172311
1786742906,3,177173
1786742906,4,177093
1786742906,5,180073
1786742906,6,177753
1786742906,7,172293
1786742909,0,176317
1786742909,1,173871
1786742909,2,172311
1786742909,3,177173
1786742909,4,177093
1786742909,5,180073
1786742909,6,177753
1786742909,7,172293
1786742911,0,176317
1786742911,1,173871
1786742911,2,172311
1786742911,3,177173
1786742911,4,177093
1786742911,5,180073
1786742911,6,177753
1786742911,7,172293
1786742913,0,176317
1786742913,1,173871
1786742913,2,172311
1786742913,3,177173
1786742913,4,177093
1786742913,5,180073
1786742913,6,177753
1786742913,7,172293
1786742915,0,176317
1786742915,1,173871
1786742915,2,172311
1786742915,3,177173
1786742915,4,177093
1786742915,5,180073
1786742915,6,177753
1786742915,7,172293
1786742917,0,176317
1786742917,1,173871
1786742917,2,172311
1786742917,3,177173
1786742917,4,177093
1786742917,5,180073
1786742917,6,177753
1786742917,7,172293
1786742920,0,176317
1786742920,1,173871
1786742920,2,172311
1786742920,3,177173
1786742920,4,177093
1786742920,5,180133
1786742920,6,177753
1786742920,7,172293
1786742922,0,176317
1786742922,1,173871
1786742922,2,172311
1786742922,3,177173
1786742922,4,177093
1786742922,5,180133
1786742922,6,177753
1786742922,7,172293
1786742924,0,176317
1786742924,1,173871
1786742924,2,172311
1786742924,3,177173
1786742924,4,177093
1786742924,5,180133
1786742924,6,177753
1786742924,7,172293
1786742926,0,176317
1786742926,1,173871
1786742926,2,172311
1786742926,3,177173
1786742926,4,177093
1786742926,5,180133
1786742926,6,177753
1786742926,7,172293
1786742929,0,176317
1786742929,1,173871
1786742929,2,172311
1786742929,3,177173
1786742929,4,177093
1786742929,5,180133
1786742929,6,177753
1786742929,7,172293
1786742931,0,176317
1786742931,1,173871
1786742931,2,172311
1786742931,3,177173
1786742931,4,177093
1786742931,5,180133
1786742931,6,177753
1786742931,7,172293
1786742933,0,176317
1786742933,1,173871
1786742933,2,172311
1786742933,3,177173
1786742933,4,177093
1786742933,5,180133
1786742933,6,177753
1786742933,7,172293
1786742936,0,176317
1786742936,1,173871
1786742936,2,172311
1786742936,3,177173
1786742936,4,177093
1786742936,5,180133
1786742936,6,177753
1786742936,7,172293
1786742939,0,176317
1786742939,1,173871
1786742939,2,172311
1786742939,3,177173
1786742939,4,177093
1786742939,5,180133
1786742939,6,177753
1786742939,7,172293
1786742941,0,176317
1786742941,1,173871
1786742941,2,172311
1786742941,3,177173
1786742941,4,177093
1786742941,5,180133
1786742941,6,177753
1786742941,7,172293
1786742944,0,176317
1786742944,1,173871
1786742944,2,172311
1786742944,3,177173
1786742944,4,177093
1786742944,5,180133
1786742944,6,177753
1786742944,7,172293
1786742946,0,176317
1786742946,1,173871
1786742946,2,172311
1786742946,3,177173
1786742946,4,177093
1786742946,5,180133
1786742946,6,177753
1786742946,7,172293
1786742950,0,176317
1786742950,1,173871
1786742950,2,172311
1786742950,3,177173
1786742950,4,177093
1786742950,5,180133
1786742950,6,177753
1786742950,7,172293
1786742953,0,176317
1786742953,1,173871
1786742953,2,172311
1786742953,3,177173
1786742953,4,177093
1786742953,5,180133
1786742953,6,177753
1786742953,7,172293
1786742956,0,176317
1786742956,1,173871
1786742956,2,172311
1786742956,3,177173
1786742956,4,177093
1786742956,5,180133
1786742956,6,177753
1786742956,7,172293
1786742958,0,176317
1786742958,1,173871
1786742958,2,172311
1786742958,3,177173
1786742958,4,177093
1786742958,5,180133
1786742958,6,177753
1786742958,7,172293
1786742960,0,176317
1786742960,1,173871
1786742960,2,172311
1786742960,3,177173
1786742960,4,177093
1786742960,5,180133
1786742960,6,177753
1786742960,7,172293
1786742963,0,176317
1786742963,1,173871
1786742963,2,172311
1786742963,3,177173
1786742963,4,177093
1786742963,5,180133
1786742963,6,177753
1786742963,7,172293
1786742965,0,176317
1786742965,1,173871
1786742965,2,172311
1786742965,3,177173
1786742965,4,177093
1786742965,5,180133
1786742965,6,177753
1786742965,7,172293
1786742967,0,176317
1786742967,1,173871
1786742967,2,172311
1786742967,3,177173
1786742967,4,177093
1786742967,5,180133
1786742967,6,177753
1786742967,7,172293
1786742970,0,176317
1786742970,1,173871
1786742970,2,172311
1786742970,3,177173
1786742970,4,177093
1786742970,5,180133
1786742970,6,177753
1786742970,7,172293
1786742972,0,176317
1786742972,1,173871
1786742972,2,172311
1786742972,3,177173
1786742972,4,177093
1786742972,5,180133
1786742972,6,177753
1786742972,7,172293
1786742974,0,176317
1786742974,1,173871
1786742974,2,172311
1786742974,3,177173
1786742974,4,177093
1786742974,5,180133
1786742974,6,177753
1786742974,7,172293
1786742976,0,176317
1786742976,1,173871
1786742976,2,172311
1786742976,3,177173
1786742976,4,177093
1786742976,5,180133
1786742976,6,177753
1786742976,7,172293
1786742979,0,176317
1786742979,1,173871
1786742979,2,172311
1786742979,3,177173
1786742979,4,177093
1786742979,5,180133
1786742979,6,177753
1786742979,7,172293
1786742981,0,176317
1786742981,1,173871
1786742981,2,172311
1786742981,3,177173
1786742981,4,177093
1786742981,5,180133
1786742981,6,177753
1786742981,7,172293
1786742983,0,176317
1786742983,1,173871
1786742983,2,172311
1786742983,3,177173
1786742983,4,177093
1786742983,5,180133
1786742983,6,177753
1786742983,7,172293
1786742985,0,176317
1786742985,1,173871
1786742985,2,172311
1786742985,3,177173
1786742985,4,177093
1786742985,5,180133
1786742985,6,177753
1786742985,7,172293
1786742988,0,176317
1786742988,1,173871
1786742988,2,172311
1786742988,3,177173
1786742988,4,177093
1786742988,5,180133
1786742988,6,177753
1786742988,7,172293
1786742990,0,176317
1786742990,1,173871
1786742990,2,172311
1786742990,3,177173
1786742990,4,177093
1786742990,5,180133
1786742990,6,177753
1786742990,7,172293
1786742992,0,176317
1786742992,1,173871
1786742992,2,172311
1786742992,3,177173
1786742992,4,177093
1786742992,5,180133
1786742992,6,177753
1786742992,7,172293
1786742995,0,176317
1786742995,1,173871
1786742995,2,172311
1786742995,3,177173
1786742995,4,177093
1786742995,5,180133
1786742995,6,177753
1786742995,7,172293
1786742997,0,176317
1786742997,1,173871
1786742997,2,172311
1786742997,3,177173
1786742997,4,177093
1786742997,5,180133
1786742997,6,177753
1786742997,7,172293
1786742999,0,176317
1786742999,1,173871
1786742999,2,172311
1786742999,3,177173
1786742999,4,177093
1786742999,5,180133
1786742999,6,177753
1786742999,7,172293
1786743001,0,176317
1786743001,1,173871
1786743001,2,172311
1786743001,3,177173
1786743001,4,177093
1786743001,5,180133
1786743001,6,177753
1786743001,7,172293
1786743004,0,176317
1786743004,1,173871
1786743004,2,172311
1786743004,3,177173
1786743004,4,177093
1786743004,5,180133
1786743004,6,177753
1786743004,7,172293
1786743006,0,176317
1786743006,1,173871
1786743006,2,172311
1786743006,3,177173
1786743006,4,177093
1786743006,5,180133
1786743006,6,177753
1786743006,7,172293
1786743009,0,176317
1786743009,1,173871
1786743009,2,172311
1786743009,3,177173
1786743009,4,177093
1786743009,5,180133
1786743009,6,177753
1786743009,7,172293
1786743011,0,176317
1786743011,1,173871
1786743011,2,172311
1786743011,3,177173
1786743011,4,177093
1786743011,5,180133
1786743011,6,177753
1786743011,7,172293
1786743014,0,176317
1786743014,1,173871
1786743014,2,172311
1786743014,3,177173
1786743014,4,177093
1786743014,5,180133
1786743014,6,177753
1786743014,7,172293
1786743016,0,176317
1786743016,1,173871
1786743016,2,172311
1786743016,3,177173
1786743016,4,177093
1786743016,5,180133
1786743016,6,177753
1786743016,7,172293
1786743018,0,176317
1786743018,1,173871
1786743018,2,172311
1786743018,3,177173
1786743018,4,177093
1786743018,5,180133
1786743018,6,177753
1786743018,7,172293
1786743021,0,176317
1786743021,1,173871
1786743021,2,172311
1786743021,3,177173
1786743021,4,177093
1786743021,5,180133
1786743021,6,177753
1786743021,7,172293
1786743024,0,176317
1786743024,1,173871
1786743024,2,172311
1786743024,3,177173
1786743024,4,177093
1786743024,5,180133
1786743024,6,177753
1786743024,7,172293
1786743026,0,176317
1786743026,1,173871
1786743026,2,172311
1786743026,3,177173
1786743026,4,177093
1786743026,5,180133
1786743026,6,177753
1786743026,7,172293
1786743028,0,176317
1786743028,1,173871
1786743028,2,172311
1786743028,3,177173
1786743028,4,177093
1786743028,5,180133
1786743028,6,177753
1786743028,7,172293
1786743030,0,176317
1786743030,1,173871
1786743030,2,172311
1786743030,3,177173
1786743030,4,177093
1786743030,5,180133
1786743030,6,177753
1786743030,7,172293
1786743033,0,176317
1786743033,1,173871
1786743033,2,172311
1786743033,3,177173
1786743033,4,177093
1786743033,5,180133
1786743033,6,177753
1786743033,7,172293
1786743035,0,176317
1786743035,1,173871
1786743035,2,172311
1786743035,3,177173
1786743035,4,177093
1786743035,5,180133
1786743035,6,177753
1786743035,7,172293
1786743037,0,176317
1786743037,1,173871
1786743037,2,172311
1786743037,3,177173
1786743037,4,177093
1786743037,5,180133
1786743037,6,177753
1786743037,7,172293
1786743040,0,176317
1786743040,1,173871
1786743040,2,172311
1786743040,3,177173
1786743040,4,177093
1786743040,5,180133
1786743040,6,177753
1786743040,7,172293
1786743042,0,176317
1786743042,1,173871
1786743042,2,172311
1786743042,3,177173
1786743042,4,177093
1786743042,5,180133
1786743042,6,177753
1786743042,7,172293
1786743044,0,176317
1786743044,1,173871
1786743044,2,172311
1786743044,3,177173
1786743044,4,177093
1786743044,5,180133
1786743044,6,177753
1786743044,7,172293
1786743046,0,176317
1786743046,1,173871
1786743046,2,172311
1786743046,3,177173
1786743046,4,177093
1786743046,5,180133
1786743046,6,177753
1786743046,7,172293
1786743048,0,176317
1786743048,1,173871
1786743048,2,172311
1786743048,3,177173
1786743048,4,177093
1786743048,5,180133
1786743048,6,177753
1786743048,7,172293
1786743050,0,176317
1786743050,1,173871
1786743050,2,172311
1786743050,3,177173
1786743050,4,177093
1786743050,5,180133
1786743050,6,177753
1786743050,7,172293
1786743053,0,176317
1786743053,1,173871
1786743053,2,172311
1786743053,3,177173
1786743053,4,177093
1786743053,5,180133
1786743053,6,177753
1786743053,7,172293
1786743056,0,176317
1786743056,1,173871
1786743056,2,172311
1786743056,3,177173
1786743056,4,177093
1786743056,5,180133
1786743056,6,177753
1786743056,7,172293
1786743058,0,176317
1786743058,1,173871
1786743058,2,172311
1786743058,3,177173
1786743058,4,177093
1786743058,5,180133
1786743058,6,177753
1786743058,7,172293
1786743061,0,176317
1786743061,1,173871
1786743061,2,172311
1786743061,3,177173
1786743061,4,177093
1786743061,5,180133
1786743061,6,177753
1786743061,7,172293
1786743063,0,176317
1786743063,1,173871
1786743063,2,172311
1786743063,3,177173
1786743063,4,177093
1786743063,5,180133
1786743063,6,177753
1786743063,7,172293
1786743065,0,176317
1786743065,1,173871
1786743065,2,172311
1786743065,3,177173
1786743065,4,177093
1786743065,5,180133
1786743065,6,177753
1786743065,7,172293
1786743068,0,176317
1786743068,1,173871
1786743068,2,172311
1786743068,3,177173
1786743068,4,177093
1786743068,5,180133
1786743068,6,177753
1786743068,7,172293
1786743071,0,176317
1786743071,1,173871
1786743071,2,172311
1786743071,3,177173
1786743071,4,177093
1786743071,5,180133
1786743071,6,177753
1786743071,7,172293
1786743073,0,176317
1786743073,1,173871
1786743073,2,172311
1786743073,3,177173
1786743073,4,177093
1786743073,5,180133
1786743073,6,177753
1786743073,7,172293
1786743075,0,176317
1786743075,1,173871
1786743075,2,172311
1786743075,3,177173
1786743075,4,177093
1786743075,5,180133
1786743075,6,177753
1786743075,7,172293
1786743077,0,176317
1786743077,1,173871
1786743077,2,172311
1786743077,3,177173
1786743077,4,177093
1786743077,5,180133
1786743077,6,177753
1786743077,7,172293
1786743079,0,176317
1786743079,1,173871
1786743079,2,172311
1786743079,3,177173
1786743079,4,177093
1786743079,5,180133
1786743079,6,177753
1786743079,7,172293
1786743082,0,176317
1786743082,1,173871
1786743082,2,172311
1786743082,3,177173
1786743082,4,177093
1786743082,5,180133
1786743082,6,177753
1786743082,7,172293
1786743084,0,176317
1786743084,1,173871
1786743084,2,172311
1786743084,3,177173
1786743084,4,177093
1786743084,5,180133
1786743084,6,177753
1786743084,7,172293
1786743086,0,176317
1786743086,1,173871
1786743086,2,172311
1786743086,3,177173
1786743086,4,177093
1786743086,5,180133
1786743086,6,177753
1786743086,7,172293
1786743088,0,176317
1786743088,1,173871
1786743088,2,172311
1786743088,3,177173
1786743088,4,177093
1786743088,5,180133
1786743088,6,177753
1786743088,7,172293
1786743091,0,176317
1786743091,1,173871
1786743091,2,172311
1786743091,3,177173
1786743091,4,177093
1786743091,5,180133
1786743091,6,177753
1786743091,7,172293
1786743093,0,176317
1786743093,1,173871
1786743093,2,172311
1786743093,3,177173
1786743093,4,177093
1786743093,5,180133
1786743093,6,177753
1786743093,7,172293
1786743096,0,176317
1786743096,1,173871
1786743096,2,172311
1786743096,3,177173
1786743096,4,177093
1786743096,5,180133
1786743096,6,177753
1786743096,7,172293
1786743098,0,176317
1786743098,1,173871
1786743098,2,172311
1786743098,3,177173
1786743098,4,177093
1786743098,5,180133
1786743098,6,177753
1786743098,7,172293
1786743101,0,176317
1786743101,1,173871
1786743101,2,172311
1786743101,3,177173
1786743101,4,177093
1786743101,5,180133
1786743101,6,177753
1786743101,7,172293
1786743104,0,176317
1786743104,1,173871
1786743104,2,172311
1786743104,3,177173
1786743104,4,177093
1786743104,5,180133
1786743104,6,177753
1786743104,7,172293
1786743106,0,176317
1786743106,1,173871
1786743106,2,172311
1786743106,3,177173
1786743106,4,177093
1786743106,5,180133
1786743106,6,177753
1786743106,7,172293
1786743108,0,176317
1786743108,1,173871
1786743108,2,172311
1786743108,3,177173
1786743108,4,177093
1786743108,5,180133
1786743108,6,177753
1786743108,7,172293
1786743110,0,176317
1786743110,1,173871
1786743110,2,172311
1786743110,3,177173
1786743110,4,177093
1786743110,5,180133
1786743110,6,177753
1786743110,7,172293
1786743113,0,176317
1786743113,1,173871
1786743113,2,172311
1786743113,3,177173
1786743113,4,177093
1786743113,5,180133
1786743113,6,177753
1786743113,7,172293
1786743115,0,176317
1786743115,1,173871
1786743115,2,172311
1786743115,3,177173
1786743115,4,177093
1786743115,5,180133
1786743115,6,177753
1786743115,7,172293
1786743118,0,176317
1786743118,1,173871
1786743118,2,172311
1786743118,3,177173
1786743118,4,177093
1786743118,5,180133
1786743118,6,177753
1786743118,7,172293
1786743120,0,176317
1786743120,1,173871
1786743120,2,172311
1786743120,3,177173
1786743120,4,177093
1786743120,5,180133
1786743120,6,177753
1786743120,7,172293
1786743122,0,176317
1786743122,1,173871
1786743122,2,172311
1786743122,3,177173
1786743122,4,177093
1786743122,5,180133
1786743122,6,177753
1786743122,7,172293
1786743124,0,176317
1786743124,1,173871
1786743124,2,172311
1786743124,3,177173
1786743124,4,177093
1786743124,5,180133
1786743124,6,177753
1786743124,7,172293
1786743126,0,176317
1786743126,1,173871
1786743126,2,172311
1786743126,3,177173
1786743126,4,177093
1786743126,5,180133
1786743126,6,177753
1786743126,7,172293
1786743129,0,176317
1786743129,1,173871
1786743129,2,172311
1786743129,3,177173
1786743129,4,177093
1786743129,5,180133
1786743129,6,177753
1786743129,7,172293
1786743131,0,176317
1786743131,1,173871
1786743131,2,172311
1786743131,3,177173
1786743131,4,177093
1786743131,5,180133
1786743131,6,177753
1786743131,7,172293
1786743134,0,176317
1786743134,1,173871
1786743134,2,172311
1786743134,3,177173
1786743134,4,177093
1786743134,5,180133
1786743134,6,177753
1786743134,7,172293
1786743136,0,176317
1786743136,1,173871
1786743136,2,172311
1786743136,3,177173
1786743136,4,177093
1786743136,5,180133
1786743136,6,177753
1786743136,7,172293
1786743138,0,176317
1786743138,1,173871
1786743138,2,172311
1786743138,3,177173
1786743138,4,177093
1786743138,5,180133
1786743138,6,177753
1786743138,7,172293
1786743140,0,176317
1786743140,1,173871
1786743140,2,172311
1786743140,3,177173
1786743140,4,177093
1786743140,5,180133
1786743140,6,177753
1786743140,7,172293
1786743142,0,176317
1786743142,1,173871
1786743142,2,172311
1786743142,3,177173
1786743142,4,177093
1786743142,5,180133
1786743142,6,177753
1786743142,7,172293
1786743145,0,176317
1786743145,1,173871
1786743145,2,172311
1786743145,3,177173
1786743145,4,177093
1786743145,5,180133
1786743145,6,177753
1786743145,7,172293
1786743147,0,176317
1786743147,1,173871
1786743147,2,172311
1786743147,3,177173
1786743147,4,177093
1786743147,5,180133
1786743147,6,177753
1786743147,7,172293
1786743149,0,176317
1786743149,1,173871
1786743149,2,172311
1786743149,3,177173
1786743149,4,177093
1786743149,5,180133
1786743149,6,177753
1786743149,7,172293
1786743152,0,176317
1786743152,1,173871
1786743152,2,172311
1786743152,3,177173
1786743152,4,177093
1786743152,5,180133
1786743152,6,177753
1786743152,7,172293
1786743154,0,176317
1786743154,1,173871
1786743154,2,172311
1786743154,3,177173
1786743154,4,177093
1786743154,5,180133
1786743154,6,177753
1786743154,7,172293
1786743156,0,176317
1786743156,1,173871
1786743156,2,172311
1786743156,3,177173
1786743156,4,177093
1786743156,5,180133
1786743156,6,177753
1786743156,7,172293
1786743158,0,176317
1786743158,1,173871
1786743158,2,172311
1786743158,3,177173
1786743158,4,177093
1786743158,5,180133
1786743158,6,177753
1786743158,7,172293
1786743161,0,176317
1786743161,1,173871
1786743161,2,172311
1786743161,3,177173
1786743161,4,177093
1786743161,5,180133
1786743161,6,177753
1786743161,7,172293
1786743163,0,176317
1786743163,1,173871
1786743163,2,172311
1786743163,3,177173
1786743163,4,177093
1786743163,5,180133
1786743163,6,177753
1786743163,7,172293
1786743165,0,176317
1786743165,1,173871
1786743165,2,172311
1786743165,3,177173
1786743165,4,177093
1786743165,5,180133
1786743165,6,177753
1786743165,7,172293
1786743167,0,176317
1786743167,1,173871
1786743167,2,172311
1786743167,3,177173
1786743167,4,177093
1786743167,5,180133
1786743167,6,177753
1786743167,7,172293
1786743169,0,176317
1786743169,1,173871
1786743169,2,172311
1786743169,3,177173
1786743169,4,177093
1786743169,5,180133
1786743169,6,177753
1786743169,7,172293
1786743171,0,176317
1786743171,1,173871
1786743171,2,172311
1786743171,3,177173
1786743171,4,177093
1786743171,5,180133
1786743171,6,177753
1786743171,7,172293
1786743174,0,176317
1786743174,1,173871
1786743174,2,172311
1786743174,3,177173
1786743174,4,177093
1786743174,5,180133
1786743174,6,177753
1786743174,7,172293
1786743176,0,176317
1786743176,1,173871
1786743176,2,172311
1786743176,3,177173
1786743176,4,177093
1786743176,5,180133
1786743176,6,177753
1786743176,7,172293
1786743178,0,176317
1786743178,1,173871
1786743178,2,172311
1786743178,3,177173
1786743178,4,177093
1786743178,5,180133
1786743178,6,177753
1786743178,7,172293
1786743181,0,176317
1786743181,1,173871
1786743181,2,172311
1786743181,3,177173
1786743181,4,177093
1786743181,5,180133
1786743181,6,177753
1786743181,7,172293
1786743183,0,176317
1786743183,1,173871
1786743183,2,172311
1786743183,3,177173
1786743183,4,177093
1786743183,5,180133
1786743183,6,177753
1786743183,7,172293
1786743185,0,176317
1786743185,1,173871
1786743185,2,172311
1786743185,3,177173
1786743185,4,177093
1786743185,5,180133
1786743185,6,177753
1786743185,7,172293
1786743187,0,176317
1786743187,1,173871
1786743187,2,172311
1786743187,3,177173
1786743187,4,177093
1786743187,5,180133
1786743187,6,177753
1786743187,7,172293
1786743190,0,176317
1786743190,1,173871
1786743190,2,172311
1786743190,3,177173
1786743190,4,177093
1786743190,5,180133
1786743190,6,177753
1786743190,7,172293
1786743192,0,176317
1786743192,1,173871
1786743192,2,172311
1786743192,3,177173
1786743192,4,177093
1786743192,5,180133
1786743192,6,177753
1786743192,7,172293
1786743194,0,176317
1786743194,1,173871
1786743194,2,172311
1786743194,3,177173
1786743194,4,177093
1786743194,5,180133
1786743194,6,177753
1786743194,7,172293
1786743196,0,176317
1786743196,1,173871
1786743196,2,172311
1786743196,3,177173
1786743196,4,177093
1786743196,5,180133
1786743196,6,177753
1786743196,7,172293
1786743199,0,176317
1786743199,1,173871
1786743199,2,172311
1786743199,3,177173
1786743199,4,177093
1786743199,5,180133
1786743199,6,177753
1786743199,7,172293
1786743201,0,176317
1786743201,1,173871
1786743201,2,172311
1786743201,3,177173
1786743201,4,177093
1786743201,5,180133
1786743201,6,177753
1786743201,7,172293
1786743204,0,176317
1786743204,1,173871
1786743204,2,172311
1786743204,3,177173
1786743204,4,177093
1786743204,5,180133
1786743204,6,177753
1786743204,7,172293
1786743206,0,176317
1786743206,1,173871
1786743206,2,172311
1786743206,3,177173
1786743206,4,177093
1786743206,5,180133
1786743206,6,177753
1786743206,7,172293
1786743209,0,176317
1786743209,1,173871
1786743209,2,172311
1786743209,3,177173
1786743209,4,177093
1786743209,5,180133
1786743209,6,177753
1786743209,7,172293
1786743211,0,176317
1786743211,1,173871
1786743211,2,172311
1786743211,3,177173
1786743211,4,177093
1786743211,5,180133
1786743211,6,177753
1786743211,7,172293
1786743213,0,176317
1786743213,1,173871
1786743213,2,172311
1786743213,3,177173
1786743213,4,177093
1786743213,5,180133
1786743213,6,177753
1786743213,7,172293
1786743215,0,176317
1786743215,1,173871
1786743215,2,172311
1786743215,3,177173
1786743215,4,177093
1786743215,5,180133
1786743215,6,177753
1786743215,7,172293
1786743217,0,176317
1786743217,1,173871
1786743217,2,172311
1786743217,3,177173
1786743217,4,177093
1786743217,5,180133
1786743217,6,177753
1786743217,7,172293
1786743220,0,176317
1786743220,1,173871
1786743220,2,172311
1786743220,3,177173
1786743220,4,177093
1786743220,5,180133
1786743220,6,177753
1786743220,7,172293
1786743222,0,176317
1786743222,1,173871
1786743222,2,172311
1786743222,3,177173
1786743222,4,177093
1786743222,5,180133
1786743222,6,177753
1786743222,7,172293
1786743224,0,176317
1786743224,1,173871
1786743224,2,172311
1786743224,3,177173
1786743224,4,177093
1786743224,5,180133
1786743224,6,177753
1786743224,7,172293
1786743227,0,176317
1786743227,1,173871
1786743227,2,172311
1786743227,3,177173
1786743227,4,177093
1786743227,5,180133
1786743227,6,177753
1786743227,7,172293
1786743229,0,176317
1786743229,1,173871
1786743229,2,172311
1786743229,3,177173
1786743229,4,177093
1786743229,5,180133
1786743229,6,177753
1786743229,7,172293
1786743231,0,176317
1786743231,1,173871
1786743231,2,172311
1786743231,3,177173
1786743231,4,177093
1786743231,5,180133
1786743231,6,177753
1786743231,7,172293
1786743234,0,176317
1786743234,1,173871
1786743234,2,172311
1786743234,3,177173
1786743234,4,177093
1786743234,5,180133
1786743234,6,177753
1786743234,7,172293
1786743236,0,176317
1786743236,1,173871
1786743236,2,172311
1786743236,3,177173
1786743236,4,177093
1786743236,5,180133
1786743236,6,177753
1786743236,7,172293
1786743238,0,176317
1786743238,1,173871
1786743238,2,172311
1786743238,3,177173
1786743238,4,177093
1786743238,5,180133
1786743238,6,177753
1786743238,7,172293
1786743241,0,176317
1786743241,1,173871
1786743241,2,172311
1786743241,3,177173
1786743241,4,177093
1786743241,5,180133
1786743241,6,177753
1786743241,7,172293
1786743244,0,176317
1786743244,1,173871
1786743244,2,172311
1786743244,3,177173
1786743244,4,177093
1786743244,5,180133
1786743244,6,177753
1786743244,7,172293
1786743246,0,176317
1786743246,1,173871
1786743246,2,172311
1786743246,3,177173
1786743246,4,177093
1786743246,5,180133
1786743246,6,177753
1786743246,7,172293
1786743248,0,176317
1786743248,1,173871
1786743248,2,172311
1786743248,3,177173
1786743248,4,177093
1786743248,5,180133
1786743248,6,177753
1786743248,7,172293
1786743251,0,176317
1786743251,1,173871
1786743251,2,172311
1786743251,3,177173
1786743251,4,177093
1786743251,5,180133
1786743251,6,177753
1786743251,7,172293
1786743253,0,176317
1786743253,1,173871
1786743253,2,172311
1786743253,3,177173
1786743253,4,177093
1786743253,5,180133
1786743253,6,177753
1786743253,7,172293
1786743256,0,176317
1786743256,1,173871
1786743256,2,172311
1786743256,3,177173
1786743256,4,177093
1786743256,5,180133
1786743256,6,177753
1786743256,7,172293
1786743258,0,176317
1786743258,1,173871
1786743258,2,172311
1786743258,3,177173
1786743258,4,177093
1786743258,5,180133
1786743258,6,177753
1786743258,7,172293
1786743261,0,176317
1786743261,1,173871
1786743261,2,172311
1786743261,3,177173
1786743261,4,177093
1786743261,5,180133
1786743261,6,177753
1786743261,7,172293
1786743263,0,176317
1786743263,1,173871
1786743263,2,172311
1786743263,3,177173
1786743263,4,177093
1786743263,5,180133
1786743263,6,177753
1786743263,7,172293
1786743266,0,176317
1786743266,1,173871
1786743266,2,172311
1786743266,3,177173
1786743266,4,177093
1786743266,5,180133
1786743266,6,177753
1786743266,7,172293
1786743269,0,176317
1786743269,1,173871
1786743269,2,172311
1786743269,3,177173
1786743269,4,177093
1786743269,5,180133
1786743269,6,177753
1786743269,7,172293
1786743271,0,176317
1786743271,1,173871
1786743271,2,172311
1786743271,3,177173
1786743271,4,177093
1786743271,5,180133
1786743271,6,177753
1786743271,7,172293
1786743273,0,176317
1786743273,1,173871
1786743273,2,172311
1786743273,3,177173
1786743273,4,177093
1786743273,5,180133
1786743273,6,177753
1786743273,7,172293
1786743275,0,176317
1786743275,1,173871
1786743275,2,172311
1786743275,3,177173
1786743275,4,177093
1786743275,5,180133
1786743275,6,177753
1786743275,7,172293
1786743278,0,176317
1786743278,1,173871
1786743278,2,172311
1786743278,3,177173
1786743278,4,177093
1786743278,5,180133
1786743278,6,177753
1786743278,7,172293
1786743280,0,176317
1786743280,1,173871
1786743280,2,172311
1786743280,3,177173
1786743280,4,177093
1786743280,5,180133
1786743280,6,177753
1786743280,7,172293
1786743283,0,176317
1786743283,1,173871
1786743283,2,172311
1786743283,3,177173
1786743283,4,177093
1786743283,5,180133
1786743283,6,177753
1786743283,7,172293
1786743286,0,176317
1786743286,1,173871
1786743286,2,172311
1786743286,3,177173
1786743286,4,177093
1786743286,5,180133
1786743286,6,177753
1786743286,7,172293
1786743289,0,176317
1786743289,1,173871
1786743289,2,172311
1786743289,3,177173
1786743289,4,177093
1786743289,5,180133
1786743289,6,177753
1786743289,7,172293
1786743292,0,176317
1786743292,1,173871
1786743292,2,172311
1786743292,3,177173
1786743292,4,177093
1786743292,5,180133
1786743292,6,177753
1786743292,7,172293
1786743296,0,176317
1786743296,1,173871
1786743296,2,172311
1786743296,3,177173
1786743296,4,177093
1786743296,5,180133
1786743296,6,177753
1786743296,7,172293
1786743299,0,176317
1786743299,1,173871
1786743299,2,172311
1786743299,3,177173
1786743299,4,177093
1786743299,5,180133
1786743299,6,177753
1786743299,7,172293
1786743301,0,176317
1786743301,1,173871
1786743301,2,172311
1786743301,3,177173
1786743301,4,177093
1786743301,5,180133
1786743301,6,177753
1786743301,7,172293
1786743303,0,176317
1786743303,1,173871
1786743303,2,172311
1786743303,3,177173
1786743303,4,177093
1786743303,5,180133
1786743303,6,177753
1786743303,7,172293
1786743305,0,176317
1786743305,1,173871
1786743305,2,172311
1786743305,3,177173
1786743305,4,177093
1786743305,5,180133
1786743305,6,177753
1786743305,7,172293
1786743308,0,176317
1786743308,1,173871
1786743308,2,172311
1786743308,3,177173
1786743308,4,177093
1786743308,5,180133
1786743308,6,177753
1786743308,7,172293
1786743310,0,176317
1786743310,1,173871
1786743310,2,172311
1786743310,3,177173
1786743310,4,177093
1786743310,5,180133
1786743310,6,177753
1786743310,7,172293
1786743313,0,176317
1786743313,1,173871
1786743313,2,172311
1786743313,3,177173
1786743313,4,177093
1786743313,5,180133
1786743313,6,177753
1786743313,7,172293
1786743316,0,176317
1786743316,1,173871
1786743316,2,172311
1786743316,3,177173
1786743316,4,177093
1786743316,5,180133
1786743316,6,177753
1786743316,7,172293
1786743318,0,176317
1786743318,1,173871
1786743318,2,172311
1786743318,3,177173
1786743318,4,177093
1786743318,5,180133
1786743318,6,177753
1786743318,7,172293
1786743321,0,176317
1786743321,1,173871
1786743321,2,172311
1786743321,3,177173
1786743321,4,177093
1786743321,5,180133
1786743321,6,177753
1786743321,7,172293
1786743325,0,176317
1786743325,1,173871
1786743325,2,172311
1786743325,3,177173
1786743325,4,177093
1786743325,5,180133
1786743325,6,177753
1786743325,7,172293
1786743328,0,176317
1786743328,1,173871
1786743328,2,172311
1786743328,3,177173
1786743328,4,177093
1786743328,5,180133
1786743328,6,177753
1786743328,7,172293
1786743330,0,176317
1786743330,1,173871
1786743330,2,172311
1786743330,3,177173
1786743330,4,177093
1786743330,5,180133
1786743330,6,177753
1786743330,7,172293
1786743333,0,176317
1786743333,1,173871
1786743333,2,172311
1786743333,3,177173
1786743333,4,177093
1786743333,5,180133
1786743333,6,177753
1786743333,7,172293
1786743336,0,176317
1786743336,1,173871
1786743336,2,172311
1786743336,3,177173
1786743336,4,177093
1786743336,5,180133
1786743336,6,177753
1786743336,7,172293
1786743338,0,176317
1786743338,1,173871
1786743338,2,172311
1786743338,3,177173
1786743338,4,177093
1786743338,5,180133
1786743338,6,177753
1786743338,7,172293
1786743341,0,176317
1786743341,1,173871
1786743341,2,172311
1786743341,3,177173
1786743341,4,177093
1786743341,5,180133
1786743341,6,177753
1786743341,7,172293
1786743343,0,176317
1786743343,1,173871
1786743343,2,172311
1786743343,3,177173
1786743343,4,177093
1786743343,5,180133
1786743343,6,177753
1786743343,7,172293
1786743346,0,176317
1786743346,1,173871
1786743346,2,172311
1786743346,3,177173
1786743346,4,177093
1786743346,5,180133
1786743346,6,177753
1786743346,7,172293
1786743348,0,176317
1786743348,1,173871
1786743348,2,172311
1786743348,3,177173
1786743348,4,177093
1786743348,5,180133
1786743348,6,177753
1786743348,7,172293
1786743350,0,176317
1786743350,1,173871
1786743350,2,172311
1786743350,3,177173
1786743350,4,177093
1786743350,5,180133
1786743350,6,177753
1786743350,7,172293
1786743354,0,176317
1786743354,1,173871
1786743354,2,172311
1786743354,3,177173
1786743354,4,177093
1786743354,5,180133
1786743354,6,177753
1786743354,7,172293
1786743356,0,176317
1786743356,1,173871
1786743356,2,172311
1786743356,3,177173
1786743356,4,177093
1786743356,5,180133
1786743356,6,177753
1786743356,7,172293
1786743359,0,176317
1786743359,1,173871
1786743359,2,172311
1786743359,3,177173
1786743359,4,177093
1786743359,5,180133
1786743359,6,177753
1786743359,7,172293
1786743362,0,176317
1786743362,1,173871
1786743362,2,172311
1786743362,3,177173
1786743362,4,177093
1786743362,5,180133
1786743362,6,177753
1786743362,7,172293
1786743364,0,176317
1786743364,1,173871
1786743364,2,172311
1786743364,3,177173
1786743364,4,177093
1786743364,5,180133
1786743364,6,177753
1786743364,7,172293
1786743366,0,176317
1786743366,1,173871
1786743366,2,172311
1786743366,3,177173
1786743366,4,177093
1786743366,5,180133
1786743366,6,177753
1786743366,7,172293
1786743369,0,176317
1786743369,1,173871
1786743369,2,172311
1786743369,3,177173
1786743369,4,177093
1786743369,5,180133
1786743369,6,177753
1786743369,7,172293
1786743372,0,176317
1786743372,1,173871
1786743372,2,172311
1786743372,3,177173
1786743372,4,177093
1786743372,5,180133
1786743372,6,177753
1786743372,7,172293
1786743375,0,176317
1786743375,1,173871
1786743375,2,172311
1786743375,3,177173
1786743375,4,177093
1786743375,5,180133
1786743375,6,177753
1786743375,7,172293
1786743377,0,176317
1786743377,1,173871
1786743377,2,172311
1786743377,3,177173
1786743377,4,177093
1786743377,5,180133
1786743377,6,177753
1786743377,7,172293
1786743381,0,176317
1786743381,1,173871
1786743381,2,172311
1786743381,3,177173
1786743381,4,177093
1786743381,5,180133
1786743381,6,177753
1786743381,7,172293
1786743384,0,176317
1786743384,1,173871
1786743384,2,172311
1786743384,3,177173
1786743384,4,177093
1786743384,5,180133
1786743384,6,177753
1786743384,7,172293
1786743387,0,176317
1786743387,1,173871
1786743387,2,172311
1786743387,3,177173
1786743387,4,177093
1786743387,5,180133
1786743387,6,177753
1786743387,7,172293
1786743389,0,176317
1786743389,1,173871
1786743389,2,172311
1786743389,3,177173
1786743389,4,177093
1786743389,5,180133
1786743389,6,177753
1786743389,7,172293
1786743391,0,176317
1786743391,1,173871
1786743391,2,172311
1786743391,3,177173
1786743391,4,177093
1786743391,5,180133
1786743391,6,177753
1786743391,7,172293
1786743394,0,176317
1786743394,1,173871
1786743394,2,172311
1786743394,3,177173
1786743394,4,177093
1786743394,5,180133
1786743394,6,177753
1786743394,7,172293
1786743396,0,176317
1786743396,1,173871
1786743396,2,172311
1786743396,3,177173
1786743396,4,177093
1786743396,5,180133
1786743396,6,177753
1786743396,7,172293
1786743399,0,176317
1786743399,1,173871
1786743399,2,172311
1786743399,3,177173
1786743399,4,177093
1786743399,5,180133
1786743399,6,177753
1786743399,7,172293
1786743403,0,176317
1786743403,1,173871
1786743403,2,172311
1786743403,3,177173
1786743403,4,177093
1786743403,5,180133
1786743403,6,177753
1786743403,7,172293
1786743405,0,176317
1786743405,1,173871
1786743405,2,172311
1786743405,3,177173
1786743405,4,177093
1786743405,5,180133
1786743405,6,177753
1786743405,7,172293
1786743407,0,176317
1786743407,1,173871
1786743407,2,172311
1786743407,3,177173
1786743407,4,177093
1786743407,5,180133
1786743407,6,177753
1786743407,7,172293
1786743409,0,176317
1786743409,1,173871
1786743409,2,172311
1786743409,3,177173
1786743409,4,177093
1786743409,5,180133
1786743409,6,177753
1786743409,7,172293
1786743412,0,176317
1786743412,1,173871
1786743412,2,172311
1786743412,3,177173
1786743412,4,177093
1786743412,5,180133
1786743412,6,177753
1786743412,7,172293
1786743414,0,176317
1786743414,1,173871
1786743414,2,172311
1786743414,3,177173
1786743414,4,177093
1786743414,5,180133
1786743414,6,177753
1786743414,7,172293
1786743417,0,176317
1786743417,1,173871
1786743417,2,172311
1786743417,3,177173
1786743417,4,177093
1786743417,5,180133
1786743417,6,177753
1786743417,7,172293
1786743419,0,176317
1786743419,1,173871
1786743419,2,172311
1786743419,3,177173
1786743419,4,177093
1786743419,5,180133
1786743419,6,177753
1786743419,7,172293
1786743421,0,176317
1786743421,1,173871
1786743421,2,172311
1786743421,3,177173
1786743421,4,177093
1786743421,5,180133
1786743421,6,177753
1786743421,7,172293
1786743423,0,176317
1786743423,1,173871
1786743423,2,172311
1786743423,3,177173
1786743423,4,177093
1786743423,5,180133
1786743423,6,177753
1786743423,7,172293
1786743425,0,176317
1786743425,1,173871
1786743425,2,172311
1786743425,3,177173
1786743425,4,177093
1786743425,5,180133
1786743425,6,177753
1786743425,7,172293
1786743428,0,176317
1786743428,1,173871
1786743428,2,172311
1786743428,3,177173
1786743428,4,177093
1786743428,5,180133
1786743428,6,177753
1786743428,7,172293
1786743431,0,176317
1786743431,1,173871
1786743431,2,172311
1786743431,3,177173
1786743431,4,177093
1786743431,5,180133
1786743431,6,177753
1786743431,7,172293
1786743433,0,176317
1786743433,1,173871
1786743433,2,172311
1786743433,3,177173
1786743433,4,177093
1786743433,5,180133
1786743433,6,177753
1786743433,7,172293
1786743435,0,176317
1786743435,1,173871
1786743435,2,172311
1786743435,3,177173
1786743435,4,177093
1786743435,5,180133
1786743435,6,177753
1786743435,7,172293
1786743437,0,176317
1786743437,1,173871
1786743437,2,172311
1786743437,3,177173
1786743437,4,177093
1786743437,5,180133
1786743437,6,177753
1786743437,7,172293
1786743439,0,176317
1786743439,1,173871
1786743439,2,172311
1786743439,3,177173
1786743439,4,177093
1786743439,5,180133
1786743439,6,177753
1786743439,7,172293
1786743441,0,176317
1786743441,1,173871
1786743441,2,172311
1786743441,3,177173
1786743441,4,177093
1786743441,5,180133
1786743441,6,177753
1786743441,7,172293
1786743444,0,176317
1786743444,1,173871
1786743444,2,172311
1786743444,3,177173
1786743444,4,177093
1786743444,5,180133
1786743444,6,177753
1786743444,7,172293
1786743446,0,176317
1786743446,1,173871
1786743446,2,172311
1786743446,3,177173
1786743446,4,177093
1786743446,5,180133
1786743446,6,177753
1786743446,7,172293
1786743448,0,176317
1786743448,1,173871
1786743448,2,172311
1786743448,3,177173
1786743448,4,177093
1786743448,5,180133
1786743448,6,177753
1786743448,7,172293
1786743450,0,176317
1786743450,1,173871
1786743450,2,172311
1786743450,3,177173
1786743450,4,177093
1786743450,5,180133
1786743450,6,177753
1786743450,7,172293
1786743453,0,176317
1786743453,1,173871
1786743453,2,172311
1786743453,3,177173
1786743453,4,177093
1786743453,5,180133
1786743453,6,177753
1786743453,7,172293
1786743455,0,176317
1786743455,1,173871
1786743455,2,172311
1786743455,3,177173
1786743455,4,177093
1786743455,5,180133
1786743455,6,177753
1786743455,7,172293
1786743457,0,176317
1786743457,1,173871
1786743457,2,172311
1786743457,3,177173
1786743457,4,177093
1786743457,5,180133
1786743457,6,177753
1786743457,7,172293
1786743459,0,176317
1786743459,1,173871
1786743459,2,172311
1786743459,3,177173
1786743459,4,177093
1786743459,5,180133
1786743459,6,177753
1786743459,7,172293
1786743462,0,176317
1786743462,1,173871
1786743462,2,172311
1786743462,3,177173
1786743462,4,177093
1786743462,5,180133
1786743462,6,177753
1786743462,7,172293
1786743464,0,176317
1786743464,1,173871
1786743464,2,172311
1786743464,3,177173
1786743464,4,177093
1786743464,5,180133
1786743464,6,177753
1786743464,7,172293
1786743466,0,176317
1786743466,1,173871
1786743466,2,172311
1786743466,3,177173
1786743466,4,177093
1786743466,5,180133
1786743466,6,177753
1786743466,7,172293
1786743468,0,176317
1786743468,1,173871
1786743468,2,172311
1786743468,3,177173
1786743468,4,177093
1786743468,5,180133
1786743468,6,177753
1786743468,7,172293
1786743470,0,176317
1786743470,1,173871
1786743470,2,172311
1786743470,3,177173
1786743470,4,177093
1786743470,5,180133
1786743470,6,177753
1786743470,7,172293
1786743473,0,176317
1786743473,1,173871
1786743473,2,172311
1786743473,3,177173
1786743473,4,177093
1786743473,5,180133
1786743473,6,177753
1786743473,7,172293
1786743476,0,176317
1786743476,1,173871
1786743476,2,172311
1786743476,3,177173
1786743476,4,177093
1786743476,5,180133
1786743476,6,177753
1786743476,7,172293
1786743478,0,176317
1786743478,1,173871
1786743478,2,172311
1786743478,3,177173
1786743478,4,177093
1786743478,5,180133
1786743478,6,177753
1786743478,7,172293
1786743480,0,176317
1786743480,1,173871
1786743480,2,172311
1786743480,3,177173
1786743480,4,177093
1786743480,5,180133
1786743480,6,177753
1786743480,7,172293
1786743483,0,176317
1786743483,1,173871
1786743483,2,172311
1786743483,3,177173
1786743483,4,177093
1786743483,5,180133
1786743483,6,177753
1786743483,7,172293
1786743485,0,176317
1786743485,1,173871
1786743485,2,172311
1786743485,3,177173
1786743485,4,177093
1786743485,5,180133
1786743485,6,177753
1786743485,7,172293
1786743487,0,176317
1786743487,1,173871
1786743487,2,172311
1786743487,3,177173
1786743487,4,177093
1786743487,5,180133
1786743487,6,177753
1786743487,7,172293
1786743490,0,176317
1786743490,1,173871
1786743490,2,172311
1786743490,3,177173
1786743490,4,177093
1786743490,5,180133
1786743490,6,177753
1786743490,7,172293
1786743492,0,176317
1786743492,1,173871
1786743492,2,172311
1786743492,3,177173
1786743492,4,177093
1786743492,5,180133
1786743492,6,177753
1786743492,7,172293
1786743494,0,176317
1786743494,1,173871
1786743494,2,172311
1786743494,3,177173
1786743494,4,177093
1786743494,5,180133
1786743494,6,177753
1786743494,7,172293
1786743496,0,176317
1786743496,1,173871
1786743496,2,172311
1786743496,3,177173
1786743496,4,177093
1786743496,5,180133
1786743496,6,177753
1786743496,7,172293
1786743499,0,176317
1786743499,1,173871
1786743499,2,172311
1786743499,3,177173
1786743499,4,177093
1786743499,5,180133
1786743499,6,177753
1786743499,7,172293
1786743501,0,176317
1786743501,1,173871
1786743501,2,172311
1786743501,3,177173
1786743501,4,177093
1786743501,5,180133
1786743501,6,177753
1786743501,7,172293
1786743503,0,176317
1786743503,1,173871
1786743503,2,172311
1786743503,3,177173
1786743503,4,177093
1786743503,5,180133
1786743503,6,177753
1786743503,7,172293
1786743505,0,176317
1786743505,1,173871
1786743505,2,172311
1786743505,3,177173
1786743505,4,177093
1786743505,5,180133
1786743505,6,177753
1786743505,7,172293
1786743508,0,176317
1786743508,1,173871
1786743508,2,172311
1786743508,3,177173
1786743508,4,177093
1786743508,5,180133
1786743508,6,177753
1786743508,7,172293
1786743510,0,176317
1786743510,1,173871
1786743510,2,172311
1786743510,3,177173
1786743510,4,177093
1786743510,5,180133
1786743510,6,177753
1786743510,7,172293
1786743512,0,176317
1786743512,1,173871
1786743512,2,172311
1786743512,3,177173
1786743512,4,177093
1786743512,5,180133
1786743512,6,177753
1786743512,7,172293
1786743514,0,176317
1786743514,1,173871
1786743514,2,172311
1786743514,3,177173
1786743514,4,177093
1786743514,5,180133
1786743514,6,177753
1786743514,7,172293
1786743516,0,176317
1786743516,1,173871
1786743516,2,172311
1786743516,3,177173
1786743516,4,177093
1786743516,5,180133
1786743516,6,177753
1786743516,7,172293
1786743518,0,176317
1786743518,1,173871
1786743518,2,172311
1786743518,3,177173
1786743518,4,177093
1786743518,5,180133
1786743518,6,177753
1786743518,7,172293
1786743521,0,176317
1786743521,1,173871
1786743521,2,172311
1786743521,3,177173
1786743521,4,177093
1786743521,5,180133
1786743521,6,177753
1786743521,7,172293
1786743524,0,176317
1786743524,1,173871
1786743524,2,172311
1786743524,3,177173
1786743524,4,177093
1786743524,5,180133
1786743524,6,177753
1786743524,7,172293
1786743526,0,176317
1786743526,1,173871
1786743526,2,172311
1786743526,3,177173
1786743526,4,177093
1786743526,5,180133
1786743526,6,177753
1786743526,7,172293
1786743528,0,176317
1786743528,1,173871
1786743528,2,172311
1786743528,3,177173
1786743528,4,177093
1786743528,5,180133
1786743528,6,177753
1786743528,7,172293
1786743530,0,176317
1786743530,1,173871
1786743530,2,172311
1786743530,3,177173
1786743530,4,177093
1786743530,5,180133
1786743530,6,177753
1786743530,7,172293
1786743533,0,176317
1786743533,1,173871
1786743533,2,172311
1786743533,3,177173
1786743533,4,177093
1786743533,5,180133
1786743533,6,177753
1786743533,7,172293
1786743536,0,176317
1786743536,1,173871
1786743536,2,172311
1786743536,3,177173
1786743536,4,177093
1786743536,5,180133
1786743536,6,177753
1786743536,7,172293
1786743538,0,176317
1786743538,1,173871
1786743538,2,172311
1786743538,3,177173
1786743538,4,177093
1786743538,5,180133
1786743538,6,177753
1786743538,7,172293
1786743540,0,176317
1786743540,1,173871
1786743540,2,172311
1786743540,3,177173
1786743540,4,177093
1786743540,5,180133
1786743540,6,177753
1786743540,7,172293
1786743543,0,176317
1786743543,1,173871
1786743543,2,172311
1786743543,3,177173
1786743543,4,177093
1786743543,5,180133
1786743543,6,177753
1786743543,7,172293
1786743546,0,176317
1786743546,1,173871
1786743546,2,172311
1786743546,3,177173
1786743546,4,177093
1786743546,5,180133
1786743546,6,177753
1786743546,7,172293
1786743549,0,176317
1786743549,1,173871
1786743549,2,172311
1786743549,3,177173
1786743549,4,177093
1786743549,5,180133
1786743549,6,177753
1786743549,7,172293
1786743551,0,176317
1786743551,1,173871
1786743551,2,172311
1786743551,3,177173
1786743551,4,177093
1786743551,5,180133
1786743551,6,177753
1786743551,7,172293
1786743554,0,176317
1786743554,1,173871
1786743554,2,172311
1786743554,3,177173
1786743554,4,177093
1786743554,5,180133
1786743554,6,177753
1786743554,7,172293
1786743556,0,176317
1786743556,1,173871
1786743556,2,172311
1786743556,3,177173
1786743556,4,177093
1786743556,5,180133
1786743556,6,177753
1786743556,7,172293
1786743558,0,176317
1786743558,1,173871
1786743558,2,172311
1786743558,3,177173
1786743558,4,177093
1786743558,5,180133
1786743558,6,177753
1786743558,7,172293
1786743560,0,176317
1786743560,1,173871
1786743560,2,172311
1786743560,3,177173
1786743560,4,177093
1786743560,5,180133
1786743560,6,177753
1786743560,7,172293
1786743562,0,176317
1786743562,1,173871
1786743562,2,172311
1786743562,3,177173
1786743562,4,177093
1786743562,5,180133
1786743562,6,177753
1786743562,7,172293
1786743565,0,176317
1786743565,1,173871
1786743565,2,172311
1786743565,3,177173
1786743565,4,177093
1786743565,5,180133
1786743565,6,177753
1786743565,7,172293
1786743567,0,176317
1786743567,1,173871
1786743567,2,172311
1786743567,3,177173
1786743567,4,177093
1786743567,5,180133
1786743567,6,177753
1786743567,7,172293
1786743570,0,176317
1786743570,1,173871
1786743570,2,172311
1786743570,3,177173
1786743570,4,177093
1786743570,5,180133
1786743570,6,177753
1786743570,7,172293
1786743572,0,176317
1786743572,1,173871
1786743572,2,172311
1786743572,3,177173
1786743572,4,177093
1786743572,5,180133
1786743572,6,177753
1786743572,7,172293
1786743574,0,176317
1786743574,1,173871
1786743574,2,172311
1786743574,3,177173
1786743574,4,177093
1786743574,5,180133
1786743574,6,177753
1786743574,7,172293
1786743576,0,176317
1786743576,1,173871
1786743576,2,172311
1786743576,3,177173
1786743576,4,177093
1786743576,5,180133
1786743576,6,177753
1786743576,7,172293
1786743578,0,176317
1786743578,1,173871
1786743578,2,172311
1786743578,3,177173
1786743578,4,177093
1786743578,5,180133
1786743578,6,177753
1786743578,7,172293
1786743581,0,176317
1786743581,1,173871
1786743581,2,172311
1786743581,3,177173
1786743581,4,177093
1786743581,5,180133
1786743581,6,177753
1786743581,7,172293
1786743583,0,176317
1786743583,1,173871
1786743583,2,172311
1786743583,3,177173
1786743583,4,177093
1786743583,5,180133
1786743583,6,177753
1786743583,7,172293
1786743585,0,176317
1786743585,1,173871
1786743585,2,172311
1786743585,3,177173
1786743585,4,177093
1786743585,5,180133
1786743585,6,177753
1786743585,7,172293
1786743587,0,176317
1786743587,1,173871
1786743587,2,172311
1786743587,3,177173
1786743587,4,177093
1786743587,5,180133
1786743587,6,177753
1786743587,7,172293
1786743589,0,176317
1786743589,1,173871
1786743589,2,172311
1786743589,3,177173
1786743589,4,177093
1786743589,5,180133
1786743589,6,177753
1786743589,7,172293
1786743591,0,176317
1786743591,1,173871
1786743591,2,172311
1786743591,3,177173
1786743591,4,177093
1786743591,5,180133
1786743591,6,177753
1786743591,7,172293
1786743594,0,176317
1786743594,1,173871
1786743594,2,172311
1786743594,3,177173
1786743594,4,177093
1786743594,5,180133
1786743594,6,177753
1786743594,7,172293
1786743596,0,176317
1786743596,1,173871
1786743596,2,172311
1786743596,3,177173
1786743596,4,177093
1786743596,5,180133
1786743596,6,177753
1786743596,7,172293
1786743598,0,176317
1786743598,1,173871
1786743598,2,172311
1786743598,3,177173
1786743598,4,177093
1786743598,5,180133
1786743598,6,177753
1786743598,7,172293
1786743601,0,176317
1786743601,1,173871
1786743601,2,172311
1786743601,3,177173
1786743601,4,177093
1786743601,5,180133
1786743601,6,177753
1786743601,7,172293
1786743603,0,176317
1786743603,1,173871
1786743603,2,172311
1786743603,3,177173
1786743603,4,177093
1786743603,5,180133
1786743603,6,177753
1786743603,7,172293
1786743605,0,176317
1786743605,1,173871
1786743605,2,172311
1786743605,3,177173
1786743605,4,177093
1786743605,5,180133
1786743605,6,177753
1786743605,7,172293
1786743608,0,176317
1786743608,1,173871
1786743608,2,172311
1786743608,3,177173
1786743608,4,177093
1786743608,5,180133
1786743608,6,177753
1786743608,7,172293
1786743611,0,176317
1786743611,1,173871
1786743611,2,172311
1786743611,3,177173
1786743611,4,177093
1786743611,5,180133
1786743611,6,177753
1786743611,7,172293
1786743613,0,176317
1786743613,1,173871
1786743613,2,172311
1786743613,3,177173
1786743613,4,177093
1786743613,5,180133
1786743613,6,177753
1786743613,7,172293
1786743615,0,176317
1786743615,1,173871
1786743615,2,172311
1786743615,3,177173
1786743615,4,177093
1786743615,5,180133
1786743615,6,177753
1786743615,7,172293
1786743617,0,176317
1786743617,1,173871
1786743617,2,172311
1786743617,3,177173
1786743617,4,177093
1786743617,5,180133
1786743617,6,177753
1786743617,7,172293
1786743619,0,176317
1786743619,1,173871
1786743619,2,172311
1786743619,3,177173
1786743619,4,177093
1786743619,5,180133
1786743619,6,177753
1786743619,7,172293
1786743622,0,176317
1786743622,1,173871
1786743622,2,172311
1786743622,3,177173
1786743622,4,177093
1786743622,5,180133
1786743622,6,177753
1786743622,7,172293
1786743624,0,176317
1786743624,1,173871
1786743624,2,172311
1786743624,3,177173
1786743624,4,177093
1786743624,5,180133
1786743624,6,177753
1786743624,7,172293
1786743626,0,176317
1786743626,1,173871
1786743626,2,172311
1786743626,3,177173
1786743626,4,177093
1786743626,5,180133
1786743626,6,177753
1786743626,7,172293
1786743628,0,176317
1786743628,1,173871
1786743628,2,172311
1786743628,3,177173
1786743628,4,177093
1786743628,5,180133
1786743628,6,177753
1786743628,7,172293
1786743631,0,176317
1786743631,1,173871
1786743631,2,172311
1786743631,3,177173
1786743631,4,177093
1786743631,5,180133
1786743631,6,177753
1786743631,7,172293
1786743633,0,176317
1786743633,1,173871
1786743633,2,172311
1786743633,3,177173
1786743633,4,177093
1786743633,5,180133
1786743633,6,177753
1786743633,7,172293
1786743635,0,176317
1786743635,1,173871
1786743635,2,172311
1786743635,3,177173
1786743635,4,177093
1786743635,5,180133
1786743635,6,177753
1786743635,7,172293
1786743637,0,176317
1786743637,1,173871
1786743637,2,172311
1786743637,3,177173
1786743637,4,177093
1786743637,5,180133
1786743637,6,177753
1786743637,7,172293
1786743640,0,176317
1786743640,1,173871
1786743640,2,172311
1786743640,3,177173
1786743640,4,177093
1786743640,5,180133
1786743640,6,177753
1786743640,7,172293
1786743642,0,176317
1786743642,1,173871
1786743642,2,172311
1786743642,3,177173
1786743642,4,177093
1786743642,5,180133
1786743642,6,177753
1786743642,7,172293
1786743644,0,176317
1786743644,1,173871
1786743644,2,172311
1786743644,3,177173
1786743644,4,177093
1786743644,5,180133
1786743644,6,177753
1786743644,7,172293
1786743646,0,176317
1786743646,1,173871
1786743646,2,172311
1786743646,3,177173
1786743646,4,177093
1786743646,5,180133
1786743646,6,177753
1786743646,7,172293
1786743649,0,176317
1786743649,1,173871
1786743649,2,172311
1786743649,3,177173
1786743649,4,177093
1786743649,5,180133
1786743649,6,177753
1786743649,7,172293
1786743651,0,176317
1786743651,1,173871
1786743651,2,172311
1786743651,3,177173
1786743651,4,177533
1786743651,5,180133
1786743651,6,177753
1786743651,7,172293
1786743653,0,176317
1786743653,1,173871
1786743653,2,172311
1786743653,3,177173
1786743653,4,177533
1786743653,5,180133
1786743653,6,177753
1786743653,7,172293
1786743655,0,176317
1786743655,1,173871
1786743655,2,172311
1786743655,3,177173
1786743655,4,177533
1786743655,5,180133
1786743655,6,177753
1786743655,7,172293
1786743658,0,176317
1786743658,1,173871
1786743658,2,172311
1786743658,3,177173
1786743658,4,177533
1786743658,5,180133
1786743658,6,177753
1786743658,7,172293
1786743660,0,176317
1786743660,1,173871
1786743660,2,172311
1786743660,3,177173
1786743660,4,177533
1786743660,5,180133
1786743660,6,177753
1786743660,7,172293
1786743662,0,176317
1786743662,1,173871
1786743662,2,172311
1786743662,3,177173
1786743662,4,177533
1786743662,5,180133
1786743662,6,177753
1786743662,7,172293
1786743665,0,176317
1786743665,1,173871
1786743665,2,172311
1786743665,3,177173
1786743665,4,177533
1786743665,5,180133
1786743665,6,177753
1786743665,7,172293
1786743667,0,176317
1786743667,1,173871
1786743667,2,172311
1786743667,3,177173
1786743667,4,177533
1786743667,5,180133
1786743667,6,177753
1786743667,7,172293
1786743670,0,176317
1786743670,1,173871
1786743670,2,172311
1786743670,3,177173
1786743670,4,177533
1786743670,5,180133
1786743670,6,177753
1786743670,7,172293
1786743672,0,176317
1786743672,1,173871
1786743672,2,172311
1786743672,3,177173
1786743672,4,177533
1786743672,5,180133
1786743672,6,177753
1786743672,7,172293
1786743674,0,176317
1786743674,1,173871
1786743674,2,172311
1786743674,3,177173
1786743674,4,177533
1786743674,5,180133
1786743674,6,177753
1786743674,7,172293
1786743676,0,176317
1786743676,1,173871
1786743676,2,172311
1786743676,3,177173
1786743676,4,177533
1786743676,5,180133
1786743676,6,177753
1786743676,7,172293
1786743679,0,176317
1786743679,1,173871
1786743679,2,172311
1786743679,3,177173
1786743679,4,177533
1786743679,5,180133
1786743679,6,177753
1786743679,7,172293
1786743681,0,176317
1786743681,1,173871
1786743681,2,172311
1786743681,3,177173
1786743681,4,177533
1786743681,5,180133
1786743681,6,177753
1786743681,7,172293
1786743684,0,176317
1786743684,1,173871
1786743684,2,172311
1786743684,3,177173
1786743684,4,177533
1786743684,5,180133
1786743684,6,177753
1786743684,7,172293
1786743687,0,176317
1786743687,1,173871
1786743687,2,172311
1786743687,3,177173
1786743687,4,177533
1786743687,5,180133
1786743687,6,177753
1786743687,7,172293
1786743690,0,176317
1786743690,1,173871
1786743690,2,172311
1786743690,3,177173
1786743690,4,177533
1786743690,5,180133
1786743690,6,177753
1786743690,7,172293
1786743693,0,176317
1786743693,1,173871
1786743693,2,172311
1786743693,3,177173
1786743693,4,177533
1786743693,5,180133
1786743693,6,177753
1786743693,7,172293
1786743695,0,176317
1786743695,1,173871
1786743695,2,172311
1786743695,3,177173
1786743695,4,177533
1786743695,5,180133
1786743695,6,177753
1786743695,7,172293
1786743698,0,176317
1786743698,1,173871
1786743698,2,172311
1786743698,3,177173
1786743698,4,177533
1786743698,5,180133
1786743698,6,177753
1786743698,7,172293
1786743700,0,176317
1786743700,1,173871
1786743700,2,172311
1786743700,3,177173
1786743700,4,177533
1786743700,5,180133
1786743700,6,177753
1786743700,7,172293
1786743703,0,176317
1786743703,1,173871
1786743703,2,172311
1786743703,3,177173
1786743703,4,177533
1786743703,5,180133
1786743703,6,177753
1786743703,7,172293
1786743705,0,176317
1786743705,1,173871
1786743705,2,172311
1786743705,3,177173
1786743705,4,177533
1786743705,5,180133
1786743705,6,177753
1786743705,7,172293
1786743707,0,176317
1786743707,1,173871
1786743707,2,172311
1786743707,3,177173
1786743707,4,177533
1786743707,5,180133
1786743707,6,177753
1786743707,7,172293
1786743709,0,176317
1786743709,1,173871
1786743709,2,172311
1786743709,3,177173
1786743709,4,177533
1786743709,5,180133
1786743709,6,177753
1786743709,7,172293
1786743712,0,176317
1786743712,1,173871
1786743712,2,172311
1786743712,3,177173
1786743712,4,177533
1786743712,5,180133
1786743712,6,177753
1786743712,7,172293
1786743715,0,176317
1786743715,1,173871
1786743715,2,172311
1786743715,3,177173
1786743715,4,177533
1786743715,5,180133
1786743715,6,177753
1786743715,7,172293
1786743717,0,176317
1786743717,1,173871
1786743717,2,172311
1786743717,3,177173
1786743717,4,177533
1786743717,5,180133
1786743717,6,177753
1786743717,7,172293
1786743719,0,176317
1786743719,1,173871
1786743719,2,172311
1786743719,3,177173
1786743719,4,177533
1786743719,5,180133
1786743719,6,177753
1786743719,7,172293
1786743721,0,176317
1786743721,1,173871
1786743721,2,172311
1786743721,3,177173
1786743721,4,177533
1786743721,5,180133
1786743721,6,177753
1786743721,7,172293
1786743723,0,176317
1786743723,1,173871
1786743723,2,172311
1786743723,3,177173
1786743723,4,177533
1786743723,5,180133
1786743723,6,177753
1786743723,7,172293
1786743725,0,176317
1786743725,1,173871
1786743725,2,172311
1786743725,3,177173
1786743725,4,177533
1786743725,5,180133
1786743725,6,177753
1786743725,7,172293
1786743728,0,176317
1786743728,1,173871
1786743728,2,172311
1786743728,3,177173
1786743728,4,177533
1786743728,5,180133
1786743728,6,177753
1786743728,7,172293
1786743730,0,176317
1786743730,1,173871
1786743730,2,172311
1786743730,3,177173
1786743730,4,177533
1786743730,5,180133
1786743730,6,177753
1786743730,7,172293
1786743732,0,176317
1786743732,1,173871
1786743732,2,172311
1786743732,3,177173
1786743732,4,177533
1786743732,5,180133
1786743732,6,177753
1786743732,7,172293
1786743734,0,176317
1786743734,1,173871
1786743734,2,172311
1786743734,3,177173
1786743734,4,177533
1786743734,5,180133
1786743734,6,177753
1786743734,7,172293
1786743736,0,176317
1786743736,1,173871
1786743736,2,172311
1786743736,3,177173
1786743736,4,177533
1786743736,5,180133
1786743736,6,177753
1786743736,7,172293
1786743739,0,176317
1786743739,1,173871
1786743739,2,172311
1786743739,3,177173
1786743739,4,177533
1786743739,5,180133
1786743739,6,177753
1786743739,7,172293
1786743741,0,176317
1786743741,1,173871
1786743741,2,172311
1786743741,3,177173
1786743741,4,177533
1786743741,5,180133
1786743741,6,177753
1786743741,7,172293
1786743743,0,176317
1786743743,1,173871
1786743743,2,172311
1786743743,3,177173
1786743743,4,177533
1786743743,5,180133
1786743743,6,177753
1786743743,7,172293
1786743746,0,176317
1786743746,1,173871
1786743746,2,172311
1786743746,3,177173
1786743746,4,177533
1786743746,5,180133
1786743746,6,177753
1786743746,7,172293
1786743748,0,176317
1786743748,1,173871
1786743748,2,172311
1786743748,3,177173
1786743748,4,177533
1786743748,5,180133
1786743748,6,177753
1786743748,7,172293
1786743750,0,176317
1786743750,1,173871
1786743750,2,172311
1786743750,3,177173
1786743750,4,177533
1786743750,5,180133
1786743750,6,177753
1786743750,7,172293
1786743752,0,176317
1786743752,1,173871
1786743752,2,172311
1786743752,3,177173
1786743752,4,177533
1786743752,5,180133
1786743752,6,177753
1786743752,7,172293
1786743754,0,176317
1786743754,1,173871
1786743754,2,172311
1786743754,3,177173
1786743754,4,177533
1786743754,5,180133
1786743754,6,177753
1786743754,7,172293
1786743756,0,176317
1786743756,1,173871
1786743756,2,172311
1786743756,3,177173
1786743756,4,177533
1786743756,5,180133
1786743756,6,177753
1786743756,7,172293
1786743759,0,176317
1786743759,1,173871
1786743759,2,172311
1786743759,3,177173
1786743759,4,177533
1786743759,5,180133
1786743759,6,177753
1786743759,7,172293
1786743761,0,176317
1786743761,1,173871
1786743761,2,172311
1786743761,3,177173
1786743761,4,177533
1786743761,5,180133
1786743761,6,177753
1786743761,7,172293
1786743764,0,176317
1786743764,1,173871
1786743764,2,172311
1786743764,3,177173
1786743764,4,177533
1786743764,5,180133
1786743764,6,177753
1786743764,7,172293
1786743766,0,176317
1786743766,1,173871
1786743766,2,172311
1786743766,3,177173
1786743766,4,177533
1786743766,5,180133
1786743766,6,177753
1786743766,7,172293
1786743768,0,176317
1786743768,1,173871
1786743768,2,172311
1786743768,3,177173
1786743768,4,177533
1786743768,5,180133
1786743768,6,177753
1786743768,7,172293
1786743770,0,176317
1786743770,1,173871
1786743770,2,172311
1786743770,3,177173
1786743770,4,177533
1786743770,5,180133
1786743770,6,177753
1786743770,7,172293
1786743773,0,176317
1786743773,1,173871
1786743773,2,172311
1786743773,3,177473
1786743773,4,177533
1786743773,5,180133
1786743773,6,177753
1786743773,7,172293
1786743776,0,176317
1786743776,1,173871
1786743776,2,172311
1786743776,3,177473
1786743776,4,177533
1786743776,5,180133
1786743776,6,177753
1786743776,7,172293
1786743778,0,176317
1786743778,1,173871
1786743778,2,172311
1786743778,3,177473
1786743778,4,177533
1786743778,5,180133
1786743778,6,177753
1786743778,7,172293
1786743781,0,176317
1786743781,1,173871
1786743781,2,172311
1786743781,3,177473
1786743781,4,177533
1786743781,5,180133
1786743781,6,177753
1786743781,7,172293
1786743783,0,176317
1786743783,1,173871
1786743783,2,172311
1786743783,3,177473
1786743783,4,177533
1786743783,5,180133
1786743783,6,177753
1786743783,7,172293
1786743785,0,176317
1786743785,1,173871
1786743785,2,172311
1786743785,3,177473
1786743785,4,177533
1786743785,5,180133
1786743785,6,177753
1786743785,7,172293
1786743787,0,176317
1786743787,1,173871
1786743787,2,172311
1786743787,3,177473
1786743787,4,177533
1786743787,5,180133
1786743787,6,177753
1786743787,7,172293
1786743789,0,176317
1786743789,1,173871
1786743789,2,172311
1786743789,3,177473
1786743789,4,177533
1786743789,5,180133
1786743789,6,177753
1786743789,7,172293
1786743791,0,176317
1786743791,1,173871
1786743791,2,172311
1786743791,3,177473
1786743791,4,177533
1786743791,5,180133
1786743791,6,177753
1786743791,7,172293
1786743794,0,176317
1786743794,1,173871
1786743794,2,172311
1786743794,3,177473
1786743794,4,177533
1786743794,5,180133
1786743794,6,177753
1786743794,7,172293
1786743796,0,176317
1786743796,1,173871
1786743796,2,172311
1786743796,3,177473
1786743796,4,177533
1786743796,5,180133
1786743796,6,177753
1786743796,7,172293
1786743798,0,176317
1786743798,1,173871
1786743798,2,172311
1786743798,3,177473
1786743798,4,177533
1786743798,5,180133
1786743798,6,177753
1786743798,7,172293
1786743800,0,176317
1786743800,1,173871
1786743800,2,172311
1786743800,3,177473
1786743800,4,177533
1786743800,5,180133
1786743800,6,177753
1786743800,7,172293
1786743803,0,176317
1786743803,1,173871
1786743803,2,172311
1786743803,3,177473
1786743803,4,177533
1786743803,5,180133
1786743803,6,177753
1786743803,7,172293
1786743805,0,176317
1786743805,1,173871
1786743805,2,172311
1786743805,3,177473
1786743805,4,177533
1786743805,5,180133
1786743805,6,177753
1786743805,7,172293
1786743807,0,176317
1786743807,1,173871
1786743807,2,172311
1786743807,3,177473
1786743807,4,177533
1786743807,5,180133
1786743807,6,177753
1786743807,7,172293
1786743809,0,176317
1786743809,1,173871
1786743809,2,172311
1786743809,3,177473
1786743809,4,177533
1786743809,5,180133
1786743809,6,177753
1786743809,7,172293
1786743812,0,176317
1786743812,1,173871
1786743812,2,172311
1786743812,3,177473
1786743812,4,177533
1786743812,5,180133
1786743812,6,177753
1786743812,7,172293
1786743814,0,176317
1786743814,1,173871
1786743814,2,172311
1786743814,3,177473
1786743814,4,177533
1786743814,5,180133
1786743814,6,177753
1786743814,7,172293
1786743816,0,176317
1786743816,1,173871
1786743816,2,172311
1786743816,3,177473
1786743816,4,177533
1786743816,5,180133
1786743816,6,177753
1786743816,7,172293
1786743819,0,176317
1786743819,1,173871
1786743819,2,172311
1786743819,3,177473
1786743819,4,177533
1786743819,5,180133
1786743819,6,177753
1786743819,7,172293
1786743822,0,176317
1786743822,1,173871
1786743822,2,172311
1786743822,3,177473
1786743822,4,177533
1786743822,5,180133
1786743822,6,177753
1786743822,7,172293
1786743824,0,176317
1786743824,1,173871
1786743824,2,172311
1786743824,3,177473
1786743824,4,177533
1786743824,5,180133
1786743824,6,177753
1786743824,7,172293
1786743826,0,176317
1786743826,1,173871
1786743826,2,172311
1786743826,3,177473
1786743826,4,177533
1786743826,5,180133
1786743826,6,177753
1786743826,7,172293
1786743829,0,176317
1786743829,1,173871
1786743829,2,172311
1786743829,3,177473
1786743829,4,177533
1786743829,5,180133
1786743829,6,177753
1786743829,7,172293
1786743831,0,176317
1786743831,1,173871
1786743831,2,172311
1786743831,3,177473
1786743831,4,177533
1786743831,5,180133
1786743831,6,177753
1786743831,7,172293
1786743834,0,176317
1786743834,1,173871
1786743834,2,172311
1786743834,3,177473
1786743834,4,177533
1786743834,5,180133
1786743834,6,177753
1786743834,7,172293
1786743837,0,176317
1786743837,1,173871
1786743837,2,172311
1786743837,3,177473
1786743837,4,177533
1786743837,5,180133
1786743837,6,177753
1786743837,7,172293
1786743839,0,176317
1786743839,1,173871
1786743839,2,172311
1786743839,3,177473
1786743839,4,177533
1786743839,5,180133
1786743839,6,177753
1786743839,7,172293
1786743841,0,176317
1786743841,1,173871
1786743841,2,172311
1786743841,3,177473
1786743841,4,177533
1786743841,5,180133
1786743841,6,177753
1786743841,7,172293
1786743844,0,176317
1786743844,1,173871
1786743844,2,172311
1786743844,3,177473
1786743844,4,177533
1786743844,5,180133
1786743844,6,177753
1786743844,7,172293
1786743846,0,176317
1786743846,1,173871
1786743846,2,172311
1786743846,3,177473
1786743846,4,177533
1786743846,5,180133
1786743846,6,177753
1786743846,7,172293
1786743848,0,176317
1786743848,1,173871
1786743848,2,172311
1786743848,3,177473
1786743848,4,177533
1786743848,5,180133
1786743848,6,177753
1786743848,7,172293
1786743851,0,176317
1786743851,1,173871
1786743851,2,172311
1786743851,3,177473
1786743851,4,177533
1786743851,5,180133
1786743851,6,177753
1786743851,7,172293
1786743853,0,176317
1786743853,1,173871
1786743853,2,172311
1786743853,3,177473
1786743853,4,177533
1786743853,5,180133
1786743853,6,177753
1786743853,7,172293
1786743855,0,176317
1786743855,1,173871
1786743855,2,172311
1786743855,3,177473
1786743855,4,177533
1786743855,5,180133
1786743855,6,177753
1786743855,7,172293
1786743857,0,176317
1786743857,1,173871
1786743857,2,172311
1786743857,3,177473
1786743857,4,177533
1786743857,5,180133
1786743857,6,177753
1786743857,7,172293
1786743859,0,176317
1786743859,1,173871
1786743859,2,172311
1786743859,3,177473
1786743859,4,177533
1786743859,5,180133
1786743859,6,177753
1786743859,7,172293
1786743862,0,176317
1786743862,1,173871
1786743862,2,172311
1786743862,3,177473
1786743862,4,177533
1786743862,5,180133
1786743862,6,177753
1786743862,7,172293
1786743864,0,176317
1786743864,1,173871
1786743864,2,172311
1786743864,3,177473
1786743864,4,177533
1786743864,5,180133
1786743864,6,177753
1786743864,7,172293
1786743867,0,176317
1786743867,1,173871
1786743867,2,172311
1786743867,3,177473
1786743867,4,177533
1786743867,5,180133
1786743867,6,177753
1786743867,7,172293
1786743869,0,176317
1786743869,1,173871
1786743869,2,172311
1786743869,3,177473
1786743869,4,177533
1786743869,5,180133
1786743869,6,177753
1786743869,7,172293
1786743871,0,176317
1786743871,1,173871
1786743871,2,172311
1786743871,3,177473
1786743871,4,177533
1786743871,5,180133
1786743871,6,177753
1786743871,7,172293
1786743873,0,176317
1786743873,1,173871
1786743873,2,172311
1786743873,3,177473
1786743873,4,177533
1786743873,5,180133
1786743873,6,177753
1786743873,7,172293
1786743875,0,176317
1786743875,1,173871
1786743875,2,172311
1786743875,3,177473
1786743875,4,177533
1786743875,5,180133
1786743875,6,177753
1786743875,7,172293
1786743878,0,176317
1786743878,1,173871
1786743878,2,172311
1786743878,3,177473
1786743878,4,177533
1786743878,5,180133
1786743878,6,177753
1786743878,7,172293
1786743881,0,176317
1786743881,1,173871
1786743881,2,172311
1786743881,3,177473
1786743881,4,177533
1786743881,5,180133
1786743881,6,177753
1786743881,7,172293
1786743883,0,176317
1786743883,1,173871
1786743883,2,172311
1786743883,3,177473
1786743883,4,177533
1786743883,5,180133
1786743883,6,177753
1786743883,7,172293
1786743886,0,176317
1786743886,1,173871
1786743886,2,172311
1786743886,3,177473
1786743886,4,177533
1786743886,5,180133
1786743886,6,177753
1786743886,7,172293
1786743888,0,176317
1786743888,1,173871
1786743888,2,172311
1786743888,3,177473
1786743888,4,177533
1786743888,5,180133
1786743888,6,177753
1786743888,7,172293
1786743890,0,176317
1786743890,1,173871
1786743890,2,172311
1786743890,3,177473
1786743890,4,177533
1786743890,5,180133
1786743890,6,177753
1786743890,7,172293
1786743892,0,176317
1786743892,1,173871
1786743892,2,172311
1786743892,3,177473
1786743892,4,177533
1786743892,5,180133
1786743892,6,177753
1786743892,7,172293
1786743895,0,176317
1786743895,1,173871
1786743895,2,172311
1786743895,3,177473
1786743895,4,177533
1786743895,5,180133
1786743895,6,177753
1786743895,7,172293
1786743897,0,176317
1786743897,1,173871
1786743897,2,172311
1786743897,3,177473
1786743897,4,177533
1786743897,5,180133
1786743897,6,177753
1786743897,7,172293
1786743899,0,176317
1786743899,1,173871
1786743899,2,172311
1786743899,3,177473
1786743899,4,177533
1786743899,5,180133
1786743899,6,177753
1786743899,7,172293
1786743901,0,176317
1786743901,1,173871
1786743901,2,172311
1786743901,3,177473
1786743901,4,177533
1786743901,5,180133
1786743901,6,177753
1786743901,7,172293
1786743903,0,176317
1786743903,1,173871
1786743903,2,172311
1786743903,3,177473
1786743903,4,177533
1786743903,5,180133
1786743903,6,177753
1786743903,7,172293
1786743905,0,176317
1786743905,1,173871
1786743905,2,172311
1786743905,3,177473
1786743905,4,177533
1786743905,5,180133
1786743905,6,177753
1786743905,7,172293
1786743908,0,176317
1786743908,1,173871
1786743908,2,172311
1786743908,3,177473
1786743908,4,177533
1786743908,5,180133
1786743908,6,177753
1786743908,7,172293
1786743911,0,176317
1786743911,1,173871
1786743911,2,172311
1786743911,3,177473
1786743911,4,177533
1786743911,5,180133
1786743911,6,177753
1786743911,7,172293
1786743913,0,176317
1786743913,1,173871
1786743913,2,172311
1786743913,3,177473
1786743913,4,177533
1786743913,5,180133
1786743913,6,177753
1786743913,7,172293
1786743915,0,176317
1786743915,1,173871
1786743915,2,172311
1786743915,3,177473
1786743915,4,177533
1786743915,5,180133
1786743915,6,177753
1786743915,7,172293
1786743918,0,176317
1786743918,1,173871
1786743918,2,172311
1786743918,3,177473
1786743918,4,177533
1786743918,5,180133
1786743918,6,177753
1786743918,7,172293
1786743920,0,176317
1786743920,1,173871
1786743920,2,172311
1786743920,3,177473
1786743920,4,177533
1786743920,5,180133
1786743920,6,177753
1786743920,7,172293
1786743922,0,176317
1786743922,1,173871
1786743922,2,172311
1786743922,3,177473
1786743922,4,177533
1786743922,5,180133
1786743922,6,177753
1786743922,7,172293
1786743924,0,176317
1786743924,1,173871
1786743924,2,172311
1786743924,3,177473
1786743924,4,177533
1786743924,5,180133
1786743924,6,177753
1786743924,7,172293
1786743927,0,176317
1786743927,1,173871
1786743927,2,172311
1786743927,3,177473
1786743927,4,177533
1786743927,5,180133
1786743927,6,177753
1786743927,7,172293
1786743929,0,176317
1786743929,1,173871
1786743929,2,172311
1786743929,3,177473
1786743929,4,177533
1786743929,5,180133
1786743929,6,177753
1786743929,7,172293
1786743931,0,176317
1786743931,1,173871
1786743931,2,172311
1786743931,3,177473
1786743931,4,177533
1786743931,5,180133
1786743931,6,177753
1786743931,7,172293
1786743933,0,176317
1786743933,1,173871
1786743933,2,172311
1786743933,3,177473
1786743933,4,177533
1786743933,5,180133
1786743933,6,177753
1786743933,7,172293
1786743936,0,176317
1786743936,1,173871
1786743936,2,172311
1786743936,3,177473
1786743936,4,177533
1786743936,5,180133
1786743936,6,177753
1786743936,7,172293
1786743938,0,176317
1786743938,1,173871
1786743938,2,172311
1786743938,3,177473
1786743938,4,177533
1786743938,5,180133
1786743938,6,177753
1786743938,7,172293
1786743941,0,176317
1786743941,1,173871
1786743941,2,172311
1786743941,3,177473
1786743941,4,177533
1786743941,5,180133
1786743941,6,177753
1786743941,7,172293
1786743943,0,176317
1786743943,1,173871
1786743943,2,172311
1786743943,3,177473
1786743943,4,177533
1786743943,5,180133
1786743943,6,177753
1786743943,7,172293
1786743946,0,176317
1786743946,1,173871
1786743946,2,172311
1786743946,3,177473
1786743946,4,177533
1786743946,5,180133
1786743946,6,177753
1786743946,7,172293
1786743948,0,176317
1786743948,1,173871
1786743948,2,172311
1786743948,3,177473
1786743948,4,177533
1786743948,5,180133
1786743948,6,177753
1786743948,7,172293
1786743950,0,176317
1786743950,1,173871
1786743950,2,172311
1786743950,3,177473
1786743950,4,177533
1786743950,5,180133
1786743950,6,177753
1786743950,7,172293
1786743952,0,176317
1786743952,1,173871
1786743952,2,172311
1786743952,3,177473
1786743952,4,177533
1786743952,5,180133
1786743952,6,177753
1786743952,7,172293
1786743955,0,176317
1786743955,1,173871
1786743955,2,172311
1786743955,3,177473
1786743955,4,177533
1786743955,5,180133
1786743955,6,177753
1786743955,7,172293
1786743957,0,176317
1786743957,1,173871
1786743957,2,172311
1786743957,3,177473
1786743957,4,177533
1786743957,5,180133
1786743957,6,177753
1786743957,7,172293
1786743959,0,176317
1786743959,1,173871
1786743959,2,172311
1786743959,3,177473
1786743959,4,177533
1786743959,5,180133
1786743959,6,177753
1786743959,7,172293
1786743961,0,176317
1786743961,1,173871
1786743961,2,172311
1786743961,3,177473
1786743961,4,177533
1786743961,5,180133
1786743961,6,177753
1786743961,7,172293
1786743964,0,176317
1786743964,1,173871
1786743964,2,172311
1786743964,3,177473
1786743964,4,177533
1786743964,5,180133
1786743964,6,177753
1786743964,7,172293
1786743966,0,176317
1786743966,1,173871
1786743966,2,172311
1786743966,3,177473
1786743966,4,177533
1786743966,5,180133
1786743966,6,177753
1786743966,7,172293
1786743969,0,176317
1786743969,1,173871
1786743969,2,172311
1786743969,3,177473
1786743969,4,177533
1786743969,5,180133
1786743969,6,177753
1786743969,7,172293
1786743971,0,176317
1786743971,1,173871
1786743971,2,172311
1786743971,3,177473
1786743971,4,177533
1786743971,5,180133
1786743971,6,177753
1786743971,7,172293
1786743974,0,176317
1786743974,1,173871
1786743974,2,172311
1786743974,3,177473
1786743974,4,177533
1786743974,5,180133
1786743974,6,177753
1786743974,7,172293
1786743976,0,176317
1786743976,1,173871
1786743976,2,172311
1786743976,3,177473
1786743976,4,177533
1786743976,5,180133
1786743976,6,177753
1786743976,7,172293
1786743979,0,176317
1786743979,1,173871
1786743979,2,172311
1786743979,3,177473
1786743979,4,177533
1786743979,5,180133
1786743979,6,177753
1786743979,7,172293
1786743981,0,176317
1786743981,1,173871
1786743981,2,172311
1786743981,3,177473
1786743981,4,177533
1786743981,5,180133
1786743981,6,177753
1786743981,7,172293
1786743983,0,176317
1786743983,1,173871
1786743983,2,172311
1786743983,3,177473
1786743983,4,177533
1786743983,5,180133
1786743983,6,177753
1786743983,7,172293
1786743986,0,176317
1786743986,1,173871
1786743986,2,172311
1786743986,3,177473
1786743986,4,177533
1786743986,5,180133
1786743986,6,177753
1786743986,7,172293
1786743988,0,176317
1786743988,1,173871
1786743988,2,172311
1786743988,3,177473
1786743988,4,177533
1786743988,5,180133
1786743988,6,177753
1786743988,7,172293
1786743990,0,176317
1786743990,1,173871
1786743990,2,172311
1786743990,3,177473
1786743990,4,177533
1786743990,5,180133
1786743990,6,177753
1786743990,7,172293
1786743993,0,176317
1786743993,1,173871
1786743993,2,172311
1786743993,3,177473
1786743993,4,177533
1786743993,5,180133
1786743993,6,177753
1786743993,7,172293
1786743995,0,176317
1786743995,1,173871
1786743995,2,172311
1786743995,3,177473
1786743995,4,177533
1786743995,5,180133
1786743995,6,177753
1786743995,7,172293
1786743998,0,176317
1786743998,1,173871
1786743998,2,172311
1786743998,3,177473
1786743998,4,177533
1786743998,5,180133
1786743998,6,177753
1786743998,7,172293
1786744000,0,176317
1786744000,1,173871
1786744000,2,172311
1786744000,3,177473
1786744000,4,177533
1786744000,5,180133
1786744000,6,177753
1786744000,7,172293
1786744003,0,176317
1786744003,1,173871
1786744003,2,172311
1786744003,3,177473
1786744003,4,177533
1786744003,5,180133
1786744003,6,177753
1786744003,7,172293
1786744005,0,176317
1786744005,1,173871
1786744005,2,172311
1786744005,3,177473
1786744005,4,177533
1786744005,5,180133
1786744005,6,177753
1786744005,7,172293
1786744008,0,176317
1786744008,1,173871
1786744008,2,172311
1786744008,3,177473
1786744008,4,177533
1786744008,5,180133
1786744008,6,177753
1786744008,7,172293
1786744010,0,176317
1786744010,1,173871
1786744010,2,172311
1786744010,3,177473
1786744010,4,177533
1786744010,5,180133
1786744010,6,177753
1786744010,7,172293
1786744014,0,176317
1786744014,1,173871
1786744014,2,172311
1786744014,3,177473
1786744014,4,177533
1786744014,5,180133
1786744014,6,177753
1786744014,7,172293
1786744017,0,176317
1786744017,1,173871
1786744017,2,172311
1786744017,3,177473
1786744017,4,177533
1786744017,5,180133
1786744017,6,177753
1786744017,7,172293
1786744019,0,176317
1786744019,1,173871
1786744019,2,172311
1786744019,3,177473
1786744019,4,177533
1786744019,5,180133
1786744019,6,177753
1786744019,7,172293
1786744021,0,176317
1786744021,1,173871
1786744021,2,172311
1786744021,3,177473
1786744021,4,177533
1786744021,5,180133
1786744021,6,177753
1786744021,7,172293
1786744023,0,176317
1786744023,1,173871
1786744023,2,172311
1786744023,3,177473
1786744023,4,177533
1786744023,5,180133
1786744023,6,177753
1786744023,7,172293
1786744026,0,176317
1786744026,1,173871
1786744026,2,172311
1786744026,3,177473
1786744026,4,177533
1786744026,5,180133
1786744026,6,177753
1786744026,7,172293
1786744029,0,176317
1786744029,1,173871
1786744029,2,172311
1786744029,3,177473
1786744029,4,177533
1786744029,5,180133
1786744029,6,177753
1786744029,7,172293
1786744032,0,176317
1786744032,1,173871
1786744032,2,172311
1786744032,3,177473
1786744032,4,177533
1786744032,5,180133
1786744032,6,177753
1786744032,7,172293
1786744035,0,176317
1786744035,1,173871
1786744035,2,172311
1786744035,3,177473
1786744035,4,177533
1786744035,5,180133
1786744035,6,177753
1786744035,7,172293
1786744037,0,176317
1786744037,1,173871
1786744037,2,172311
1786744037,3,177473
1786744037,4,177533
1786744037,5,180133
1786744037,6,177753
1786744037,7,172293
1786744039,0,176317
1786744039,1,173871
1786744039,2,172311
1786744039,3,177473
1786744039,4,177533
1786744039,5,180133
1786744039,6,177753
1786744039,7,172293
1786744042,0,176317
1786744042,1,173871
1786744042,2,172311
1786744042,3,177473
1786744042,4,177533
1786744042,5,180133
1786744042,6,177753
1786744042,7,172293
1786744045,0,176317
1786744045,1,173871
1786744045,2,172311
1786744045,3,177473
1786744045,4,177533
1786744045,5,180133
1786744045,6,177753
1786744045,7,172293
1786744050,0,176317
1786744050,1,173871
1786744050,2,172311
1786744050,3,177473
1786744050,4,177533
1786744050,5,180133
1786744050,6,177753
1786744050,7,172293
1786744052,0,176317
1786744052,1,173871
1786744052,2,172311
1786744052,3,177473
1786744052,4,177533
1786744052,5,180133
1786744052,6,177753
1786744052,7,172293
1786744055,0,176317
1786744055,1,173871
1786744055,2,172311
1786744055,3,177473
1786744055,4,177533
1786744055,5,180133
1786744055,6,177753
1786744055,7,172293
1786744057,0,176317
1786744057,1,173871
1786744057,2,172311
1786744057,3,177473
1786744057,4,177533
1786744057,5,180133
1786744057,6,177753
1786744057,7,172293
1786744060,0,176317
1786744060,1,173871
1786744060,2,172311
1786744060,3,177473
1786744060,4,177533
1786744060,5,180133
1786744060,6,177753
1786744060,7,172293
1786744062,0,176317
1786744062,1,173871
1786744062,2,172311
1786744062,3,177473
1786744062,4,177533
1786744062,5,180133
1786744062,6,177753
1786744062,7,172293
1786744065,0,176317
1786744065,1,173871
1786744065,2,172311
1786744065,3,177473
1786744065,4,177533
1786744065,5,180133
1786744065,6,177753
1786744065,7,172293
1786744068,0,176317
1786744068,1,173871
1786744068,2,172311
1786744068,3,177473
1786744068,4,177533
1786744068,5,180133
1786744068,6,177753
1786744068,7,172293
1786744071,0,176317
1786744071,1,173871
1786744071,2,172311
1786744071,3,177473
1786744071,4,177533
1786744071,5,180133
1786744071,6,177753
1786744071,7,172293
1786744073,0,176317
1786744073,1,173871
1786744073,2,172311
1786744073,3,177473
1786744073,4,177533
1786744073,5,180133
1786744073,6,177753
1786744073,7,172293
1786744076,0,176317
1786744076,1,173871
1786744076,2,172311
1786744076,3,177473
1786744076,4,177533
1786744076,5,180133
1786744076,6,177753
1786744076,7,172293
1786744078,0,176317
1786744078,1,173871
1786744078,2,172311
1786744078,3,177473
1786744078,4,177533
1786744078,5,180133
1786744078,6,177753
1786744078,7,172293
1786744080,0,176317
1786744080,1,173871
1786744080,2,172311
1786744080,3,177473
1786744080,4,177533
1786744080,5,180133
1786744080,6,177753
1786744080,7,172293
1786744083,0,176317
1786744083,1,173871
1786744083,2,172311
1786744083,3,177473
1786744083,4,177533
1786744083,5,180133
1786744083,6,177753
1786744083,7,172293
1786744085,0,176317
1786744085,1,173871
1786744085,2,172311
1786744085,3,177473
1786744085,4,177533
1786744085,5,180133
1786744085,6,177753
1786744085,7,172293
1786744087,0,176317
1786744087,1,173871
1786744087,2,172311
1786744087,3,177473
1786744087,4,177533
1786744087,5,180133
1786744087,6,177753
1786744087,7,172293
1786744090,0,176317
1786744090,1,173871
1786744090,2,172311
1786744090,3,177473
1786744090,4,177533
1786744090,5,180133
1786744090,6,177753
1786744090,7,172293
1786744093,0,176317
1786744093,1,173871
1786744093,2,172311
1786744093,3,177473
1786744093,4,177533
1786744093,5,180133
1786744093,6,177753
1786744093,7,172293
1786744095,0,176317
1786744095,1,173871
1786744095,2,172311
1786744095,3,177473
1786744095,4,177533
1786744095,5,180133
1786744095,6,177753
1786744095,7,172293
1786744097,0,176317
1786744097,1,173871
1786744097,2,172311
1786744097,3,177473
1786744097,4,177533
1786744097,5,180133
1786744097,6,177753
1786744097,7,172293
1786744100,0,176317
1786744100,1,173871
1786744100,2,172311
1786744100,3,177473
1786744100,4,177533
1786744100,5,180133
1786744100,6,177753
1786744100,7,172293
1786744102,0,176317
1786744102,1,173871
1786744102,2,172311
1786744102,3,177473
1786744102,4,177533
1786744102,5,180133
1786744102,6,177753
1786744102,7,172293
1786744104,0,176317
1786744104,1,173871
1786744104,2,172311
1786744104,3,177473
1786744104,4,177533
1786744104,5,180133
1786744104,6,177753
1786744104,7,172293
1786744106,0,176317
1786744106,1,173871
1786744106,2,172311
1786744106,3,177473
1786744106,4,177533
1786744106,5,180133
1786744106,6,177753
1786744106,7,172293
1786744109,0,176317
1786744109,1,173871
1786744109,2,172311
1786744109,3,177473
1786744109,4,177533
1786744109,5,180133
1786744109,6,177753
1786744109,7,172293
1786744111,0,176317
1786744111,1,173871
1786744111,2,172311
1786744111,3,177473
1786744111,4,177533
1786744111,5,180133
1786744111,6,177753
1786744111,7,172293
1786744114,0,176317
1786744114,1,173871
1786744114,2,172311
1786744114,3,177473
1786744114,4,177533
1786744114,5,180133
1786744114,6,177753
1786744114,7,172293
1786744116,0,176317
1786744116,1,173871
1786744116,2,172311
1786744116,3,177473
1786744116,4,177533
1786744116,5,180133
1786744116,6,177753
1786744116,7,172293
1786744120,0,176317
1786744120,1,173871
1786744120,2,172311
1786744120,3,177473
1786744120,4,177533
1786744120,5,180133
1786744120,6,177753
1786744120,7,172293
1786744123,0,176317
1786744123,1,173871
1786744123,2,172311
1786744123,3,177473
1786744123,4,177533
1786744123,5,180133
1786744123,6,177753
1786744123,7,172293
1786744126,0,176317
1786744126,1,173871
1786744126,2,172311
1786744126,3,177473
1786744126,4,177533
1786744126,5,180133
1786744126,6,177753
1786744126,7,172293
1786744128,0,176317
1786744128,1,173871
1786744128,2,172311
1786744128,3,177473
1786744128,4,177533
1786744128,5,180133
1786744128,6,177753
1786744128,7,172293
1786744131,0,176317
1786744131,1,173871
1786744131,2,172311
1786744131,3,177473
1786744131,4,177533
1786744131,5,180133
1786744131,6,177753
1786744131,7,172293
1786744133,0,176317
1786744133,1,173871
1786744133,2,172311
1786744133,3,177473
1786744133,4,177533
1786744133,5,180133
1786744133,6,177753
1786744133,7,172293
1786744136,0,176317
1786744136,1,173871
1786744136,2,172311
1786744136,3,177473
1786744136,4,177533
1786744136,5,180133
1786744136,6,177753
1786744136,7,172293
1786744138,0,176317
1786744138,1,173871
1786744138,2,172311
1786744138,3,177473
1786744138,4,177533
1786744138,5,180133
1786744138,6,177753
1786744138,7,172293
1786744140,0,176317
1786744140,1,173871
1786744140,2,172311
1786744140,3,177473
1786744140,4,177533
1786744140,5,180133
1786744140,6,177753
1786744140,7,172293
1786744142,0,176317
1786744142,1,173871
1786744142,2,172311
1786744142,3,177473
1786744142,4,177533
1786744142,5,180133
1786744142,6,177753
1786744142,7,172293
1786744145,0,176317
1786744145,1,173871
1786744145,2,172311
1786744145,3,177473
1786744145,4,177533
1786744145,5,180133
1786744145,6,177753
1786744145,7,172293
1786744147,0,176317
1786744147,1,173871
1786744147,2,172311
1786744147,3,177473
1786744147,4,177533
1786744147,5,180133
1786744147,6,177753
1786744147,7,172293
1786744150,0,176317
1786744150,1,173871
1786744150,2,172311
1786744150,3,177473
1786744150,4,177533
1786744150,5,180133
1786744150,6,177753
1786744150,7,172293
1786744152,0,176317
1786744152,1,173871
1786744152,2,172311
1786744152,3,177473
1786744152,4,177533
1786744152,5,180133
1786744152,6,177753
1786744152,7,172293
1786744155,0,176317
1786744155,1,173871
1786744155,2,172311
1786744155,3,177473
1786744155,4,177533
1786744155,5,180133
1786744155,6,177753
1786744155,7,172293
1786744157,0,176317
1786744157,1,173871
1786744157,2,172311
1786744157,3,177473
1786744157,4,177533
1786744157,5,180133
1786744157,6,177753
1786744157,7,172293
1786744159,0,176317
1786744159,1,173871
1786744159,2,172311
1786744159,3,177473
1786744159,4,177533
1786744159,5,180133
1786744159,6,177753
1786744159,7,172293
1786744161,0,176317
1786744161,1,173871
1786744161,2,172311
1786744161,3,177473
1786744161,4,177533
1786744161,5,180133
1786744161,6,177753
1786744161,7,172293
1786744164,0,176317
1786744164,1,173871
1786744164,2,172311
1786744164,3,177473
1786744164,4,177533
1786744164,5,180133
1786744164,6,177753
1786744164,7,172293
1786744166,0,176317
1786744166,1,173871
1786744166,2,172311
1786744166,3,177473
1786744166,4,177533
1786744166,5,180133
1786744166,6,177753
1786744166,7,172293
1786744168,0,176317
1786744168,1,173871
1786744168,2,172311
1786744168,3,177473
1786744168,4,177533
1786744168,5,180133
1786744168,6,177753
1786744168,7,172293
1786744170,0,176317
1786744170,1,173871
1786744170,2,172311
1786744170,3,177473
1786744170,4,177533
1786744170,5,180133
1786744170,6,177753
1786744170,7,172293
1786744172,0,176317
1786744172,1,173871
1786744172,2,172311
1786744172,3,177473
1786744172,4,177533
1786744172,5,180133
1786744172,6,177753
1786744172,7,172293
1786744174,0,176317
1786744174,1,173871
1786744174,2,172311
1786744174,3,177473
1786744174,4,177533
1786744174,5,180133
1786744174,6,177753
1786744174,7,172293
1786744177,0,176317
1786744177,1,173871
1786744177,2,172311
1786744177,3,177473
1786744177,4,177533
1786744177,5,180133
1786744177,6,177753
1786744177,7,172293
1786744179,0,176317
1786744179,1,173871
1786744179,2,172311
1786744179,3,177473
1786744179,4,177533
1786744179,5,180133
1786744179,6,177753
1786744179,7,172293
1786744181,0,176317
1786744181,1,173871
1786744181,2,172311
1786744181,3,177473
1786744181,4,177533
1786744181,5,180133
1786744181,6,177753
1786744181,7,172293
1786744183,0,176317
1786744183,1,173871
1786744183,2,172311
1786744183,3,177473
1786744183,4,177533
1786744183,5,180133
1786744183,6,177753
1786744183,7,172293
1786744186,0,176317
1786744186,1,173871
1786744186,2,172311
1786744186,3,177473
1786744186,4,177533
1786744186,5,180133
1786744186,6,177753
1786744186,7,172293
1786744188,0,176317
1786744188,1,173871
1786744188,2,172311
1786744188,3,177473
1786744188,4,177533
1786744188,5,180133
1786744188,6,177753
1786744188,7,172293
1786744190,0,176317
1786744190,1,173871
1786744190,2,172311
1786744190,3,177473
1786744190,4,177533
1786744190,5,180133
1786744190,6,177753
1786744190,7,172293
1786744193,0,176317
1786744193,1,173871
1786744193,2,172311
1786744193,3,177473
1786744193,4,177533
1786744193,5,180133
1786744193,6,177753
1786744193,7,172293
1786744196,0,176317
1786744196,1,173871
1786744196,2,172311
1786744196,3,177473
1786744196,4,177533
1786744196,5,180133
1786744196,6,177753
1786744196,7,172293
1786744198,0,176317
1786744198,1,173871
1786744198,2,172311
1786744198,3,177473
1786744198,4,177533
1786744198,5,180133
1786744198,6,177753
1786744198,7,172293
1786744200,0,176317
1786744200,1,173871
1786744200,2,172311
1786744200,3,177473
1786744200,4,177533
1786744200,5,180133
1786744200,6,177753
1786744200,7,172293
1786744202,0,176317
1786744202,1,173871
1786744202,2,172311
1786744202,3,177473
1786744202,4,177533
1786744202,5,180133
1786744202,6,177753
1786744202,7,172293
1786744205,0,176317
1786744205,1,173871
1786744205,2,172311
1786744205,3,177473
1786744205,4,177533
1786744205,5,180133
1786744205,6,177753
1786744205,7,172293
1786744207,0,176317
1786744207,1,173871
1786744207,2,172311
1786744207,3,177473
1786744207,4,177533
1786744207,5,180133
1786744207,6,177753
1786744207,7,172293
1786744210,0,176317
1786744210,1,173871
1786744210,2,172311
1786744210,3,177473
1786744210,4,177533
1786744210,5,180133
1786744210,6,177753
1786744210,7,172293
1786744212,0,176317
1786744212,1,173871
1786744212,2,172311
1786744212,3,177473
1786744212,4,177533
1786744212,5,180133
1786744212,6,177753
1786744212,7,172293
1786744214,0,176317
1786744214,1,173871
1786744214,2,172311
1786744214,3,177473
1786744214,4,177533
1786744214,5,180133
1786744214,6,177753
1786744214,7,172293
1786744217,0,176317
1786744217,1,173871
1786744217,2,172311
1786744217,3,177473
1786744217,4,177533
1786744217,5,180133
1786744217,6,177753
1786744217,7,172293
1786744219,0,176317
1786744219,1,173871
1786744219,2,172311
1786744219,3,177473
1786744219,4,177533
1786744219,5,180133
1786744219,6,177753
1786744219,7,172293
1786744221,0,176317
1786744221,1,173871
1786744221,2,172311
1786744221,3,177473
1786744221,4,177533
1786744221,5,180133
1786744221,6,177753
1786744221,7,172293
1786744223,0,176317
1786744223,1,173871
1786744223,2,172311
1786744223,3,177473
1786744223,4,177533
1786744223,5,180133
1786744223,6,177753
1786744223,7,172293
1786744226,0,176317
1786744226,1,173871
1786744226,2,172311
1786744226,3,177473
1786744226,4,177533
1786744226,5,180133
1786744226,6,177753
1786744226,7,172293
1786744228,0,176317
1786744228,1,173871
1786744228,2,172311
1786744228,3,177473
1786744228,4,177533
1786744228,5,180133
1786744228,6,177753
1786744228,7,172293
1786744230,0,176317
1786744230,1,173871
1786744230,2,172311
1786744230,3,177473
1786744230,4,177533
1786744230,5,180133
1786744230,6,177753
1786744230,7,172293
1786744233,0,176317
1786744233,1,173871
1786744233,2,172311
1786744233,3,177473
1786744233,4,177533
1786744233,5,180133
1786744233,6,177753
1786744233,7,172293
1786744235,0,176317
1786744235,1,173871
1786744235,2,172311
1786744235,3,177473
1786744235,4,177533
1786744235,5,180133
1786744235,6,177753
1786744235,7,172293
1786744238,0,176317
1786744238,1,173871
1786744238,2,172311
1786744238,3,177473
1786744238,4,177533
1786744238,5,180133
1786744238,6,177753
1786744238,7,172293
1786744240,0,176317
1786744240,1,173871
1786744240,2,172311
1786744240,3,177473
1786744240,4,177533
1786744240,5,180133
1786744240,6,177753
1786744240,7,172293
1786744243,0,176317
1786744243,1,173871
1786744243,2,172311
1786744243,3,177473
1786744243,4,177533
1786744243,5,180133
1786744243,6,177753
1786744243,7,172293
1786744245,0,176317
1786744245,1,173871
1786744245,2,172311
1786744245,3,177473
1786744245,4,177533
1786744245,5,180133
1786744245,6,177753
1786744245,7,172293
1786744247,0,176317
1786744247,1,173871
1786744247,2,172311
1786744247,3,177473
1786744247,4,177533
1786744247,5,180133
1786744247,6,177753
1786744247,7,172293
1786744249,0,176317
1786744249,1,173871
1786744249,2,172311
1786744249,3,177473
1786744249,4,177533
1786744249,5,180133
1786744249,6,177753
1786744249,7,172293
1786744251,0,176317
1786744251,1,173871
1786744251,2,172311
1786744251,3,177473
1786744251,4,177533
1786744251,5,180133
1786744251,6,177753
1786744251,7,172293
1786744254,0,176317
1786744254,1,173871
1786744254,2,172311
1786744254,3,177473
1786744254,4,177533
1786744254,5,180133
1786744254,6,177753
1786744254,7,172293
1786744257,0,176317
1786744257,1,173871
1786744257,2,172311
1786744257,3,177473
1786744257,4,177533
1786744257,5,180533
1786744257,6,177753
1786744257,7,172293
1786744259,0,176317
1786744259,1,173871
1786744259,2,172311
1786744259,3,177473
1786744259,4,177533
1786744259,5,180533
1786744259,6,177753
1786744259,7,172293
1786744261,0,176317
1786744261,1,173871
1786744261,2,172311
1786744261,3,177473
1786744261,4,177533
1786744261,5,180533
1786744261,6,177753
1786744261,7,172293
1786744264,0,176317
1786744264,1,173871
1786744264,2,172311
1786744264,3,177473
1786744264,4,177533
1786744264,5,180533
1786744264,6,177753
1786744264,7,172293
1786744266,0,176317
1786744266,1,173871
1786744266,2,172311
1786744266,3,177473
1786744266,4,177533
1786744266,5,180533
1786744266,6,177753
1786744266,7,172293
1786744268,0,176317
1786744268,1,173871
1786744268,2,172311
1786744268,3,177473
1786744268,4,177533
1786744268,5,180533
1786744268,6,177753
1786744268,7,172293
1786744271,0,176317
1786744271,1,173871
1786744271,2,172311
1786744271,3,177473
1786744271,4,177533
1786744271,5,180533
1786744271,6,177753
1786744271,7,172293
1786744274,0,176317
1786744274,1,173871
1786744274,2,172311
1786744274,3,177473
1786744274,4,177533
1786744274,5,180533
1786744274,6,177753
1786744274,7,172293
1786744276,0,176317
1786744276,1,173871
1786744276,2,172311
1786744276,3,177473
1786744276,4,177533
1786744276,5,180533
1786744276,6,177753
1786744276,7,172293
1786744278,0,176317
1786744278,1,173871
1786744278,2,172311
1786744278,3,177473
1786744278,4,177533
1786744278,5,180533
1786744278,6,177753
1786744278,7,172293
1786744280,0,176317
1786744280,1,173871
1786744280,2,172311
1786744280,3,177473
1786744280,4,177533
1786744280,5,180533
1786744280,6,177753
1786744280,7,172293
1786744283,0,176317
1786744283,1,173871
1786744283,2,172311
1786744283,3,177473
1786744283,4,177533
1786744283,5,180533
1786744283,6,177753
1786744283,7,172293
1786744286,0,176317
1786744286,1,173871
1786744286,2,172311
1786744286,3,177473
1786744286,4,177533
1786744286,5,180533
1786744286,6,177753
1786744286,7,172293
1786744288,0,176317
1786744288,1,173871
1786744288,2,172311
1786744288,3,177473
1786744288,4,177533
1786744288,5,180533
1786744288,6,177753
1786744288,7,172293
1786744290,0,176317
1786744290,1,173871
1786744290,2,172311
1786744290,3,177473
1786744290,4,177533
1786744290,5,180533
1786744290,6,177753
1786744290,7,172293
1786744292,0,176317
1786744292,1,173871
1786744292,2,172311
1786744292,3,177473
1786744292,4,177533
1786744292,5,180533
1786744292,6,177753
1786744292,7,172293
1786744295,0,176317
1786744295,1,173871
1786744295,2,172311
1786744295,3,177473
1786744295,4,177533
1786744295,5,180533
1786744295,6,177753
1786744295,7,172293
1786744297,0,176317
1786744297,1,173871
1786744297,2,172311
1786744297,3,177473
1786744297,4,177533
1786744297,5,180533
1786744297,6,177753
1786744297,7,172293
1786744300,0,176317
1786744300,1,173871
1786744300,2,172311
1786744300,3,177473
1786744300,4,177533
1786744300,5,180533
1786744300,6,177753
1786744300,7,172293
1786744302,0,176317
1786744302,1,173871
1786744302,2,172311
1786744302,3,177473
1786744302,4,177533
1786744302,5,180533
1786744302,6,177753
1786744302,7,172293
1786744304,0,176317
1786744304,1,173871
1786744304,2,172311
1786744304,3,177473
1786744304,4,177533
1786744304,5,180533
1786744304,6,177753
1786744304,7,172293
1786744306,0,176317
1786744306,1,173871
1786744306,2,172311
1786744306,3,177473
1786744306,4,177533
1786744306,5,180533
1786744306,6,177753
1786744306,7,172293
1786744309,0,176317
1786744309,1,173871
1786744309,2,172311
1786744309,3,177473
1786744309,4,177533
1786744309,5,180533
1786744309,6,177753
1786744309,7,172293
1786744311,0,176317
1786744311,1,173871
1786744311,2,172311
1786744311,3,177473
1786744311,4,177533
1786744311,5,180533
1786744311,6,177753
1786744311,7,172293
1786744313,0,176317
1786744313,1,173871
1786744313,2,172311
1786744313,3,177473
1786744313,4,177533
1786744313,5,180533
1786744313,6,177753
1786744313,7,172293
1786744316,0,176317
1786744316,1,173871
1786744316,2,172311
1786744316,3,177473
1786744316,4,177533
1786744316,5,180533
1786744316,6,177753
1786744316,7,172293
1786744318,0,176317
1786744318,1,173871
1786744318,2,172311
1786744318,3,177473
1786744318,4,177533
1786744318,5,180533
1786744318,6,177753
1786744318,7,172293
1786744320,0,176317
1786744320,1,173871
1786744320,2,172311
1786744320,3,177473
1786744320,4,177533
1786744320,5,180533
1786744320,6,177753
1786744320,7,172293
1786744322,0,176317
1786744322,1,173871
1786744322,2,172311
1786744322,3,177473
1786744322,4,177533
1786744322,5,180533
1786744322,6,177753
1786744322,7,172293
1786744324,0,176317
1786744324,1,173871
1786744324,2,172311
1786744324,3,177473
1786744324,4,177533
1786744324,5,180533
1786744324,6,177753
1786744324,7,172293
1786744326,0,176317
1786744326,1,173871
1786744326,2,172311
1786744326,3,177473
1786744326,4,177533
1786744326,5,180533
1786744326,6,177753
1786744326,7,172293
1786744329,0,176317
1786744329,1,173871
1786744329,2,172311
1786744329,3,177473
1786744329,4,177533
1786744329,5,180533
1786744329,6,177753
1786744329,7,172293
1786744331,0,176317
1786744331,1,173871
1786744331,2,172311
1786744331,3,177473
1786744331,4,177533
1786744331,5,180533
1786744331,6,177753
1786744331,7,172293
1786744334,0,176317
1786744334,1,173871
1786744334,2,172311
1786744334,3,177473
1786744334,4,177533
1786744334,5,180533
1786744334,6,177753
1786744334,7,172293
1786744336,0,176317
1786744336,1,173871
1786744336,2,172311
1786744336,3,177473
1786744336,4,177533
1786744336,5,180533
1786744336,6,177753
1786744336,7,172293
1786744338,0,176317
1786744338,1,173871
1786744338,2,172311
1786744338,3,177473
1786744338,4,177533
1786744338,5,180533
1786744338,6,177753
1786744338,7,172293
1786744340,0,176317
1786744340,1,173871
1786744340,2,172311
1786744340,3,177473
1786744340,4,177533
1786744340,5,180533
1786744340,6,177753
1786744340,7,172293
1786744343,0,176317
1786744343,1,173871
1786744343,2,172311
1786744343,3,177473
1786744343,4,177533
1786744343,5,180533
1786744343,6,177753
1786744343,7,172293
1786744345,0,176317
1786744345,1,173871
1786744345,2,172311
1786744345,3,177473
1786744345,4,177533
1786744345,5,180533
1786744345,6,177753
1786744345,7,172293
1786744347,0,176317
1786744347,1,173871
1786744347,2,172311
1786744347,3,177473
1786744347,4,177533
1786744347,5,180533
1786744347,6,177753
1786744347,7,172293
1786744350,0,176317
1786744350,1,173871
1786744350,2,172311
1786744350,3,177473
1786744350,4,177533
1786744350,5,180533
1786744350,6,177753
1786744350,7,172293
1786744352,0,176317
1786744352,1,173871
1786744352,2,172311
1786744352,3,177473
1786744352,4,177533
1786744352,5,180533
1786744352,6,177753
1786744352,7,172293
1786744355,0,176317
1786744355,1,173871
1786744355,2,172311
1786744355,3,177473
1786744355,4,177533
1786744355,5,180533
1786744355,6,177753
1786744355,7,172293
1786744357,0,176317
1786744357,1,173871
1786744357,2,172311
1786744357,3,177473
1786744357,4,177533
1786744357,5,180533
1786744357,6,177753
1786744357,7,172293
1786744360,0,176317
1786744360,1,173871
1786744360,2,172311
1786744360,3,177473
1786744360,4,177533
1786744360,5,180533
1786744360,6,177753
1786744360,7,172293
1786744362,0,176317
1786744362,1,173871
1786744362,2,172311
1786744362,3,177473
1786744362,4,177533
1786744362,5,180533
1786744362,6,177753
1786744362,7,172293
1786744364,0,176317
1786744364,1,173871
1786744364,2,172311
1786744364,3,177473
1786744364,4,177533
1786744364,5,180533
1786744364,6,177753
1786744364,7,172293
1786744367,0,176317
1786744367,1,173871
1786744367,2,172311
1786744367,3,177473
1786744367,4,177533
1786744367,5,180533
1786744367,6,177753
1786744367,7,172293
1786744369,0,176317
1786744369,1,173871
1786744369,2,172311
1786744369,3,177473
1786744369,4,177533
1786744369,5,180533
1786744369,6,177753
1786744369,7,172293
1786744371,0,176317
1786744371,1,173871
1786744371,2,172311
1786744371,3,177473
1786744371,4,177533
1786744371,5,180533
1786744371,6,177753
1786744371,7,172293
1786744374,0,176317
1786744374,1,173871
1786744374,2,172311
1786744374,3,177473
1786744374,4,177533
1786744374,5,180533
1786744374,6,177753
1786744374,7,172293
1786744376,0,176317
1786744376,1,173871
1786744376,2,172311
1786744376,3,177473
1786744376,4,177533
1786744376,5,180533
1786744376,6,177753
1786744376,7,172293
1786744378,0,176317
1786744378,1,173871
1786744378,2,172311
1786744378,3,177473
1786744378,4,177533
1786744378,5,180533
1786744378,6,177753
1786744378,7,172293
1786744380,0,176317
1786744380,1,173871
1786744380,2,172311
1786744380,3,177473
1786744380,4,177533
1786744380,5,180533
1786744380,6,177753
1786744380,7,172293
1786744383,0,176317
1786744383,1,173871
1786744383,2,172311
1786744383,3,177473
1786744383,4,177533
1786744383,5,180533
1786744383,6,177753
1786744383,7,172293
1786744385,0,176317
1786744385,1,173871
1786744385,2,172311
1786744385,3,177473
1786744385,4,177533
1786744385,5,180533
1786744385,6,177753
1786744385,7,172293
1786744387,0,176317
1786744387,1,173871
1786744387,2,172311
1786744387,3,177473
1786744387,4,177533
1786744387,5,180533
1786744387,6,177753
1786744387,7,172293
1786744389,0,176317
1786744389,1,173871
1786744389,2,172311
1786744389,3,177473
1786744389,4,177533
1786744389,5,180533
1786744389,6,177753
1786744389,7,172293
1786744391,0,176317
1786744391,1,173871
1786744391,2,172311
1786744391,3,177473
1786744391,4,177533
1786744391,5,180533
1786744391,6,177753
1786744391,7,172293
1786744394,0,176317
1786744394,1,173871
1786744394,2,172311
1786744394,3,177473
1786744394,4,177533
1786744394,5,180533
1786744394,6,177753
1786744394,7,172293
1786744396,0,176317
1786744396,1,173871
1786744396,2,172311
1786744396,3,177473
1786744396,4,177533
1786744396,5,180533
1786744396,6,177753
1786744396,7,172293
1786744398,0,176317
1786744398,1,173871
1786744398,2,172311
1786744398,3,177473
1786744398,4,177533
1786744398,5,180533
1786744398,6,177753
1786744398,7,172293
1786744400,0,176317
1786744400,1,173871
1786744400,2,172311
1786744400,3,177473
1786744400,4,177533
1786744400,5,180533
1786744400,6,177753
1786744400,7,172293
1786744402,0,176317
1786744402,1,173871
1786744402,2,172311
1786744402,3,177473
1786744402,4,177533
1786744402,5,180533
1786744402,6,177753
1786744402,7,172293
1786744405,0,176317
1786744405,1,173871
1786744405,2,172311
1786744405,3,177473
1786744405,4,177533
1786744405,5,180533
1786744405,6,177753
1786744405,7,172293
1786744407,0,176317
1786744407,1,173871
1786744407,2,172311
1786744407,3,177473
1786744407,4,177533
1786744407,5,180533
1786744407,6,177753
1786744407,7,172293
1786744409,0,176317
1786744409,1,173871
1786744409,2,172311
1786744409,3,177473
1786744409,4,177533
1786744409,5,180533
1786744409,6,177753
1786744409,7,172293
1786744412,0,176317
1786744412,1,173871
1786744412,2,172311
1786744412,3,177473
1786744412,4,177533
1786744412,5,180533
1786744412,6,177753
1786744412,7,172293
1786744414,0,176317
1786744414,1,173871
1786744414,2,172311
1786744414,3,177473
1786744414,4,177533
1786744414,5,180533
1786744414,6,177753
1786744414,7,172293
1786744417,0,176317
1786744417,1,173871
1786744417,2,172311
1786744417,3,177473
1786744417,4,177533
1786744417,5,180533
1786744417,6,177753
1786744417,7,172293
1786744420,0,176317
1786744420,1,173871
1786744420,2,172311
1786744420,3,177473
1786744420,4,177533
1786744420,5,180533
1786744420,6,177753
1786744420,7,172293
1786744422,0,176317
1786744422,1,173871
1786744422,2,172311
1786744422,3,177473
1786744422,4,177533
1786744422,5,180533
1786744422,6,177753
1786744422,7,172293
1786744425,0,176317
1786744425,1,173871
1786744425,2,172311
1786744425,3,177473
1786744425,4,177533
1786744425,5,180533
1786744425,6,177753
1786744425,7,172293
1786744428,0,176317
1786744428,1,173871
1786744428,2,172311
1786744428,3,177473
1786744428,4,177533
1786744428,5,180533
1786744428,6,177753
1786744428,7,172293
1786744430,0,176317
1786744430,1,173871
1786744430,2,172311
1786744430,3,177473
1786744430,4,177533
1786744430,5,180533
1786744430,6,177753
1786744430,7,172293
1786744433,0,176317
1786744433,1,173871
1786744433,2,172311
1786744433,3,177473
1786744433,4,177533
1786744433,5,180533
1786744433,6,177753
1786744433,7,172293
1786744436,0,176317
1786744436,1,173871
1786744436,2,172311
1786744436,3,177473
1786744436,4,177533
1786744436,5,180533
1786744436,6,177753
1786744436,7,172293
1786744438,0,176317
1786744438,1,173871
1786744438,2,172311
1786744438,3,177473
1786744438,4,177533
1786744438,5,180533
1786744438,6,177753
1786744438,7,172293
1786744440,0,176317
1786744440,1,173871
1786744440,2,172311
1786744440,3,177473
1786744440,4,177533
1786744440,5,180533
1786744440,6,177753
1786744440,7,172293
1786744443,0,176317
1786744443,1,173871
1786744443,2,172311
1786744443,3,177473
1786744443,4,177533
1786744443,5,180533
1786744443,6,177753
1786744443,7,172293
1786744445,0,176317
1786744445,1,173871
1786744445,2,172311
1786744445,3,177473
1786744445,4,177533
1786744445,5,180533
1786744445,6,177753
1786744445,7,172293
1786744447,0,176317
1786744447,1,173871
1786744447,2,172311
1786744447,3,177473
1786744447,4,177533
1786744447,5,180533
1786744447,6,177753
1786744447,7,172293
1786744449,0,176317
1786744449,1,173871
1786744449,2,172311
1786744449,3,177473
1786744449,4,177533
1786744449,5,180533
1786744449,6,177753
1786744449,7,172293
1786744452,0,176317
1786744452,1,173871
1786744452,2,172311
1786744452,3,177473
1786744452,4,177533
1786744452,5,180533
1786744452,6,177753
1786744452,7,172293
1786744454,0,176317
1786744454,1,173871
1786744454,2,172311
1786744454,3,177473
1786744454,4,177533
1786744454,5,180533
1786744454,6,177753
1786744454,7,172293
1786744456,0,176317
1786744456,1,173871
1786744456,2,172311
1786744456,3,177473
1786744456,4,177533
1786744456,5,180533
1786744456,6,177753
1786744456,7,172293
1786744458,0,176317
1786744458,1,173871
1786744458,2,172311
1786744458,3,177473
1786744458,4,177533
1786744458,5,180533
1786744458,6,177753
1786744458,7,172293
1786744460,0,176317
1786744460,1,173871
1786744460,2,172311
1786744460,3,177473
1786744460,4,177533
1786744460,5,180533
1786744460,6,177753
1786744460,7,172293
1786744463,0,176317
1786744463,1,173871
1786744463,2,172311
1786744463,3,177473
1786744463,4,177533
1786744463,5,180533
1786744463,6,177753
1786744463,7,172293
1786744465,0,176317
1786744465,1,173871
1786744465,2,172311
1786744465,3,177473
1786744465,4,177533
1786744465,5,180533
1786744465,6,177753
1786744465,7,172293
1786744468,0,176317
1786744468,1,173871
1786744468,2,172311
1786744468,3,177473
1786744468,4,177533
1786744468,5,180533
1786744468,6,177753
1786744468,7,172293
1786744470,0,176317
1786744470,1,173871
1786744470,2,172311
1786744470,3,177473
1786744470,4,177533
1786744470,5,180533
1786744470,6,177753
1786744470,7,172293
1786744472,0,176317
1786744472,1,173871
1786744472,2,172311
1786744472,3,177473
1786744472,4,177533
1786744472,5,180533
1786744472,6,177753
1786744472,7,172293
1786744474,0,176317
1786744474,1,173871
1786744474,2,172311
1786744474,3,177473
1786744474,4,177533
1786744474,5,180533
1786744474,6,177753
1786744474,7,172293
1786744477,0,176317
1786744477,1,173871
1786744477,2,172311
1786744477,3,177473
1786744477,4,177533
1786744477,5,180533
1786744477,6,177753
1786744477,7,172293
1786744480,0,176317
1786744480,1,173871
1786744480,2,172311
1786744480,3,177473
1786744480,4,177533
1786744480,5,180533
1786744480,6,177753
1786744480,7,172293
1786744483,0,176317
1786744483,1,173871
1786744483,2,172311
1786744483,3,177473
1786744483,4,177533
1786744483,5,180533
1786744483,6,177753
1786744483,7,172293
1786744485,0,176317
1786744485,1,173871
1786744485,2,172311
1786744485,3,177473
1786744485,4,177533
1786744485,5,180533
1786744485,6,177753
1786744485,7,172293
1786744487,0,176317
1786744487,1,173871
1786744487,2,172311
1786744487,3,177473
1786744487,4,177533
1786744487,5,180533
1786744487,6,177753
1786744487,7,172293
1786744489,0,176317
1786744489,1,173871
1786744489,2,172311
1786744489,3,177473
1786744489,4,177533
1786744489,5,180533
1786744489,6,177753
1786744489,7,172293
1786744492,0,176317
1786744492,1,173871
1786744492,2,172311
1786744492,3,177473
1786744492,4,177533
1786744492,5,180533
1786744492,6,177753
1786744492,7,172293
1786744494,0,176317
1786744494,1,173871
1786744494,2,172311
1786744494,3,177473
1786744494,4,177533
1786744494,5,180533
1786744494,6,177753
1786744494,7,172293
1786744496,0,176317
1786744496,1,173871
1786744496,2,172311
1786744496,3,177473
1786744496,4,177533
1786744496,5,180533
1786744496,6,177753
1786744496,7,172293
1786744498,0,176317
1786744498,1,173871
1786744498,2,172311
1786744498,3,177473
1786744498,4,177533
1786744498,5,180533
1786744498,6,177753
1786744498,7,172293
1786744501,0,176317
1786744501,1,173871
1786744501,2,172311
1786744501,3,177473
1786744501,4,177533
1786744501,5,180533
1786744501,6,177753
1786744501,7,172293
1786744503,0,176317
1786744503,1,173871
1786744503,2,172311
1786744503,3,177473
1786744503,4,177533
1786744503,5,180533
1786744503,6,177753
1786744503,7,172293
1786744505,0,176317
1786744505,1,173871
1786744505,2,172311
1786744505,3,177473
1786744505,4,177533
1786744505,5,180533
1786744505,6,177753
1786744505,7,172293
1786744507,0,176317
1786744507,1,173871
1786744507,2,172311
1786744507,3,177473
1786744507,4,177533
1786744507,5,180533
1786744507,6,177753
1786744507,7,172293
1786744510,0,176317
1786744510,1,173871
1786744510,2,172311
1786744510,3,177473
1786744510,4,177533
1786744510,5,180533
1786744510,6,177753
1786744510,7,172293
1786744512,0,176317
1786744512,1,173871
1786744512,2,172311
1786744512,3,177473
1786744512,4,177533
1786744512,5,180533
1786744512,6,177753
1786744512,7,172293
1786744515,0,176317
1786744515,1,173871
1786744515,2,172311
1786744515,3,177473
1786744515,4,177533
1786744515,5,180533
1786744515,6,177753
1786744515,7,172293
1786744517,0,176317
1786744517,1,173871
1786744517,2,172311
1786744517,3,177473
1786744517,4,177533
1786744517,5,180533
1786744517,6,177753
1786744517,7,172293
1786744519,0,176317
1786744519,1,173871
1786744519,2,172311
1786744519,3,177473
1786744519,4,177533
1786744519,5,180533
1786744519,6,177753
1786744519,7,172293
1786744521,0,176317
1786744521,1,173871
1786744521,2,172311
1786744521,3,177473
1786744521,4,177533
1786744521,5,180533
1786744521,6,177753
1786744521,7,172293
1786744523,0,176317
1786744523,1,173871
1786744523,2,172311
1786744523,3,177473
1786744523,4,177533
1786744523,5,180533
1786744523,6,177753
1786744523,7,172293
1786744526,0,176317
1786744526,1,173871
1786744526,2,172311
1786744526,3,177473
1786744526,4,177533
1786744526,5,180533
1786744526,6,177753
1786744526,7,172293
1786744528,0,176317
1786744528,1,173871
1786744528,2,172311
1786744528,3,177473
1786744528,4,177533
1786744528,5,180533
1786744528,6,177753
1786744528,7,172293
1786744530,0,176317
1786744530,1,173871
1786744530,2,172311
1786744530,3,177473
1786744530,4,177533
1786744530,5,180533
1786744530,6,177753
1786744530,7,172293
1786744532,0,176317
1786744532,1,173871
1786744532,2,172311
1786744532,3,177473
1786744532,4,177533
1786744532,5,180533
1786744532,6,177753
1786744532,7,172293
1786744535,0,176317
1786744535,1,173871
1786744535,2,172311
1786744535,3,177473
1786744535,4,177533
1786744535,5,180533
1786744535,6,177753
1786744535,7,172293
1786744537,0,176317
1786744537,1,173871
1786744537,2,172311
1786744537,3,177473
1786744537,4,177533
1786744537,5,180533
1786744537,6,177753
1786744537,7,172293
1786744539,0,176317
1786744539,1,173871
1786744539,2,172311
1786744539,3,177473
1786744539,4,177533
1786744539,5,180533
1786744539,6,177753
1786744539,7,172293
1786744541,0,176317
1786744541,1,173871
1786744541,2,172311
1786744541,3,177473
1786744541,4,177533
1786744541,5,180533
1786744541,6,177753
1786744541,7,172293
1786744544,0,176317
1786744544,1,173871
1786744544,2,172311
1786744544,3,177473
1786744544,4,177533
1786744544,5,180533
1786744544,6,177753
1786744544,7,172293
1786744546,0,176317
1786744546,1,173871
1786744546,2,172311
1786744546,3,177473
1786744546,4,177533
1786744546,5,180533
1786744546,6,177753
1786744546,7,172293
1786744548,0,176317
1786744548,1,173871
1786744548,2,172311
1786744548,3,177473
1786744548,4,177533
1786744548,5,180533
1786744548,6,177753
1786744548,7,172293
1786744550,0,176317
1786744550,1,173871
1786744550,2,172311
1786744550,3,177473
1786744550,4,177533
1786744550,5,180533
1786744550,6,177753
1786744550,7,172293
1786744552,0,176317
1786744552,1,173871
1786744552,2,172311
1786744552,3,177473
1786744552,4,177533
1786744552,5,180533
1786744552,6,177753
1786744552,7,172293
1786744555,0,176317
1786744555,1,173871
1786744555,2,172311
1786744555,3,177473
1786744555,4,177533
1786744555,5,180533
1786744555,6,177753
1786744555,7,172293
1786744557,0,176317
1786744557,1,173871
1786744557,2,172311
1786744557,3,177473
1786744557,4,177533
1786744557,5,180533
1786744557,6,177753
1786744557,7,172293
1786744559,0,176317
1786744559,1,173871
1786744559,2,172311
1786744559,3,177473
1786744559,4,177533
1786744559,5,180533
1786744559,6,177753
1786744559,7,172293
1786744561,0,176317
1786744561,1,173871
1786744561,2,172311
1786744561,3,177473
1786744561,4,177533
1786744561,5,180533
1786744561,6,177753
1786744561,7,172293
1786744564,0,176317
1786744564,1,173871
1786744564,2,172311
1786744564,3,177473
1786744564,4,177533
1786744564,5,180533
1786744564,6,177753
1786744564,7,172293
1786744566,0,176317
1786744566,1,173871
1786744566,2,172311
1786744566,3,177473
1786744566,4,177533
1786744566,5,180533
1786744566,6,177753
1786744566,7,172293
1786744569,0,176317
1786744569,1,173871
1786744569,2,172311
1786744569,3,177473
1786744569,4,177533
1786744569,5,180533
1786744569,6,177753
1786744569,7,172293
1786744572,0,176317
1786744572,1,173871
1786744572,2,172311
1786744572,3,177473
1786744572,4,177533
1786744572,5,180533
1786744572,6,177753
1786744572,7,172293
1786744574,0,176317
1786744574,1,173871
1786744574,2,172311
1786744574,3,177473
1786744574,4,177533
1786744574,5,180533
1786744574,6,177753
1786744574,7,172293
1786744576,0,176317
1786744576,1,173871
1786744576,2,172311
1786744576,3,177473
1786744576,4,177533
1786744576,5,180533
1786744576,6,177753
1786744576,7,172293
1786744579,0,176317
1786744579,1,173871
1786744579,2,172311
1786744579,3,177473
1786744579,4,177533
1786744579,5,180533
1786744579,6,177753
1786744579,7,172293
1786744581,0,176317
1786744581,1,173871
1786744581,2,172311
1786744581,3,177473
1786744581,4,177533
1786744581,5,180533
1786744581,6,177753
1786744581,7,172293
1786744584,0,176317
1786744584,1,173871
1786744584,2,172311
1786744584,3,177473
1786744584,4,177533
1786744584,5,180533
1786744584,6,177753
1786744584,7,172293
1786744586,0,176317
1786744586,1,173871
1786744586,2,172311
1786744586,3,177473
1786744586,4,177533
1786744586,5,180533
1786744586,6,177753
1786744586,7,172293
1786744588,0,176317
1786744588,1,173871
1786744588,2,172311
1786744588,3,177473
1786744588,4,177533
1786744588,5,180533
1786744588,6,177753
1786744588,7,172293
1786744590,0,176317
1786744590,1,173871
1786744590,2,172311
1786744590,3,177473
1786744590,4,177533
1786744590,5,180533
1786744590,6,177753
1786744590,7,172293
1786744592,0,176317
1786744592,1,173871
1786744592,2,172311
1786744592,3,177473
1786744592,4,177533
1786744592,5,180533
1786744592,6,177753
1786744592,7,172293
1786744595,0,176317
1786744595,1,173871
1786744595,2,172311
1786744595,3,177473
1786744595,4,177533
1786744595,5,180533
1786744595,6,177753
1786744595,7,172293
1786744597,0,176317
1786744597,1,173871
1786744597,2,172311
1786744597,3,177473
1786744597,4,177533
1786744597,5,180533
1786744597,6,177753
1786744597,7,172293
1786744599,0,176317
1786744599,1,173871
1786744599,2,172311
1786744599,3,177473
1786744599,4,177533
1786744599,5,180533
1786744599,6,177753
1786744599,7,172293
1786744602,0,176317
1786744602,1,173871
1786744602,2,172311
1786744602,3,177473
1786744602,4,177533
1786744602,5,180533
1786744602,6,177753
1786744602,7,172293
1786744604,0,176317
1786744604,1,173871
1786744604,2,172311
1786744604,3,177473
1786744604,4,177533
1786744604,5,180533
1786744604,6,177753
1786744604,7,172293
1786744606,0,176317
1786744606,1,173871
1786744606,2,172311
1786744606,3,177473
1786744606,4,177533
1786744606,5,180533
1786744606,6,177753
1786744606,7,172293
1786744608,0,176317
1786744608,1,173871
1786744608,2,172311
1786744608,3,177473
1786744608,4,177533
1786744608,5,180533
1786744608,6,177753
1786744608,7,172293
1786744611,0,176317
1786744611,1,173871
1786744611,2,172311
1786744611,3,177473
1786744611,4,177533
1786744611,5,180533
1786744611,6,177753
1786744611,7,172293
1786744613,0,176317
1786744613,1,173871
1786744613,2,172311
1786744613,3,177473
1786744613,4,177533
1786744613,5,180533
1786744613,6,177753
1786744613,7,172293
1786744615,0,176317
1786744615,1,173871
1786744615,2,172311
1786744615,3,177473
1786744615,4,177533
1786744615,5,180533
1786744615,6,177753
1786744615,7,172293
1786744618,0,176317
1786744618,1,173871
1786744618,2,172311
1786744618,3,177473
1786744618,4,177533
1786744618,5,180533
1786744618,6,177753
1786744618,7,172293
1786744620,0,176317
1786744620,1,173871
1786744620,2,172311
1786744620,3,177473
1786744620,4,177533
1786744620,5,180533
1786744620,6,177753
1786744620,7,172293
1786744622,0,176317
1786744622,1,173871
1786744622,2,172311
1786744622,3,177473
1786744622,4,177533
1786744622,5,180533
1786744622,6,177753
1786744622,7,172293
1786744624,0,176317
1786744624,1,173871
1786744624,2,172311
1786744624,3,177473
1786744624,4,177533
1786744624,5,180533
1786744624,6,177753
1786744624,7,172293
1786744626,0,176317
1786744626,1,173871
1786744626,2,172311
1786744626,3,177473
1786744626,4,177533
1786744626,5,180533
1786744626,6,177753
1786744626,7,172293
1786744629,0,176317
1786744629,1,173871
1786744629,2,172311
1786744629,3,177473
1786744629,4,177533
1786744629,5,180533
1786744629,6,177753
1786744629,7,172293
1786744631,0,176317
1786744631,1,173871
1786744631,2,172311
1786744631,3,177473
1786744631,4,177533
1786744631,5,180533
1786744631,6,177753
1786744631,7,172293
1786744634,0,176317
1786744634,1,173871
1786744634,2,172311
1786744634,3,177473
1786744634,4,177533
1786744634,5,180533
1786744634,6,177753
1786744634,7,172293
1786744636,0,176317
1786744636,1,173871
1786744636,2,172311
1786744636,3,177473
1786744636,4,177533
1786744636,5,180533
1786744636,6,177753
1786744636,7,172293
1786744638,0,176317
1786744638,1,173871
1786744638,2,172311
1786744638,3,177473
1786744638,4,177533
1786744638,5,180533
1786744638,6,177753
1786744638,7,172293
1786744640,0,176317
1786744640,1,173871
1786744640,2,172311
1786744640,3,177473
1786744640,4,177533
1786744640,5,180533
1786744640,6,177753
1786744640,7,172293
1786744643,0,176317
1786744643,1,173871
1786744643,2,172311
1786744643,3,177473
1786744643,4,177533
1786744643,5,180533
1786744643,6,177753
1786744643,7,172293
1786744645,0,176317
1786744645,1,173871
1786744645,2,172311
1786744645,3,177473
1786744645,4,177533
1786744645,5,180533
1786744645,6,177753
1786744645,7,172293
1786744647,0,176317
1786744647,1,173871
1786744647,2,172311
1786744647,3,177473
1786744647,4,177533
1786744647,5,180533
1786744647,6,177753
1786744647,7,172293
1786744649,0,176317
1786744649,1,173871
1786744649,2,172311
1786744649,3,177473
1786744649,4,177533
1786744649,5,180533
1786744649,6,177753
1786744649,7,172293
1786744651,0,176317
1786744651,1,173871
1786744651,2,172311
1786744651,3,177473
1786744651,4,177533
1786744651,5,180533
1786744651,6,177753
1786744651,7,172293
1786744653,0,176317
1786744653,1,173871
1786744653,2,172311
1786744653,3,177473
1786744653,4,177533
1786744653,5,180533
1786744653,6,177753
1786744653,7,172293
1786744656,0,176317
1786744656,1,173871
1786744656,2,172311
1786744656,3,177473
1786744656,4,177533
1786744656,5,180533
1786744656,6,177753
1786744656,7,172293
1786744658,0,176317
1786744658,1,173871
1786744658,2,172311
1786744658,3,177473
1786744658,4,177533
1786744658,5,180533
1786744658,6,177753
1786744658,7,172293
1786744660,0,176317
1786744660,1,173871
1786744660,2,172311
1786744660,3,177473
1786744660,4,177533
1786744660,5,180533
1786744660,6,177753
1786744660,7,172293
1786744663,0,176317
1786744663,1,173871
1786744663,2,172311
1786744663,3,177473
1786744663,4,177533
1786744663,5,180533
1786744663,6,177753
1786744663,7,172293
1786744665,0,176317
1786744665,1,173871
1786744665,2,172311
1786744665,3,177473
1786744665,4,177533
1786744665,5,180533
1786744665,6,177753
1786744665,7,172293
1786744668,0,176317
1786744668,1,173871
1786744668,2,172311
1786744668,3,177473
1786744668,4,177533
1786744668,5,180533
1786744668,6,177753
1786744668,7,172293
1786744670,0,176317
1786744670,1,173871
1786744670,2,172311
1786744670,3,177473
1786744670,4,177533
1786744670,5,180533
1786744670,6,177753
1786744670,7,172293
1786744672,0,176317
1786744672,1,173871
1786744672,2,172311
1786744672,3,177473
1786744672,4,177533
1786744672,5,180533
1786744672,6,177753
1786744672,7,172293
1786744675,0,176317
1786744675,1,173871
1786744675,2,172311
1786744675,3,177473
1786744675,4,177533
1786744675,5,180533
1786744675,6,177753
1786744675,7,172293
1786744677,0,176317
1786744677,1,173871
1786744677,2,172311
1786744677,3,177473
1786744677,4,177533
1786744677,5,180533
1786744677,6,177753
1786744677,7,172293
1786744679,0,176317
1786744679,1,173871
1786744679,2,172311
1786744679,3,177473
1786744679,4,177533
1786744679,5,180533
1786744679,6,177753
1786744679,7,172293
1786744681,0,176317
1786744681,1,173871
1786744681,2,172311
1786744681,3,177473
1786744681,4,177533
1786744681,5,180533
1786744681,6,177753
1786744681,7,172293
1786744684,0,176317
1786744684,1,173871
1786744684,2,172311
1786744684,3,177473
1786744684,4,177533
1786744684,5,180533
1786744684,6,177753
1786744684,7,172293
1786744686,0,176317
1786744686,1,173871
1786744686,2,172311
1786744686,3,177473
1786744686,4,177533
1786744686,5,180533
1786744686,6,177753
1786744686,7,172293
1786744689,0,176317
1786744689,1,173871
1786744689,2,172311
1786744689,3,177473
1786744689,4,177533
1786744689,5,180533
1786744689,6,177753
1786744689,7,172293
1786744691,0,176317
1786744691,1,173871
1786744691,2,172311
1786744691,3,177473
1786744691,4,177533
1786744691,5,180533
1786744691,6,177753
1786744691,7,172293
1786744694,0,176317
1786744694,1,173871
1786744694,2,172311
1786744694,3,177473
1786744694,4,177533
1786744694,5,180533
1786744694,6,177753
1786744694,7,172293
1786744696,0,176317
1786744696,1,173871
1786744696,2,172311
1786744696,3,177473
1786744696,4,177533
1786744696,5,180533
1786744696,6,177753
1786744696,7,172293
1786744698,0,176317
1786744698,1,173871
1786744698,2,172311
1786744698,3,177473
1786744698,4,177533
1786744698,5,180533
1786744698,6,177753
1786744698,7,172293
1786744700,0,176317
1786744700,1,173871
1786744700,2,172311
1786744700,3,177473
1786744700,4,177533
1786744700,5,180533
1786744700,6,177753
1786744700,7,172293
1786744705,0,176317
1786744705,1,173871
1786744705,2,172311
1786744705,3,177473
1786744705,4,177533
1786744705,5,180533
1786744705,6,177753
1786744705,7,172293
1786744708,0,176317
1786744708,1,173871
1786744708,2,172311
1786744708,3,177473
1786744708,4,177533
1786744708,5,180533
1786744708,6,177753
1786744708,7,172293
1786744710,0,176317
1786744710,1,173871
1786744710,2,172311
1786744710,3,177473
1786744710,4,177533
1786744710,5,180533
1786744710,6,177753
1786744710,7,172293
1786744713,0,176317
1786744713,1,173871
1786744713,2,172311
1786744713,3,177473
1786744713,4,177533
1786744713,5,180533
1786744713,6,177753
1786744713,7,172293
1786744715,0,176317
1786744715,1,173871
1786744715,2,172311
1786744715,3,177473
1786744715,4,177533
1786744715,5,180533
1786744715,6,177753
1786744715,7,172293
1786744717,0,176317
1786744717,1,173871
1786744717,2,172311
1786744717,3,177473
1786744717,4,177533
1786744717,5,180533
1786744717,6,177753
1786744717,7,172293
1786744720,0,176317
1786744720,1,173871
1786744720,2,172311
1786744720,3,177473
1786744720,4,177533
1786744720,5,180533
1786744720,6,177753
1786744720,7,172293
1786744723,0,176317
1786744723,1,173871
1786744723,2,172311
1786744723,3,177473
1786744723,4,177533
1786744723,5,180533
1786744723,6,177753
1786744723,7,172293
1786744725,0,176317
1786744725,1,173871
1786744725,2,172311
1786744725,3,177473
1786744725,4,177533
1786744725,5,180533
1786744725,6,177753
1786744725,7,172293
1786744728,0,176317
1786744728,1,173871
1786744728,2,172311
1786744728,3,177473
1786744728,4,177533
1786744728,5,180533
1786744728,6,177753
1786744728,7,172293
1786744730,0,176317
1786744730,1,173871
1786744730,2,172311
1786744730,3,177473
1786744730,4,177533
1786744730,5,180533
1786744730,6,177753
1786744730,7,172293
1786744733,0,176317
1786744733,1,173871
1786744733,2,172311
1786744733,3,177473
1786744733,4,177533
1786744733,5,180533
1786744733,6,177753
1786744733,7,172293
1786744735,0,176317
1786744735,1,173871
1786744735,2,172311
1786744735,3,177473
1786744735,4,177533
1786744735,5,180533
1786744735,6,177753
1786744735,7,172293
1786744738,0,176317
1786744738,1,173871
1786744738,2,172311
1786744738,3,177473
1786744738,4,177533
1786744738,5,180533
1786744738,6,177753
1786744738,7,172293
1786744740,0,176317
1786744740,1,173871
1786744740,2,172311
1786744740,3,177473
1786744740,4,177533
1786744740,5,180533
1786744740,6,177753
1786744740,7,172293
1786744743,0,176317
1786744743,1,173871
1786744743,2,172311
1786744743,3,177473
1786744743,4,177533
1786744743,5,181173
1786744743,6,177753
1786744743,7,172293
1786744745,0,176317
1786744745,1,173871
1786744745,2,172311
1786744745,3,177473
1786744745,4,177533
1786744745,5,181173
1786744745,6,177753
1786744745,7,172293
1786744747,0,176317
1786744747,1,173871
1786744747,2,172311
1786744747,3,177473
1786744747,4,177533
1786744747,5,181173
1786744747,6,177753
1786744747,7,172293
1786744751,0,176317
1786744751,1,173871
1786744751,2,172311
1786744751,3,177473
1786744751,4,177533
1786744751,5,181173
1786744751,6,177753
1786744751,7,172293
1786744753,0,176317
1786744753,1,173871
1786744753,2,172311
1786744753,3,177473
1786744753,4,177533
1786744753,5,181173
1786744753,6,177753
1786744753,7,172293
1786744756,0,176339
1786744756,1,173871
1786744756,2,172311
1786744756,3,177473
1786744756,4,177533
1786744756,5,181173
1786744756,6,177753
1786744756,7,172293
1786744758,0,176340
1786744758,1,173871
1786744758,2,172311
1786744758,3,177473
1786744758,4,177533
1786744758,5,181173
1786744758,6,177753
1786744758,7,172293
1786744760,0,176340
1786744760,1,173871
1786744760,2,172311
1786744760,3,177473
1786744760,4,177533
1786744760,5,181173
1786744760,6,177753
1786744760,7,172293
1786744763,0,176351
1786744763,1,173871
1786744763,2,172311
1786744763,3,177473
1786744763,4,177533
1786744763,5,181173
1786744763,6,177753
1786744763,7,172293
1786744766,0,176943
1786744766,1,173871
1786744766,2,172311
1786744766,3,177473
1786744766,4,177533
1786744766,5,181173
1786744766,6,177753
1786744766,7,172293
1786744769,0,176317
1786744769,1,173871
1786744769,2,172311
1786744769,3,177473
1786744769,4,177533
1786744769,5,181173
1786744769,6,177753
1786744769,7,172293
1786744771,0,176317
1786744771,1,173871
1786744771,2,172311
1786744771,3,177473
1786744771,4,177533
1786744771,5,181173
1786744771,6,177753
1786744771,7,172293
1786744774,0,176317
1786744774,1,173871
1786744774,2,172311
1786744774,3,177473
1786744774,4,177533
1786744774,5,181173
1786744774,6,177753
1786744774,7,172293
1786744776,0,176317
1786744776,1,173871
1786744776,2,172311
1786744776,3,177473
1786744776,4,177533
1786744776,5,181173
1786744776,6,177753
1786744776,7,172293
1786744780,0,176317
1786744780,1,173871
1786744780,2,172311
1786744780,3,177473
1786744780,4,177533
1786744780,5,181173
1786744780,6,177753
1786744780,7,172293
1786744783,0,176317
1786744783,1,173871
1786744783,2,172311
1786744783,3,177473
1786744783,4,177533
1786744783,5,181173
1786744783,6,177753
1786744783,7,172293
1786744785,0,176317
1786744785,1,173871
1786744785,2,172311
1786744785,3,177473
1786744785,4,177533
1786744785,5,181173
1786744785,6,177753
1786744785,7,172293
1786744787,0,176317
1786744787,1,173871
1786744787,2,172311
1786744787,3,177473
1786744787,4,177533
1786744787,5,181173
1786744787,6,177753
1786744787,7,172293
1786744789,0,176317
1786744789,1,173871
1786744789,2,172311
1786744789,3,177473
1786744789,4,177533
1786744789,5,181173
1786744789,6,177753
1786744789,7,172293
1786744792,0,176317
1786744792,1,173871
1786744792,2,172311
1786744792,3,177473
1786744792,4,177533
1786744792,5,181173
1786744792,6,177753
1786744792,7,172293
1786744794,0,176317
1786744794,1,173871
1786744794,2,172311
1786744794,3,177473
1786744794,4,177533
1786744794,5,181173
1786744794,6,177753
1786744794,7,172293
1786744796,0,176317
1786744796,1,173871
1786744796,2,172311
1786744796,3,177473
1786744796,4,177533
1786744796,5,181173
1786744796,6,177753
1786744796,7,172293
1786744798,0,176317
1786744798,1,173871
1786744798,2,172311
1786744798,3,177473
1786744798,4,177533
1786744798,5,181173
1786744798,6,177753
1786744798,7,172293
1786744801,0,176317
1786744801,1,173871
1786744801,2,172311
1786744801,3,177473
1786744801,4,177533
1786744801,5,181173
1786744801,6,177753
1786744801,7,172293
1786744804,0,176317
1786744804,1,173871
1786744804,2,172311
1786744804,3,177473
1786744804,4,177533
1786744804,5,181173
1786744804,6,177753
1786744804,7,172293
1786744806,0,176317
1786744806,1,173871
1786744806,2,172311
1786744806,3,177473
1786744806,4,177533
1786744806,5,181173
1786744806,6,177753
1786744806,7,172293
1786744809,0,176317
1786744809,1,173871
1786744809,2,172311
1786744809,3,177473
1786744809,4,177533
1786744809,5,181173
1786744809,6,177753
1786744809,7,172293
1786744812,0,176317
1786744812,1,173871
1786744812,2,172311
1786744812,3,177473
1786744812,4,177533
1786744812,5,181173
1786744812,6,177753
1786744812,7,172293
1786744814,0,176317
1786744814,1,173871
1786744814,2,172311
1786744814,3,177473
1786744814,4,177533
1786744814,5,181173
1786744814,6,177753
1786744814,7,172293
1786744817,0,176317
1786744817,1,173871
1786744817,2,172311
1786744817,3,177473
1786744817,4,177533
1786744817,5,181173
1786744817,6,177753
1786744817,7,172293
1786744819,0,176317
1786744819,1,173871
1786744819,2,172311
1786744819,3,177473
1786744819,4,177533
1786744819,5,181173
1786744819,6,177753
1786744819,7,172293
1786744822,0,176317
1786744822,1,173871
1786744822,2,172311
1786744822,3,177473
1786744822,4,177533
1786744822,5,181173
1786744822,6,177753
1786744822,7,172293
1786744825,0,176317
1786744825,1,173871
1786744825,2,172311
1786744825,3,177473
1786744825,4,177533
1786744825,5,181173
1786744825,6,177753
1786744825,7,172293
1786744828,0,176317
1786744828,1,173871
1786744828,2,172311
1786744828,3,177473
1786744828,4,177533
1786744828,5,181173
1786744828,6,177753
1786744828,7,172293
1786744831,0,176317
1786744831,1,173871
1786744831,2,172311
1786744831,3,177473
1786744831,4,177533
1786744831,5,181173
1786744831,6,177753
1786744831,7,172293
1786744833,0,176317
1786744833,1,173871
1786744833,2,172311
1786744833,3,177473
1786744833,4,177533
1786744833,5,181173
1786744833,6,177753
1786744833,7,172293
1786744836,0,176317
1786744836,1,173871
1786744836,2,172311
1786744836,3,177473
1786744836,4,177533
1786744836,5,181173
1786744836,6,177753
1786744836,7,172293
1786744839,0,176317
1786744839,1,173871
1786744839,2,172311
1786744839,3,177473
1786744839,4,177533
1786744839,5,181173
1786744839,6,177753
1786744839,7,172293
1786744841,0,176317
1786744841,1,173871
1786744841,2,172311
1786744841,3,177473
1786744841,4,177533
1786744841,5,181173
1786744841,6,177753
1786744841,7,172293
1786744843,0,176317
1786744843,1,173871
1786744843,2,172311
1786744843,3,177473
1786744843,4,177533
1786744843,5,181173
1786744843,6,177753
1786744843,7,172293
1786744845,0,176317
1786744845,1,173871
1786744845,2,172311
1786744845,3,177473
1786744845,4,177533
1786744845,5,181173
1786744845,6,177753
1786744845,7,172293
1786744848,0,176317
1786744848,1,173871
1786744848,2,172311
1786744848,3,177473
1786744848,4,177533
1786744848,5,181173
1786744848,6,177753
1786744848,7,172293
1786744850,0,176317
1786744850,1,173871
1786744850,2,172311
1786744850,3,177473
1786744850,4,177533
1786744850,5,181173
1786744850,6,177753
1786744850,7,172293
1786744852,0,176317
1786744852,1,173871
1786744852,2,172311
1786744852,3,177473
1786744852,4,177533
1786744852,5,181173
1786744852,6,177753
1786744852,7,172293
1786744856,0,176317
1786744856,1,173871
1786744856,2,172311
1786744856,3,177473
1786744856,4,177533
1786744856,5,181173
1786744856,6,177753
1786744856,7,172293
1786744858,0,176317
1786744858,1,173871
1786744858,2,172311
1786744858,3,177473
1786744858,4,177533
1786744858,5,181173
1786744858,6,177753
1786744858,7,172293
1786744861,0,176317
1786744861,1,173871
1786744861,2,172311
1786744861,3,177473
1786744861,4,177533
1786744861,5,181173
1786744861,6,177753
1786744861,7,172293
1786744863,0,176317
1786744863,1,173871
1786744863,2,172311
1786744863,3,177473
1786744863,4,177533
1786744863,5,181173
1786744863,6,177753
1786744863,7,172293
1786744866,0,176317
1786744866,1,173871
1786744866,2,172311
1786744866,3,178833
1786744866,4,177533
1786744866,5,181173
1786744866,6,177753
1786744866,7,172293
1786744868,0,176317
1786744868,1,173871
1786744868,2,172311
1786744868,3,178833
1786744868,4,177533
1786744868,5,181173
1786744868,6,177753
1786744868,7,172633
1786744871,0,176317
1786744871,1,173871
1786744871,2,172311
1786744871,3,178833
1786744871,4,177533
1786744871,5,181173
1786744871,6,177753
1786744871,7,172633
1786744874,0,176317
1786744874,1,173871
1786744874,2,172311
1786744874,3,178833
1786744874,4,177533
1786744874,5,181173
1786744874,6,177753
1786744874,7,172633
1786744876,0,176317
1786744876,1,173871
1786744876,2,172311
1786744876,3,178833
1786744876,4,177533
1786744876,5,181173
1786744876,6,177753
1786744876,7,172633
1786744878,0,176317
1786744878,1,173871
1786744878,2,172311
1786744878,3,178833
1786744878,4,177533
1786744878,5,181173
1786744878,6,177753
1786744878,7,172633
1786744881,0,176317
1786744881,1,173871
1786744881,2,172311
1786744881,3,178833
1786744881,4,177533
1786744881,5,181173
1786744881,6,177753
1786744881,7,172633
1786744883,0,176317
1786744883,1,173871
1786744883,2,172311
1786744883,3,178833
1786744883,4,177533
1786744883,5,181173
1786744883,6,177753
1786744883,7,172633
1786744885,0,176317
1786744885,1,173871
1786744885,2,172311
1786744885,3,178833
1786744885,4,177533
1786744885,5,181173
1786744885,6,177753
1786744885,7,172633
1786744888,0,176317
1786744888,1,173871
1786744888,2,172311
1786744888,3,178833
1786744888,4,177533
1786744888,5,181173
1786744888,6,177753
1786744888,7,172633
1786744890,0,176317
1786744890,1,173871
1786744890,2,172311
1786744890,3,178833
1786744890,4,177533
1786744890,5,181173
1786744890,6,177753
1786744890,7,172633
1786744892,0,176317
1786744892,1,173871
1786744892,2,172311
1786744892,3,178833
1786744892,4,177533
1786744892,5,181173
1786744892,6,177753
1786744892,7,172633
1786744894,0,176317
1786744894,1,173871
1786744894,2,172311
1786744894,3,178833
1786744894,4,177533
1786744894,5,181173
1786744894,6,177753
1786744894,7,172633
1786744896,0,176317
1786744896,1,173871
1786744896,2,172311
1786744896,3,178833
1786744896,4,177533
1786744896,5,181173
1786744896,6,177753
1786744896,7,172633
1786744899,0,176317
1786744899,1,173871
1786744899,2,172311
1786744899,3,178833
1786744899,4,177533
1786744899,5,181173
1786744899,6,177753
1786744899,7,172633
1786744901,0,176317
1786744901,1,173871
1786744901,2,172311
1786744901,3,178833
1786744901,4,177533
1786744901,5,181173
1786744901,6,177753
1786744901,7,172633
1786744903,0,176317
1786744903,1,173871
1786744903,2,172311
1786744903,3,178833
1786744903,4,177533
1786744903,5,181173
1786744903,6,177753
1786744903,7,172633
1786744906,0,176317
1786744906,1,173871
1786744906,2,172311
1786744906,3,178833
1786744906,4,177533
1786744906,5,181173
1786744906,6,177753
1786744906,7,172633
1786744908,0,176317
1786744908,1,173871
1786744908,2,172311
1786744908,3,178833
1786744908,4,177533
1786744908,5,181173
1786744908,6,177753
1786744908,7,172633
1786744910,0,176317
1786744910,1,173871
1786744910,2,172311
1786744910,3,178833
1786744910,4,177533
1786744910,5,181173
1786744910,6,177753
1786744910,7,172633
1786744912,0,176317
1786744912,1,173871
1786744912,2,172311
1786744912,3,178833
1786744912,4,177533
1786744912,5,181173
1786744912,6,177753
1786744912,7,172633
1786744915,0,176317
1786744915,1,173871
1786744915,2,172311
1786744915,3,178833
1786744915,4,177533
1786744915,5,181173
1786744915,6,177753
1786744915,7,172633
1786744917,0,176317
1786744917,1,173871
1786744917,2,172311
1786744917,3,178833
1786744917,4,177533
1786744917,5,181173
1786744917,6,177753
1786744917,7,172633
1786744919,0,176317
1786744919,1,173871
1786744919,2,172311
1786744919,3,178833
1786744919,4,177533
1786744919,5,181173
1786744919,6,177753
1786744919,7,172633
1786744921,0,176317
1786744921,1,173871
1786744921,2,172311
1786744921,3,178833
1786744921,4,177533
1786744921,5,181173
1786744921,6,177753
1786744921,7,172633
1786744923,0,176317
1786744923,1,173871
1786744923,2,172311
1786744923,3,178833
1786744923,4,177533
1786744923,5,181173
1786744923,6,177753
1786744923,7,172633
1786744926,0,176317
1786744926,1,173871
1786744926,2,172311
1786744926,3,178833
1786744926,4,177533
1786744926,5,181173
1786744926,6,177753
1786744926,7,172633
1786744928,0,176317
1786744928,1,173871
1786744928,2,172311
1786744928,3,178833
1786744928,4,177533
1786744928,5,181173
1786744928,6,177753
1786744928,7,172633
1786744930,0,176317
1786744930,1,173871
1786744930,2,172311
1786744930,3,178833
1786744930,4,177533
1786744930,5,181173
1786744930,6,177753
1786744930,7,172633
1786744933,0,176317
1786744933,1,173871
1786744933,2,172311
1786744933,3,178833
1786744933,4,177533
1786744933,5,181173
1786744933,6,177753
1786744933,7,172633
1786744935,0,176317
1786744935,1,173871
1786744935,2,172311
1786744935,3,178833
1786744935,4,177533
1786744935,5,181173
1786744935,6,177753
1786744935,7,172633
1786744937,0,176317
1786744937,1,173871
1786744937,2,172311
1786744937,3,178833
1786744937,4,177533
1786744937,5,181173
1786744937,6,177753
1786744937,7,172633
1786744939,0,176317
1786744939,1,173871
1786744939,2,172311
1786744939,3,178833
1786744939,4,177533
1786744939,5,181173
1786744939,6,177753
1786744939,7,172633
1786744941,0,176317
1786744941,1,173871
1786744941,2,172311
1786744941,3,178833
1786744941,4,177533
1786744941,5,181173
1786744941,6,177753
1786744941,7,172633
1786744944,0,176317
1786744944,1,173871
1786744944,2,172311
1786744944,3,178833
1786744944,4,177533
1786744944,5,181173
1786744944,6,177753
1786744944,7,172633
1786744946,0,176317
1786744946,1,173871
1786744946,2,172311
1786744946,3,178833
1786744946,4,177533
1786744946,5,181173
1786744946,6,177753
1786744946,7,172633
1786744948,0,176317
1786744948,1,173871
1786744948,2,172311
1786744948,3,178833
1786744948,4,177533
1786744948,5,181173
1786744948,6,177753
1786744948,7,172633
1786744950,0,176317
1786744950,1,173871
1786744950,2,172311
1786744950,3,178833
1786744950,4,177533
1786744950,5,181173
1786744950,6,177753
1786744950,7,172633
1786744953,0,176317
1786744953,1,173871
1786744953,2,172311
1786744953,3,178833
1786744953,4,177533
1786744953,5,181173
1786744953,6,177753
1786744953,7,172633
1786744955,0,176317
1786744955,1,173871
1786744955,2,172311
1786744955,3,178833
1786744955,4,177533
1786744955,5,181173
1786744955,6,177753
1786744955,7,172633
1786744957,0,176317
1786744957,1,173871
1786744957,2,172311
1786744957,3,178833
1786744957,4,177533
1786744957,5,181173
1786744957,6,177753
1786744957,7,172633
1786744961,0,176317
1786744961,1,173871
1786744961,2,172311
1786744961,3,178833
1786744961,4,177533
1786744961,5,181173
1786744961,6,177753
1786744961,7,172633
1786744963,0,176317
1786744963,1,173871
1786744963,2,172311
1786744963,3,178833
1786744963,4,177533
1786744963,5,181173
1786744963,6,177753
1786744963,7,172633
1786744965,0,176317
1786744965,1,173871
1786744965,2,172311
1786744965,3,178833
1786744965,4,177533
1786744965,5,181173
1786744965,6,177753
1786744965,7,172633
1786744967,0,176317
1786744967,1,173871
1786744967,2,172311
1786744967,3,178833
1786744967,4,177533
1786744967,5,181173
1786744967,6,177753
1786744967,7,172633
1786744970,0,176317
1786744970,1,173871
1786744970,2,172311
1786744970,3,178833
1786744970,4,177533
1786744970,5,181173
1786744970,6,177753
1786744970,7,172633
1786744972,0,176317
1786744972,1,173871
1786744972,2,172311
1786744972,3,178833
1786744972,4,177533
1786744972,5,181173
1786744972,6,177753
1786744972,7,172633
1786744974,0,176317
1786744974,1,173871
1786744974,2,172311
1786744974,3,178833
1786744974,4,177533
1786744974,5,181173
1786744974,6,177753
1786744974,7,172633
1786744977,0,176317
1786744977,1,173871
1786744977,2,172311
1786744977,3,178833
1786744977,4,177533
1786744977,5,181173
1786744977,6,177753
1786744977,7,172633
1786744979,0,176317
1786744979,1,173871
1786744979,2,172311
1786744979,3,178833
1786744979,4,177533
1786744979,5,181173
1786744979,6,177753
1786744979,7,172633
1786744981,0,176317
1786744981,1,173871
1786744981,2,172311
1786744981,3,178833
1786744981,4,177533
1786744981,5,181173
1786744981,6,177753
1786744981,7,172633
1786744983,0,176317
1786744983,1,173871
1786744983,2,172311
1786744983,3,178833
1786744983,4,177533
1786744983,5,181173
1786744983,6,177753
1786744983,7,172633
1786744985,0,176317
1786744985,1,173871
1786744985,2,172311
1786744985,3,178833
1786744985,4,177533
1786744985,5,181173
1786744985,6,177753
1786744985,7,172633
1786744987,0,176317
1786744987,1,173871
1786744987,2,172311
1786744987,3,178833
1786744987,4,177533
1786744987,5,181173
1786744987,6,177753
1786744987,7,172793
1786744990,0,176317
1786744990,1,173871
1786744990,2,172311
1786744990,3,178833
1786744990,4,177533
1786744990,5,181173
1786744990,6,177753
1786744990,7,172793
1786744992,0,176317
1786744992,1,173871
1786744992,2,172311
1786744992,3,178833
1786744992,4,177533
1786744992,5,181173
1786744992,6,177753
1786744992,7,172793
1786744995,0,176317
1786744995,1,173871
1786744995,2,172311
1786744995,3,178833
1786744995,4,177533
1786744995,5,181173
1786744995,6,177753
1786744995,7,172793
1786744997,0,176317
1786744997,1,173871
1786744997,2,172311
1786744997,3,178833
1786744997,4,177533
1786744997,5,181173
1786744997,6,177753
1786744997,7,172793
1786744999,0,176317
1786744999,1,173871
1786744999,2,172311
1786744999,3,178833
1786744999,4,177533
1786744999,5,181173
1786744999,6,177753
1786744999,7,172793
1786745001,0,176317
1786745001,1,173871
1786745001,2,172311
1786745001,3,178833
1786745001,4,177533
1786745001,5,181173
1786745001,6,177753
1786745001,7,172793
1786745004,0,176317
1786745004,1,173871
1786745004,2,172311
1786745004,3,178833
1786745004,4,177533
1786745004,5,181173
1786745004,6,177753
1786745004,7,172793
1786745007,0,176317
1786745007,1,173871
1786745007,2,172311
1786745007,3,178833
1786745007,4,177533
1786745007,5,181173
1786745007,6,177753
1786745007,7,172793
1786745009,0,176317
1786745009,1,173871
1786745009,2,172311
1786745009,3,178833
1786745009,4,177533
1786745009,5,181173
1786745009,6,177753
1786745009,7,172793
1786745011,0,176317
1786745011,1,173871
1786745011,2,172311
1786745011,3,178833
1786745011,4,177533
1786745011,5,181173
1786745011,6,177753
1786745011,7,172793
1786745014,0,176317
1786745014,1,173871
1786745014,2,172311
1786745014,3,178833
1786745014,4,177533
1786745014,5,181173
1786745014,6,177753
1786745014,7,172793
1786745016,0,176317
1786745016,1,173871
1786745016,2,172311
1786745016,3,178833
1786745016,4,177533
1786745016,5,181173
1786745016,6,177753
1786745016,7,172793
1786745019,0,176317
1786745019,1,173871
1786745019,2,172311
1786745019,3,178833
1786745019,4,177533
1786745019,5,181173
1786745019,6,177753
1786745019,7,172793
1786745021,0,176317
1786745021,1,173871
1786745021,2,172311
1786745021,3,178833
1786745021,4,177533
1786745021,5,181173
1786745021,6,177753
1786745021,7,172793
1786745024,0,176317
1786745024,1,173871
1786745024,2,172311
1786745024,3,178833
1786745024,4,177533
1786745024,5,181173
1786745024,6,177753
1786745024,7,172793
1786745026,0,176317
1786745026,1,173871
1786745026,2,172311
1786745026,3,178833
1786745026,4,177533
1786745026,5,181173
1786745026,6,177753
1786745026,7,172793
1786745028,0,176317
1786745028,1,173871
1786745028,2,172311
1786745028,3,178833
1786745028,4,177533
1786745028,5,181173
1786745028,6,177753
1786745028,7,172793
1786745030,0,176317
1786745030,1,173871
1786745030,2,172311
1786745030,3,178833
1786745030,4,177533
1786745030,5,181173
1786745030,6,177753
1786745030,7,172793
1786745033,0,176317
1786745033,1,173871
1786745033,2,172311
1786745033,3,178833
1786745033,4,177533
1786745033,5,181173
1786745033,6,177753
1786745033,7,172793
1786745036,0,176317
1786745036,1,173871
1786745036,2,172311
1786745036,3,178833
1786745036,4,177533
1786745036,5,181173
1786745036,6,177753
1786745036,7,172793
1786745038,0,176317
1786745038,1,173871
1786745038,2,172311
1786745038,3,178833
1786745038,4,177533
1786745038,5,181173
1786745038,6,177753
1786745038,7,172793
1786745040,0,176317
1786745040,1,173871
1786745040,2,172311
1786745040,3,178833
1786745040,4,177533
1786745040,5,181173
1786745040,6,177753
1786745040,7,172793
1786745043,0,176317
1786745043,1,173871
1786745043,2,172311
1786745043,3,178833
1786745043,4,177533
1786745043,5,181173
1786745043,6,177753
1786745043,7,172793
1786745045,0,176317
1786745045,1,173871
1786745045,2,172311
1786745045,3,178833
1786745045,4,177533
1786745045,5,181173
1786745045,6,177753
1786745045,7,172793
1786745047,0,176317
1786745047,1,173871
1786745047,2,172311
1786745047,3,178833
1786745047,4,177533
1786745047,5,181173
1786745047,6,177753
1786745047,7,172793
1786745050,0,176317
1786745050,1,173871
1786745050,2,172311
1786745050,3,178833
1786745050,4,177533
1786745050,5,181173
1786745050,6,177753
1786745050,7,172793
1786745052,0,176317
1786745052,1,173871
1786745052,2,172311
1786745052,3,178833
1786745052,4,177533
1786745052,5,181173
1786745052,6,177753
1786745052,7,172793
1786745054,0,176317
1786745054,1,173871
1786745054,2,172311
1786745054,3,178833
1786745054,4,177533
1786745054,5,181173
1786745054,6,177753
1786745054,7,172793
1786745056,0,176317
1786745056,1,173871
1786745056,2,172311
1786745056,3,178833
1786745056,4,177533
1786745056,5,181173
1786745056,6,177753
1786745056,7,172793
1786745058,0,176317
1786745058,1,173871
1786745058,2,172311
1786745058,3,178833
1786745058,4,177533
1786745058,5,181173
1786745058,6,177753
1786745058,7,172793
1786745061,0,176317
1786745061,1,173871
1786745061,2,172311
1786745061,3,178833
1786745061,4,177533
1786745061,5,181173
1786745061,6,177753
1786745061,7,172793
1786745063,0,176317
1786745063,1,173871
1786745063,2,172311
1786745063,3,178833
1786745063,4,177533
1786745063,5,181173
1786745063,6,177753
1786745063,7,172793
1786745066,0,176317
1786745066,1,173871
1786745066,2,172311
1786745066,3,178833
1786745066,4,177533
1786745066,5,181173
1786745066,6,177753
1786745066,7,172793
1786745068,0,176317
1786745068,1,173871
1786745068,2,172311
1786745068,3,178833
1786745068,4,177533
1786745068,5,181173
1786745068,6,177753
1786745068,7,172793
1786745070,0,176317
1786745070,1,173871
1786745070,2,172311
1786745070,3,178833
1786745070,4,177533
1786745070,5,181173
1786745070,6,177753
1786745070,7,172793
1786745073,0,176317
1786745073,1,173871
1786745073,2,172311
1786745073,3,178833
1786745073,4,177533
1786745073,5,181173
1786745073,6,177753
1786745073,7,172793
1786745075,0,176317
1786745075,1,173871
1786745075,2,172311
1786745075,3,178833
1786745075,4,177533
1786745075,5,181173
1786745075,6,177753
1786745075,7,172793
1786745078,0,176317
1786745078,1,173871
1786745078,2,172311
1786745078,3,178833
1786745078,4,177533
1786745078,5,181173
1786745078,6,177753
1786745078,7,172793
1786745080,0,176317
1786745080,1,173871
1786745080,2,172311
1786745080,3,178833
1786745080,4,177533
1786745080,5,181173
1786745080,6,177753
1786745080,7,172793
1786745083,0,176317
1786745083,1,173871
1786745083,2,172311
1786745083,3,178833
1786745083,4,177533
1786745083,5,181173
1786745083,6,177753
1786745083,7,172793
1786745085,0,176317
1786745085,1,173871
1786745085,2,172311
1786745085,3,178833
1786745085,4,177533
1786745085,5,181173
1786745085,6,177753
1786745085,7,172793
1786745087,0,176317
1786745087,1,173871
1786745087,2,172311
1786745087,3,178833
1786745087,4,177533
1786745087,5,181173
1786745087,6,177753
1786745087,7,172793
1786745089,0,176317
1786745089,1,173871
1786745089,2,172311
1786745089,3,178833
1786745089,4,177533
1786745089,5,181173
1786745089,6,177753
1786745089,7,172793
1786745092,0,176317
1786745092,1,173871
1786745092,2,172311
1786745092,3,178833
1786745092,4,177533
1786745092,5,181173
1786745092,6,177753
1786745092,7,172793
1786745095,0,176317
1786745095,1,173871
1786745095,2,172311
1786745095,3,178833
1786745095,4,177533
1786745095,5,181173
1786745095,6,177753
1786745095,7,172793
1786745097,0,176317
1786745097,1,173871
1786745097,2,172311
1786745097,3,178833
1786745097,4,177533
1786745097,5,181173
1786745097,6,177753
1786745097,7,172793
1786745099,0,176317
1786745099,1,173871
1786745099,2,172311
1786745099,3,178833
1786745099,4,177533
1786745099,5,181173
1786745099,6,177753
1786745099,7,172793
1786745101,0,176317
1786745101,1,173871
1786745101,2,172311
1786745101,3,178833
1786745101,4,177533
1786745101,5,181173
1786745101,6,177753
1786745101,7,172793
1786745104,0,176317
1786745104,1,173871
1786745104,2,172311
1786745104,3,178833
1786745104,4,177533
1786745104,5,181173
1786745104,6,177753
1786745104,7,172793
1786745106,0,176317
1786745106,1,173871
1786745106,2,172311
1786745106,3,178833
1786745106,4,177533
1786745106,5,181173
1786745106,6,177753
1786745106,7,172793
1786745109,0,176317
1786745109,1,173871
1786745109,2,172311
1786745109,3,178833
1786745109,4,177533
1786745109,5,181233
1786745109,6,177753
1786745109,7,172793
1786745111,0,176317
1786745111,1,173871
1786745111,2,172311
1786745111,3,178833
1786745111,4,177533
1786745111,5,181233
1786745111,6,177753
1786745111,7,172793
1786745113,0,176317
1786745113,1,173871
1786745113,2,172311
1786745113,3,178833
1786745113,4,177533
1786745113,5,181233
1786745113,6,177753
1786745113,7,172793
1786745116,0,176317
1786745116,1,173871
1786745116,2,172311
1786745116,3,178833
1786745116,4,177533
1786745116,5,181233
1786745116,6,177753
1786745116,7,172793
1786745118,0,176317
1786745118,1,173871
1786745118,2,172311
1786745118,3,178833
1786745118,4,177533
1786745118,5,181233
1786745118,6,177753
1786745118,7,172793
1786745120,0,176317
1786745120,1,173871
1786745120,2,172311
1786745120,3,178833
1786745120,4,177533
1786745120,5,181233
1786745120,6,177753
1786745120,7,172793
1786745122,0,176317
1786745122,1,173871
1786745122,2,172311
1786745122,3,178833
1786745122,4,177533
1786745122,5,181233
1786745122,6,177753
1786745122,7,172793
1786745124,0,176317
1786745124,1,173871
1786745124,2,172311
1786745124,3,178833
1786745124,4,177533
1786745124,5,181233
1786745124,6,177753
1786745124,7,172793
1786745126,0,176317
1786745126,1,173871
1786745126,2,172311
1786745126,3,178833
1786745126,4,177533
1786745126,5,181233
1786745126,6,177753
1786745126,7,172793
1786745129,0,176317
1786745129,1,173871
1786745129,2,172311
1786745129,3,178833
1786745129,4,177533
1786745129,5,181233
1786745129,6,177753
1786745129,7,172793
1786745131,0,176317
1786745131,1,173871
1786745131,2,172311
1786745131,3,178833
1786745131,4,177533
1786745131,5,181233
1786745131,6,177753
1786745131,7,172793
1786745133,0,176317
1786745133,1,173871
1786745133,2,172311
1786745133,3,178833
1786745133,4,177533
1786745133,5,181233
1786745133,6,177753
1786745133,7,172793
1786745135,0,176317
1786745135,1,173871
1786745135,2,172311
1786745135,3,178833
1786745135,4,177533
1786745135,5,181233
1786745135,6,177753
1786745135,7,172793
1786745138,0,176317
1786745138,1,173871
1786745138,2,172311
1786745138,3,178833
1786745138,4,177533
1786745138,5,181233
1786745138,6,177753
1786745138,7,172793
1786745141,0,176317
1786745141,1,173871
1786745141,2,172311
1786745141,3,178833
1786745141,4,177533
1786745141,5,181233
1786745141,6,177753
1786745141,7,172793
1786745143,0,176317
1786745143,1,173871
1786745143,2,172311
1786745143,3,178833
1786745143,4,177533
1786745143,5,181233
1786745143,6,177753
1786745143,7,172793
1786745145,0,176317
1786745145,1,173871
1786745145,2,172311
1786745145,3,178833
1786745145,4,177533
1786745145,5,181233
1786745145,6,177753
1786745145,7,172793
1786745148,0,176317
1786745148,1,173871
1786745148,2,172311
1786745148,3,178833
1786745148,4,177533
1786745148,5,181233
1786745148,6,177753
1786745148,7,172793
1786745150,0,176317
1786745150,1,173871
1786745150,2,172311
1786745150,3,178833
1786745150,4,177533
1786745150,5,181233
1786745150,6,177753
1786745150,7,172793
1786745152,0,176317
1786745152,1,173871
1786745152,2,172311
1786745152,3,178833
1786745152,4,177533
1786745152,5,181233
1786745152,6,177753
1786745152,7,172793
1786745155,0,176317
1786745155,1,173871
1786745155,2,172311
1786745155,3,178833
1786745155,4,177533
1786745155,5,181233
1786745155,6,177753
1786745155,7,172793
1786745158,0,176317
1786745158,1,173871
1786745158,2,172311
1786745158,3,178833
1786745158,4,177533
1786745158,5,181233
1786745158,6,177753
1786745158,7,172793
1786745160,0,176317
1786745160,1,173871
1786745160,2,172311
1786745160,3,178833
1786745160,4,177533
1786745160,5,181233
1786745160,6,177753
1786745160,7,172793
1786745163,0,176317
1786745163,1,173871
1786745163,2,172311
1786745163,3,178833
1786745163,4,177533
1786745163,5,181233
1786745163,6,177753
1786745163,7,172793
1786745165,0,176317
1786745165,1,173871
1786745165,2,172311
1786745165,3,178833
1786745165,4,177533
1786745165,5,181233
1786745165,6,177753
1786745165,7,172793
1786745167,0,176317
1786745167,1,173871
1786745167,2,172311
1786745167,3,178833
1786745167,4,177533
1786745167,5,181233
1786745167,6,177753
1786745167,7,172793
1786745170,0,176317
1786745170,1,173871
1786745170,2,172311
1786745170,3,178833
1786745170,4,177533
1786745170,5,181233
1786745170,6,177753
1786745170,7,172793
1786745172,0,176317
1786745172,1,173871
1786745172,2,172311
1786745172,3,178833
1786745172,4,177533
1786745172,5,181233
1786745172,6,177753
1786745172,7,172793
1786745174,0,176317
1786745174,1,173871
1786745174,2,172311
1786745174,3,178833
1786745174,4,177533
1786745174,5,181233
1786745174,6,177753
1786745174,7,172793
1786745177,0,176317
1786745177,1,173871
1786745177,2,172311
1786745177,3,178833
1786745177,4,177533
1786745177,5,181233
1786745177,6,177753
1786745177,7,172793
1786745179,0,176317
1786745179,1,173871
1786745179,2,172311
1786745179,3,178833
1786745179,4,177533
1786745179,5,181233
1786745179,6,177753
1786745179,7,172793
1786745181,0,176317
1786745181,1,173871
1786745181,2,172311
1786745181,3,178833
1786745181,4,177533
1786745181,5,181233
1786745181,6,177753
1786745181,7,172793
1786745184,0,176317
1786745184,1,173871
1786745184,2,172311
1786745184,3,178833
1786745184,4,177533
1786745184,5,181233
1786745184,6,177753
1786745184,7,172793
1786745186,0,176317
1786745186,1,173871
1786745186,2,172311
1786745186,3,178833
1786745186,4,177533
1786745186,5,181233
1786745186,6,177753
1786745186,7,172793
1786745188,0,176317
1786745188,1,173871
1786745188,2,172311
1786745188,3,178833
1786745188,4,177533
1786745188,5,181233
1786745188,6,177753
1786745188,7,172793
1786745190,0,176317
1786745190,1,173871
1786745190,2,172311
1786745190,3,178833
1786745190,4,177533
1786745190,5,181233
1786745190,6,177753
1786745190,7,172793
1786745193,0,176317
1786745193,1,173871
1786745193,2,172311
1786745193,3,178833
1786745193,4,177533
1786745193,5,181233
1786745193,6,177753
1786745193,7,172793
1786745195,0,176317
1786745195,1,173871
1786745195,2,172311
1786745195,3,178833
1786745195,4,177533
1786745195,5,181233
1786745195,6,177753
1786745195,7,172793
1786745197,0,176317
1786745197,1,173871
1786745197,2,172311
1786745197,3,178833
1786745197,4,177533
1786745197,5,181233
1786745197,6,177753
1786745197,7,172793
1786745199,0,176317
1786745199,1,173871
1786745199,2,172311
1786745199,3,178833
1786745199,4,177533
1786745199,5,181233
1786745199,6,177753
1786745199,7,172793
1786745202,0,176317
1786745202,1,173871
1786745202,2,172311
1786745202,3,178833
1786745202,4,177533
1786745202,5,181233
1786745202,6,177753
1786745202,7,172793
1786745204,0,176317
1786745204,1,173871
1786745204,2,172311
1786745204,3,178833
1786745204,4,177533
1786745204,5,181233
1786745204,6,177753
1786745204,7,172793
1786745206,0,176317
1786745206,1,173871
1786745206,2,172311
1786745206,3,178833
1786745206,4,177533
1786745206,5,181233
1786745206,6,177753
1786745206,7,172793
1786745208,0,176317
1786745208,1,173871
1786745208,2,172311
1786745208,3,178833
1786745208,4,177533
1786745208,5,181233
1786745208,6,177753
1786745208,7,172793
1786745210,0,176317
1786745210,1,173871
1786745210,2,172311
1786745210,3,178833
1786745210,4,177533
1786745210,5,181233
1786745210,6,177753
1786745210,7,172793
1786745213,0,176317
1786745213,1,173871
1786745213,2,172311
1786745213,3,178833
1786745213,4,177533
1786745213,5,181233
1786745213,6,177753
1786745213,7,172793
1786745215,0,176317
1786745215,1,173871
1786745215,2,172311
1786745215,3,178833
1786745215,4,177533
1786745215,5,181233
1786745215,6,177753
1786745215,7,172793
1786745218,0,176317
1786745218,1,173871
1786745218,2,172311
1786745218,3,178833
1786745218,4,177533
1786745218,5,181233
1786745218,6,177753
1786745218,7,172793
1786745220,0,176317
1786745220,1,173871
1786745220,2,172311
1786745220,3,178833
1786745220,4,177533
1786745220,5,181233
1786745220,6,177753
1786745220,7,172793
1786745223,0,176317
1786745223,1,173871
1786745223,2,172311
1786745223,3,178833
1786745223,4,177533
1786745223,5,181233
1786745223,6,177753
1786745223,7,172793
1786745225,0,176317
1786745225,1,173871
1786745225,2,172311
1786745225,3,178833
1786745225,4,177533
1786745225,5,181233
1786745225,6,177753
1786745225,7,172793
1786745227,0,176317
1786745227,1,173871
1786745227,2,172311
1786745227,3,178833
1786745227,4,177533
1786745227,5,181233
1786745227,6,177753
1786745227,7,172793
1786745231,0,176317
1786745231,1,173871
1786745231,2,172311
1786745231,3,178973
1786745231,4,177533
1786745231,5,181233
1786745231,6,177753
1786745231,7,172793
1786745233,0,176317
1786745233,1,173871
1786745233,2,172311
1786745233,3,178973
1786745233,4,177533
1786745233,5,181233
1786745233,6,177753
1786745233,7,173593
1786745235,0,176317
1786745235,1,173871
1786745235,2,172311
1786745235,3,178973
1786745235,4,177533
1786745235,5,181233
1786745235,6,177753
1786745235,7,173593
1786745237,0,176317
1786745237,1,173871
1786745237,2,172311
1786745237,3,178973
1786745237,4,177533
1786745237,5,181233
1786745237,6,177753
1786745237,7,173593
1786745239,0,176317
1786745239,1,173871
1786745239,2,172311
1786745239,3,178973
1786745239,4,177533
1786745239,5,181233
1786745239,6,177753
1786745239,7,173593
1786745242,0,176317
1786745242,1,173871
1786745242,2,172311
1786745242,3,178973
1786745242,4,177533
1786745242,5,181233
1786745242,6,177753
1786745242,7,173593
1786745244,0,176317
1786745244,1,173871
1786745244,2,172311
1786745244,3,178973
1786745244,4,177533
1786745244,5,181233
1786745244,6,177753
1786745244,7,173593
1786745246,0,176317
1786745246,1,173871
1786745246,2,172311
1786745246,3,178973
1786745246,4,177533
1786745246,5,181233
1786745246,6,177753
1786745246,7,173593
1786745248,0,176317
1786745248,1,173871
1786745248,2,172311
1786745248,3,178973
1786745248,4,177533
1786745248,5,181233
1786745248,6,177753
1786745248,7,173593
1786745250,0,176317
1786745250,1,173871
1786745250,2,172311
1786745250,3,178973
1786745250,4,177533
1786745250,5,181233
1786745250,6,177753
1786745250,7,173593
1786745252,0,176317
1786745252,1,173871
1786745252,2,172311
1786745252,3,178973
1786745252,4,177533
1786745252,5,181233
1786745252,6,177753
1786745252,7,173593
1786745255,0,176317
1786745255,1,173871
1786745255,2,172311
1786745255,3,178973
1786745255,4,177533
1786745255,5,181233
1786745255,6,177753
1786745255,7,173593
1786745257,0,176317
1786745257,1,173871
1786745257,2,172311
1786745257,3,178973
1786745257,4,177533
1786745257,5,181233
1786745257,6,177753
1786745257,7,173593
1786745259,0,176317
1786745259,1,173871
1786745259,2,172311
1786745259,3,178973
1786745259,4,177533
1786745259,5,181233
1786745259,6,177753
1786745259,7,173593
1786745261,0,176317
1786745261,1,173871
1786745261,2,172311
1786745261,3,178973
1786745261,4,177533
1786745261,5,181233
1786745261,6,177753
1786745261,7,173593
1786745264,0,176317
1786745264,1,173871
1786745264,2,172311
1786745264,3,178973
1786745264,4,177533
1786745264,5,181233
1786745264,6,177753
1786745264,7,173593
1786745266,0,176317
1786745266,1,173871
1786745266,2,172311
1786745266,3,178973
1786745266,4,177533
1786745266,5,181233
1786745266,6,177753
1786745266,7,173593
1786745268,0,176317
1786745268,1,173871
1786745268,2,172311
1786745268,3,178973
1786745268,4,177533
1786745268,5,181233
1786745268,6,177753
1786745268,7,173593
1786745271,0,176317
1786745271,1,173871
1786745271,2,172311
1786745271,3,178973
1786745271,4,177533
1786745271,5,181233
1786745271,6,177753
1786745271,7,173593
1786745273,0,176317
1786745273,1,173871
1786745273,2,172311
1786745273,3,178973
1786745273,4,177533
1786745273,5,181233
1786745273,6,177753
1786745273,7,173593
1786745276,0,176317
1786745276,1,173871
1786745276,2,172311
1786745276,3,178973
1786745276,4,177533
1786745276,5,181233
1786745276,6,177753
1786745276,7,173593
1786745278,0,176317
1786745278,1,173871
1786745278,2,172311
1786745278,3,178973
1786745278,4,177533
1786745278,5,181233
1786745278,6,177753
1786745278,7,173593
1786745280,0,176317
1786745280,1,173871
1786745280,2,172311
1786745280,3,178973
1786745280,4,177533
1786745280,5,181233
1786745280,6,177753
1786745280,7,173593
1786745282,0,176317
1786745282,1,173871
1786745282,2,172311
1786745282,3,178973
1786745282,4,177533
1786745282,5,181233
1786745282,6,177753
1786745282,7,173593
1786745285,0,176317
1786745285,1,173871
1786745285,2,172311
1786745285,3,178973
1786745285,4,177533
1786745285,5,181233
1786745285,6,177753
1786745285,7,173593
1786745287,0,176317
1786745287,1,173871
1786745287,2,172311
1786745287,3,178973
1786745287,4,177533
1786745287,5,181233
1786745287,6,177753
1786745287,7,173593
1786745289,0,176317
1786745289,1,173871
1786745289,2,172311
1786745289,3,178973
1786745289,4,177533
1786745289,5,181233
1786745289,6,177753
1786745289,7,173593
1786745291,0,176317
1786745291,1,173871
1786745291,2,172311
1786745291,3,178973
1786745291,4,177533
1786745291,5,181233
1786745291,6,177753
1786745291,7,173593
1786745294,0,176317
1786745294,1,173871
1786745294,2,172311
1786745294,3,178973
1786745294,4,177533
1786745294,5,181233
1786745294,6,177753
1786745294,7,173593
1786745296,0,176317
1786745296,1,173871
1786745296,2,172311
1786745296,3,178973
1786745296,4,177533
1786745296,5,181233
1786745296,6,177753
1786745296,7,173593
1786745299,0,176317
1786745299,1,173871
1786745299,2,172311
1786745299,3,178973
1786745299,4,177533
1786745299,5,181233
1786745299,6,177753
1786745299,7,173593
1786745302,0,176317
1786745302,1,173871
1786745302,2,172311
1786745302,3,178973
1786745302,4,177533
1786745302,5,181233
1786745302,6,177753
1786745302,7,173593
1786745305,0,176317
1786745305,1,173871
1786745305,2,172311
1786745305,3,178973
1786745305,4,177533
1786745305,5,181233
1786745305,6,177753
1786745305,7,173593
1786745308,0,176317
1786745308,1,173871
1786745308,2,172311
1786745308,3,178973
1786745308,4,177533
1786745308,5,181233
1786745308,6,177753
1786745308,7,173593
1786745310,0,176317
1786745310,1,173871
1786745310,2,172311
1786745310,3,178973
1786745310,4,177533
1786745310,5,181233
1786745310,6,177753
1786745310,7,173593
1786745312,0,176317
1786745312,1,173871
1786745312,2,172311
1786745312,3,178973
1786745312,4,177533
1786745312,5,181233
1786745312,6,177753
1786745312,7,173593
1786745314,0,176317
1786745314,1,173871
1786745314,2,172311
1786745314,3,178973
1786745314,4,177533
1786745314,5,181233
1786745314,6,177753
1786745314,7,173593
1786745316,0,176317
1786745316,1,173871
1786745316,2,172311
1786745316,3,178973
1786745316,4,177533
1786745316,5,181233
1786745316,6,177753
1786745316,7,173593
1786745319,0,176317
1786745319,1,173871
1786745319,2,172311
1786745319,3,178973
1786745319,4,177533
1786745319,5,181233
1786745319,6,177753
1786745319,7,173593
1786745321,0,176317
1786745321,1,173871
1786745321,2,172311
1786745321,3,178973
1786745321,4,177533
1786745321,5,181233
1786745321,6,177753
1786745321,7,173593
1786745323,0,176317
1786745323,1,173871
1786745323,2,172311
1786745323,3,178973
1786745323,4,177533
1786745323,5,181233
1786745323,6,177753
1786745323,7,173593
1786745325,0,176317
1786745325,1,173871
1786745325,2,172311
1786745325,3,178973
1786745325,4,177533
1786745325,5,181233
1786745325,6,177753
1786745325,7,173593
1786745327,0,176317
1786745327,1,173871
1786745327,2,172311
1786745327,3,178973
1786745327,4,177533
1786745327,5,181233
1786745327,6,177753
1786745327,7,173593
1786745330,0,176317
1786745330,1,173871
1786745330,2,172311
1786745330,3,178973
1786745330,4,177533
1786745330,5,181233
1786745330,6,177753
1786745330,7,173593
1786745332,0,176317
1786745332,1,173871
1786745332,2,172311
1786745332,3,178973
1786745332,4,177533
1786745332,5,181233
1786745332,6,177753
1786745332,7,173593
1786745335,0,176317
1786745335,1,173871
1786745335,2,172311
1786745335,3,178973
1786745335,4,177533
1786745335,5,181233
1786745335,6,177753
1786745335,7,173593
1786745337,0,176317
1786745337,1,173871
1786745337,2,172311
1786745337,3,178973
1786745337,4,177533
1786745337,5,181233
1786745337,6,177753
1786745337,7,173593
1786745339,0,176317
1786745339,1,173871
1786745339,2,172311
1786745339,3,178973
1786745339,4,177533
1786745339,5,181233
1786745339,6,177753
1786745339,7,173593
1786745341,0,176317
1786745341,1,173871
1786745341,2,172311
1786745341,3,178973
1786745341,4,177533
1786745341,5,181233
1786745341,6,177753
1786745341,7,173593
1786745344,0,176317
1786745344,1,173871
1786745344,2,172311
1786745344,3,178973
1786745344,4,177533
1786745344,5,181233
1786745344,6,177753
1786745344,7,173593
1786745346,0,176317
1786745346,1,173871
1786745346,2,172311
1786745346,3,178973
1786745346,4,177533
1786745346,5,181233
1786745346,6,177753
1786745346,7,173593
1786745348,0,176317
1786745348,1,173871
1786745348,2,172311
1786745348,3,178973
1786745348,4,177533
1786745348,5,181233
1786745348,6,177753
1786745348,7,173593
1786745351,0,176317
1786745351,1,173871
1786745351,2,172311
1786745351,3,178973
1786745351,4,177533
1786745351,5,181233
1786745351,6,177753
1786745351,7,173593
1786745353,0,176317
1786745353,1,173871
1786745353,2,172591
1786745353,3,178973
1786745353,4,177533
1786745353,5,181733
1786745353,6,177753
1786745353,7,173593
1786745355,0,176317
1786745355,1,173871
1786745355,2,172591
1786745355,3,178973
1786745355,4,177653
1786745355,5,181733
1786745355,6,177753
1786745355,7,173593
1786745357,0,176317
1786745357,1,173871
1786745357,2,172591
1786745357,3,178973
1786745357,4,177653
1786745357,5,181733
1786745357,6,177753
1786745357,7,173593
1786745359,0,176317
1786745359,1,173871
1786745359,2,172591
1786745359,3,178973
1786745359,4,177653
1786745359,5,181733
1786745359,6,177753
1786745359,7,173593
1786745362,0,176317
1786745362,1,173871
1786745362,2,172591
1786745362,3,178973
1786745362,4,177653
1786745362,5,181733
1786745362,6,177753
1786745362,7,173593
1786745364,0,176317
1786745364,1,173871
1786745364,2,172591
1786745364,3,178973
1786745364,4,177653
1786745364,5,181733
1786745364,6,177753
1786745364,7,173593
1786745366,0,176317
1786745366,1,173871
1786745366,2,172591
1786745366,3,178973
1786745366,4,177653
1786745366,5,181733
1786745366,6,177753
1786745366,7,173593
1786745368,0,176317
1786745368,1,173871
1786745368,2,172591
1786745368,3,178973
1786745368,4,177653
1786745368,5,181733
1786745368,6,177753
1786745368,7,173593
1786745371,0,176317
1786745371,1,173871
1786745371,2,172591
1786745371,3,178973
1786745371,4,177653
1786745371,5,181733
1786745371,6,177753
1786745371,7,173593
1786745373,0,176317
1786745373,1,173871
1786745373,2,172591
1786745373,3,178973
1786745373,4,177653
1786745373,5,181733
1786745373,6,177753
1786745373,7,173593
1786745375,0,176317
1786745375,1,173871
1786745375,2,172591
1786745375,3,178973
1786745375,4,177653
1786745375,5,181733
1786745375,6,177753
1786745375,7,173593
1786745378,0,176317
1786745378,1,173871
1786745378,2,172591
1786745378,3,178973
1786745378,4,177653
1786745378,5,181733
1786745378,6,177753
1786745378,7,173593
1786745380,0,176317
1786745380,1,173871
1786745380,2,172591
1786745380,3,178973
1786745380,4,177653
1786745380,5,181733
1786745380,6,177753
1786745380,7,173593
1786745382,0,176317
1786745382,1,173871
1786745382,2,172591
1786745382,3,178973
1786745382,4,177653
1786745382,5,181733
1786745382,6,177753
1786745382,7,173593
1786745385,0,176317
1786745385,1,173871
1786745385,2,172591
1786745385,3,178973
1786745385,4,177653
1786745385,5,181733
1786745385,6,177753
1786745385,7,173593
1786745387,0,176317
1786745387,1,173871
1786745387,2,172591
1786745387,3,178973
1786745387,4,177653
1786745387,5,181733
1786745387,6,177753
1786745387,7,173593
1786745389,0,176317
1786745389,1,173871
1786745389,2,172591
1786745389,3,178973
1786745389,4,177653
1786745389,5,181733
1786745389,6,177753
1786745389,7,173593
1786745391,0,176317
1786745391,1,173871
1786745391,2,172591
1786745391,3,178973
1786745391,4,177653
1786745391,5,181733
1786745391,6,177753
1786745391,7,173593
1786745393,0,176317
1786745393,1,173871
1786745393,2,172591
1786745393,3,178973
1786745393,4,177653
1786745393,5,181733
1786745393,6,177753
1786745393,7,173593
1786745396,0,176317
1786745396,1,173871
1786745396,2,172591
1786745396,3,178973
1786745396,4,177653
1786745396,5,181733
1786745396,6,177753
1786745396,7,173593
1786745398,0,176317
1786745398,1,173871
1786745398,2,172591
1786745398,3,178973
1786745398,4,177653
1786745398,5,181733
1786745398,6,177753
1786745398,7,173593
1786745400,0,176317
1786745400,1,173871
1786745400,2,172591
1786745400,3,178973
1786745400,4,177653
1786745400,5,181733
1786745400,6,177753
1786745400,7,173593
1786745402,0,176317
1786745402,1,173871
1786745402,2,172591
1786745402,3,178973
1786745402,4,177653
1786745402,5,181733
1786745402,6,177753
1786745402,7,173593
1786745405,0,176317
1786745405,1,173871
1786745405,2,172591
1786745405,3,178973
1786745405,4,177653
1786745405,5,181733
1786745405,6,177753
1786745405,7,173593
1786745407,0,176317
1786745407,1,173871
1786745407,2,172591
1786745407,3,178973
1786745407,4,177653
1786745407,5,181733
1786745407,6,177753
1786745407,7,173593
1786745409,0,176317
1786745409,1,173871
1786745409,2,172591
1786745409,3,178973
1786745409,4,177653
1786745409,5,181733
1786745409,6,177753
1786745409,7,173593
1786745411,0,176317
1786745411,1,173871
1786745411,2,172591
1786745411,3,178973
1786745411,4,177653
1786745411,5,181733
1786745411,6,177753
1786745411,7,173593
1786745414,0,176317
1786745414,1,173871
1786745414,2,172591
1786745414,3,178973
1786745414,4,177653
1786745414,5,181733
1786745414,6,177753
1786745414,7,173593
1786745416,0,176317
1786745416,1,173871
1786745416,2,172591
1786745416,3,178973
1786745416,4,177653
1786745416,5,181733
1786745416,6,177753
1786745416,7,173593
1786745418,0,176317
1786745418,1,173871
1786745418,2,172591
1786745418,3,178973
1786745418,4,177653
1786745418,5,181733
1786745418,6,177753
1786745418,7,173593
1786745420,0,176317
1786745420,1,173871
1786745420,2,172591
1786745420,3,178973
1786745420,4,177653
1786745420,5,181733
1786745420,6,177753
1786745420,7,173593
1786745422,0,176317
1786745422,1,173871
1786745422,2,172591
1786745422,3,178973
1786745422,4,177653
1786745422,5,181733
1786745422,6,177753
1786745422,7,173593
1786745425,0,176317
1786745425,1,173871
1786745425,2,172591
1786745425,3,178973
1786745425,4,177653
1786745425,5,181733
1786745425,6,177753
1786745425,7,173593
1786745427,0,176317
1786745427,1,173871
1786745427,2,172591
1786745427,3,178973
1786745427,4,177653
1786745427,5,181733
1786745427,6,177753
1786745427,7,173593
1786745429,0,176317
1786745429,1,173871
1786745429,2,172591
1786745429,3,178973
1786745429,4,177653
1786745429,5,181733
1786745429,6,177753
1786745429,7,173593
1786745432,0,176317
1786745432,1,173871
1786745432,2,172591
1786745432,3,178973
1786745432,4,177653
1786745432,5,181733
1786745432,6,177753
1786745432,7,173593
1786745434,0,176317
1786745434,1,173871
1786745434,2,172591
1786745434,3,178973
1786745434,4,177653
1786745434,5,181733
1786745434,6,177753
1786745434,7,173593
1786745436,0,176317
1786745436,1,173871
1786745436,2,172591
1786745436,3,178973
1786745436,4,177653
1786745436,5,181733
1786745436,6,177753
1786745436,7,173593
1786745439,0,176317
1786745439,1,173871
1786745439,2,172591
1786745439,3,178973
1786745439,4,177653
1786745439,5,181733
1786745439,6,177753
1786745439,7,173593
1786745442,0,176317
1786745442,1,173871
1786745442,2,172591
1786745442,3,178973
1786745442,4,177653
1786745442,5,181733
1786745442,6,177753
1786745442,7,173593
1786745444,0,176317
1786745444,1,173871
1786745444,2,172591
1786745444,3,178973
1786745444,4,177653
1786745444,5,181733
1786745444,6,177753
1786745444,7,173593
1786745447,0,176317
1786745447,1,173871
1786745447,2,172591
1786745447,3,178973
1786745447,4,177653
1786745447,5,181733
1786745447,6,177753
1786745447,7,173593
1786745449,0,176317
1786745449,1,173871
1786745449,2,172591
1786745449,3,178973
1786745449,4,177653
1786745449,5,181733
1786745449,6,177753
1786745449,7,173593
1786745452,0,176317
1786745452,1,173871
1786745452,2,172591
1786745452,3,178973
1786745452,4,177653
1786745452,5,181733
1786745452,6,177753
1786745452,7,173593
1786745455,0,176317
1786745455,1,173871
1786745455,2,172591
1786745455,3,178973
1786745455,4,177653
1786745455,5,181733
1786745455,6,177753
1786745455,7,173593
1786745458,0,176317
1786745458,1,173871
1786745458,2,172591
1786745458,3,178973
1786745458,4,177653
1786745458,5,181733
1786745458,6,177753
1786745458,7,173593
1786745460,0,176317
1786745460,1,173871
1786745460,2,172591
1786745460,3,178973
1786745460,4,177653
1786745460,5,181733
1786745460,6,177753
1786745460,7,173593
1786745462,0,176317
1786745462,1,173871
1786745462,2,172591
1786745462,3,178973
1786745462,4,177653
1786745462,5,181733
1786745462,6,177753
1786745462,7,173593
1786745465,0,176317
1786745465,1,173871
1786745465,2,172591
1786745465,3,178973
1786745465,4,177653
1786745465,5,181733
1786745465,6,177753
1786745465,7,173593
1786745467,0,176317
1786745467,1,173871
1786745467,2,172591
1786745467,3,178973
1786745467,4,177653
1786745467,5,181733
1786745467,6,177753
1786745467,7,173593
1786745470,0,176317
1786745470,1,173871
1786745470,2,172591
1786745470,3,178973
1786745470,4,177653
1786745470,5,181733
1786745470,6,177753
1786745470,7,173593
1786745473,0,176317
1786745473,1,173871
1786745473,2,172591
1786745473,3,178973
1786745473,4,177653
1786745473,5,181733
1786745473,6,177753
1786745473,7,173593
1786745475,0,176317
1786745475,1,173871
1786745475,2,172591
1786745475,3,178973
1786745475,4,177653
1786745475,5,181733
1786745475,6,177753
1786745475,7,173593
1786745477,0,176317
1786745477,1,173871
1786745477,2,172591
1786745477,3,178973
1786745477,4,177653
1786745477,5,181733
1786745477,6,177753
1786745477,7,173593
1786745479,0,176317
1786745479,1,173871
1786745479,2,172591
1786745479,3,178973
1786745479,4,177653
1786745479,5,181733
1786745479,6,177753
1786745479,7,173593
1786745481,0,176317
1786745481,1,173871
1786745481,2,172591
1786745481,3,178973
1786745481,4,177653
1786745481,5,181733
1786745481,6,177753
1786745481,7,173593
1786745484,0,176317
1786745484,1,173871
1786745484,2,172591
1786745484,3,178973
1786745484,4,177653
1786745484,5,181733
1786745484,6,177753
1786745484,7,173593
1786745486,0,176317
1786745486,1,173871
1786745486,2,172591
1786745486,3,178973
1786745486,4,177653
1786745486,5,181733
1786745486,6,177753
1786745486,7,173593
1786745488,0,176317
1786745488,1,173871
1786745488,2,172591
1786745488,3,178973
1786745488,4,177653
1786745488,5,181733
1786745488,6,177753
1786745488,7,173593
1786745491,0,176317
1786745491,1,173871
1786745491,2,172591
1786745491,3,178973
1786745491,4,177653
1786745491,5,181733
1786745491,6,177753
1786745491,7,173593
1786745494,0,176317
1786745494,1,173871
1786745494,2,172591
1786745494,3,178973
1786745494,4,177653
1786745494,5,181733
1786745494,6,177753
1786745494,7,173593
1786745496,0,176317
1786745496,1,173871
1786745496,2,172591
1786745496,3,178973
1786745496,4,177653
1786745496,5,181733
1786745496,6,177753
1786745496,7,173593
1786745498,0,176317
1786745498,1,173871
1786745498,2,172591
1786745498,3,178973
1786745498,4,177653
1786745498,5,181733
1786745498,6,177753
1786745498,7,173593
1786745501,0,176317
1786745501,1,173871
1786745501,2,172591
1786745501,3,178973
1786745501,4,177653
1786745501,5,181733
1786745501,6,177753
1786745501,7,173593
1786745504,0,176317
1786745504,1,173871
1786745504,2,172591
1786745504,3,178973
1786745504,4,177653
1786745504,5,181733
1786745504,6,177753
1786745504,7,173593
1786745506,0,176317
1786745506,1,173871
1786745506,2,172591
1786745506,3,178973
1786745506,4,177653
1786745506,5,181733
1786745506,6,177753
1786745506,7,173593
1786745509,0,176317
1786745509,1,173871
1786745509,2,172591
1786745509,3,178973
1786745509,4,177653
1786745509,5,181733
1786745509,6,177753
1786745509,7,173593
1786745511,0,176317
1786745511,1,173871
1786745511,2,172591
1786745511,3,178973
1786745511,4,177653
1786745511,5,181733
1786745511,6,177753
1786745511,7,173593
1786745514,0,176317
1786745514,1,173871
1786745514,2,172591
1786745514,3,178973
1786745514,4,177653
1786745514,5,181733
1786745514,6,177753
1786745514,7,173593
1786745518,0,176317
1786745518,1,173871
1786745518,2,172591
1786745518,3,178973
1786745518,4,177653
1786745518,5,181733
1786745518,6,177753
1786745518,7,173593
1786745521,0,176317
1786745521,1,173871
1786745521,2,172591
1786745521,3,178973
1786745521,4,177653
1786745521,5,181733
1786745521,6,177753
1786745521,7,173593
1786745526,0,176317
1786745526,1,173871
1786745526,2,172591
1786745526,3,178973
1786745526,4,177653
1786745526,5,181733
1786745526,6,177753
1786745526,7,173593
1786745530,0,176317
1786745530,1,173871
1786745530,2,172591
1786745530,3,178973
1786745530,4,177653
1786745530,5,181733
1786745530,6,177753
1786745530,7,173593
1786745533,0,176317
1786745533,1,173871
1786745533,2,172591
1786745533,3,178973
1786745533,4,177653
1786745533,5,181733
1786745533,6,177753
1786745533,7,173593
1786745535,0,176317
1786745535,1,173871
1786745535,2,172591
1786745535,3,178973
1786745535,4,177653
1786745535,5,181733
1786745535,6,177753
1786745535,7,173593
1786745537,0,176317
1786745537,1,173871
1786745537,2,172591
1786745537,3,178973
1786745537,4,177653
1786745537,5,181733
1786745537,6,177753
1786745537,7,173593
1786745539,0,176317
1786745539,1,173871
1786745539,2,172591
1786745539,3,178973
1786745539,4,177653
1786745539,5,181733
1786745539,6,177753
1786745539,7,173593
1786745542,0,176317
1786745542,1,173871
1786745542,2,172591
1786745542,3,178973
1786745542,4,177653
1786745542,5,181733
1786745542,6,177753
1786745542,7,173593
1786745544,0,176317
1786745544,1,173871
1786745544,2,172591
1786745544,3,178973
1786745544,4,177653
1786745544,5,181733
1786745544,6,177753
1786745544,7,173593
1786745546,0,176317
1786745546,1,173871
1786745546,2,172591
1786745546,3,178973
1786745546,4,177653
1786745546,5,181733
1786745546,6,177753
1786745546,7,173593
1786745549,0,176317
1786745549,1,173871
1786745549,2,172591
1786745549,3,178973
1786745549,4,177653
1786745549,5,181733
1786745549,6,177753
1786745549,7,173593
1786745551,0,176317
1786745551,1,173871
1786745551,2,172591
1786745551,3,178973
1786745551,4,177653
1786745551,5,181733
1786745551,6,177753
1786745551,7,173593
1786745553,0,176317
1786745553,1,173871
1786745553,2,172591
1786745553,3,178973
1786745553,4,177653
1786745553,5,181733
1786745553,6,177753
1786745553,7,173593
1786745556,0,176317
1786745556,1,173871
1786745556,2,172591
1786745556,3,178973
1786745556,4,177653
1786745556,5,181733
1786745556,6,177753
1786745556,7,173593
1786745559,0,176317
1786745559,1,173871
1786745559,2,172591
1786745559,3,178973
1786745559,4,177653
1786745559,5,181733
1786745559,6,177753
1786745559,7,173593
1786745562,0,176317
1786745562,1,173871
1786745562,2,172591
1786745562,3,178973
1786745562,4,177653
1786745562,5,181733
1786745562,6,177753
1786745562,7,173593
1786745564,0,176317
1786745564,1,173871
1786745564,2,172591
1786745564,3,178973
1786745564,4,177653
1786745564,5,181733
1786745564,6,177753
1786745564,7,173593
1786745566,0,176317
1786745566,1,173871
1786745566,2,172591
1786745566,3,178973
1786745566,4,177653
1786745566,5,181733
1786745566,6,177753
1786745566,7,173593
1786745570,0,176317
1786745570,1,173871
1786745570,2,172591
1786745570,3,178973
1786745570,4,177653
1786745570,5,181733
1786745570,6,177753
1786745570,7,173593
1786745572,0,176317
1786745572,1,173871
1786745572,2,172591
1786745572,3,178973
1786745572,4,177653
1786745572,5,181733
1786745572,6,177753
1786745572,7,173593
1786745574,0,176317
1786745574,1,173871
1786745574,2,172591
1786745574,3,178973
1786745574,4,177653
1786745574,5,181733
1786745574,6,177753
1786745574,7,173593
1786745576,0,176317
1786745576,1,173871
1786745576,2,172591
1786745576,3,178973
1786745576,4,177653
1786745576,5,181733
1786745576,6,177753
1786745576,7,173593
1786745579,0,176317
1786745579,1,173871
1786745579,2,172591
1786745579,3,178973
1786745579,4,177653
1786745579,5,181733
1786745579,6,177753
1786745579,7,173593
1786745581,0,176317
1786745581,1,173871
1786745581,2,172591
1786745581,3,178973
1786745581,4,177653
1786745581,5,181733
1786745581,6,177753
1786745581,7,173593
1786745584,0,176317
1786745584,1,173871
1786745584,2,172591
1786745584,3,178973
1786745584,4,177653
1786745584,5,181733
1786745584,6,177753
1786745584,7,173593
1786745587,0,176317
1786745587,1,173871
1786745587,2,172591
1786745587,3,178973
1786745587,4,177653
1786745587,5,181733
1786745587,6,177753
1786745587,7,173593
1786745589,0,176317
1786745589,1,173871
1786745589,2,172591
1786745589,3,178973
1786745589,4,177653
1786745589,5,181733
1786745589,6,177753
1786745589,7,173593
1786745592,0,176317
1786745592,1,173871
1786745592,2,172591
1786745592,3,178973
1786745592,4,177653
1786745592,5,181733
1786745592,6,177753
1786745592,7,173593
1786745594,0,176317
1786745594,1,173871
1786745594,2,172591
1786745594,3,178973
1786745594,4,177653
1786745594,5,181733
1786745594,6,177753
1786745594,7,173593
1786745596,0,176317
1786745596,1,173871
1786745596,2,172591
1786745596,3,178973
1786745596,4,177653
1786745596,5,181733
1786745596,6,177753
1786745596,7,173593
1786745599,0,176317
1786745599,1,173871
1786745599,2,172591
1786745599,3,178973
1786745599,4,177653
1786745599,5,181733
1786745599,6,177753
1786745599,7,173593
1786745601,0,176317
1786745601,1,173871
1786745601,2,172591
1786745601,3,178973
1786745601,4,177653
1786745601,5,181733
1786745601,6,177753
1786745601,7,173593
1786745603,0,176317
1786745603,1,173871
1786745603,2,172593
1786745603,3,178973
1786745603,4,177653
1786745603,5,181733
1786745603,6,177753
1786745603,7,173593
1786745606,0,176317
1786745606,1,173871
1786745606,2,172593
1786745606,3,178973
1786745606,4,177653
1786745606,5,181733
1786745606,6,177753
1786745606,7,173593
1786745609,0,176317
1786745609,1,173871
1786745609,2,172593
1786745609,3,178973
1786745609,4,177653
1786745609,5,181733
1786745609,6,177753
1786745609,7,173593
1786745611,0,176317
1786745611,1,173871
1786745611,2,172593
1786745611,3,178973
1786745611,4,177653
1786745611,5,181733
1786745611,6,177753
1786745611,7,173593
1786745613,0,176317
1786745613,1,173871
1786745613,2,172593
1786745613,3,178973
1786745613,4,177653
1786745613,5,181733
1786745613,6,177753
1786745613,7,173593
1786745615,0,176317
1786745615,1,173871
1786745615,2,172593
1786745615,3,178973
1786745615,4,177653
1786745615,5,181733
1786745615,6,177753
1786745615,7,173593
1786745617,0,176317
1786745617,1,173871
1786745617,2,172593
1786745617,3,178973
1786745617,4,177653
1786745617,5,181733
1786745617,6,177753
1786745617,7,173593
1786745620,0,176317
1786745620,1,173871
1786745620,2,172593
1786745620,3,178973
1786745620,4,177653
1786745620,5,181733
1786745620,6,177753
1786745620,7,173593
1786745622,0,176317
1786745622,1,173871
1786745622,2,172593
1786745622,3,178973
1786745622,4,177653
1786745622,5,181733
1786745622,6,177753
1786745622,7,173593
1786745624,0,176317
1786745624,1,173871
1786745624,2,172593
1786745624,3,178973
1786745624,4,177653
1786745624,5,181733
1786745624,6,177753
1786745624,7,173593
1786745626,0,176317
1786745626,1,173871
1786745626,2,172593
1786745626,3,178973
1786745626,4,177653
1786745626,5,181733
1786745626,6,177753
1786745626,7,173593
1786745628,0,176317
1786745628,1,173871
1786745628,2,172593
1786745628,3,178973
1786745628,4,177653
1786745628,5,181733
1786745628,6,177753
1786745628,7,173593
1786745631,0,176317
1786745631,1,173871
1786745631,2,172593
1786745631,3,178973
1786745631,4,177653
1786745631,5,181733
1786745631,6,177753
1786745631,7,173593
1786745634,0,176317
1786745634,1,173871
1786745634,2,172593
1786745634,3,178973
1786745634,4,177653
1786745634,5,181733
1786745634,6,177753
1786745634,7,173593
1786745636,0,176317
1786745636,1,173871
1786745636,2,172593
1786745636,3,178973
1786745636,4,177653
1786745636,5,181733
1786745636,6,177753
1786745636,7,173593
1786745638,0,176317
1786745638,1,173871
1786745638,2,172593
1786745638,3,178973
1786745638,4,177653
1786745638,5,181733
1786745638,6,177753
1786745638,7,173593
1786745640,0,176317
1786745640,1,173871
1786745640,2,172593
1786745640,3,178973
1786745640,4,177653
1786745640,5,181733
1786745640,6,177753
1786745640,7,173593
1786745643,0,176317
1786745643,1,173871
1786745643,2,172593
1786745643,3,178973
1786745643,4,177653
1786745643,5,181733
1786745643,6,177753
1786745643,7,173593
1786745645,0,176317
1786745645,1,173871
1786745645,2,172593
1786745645,3,178973
1786745645,4,177653
1786745645,5,181733
1786745645,6,177753
1786745645,7,173593
1786745647,0,176317
1786745647,1,173871
1786745647,2,172593
1786745647,3,178973
1786745647,4,177653
1786745647,5,181733
1786745647,6,177753
1786745647,7,173593
1786745649,0,176317
1786745649,1,173871
1786745649,2,172593
1786745649,3,178973
1786745649,4,177653
1786745649,5,181733
1786745649,6,177753
1786745649,7,173593
1786745652,0,176317
1786745652,1,173871
1786745652,2,172593
1786745652,3,178973
1786745652,4,177653
1786745652,5,181733
1786745652,6,177753
1786745652,7,173593
1786745654,0,176317
1786745654,1,173871
1786745654,2,172593
1786745654,3,178973
1786745654,4,177653
1786745654,5,181733
1786745654,6,177753
1786745654,7,173593
1786745656,0,176317
1786745656,1,173871
1786745656,2,172593
1786745656,3,178973
1786745656,4,177653
1786745656,5,181733
1786745656,6,177753
1786745656,7,173593
1786745658,0,176317
1786745658,1,173871
1786745658,2,172593
1786745658,3,178973
1786745658,4,177653
1786745658,5,181733
1786745658,6,177753
1786745658,7,173593
1786745660,0,176317
1786745660,1,173871
1786745660,2,172593
1786745660,3,178973
1786745660,4,177653
1786745660,5,181733
1786745660,6,177753
1786745660,7,173593
1786745663,0,176317
1786745663,1,173871
1786745663,2,172593
1786745663,3,178973
1786745663,4,177653
1786745663,5,181733
1786745663,6,177753
1786745663,7,173593
1786745665,0,176317
1786745665,1,173871
1786745665,2,172593
1786745665,3,178973
1786745665,4,177653
1786745665,5,181733
1786745665,6,177753
1786745665,7,173593
1786745668,0,176317
1786745668,1,173871
1786745668,2,172593
1786745668,3,178973
1786745668,4,177653
1786745668,5,181733
1786745668,6,177753
1786745668,7,173593
1786745670,0,176317
1786745670,1,173871
1786745670,2,172593
1786745670,3,178973
1786745670,4,177653
1786745670,5,181733
1786745670,6,177753
1786745670,7,173593
1786745672,0,176317
1786745672,1,173871
1786745672,2,172593
1786745672,3,178973
1786745672,4,177653
1786745672,5,181733
1786745672,6,177753
1786745672,7,173593
1786745674,0,176317
1786745674,1,173871
1786745674,2,172593
1786745674,3,178973
1786745674,4,177653
1786745674,5,181733
1786745674,6,177753
1786745674,7,173593
1786745677,0,176317
1786745677,1,173871
1786745677,2,172593
1786745677,3,178973
1786745677,4,177653
1786745677,5,181733
1786745677,6,177753
1786745677,7,173593
1786745679,0,176317
1786745679,1,173871
1786745679,2,172593
1786745679,3,178973
1786745679,4,177653
1786745679,5,181733
1786745679,6,177753
1786745679,7,173593
1786745682,0,176317
1786745682,1,173871
1786745682,2,172593
1786745682,3,178973
1786745682,4,177653
1786745682,5,181733
1786745682,6,177753
1786745682,7,173593
1786745684,0,176317
1786745684,1,173871
1786745684,2,172593
1786745684,3,178973
1786745684,4,177653
1786745684,5,181733
1786745684,6,177753
1786745684,7,173593
1786745686,0,176317
1786745686,1,173871
1786745686,2,172593
1786745686,3,178973
1786745686,4,177653
1786745686,5,181733
1786745686,6,177753
1786745686,7,173593
1786745689,0,176317
1786745689,1,173871
1786745689,2,172593
1786745689,3,178973
1786745689,4,177653
1786745689,5,181733
1786745689,6,177753
1786745689,7,173593
1786745692,0,176317
1786745692,1,173871
1786745692,2,172593
1786745692,3,178973
1786745692,4,177653
1786745692,5,181733
1786745692,6,177753
1786745692,7,173593
1786745694,0,176317
1786745694,1,173871
1786745694,2,172593
1786745694,3,178973
1786745694,4,177653
1786745694,5,181733
1786745694,6,177753
1786745694,7,173593
1786745696,0,176317
1786745696,1,176411
1786745696,2,172593
1786745696,3,178973
1786745696,4,177653
1786745696,5,181733
1786745696,6,177753
1786745696,7,173593
1786745699,0,176317
1786745699,1,176411
1786745699,2,175833
1786745699,3,178973
1786745699,4,177653
1786745699,5,181733
1786745699,6,177753
1786745699,7,173593
1786745701,0,176317
1786745701,1,176411
1786745701,2,175833
1786745701,3,178973
1786745701,4,177653
1786745701,5,181733
1786745701,6,177753
1786745701,7,173593
1786745703,0,176317
1786745703,1,176411
1786745703,2,175833
1786745703,3,178973
1786745703,4,177653
1786745703,5,181733
1786745703,6,177753
1786745703,7,173593
1786745706,0,176317
1786745706,1,176411
1786745706,2,175833
1786745706,3,178973
1786745706,4,177653
1786745706,5,181733
1786745706,6,177753
1786745706,7,173593
1786745708,0,176317
1786745708,1,176411
1786745708,2,175833
1786745708,3,178973
1786745708,4,177653
1786745708,5,181733
1786745708,6,177753
1786745708,7,173593
1786745711,0,176317
1786745711,1,176411
1786745711,2,175833
1786745711,3,178973
1786745711,4,177653
1786745711,5,181733
1786745711,6,177753
1786745711,7,173593
1786745713,0,176317
1786745713,1,176411
1786745713,2,175833
1786745713,3,178973
1786745713,4,177653
1786745713,5,181733
1786745713,6,177753
1786745713,7,173593
1786745715,0,176317
1786745715,1,176411
1786745715,2,175833
1786745715,3,178973
1786745715,4,177653
1786745715,5,181733
1786745715,6,177753
1786745715,7,173593
1786745717,0,176317
1786745717,1,176411
1786745717,2,175833
1786745717,3,178973
1786745717,4,177653
1786745717,5,181733
1786745717,6,177753
1786745717,7,173593
1786745720,0,176317
1786745720,1,176411
1786745720,2,175833
1786745720,3,178973
1786745720,4,177653
1786745720,5,181733
1786745720,6,177753
1786745720,7,173813
1786745722,0,176317
1786745722,1,176411
1786745722,2,175833
1786745722,3,178973
1786745722,4,177653
1786745722,5,181733
1786745722,6,177753
1786745722,7,173813
1786745724,0,176317
1786745724,1,176411
1786745724,2,175833
1786745724,3,178973
1786745724,4,177653
1786745724,5,181733
1786745724,6,177753
1786745724,7,173813
1786745726,0,176317
1786745726,1,176411
1786745726,2,175833
1786745726,3,178973
1786745726,4,177653
1786745726,5,181733
1786745726,6,177753
1786745726,7,173813
1786745728,0,176317
1786745728,1,176411
1786745728,2,175833
1786745728,3,178973
1786745728,4,177653
1786745728,5,181733
1786745728,6,177753
1786745728,7,173813
1786745731,0,176317
1786745731,1,176411
1786745731,2,175833
1786745731,3,178973
1786745731,4,177653
1786745731,5,181733
1786745731,6,177753
1786745731,7,173813
1786745733,0,176317
1786745733,1,176411
1786745733,2,175833
1786745733,3,178973
1786745733,4,177653
1786745733,5,181733
1786745733,6,177753
1786745733,7,173813
1786745735,0,176317
1786745735,1,176411
1786745735,2,175833
1786745735,3,178973
1786745735,4,177653
1786745735,5,181733
1786745735,6,177753
1786745735,7,173813
1786745738,0,176317
1786745738,1,176411
1786745738,2,175833
1786745738,3,178973
1786745738,4,177653
1786745738,5,181733
1786745738,6,177753
1786745738,7,173813
1786745740,0,176317
1786745740,1,176411
1786745740,2,175833
1786745740,3,178973
1786745740,4,177653
1786745740,5,181733
1786745740,6,177753
1786745740,7,173813
1786745743,0,176317
1786745743,1,176411
1786745743,2,175833
1786745743,3,178973
1786745743,4,177653
1786745743,5,181733
1786745743,6,177753
1786745743,7,173813
1786745745,0,176317
1786745745,1,176411
1786745745,2,175833
1786745745,3,178973
1786745745,4,177653
1786745745,5,181733
1786745745,6,177753
1786745745,7,173813
1786745748,0,176317
1786745748,1,176411
1786745748,2,175833
1786745748,3,178973
1786745748,4,177653
1786745748,5,181733
1786745748,6,177753
1786745748,7,173813
1786745750,0,176317
1786745750,1,176411
1786745750,2,175833
1786745750,3,178973
1786745750,4,177653
1786745750,5,181733
1786745750,6,177753
1786745750,7,173813
1786745753,0,176317
1786745753,1,176411
1786745753,2,175833
1786745753,3,178973
1786745753,4,177653
1786745753,5,181733
1786745753,6,177753
1786745753,7,173813
1786745755,0,176317
1786745755,1,176411
1786745755,2,175833
1786745755,3,178973
1786745755,4,177653
1786745755,5,181733
1786745755,6,177753
1786745755,7,173813
1786745758,0,176317
1786745758,1,176411
1786745758,2,175833
1786745758,3,178973
1786745758,4,177653
1786745758,5,181733
1786745758,6,177753
1786745758,7,173813
1786745760,0,176317
1786745760,1,176411
1786745760,2,175833
1786745760,3,178973
1786745760,4,177653
1786745760,5,181733
1786745760,6,177753
1786745760,7,173813
1786745762,0,176317
1786745762,1,176411
1786745762,2,175833
1786745762,3,178973
1786745762,4,177653
1786745762,5,181733
1786745762,6,177753
1786745762,7,173813
1786745764,0,176317
1786745764,1,176411
1786745764,2,175833
1786745764,3,178973
1786745764,4,177653
1786745764,5,181733
1786745764,6,177753
1786745764,7,173813
1786745766,0,176317
1786745766,1,176411
1786745766,2,175833
1786745766,3,178973
1786745766,4,177653
1786745766,5,181733
1786745766,6,177753
1786745766,7,173813
1786745769,0,176317
1786745769,1,176411
1786745769,2,175833
1786745769,3,178973
1786745769,4,177653
1786745769,5,181733
1786745769,6,177753
1786745769,7,173813
1786745771,0,176317
1786745771,1,176411
1786745771,2,175833
1786745771,3,178973
1786745771,4,177653
1786745771,5,181733
1786745771,6,177753
1786745771,7,173813
1786745773,0,176317
1786745773,1,176411
1786745773,2,175833
1786745773,3,178973
1786745773,4,177653
1786745773,5,181733
1786745773,6,177753
1786745773,7,173813
1786745776,0,176317
1786745776,1,176411
1786745776,2,175833
1786745776,3,178973
1786745776,4,177653
1786745776,5,181733
1786745776,6,177753
1786745776,7,173813
1786745778,0,176317
1786745778,1,176411
1786745778,2,175833
1786745778,3,178973
1786745778,4,177653
1786745778,5,181733
1786745778,6,177753
1786745778,7,173813
1786745780,0,176317
1786745780,1,176411
1786745780,2,175833
1786745780,3,178973
1786745780,4,177653
1786745780,5,181733
1786745780,6,177753
1786745780,7,173813
1786745782,0,176317
1786745782,1,176411
1786745782,2,175833
1786745782,3,178973
1786745782,4,177653
1786745782,5,181733
1786745782,6,177753
1786745782,7,173813
1786745785,0,176317
1786745785,1,176411
1786745785,2,175833
1786745785,3,178973
1786745785,4,177653
1786745785,5,181733
1786745785,6,177753
1786745785,7,173813
1786745787,0,176317
1786745787,1,176411
1786745787,2,175833
1786745787,3,178973
1786745787,4,177653
1786745787,5,181733
1786745787,6,177753
1786745787,7,173813
1786745789,0,176317
1786745789,1,176411
1786745789,2,175833
1786745789,3,178973
1786745789,4,177653
1786745789,5,181733
1786745789,6,177753
1786745789,7,173813
1786745791,0,176317
1786745791,1,176411
1786745791,2,175833
1786745791,3,178973
1786745791,4,177653
1786745791,5,181733
1786745791,6,177753
1786745791,7,173813
1786745794,0,176317
1786745794,1,176411
1786745794,2,175833
1786745794,3,178973
1786745794,4,177653
1786745794,5,181733
1786745794,6,177753
1786745794,7,173813
1786745796,0,176317
1786745796,1,176411
1786745796,2,175833
1786745796,3,178973
1786745796,4,177653
1786745796,5,181733
1786745796,6,177753
1786745796,7,173813
1786745798,0,176317
1786745798,1,176411
1786745798,2,175833
1786745798,3,178973
1786745798,4,177653
1786745798,5,181733
1786745798,6,177753
1786745798,7,173813
1786745801,0,176317
1786745801,1,176411
1786745801,2,175833
1786745801,3,178973
1786745801,4,177653
1786745801,5,181733
1786745801,6,177753
1786745801,7,173813
1786745804,0,176317
1786745804,1,176411
1786745804,2,175833
1786745804,3,178973
1786745804,4,177653
1786745804,5,181733
1786745804,6,177753
1786745804,7,173813
1786745806,0,176317
1786745806,1,176411
1786745806,2,175833
1786745806,3,178973
1786745806,4,177653
1786745806,5,181733
1786745806,6,177753
1786745806,7,173813
1786745809,0,176317
1786745809,1,176411
1786745809,2,175833
1786745809,3,178973
1786745809,4,177653
1786745809,5,181733
1786745809,6,177753
1786745809,7,173813
1786745811,0,176317
1786745811,1,176411
1786745811,2,175833
1786745811,3,178973
1786745811,4,177653
1786745811,5,181733
1786745811,6,177753
1786745811,7,173813
1786745813,0,176317
1786745813,1,176411
1786745813,2,175833
1786745813,3,178973
1786745813,4,177653
1786745813,5,181733
1786745813,6,177753
1786745813,7,173813
1786745816,0,176317
1786745816,1,176411
1786745816,2,175833
1786745816,3,178973
1786745816,4,177653
1786745816,5,181733
1786745816,6,177753
1786745816,7,173813
1786745818,0,176317
1786745818,1,176411
1786745818,2,175833
1786745818,3,178973
1786745818,4,177653
1786745818,5,181733
1786745818,6,177753
1786745818,7,173813
1786745820,0,176317
1786745820,1,176411
1786745820,2,175833
1786745820,3,178973
1786745820,4,177653
1786745820,5,181733
1786745820,6,177753
1786745820,7,173813
1786745822,0,176317
1786745822,1,176411
1786745822,2,175833
1786745822,3,178973
1786745822,4,177653
1786745822,5,181733
1786745822,6,177753
1786745822,7,173813
1786745824,0,176317
1786745824,1,176411
1786745824,2,175833
1786745824,3,178973
1786745824,4,177653
1786745824,5,181733
1786745824,6,177753
1786745824,7,173813
1786745827,0,176317
1786745827,1,176411
1786745827,2,175833
1786745827,3,178973
1786745827,4,177653
1786745827,5,181733
1786745827,6,177753
1786745827,7,173813
1786745829,0,176317
1786745829,1,176411
1786745829,2,175833
1786745829,3,178973
1786745829,4,177653
1786745829,5,181733
1786745829,6,177753
1786745829,7,173813
1786745832,0,176317
1786745832,1,176411
1786745832,2,175833
1786745832,3,178973
1786745832,4,177653
1786745832,5,181733
1786745832,6,177753
1786745832,7,173813
1786745834,0,176317
1786745834,1,176411
1786745834,2,175833
1786745834,3,178973
1786745834,4,177653
1786745834,5,181733
1786745834,6,177753
1786745834,7,173813
1786745836,0,176317
1786745836,1,176411
1786745836,2,175833
1786745836,3,178973
1786745836,4,177653
1786745836,5,181733
1786745836,6,177753
1786745836,7,173813
1786745838,0,176317
1786745838,1,176411
1786745838,2,175833
1786745838,3,178973
1786745838,4,177653
1786745838,5,181733
1786745838,6,177753
1786745838,7,173813
1786745841,0,176317
1786745841,1,176411
1786745841,2,175833
1786745841,3,178973
1786745841,4,177653
1786745841,5,181733
1786745841,6,177753
1786745841,7,173813
1786745843,0,176317
1786745843,1,176411
1786745843,2,175833
1786745843,3,178973
1786745843,4,177653
1786745843,5,181733
1786745843,6,177753
1786745843,7,173813
1786745846,0,176317
1786745846,1,176411
1786745846,2,175833
1786745846,3,178973
1786745846,4,177653
1786745846,5,181733
1786745846,6,177753
1786745846,7,173813
1786745848,0,176317
1786745848,1,176411
1786745848,2,175833
1786745848,3,178973
1786745848,4,177653
1786745848,5,181733
1786745848,6,177753
1786745848,7,173813
1786745850,0,176317
1786745850,1,176411
1786745850,2,175833
1786745850,3,178973
1786745850,4,177653
1786745850,5,181733
1786745850,6,177753
1786745850,7,173813
1786745853,0,176317
1786745853,1,176411
1786745853,2,175833
1786745853,3,178973
1786745853,4,177653
1786745853,5,181733
1786745853,6,177753
1786745853,7,173813
1786745855,0,176317
1786745855,1,176411
1786745855,2,175833
1786745855,3,178973
1786745855,4,177653
1786745855,5,181733
1786745855,6,177753
1786745855,7,173813
1786745857,0,176317
1786745857,1,176411
1786745857,2,175833
1786745857,3,178973
1786745857,4,177653
1786745857,5,181733
1786745857,6,177753
1786745857,7,173813
1786745860,0,176317
1786745860,1,176411
1786745860,2,175833
1786745860,3,178973
1786745860,4,177653
1786745860,5,181733
1786745860,6,177753
1786745860,7,173813
1786745862,0,176317
1786745862,1,176411
1786745862,2,175833
1786745862,3,178973
1786745862,4,177653
1786745862,5,181733
1786745862,6,177753
1786745862,7,173813
1786745864,0,176317
1786745864,1,176411
1786745864,2,175833
1786745864,3,178973
1786745864,4,177653
1786745864,5,181733
1786745864,6,177753
1786745864,7,173813
1786745866,0,176317
1786745866,1,176411
1786745866,2,175833
1786745866,3,178973
1786745866,4,177653
1786745866,5,181733
1786745866,6,177753
1786745866,7,173813
1786745869,0,176317
1786745869,1,176411
1786745869,2,175833
1786745869,3,178973
1786745869,4,177653
1786745869,5,181733
1786745869,6,177753
1786745869,7,173813
1786745871,0,176317
1786745871,1,176411
1786745871,2,175833
1786745871,3,178973
1786745871,4,177653
1786745871,5,181733
1786745871,6,177753
1786745871,7,173813
1786745874,0,176317
1786745874,1,176411
1786745874,2,175833
1786745874,3,178973
1786745874,4,177653
1786745874,5,181733
1786745874,6,177753
1786745874,7,173813
1786745877,0,176317
1786745877,1,176411
1786745877,2,175833
1786745877,3,178973
1786745877,4,177653
1786745877,5,181733
1786745877,6,177753
1786745877,7,173813
1786745879,0,176317
1786745879,1,176411
1786745879,2,175833
1786745879,3,178973
1786745879,4,177653
1786745879,5,181733
1786745879,6,177753
1786745879,7,173813
1786745882,0,176317
1786745882,1,176411
1786745882,2,175833
1786745882,3,178973
1786745882,4,177653
1786745882,5,181733
1786745882,6,177753
1786745882,7,173813
1786745885,0,176317
1786745885,1,176411
1786745885,2,175833
1786745885,3,178973
1786745885,4,177653
1786745885,5,181733
1786745885,6,177753
1786745885,7,173813
1786745888,0,176317
1786745888,1,176411
1786745888,2,175833
1786745888,3,178973
1786745888,4,177653
1786745888,5,181733
1786745888,6,177753
1786745888,7,173813
1786745891,0,176317
1786745891,1,176411
1786745891,2,175833
1786745891,3,178973
1786745891,4,177653
1786745891,5,181733
1786745891,6,177753
1786745891,7,173813
1786745893,0,176317
1786745893,1,176411
1786745893,2,175833
1786745893,3,178973
1786745893,4,177653
1786745893,5,181733
1786745893,6,177753
1786745893,7,173813
1786745895,0,176317
1786745895,1,176411
1786745895,2,175833
1786745895,3,178973
1786745895,4,177653
1786745895,5,181733
1786745895,6,177753
1786745895,7,173813
1786745897,0,176317
1786745897,1,176411
1786745897,2,175833
1786745897,3,178973
1786745897,4,177653
1786745897,5,181733
1786745897,6,177753
1786745897,7,173813
1786745900,0,176317
1786745900,1,176411
1786745900,2,175833
1786745900,3,178973
1786745900,4,177653
1786745900,5,181733
1786745900,6,177753
1786745900,7,173813
1786745902,0,176317
1786745902,1,176411
1786745902,2,175833
1786745902,3,178973
1786745902,4,177653
1786745902,5,181733
1786745902,6,177753
1786745902,7,173813
1786745905,0,176317
1786745905,1,176411
1786745905,2,175833
1786745905,3,178973
1786745905,4,177653
1786745905,5,181733
1786745905,6,177753
1786745905,7,173813
1786745907,0,176317
1786745907,1,176411
1786745907,2,175833
1786745907,3,178973
1786745907,4,177653
1786745907,5,181733
1786745907,6,177753
1786745907,7,173813
1786745909,0,176317
1786745909,1,176411
1786745909,2,175833
1786745909,3,178973
1786745909,4,177653
1786745909,5,181733
1786745909,6,177753
1786745909,7,173813
1786745912,0,176317
1786745912,1,176411
1786745912,2,175833
1786745912,3,178973
1786745912,4,177653
1786745912,5,181733
1786745912,6,177753
1786745912,7,173813
1786745914,0,176317
1786745914,1,176411
1786745914,2,175833
1786745914,3,178973
1786745914,4,177653
1786745914,5,181733
1786745914,6,177753
1786745914,7,173813
1786745916,0,176317
1786745916,1,176411
1786745916,2,175833
1786745916,3,178973
1786745916,4,177653
1786745916,5,181733
1786745916,6,177753
1786745916,7,173813
1786745919,0,176317
1786745919,1,176411
1786745919,2,175833
1786745919,3,178973
1786745919,4,177653
1786745919,5,181733
1786745919,6,177753
1786745919,7,173813
1786745921,0,176317
1786745921,1,176411
1786745921,2,175833
1786745921,3,178973
1786745921,4,177653
1786745921,5,181733
1786745921,6,177753
1786745921,7,173813
1786745924,0,176317
1786745924,1,176411
1786745924,2,175833
1786745924,3,178973
1786745924,4,177653
1786745924,5,181733
1786745924,6,177753
1786745924,7,173813
1786745926,0,176317
1786745926,1,176411
1786745926,2,175833
1786745926,3,178973
1786745926,4,177653
1786745926,5,181733
1786745926,6,177753
1786745926,7,173813
1786745928,0,176317
1786745928,1,176411
1786745928,2,175833
1786745928,3,178973
1786745928,4,177653
1786745928,5,181733
1786745928,6,177753
1786745928,7,173813
1786745930,0,176317
1786745930,1,176411
1786745930,2,175833
1786745930,3,178973
1786745930,4,177653
1786745930,5,181733
1786745930,6,177753
1786745930,7,173813
1786745933,0,176317
1786745933,1,176411
1786745933,2,175833
1786745933,3,178973
1786745933,4,177653
1786745933,5,181733
1786745933,6,177753
1786745933,7,173813
1786745935,0,176317
1786745935,1,176411
1786745935,2,175833
1786745935,3,178973
1786745935,4,177653
1786745935,5,181733
1786745935,6,177753
1786745935,7,173813
1786745938,0,176317
1786745938,1,176411
1786745938,2,175833
1786745938,3,178973
1786745938,4,177653
1786745938,5,181733
1786745938,6,177753
1786745938,7,173813
1786745940,0,176317
1786745940,1,176411
1786745940,2,175833
1786745940,3,178973
1786745940,4,177653
1786745940,5,181733
1786745940,6,177753
1786745940,7,173813
1786745942,0,176317
1786745942,1,176411
1786745942,2,175833
1786745942,3,178973
1786745942,4,177653
1786745942,5,181733
1786745942,6,177753
1786745942,7,173813
1786745944,0,176317
1786745944,1,176411
1786745944,2,175833
1786745944,3,178973
1786745944,4,177653
1786745944,5,181733
1786745944,6,177753
1786745944,7,173813
1786745946,0,176317
1786745946,1,176411
1786745946,2,175833
1786745946,3,178973
1786745946,4,177653
1786745946,5,181733
1786745946,6,177753
1786745946,7,173813
1786745949,0,176317
1786745949,1,176411
1786745949,2,175833
1786745949,3,178973
1786745949,4,177653
1786745949,5,181733
1786745949,6,177753
1786745949,7,173813
1786745951,0,176317
1786745951,1,176411
1786745951,2,175833
1786745951,3,178973
1786745951,4,177653
1786745951,5,181733
1786745951,6,177753
1786745951,7,173813
1786745954,0,176317
1786745954,1,176411
1786745954,2,175833
1786745954,3,178973
1786745954,4,177653
1786745954,5,181733
1786745954,6,177753
1786745954,7,173813
1786745956,0,176317
1786745956,1,176411
1786745956,2,175833
1786745956,3,178973
1786745956,4,177653
1786745956,5,181733
1786745956,6,177753
1786745956,7,173813
1786745958,0,176317
1786745958,1,176411
1786745958,2,175833
1786745958,3,178973
1786745958,4,177653
1786745958,5,181733
1786745958,6,177753
1786745958,7,173813
1786745960,0,176317
1786745960,1,176411
1786745960,2,175833
1786745960,3,178973
1786745960,4,177653
1786745960,5,181733
1786745960,6,177753
1786745960,7,173813
1786745963,0,176317
1786745963,1,176411
1786745963,2,175833
1786745963,3,178973
1786745963,4,177653
1786745963,5,181733
1786745963,6,177753
1786745963,7,174393
1786745965,0,176317
1786745965,1,176411
1786745965,2,175833
1786745965,3,178973
1786745965,4,177653
1786745965,5,181733
1786745965,6,177753
1786745965,7,174393
1786745967,0,176317
1786745967,1,176411
1786745967,2,175833
1786745967,3,178973
1786745967,4,177653
1786745967,5,181733
1786745967,6,177753
1786745967,7,174393
1786745970,0,176317
1786745970,1,176411
1786745970,2,175833
1786745970,3,178973
1786745970,4,177653
1786745970,5,181733
1786745970,6,177753
1786745970,7,174393
1786745972,0,176317
1786745972,1,176411
1786745972,2,175833
1786745972,3,178973
1786745972,4,177653
1786745972,5,181733
1786745972,6,177753
1786745972,7,174393
1786745974,0,176317
1786745974,1,176411
1786745974,2,175833
1786745974,3,178973
1786745974,4,177653
1786745974,5,181733
1786745974,6,177753
1786745974,7,174393
1786745976,0,176317
1786745976,1,176411
1786745976,2,175833
1786745976,3,178973
1786745976,4,177653
1786745976,5,181733
1786745976,6,177753
1786745976,7,174393
1786745979,0,176317
1786745979,1,176411
1786745979,2,175833
1786745979,3,178973
1786745979,4,177653
1786745979,5,181733
1786745979,6,177753
1786745979,7,174393
1786745981,0,176317
1786745981,1,176411
1786745981,2,175833
1786745981,3,178973
1786745981,4,177653
1786745981,5,181733
1786745981,6,177753
1786745981,7,174393
1786745983,0,176317
1786745983,1,176411
1786745983,2,175833
1786745983,3,178973
1786745983,4,177653
1786745983,5,181733
1786745983,6,177753
1786745983,7,174393
1786745986,0,176317
1786745986,1,176411
1786745986,2,175833
1786745986,3,178973
1786745986,4,177653
1786745986,5,181733
1786745986,6,177753
1786745986,7,174393
1786745988,0,176317
1786745988,1,176411
1786745988,2,175833
1786745988,3,178973
1786745988,4,177653
1786745988,5,181733
1786745988,6,177753
1786745988,7,174393
1786745990,0,176317
1786745990,1,176411
1786745990,2,175833
1786745990,3,178973
1786745990,4,177653
1786745990,5,181733
1786745990,6,177753
1786745990,7,174393
1786745992,0,176317
1786745992,1,176411
1786745992,2,175833
1786745992,3,178973
1786745992,4,177653
1786745992,5,181733
1786745992,6,177753
1786745992,7,174393
1786745995,0,176317
1786745995,1,176411
1786745995,2,175833
1786745995,3,178973
1786745995,4,177653
1786745995,5,181733
1786745995,6,177753
1786745995,7,174393
1786745997,0,176317
1786745997,1,176411
1786745997,2,175833
1786745997,3,178973
1786745997,4,177653
1786745997,5,181733
1786745997,6,177753
1786745997,7,174393
1786745999,0,176317
1786745999,1,176411
1786745999,2,175833
1786745999,3,178973
1786745999,4,177653
1786745999,5,181733
1786745999,6,177753
1786745999,7,174393
1786746001,0,176317
1786746001,1,176411
1786746001,2,175833
1786746001,3,178973
1786746001,4,177653
1786746001,5,181733
1786746001,6,177753
1786746001,7,174393
1786746003,0,176317
1786746003,1,176411
1786746003,2,175833
1786746003,3,178973
1786746003,4,177653
1786746003,5,181733
1786746003,6,177753
1786746003,7,174393
1786746005,0,176317
1786746005,1,176411
1786746005,2,175833
1786746005,3,178973
1786746005,4,177653
1786746005,5,181733
1786746005,6,177753
1786746005,7,174393
1786746008,0,176317
1786746008,1,176411
1786746008,2,175833
1786746008,3,178973
1786746008,4,177653
1786746008,5,181733
1786746008,6,177753
1786746008,7,174393
1786746010,0,176317
1786746010,1,176411
1786746010,2,175833
1786746010,3,178973
1786746010,4,177653
1786746010,5,181733
1786746010,6,177753
1786746010,7,174393
1786746013,0,176317
1786746013,1,176411
1786746013,2,175833
1786746013,3,178973
1786746013,4,177653
1786746013,5,181733
1786746013,6,177753
1786746013,7,174393
1786746015,0,176317
1786746015,1,176411
1786746015,2,175833
1786746015,3,178973
1786746015,4,177653
1786746015,5,181733
1786746015,6,177753
1786746015,7,174393
1786746017,0,176317
1786746017,1,176411
1786746017,2,175833
1786746017,3,178973
1786746017,4,177653
1786746017,5,181733
1786746017,6,177753
1786746017,7,174393
1786746019,0,176317
1786746019,1,176411
1786746019,2,175833
1786746019,3,178973
1786746019,4,177653
1786746019,5,181733
1786746019,6,177753
1786746019,7,174393
1786746022,0,176317
1786746022,1,176411
1786746022,2,175833
1786746022,3,178973
1786746022,4,177653
1786746022,5,181733
1786746022,6,177753
1786746022,7,174393
1786746024,0,176317
1786746024,1,176411
1786746024,2,175833
1786746024,3,178973
1786746024,4,177653
1786746024,5,181733
1786746024,6,177753
1786746024,7,174393
1786746027,0,176317
1786746027,1,176411
1786746027,2,175833
1786746027,3,178973
1786746027,4,177653
1786746027,5,181733
1786746027,6,177753
1786746027,7,174393
1786746029,0,176317
1786746029,1,176411
1786746029,2,175833
1786746029,3,178973
1786746029,4,177653
1786746029,5,181733
1786746029,6,177753
1786746029,7,174393
1786746033,0,176317
1786746033,1,176411
1786746033,2,175833
1786746033,3,178973
1786746033,4,177653
1786746033,5,181733
1786746033,6,177753
1786746033,7,174393
1786746035,0,176317
1786746035,1,176411
1786746035,2,175833
1786746035,3,178973
1786746035,4,177653
1786746035,5,181733
1786746035,6,177753
1786746035,7,174393
1786746038,0,176317
1786746038,1,176411
1786746038,2,175833
1786746038,3,178973
1786746038,4,177653
1786746038,5,181733
1786746038,6,177753
1786746038,7,174393
1786746040,0,176317
1786746040,1,176411
1786746040,2,175833
1786746040,3,178973
1786746040,4,177653
1786746040,5,181733
1786746040,6,177753
1786746040,7,174393
1786746042,0,176317
1786746042,1,176411
1786746042,2,175833
1786746042,3,178973
1786746042,4,177653
1786746042,5,181733
1786746042,6,177753
1786746042,7,174393
1786746044,0,176317
1786746044,1,176411
1786746044,2,175833
1786746044,3,178973
1786746044,4,177653
1786746044,5,181733
1786746044,6,177753
1786746044,7,174393
1786746046,0,176317
1786746046,1,176411
1786746046,2,175833
1786746046,3,178973
1786746046,4,177653
1786746046,5,181733
1786746046,6,177753
1786746046,7,174393
1786746049,0,176317
1786746049,1,176411
1786746049,2,175833
1786746049,3,178973
1786746049,4,177653
1786746049,5,181733
1786746049,6,177753
1786746049,7,174393
1786746051,0,176317
1786746051,1,176411
1786746051,2,175833
1786746051,3,178973
1786746051,4,177653
1786746051,5,181733
1786746051,6,177753
1786746051,7,174393
1786746054,0,176317
1786746054,1,176411
1786746054,2,175833
1786746054,3,178973
1786746054,4,177653
1786746054,5,181733
1786746054,6,177753
1786746054,7,174393
1786746056,0,176317
1786746056,1,176411
1786746056,2,175833
1786746056,3,178973
1786746056,4,177653
1786746056,5,181733
1786746056,6,177753
1786746056,7,174393
1786746058,0,176317
1786746058,1,176411
1786746058,2,175833
1786746058,3,178973
1786746058,4,177653
1786746058,5,181733
1786746058,6,177753
1786746058,7,174393
1786746060,0,176317
1786746060,1,176411
1786746060,2,175833
1786746060,3,178973
1786746060,4,177653
1786746060,5,181733
1786746060,6,177753
1786746060,7,174393
1786746063,0,176317
1786746063,1,176411
1786746063,2,175833
1786746063,3,178973
1786746063,4,177653
1786746063,5,181733
1786746063,6,177753
1786746063,7,174393
1786746065,0,176317
1786746065,1,176411
1786746065,2,175833
1786746065,3,178973
1786746065,4,177653
1786746065,5,181733
1786746065,6,177753
1786746065,7,174393
1786746067,0,176317
1786746067,1,176411
1786746067,2,175833
1786746067,3,178973
1786746067,4,177653
1786746067,5,181733
1786746067,6,177753
1786746067,7,174393
1786746069,0,176317
1786746069,1,176411
1786746069,2,175833
1786746069,3,178973
1786746069,4,177653
1786746069,5,181733
1786746069,6,177753
1786746069,7,174393
1786746072,0,176317
1786746072,1,176411
1786746072,2,175833
1786746072,3,178973
1786746072,4,177653
1786746072,5,181733
1786746072,6,177753
1786746072,7,174393
1786746074,0,176317
1786746074,1,176411
1786746074,2,175833
1786746074,3,178973
1786746074,4,177653
1786746074,5,181733
1786746074,6,177753
1786746074,7,174393
1786746076,0,176317
1786746076,1,176411
1786746076,2,175833
1786746076,3,178973
1786746076,4,177653
1786746076,5,181733
1786746076,6,177753
1786746076,7,174393
1786746078,0,176317
1786746078,1,176411
1786746078,2,175833
1786746078,3,178973
1786746078,4,177653
1786746078,5,181733
1786746078,6,177753
1786746078,7,174393
1786746080,0,176317
1786746080,1,176411
1786746080,2,175833
1786746080,3,178973
1786746080,4,177653
1786746080,5,181733
1786746080,6,177753
1786746080,7,174393
1786746083,0,176317
1786746083,1,176411
1786746083,2,175833
1786746083,3,178973
1786746083,4,177653
1786746083,5,181733
1786746083,6,177753
1786746083,7,174393
1786746086,0,176317
1786746086,1,176411
1786746086,2,175833
1786746086,3,179713
1786746086,4,177653
1786746086,5,181733
1786746086,6,177753
1786746086,7,174393
1786746088,0,176317
1786746088,1,176411
1786746088,2,175833
1786746088,3,179713
1786746088,4,177653
1786746088,5,181733
1786746088,6,177753
1786746088,7,174393
1786746090,0,176317
1786746090,1,176411
1786746090,2,175833
1786746090,3,179713
1786746090,4,177653
1786746090,5,181733
1786746090,6,177753
1786746090,7,174393
1786746092,0,176317
1786746092,1,176411
1786746092,2,175833
1786746092,3,179713
1786746092,4,177653
1786746092,5,181733
1786746092,6,177753
1786746092,7,174393
1786746094,0,176317
1786746094,1,176411
1786746094,2,175833
1786746094,3,179713
1786746094,4,177653
1786746094,5,181733
1786746094,6,177753
1786746094,7,174393
1786746096,0,176317
1786746096,1,176411
1786746096,2,175833
1786746096,3,179713
1786746096,4,177653
1786746096,5,181733
1786746096,6,177753
1786746096,7,174393
1786746099,0,176317
1786746099,1,176411
1786746099,2,175833
1786746099,3,179713
1786746099,4,177653
1786746099,5,181733
1786746099,6,177753
1786746099,7,174393
1786746101,0,176317
1786746101,1,176411
1786746101,2,175833
1786746101,3,179713
1786746101,4,177653
1786746101,5,181733
1786746101,6,177753
1786746101,7,174393
1786746103,0,176317
1786746103,1,176411
1786746103,2,175833
1786746103,3,179713
1786746103,4,177653
1786746103,5,181733
1786746103,6,177753
1786746103,7,174393
1786746105,0,176317
1786746105,1,176411
1786746105,2,175833
1786746105,3,179713
1786746105,4,177653
1786746105,5,181733
1786746105,6,177753
1786746105,7,174393
1786746108,0,176317
1786746108,1,176411
1786746108,2,175833
1786746108,3,179713
1786746108,4,177653
1786746108,5,181733
1786746108,6,177753
1786746108,7,174393
1786746110,0,176317
1786746110,1,176411
1786746110,2,175833
1786746110,3,179713
1786746110,4,177653
1786746110,5,181733
1786746110,6,177753
1786746110,7,174393
1786746112,0,176317
1786746112,1,176411
1786746112,2,175833
1786746112,3,179713
1786746112,4,177653
1786746112,5,181733
1786746112,6,177753
1786746112,7,174393
1786746114,0,176317
1786746114,1,176411
1786746114,2,175833
1786746114,3,179713
1786746114,4,177653
1786746114,5,181733
1786746114,6,177753
1786746114,7,174393
1786746117,0,176317
1786746117,1,176411
1786746117,2,175833
1786746117,3,179713
1786746117,4,177653
1786746117,5,181733
1786746117,6,177753
1786746117,7,174393
1786746119,0,176317
1786746119,1,176411
1786746119,2,175833
1786746119,3,179713
1786746119,4,177653
1786746119,5,181733
1786746119,6,177753
1786746119,7,174393
1786746121,0,176317
1786746121,1,176411
1786746121,2,175833
1786746121,3,179713
1786746121,4,177653
1786746121,5,181733
1786746121,6,177753
1786746121,7,174393
1786746123,0,176317
1786746123,1,176411
1786746123,2,175833
1786746123,3,179713
1786746123,4,177653
1786746123,5,181733
1786746123,6,177753
1786746123,7,174393
1786746126,0,176317
1786746126,1,176411
1786746126,2,175833
1786746126,3,179713
1786746126,4,177653
1786746126,5,181733
1786746126,6,177753
1786746126,7,174393
1786746129,0,176317
1786746129,1,176411
1786746129,2,175833
1786746129,3,179713
1786746129,4,177653
1786746129,5,181733
1786746129,6,177753
1786746129,7,174393
1786746131,0,176317
1786746131,1,176411
1786746131,2,175833
1786746131,3,179713
1786746131,4,177653
1786746131,5,181733
1786746131,6,177753
1786746131,7,174393
1786746133,0,176317
1786746133,1,176411
1786746133,2,175833
1786746133,3,179713
1786746133,4,177653
1786746133,5,181733
1786746133,6,177753
1786746133,7,174393
1786746136,0,176317
1786746136,1,176411
1786746136,2,175833
1786746136,3,179713
1786746136,4,177653
1786746136,5,181733
1786746136,6,177753
1786746136,7,174393
1786746138,0,176317
1786746138,1,176411
1786746138,2,175833
1786746138,3,179713
1786746138,4,177653
1786746138,5,181733
1786746138,6,177753
1786746138,7,174393
1786746140,0,176317
1786746140,1,176411
1786746140,2,175833
1786746140,3,179713
1786746140,4,177653
1786746140,5,181733
1786746140,6,177753
1786746140,7,174393
1786746142,0,176317
1786746142,1,176411
1786746142,2,175833
1786746142,3,179713
1786746142,4,177653
1786746142,5,181733
1786746142,6,177753
1786746142,7,174393
1786746145,0,176317
1786746145,1,176411
1786746145,2,175833
1786746145,3,179713
1786746145,4,177653
1786746145,5,181733
1786746145,6,177753
1786746145,7,174393
1786746148,0,176317
1786746148,1,176411
1786746148,2,175833
1786746148,3,179713
1786746148,4,177653
1786746148,5,181733
1786746148,6,177753
1786746148,7,174393
1786746150,0,176317
1786746150,1,176411
1786746150,2,175833
1786746150,3,179713
1786746150,4,177653
1786746150,5,181733
1786746150,6,177753
1786746150,7,174393
1786746152,0,176317
1786746152,1,176411
1786746152,2,175833
1786746152,3,179713
1786746152,4,177653
1786746152,5,181733
1786746152,6,177753
1786746152,7,174393
1786746154,0,176317
1786746154,1,176411
1786746154,2,175833
1786746154,3,179713
1786746154,4,177653
1786746154,5,181733
1786746154,6,177753
1786746154,7,174393
1786746157,0,176317
1786746157,1,176411
1786746157,2,175833
1786746157,3,179713
1786746157,4,177653
1786746157,5,181733
1786746157,6,177753
1786746157,7,174393
1786746159,0,176317
1786746159,1,176411
1786746159,2,175833
1786746159,3,179713
1786746159,4,177653
1786746159,5,181733
1786746159,6,177753
1786746159,7,174393
1786746162,0,176317
1786746162,1,176411
1786746162,2,175833
1786746162,3,179713
1786746162,4,177653
1786746162,5,181733
1786746162,6,177753
1786746162,7,174393
1786746164,0,176317
1786746164,1,176411
1786746164,2,175833
1786746164,3,179713
1786746164,4,177653
1786746164,5,181733
1786746164,6,177753
1786746164,7,174393
1786746167,0,176317
1786746167,1,176411
1786746167,2,175833
1786746167,3,179713
1786746167,4,177653
1786746167,5,181733
1786746167,6,177753
1786746167,7,174393
1786746169,0,176317
1786746169,1,176411
1786746169,2,175833
1786746169,3,179713
1786746169,4,177653
1786746169,5,181733
1786746169,6,177753
1786746169,7,174393
1786746171,0,176317
1786746171,1,176411
1786746171,2,175833
1786746171,3,179713
1786746171,4,177653
1786746171,5,181733
1786746171,6,177753
1786746171,7,174393
1786746174,0,176317
1786746174,1,176411
1786746174,2,175833
1786746174,3,179713
1786746174,4,177653
1786746174,5,181733
1786746174,6,177753
1786746174,7,174393
1786746176,0,176317
1786746176,1,176411
1786746176,2,175833
1786746176,3,179713
1786746176,4,177653
1786746176,5,181733
1786746176,6,177753
1786746176,7,174393
1786746179,0,176317
1786746179,1,176411
1786746179,2,175833
1786746179,3,179713
1786746179,4,177653
1786746179,5,181733
1786746179,6,177753
1786746179,7,174393
1786746181,0,176317
1786746181,1,176411
1786746181,2,175833
1786746181,3,179713
1786746181,4,177653
1786746181,5,181733
1786746181,6,177753
1786746181,7,174393
1786746183,0,176317
1786746183,1,176411
1786746183,2,175833
1786746183,3,179713
1786746183,4,177653
1786746183,5,181733
1786746183,6,177753
1786746183,7,174393
1786746185,0,176317
1786746185,1,176411
1786746185,2,175833
1786746185,3,179713
1786746185,4,177653
1786746185,5,181733
1786746185,6,177753
1786746185,7,174393
1786746188,0,176317
1786746188,1,176411
1786746188,2,175833
1786746188,3,179713
1786746188,4,177653
1786746188,5,181733
1786746188,6,177753
1786746188,7,174393
1786746190,0,176317
1786746190,1,176411
1786746190,2,175833
1786746190,3,179713
1786746190,4,177653
1786746190,5,181733
1786746190,6,177753
1786746190,7,174393
1786746192,0,176317
1786746192,1,176411
1786746192,2,175833
1786746192,3,179713
1786746192,4,177653
1786746192,5,181733
1786746192,6,177753
1786746192,7,174393
1786746195,0,176317
1786746195,1,176411
1786746195,2,175833
1786746195,3,179713
1786746195,4,177653
1786746195,5,181733
1786746195,6,177753
1786746195,7,174393
1786746197,0,176317
1786746197,1,176411
1786746197,2,175833
1786746197,3,179713
1786746197,4,177653
1786746197,5,181733
1786746197,6,177753
1786746197,7,174393
1786746199,0,176317
1786746199,1,176411
1786746199,2,175833
1786746199,3,179713
1786746199,4,177653
1786746199,5,181733
1786746199,6,177753
1786746199,7,174393
1786746201,0,176317
1786746201,1,176411
1786746201,2,175833
1786746201,3,179713
1786746201,4,177653
1786746201,5,181733
1786746201,6,177753
1786746201,7,174393
1786746204,0,176317
1786746204,1,176411
1786746204,2,175833
1786746204,3,179713
1786746204,4,177653
1786746204,5,181733
1786746204,6,177753
1786746204,7,174393
1786746206,0,176317
1786746206,1,176411
1786746206,2,175833
1786746206,3,179713
1786746206,4,177653
1786746206,5,181733
1786746206,6,177753
1786746206,7,174393
1786746209,0,176317
1786746209,1,176411
1786746209,2,175833
1786746209,3,179713
1786746209,4,177653
1786746209,5,181733
1786746209,6,177753
1786746209,7,174393
1786746211,0,176317
1786746211,1,176411
1786746211,2,175833
1786746211,3,179713
1786746211,4,177653
1786746211,5,181733
1786746211,6,177753
1786746211,7,174393
1786746213,0,176317
1786746213,1,176411
1786746213,2,175833
1786746213,3,179713
1786746213,4,177653
1786746213,5,181733
1786746213,6,177753
1786746213,7,174393
1786746215,0,176317
1786746215,1,176411
1786746215,2,175833
1786746215,3,179713
1786746215,4,177653
1786746215,5,181733
1786746215,6,177753
1786746215,7,174393
1786746217,0,176317
1786746217,1,176411
1786746217,2,175833
1786746217,3,179713
1786746217,4,177653
1786746217,5,181733
1786746217,6,177753
1786746217,7,174393
1786746220,0,176317
1786746220,1,176411
1786746220,2,175833
1786746220,3,179713
1786746220,4,177653
1786746220,5,181733
1786746220,6,177753
1786746220,7,174393
1786746223,0,176317
1786746223,1,176411
1786746223,2,175833
1786746223,3,179713
1786746223,4,177653
1786746223,5,181733
1786746223,6,177753
1786746223,7,174393
1786746226,0,176317
1786746226,1,176411
1786746226,2,175833
1786746226,3,179713
1786746226,4,177653
1786746226,5,181733
1786746226,6,177753
1786746226,7,174393
1786746228,0,176317
1786746228,1,176411
1786746228,2,175833
1786746228,3,179713
1786746228,4,177653
1786746228,5,181733
1786746228,6,177753
1786746228,7,174393
1786746231,0,176317
1786746231,1,176411
1786746231,2,175833
1786746231,3,179713
1786746231,4,177653
1786746231,5,181733
1786746231,6,177753
1786746231,7,174393
1786746234,0,176317
1786746234,1,176411
1786746234,2,175833
1786746234,3,179713
1786746234,4,177653
1786746234,5,181733
1786746234,6,177753
1786746234,7,174393
1786746236,0,176317
1786746236,1,176411
1786746236,2,175833
1786746236,3,179713
1786746236,4,177653
1786746236,5,181733
1786746236,6,177753
1786746236,7,174393
1786746240,0,176317
1786746240,1,176411
1786746240,2,175833
1786746240,3,179713
1786746240,4,177653
1786746240,5,181733
1786746240,6,177753
1786746240,7,174393
1786746242,0,176317
1786746242,1,176411
1786746242,2,175833
1786746242,3,179713
1786746242,4,177653
1786746242,5,181733
1786746242,6,177753
1786746242,7,174393
1786746245,0,176317
1786746245,1,176411
1786746245,2,175833
1786746245,3,179713
1786746245,4,177653
1786746245,5,181733
1786746245,6,177753
1786746245,7,174393
1786746247,0,176317
1786746247,1,176411
1786746247,2,175833
1786746247,3,179713
1786746247,4,177653
1786746247,5,181733
1786746247,6,177753
1786746247,7,174393
1786746250,0,176317
1786746250,1,176411
1786746250,2,175833
1786746250,3,179713
1786746250,4,177653
1786746250,5,181733
1786746250,6,177753
1786746250,7,174393
1786746253,0,176317
1786746253,1,176411
1786746253,2,175833
1786746253,3,179713
1786746253,4,177653
1786746253,5,181733
1786746253,6,177753
1786746253,7,174393
1786746256,0,176317
1786746256,1,176411
1786746256,2,175833
1786746256,3,179713
1786746256,4,177653
1786746256,5,181733
1786746256,6,177753
1786746256,7,174393
1786746258,0,176317
1786746258,1,176411
1786746258,2,175833
1786746258,3,179713
1786746258,4,177653
1786746258,5,181733
1786746258,6,177753
1786746258,7,174393
1786746260,0,176317
1786746260,1,176411
1786746260,2,175833
1786746260,3,179713
1786746260,4,177653
1786746260,5,181733
1786746260,6,177753
1786746260,7,174393
1786746263,0,176317
1786746263,1,176411
1786746263,2,175833
1786746263,3,179713
1786746263,4,177653
1786746263,5,181733
1786746263,6,177753
1786746263,7,174393
1786746266,0,176317
1786746266,1,176411
1786746266,2,175833
1786746266,3,179713
1786746266,4,177653
1786746266,5,181733
1786746266,6,177753
1786746266,7,174393
1786746269,0,176317
1786746269,1,176411
1786746269,2,175833
1786746269,3,179713
1786746269,4,177653
1786746269,5,181733
1786746269,6,177753
1786746269,7,174393
1786746271,0,176317
1786746271,1,176411
1786746271,2,175833
1786746271,3,179713
1786746271,4,177653
1786746271,5,181733
1786746271,6,177753
1786746271,7,174393
1786746273,0,176317
1786746273,1,176411
1786746273,2,175833
1786746273,3,179713
1786746273,4,177653
1786746273,5,181733
1786746273,6,177753
1786746273,7,174393
1786746275,0,176317
1786746275,1,176411
1786746275,2,175833
1786746275,3,179713
1786746275,4,177653
1786746275,5,181733
1786746275,6,177753
1786746275,7,174393
1786746278,0,176317
1786746278,1,176411
1786746278,2,175833
1786746278,3,179713
1786746278,4,177653
1786746278,5,181733
1786746278,6,177753
1786746278,7,174393
1786746282,0,176317
1786746282,1,176411
1786746282,2,175833
1786746282,3,179713
1786746282,4,177653
1786746282,5,181733
1786746282,6,177753
1786746282,7,174393
1786746285,0,176317
1786746285,1,176411
1786746285,2,175833
1786746285,3,179713
1786746285,4,177653
1786746285,5,181733
1786746285,6,177753
1786746285,7,174393
1786746287,0,176317
1786746287,1,176411
1786746287,2,175833
1786746287,3,179713
1786746287,4,177653
1786746287,5,181733
1786746287,6,177753
1786746287,7,174393
1786746290,0,176317
1786746290,1,176411
1786746290,2,175833
1786746290,3,179713
1786746290,4,177653
1786746290,5,181733
1786746290,6,177753
1786746290,7,174393
1786746292,0,176317
1786746292,1,176411
1786746292,2,175833
1786746292,3,179713
1786746292,4,177653
1786746292,5,181733
1786746292,6,177753
1786746292,7,174393
1786746295,0,176317
1786746295,1,176411
1786746295,2,175833
1786746295,3,179713
1786746295,4,177653
1786746295,5,181733
1786746295,6,177753
1786746295,7,174393
1786746298,0,176317
1786746298,1,176411
1786746298,2,175833
1786746298,3,179713
1786746298,4,177653
1786746298,5,181733
1786746298,6,177753
1786746298,7,174393
1786746301,0,176317
1786746301,1,176411
1786746301,2,175833
1786746301,3,179713
1786746301,4,177653
1786746301,5,181733
1786746301,6,177753
1786746301,7,174393
1786746303,0,176317
1786746303,1,176411
1786746303,2,175833
1786746303,3,179713
1786746303,4,177653
1786746303,5,181733
1786746303,6,177753
1786746303,7,174393
1786746306,0,176317
1786746306,1,176411
1786746306,2,175833
1786746306,3,179713
1786746306,4,177653
1786746306,5,181733
1786746306,6,177753
1786746306,7,174393
1786746309,0,176317
1786746309,1,176411
1786746309,2,175833
1786746309,3,179713
1786746309,4,177653
1786746309,5,181733
1786746309,6,177753
1786746309,7,174393
1786746312,0,176317
1786746312,1,176411
1786746312,2,175833
1786746312,3,179713
1786746312,4,177653
1786746312,5,181733
1786746312,6,177753
1786746312,7,174393
1786746314,0,176317
1786746314,1,176411
1786746314,2,175833
1786746314,3,179713
1786746314,4,177653
1786746314,5,181733
1786746314,6,177753
1786746314,7,174393
1786746316,0,176317
1786746316,1,176411
1786746316,2,175833
1786746316,3,179713
1786746316,4,177653
1786746316,5,181733
1786746316,6,177753
1786746316,7,174393
1786746319,0,176317
1786746319,1,176411
1786746319,2,175833
1786746319,3,179713
1786746319,4,177653
1786746319,5,181733
1786746319,6,177753
1786746319,7,174393
1786746321,0,176317
1786746321,1,176411
1786746321,2,175833
1786746321,3,179713
1786746321,4,177653
1786746321,5,181733
1786746321,6,177753
1786746321,7,174393
1786746323,0,176317
1786746323,1,176411
1786746323,2,175833
1786746323,3,179713
1786746323,4,177653
1786746323,5,181733
1786746323,6,177753
1786746323,7,174393
1786746326,0,176317
1786746326,1,176411
1786746326,2,175833
1786746326,3,179713
1786746326,4,177653
1786746326,5,181733
1786746326,6,177753
1786746326,7,174393
1786746328,0,176317
1786746328,1,176411
1786746328,2,175833
1786746328,3,179713
1786746328,4,177653
1786746328,5,181733
1786746328,6,177753
1786746328,7,174393
1786746330,0,176317
1786746330,1,176411
1786746330,2,175833
1786746330,3,179713
1786746330,4,177653
1786746330,5,181733
1786746330,6,177753
1786746330,7,174393
1786746333,0,176317
1786746333,1,176411
1786746333,2,175833
1786746333,3,179713
1786746333,4,177653
1786746333,5,181733
1786746333,6,177753
1786746333,7,174393
1786746336,0,176317
1786746336,1,176411
1786746336,2,175833
1786746336,3,179713
1786746336,4,177653
1786746336,5,181733
1786746336,6,177753
1786746336,7,174393
1786746338,0,176317
1786746338,1,176411
1786746338,2,175833
1786746338,3,179713
1786746338,4,177653
1786746338,5,181733
1786746338,6,177753
1786746338,7,174393
