node 1: rendezvous master=b300-1-izksekdp-0001 (10.1.77.46)
node 0: rendezvous master=b300-1-izksekdp-0001 (10.1.77.46)
node 1: NCCL_IB_HCA=mlx5_bond
node 0: NCCL_IB_HCA=mlx5_bond
/root/.cache/user_artifacts/devboxes/q4grmdq/trainers/server-megatron-bridge/.venv/lib/python3.12/site-packages/torch/cuda/__init__.py:61: FutureWarning: The pynvml package is deprecated. Please install nvidia-ml-py instead. If you did not install pynvml directly, please report this to the maintainers of the package that installed pynvml for you.
  import pynvml  # type: ignore[import]
/root/.cache/user_artifacts/devboxes/q4grmdq/trainers/server-megatron-bridge/.venv/lib/python3.12/site-packages/torch/cuda/__init__.py:61: FutureWarning: The pynvml package is deprecated. Please install nvidia-ml-py instead. If you did not install pynvml directly, please report this to the maintainers of the package that installed pynvml for you.
  import pynvml  # type: ignore[import]
/root/.cache/user_artifacts/devboxes/q4grmdq/trainers/server-megatron-bridge/.venv/lib/python3.12/site-packages/torch/cuda/__init__.py:61: FutureWarning: The pynvml package is deprecated. Please install nvidia-ml-py instead. If you did not install pynvml directly, please report this to the maintainers of the package that installed pynvml for you.
  import pynvml  # type: ignore[import]
/root/.cache/user_artifacts/devboxes/q4grmdq/trainers/server-megatron-bridge/.venv/lib/python3.12/site-packages/torch/cuda/__init__.py:61: FutureWarning: The pynvml package is deprecated. Please install nvidia-ml-py instead. If you did not install pynvml directly, please report this to the maintainers of the package that installed pynvml for you.
  import pynvml  # type: ignore[import]
/root/.cache/user_artifacts/devboxes/q4grmdq/trainers/server-megatron-bridge/.venv/lib/python3.12/site-packages/torch/cuda/__init__.py:61: FutureWarning: The pynvml package is deprecated. Please install nvidia-ml-py instead. If you did not install pynvml directly, please report this to the maintainers of the package that installed pynvml for you.
  import pynvml  # type: ignore[import]
/root/.cache/user_artifacts/devboxes/q4grmdq/trainers/server-megatron-bridge/.venv/lib/python3.12/site-packages/torch/cuda/__init__.py:61: FutureWarning: The pynvml package is deprecated. Please install nvidia-ml-py instead. If you did not install pynvml directly, please report this to the maintainers of the package that installed pynvml for you.
  import pynvml  # type: ignore[import]
/root/.cache/user_artifacts/devboxes/q4grmdq/trainers/server-megatron-bridge/.venv/lib/python3.12/site-packages/torch/cuda/__init__.py:61: FutureWarning: The pynvml package is deprecated. Please install nvidia-ml-py instead. If you did not install pynvml directly, please report this to the maintainers of the package that installed pynvml for you.
  import pynvml  # type: ignore[import]
/root/.cache/user_artifacts/devboxes/q4grmdq/trainers/server-megatron-bridge/.venv/lib/python3.12/site-packages/torch/cuda/__init__.py:61: FutureWarning: The pynvml package is deprecated. Please install nvidia-ml-py instead. If you did not install pynvml directly, please report this to the maintainers of the package that installed pynvml for you.
  import pynvml  # type: ignore[import]
/root/.cache/user_artifacts/devboxes/q4grmdq/trainers/server-megatron-bridge/.venv/lib/python3.12/site-packages/torch/cuda/__init__.py:61: FutureWarning: The pynvml package is deprecated. Please install nvidia-ml-py instead. If you did not install pynvml directly, please report this to the maintainers of the package that installed pynvml for you.
  import pynvml  # type: ignore[import]
/root/.cache/user_artifacts/devboxes/q4grmdq/trainers/server-megatron-bridge/.venv/lib/python3.12/site-packages/torch/cuda/__init__.py:61: FutureWarning: The pynvml package is deprecated. Please install nvidia-ml-py instead. If you did not install pynvml directly, please report this to the maintainers of the package that installed pynvml for you.
  import pynvml  # type: ignore[import]
/root/.cache/user_artifacts/devboxes/q4grmdq/trainers/server-megatron-bridge/.venv/lib/python3.12/site-packages/torch/cuda/__init__.py:61: FutureWarning: The pynvml package is deprecated. Please install nvidia-ml-py instead. If you did not install pynvml directly, please report this to the maintainers of the package that installed pynvml for you.
  import pynvml  # type: ignore[import]
/root/.cache/user_artifacts/devboxes/q4grmdq/trainers/server-megatron-bridge/.venv/lib/python3.12/site-packages/torch/cuda/__init__.py:61: FutureWarning: The pynvml package is deprecated. Please install nvidia-ml-py instead. If you did not install pynvml directly, please report this to the maintainers of the package that installed pynvml for you.
  import pynvml  # type: ignore[import]
/root/.cache/user_artifacts/devboxes/q4grmdq/trainers/server-megatron-bridge/.venv/lib/python3.12/site-packages/torch/cuda/__init__.py:61: FutureWarning: The pynvml package is deprecated. Please install nvidia-ml-py instead. If you did not install pynvml directly, please report this to the maintainers of the package that installed pynvml for you.
  import pynvml  # type: ignore[import]
/root/.cache/user_artifacts/devboxes/q4grmdq/trainers/server-megatron-bridge/.venv/lib/python3.12/site-packages/torch/cuda/__init__.py:61: FutureWarning: The pynvml package is deprecated. Please install nvidia-ml-py instead. If you did not install pynvml directly, please report this to the maintainers of the package that installed pynvml for you.
  import pynvml  # type: ignore[import]
/root/.cache/user_artifacts/devboxes/q4grmdq/trainers/server-megatron-bridge/.venv/lib/python3.12/site-packages/torch/cuda/__init__.py:61: FutureWarning: The pynvml package is deprecated. Please install nvidia-ml-py instead. If you did not install pynvml directly, please report this to the maintainers of the package that installed pynvml for you.
  import pynvml  # type: ignore[import]
/root/.cache/user_artifacts/devboxes/q4grmdq/trainers/server-megatron-bridge/.venv/lib/python3.12/site-packages/torch/cuda/__init__.py:61: FutureWarning: The pynvml package is deprecated. Please install nvidia-ml-py instead. If you did not install pynvml directly, please report this to the maintainers of the package that installed pynvml for you.
  import pynvml  # type: ignore[import]
/root/.cache/user_artifacts/devboxes/q4grmdq/trainers/server-megatron-bridge/.venv/lib/python3.12/site-packages/torch/cuda/__init__.py:61: FutureWarning: The pynvml package is deprecated. Please install nvidia-ml-py instead. If you did not install pynvml directly, please report this to the maintainers of the package that installed pynvml for you.
  import pynvml  # type: ignore[import]
/root/.cache/user_artifacts/devboxes/q4grmdq/trainers/server-megatron-bridge/.venv/lib/python3.12/site-packages/torch/cuda/__init__.py:61: FutureWarning: The pynvml package is deprecated. Please install nvidia-ml-py instead. If you did not install pynvml directly, please report this to the maintainers of the package that installed pynvml for you.
  import pynvml  # type: ignore[import]
/root/.cache/user_artifacts/devboxes/q4grmdq/trainers/server-megatron-bridge/vendor/megatron-bridge/3rdparty/Megatron-LM/megatron/core/models/backends.py:34: UserWarning: Apex is not installed. Falling back to Torch Norm
  warnings.warn("Apex is not installed. Falling back to Torch Norm")
/root/.cache/user_artifacts/devboxes/q4grmdq/trainers/server-megatron-bridge/vendor/megatron-bridge/3rdparty/Megatron-LM/megatron/core/models/backends.py:34: UserWarning: Apex is not installed. Falling back to Torch Norm
  warnings.warn("Apex is not installed. Falling back to Torch Norm")
/root/.cache/user_artifacts/devboxes/q4grmdq/trainers/server-megatron-bridge/vendor/megatron-bridge/3rdparty/Megatron-LM/megatron/core/models/backends.py:34: UserWarning: Apex is not installed. Falling back to Torch Norm
  warnings.warn("Apex is not installed. Falling back to Torch Norm")
/root/.cache/user_artifacts/devboxes/q4grmdq/trainers/server-megatron-bridge/vendor/megatron-bridge/3rdparty/Megatron-LM/megatron/core/models/backends.py:34: UserWarning: Apex is not installed. Falling back to Torch Norm
  warnings.warn("Apex is not installed. Falling back to Torch Norm")
/root/.cache/user_artifacts/devboxes/q4grmdq/trainers/server-megatron-bridge/vendor/megatron-bridge/3rdparty/Megatron-LM/megatron/core/models/backends.py:34: UserWarning: Apex is not installed. Falling back to Torch Norm
  warnings.warn("Apex is not installed. Falling back to Torch Norm")
/root/.cache/user_artifacts/devboxes/q4grmdq/trainers/server-megatron-bridge/vendor/megatron-bridge/3rdparty/Megatron-LM/megatron/core/models/backends.py:34: UserWarning: Apex is not installed. Falling back to Torch Norm
  warnings.warn("Apex is not installed. Falling back to Torch Norm")
/root/.cache/user_artifacts/devboxes/q4grmdq/trainers/server-megatron-bridge/vendor/megatron-bridge/3rdparty/Megatron-LM/megatron/core/models/backends.py:34: UserWarning: Apex is not installed. Falling back to Torch Norm
  warnings.warn("Apex is not installed. Falling back to Torch Norm")
/root/.cache/user_artifacts/devboxes/q4grmdq/trainers/server-megatron-bridge/vendor/megatron-bridge/3rdparty/Megatron-LM/megatron/core/models/backends.py:34: UserWarning: Apex is not installed. Falling back to Torch Norm
  warnings.warn("Apex is not installed. Falling back to Torch Norm")
/root/.cache/user_artifacts/devboxes/q4grmdq/trainers/server-megatron-bridge/vendor/megatron-bridge/3rdparty/Megatron-LM/megatron/core/models/backends.py:34: UserWarning: Apex is not installed. Falling back to Torch Norm
  warnings.warn("Apex is not installed. Falling back to Torch Norm")
/root/.cache/user_artifacts/devboxes/q4grmdq/trainers/server-megatron-bridge/vendor/megatron-bridge/3rdparty/Megatron-LM/megatron/core/models/gpt/gpt_layer_specs.py:74: UserWarning: Apex is not installed. Falling back to Torch Norm
  warnings.warn("Apex is not installed. Falling back to Torch Norm")
/root/.cache/user_artifacts/devboxes/q4grmdq/trainers/server-megatron-bridge/vendor/megatron-bridge/3rdparty/Megatron-LM/megatron/core/models/gpt/gpt_layer_specs.py:74: UserWarning: Apex is not installed. Falling back to Torch Norm
  warnings.warn("Apex is not installed. Falling back to Torch Norm")
/root/.cache/user_artifacts/devboxes/q4grmdq/trainers/server-megatron-bridge/vendor/megatron-bridge/3rdparty/Megatron-LM/megatron/core/models/backends.py:34: UserWarning: Apex is not installed. Falling back to Torch Norm
  warnings.warn("Apex is not installed. Falling back to Torch Norm")
/root/.cache/user_artifacts/devboxes/q4grmdq/trainers/server-megatron-bridge/.venv/lib/python3.12/site-packages/modelopt/torch/__init__.py:53: UserWarning: transformers>=5.0 support is experimental. Unified Hugging Face checkpoint export for quantized checkpoints may not work for some models yet.
  _warnings.warn(
/root/.cache/user_artifacts/devboxes/q4grmdq/trainers/server-megatron-bridge/.venv/lib/python3.12/site-packages/modelopt/torch/__init__.py:53: UserWarning: transformers>=5.0 support is experimental. Unified Hugging Face checkpoint export for quantized checkpoints may not work for some models yet.
  _warnings.warn(
/root/.cache/user_artifacts/devboxes/q4grmdq/trainers/server-megatron-bridge/vendor/megatron-bridge/3rdparty/Megatron-LM/megatron/core/models/gpt/heterogeneous/heterogeneous_layer_specs.py:68: UserWarning: Apex is not installed. Falling back to Torch Norm
  warnings.warn("Apex is not installed. Falling back to Torch Norm")
/root/.cache/user_artifacts/devboxes/q4grmdq/trainers/server-megatron-bridge/vendor/megatron-bridge/3rdparty/Megatron-LM/megatron/core/models/gpt/heterogeneous/heterogeneous_layer_specs.py:68: UserWarning: Apex is not installed. Falling back to Torch Norm
  warnings.warn("Apex is not installed. Falling back to Torch Norm")
/root/.cache/user_artifacts/devboxes/q4grmdq/trainers/server-megatron-bridge/vendor/megatron-bridge/3rdparty/Megatron-LM/megatron/core/models/backends.py:34: UserWarning: Apex is not installed. Falling back to Torch Norm
  warnings.warn("Apex is not installed. Falling back to Torch Norm")
/root/.cache/user_artifacts/devboxes/q4grmdq/trainers/server-megatron-bridge/vendor/megatron-bridge/3rdparty/Megatron-LM/megatron/core/models/backends.py:34: UserWarning: Apex is not installed. Falling back to Torch Norm
  warnings.warn("Apex is not installed. Falling back to Torch Norm")
/root/.cache/user_artifacts/devboxes/q4grmdq/trainers/server-megatron-bridge/vendor/megatron-bridge/3rdparty/Megatron-LM/megatron/core/models/vision/vit_layer_specs.py:31: UserWarning: Apex is not installed. Falling back to Torch Norm
  warnings.warn("Apex is not installed. Falling back to Torch Norm")
/root/.cache/user_artifacts/devboxes/q4grmdq/trainers/server-megatron-bridge/vendor/megatron-bridge/3rdparty/Megatron-LM/megatron/core/models/vision/vit_layer_specs.py:31: UserWarning: Apex is not installed. Falling back to Torch Norm
  warnings.warn("Apex is not installed. Falling back to Torch Norm")
/root/.cache/user_artifacts/devboxes/q4grmdq/trainers/server-megatron-bridge/vendor/megatron-bridge/3rdparty/Megatron-LM/megatron/core/models/gpt/gpt_layer_specs.py:74: UserWarning: Apex is not installed. Falling back to Torch Norm
  warnings.warn("Apex is not installed. Falling back to Torch Norm")
/root/.cache/user_artifacts/devboxes/q4grmdq/trainers/server-megatron-bridge/.venv/lib/python3.12/site-packages/modelopt/torch/__init__.py:53: UserWarning: transformers>=5.0 support is experimental. Unified Hugging Face checkpoint export for quantized checkpoints may not work for some models yet.
  _warnings.warn(
/root/.cache/user_artifacts/devboxes/q4grmdq/trainers/server-megatron-bridge/vendor/megatron-bridge/3rdparty/Megatron-LM/megatron/core/models/backends.py:34: UserWarning: Apex is not installed. Falling back to Torch Norm
  warnings.warn("Apex is not installed. Falling back to Torch Norm")
/root/.cache/user_artifacts/devboxes/q4grmdq/trainers/server-megatron-bridge/vendor/megatron-bridge/3rdparty/Megatron-LM/megatron/core/models/mimo/config/base_configs.py:12: UserWarning: MimoModelConfig is experimental and still under active development. The API may change without notice in future releases.
  class MimoModelConfig:
/root/.cache/user_artifacts/devboxes/q4grmdq/trainers/server-megatron-bridge/vendor/megatron-bridge/3rdparty/Megatron-LM/megatron/core/models/mimo/config/base_configs.py:12: UserWarning: MimoModelConfig is experimental and still under active development. The API may change without notice in future releases.
  class MimoModelConfig:
/root/.cache/user_artifacts/devboxes/q4grmdq/trainers/server-megatron-bridge/vendor/megatron-bridge/3rdparty/Megatron-LM/megatron/core/models/gpt/heterogeneous/heterogeneous_layer_specs.py:68: UserWarning: Apex is not installed. Falling back to Torch Norm
  warnings.warn("Apex is not installed. Falling back to Torch Norm")
WARNING:megatron.bridge.models.conversion.auto_bridge:Loading a model with trust_remote_code=True allows arbitrary code execution from the model repository. Only use this with models you trust.
WARNING:megatron.bridge.models.conversion.auto_bridge:Loading a model with trust_remote_code=True allows arbitrary code execution from the model repository. Only use this with models you trust.
/root/.cache/user_artifacts/devboxes/q4grmdq/trainers/server-megatron-bridge/vendor/megatron-bridge/3rdparty/Megatron-LM/megatron/core/models/vision/vit_layer_specs.py:31: UserWarning: Apex is not installed. Falling back to Torch Norm
  warnings.warn("Apex is not installed. Falling back to Torch Norm")
/root/.cache/user_artifacts/devboxes/q4grmdq/trainers/server-megatron-bridge/vendor/megatron-bridge/3rdparty/Megatron-LM/megatron/core/models/gpt/gpt_layer_specs.py:74: UserWarning: Apex is not installed. Falling back to Torch Norm
  warnings.warn("Apex is not installed. Falling back to Torch Norm")
/root/.cache/user_artifacts/devboxes/q4grmdq/trainers/server-megatron-bridge/.venv/lib/python3.12/site-packages/modelopt/torch/__init__.py:53: UserWarning: transformers>=5.0 support is experimental. Unified Hugging Face checkpoint export for quantized checkpoints may not work for some models yet.
  _warnings.warn(
/root/.cache/user_artifacts/devboxes/q4grmdq/trainers/server-megatron-bridge/vendor/megatron-bridge/3rdparty/Megatron-LM/megatron/core/models/gpt/heterogeneous/heterogeneous_layer_specs.py:68: UserWarning: Apex is not installed. Falling back to Torch Norm
  warnings.warn("Apex is not installed. Falling back to Torch Norm")
/root/.cache/user_artifacts/devboxes/q4grmdq/trainers/server-megatron-bridge/vendor/megatron-bridge/src/megatron/bridge/models/glm_moe_dsa/glm5_bridge.py:90: FutureWarning: GLM5Bridge.provider_bridge() and AutoBridge.to_megatron_provider() are deprecated for builder-backed models. Use AutoBridge.get_model_config() for training recipes or AutoBridge.get_model() to construct a model. Legacy provider support will be removed in a future release.
  provider = super().provider_bridge(hf_pretrained)
[transformers] `torch_dtype` is deprecated! Use `dtype` instead!
/root/.cache/user_artifacts/devboxes/q4grmdq/trainers/server-megatron-bridge/vendor/megatron-bridge/3rdparty/Megatron-LM/megatron/core/models/vision/vit_layer_specs.py:31: UserWarning: Apex is not installed. Falling back to Torch Norm
  warnings.warn("Apex is not installed. Falling back to Torch Norm")
INFO:trainers_server_interface.startup:trainer startup phase=bridge_provider rank=8 duration_s=1.130 cumulative_s=1.130
INFO:trainers_server_interface.startup:trainer startup phase=lora_config rank=8 duration_s=0.000 cumulative_s=1.130
/root/.cache/user_artifacts/devboxes/q4grmdq/trainers/server-megatron-bridge/vendor/megatron-bridge/3rdparty/Megatron-LM/megatron/core/transformer/transformer_config.py:2696: UserWarning: full scope is deprecated. Use empty cuda_graph_modules to capture the whole layer.
  warnings.warn(
INFO:trainers_server_interface.startup:trainer startup phase=build_config rank=8 duration_s=0.002 cumulative_s=1.132
/root/.cache/user_artifacts/devboxes/q4grmdq/trainers/server-megatron-bridge/vendor/megatron-bridge/3rdparty/Megatron-LM/megatron/core/models/gpt/gpt_layer_specs.py:74: UserWarning: Apex is not installed. Falling back to Torch Norm
  warnings.warn("Apex is not installed. Falling back to Torch Norm")
/root/.cache/user_artifacts/devboxes/q4grmdq/trainers/server-megatron-bridge/vendor/megatron-bridge/3rdparty/Megatron-LM/megatron/core/models/gpt/gpt_layer_specs.py:74: UserWarning: Apex is not installed. Falling back to Torch Norm
  warnings.warn("Apex is not installed. Falling back to Torch Norm")
/root/.cache/user_artifacts/devboxes/q4grmdq/trainers/server-megatron-bridge/.venv/lib/python3.12/site-packages/modelopt/torch/__init__.py:53: UserWarning: transformers>=5.0 support is experimental. Unified Hugging Face checkpoint export for quantized checkpoints may not work for some models yet.
  _warnings.warn(
/root/.cache/user_artifacts/devboxes/q4grmdq/trainers/server-megatron-bridge/.venv/lib/python3.12/site-packages/modelopt/torch/__init__.py:53: UserWarning: transformers>=5.0 support is experimental. Unified Hugging Face checkpoint export for quantized checkpoints may not work for some models yet.
  _warnings.warn(
/root/.cache/user_artifacts/devboxes/q4grmdq/trainers/server-megatron-bridge/vendor/megatron-bridge/src/megatron/bridge/models/glm_moe_dsa/glm5_bridge.py:90: FutureWarning: GLM5Bridge.provider_bridge() and AutoBridge.to_megatron_provider() are deprecated for builder-backed models. Use AutoBridge.get_model_config() for training recipes or AutoBridge.get_model() to construct a model. Legacy provider support will be removed in a future release.
  provider = super().provider_bridge(hf_pretrained)
[transformers] `torch_dtype` is deprecated! Use `dtype` instead!
/root/.cache/user_artifacts/devboxes/q4grmdq/trainers/server-megatron-bridge/vendor/megatron-bridge/3rdparty/Megatron-LM/megatron/core/models/gpt/heterogeneous/heterogeneous_layer_specs.py:68: UserWarning: Apex is not installed. Falling back to Torch Norm
  warnings.warn("Apex is not installed. Falling back to Torch Norm")
/root/.cache/user_artifacts/devboxes/q4grmdq/trainers/server-megatron-bridge/vendor/megatron-bridge/3rdparty/Megatron-LM/megatron/core/models/mimo/config/base_configs.py:12: UserWarning: MimoModelConfig is experimental and still under active development. The API may change without notice in future releases.
  class MimoModelConfig:
/root/.cache/user_artifacts/devboxes/q4grmdq/trainers/server-megatron-bridge/vendor/megatron-bridge/3rdparty/Megatron-LM/megatron/core/models/backends.py:34: UserWarning: Apex is not installed. Falling back to Torch Norm
  warnings.warn("Apex is not installed. Falling back to Torch Norm")
/root/.cache/user_artifacts/devboxes/q4grmdq/trainers/server-megatron-bridge/vendor/megatron-bridge/3rdparty/Megatron-LM/megatron/core/models/gpt/heterogeneous/heterogeneous_layer_specs.py:68: UserWarning: Apex is not installed. Falling back to Torch Norm
  warnings.warn("Apex is not installed. Falling back to Torch Norm")
/root/.cache/user_artifacts/devboxes/q4grmdq/trainers/server-megatron-bridge/vendor/megatron-bridge/3rdparty/Megatron-LM/megatron/core/models/gpt/gpt_layer_specs.py:74: UserWarning: Apex is not installed. Falling back to Torch Norm
  warnings.warn("Apex is not installed. Falling back to Torch Norm")
/root/.cache/user_artifacts/devboxes/q4grmdq/trainers/server-megatron-bridge/vendor/megatron-bridge/3rdparty/Megatron-LM/megatron/core/models/backends.py:34: UserWarning: Apex is not installed. Falling back to Torch Norm
  warnings.warn("Apex is not installed. Falling back to Torch Norm")
WARNING:megatron.bridge.models.conversion.auto_bridge:Loading a model with trust_remote_code=True allows arbitrary code execution from the model repository. Only use this with models you trust.
/root/.cache/user_artifacts/devboxes/q4grmdq/trainers/server-megatron-bridge/.venv/lib/python3.12/site-packages/modelopt/torch/__init__.py:53: UserWarning: transformers>=5.0 support is experimental. Unified Hugging Face checkpoint export for quantized checkpoints may not work for some models yet.
  _warnings.warn(
/root/.cache/user_artifacts/devboxes/q4grmdq/trainers/server-megatron-bridge/vendor/megatron-bridge/3rdparty/Megatron-LM/megatron/core/models/gpt/gpt_layer_specs.py:74: UserWarning: Apex is not installed. Falling back to Torch Norm
  warnings.warn("Apex is not installed. Falling back to Torch Norm")
/root/.cache/user_artifacts/devboxes/q4grmdq/trainers/server-megatron-bridge/.venv/lib/python3.12/site-packages/modelopt/torch/__init__.py:53: UserWarning: transformers>=5.0 support is experimental. Unified Hugging Face checkpoint export for quantized checkpoints may not work for some models yet.
  _warnings.warn(
/root/.cache/user_artifacts/devboxes/q4grmdq/trainers/server-megatron-bridge/vendor/megatron-bridge/3rdparty/Megatron-LM/megatron/core/models/gpt/heterogeneous/heterogeneous_layer_specs.py:68: UserWarning: Apex is not installed. Falling back to Torch Norm
  warnings.warn("Apex is not installed. Falling back to Torch Norm")
/root/.cache/user_artifacts/devboxes/q4grmdq/trainers/server-megatron-bridge/vendor/megatron-bridge/3rdparty/Megatron-LM/megatron/core/models/vision/vit_layer_specs.py:31: UserWarning: Apex is not installed. Falling back to Torch Norm
  warnings.warn("Apex is not installed. Falling back to Torch Norm")
/root/.cache/user_artifacts/devboxes/q4grmdq/trainers/server-megatron-bridge/vendor/megatron-bridge/3rdparty/Megatron-LM/megatron/core/models/gpt/gpt_layer_specs.py:74: UserWarning: Apex is not installed. Falling back to Torch Norm
  warnings.warn("Apex is not installed. Falling back to Torch Norm")
/root/.cache/user_artifacts/devboxes/q4grmdq/trainers/server-megatron-bridge/vendor/megatron-bridge/3rdparty/Megatron-LM/megatron/core/models/mimo/config/base_configs.py:12: UserWarning: MimoModelConfig is experimental and still under active development. The API may change without notice in future releases.
  class MimoModelConfig:
/root/.cache/user_artifacts/devboxes/q4grmdq/trainers/server-megatron-bridge/vendor/megatron-bridge/3rdparty/Megatron-LM/megatron/core/models/gpt/heterogeneous/heterogeneous_layer_specs.py:68: UserWarning: Apex is not installed. Falling back to Torch Norm
  warnings.warn("Apex is not installed. Falling back to Torch Norm")
/root/.cache/user_artifacts/devboxes/q4grmdq/trainers/server-megatron-bridge/vendor/megatron-bridge/3rdparty/Megatron-LM/megatron/core/models/vision/vit_layer_specs.py:31: UserWarning: Apex is not installed. Falling back to Torch Norm
  warnings.warn("Apex is not installed. Falling back to Torch Norm")
/root/.cache/user_artifacts/devboxes/q4grmdq/trainers/server-megatron-bridge/.venv/lib/python3.12/site-packages/modelopt/torch/__init__.py:53: UserWarning: transformers>=5.0 support is experimental. Unified Hugging Face checkpoint export for quantized checkpoints may not work for some models yet.
  _warnings.warn(
WARNING:megatron.bridge.models.conversion.auto_bridge:Loading a model with trust_remote_code=True allows arbitrary code execution from the model repository. Only use this with models you trust.
/root/.cache/user_artifacts/devboxes/q4grmdq/trainers/server-megatron-bridge/vendor/megatron-bridge/3rdparty/Megatron-LM/megatron/core/models/gpt/heterogeneous/heterogeneous_layer_specs.py:68: UserWarning: Apex is not installed. Falling back to Torch Norm
  warnings.warn("Apex is not installed. Falling back to Torch Norm")
/root/.cache/user_artifacts/devboxes/q4grmdq/trainers/server-megatron-bridge/vendor/megatron-bridge/3rdparty/Megatron-LM/megatron/core/models/vision/vit_layer_specs.py:31: UserWarning: Apex is not installed. Falling back to Torch Norm
  warnings.warn("Apex is not installed. Falling back to Torch Norm")
INFO:trainers_server_interface.startup:trainer startup phase=bridge_provider rank=15 duration_s=1.784 cumulative_s=1.784
INFO:trainers_server_interface.startup:trainer startup phase=lora_config rank=15 duration_s=0.000 cumulative_s=1.785
/root/.cache/user_artifacts/devboxes/q4grmdq/trainers/server-megatron-bridge/vendor/megatron-bridge/3rdparty/Megatron-LM/megatron/core/transformer/transformer_config.py:2696: UserWarning: full scope is deprecated. Use empty cuda_graph_modules to capture the whole layer.
  warnings.warn(
INFO:trainers_server_interface.startup:trainer startup phase=build_config rank=15 duration_s=0.002 cumulative_s=1.786
/root/.cache/user_artifacts/devboxes/q4grmdq/trainers/server-megatron-bridge/vendor/megatron-bridge/3rdparty/Megatron-LM/megatron/core/models/vision/vit_layer_specs.py:31: UserWarning: Apex is not installed. Falling back to Torch Norm
  warnings.warn("Apex is not installed. Falling back to Torch Norm")
/root/.cache/user_artifacts/devboxes/q4grmdq/trainers/server-megatron-bridge/vendor/megatron-bridge/3rdparty/Megatron-LM/megatron/core/models/gpt/gpt_layer_specs.py:74: UserWarning: Apex is not installed. Falling back to Torch Norm
  warnings.warn("Apex is not installed. Falling back to Torch Norm")
/root/.cache/user_artifacts/devboxes/q4grmdq/trainers/server-megatron-bridge/vendor/megatron-bridge/3rdparty/Megatron-LM/megatron/core/models/vision/vit_layer_specs.py:31: UserWarning: Apex is not installed. Falling back to Torch Norm
  warnings.warn("Apex is not installed. Falling back to Torch Norm")
/root/.cache/user_artifacts/devboxes/q4grmdq/trainers/server-megatron-bridge/.venv/lib/python3.12/site-packages/modelopt/torch/__init__.py:53: UserWarning: transformers>=5.0 support is experimental. Unified Hugging Face checkpoint export for quantized checkpoints may not work for some models yet.
  _warnings.warn(
/root/.cache/user_artifacts/devboxes/q4grmdq/trainers/server-megatron-bridge/vendor/megatron-bridge/3rdparty/Megatron-LM/megatron/core/models/gpt/heterogeneous/heterogeneous_layer_specs.py:68: UserWarning: Apex is not installed. Falling back to Torch Norm
  warnings.warn("Apex is not installed. Falling back to Torch Norm")
/root/.cache/user_artifacts/devboxes/q4grmdq/trainers/server-megatron-bridge/vendor/megatron-bridge/src/megatron/bridge/models/glm_moe_dsa/glm5_bridge.py:90: FutureWarning: GLM5Bridge.provider_bridge() and AutoBridge.to_megatron_provider() are deprecated for builder-backed models. Use AutoBridge.get_model_config() for training recipes or AutoBridge.get_model() to construct a model. Legacy provider support will be removed in a future release.
  provider = super().provider_bridge(hf_pretrained)
[transformers] `torch_dtype` is deprecated! Use `dtype` instead!
/root/.cache/user_artifacts/devboxes/q4grmdq/trainers/server-megatron-bridge/vendor/megatron-bridge/3rdparty/Megatron-LM/megatron/core/models/vision/vit_layer_specs.py:31: UserWarning: Apex is not installed. Falling back to Torch Norm
  warnings.warn("Apex is not installed. Falling back to Torch Norm")
/root/.cache/user_artifacts/devboxes/q4grmdq/trainers/server-megatron-bridge/vendor/megatron-bridge/3rdparty/Megatron-LM/megatron/core/models/backends.py:34: UserWarning: Apex is not installed. Falling back to Torch Norm
  warnings.warn("Apex is not installed. Falling back to Torch Norm")
/root/.cache/user_artifacts/devboxes/q4grmdq/trainers/server-megatron-bridge/vendor/megatron-bridge/3rdparty/Megatron-LM/megatron/core/models/mimo/config/base_configs.py:12: UserWarning: MimoModelConfig is experimental and still under active development. The API may change without notice in future releases.
  class MimoModelConfig:
/root/.cache/user_artifacts/devboxes/q4grmdq/trainers/server-megatron-bridge/vendor/megatron-bridge/3rdparty/Megatron-LM/megatron/core/models/gpt/gpt_layer_specs.py:74: UserWarning: Apex is not installed. Falling back to Torch Norm
  warnings.warn("Apex is not installed. Falling back to Torch Norm")
/root/.cache/user_artifacts/devboxes/q4grmdq/trainers/server-megatron-bridge/vendor/megatron-bridge/3rdparty/Megatron-LM/megatron/core/models/mimo/config/base_configs.py:12: UserWarning: MimoModelConfig is experimental and still under active development. The API may change without notice in future releases.
  class MimoModelConfig:
WARNING:megatron.bridge.models.conversion.auto_bridge:Loading a model with trust_remote_code=True allows arbitrary code execution from the model repository. Only use this with models you trust.
/root/.cache/user_artifacts/devboxes/q4grmdq/trainers/server-megatron-bridge/.venv/lib/python3.12/site-packages/modelopt/torch/__init__.py:53: UserWarning: transformers>=5.0 support is experimental. Unified Hugging Face checkpoint export for quantized checkpoints may not work for some models yet.
  _warnings.warn(
WARNING:megatron.bridge.models.conversion.auto_bridge:Loading a model with trust_remote_code=True allows arbitrary code execution from the model repository. Only use this with models you trust.
/root/.cache/user_artifacts/devboxes/q4grmdq/trainers/server-megatron-bridge/vendor/megatron-bridge/3rdparty/Megatron-LM/megatron/core/models/gpt/heterogeneous/heterogeneous_layer_specs.py:68: UserWarning: Apex is not installed. Falling back to Torch Norm
  warnings.warn("Apex is not installed. Falling back to Torch Norm")
/root/.cache/user_artifacts/devboxes/q4grmdq/trainers/server-megatron-bridge/vendor/megatron-bridge/3rdparty/Megatron-LM/megatron/core/models/mimo/config/base_configs.py:12: UserWarning: MimoModelConfig is experimental and still under active development. The API may change without notice in future releases.
  class MimoModelConfig:
INFO:trainers_server_interface.startup:trainer startup phase=bridge_provider rank=7 duration_s=1.162 cumulative_s=1.162
INFO:trainers_server_interface.startup:trainer startup phase=lora_config rank=7 duration_s=0.000 cumulative_s=1.162
/root/.cache/user_artifacts/devboxes/q4grmdq/trainers/server-megatron-bridge/vendor/megatron-bridge/3rdparty/Megatron-LM/megatron/core/transformer/transformer_config.py:2696: UserWarning: full scope is deprecated. Use empty cuda_graph_modules to capture the whole layer.
  warnings.warn(
INFO:trainers_server_interface.startup:trainer startup phase=build_config rank=7 duration_s=0.002 cumulative_s=1.163
/root/.cache/user_artifacts/devboxes/q4grmdq/trainers/server-megatron-bridge/vendor/megatron-bridge/3rdparty/Megatron-LM/megatron/core/models/mimo/config/base_configs.py:12: UserWarning: MimoModelConfig is experimental and still under active development. The API may change without notice in future releases.
  class MimoModelConfig:
WARNING:megatron.bridge.models.conversion.auto_bridge:Loading a model with trust_remote_code=True allows arbitrary code execution from the model repository. Only use this with models you trust.
WARNING:megatron.bridge.models.conversion.auto_bridge:Loading a model with trust_remote_code=True allows arbitrary code execution from the model repository. Only use this with models you trust.
/root/.cache/user_artifacts/devboxes/q4grmdq/trainers/server-megatron-bridge/vendor/megatron-bridge/3rdparty/Megatron-LM/megatron/core/models/vision/vit_layer_specs.py:31: UserWarning: Apex is not installed. Falling back to Torch Norm
  warnings.warn("Apex is not installed. Falling back to Torch Norm")
/root/.cache/user_artifacts/devboxes/q4grmdq/trainers/server-megatron-bridge/vendor/megatron-bridge/3rdparty/Megatron-LM/megatron/core/models/mimo/config/base_configs.py:12: UserWarning: MimoModelConfig is experimental and still under active development. The API may change without notice in future releases.
  class MimoModelConfig:
WARNING:megatron.bridge.models.conversion.auto_bridge:Loading a model with trust_remote_code=True allows arbitrary code execution from the model repository. Only use this with models you trust.
/root/.cache/user_artifacts/devboxes/q4grmdq/trainers/server-megatron-bridge/vendor/megatron-bridge/src/megatron/bridge/models/glm_moe_dsa/glm5_bridge.py:90: FutureWarning: GLM5Bridge.provider_bridge() and AutoBridge.to_megatron_provider() are deprecated for builder-backed models. Use AutoBridge.get_model_config() for training recipes or AutoBridge.get_model() to construct a model. Legacy provider support will be removed in a future release.
  provider = super().provider_bridge(hf_pretrained)
[transformers] `torch_dtype` is deprecated! Use `dtype` instead!
/root/.cache/user_artifacts/devboxes/q4grmdq/trainers/server-megatron-bridge/vendor/megatron-bridge/3rdparty/Megatron-LM/megatron/core/models/mimo/config/base_configs.py:12: UserWarning: MimoModelConfig is experimental and still under active development. The API may change without notice in future releases.
  class MimoModelConfig:
WARNING:megatron.bridge.models.conversion.auto_bridge:Loading a model with trust_remote_code=True allows arbitrary code execution from the model repository. Only use this with models you trust.
INFO:trainers_server_interface.startup:trainer startup phase=bridge_provider rank=3 duration_s=1.700 cumulative_s=1.700
INFO:trainers_server_interface.startup:trainer startup phase=lora_config rank=3 duration_s=0.000 cumulative_s=1.701
/root/.cache/user_artifacts/devboxes/q4grmdq/trainers/server-megatron-bridge/vendor/megatron-bridge/3rdparty/Megatron-LM/megatron/core/transformer/transformer_config.py:2696: UserWarning: full scope is deprecated. Use empty cuda_graph_modules to capture the whole layer.
  warnings.warn(
INFO:trainers_server_interface.startup:trainer startup phase=build_config rank=3 duration_s=0.002 cumulative_s=1.702
/root/.cache/user_artifacts/devboxes/q4grmdq/trainers/server-megatron-bridge/vendor/megatron-bridge/src/megatron/bridge/models/glm_moe_dsa/glm5_bridge.py:90: FutureWarning: GLM5Bridge.provider_bridge() and AutoBridge.to_megatron_provider() are deprecated for builder-backed models. Use AutoBridge.get_model_config() for training recipes or AutoBridge.get_model() to construct a model. Legacy provider support will be removed in a future release.
  provider = super().provider_bridge(hf_pretrained)
[transformers] `torch_dtype` is deprecated! Use `dtype` instead!
/root/.cache/user_artifacts/devboxes/q4grmdq/trainers/server-megatron-bridge/vendor/megatron-bridge/src/megatron/bridge/models/glm_moe_dsa/glm5_bridge.py:90: FutureWarning: GLM5Bridge.provider_bridge() and AutoBridge.to_megatron_provider() are deprecated for builder-backed models. Use AutoBridge.get_model_config() for training recipes or AutoBridge.get_model() to construct a model. Legacy provider support will be removed in a future release.
  provider = super().provider_bridge(hf_pretrained)
[transformers] `torch_dtype` is deprecated! Use `dtype` instead!
/root/.cache/user_artifacts/devboxes/q4grmdq/trainers/server-megatron-bridge/vendor/megatron-bridge/3rdparty/Megatron-LM/megatron/core/models/gpt/gpt_layer_specs.py:74: UserWarning: Apex is not installed. Falling back to Torch Norm
  warnings.warn("Apex is not installed. Falling back to Torch Norm")
/root/.cache/user_artifacts/devboxes/q4grmdq/trainers/server-megatron-bridge/vendor/megatron-bridge/3rdparty/Megatron-LM/megatron/core/models/mimo/config/base_configs.py:12: UserWarning: MimoModelConfig is experimental and still under active development. The API may change without notice in future releases.
  class MimoModelConfig:
/root/.cache/user_artifacts/devboxes/q4grmdq/trainers/server-megatron-bridge/vendor/megatron-bridge/3rdparty/Megatron-LM/megatron/core/models/gpt/gpt_layer_specs.py:74: UserWarning: Apex is not installed. Falling back to Torch Norm
  warnings.warn("Apex is not installed. Falling back to Torch Norm")
/root/.cache/user_artifacts/devboxes/q4grmdq/trainers/server-megatron-bridge/.venv/lib/python3.12/site-packages/modelopt/torch/__init__.py:53: UserWarning: transformers>=5.0 support is experimental. Unified Hugging Face checkpoint export for quantized checkpoints may not work for some models yet.
  _warnings.warn(
/root/.cache/user_artifacts/devboxes/q4grmdq/trainers/server-megatron-bridge/.venv/lib/python3.12/site-packages/modelopt/torch/__init__.py:53: UserWarning: transformers>=5.0 support is experimental. Unified Hugging Face checkpoint export for quantized checkpoints may not work for some models yet.
  _warnings.warn(
WARNING:megatron.bridge.models.conversion.auto_bridge:Loading a model with trust_remote_code=True allows arbitrary code execution from the model repository. Only use this with models you trust.
/root/.cache/user_artifacts/devboxes/q4grmdq/trainers/server-megatron-bridge/vendor/megatron-bridge/3rdparty/Megatron-LM/megatron/core/models/gpt/heterogeneous/heterogeneous_layer_specs.py:68: UserWarning: Apex is not installed. Falling back to Torch Norm
  warnings.warn("Apex is not installed. Falling back to Torch Norm")
/root/.cache/user_artifacts/devboxes/q4grmdq/trainers/server-megatron-bridge/vendor/megatron-bridge/3rdparty/Megatron-LM/megatron/core/models/gpt/heterogeneous/heterogeneous_layer_specs.py:68: UserWarning: Apex is not installed. Falling back to Torch Norm
  warnings.warn("Apex is not installed. Falling back to Torch Norm")
/root/.cache/user_artifacts/devboxes/q4grmdq/trainers/server-megatron-bridge/vendor/megatron-bridge/3rdparty/Megatron-LM/megatron/core/models/vision/vit_layer_specs.py:31: UserWarning: Apex is not installed. Falling back to Torch Norm
  warnings.warn("Apex is not installed. Falling back to Torch Norm")
/root/.cache/user_artifacts/devboxes/q4grmdq/trainers/server-megatron-bridge/vendor/megatron-bridge/3rdparty/Megatron-LM/megatron/core/models/vision/vit_layer_specs.py:31: UserWarning: Apex is not installed. Falling back to Torch Norm
  warnings.warn("Apex is not installed. Falling back to Torch Norm")
INFO:trainers_server_interface.startup:trainer startup phase=bridge_provider rank=6 duration_s=1.505 cumulative_s=1.505
INFO:trainers_server_interface.startup:trainer startup phase=bridge_provider rank=9 duration_s=1.111 cumulative_s=1.111
INFO:trainers_server_interface.startup:trainer startup phase=lora_config rank=6 duration_s=0.000 cumulative_s=1.506
INFO:trainers_server_interface.startup:trainer startup phase=lora_config rank=9 duration_s=0.000 cumulative_s=1.111
/root/.cache/user_artifacts/devboxes/q4grmdq/trainers/server-megatron-bridge/vendor/megatron-bridge/3rdparty/Megatron-LM/megatron/core/transformer/transformer_config.py:2696: UserWarning: full scope is deprecated. Use empty cuda_graph_modules to capture the whole layer.
  warnings.warn(
INFO:trainers_server_interface.startup:trainer startup phase=build_config rank=6 duration_s=0.002 cumulative_s=1.507
/root/.cache/user_artifacts/devboxes/q4grmdq/trainers/server-megatron-bridge/vendor/megatron-bridge/3rdparty/Megatron-LM/megatron/core/transformer/transformer_config.py:2696: UserWarning: full scope is deprecated. Use empty cuda_graph_modules to capture the whole layer.
  warnings.warn(
INFO:trainers_server_interface.startup:trainer startup phase=build_config rank=9 duration_s=0.002 cumulative_s=1.113
/root/.cache/user_artifacts/devboxes/q4grmdq/trainers/server-megatron-bridge/vendor/megatron-bridge/src/megatron/bridge/models/glm_moe_dsa/glm5_bridge.py:90: FutureWarning: GLM5Bridge.provider_bridge() and AutoBridge.to_megatron_provider() are deprecated for builder-backed models. Use AutoBridge.get_model_config() for training recipes or AutoBridge.get_model() to construct a model. Legacy provider support will be removed in a future release.
  provider = super().provider_bridge(hf_pretrained)
[transformers] `torch_dtype` is deprecated! Use `dtype` instead!
INFO:trainers_server_interface.startup:trainer startup phase=bridge_provider rank=2 duration_s=2.020 cumulative_s=2.020
INFO:trainers_server_interface.startup:trainer startup phase=lora_config rank=2 duration_s=0.000 cumulative_s=2.020
/root/.cache/user_artifacts/devboxes/q4grmdq/trainers/server-megatron-bridge/vendor/megatron-bridge/3rdparty/Megatron-LM/megatron/core/transformer/transformer_config.py:2696: UserWarning: full scope is deprecated. Use empty cuda_graph_modules to capture the whole layer.
  warnings.warn(
INFO:trainers_server_interface.startup:trainer startup phase=build_config rank=2 duration_s=0.002 cumulative_s=2.022
/root/.cache/user_artifacts/devboxes/q4grmdq/trainers/server-megatron-bridge/vendor/megatron-bridge/3rdparty/Megatron-LM/megatron/core/models/mimo/config/base_configs.py:12: UserWarning: MimoModelConfig is experimental and still under active development. The API may change without notice in future releases.
  class MimoModelConfig:
/root/.cache/user_artifacts/devboxes/q4grmdq/trainers/server-megatron-bridge/vendor/megatron-bridge/3rdparty/Megatron-LM/megatron/core/models/mimo/config/base_configs.py:12: UserWarning: MimoModelConfig is experimental and still under active development. The API may change without notice in future releases.
  class MimoModelConfig:
WARNING:megatron.bridge.models.conversion.auto_bridge:Loading a model with trust_remote_code=True allows arbitrary code execution from the model repository. Only use this with models you trust.
WARNING:megatron.bridge.models.conversion.auto_bridge:Loading a model with trust_remote_code=True allows arbitrary code execution from the model repository. Only use this with models you trust.
/root/.cache/user_artifacts/devboxes/q4grmdq/trainers/server-megatron-bridge/vendor/megatron-bridge/src/megatron/bridge/models/glm_moe_dsa/glm5_bridge.py:90: FutureWarning: GLM5Bridge.provider_bridge() and AutoBridge.to_megatron_provider() are deprecated for builder-backed models. Use AutoBridge.get_model_config() for training recipes or AutoBridge.get_model() to construct a model. Legacy provider support will be removed in a future release.
  provider = super().provider_bridge(hf_pretrained)
[transformers] `torch_dtype` is deprecated! Use `dtype` instead!
INFO:trainers_server_interface.startup:trainer startup phase=bridge_provider rank=1 duration_s=1.673 cumulative_s=1.673
INFO:trainers_server_interface.startup:trainer startup phase=lora_config rank=1 duration_s=0.000 cumulative_s=1.673
/root/.cache/user_artifacts/devboxes/q4grmdq/trainers/server-megatron-bridge/vendor/megatron-bridge/3rdparty/Megatron-LM/megatron/core/transformer/transformer_config.py:2696: UserWarning: full scope is deprecated. Use empty cuda_graph_modules to capture the whole layer.
  warnings.warn(
INFO:trainers_server_interface.startup:trainer startup phase=build_config rank=1 duration_s=0.002 cumulative_s=1.675
/root/.cache/user_artifacts/devboxes/q4grmdq/trainers/server-megatron-bridge/vendor/megatron-bridge/src/megatron/bridge/models/glm_moe_dsa/glm5_bridge.py:90: FutureWarning: GLM5Bridge.provider_bridge() and AutoBridge.to_megatron_provider() are deprecated for builder-backed models. Use AutoBridge.get_model_config() for training recipes or AutoBridge.get_model() to construct a model. Legacy provider support will be removed in a future release.
  provider = super().provider_bridge(hf_pretrained)
[transformers] `torch_dtype` is deprecated! Use `dtype` instead!
/root/.cache/user_artifacts/devboxes/q4grmdq/trainers/server-megatron-bridge/vendor/megatron-bridge/src/megatron/bridge/models/glm_moe_dsa/glm5_bridge.py:90: FutureWarning: GLM5Bridge.provider_bridge() and AutoBridge.to_megatron_provider() are deprecated for builder-backed models. Use AutoBridge.get_model_config() for training recipes or AutoBridge.get_model() to construct a model. Legacy provider support will be removed in a future release.
  provider = super().provider_bridge(hf_pretrained)
[transformers] `torch_dtype` is deprecated! Use `dtype` instead!
INFO:trainers_server_interface.startup:trainer startup phase=bridge_provider rank=11 duration_s=1.101 cumulative_s=1.101
INFO:trainers_server_interface.startup:trainer startup phase=lora_config rank=11 duration_s=0.000 cumulative_s=1.101
/root/.cache/user_artifacts/devboxes/q4grmdq/trainers/server-megatron-bridge/vendor/megatron-bridge/3rdparty/Megatron-LM/megatron/core/transformer/transformer_config.py:2696: UserWarning: full scope is deprecated. Use empty cuda_graph_modules to capture the whole layer.
  warnings.warn(
INFO:trainers_server_interface.startup:trainer startup phase=build_config rank=11 duration_s=0.002 cumulative_s=1.103
INFO:trainers_server_interface.startup:trainer startup phase=bridge_provider rank=0 duration_s=2.937 cumulative_s=2.937
INFO:trainers_server_interface.startup:trainer startup phase=lora_config rank=0 duration_s=0.000 cumulative_s=2.937
/root/.cache/user_artifacts/devboxes/q4grmdq/trainers/server-megatron-bridge/vendor/megatron-bridge/3rdparty/Megatron-LM/megatron/core/transformer/transformer_config.py:2696: UserWarning: full scope is deprecated. Use empty cuda_graph_modules to capture the whole layer.
  warnings.warn(
INFO:trainers_server_interface.startup:trainer startup phase=build_config rank=0 duration_s=0.002 cumulative_s=2.939
WARNING:megatron.core.rerun_state_machine:RerunStateMachine initialized in mode RerunMode.DISABLED
> initializing torch distributed ...
/root/.cache/user_artifacts/devboxes/q4grmdq/trainers/server-megatron-bridge/vendor/megatron-bridge/src/megatron/bridge/models/glm_moe_dsa/glm5_bridge.py:90: FutureWarning: GLM5Bridge.provider_bridge() and AutoBridge.to_megatron_provider() are deprecated for builder-backed models. Use AutoBridge.get_model_config() for training recipes or AutoBridge.get_model() to construct a model. Legacy provider support will be removed in a future release.
  provider = super().provider_bridge(hf_pretrained)
[transformers] `torch_dtype` is deprecated! Use `dtype` instead!
/root/.cache/user_artifacts/devboxes/q4grmdq/trainers/server-megatron-bridge/vendor/megatron-bridge/src/megatron/bridge/models/glm_moe_dsa/glm5_bridge.py:90: FutureWarning: GLM5Bridge.provider_bridge() and AutoBridge.to_megatron_provider() are deprecated for builder-backed models. Use AutoBridge.get_model_config() for training recipes or AutoBridge.get_model() to construct a model. Legacy provider support will be removed in a future release.
  provider = super().provider_bridge(hf_pretrained)
[transformers] `torch_dtype` is deprecated! Use `dtype` instead!
/root/.cache/user_artifacts/devboxes/q4grmdq/trainers/server-megatron-bridge/vendor/megatron-bridge/3rdparty/Megatron-LM/megatron/core/models/gpt/gpt_layer_specs.py:74: UserWarning: Apex is not installed. Falling back to Torch Norm
  warnings.warn("Apex is not installed. Falling back to Torch Norm")
/root/.cache/user_artifacts/devboxes/q4grmdq/trainers/server-megatron-bridge/.venv/lib/python3.12/site-packages/modelopt/torch/__init__.py:53: UserWarning: transformers>=5.0 support is experimental. Unified Hugging Face checkpoint export for quantized checkpoints may not work for some models yet.
  _warnings.warn(
/root/.cache/user_artifacts/devboxes/q4grmdq/trainers/server-megatron-bridge/vendor/megatron-bridge/3rdparty/Megatron-LM/megatron/core/models/gpt/heterogeneous/heterogeneous_layer_specs.py:68: UserWarning: Apex is not installed. Falling back to Torch Norm
  warnings.warn("Apex is not installed. Falling back to Torch Norm")
INFO:trainers_server_interface.startup:trainer startup phase=bridge_provider rank=12 duration_s=1.712 cumulative_s=1.712
INFO:trainers_server_interface.startup:trainer startup phase=lora_config rank=12 duration_s=0.000 cumulative_s=1.713
/root/.cache/user_artifacts/devboxes/q4grmdq/trainers/server-megatron-bridge/vendor/megatron-bridge/3rdparty/Megatron-LM/megatron/core/transformer/transformer_config.py:2696: UserWarning: full scope is deprecated. Use empty cuda_graph_modules to capture the whole layer.
  warnings.warn(
INFO:trainers_server_interface.startup:trainer startup phase=build_config rank=12 duration_s=0.002 cumulative_s=1.714
INFO:trainers_server_interface.startup:trainer startup phase=bridge_provider rank=4 duration_s=4.023 cumulative_s=4.023
INFO:trainers_server_interface.startup:trainer startup phase=lora_config rank=4 duration_s=0.000 cumulative_s=4.023
/root/.cache/user_artifacts/devboxes/q4grmdq/trainers/server-megatron-bridge/vendor/megatron-bridge/3rdparty/Megatron-LM/megatron/core/transformer/transformer_config.py:2696: UserWarning: full scope is deprecated. Use empty cuda_graph_modules to capture the whole layer.
  warnings.warn(
INFO:trainers_server_interface.startup:trainer startup phase=build_config rank=4 duration_s=0.002 cumulative_s=4.025
/root/.cache/user_artifacts/devboxes/q4grmdq/trainers/server-megatron-bridge/vendor/megatron-bridge/3rdparty/Megatron-LM/megatron/core/models/vision/vit_layer_specs.py:31: UserWarning: Apex is not installed. Falling back to Torch Norm
  warnings.warn("Apex is not installed. Falling back to Torch Norm")
/root/.cache/user_artifacts/devboxes/q4grmdq/trainers/server-megatron-bridge/vendor/megatron-bridge/src/megatron/bridge/models/glm_moe_dsa/glm5_bridge.py:90: FutureWarning: GLM5Bridge.provider_bridge() and AutoBridge.to_megatron_provider() are deprecated for builder-backed models. Use AutoBridge.get_model_config() for training recipes or AutoBridge.get_model() to construct a model. Legacy provider support will be removed in a future release.
  provider = super().provider_bridge(hf_pretrained)
[transformers] `torch_dtype` is deprecated! Use `dtype` instead!
INFO:trainers_server_interface.startup:trainer startup phase=bridge_provider rank=5 duration_s=4.917 cumulative_s=4.917
INFO:trainers_server_interface.startup:trainer startup phase=lora_config rank=5 duration_s=0.000 cumulative_s=4.917
/root/.cache/user_artifacts/devboxes/q4grmdq/trainers/server-megatron-bridge/vendor/megatron-bridge/3rdparty/Megatron-LM/megatron/core/transformer/transformer_config.py:2696: UserWarning: full scope is deprecated. Use empty cuda_graph_modules to capture the whole layer.
  warnings.warn(
INFO:trainers_server_interface.startup:trainer startup phase=build_config rank=5 duration_s=0.002 cumulative_s=4.918
/root/.cache/user_artifacts/devboxes/q4grmdq/trainers/server-megatron-bridge/vendor/megatron-bridge/3rdparty/Megatron-LM/megatron/core/models/mimo/config/base_configs.py:12: UserWarning: MimoModelConfig is experimental and still under active development. The API may change without notice in future releases.
  class MimoModelConfig:
WARNING:megatron.bridge.models.conversion.auto_bridge:Loading a model with trust_remote_code=True allows arbitrary code execution from the model repository. Only use this with models you trust.
/root/.cache/user_artifacts/devboxes/q4grmdq/trainers/server-megatron-bridge/vendor/megatron-bridge/src/megatron/bridge/models/glm_moe_dsa/glm5_bridge.py:90: FutureWarning: GLM5Bridge.provider_bridge() and AutoBridge.to_megatron_provider() are deprecated for builder-backed models. Use AutoBridge.get_model_config() for training recipes or AutoBridge.get_model() to construct a model. Legacy provider support will be removed in a future release.
  provider = super().provider_bridge(hf_pretrained)
[transformers] `torch_dtype` is deprecated! Use `dtype` instead!
INFO:trainers_server_interface.startup:trainer startup phase=bridge_provider rank=10 duration_s=1.129 cumulative_s=1.129
INFO:trainers_server_interface.startup:trainer startup phase=lora_config rank=10 duration_s=0.000 cumulative_s=1.129
/root/.cache/user_artifacts/devboxes/q4grmdq/trainers/server-megatron-bridge/vendor/megatron-bridge/3rdparty/Megatron-LM/megatron/core/transformer/transformer_config.py:2696: UserWarning: full scope is deprecated. Use empty cuda_graph_modules to capture the whole layer.
  warnings.warn(
INFO:trainers_server_interface.startup:trainer startup phase=build_config rank=10 duration_s=0.002 cumulative_s=1.131
/root/.cache/user_artifacts/devboxes/q4grmdq/trainers/server-megatron-bridge/vendor/megatron-bridge/3rdparty/Megatron-LM/megatron/core/models/gpt/gpt_layer_specs.py:74: UserWarning: Apex is not installed. Falling back to Torch Norm
  warnings.warn("Apex is not installed. Falling back to Torch Norm")
/root/.cache/user_artifacts/devboxes/q4grmdq/trainers/server-megatron-bridge/.venv/lib/python3.12/site-packages/modelopt/torch/__init__.py:53: UserWarning: transformers>=5.0 support is experimental. Unified Hugging Face checkpoint export for quantized checkpoints may not work for some models yet.
  _warnings.warn(
/root/.cache/user_artifacts/devboxes/q4grmdq/trainers/server-megatron-bridge/vendor/megatron-bridge/3rdparty/Megatron-LM/megatron/core/models/gpt/heterogeneous/heterogeneous_layer_specs.py:68: UserWarning: Apex is not installed. Falling back to Torch Norm
  warnings.warn("Apex is not installed. Falling back to Torch Norm")
/root/.cache/user_artifacts/devboxes/q4grmdq/trainers/server-megatron-bridge/vendor/megatron-bridge/3rdparty/Megatron-LM/megatron/core/models/vision/vit_layer_specs.py:31: UserWarning: Apex is not installed. Falling back to Torch Norm
  warnings.warn("Apex is not installed. Falling back to Torch Norm")
/root/.cache/user_artifacts/devboxes/q4grmdq/trainers/server-megatron-bridge/vendor/megatron-bridge/3rdparty/Megatron-LM/megatron/core/models/gpt/gpt_layer_specs.py:74: UserWarning: Apex is not installed. Falling back to Torch Norm
  warnings.warn("Apex is not installed. Falling back to Torch Norm")
/root/.cache/user_artifacts/devboxes/q4grmdq/trainers/server-megatron-bridge/.venv/lib/python3.12/site-packages/modelopt/torch/__init__.py:53: UserWarning: transformers>=5.0 support is experimental. Unified Hugging Face checkpoint export for quantized checkpoints may not work for some models yet.
  _warnings.warn(
/root/.cache/user_artifacts/devboxes/q4grmdq/trainers/server-megatron-bridge/vendor/megatron-bridge/3rdparty/Megatron-LM/megatron/core/models/gpt/heterogeneous/heterogeneous_layer_specs.py:68: UserWarning: Apex is not installed. Falling back to Torch Norm
  warnings.warn("Apex is not installed. Falling back to Torch Norm")
/root/.cache/user_artifacts/devboxes/q4grmdq/trainers/server-megatron-bridge/vendor/megatron-bridge/3rdparty/Megatron-LM/megatron/core/models/mimo/config/base_configs.py:12: UserWarning: MimoModelConfig is experimental and still under active development. The API may change without notice in future releases.
  class MimoModelConfig:
WARNING:megatron.bridge.models.conversion.auto_bridge:Loading a model with trust_remote_code=True allows arbitrary code execution from the model repository. Only use this with models you trust.
/root/.cache/user_artifacts/devboxes/q4grmdq/trainers/server-megatron-bridge/vendor/megatron-bridge/3rdparty/Megatron-LM/megatron/core/models/vision/vit_layer_specs.py:31: UserWarning: Apex is not installed. Falling back to Torch Norm
  warnings.warn("Apex is not installed. Falling back to Torch Norm")
/root/.cache/user_artifacts/devboxes/q4grmdq/trainers/server-megatron-bridge/vendor/megatron-bridge/src/megatron/bridge/models/glm_moe_dsa/glm5_bridge.py:90: FutureWarning: GLM5Bridge.provider_bridge() and AutoBridge.to_megatron_provider() are deprecated for builder-backed models. Use AutoBridge.get_model_config() for training recipes or AutoBridge.get_model() to construct a model. Legacy provider support will be removed in a future release.
  provider = super().provider_bridge(hf_pretrained)
[transformers] `torch_dtype` is deprecated! Use `dtype` instead!
/root/.cache/user_artifacts/devboxes/q4grmdq/trainers/server-megatron-bridge/vendor/megatron-bridge/3rdparty/Megatron-LM/megatron/core/models/mimo/config/base_configs.py:12: UserWarning: MimoModelConfig is experimental and still under active development. The API may change without notice in future releases.
  class MimoModelConfig:
WARNING:megatron.bridge.models.conversion.auto_bridge:Loading a model with trust_remote_code=True allows arbitrary code execution from the model repository. Only use this with models you trust.
INFO:trainers_server_interface.startup:trainer startup phase=bridge_provider rank=13 duration_s=1.081 cumulative_s=1.081
INFO:trainers_server_interface.startup:trainer startup phase=lora_config rank=13 duration_s=0.000 cumulative_s=1.081
/root/.cache/user_artifacts/devboxes/q4grmdq/trainers/server-megatron-bridge/vendor/megatron-bridge/3rdparty/Megatron-LM/megatron/core/transformer/transformer_config.py:2696: UserWarning: full scope is deprecated. Use empty cuda_graph_modules to capture the whole layer.
  warnings.warn(
INFO:trainers_server_interface.startup:trainer startup phase=build_config rank=13 duration_s=0.002 cumulative_s=1.083
/root/.cache/user_artifacts/devboxes/q4grmdq/trainers/server-megatron-bridge/vendor/megatron-bridge/src/megatron/bridge/models/glm_moe_dsa/glm5_bridge.py:90: FutureWarning: GLM5Bridge.provider_bridge() and AutoBridge.to_megatron_provider() are deprecated for builder-backed models. Use AutoBridge.get_model_config() for training recipes or AutoBridge.get_model() to construct a model. Legacy provider support will be removed in a future release.
  provider = super().provider_bridge(hf_pretrained)
[transformers] `torch_dtype` is deprecated! Use `dtype` instead!
INFO:trainers_server_interface.startup:trainer startup phase=bridge_provider rank=14 duration_s=1.156 cumulative_s=1.156
INFO:trainers_server_interface.startup:trainer startup phase=lora_config rank=14 duration_s=0.000 cumulative_s=1.156
/root/.cache/user_artifacts/devboxes/q4grmdq/trainers/server-megatron-bridge/vendor/megatron-bridge/3rdparty/Megatron-LM/megatron/core/transformer/transformer_config.py:2696: UserWarning: full scope is deprecated. Use empty cuda_graph_modules to capture the whole layer.
  warnings.warn(
INFO:trainers_server_interface.startup:trainer startup phase=build_config rank=14 duration_s=0.002 cumulative_s=1.158
> compiling dataset index builder ...
make: Entering directory '/root/.cache/user_artifacts/devboxes/q4grmdq/trainers/server-megatron-bridge/vendor/megatron-bridge/3rdparty/Megatron-LM/megatron/core/datasets'
> initialized tensor model parallel with size 1
> initialized pipeline model parallel with size 2
> setting random seeds to 1234 ...
> compiling dataset index builder ...
make: Nothing to be done for 'default'.
make: Leaving directory '/root/.cache/user_artifacts/devboxes/q4grmdq/trainers/server-megatron-bridge/vendor/megatron-bridge/3rdparty/Megatron-LM/megatron/core/datasets'
>>> done with dataset index builder. Compilation time: 0.030 seconds
make: Entering directory '/root/.cache/user_artifacts/devboxes/q4grmdq/trainers/server-megatron-bridge/vendor/megatron-bridge/3rdparty/Megatron-LM/megatron/core/datasets'
make: Nothing to be done for 'default'.
make: Leaving directory '/root/.cache/user_artifacts/devboxes/q4grmdq/trainers/server-megatron-bridge/vendor/megatron-bridge/3rdparty/Megatron-LM/megatron/core/datasets'
>>> done with dataset index builder. Compilation time: 0.031 seconds
/root/.cache/user_artifacts/devboxes/q4grmdq/trainers/server-megatron-bridge/.venv/lib/python3.12/site-packages/torch/distributed/c10d_logger.py:83: UserWarning: barrier(): using the device under current context. You can specify `device_id` in `init_process_group` to mute this warning.
  return func(*args, **kwargs)
INFO:trainers_server_interface.startup:trainer startup phase=initialize_runtime rank=10 duration_s=17.687 cumulative_s=18.817
INFO:trainers_server_interface.startup:trainer startup phase=initialize_runtime rank=13 duration_s=14.635 cumulative_s=15.718
INFO:trainers_server_interface.startup:trainer startup phase=initialize_runtime rank=12 duration_s=19.985 cumulative_s=21.700
INFO:trainers_server_interface.startup:trainer startup phase=initialize_runtime rank=14 duration_s=13.492 cumulative_s=14.650
INFO:trainers_server_interface.startup:trainer startup phase=initialize_runtime rank=6 duration_s=22.626 cumulative_s=24.133
INFO:trainers_server_interface.startup:trainer startup phase=initialize_runtime rank=7 duration_s=23.966 cumulative_s=25.130
INFO:trainers_server_interface.startup:trainer startup phase=initialize_runtime rank=3 duration_s=23.268 cumulative_s=24.971
INFO:trainers_server_interface.startup:trainer startup phase=initialize_runtime rank=5 duration_s=19.175 cumulative_s=24.093
INFO:trainers_server_interface.startup:trainer startup phase=initialize_runtime rank=4 duration_s=19.869 cumulative_s=23.894
INFO:trainers_server_interface.startup:trainer startup phase=initialize_runtime rank=11 duration_s=20.605 cumulative_s=21.708
INFO:trainers_server_interface.startup:trainer startup phase=initialize_runtime rank=8 duration_s=25.489 cumulative_s=26.621
INFO:trainers_server_interface.startup:trainer startup phase=initialize_runtime rank=0 duration_s=20.548 cumulative_s=23.487
INFO:trainers_server_interface.startup:trainer startup phase=initialize_runtime rank=1 duration_s=21.235 cumulative_s=22.910
INFO:trainers_server_interface.startup:trainer startup phase=initialize_runtime rank=15 duration_s=24.834 cumulative_s=26.620
INFO:trainers_server_interface.startup:trainer startup phase=initialize_runtime rank=2 duration_s=21.932 cumulative_s=23.954
INFO:trainers_server_interface.startup:trainer startup phase=initialize_runtime rank=9 duration_s=22.626 cumulative_s=23.739
INFO:trainers_server_interface.startup:trainer startup phase=jit_fusion rank=7 duration_s=1.848 cumulative_s=26.978
INFO:trainers_server_interface.startup:trainer startup phase=jit_fusion rank=6 duration_s=1.849 cumulative_s=25.982
INFO:trainers_server_interface.startup:trainer startup phase=jit_fusion rank=4 duration_s=1.851 cumulative_s=25.745
INFO:trainers_server_interface.startup:trainer startup phase=jit_fusion rank=3 duration_s=1.865 cumulative_s=26.835
INFO:trainers_server_interface.startup:trainer startup phase=jit_fusion rank=5 duration_s=1.866 cumulative_s=25.959
INFO:trainers_server_interface.startup:trainer startup phase=jit_fusion rank=13 duration_s=1.883 cumulative_s=17.601
INFO:trainers_server_interface.startup:trainer startup phase=jit_fusion rank=14 duration_s=1.883 cumulative_s=16.533
INFO:trainers_server_interface.startup:trainer startup phase=jit_fusion rank=10 duration_s=1.883 cumulative_s=20.701
INFO:trainers_server_interface.startup:trainer startup phase=jit_fusion rank=0 duration_s=2.191 cumulative_s=25.678
WARNING:megatron.core.models.gpt.gpt_model:GPTModel IS DEPRECATED. GPTModel is only accepting critical bug fixes, no new features. Please reference the migration guide `docs/user-guide/hybrid-model-migration.md` for details on how to use `HybridModel`
INFO:trainers_server_interface.startup:trainer startup phase=jit_fusion rank=2 duration_s=2.227 cumulative_s=26.181
INFO:trainers_server_interface.startup:trainer startup phase=jit_fusion rank=1 duration_s=2.245 cumulative_s=25.156
INFO:trainers_server_interface.startup:trainer startup phase=jit_fusion rank=12 duration_s=2.268 cumulative_s=23.968
INFO:trainers_server_interface.startup:trainer startup phase=jit_fusion rank=9 duration_s=2.845 cumulative_s=26.584
INFO:trainers_server_interface.startup:trainer startup phase=jit_fusion rank=15 duration_s=3.523 cumulative_s=30.143
INFO:trainers_server_interface.startup:trainer startup phase=jit_fusion rank=8 duration_s=3.523 cumulative_s=30.144
INFO:trainers_server_interface.startup:trainer startup phase=jit_fusion rank=11 duration_s=3.523 cumulative_s=25.231
INFO:trainers_server_interface.startup:trainer startup phase=model_construct rank=3 duration_s=22.864
Fetching 142 files:   0%|          | 0/142 [00:00<?, ?it/s]Fetching 142 files: 100%|██████████| 142/142 [00:00<00:00, 9837.00it/s]
INFO:trainers_server_interface.startup:trainer startup phase=model_construct rank=2 duration_s=26.882
INFO:trainers_server_interface.startup:trainer startup phase=model_construct rank=8 duration_s=25.892
INFO:trainers_server_interface.startup:trainer startup phase=model_construct rank=13 duration_s=27.716
INFO:trainers_server_interface.startup:trainer startup phase=model_construct rank=10 duration_s=27.790
Fetching 142 files:   0%|          | 0/142 [00:00<?, ?it/s]Fetching 142 files: 100%|██████████| 142/142 [00:00<00:00, 13320.31it/s]
INFO:trainers_server_interface.startup:trainer startup phase=model_construct rank=4 duration_s=27.927
Fetching 142 files:   0%|          | 0/142 [00:00<?, ?it/s]Fetching 142 files: 100%|██████████| 142/142 [00:00<00:00, 10338.15it/s]
Fetching 142 files:   0%|          | 0/142 [00:00<?, ?it/s]Fetching 142 files: 100%|██████████| 142/142 [00:00<00:00, 13132.34it/s]
Fetching 142 files:   0%|          | 0/142 [00:00<?, ?it/s]Fetching 142 files: 100%|██████████| 142/142 [00:00<00:00, 16847.93it/s]
Fetching 142 files:   0%|          | 0/142 [00:00<?, ?it/s]Fetching 142 files: 100%|██████████| 142/142 [00:00<00:00, 12415.13it/s]
INFO:trainers_server_interface.startup:trainer startup phase=model_construct rank=6 duration_s=28.644
Fetching 142 files:   0%|          | 0/142 [00:00<?, ?it/s]Fetching 142 files: 100%|██████████| 142/142 [00:00<00:00, 13491.40it/s]
INFO:trainers_server_interface.startup:trainer startup phase=model_construct rank=5 duration_s=29.256
INFO:trainers_server_interface.startup:trainer startup phase=model_construct rank=7 duration_s=29.275
INFO:trainers_server_interface.startup:trainer startup phase=model_construct rank=11 duration_s=27.870
Fetching 142 files:   0%|          | 0/142 [00:00<?, ?it/s]Fetching 142 files: 100%|██████████| 142/142 [00:00<00:00, 14204.42it/s]
Fetching 142 files:   0%|          | 0/142 [00:00<?, ?it/s]Fetching 142 files: 100%|██████████| 142/142 [00:00<00:00, 16170.92it/s]
INFO:trainers_server_interface.startup:trainer startup phase=model_construct rank=1 duration_s=29.576
INFO:trainers_server_interface.startup:trainer startup phase=model_construct rank=0 duration_s=29.667
INFO:trainers_server_interface.startup:trainer startup phase=model_construct rank=9 duration_s=29.019
INFO:trainers_server_interface.startup:trainer startup phase=model_construct rank=14 duration_s=30.064
Fetching 142 files:   0%|          | 0/142 [00:00<?, ?it/s]Fetching 142 files: 100%|██████████| 142/142 [00:00<00:00, 12595.24it/s]
INFO:trainers_server_interface.startup:trainer startup phase=model_construct rank=12 duration_s=30.080
Fetching 142 files:   0%|          | 0/142 [00:00<?, ?it/s]Fetching 142 files:   0%|          | 0/142 [00:00<?, ?it/s]Fetching 142 files: 100%|██████████| 142/142 [00:00<00:00, 13019.81it/s]
Fetching 142 files: 100%|██████████| 142/142 [00:00<00:00, 17001.83it/s]
Fetching 142 files:   0%|          | 0/142 [00:00<?, ?it/s]Fetching 142 files: 100%|██████████| 142/142 [00:00<00:00, 13406.97it/s]
INFO:trainers_server_interface.startup:trainer startup phase=model_construct rank=15 duration_s=28.994
Fetching 142 files:   0%|          | 0/142 [00:00<?, ?it/s]Fetching 142 files: 100%|██████████| 142/142 [00:00<00:00, 13319.72it/s]
Fetching 142 files:   0%|          | 0/142 [00:00<?, ?it/s]Fetching 142 files: 100%|██████████| 142/142 [00:00<00:00, 14406.79it/s]
Fetching 142 files:   0%|          | 0/142 [00:00<?, ?it/s]Fetching 142 files: 100%|██████████| 142/142 [00:00<00:00, 16560.76it/s]

INFO:trainers_server_interface.startup:trainer startup phase=checkpoint_load rank=2 duration_s=74.424
WARNING:megatron.bridge.peft.module_matcher:No modules matched the requested target_modules entries: *output_layer*
INFO:trainers_server_interface.startup:trainer startup phase=lora_apply rank=2 duration_s=2.008
INFO:trainers_server_interface.startup:trainer startup phase=model_post_wrap rank=2 duration_s=0.092
INFO:trainers_server_interface.startup:trainer startup phase=model_build_load_wrap rank=2 duration_s=103.406 cumulative_s=129.587

INFO:trainers_server_interface.startup:trainer startup phase=checkpoint_load rank=1 duration_s=78.073
WARNING:megatron.bridge.peft.module_matcher:No modules matched the requested target_modules entries: *output_layer*
INFO:trainers_server_interface.startup:trainer startup phase=lora_apply rank=1 duration_s=1.701

INFO:trainers_server_interface.startup:trainer startup phase=checkpoint_load rank=3 duration_s=86.909
WARNING:megatron.bridge.peft.module_matcher:No modules matched the requested target_modules entries: *output_layer*
Loading from zai-org/GLM-5.2-FP8 ━━━━━━━━━━━ 100% 0:00:00 (5916/5916) GLM5Bridge
INFO:trainers_server_interface.startup:trainer startup phase=checkpoint_load rank=0 duration_s=79.898
WARNING:megatron.bridge.peft.module_matcher:No modules matched the requested target_modules entries: *output_layer*

INFO:trainers_server_interface.startup:trainer startup phase=checkpoint_load rank=4 duration_s=82.209
WARNING:megatron.bridge.peft.module_matcher:No modules matched the requested target_modules entries: *output_layer*
INFO:trainers_server_interface.startup:trainer startup phase=model_post_wrap rank=1 duration_s=0.631
INFO:trainers_server_interface.startup:trainer startup phase=model_build_load_wrap rank=1 duration_s=109.982 cumulative_s=135.137
[PEFT+Recompute] Patched decoder block forward to enable grad on hidden_states input. This ensures checkpoint backward is called when only adapters are trainable (PP=1 with frozen base model).
INFO:trainers_server_interface.startup:trainer startup phase=lora_apply rank=0 duration_s=1.005
 > number of parameters on (tensor, gtp_remat, pipeline) model parallel rank (0, 0, 0): 51753604864

INFO:trainers_server_interface.startup:trainer startup phase=checkpoint_load rank=5 duration_s=81.730
WARNING:megatron.bridge.peft.module_matcher:No modules matched the requested target_modules entries: *output_layer*
INFO:trainers_server_interface.startup:trainer startup phase=model_post_wrap rank=0 duration_s=0.216
INFO:trainers_server_interface.startup:trainer startup phase=model_build_load_wrap rank=0 duration_s=110.787 cumulative_s=136.466

INFO:trainers_server_interface.startup:trainer startup phase=checkpoint_load rank=7 duration_s=82.289
WARNING:megatron.bridge.peft.module_matcher:No modules matched the requested target_modules entries: *output_layer*

INFO:trainers_server_interface.startup:trainer startup phase=checkpoint_load rank=6 duration_s=83.465
WARNING:megatron.bridge.peft.module_matcher:No modules matched the requested target_modules entries: *output_layer*
INFO:trainers_server_interface.startup:trainer startup phase=lora_apply rank=4 duration_s=2.146
INFO:trainers_server_interface.startup:trainer startup phase=lora_apply rank=3 duration_s=2.509
INFO:trainers_server_interface.startup:trainer startup phase=model_post_wrap rank=3 duration_s=0.430
INFO:trainers_server_interface.startup:trainer startup phase=model_build_load_wrap rank=3 duration_s=112.712 cumulative_s=139.548
INFO:trainers_server_interface.startup:trainer startup phase=lora_apply rank=5 duration_s=1.769
INFO:trainers_server_interface.startup:trainer startup phase=model_post_wrap rank=4 duration_s=0.488
INFO:trainers_server_interface.startup:trainer startup phase=model_build_load_wrap rank=4 duration_s=112.771 cumulative_s=138.516
INFO:trainers_server_interface.startup:trainer startup phase=model_post_wrap rank=5 duration_s=0.338
INFO:trainers_server_interface.startup:trainer startup phase=model_build_load_wrap rank=5 duration_s=113.093 cumulative_s=139.052
INFO:trainers_server_interface.startup:trainer startup phase=lora_apply rank=6 duration_s=1.164
INFO:trainers_server_interface.startup:trainer startup phase=model_post_wrap rank=6 duration_s=0.257
INFO:trainers_server_interface.startup:trainer startup phase=model_build_load_wrap rank=6 duration_s=113.530 cumulative_s=139.513
INFO:trainers_server_interface.startup:trainer startup phase=lora_apply rank=7 duration_s=1.985
INFO:trainers_server_interface.startup:trainer startup phase=model_post_wrap rank=7 duration_s=0.464
INFO:trainers_server_interface.startup:trainer startup phase=model_build_load_wrap rank=7 duration_s=114.014 cumulative_s=140.992

INFO:trainers_server_interface.startup:trainer startup phase=checkpoint_load rank=11 duration_s=85.270
WARNING:megatron.bridge.peft.module_matcher:No modules matched the requested target_modules entries: *.mlp.linear_fc1, *.mlp.linear_fc2
INFO:trainers_server_interface.startup:trainer startup phase=lora_apply rank=11 duration_s=3.004
INFO:trainers_server_interface.startup:trainer startup phase=model_post_wrap rank=11 duration_s=0.504
INFO:trainers_server_interface.startup:trainer startup phase=model_build_load_wrap rank=11 duration_s=116.649 cumulative_s=141.880

INFO:trainers_server_interface.startup:trainer startup phase=checkpoint_load rank=9 duration_s=89.562
WARNING:megatron.bridge.peft.module_matcher:No modules matched the requested target_modules entries: *.mlp.linear_fc1, *.mlp.linear_fc2

INFO:trainers_server_interface.startup:trainer startup phase=checkpoint_load rank=8 duration_s=92.483
WARNING:megatron.bridge.peft.module_matcher:No modules matched the requested target_modules entries: *.mlp.linear_fc1, *.mlp.linear_fc2
INFO:trainers_server_interface.startup:trainer startup phase=lora_apply rank=8 duration_s=0.876
INFO:trainers_server_interface.startup:trainer startup phase=lora_apply rank=9 duration_s=1.349
 > number of parameters on (tensor, gtp_remat, pipeline) model parallel rank (0, 0, 1): 57638195712
INFO:trainers_server_interface.startup:trainer startup phase=model_post_wrap rank=8 duration_s=0.109
INFO:trainers_server_interface.startup:trainer startup phase=model_build_load_wrap rank=8 duration_s=119.361 cumulative_s=149.504
INFO:trainers_server_interface.startup:trainer startup phase=model_post_wrap rank=9 duration_s=0.108
INFO:trainers_server_interface.startup:trainer startup phase=model_build_load_wrap rank=9 duration_s=120.039 cumulative_s=146.623

INFO:trainers_server_interface.startup:trainer startup phase=checkpoint_load rank=10 duration_s=95.327
WARNING:megatron.bridge.peft.module_matcher:No modules matched the requested target_modules entries: *.mlp.linear_fc1, *.mlp.linear_fc2
INFO:trainers_server_interface.startup:trainer startup phase=lora_apply rank=10 duration_s=0.823
INFO:trainers_server_interface.startup:trainer startup phase=model_post_wrap rank=10 duration_s=0.209
INFO:trainers_server_interface.startup:trainer startup phase=model_build_load_wrap rank=10 duration_s=124.151 cumulative_s=144.852

INFO:trainers_server_interface.startup:trainer startup phase=checkpoint_load rank=13 duration_s=98.151
WARNING:megatron.bridge.peft.module_matcher:No modules matched the requested target_modules entries: *.mlp.linear_fc1, *.mlp.linear_fc2

INFO:trainers_server_interface.startup:trainer startup phase=checkpoint_load rank=12 duration_s=96.260
WARNING:megatron.bridge.peft.module_matcher:No modules matched the requested target_modules entries: *.mlp.linear_fc1, *.mlp.linear_fc2

INFO:trainers_server_interface.startup:trainer startup phase=checkpoint_load rank=14 duration_s=96.796
WARNING:megatron.bridge.peft.module_matcher:No modules matched the requested target_modules entries: *.mlp.linear_fc1, *.mlp.linear_fc2
INFO:trainers_server_interface.startup:trainer startup phase=lora_apply rank=13 duration_s=1.947
INFO:trainers_server_interface.startup:trainer startup phase=model_post_wrap rank=13 duration_s=0.228
INFO:trainers_server_interface.startup:trainer startup phase=model_build_load_wrap rank=13 duration_s=128.043 cumulative_s=145.644

INFO:trainers_server_interface.startup:trainer startup phase=checkpoint_load rank=15 duration_s=98.055
WARNING:megatron.bridge.peft.module_matcher:No modules matched the requested target_modules entries: *.mlp.linear_fc1, *.mlp.linear_fc2
INFO:trainers_server_interface.startup:trainer startup phase=lora_apply rank=12 duration_s=2.140
INFO:trainers_server_interface.startup:trainer startup phase=lora_apply rank=14 duration_s=2.243
INFO:trainers_server_interface.startup:trainer startup phase=model_post_wrap rank=12 duration_s=0.253
INFO:trainers_server_interface.startup:trainer startup phase=model_build_load_wrap rank=12 duration_s=128.734 cumulative_s=152.702
INFO:trainers_server_interface.startup:trainer startup phase=model_post_wrap rank=14 duration_s=0.095
INFO:trainers_server_interface.startup:trainer startup phase=model_build_load_wrap rank=14 duration_s=129.199 cumulative_s=145.732
INFO:trainers_server_interface.startup:trainer startup phase=lora_apply rank=15 duration_s=1.101
INFO:trainers_server_interface.startup:trainer startup phase=model_post_wrap rank=15 duration_s=0.100
INFO:trainers_server_interface.startup:trainer startup phase=model_build_load_wrap rank=15 duration_s=128.252 cumulative_s=158.394
INFO:trainers_server_interface.startup:trainer startup phase=optimizer rank=5 duration_s=19.151 cumulative_s=158.204
INFO:trainers_server_interface.startup:trainer startup phase=optimizer rank=14 duration_s=3.028 cumulative_s=148.760
INFO:trainers_server_interface.startup:trainer startup phase=optimizer rank=4 duration_s=19.489 cumulative_s=158.005
INFO:trainers_server_interface.startup:trainer startup phase=optimizer rank=0 duration_s=21.132 cumulative_s=157.598
INFO:trainers_server_interface.startup:trainer startup phase=optimizer rank=8 duration_s=11.228 cumulative_s=160.732
INFO:trainers_server_interface.startup:trainer startup phase=optimizer rank=7 duration_s=18.249 cumulative_s=159.241
INFO:trainers_server_interface.startup:trainer startup phase=optimizer rank=3 duration_s=19.534 cumulative_s=159.082
INFO:trainers_server_interface.startup:trainer startup phase=optimizer rank=6 duration_s=18.732 cumulative_s=158.245
INFO:trainers_server_interface.startup:trainer startup phase=optimizer rank=11 duration_s=13.940 cumulative_s=155.820
INFO:trainers_server_interface.startup:trainer startup phase=optimizer rank=1 duration_s=21.885 cumulative_s=157.023
INFO:trainers_server_interface.startup:trainer startup phase=optimizer rank=2 duration_s=28.480 cumulative_s=158.067
INFO:trainers_server_interface.startup:trainer startup phase=optimizer rank=13 duration_s=4.188 cumulative_s=149.832
INFO:trainers_server_interface.startup:trainer startup phase=optimizer rank=9 duration_s=11.231 cumulative_s=157.853
INFO:trainers_server_interface.startup:trainer startup phase=optimizer rank=12 duration_s=3.113 cumulative_s=155.815
INFO:trainers_server_interface.startup:trainer startup phase=optimizer rank=15 duration_s=2.341 cumulative_s=160.736
INFO:trainers_server_interface.startup:trainer startup phase=optimizer rank=10 duration_s=8.081 cumulative_s=152.932
INFO:trainers_server_interface.startup:trainer startup phase=training_stack rank=1 duration_s=0.075 cumulative_s=157.098
INFO:trainers_server_interface.startup:trainer startup phase=training_stack rank=7 duration_s=0.076 cumulative_s=159.317
INFO:trainers_server_interface.startup:trainer startup phase=training_stack rank=5 duration_s=0.077 cumulative_s=158.280
INFO:trainers_server_interface.startup:trainer startup phase=training_stack rank=6 duration_s=0.076 cumulative_s=158.321
INFO:trainers_server_interface.dp_worker.controller.checkpoints.manager:weight_sync disabled
INFO:trainers_server_interface.dp_worker.controller.checkpoints.manager:weight_sync disabled
INFO:trainers_server_interface.dp_worker.controller.checkpoints.manager:weight_sync disabled
INFO:trainers_server_interface.startup:trainer startup phase=training_stack rank=3 duration_s=0.076 cumulative_s=159.158
INFO:trainers_server_interface.dp_worker.controller.checkpoints.manager:weight_sync disabled
INFO:trainers_server_interface.startup:trainer startup phase=training_stack rank=2 duration_s=0.075 cumulative_s=158.142
INFO:trainers_server_interface.dp_worker.controller.checkpoints.manager:weight_sync disabled
INFO:trainers_server_interface.dp_worker.controller.checkpoints.manager:weight_sync disabled
INFO:trainers_server_interface.startup:trainer startup phase=training_stack rank=0 duration_s=0.079 cumulative_s=157.677
INFO:trainers_server_interface.dp_worker.controller.checkpoints.manager:weight_sync disabled
/root/.cache/user_artifacts/devboxes/q4grmdq/trainers/server-megatron-bridge/.venv/lib/python3.12/site-packages/torch/distributed/c10d_logger.py:83: UserWarning: barrier(): using the device under current context. You can specify `device_id` in `init_process_group` to mute this warning.
  return func(*args, **kwargs)
INFO:trainers_server_interface.startup:trainer startup phase=training_stack rank=8 duration_s=0.080 cumulative_s=160.812
INFO:trainers_server_interface.startup:trainer startup phase=training_stack rank=14 duration_s=0.081 cumulative_s=148.841
INFO:trainers_server_interface.startup:trainer startup phase=training_stack rank=13 duration_s=0.078 cumulative_s=149.909
INFO:trainers_server_interface.startup:trainer startup phase=training_stack rank=12 duration_s=0.077 cumulative_s=155.891
INFO:trainers_server_interface.dp_worker.controller.checkpoints.manager:weight_sync disabled
INFO:trainers_server_interface.dp_worker.controller.checkpoints.manager:weight_sync disabled
INFO:trainers_server_interface.dp_worker.controller.checkpoints.manager:weight_sync disabled
INFO:trainers_server_interface.dp_worker.controller.checkpoints.manager:weight_sync disabled
INFO:trainers_server_interface.startup:trainer startup phase=training_stack rank=4 duration_s=0.082 cumulative_s=158.087
INFO:trainers_server_interface.dp_worker.controller.checkpoints.manager:weight_sync disabled
INFO:trainers_server_interface.startup:trainer startup phase=training_stack rank=11 duration_s=0.082 cumulative_s=155.902
INFO:trainers_server_interface.dp_worker.controller.checkpoints.manager:weight_sync disabled
INFO:trainers_server_interface.startup:trainer startup phase=training_stack rank=9 duration_s=0.082 cumulative_s=157.935
INFO:trainers_server_interface.dp_worker.controller.checkpoints.manager:weight_sync disabled
INFO:trainers_server_interface.startup:trainer startup phase=training_stack rank=15 duration_s=0.092 cumulative_s=160.828
INFO:trainers_server_interface.dp_worker.controller.checkpoints.manager:weight_sync disabled
INFO:trainers_server_interface.startup:trainer startup phase=training_stack rank=10 duration_s=0.104 cumulative_s=153.037
INFO:trainers_server_interface.dp_worker.controller.checkpoints.manager:weight_sync disabled
/root/.cache/user_artifacts/devboxes/q4grmdq/trainers/server-megatron-bridge/.venv/lib/python3.12/site-packages/torch/cuda/__init__.py:61: FutureWarning: The pynvml package is deprecated. Please install nvidia-ml-py instead. If you did not install pynvml directly, please report this to the maintainers of the package that installed pynvml for you.
  import pynvml  # type: ignore[import]
/root/.cache/user_artifacts/devboxes/q4grmdq/trainers/server-megatron-bridge/.venv/lib/python3.12/site-packages/torch/cuda/__init__.py:61: FutureWarning: The pynvml package is deprecated. Please install nvidia-ml-py instead. If you did not install pynvml directly, please report this to the maintainers of the package that installed pynvml for you.
  import pynvml  # type: ignore[import]
/root/.cache/user_artifacts/devboxes/q4grmdq/trainers/server-megatron-bridge/.venv/lib/python3.12/site-packages/torch/cuda/__init__.py:61: FutureWarning: The pynvml package is deprecated. Please install nvidia-ml-py instead. If you did not install pynvml directly, please report this to the maintainers of the package that installed pynvml for you.
  import pynvml  # type: ignore[import]
/root/.cache/user_artifacts/devboxes/q4grmdq/trainers/server-megatron-bridge/.venv/lib/python3.12/site-packages/torch/cuda/__init__.py:61: FutureWarning: The pynvml package is deprecated. Please install nvidia-ml-py instead. If you did not install pynvml directly, please report this to the maintainers of the package that installed pynvml for you.
  import pynvml  # type: ignore[import]
/root/.cache/user_artifacts/devboxes/q4grmdq/trainers/server-megatron-bridge/.venv/lib/python3.12/site-packages/torch/cuda/__init__.py:61: FutureWarning: The pynvml package is deprecated. Please install nvidia-ml-py instead. If you did not install pynvml directly, please report this to the maintainers of the package that installed pynvml for you.
  import pynvml  # type: ignore[import]
/root/.cache/user_artifacts/devboxes/q4grmdq/trainers/server-megatron-bridge/.venv/lib/python3.12/site-packages/torch/cuda/__init__.py:61: FutureWarning: The pynvml package is deprecated. Please install nvidia-ml-py instead. If you did not install pynvml directly, please report this to the maintainers of the package that installed pynvml for you.
  import pynvml  # type: ignore[import]
/root/.cache/user_artifacts/devboxes/q4grmdq/trainers/server-megatron-bridge/.venv/lib/python3.12/site-packages/torch/cuda/__init__.py:61: FutureWarning: The pynvml package is deprecated. Please install nvidia-ml-py instead. If you did not install pynvml directly, please report this to the maintainers of the package that installed pynvml for you.
  import pynvml  # type: ignore[import]
/root/.cache/user_artifacts/devboxes/q4grmdq/trainers/server-megatron-bridge/.venv/lib/python3.12/site-packages/torch/cuda/__init__.py:61: FutureWarning: The pynvml package is deprecated. Please install nvidia-ml-py instead. If you did not install pynvml directly, please report this to the maintainers of the package that installed pynvml for you.
  import pynvml  # type: ignore[import]
/root/.cache/user_artifacts/devboxes/q4grmdq/trainers/server-megatron-bridge/.venv/lib/python3.12/site-packages/torch/cuda/__init__.py:61: FutureWarning: The pynvml package is deprecated. Please install nvidia-ml-py instead. If you did not install pynvml directly, please report this to the maintainers of the package that installed pynvml for you.
  import pynvml  # type: ignore[import]
/root/.cache/user_artifacts/devboxes/q4grmdq/trainers/server-megatron-bridge/.venv/lib/python3.12/site-packages/torch/cuda/__init__.py:61: FutureWarning: The pynvml package is deprecated. Please install nvidia-ml-py instead. If you did not install pynvml directly, please report this to the maintainers of the package that installed pynvml for you.
  import pynvml  # type: ignore[import]
/root/.cache/user_artifacts/devboxes/q4grmdq/trainers/server-megatron-bridge/.venv/lib/python3.12/site-packages/torch/cuda/__init__.py:61: FutureWarning: The pynvml package is deprecated. Please install nvidia-ml-py instead. If you did not install pynvml directly, please report this to the maintainers of the package that installed pynvml for you.
  import pynvml  # type: ignore[import]
/root/.cache/user_artifacts/devboxes/q4grmdq/trainers/server-megatron-bridge/.venv/lib/python3.12/site-packages/torch/cuda/__init__.py:61: FutureWarning: The pynvml package is deprecated. Please install nvidia-ml-py instead. If you did not install pynvml directly, please report this to the maintainers of the package that installed pynvml for you.
  import pynvml  # type: ignore[import]
/root/.cache/user_artifacts/devboxes/q4grmdq/trainers/server-megatron-bridge/.venv/lib/python3.12/site-packages/torch/cuda/__init__.py:61: FutureWarning: The pynvml package is deprecated. Please install nvidia-ml-py instead. If you did not install pynvml directly, please report this to the maintainers of the package that installed pynvml for you.
  import pynvml  # type: ignore[import]
/root/.cache/user_artifacts/devboxes/q4grmdq/trainers/server-megatron-bridge/.venv/lib/python3.12/site-packages/torch/cuda/__init__.py:61: FutureWarning: The pynvml package is deprecated. Please install nvidia-ml-py instead. If you did not install pynvml directly, please report this to the maintainers of the package that installed pynvml for you.
  import pynvml  # type: ignore[import]
/root/.cache/user_artifacts/devboxes/q4grmdq/trainers/server-megatron-bridge/.venv/lib/python3.12/site-packages/torch/cuda/__init__.py:61: FutureWarning: The pynvml package is deprecated. Please install nvidia-ml-py instead. If you did not install pynvml directly, please report this to the maintainers of the package that installed pynvml for you.
  import pynvml  # type: ignore[import]
/root/.cache/user_artifacts/devboxes/q4grmdq/trainers/server-megatron-bridge/.venv/lib/python3.12/site-packages/torch/cuda/__init__.py:61: FutureWarning: The pynvml package is deprecated. Please install nvidia-ml-py instead. If you did not install pynvml directly, please report this to the maintainers of the package that installed pynvml for you.
  import pynvml  # type: ignore[import]
/root/.cache/user_artifacts/devboxes/q4grmdq/trainers/server-megatron-bridge/.venv/lib/python3.12/site-packages/torch/autograd/graph.py:869: UserWarning: The AccumulateGrad node's stream does not match the stream of the node that produced the incoming gradient. This may incur unnecessary synchronization and break CUDA graph capture if the AccumulateGrad node's stream is the default stream. This mismatch is caused by an AccumulateGrad node created prior to the current iteration being kept alive. This can happen if the autograd graph is still being kept alive by tensors such as the loss, or if you are using DDP, which will stash a reference to the node. To resolve the mismatch, delete all references to the autograd graph or ensure that DDP initialization is performed under the same stream as subsequent forwards. If the mismatch is intentional, you can use torch.autograd.graph.set_warn_on_accumulate_grad_stream_mismatch(False) to suppress this warning. (Triggered internally at /pytorch/torch/csrc/autograd/input_buffer.cpp:240.)
  return Variable._execution_engine.run_backward(  # Calls into the C++ engine to run the backward pass
/root/.cache/user_artifacts/devboxes/q4grmdq/trainers/server-megatron-bridge/.venv/lib/python3.12/site-packages/torch/autograd/graph.py:869: UserWarning: The AccumulateGrad node's stream does not match the stream of the node that produced the incoming gradient. This may incur unnecessary synchronization and break CUDA graph capture if the AccumulateGrad node's stream is the default stream. This mismatch is caused by an AccumulateGrad node created prior to the current iteration being kept alive. This can happen if the autograd graph is still being kept alive by tensors such as the loss, or if you are using DDP, which will stash a reference to the node. To resolve the mismatch, delete all references to the autograd graph or ensure that DDP initialization is performed under the same stream as subsequent forwards. If the mismatch is intentional, you can use torch.autograd.graph.set_warn_on_accumulate_grad_stream_mismatch(False) to suppress this warning. (Triggered internally at /pytorch/torch/csrc/autograd/input_buffer.cpp:240.)
  return Variable._execution_engine.run_backward(  # Calls into the C++ engine to run the backward pass
/root/.cache/user_artifacts/devboxes/q4grmdq/trainers/server-megatron-bridge/.venv/lib/python3.12/site-packages/torch/autograd/graph.py:869: UserWarning: The AccumulateGrad node's stream does not match the stream of the node that produced the incoming gradient. This may incur unnecessary synchronization and break CUDA graph capture if the AccumulateGrad node's stream is the default stream. This mismatch is caused by an AccumulateGrad node created prior to the current iteration being kept alive. This can happen if the autograd graph is still being kept alive by tensors such as the loss, or if you are using DDP, which will stash a reference to the node. To resolve the mismatch, delete all references to the autograd graph or ensure that DDP initialization is performed under the same stream as subsequent forwards. If the mismatch is intentional, you can use torch.autograd.graph.set_warn_on_accumulate_grad_stream_mismatch(False) to suppress this warning. (Triggered internally at /pytorch/torch/csrc/autograd/input_buffer.cpp:240.)
  return Variable._execution_engine.run_backward(  # Calls into the C++ engine to run the backward pass
/root/.cache/user_artifacts/devboxes/q4grmdq/trainers/server-megatron-bridge/.venv/lib/python3.12/site-packages/torch/autograd/graph.py:869: UserWarning: The AccumulateGrad node's stream does not match the stream of the node that produced the incoming gradient. This may incur unnecessary synchronization and break CUDA graph capture if the AccumulateGrad node's stream is the default stream. This mismatch is caused by an AccumulateGrad node created prior to the current iteration being kept alive. This can happen if the autograd graph is still being kept alive by tensors such as the loss, or if you are using DDP, which will stash a reference to the node. To resolve the mismatch, delete all references to the autograd graph or ensure that DDP initialization is performed under the same stream as subsequent forwards. If the mismatch is intentional, you can use torch.autograd.graph.set_warn_on_accumulate_grad_stream_mismatch(False) to suppress this warning. (Triggered internally at /pytorch/torch/csrc/autograd/input_buffer.cpp:240.)
  return Variable._execution_engine.run_backward(  # Calls into the C++ engine to run the backward pass
/root/.cache/user_artifacts/devboxes/q4grmdq/trainers/server-megatron-bridge/.venv/lib/python3.12/site-packages/torch/autograd/graph.py:869: UserWarning: The AccumulateGrad node's stream does not match the stream of the node that produced the incoming gradient. This may incur unnecessary synchronization and break CUDA graph capture if the AccumulateGrad node's stream is the default stream. This mismatch is caused by an AccumulateGrad node created prior to the current iteration being kept alive. This can happen if the autograd graph is still being kept alive by tensors such as the loss, or if you are using DDP, which will stash a reference to the node. To resolve the mismatch, delete all references to the autograd graph or ensure that DDP initialization is performed under the same stream as subsequent forwards. If the mismatch is intentional, you can use torch.autograd.graph.set_warn_on_accumulate_grad_stream_mismatch(False) to suppress this warning. (Triggered internally at /pytorch/torch/csrc/autograd/input_buffer.cpp:240.)
  return Variable._execution_engine.run_backward(  # Calls into the C++ engine to run the backward pass
/root/.cache/user_artifacts/devboxes/q4grmdq/trainers/server-megatron-bridge/.venv/lib/python3.12/site-packages/torch/autograd/graph.py:869: UserWarning: The AccumulateGrad node's stream does not match the stream of the node that produced the incoming gradient. This may incur unnecessary synchronization and break CUDA graph capture if the AccumulateGrad node's stream is the default stream. This mismatch is caused by an AccumulateGrad node created prior to the current iteration being kept alive. This can happen if the autograd graph is still being kept alive by tensors such as the loss, or if you are using DDP, which will stash a reference to the node. To resolve the mismatch, delete all references to the autograd graph or ensure that DDP initialization is performed under the same stream as subsequent forwards. If the mismatch is intentional, you can use torch.autograd.graph.set_warn_on_accumulate_grad_stream_mismatch(False) to suppress this warning. (Triggered internally at /pytorch/torch/csrc/autograd/input_buffer.cpp:240.)
  return Variable._execution_engine.run_backward(  # Calls into the C++ engine to run the backward pass
/root/.cache/user_artifacts/devboxes/q4grmdq/trainers/server-megatron-bridge/.venv/lib/python3.12/site-packages/torch/autograd/graph.py:869: UserWarning: The AccumulateGrad node's stream does not match the stream of the node that produced the incoming gradient. This may incur unnecessary synchronization and break CUDA graph capture if the AccumulateGrad node's stream is the default stream. This mismatch is caused by an AccumulateGrad node created prior to the current iteration being kept alive. This can happen if the autograd graph is still being kept alive by tensors such as the loss, or if you are using DDP, which will stash a reference to the node. To resolve the mismatch, delete all references to the autograd graph or ensure that DDP initialization is performed under the same stream as subsequent forwards. If the mismatch is intentional, you can use torch.autograd.graph.set_warn_on_accumulate_grad_stream_mismatch(False) to suppress this warning. (Triggered internally at /pytorch/torch/csrc/autograd/input_buffer.cpp:240.)
  return Variable._execution_engine.run_backward(  # Calls into the C++ engine to run the backward pass
/root/.cache/user_artifacts/devboxes/q4grmdq/trainers/server-megatron-bridge/.venv/lib/python3.12/site-packages/torch/autograd/graph.py:869: UserWarning: The AccumulateGrad node's stream does not match the stream of the node that produced the incoming gradient. This may incur unnecessary synchronization and break CUDA graph capture if the AccumulateGrad node's stream is the default stream. This mismatch is caused by an AccumulateGrad node created prior to the current iteration being kept alive. This can happen if the autograd graph is still being kept alive by tensors such as the loss, or if you are using DDP, which will stash a reference to the node. To resolve the mismatch, delete all references to the autograd graph or ensure that DDP initialization is performed under the same stream as subsequent forwards. If the mismatch is intentional, you can use torch.autograd.graph.set_warn_on_accumulate_grad_stream_mismatch(False) to suppress this warning. (Triggered internally at /pytorch/torch/csrc/autograd/input_buffer.cpp:240.)
  return Variable._execution_engine.run_backward(  # Calls into the C++ engine to run the backward pass
INFO:trainers_server_interface.dp_worker.cuda_memory:release_cached_vram(finalize_model_grads): reserved 111.8 GiB, active 108.1 GiB, reclaimed 3.5 GiB
INFO:trainers_server_interface.dp_worker.cuda_memory:release_cached_vram(finalize_model_grads): reserved 111.8 GiB, active 108.1 GiB, reclaimed 3.5 GiB
INFO:trainers_server_interface.dp_worker.cuda_memory:release_cached_vram(finalize_model_grads): reserved 111.8 GiB, active 108.1 GiB, reclaimed 3.5 GiB
INFO:trainers_server_interface.dp_worker.cuda_memory:release_cached_vram(finalize_model_grads): reserved 111.8 GiB, active 108.1 GiB, reclaimed 3.5 GiB
INFO:trainers_server_interface.dp_worker.cuda_memory:release_cached_vram(finalize_model_grads): reserved 111.8 GiB, active 108.1 GiB, reclaimed 3.5 GiB
INFO:trainers_server_interface.dp_worker.cuda_memory:release_cached_vram(finalize_model_grads): reserved 111.8 GiB, active 108.1 GiB, reclaimed 3.5 GiB
INFO:trainers_server_interface.dp_worker.cuda_memory:release_cached_vram(finalize_model_grads): reserved 111.8 GiB, active 108.1 GiB, reclaimed 3.5 GiB
INFO:trainers_server_interface.dp_worker.cuda_memory:release_cached_vram(finalize_model_grads): reserved 111.8 GiB, active 108.1 GiB, reclaimed 3.5 GiB
INFO:trainers_server_interface.startup:trainer startup phase=warmup_forward_backward rank=14 duration_s=223.540
INFO:trainers_server_interface.startup:trainer startup phase=warmup_forward_backward rank=13 duration_s=223.541
INFO:trainers_server_interface.startup:trainer startup phase=warmup_forward_backward rank=11 duration_s=223.541
INFO:trainers_server_interface.startup:trainer startup phase=warmup_forward_backward rank=12 duration_s=223.541
INFO:trainers_server_interface.startup:trainer startup phase=warmup_forward_backward rank=9 duration_s=223.541
INFO:trainers_server_interface.startup:trainer startup phase=warmup_forward_backward rank=10 duration_s=223.541
INFO:trainers_server_interface.startup:trainer startup phase=warmup_forward_backward rank=15 duration_s=223.545
INFO:trainers_server_interface.startup:trainer startup phase=warmup_forward_backward rank=8 duration_s=223.549
/root/.cache/user_artifacts/devboxes/q4grmdq/trainers/server-megatron-bridge/.venv/lib/python3.12/site-packages/torch/autograd/graph.py:869: UserWarning: The AccumulateGrad node's stream does not match the stream of the node that produced the incoming gradient. This may incur unnecessary synchronization and break CUDA graph capture if the AccumulateGrad node's stream is the default stream. This mismatch is caused by an AccumulateGrad node created prior to the current iteration being kept alive. This can happen if the autograd graph is still being kept alive by tensors such as the loss, or if you are using DDP, which will stash a reference to the node. To resolve the mismatch, delete all references to the autograd graph or ensure that DDP initialization is performed under the same stream as subsequent forwards. If the mismatch is intentional, you can use torch.autograd.graph.set_warn_on_accumulate_grad_stream_mismatch(False) to suppress this warning. (Triggered internally at /pytorch/torch/csrc/autograd/input_buffer.cpp:240.)
  return Variable._execution_engine.run_backward(  # Calls into the C++ engine to run the backward pass
/root/.cache/user_artifacts/devboxes/q4grmdq/trainers/server-megatron-bridge/.venv/lib/python3.12/site-packages/torch/autograd/graph.py:869: UserWarning: The AccumulateGrad node's stream does not match the stream of the node that produced the incoming gradient. This may incur unnecessary synchronization and break CUDA graph capture if the AccumulateGrad node's stream is the default stream. This mismatch is caused by an AccumulateGrad node created prior to the current iteration being kept alive. This can happen if the autograd graph is still being kept alive by tensors such as the loss, or if you are using DDP, which will stash a reference to the node. To resolve the mismatch, delete all references to the autograd graph or ensure that DDP initialization is performed under the same stream as subsequent forwards. If the mismatch is intentional, you can use torch.autograd.graph.set_warn_on_accumulate_grad_stream_mismatch(False) to suppress this warning. (Triggered internally at /pytorch/torch/csrc/autograd/input_buffer.cpp:240.)
  return Variable._execution_engine.run_backward(  # Calls into the C++ engine to run the backward pass
/root/.cache/user_artifacts/devboxes/q4grmdq/trainers/server-megatron-bridge/.venv/lib/python3.12/site-packages/torch/autograd/graph.py:869: UserWarning: The AccumulateGrad node's stream does not match the stream of the node that produced the incoming gradient. This may incur unnecessary synchronization and break CUDA graph capture if the AccumulateGrad node's stream is the default stream. This mismatch is caused by an AccumulateGrad node created prior to the current iteration being kept alive. This can happen if the autograd graph is still being kept alive by tensors such as the loss, or if you are using DDP, which will stash a reference to the node. To resolve the mismatch, delete all references to the autograd graph or ensure that DDP initialization is performed under the same stream as subsequent forwards. If the mismatch is intentional, you can use torch.autograd.graph.set_warn_on_accumulate_grad_stream_mismatch(False) to suppress this warning. (Triggered internally at /pytorch/torch/csrc/autograd/input_buffer.cpp:240.)
  return Variable._execution_engine.run_backward(  # Calls into the C++ engine to run the backward pass
/root/.cache/user_artifacts/devboxes/q4grmdq/trainers/server-megatron-bridge/.venv/lib/python3.12/site-packages/torch/autograd/graph.py:869: UserWarning: The AccumulateGrad node's stream does not match the stream of the node that produced the incoming gradient. This may incur unnecessary synchronization and break CUDA graph capture if the AccumulateGrad node's stream is the default stream. This mismatch is caused by an AccumulateGrad node created prior to the current iteration being kept alive. This can happen if the autograd graph is still being kept alive by tensors such as the loss, or if you are using DDP, which will stash a reference to the node. To resolve the mismatch, delete all references to the autograd graph or ensure that DDP initialization is performed under the same stream as subsequent forwards. If the mismatch is intentional, you can use torch.autograd.graph.set_warn_on_accumulate_grad_stream_mismatch(False) to suppress this warning. (Triggered internally at /pytorch/torch/csrc/autograd/input_buffer.cpp:240.)
  return Variable._execution_engine.run_backward(  # Calls into the C++ engine to run the backward pass
/root/.cache/user_artifacts/devboxes/q4grmdq/trainers/server-megatron-bridge/.venv/lib/python3.12/site-packages/torch/autograd/graph.py:869: UserWarning: The AccumulateGrad node's stream does not match the stream of the node that produced the incoming gradient. This may incur unnecessary synchronization and break CUDA graph capture if the AccumulateGrad node's stream is the default stream. This mismatch is caused by an AccumulateGrad node created prior to the current iteration being kept alive. This can happen if the autograd graph is still being kept alive by tensors such as the loss, or if you are using DDP, which will stash a reference to the node. To resolve the mismatch, delete all references to the autograd graph or ensure that DDP initialization is performed under the same stream as subsequent forwards. If the mismatch is intentional, you can use torch.autograd.graph.set_warn_on_accumulate_grad_stream_mismatch(False) to suppress this warning. (Triggered internally at /pytorch/torch/csrc/autograd/input_buffer.cpp:240.)
  return Variable._execution_engine.run_backward(  # Calls into the C++ engine to run the backward pass
/root/.cache/user_artifacts/devboxes/q4grmdq/trainers/server-megatron-bridge/.venv/lib/python3.12/site-packages/torch/autograd/graph.py:869: UserWarning: The AccumulateGrad node's stream does not match the stream of the node that produced the incoming gradient. This may incur unnecessary synchronization and break CUDA graph capture if the AccumulateGrad node's stream is the default stream. This mismatch is caused by an AccumulateGrad node created prior to the current iteration being kept alive. This can happen if the autograd graph is still being kept alive by tensors such as the loss, or if you are using DDP, which will stash a reference to the node. To resolve the mismatch, delete all references to the autograd graph or ensure that DDP initialization is performed under the same stream as subsequent forwards. If the mismatch is intentional, you can use torch.autograd.graph.set_warn_on_accumulate_grad_stream_mismatch(False) to suppress this warning. (Triggered internally at /pytorch/torch/csrc/autograd/input_buffer.cpp:240.)
  return Variable._execution_engine.run_backward(  # Calls into the C++ engine to run the backward pass
/root/.cache/user_artifacts/devboxes/q4grmdq/trainers/server-megatron-bridge/.venv/lib/python3.12/site-packages/torch/autograd/graph.py:869: UserWarning: The AccumulateGrad node's stream does not match the stream of the node that produced the incoming gradient. This may incur unnecessary synchronization and break CUDA graph capture if the AccumulateGrad node's stream is the default stream. This mismatch is caused by an AccumulateGrad node created prior to the current iteration being kept alive. This can happen if the autograd graph is still being kept alive by tensors such as the loss, or if you are using DDP, which will stash a reference to the node. To resolve the mismatch, delete all references to the autograd graph or ensure that DDP initialization is performed under the same stream as subsequent forwards. If the mismatch is intentional, you can use torch.autograd.graph.set_warn_on_accumulate_grad_stream_mismatch(False) to suppress this warning. (Triggered internally at /pytorch/torch/csrc/autograd/input_buffer.cpp:240.)
  return Variable._execution_engine.run_backward(  # Calls into the C++ engine to run the backward pass
/root/.cache/user_artifacts/devboxes/q4grmdq/trainers/server-megatron-bridge/.venv/lib/python3.12/site-packages/torch/autograd/graph.py:869: UserWarning: The AccumulateGrad node's stream does not match the stream of the node that produced the incoming gradient. This may incur unnecessary synchronization and break CUDA graph capture if the AccumulateGrad node's stream is the default stream. This mismatch is caused by an AccumulateGrad node created prior to the current iteration being kept alive. This can happen if the autograd graph is still being kept alive by tensors such as the loss, or if you are using DDP, which will stash a reference to the node. To resolve the mismatch, delete all references to the autograd graph or ensure that DDP initialization is performed under the same stream as subsequent forwards. If the mismatch is intentional, you can use torch.autograd.graph.set_warn_on_accumulate_grad_stream_mismatch(False) to suppress this warning. (Triggered internally at /pytorch/torch/csrc/autograd/input_buffer.cpp:240.)
  return Variable._execution_engine.run_backward(  # Calls into the C++ engine to run the backward pass
INFO:trainers_server_interface.dp_worker.cuda_memory:release_cached_vram(finalize_model_grads): reserved 97.5 GiB, active 97.1 GiB, reclaimed 0.3 GiB
INFO:trainers_server_interface.dp_worker.cuda_memory:release_cached_vram(finalize_model_grads): reserved 97.5 GiB, active 97.1 GiB, reclaimed 0.3 GiB
INFO:trainers_server_interface.dp_worker.cuda_memory:release_cached_vram(finalize_model_grads): reserved 97.5 GiB, active 97.1 GiB, reclaimed 0.3 GiB
INFO:trainers_server_interface.dp_worker.cuda_memory:release_cached_vram(finalize_model_grads): reserved 97.5 GiB, active 97.1 GiB, reclaimed 0.3 GiB
INFO:trainers_server_interface.dp_worker.cuda_memory:release_cached_vram(finalize_model_grads): reserved 97.5 GiB, active 97.1 GiB, reclaimed 0.3 GiB
INFO:trainers_server_interface.dp_worker.cuda_memory:release_cached_vram(finalize_model_grads): reserved 97.5 GiB, active 97.1 GiB, reclaimed 0.3 GiB
INFO:trainers_server_interface.dp_worker.cuda_memory:release_cached_vram(finalize_model_grads): reserved 97.5 GiB, active 97.1 GiB, reclaimed 0.3 GiB
INFO:trainers_server_interface.dp_worker.cuda_memory:release_cached_vram(finalize_model_grads): reserved 97.5 GiB, active 97.1 GiB, reclaimed 0.3 GiB
INFO:trainers_server_interface.startup:trainer startup phase=warmup_forward_backward rank=7 duration_s=231.247
INFO:trainers_server_interface.startup:trainer startup phase=warmup_forward_backward rank=5 duration_s=231.247
INFO:trainers_server_interface.startup:trainer startup phase=warmup_forward_backward rank=6 duration_s=231.247
INFO:trainers_server_interface.startup:trainer startup phase=warmup_forward_backward rank=1 duration_s=231.247
INFO:trainers_server_interface.startup:trainer startup phase=warmup_forward_backward rank=4 duration_s=231.246
INFO:trainers_server_interface.startup:trainer startup phase=warmup_forward_backward rank=0 duration_s=231.247
INFO:trainers_server_interface.startup:trainer startup phase=warmup_forward_backward rank=2 duration_s=231.249
INFO:trainers_server_interface.startup:trainer startup phase=warmup_forward_backward rank=3 duration_s=231.263
INFO:trainers_server_interface.startup:trainer startup phase=warmup_finalize rank=1 duration_s=0.017 cumulative_s=231.264
INFO:trainers_server_interface.startup:trainer startup phase=warmup_finalize rank=0 duration_s=0.017 cumulative_s=231.264
INFO:trainers_server_interface.startup:trainer startup phase=warmup_finalize rank=2 duration_s=0.015 cumulative_s=231.264
INFO:trainers_server_interface.startup:trainer startup phase=warmup_finalize rank=6 duration_s=0.018 cumulative_s=231.264
INFO:trainers_server_interface.startup:trainer startup phase=warmup_finalize rank=7 duration_s=0.018 cumulative_s=231.264
INFO:trainers_server_interface.startup:trainer startup phase=warmup_finalize rank=5 duration_s=0.018 cumulative_s=231.264
INFO:trainers_server_interface.startup:trainer startup phase=warmup_finalize rank=3 duration_s=0.002 cumulative_s=231.264
INFO:trainers_server_interface.startup:trainer startup phase=warmup_finalize rank=4 duration_s=0.017 cumulative_s=231.264
INFO:trainers_server_interface.startup:trainer startup phase=warmup_finalize rank=14 duration_s=7.725 cumulative_s=231.265
INFO:trainers_server_interface.startup:trainer startup phase=warmup_finalize rank=13 duration_s=7.724 cumulative_s=231.265
INFO:trainers_server_interface.startup:trainer startup phase=warmup_finalize rank=9 duration_s=7.723 cumulative_s=231.265
INFO:trainers_server_interface.startup:trainer startup phase=warmup_finalize rank=12 duration_s=7.723 cumulative_s=231.265
INFO:trainers_server_interface.startup:trainer startup phase=warmup_finalize rank=11 duration_s=7.723 cumulative_s=231.264
INFO:trainers_server_interface.startup:trainer startup phase=warmup_finalize rank=10 duration_s=7.723 cumulative_s=231.264
INFO:trainers_server_interface.startup:trainer startup phase=warmup_finalize rank=8 duration_s=7.716 cumulative_s=231.264
INFO:trainers_server_interface.startup:trainer startup phase=warmup_finalize rank=15 duration_s=7.719 cumulative_s=231.264
INFO:     Started server process [295089]
INFO:     Waiting for application startup.
INFO:     Application startup complete.
INFO:     Uvicorn running on http://0.0.0.0:8001 (Press CTRL+C to quit)
INFO:     10.1.77.49:48830 - "GET /health HTTP/1.1" 200 OK
