waiting_gpu,start_ns,wait_ms,laggard_gpu,laggard_sync_frac,laggard_busy_frac,kind,laggard_top_categories,laggard_nvtx
0,2346570786,15.328,7,0.0,1.017,laggard_gpu_busy,gemm=7.7ms;moe_permute=3.5ms;elementwise=3.5ms,forward|attention
0,2502475673,7.036,1,0.0,1.049,laggard_gpu_busy,gemm=5.0ms;moe_permute=2.2ms;elementwise=0.2ms,forward|attention
0,2576888586,20.296,6,0.0,1.013,laggard_gpu_busy,gemm=7.4ms;elementwise=7.4ms;moe_permute=3.1ms,forward|attention
0,2669458578,11.66,4,0.0,1.026,laggard_gpu_busy,gemm=6.7ms;moe_permute=2.8ms;elementwise=1.7ms,forward|attention
0,2750718740,6.257,5,0.001,1.054,laggard_gpu_busy,gemm=4.2ms;moe_permute=2.4ms;hybridep_meta=0.0ms,forward|attention
0,2894257592,13.663,2,0.0,1.02,laggard_gpu_busy,gemm=5.8ms;elementwise=4.8ms;moe_permute=2.6ms,forward|attention
0,2973424993,15.863,3,0.0,1.016,laggard_gpu_busy,gemm=6.2ms;elementwise=6.2ms;moe_permute=2.9ms,forward|attention
0,3054384416,27.581,6,0.0,1.022,laggard_gpu_busy,gemm=12.8ms;elementwise=8.2ms;moe_permute=3.1ms,forward|attention
0,3150037389,16.181,6,0.0,1.018,laggard_gpu_busy,gemm=6.9ms;elementwise=6.0ms;moe_permute=2.8ms,forward|attention
0,3299604600,16.117,3,0.0,1.017,laggard_gpu_busy,gemm=5.9ms;elementwise=5.9ms;moe_permute=2.6ms,forward|attention
0,3376704530,27.786,2,0.0,1.03,laggard_gpu_busy,gemm=14.3ms;elementwise=7.5ms;moe_permute=3.3ms,forward|attention
0,3477060100,14.658,4,0.0,1.019,laggard_gpu_busy,gemm=7.3ms;elementwise=3.5ms;moe_permute=3.3ms,forward|attention
0,3555151275,29.999,4,0.0,1.033,laggard_gpu_busy,gemm=15.1ms;elementwise=8.5ms;moe_permute=3.3ms,forward|attention
0,3718906227,25.817,3,0.0,1.022,laggard_gpu_busy,gemm=11.8ms;elementwise=7.8ms;moe_permute=3.1ms,forward|attention
0,3897349227,28.333,4,0.0,1.021,laggard_gpu_busy,gemm=13.0ms;elementwise=8.5ms;moe_permute=3.3ms,forward|attention
0,4154506674,25.011,6,0.0,0.994,laggard_gpu_busy,gemm=8.9ms;elementwise=8.7ms;moe_permute=3.5ms,forward|moe
0,4252059906,5.644,4,0.001,1.02,laggard_gpu_busy,gemm=3.3ms;moe_permute=2.4ms;hybridep_meta=0.0ms,forward|attention
0,4325798037,7.628,1,0.0,1.045,laggard_gpu_busy,gemm=5.3ms;moe_permute=2.3ms;elementwise=0.3ms,forward|attention
0,4403756378,8.83,5,0.0,1.035,laggard_gpu_busy,gemm=5.7ms;moe_permute=2.5ms;cat_copy=0.7ms,forward|attention
0,4553230200,9.12,7,0.0,1.035,laggard_gpu_busy,gemm=6.2ms;moe_permute=2.8ms;elementwise=0.3ms,forward|attention
0,4636748864,6.45,6,0.001,1.035,laggard_gpu_busy,gemm=3.8ms;moe_permute=2.9ms;hybridep_meta=0.0ms,forward|attention
0,4716925663,18.934,3,0.0,1.015,laggard_gpu_busy,gemm=7.0ms;elementwise=6.9ms;moe_permute=3.0ms,forward|attention
0,4806958101,20.593,3,0.0,1.013,laggard_gpu_busy,gemm=7.9ms;elementwise=7.8ms;moe_permute=3.2ms,forward|attention
0,4964315761,16.988,2,0.0,1.018,laggard_gpu_busy,gemm=6.9ms;elementwise=6.8ms;moe_permute=2.8ms,forward|attention
0,5042285367,24.316,5,0.0,1.042,laggard_gpu_busy,gemm=12.3ms;elementwise=6.8ms;moe_permute=2.9ms,forward|attention
0,5224273529,20.075,6,0.0,1.014,laggard_gpu_busy,gemm=7.7ms;elementwise=7.6ms;moe_permute=3.0ms,forward|attention
0,5453630035,16.145,6,0.0,0.989,laggard_gpu_busy,gemm=5.8ms;elementwise=5.2ms;moe_permute=2.5ms,forward|attention
0,5534846208,28.399,5,0.0,1.016,laggard_gpu_busy,gemm=12.4ms;elementwise=8.9ms;moe_permute=3.5ms,forward|attention
0,5634819832,7.964,1,0.0,1.047,laggard_gpu_busy,gemm=5.8ms;moe_permute=2.5ms;hybridep_meta=0.0ms,forward|attention
0,5784560845,11.315,2,0.0,1.025,laggard_gpu_busy,gemm=5.8ms;elementwise=2.6ms;moe_permute=2.6ms,forward|attention
0,5954135283,12.426,5,0.0,1.026,laggard_gpu_busy,gemm=6.1ms;elementwise=3.1ms;moe_permute=2.8ms,forward|attention
0,6037808328,11.536,1,0.0,1.025,laggard_gpu_busy,gemm=6.5ms;moe_permute=2.7ms;elementwise=1.8ms,forward|attention
0,6186063148,19.755,6,0.0,1.015,laggard_gpu_busy,gemm=7.4ms;elementwise=7.2ms;moe_permute=3.1ms,forward|attention
0,6276390962,15.641,7,0.0,1.016,laggard_gpu_busy,gemm=6.9ms;elementwise=5.1ms;moe_permute=3.0ms,forward|attention
0,6437059852,17.754,4,0.0,1.015,laggard_gpu_busy,gemm=7.0ms;elementwise=6.9ms;moe_permute=3.1ms,forward|attention
0,6589891335,18.112,7,0.0,1.016,laggard_gpu_busy,gemm=6.7ms;elementwise=6.6ms;moe_permute=2.9ms,forward|attention
0,6676593697,19.592,6,0.0,1.013,laggard_gpu_busy,elementwise=7.8ms;gemm=7.6ms;moe_permute=3.2ms,forward|attention
0,6765105969,14.32,1,0.0,1.019,laggard_gpu_busy,gemm=6.5ms;elementwise=4.6ms;moe_permute=2.8ms,forward|attention
0,6842612475,39.169,1,0.0,1.031,laggard_gpu_busy,gemm=21.2ms;elementwise=10.4ms;moe_permute=3.9ms,forward|attention
0,7100941108,20.068,6,0.0,1.015,laggard_gpu_busy,gemm=7.8ms;elementwise=7.6ms;moe_permute=3.1ms,forward|attention
0,7265163001,34.314,4,0.0,1.027,laggard_gpu_busy,gemm=18.1ms;elementwise=8.8ms;moe_permute=4.0ms,forward|attention
0,7436945145,17.86,6,0.0,1.015,laggard_gpu_busy,gemm=6.8ms;elementwise=6.7ms;moe_permute=3.0ms,forward|attention
0,7521660699,12.847,7,0.0,1.02,laggard_gpu_busy,gemm=5.7ms;elementwise=3.8ms;moe_permute=2.9ms,forward|attention
0,7608724316,7.469,3,0.001,1.035,laggard_gpu_busy,gemm=5.0ms;moe_permute=2.8ms;hybridep_meta=0.0ms,forward|attention
0,7685240849,12.875,2,0.0,1.026,laggard_gpu_busy,gemm=6.1ms;elementwise=3.6ms;moe_permute=2.8ms,forward|attention
0,7829989877,26.579,1,0.0,0.803,laggard_gpu_busy,gemm=7.4ms;elementwise=7.1ms;moe_permute=3.4ms,forward|attention
0,7917744949,25.774,2,0.0,1.02,laggard_gpu_busy,gemm=12.6ms;elementwise=7.1ms;moe_permute=3.1ms,forward|attention
0,8096162810,10.295,4,0.0,1.026,laggard_gpu_busy,gemm=6.8ms;moe_permute=2.9ms;cat_copy=0.5ms,forward|attention
0,8242666995,16.675,1,0.0,1.017,laggard_gpu_busy,elementwise=6.6ms;gemm=6.5ms;moe_permute=2.9ms,forward|attention
0,8324637451,13.442,1,0.0,0.999,laggard_gpu_busy,gemm=5.5ms;elementwise=4.7ms;moe_permute=2.6ms,forward|moe
0,8481645222,23.558,1,0.0,1.012,laggard_gpu_busy,gemm=8.4ms;elementwise=8.0ms;moe_permute=3.7ms,forward|attention
0,8639925841,17.245,6,0.0,1.017,laggard_gpu_busy,gemm=6.3ms;elementwise=6.1ms;moe_permute=2.7ms,forward|attention
0,8726772038,10.939,4,0.0,1.032,laggard_gpu_busy,gemm=6.1ms;moe_permute=2.6ms;elementwise=1.9ms,forward|attention
0,8884928784,15.987,3,0.0,1.02,laggard_gpu_busy,gemm=6.6ms;elementwise=6.1ms;moe_permute=2.8ms,forward|attention
0,9034364973,17.433,6,0.0,1.016,laggard_gpu_busy,gemm=6.3ms;elementwise=6.3ms;moe_permute=2.8ms,forward|attention
0,9111753741,22.555,1,0.0,1.041,laggard_gpu_busy,gemm=11.2ms;elementwise=6.3ms;moe_permute=3.0ms,forward|attention
0,9276098851,21.22,5,0.0,1.013,laggard_gpu_busy,gemm=9.5ms;elementwise=6.2ms;moe_permute=2.8ms,forward|attention
0,9441357093,10.795,4,0.0,1.021,laggard_gpu_busy,gemm=6.3ms;moe_permute=2.9ms;elementwise=1.0ms,forward|attention
0,9511234407,33.611,6,0.0,1.005,laggard_gpu_busy,gemm=18.0ms;elementwise=8.4ms;moe_permute=3.3ms,forward|attention
0,9621107898,9.437,6,0.0,1.033,laggard_gpu_busy,gemm=6.7ms;moe_permute=3.1ms;hybridep_meta=0.0ms,forward|attention
0,9697625495,33.482,1,0.0,1.028,laggard_gpu_busy,gemm=17.1ms;elementwise=9.1ms;moe_permute=3.9ms,forward|lm_head
0,11722093440,354.867,1,0.0,0.095,laggard_gpu_idle(host),gemm=16.9ms;elementwise=9.2ms;moe_permute=3.4ms,backward|moe|recompute
0,12099839854,43.182,1,0.0,1.012,laggard_gpu_busy,gemm=18.3ms;elementwise=10.7ms;cat_copy=7.5ms,backward|recompute
0,12316666425,9.118,6,0.0,1.028,laggard_gpu_busy,gemm=6.3ms;moe_permute=3.0ms;hybridep_meta=0.0ms,backward|recompute
0,12363422572,11.617,6,0.0,1.041,laggard_gpu_busy,gemm=9.1ms;moe_permute=3.0ms;hybridep_meta=0.0ms,backward|recompute
0,12522362998,33.445,6,0.0,1.021,laggard_gpu_busy,gemm=18.5ms;elementwise=8.4ms;moe_permute=3.2ms,backward|recompute
0,12574471630,45.37,6,0.0,1.013,laggard_gpu_busy,gemm=18.1ms;elementwise=10.7ms;cat_copy=10.0ms,backward|recompute
0,12782700651,10.621,4,0.0,1.025,laggard_gpu_busy,gemm=6.4ms;moe_permute=2.7ms;elementwise=1.0ms,backward|recompute
0,12826982304,13.297,4,0.0,1.036,laggard_gpu_busy,gemm=10.8ms;moe_permute=3.0ms;hybridep_meta=0.0ms,backward|recompute
0,12991570609,21.462,5,0.0,1.015,laggard_gpu_busy,gemm=9.7ms;elementwise=6.3ms;moe_permute=2.8ms,backward|recompute
0,13033483751,25.604,5,0.0,1.023,laggard_gpu_busy,gemm=12.3ms;elementwise=6.4ms;moe_permute=3.0ms,backward|recompute
0,13468132234,22.172,1,0.0,1.042,laggard_gpu_busy,gemm=11.2ms;elementwise=6.2ms;moe_permute=2.7ms,backward|recompute
0,13510198402,26.654,1,0.0,1.025,laggard_gpu_busy,gemm=12.9ms;elementwise=7.1ms;moe_permute=2.9ms,backward|recompute
0,13691789996,17.376,6,0.0,1.019,laggard_gpu_busy,gemm=6.3ms;elementwise=6.2ms;moe_permute=2.8ms,backward|recompute
0,13734564781,20.776,6,0.0,1.033,laggard_gpu_busy,gemm=12.6ms;moe_permute=3.0ms;activation=2.6ms,backward|recompute
0,13917864451,16.352,3,0.0,1.018,laggard_gpu_busy,gemm=6.6ms;elementwise=6.4ms;moe_permute=2.8ms,backward|recompute
0,13961565941,19.939,3,0.0,1.038,laggard_gpu_busy,gemm=13.3ms;moe_permute=3.0ms;activation=2.8ms,backward|recompute
0,14344778333,10.957,4,0.0,1.032,laggard_gpu_busy,gemm=6.1ms;moe_permute=2.6ms;elementwise=1.9ms,backward|recompute
0,14385671532,13.365,4,0.0,1.051,laggard_gpu_busy,gemm=11.3ms;moe_permute=2.8ms;hybridep_meta=0.0ms,backward|recompute
0,14554112229,17.752,6,0.0,1.015,laggard_gpu_busy,gemm=6.4ms;elementwise=6.4ms;moe_permute=3.0ms,backward|recompute
0,14597158959,21.249,6,0.0,1.032,laggard_gpu_busy,gemm=12.6ms;moe_permute=3.0ms;activation=2.6ms,backward|recompute
0,14771377075,23.047,1,0.0,1.018,laggard_gpu_busy,gemm=8.6ms;elementwise=7.9ms;moe_permute=3.1ms,backward|recompute
0,14823146382,30.866,1,0.0,1.025,laggard_gpu_busy,gemm=16.3ms;cat_copy=6.0ms;activation=3.3ms,backward|recompute
0,15206832860,12.052,1,0.0,1.023,laggard_gpu_busy,gemm=5.5ms;elementwise=3.9ms;moe_permute=2.4ms,backward|recompute
0,15243858808,14.615,1,0.0,1.046,laggard_gpu_busy,gemm=10.9ms;moe_permute=2.6ms;activation=0.9ms,backward|recompute
0,15418643843,16.553,1,0.0,1.017,laggard_gpu_busy,gemm=6.6ms;elementwise=6.3ms;moe_permute=3.0ms,backward|recompute
0,15462070899,19.868,1,0.0,1.034,laggard_gpu_busy,gemm=12.9ms;moe_permute=3.0ms;activation=2.7ms,backward|recompute
0,15643934617,11.156,4,0.0,1.025,laggard_gpu_busy,gemm=7.0ms;moe_permute=3.3ms;cat_copy=0.8ms,backward|recompute
0,15691684672,13.753,4,0.0,1.03,laggard_gpu_busy,gemm=10.9ms;moe_permute=3.3ms;hybridep_meta=0.0ms,backward|recompute
0,16044121370,25.896,2,0.0,1.02,laggard_gpu_busy,gemm=12.6ms;elementwise=7.2ms;moe_permute=3.1ms,backward|recompute
0,16090764857,30.671,2,0.0,1.023,laggard_gpu_busy,gemm=14.4ms;elementwise=8.6ms;moe_permute=3.2ms,backward|recompute
0,16271968401,25.767,1,0.0,1.011,laggard_gpu_busy,gemm=12.6ms;elementwise=7.0ms;moe_permute=3.0ms,backward|recompute
0,16318565840,31.971,1,0.0,1.021,laggard_gpu_busy,gemm=14.6ms;elementwise=9.3ms;activation=3.3ms,backward|recompute
0,16507085991,13.504,2,0.0,1.021,laggard_gpu_busy,gemm=6.1ms;elementwise=3.9ms;moe_permute=3.1ms,backward|recompute
0,16550040983,16.059,2,0.0,1.054,laggard_gpu_busy,gemm=12.1ms;moe_permute=3.0ms;cat_copy=1.0ms,backward|recompute
0,16729100979,7.532,3,0.0,1.034,laggard_gpu_busy,gemm=5.0ms;moe_permute=2.8ms;hybridep_meta=0.0ms,backward|recompute
0,16773136944,9.03,3,0.0,1.019,laggard_gpu_busy,gemm=6.3ms;moe_permute=2.9ms;hybridep_meta=0.0ms,backward|recompute
0,16937349483,12.776,7,0.0,1.021,laggard_gpu_busy,gemm=5.8ms;elementwise=3.7ms;moe_permute=2.8ms,backward|recompute
0,16978228383,15.292,7,0.0,1.043,laggard_gpu_busy,gemm=11.5ms;moe_permute=2.9ms;cat_copy=1.0ms,backward|recompute
0,17149338643,17.619,6,0.0,1.014,laggard_gpu_busy,gemm=6.8ms;elementwise=6.6ms;moe_permute=3.2ms,backward|recompute
0,17194848164,21.396,6,0.0,1.032,laggard_gpu_busy,gemm=13.4ms;moe_permute=3.2ms;activation=2.8ms,backward|recompute
0,17366225692,36.018,4,0.0,1.027,laggard_gpu_busy,gemm=18.5ms;elementwise=10.2ms;moe_permute=4.0ms,backward|recompute
0,17423592999,46.11,4,0.0,1.014,laggard_gpu_busy,gemm=17.9ms;elementwise=11.2ms;cat_copy=10.3ms,backward|recompute
0,17838856295,20.515,6,0.0,1.015,laggard_gpu_busy,gemm=7.8ms;elementwise=7.7ms;moe_permute=3.2ms,backward|recompute
0,17889460698,27.731,6,0.0,1.026,laggard_gpu_busy,gemm=15.5ms;cat_copy=4.9ms;moe_permute=3.3ms,backward|recompute
0,18282277652,38.566,1,0.0,1.032,laggard_gpu_busy,gemm=20.8ms;elementwise=10.4ms;activation=3.8ms,backward|recompute
0,18343686395,52.88,1,0.0,1.012,laggard_gpu_busy,gemm=20.6ms;elementwise=13.3ms;cat_copy=11.1ms,backward|recompute
0,18551525604,14.155,1,0.0,1.02,laggard_gpu_busy,gemm=6.5ms;elementwise=4.4ms;moe_permute=2.7ms,backward|recompute
0,18595460612,16.798,1,0.0,1.037,laggard_gpu_busy,gemm=12.9ms;moe_permute=2.9ms;cat_copy=1.1ms,backward|recompute
0,18768935626,19.609,6,0.0,1.014,laggard_gpu_busy,gemm=7.7ms;elementwise=7.5ms;moe_permute=3.5ms,backward|recompute
0,18819237535,23.584,6,0.0,1.026,laggard_gpu_busy,gemm=15.1ms;moe_permute=3.4ms;activation=3.3ms,backward|recompute
0,18999815138,18.199,7,0.0,1.015,laggard_gpu_busy,gemm=6.7ms;elementwise=6.7ms;moe_permute=2.9ms,backward|recompute
0,19044610318,22.159,7,0.0,1.029,laggard_gpu_busy,gemm=13.3ms;moe_permute=3.2ms;activation=2.9ms,backward|recompute
0,19221465600,17.965,4,0.0,1.017,laggard_gpu_busy,gemm=7.1ms;elementwise=6.9ms;moe_permute=3.0ms,backward|recompute
0,19268108708,21.393,4,0.0,1.031,laggard_gpu_busy,gemm=14.0ms;moe_permute=3.1ms;activation=2.9ms,backward|recompute
0,19674161496,15.757,7,0.0,1.018,laggard_gpu_busy,gemm=7.0ms;elementwise=5.2ms;moe_permute=3.0ms,backward|recompute
0,19721813225,18.489,7,0.0,1.037,laggard_gpu_busy,gemm=14.0ms;moe_permute=3.2ms;cat_copy=1.2ms,backward|recompute
0,19915060627,20.374,6,0.0,1.014,laggard_gpu_busy,gemm=7.4ms;elementwise=7.4ms;moe_permute=3.2ms,backward|recompute
0,19963879764,24.144,6,0.0,1.027,laggard_gpu_busy,gemm=14.8ms;moe_permute=3.4ms;activation=3.1ms,backward|recompute
0,20149320420,12.134,1,0.0,1.021,laggard_gpu_busy,gemm=6.5ms;moe_permute=2.9ms;elementwise=2.2ms,backward|recompute
0,20194117977,14.668,1,0.0,1.036,laggard_gpu_busy,gemm=12.0ms;moe_permute=3.2ms;hybridep_meta=0.0ms,backward|recompute
0,20364695804,12.605,5,0.0,1.026,laggard_gpu_busy,gemm=6.1ms;elementwise=3.3ms;moe_permute=2.8ms,backward|recompute
0,20407055409,14.953,5,0.0,1.05,laggard_gpu_busy,gemm=12.3ms;moe_permute=2.9ms;cat_copy=0.5ms,backward|recompute
0,20816765351,8.674,2,0.0,1.035,laggard_gpu_busy,gemm=5.8ms;moe_permute=2.5ms;cat_copy=0.4ms,backward|recompute
0,20856952767,10.839,2,0.0,1.046,laggard_gpu_busy,gemm=8.6ms;moe_permute=2.8ms;hybridep_meta=0.0ms,backward|recompute
0,21027865766,8.652,1,0.0,1.045,laggard_gpu_busy,gemm=6.0ms;moe_permute=2.9ms;elementwise=0.1ms,backward|recompute
0,21069692628,10.611,1,0.0,1.047,laggard_gpu_busy,gemm=8.3ms;moe_permute=2.8ms;hybridep_meta=0.0ms,backward|recompute
0,21232359980,27.55,5,0.0,1.018,laggard_gpu_busy,gemm=12.3ms;elementwise=8.4ms;moe_permute=3.3ms,backward|recompute
0,21284968938,36.98,5,0.0,1.016,laggard_gpu_busy,gemm=16.5ms;elementwise=7.6ms;cat_copy=6.5ms,backward|recompute
0,21468781437,16.213,6,0.0,0.977,laggard_gpu_busy,gemm=5.6ms;elementwise=5.2ms;moe_permute=2.5ms,backward|recompute
0,21506371666,18.913,6,0.0,1.036,laggard_gpu_busy,gemm=10.7ms;moe_permute=2.7ms;elementwise=2.5ms,backward|recompute
0,21725990146,5.792,5,0.001,1.038,laggard_gpu_busy,gemm=3.4ms;moe_permute=2.6ms;hybridep_meta=0.0ms,backward|recompute
0,21887962194,20.766,6,0.0,1.012,laggard_gpu_busy,gemm=7.8ms;elementwise=7.8ms;moe_permute=3.4ms,backward|recompute
0,21938698262,29.338,6,0.0,1.023,laggard_gpu_busy,gemm=15.6ms;cat_copy=5.2ms;activation=3.4ms,backward|recompute
0,22328816759,24.68,5,0.0,1.047,laggard_gpu_busy,gemm=12.6ms;elementwise=6.9ms;moe_permute=3.0ms,backward|recompute
0,22374313369,29.256,5,0.0,1.021,laggard_gpu_busy,gemm=13.7ms;elementwise=8.2ms;moe_permute=3.1ms,backward|recompute
0,22562860954,16.939,2,0.0,1.016,laggard_gpu_busy,gemm=6.8ms;elementwise=6.5ms;moe_permute=3.1ms,backward|recompute
0,22607878933,20.895,2,0.0,1.032,laggard_gpu_busy,gemm=13.6ms;moe_permute=3.1ms;activation=3.0ms,backward|recompute
0,22788659342,21.281,3,0.0,1.012,laggard_gpu_busy,gemm=8.0ms;elementwise=8.0ms;moe_permute=3.6ms,backward|recompute
0,22840884747,30.05,3,0.0,1.023,laggard_gpu_busy,gemm=15.8ms;cat_copy=5.3ms;moe_permute=3.6ms,backward|recompute
0,23025879292,18.383,3,0.0,1.017,laggard_gpu_busy,gemm=7.0ms;elementwise=6.8ms;moe_permute=2.9ms,backward|recompute
0,23071803972,22.318,3,0.0,1.034,laggard_gpu_busy,gemm=13.9ms;moe_permute=3.2ms;activation=2.9ms,backward|recompute
0,23262553474,6.68,6,0.001,1.033,laggard_gpu_busy,gemm=4.1ms;moe_permute=2.8ms;hybridep_meta=0.0ms,backward|recompute
0,23306175115,7.933,6,0.0,1.057,laggard_gpu_busy,gemm=5.4ms;moe_permute=3.0ms;hybridep_meta=0.0ms,backward|recompute
0,23481310136,8.963,7,0.0,1.033,laggard_gpu_busy,gemm=6.1ms;moe_permute=2.9ms;elementwise=0.3ms,backward|recompute
0,23524220696,10.799,7,0.0,1.025,laggard_gpu_busy,gemm=8.1ms;moe_permute=2.9ms;hybridep_meta=0.0ms,backward|recompute
0,23689619362,8.813,5,0.0,1.034,laggard_gpu_busy,gemm=5.6ms;moe_permute=2.5ms;cat_copy=0.7ms,backward|recompute
0,23729185941,10.408,5,0.0,1.042,laggard_gpu_busy,gemm=8.2ms;moe_permute=2.6ms;hybridep_meta=0.0ms,backward|recompute
0,23891989085,7.501,1,0.0,1.045,laggard_gpu_busy,gemm=5.2ms;moe_permute=2.3ms;elementwise=0.3ms,backward|recompute
0,23928009504,9.498,1,0.0,1.067,laggard_gpu_busy,gemm=7.6ms;moe_permute=2.5ms;hybridep_meta=0.0ms,backward|recompute
0,24095407333,5.72,4,0.001,1.021,laggard_gpu_busy,gemm=3.4ms;moe_permute=2.4ms;hybridep_meta=0.0ms,backward|recompute
0,24133913065,6.577,4,0.001,1.048,laggard_gpu_busy,gemm=4.3ms;moe_permute=2.6ms;hybridep_meta=0.0ms,backward|recompute
0,24299824040,23.039,6,0.0,1.012,laggard_gpu_busy,gemm=8.4ms;elementwise=7.9ms;moe_permute=3.1ms,backward|recompute
0,24351234367,30.908,6,0.0,1.023,laggard_gpu_busy,gemm=16.1ms;cat_copy=6.1ms;moe_permute=3.3ms,backward|recompute
0,24758341626,28.241,4,0.0,1.02,laggard_gpu_busy,gemm=13.2ms;elementwise=8.4ms;moe_permute=3.3ms,backward|recompute
0,24811537833,36.95,4,0.0,1.016,laggard_gpu_busy,gemm=16.8ms;elementwise=7.7ms;cat_copy=6.3ms,backward|recompute
0,25211369442,27.202,3,0.0,1.021,laggard_gpu_busy,gemm=12.4ms;elementwise=8.2ms;moe_permute=3.3ms,backward|recompute
0,25262173520,35.52,3,0.0,1.017,laggard_gpu_busy,gemm=15.7ms;elementwise=7.7ms;cat_copy=6.1ms,backward|recompute
0,25450664066,29.86,4,0.0,1.034,laggard_gpu_busy,gemm=14.9ms;elementwise=8.3ms;moe_permute=3.7ms,backward|recompute
0,25503826480,40.517,4,0.0,1.016,laggard_gpu_busy,gemm=16.9ms;elementwise=10.4ms;cat_copy=6.7ms,backward|recompute
0,25702826481,14.466,4,0.0,1.024,laggard_gpu_busy,gemm=7.3ms;elementwise=3.7ms;moe_permute=3.0ms,backward|recompute
0,25751045948,18.021,4,0.0,1.041,laggard_gpu_busy,gemm=14.5ms;moe_permute=3.1ms;cat_copy=1.1ms,backward|recompute
0,25912910759,27.943,2,0.0,1.031,laggard_gpu_busy,gemm=14.4ms;elementwise=7.5ms;moe_permute=3.3ms,backward|recompute
0,25960766317,33.996,2,0.0,1.023,laggard_gpu_busy,gemm=15.1ms;elementwise=9.5ms;cat_copy=3.5ms,backward|recompute
0,26147505480,15.815,3,0.0,1.019,laggard_gpu_busy,gemm=6.0ms;elementwise=5.8ms;moe_permute=2.5ms,backward|recompute
0,26187009597,18.994,3,0.0,1.038,laggard_gpu_busy,gemm=11.9ms;moe_permute=2.7ms;activation=2.4ms,backward|recompute
0,26358349628,16.565,6,0.0,1.016,laggard_gpu_busy,gemm=6.9ms;elementwise=6.1ms;moe_permute=3.0ms,backward|recompute
0,26404190959,19.824,6,0.0,1.037,laggard_gpu_busy,gemm=13.8ms;moe_permute=3.1ms;activation=2.5ms,backward|recompute
0,26572398283,27.994,6,0.0,1.028,laggard_gpu_busy,gemm=13.2ms;elementwise=8.3ms;moe_permute=3.3ms,backward|recompute
0,26625599171,36.885,6,0.0,1.015,laggard_gpu_busy,gemm=16.7ms;elementwise=7.6ms;cat_copy=6.3ms,backward|recompute
0,26812577983,16.086,3,0.0,1.018,laggard_gpu_busy,gemm=6.3ms;elementwise=6.3ms;moe_permute=3.0ms,backward|recompute
0,26855418313,19.385,3,0.0,1.041,laggard_gpu_busy,gemm=12.6ms;moe_permute=2.9ms;activation=2.8ms,backward|recompute
0,27033974642,13.387,2,0.0,1.022,laggard_gpu_busy,gemm=5.8ms;elementwise=4.6ms;moe_permute=2.6ms,backward|recompute
0,27074295482,15.925,2,0.0,1.043,laggard_gpu_busy,gemm=11.6ms;moe_permute=2.8ms;activation=1.2ms,backward|recompute
0,27246682799,6.289,5,0.001,1.05,laggard_gpu_busy,gemm=4.2ms;moe_permute=2.4ms;hybridep_meta=0.0ms,backward|recompute
0,27283936748,8.246,5,0.0,1.086,laggard_gpu_busy,gemm=6.4ms;moe_permute=2.6ms;hybridep_meta=0.0ms,backward|recompute
0,27453342136,11.891,4,0.0,1.027,laggard_gpu_busy,gemm=6.7ms;moe_permute=2.8ms;elementwise=1.9ms,backward|recompute
0,27498810758,13.796,4,0.0,1.047,laggard_gpu_busy,gemm=11.5ms;moe_permute=3.0ms;hybridep_meta=0.0ms,backward|recompute
0,27664295485,20.261,6,0.0,1.013,laggard_gpu_busy,gemm=7.5ms;elementwise=7.3ms;moe_permute=3.2ms,backward|recompute
0,27712824212,24.24,6,0.0,1.029,laggard_gpu_busy,gemm=14.8ms;moe_permute=3.1ms;activation=3.1ms,backward|recompute
0,27896725895,6.882,6,0.001,1.044,laggard_gpu_busy,gemm=4.9ms;moe_permute=2.2ms;elementwise=0.1ms,backward|recompute
0,27931656325,8.2,6,0.0,1.047,laggard_gpu_busy,gemm=6.2ms;moe_permute=2.3ms;hybridep_meta=0.0ms,backward|recompute
0,28103415953,14.803,7,0.0,1.019,laggard_gpu_busy,gemm=7.8ms;moe_permute=3.6ms;elementwise=2.7ms,backward|recompute
0,28154396778,19.334,7,0.0,1.035,laggard_gpu_busy,gemm=15.1ms;moe_permute=3.6ms;cat_copy=1.3ms,backward|recompute
1,2186139700,13.405,0,0.0,1.024,laggard_gpu_busy,gemm=6.3ms;elementwise=4.0ms;moe_permute=2.7ms,forward|attention
1,2337816823,24.084,7,0.0,1.01,laggard_gpu_busy,gemm=8.9ms;elementwise=8.3ms;moe_permute=3.5ms,forward|attention
1,2581943271,15.244,6,0.0,1.018,laggard_gpu_busy,gemm=7.4ms;elementwise=4.1ms;moe_permute=3.1ms,forward|attention
1,2662953567,18.167,4,0.0,1.016,laggard_gpu_busy,gemm=6.7ms;elementwise=6.5ms;moe_permute=2.8ms,forward|attention
1,2749051100,7.927,5,0.001,1.041,laggard_gpu_busy,gemm=5.3ms;moe_permute=2.4ms;cat_copy=0.4ms,forward|attention
1,2892560963,15.362,2,0.0,1.017,laggard_gpu_busy,elementwise=5.9ms;gemm=5.8ms;moe_permute=2.6ms,forward|attention
1,2968730679,20.56,3,0.0,1.022,laggard_gpu_busy,gemm=8.7ms;elementwise=6.5ms;moe_permute=2.9ms,forward|attention
1,3063706070,18.262,6,0.0,1.014,laggard_gpu_busy,gemm=8.3ms;elementwise=6.0ms;moe_permute=3.1ms,forward|attention
1,3148380265,17.84,6,0.0,1.016,laggard_gpu_busy,gemm=6.9ms;elementwise=6.7ms;moe_permute=2.8ms,forward|attention
1,3307365602,8.359,3,0.001,1.039,laggard_gpu_busy,gemm=5.9ms;moe_permute=2.6ms;elementwise=0.2ms,forward|attention
1,3379600125,24.892,2,0.0,1.026,laggard_gpu_busy,gemm=11.2ms;elementwise=7.5ms;moe_permute=3.3ms,forward|attention
1,3470949814,20.771,4,0.0,1.013,laggard_gpu_busy,gemm=7.3ms;elementwise=7.2ms;moe_permute=3.3ms,forward|attention
1,3555825693,29.327,4,0.0,1.034,laggard_gpu_busy,gemm=14.4ms;elementwise=8.5ms;moe_permute=3.3ms,forward|attention
1,3724215905,20.509,3,0.0,1.012,laggard_gpu_busy,elementwise=7.8ms;gemm=7.8ms;moe_permute=3.1ms,forward|attention
1,3806799062,20.791,0,0.0,1.019,laggard_gpu_busy,gemm=8.7ms;elementwise=6.4ms;moe_permute=3.1ms,forward|attention
1,3912813278,12.871,4,0.0,1.021,laggard_gpu_busy,gemm=8.4ms;moe_permute=3.3ms;cat_copy=1.0ms,forward|attention
1,3987396887,28.823,0,0.0,1.03,laggard_gpu_busy,gemm=15.6ms;elementwise=7.5ms;moe_permute=3.0ms,forward|attention
1,4154097486,25.422,6,0.0,0.994,laggard_gpu_busy,gemm=9.3ms;elementwise=8.7ms;moe_permute=3.5ms,forward|moe
1,4402996631,9.592,5,0.001,1.032,laggard_gpu_busy,gemm=5.7ms;moe_permute=2.5ms;elementwise=1.1ms,forward|attention
1,4555787780,6.564,7,0.001,1.02,laggard_gpu_busy,gemm=3.9ms;moe_permute=2.8ms;hybridep_meta=0.0ms,forward|attention
1,4623901708,19.3,6,0.0,1.024,laggard_gpu_busy,gemm=8.2ms;elementwise=5.9ms;moe_permute=2.9ms,forward|attention
1,4727106334,8.756,3,0.001,1.035,laggard_gpu_busy,gemm=6.0ms;moe_permute=3.0ms;hybridep_meta=0.0ms,forward|attention
1,4803610278,23.943,3,0.0,1.011,laggard_gpu_busy,gemm=9.4ms;elementwise=7.8ms;moe_permute=3.2ms,forward|attention
1,4967172965,14.134,2,0.0,1.022,laggard_gpu_busy,gemm=6.9ms;elementwise=3.9ms;moe_permute=2.8ms,forward|attention
1,5049163958,17.44,5,0.0,1.016,laggard_gpu_busy,elementwise=6.8ms;gemm=6.8ms;moe_permute=2.9ms,forward|attention
1,5136223341,17.806,0,0.0,1.015,laggard_gpu_busy,elementwise=6.4ms;gemm=6.3ms;moe_permute=2.9ms,forward|attention
1,5233339314,11.012,6,0.0,1.029,laggard_gpu_busy,gemm=7.7ms;moe_permute=3.0ms;cat_copy=0.3ms,forward|attention
1,5383533515,7.659,5,0.001,1.039,laggard_gpu_busy,gemm=5.3ms;moe_permute=2.4ms;elementwise=0.2ms,forward|attention
1,5460449493,9.328,6,0.0,1.031,laggard_gpu_busy,gemm=5.4ms;moe_permute=2.5ms;elementwise=1.1ms,forward|attention
1,5528093753,35.153,5,0.0,1.018,laggard_gpu_busy,gemm=19.3ms;elementwise=8.9ms;moe_permute=3.5ms,forward|attention
1,5784411109,11.468,2,0.0,1.024,laggard_gpu_busy,gemm=5.8ms;elementwise=2.7ms;moe_permute=2.6ms,forward|attention
1,5864041820,20.333,0,0.0,1.012,laggard_gpu_busy,gemm=7.5ms;elementwise=7.5ms;moe_permute=3.2ms,forward|attention
1,5959363952,7.199,5,0.001,1.03,laggard_gpu_busy,gemm=4.7ms;moe_permute=2.8ms;hybridep_meta=0.0ms,forward|attention
1,6185940788,19.881,6,0.0,1.015,laggard_gpu_busy,gemm=7.4ms;elementwise=7.2ms;moe_permute=3.1ms,forward|attention
1,6272248288,19.786,7,0.0,1.013,laggard_gpu_busy,elementwise=6.9ms;gemm=6.9ms;moe_permute=3.0ms,forward|attention
1,6356470171,13.466,0,0.0,1.02,laggard_gpu_busy,gemm=5.6ms;elementwise=4.9ms;moe_permute=2.5ms,forward|attention
1,6446355556,8.461,4,0.001,1.039,laggard_gpu_busy,gemm=5.7ms;moe_permute=3.1ms;hybridep_meta=0.0ms,forward|attention
1,6596268040,11.737,7,0.0,1.026,laggard_gpu_busy,gemm=6.7ms;moe_permute=2.9ms;elementwise=1.7ms,forward|attention
1,6675053433,21.135,6,0.0,1.012,laggard_gpu_busy,elementwise=7.8ms;gemm=7.6ms;moe_permute=3.2ms,forward|attention
1,7016305162,15.306,0,0.0,1.018,laggard_gpu_busy,gemm=6.0ms;elementwise=5.8ms;moe_permute=2.5ms,forward|attention
1,7097744239,23.268,6,0.0,1.038,laggard_gpu_busy,gemm=9.8ms;elementwise=7.6ms;moe_permute=3.1ms,forward|attention
1,7181196805,22.914,0,0.0,1.032,laggard_gpu_busy,gemm=11.1ms;elementwise=6.6ms;moe_permute=2.8ms,forward|attention
1,7270664682,28.815,4,0.0,1.016,laggard_gpu_busy,gemm=12.1ms;elementwise=8.8ms;moe_permute=4.0ms,forward|attention
1,7431670246,23.137,6,0.0,1.041,laggard_gpu_busy,gemm=11.2ms;elementwise=6.7ms;moe_permute=3.0ms,forward|attention
1,7518005363,16.504,7,0.0,1.015,laggard_gpu_busy,gemm=5.7ms;elementwise=5.7ms;moe_permute=2.9ms,forward|attention
1,7599511577,16.683,3,0.0,1.019,laggard_gpu_busy,gemm=6.3ms;elementwise=6.1ms;moe_permute=2.8ms,forward|attention
1,7685742014,12.376,2,0.0,1.027,laggard_gpu_busy,gemm=6.1ms;elementwise=3.1ms;moe_permute=2.8ms,forward|attention
1,7922982301,20.54,2,0.0,1.013,laggard_gpu_busy,gemm=7.1ms;elementwise=7.1ms;moe_permute=3.1ms,forward|attention
1,8090964706,15.496,4,0.0,1.017,laggard_gpu_busy,gemm=6.8ms;elementwise=5.2ms;moe_permute=2.9ms,forward|attention
1,8407214346,7.534,0,0.001,1.043,laggard_gpu_busy,gemm=5.4ms;moe_permute=2.4ms;elementwise=0.1ms,forward|attention
1,8719381585,18.332,4,0.0,1.03,laggard_gpu_busy,gemm=7.7ms;elementwise=5.9ms;moe_permute=2.6ms,forward|attention
1,8799185281,18.866,0,0.0,1.051,laggard_gpu_busy,gemm=8.3ms;elementwise=6.0ms;moe_permute=2.7ms,forward|attention
1,8876791071,24.127,3,0.0,1.034,laggard_gpu_busy,gemm=12.6ms;elementwise=6.4ms;moe_permute=2.8ms,forward|attention
1,9200583589,15.682,0,0.0,1.018,laggard_gpu_busy,gemm=6.3ms;elementwise=6.1ms;moe_permute=2.8ms,forward|attention
1,9283668240,13.653,5,0.0,1.02,laggard_gpu_busy,gemm=6.2ms;elementwise=4.2ms;moe_permute=2.8ms,forward|attention
1,9428052435,24.102,4,0.0,1.036,laggard_gpu_busy,gemm=12.5ms;elementwise=6.5ms;moe_permute=2.9ms,forward|attention
1,9514253720,30.595,6,0.0,1.015,laggard_gpu_busy,gemm=15.3ms;elementwise=8.4ms;moe_permute=3.3ms,forward|attention
1,9605091171,25.456,6,0.0,0.976,laggard_gpu_busy,gemm=11.4ms;elementwise=7.1ms;moe_permute=3.1ms,forward|attention
1,12300819120,24.968,6,0.0,0.977,laggard_gpu_busy,gemm=11.5ms;elementwise=6.7ms;moe_permute=3.0ms,backward|recompute
1,12344658670,30.383,6,0.0,1.019,laggard_gpu_busy,gemm=13.6ms;elementwise=8.4ms;cat_copy=3.0ms,backward|recompute
1,12525503063,30.308,6,0.0,1.016,laggard_gpu_busy,gemm=15.2ms;elementwise=8.4ms;moe_permute=3.2ms,backward|recompute
1,12578012896,41.831,6,0.0,1.011,laggard_gpu_busy,gemm=16.9ms;elementwise=10.7ms;cat_copy=7.6ms,backward|recompute
1,12769292964,24.031,4,0.0,1.04,laggard_gpu_busy,gemm=12.9ms;elementwise=6.4ms;moe_permute=2.7ms,backward|recompute
1,12811059920,29.221,4,0.0,1.019,laggard_gpu_busy,gemm=12.7ms;elementwise=7.8ms;cat_copy=3.6ms,backward|recompute
1,12999243352,13.792,5,0.0,1.022,laggard_gpu_busy,gemm=6.2ms;elementwise=4.4ms;moe_permute=2.8ms,backward|recompute
1,13042624179,16.465,5,0.0,1.037,laggard_gpu_busy,gemm=12.3ms;moe_permute=3.0ms;cat_copy=1.1ms,backward|recompute
1,13211294097,62.887,0,0.0,0.255,laggard_gpu_idle(host),gemm=6.3ms;elementwise=6.2ms;moe_permute=2.8ms,backward|moe|recompute
1,13301117088,18.679,0,0.0,1.037,laggard_gpu_busy,gemm=12.6ms;moe_permute=2.9ms;activation=2.6ms,backward|recompute
1,13909796230,24.422,3,0.0,1.034,laggard_gpu_busy,gemm=12.9ms;elementwise=6.4ms;moe_permute=2.8ms,backward|recompute
1,13952140772,29.366,3,0.0,1.025,laggard_gpu_busy,gemm=13.3ms;elementwise=8.0ms;cat_copy=3.1ms,backward|recompute
1,14127550768,18.898,0,0.0,1.045,laggard_gpu_busy,gemm=8.2ms;elementwise=6.0ms;moe_permute=2.7ms,backward|recompute
1,14167993725,22.646,0,0.0,1.03,laggard_gpu_busy,gemm=11.9ms;elementwise=4.3ms;moe_permute=2.9ms,backward|recompute
1,14336977040,18.762,4,0.0,1.008,laggard_gpu_busy,gemm=7.5ms;elementwise=6.0ms;moe_permute=2.6ms,backward|recompute
1,14376816119,22.224,4,0.0,1.033,laggard_gpu_busy,gemm=12.0ms;elementwise=4.0ms;moe_permute=2.8ms,backward|recompute
1,15007427369,7.671,0,0.0,1.037,laggard_gpu_busy,gemm=5.3ms;moe_permute=2.4ms;elementwise=0.3ms,backward|recompute
1,15044676697,9.729,0,0.0,1.035,laggard_gpu_busy,gemm=7.5ms;moe_permute=2.5ms;hybridep_combine=0.0ms,backward|recompute
1,15638477120,16.616,4,0.0,1.016,laggard_gpu_busy,gemm=7.0ms;elementwise=5.8ms;moe_permute=3.3ms,backward|recompute
1,15685487656,19.951,4,0.0,1.035,laggard_gpu_busy,gemm=13.8ms;moe_permute=3.3ms;activation=2.4ms,backward|recompute
1,15893949315,5.33,7,0.001,1.05,laggard_gpu_busy,gemm=3.3ms;moe_permute=2.3ms;hybridep_meta=0.0ms,backward|recompute
1,16048522191,21.498,2,0.0,1.024,laggard_gpu_busy,gemm=8.2ms;elementwise=7.2ms;moe_permute=3.1ms,backward|recompute
1,16095771009,25.666,2,0.0,1.027,laggard_gpu_busy,gemm=14.4ms;elementwise=3.7ms;moe_permute=3.2ms,backward|recompute
1,16507535719,13.056,2,0.0,1.021,laggard_gpu_busy,gemm=6.1ms;elementwise=3.4ms;moe_permute=3.1ms,backward|recompute
1,16550705588,15.397,2,0.0,1.056,laggard_gpu_busy,gemm=12.1ms;moe_permute=3.0ms;cat_copy=1.0ms,backward|recompute
1,16720055559,16.581,3,0.0,1.017,laggard_gpu_busy,gemm=6.3ms;elementwise=6.1ms;moe_permute=2.8ms,backward|recompute
1,16762443437,19.726,3,0.0,1.041,laggard_gpu_busy,gemm=12.5ms;moe_permute=2.9ms;activation=2.5ms,backward|recompute
1,16933460879,16.667,7,0.0,1.016,laggard_gpu_busy,gemm=5.8ms;elementwise=5.7ms;moe_permute=2.8ms,backward|recompute
1,16973852194,19.67,7,0.0,1.032,laggard_gpu_busy,gemm=11.5ms;moe_permute=2.9ms;activation=2.4ms,backward|recompute
1,17143849756,23.11,6,0.0,1.043,laggard_gpu_busy,gemm=11.2ms;elementwise=6.6ms;moe_permute=3.2ms,backward|recompute
1,17188596183,27.65,6,0.0,1.024,laggard_gpu_busy,gemm=13.4ms;elementwise=7.0ms;moe_permute=3.2ms,backward|recompute
1,17371760457,30.485,4,0.0,1.017,laggard_gpu_busy,gemm=12.6ms;elementwise=10.2ms;moe_permute=4.0ms,backward|recompute
1,17429889663,39.816,4,0.0,1.016,laggard_gpu_busy,gemm=17.9ms;elementwise=8.3ms;cat_copy=6.9ms,backward|recompute
1,17615706090,22.892,0,0.0,1.031,laggard_gpu_busy,gemm=11.1ms;elementwise=6.6ms;moe_permute=2.8ms,backward|recompute
1,17658583732,27.159,0,0.0,1.023,laggard_gpu_busy,gemm=13.2ms;elementwise=7.0ms;moe_permute=2.9ms,backward|recompute
1,17835840496,23.533,6,0.0,1.038,laggard_gpu_busy,gemm=9.9ms;elementwise=7.7ms;moe_permute=3.2ms,backward|recompute
1,17886084829,31.109,6,0.0,1.022,laggard_gpu_busy,gemm=15.5ms;cat_copy=5.8ms;elementwise=4.1ms,backward|recompute
1,18073992295,15.551,0,0.0,1.018,laggard_gpu_busy,gemm=5.9ms;elementwise=5.9ms;moe_permute=2.8ms,backward|recompute
1,18113757978,19.036,0,0.0,1.035,laggard_gpu_busy,gemm=11.8ms;moe_permute=2.7ms;activation=2.6ms,backward|recompute
1,18767457038,21.091,6,0.0,1.013,laggard_gpu_busy,gemm=7.7ms;elementwise=7.5ms;moe_permute=3.5ms,backward|recompute
1,18817334176,25.49,6,0.0,1.023,laggard_gpu_busy,gemm=15.1ms;moe_permute=3.4ms;activation=3.3ms,backward|recompute
1,19006026656,11.989,7,0.0,1.025,laggard_gpu_busy,gemm=6.7ms;moe_permute=2.9ms;elementwise=1.9ms,backward|recompute
1,19051818316,14.953,7,0.0,1.036,laggard_gpu_busy,gemm=12.3ms;moe_permute=3.2ms;hybridep_meta=0.0ms,backward|recompute
1,19230955571,8.478,4,0.001,1.044,laggard_gpu_busy,gemm=5.8ms;moe_permute=3.0ms;hybridep_meta=0.0ms,backward|recompute
1,19279447480,10.056,4,0.0,1.064,laggard_gpu_busy,gemm=7.6ms;moe_permute=3.1ms;hybridep_meta=0.0ms,backward|recompute
1,19462619941,13.102,0,0.0,1.02,laggard_gpu_busy,gemm=5.6ms;elementwise=4.6ms;moe_permute=2.5ms,backward|recompute
1,19500774825,16.153,0,0.0,1.043,laggard_gpu_busy,gemm=11.3ms;moe_permute=2.6ms;activation=2.0ms,backward|recompute
1,19670071253,19.85,7,0.0,1.014,laggard_gpu_busy,gemm=7.0ms;elementwise=6.9ms;moe_permute=3.0ms,backward|recompute
1,19716567143,23.738,7,0.0,1.028,laggard_gpu_busy,gemm=14.0ms;moe_permute=3.2ms;activation=2.9ms,backward|recompute
1,19915424678,20.011,6,0.0,1.015,laggard_gpu_busy,gemm=7.4ms;elementwise=7.4ms;moe_permute=3.2ms,backward|recompute
1,19963979404,24.047,6,0.0,1.027,laggard_gpu_busy,gemm=14.8ms;moe_permute=3.4ms;activation=3.1ms,backward|recompute
1,20370244734,7.058,5,0.001,1.037,laggard_gpu_busy,gemm=4.6ms;moe_permute=2.8ms;hybridep_meta=0.0ms,backward|recompute
1,20413405019,8.606,5,0.001,1.058,laggard_gpu_busy,gemm=6.2ms;moe_permute=2.9ms;hybridep_meta=0.0ms,backward|recompute
1,20575198536,20.374,0,0.0,1.012,laggard_gpu_busy,elementwise=7.5ms;gemm=7.5ms;moe_permute=3.1ms,backward|recompute
1,20624591361,28.875,0,0.0,1.021,laggard_gpu_busy,gemm=15.0ms;cat_copy=5.3ms;activation=3.3ms,backward|recompute
1,20814397722,11.043,2,0.0,1.027,laggard_gpu_busy,gemm=5.8ms;moe_permute=2.5ms;elementwise=2.3ms,backward|recompute
1,20854284216,13.51,2,0.0,1.05,laggard_gpu_busy,gemm=11.4ms;moe_permute=2.8ms;hybridep_meta=0.0ms,backward|recompute
1,21225486745,34.427,5,0.0,1.02,laggard_gpu_busy,gemm=19.4ms;elementwise=8.4ms;moe_permute=3.3ms,backward|recompute
1,21276971622,44.98,5,0.0,1.016,laggard_gpu_busy,gemm=18.9ms;elementwise=10.2ms;cat_copy=9.7ms,backward|recompute
1,21475695348,9.301,6,0.0,1.031,laggard_gpu_busy,gemm=5.4ms;moe_permute=2.5ms;elementwise=1.0ms,backward|recompute
1,21514267461,11.02,6,0.001,1.042,laggard_gpu_busy,gemm=8.8ms;moe_permute=2.7ms;hybridep_meta=0.0ms,backward|recompute
1,21684873958,7.301,5,0.001,1.051,laggard_gpu_busy,gemm=5.3ms;moe_permute=2.4ms;hybridep_meta=0.0ms,backward|recompute
1,21722155787,9.628,5,0.001,1.035,laggard_gpu_busy,gemm=7.3ms;moe_permute=2.6ms;hybridep_meta=0.0ms,backward|recompute
1,21897008597,11.722,6,0.0,1.025,laggard_gpu_busy,gemm=7.8ms;moe_permute=3.4ms;cat_copy=0.4ms,backward|recompute
1,21949430667,18.608,6,0.0,1.039,laggard_gpu_busy,gemm=15.6ms;moe_permute=3.4ms;cat_copy=0.4ms,backward|recompute
1,22120682290,17.633,0,0.0,1.016,laggard_gpu_busy,gemm=6.3ms;elementwise=6.3ms;moe_permute=2.9ms,backward|recompute
1,22164232085,20.543,0,0.0,1.03,laggard_gpu_busy,gemm=12.5ms;moe_permute=3.0ms;activation=2.6ms,backward|recompute
1,22335770094,17.729,5,0.0,1.016,laggard_gpu_busy,elementwise=6.9ms;gemm=6.9ms;moe_permute=3.0ms,backward|recompute
1,22382251247,21.32,5,0.0,1.03,laggard_gpu_busy,gemm=13.7ms;moe_permute=3.1ms;activation=2.9ms,backward|recompute
1,22565429208,14.374,2,0.0,1.019,laggard_gpu_busy,gemm=6.8ms;elementwise=3.9ms;moe_permute=3.1ms,backward|recompute
1,22611004528,17.771,2,0.0,1.038,laggard_gpu_busy,gemm=13.6ms;moe_permute=3.1ms;cat_copy=1.2ms,backward|recompute
1,22785081089,24.861,3,0.0,1.01,laggard_gpu_busy,gemm=9.8ms;elementwise=8.0ms;moe_permute=3.6ms,backward|recompute
1,22836318736,34.618,3,0.0,1.019,laggard_gpu_busy,gemm=15.8ms;cat_copy=6.3ms;elementwise=6.0ms,backward|recompute
1,23036332540,7.931,3,0.001,1.023,laggard_gpu_busy,gemm=5.2ms;moe_permute=2.9ms;hybridep_meta=0.0ms,backward|recompute
1,23084175210,9.949,3,0.0,1.025,laggard_gpu_busy,gemm=7.0ms;moe_permute=3.2ms;hybridep_meta=0.0ms,backward|recompute
1,23249926283,19.308,6,0.0,1.026,laggard_gpu_busy,gemm=8.3ms;elementwise=5.9ms;moe_permute=2.8ms,backward|recompute
1,23291178809,22.931,6,0.0,1.027,laggard_gpu_busy,gemm=12.1ms;elementwise=4.3ms;moe_permute=3.0ms,backward|recompute
1,23484115585,6.159,7,0.001,1.016,laggard_gpu_busy,gemm=3.4ms;moe_permute=2.9ms;hybridep_meta=0.0ms,backward|recompute
1,23527673669,7.347,7,0.001,1.028,laggard_gpu_busy,gemm=4.6ms;moe_permute=2.9ms;hybridep_meta=0.0ms,backward|recompute
1,23688750361,9.684,5,0.001,1.031,laggard_gpu_busy,gemm=5.6ms;moe_permute=2.5ms;elementwise=1.2ms,backward|recompute
1,23728075765,11.52,5,0.0,1.045,laggard_gpu_busy,gemm=9.4ms;moe_permute=2.6ms;hybridep_meta=0.0ms,backward|recompute
1,24299142479,23.723,6,0.0,1.012,laggard_gpu_busy,gemm=9.1ms;elementwise=7.9ms;moe_permute=3.1ms,backward|recompute
1,24350453284,31.692,6,0.0,1.022,laggard_gpu_busy,gemm=16.1ms;cat_copy=6.1ms;elementwise=3.6ms,backward|recompute
1,24526209209,29.632,0,0.0,1.027,laggard_gpu_busy,gemm=15.5ms;elementwise=8.0ms;moe_permute=3.3ms,backward|recompute
1,24574672850,35.204,0,0.0,1.018,laggard_gpu_busy,gemm=14.8ms;elementwise=9.4ms;cat_copy=5.0ms,backward|recompute
1,24773662699,12.922,4,0.0,1.02,laggard_gpu_busy,gemm=8.4ms;moe_permute=3.3ms;cat_copy=1.0ms,backward|recompute
1,24830150098,18.34,4,0.0,1.034,laggard_gpu_busy,gemm=15.6ms;moe_permute=3.3ms;hybridep_meta=0.0ms,backward|recompute
1,24994205365,20.4,0,0.0,1.025,laggard_gpu_busy,gemm=8.7ms;elementwise=6.3ms;moe_permute=2.9ms,backward|recompute
1,25037015416,24.216,0,0.0,1.028,laggard_gpu_busy,gemm=12.6ms;elementwise=4.8ms;moe_permute=3.0ms,backward|recompute
1,25216993046,21.581,3,0.0,1.011,laggard_gpu_busy,elementwise=8.2ms;gemm=7.9ms;moe_permute=3.3ms,backward|recompute
1,25268846160,28.85,3,0.0,1.022,laggard_gpu_busy,gemm=15.7ms;cat_copy=5.1ms;moe_permute=3.3ms,backward|recompute
1,25451374632,29.152,4,0.0,1.035,laggard_gpu_busy,gemm=14.1ms;elementwise=8.3ms;moe_permute=3.7ms,backward|recompute
1,25504589648,39.756,4,0.0,1.017,laggard_gpu_busy,gemm=16.9ms;elementwise=9.6ms;cat_copy=6.7ms,backward|recompute
1,25696778917,20.516,4,0.0,1.017,laggard_gpu_busy,gemm=7.3ms;elementwise=7.2ms;moe_permute=3.0ms,backward|recompute
1,25743698768,25.371,4,0.0,1.028,laggard_gpu_busy,gemm=14.5ms;elementwise=3.2ms;activation=3.2ms,backward|recompute
1,25915802369,25.053,2,0.0,1.022,laggard_gpu_busy,gemm=11.2ms;elementwise=7.5ms;moe_permute=3.3ms,backward|recompute
1,25964031928,30.732,2,0.0,1.025,laggard_gpu_busy,gemm=15.1ms;elementwise=7.6ms;moe_permute=3.4ms,backward|recompute
1,26155257573,8.065,3,0.001,1.047,laggard_gpu_busy,gemm=5.9ms;moe_permute=2.5ms;hybridep_meta=0.0ms,backward|recompute
1,26195880369,10.125,3,0.0,1.055,laggard_gpu_busy,gemm=8.0ms;moe_permute=2.7ms;hybridep_meta=0.0ms,backward|recompute
1,26356519908,18.398,6,0.0,1.015,laggard_gpu_busy,elementwise=7.0ms;gemm=6.9ms;moe_permute=3.0ms,backward|recompute
1,26401967239,22.05,6,0.0,1.033,laggard_gpu_busy,gemm=13.8ms;moe_permute=3.1ms;activation=2.8ms,backward|recompute
1,26581650305,18.745,6,0.0,1.013,laggard_gpu_busy,gemm=8.4ms;elementwise=6.3ms;moe_permute=3.3ms,backward|recompute
1,26636972455,25.514,6,0.0,1.023,laggard_gpu_busy,gemm=16.7ms;cat_copy=5.3ms;moe_permute=3.3ms,backward|recompute
1,26807870825,20.795,3,0.0,1.023,laggard_gpu_busy,gemm=8.9ms;elementwise=6.5ms;moe_permute=3.0ms,backward|recompute
1,26849701352,25.103,3,0.0,1.031,laggard_gpu_busy,gemm=12.6ms;elementwise=5.8ms;moe_permute=2.9ms,backward|recompute
1,27032066588,15.297,2,0.0,1.019,laggard_gpu_busy,gemm=5.8ms;elementwise=5.8ms;moe_permute=2.6ms,backward|recompute
1,27071757959,18.464,2,0.0,1.037,laggard_gpu_busy,gemm=11.6ms;moe_permute=2.8ms;activation=2.4ms,backward|recompute
1,27244886655,8.088,5,0.001,1.04,laggard_gpu_busy,gemm=5.3ms;moe_permute=2.4ms;cat_copy=0.5ms,backward|recompute
1,27281977008,10.208,5,0.001,1.069,laggard_gpu_busy,gemm=8.3ms;moe_permute=2.6ms;hybridep_meta=0.0ms,backward|recompute
1,27447003415,18.233,4,0.0,1.017,laggard_gpu_busy,gemm=6.7ms;elementwise=6.5ms;moe_permute=2.8ms,backward|recompute
1,27491008493,21.6,4,0.0,1.033,laggard_gpu_busy,gemm=13.4ms;moe_permute=3.0ms;activation=2.7ms,backward|recompute
1,27669456666,15.102,6,0.0,1.019,laggard_gpu_busy,gemm=7.5ms;elementwise=3.9ms;moe_permute=3.2ms,backward|recompute
1,27718855909,18.21,6,0.0,1.039,laggard_gpu_busy,gemm=14.8ms;moe_permute=3.1ms;cat_copy=0.9ms,backward|recompute
1,28094665563,23.555,7,0.0,1.011,laggard_gpu_busy,gemm=9.1ms;elementwise=7.5ms;moe_permute=3.6ms,backward|recompute
1,28144104486,29.629,7,0.0,1.022,laggard_gpu_busy,gemm=15.1ms;elementwise=5.9ms;moe_permute=3.6ms,backward|recompute
1,28521501363,13.783,0,0.0,1.022,laggard_gpu_busy,gemm=6.3ms;elementwise=4.3ms;moe_permute=2.7ms,backward|recompute
1,28564385247,16.333,0,0.0,1.044,laggard_gpu_busy,gemm=12.5ms;moe_permute=2.9ms;cat_copy=1.1ms,backward|recompute
2,2187211338,12.334,0,0.0,1.027,laggard_gpu_busy,gemm=6.3ms;elementwise=2.9ms;moe_permute=2.7ms,forward|attention
2,2336353724,25.548,7,0.0,1.013,laggard_gpu_busy,gemm=10.5ms;elementwise=8.3ms;moe_permute=3.5ms,forward|attention
2,2576971980,20.216,6,0.0,1.013,laggard_gpu_busy,gemm=7.4ms;elementwise=7.4ms;moe_permute=3.1ms,forward|attention
2,2663648042,17.473,4,0.0,1.017,laggard_gpu_busy,gemm=6.7ms;elementwise=6.5ms;moe_permute=2.8ms,forward|attention
2,2748571003,8.408,5,0.001,1.038,laggard_gpu_busy,gemm=5.3ms;moe_permute=2.4ms;cat_copy=0.6ms,forward|attention
2,2980877554,8.413,3,0.001,1.042,laggard_gpu_busy,gemm=5.9ms;moe_permute=2.9ms;hybridep_meta=0.0ms,forward|attention
2,3063662100,18.307,6,0.0,1.014,laggard_gpu_busy,gemm=8.3ms;elementwise=6.1ms;moe_permute=3.1ms,forward|attention
2,3149624429,16.597,6,0.0,1.018,laggard_gpu_busy,gemm=6.9ms;elementwise=6.4ms;moe_permute=2.8ms,forward|attention
2,3469825696,21.896,4,0.0,1.013,laggard_gpu_busy,gemm=8.3ms;elementwise=7.2ms;moe_permute=3.3ms,forward|attention
2,3555286216,29.868,4,0.0,1.033,laggard_gpu_busy,gemm=14.9ms;elementwise=8.5ms;moe_permute=3.3ms,forward|attention
2,3723831398,20.895,3,0.0,1.012,laggard_gpu_busy,elementwise=7.8ms;gemm=7.8ms;moe_permute=3.1ms,forward|attention
2,3896171104,29.515,4,0.0,1.02,laggard_gpu_busy,gemm=14.2ms;elementwise=8.5ms;moe_permute=3.3ms,forward|attention
2,4003635270,12.585,0,0.0,1.021,laggard_gpu_busy,gemm=7.4ms;moe_permute=3.0ms;elementwise=1.5ms,forward|attention
2,4151603600,27.917,6,0.0,0.995,laggard_gpu_busy,gemm=11.8ms;elementwise=8.7ms;moe_permute=3.5ms,forward|moe
2,4246028344,11.678,4,0.0,1.024,laggard_gpu_busy,gemm=5.4ms;elementwise=3.5ms;moe_permute=2.4ms,forward|attention
2,4401720154,10.869,5,0.0,1.027,laggard_gpu_busy,gemm=5.7ms;moe_permute=2.5ms;elementwise=2.3ms,forward|attention
2,4546814863,15.538,7,0.0,1.019,laggard_gpu_busy,gemm=6.2ms;elementwise=6.1ms;moe_permute=2.8ms,forward|attention
2,4623696601,19.505,6,0.0,1.026,laggard_gpu_busy,gemm=8.4ms;elementwise=5.9ms;moe_permute=2.9ms,forward|attention
2,4719102024,16.76,3,0.0,1.017,laggard_gpu_busy,gemm=7.0ms;elementwise=6.3ms;moe_permute=3.0ms,forward|attention
2,4805312213,22.242,3,0.0,1.012,laggard_gpu_busy,gemm=7.9ms;elementwise=7.8ms;moe_permute=3.2ms,forward|attention
2,5046090460,20.514,5,0.0,1.025,laggard_gpu_busy,gemm=8.0ms;elementwise=6.8ms;moe_permute=2.9ms,forward|attention
2,5144878179,9.151,0,0.0,1.033,laggard_gpu_busy,gemm=6.3ms;moe_permute=2.9ms;elementwise=0.2ms,forward|attention
2,5215359903,28.992,6,0.0,1.028,laggard_gpu_busy,gemm=15.6ms;elementwise=7.6ms;moe_permute=3.0ms,forward|attention
2,5377372878,13.82,5,0.0,1.019,laggard_gpu_busy,elementwise=5.4ms;gemm=5.3ms;moe_permute=2.4ms,forward|attention
2,5463174776,6.604,6,0.001,1.031,laggard_gpu_busy,gemm=4.3ms;moe_permute=2.5ms;hybridep_meta=0.0ms,forward|attention
2,5537906547,25.341,5,0.0,1.016,laggard_gpu_busy,gemm=9.3ms;elementwise=8.9ms;moe_permute=3.5ms,forward|attention
2,5635758611,7.028,1,0.001,1.035,laggard_gpu_busy,gemm=4.7ms;moe_permute=2.5ms;hybridep_meta=0.0ms,forward|attention
2,5864053945,20.321,0,0.0,1.012,laggard_gpu_busy,gemm=7.5ms;elementwise=7.5ms;moe_permute=3.2ms,forward|attention
2,5951106143,15.457,5,0.0,1.02,laggard_gpu_busy,gemm=6.1ms;elementwise=6.1ms;moe_permute=2.8ms,forward|attention
2,6032685469,16.662,1,0.0,1.016,laggard_gpu_busy,gemm=6.5ms;elementwise=6.3ms;moe_permute=2.7ms,forward|attention
2,6187685403,18.136,6,0.0,1.017,laggard_gpu_busy,gemm=7.4ms;elementwise=7.1ms;moe_permute=3.1ms,forward|attention
2,6273294775,18.741,7,0.0,1.013,laggard_gpu_busy,elementwise=6.9ms;gemm=6.9ms;moe_permute=3.0ms,forward|attention
2,6362738767,7.198,0,0.0,1.039,laggard_gpu_busy,gemm=5.0ms;moe_permute=2.5ms;hybridep_meta=0.0ms,forward|attention
2,6426832426,27.984,4,0.0,1.051,laggard_gpu_busy,gemm=16.2ms;elementwise=6.9ms;moe_permute=3.1ms,forward|attention
2,6597016378,10.99,7,0.0,1.027,laggard_gpu_busy,gemm=6.7ms;moe_permute=2.9ms;elementwise=0.9ms,forward|attention
2,6669779990,26.409,6,0.0,1.032,laggard_gpu_busy,gemm=12.7ms;elementwise=7.8ms;moe_permute=3.2ms,forward|attention
2,6759874227,19.554,1,0.0,1.023,laggard_gpu_busy,gemm=8.0ms;elementwise=6.3ms;moe_permute=2.8ms,forward|attention
2,6854037870,27.747,1,0.0,1.009,laggard_gpu_busy,elementwise=10.4ms;gemm=10.4ms;moe_permute=3.9ms,forward|attention
2,7102149792,18.862,6,0.0,1.016,laggard_gpu_busy,gemm=7.8ms;elementwise=7.3ms;moe_permute=3.1ms,forward|attention
2,7198199657,5.912,0,0.001,1.039,laggard_gpu_busy,gemm=3.4ms;moe_permute=2.8ms;hybridep_meta=0.0ms,forward|attention
2,7275563431,23.916,4,0.0,1.012,laggard_gpu_busy,gemm=9.0ms;elementwise=8.8ms;moe_permute=4.0ms,forward|attention
2,7439339111,15.469,6,0.0,1.018,laggard_gpu_busy,gemm=6.8ms;elementwise=5.1ms;moe_permute=3.0ms,forward|attention
2,7527434485,7.076,7,0.001,1.027,laggard_gpu_busy,gemm=4.4ms;moe_permute=2.9ms;hybridep_meta=0.0ms,forward|attention
2,7595693071,20.503,3,0.0,1.027,laggard_gpu_busy,gemm=9.3ms;elementwise=6.1ms;moe_permute=2.8ms,forward|attention
2,7844251232,12.32,1,0.0,1.023,laggard_gpu_busy,gemm=7.4ms;moe_permute=3.4ms;elementwise=1.0ms,forward|attention
2,8009870518,7.469,7,0.001,1.039,laggard_gpu_busy,gemm=4.8ms;moe_permute=2.1ms;cat_copy=0.6ms,forward|attention
2,8087371464,19.089,4,0.0,1.013,laggard_gpu_busy,gemm=6.8ms;elementwise=6.7ms;moe_permute=2.9ms,forward|attention
2,8247031696,12.314,1,0.0,1.023,laggard_gpu_busy,gemm=6.5ms;moe_permute=2.9ms;elementwise=2.4ms,forward|attention
2,8330219022,7.863,1,0.001,1.004,laggard_gpu_busy,gemm=5.3ms;moe_permute=2.6ms;hybridep_meta=0.0ms,forward|moe
2,8399722531,15.028,0,0.0,1.018,laggard_gpu_busy,gemm=5.4ms;elementwise=5.3ms;moe_permute=2.4ms,forward|attention
2,8483821960,21.384,1,0.0,1.015,laggard_gpu_busy,gemm=8.4ms;elementwise=8.0ms;moe_permute=3.7ms,forward|attention
2,8645287806,11.886,6,0.0,1.025,laggard_gpu_busy,gemm=6.3ms;moe_permute=2.7ms;elementwise=2.4ms,forward|attention
2,8806557778,11.494,0,0.0,1.027,laggard_gpu_busy,gemm=6.0ms;moe_permute=2.7ms;elementwise=2.4ms,forward|attention
2,8889321164,11.597,3,0.0,1.028,laggard_gpu_busy,gemm=6.6ms;moe_permute=2.8ms;elementwise=1.7ms,forward|attention
2,9129113819,5.198,1,0.001,0.851,laggard_gpu_busy,moe_permute=3.0ms;gemm=1.4ms;hybridep_meta=0.0ms,forward|attention
2,9200844833,15.422,0,0.0,1.018,laggard_gpu_busy,gemm=6.3ms;elementwise=5.9ms;moe_permute=2.8ms,forward|attention
2,9282713972,14.607,5,0.0,1.019,laggard_gpu_busy,gemm=6.2ms;elementwise=5.2ms;moe_permute=2.8ms,forward|attention
2,9529558201,15.29,6,0.0,1.017,laggard_gpu_busy,gemm=8.4ms;moe_permute=3.3ms;elementwise=2.9ms,forward|attention
2,9604621368,25.927,6,0.0,0.958,laggard_gpu_busy,gemm=11.4ms;elementwise=7.1ms;moe_permute=3.1ms,forward|attention
2,9711383129,19.728,1,0.0,1.012,laggard_gpu_busy,gemm=9.2ms;elementwise=5.8ms;moe_permute=3.9ms,forward|lm_head
2,11736005710,340.958,1,0.0,0.056,laggard_gpu_idle(host),gemm=8.9ms;elementwise=5.9ms;moe_permute=3.4ms,backward|moe|recompute
2,12116022646,27.002,1,0.0,1.021,laggard_gpu_busy,gemm=18.3ms;cat_copy=5.8ms;moe_permute=3.5ms,backward|recompute
2,12300320285,25.468,6,0.0,0.958,laggard_gpu_busy,gemm=11.5ms;elementwise=6.7ms;moe_permute=3.0ms,backward|recompute
2,12344132764,30.909,6,0.0,1.019,laggard_gpu_busy,gemm=13.6ms;elementwise=8.4ms;cat_copy=3.5ms,backward|recompute
2,12541009640,14.801,6,0.0,1.015,laggard_gpu_busy,gemm=8.3ms;moe_permute=3.2ms;elementwise=2.5ms,backward|recompute
2,12596086626,23.758,6,0.0,1.023,laggard_gpu_busy,gemm=16.9ms;cat_copy=4.0ms;moe_permute=3.4ms,backward|recompute
2,12772670987,20.655,4,0.0,1.028,laggard_gpu_busy,gemm=9.1ms;elementwise=6.4ms;moe_permute=2.7ms,backward|recompute
2,12815019582,25.263,4,0.0,1.022,laggard_gpu_busy,gemm=12.7ms;elementwise=5.6ms;moe_permute=3.0ms,backward|recompute
2,12998261020,14.774,5,0.0,1.02,laggard_gpu_busy,gemm=6.2ms;elementwise=5.4ms;moe_permute=2.8ms,backward|recompute
2,13041302838,17.789,5,0.0,1.034,laggard_gpu_busy,gemm=12.3ms;moe_permute=3.0ms;activation=2.0ms,backward|recompute
2,13211683789,62.498,0,0.0,0.25,laggard_gpu_idle(host),gemm=6.3ms;elementwise=5.8ms;moe_permute=2.8ms,backward|moe|recompute
2,13301621118,18.175,0,0.0,1.038,laggard_gpu_busy,gemm=12.6ms;moe_permute=2.9ms;activation=2.3ms,backward|recompute
2,13531318769,5.537,1,0.001,1.074,laggard_gpu_busy,gemm=3.1ms;moe_permute=2.9ms;hybridep_meta=0.0ms,backward|recompute
2,13703907130,5.262,6,0.001,1.036,laggard_gpu_busy,moe_permute=2.8ms;gemm=2.7ms;hybridep_meta=0.0ms,backward|recompute
2,13748958083,6.386,6,0.001,1.045,laggard_gpu_busy,gemm=3.7ms;moe_permute=3.0ms;hybridep_meta=0.0ms,backward|recompute
2,13922340108,11.878,3,0.0,1.026,laggard_gpu_busy,gemm=6.6ms;moe_permute=2.8ms;elementwise=1.9ms,backward|recompute
2,13967028858,14.479,3,0.0,1.041,laggard_gpu_busy,gemm=12.1ms;moe_permute=3.0ms;hybridep_meta=0.0ms,backward|recompute
2,14134923512,11.526,0,0.0,1.026,laggard_gpu_busy,gemm=6.0ms;moe_permute=2.7ms;elementwise=2.5ms,backward|recompute
2,14176584269,14.057,0,0.0,1.05,laggard_gpu_busy,gemm=11.9ms;moe_permute=2.9ms;hybridep_combine=0.0ms,backward|recompute
2,14559343947,12.523,6,0.0,1.022,laggard_gpu_busy,gemm=6.4ms;moe_permute=3.0ms;elementwise=2.7ms,backward|recompute
2,14603355123,15.055,6,0.0,1.047,laggard_gpu_busy,gemm=12.6ms;moe_permute=3.0ms;cat_copy=0.1ms,backward|recompute
2,14773973063,20.453,1,0.0,1.016,laggard_gpu_busy,gemm=8.1ms;elementwise=7.9ms;moe_permute=3.1ms,backward|recompute
2,14825837040,28.179,1,0.0,1.029,laggard_gpu_busy,gemm=16.3ms;cat_copy=5.2ms;activation=3.3ms,backward|recompute
2,15000100003,14.999,0,0.0,1.017,laggard_gpu_busy,gemm=5.3ms;elementwise=5.3ms;moe_permute=2.4ms,backward|recompute
2,15036197034,18.209,0,0.0,1.027,laggard_gpu_busy,gemm=10.5ms;moe_permute=2.5ms;activation=2.2ms,backward|recompute
2,15212703343,6.185,1,0.001,1.027,laggard_gpu_busy,gemm=4.0ms;moe_permute=2.4ms;hybridep_meta=0.0ms,backward|recompute
2,15250454724,8.023,1,0.001,1.021,laggard_gpu_busy,gemm=5.6ms;moe_permute=2.6ms;hybridep_meta=0.0ms,backward|recompute
2,15422932200,12.268,1,0.0,1.024,laggard_gpu_busy,gemm=6.6ms;moe_permute=3.0ms;elementwise=2.2ms,backward|recompute
2,15467668406,14.273,1,0.0,1.039,laggard_gpu_busy,gemm=11.9ms;moe_permute=3.0ms;hybridep_meta=0.0ms,backward|recompute
2,15635017648,20.075,4,0.0,1.013,laggard_gpu_busy,elementwise=7.3ms;gemm=7.0ms;moe_permute=3.3ms,backward|recompute
2,15681094249,24.346,4,0.0,1.028,laggard_gpu_busy,gemm=13.8ms;moe_permute=3.3ms;elementwise=3.0ms,backward|recompute
2,15856453348,7.91,7,0.001,1.034,laggard_gpu_busy,gemm=4.7ms;moe_permute=2.1ms;elementwise=0.8ms,backward|recompute
2,15889997815,9.282,7,0.001,1.049,laggard_gpu_busy,gemm=7.5ms;moe_permute=2.3ms;hybridep_meta=0.0ms,backward|recompute
2,16286110899,11.627,1,0.0,1.026,laggard_gpu_busy,gemm=7.2ms;moe_permute=3.0ms;elementwise=0.9ms,backward|recompute
2,16335186891,15.354,1,0.0,1.046,laggard_gpu_busy,gemm=12.8ms;moe_permute=3.3ms;hybridep_meta=0.0ms,backward|recompute
2,16716214257,20.422,3,0.0,1.027,laggard_gpu_busy,gemm=9.2ms;elementwise=6.1ms;moe_permute=2.8ms,backward|recompute
2,16757966892,24.203,3,0.0,1.033,laggard_gpu_busy,gemm=12.5ms;elementwise=5.2ms;moe_permute=2.9ms,backward|recompute
2,16942984753,7.144,7,0.001,1.027,laggard_gpu_busy,gemm=4.5ms;moe_permute=2.8ms;hybridep_meta=0.0ms,backward|recompute
2,16985182417,8.341,7,0.001,1.048,laggard_gpu_busy,gemm=5.8ms;moe_permute=2.9ms;hybridep_meta=0.0ms,backward|recompute
2,17151662651,15.298,6,0.0,1.017,laggard_gpu_busy,gemm=6.8ms;elementwise=4.8ms;moe_permute=3.2ms,backward|recompute
2,17197769627,18.478,6,0.0,1.037,laggard_gpu_busy,gemm=13.4ms;moe_permute=3.2ms;activation=1.4ms,backward|recompute
2,17376591212,25.656,4,0.0,1.011,laggard_gpu_busy,elementwise=10.2ms;gemm=9.5ms;moe_permute=4.0ms,backward|recompute
2,17435598680,34.107,4,0.0,1.019,laggard_gpu_busy,gemm=17.9ms;cat_copy=6.4ms;activation=3.8ms,backward|recompute
2,17632574976,6.023,0,0.001,1.039,laggard_gpu_busy,gemm=3.5ms;moe_permute=2.8ms;hybridep_combine=0.0ms,backward|recompute
2,17678704128,7.04,0,0.0,1.034,laggard_gpu_busy,gemm=4.4ms;moe_permute=2.9ms;hybridep_combine=0.0ms,backward|recompute
2,17840099168,19.274,6,0.0,1.016,laggard_gpu_busy,gemm=7.8ms;elementwise=7.7ms;moe_permute=3.2ms,backward|recompute
2,17890961672,26.234,6,0.0,1.027,laggard_gpu_busy,gemm=15.5ms;cat_copy=4.9ms;moe_permute=3.3ms,backward|recompute
2,18293585482,27.261,1,0.0,1.009,laggard_gpu_busy,elementwise=10.4ms;gemm=10.3ms;moe_permute=3.7ms,backward|recompute
2,18357112197,39.457,1,0.0,1.016,laggard_gpu_busy,gemm=20.6ms;cat_copy=7.4ms;activation=4.7ms,backward|recompute
2,18546296809,19.386,1,0.0,1.021,laggard_gpu_busy,gemm=7.9ms;elementwise=6.2ms;moe_permute=2.7ms,backward|recompute
2,18589299702,22.961,1,0.0,1.026,laggard_gpu_busy,gemm=12.9ms;elementwise=3.4ms;moe_permute=2.9ms,backward|recompute
2,18762071504,26.475,6,0.0,1.028,laggard_gpu_busy,gemm=12.6ms;elementwise=7.5ms;moe_permute=3.5ms,backward|recompute
2,18811095919,31.729,6,0.0,1.018,laggard_gpu_busy,gemm=15.1ms;elementwise=8.4ms;moe_permute=3.4ms,backward|recompute
2,19006853612,11.164,7,0.0,1.026,laggard_gpu_busy,gemm=6.7ms;moe_permute=2.9ms;elementwise=1.0ms,backward|recompute
2,19052993715,13.778,7,0.0,1.039,laggard_gpu_busy,gemm=11.2ms;moe_permute=3.2ms;hybridep_meta=0.0ms,backward|recompute
2,19211325906,28.107,4,0.0,1.053,laggard_gpu_busy,gemm=16.3ms;elementwise=6.9ms;moe_permute=3.0ms,backward|recompute
2,19256294927,33.21,4,0.0,1.024,laggard_gpu_busy,gemm=14.9ms;elementwise=8.4ms;cat_copy=4.7ms,backward|recompute
2,19468762713,6.96,0,0.0,1.041,laggard_gpu_busy,gemm=4.8ms;moe_permute=2.5ms;hybridep_meta=0.0ms,backward|recompute
2,19508007526,8.921,0,0.0,1.045,laggard_gpu_busy,gemm=6.7ms;moe_permute=2.6ms;hybridep_meta=0.0ms,backward|recompute
2,19671195630,18.726,7,0.0,1.014,laggard_gpu_busy,gemm=7.0ms;elementwise=6.9ms;moe_permute=3.0ms,backward|recompute
2,19717949819,22.356,7,0.0,1.03,laggard_gpu_busy,gemm=14.0ms;moe_permute=3.2ms;activation=2.9ms,backward|recompute
2,19917034835,18.402,6,0.0,1.016,laggard_gpu_busy,gemm=7.4ms;elementwise=7.3ms;moe_permute=3.2ms,backward|recompute
2,19965942162,22.085,6,0.0,1.03,laggard_gpu_busy,gemm=14.8ms;moe_permute=3.4ms;activation=3.1ms,backward|recompute
2,20144238495,17.218,1,0.0,1.014,laggard_gpu_busy,elementwise=6.7ms;gemm=6.5ms;moe_permute=2.9ms,backward|recompute
2,20188122391,20.667,1,0.0,1.033,laggard_gpu_busy,gemm=13.2ms;moe_permute=3.2ms;activation=2.8ms,backward|recompute
2,20361722596,15.581,5,0.0,1.02,laggard_gpu_busy,gemm=6.1ms;elementwise=6.1ms;moe_permute=2.8ms,backward|recompute
2,20403674476,18.337,5,0.0,1.04,laggard_gpu_busy,gemm=12.3ms;moe_permute=2.9ms;activation=2.5ms,backward|recompute
2,20575400745,20.171,0,0.0,1.012,laggard_gpu_busy,elementwise=7.5ms;gemm=7.5ms;moe_permute=3.1ms,backward|recompute
2,20624613582,28.852,0,0.0,1.021,laggard_gpu_busy,gemm=15.0ms;cat_copy=5.2ms;activation=3.3ms,backward|recompute
2,21028644464,7.876,1,0.001,1.045,laggard_gpu_busy,gemm=5.3ms;moe_permute=2.9ms;hybridep_meta=0.0ms,backward|recompute
2,21070532247,9.773,1,0.0,1.05,laggard_gpu_busy,gemm=7.5ms;moe_permute=2.8ms;hybridep_meta=0.0ms,backward|recompute
2,21235344409,24.57,5,0.0,1.018,laggard_gpu_busy,gemm=9.3ms;elementwise=8.4ms;moe_permute=3.3ms,backward|recompute
2,21288302335,33.65,5,0.0,1.017,laggard_gpu_busy,gemm=16.5ms;cat_copy=6.5ms;elementwise=4.3ms,backward|recompute
2,21478401082,6.595,6,0.001,1.024,laggard_gpu_busy,gemm=4.2ms;moe_permute=2.5ms;hybridep_meta=0.0ms,backward|recompute
2,21517482664,7.805,6,0.001,1.044,laggard_gpu_busy,gemm=5.5ms;moe_permute=2.7ms;hybridep_meta=0.0ms,backward|recompute
2,21678268136,13.907,5,0.0,1.022,laggard_gpu_busy,gemm=5.3ms;elementwise=5.3ms;moe_permute=2.4ms,backward|recompute
2,21714756640,17.027,5,0.0,1.041,laggard_gpu_busy,gemm=10.6ms;moe_permute=2.6ms;activation=2.3ms,backward|recompute
2,21879025054,29.705,6,0.0,1.028,laggard_gpu_busy,gemm=15.7ms;elementwise=7.8ms;moe_permute=3.4ms,backward|recompute
2,21928328292,39.711,6,0.0,1.016,laggard_gpu_busy,gemm=15.6ms;elementwise=9.7ms;cat_copy=8.3ms,backward|recompute
2,22129371645,8.944,0,0.0,1.037,laggard_gpu_busy,gemm=6.3ms;moe_permute=2.9ms;elementwise=0.1ms,backward|recompute
2,22174244000,10.53,0,0.0,1.044,laggard_gpu_busy,gemm=8.0ms;moe_permute=3.0ms;hybridep_meta=0.0ms,backward|recompute
2,22332445187,21.056,5,0.0,1.028,laggard_gpu_busy,gemm=8.4ms;elementwise=6.9ms;moe_permute=3.0ms,backward|recompute
2,22378431379,25.14,5,0.0,1.025,laggard_gpu_busy,gemm=13.7ms;elementwise=4.1ms;moe_permute=3.1ms,backward|recompute
2,22787077212,22.865,3,0.0,1.011,laggard_gpu_busy,gemm=8.0ms;elementwise=8.0ms;moe_permute=3.6ms,backward|recompute
2,22839060289,31.877,3,0.0,1.021,laggard_gpu_busy,gemm=15.8ms;cat_copy=6.3ms;moe_permute=3.6ms,backward|recompute
2,23028005295,16.259,3,0.0,1.02,laggard_gpu_busy,gemm=7.0ms;elementwise=5.9ms;moe_permute=2.9ms,backward|recompute
2,23074378563,19.747,3,0.0,1.038,laggard_gpu_busy,gemm=13.9ms;moe_permute=3.2ms;activation=2.3ms,backward|recompute
2,23249814876,19.421,6,0.0,1.027,laggard_gpu_busy,gemm=8.4ms;elementwise=5.9ms;moe_permute=2.8ms,backward|recompute
2,23290988899,23.123,6,0.0,1.026,laggard_gpu_busy,gemm=12.1ms;elementwise=4.5ms;moe_permute=3.0ms,backward|recompute
2,23475029222,15.247,7,0.0,1.018,laggard_gpu_busy,gemm=6.1ms;elementwise=5.8ms;moe_permute=2.9ms,backward|recompute
2,23516962388,18.059,7,0.0,1.04,laggard_gpu_busy,gemm=12.2ms;moe_permute=2.9ms;activation=2.5ms,backward|recompute
2,23687722051,10.713,5,0.0,1.028,laggard_gpu_busy,gemm=5.6ms;moe_permute=2.5ms;elementwise=2.2ms,backward|recompute
2,23726788664,12.807,5,0.0,1.052,laggard_gpu_busy,gemm=10.8ms;moe_permute=2.6ms;hybridep_meta=0.0ms,backward|recompute
2,23931761490,5.748,1,0.001,1.039,laggard_gpu_busy,gemm=3.4ms;moe_permute=2.5ms;hybridep_meta=0.0ms,backward|recompute
2,24089318575,11.812,4,0.0,1.025,laggard_gpu_busy,gemm=5.4ms;elementwise=3.6ms;moe_permute=2.4ms,backward|recompute
2,24126727669,13.765,4,0.0,1.056,laggard_gpu_busy,gemm=10.9ms;moe_permute=2.6ms;cat_copy=0.9ms,backward|recompute
2,24296802533,26.063,6,0.0,1.014,laggard_gpu_busy,gemm=11.5ms;elementwise=7.9ms;moe_permute=3.1ms,backward|recompute
2,24347746660,34.398,6,0.0,1.02,laggard_gpu_busy,gemm=16.1ms;elementwise=6.3ms;cat_copy=6.1ms,backward|recompute
2,24542462286,13.38,0,0.0,1.02,laggard_gpu_busy,gemm=7.4ms;moe_permute=3.3ms;elementwise=2.0ms,backward|recompute
2,24593950161,15.926,0,0.0,1.024,laggard_gpu_busy,gemm=13.0ms;moe_permute=3.3ms;hybridep_meta=0.0ms,backward|recompute
2,24757189512,29.395,4,0.0,1.02,laggard_gpu_busy,gemm=14.3ms;elementwise=8.4ms;moe_permute=3.3ms,backward|recompute
2,24810130776,38.361,4,0.0,1.015,laggard_gpu_busy,gemm=16.8ms;elementwise=9.1ms;cat_copy=6.3ms,backward|recompute
2,25216655458,21.92,3,0.0,1.011,laggard_gpu_busy,elementwise=8.2ms;gemm=7.9ms;moe_permute=3.3ms,backward|recompute
2,25268246758,29.451,3,0.0,1.022,laggard_gpu_busy,gemm=15.7ms;cat_copy=5.1ms;moe_permute=3.3ms,backward|recompute
2,25450824518,29.703,4,0.0,1.034,laggard_gpu_busy,gemm=14.7ms;elementwise=8.3ms;moe_permute=3.7ms,backward|recompute
2,25504009496,40.336,4,0.0,1.016,laggard_gpu_busy,gemm=16.9ms;elementwise=10.2ms;cat_copy=6.7ms,backward|recompute
2,25695357861,21.937,4,0.0,1.017,laggard_gpu_busy,gemm=8.7ms;elementwise=7.2ms;moe_permute=3.0ms,backward|recompute
2,25742169695,26.9,4,0.0,1.026,laggard_gpu_busy,gemm=14.5ms;elementwise=4.7ms;activation=3.2ms,backward|recompute
2,26357746263,17.172,6,0.0,1.016,laggard_gpu_busy,gemm=6.9ms;elementwise=6.7ms;moe_permute=3.0ms,backward|recompute
2,26403468266,20.55,6,0.0,1.036,laggard_gpu_busy,gemm=13.8ms;moe_permute=3.1ms;activation=2.8ms,backward|recompute
2,26581722927,18.673,6,0.0,1.013,laggard_gpu_busy,gemm=8.4ms;elementwise=6.2ms;moe_permute=3.3ms,backward|recompute
2,26636520435,25.967,6,0.0,1.023,laggard_gpu_busy,gemm=16.7ms;cat_copy=5.3ms;moe_permute=3.3ms,backward|recompute
2,26819967846,8.699,3,0.001,1.044,laggard_gpu_busy,gemm=6.1ms;moe_permute=3.0ms;hybridep_meta=0.0ms,backward|recompute
2,26863812552,10.993,3,0.001,1.035,laggard_gpu_busy,gemm=8.5ms;moe_permute=2.9ms;hybridep_meta=0.0ms,backward|recompute
2,27244320262,8.655,5,0.001,1.037,laggard_gpu_busy,gemm=5.3ms;moe_permute=2.4ms;elementwise=0.7ms,backward|recompute
2,27281561167,10.624,5,0.001,1.067,laggard_gpu_busy,gemm=8.7ms;moe_permute=2.6ms;hybridep_meta=0.0ms,backward|recompute
2,27447806986,17.429,4,0.0,1.017,laggard_gpu_busy,gemm=6.7ms;elementwise=6.5ms;moe_permute=2.8ms,backward|recompute
2,27492079985,20.529,4,0.0,1.035,laggard_gpu_busy,gemm=13.4ms;moe_permute=3.0ms;activation=2.7ms,backward|recompute
2,27664410465,20.149,6,0.0,1.013,laggard_gpu_busy,gemm=7.5ms;elementwise=7.3ms;moe_permute=3.2ms,backward|recompute
2,27712898605,24.168,6,0.0,1.029,laggard_gpu_busy,gemm=14.8ms;moe_permute=3.1ms;activation=3.1ms,backward|recompute
2,28093315626,24.906,7,0.0,1.014,laggard_gpu_busy,gemm=10.6ms;elementwise=7.5ms;moe_permute=3.6ms,backward|recompute
2,28142565341,31.169,7,0.0,1.021,laggard_gpu_busy,gemm=15.1ms;elementwise=7.4ms;moe_permute=3.6ms,backward|recompute
2,28523001090,12.284,0,0.0,1.025,laggard_gpu_busy,gemm=6.3ms;elementwise=2.8ms;moe_permute=2.7ms,backward|recompute
2,28566182820,14.537,0,0.0,1.05,laggard_gpu_busy,gemm=12.4ms;moe_permute=2.9ms;hybridep_meta=0.0ms,backward|recompute
3,2179266297,20.279,0,0.0,1.019,laggard_gpu_busy,gemm=8.6ms;elementwise=6.3ms;moe_permute=2.7ms,forward|attention
3,2344342882,17.559,7,0.0,1.015,laggard_gpu_busy,gemm=7.7ms;elementwise=5.7ms;moe_permute=3.5ms,forward|attention
3,2502889708,6.624,1,0.001,1.055,laggard_gpu_busy,gemm=4.8ms;moe_permute=2.2ms;hybridep_meta=0.0ms,forward|attention
3,2581277384,15.91,6,0.0,1.017,laggard_gpu_busy,gemm=7.4ms;elementwise=4.8ms;moe_permute=3.1ms,forward|attention
3,2665701855,15.418,4,0.0,1.019,laggard_gpu_busy,gemm=6.7ms;elementwise=5.4ms;moe_permute=2.8ms,forward|attention
3,2748200195,8.779,5,0.001,1.037,laggard_gpu_busy,gemm=5.3ms;moe_permute=2.4ms;elementwise=0.9ms,forward|attention
3,2900218574,7.705,2,0.001,1.047,laggard_gpu_busy,gemm=5.5ms;moe_permute=2.6ms;hybridep_meta=0.0ms,forward|attention
3,3047519690,34.448,6,0.0,1.032,laggard_gpu_busy,gemm=20.2ms;elementwise=8.2ms;moe_permute=3.1ms,forward|attention
3,3147089268,19.131,6,0.0,1.015,laggard_gpu_busy,gemm=6.9ms;elementwise=6.7ms;moe_permute=2.8ms,forward|attention
3,3383627385,20.866,2,0.0,1.016,laggard_gpu_busy,gemm=7.5ms;elementwise=7.5ms;moe_permute=3.3ms,forward|attention
3,3474461757,17.259,4,0.0,1.016,laggard_gpu_busy,gemm=7.3ms;elementwise=6.1ms;moe_permute=3.3ms,forward|attention
3,3561488763,23.664,4,0.0,1.011,laggard_gpu_busy,elementwise=8.5ms;gemm=8.4ms;moe_permute=3.3ms,forward|attention
3,3812589043,15.0,0,0.0,1.019,laggard_gpu_busy,gemm=6.4ms;elementwise=5.0ms;moe_permute=3.1ms,forward|attention
3,3890228469,35.457,4,0.0,1.034,laggard_gpu_busy,gemm=20.8ms;elementwise=8.5ms;moe_permute=3.3ms,forward|attention
3,3993422067,22.798,0,0.0,1.011,laggard_gpu_busy,gemm=9.0ms;elementwise=7.5ms;moe_permute=3.0ms,forward|attention
3,4156239968,23.28,6,0.0,0.992,laggard_gpu_busy,elementwise=8.7ms;gemm=8.1ms;moe_permute=3.5ms,forward|moe
3,4246564832,11.142,4,0.0,1.025,laggard_gpu_busy,gemm=5.4ms;elementwise=3.0ms;moe_permute=2.4ms,forward|attention
3,4550066079,12.287,7,0.0,1.025,laggard_gpu_busy,gemm=6.2ms;elementwise=2.9ms;moe_permute=2.8ms,forward|attention
3,4633270999,9.93,6,0.0,1.026,laggard_gpu_busy,gemm=6.0ms;moe_permute=2.9ms;cat_copy=0.7ms,forward|attention
3,4968034989,13.272,2,0.0,1.023,laggard_gpu_busy,gemm=6.9ms;elementwise=3.1ms;moe_permute=2.8ms,forward|attention
3,5058106889,8.497,5,0.001,1.034,laggard_gpu_busy,gemm=5.9ms;moe_permute=2.9ms;hybridep_meta=0.0ms,forward|attention
3,5134922018,19.106,0,0.0,1.031,laggard_gpu_busy,gemm=7.3ms;elementwise=6.4ms;moe_permute=2.9ms,forward|attention
3,5219057028,25.293,6,0.0,1.031,laggard_gpu_busy,gemm=11.9ms;elementwise=7.6ms;moe_permute=3.0ms,forward|attention
3,5461242628,8.535,6,0.001,1.033,laggard_gpu_busy,gemm=5.4ms;moe_permute=2.5ms;cat_copy=0.6ms,forward|attention
3,5537597624,25.649,5,0.0,1.017,laggard_gpu_busy,gemm=9.6ms;elementwise=8.9ms;moe_permute=3.5ms,forward|attention
3,5781178920,14.699,2,0.0,1.018,laggard_gpu_busy,elementwise=5.8ms;gemm=5.8ms;moe_permute=2.6ms,forward|attention
3,5864615571,19.759,0,0.0,1.013,laggard_gpu_busy,gemm=7.5ms;elementwise=7.5ms;moe_permute=3.2ms,forward|attention
3,5949345994,17.218,5,0.0,1.018,laggard_gpu_busy,gemm=6.1ms;elementwise=6.1ms;moe_permute=2.8ms,forward|attention
3,6035893620,13.454,1,0.0,1.021,laggard_gpu_busy,gemm=6.5ms;elementwise=3.8ms;moe_permute=2.7ms,forward|attention
3,6183168804,22.652,6,0.0,1.014,laggard_gpu_busy,gemm=9.2ms;elementwise=7.2ms;moe_permute=3.1ms,forward|attention
3,6282212076,9.822,7,0.001,1.029,laggard_gpu_busy,gemm=6.9ms;moe_permute=3.0ms;elementwise=0.2ms,forward|attention
3,6357799111,12.137,0,0.0,1.023,laggard_gpu_busy,gemm=5.6ms;elementwise=3.6ms;moe_permute=2.5ms,forward|attention
3,6443852172,10.965,4,0.001,1.025,laggard_gpu_busy,gemm=7.0ms;moe_permute=3.1ms;cat_copy=0.8ms,forward|attention
3,6590676471,17.33,7,0.0,1.017,laggard_gpu_busy,gemm=6.7ms;elementwise=6.6ms;moe_permute=2.9ms,forward|attention
3,6682358165,13.83,6,0.0,1.02,laggard_gpu_busy,gemm=7.6ms;moe_permute=3.2ms;elementwise=2.4ms,forward|attention
3,6842806249,38.977,1,0.0,1.032,laggard_gpu_busy,gemm=21.0ms;elementwise=10.4ms;moe_permute=3.9ms,forward|attention
3,7025278780,6.333,0,0.0,1.032,laggard_gpu_busy,gemm=4.0ms;moe_permute=2.5ms;hybridep_meta=0.0ms,forward|attention
3,7094411766,26.6,6,0.0,1.047,laggard_gpu_busy,gemm=13.5ms;elementwise=7.6ms;moe_permute=3.1ms,forward|attention
3,7180843647,23.268,0,0.0,1.032,laggard_gpu_busy,gemm=11.5ms;elementwise=6.6ms;moe_permute=2.8ms,forward|attention
3,7265384629,34.095,4,0.0,1.028,laggard_gpu_busy,gemm=17.9ms;elementwise=8.8ms;moe_permute=4.0ms,forward|attention
3,7445868787,8.939,6,0.001,1.031,laggard_gpu_busy,gemm=6.2ms;moe_permute=3.0ms;hybridep_meta=0.0ms,forward|attention
3,7524228842,10.281,7,0.001,1.025,laggard_gpu_busy,gemm=5.7ms;moe_permute=2.9ms;elementwise=1.3ms,forward|attention
3,7830593329,25.978,1,0.0,0.822,laggard_gpu_busy,gemm=7.4ms;elementwise=7.1ms;moe_permute=3.4ms,forward|attention
3,7929213706,14.308,2,0.0,1.02,laggard_gpu_busy,gemm=7.1ms;elementwise=3.5ms;moe_permute=3.1ms,forward|attention
3,8083389792,23.071,4,0.0,1.029,laggard_gpu_busy,gemm=10.9ms;elementwise=6.7ms;moe_permute=2.9ms,forward|attention
3,8248926250,10.418,1,0.0,1.028,laggard_gpu_busy,gemm=6.5ms;moe_permute=2.9ms;cat_copy=0.8ms,forward|attention
3,8407590510,7.158,0,0.001,1.044,laggard_gpu_busy,gemm=5.1ms;moe_permute=2.4ms;hybridep_meta=0.0ms,forward|attention
3,8481195653,24.01,1,0.0,1.018,laggard_gpu_busy,gemm=8.9ms;elementwise=8.0ms;moe_permute=3.7ms,forward|attention
3,8633460615,23.713,6,0.0,1.015,laggard_gpu_busy,gemm=12.2ms;elementwise=6.1ms;moe_permute=2.7ms,forward|attention
3,8726829898,10.884,4,0.001,1.032,laggard_gpu_busy,gemm=6.1ms;moe_permute=2.6ms;elementwise=1.8ms,forward|attention
3,8805085073,12.966,0,0.0,1.024,laggard_gpu_busy,gemm=6.0ms;elementwise=3.9ms;moe_permute=2.7ms,forward|attention
3,9044374580,7.427,6,0.001,1.028,laggard_gpu_busy,gemm=4.8ms;moe_permute=2.8ms;hybridep_meta=0.0ms,forward|attention
3,9209344665,6.921,0,0.0,1.027,laggard_gpu_busy,gemm=4.3ms;moe_permute=2.8ms;hybridep_meta=0.0ms,forward|attention
3,9276761744,20.559,5,0.0,1.014,laggard_gpu_busy,gemm=8.9ms;elementwise=6.2ms;moe_permute=2.8ms,forward|attention
3,9440452583,11.703,4,0.0,1.019,laggard_gpu_busy,gemm=6.3ms;moe_permute=2.9ms;elementwise=1.9ms,forward|attention
3,9525847928,19.0,6,0.0,1.013,laggard_gpu_busy,gemm=8.4ms;elementwise=6.6ms;moe_permute=3.3ms,forward|attention
3,9697011303,34.099,1,0.0,1.027,laggard_gpu_busy,gemm=17.7ms;elementwise=9.1ms;moe_permute=3.9ms,forward|lm_head
3,11721451034,355.511,1,0.0,0.097,laggard_gpu_idle(host),gemm=17.5ms;elementwise=9.2ms;moe_permute=3.4ms,backward|moe|recompute
3,12099073185,43.95,1,0.0,1.012,laggard_gpu_busy,gemm=18.3ms;elementwise=10.7ms;cat_copy=8.3ms,backward|recompute
3,12369444089,5.597,6,0.001,1.02,laggard_gpu_busy,moe_permute=3.0ms;gemm=2.7ms;hybridep_meta=0.0ms,backward|recompute
3,12536846315,18.964,6,0.0,1.011,laggard_gpu_busy,gemm=8.3ms;elementwise=6.6ms;moe_permute=3.2ms,backward|recompute
3,12591540528,28.304,6,0.0,1.019,laggard_gpu_busy,gemm=16.9ms;cat_copy=5.6ms;moe_permute=3.4ms,backward|recompute
3,12781852982,11.471,4,0.0,1.023,laggard_gpu_busy,gemm=6.4ms;moe_permute=2.7ms;elementwise=1.9ms,backward|recompute
3,12825784009,14.498,4,0.0,1.039,laggard_gpu_busy,gemm=12.1ms;moe_permute=3.0ms;hybridep_meta=0.0ms,backward|recompute
3,12992310994,20.725,5,0.0,1.015,laggard_gpu_busy,gemm=9.0ms;elementwise=6.3ms;moe_permute=2.8ms,backward|recompute
3,13034301616,24.789,5,0.0,1.024,laggard_gpu_busy,gemm=12.3ms;elementwise=5.5ms;moe_permute=3.0ms,backward|recompute
3,13220170854,54.011,0,0.0,0.167,laggard_gpu_idle(host),gemm=6.3ms;moe_permute=2.8ms;hybridep_combine=0.0ms,backward|moe|recompute
3,13311567921,8.227,0,0.0,1.038,laggard_gpu_busy,gemm=5.7ms;moe_permute=2.9ms;hybridep_meta=0.0ms,backward|recompute
3,13531774036,5.081,1,0.001,1.05,laggard_gpu_busy,moe_permute=2.9ms;gemm=2.5ms;hybridep_meta=0.0ms,backward|recompute
3,13701885795,7.283,6,0.001,1.026,laggard_gpu_busy,gemm=4.7ms;moe_permute=2.8ms;hybridep_meta=0.0ms,backward|recompute
3,13746507357,8.836,6,0.001,1.035,laggard_gpu_busy,gemm=6.1ms;moe_permute=3.0ms;hybridep_meta=0.0ms,backward|recompute
3,14133460301,12.988,0,0.0,1.023,laggard_gpu_busy,gemm=6.0ms;elementwise=3.9ms;moe_permute=2.7ms,backward|recompute
3,14175100718,15.539,0,0.0,1.045,laggard_gpu_busy,gemm=11.9ms;moe_permute=2.9ms;cat_copy=1.0ms,backward|recompute
3,14344857464,10.881,4,0.0,1.032,laggard_gpu_busy,gemm=6.1ms;moe_permute=2.6ms;elementwise=1.8ms,backward|recompute
3,14385950739,13.089,4,0.0,1.05,laggard_gpu_busy,gemm=11.0ms;moe_permute=2.8ms;hybridep_meta=0.0ms,backward|recompute
3,14547384323,24.482,6,0.0,1.014,laggard_gpu_busy,gemm=12.5ms;elementwise=6.4ms;moe_permute=3.0ms,backward|recompute
3,14589497481,28.912,6,0.0,1.023,laggard_gpu_busy,gemm=12.6ms;elementwise=7.7ms;cat_copy=3.7ms,backward|recompute
3,14770721134,23.705,1,0.0,1.026,laggard_gpu_busy,gemm=9.5ms;elementwise=7.9ms;moe_permute=3.1ms,backward|recompute
3,14822309467,31.705,1,0.0,1.025,laggard_gpu_busy,gemm=16.3ms;cat_copy=6.1ms;elementwise=3.5ms,backward|recompute
3,15007936336,7.162,0,0.0,1.042,laggard_gpu_busy,gemm=5.1ms;moe_permute=2.4ms;hybridep_combine=0.0ms,backward|recompute
3,15045574630,8.831,0,0.0,1.032,laggard_gpu_busy,gemm=6.6ms;moe_permute=2.5ms;hybridep_meta=0.0ms,backward|recompute
3,15424639268,10.56,1,0.0,1.028,laggard_gpu_busy,gemm=6.6ms;moe_permute=3.0ms;cat_copy=0.8ms,backward|recompute
3,15469059523,12.881,1,0.0,1.043,laggard_gpu_busy,gemm=10.5ms;moe_permute=3.0ms;hybridep_meta=0.0ms,backward|recompute
3,15631224282,23.868,4,0.0,1.023,laggard_gpu_busy,gemm=10.6ms;elementwise=7.3ms;moe_permute=3.3ms,backward|recompute
3,15676562052,28.877,4,0.0,1.023,laggard_gpu_busy,gemm=13.8ms;elementwise=7.5ms;moe_permute=3.3ms,backward|recompute
3,16055566255,14.453,2,0.0,1.02,laggard_gpu_busy,gemm=7.1ms;elementwise=3.6ms;moe_permute=3.1ms,backward|recompute
3,16104261059,17.176,2,0.0,1.042,laggard_gpu_busy,gemm=14.4ms;moe_permute=3.2ms;cat_copy=0.3ms,backward|recompute
3,16272638929,25.099,1,0.0,1.011,laggard_gpu_busy,gemm=12.0ms;elementwise=7.0ms;moe_permute=3.0ms,backward|recompute
3,16319225550,31.314,1,0.0,1.021,laggard_gpu_busy,gemm=14.6ms;elementwise=8.7ms;activation=3.3ms,backward|recompute
3,16515421005,5.171,2,0.001,1.017,laggard_gpu_busy,moe_permute=3.1ms;gemm=2.2ms;hybridep_meta=0.0ms,backward|recompute
3,16559888434,6.213,2,0.001,1.053,laggard_gpu_busy,gemm=3.5ms;moe_permute=3.0ms;hybridep_meta=0.0ms,backward|recompute
3,16939755591,10.372,7,0.001,1.026,laggard_gpu_busy,gemm=5.8ms;moe_permute=2.8ms;elementwise=1.3ms,backward|recompute
3,16981113610,12.41,7,0.0,1.034,laggard_gpu_busy,gemm=9.9ms;moe_permute=2.9ms;hybridep_meta=0.0ms,backward|recompute
3,17158149784,8.81,6,0.001,1.025,laggard_gpu_busy,gemm=5.9ms;moe_permute=3.2ms;hybridep_meta=0.0ms,backward|recompute
3,17205427100,10.82,6,0.0,1.035,laggard_gpu_busy,gemm=8.0ms;moe_permute=3.2ms;hybridep_meta=0.0ms,backward|recompute
3,17366482843,35.763,4,0.0,1.027,laggard_gpu_busy,gemm=18.3ms;elementwise=10.2ms;moe_permute=4.0ms,backward|recompute
3,17423918318,45.787,4,0.0,1.014,laggard_gpu_busy,gemm=17.9ms;elementwise=11.2ms;cat_copy=10.0ms,backward|recompute
3,17615455801,23.142,0,0.0,1.031,laggard_gpu_busy,gemm=11.3ms;elementwise=6.6ms;moe_permute=2.8ms,backward|recompute
3,17658255053,27.487,0,0.0,1.023,laggard_gpu_busy,gemm=13.2ms;elementwise=7.4ms;moe_permute=2.9ms,backward|recompute
3,17832532604,26.841,6,0.0,1.046,laggard_gpu_busy,gemm=13.5ms;elementwise=7.7ms;moe_permute=3.2ms,backward|recompute
3,17882078329,35.116,6,0.0,1.019,laggard_gpu_busy,gemm=15.5ms;elementwise=8.1ms;cat_copy=5.8ms,backward|recompute
3,18082870579,6.673,0,0.001,1.03,laggard_gpu_busy,gemm=4.1ms;moe_permute=2.8ms;hybridep_meta=0.0ms,backward|recompute
3,18124224509,8.569,0,0.0,1.028,laggard_gpu_busy,gemm=6.1ms;moe_permute=2.7ms;hybridep_meta=0.0ms,backward|recompute
3,18282416853,38.43,1,0.0,1.032,laggard_gpu_busy,gemm=20.6ms;elementwise=10.4ms;activation=3.8ms,backward|recompute
3,18344314947,52.253,1,0.0,1.012,laggard_gpu_busy,gemm=20.6ms;elementwise=13.3ms;cat_copy=10.5ms,backward|recompute
3,18774532097,14.015,6,0.0,1.02,laggard_gpu_busy,gemm=7.7ms;moe_permute=3.5ms;elementwise=2.2ms,backward|recompute
3,18825867578,16.957,6,0.0,1.033,laggard_gpu_busy,gemm=14.1ms;moe_permute=3.4ms;hybridep_meta=0.0ms,backward|recompute
3,19000520137,17.495,7,0.0,1.016,laggard_gpu_busy,gemm=6.7ms;elementwise=6.7ms;moe_permute=2.9ms,backward|recompute
3,19045511163,21.261,7,0.0,1.031,laggard_gpu_busy,gemm=13.3ms;moe_permute=3.2ms;activation=2.9ms,backward|recompute
3,19228189347,11.243,4,0.0,1.028,laggard_gpu_busy,gemm=7.1ms;moe_permute=3.0ms;cat_copy=0.8ms,backward|recompute
3,19275818451,13.686,4,0.0,1.048,laggard_gpu_busy,gemm=11.3ms;moe_permute=3.1ms;hybridep_meta=0.0ms,backward|recompute
3,19463840246,11.882,0,0.0,1.022,laggard_gpu_busy,gemm=5.6ms;elementwise=3.4ms;moe_permute=2.5ms,backward|recompute
3,19502201439,14.727,0,0.0,1.048,laggard_gpu_busy,gemm=11.3ms;moe_permute=2.6ms;cat_copy=1.0ms,backward|recompute
3,19679981360,9.939,7,0.0,1.029,laggard_gpu_busy,gemm=7.0ms;moe_permute=3.0ms;elementwise=0.3ms,backward|recompute
3,19728512074,11.792,7,0.0,1.038,laggard_gpu_busy,gemm=9.0ms;moe_permute=3.2ms;hybridep_meta=0.0ms,backward|recompute
3,19912387903,23.048,6,0.0,1.013,laggard_gpu_busy,gemm=9.3ms;elementwise=7.4ms;moe_permute=3.2ms,backward|recompute
3,19960601461,27.425,6,0.0,1.024,laggard_gpu_busy,gemm=14.8ms;elementwise=4.7ms;moe_permute=3.4ms,backward|recompute
3,20147346322,14.109,1,0.0,1.018,laggard_gpu_busy,gemm=6.5ms;elementwise=4.1ms;moe_permute=2.9ms,backward|recompute
3,20191438914,17.349,1,0.0,1.04,laggard_gpu_busy,gemm=13.2ms;moe_permute=3.2ms;cat_copy=1.1ms,backward|recompute
3,20360072105,17.231,5,0.0,1.018,laggard_gpu_busy,gemm=6.1ms;elementwise=6.1ms;moe_permute=2.8ms,backward|recompute
3,20401592732,20.418,5,0.0,1.035,laggard_gpu_busy,gemm=12.3ms;moe_permute=2.9ms;activation=2.5ms,backward|recompute
3,20575906114,19.666,0,0.0,1.012,laggard_gpu_busy,elementwise=7.5ms;gemm=7.5ms;moe_permute=3.1ms,backward|recompute
3,20625254509,28.211,0,0.0,1.022,laggard_gpu_busy,gemm=15.0ms;cat_copy=5.1ms;activation=3.3ms,backward|recompute
3,20810820466,14.621,2,0.0,1.02,laggard_gpu_busy,gemm=5.8ms;elementwise=5.7ms;moe_permute=2.5ms,backward|recompute
3,20850327918,17.466,2,0.0,1.037,laggard_gpu_busy,gemm=11.5ms;moe_permute=2.8ms;activation=2.4ms,backward|recompute
3,21031472738,5.048,1,0.001,1.05,laggard_gpu_busy,moe_permute=2.9ms;gemm=2.4ms;hybridep_meta=0.0ms,backward|recompute
3,21073643356,6.662,1,0.001,1.071,laggard_gpu_busy,gemm=4.3ms;moe_permute=2.8ms;hybridep_meta=0.0ms,backward|recompute
3,21235237427,24.676,5,0.0,1.02,laggard_gpu_busy,gemm=9.4ms;elementwise=8.4ms;moe_permute=3.3ms,backward|recompute
3,21288249767,33.701,5,0.0,1.017,laggard_gpu_busy,gemm=16.5ms;cat_copy=6.5ms;elementwise=4.4ms,backward|recompute
3,21476182535,8.814,6,0.0,1.033,laggard_gpu_busy,gemm=5.4ms;moe_permute=2.5ms;cat_copy=0.6ms,backward|recompute
3,21514853274,10.434,6,0.001,1.033,laggard_gpu_busy,gemm=8.1ms;moe_permute=2.7ms;hybridep_meta=0.0ms,backward|recompute
3,21882828449,25.902,6,0.0,1.029,laggard_gpu_busy,gemm=11.8ms;elementwise=7.8ms;moe_permute=3.4ms,backward|recompute
3,21932819922,35.219,6,0.0,1.018,laggard_gpu_busy,gemm=15.6ms;elementwise=7.4ms;cat_copy=6.1ms,backward|recompute
3,22119378467,18.937,0,0.0,1.033,laggard_gpu_busy,gemm=7.4ms;elementwise=6.3ms;moe_permute=2.9ms,backward|recompute
3,22162441223,22.333,0,0.0,1.027,laggard_gpu_busy,gemm=12.5ms;moe_permute=3.0ms;elementwise=2.9ms,backward|recompute
3,22344796974,8.702,5,0.001,1.036,laggard_gpu_busy,gemm=6.0ms;moe_permute=3.0ms;hybridep_meta=0.0ms,backward|recompute
3,22392959598,10.611,5,0.0,1.042,laggard_gpu_busy,gemm=8.0ms;moe_permute=3.1ms;hybridep_meta=0.0ms,backward|recompute
3,22566778360,13.024,2,0.001,1.021,laggard_gpu_busy,gemm=6.8ms;moe_permute=3.1ms;elementwise=2.6ms,backward|recompute
3,22612313787,16.462,2,0.0,1.041,laggard_gpu_busy,gemm=13.6ms;moe_permute=3.1ms;cat_copy=0.4ms,backward|recompute
3,23259615048,9.62,6,0.0,1.027,laggard_gpu_busy,gemm=6.0ms;moe_permute=2.8ms;cat_copy=0.7ms,backward|recompute
3,23302231625,11.879,6,0.0,1.038,laggard_gpu_busy,gemm=9.4ms;moe_permute=3.0ms;hybridep_meta=0.0ms,backward|recompute
3,23478156523,12.119,7,0.0,1.023,laggard_gpu_busy,gemm=6.1ms;moe_permute=2.9ms;elementwise=2.7ms,backward|recompute
3,23520562890,14.459,7,0.0,1.051,laggard_gpu_busy,gemm=12.2ms;moe_permute=2.9ms;cat_copy=0.0ms,backward|recompute
3,24090013640,11.115,4,0.0,1.027,laggard_gpu_busy,gemm=5.4ms;elementwise=2.9ms;moe_permute=2.4ms,backward|recompute
3,24127664818,12.827,4,0.0,1.06,laggard_gpu_busy,gemm=10.9ms;moe_permute=2.6ms;cat_copy=0.1ms,backward|recompute
3,24301700433,21.165,6,0.0,1.014,laggard_gpu_busy,gemm=8.0ms;elementwise=7.9ms;moe_permute=3.1ms,backward|recompute
3,24353258398,28.886,6,0.0,1.025,laggard_gpu_busy,gemm=16.1ms;cat_copy=5.1ms;moe_permute=3.3ms,backward|recompute
3,24532177817,23.663,0,0.0,1.01,laggard_gpu_busy,gemm=9.0ms;elementwise=8.0ms;moe_permute=3.3ms,backward|recompute
3,24581643982,28.232,0,0.0,1.023,laggard_gpu_busy,gemm=14.8ms;elementwise=5.2ms;moe_permute=3.3ms,backward|recompute
3,24751288959,35.295,4,0.0,1.033,laggard_gpu_busy,gemm=20.8ms;elementwise=8.4ms;moe_permute=3.3ms,backward|recompute
3,24803288273,45.202,4,0.0,1.02,laggard_gpu_busy,gemm=19.9ms;elementwise=10.0ms;cat_copy=9.5ms,backward|recompute
3,25000071608,14.533,0,0.0,1.02,laggard_gpu_busy,gemm=6.3ms;elementwise=4.9ms;moe_permute=2.9ms,backward|recompute
3,25043772011,17.46,0,0.0,1.039,laggard_gpu_busy,gemm=12.6ms;moe_permute=3.0ms;activation=1.4ms,backward|recompute
3,25456937466,23.589,4,0.0,1.011,laggard_gpu_busy,gemm=8.4ms;elementwise=8.3ms;moe_permute=3.7ms,backward|recompute
3,25511232326,33.114,4,0.0,1.02,laggard_gpu_busy,gemm=16.9ms;cat_copy=6.7ms;activation=3.7ms,backward|recompute
3,25699753870,17.541,4,0.0,1.02,laggard_gpu_busy,gemm=7.3ms;elementwise=6.8ms;moe_permute=3.0ms,backward|recompute
3,25747459535,21.609,4,0.0,1.034,laggard_gpu_busy,gemm=14.5ms;activation=3.2ms;moe_permute=3.1ms,backward|recompute
3,25919771999,21.084,2,0.0,1.016,laggard_gpu_busy,gemm=7.6ms;elementwise=7.5ms;moe_permute=3.3ms,backward|recompute
3,25968801967,25.962,2,0.0,1.03,laggard_gpu_busy,gemm=15.1ms;moe_permute=3.4ms;activation=3.3ms,backward|recompute
3,26355464445,19.452,6,0.0,1.014,laggard_gpu_busy,elementwise=7.0ms;gemm=6.9ms;moe_permute=3.0ms,backward|recompute
3,26400672521,23.345,6,0.0,1.031,laggard_gpu_busy,gemm=13.8ms;moe_permute=3.1ms;activation=2.8ms,backward|recompute
3,26565414523,34.98,6,0.0,1.015,laggard_gpu_busy,gemm=19.9ms;elementwise=8.3ms;moe_permute=3.3ms,backward|recompute
3,26617395669,45.092,6,0.0,1.022,laggard_gpu_busy,gemm=19.6ms;elementwise=10.1ms;cat_copy=9.5ms,backward|recompute
3,27040252179,7.111,2,0.001,1.041,laggard_gpu_busy,gemm=4.8ms;moe_permute=2.6ms;hybridep_meta=0.0ms,backward|recompute
3,27081362863,8.86,2,0.001,1.014,laggard_gpu_busy,gemm=6.2ms;moe_permute=2.8ms;hybridep_meta=0.0ms,backward|recompute
3,27244109066,8.866,5,0.001,1.036,laggard_gpu_busy,gemm=5.3ms;moe_permute=2.4ms;elementwise=0.9ms,backward|recompute
3,27280946900,11.239,5,0.0,1.065,laggard_gpu_busy,gemm=9.4ms;moe_permute=2.6ms;hybridep_meta=0.0ms,backward|recompute
3,27449775702,15.459,4,0.0,1.02,laggard_gpu_busy,gemm=6.7ms;elementwise=5.5ms;moe_permute=2.8ms,backward|recompute
3,27494395291,18.213,4,0.0,1.04,laggard_gpu_busy,gemm=13.4ms;moe_permute=3.0ms;activation=1.4ms,backward|recompute
3,27668636731,15.922,6,0.0,1.018,laggard_gpu_busy,gemm=7.5ms;elementwise=4.7ms;moe_permute=3.2ms,backward|recompute
3,27717779348,19.288,6,0.0,1.037,laggard_gpu_busy,gemm=14.8ms;moe_permute=3.1ms;cat_copy=1.3ms,backward|recompute
3,27897319090,6.291,6,0.001,1.049,laggard_gpu_busy,gemm=4.4ms;moe_permute=2.2ms;hybridep_meta=0.0ms,backward|recompute
3,27932293191,7.565,6,0.001,1.045,laggard_gpu_busy,gemm=5.6ms;moe_permute=2.3ms;hybridep_meta=0.0ms,backward|recompute
3,28101252394,16.97,7,0.0,1.016,laggard_gpu_busy,gemm=7.8ms;elementwise=4.9ms;moe_permute=3.6ms,backward|recompute
3,28151684658,22.049,7,0.0,1.03,laggard_gpu_busy,gemm=15.1ms;moe_permute=3.6ms;activation=2.7ms,backward|recompute
3,28515141281,20.144,0,0.0,1.015,laggard_gpu_busy,gemm=8.5ms;elementwise=6.3ms;moe_permute=2.7ms,backward|recompute
3,28556610944,24.108,0,0.0,1.029,laggard_gpu_busy,gemm=12.5ms;elementwise=5.0ms;moe_permute=2.9ms,backward|recompute
4,2185259891,14.286,0,0.0,1.023,laggard_gpu_busy,gemm=6.3ms;elementwise=4.8ms;moe_permute=2.7ms,forward|attention
4,2266429061,6.031,3,0.001,1.045,laggard_gpu_busy,gemm=4.2ms;moe_permute=2.1ms;hybridep_meta=0.0ms,forward|attention
4,2337459537,24.442,7,0.0,1.012,laggard_gpu_busy,gemm=9.3ms;elementwise=8.3ms;moe_permute=3.5ms,forward|attention
4,2501286788,8.227,1,0.0,1.038,laggard_gpu_busy,gemm=5.0ms;moe_permute=2.2ms;elementwise=0.8ms,forward|attention
4,2574824041,22.364,6,0.0,1.019,laggard_gpu_busy,gemm=8.7ms;elementwise=7.4ms;moe_permute=3.1ms,forward|attention
4,2750544531,6.435,5,0.001,1.052,laggard_gpu_busy,gemm=4.4ms;moe_permute=2.4ms;hybridep_meta=0.0ms,forward|attention
4,2889952976,17.971,2,0.0,1.014,laggard_gpu_busy,gemm=6.9ms;elementwise=5.9ms;moe_permute=2.6ms,forward|attention
4,2982507477,6.783,3,0.001,1.027,laggard_gpu_busy,gemm=4.1ms;moe_permute=2.9ms;hybridep_meta=0.0ms,forward|attention
4,3049218645,32.75,6,0.0,1.033,laggard_gpu_busy,gemm=18.5ms;elementwise=8.2ms;moe_permute=3.1ms,forward|attention
4,3154747709,11.473,6,0.0,1.027,laggard_gpu_busy,gemm=6.9ms;moe_permute=2.8ms;elementwise=1.3ms,forward|attention
4,3307609921,8.114,3,0.001,1.045,laggard_gpu_busy,gemm=5.9ms;moe_permute=2.6ms;hybridep_meta=0.0ms,forward|attention
4,3388779416,15.714,2,0.0,1.022,laggard_gpu_busy,gemm=7.5ms;elementwise=4.4ms;moe_permute=3.3ms,forward|attention
4,3734691242,10.035,3,0.0,1.029,laggard_gpu_busy,gemm=7.2ms;moe_permute=3.1ms;hybridep_meta=0.0ms,forward|attention
4,3809489070,18.102,0,0.0,1.015,laggard_gpu_busy,elementwise=6.4ms;gemm=6.4ms;moe_permute=3.1ms,forward|attention
4,3996027635,20.194,0,0.0,1.012,laggard_gpu_busy,elementwise=7.5ms;gemm=7.4ms;moe_permute=3.0ms,forward|attention
4,4154124947,25.396,6,0.0,0.994,laggard_gpu_busy,gemm=9.2ms;elementwise=8.7ms;moe_permute=3.5ms,forward|moe
4,4323849290,9.579,1,0.0,1.035,laggard_gpu_busy,gemm=5.3ms;moe_permute=2.3ms;elementwise=1.8ms,forward|attention
4,4395969619,16.619,5,0.0,1.023,laggard_gpu_busy,gemm=6.1ms;elementwise=5.7ms;moe_permute=2.5ms,forward|attention
4,4543990058,18.363,7,0.0,1.03,laggard_gpu_busy,gemm=7.1ms;elementwise=6.1ms;moe_permute=2.8ms,forward|attention
4,4633496006,9.706,6,0.0,1.026,laggard_gpu_busy,gemm=6.0ms;moe_permute=2.9ms;cat_copy=0.7ms,forward|attention
4,4711216104,24.646,3,0.0,1.03,laggard_gpu_busy,gemm=12.2ms;elementwise=6.9ms;moe_permute=3.0ms,forward|attention
4,4799340693,28.212,3,0.0,1.009,laggard_gpu_busy,gemm=13.7ms;elementwise=7.8ms;moe_permute=3.2ms,forward|attention
4,4961063706,20.242,2,0.0,1.017,laggard_gpu_busy,gemm=7.7ms;elementwise=6.8ms;moe_permute=2.8ms,forward|attention
4,5046970705,19.633,5,0.0,1.016,laggard_gpu_busy,gemm=6.9ms;elementwise=6.8ms;moe_permute=2.9ms,forward|attention
4,5138440769,15.589,0,0.0,1.017,laggard_gpu_busy,gemm=6.3ms;elementwise=5.8ms;moe_permute=2.9ms,forward|attention
4,5225211040,19.14,6,0.0,1.015,laggard_gpu_busy,gemm=7.7ms;elementwise=7.6ms;moe_permute=3.0ms,forward|attention
4,5380124351,11.069,5,0.0,1.025,laggard_gpu_busy,gemm=5.3ms;elementwise=3.0ms;moe_permute=2.4ms,forward|attention
4,5531227670,32.02,5,0.0,1.02,laggard_gpu_busy,gemm=16.2ms;elementwise=8.9ms;moe_permute=3.5ms,forward|attention
4,5625274817,17.512,1,0.0,1.034,laggard_gpu_busy,gemm=7.2ms;elementwise=5.7ms;moe_permute=2.5ms,forward|attention
4,5789711494,6.167,2,0.001,1.036,laggard_gpu_busy,gemm=3.8ms;moe_permute=2.6ms;hybridep_meta=0.0ms,forward|attention
4,5868741580,15.633,0,0.0,1.017,laggard_gpu_busy,gemm=7.5ms;elementwise=4.3ms;moe_permute=3.2ms,forward|attention
4,5960477272,6.087,5,0.001,1.036,laggard_gpu_busy,gemm=3.6ms;moe_permute=2.8ms;hybridep_meta=0.0ms,forward|attention
4,6041590196,7.758,1,0.001,1.028,laggard_gpu_busy,gemm=5.3ms;moe_permute=2.7ms;hybridep_meta=0.0ms,forward|attention
4,6183919833,21.902,6,0.0,1.015,laggard_gpu_busy,gemm=8.5ms;elementwise=7.2ms;moe_permute=3.1ms,forward|attention
4,6276113547,15.922,7,0.0,1.016,laggard_gpu_busy,gemm=6.9ms;elementwise=5.4ms;moe_permute=3.0ms,forward|attention
4,6593959349,14.047,7,0.0,1.021,laggard_gpu_busy,gemm=6.7ms;elementwise=4.0ms;moe_permute=2.9ms,forward|attention
4,6673118172,23.071,6,0.0,1.025,laggard_gpu_busy,gemm=9.1ms;elementwise=7.8ms;moe_permute=3.2ms,forward|attention
4,6757946527,21.482,1,0.0,1.037,laggard_gpu_busy,gemm=10.2ms;elementwise=6.3ms;moe_permute=2.8ms,forward|attention
4,6841445076,40.339,1,0.0,1.032,laggard_gpu_busy,gemm=22.4ms;elementwise=10.4ms;moe_permute=3.9ms,forward|attention
4,7023624096,7.989,0,0.0,1.04,laggard_gpu_busy,gemm=5.8ms;moe_permute=2.5ms;hybridep_meta=0.0ms,forward|attention
4,7115063209,5.949,6,0.001,1.041,laggard_gpu_busy,moe_permute=3.1ms;gemm=3.0ms;hybridep_meta=0.0ms,forward|attention
4,7194712726,9.4,0,0.0,1.03,laggard_gpu_busy,gemm=6.6ms;moe_permute=2.8ms;elementwise=0.3ms,forward|attention
4,7436877981,17.93,6,0.0,1.015,laggard_gpu_busy,gemm=6.8ms;elementwise=6.7ms;moe_permute=3.0ms,forward|attention
4,7528156005,6.354,7,0.001,1.03,laggard_gpu_busy,gemm=3.7ms;moe_permute=2.9ms;hybridep_meta=0.0ms,forward|attention
4,7603732391,12.464,3,0.001,1.026,laggard_gpu_busy,gemm=6.3ms;elementwise=3.0ms;moe_permute=2.8ms,forward|attention
4,7684985307,13.134,2,0.0,1.026,laggard_gpu_busy,gemm=6.1ms;elementwise=3.9ms;moe_permute=2.8ms,forward|attention
4,7834054703,22.517,1,0.0,0.948,laggard_gpu_busy,gemm=7.4ms;elementwise=7.1ms;moe_permute=3.4ms,forward|attention
4,7927758890,15.763,2,0.0,1.018,laggard_gpu_busy,gemm=7.1ms;elementwise=4.9ms;moe_permute=3.1ms,forward|attention
4,8008242389,9.096,7,0.001,1.031,laggard_gpu_busy,gemm=4.8ms;moe_permute=2.1ms;elementwise=1.9ms,forward|attention
4,8240150190,19.195,1,0.0,1.018,laggard_gpu_busy,gemm=7.0ms;elementwise=6.6ms;moe_permute=2.9ms,forward|attention
4,8324964617,13.118,1,0.0,0.999,laggard_gpu_busy,gemm=5.5ms;elementwise=4.4ms;moe_permute=2.6ms,forward|moe
4,8405051791,9.699,0,0.0,1.029,laggard_gpu_busy,gemm=5.4ms;moe_permute=2.4ms;elementwise=1.6ms,forward|attention
4,8476256437,28.949,1,0.0,1.035,laggard_gpu_busy,gemm=14.5ms;elementwise=8.0ms;moe_permute=3.7ms,forward|attention
4,8635048500,22.125,6,0.0,1.016,laggard_gpu_busy,gemm=10.7ms;elementwise=6.1ms;moe_permute=2.7ms,forward|attention
4,8801598822,16.454,0,0.0,1.018,laggard_gpu_busy,elementwise=6.0ms;gemm=6.0ms;moe_permute=2.7ms,forward|attention
4,8891264277,9.654,3,0.0,1.035,laggard_gpu_busy,gemm=6.6ms;moe_permute=2.8ms;elementwise=0.3ms,forward|attention
4,9033137212,18.665,6,0.0,1.018,laggard_gpu_busy,gemm=6.9ms;elementwise=6.3ms;moe_permute=2.8ms,forward|attention
4,9111148428,23.163,1,0.0,1.04,laggard_gpu_busy,gemm=11.9ms;elementwise=6.3ms;moe_permute=3.0ms,forward|attention
4,9203578489,12.688,0,0.0,1.023,laggard_gpu_busy,gemm=6.3ms;elementwise=3.1ms;moe_permute=2.8ms,forward|attention
4,9290702348,6.619,5,0.001,1.016,laggard_gpu_busy,gemm=4.0ms;moe_permute=2.8ms;hybridep_meta=0.0ms,forward|attention
4,9517912050,26.936,6,0.0,1.015,laggard_gpu_busy,gemm=11.5ms;elementwise=8.4ms;moe_permute=3.3ms,forward|attention
4,9601703041,28.844,6,0.0,0.993,laggard_gpu_busy,gemm=15.2ms;elementwise=7.1ms;moe_permute=3.1ms,forward|attention
4,9702917725,28.193,1,0.0,0.981,laggard_gpu_busy,gemm=10.4ms;elementwise=9.1ms;moe_permute=3.9ms,forward|lm_head
4,11726679870,350.285,1,0.0,0.082,laggard_gpu_idle(host),gemm=11.8ms;elementwise=9.2ms;moe_permute=3.4ms,backward|moe|recompute
4,12106207530,36.816,1,0.0,1.014,laggard_gpu_busy,gemm=18.3ms;cat_copy=6.8ms;elementwise=5.0ms,backward|recompute
4,12297369680,28.417,6,0.0,1.035,laggard_gpu_busy,gemm=16.5ms;elementwise=6.7ms;moe_permute=3.0ms,backward|recompute
4,12340735832,34.307,6,0.0,1.027,laggard_gpu_busy,gemm=16.2ms;elementwise=8.4ms;cat_copy=4.6ms,backward|recompute
4,12528867965,26.942,6,0.0,1.012,laggard_gpu_busy,gemm=11.6ms;elementwise=8.4ms;moe_permute=3.2ms,backward|recompute
4,12582012115,37.832,6,0.0,1.013,laggard_gpu_busy,gemm=16.9ms;elementwise=7.7ms;cat_copy=6.6ms,backward|recompute
4,13006313337,6.723,5,0.001,1.02,laggard_gpu_busy,gemm=4.1ms;moe_permute=2.8ms;hybridep_meta=0.0ms,backward|recompute
4,13050601131,8.49,5,0.001,1.016,laggard_gpu_busy,gemm=5.6ms;moe_permute=3.0ms;hybridep_meta=0.0ms,backward|recompute
4,13214571680,59.61,0,0.0,0.214,laggard_gpu_idle(host),gemm=6.3ms;elementwise=3.0ms;moe_permute=2.8ms,backward|moe|recompute
4,13304874456,14.923,0,0.0,1.047,laggard_gpu_busy,gemm=12.6ms;moe_permute=2.9ms;cat_copy=0.1ms,backward|recompute
4,13467515837,22.791,1,0.0,1.041,laggard_gpu_busy,gemm=11.8ms;elementwise=6.2ms;moe_permute=2.7ms,backward|recompute
4,13509502646,27.353,1,0.0,1.025,laggard_gpu_busy,gemm=12.9ms;elementwise=7.6ms;moe_permute=2.9ms,backward|recompute
4,13690613131,18.555,6,0.0,1.02,laggard_gpu_busy,gemm=6.9ms;elementwise=6.2ms;moe_permute=2.8ms,backward|recompute
4,13733054601,22.289,6,0.0,1.031,laggard_gpu_busy,gemm=12.6ms;moe_permute=3.0ms;elementwise=2.9ms,backward|recompute
4,13924240686,9.979,3,0.0,1.031,laggard_gpu_busy,gemm=6.6ms;moe_permute=2.8ms;cat_copy=0.5ms,backward|recompute
4,13968974317,12.534,3,0.0,1.038,laggard_gpu_busy,gemm=10.0ms;moe_permute=3.0ms;hybridep_meta=0.0ms,backward|recompute
4,14129772124,16.677,0,0.0,1.017,laggard_gpu_busy,elementwise=6.0ms;gemm=6.0ms;moe_permute=2.7ms,backward|recompute
4,14170534638,20.105,0,0.0,1.034,laggard_gpu_busy,gemm=11.9ms;moe_permute=2.9ms;activation=2.5ms,backward|recompute
4,14549123032,22.743,6,0.0,1.015,laggard_gpu_busy,gemm=10.8ms;elementwise=6.4ms;moe_permute=3.0ms,backward|recompute
4,14591460092,26.951,6,0.0,1.025,laggard_gpu_busy,gemm=12.6ms;elementwise=7.6ms;moe_permute=3.0ms,backward|recompute
4,14766197131,28.23,1,0.0,1.035,laggard_gpu_busy,gemm=14.4ms;elementwise=7.9ms;moe_permute=3.1ms,backward|recompute
4,14816881934,37.134,1,0.0,1.021,laggard_gpu_busy,gemm=16.3ms;elementwise=8.9ms;cat_copy=6.1ms,backward|recompute
4,15005450299,9.649,0,0.0,1.028,laggard_gpu_busy,gemm=5.3ms;moe_permute=2.4ms;elementwise=1.6ms,backward|recompute
4,15042365921,12.041,0,0.0,1.04,laggard_gpu_busy,gemm=10.0ms;moe_permute=2.5ms;hybridep_combine=0.0ms,backward|recompute
4,15207236191,11.652,1,0.0,1.024,laggard_gpu_busy,gemm=5.5ms;elementwise=3.5ms;moe_permute=2.4ms,backward|recompute
4,15244182245,14.294,1,0.0,1.047,laggard_gpu_busy,gemm=10.9ms;moe_permute=2.6ms;cat_copy=0.9ms,backward|recompute
4,15416175572,19.024,1,0.0,1.018,laggard_gpu_busy,gemm=7.0ms;elementwise=6.3ms;moe_permute=3.0ms,backward|recompute
4,15459077247,22.864,1,0.0,1.029,laggard_gpu_busy,gemm=12.9ms;elementwise=3.1ms;moe_permute=3.0ms,backward|recompute
4,15855479381,8.883,7,0.001,1.03,laggard_gpu_busy,gemm=4.7ms;moe_permute=2.1ms;elementwise=1.7ms,backward|recompute
4,15888651504,10.629,7,0.0,1.053,laggard_gpu_busy,gemm=8.9ms;moe_permute=2.3ms;hybridep_meta=0.0ms,backward|recompute
4,16054207595,15.813,2,0.0,1.018,laggard_gpu_busy,gemm=7.1ms;elementwise=5.0ms;moe_permute=3.1ms,backward|recompute
4,16103023011,18.416,2,0.0,1.039,laggard_gpu_busy,gemm=14.4ms;moe_permute=3.2ms;cat_copy=1.2ms,backward|recompute
4,16276192610,21.545,1,0.0,1.013,laggard_gpu_busy,gemm=8.4ms;elementwise=7.0ms;moe_permute=3.0ms,backward|recompute
4,16323240806,27.299,1,0.0,1.025,laggard_gpu_busy,gemm=14.6ms;elementwise=4.7ms;activation=3.3ms,backward|recompute
4,16506848479,13.744,2,0.0,1.02,laggard_gpu_busy,gemm=6.1ms;elementwise=4.1ms;moe_permute=3.1ms,backward|recompute
4,16549664177,16.439,2,0.0,1.053,laggard_gpu_busy,gemm=12.1ms;moe_permute=3.0ms;activation=1.1ms,backward|recompute
4,16724328194,12.307,3,0.0,1.024,laggard_gpu_busy,gemm=6.3ms;elementwise=2.8ms;moe_permute=2.8ms,backward|recompute
4,16767284118,14.886,3,0.0,1.055,laggard_gpu_busy,gemm=12.5ms;moe_permute=2.9ms;cat_copy=0.2ms,backward|recompute
4,16943675323,6.453,7,0.001,1.03,laggard_gpu_busy,gemm=3.8ms;moe_permute=2.8ms;hybridep_meta=0.0ms,backward|recompute
4,16985877190,7.646,7,0.001,1.052,laggard_gpu_busy,gemm=5.1ms;moe_permute=2.9ms;hybridep_meta=0.0ms,backward|recompute
4,17149205747,17.755,6,0.0,1.014,laggard_gpu_busy,gemm=6.8ms;elementwise=6.6ms;moe_permute=3.2ms,backward|recompute
4,17194778661,21.469,6,0.0,1.032,laggard_gpu_busy,gemm=13.4ms;moe_permute=3.2ms;activation=2.8ms,backward|recompute
4,17629191173,9.406,0,0.0,1.03,laggard_gpu_busy,gemm=6.5ms;moe_permute=2.8ms;elementwise=0.3ms,backward|recompute
4,17674407123,11.335,0,0.0,1.046,laggard_gpu_busy,gemm=9.0ms;moe_permute=2.9ms;hybridep_meta=0.0ms,backward|recompute
4,17852566061,6.808,6,0.001,1.048,laggard_gpu_busy,gemm=4.0ms;moe_permute=3.2ms;hybridep_meta=0.0ms,backward|recompute
4,17906028411,11.166,6,0.0,1.062,laggard_gpu_busy,gemm=8.6ms;moe_permute=3.3ms;hybridep_meta=0.0ms,backward|recompute
4,18080680818,8.863,0,0.0,1.033,laggard_gpu_busy,gemm=5.9ms;moe_permute=2.8ms;elementwise=0.3ms,backward|recompute
4,18121476721,11.319,0,0.0,1.037,laggard_gpu_busy,gemm=9.0ms;moe_permute=2.7ms;hybridep_combine=0.0ms,backward|recompute
4,18281044420,39.803,1,0.0,1.032,laggard_gpu_busy,gemm=22.0ms;elementwise=10.4ms;activation=3.8ms,backward|recompute
4,18342374229,54.194,1,0.0,1.011,laggard_gpu_busy,gemm=20.7ms;elementwise=13.3ms;cat_copy=12.3ms,backward|recompute
4,18544351674,21.332,1,0.0,1.031,laggard_gpu_busy,gemm=10.1ms;elementwise=6.2ms;moe_permute=2.7ms,backward|recompute
4,18586996367,25.266,1,0.0,1.023,laggard_gpu_busy,gemm=12.9ms;elementwise=5.7ms;moe_permute=2.9ms,backward|recompute
4,18765419199,23.128,6,0.0,1.027,laggard_gpu_busy,gemm=9.2ms;elementwise=7.5ms;moe_permute=3.5ms,backward|recompute
4,18814845476,27.979,6,0.0,1.021,laggard_gpu_busy,gemm=15.1ms;elementwise=4.6ms;moe_permute=3.4ms,backward|recompute
4,19003927281,14.089,7,0.0,1.021,laggard_gpu_busy,gemm=6.7ms;elementwise=4.0ms;moe_permute=2.9ms,backward|recompute
4,19049429960,17.342,7,0.0,1.038,laggard_gpu_busy,gemm=13.3ms;moe_permute=3.2ms;cat_copy=1.1ms,backward|recompute
4,19510648051,6.28,0,0.0,1.011,laggard_gpu_busy,gemm=3.7ms;moe_permute=2.6ms;hybridep_meta=0.0ms,backward|recompute
4,19673898097,16.023,7,0.0,1.017,laggard_gpu_busy,gemm=7.0ms;elementwise=5.5ms;moe_permute=3.0ms,backward|recompute
4,19721895941,18.409,7,0.0,1.037,laggard_gpu_busy,gemm=14.0ms;moe_permute=3.2ms;cat_copy=1.2ms,backward|recompute
4,19913077900,22.36,6,0.0,1.014,laggard_gpu_busy,gemm=8.6ms;elementwise=7.4ms;moe_permute=3.2ms,backward|recompute
4,19961455012,26.572,6,0.0,1.024,laggard_gpu_busy,gemm=14.8ms;elementwise=3.9ms;moe_permute=3.4ms,backward|recompute
4,20152735670,8.721,1,0.001,1.031,laggard_gpu_busy,gemm=6.1ms;moe_permute=2.9ms;hybridep_meta=0.0ms,backward|recompute
4,20198360247,10.429,1,0.0,1.04,laggard_gpu_busy,gemm=7.7ms;moe_permute=3.2ms;hybridep_meta=0.0ms,backward|recompute
4,20371261926,6.041,5,0.001,1.043,laggard_gpu_busy,gemm=3.5ms;moe_permute=2.8ms;hybridep_meta=0.0ms,backward|recompute
4,20414793421,7.217,5,0.001,1.069,laggard_gpu_busy,gemm=4.8ms;moe_permute=2.9ms;hybridep_meta=0.0ms,backward|recompute
4,20580024225,15.548,0,0.0,1.016,laggard_gpu_busy,gemm=7.5ms;elementwise=4.3ms;moe_permute=3.1ms,backward|recompute
4,20630165687,23.3,0,0.0,1.027,laggard_gpu_busy,gemm=15.0ms;cat_copy=5.1ms;moe_permute=3.3ms,backward|recompute
4,21018237965,18.283,1,0.0,1.027,laggard_gpu_busy,gemm=7.1ms;elementwise=6.0ms;moe_permute=2.9ms,backward|recompute
4,21058341035,21.964,1,0.0,1.036,laggard_gpu_busy,gemm=11.9ms;elementwise=3.8ms;moe_permute=2.8ms,backward|recompute
4,21228698044,31.214,5,0.0,1.022,laggard_gpu_busy,gemm=16.2ms;elementwise=8.4ms;moe_permute=3.3ms,backward|recompute
4,21280622344,41.329,5,0.0,1.014,laggard_gpu_busy,gemm=16.5ms;elementwise=10.2ms;cat_copy=8.2ms,backward|recompute
4,21681233651,10.942,5,0.0,1.028,laggard_gpu_busy,gemm=5.3ms;elementwise=2.9ms;moe_permute=2.4ms,backward|recompute
4,21718173548,13.611,5,0.0,1.051,laggard_gpu_busy,gemm=10.6ms;moe_permute=2.6ms;cat_copy=0.9ms,backward|recompute
4,21888965762,19.765,6,0.0,1.013,laggard_gpu_busy,gemm=7.8ms;elementwise=7.8ms;moe_permute=3.4ms,backward|recompute
4,21939837409,28.201,6,0.0,1.024,laggard_gpu_busy,gemm=15.6ms;cat_copy=5.2ms;activation=3.4ms,backward|recompute
4,22122997322,15.318,0,0.0,1.018,laggard_gpu_busy,gemm=6.3ms;elementwise=5.6ms;moe_permute=2.9ms,backward|recompute
4,22166775188,18.0,0,0.0,1.035,laggard_gpu_busy,gemm=12.5ms;moe_permute=3.0ms;activation=1.9ms,backward|recompute
4,22333530153,19.969,5,0.0,1.015,laggard_gpu_busy,gemm=7.0ms;elementwise=6.9ms;moe_permute=3.0ms,backward|recompute
4,22379776920,23.795,5,0.0,1.026,laggard_gpu_busy,gemm=13.7ms;moe_permute=3.1ms;activation=2.9ms,backward|recompute
4,22559514323,20.289,2,0.0,1.014,laggard_gpu_busy,gemm=7.4ms;elementwise=6.8ms;moe_permute=3.1ms,backward|recompute
4,22604113422,24.662,2,0.0,1.026,laggard_gpu_busy,gemm=13.6ms;elementwise=3.6ms;moe_permute=3.1ms,backward|recompute
4,22781082952,28.859,3,0.0,1.008,laggard_gpu_busy,gemm=13.8ms;elementwise=8.0ms;moe_permute=3.6ms,backward|recompute
4,22831935695,39.002,3,0.0,1.017,laggard_gpu_busy,gemm=15.8ms;elementwise=10.0ms;cat_copy=6.7ms,backward|recompute
4,23020116432,24.149,3,0.0,1.034,laggard_gpu_busy,gemm=12.0ms;elementwise=6.8ms;moe_permute=2.9ms,backward|recompute
4,23065133744,28.992,3,0.0,1.025,laggard_gpu_busy,gemm=13.9ms;elementwise=7.8ms;moe_permute=3.2ms,backward|recompute
4,23259586526,9.65,6,0.0,1.027,laggard_gpu_busy,gemm=6.0ms;moe_permute=2.8ms;cat_copy=0.7ms,backward|recompute
4,23302458852,11.651,6,0.0,1.039,laggard_gpu_busy,gemm=9.1ms;moe_permute=3.0ms;hybridep_meta=0.0ms,backward|recompute
4,23471932899,18.344,7,0.0,1.029,laggard_gpu_busy,gemm=7.1ms;elementwise=6.0ms;moe_permute=2.9ms,backward|recompute
4,23513442553,21.58,7,0.0,1.033,laggard_gpu_busy,gemm=12.2ms;moe_permute=2.9ms;elementwise=2.9ms,backward|recompute
4,23681751307,16.684,5,0.0,1.026,laggard_gpu_busy,gemm=6.3ms;elementwise=5.7ms;moe_permute=2.5ms,backward|recompute
4,23719911832,19.684,5,0.0,1.035,laggard_gpu_busy,gemm=11.3ms;moe_permute=2.6ms;elementwise=2.5ms,backward|recompute
4,23890082496,9.411,1,0.0,1.035,laggard_gpu_busy,gemm=5.2ms;moe_permute=2.3ms;elementwise=1.6ms,backward|recompute
4,23925547852,11.963,1,0.0,1.06,laggard_gpu_busy,gemm=10.2ms;moe_permute=2.5ms;hybridep_meta=0.0ms,backward|recompute
4,24299433564,23.433,6,0.0,1.012,laggard_gpu_busy,gemm=8.8ms;elementwise=7.9ms;moe_permute=3.1ms,backward|recompute
4,24350608235,31.536,6,0.0,1.022,laggard_gpu_busy,gemm=16.1ms;cat_copy=6.1ms;elementwise=3.4ms,backward|recompute
4,24534777163,21.065,0,0.0,1.012,laggard_gpu_busy,elementwise=8.0ms;gemm=7.4ms;moe_permute=3.3ms,backward|recompute
4,24584769163,25.108,0,0.0,1.026,laggard_gpu_busy,gemm=14.8ms;moe_permute=3.3ms;activation=3.3ms,backward|recompute
4,24997075521,17.53,0,0.0,1.016,laggard_gpu_busy,elementwise=6.3ms;gemm=6.3ms;moe_permute=2.9ms,backward|recompute
4,25040085356,21.148,0,0.0,1.032,laggard_gpu_busy,gemm=12.6ms;moe_permute=3.0ms;activation=2.6ms,backward|recompute
4,25227351665,11.224,3,0.0,1.025,laggard_gpu_busy,gemm=7.9ms;moe_permute=3.3ms;elementwise=0.3ms,backward|recompute
4,25281142720,16.555,3,0.0,1.026,laggard_gpu_busy,gemm=13.6ms;moe_permute=3.3ms;hybridep_meta=0.0ms,backward|recompute
4,25925258105,15.598,2,0.0,1.022,laggard_gpu_busy,gemm=7.6ms;elementwise=4.1ms;moe_permute=3.3ms,backward|recompute
4,25975013814,19.752,2,0.0,1.04,laggard_gpu_busy,gemm=15.1ms;moe_permute=3.4ms;cat_copy=1.3ms,backward|recompute
4,26155558186,7.765,3,0.001,1.044,laggard_gpu_busy,gemm=5.6ms;moe_permute=2.5ms;hybridep_meta=0.0ms,backward|recompute
4,26196907905,9.098,3,0.001,1.056,laggard_gpu_busy,gemm=6.9ms;moe_permute=2.7ms;hybridep_meta=0.0ms,backward|recompute
4,26363077417,11.84,6,0.0,1.023,laggard_gpu_busy,gemm=6.9ms;moe_permute=3.0ms;elementwise=1.4ms,backward|recompute
4,26409837896,14.179,6,0.0,1.042,laggard_gpu_busy,gemm=11.7ms;moe_permute=3.1ms;hybridep_meta=0.0ms,backward|recompute
4,26567208437,33.188,6,0.0,1.034,laggard_gpu_busy,gemm=18.7ms;elementwise=8.3ms;moe_permute=3.3ms,backward|recompute
4,26619493208,42.994,6,0.0,1.018,laggard_gpu_busy,gemm=17.3ms;elementwise=10.1ms;cat_copy=9.5ms,backward|recompute
4,26821687885,6.979,3,0.001,1.028,laggard_gpu_busy,gemm=4.2ms;moe_permute=3.0ms;hybridep_meta=0.0ms,backward|recompute
4,26865659689,9.145,3,0.001,1.042,laggard_gpu_busy,gemm=6.6ms;moe_permute=2.9ms;hybridep_meta=0.0ms,backward|recompute
4,27029718089,17.646,2,0.0,1.017,laggard_gpu_busy,gemm=6.9ms;elementwise=5.8ms;moe_permute=2.6ms,backward|recompute
4,27069129965,21.093,2,0.0,1.031,laggard_gpu_busy,gemm=11.6ms;elementwise=3.3ms;moe_permute=2.8ms,backward|recompute
4,27246399152,6.576,5,0.001,1.047,laggard_gpu_busy,gemm=4.5ms;moe_permute=2.4ms;hybridep_meta=0.0ms,backward|recompute
4,27283842876,8.343,5,0.001,1.085,laggard_gpu_busy,gemm=6.5ms;moe_permute=2.6ms;hybridep_meta=0.0ms,backward|recompute
4,27662306663,22.253,6,0.0,1.017,laggard_gpu_busy,gemm=8.7ms;elementwise=7.3ms;moe_permute=3.2ms,backward|recompute
4,27710418134,26.65,6,0.0,1.026,laggard_gpu_busy,gemm=14.8ms;elementwise=4.1ms;moe_permute=3.1ms,backward|recompute
4,27895487928,8.122,6,0.001,1.031,laggard_gpu_busy,gemm=4.9ms;moe_permute=2.2ms;elementwise=0.7ms,backward|recompute
4,27930480262,9.38,6,0.0,1.052,laggard_gpu_busy,gemm=7.5ms;moe_permute=2.3ms;hybridep_meta=0.0ms,backward|recompute
4,28094280227,23.942,7,0.0,1.013,laggard_gpu_busy,gemm=9.6ms;elementwise=7.5ms;moe_permute=3.6ms,backward|recompute
4,28143814052,29.921,7,0.0,1.022,laggard_gpu_busy,gemm=15.1ms;elementwise=6.2ms;moe_permute=3.6ms,backward|recompute
4,28327448948,5.98,3,0.001,1.044,laggard_gpu_busy,gemm=4.1ms;moe_permute=2.1ms;hybridep_meta=0.0ms,backward|recompute
4,28361194547,7.726,3,0.001,1.042,laggard_gpu_busy,gemm=5.7ms;moe_permute=2.4ms;hybridep_meta=0.0ms,backward|recompute
4,28520867805,14.418,0,0.0,1.021,laggard_gpu_busy,gemm=6.3ms;elementwise=5.0ms;moe_permute=2.7ms,backward|recompute
4,28563255464,17.463,0,0.0,1.041,laggard_gpu_busy,gemm=12.5ms;moe_permute=2.9ms;activation=1.8ms,backward|recompute
5,2264005447,8.455,3,0.001,1.033,laggard_gpu_busy,gemm=4.7ms;moe_permute=2.1ms;elementwise=1.3ms,forward|attention
5,2335832354,26.069,7,0.0,1.014,laggard_gpu_busy,gemm=11.0ms;elementwise=8.3ms;moe_permute=3.5ms,forward|attention
5,2573171939,24.016,6,0.0,0.97,laggard_gpu_busy,gemm=9.2ms;elementwise=7.4ms;moe_permute=3.1ms,forward|attention
5,2662604594,18.516,4,0.0,1.016,laggard_gpu_busy,gemm=6.7ms;elementwise=6.5ms;moe_permute=2.8ms,forward|attention
5,2897935685,9.988,2,0.001,1.028,laggard_gpu_busy,gemm=5.8ms;moe_permute=2.6ms;elementwise=1.1ms,forward|attention
5,2976708430,12.582,3,0.0,1.021,laggard_gpu_busy,gemm=6.2ms;elementwise=3.0ms;moe_permute=2.9ms,forward|attention
5,3061938241,20.031,6,0.0,1.013,laggard_gpu_busy,gemm=8.3ms;elementwise=7.8ms;moe_permute=3.1ms,forward|attention
5,3143981664,22.24,6,0.0,1.036,laggard_gpu_busy,gemm=10.3ms;elementwise=6.7ms;moe_permute=2.8ms,forward|attention
5,3300118152,15.607,3,0.0,1.018,laggard_gpu_busy,gemm=5.9ms;elementwise=5.9ms;moe_permute=2.6ms,forward|attention
5,3381465221,23.028,2,0.0,0.977,laggard_gpu_busy,gemm=8.2ms;elementwise=7.5ms;moe_permute=3.3ms,forward|attention
5,3465715393,26.006,4,0.0,1.019,laggard_gpu_busy,gemm=12.6ms;elementwise=7.2ms;moe_permute=3.3ms,forward|attention
5,3555635491,29.518,4,0.0,1.034,laggard_gpu_busy,gemm=14.6ms;elementwise=8.5ms;moe_permute=3.3ms,forward|attention
5,3716356486,28.37,3,0.0,1.024,laggard_gpu_busy,gemm=14.4ms;elementwise=7.8ms;moe_permute=3.1ms,forward|attention
5,3806290889,21.299,0,0.0,1.021,laggard_gpu_busy,gemm=9.2ms;elementwise=6.4ms;moe_permute=3.1ms,forward|attention
5,3898190392,27.494,4,0.0,1.017,laggard_gpu_busy,gemm=12.1ms;elementwise=8.5ms;moe_permute=3.3ms,forward|attention
5,3988291772,27.929,0,0.0,1.031,laggard_gpu_busy,gemm=14.7ms;elementwise=7.5ms;moe_permute=3.0ms,forward|attention
5,4166523606,12.997,6,0.0,0.988,laggard_gpu_busy,gemm=8.1ms;moe_permute=3.5ms;cat_copy=0.9ms,forward
5,4247130297,10.576,4,0.0,1.027,laggard_gpu_busy,gemm=5.4ms;moe_permute=2.4ms;elementwise=2.4ms,forward|attention
5,4550448004,11.906,7,0.0,1.026,laggard_gpu_busy,gemm=6.2ms;moe_permute=2.8ms;elementwise=2.5ms,forward|attention
5,4730483819,5.379,3,0.001,1.023,laggard_gpu_busy,moe_permute=3.0ms;gemm=2.5ms;hybridep_meta=0.0ms,forward|attention
5,4807354964,20.198,3,0.0,1.013,laggard_gpu_busy,gemm=7.9ms;elementwise=7.8ms;moe_permute=3.2ms,forward|attention
5,4961133160,20.173,2,0.0,1.017,laggard_gpu_busy,gemm=7.7ms;elementwise=6.8ms;moe_permute=2.8ms,forward|attention
5,5219577187,24.774,6,0.0,1.032,laggard_gpu_busy,gemm=11.3ms;elementwise=7.6ms;moe_permute=3.0ms,forward|attention
5,5462882263,6.896,6,0.001,1.041,laggard_gpu_busy,gemm=4.7ms;moe_permute=2.5ms;hybridep_meta=0.0ms,forward|attention
5,5626834256,15.953,1,0.0,1.019,laggard_gpu_busy,gemm=6.0ms;elementwise=5.7ms;moe_permute=2.5ms,forward|attention
5,5777175596,18.702,2,0.0,1.035,laggard_gpu_busy,gemm=8.3ms;elementwise=5.8ms;moe_permute=2.6ms,forward|attention
5,5862068098,22.307,0,0.0,1.019,laggard_gpu_busy,gemm=8.4ms;elementwise=7.5ms;moe_permute=3.2ms,forward|attention
5,6030014528,19.333,1,0.0,1.028,laggard_gpu_busy,gemm=7.8ms;elementwise=6.3ms;moe_permute=2.7ms,forward|attention
5,6184860770,20.96,6,0.0,1.015,laggard_gpu_busy,gemm=7.5ms;elementwise=7.2ms;moe_permute=3.1ms,forward|attention
5,6269485461,22.55,7,0.0,1.033,laggard_gpu_busy,gemm=10.0ms;elementwise=6.9ms;moe_permute=3.0ms,forward|attention
5,6434189916,20.627,4,0.0,1.017,laggard_gpu_busy,gemm=7.7ms;elementwise=6.9ms;moe_permute=3.1ms,forward|attention
5,6590803562,17.203,7,0.0,1.017,laggard_gpu_busy,gemm=6.7ms;elementwise=6.6ms;moe_permute=2.9ms,forward|attention
5,6670680252,25.508,6,0.0,1.031,laggard_gpu_busy,gemm=11.7ms;elementwise=7.8ms;moe_permute=3.2ms,forward|attention
5,6767429445,11.998,1,0.0,1.023,laggard_gpu_busy,gemm=6.5ms;moe_permute=2.8ms;elementwise=2.3ms,forward|attention
5,6844725893,37.059,1,0.0,1.033,laggard_gpu_busy,gemm=19.0ms;elementwise=10.4ms;moe_permute=3.9ms,forward|attention
5,7017856584,13.756,0,0.0,1.021,laggard_gpu_busy,gemm=6.0ms;elementwise=4.8ms;moe_permute=2.5ms,forward|attention
5,7092644214,28.369,6,0.0,1.045,laggard_gpu_busy,gemm=15.3ms;elementwise=7.6ms;moe_permute=3.1ms,forward|attention
5,7186043591,18.069,0,0.0,1.015,laggard_gpu_busy,elementwise=6.6ms;gemm=6.6ms;moe_permute=2.8ms,forward|attention
5,7271055934,28.424,4,0.0,1.016,laggard_gpu_busy,gemm=11.7ms;elementwise=8.8ms;moe_permute=4.0ms,forward|attention
5,7443333914,11.473,6,0.0,1.025,laggard_gpu_busy,gemm=6.8ms;moe_permute=3.0ms;elementwise=1.2ms,forward|attention
5,7525089593,9.42,7,0.001,1.028,laggard_gpu_busy,gemm=5.7ms;moe_permute=2.9ms;cat_copy=0.7ms,forward|attention
5,7603457602,12.737,3,0.001,1.025,laggard_gpu_busy,gemm=6.3ms;elementwise=3.2ms;moe_permute=2.8ms,forward|attention
5,7677508695,20.611,2,0.0,1.041,laggard_gpu_busy,gemm=9.9ms;elementwise=5.9ms;moe_permute=2.8ms,forward|attention
5,7832601779,23.969,1,0.0,0.891,laggard_gpu_busy,gemm=7.4ms;elementwise=7.1ms;moe_permute=3.4ms,forward|attention
5,7927886689,15.635,2,0.0,1.018,laggard_gpu_busy,gemm=7.1ms;elementwise=4.8ms;moe_permute=3.1ms,forward|attention
5,8083902405,22.559,4,0.0,1.029,laggard_gpu_busy,gemm=10.4ms;elementwise=6.7ms;moe_permute=2.9ms,forward|attention
5,8252650948,6.695,1,0.001,1.018,laggard_gpu_busy,gemm=3.9ms;moe_permute=2.9ms;hybridep_meta=0.0ms,forward|attention
5,8330846934,7.234,1,0.001,0.993,laggard_gpu_busy,gemm=4.6ms;moe_permute=2.6ms;hybridep_meta=0.0ms,forward|moe
5,8406819353,7.931,0,0.0,1.037,laggard_gpu_busy,gemm=5.4ms;moe_permute=2.4ms;elementwise=0.3ms,forward|attention
5,8481730293,23.476,1,0.0,1.013,laggard_gpu_busy,gemm=8.4ms;elementwise=8.0ms;moe_permute=3.7ms,forward|attention
5,8647405502,9.767,6,0.0,1.031,laggard_gpu_busy,gemm=6.3ms;moe_permute=2.7ms;cat_copy=0.7ms,forward|attention
5,8725369615,12.344,4,0.001,1.028,laggard_gpu_busy,gemm=6.1ms;elementwise=3.3ms;moe_permute=2.6ms,forward|attention
5,9028220531,23.581,6,0.0,1.031,laggard_gpu_busy,gemm=12.2ms;elementwise=6.3ms;moe_permute=2.8ms,forward|attention
5,9115488744,18.823,1,0.0,1.015,laggard_gpu_busy,gemm=6.9ms;elementwise=6.3ms;moe_permute=3.0ms,forward|attention
5,9197626135,18.64,0,0.0,1.023,laggard_gpu_busy,gemm=6.9ms;elementwise=6.4ms;moe_permute=2.8ms,forward|attention
5,9435913963,16.241,4,0.0,1.013,laggard_gpu_busy,elementwise=6.5ms;gemm=6.3ms;moe_permute=2.9ms,forward|attention
5,9517129747,27.719,6,0.0,1.014,laggard_gpu_busy,gemm=12.3ms;elementwise=8.4ms;moe_permute=3.3ms,forward|attention
5,9617978377,12.57,6,0.0,1.019,laggard_gpu_busy,gemm=6.8ms;moe_permute=3.1ms;elementwise=2.2ms,forward|attention
5,9721518867,9.592,1,0.0,1.032,laggard_gpu_busy,gemm=6.0ms;moe_permute=3.9ms;hybridep_meta=0.0ms,forward|lm_head
5,11874552755,202.411,1,0.0,0.061,laggard_gpu_idle(host),gemm=8.9ms;moe_permute=3.4ms;hybridep_meta=0.0ms,backward|moe|recompute
5,12128472500,14.552,1,0.0,1.033,laggard_gpu_busy,gemm=11.5ms;moe_permute=3.5ms;hybridep_meta=0.0ms,backward|recompute
5,12313640701,12.148,6,0.0,1.02,laggard_gpu_busy,gemm=6.8ms;moe_permute=3.0ms;elementwise=1.8ms,backward|recompute
5,12360036752,15.006,6,0.0,1.031,laggard_gpu_busy,gemm=12.5ms;moe_permute=3.0ms;hybridep_meta=0.0ms,backward|recompute
5,12528296222,27.514,6,0.0,1.012,laggard_gpu_busy,gemm=12.2ms;elementwise=8.4ms;moe_permute=3.2ms,backward|recompute
5,12581382082,38.462,6,0.0,1.013,laggard_gpu_busy,gemm=16.9ms;elementwise=8.3ms;cat_copy=6.6ms,backward|recompute
5,12777224282,16.101,4,0.0,1.015,laggard_gpu_busy,elementwise=6.4ms;gemm=6.4ms;moe_permute=2.7ms,backward|recompute
5,12820415126,19.867,4,0.0,1.029,laggard_gpu_busy,gemm=12.7ms;moe_permute=3.0ms;activation=2.7ms,backward|recompute
5,13208506827,65.675,0,0.0,0.288,laggard_gpu_idle(host),gemm=6.8ms;elementwise=6.3ms;moe_permute=2.8ms,backward|moe|recompute
5,13297860376,21.936,0,0.0,1.031,laggard_gpu_busy,gemm=12.6ms;moe_permute=2.9ms;elementwise=2.7ms,backward|recompute
5,13471917392,18.389,1,0.0,1.02,laggard_gpu_busy,gemm=6.9ms;elementwise=6.2ms;moe_permute=2.7ms,backward|recompute
5,13514546504,22.309,1,0.0,1.03,laggard_gpu_busy,gemm=12.9ms;moe_permute=2.9ms;elementwise=2.8ms,backward|recompute
5,13685604170,23.564,6,0.0,1.033,laggard_gpu_busy,gemm=12.4ms;elementwise=6.2ms;moe_permute=2.8ms,backward|recompute
5,13727334235,28.009,6,0.0,1.024,laggard_gpu_busy,gemm=12.6ms;elementwise=7.5ms;moe_permute=3.0ms,backward|recompute
5,13975197654,6.311,3,0.001,1.039,laggard_gpu_busy,gemm=3.6ms;moe_permute=3.0ms;hybridep_meta=0.0ms,backward|recompute
5,14185120988,5.519,0,0.001,1.068,laggard_gpu_busy,gemm=3.0ms;moe_permute=2.9ms;hybridep_meta=0.0ms,backward|recompute
5,14343338655,12.399,4,0.0,1.028,laggard_gpu_busy,gemm=6.1ms;elementwise=3.3ms;moe_permute=2.6ms,backward|recompute
5,14384122513,14.918,4,0.0,1.051,laggard_gpu_busy,gemm=12.0ms;moe_permute=2.8ms;cat_copy=0.9ms,backward|recompute
5,14561219552,10.647,6,0.0,1.026,laggard_gpu_busy,gemm=6.4ms;moe_permute=3.0ms;elementwise=0.8ms,backward|recompute
5,14605576749,12.833,6,0.0,1.044,laggard_gpu_busy,gemm=10.4ms;moe_permute=3.0ms;hybridep_meta=0.0ms,backward|recompute
5,14771661290,22.766,1,0.0,1.011,laggard_gpu_busy,gemm=8.1ms;elementwise=7.9ms;moe_permute=3.1ms,backward|recompute
5,14823347406,30.667,1,0.0,1.026,laggard_gpu_busy,gemm=16.3ms;cat_copy=5.8ms;activation=3.3ms,backward|recompute
5,15007199440,7.9,0,0.0,1.035,laggard_gpu_busy,gemm=5.3ms;moe_permute=2.4ms;elementwise=0.3ms,backward|recompute
5,15044631305,9.775,0,0.0,1.035,laggard_gpu_busy,gemm=7.6ms;moe_permute=2.5ms;hybridep_combine=0.0ms,backward|recompute
5,15212949495,5.938,1,0.001,1.022,laggard_gpu_busy,gemm=3.7ms;moe_permute=2.4ms;hybridep_meta=0.0ms,backward|recompute
5,15250855955,7.62,1,0.001,1.022,laggard_gpu_busy,gemm=5.2ms;moe_permute=2.6ms;hybridep_meta=0.0ms,backward|recompute
5,15428420935,6.779,1,0.001,1.019,laggard_gpu_busy,gemm=3.9ms;moe_permute=3.0ms;hybridep_meta=0.0ms,backward|recompute
5,15473661594,8.279,1,0.001,1.027,laggard_gpu_busy,gemm=5.5ms;moe_permute=3.0ms;hybridep_meta=0.0ms,backward|recompute
5,15631155287,23.939,4,0.0,1.023,laggard_gpu_busy,gemm=10.7ms;elementwise=7.3ms;moe_permute=3.3ms,backward|recompute
5,15676525963,28.914,4,0.0,1.023,laggard_gpu_busy,gemm=13.8ms;elementwise=7.6ms;moe_permute=3.3ms,backward|recompute
5,16054208688,15.81,2,0.0,1.018,laggard_gpu_busy,gemm=7.1ms;elementwise=5.0ms;moe_permute=3.1ms,backward|recompute
5,16102753543,18.684,2,0.0,1.039,laggard_gpu_busy,gemm=14.4ms;moe_permute=3.2ms;cat_copy=1.2ms,backward|recompute
5,16274637685,23.1,1,0.0,1.012,laggard_gpu_busy,gemm=10.0ms;elementwise=7.0ms;moe_permute=3.0ms,backward|recompute
5,16321557407,28.982,1,0.0,1.023,laggard_gpu_busy,gemm=14.6ms;elementwise=6.4ms;activation=3.3ms,backward|recompute
5,16499352091,21.24,2,0.0,1.037,laggard_gpu_busy,gemm=9.9ms;elementwise=6.2ms;moe_permute=3.1ms,backward|recompute
5,16540994109,25.108,2,0.0,1.034,laggard_gpu_busy,gemm=12.1ms;elementwise=6.5ms;moe_permute=3.0ms,backward|recompute
5,16724008161,12.628,3,0.0,1.024,laggard_gpu_busy,gemm=6.3ms;elementwise=3.2ms;moe_permute=2.8ms,backward|recompute
5,16767029837,15.14,3,0.0,1.054,laggard_gpu_busy,gemm=12.5ms;moe_permute=2.9ms;cat_copy=0.5ms,backward|recompute
5,16940741514,9.386,7,0.001,1.029,laggard_gpu_busy,gemm=5.8ms;moe_permute=2.8ms;cat_copy=0.7ms,backward|recompute
5,16982289610,11.233,7,0.0,1.036,laggard_gpu_busy,gemm=8.7ms;moe_permute=2.9ms;hybridep_meta=0.0ms,backward|recompute
5,17155405314,11.556,6,0.0,1.023,laggard_gpu_busy,gemm=6.8ms;moe_permute=3.2ms;elementwise=1.1ms,backward|recompute
5,17202351661,13.896,6,0.0,1.028,laggard_gpu_busy,gemm=11.1ms;moe_permute=3.2ms;hybridep_meta=0.0ms,backward|recompute
5,17372207243,30.039,4,0.0,1.018,laggard_gpu_busy,gemm=12.1ms;elementwise=10.2ms;moe_permute=4.0ms,backward|recompute
5,17430536461,39.17,4,0.0,1.016,laggard_gpu_busy,gemm=17.9ms;elementwise=7.6ms;cat_copy=6.9ms,backward|recompute
5,17620556776,18.041,0,0.0,1.014,laggard_gpu_busy,elementwise=6.6ms;gemm=6.5ms;moe_permute=2.8ms,backward|recompute
5,17664413722,21.329,0,0.0,1.03,laggard_gpu_busy,gemm=13.2ms;moe_permute=2.9ms;activation=2.7ms,backward|recompute
5,17830750814,28.623,6,0.0,1.047,laggard_gpu_busy,gemm=15.4ms;elementwise=7.7ms;moe_permute=3.2ms,backward|recompute
5,17880097435,37.097,6,0.0,1.018,laggard_gpu_busy,gemm=15.5ms;elementwise=9.2ms;cat_copy=6.6ms,backward|recompute
5,18075355591,14.187,0,0.0,1.02,laggard_gpu_busy,gemm=5.9ms;elementwise=5.1ms;moe_permute=2.8ms,backward|recompute
5,18115315140,17.479,0,0.0,1.039,laggard_gpu_busy,gemm=11.8ms;moe_permute=2.7ms;activation=2.6ms,backward|recompute
5,18284339265,36.507,1,0.0,1.034,laggard_gpu_busy,gemm=18.7ms;elementwise=10.4ms;activation=3.8ms,backward|recompute
5,18346223852,50.345,1,0.0,1.012,laggard_gpu_busy,gemm=20.6ms;elementwise=13.3ms;cat_copy=8.6ms,backward|recompute
5,18553786491,11.897,1,0.0,1.024,laggard_gpu_busy,gemm=6.5ms;moe_permute=2.7ms;elementwise=2.2ms,backward|recompute
5,18598184156,14.078,1,0.0,1.032,laggard_gpu_busy,gemm=11.7ms;moe_permute=2.9ms;hybridep_meta=0.0ms,backward|recompute
5,18762770902,25.777,6,0.0,1.032,laggard_gpu_busy,gemm=12.0ms;elementwise=7.5ms;moe_permute=3.5ms,backward|recompute
5,18812234878,30.589,6,0.0,1.019,laggard_gpu_busy,gemm=15.1ms;elementwise=7.2ms;moe_permute=3.4ms,backward|recompute
5,19000662645,17.354,7,0.0,1.016,laggard_gpu_busy,gemm=6.7ms;elementwise=6.7ms;moe_permute=2.9ms,backward|recompute
5,19045628570,21.143,7,0.0,1.031,laggard_gpu_busy,gemm=13.3ms;moe_permute=3.2ms;activation=2.9ms,backward|recompute
5,19218766840,20.667,4,0.0,1.02,laggard_gpu_busy,gemm=7.8ms;elementwise=6.9ms;moe_permute=3.0ms,backward|recompute
5,19264906886,24.597,4,0.0,1.026,laggard_gpu_busy,gemm=14.0ms;elementwise=3.2ms;moe_permute=3.1ms,backward|recompute
5,19667289567,22.632,7,0.0,1.034,laggard_gpu_busy,gemm=10.1ms;elementwise=6.9ms;moe_permute=3.0ms,backward|recompute
5,19713505422,26.8,7,0.0,1.024,laggard_gpu_busy,gemm=14.0ms;elementwise=5.4ms;moe_permute=3.2ms,backward|recompute
5,19914103174,21.334,6,0.0,1.014,laggard_gpu_busy,gemm=7.6ms;elementwise=7.4ms;moe_permute=3.2ms,backward|recompute
5,19962683431,25.343,6,0.0,1.026,laggard_gpu_busy,gemm=14.8ms;moe_permute=3.4ms;activation=3.1ms,backward|recompute
5,20141469846,19.988,1,0.0,1.025,laggard_gpu_busy,gemm=7.8ms;elementwise=6.7ms;moe_permute=2.9ms,backward|recompute
5,20184651568,24.137,1,0.0,1.028,laggard_gpu_busy,gemm=13.2ms;elementwise=3.8ms;moe_permute=3.2ms,backward|recompute
5,20573543261,22.029,0,0.0,1.015,laggard_gpu_busy,gemm=8.1ms;elementwise=7.5ms;moe_permute=3.1ms,backward|recompute
5,20622428069,31.038,0,0.0,1.019,laggard_gpu_busy,gemm=15.0ms;cat_copy=6.0ms;elementwise=4.1ms,backward|recompute
5,20809318815,16.123,2,0.0,1.018,laggard_gpu_busy,gemm=5.8ms;elementwise=5.7ms;moe_permute=2.5ms,backward|recompute
5,20848322551,19.471,2,0.0,1.033,laggard_gpu_busy,gemm=11.5ms;moe_permute=2.8ms;activation=2.4ms,backward|recompute
5,21019755830,16.764,1,0.0,1.018,laggard_gpu_busy,gemm=6.0ms;elementwise=6.0ms;moe_permute=2.9ms,backward|recompute
5,21060070745,20.236,1,0.0,1.039,laggard_gpu_busy,gemm=11.9ms;moe_permute=2.8ms;activation=2.6ms,backward|recompute
5,21477614475,7.383,6,0.001,1.039,laggard_gpu_busy,gemm=5.1ms;moe_permute=2.5ms;hybridep_meta=0.0ms,backward|recompute
5,21516671909,8.615,6,0.001,1.04,laggard_gpu_busy,gemm=6.3ms;moe_permute=2.7ms;hybridep_meta=0.0ms,backward|recompute
5,21883223103,25.507,6,0.0,1.03,laggard_gpu_busy,gemm=11.4ms;elementwise=7.8ms;moe_permute=3.4ms,backward|recompute
5,21933216943,34.823,6,0.0,1.019,laggard_gpu_busy,gemm=15.6ms;elementwise=7.0ms;cat_copy=6.1ms,backward|recompute
5,22559484048,20.319,2,0.0,1.015,laggard_gpu_busy,gemm=7.5ms;elementwise=6.8ms;moe_permute=3.1ms,backward|recompute
5,22604097344,24.678,2,0.0,1.026,laggard_gpu_busy,gemm=13.6ms;elementwise=3.6ms;moe_permute=3.1ms,backward|recompute
5,22789120277,20.823,3,0.0,1.012,laggard_gpu_busy,gemm=8.0ms;elementwise=8.0ms;moe_permute=3.6ms,backward|recompute
5,22841364899,29.573,3,0.0,1.023,laggard_gpu_busy,gemm=15.8ms;cat_copy=5.3ms;moe_permute=3.6ms,backward|recompute
5,23087808914,6.315,3,0.001,1.04,laggard_gpu_busy,gemm=3.4ms;moe_permute=3.2ms;hybridep_meta=0.0ms,backward|recompute
5,23478645319,11.631,7,0.0,1.024,laggard_gpu_busy,gemm=6.1ms;moe_permute=2.9ms;elementwise=2.2ms,backward|recompute
5,23521249478,13.772,7,0.0,1.044,laggard_gpu_busy,gemm=11.5ms;moe_permute=2.9ms;hybridep_meta=0.0ms,backward|recompute
5,23931611676,5.898,1,0.001,1.043,laggard_gpu_busy,gemm=3.6ms;moe_permute=2.5ms;hybridep_meta=0.0ms,backward|recompute
5,24090297080,10.833,4,0.0,1.027,laggard_gpu_busy,gemm=5.4ms;elementwise=2.7ms;moe_permute=2.4ms,backward|recompute
5,24127980335,12.513,4,0.0,1.061,laggard_gpu_busy,gemm=10.7ms;moe_permute=2.6ms;hybridep_meta=0.0ms,backward|recompute
5,24311620162,11.247,6,0.0,1.028,laggard_gpu_busy,gemm=8.0ms;moe_permute=3.1ms;elementwise=0.3ms,backward|recompute
5,24365349889,16.795,6,0.0,1.046,laggard_gpu_busy,gemm=14.3ms;moe_permute=3.3ms;hybridep_meta=0.0ms,backward|recompute
5,24527126528,28.715,0,0.0,1.028,laggard_gpu_busy,gemm=14.6ms;elementwise=8.0ms;moe_permute=3.3ms,backward|recompute
5,24575735508,34.141,0,0.0,1.018,laggard_gpu_busy,gemm=14.8ms;elementwise=9.4ms;cat_copy=3.9ms,backward|recompute
5,24759299240,27.286,4,0.0,1.015,laggard_gpu_busy,gemm=12.0ms;elementwise=8.4ms;moe_permute=3.3ms,backward|recompute
5,24812569923,35.921,4,0.0,1.016,laggard_gpu_busy,gemm=16.8ms;elementwise=6.7ms;cat_copy=6.3ms,backward|recompute
5,24993765443,20.841,0,0.0,1.025,laggard_gpu_busy,gemm=9.2ms;elementwise=6.3ms;moe_permute=2.9ms,backward|recompute
5,25036454022,24.778,0,0.0,1.027,laggard_gpu_busy,gemm=12.6ms;elementwise=5.4ms;moe_permute=3.0ms,backward|recompute
5,25209072447,29.501,3,0.0,1.024,laggard_gpu_busy,gemm=14.8ms;elementwise=8.2ms;moe_permute=3.3ms,backward|recompute
5,25259480002,38.216,3,0.0,1.016,laggard_gpu_busy,gemm=15.7ms;elementwise=9.6ms;cat_copy=6.9ms,backward|recompute
5,25451221786,29.305,4,0.0,1.034,laggard_gpu_busy,gemm=14.3ms;elementwise=8.3ms;moe_permute=3.7ms,backward|recompute
5,25504426932,39.919,4,0.0,1.016,laggard_gpu_busy,gemm=16.9ms;elementwise=9.8ms;cat_copy=6.7ms,backward|recompute
5,25691628999,25.666,4,0.0,0.93,laggard_gpu_busy,gemm=10.2ms;elementwise=7.2ms;moe_permute=3.0ms,backward|recompute
5,25737814118,31.256,4,0.0,1.022,laggard_gpu_busy,gemm=14.5ms;elementwise=9.0ms;activation=3.2ms,backward|recompute
5,25917743389,23.114,2,0.0,1.023,laggard_gpu_busy,gemm=9.2ms;elementwise=7.5ms;moe_permute=3.3ms,backward|recompute
5,25966286832,28.479,2,0.0,1.027,laggard_gpu_busy,gemm=15.1ms;elementwise=5.3ms;moe_permute=3.4ms,backward|recompute
5,26147741843,15.582,3,0.0,1.019,laggard_gpu_busy,gemm=6.0ms;elementwise=5.8ms;moe_permute=2.5ms,backward|recompute
5,26187413244,18.593,3,0.0,1.039,laggard_gpu_busy,gemm=11.9ms;moe_permute=2.7ms;activation=2.4ms,backward|recompute
5,26352207702,22.709,6,0.0,1.037,laggard_gpu_busy,gemm=10.3ms;elementwise=7.0ms;moe_permute=3.0ms,backward|recompute
5,26397044177,26.974,6,0.0,1.026,laggard_gpu_busy,gemm=13.8ms;elementwise=6.0ms;moe_permute=3.1ms,backward|recompute
5,26580174526,20.221,6,0.0,1.012,laggard_gpu_busy,gemm=8.4ms;elementwise=7.8ms;moe_permute=3.3ms,backward|recompute
5,26634496457,27.99,6,0.0,1.021,laggard_gpu_busy,gemm=16.7ms;cat_copy=5.3ms;moe_permute=3.3ms,backward|recompute
5,26815769542,12.898,3,0.0,1.023,laggard_gpu_busy,gemm=6.3ms;elementwise=3.1ms;moe_permute=3.0ms,backward|recompute
5,26858934259,15.872,3,0.0,1.05,laggard_gpu_busy,gemm=12.6ms;moe_permute=2.9ms;cat_copy=1.0ms,backward|recompute
5,27037704987,9.66,2,0.001,1.031,laggard_gpu_busy,gemm=5.8ms;moe_permute=2.6ms;elementwise=0.8ms,backward|recompute
5,27078661206,11.561,2,0.0,1.047,laggard_gpu_busy,gemm=9.3ms;moe_permute=2.8ms;hybridep_meta=0.0ms,backward|recompute
5,27446791007,18.445,4,0.0,1.016,laggard_gpu_busy,gemm=6.7ms;elementwise=6.5ms;moe_permute=2.8ms,backward|recompute
5,27490849300,21.761,4,0.0,1.033,laggard_gpu_busy,gemm=13.4ms;moe_permute=3.0ms;activation=2.7ms,backward|recompute
5,27660555151,24.004,6,0.0,1.022,laggard_gpu_busy,gemm=10.6ms;elementwise=7.3ms;moe_permute=3.2ms,backward|recompute
5,27708380164,28.687,6,0.0,1.024,laggard_gpu_busy,gemm=14.8ms;elementwise=6.1ms;moe_permute=3.1ms,backward|recompute
5,27934312635,5.547,6,0.001,1.036,laggard_gpu_busy,gemm=3.4ms;moe_permute=2.3ms;hybridep_meta=0.0ms,backward|recompute
5,28092815575,25.406,7,0.0,1.015,laggard_gpu_busy,gemm=11.1ms;elementwise=7.5ms;moe_permute=3.6ms,backward|recompute
5,28141951895,31.783,7,0.0,1.02,laggard_gpu_busy,gemm=15.1ms;elementwise=8.0ms;moe_permute=3.6ms,backward|recompute
5,28324920706,8.508,3,0.0,1.033,laggard_gpu_busy,gemm=4.8ms;moe_permute=2.1ms;elementwise=1.3ms,backward|recompute
5,28358325629,10.595,3,0.001,1.053,laggard_gpu_busy,gemm=8.8ms;moe_permute=2.4ms;hybridep_meta=0.0ms,backward|recompute
6,2187622089,11.923,0,0.0,1.027,laggard_gpu_busy,gemm=6.3ms;moe_permute=2.7ms;elementwise=2.5ms,forward|attention
6,2341179569,20.722,7,0.0,1.012,laggard_gpu_busy,elementwise=8.3ms;gemm=7.7ms;moe_permute=3.5ms,forward|attention
6,2667394282,13.726,4,0.0,1.022,laggard_gpu_busy,gemm=6.7ms;elementwise=3.7ms;moe_permute=2.8ms,forward|attention
6,2748806070,8.172,5,0.001,1.04,laggard_gpu_busy,gemm=5.3ms;moe_permute=2.4ms;cat_copy=0.6ms,forward|attention
6,2977830519,11.46,3,0.0,1.023,laggard_gpu_busy,gemm=6.2ms;moe_permute=2.9ms;elementwise=1.8ms,forward|attention
6,3303191944,12.532,3,0.0,1.023,laggard_gpu_busy,gemm=5.9ms;elementwise=3.6ms;moe_permute=2.6ms,forward|attention
6,3398162924,6.329,2,0.001,1.025,laggard_gpu_busy,moe_permute=3.3ms;gemm=3.2ms;hybridep_meta=0.0ms,forward|attention
6,3478784958,12.935,4,0.0,1.022,laggard_gpu_busy,gemm=7.3ms;moe_permute=3.3ms;elementwise=1.8ms,forward|attention
6,3566767059,18.386,4,0.0,1.016,laggard_gpu_busy,gemm=8.4ms;elementwise=5.9ms;moe_permute=3.3ms,forward|attention
6,3716463890,28.261,3,0.0,1.024,laggard_gpu_busy,gemm=14.3ms;elementwise=7.8ms;moe_permute=3.1ms,forward|attention
6,3815595915,11.994,0,0.0,1.024,laggard_gpu_busy,gemm=6.4ms;moe_permute=3.1ms;elementwise=2.0ms,forward|attention
6,3892595230,33.09,4,0.0,1.036,laggard_gpu_busy,gemm=18.4ms;elementwise=8.5ms;moe_permute=3.3ms,forward|attention
6,4006861695,9.359,0,0.0,1.022,laggard_gpu_busy,gemm=6.6ms;moe_permute=3.0ms;hybridep_combine=0.0ms,forward|attention
6,4326702421,6.726,1,0.001,1.059,laggard_gpu_busy,gemm=4.8ms;moe_permute=2.3ms;hybridep_meta=0.0ms,forward|attention
6,4402635774,9.953,5,0.001,1.03,laggard_gpu_busy,gemm=5.7ms;moe_permute=2.5ms;elementwise=1.4ms,forward|attention
6,4546245894,16.106,7,0.0,1.019,laggard_gpu_busy,gemm=6.2ms;elementwise=6.1ms;moe_permute=2.8ms,forward|attention
6,4716118778,19.743,3,0.0,1.015,laggard_gpu_busy,gemm=7.0ms;elementwise=6.9ms;moe_permute=3.0ms,forward|attention
6,4812376698,15.175,3,0.0,1.019,laggard_gpu_busy,gemm=7.9ms;elementwise=3.4ms;moe_permute=3.2ms,forward|attention
6,4962948033,18.358,2,0.0,1.016,laggard_gpu_busy,gemm=6.9ms;elementwise=6.8ms;moe_permute=2.8ms,forward|attention
6,5059609668,6.993,5,0.001,1.033,laggard_gpu_busy,gemm=4.3ms;moe_permute=2.9ms;hybridep_meta=0.0ms,forward|attention
6,5135906224,18.121,0,0.0,1.014,laggard_gpu_busy,elementwise=6.4ms;gemm=6.3ms;moe_permute=2.9ms,forward|attention
6,5385282157,5.91,5,0.001,1.027,laggard_gpu_busy,gemm=3.6ms;moe_permute=2.4ms;hybridep_meta=0.0ms,forward|attention
6,5552030853,11.216,5,0.0,1.026,laggard_gpu_busy,gemm=8.0ms;moe_permute=3.5ms;hybridep_meta=0.0ms,forward|attention
6,5631083275,11.702,1,0.0,1.028,laggard_gpu_busy,gemm=6.0ms;elementwise=2.8ms;moe_permute=2.5ms,forward|attention
6,5863397230,20.977,0,0.0,1.012,laggard_gpu_busy,gemm=7.5ms;elementwise=7.5ms;moe_permute=3.2ms,forward|attention
6,5950694011,15.869,5,0.0,1.02,laggard_gpu_busy,gemm=6.1ms;elementwise=6.1ms;moe_permute=2.8ms,forward|attention
6,6032749239,16.598,1,0.0,1.017,laggard_gpu_busy,gemm=6.5ms;elementwise=6.3ms;moe_permute=2.7ms,forward|attention
6,6271313446,20.722,7,0.0,1.013,laggard_gpu_busy,gemm=7.7ms;elementwise=6.9ms;moe_permute=3.0ms,forward|attention
6,6354626126,15.31,0,0.0,1.017,laggard_gpu_busy,elementwise=5.7ms;gemm=5.6ms;moe_permute=2.5ms,forward|attention
6,6437646387,17.17,4,0.0,1.016,laggard_gpu_busy,gemm=7.0ms;elementwise=6.6ms;moe_permute=3.1ms,forward|attention
6,6587554535,20.45,7,0.0,1.027,laggard_gpu_busy,gemm=8.4ms;elementwise=6.6ms;moe_permute=2.9ms,forward|attention
6,6764420119,15.007,1,0.0,1.018,laggard_gpu_busy,gemm=6.5ms;elementwise=5.3ms;moe_permute=2.8ms,forward|attention
6,6851168063,30.616,1,0.0,1.013,laggard_gpu_busy,gemm=11.8ms;elementwise=10.4ms;moe_permute=3.9ms,forward|attention
6,7018148467,13.464,0,0.0,1.021,laggard_gpu_busy,gemm=6.0ms;elementwise=4.5ms;moe_permute=2.5ms,forward|attention
6,7197341688,6.77,0,0.0,1.041,laggard_gpu_busy,gemm=4.3ms;moe_permute=2.8ms;hybridep_meta=0.0ms,forward|attention
6,7269234582,30.245,4,0.0,1.015,laggard_gpu_busy,gemm=13.6ms;elementwise=8.8ms;moe_permute=4.0ms,forward|attention
6,7521025951,13.484,7,0.0,1.019,laggard_gpu_busy,gemm=5.7ms;elementwise=4.5ms;moe_permute=2.9ms,forward|attention
6,7598018444,18.176,3,0.0,1.018,laggard_gpu_busy,gemm=6.7ms;elementwise=6.1ms;moe_permute=2.8ms,forward|attention
6,7683208600,14.909,2,0.0,1.022,laggard_gpu_busy,gemm=6.1ms;elementwise=5.7ms;moe_permute=2.8ms,forward|attention
6,7837137077,19.434,1,0.0,1.014,laggard_gpu_busy,gemm=7.4ms;elementwise=7.1ms;moe_permute=3.4ms,forward|attention
6,7923705486,19.817,2,0.0,1.014,laggard_gpu_busy,gemm=7.1ms;elementwise=7.1ms;moe_permute=3.1ms,forward|attention
6,8089647613,16.813,4,0.0,1.015,laggard_gpu_busy,gemm=6.8ms;elementwise=6.5ms;moe_permute=2.9ms,forward|attention
6,8239576691,19.768,1,0.0,1.017,laggard_gpu_busy,gemm=7.6ms;elementwise=6.6ms;moe_permute=2.9ms,forward|attention
6,8484846774,20.359,1,0.0,1.016,laggard_gpu_busy,gemm=8.4ms;elementwise=7.7ms;moe_permute=3.7ms,forward|attention
6,8724125088,13.588,4,0.001,1.025,laggard_gpu_busy,gemm=6.1ms;elementwise=4.5ms;moe_permute=2.6ms,forward|attention
6,8811072414,6.979,0,0.0,1.049,laggard_gpu_busy,gemm=4.6ms;moe_permute=2.7ms;hybridep_meta=0.0ms,forward|attention
6,8880651093,20.267,3,0.0,1.005,laggard_gpu_busy,gemm=8.0ms;elementwise=6.4ms;moe_permute=2.8ms,forward|attention
6,9128127694,6.183,1,0.001,0.715,laggard_gpu_busy,moe_permute=3.0ms;gemm=1.4ms;hybridep_meta=0.0ms,forward|attention
6,9200664097,15.602,0,0.0,1.018,laggard_gpu_busy,gemm=6.3ms;elementwise=6.1ms;moe_permute=2.8ms,forward|attention
6,9445749603,6.405,4,0.001,1.031,laggard_gpu_busy,gemm=3.7ms;moe_permute=2.9ms;hybridep_meta=0.0ms,forward|attention
6,9690843313,40.267,1,0.0,0.923,laggard_gpu_busy,gemm=19.9ms;elementwise=9.1ms;moe_permute=3.9ms,forward|lm_head
6,11715065528,361.897,1,0.0,0.101,laggard_gpu_idle(host),gemm=19.6ms;elementwise=9.2ms;moe_permute=3.4ms,backward|moe|recompute
6,12091652115,51.372,1,0.0,1.023,laggard_gpu_busy,gemm=24.4ms;elementwise=10.7ms;cat_copy=10.2ms,backward|recompute
6,12786961493,6.363,4,0.001,1.032,laggard_gpu_busy,gemm=3.9ms;moe_permute=2.7ms;hybridep_meta=0.0ms,backward|recompute
6,12831669489,8.612,4,0.001,1.045,laggard_gpu_busy,gemm=6.0ms;moe_permute=3.0ms;hybridep_meta=0.0ms,backward|recompute
6,13211534226,62.648,0,0.0,0.252,laggard_gpu_idle(host),gemm=6.3ms;elementwise=6.0ms;moe_permute=2.8ms,backward|moe|recompute
6,13301337135,18.458,0,0.0,1.038,laggard_gpu_busy,gemm=12.6ms;moe_permute=2.9ms;activation=2.6ms,backward|recompute
6,13484406699,5.9,1,0.001,1.034,laggard_gpu_busy,gemm=3.4ms;moe_permute=2.7ms;hybridep_meta=0.0ms,backward|recompute
6,13529093096,7.761,1,0.001,1.053,laggard_gpu_busy,gemm=5.3ms;moe_permute=2.9ms;hybridep_meta=0.0ms,backward|recompute
6,13913572415,20.646,3,0.0,0.991,laggard_gpu_busy,gemm=8.1ms;elementwise=6.4ms;moe_permute=2.8ms,backward|recompute
6,13956457653,25.05,3,0.0,1.029,laggard_gpu_busy,gemm=13.3ms;elementwise=4.8ms;moe_permute=3.0ms,backward|recompute
6,14139396129,7.052,0,0.0,1.047,laggard_gpu_busy,gemm=4.7ms;moe_permute=2.7ms;hybridep_meta=0.0ms,backward|recompute
6,14181864147,8.775,0,0.0,1.074,laggard_gpu_busy,gemm=6.6ms;moe_permute=2.9ms;hybridep_meta=0.0ms,backward|recompute
6,14342086679,13.651,4,0.0,1.025,laggard_gpu_busy,gemm=6.1ms;elementwise=4.6ms;moe_permute=2.6ms,backward|recompute
6,14382550772,16.489,4,0.0,1.046,laggard_gpu_busy,gemm=12.0ms;moe_permute=2.8ms;activation=1.5ms,backward|recompute
6,14774563192,19.862,1,0.0,1.016,laggard_gpu_busy,gemm=8.1ms;elementwise=7.9ms;moe_permute=3.1ms,backward|recompute
6,14826651820,27.363,1,0.0,1.03,laggard_gpu_busy,gemm=16.3ms;cat_copy=5.2ms;activation=3.3ms,backward|recompute
6,15415597067,19.602,1,0.0,1.018,laggard_gpu_busy,gemm=7.6ms;elementwise=6.3ms;moe_permute=3.0ms,backward|recompute
6,15458528418,23.413,1,0.0,1.028,laggard_gpu_busy,gemm=12.9ms;elementwise=3.7ms;moe_permute=3.0ms,backward|recompute
6,15637389573,17.704,4,0.0,1.015,laggard_gpu_busy,gemm=7.0ms;elementwise=6.9ms;moe_permute=3.3ms,backward|recompute
6,15683758494,21.681,4,0.0,1.032,laggard_gpu_busy,gemm=13.8ms;moe_permute=3.3ms;activation=3.0ms,backward|recompute
6,16050131017,19.888,2,0.0,1.014,laggard_gpu_busy,elementwise=7.2ms;gemm=7.1ms;moe_permute=3.1ms,backward|recompute
6,16097740694,23.697,2,0.0,1.03,laggard_gpu_busy,gemm=14.4ms;moe_permute=3.2ms;activation=3.0ms,backward|recompute
6,16279124398,18.613,1,0.0,1.015,laggard_gpu_busy,gemm=7.2ms;elementwise=7.0ms;moe_permute=3.0ms,backward|recompute
6,16326700219,23.839,1,0.0,1.029,laggard_gpu_busy,gemm=14.6ms;activation=3.3ms;moe_permute=3.3ms,backward|recompute
6,16505018035,15.574,2,0.0,1.017,laggard_gpu_busy,gemm=6.1ms;elementwise=5.9ms;moe_permute=3.1ms,backward|recompute
6,16547539051,18.563,2,0.0,1.046,laggard_gpu_busy,gemm=12.1ms;moe_permute=3.0ms;activation=2.5ms,backward|recompute
6,16718577816,18.058,3,0.0,1.017,laggard_gpu_busy,gemm=6.6ms;elementwise=6.1ms;moe_permute=2.8ms,backward|recompute
6,16760693004,21.476,3,0.0,1.037,laggard_gpu_busy,gemm=12.5ms;moe_permute=2.9ms;activation=2.5ms,backward|recompute
6,16936482122,13.646,7,0.0,1.019,laggard_gpu_busy,gemm=5.8ms;elementwise=4.6ms;moe_permute=2.8ms,backward|recompute
6,16977222096,16.3,7,0.0,1.04,laggard_gpu_busy,gemm=11.5ms;moe_permute=2.9ms;activation=1.5ms,backward|recompute
6,17370310073,31.936,4,0.0,1.016,laggard_gpu_busy,gemm=14.0ms;elementwise=10.2ms;moe_permute=4.0ms,backward|recompute
6,17428238674,41.466,4,0.0,1.015,laggard_gpu_busy,gemm=17.9ms;elementwise=9.9ms;cat_copy=6.9ms,backward|recompute
6,17631791471,6.805,0,0.0,1.039,laggard_gpu_busy,gemm=4.3ms;moe_permute=2.8ms;hybridep_meta=0.0ms,backward|recompute
6,17677594218,8.148,0,0.0,1.03,laggard_gpu_busy,gemm=5.5ms;moe_permute=2.9ms;hybridep_meta=0.0ms,backward|recompute
6,18075959953,13.583,0,0.0,1.02,laggard_gpu_busy,gemm=5.9ms;elementwise=4.5ms;moe_permute=2.8ms,backward|recompute
6,18115776500,17.018,0,0.0,1.04,laggard_gpu_busy,gemm=11.8ms;moe_permute=2.7ms;activation=2.2ms,backward|recompute
6,18290764870,30.081,1,0.0,1.009,laggard_gpu_busy,gemm=11.3ms;elementwise=10.4ms;activation=3.8ms,backward|recompute
6,18353954240,42.615,1,0.0,1.015,laggard_gpu_busy,gemm=20.6ms;cat_copy=8.1ms;elementwise=6.1ms,backward|recompute
6,18550703607,14.98,1,0.0,1.018,laggard_gpu_busy,gemm=6.5ms;elementwise=5.3ms;moe_permute=2.7ms,backward|recompute
6,18594419940,17.841,1,0.0,1.034,laggard_gpu_busy,gemm=12.9ms;moe_permute=2.9ms;activation=1.6ms,backward|recompute
6,18997466168,20.55,7,0.0,1.028,laggard_gpu_busy,gemm=8.3ms;elementwise=6.7ms;moe_permute=2.9ms,backward|recompute
6,19041834507,24.937,7,0.0,1.026,laggard_gpu_busy,gemm=13.3ms;elementwise=4.3ms;moe_permute=3.2ms,backward|recompute
6,19222265239,17.167,4,0.0,1.018,laggard_gpu_busy,gemm=7.1ms;elementwise=6.5ms;moe_permute=3.0ms,backward|recompute
6,19268763776,20.741,4,0.0,1.032,laggard_gpu_busy,gemm=14.0ms;moe_permute=3.1ms;activation=2.9ms,backward|recompute
6,19460658309,15.064,0,0.0,1.017,laggard_gpu_busy,gemm=5.6ms;elementwise=5.6ms;moe_permute=2.5ms,backward|recompute
6,19498577428,18.351,0,0.0,1.038,laggard_gpu_busy,gemm=11.3ms;moe_permute=2.6ms;activation=2.3ms,backward|recompute
6,19669046551,20.874,7,0.0,1.017,laggard_gpu_busy,gemm=8.0ms;elementwise=6.9ms;moe_permute=3.0ms,backward|recompute
6,19715493312,24.811,7,0.0,1.027,laggard_gpu_busy,gemm=14.0ms;elementwise=3.4ms;moe_permute=3.2ms,backward|recompute
6,20144251049,17.205,1,0.0,1.014,laggard_gpu_busy,elementwise=6.7ms;gemm=6.5ms;moe_permute=2.9ms,backward|recompute
6,20187910777,20.877,1,0.0,1.033,laggard_gpu_busy,gemm=13.2ms;moe_permute=3.2ms;activation=2.8ms,backward|recompute
6,20361392526,15.911,5,0.0,1.02,laggard_gpu_busy,gemm=6.1ms;elementwise=6.1ms;moe_permute=2.8ms,backward|recompute
6,20403139115,18.872,5,0.0,1.039,laggard_gpu_busy,gemm=12.3ms;moe_permute=2.9ms;activation=2.5ms,backward|recompute
6,20574623115,20.949,0,0.0,1.011,laggard_gpu_busy,elementwise=7.5ms;gemm=7.5ms;moe_permute=3.1ms,backward|recompute
6,20623583060,29.882,0,0.0,1.02,laggard_gpu_busy,gemm=15.0ms;cat_copy=6.0ms;activation=3.3ms,backward|recompute
6,21024002327,12.517,1,0.0,1.025,laggard_gpu_busy,gemm=6.0ms;elementwise=3.2ms;moe_permute=2.9ms,backward|recompute
6,21064987051,15.318,1,0.0,1.053,laggard_gpu_busy,gemm=11.9ms;moe_permute=2.8ms;cat_copy=1.0ms,backward|recompute
6,21249522358,10.391,5,0.0,1.019,laggard_gpu_busy,gemm=7.3ms;moe_permute=3.3ms;hybridep_meta=0.0ms,backward|recompute
6,21304969124,16.982,5,0.0,1.024,laggard_gpu_busy,gemm=14.0ms;moe_permute=3.4ms;hybridep_meta=0.0ms,backward|recompute
6,21686325117,5.851,5,0.001,1.03,laggard_gpu_busy,gemm=3.6ms;moe_permute=2.4ms;hybridep_meta=0.0ms,backward|recompute
6,21724088878,7.694,5,0.001,1.028,laggard_gpu_busy,gemm=5.3ms;moe_permute=2.6ms;hybridep_meta=0.0ms,backward|recompute
6,22120381094,17.934,0,0.0,1.015,laggard_gpu_busy,gemm=6.3ms;elementwise=6.3ms;moe_permute=2.9ms,backward|recompute
6,22163574610,21.2,0,0.0,1.029,laggard_gpu_busy,gemm=12.5ms;moe_permute=3.0ms;activation=2.6ms,backward|recompute
6,22346289291,7.21,5,0.001,1.037,laggard_gpu_busy,gemm=4.4ms;moe_permute=3.0ms;hybridep_meta=0.0ms,backward|recompute
6,22394629398,8.942,5,0.001,1.05,laggard_gpu_busy,gemm=6.3ms;moe_permute=3.1ms;hybridep_meta=0.0ms,backward|recompute
6,22561555782,18.246,2,0.0,1.015,laggard_gpu_busy,gemm=6.8ms;elementwise=6.8ms;moe_permute=3.1ms,backward|recompute
6,22606299946,22.475,2,0.0,1.029,laggard_gpu_busy,gemm=13.6ms;moe_permute=3.1ms;activation=3.0ms,backward|recompute
6,22794134012,15.809,3,0.0,1.017,laggard_gpu_busy,gemm=8.0ms;moe_permute=3.6ms;elementwise=3.5ms,backward|recompute
6,22847252827,23.685,3,0.0,1.03,laggard_gpu_busy,gemm=15.8ms;cat_copy=4.9ms;moe_permute=3.6ms,backward|recompute
6,23025069248,19.195,3,0.0,1.016,laggard_gpu_busy,gemm=7.0ms;elementwise=6.8ms;moe_permute=2.9ms,backward|recompute
6,23070921105,23.203,3,0.0,1.032,laggard_gpu_busy,gemm=13.9ms;moe_permute=3.2ms;activation=2.9ms,backward|recompute
6,23474490338,15.785,7,0.0,1.017,laggard_gpu_busy,gemm=6.1ms;elementwise=6.0ms;moe_permute=2.9ms,backward|recompute
6,23516339624,18.682,7,0.0,1.039,laggard_gpu_busy,gemm=12.2ms;moe_permute=2.9ms;activation=2.5ms,backward|recompute
6,23688454351,9.981,5,0.0,1.03,laggard_gpu_busy,gemm=5.6ms;moe_permute=2.5ms;elementwise=1.5ms,backward|recompute
6,23728014715,11.581,5,0.0,1.045,laggard_gpu_busy,gemm=9.5ms;moe_permute=2.6ms;hybridep_meta=0.0ms,backward|recompute
6,23892994134,6.499,1,0.001,1.058,laggard_gpu_busy,gemm=4.6ms;moe_permute=2.3ms;hybridep_meta=0.0ms,backward|recompute
6,23928993243,8.516,1,0.001,1.074,laggard_gpu_busy,gemm=6.6ms;moe_permute=2.5ms;hybridep_meta=0.0ms,backward|recompute
6,24545707445,10.133,0,0.0,1.034,laggard_gpu_busy,gemm=7.2ms;moe_permute=3.3ms;hybridep_meta=0.0ms,backward|recompute
6,24597487211,12.389,0,0.0,1.031,laggard_gpu_busy,gemm=9.4ms;moe_permute=3.3ms;hybridep_meta=0.0ms,backward|recompute
6,24753719541,32.865,4,0.0,1.035,laggard_gpu_busy,gemm=18.4ms;elementwise=8.4ms;moe_permute=3.3ms,backward|recompute
6,24806049584,42.441,4,0.0,1.013,laggard_gpu_busy,gemm=16.8ms;elementwise=10.0ms;cat_copy=9.5ms,backward|recompute
6,25003165881,11.44,0,0.0,1.026,laggard_gpu_busy,gemm=6.3ms;moe_permute=2.9ms;elementwise=1.8ms,backward|recompute
6,25047645567,13.587,0,0.0,1.023,laggard_gpu_busy,gemm=10.9ms;moe_permute=3.0ms;hybridep_meta=0.0ms,backward|recompute
6,25209420198,29.154,3,0.0,1.022,laggard_gpu_busy,gemm=14.4ms;elementwise=8.2ms;moe_permute=3.3ms,backward|recompute
6,25259723403,37.973,3,0.0,1.016,laggard_gpu_busy,gemm=15.7ms;elementwise=9.6ms;cat_copy=6.6ms,backward|recompute
6,25462354064,18.173,4,0.0,1.015,laggard_gpu_busy,gemm=8.4ms;elementwise=5.3ms;moe_permute=3.7ms,backward|recompute
6,25517400457,26.946,4,0.0,1.026,laggard_gpu_busy,gemm=16.9ms;cat_copy=5.7ms;moe_permute=3.4ms,backward|recompute
6,25704681158,12.613,4,0.0,1.028,laggard_gpu_busy,gemm=7.3ms;moe_permute=3.0ms;elementwise=1.8ms,backward|recompute
6,25753089975,15.979,4,0.0,1.04,laggard_gpu_busy,gemm=13.5ms;moe_permute=3.1ms;hybridep_meta=0.0ms,backward|recompute
6,25934558357,6.298,2,0.001,1.023,laggard_gpu_busy,moe_permute=3.3ms;gemm=3.1ms;hybridep_meta=0.0ms,backward|recompute
6,25986283946,8.481,2,0.001,1.033,laggard_gpu_busy,gemm=5.4ms;moe_permute=3.4ms;hybridep_meta=0.0ms,backward|recompute
6,26150980048,12.343,3,0.0,1.025,laggard_gpu_busy,gemm=6.0ms;elementwise=3.5ms;moe_permute=2.5ms,backward|recompute
6,26191457162,14.548,3,0.0,1.051,laggard_gpu_busy,gemm=11.9ms;moe_permute=2.7ms;cat_copy=0.6ms,backward|recompute
6,26816688453,11.978,3,0.0,1.024,laggard_gpu_busy,gemm=6.3ms;moe_permute=3.0ms;elementwise=2.2ms,backward|recompute
6,26860133124,14.672,3,0.0,1.055,laggard_gpu_busy,gemm=12.6ms;moe_permute=2.9ms;hybridep_meta=0.0ms,backward|recompute
6,27244673212,8.302,5,0.001,1.038,laggard_gpu_busy,gemm=5.3ms;moe_permute=2.4ms;cat_copy=0.6ms,backward|recompute
6,27281626420,10.559,5,0.001,1.067,laggard_gpu_busy,gemm=8.7ms;moe_permute=2.6ms;hybridep_meta=0.0ms,backward|recompute
6,27451523208,13.712,4,0.0,1.023,laggard_gpu_busy,gemm=6.7ms;elementwise=3.7ms;moe_permute=2.8ms,backward|recompute
6,27496445560,16.164,4,0.0,1.045,laggard_gpu_busy,gemm=13.4ms;moe_permute=3.0ms;cat_copy=0.5ms,backward|recompute
6,28098210223,20.012,7,0.0,1.013,laggard_gpu_busy,gemm=7.8ms;elementwise=7.5ms;moe_permute=3.6ms,backward|recompute
6,28148107926,25.626,7,0.0,1.026,laggard_gpu_busy,gemm=15.1ms;moe_permute=3.6ms;activation=3.5ms,backward|recompute
6,28523582185,11.702,0,0.0,1.026,laggard_gpu_busy,gemm=6.3ms;moe_permute=2.7ms;elementwise=2.3ms,backward|recompute
6,28566387876,14.331,0,0.0,1.047,laggard_gpu_busy,gemm=12.1ms;moe_permute=2.9ms;hybridep_meta=0.0ms,backward|recompute
7,2180534208,19.012,0,0.0,1.021,laggard_gpu_busy,gemm=7.4ms;elementwise=6.3ms;moe_permute=2.7ms,forward|attention
7,2500444286,9.07,1,0.0,1.035,laggard_gpu_busy,gemm=5.0ms;moe_permute=2.2ms;elementwise=1.6ms,forward|attention
7,2575864437,21.322,6,0.0,1.012,laggard_gpu_busy,gemm=7.5ms;elementwise=7.4ms;moe_permute=3.1ms,forward|attention
7,2667784769,13.336,4,0.0,1.023,laggard_gpu_busy,gemm=6.7ms;elementwise=3.3ms;moe_permute=2.8ms,forward|attention
7,2895146799,12.776,2,0.0,1.021,laggard_gpu_busy,gemm=5.8ms;elementwise=3.9ms;moe_permute=2.6ms,forward|attention
7,2971310443,17.981,3,0.0,1.014,laggard_gpu_busy,elementwise=6.5ms;gemm=6.2ms;moe_permute=2.9ms,forward|attention
7,3058930617,23.037,6,0.0,1.011,laggard_gpu_busy,gemm=8.3ms;elementwise=8.2ms;moe_permute=3.1ms,forward|attention
7,3156614030,9.607,6,0.001,1.034,laggard_gpu_busy,gemm=6.9ms;moe_permute=2.8ms;elementwise=0.2ms,forward|attention
7,3300446155,15.279,3,0.0,1.018,laggard_gpu_busy,gemm=5.9ms;elementwise=5.9ms;moe_permute=2.6ms,forward|attention
7,3379772894,24.72,2,0.0,1.026,laggard_gpu_busy,gemm=11.0ms;elementwise=7.5ms;moe_permute=3.3ms,forward|attention
7,3473573986,18.148,4,0.0,1.015,laggard_gpu_busy,gemm=7.3ms;elementwise=7.0ms;moe_permute=3.3ms,forward|attention
7,3565420033,19.733,4,0.0,1.014,laggard_gpu_busy,gemm=8.4ms;elementwise=7.3ms;moe_permute=3.3ms,forward|attention
7,3725375123,19.352,3,0.0,1.013,laggard_gpu_busy,elementwise=7.8ms;gemm=7.8ms;moe_permute=3.1ms,forward|attention
7,3818287674,9.302,0,0.0,1.035,laggard_gpu_busy,gemm=6.4ms;moe_permute=3.1ms;elementwise=0.2ms,forward|attention
7,3914292312,11.394,4,0.0,1.03,laggard_gpu_busy,gemm=8.4ms;moe_permute=3.3ms;elementwise=0.0ms,forward|attention
7,3997748826,18.472,0,0.0,1.014,laggard_gpu_busy,elementwise=7.4ms;gemm=7.4ms;moe_permute=3.0ms,forward|attention
7,4143373955,36.146,6,0.0,1.019,laggard_gpu_busy,gemm=20.8ms;elementwise=8.7ms;moe_permute=3.5ms,forward|moe
7,4241800531,15.906,4,0.0,1.025,laggard_gpu_busy,gemm=6.1ms;elementwise=5.2ms;moe_permute=2.4ms,forward|attention
7,4322758851,10.67,1,0.0,1.031,laggard_gpu_busy,gemm=5.3ms;elementwise=2.9ms;moe_permute=2.3ms,forward|attention
7,4401326529,11.262,5,0.0,1.027,laggard_gpu_busy,gemm=5.7ms;elementwise=2.7ms;moe_permute=2.5ms,forward|attention
7,4625625513,17.576,6,0.0,1.017,laggard_gpu_busy,gemm=6.3ms;elementwise=5.9ms;moe_permute=2.9ms,forward|attention
7,4706475640,29.387,3,0.0,1.016,laggard_gpu_busy,gemm=16.7ms;elementwise=6.9ms;moe_permute=3.0ms,forward|attention
7,4800477479,27.076,3,0.0,1.009,laggard_gpu_busy,gemm=12.6ms;elementwise=7.8ms;moe_permute=3.2ms,forward|attention
7,4968530804,12.776,2,0.0,1.024,laggard_gpu_busy,gemm=6.9ms;moe_permute=2.8ms;elementwise=2.6ms,forward|attention
7,5047868504,18.736,5,0.0,1.015,laggard_gpu_busy,elementwise=6.8ms;gemm=6.8ms;moe_permute=2.9ms,forward|attention
7,5137783498,16.246,0,0.0,1.016,laggard_gpu_busy,elementwise=6.4ms;gemm=6.3ms;moe_permute=2.9ms,forward|attention
7,5225149032,19.202,6,0.0,1.015,laggard_gpu_busy,gemm=7.7ms;elementwise=7.6ms;moe_permute=3.0ms,forward|attention
7,5379114734,12.078,5,0.0,1.023,laggard_gpu_busy,gemm=5.3ms;elementwise=4.0ms;moe_permute=2.4ms,forward|attention
7,5464348701,5.429,6,0.001,1.038,laggard_gpu_busy,gemm=3.1ms;moe_permute=2.5ms;hybridep_meta=0.0ms,forward|attention
7,5539953510,23.294,5,0.0,1.009,laggard_gpu_busy,elementwise=8.9ms;gemm=8.4ms;moe_permute=3.5ms,forward|attention
7,5631373538,11.413,1,0.0,1.028,laggard_gpu_busy,gemm=6.0ms;elementwise=2.5ms;moe_permute=2.5ms,forward|attention
7,5776659017,19.22,2,0.0,1.034,laggard_gpu_busy,gemm=8.8ms;elementwise=5.8ms;moe_permute=2.6ms,forward|attention
7,5859043252,25.332,0,0.0,1.029,laggard_gpu_busy,gemm=11.7ms;elementwise=7.5ms;moe_permute=3.2ms,forward|attention
7,5952836469,13.727,5,0.0,1.023,laggard_gpu_busy,gemm=6.1ms;elementwise=4.4ms;moe_permute=2.8ms,forward|attention
7,6034872477,14.475,1,0.0,1.019,laggard_gpu_busy,gemm=6.5ms;elementwise=4.8ms;moe_permute=2.7ms,forward|attention
7,6193457541,12.363,6,0.0,1.025,laggard_gpu_busy,gemm=7.4ms;moe_permute=3.1ms;elementwise=1.4ms,forward|attention
7,6358777695,11.159,0,0.0,1.025,laggard_gpu_busy,gemm=5.6ms;elementwise=2.6ms;moe_permute=2.5ms,forward|attention
7,6436132260,18.683,4,0.0,1.014,laggard_gpu_busy,gemm=7.0ms;elementwise=6.9ms;moe_permute=3.1ms,forward|attention
7,6678871940,17.317,6,0.0,1.015,laggard_gpu_busy,gemm=7.6ms;elementwise=5.9ms;moe_permute=3.2ms,forward|attention
7,6764120580,15.308,1,0.0,1.018,laggard_gpu_busy,gemm=6.5ms;elementwise=5.6ms;moe_permute=2.8ms,forward|attention
7,6842734963,39.05,1,0.0,1.031,laggard_gpu_busy,gemm=21.0ms;elementwise=10.4ms;moe_permute=3.9ms,forward|attention
7,7016143530,15.469,0,0.0,1.018,laggard_gpu_busy,gemm=6.0ms;elementwise=5.8ms;moe_permute=2.5ms,forward|attention
7,7094749432,26.264,6,0.0,1.048,laggard_gpu_busy,gemm=13.1ms;elementwise=7.6ms;moe_permute=3.1ms,forward|attention
7,7183629940,20.482,0,0.0,1.032,laggard_gpu_busy,gemm=8.6ms;elementwise=6.6ms;moe_permute=2.8ms,forward|attention
7,7276508430,22.972,4,0.0,1.013,laggard_gpu_busy,gemm=9.0ms;elementwise=8.8ms;moe_permute=4.0ms,forward|attention
7,7435064053,19.743,6,0.0,1.016,laggard_gpu_busy,gemm=7.1ms;elementwise=6.7ms;moe_permute=3.0ms,forward|attention
7,7691731645,6.387,2,0.001,1.013,laggard_gpu_busy,gemm=3.7ms;moe_permute=2.8ms;hybridep_meta=0.0ms,forward|attention
7,7851169731,5.401,1,0.001,0.997,laggard_gpu_busy,moe_permute=3.4ms;gemm=2.0ms;hybridep_meta=0.0ms,forward|attention
7,7926460595,17.061,2,0.0,1.016,laggard_gpu_busy,gemm=7.1ms;elementwise=6.2ms;moe_permute=3.1ms,forward|attention
7,8097754902,8.705,4,0.001,1.027,laggard_gpu_busy,gemm=6.1ms;moe_permute=2.9ms;hybridep_meta=0.0ms,forward|attention
7,8242378696,16.966,1,0.0,1.016,laggard_gpu_busy,elementwise=6.6ms;gemm=6.5ms;moe_permute=2.9ms,forward|attention
7,8321237204,16.844,1,0.0,0.998,laggard_gpu_busy,gemm=6.1ms;elementwise=5.5ms;moe_permute=2.6ms,forward|moe
7,8408937637,5.812,0,0.001,1.033,laggard_gpu_busy,gemm=3.6ms;moe_permute=2.4ms;hybridep_meta=0.0ms,forward|attention
7,8478910892,26.295,1,0.0,1.034,laggard_gpu_busy,gemm=11.7ms;elementwise=8.0ms;moe_permute=3.7ms,forward|attention
7,8649521225,7.652,6,0.001,1.038,laggard_gpu_busy,gemm=5.2ms;moe_permute=2.7ms;hybridep_meta=0.0ms,forward|attention
7,8725894754,11.819,4,0.001,1.029,laggard_gpu_busy,gemm=6.1ms;elementwise=2.8ms;moe_permute=2.6ms,forward|attention
7,8806706077,11.346,0,0.0,1.027,laggard_gpu_busy,gemm=6.0ms;moe_permute=2.7ms;elementwise=2.3ms,forward|attention
7,8883883836,17.034,3,0.0,1.019,laggard_gpu_busy,gemm=6.6ms;elementwise=6.4ms;moe_permute=2.8ms,forward|attention
7,9028338284,23.463,6,0.0,1.031,laggard_gpu_busy,gemm=12.1ms;elementwise=6.3ms;moe_permute=2.8ms,forward|attention
7,9116305984,18.005,1,0.0,1.016,laggard_gpu_busy,gemm=6.4ms;elementwise=6.3ms;moe_permute=3.0ms,forward|attention
7,9205724447,10.541,0,0.0,1.028,laggard_gpu_busy,gemm=6.3ms;moe_permute=2.8ms;elementwise=1.0ms,forward|attention
7,9286599579,10.722,5,0.001,1.026,laggard_gpu_busy,gemm=6.2ms;moe_permute=2.8ms;elementwise=1.3ms,forward|attention
7,9442512965,9.642,4,0.001,1.024,laggard_gpu_busy,gemm=6.3ms;moe_permute=2.9ms;cat_copy=0.3ms,forward|attention
7,9519945094,24.904,6,0.0,1.016,laggard_gpu_busy,gemm=9.5ms;elementwise=8.4ms;moe_permute=3.3ms,forward|attention
7,9619105938,11.442,6,0.0,1.021,laggard_gpu_busy,gemm=6.8ms;moe_permute=3.1ms;elementwise=1.0ms,forward|attention
7,9688962785,42.148,1,0.0,0.882,laggard_gpu_busy,gemm=19.9ms;elementwise=9.1ms;moe_permute=3.9ms,forward|lm_head
7,11713459055,363.505,1,0.0,0.101,laggard_gpu_idle(host),gemm=19.6ms;elementwise=9.2ms;moe_permute=3.4ms,backward|moe|recompute
7,12089772632,53.253,1,0.0,1.022,laggard_gpu_busy,gemm=26.3ms;elementwise=10.7ms;cat_copy=10.2ms,backward|recompute
7,12314766701,11.021,6,0.001,1.022,laggard_gpu_busy,gemm=6.8ms;moe_permute=3.0ms;cat_copy=0.8ms,backward|recompute
7,12361162794,13.879,6,0.0,1.034,laggard_gpu_busy,gemm=11.4ms;moe_permute=3.0ms;hybridep_meta=0.0ms,backward|recompute
7,12531160156,24.65,6,0.0,1.013,laggard_gpu_busy,gemm=9.3ms;elementwise=8.4ms;moe_permute=3.2ms,backward|recompute
7,12584724276,35.12,6,0.0,1.014,laggard_gpu_busy,gemm=16.9ms;cat_copy=6.6ms;elementwise=4.9ms,backward|recompute
7,12783917493,9.407,4,0.001,1.028,laggard_gpu_busy,gemm=6.4ms;moe_permute=2.7ms;cat_copy=0.3ms,backward|recompute
7,12828263937,12.019,4,0.0,1.036,laggard_gpu_busy,gemm=9.5ms;moe_permute=3.0ms;hybridep_meta=0.0ms,backward|recompute
7,13002076051,10.96,5,0.0,1.028,laggard_gpu_busy,gemm=6.2ms;moe_permute=2.8ms;elementwise=1.5ms,backward|recompute
7,13045919258,13.172,5,0.0,1.041,laggard_gpu_busy,gemm=10.7ms;moe_permute=3.0ms;hybridep_meta=0.0ms,backward|recompute
7,13216766868,57.416,0,0.0,0.184,laggard_gpu_idle(host),gemm=6.3ms;moe_permute=2.8ms;elementwise=0.8ms,backward|moe|recompute
7,13307414139,12.382,0,0.0,1.036,laggard_gpu_busy,gemm=9.9ms;moe_permute=2.9ms;hybridep_combine=0.0ms,backward|recompute
7,13472699047,17.609,1,0.0,1.017,laggard_gpu_busy,gemm=6.4ms;elementwise=6.2ms;moe_permute=2.7ms,backward|recompute
7,13515635687,21.22,1,0.0,1.032,laggard_gpu_busy,gemm=12.9ms;moe_permute=2.9ms;activation=2.6ms,backward|recompute
7,13685756250,23.412,6,0.0,1.034,laggard_gpu_busy,gemm=12.2ms;elementwise=6.2ms;moe_permute=2.8ms,backward|recompute
7,13727564465,27.778,6,0.0,1.024,laggard_gpu_busy,gemm=12.6ms;elementwise=7.5ms;moe_permute=3.0ms,backward|recompute
7,13916936741,17.282,3,0.0,1.017,laggard_gpu_busy,gemm=6.6ms;elementwise=6.4ms;moe_permute=2.8ms,backward|recompute
7,13960450676,21.058,3,0.0,1.035,laggard_gpu_busy,gemm=13.3ms;moe_permute=3.0ms;activation=2.8ms,backward|recompute
7,14135028020,11.421,0,0.0,1.026,laggard_gpu_busy,gemm=6.0ms;moe_permute=2.7ms;elementwise=2.3ms,backward|recompute
7,14177083799,13.557,0,0.0,1.051,laggard_gpu_busy,gemm=11.4ms;moe_permute=2.9ms;hybridep_combine=0.0ms,backward|recompute
7,14343954550,11.783,4,0.0,1.029,laggard_gpu_busy,gemm=6.1ms;elementwise=2.7ms;moe_permute=2.6ms,backward|recompute
7,14384671821,14.367,4,0.0,1.053,laggard_gpu_busy,gemm=12.0ms;moe_permute=2.8ms;cat_copy=0.4ms,backward|recompute
7,14563493425,8.374,6,0.001,1.035,laggard_gpu_busy,gemm=5.7ms;moe_permute=3.0ms;hybridep_meta=0.0ms,backward|recompute
7,14608248010,10.162,6,0.001,1.012,laggard_gpu_busy,gemm=7.3ms;moe_permute=3.0ms;hybridep_meta=0.0ms,backward|recompute
7,14768878837,25.547,1,0.0,1.035,laggard_gpu_busy,gemm=11.6ms;elementwise=7.9ms;moe_permute=3.1ms,backward|recompute
7,14820058084,33.957,1,0.0,1.023,laggard_gpu_busy,gemm=16.3ms;cat_copy=6.1ms;elementwise=5.7ms,backward|recompute
7,15009421889,5.678,0,0.001,1.029,laggard_gpu_busy,gemm=3.5ms;moe_permute=2.4ms;hybridep_combine=0.0ms,backward|recompute
7,15047799396,6.607,0,0.0,1.015,laggard_gpu_busy,gemm=4.2ms;moe_permute=2.5ms;hybridep_combine=0.0ms,backward|recompute
7,15203426405,15.461,1,0.0,1.017,laggard_gpu_busy,gemm=5.7ms;elementwise=5.2ms;moe_permute=2.4ms,backward|recompute
7,15239889016,18.588,1,0.0,1.035,laggard_gpu_busy,gemm=10.9ms;moe_permute=2.6ms;activation=2.2ms,backward|recompute
7,15418256248,16.943,1,0.0,1.016,laggard_gpu_busy,gemm=6.6ms;elementwise=6.3ms;moe_permute=3.0ms,backward|recompute
7,15461757895,20.183,1,0.0,1.034,laggard_gpu_busy,gemm=12.9ms;moe_permute=3.0ms;activation=2.7ms,backward|recompute
7,15645216242,9.876,4,0.001,1.036,laggard_gpu_busy,gemm=7.0ms;moe_permute=3.3ms;elementwise=0.0ms,backward|recompute
7,15693202566,12.237,4,0.0,1.032,laggard_gpu_busy,gemm=9.4ms;moe_permute=3.3ms;hybridep_meta=0.0ms,backward|recompute
7,16052906128,17.114,2,0.0,1.016,laggard_gpu_busy,gemm=7.1ms;elementwise=6.3ms;moe_permute=3.1ms,backward|recompute
7,16100812046,20.627,2,0.0,1.035,laggard_gpu_busy,gemm=14.4ms;moe_permute=3.2ms;activation=2.5ms,backward|recompute
7,16344023394,6.516,1,0.001,0.997,laggard_gpu_busy,moe_permute=3.3ms;gemm=3.2ms;hybridep_meta=0.0ms,backward|recompute
7,16513166070,7.427,2,0.001,1.012,laggard_gpu_busy,gemm=4.4ms;moe_permute=3.1ms;hybridep_meta=0.0ms,backward|recompute
7,16557291923,8.81,2,0.001,1.037,laggard_gpu_busy,gemm=6.1ms;moe_permute=3.0ms;hybridep_meta=0.0ms,backward|recompute
7,17147382137,19.579,6,0.0,1.014,laggard_gpu_busy,gemm=7.0ms;elementwise=6.6ms;moe_permute=3.2ms,backward|recompute
7,17192768257,23.48,6,0.0,1.028,laggard_gpu_busy,gemm=13.4ms;moe_permute=3.2ms;activation=2.8ms,backward|recompute
7,17377670461,24.576,4,0.0,1.011,laggard_gpu_busy,elementwise=10.2ms;gemm=9.5ms;moe_permute=4.0ms,backward|recompute
7,17437056861,32.649,4,0.0,1.021,laggard_gpu_busy,gemm=17.9ms;cat_copy=5.9ms;activation=3.8ms,backward|recompute
7,17618253914,20.344,0,0.0,1.031,laggard_gpu_busy,gemm=8.5ms;elementwise=6.6ms;moe_permute=2.8ms,backward|recompute
7,17661539727,24.204,0,0.0,1.026,laggard_gpu_busy,gemm=13.2ms;elementwise=4.1ms;moe_permute=2.9ms,backward|recompute
7,17832803158,26.571,6,0.0,1.046,laggard_gpu_busy,gemm=13.3ms;elementwise=7.7ms;moe_permute=3.2ms,backward|recompute
7,17882474051,34.72,6,0.0,1.019,laggard_gpu_busy,gemm=15.5ms;elementwise=7.7ms;cat_copy=5.8ms,backward|recompute
7,18073846651,15.696,0,0.0,1.018,laggard_gpu_busy,gemm=5.9ms;elementwise=5.9ms;moe_permute=2.8ms,backward|recompute
7,18113550550,19.244,0,0.0,1.035,laggard_gpu_busy,gemm=11.8ms;moe_permute=2.7ms;activation=2.6ms,backward|recompute
7,18282334906,38.511,1,0.0,1.032,laggard_gpu_busy,gemm=20.7ms;elementwise=10.4ms;activation=3.8ms,backward|recompute
7,18343838196,52.731,1,0.0,1.012,laggard_gpu_busy,gemm=20.6ms;elementwise=13.3ms;cat_copy=11.0ms,backward|recompute
7,18550286594,15.396,1,0.0,1.018,laggard_gpu_busy,gemm=6.5ms;elementwise=5.7ms;moe_permute=2.7ms,backward|recompute
7,18594033280,18.227,1,0.0,1.034,laggard_gpu_busy,gemm=12.9ms;moe_permute=2.9ms;activation=2.0ms,backward|recompute
7,18771108685,17.438,6,0.0,1.016,laggard_gpu_busy,gemm=7.7ms;elementwise=5.6ms;moe_permute=3.5ms,backward|recompute
7,18821781064,21.044,6,0.0,1.029,laggard_gpu_busy,gemm=15.1ms;moe_permute=3.4ms;activation=1.9ms,backward|recompute
7,19220499111,18.934,4,0.0,1.016,laggard_gpu_busy,gemm=7.1ms;elementwise=6.9ms;moe_permute=3.0ms,backward|recompute
7,19267003774,22.502,4,0.0,1.029,laggard_gpu_busy,gemm=14.0ms;moe_permute=3.1ms;activation=2.9ms,backward|recompute
7,19464707103,11.015,0,0.0,1.024,laggard_gpu_busy,gemm=5.6ms;elementwise=2.5ms;moe_permute=2.5ms,backward|recompute
7,19503448466,13.48,0,0.0,1.052,laggard_gpu_busy,gemm=11.3ms;moe_permute=2.6ms;cat_copy=0.2ms,backward|recompute
7,19922638787,12.798,6,0.0,1.024,laggard_gpu_busy,gemm=7.4ms;moe_permute=3.2ms;elementwise=1.7ms,backward|recompute
7,19972802650,15.225,6,0.0,1.032,laggard_gpu_busy,gemm=12.4ms;moe_permute=3.4ms;hybridep_meta=0.0ms,backward|recompute
7,20146546293,14.911,1,0.0,1.017,laggard_gpu_busy,gemm=6.5ms;elementwise=4.9ms;moe_permute=2.9ms,backward|recompute
7,20190594335,18.195,1,0.0,1.038,laggard_gpu_busy,gemm=13.2ms;moe_permute=3.2ms;activation=1.5ms,backward|recompute
7,20363570987,13.732,5,0.0,1.023,laggard_gpu_busy,gemm=6.1ms;elementwise=4.4ms;moe_permute=2.8ms,backward|recompute
7,20405680292,16.331,5,0.0,1.045,laggard_gpu_busy,gemm=12.3ms;moe_permute=2.9ms;cat_copy=1.0ms,backward|recompute
7,20570298949,25.274,0,0.0,1.032,laggard_gpu_busy,gemm=11.8ms;elementwise=7.5ms;moe_permute=3.1ms,backward|recompute
7,20618886872,34.579,0,0.0,1.017,laggard_gpu_busy,gemm=15.0ms;elementwise=7.6ms;cat_copy=6.0ms,backward|recompute
7,20808899260,16.542,2,0.0,1.02,laggard_gpu_busy,gemm=6.0ms;elementwise=5.7ms;moe_permute=2.5ms,backward|recompute
7,20847770648,20.023,2,0.0,1.032,laggard_gpu_busy,gemm=11.5ms;moe_permute=2.8ms;elementwise=2.4ms,backward|recompute
7,21024435780,12.085,1,0.0,1.026,laggard_gpu_busy,gemm=6.0ms;moe_permute=2.9ms;elementwise=2.8ms,backward|recompute
7,21065380467,14.926,1,0.0,1.054,laggard_gpu_busy,gemm=11.9ms;moe_permute=2.8ms;cat_copy=1.0ms,backward|recompute
7,21237501079,22.412,5,0.0,1.011,laggard_gpu_busy,elementwise=8.4ms;gemm=8.3ms;moe_permute=3.3ms,backward|recompute
7,21291101782,30.85,5,0.0,1.019,laggard_gpu_busy,gemm=16.5ms;cat_copy=5.5ms;activation=3.5ms,backward|recompute
7,21479589389,5.408,6,0.001,1.027,laggard_gpu_busy,gemm=3.0ms;moe_permute=2.5ms;hybridep_meta=0.0ms,backward|recompute
7,21519422097,5.865,6,0.001,1.059,laggard_gpu_busy,gemm=3.5ms;moe_permute=2.7ms;hybridep_meta=0.0ms,backward|recompute
7,21680228656,11.947,5,0.0,1.025,laggard_gpu_busy,gemm=5.3ms;elementwise=3.9ms;moe_permute=2.4ms,backward|recompute
7,21717006649,14.778,5,0.0,1.047,laggard_gpu_busy,gemm=10.6ms;moe_permute=2.6ms;activation=1.3ms,backward|recompute
7,21888753530,19.977,6,0.0,1.013,laggard_gpu_busy,gemm=7.8ms;elementwise=7.8ms;moe_permute=3.4ms,backward|recompute
7,21939715330,28.324,6,0.0,1.024,laggard_gpu_busy,gemm=15.6ms;cat_copy=5.2ms;activation=3.4ms,backward|recompute
7,22122250115,16.066,0,0.0,1.017,laggard_gpu_busy,gemm=6.3ms;elementwise=6.3ms;moe_permute=2.9ms,backward|recompute
7,22166003243,18.772,0,0.0,1.033,laggard_gpu_busy,gemm=12.5ms;moe_permute=3.0ms;activation=2.6ms,backward|recompute
7,22334362605,19.137,5,0.0,1.015,laggard_gpu_busy,elementwise=6.9ms;gemm=6.9ms;moe_permute=3.0ms,backward|recompute
7,22380666287,22.906,5,0.0,1.027,laggard_gpu_busy,gemm=13.7ms;moe_permute=3.1ms;activation=2.9ms,backward|recompute
7,22567071812,12.731,2,0.001,1.022,laggard_gpu_busy,gemm=6.8ms;moe_permute=3.1ms;elementwise=2.3ms,backward|recompute
7,22612981923,15.794,2,0.0,1.043,laggard_gpu_busy,gemm=13.4ms;moe_permute=3.1ms;hybridep_meta=0.0ms,backward|recompute
7,22782248637,27.694,3,0.0,1.009,laggard_gpu_busy,gemm=12.6ms;elementwise=8.0ms;moe_permute=3.6ms,backward|recompute
7,22833348011,37.59,3,0.0,1.017,laggard_gpu_busy,gemm=15.8ms;elementwise=9.0ms;cat_copy=6.3ms,backward|recompute
7,23015400472,28.864,3,0.0,1.03,laggard_gpu_busy,gemm=16.8ms;elementwise=6.8ms;moe_permute=2.9ms,backward|recompute
7,23059761577,34.363,3,0.0,1.035,laggard_gpu_busy,gemm=16.4ms;elementwise=8.4ms;cat_copy=4.7ms,backward|recompute
7,23251489870,17.745,6,0.0,1.019,laggard_gpu_busy,gemm=6.6ms;elementwise=5.9ms;moe_permute=2.8ms,backward|recompute
7,23292912804,21.198,6,0.0,1.029,laggard_gpu_busy,gemm=12.1ms;moe_permute=3.0ms;elementwise=2.6ms,backward|recompute
7,23687335921,11.099,5,0.0,1.027,laggard_gpu_busy,gemm=5.6ms;elementwise=2.6ms;moe_permute=2.5ms,backward|recompute
7,23726572883,13.023,5,0.0,1.053,laggard_gpu_busy,gemm=11.1ms;moe_permute=2.6ms;hybridep_meta=0.0ms,backward|recompute
7,23889106640,10.387,1,0.0,1.032,laggard_gpu_busy,gemm=5.2ms;elementwise=2.6ms;moe_permute=2.3ms,backward|recompute
7,23924359919,13.151,1,0.0,1.055,laggard_gpu_busy,gemm=10.5ms;moe_permute=2.5ms;cat_copy=0.8ms,backward|recompute
7,24085188764,15.942,4,0.0,1.027,laggard_gpu_busy,gemm=6.2ms;elementwise=5.2ms;moe_permute=2.4ms,backward|recompute
7,24121836008,18.657,4,0.0,1.04,laggard_gpu_busy,gemm=10.9ms;moe_permute=2.6ms;elementwise=2.3ms,backward|recompute
7,24288656631,34.21,6,0.0,1.032,laggard_gpu_busy,gemm=20.4ms;elementwise=7.9ms;moe_permute=3.1ms,backward|recompute
7,24338308508,43.837,6,0.0,1.017,laggard_gpu_busy,gemm=19.4ms;elementwise=9.5ms;cat_copy=9.1ms,backward|recompute
7,24536438955,19.402,0,0.0,1.013,laggard_gpu_busy,elementwise=8.0ms;gemm=7.4ms;moe_permute=3.3ms,backward|recompute
7,24586982008,22.894,0,0.0,1.029,laggard_gpu_busy,gemm=14.8ms;moe_permute=3.3ms;activation=3.3ms,backward|recompute
7,24775214669,11.372,4,0.0,1.028,laggard_gpu_busy,gemm=8.4ms;moe_permute=3.3ms;elementwise=0.0ms,backward|recompute
7,24831904627,16.586,4,0.0,1.037,laggard_gpu_busy,gemm=13.9ms;moe_permute=3.3ms;hybridep_meta=0.0ms,backward|recompute
7,25005822597,8.783,0,0.0,1.04,laggard_gpu_busy,gemm=6.3ms;moe_permute=2.9ms;elementwise=0.0ms,backward|recompute
7,25050573566,10.659,0,0.0,1.029,laggard_gpu_busy,gemm=7.9ms;moe_permute=3.0ms;hybridep_meta=0.0ms,backward|recompute
7,25217439248,21.135,3,0.0,1.011,laggard_gpu_busy,elementwise=8.2ms;gemm=7.9ms;moe_permute=3.3ms,backward|recompute
7,25269293769,28.404,3,0.0,1.023,laggard_gpu_busy,gemm=15.7ms;cat_copy=5.1ms;moe_permute=3.3ms,backward|recompute
7,25460870845,19.656,4,0.0,1.014,laggard_gpu_busy,gemm=8.4ms;elementwise=6.8ms;moe_permute=3.7ms,backward|recompute
7,25515941779,28.404,4,0.0,1.025,laggard_gpu_busy,gemm=16.9ms;cat_copy=5.7ms;moe_permute=3.4ms,backward|recompute
7,25699346972,17.948,4,0.0,1.019,laggard_gpu_busy,gemm=7.3ms;elementwise=7.2ms;moe_permute=3.0ms,backward|recompute
7,25747052496,22.017,4,0.0,1.033,laggard_gpu_busy,gemm=14.5ms;activation=3.2ms;moe_permute=3.1ms,backward|recompute
7,25916035573,24.822,2,0.0,1.022,laggard_gpu_busy,gemm=11.0ms;elementwise=7.5ms;moe_permute=3.3ms,backward|recompute
7,25964335310,30.429,2,0.0,1.025,laggard_gpu_busy,gemm=15.1ms;elementwise=7.3ms;moe_permute=3.4ms,backward|recompute
7,26148335132,14.987,3,0.0,1.02,laggard_gpu_busy,gemm=6.0ms;elementwise=5.8ms;moe_permute=2.5ms,backward|recompute
7,26188084103,17.922,3,0.0,1.041,laggard_gpu_busy,gemm=11.9ms;moe_permute=2.7ms;activation=2.4ms,backward|recompute
7,26364095245,10.822,6,0.0,1.026,laggard_gpu_busy,gemm=6.9ms;moe_permute=3.0ms;cat_copy=0.8ms,backward|recompute
7,26411003769,13.014,6,0.0,1.044,laggard_gpu_busy,gemm=10.5ms;moe_permute=3.1ms;hybridep_meta=0.0ms,backward|recompute
7,26577109373,23.285,6,0.0,1.01,laggard_gpu_busy,gemm=8.4ms;elementwise=8.3ms;moe_permute=3.3ms,backward|recompute
7,26631081171,31.406,6,0.0,1.018,laggard_gpu_busy,gemm=16.7ms;cat_copy=5.6ms;activation=3.4ms,backward|recompute
7,26810190646,18.476,3,0.0,1.015,laggard_gpu_busy,elementwise=6.5ms;gemm=6.4ms;moe_permute=3.0ms,backward|recompute
7,26852387007,22.419,3,0.0,1.034,laggard_gpu_busy,gemm=12.6ms;elementwise=3.1ms;moe_permute=2.9ms,backward|recompute
7,27034937922,12.426,2,0.0,1.024,laggard_gpu_busy,gemm=5.8ms;elementwise=3.6ms;moe_permute=2.6ms,backward|recompute
7,27075371258,14.852,2,0.0,1.046,laggard_gpu_busy,gemm=11.6ms;moe_permute=2.8ms;cat_copy=1.0ms,backward|recompute
7,27247924768,5.05,5,0.001,1.061,laggard_gpu_busy,gemm=3.0ms;moe_permute=2.4ms;hybridep_meta=0.0ms,backward|recompute
7,27285643391,6.543,5,0.001,1.101,laggard_gpu_busy,gemm=4.6ms;moe_permute=2.6ms;hybridep_meta=0.0ms,backward|recompute
7,27451827562,13.409,4,0.0,1.023,laggard_gpu_busy,gemm=6.7ms;elementwise=3.4ms;moe_permute=2.8ms,backward|recompute
7,27496635435,15.974,4,0.0,1.046,laggard_gpu_busy,gemm=13.4ms;moe_permute=3.0ms;cat_copy=0.3ms,backward|recompute
7,27663525468,21.034,6,0.0,1.013,laggard_gpu_busy,gemm=7.5ms;elementwise=7.3ms;moe_permute=3.2ms,backward|recompute
7,27711697916,25.369,6,0.0,1.027,laggard_gpu_busy,gemm=14.8ms;moe_permute=3.1ms;activation=3.1ms,backward|recompute
7,27894541698,9.069,6,0.001,1.028,laggard_gpu_busy,gemm=4.9ms;moe_permute=2.2ms;elementwise=1.7ms,backward|recompute
7,27929113571,10.746,6,0.0,1.057,laggard_gpu_busy,gemm=9.0ms;moe_permute=2.3ms;hybridep_meta=0.0ms,backward|recompute
7,28362726311,6.193,3,0.001,1.035,laggard_gpu_busy,gemm=4.0ms;moe_permute=2.4ms;hybridep_meta=0.0ms,backward|recompute
7,28516398365,18.887,0,0.0,1.016,laggard_gpu_busy,gemm=7.3ms;elementwise=6.3ms;moe_permute=2.7ms,backward|recompute
7,28558026113,22.693,0,0.0,1.031,laggard_gpu_busy,gemm=12.5ms;elementwise=3.6ms;moe_permute=2.9ms,backward|recompute
