"id","ts_us","dur_us","name","external_id"
3,6029610350460.435547,26.033000,"aten::empty",2
4,6029610350494.886719,25.074000,"aten::set_",3
5,6029610350506.908203,8.781000,"aten::set_",4
6,6029610350544.648438,1497.468000,"aten::to",5
7,6029610350564.858398,1475.945000,"aten::_to_copy",6
8,6029610350577.666016,34.263000,"aten::empty_strided",7
9,6029610350614.943359,1422.719000,"aten::copy_",8
16,6029610352100.618164,3.580000,"aten::empty",9
17,6029610352111.742188,0.908000,"aten::to",10
18,6029610352125.412109,0.601000,"aten::lift_fresh",11
19,6029610352131.040039,44.797000,"aten::to",12
20,6029610352134.242188,41.408000,"aten::_to_copy",13
21,6029610352136.679688,9.469000,"aten::empty_strided",14
22,6029610352147.416992,27.983000,"aten::copy_",15
27,6029610352199.177734,108.820000,"aten::cat",16
28,6029610352234.791016,28.097000,"aten::narrow",17
29,6029610352247.432617,14.446000,"aten::slice",18
30,6029610352255.277344,4.906000,"aten::as_strided",19
33,6029610352344.566406,277.072000,"c10d::broadcast_",20
34,6029610352402.768555,208.952000,"record_param_comms",21
49,6029610352637.120117,46.812000,"c10d::broadcast_",23
50,6029610352644.618164,37.965000,"record_param_comms",24
65,6029610372647.303711,22.909000,"aten::empty",26
66,6029610384374.995117,350.841000,"aten::to",27
67,6029610384377.626953,347.426000,"aten::_to_copy",28
68,6029610384382.109375,19.029000,"aten::empty_strided",29
69,6029610384403.106445,320.242000,"aten::copy_",30
74,6029610384731.885742,0.887000,"aten::lift_fresh",31
75,6029610384736.822266,5.677000,"aten::detach_",32
76,6029610384738.748047,3.560000,"detach_",33
77,6029610384763.802734,20.660000,"aten::reshape",34
78,6029610384767.448242,16.361000,"aten::view",35
79,6029610384797.970703,2.897000,"aten::lift_fresh",36
80,6029610384806.571289,219.294000,"aten::to",37
81,6029610384808.002930,217.158000,"aten::_to_copy",38
82,6029610384810.692383,7.362000,"aten::empty_strided",39
83,6029610384818.993164,204.834000,"aten::copy_",40
88,6029610385040.372070,11.866000,"aten::unsqueeze",41
89,6029610385049.123047,1.818000,"aten::as_strided",42
90,6029610385064.474609,3.660000,"aten::empty",43
91,6029610395528.767578,222.796000,"aten::to",44
92,6029610395530.612305,220.330000,"aten::_to_copy",45
93,6029610395533.304688,10.134000,"aten::empty_strided",46
94,6029610395544.777344,204.969000,"aten::copy_",47
99,6029610395754.642578,0.551000,"aten::lift_fresh",48
100,6029610395757.176758,2.670000,"aten::detach_",49
101,6029610395758.642578,0.759000,"detach_",50
102,6029610395771.137695,6.242000,"aten::reshape",51
103,6029610395772.656250,4.466000,"aten::view",52
104,6029610395787.367188,2.133000,"aten::empty",53
116,6029610408124.843750,77.606000,"aten::to",54
117,6029610408125.906250,76.229000,"aten::_to_copy",55
118,6029610408129.024414,10.237000,"aten::empty_strided",56
119,6029610408140.465820,61.293000,"aten::copy_",57
124,6029610408205.013672,0.218000,"aten::lift_fresh",58
125,6029610408206.547852,1.710000,"aten::detach_",59
126,6029610408207.553711,0.501000,"detach_",60
127,6029610408216.140625,4.540000,"aten::reshape",61
128,6029610408217.294922,3.157000,"aten::view",62
129,6029610408228.966797,2.308000,"aten::empty",63
130,6029610408232.952148,24.233000,"aten::to",64
131,6029610408233.457031,23.598000,"aten::_to_copy",65
132,6029610408234.177734,4.581000,"aten::empty_strided",66
133,6029610408239.269531,17.605000,"aten::copy_",67
138,6029610408258.066406,0.064000,"aten::lift_fresh",68
139,6029610408258.622070,0.646000,"aten::detach_",69
140,6029610408259.007812,0.104000,"detach_",70
141,6029610408262.311523,0.343000,"aten::empty",71
142,6029610408263.668945,18.458000,"aten::to",72
143,6029610408264.035156,17.966000,"aten::_to_copy",73
144,6029610408264.608398,3.013000,"aten::empty_strided",74
145,6029610408268.067383,13.712000,"aten::copy_",75
150,6029610408282.872070,0.065000,"aten::lift_fresh",76
151,6029610408283.323242,0.693000,"aten::detach_",77
152,6029610408283.567383,0.137000,"detach_",78
153,6029610411652.800781,3.096000,"aten::empty",79
154,6029610411659.178711,44.184000,"aten::to",80
155,6029610411660.375000,42.798000,"aten::_to_copy",81
156,6029610411662.605469,9.044000,"aten::empty_strided",82
157,6029610411672.664062,30.211000,"aten::copy_",83
162,6029610411705.009766,0.220000,"aten::lift_fresh",84
163,6029610411707.107422,1.864000,"aten::detach_",85
164,6029610411708.147461,0.617000,"detach_",86
165,6029610411718.984375,65.684000,"aten::cat",87
168,6029610411793.276367,8.923000,"aten::slice",88
169,6029610411797.731445,1.486000,"aten::as_strided",89
170,6029610411805.106445,1.765000,"aten::slice",90
171,6029610411805.946289,0.353000,"aten::as_strided",91
172,6029610411816.074219,34.029000,"aten::sub",92
175,6029610411860.932617,28.358000,"aten::clamp",93
176,6029610411867.233398,0.479000,"aten::to",94
179,6029610411903.586914,40.841000,"aten::arange",95
180,6029610411909.857422,2.492000,"aten::empty",96
181,6029610411914.643555,29.361000,"aten::arange",97
182,6029610411923.166016,7.138000,"aten::resize_",98
185,6029610411951.573242,334.446000,"aten::repeat_interleave",99
186,6029610411955.958984,0.985000,"aten::flatten",100
187,6029610411960.959961,258.359000,"aten::repeat_interleave",101
188,6029610411972.757812,75.225000,"aten::cumsum",102
189,6029610411979.537109,24.828000,"aten::to",103
190,6029610411980.800781,23.390000,"aten::_to_copy",104
191,6029610411982.061523,2.999000,"aten::empty_strided",105
192,6029610411985.921875,18.003000,"aten::copy_",106
205,6029610412062.417969,3.926000,"aten::select",107
206,6029610412065.360352,0.405000,"aten::as_strided",108
207,6029610412069.161133,39.687000,"aten::item",109
208,6029610412074.875000,33.678000,"aten::_local_scalar_dense",110
212,6029610412111.523438,34.369000,"aten::ge",111
215,6029610412148.050781,29.976000,"aten::all",112
216,6029610412158.281250,0.667000,"aten::as_strided",113
219,6029610412179.811523,20.955000,"aten::item",114
220,6029610412180.521484,19.865000,"aten::_local_scalar_dense",115
224,6029610412202.476562,3.258000,"aten::empty",116
227,6029610412223.747070,61.666000,"aten::index_select",117
228,6029610412228.720703,1.726000,"aten::empty",118
229,6029610412237.193359,3.023000,"aten::resize_",119
230,6029610412243.124023,1.056000,"aten::view",120
231,6029610412250.587891,6.843000,"aten::expand",121
232,6029610412256.478516,0.324000,"aten::as_strided",122
233,6029610412259.265625,25.138000,"aten::gather",123
234,6029610412267.036133,0.339000,"aten::as_strided",124
235,6029610412268.940430,1.296000,"aten::as_strided",125
238,6029610412299.778320,17.092000,"aten::to",126
239,6029610412300.328125,16.308000,"aten::_to_copy",127
240,6029610412301.478516,2.449000,"aten::empty_strided",128
241,6029610412304.583984,11.631000,"aten::copy_",129
244,6029610412321.568359,4.308000,"aten::unsqueeze",130
245,6029610412324.230469,0.362000,"aten::as_strided",131
246,6029610412354.266602,3.158000,"aten::empty",132
249,6029610412388.498047,0.625000,"aten::to",133
250,6029610412393.338867,25.770000,"aten::index_select",134
251,6029610412395.435547,1.951000,"aten::empty",135
252,6029610412399.673828,1.796000,"aten::resize_",136
253,6029610412403.091797,0.528000,"aten::view",137
254,6029610412404.511719,1.247000,"aten::expand",138
255,6029610412405.345703,0.231000,"aten::as_strided",139
256,6029610412406.317383,11.947000,"aten::gather",140
257,6029610412408.153320,0.271000,"aten::as_strided",141
258,6029610412409.329102,0.943000,"aten::as_strided",142
261,6029610412423.721680,2.465000,"aten::empty",143
263,6029610412435.250000,0.209000,"aten::to",144
265,6029610412436.553711,19.290000,"aten::index_select",145
266,6029610412438.150391,1.709000,"aten::empty",146
267,6029610412441.455078,1.666000,"aten::resize_",147
268,6029610412444.247070,0.323000,"aten::view",148
269,6029610412445.099609,0.988000,"aten::expand",149
270,6029610412445.660156,0.270000,"aten::as_strided",150
271,6029610412446.430664,8.570000,"aten::gather",151
272,6029610412447.618164,0.174000,"aten::as_strided",152
273,6029610412448.249023,0.197000,"aten::as_strided",153
276,6029610412459.141602,2.217000,"aten::empty",154
278,6029610412478.522461,0.160000,"aten::to",155
280,6029610412479.628906,18.032000,"aten::index_select",156
281,6029610412480.869141,1.734000,"aten::empty",157
282,6029610412484.010742,1.508000,"aten::resize_",158
283,6029610412486.431641,0.318000,"aten::view",159
284,6029610412487.171875,0.721000,"aten::expand",160
285,6029610412487.551758,0.192000,"aten::as_strided",161
286,6029610412488.324219,8.639000,"aten::gather",162
287,6029610412489.375000,0.232000,"aten::as_strided",163
288,6029610412490.327148,0.375000,"aten::as_strided",164
291,6029610412508.869141,2.204000,"aten::empty",165
293,6029610412518.400391,0.234000,"aten::to",166
294,6029610412519.793945,24.094000,"aten::index_select",167
296,6029610412521.981445,1.775000,"aten::empty",168
297,6029610412526.846680,2.113000,"aten::resize_",169
298,6029610412529.970703,0.442000,"aten::view",170
299,6029610412530.845703,0.765000,"aten::expand",171
300,6029610412531.267578,0.203000,"aten::as_strided",172
301,6029610412531.988281,11.022000,"aten::gather",173
302,6029610412533.071289,0.156000,"aten::as_strided",174
303,6029610412533.752930,0.275000,"aten::as_strided",175
306,6029610412743.034180,36.148000,"aten::zeros",176
307,6029610412746.873047,3.433000,"aten::empty",177
308,6029610412752.892578,25.911000,"aten::zero_",178
309,6029610412756.771484,21.236000,"aten::fill_",179
312,6029610413141.672852,46.403000,"aten::embedding",180
313,6029610413150.912109,1.368000,"aten::reshape",181
314,6029610413151.570312,0.443000,"aten::view",182
315,6029610413152.921875,33.456000,"aten::index_select",183
316,6029610413154.298828,2.441000,"aten::empty",184
317,6029610413159.732422,3.153000,"aten::resize_",185
318,6029610413164.211914,0.299000,"aten::view",186
319,6029610413165.121094,1.792000,"aten::expand",187
320,6029610413166.111328,0.531000,"aten::as_strided",188
321,6029610413167.485352,17.902000,"aten::gather",189
322,6029610413169.179688,0.372000,"aten::as_strided",190
323,6029610413170.601562,0.254000,"aten::as_strided",191
326,6029610413186.970703,0.410000,"aten::view",192
327,6029610413198.625977,8.191000,"aten::transpose",193
328,6029610413205.039062,0.278000,"aten::as_strided",194
329,6029610413239.047852,2.500000,"aten::dropout",195
330,6029610413277.869141,5.300000,"aten::detach",196
331,6029610413279.319336,3.650000,"detach",197
332,6029610413379.671875,34375.794000,"CheckpointFunction",198
337,6029610413862.802734,3.422000,"aten::view",200
338,6029610413870.852539,1.738000,"aten::view",201
339,6029610413894.433594,6.835000,"aten::empty",202
340,6029610413905.323242,4.350000,"aten::empty",203
341,6029610413916.827148,2.977000,"aten::empty",204
345,6029610413948.158203,1.311000,"aten::view",205
347,6029610414127.735352,3.362000,"aten::empty",206
350,6029610414329.167969,3.364000,"aten::empty",207
354,6029610414428.190430,3.427000,"aten::empty",208
356,6029610414483.592773,37.937000,"aten::mul",209
358,6029610414533.698242,3.903000,"aten::reshape",210
359,6029610414534.875977,2.461000,"aten::view",211
360,6029610414542.294922,22.227000,"aten::add",212
363,6029610414617.934570,3.538000,"aten::empty",213
366,6029610414703.362305,2.674000,"aten::empty",214
369,6029610414764.007812,3.154000,"aten::empty",215
371,6029610414795.150391,11.839000,"aten::mul",216
373,6029610414813.714844,2.422000,"aten::reshape",217
374,6029610414814.222656,1.714000,"aten::view",218
375,6029610414817.760742,14.614000,"aten::add",219
378,6029610414856.708984,11.549000,"aten::split_with_sizes",220
379,6029610414863.667969,2.140000,"aten::as_strided",221
380,6029610414866.800781,0.259000,"aten::as_strided",222
381,6029610414883.278320,9.214000,"aten::squeeze",223
382,6029610414890.985352,0.315000,"aten::as_strided",224
383,6029610414893.741211,2.724000,"aten::squeeze",225
384,6029610414894.684570,0.270000,"aten::as_strided",226
385,6029610414897.584961,1.046000,"aten::squeeze",227
386,6029610414898.160156,0.165000,"aten::as_strided",228
390,6029610414986.333008,1.208000,"aten::view",229
391,6029610414990.871094,2.363000,"aten::view",230
392,6029610415001.460938,3.347000,"aten::empty",231
393,6029610415007.033203,2.452000,"aten::empty",232
394,6029610415013.976562,2.400000,"aten::empty",233
396,6029610415033.583008,0.992000,"aten::view",234
398,6029610415088.087891,39.565000,"aten::contiguous",235
399,6029610415091.134766,36.294000,"aten::clone",236
400,6029610415097.933594,6.322000,"aten::empty_like",237
401,6029610415100.817383,2.835000,"aten::empty",238
402,6029610415105.409180,21.602000,"aten::copy_",239
404,6029610415131.584961,1.010000,"aten::view",240
405,6029610415135.211914,1.318000,"aten::view",241
406,6029610415141.233398,2.193000,"aten::empty",242
407,6029610415144.996094,2.134000,"aten::empty",243
408,6029610415150.253906,2.203000,"aten::empty",244
410,6029610415165.366211,0.939000,"aten::view",245
414,6029610415239.446289,2.816000,"aten::empty",246
419,6029610415326.119141,40.606000,"_CopyToModelParallelRegion",247
421,6029610415350.424805,3.041000,"aten::view_as",248
422,6029610415352.024414,1.125000,"aten::view",249
425,6029610415392.539062,125.970000,"LinearWithGradAccumulationAndAsyncCommunication",250
426,6029610415413.281250,9.641000,"aten::t",251
427,6029610415419.031250,2.882000,"aten::transpose",252
428,6029610415420.490234,1.099000,"aten::as_strided",253
429,6029610415427.231445,85.479000,"aten::matmul",254
430,6029610415431.286133,80.726000,"aten::mm",255
432,6029610415526.849609,12.039000,"_GatherFromModelParallelRegion",256
433,6029610415535.572266,1.692000,"aten::view_as",257
434,6029610415536.125977,0.964000,"aten::view",258
435,6029610415551.822266,7.385000,"_CopyToModelParallelRegion",259
436,6029610415556.147461,1.856000,"aten::view_as",260
437,6029610415557.030273,0.747000,"aten::view",261
438,6029610415571.403320,37.267000,"LinearWithGradAccumulationAndAsyncCommunication",262
439,6029610415578.169922,2.876000,"aten::t",263
440,6029610415578.902344,1.455000,"aten::transpose",264
441,6029610415579.664062,0.409000,"aten::as_strided",265
442,6029610415582.219727,23.705000,"aten::matmul",266
443,6029610415582.797852,22.709000,"aten::mm",267
445,6029610415616.546875,16.748000,"aten::mul",268
447,6029610415641.497070,1.901000,"aten::reshape",269
448,6029610415642.075195,1.101000,"aten::view",270
449,6029610415645.539062,11.835000,"aten::add",271
451,6029610415665.726562,0.910000,"aten::view",272
452,6029610415673.404297,3.711000,"aten::unsqueeze",273
453,6029610415675.898438,0.429000,"aten::as_strided",274
454,6029610415678.532227,1.233000,"aten::unsqueeze",275
455,6029610415679.076172,0.266000,"aten::as_strided",276
456,6029610415691.582031,1.491000,"aten::view",277
457,6029610415702.257812,5.668000,"aten::slice",278
458,6029610415705.470703,0.525000,"aten::as_strided",279
459,6029610415712.094727,1.590000,"aten::slice",280
460,6029610415712.790039,0.368000,"aten::as_strided",281
461,6029610415726.564453,3.423000,"aten::split_with_sizes",282
462,6029610415728.042969,0.266000,"aten::as_strided",283
463,6029610415728.905273,0.216000,"aten::as_strided",284
464,6029610415749.810547,109.480000,"aten::einsum",285
465,6029610415762.252930,3.045000,"aten::unsqueeze",286
466,6029610415763.263672,1.529000,"aten::as_strided",287
467,6029610415768.436523,7.058000,"aten::permute",288
468,6029610415774.002930,0.565000,"aten::as_strided",289
469,6029610415776.359375,1.109000,"aten::unsqueeze",290
470,6029610415776.773438,0.377000,"aten::as_strided",291
471,6029610415777.858398,1.233000,"aten::permute",292
472,6029610415778.346680,0.429000,"aten::as_strided",293
473,6029610415787.002930,1.155000,"aten::permute",294
474,6029610415787.534180,0.331000,"aten::as_strided",295
475,6029610415788.970703,18.466000,"aten::reshape",296
476,6029610415802.086914,5.065000,"aten::_reshape_alias",297
477,6029610415807.962891,1.152000,"aten::permute",298
478,6029610415808.546875,0.255000,"aten::as_strided",299
479,6029610415809.528320,1.744000,"aten::reshape",300
480,6029610415810.351562,0.770000,"aten::_reshape_alias",301
481,6029610415812.879883,38.420000,"aten::bmm",302
483,6029610415852.111328,1.101000,"aten::view",303
484,6029610415853.944336,1.731000,"aten::permute",304
485,6029610415854.683594,0.459000,"aten::as_strided",305
486,6029610415856.968750,0.706000,"aten::view",306
487,6029610415862.596680,23.291000,"aten::contiguous",307
488,6029610415863.669922,22.007000,"aten::clone",308
489,6029610415865.811523,5.052000,"aten::empty_like",309
490,6029610415866.974609,3.425000,"aten::empty",310
491,6029610415871.829102,13.416000,"aten::copy_",311
493,6029610415908.366211,25.246000,"aten::arange",312
494,6029610415910.250977,2.262000,"aten::empty",313
495,6029610415914.694336,18.509000,"aten::arange",314
496,6029610415918.872070,3.651000,"aten::resize_",315
498,6029610415938.958008,20.670000,"aten::to",316
499,6029610415940.396484,19.006000,"aten::_to_copy",317
500,6029610415943.050781,4.491000,"aten::empty_strided",318
501,6029610415948.467773,10.386000,"aten::copy_",319
503,6029610415962.125000,2.758000,"aten::slice",320
504,6029610415963.498047,0.451000,"aten::as_strided",321
505,6029610415967.279297,1.348000,"aten::slice",322
506,6029610415967.997070,0.204000,"aten::as_strided",323
507,6029610415972.558594,21.986000,"aten::sub",324
509,6029610416007.120117,32.823000,"aten::floor_divide",325
510,6029610416015.153320,2.863000,"aten::empty",326
512,6029610416048.509766,26.622000,"aten::zeros_like",327
513,6029610416050.860352,4.625000,"aten::empty_like",328
514,6029610416051.833984,3.364000,"aten::empty_strided",329
515,6029610416057.162109,17.703000,"aten::zero_",330
516,6029610416058.902344,15.275000,"aten::fill_",331
518,6029610416079.724609,37.573000,"aten::cumsum",332
519,6029610416085.835938,0.186000,"aten::to",333
528,6029610416122.459961,2.033000,"aten::slice",334
529,6029610416123.389648,0.360000,"aten::as_strided",335
530,6029610416125.761719,25.044000,"aten::copy_",336
532,6029610416159.588867,29.050000,"aten::searchsorted",337
533,6029610416164.182617,2.188000,"aten::empty",338
534,6029610416169.362305,2.380000,"aten::resize_",339
536,6029610416191.767578,14.363000,"aten::sub",340
538,6029610416212.047852,19.051000,"aten::clamp",341
539,6029610416214.708984,0.175000,"aten::to",342
541,6029610416239.070312,40.948000,"aten::index",343
542,6029610416253.599609,0.429000,"aten::as_strided",344
543,6029610416255.749023,1.149000,"aten::reshape",345
544,6029610416256.253906,0.462000,"aten::view",346
546,6029610416282.383789,10.864000,"aten::sub",347
548,6029610416294.982422,12.401000,"aten::index",348
549,6029610416296.059570,0.412000,"aten::as_strided",349
550,6029610416297.079102,1.002000,"aten::reshape",350
551,6029610416297.429688,0.491000,"aten::view",351
553,6029610416309.434570,10.443000,"aten::index",352
554,6029610416310.297852,0.218000,"aten::as_strided",353
555,6029610416311.328125,0.839000,"aten::reshape",354
556,6029610416311.831055,0.177000,"aten::view",355
558,6029610416324.125977,10.965000,"aten::floor_divide",356
559,6029610416326.218750,2.849000,"aten::empty",357
561,6029610416338.044922,14.720000,"aten::mul",358
563,6029610416357.495117,20.630000,"aten::lt",359
565,6029610416381.576172,7.755000,"aten::mul",360
567,6029610416391.215820,9.653000,"aten::add",361
569,6029610416403.399414,8.022000,"aten::mul",362
571,6029610416412.649414,7.888000,"aten::sub",363
573,6029610416422.100586,6.718000,"aten::sub",364
575,6029610416430.001953,7.222000,"aten::add",365
577,6029610416442.849609,35.241000,"aten::where",366
578,6029610416449.149414,1.840000,"aten::empty",367
579,6029610416454.493164,1.506000,"aten::resize_",368
581,6029610416484.599609,9.213000,"aten::clamp",369
582,6029610416485.455078,0.156000,"aten::to",370
584,6029610416496.443359,18.582000,"aten::index",371
585,6029610416499.323242,0.681000,"aten::as_strided",372
586,6029610416500.830078,0.954000,"aten::reshape",373
587,6029610416501.166016,0.477000,"aten::view",374
589,6029610416518.019531,2.670000,"aten::unsqueeze",375
590,6029610416519.403320,0.403000,"aten::as_strided",376
592,6029610416527.875977,6.970000,"aten::alias",377
593,6029610416537.607422,2.311000,"aten::slice",378
594,6029610416538.639648,0.580000,"aten::as_strided",379
595,6029610416542.859375,1.404000,"aten::slice",380
596,6029610416543.474609,0.391000,"aten::as_strided",381
597,6029610416546.842773,1.507000,"aten::slice",382
598,6029610416547.576172,0.378000,"aten::as_strided",383
599,6029610416553.956055,21.517000,"aten::cat",384
602,6029610416581.578125,20.161000,"aten::cos",385
604,6029610416604.681641,14.504000,"aten::mul",386
606,6029610416624.657227,18.449000,"aten::to",387
607,6029610416625.295898,17.604000,"aten::_to_copy",388
608,6029610416627.308594,3.377000,"aten::empty_strided",389
609,6029610416631.289062,11.165000,"aten::copy_",390
611,6029610416648.683594,18.234000,"aten::sin",391
613,6029610416669.061523,8.352000,"aten::mul",392
615,6029610416679.999023,11.449000,"aten::to",393
616,6029610416680.399414,10.904000,"aten::_to_copy",394
617,6029610416681.249023,3.107000,"aten::empty_strided",395
618,6029610416684.822266,6.252000,"aten::copy_",396
620,6029610416693.403320,13.897000,"aten::mul",397
622,6029610416722.999023,21.541000,"aten::chunk",398
623,6029610416727.759766,16.480000,"aten::split",399
625,6029610416734.488281,6.336000,"aten::narrow",400
626,6029610416738.599609,1.463000,"aten::slice",401
627,6029610416739.276367,0.512000,"aten::as_strided",402
628,6029610416741.384766,1.531000,"aten::narrow",403
629,6029610416741.735352,1.011000,"aten::slice",404
630,6029610416742.167969,0.414000,"aten::as_strided",405
631,6029610416749.065430,26.042000,"aten::neg",406
633,6029610416777.759766,9.772000,"aten::cat",407
635,6029610416790.276367,8.765000,"aten::mul",408
637,6029610416801.181641,10.468000,"aten::add",409
639,6029610416815.422852,15.358000,"aten::cat",410
641,6029610416835.673828,3.922000,"aten::squeeze",411
642,6029610416838.003906,0.527000,"aten::as_strided",412
643,6029610416858.516602,16.402000,"aten::arange",413
644,6029610416859.428711,2.271000,"aten::empty",414
645,6029610416862.565430,12.016000,"aten::arange",415
646,6029610416864.462891,1.711000,"aten::resize_",416
648,6029610416877.702148,13.137000,"aten::to",417
649,6029610416878.035156,12.660000,"aten::_to_copy",418
650,6029610416879.125977,2.446000,"aten::empty_strided",419
651,6029610416882.147461,8.304000,"aten::copy_",420
653,6029610416893.015625,2.165000,"aten::slice",421
654,6029610416893.852539,0.475000,"aten::as_strided",422
655,6029610416897.242188,1.298000,"aten::slice",423
656,6029610416897.822266,0.239000,"aten::as_strided",424
657,6029610416900.096680,8.855000,"aten::sub",425
659,6029610416913.461914,10.988000,"aten::floor_divide",426
660,6029610416915.893555,2.200000,"aten::empty",427
662,6029610416927.739258,14.375000,"aten::zeros_like",428
663,6029610416928.550781,3.242000,"aten::empty_like",429
664,6029610416929.143555,2.354000,"aten::empty_strided",430
665,6029610416932.422852,9.456000,"aten::zero_",431
666,6029610416933.431641,7.776000,"aten::fill_",432
668,6029610416944.398438,26.837000,"aten::cumsum",433
669,6029610416948.307617,0.109000,"aten::to",434
678,6029610416974.150391,2.045000,"aten::slice",435
679,6029610416975.228516,0.228000,"aten::as_strided",436
680,6029610416977.183594,13.849000,"aten::copy_",437
682,6029610416994.791016,12.578000,"aten::searchsorted",438
683,6029610416996.302734,1.845000,"aten::empty",439
684,6029610416999.234375,1.621000,"aten::resize_",440
686,6029610417009.903320,9.543000,"aten::sub",441
688,6029610417023.004883,10.242000,"aten::clamp",442
689,6029610417024.172852,0.128000,"aten::to",443
691,6029610417036.334961,13.107000,"aten::index",444
692,6029610417037.801758,0.320000,"aten::as_strided",445
693,6029610417038.833984,1.313000,"aten::reshape",446
694,6029610417039.497070,0.473000,"aten::view",447
696,6029610417051.534180,7.276000,"aten::sub",448
698,6029610417060.748047,12.456000,"aten::index",449
699,6029610417061.629883,0.355000,"aten::as_strided",450
700,6029610417062.623047,0.922000,"aten::reshape",451
701,6029610417063.078125,0.275000,"aten::view",452
704,6029610417075.614258,9.606000,"aten::index",453
705,6029610417076.250000,0.237000,"aten::as_strided",454
706,6029610417077.009766,0.659000,"aten::reshape",455
707,6029610417077.320312,0.182000,"aten::view",456
709,6029610417088.796875,9.688000,"aten::floor_divide",457
710,6029610417090.449219,2.279000,"aten::empty",458
712,6029610417100.857422,7.962000,"aten::mul",459
714,6029610417110.505859,9.915000,"aten::lt",460
716,6029610417122.635742,7.206000,"aten::mul",461
718,6029610417131.258789,7.606000,"aten::add",462
720,6029610417141.321289,7.262000,"aten::mul",463
722,6029610417149.821289,7.111000,"aten::sub",464
724,6029610417158.416016,6.716000,"aten::sub",465
726,6029610417166.181641,6.652000,"aten::add",466
728,6029610417175.150391,13.212000,"aten::where",467
729,6029610417176.819336,1.874000,"aten::empty",468
730,6029610417180.383789,1.474000,"aten::resize_",469
732,6029610417193.035156,8.232000,"aten::clamp",470
733,6029610417193.665039,0.132000,"aten::to",471
735,6029610417203.380859,12.907000,"aten::index",472
736,6029610417204.771484,0.537000,"aten::as_strided",473
737,6029610417205.833984,0.940000,"aten::reshape",474
738,6029610417206.123047,0.485000,"aten::view",475
740,6029610417218.655273,2.580000,"aten::unsqueeze",476
741,6029610417220.128906,0.406000,"aten::as_strided",477
742,6029610417224.813477,1.640000,"aten::alias",478
743,6029610417228.881836,1.750000,"aten::slice",479
744,6029610417229.641602,0.378000,"aten::as_strided",480
745,6029610417233.276367,1.264000,"aten::slice",481
746,6029610417233.818359,0.273000,"aten::as_strided",482
747,6029610417236.614258,1.167000,"aten::slice",483
748,6029610417237.108398,0.282000,"aten::as_strided",484
749,6029610417240.557617,9.777000,"aten::cat",485
751,6029610417252.169922,8.711000,"aten::cos",486
753,6029610417263.142578,8.639000,"aten::mul",487
755,6029610417275.988281,13.605000,"aten::to",488
756,6029610417276.429688,13.021000,"aten::_to_copy",489
757,6029610417277.631836,3.076000,"aten::empty_strided",490
758,6029610417281.231445,7.831000,"aten::copy_",491
760,6029610417291.702148,7.708000,"aten::sin",492
762,6029610417301.308594,7.374000,"aten::mul",493
764,6029610417311.120117,10.559000,"aten::to",494
765,6029610417311.483398,10.052000,"aten::_to_copy",495
766,6029610417312.166992,2.990000,"aten::empty_strided",496
767,6029610417315.627930,5.691000,"aten::copy_",497
769,6029610417323.379883,12.872000,"aten::mul",498
771,6029610417338.576172,6.888000,"aten::chunk",499
772,6029610417339.440430,5.816000,"aten::split",500
773,6029610417340.304688,2.193000,"aten::narrow",501
774,6029610417340.943359,1.200000,"aten::slice",502
775,6029610417341.423828,0.444000,"aten::as_strided",503
776,6029610417342.989258,1.508000,"aten::narrow",504
777,6029610417343.322266,1.005000,"aten::slice",505
778,6029610417343.668945,0.480000,"aten::as_strided",506
779,6029610417347.248047,9.041000,"aten::neg",507
781,6029610417358.801758,8.364000,"aten::cat",508
783,6029610417369.641602,8.052000,"aten::mul",509
785,6029610417379.480469,7.941000,"aten::add",510
787,6029610417391.227539,8.683000,"aten::cat",511
789,6029610417403.624023,19.920000,"aten::squeeze",512
790,6029610417422.347656,0.360000,"aten::as_strided",513
791,6029610417432.943359,13.936000,"aten::cat",514
793,6029610417450.219727,8.744000,"aten::cat",515
795,6029610417494.755859,2.232000,"aten::view",516
796,6029610417500.185547,1.930000,"aten::slice",517
797,6029610417501.021484,0.357000,"aten::as_strided",518
798,6029610417505.435547,1.179000,"aten::slice",519
799,6029610417505.996094,0.195000,"aten::as_strided",520
800,6029610417533.209961,2.614000,"aten::unsqueeze",521
801,6029610417534.824219,0.321000,"aten::as_strided",522
803,6029610417537.440430,1.460000,"aten::unsqueeze",523
804,6029610417538.002930,0.347000,"aten::as_strided",524
805,6029610417543.198242,0.494000,"aten::to",525
806,6029610417546.046875,19.388000,"aten::contiguous",526
807,6029610417546.773438,18.432000,"aten::clone",527
808,6029610417548.625000,4.249000,"aten::empty_like",528
809,6029610417549.377930,3.135000,"aten::empty",529
810,6029610417553.458008,11.384000,"aten::copy_",530
812,6029610417588.759766,13.049000,"aten::to",531
813,6029610417589.201172,12.438000,"aten::_to_copy",532
814,6029610417590.199219,2.816000,"aten::empty_strided",533
815,6029610417593.538086,7.862000,"aten::copy_",534
817,6029610417603.948242,1.962000,"aten::slice",535
818,6029610417604.795898,0.441000,"aten::as_strided",536
819,6029610417607.790039,1.435000,"aten::slice",537
820,6029610417608.333984,0.362000,"aten::as_strided",538
821,6029610417611.006836,9.739000,"aten::sub",539
823,6029610417626.456055,22.086000,"aten::gt",540
825,6029610417651.118164,6551.883000,"aten::index",541
826,6029610417654.011719,6529.723000,"aten::nonzero",542
921,6029610424128.469727,2.738000,"aten::resize_",543
930,6029610424167.773438,4.031000,"aten::t",544
931,6029610424169.654297,1.969000,"aten::transpose",545
932,6029610424170.888672,0.424000,"aten::as_strided",546
933,6029610424174.122070,7.776000,"aten::set_",547
934,6029610424176.953125,4.007000,"aten::set_",548
935,6029610424185.436523,2.745000,"aten::select",549
936,6029610424187.172852,0.477000,"aten::as_strided",550
937,6029610424189.563477,0.169000,"aten::as_strided",551
938,6029610424190.817383,1.011000,"aten::reshape",552
939,6029610424191.200195,0.445000,"aten::view",553
942,6029610424207.387695,63.658000,"aten::index",554
943,6029610424208.162109,50.857000,"aten::nonzero",555
951,6029610424239.698242,1.605000,"aten::resize_",556
959,6029610424255.281250,1.390000,"aten::t",557
960,6029610424255.600586,0.921000,"aten::transpose",558
961,6029610424256.085938,0.212000,"aten::as_strided",559
963,6029610424257.151367,0.755000,"aten::set_",560
964,6029610424257.530273,0.203000,"aten::set_",561
965,6029610424259.521484,0.938000,"aten::select",562
966,6029610424260.066406,0.173000,"aten::as_strided",563
967,6029610424261.095703,0.158000,"aten::as_strided",564
968,6029610424261.708984,0.670000,"aten::reshape",565
969,6029610424261.999023,0.220000,"aten::view",566
972,6029610424273.721680,58.919000,"aten::index",567
973,6029610424274.281250,46.742000,"aten::nonzero",568
981,6029610424302.682617,1.350000,"aten::resize_",569
989,6029610424317.620117,1.381000,"aten::t",570
990,6029610424317.968750,0.891000,"aten::transpose",571
991,6029610424318.433594,0.247000,"aten::as_strided",572
992,6029610424319.401367,0.569000,"aten::set_",573
994,6029610424319.704102,0.115000,"aten::set_",574
995,6029610424321.514648,0.882000,"aten::select",575
996,6029610424322.008789,0.190000,"aten::as_strided",576
997,6029610424322.983398,0.127000,"aten::as_strided",577
998,6029610424323.500977,0.658000,"aten::reshape",578
999,6029610424323.750000,0.240000,"aten::view",579
1002,6029610424348.674805,13.624000,"aten::floor_divide",580
1003,6029610424352.072266,2.554000,"aten::empty",581
1006,6029610424365.760742,9.169000,"aten::floor_divide",582
1007,6029610424367.212891,2.273000,"aten::empty",583
1010,6029610424378.121094,9.317000,"aten::mul",584
1012,6029610424389.419922,8.762000,"aten::add",585
1015,6029610424400.607422,6.918000,"aten::mul",586
1018,6029610424408.903320,8.065000,"aten::sub",587
1022,6029610424426.707031,22.445000,"aten::stack",588
1023,6029610424429.303711,1.315000,"aten::unsqueeze",589
1024,6029610424430.132812,0.285000,"aten::as_strided",590
1025,6029610424431.037109,0.625000,"aten::unsqueeze",591
1026,6029610424431.375000,0.155000,"aten::as_strided",592
1027,6029610424432.726562,15.098000,"aten::cat",593
1030,6029610424452.442383,2.275000,"aten::reshape",594
1031,6029610424452.799805,1.721000,"aten::view",595
1032,6029610424457.024414,15.106000,"aten::stack",596
1033,6029610424457.390625,0.689000,"aten::unsqueeze",597
1034,6029610424457.699219,0.210000,"aten::as_strided",598
1035,6029610424458.444336,0.865000,"aten::unsqueeze",599
1036,6029610424458.878906,0.300000,"aten::as_strided",600
1037,6029610424459.708984,11.961000,"aten::cat",601
1039,6029610424473.450195,1.210000,"aten::reshape",602
1040,6029610424473.745117,0.763000,"aten::view",603
1042,6029610424476.622070,10.060000,"aten::gt",604
1044,6029610424489.022461,66.307000,"aten::index",605
1046,6029610424489.671875,53.080000,"aten::nonzero",606
1054,6029610424522.086914,1.496000,"aten::resize_",607
1062,6029610424537.313477,1.659000,"aten::t",608
1063,6029610424537.706055,1.132000,"aten::transpose",609
1064,6029610424538.166016,0.456000,"aten::as_strided",610
1066,6029610424539.416992,2.232000,"aten::set_",611
1067,6029610424539.786133,1.701000,"aten::set_",612
1068,6029610424543.275391,1.059000,"aten::select",613
1069,6029610424543.813477,0.305000,"aten::as_strided",614
1070,6029610424545.117188,0.183000,"aten::as_strided",615
1071,6029610424545.748047,0.746000,"aten::reshape",616
1072,6029610424546.049805,0.283000,"aten::view",617
1075,6029610424558.456055,58.359000,"aten::index",618
1076,6029610424558.898438,46.432000,"aten::nonzero",619
1084,6029610424587.204102,1.405000,"aten::resize_",620
1092,6029610424601.885742,1.455000,"aten::t",621
1093,6029610424602.440430,0.773000,"aten::transpose",622
1094,6029610424602.805664,0.216000,"aten::as_strided",623
1095,6029610424603.702148,0.684000,"aten::set_",624
1097,6029610424604.016602,0.213000,"aten::set_",625
1098,6029610424605.849609,0.813000,"aten::select",626
1099,6029610424606.286133,0.184000,"aten::as_strided",627
1100,6029610424607.248047,0.121000,"aten::as_strided",628
1101,6029610424607.809570,0.622000,"aten::reshape",629
1102,6029610424608.083984,0.191000,"aten::view",630
1105,6029610424623.203125,14.617000,"aten::arange",631
1106,6029610424624.265625,2.019000,"aten::empty",632
1107,6029610424627.231445,10.185000,"aten::arange",633
1108,6029610424628.832031,1.367000,"aten::resize_",634
1111,6029610424642.214844,81.748000,"aten::repeat_interleave",635
1112,6029610424643.894531,0.428000,"aten::flatten",636
1113,6029610424646.378906,43.689000,"aten::repeat_interleave",637
1114,6029610424650.014648,25.807000,"aten::cumsum",638
1115,6029610424653.091797,0.312000,"aten::to",639
1125,6029610424676.789062,2.406000,"aten::empty",640
1129,6029610424691.835938,31.285000,"aten::index_select",641
1130,6029610424693.955078,1.651000,"aten::empty",642
1131,6029610424698.190430,1.487000,"aten::resize_",643
1132,6029610424701.017578,0.306000,"aten::view",644
1133,6029610424702.655273,1.998000,"aten::expand",645
1134,6029610424704.058594,0.180000,"aten::as_strided",646
1135,6029610424705.902344,16.201000,"aten::gather",647
1136,6029610424709.478516,0.125000,"aten::as_strided",648
1137,6029610424710.436523,0.292000,"aten::as_strided",649
1140,6029610424727.299805,10.702000,"aten::arange",650
1141,6029610424727.742188,1.933000,"aten::empty",651
1142,6029610424730.194336,7.591000,"aten::arange",652
1143,6029610424731.072266,1.303000,"aten::resize_",653
1145,6029610424740.453125,19.748000,"aten::cumsum",654
1147,6029610424743.147461,0.083000,"aten::to",655
1157,6029610424761.845703,8.162000,"aten::sub",656
1160,6029610424772.419922,47.264000,"aten::repeat_interleave",657
1162,6029610424772.814453,0.088000,"aten::flatten",658
1163,6029610424773.536133,28.372000,"aten::repeat_interleave",659
1164,6029610424774.598633,19.177000,"aten::cumsum",660
1165,6029610424776.625977,0.064000,"aten::to",661
1175,6029610424794.297852,2.290000,"aten::empty",662
1178,6029610424802.543945,16.652000,"aten::index_select",663
1179,6029610424803.275391,1.635000,"aten::empty",664
1181,6029610424806.082031,1.527000,"aten::resize_",665
1182,6029610424808.552734,0.217000,"aten::view",666
1183,6029610424809.219727,0.929000,"aten::expand",667
1184,6029610424809.769531,0.190000,"aten::as_strided",668
1185,6029610424810.509766,7.969000,"aten::gather",669
1186,6029610424811.589844,0.371000,"aten::as_strided",670
1187,6029610424812.388672,0.160000,"aten::as_strided",671
1190,6029610424827.305664,11.588000,"aten::sub_",672
1193,6029610424842.835938,16.577000,"aten::index_select",673
1194,6029610424843.784180,1.812000,"aten::empty",674
1195,6029610424847.146484,1.435000,"aten::resize_",675
1196,6029610424849.458008,0.253000,"aten::view",676
1197,6029610424850.097656,0.844000,"aten::expand",677
1198,6029610424850.602539,0.178000,"aten::as_strided",678
1199,6029610424851.301758,7.473000,"aten::gather",679
1200,6029610424852.208984,0.222000,"aten::as_strided",680
1201,6029610424852.816406,0.162000,"aten::as_strided",681
1203,6029610424860.813477,7.710000,"aten::add",682
1207,6029610424879.789062,14.858000,"aten::to",683
1208,6029610424880.568359,13.877000,"aten::_to_copy",684
1209,6029610424882.073242,2.827000,"aten::empty_strided",685
1210,6029610424885.648438,8.304000,"aten::copy_",686
1213,6029610424897.746094,3.811000,"aten::slice",687
1214,6029610424899.625000,0.315000,"aten::as_strided",688
1215,6029610424903.811523,1.496000,"aten::slice",689
1216,6029610424904.402344,0.323000,"aten::as_strided",690
1217,6029610424906.860352,8.413000,"aten::sub",691
1219,6029610424917.349609,9.537000,"aten::gt",692
1222,6029610424929.075195,62.569000,"aten::index",693
1224,6029610424929.911133,49.149000,"aten::nonzero",694
1232,6029610424958.524414,1.498000,"aten::resize_",695
1240,6029610424974.508789,1.819000,"aten::t",696
1241,6029610424974.879883,1.291000,"aten::transpose",697
1242,6029610424975.633789,0.336000,"aten::as_strided",698
1244,6029610424976.870117,0.940000,"aten::set_",699
1245,6029610424977.323242,0.334000,"aten::set_",700
1246,6029610424979.625000,0.977000,"aten::select",701
1247,6029610424980.197266,0.171000,"aten::as_strided",702
1248,6029610424981.440430,0.120000,"aten::as_strided",703
1249,6029610424982.126953,0.874000,"aten::reshape",704
1250,6029610424982.416016,0.403000,"aten::view",705
1253,6029610424994.385742,57.930000,"aten::index",706
1254,6029610424994.960938,46.204000,"aten::nonzero",707
1262,6029610425022.926758,1.407000,"aten::resize_",708
1270,6029610425037.918945,1.210000,"aten::t",709
1271,6029610425038.223633,0.757000,"aten::transpose",710
1272,6029610425038.602539,0.200000,"aten::as_strided",711
1274,6029610425039.544922,0.686000,"aten::set_",712
1275,6029610425039.923828,0.155000,"aten::set_",713
1276,6029610425041.628906,0.804000,"aten::select",714
1277,6029610425042.073242,0.145000,"aten::as_strided",715
1278,6029610425043.072266,0.113000,"aten::as_strided",716
1279,6029610425043.563477,0.668000,"aten::reshape",717
1280,6029610425043.847656,0.225000,"aten::view",718
1283,6029610425054.949219,56.315000,"aten::index",719
1284,6029610425055.425781,45.199000,"aten::nonzero",720
1292,6029610425082.281250,1.340000,"aten::resize_",721
1300,6029610425097.331055,1.370000,"aten::t",722
1301,6029610425097.740234,0.833000,"aten::transpose",723
1302,6029610425098.205078,0.195000,"aten::as_strided",724
1303,6029610425099.120117,0.573000,"aten::set_",725
1304,6029610425099.390625,0.152000,"aten::set_",726
1306,6029610425101.125000,0.770000,"aten::select",727
1307,6029610425101.525391,0.190000,"aten::as_strided",728
1308,6029610425102.526367,0.114000,"aten::as_strided",729
1309,6029610425103.011719,0.629000,"aten::reshape",730
1310,6029610425103.291992,0.192000,"aten::view",731
1313,6029610425120.708984,10.739000,"aten::floor_divide",732
1314,6029610425122.795898,2.372000,"aten::empty",733
1317,6029610425134.552734,8.937000,"aten::floor_divide",734
1318,6029610425135.813477,2.222000,"aten::empty",735
1321,6029610425146.205078,8.242000,"aten::mul",736
1323,6029610425155.887695,7.667000,"aten::add",737
1327,6029610425165.993164,7.119000,"aten::mul",738
1329,6029610425174.263672,7.179000,"aten::sub",739
1333,6029610425185.013672,13.531000,"aten::stack",740
1334,6029610425185.766602,0.997000,"aten::unsqueeze",741
1335,6029610425186.375000,0.198000,"aten::as_strided",742
1336,6029610425187.179688,0.607000,"aten::unsqueeze",743
1337,6029610425187.509766,0.144000,"aten::as_strided",744
1338,6029610425188.448242,9.527000,"aten::cat",745
1340,6029610425200.501953,1.705000,"aten::reshape",746
1341,6029610425200.833984,1.191000,"aten::view",747
1343,6029610425203.711914,10.726000,"aten::stack",748
1344,6029610425204.063477,0.633000,"aten::unsqueeze",749
1345,6029610425204.361328,0.158000,"aten::as_strided",750
1346,6029610425205.075195,0.577000,"aten::unsqueeze",751
1347,6029610425205.405273,0.118000,"aten::as_strided",752
1348,6029610425206.014648,7.992000,"aten::cat",753
1350,6029610425215.592773,1.208000,"aten::reshape",754
1351,6029610425215.934570,0.705000,"aten::view",755
1353,6029610425218.433594,8.885000,"aten::gt",756
1355,6029610425229.807617,63.660000,"aten::index",757
1357,6029610425230.410156,50.284000,"aten::nonzero",758
1365,6029610425260.715820,1.678000,"aten::resize_",759
1373,6029610425276.956055,1.489000,"aten::t",760
1374,6029610425277.371094,0.938000,"aten::transpose",761
1375,6029610425277.816406,0.312000,"aten::as_strided",762
1377,6029610425278.843750,0.835000,"aten::set_",763
1378,6029610425279.207031,0.311000,"aten::set_",764
1379,6029610425281.293945,0.943000,"aten::select",765
1380,6029610425281.831055,0.192000,"aten::as_strided",766
1381,6029610425282.952148,0.159000,"aten::as_strided",767
1382,6029610425283.536133,0.748000,"aten::reshape",768
1383,6029610425283.879883,0.243000,"aten::view",769
1386,6029610425296.828125,57.533000,"aten::index",770
1387,6029610425297.314453,45.971000,"aten::nonzero",771
1395,6029610425324.413086,1.445000,"aten::resize_",772
1403,6029610425340.031250,1.224000,"aten::t",773
1404,6029610425340.345703,0.778000,"aten::transpose",774
1406,6029610425340.740234,0.204000,"aten::as_strided",775
1407,6029610425341.704102,0.609000,"aten::set_",776
1408,6029610425341.967773,0.196000,"aten::set_",777
1409,6029610425343.740234,0.776000,"aten::select",778
1410,6029610425344.171875,0.163000,"aten::as_strided",779
1411,6029610425345.192383,0.121000,"aten::as_strided",780
1412,6029610425345.691406,0.599000,"aten::reshape",781
1413,6029610425345.976562,0.178000,"aten::view",782
1416,6029610425358.656250,11.280000,"aten::arange",783
1417,6029610425359.303711,2.011000,"aten::empty",784
1418,6029610425361.868164,7.798000,"aten::arange",785
1419,6029610425362.718750,1.276000,"aten::resize_",786
1422,6029610425372.394531,50.159000,"aten::repeat_interleave",787
1423,6029610425372.769531,0.118000,"aten::flatten",788
1424,6029610425373.458008,30.397000,"aten::repeat_interleave",789
1425,6029610425374.931641,20.196000,"aten::cumsum",790
1426,6029610425377.201172,0.104000,"aten::to",791
1436,6029610425395.738281,2.309000,"aten::empty",792
1439,6029610425404.600586,17.319000,"aten::index_select",793
1440,6029610425405.472656,1.640000,"aten::empty",794
1442,6029610425408.464844,1.461000,"aten::resize_",795
1443,6029610425410.875000,0.217000,"aten::view",796
1444,6029610425411.592773,1.027000,"aten::expand",797
1445,6029610425412.262695,0.210000,"aten::as_strided",798
1446,6029610425413.007812,8.170000,"aten::gather",799
1447,6029610425414.184570,0.202000,"aten::as_strided",800
1448,6029610425414.830078,0.401000,"aten::as_strided",801
1451,6029610425425.180664,10.121000,"aten::arange",802
1452,6029610425425.628906,1.946000,"aten::empty",803
1453,6029610425428.015625,7.023000,"aten::arange",804
1454,6029610425428.682617,1.341000,"aten::resize_",805
1456,6029610425436.893555,19.571000,"aten::cumsum",806
1458,6029610425439.405273,0.082000,"aten::to",807
1469,6029610425457.905273,14.764000,"aten::sub",808
1472,6029610425474.929688,46.879000,"aten::repeat_interleave",809
1473,6029610425475.299805,0.064000,"aten::flatten",810
1474,6029610425475.839844,28.802000,"aten::repeat_interleave",811
1475,6029610425476.896484,19.691000,"aten::cumsum",812
1476,6029610425479.017578,0.082000,"aten::to",813
1486,6029610425497.135742,2.071000,"aten::empty",814
1489,6029610425505.236328,16.138000,"aten::index_select",815
1490,6029610425505.975586,1.646000,"aten::empty",816
1492,6029610425508.822266,1.461000,"aten::resize_",817
1493,6029610425511.261719,0.247000,"aten::view",818
1494,6029610425511.935547,0.856000,"aten::expand",819
1495,6029610425512.457031,0.152000,"aten::as_strided",820
1496,6029610425513.162109,7.549000,"aten::gather",821
1497,6029610425514.247070,0.181000,"aten::as_strided",822
1498,6029610425514.881836,0.178000,"aten::as_strided",823
1501,6029610425523.975586,7.055000,"aten::sub_",824
1504,6029610425533.581055,15.808000,"aten::index_select",825
1505,6029610425534.563477,1.779000,"aten::empty",826
1506,6029610425537.708008,1.280000,"aten::resize_",827
1507,6029610425539.795898,0.223000,"aten::view",828
1508,6029610425540.404297,0.794000,"aten::expand",829
1509,6029610425540.877930,0.145000,"aten::as_strided",830
1510,6029610425541.598633,7.151000,"aten::gather",831
1511,6029610425542.457031,0.217000,"aten::as_strided",832
1512,6029610425543.018555,0.187000,"aten::as_strided",833
1514,6029610425550.643555,7.955000,"aten::add",834
1518,6029610425567.039062,13.218000,"aten::to",835
1519,6029610425567.513672,12.578000,"aten::_to_copy",836
1520,6029610425568.609375,2.694000,"aten::empty_strided",837
1521,6029610425571.938477,7.771000,"aten::copy_",838
1524,6029610425582.509766,2.498000,"aten::slice",839
1525,6029610425583.746094,0.203000,"aten::as_strided",840
1526,6029610425587.115234,1.325000,"aten::slice",841
1527,6029610425587.598633,0.337000,"aten::as_strided",842
1528,6029610425589.875977,8.279000,"aten::sub",843
1530,6029610425600.150391,8.616000,"aten::gt",844
1533,6029610425610.796875,63.025000,"aten::index",845
1535,6029610425611.656250,50.136000,"aten::nonzero",846
1543,6029610425641.769531,1.463000,"aten::resize_",847
1551,6029610425657.679688,1.733000,"aten::t",848
1552,6029610425658.096680,1.158000,"aten::transpose",849
1553,6029610425658.809570,0.278000,"aten::as_strided",850
1555,6029610425659.919922,0.717000,"aten::set_",851
1556,6029610425660.241211,0.237000,"aten::set_",852
1557,6029610425662.359375,0.901000,"aten::select",853
1558,6029610425662.869141,0.184000,"aten::as_strided",854
1559,6029610425664.058594,0.111000,"aten::as_strided",855
1560,6029610425664.646484,0.722000,"aten::reshape",856
1561,6029610425664.947266,0.255000,"aten::view",857
1564,6029610425676.608398,59.640000,"aten::index",858
1565,6029610425677.163086,47.382000,"aten::nonzero",859
1573,6029610425705.079102,1.426000,"aten::resize_",860
1581,6029610425721.204102,1.333000,"aten::t",861
1582,6029610425721.570312,0.818000,"aten::transpose",862
1583,6029610425721.985352,0.217000,"aten::as_strided",863
1585,6029610425722.919922,0.579000,"aten::set_",864
1586,6029610425723.194336,0.161000,"aten::set_",865
1587,6029610425725.066406,0.759000,"aten::select",866
1588,6029610425725.503906,0.135000,"aten::as_strided",867
1589,6029610425726.465820,0.100000,"aten::as_strided",868
1590,6029610425726.969727,0.757000,"aten::reshape",869
1591,6029610425727.291016,0.278000,"aten::view",870
1594,6029610425739.032227,66.860000,"aten::index",871
1595,6029610425739.606445,55.316000,"aten::nonzero",872
1603,6029610425776.396484,1.403000,"aten::resize_",873
1611,6029610425791.526367,1.395000,"aten::t",874
1612,6029610425791.860352,0.934000,"aten::transpose",875
1613,6029610425792.415039,0.211000,"aten::as_strided",876
1615,6029610425793.275391,0.583000,"aten::set_",877
1616,6029610425793.571289,0.141000,"aten::set_",878
1617,6029610425795.341797,0.906000,"aten::select",879
1618,6029610425795.847656,0.215000,"aten::as_strided",880
1619,6029610425796.825195,0.091000,"aten::as_strided",881
1620,6029610425797.305664,0.682000,"aten::reshape",882
1621,6029610425797.584961,0.242000,"aten::view",883
1624,6029610425813.256836,10.621000,"aten::floor_divide",884
1625,6029610425815.263672,2.235000,"aten::empty",885
1628,6029610425826.965820,9.107000,"aten::floor_divide",886
1629,6029610425828.241211,2.169000,"aten::empty",887
1632,6029610425838.685547,7.965000,"aten::mul",888
1634,6029610425848.185547,7.374000,"aten::add",889
1637,6029610425857.692383,7.264000,"aten::mul",890
1640,6029610425866.246094,7.742000,"aten::sub",891
1644,6029610425877.346680,12.768000,"aten::stack",892
1645,6029610425878.085938,0.980000,"aten::unsqueeze",893
1646,6029610425878.674805,0.222000,"aten::as_strided",894
1647,6029610425879.469727,0.712000,"aten::unsqueeze",895
1648,6029610425879.842773,0.190000,"aten::as_strided",896
1649,6029610425880.716797,8.821000,"aten::cat",897
1652,6029610425891.887695,1.595000,"aten::reshape",898
1653,6029610425892.216797,1.112000,"aten::view",899
1654,6029610425895.080078,10.910000,"aten::stack",900
1655,6029610425895.528320,0.664000,"aten::unsqueeze",901
1656,6029610425895.891602,0.152000,"aten::as_strided",902
1657,6029610425896.552734,0.713000,"aten::unsqueeze",903
1658,6029610425896.976562,0.159000,"aten::as_strided",904
1659,6029610425897.631836,7.954000,"aten::cat",905
1661,6029610425907.108398,1.326000,"aten::reshape",906
1662,6029610425907.487305,0.745000,"aten::view",907
1664,6029610425909.856445,8.586000,"aten::gt",908
1667,6029610425920.686523,61.434000,"aten::index",909
1668,6029610425921.313477,48.232000,"aten::nonzero",910
1676,6029610425950.302734,1.487000,"aten::resize_",911
1684,6029610425965.822266,1.467000,"aten::t",912
1685,6029610425966.218750,0.932000,"aten::transpose",913
1686,6029610425966.711914,0.272000,"aten::as_strided",914
1688,6029610425967.754883,0.715000,"aten::set_",915
1689,6029610425968.060547,0.241000,"aten::set_",916
1690,6029610425970.082031,0.866000,"aten::select",917
1691,6029610425970.564453,0.165000,"aten::as_strided",918
1692,6029610425971.625000,0.138000,"aten::as_strided",919
1693,6029610425972.133789,0.718000,"aten::reshape",920
1694,6029610425972.446289,0.237000,"aten::view",921
1697,6029610425985.147461,58.163000,"aten::index",922
1698,6029610425985.710938,46.373000,"aten::nonzero",923
1706,6029610426013.416016,1.423000,"aten::resize_",924
1714,6029610426028.856445,1.255000,"aten::t",925
1715,6029610426029.237305,0.746000,"aten::transpose",926
1716,6029610426029.596680,0.197000,"aten::as_strided",927
1717,6029610426030.481445,0.643000,"aten::set_",928
1718,6029610426030.778320,0.190000,"aten::set_",929
1720,6029610426032.538086,0.771000,"aten::select",930
1721,6029610426032.951172,0.155000,"aten::as_strided",931
1722,6029610426033.868164,0.130000,"aten::as_strided",932
1723,6029610426034.368164,0.635000,"aten::reshape",933
1724,6029610426034.629883,0.213000,"aten::view",934
1727,6029610426047.042969,10.871000,"aten::arange",935
1728,6029610426047.649414,1.921000,"aten::empty",936
1729,6029610426050.103516,7.515000,"aten::arange",937
1730,6029610426050.954102,1.265000,"aten::resize_",938
1733,6029610426059.935547,48.387000,"aten::repeat_interleave",939
1734,6029610426060.300781,0.081000,"aten::flatten",940
1735,6029610426060.908203,28.763000,"aten::repeat_interleave",941
1736,6029610426062.290039,19.188000,"aten::cumsum",942
1737,6029610426064.569336,0.114000,"aten::to",943
1747,6029610426082.098633,2.039000,"aten::empty",944
1750,6029610426090.350586,17.380000,"aten::index_select",945
1751,6029610426091.144531,1.606000,"aten::empty",946
1753,6029610426094.166992,1.458000,"aten::resize_",947
1754,6029610426096.646484,0.209000,"aten::view",948
1755,6029610426097.349609,1.121000,"aten::expand",949
1756,6029610426098.068359,0.233000,"aten::as_strided",950
1757,6029610426098.913086,8.063000,"aten::gather",951
1758,6029610426100.217773,0.170000,"aten::as_strided",952
1759,6029610426100.833008,0.362000,"aten::as_strided",953
1762,6029610426110.705078,10.077000,"aten::arange",954
1763,6029610426111.097656,1.828000,"aten::empty",955
1764,6029610426113.469727,7.026000,"aten::arange",956
1765,6029610426114.083008,1.331000,"aten::resize_",957
1767,6029610426122.286133,18.807000,"aten::cumsum",958
1769,6029610426124.656250,0.084000,"aten::to",959
1780,6029610426142.367188,7.826000,"aten::sub",960
1782,6029610426152.453125,44.827000,"aten::repeat_interleave",961
1784,6029610426152.745117,0.075000,"aten::flatten",962
1785,6029610426153.269531,27.432000,"aten::repeat_interleave",963
1786,6029610426154.217773,18.739000,"aten::cumsum",964
1787,6029610426156.178711,0.059000,"aten::to",965
1797,6029610426173.472656,2.046000,"aten::empty",966
1800,6029610426181.307617,15.527000,"aten::index_select",967
1801,6029610426181.998047,1.624000,"aten::empty",968
1803,6029610426184.694336,1.375000,"aten::resize_",969
1804,6029610426186.961914,0.217000,"aten::view",970
1805,6029610426187.569336,0.806000,"aten::expand",971
1806,6029610426188.035156,0.143000,"aten::as_strided",972
1807,6029610426188.750000,7.430000,"aten::gather",973
1808,6029610426189.776367,0.176000,"aten::as_strided",974
1809,6029610426190.407227,0.150000,"aten::as_strided",975
1812,6029610426199.209961,6.777000,"aten::sub_",976
1814,6029610426208.164062,16.233000,"aten::index_select",977
1816,6029610426209.084961,1.817000,"aten::empty",978
1817,6029610426212.240234,1.295000,"aten::resize_",979
1818,6029610426214.345703,0.226000,"aten::view",980
1819,6029610426214.981445,0.825000,"aten::expand",981
1820,6029610426215.503906,0.148000,"aten::as_strided",982
1821,6029610426216.177734,7.549000,"aten::gather",983
1822,6029610426217.105469,0.210000,"aten::as_strided",984
1823,6029610426217.787109,0.244000,"aten::as_strided",985
1825,6029610426225.795898,7.717000,"aten::add",986
1829,6029610426241.087891,12.357000,"aten::to",987
1830,6029610426241.478516,11.814000,"aten::_to_copy",988
1831,6029610426242.541992,2.470000,"aten::empty_strided",989
1832,6029610426245.553711,7.426000,"aten::copy_",990
1835,6029610426255.470703,2.256000,"aten::slice",991
1836,6029610426256.596680,0.235000,"aten::as_strided",992
1837,6029610426259.690430,1.291000,"aten::slice",993
1838,6029610426260.143555,0.309000,"aten::as_strided",994
1839,6029610426262.458984,7.471000,"aten::sub",995
1841,6029610426271.768555,8.484000,"aten::gt",996
1844,6029610426282.127930,59.935000,"aten::index",997
1846,6029610426282.879883,47.238000,"aten::nonzero",998
1854,6029610426311.508789,1.377000,"aten::resize_",999
1862,6029610426326.347656,1.518000,"aten::t",1000
1863,6029610426326.731445,0.987000,"aten::transpose",1001
1864,6029610426327.350586,0.199000,"aten::as_strided",1002
1866,6029610426328.280273,0.765000,"aten::set_",1003
1867,6029610426328.585938,0.308000,"aten::set_",1004
1868,6029610426330.741211,0.849000,"aten::select",1005
1869,6029610426331.257812,0.137000,"aten::as_strided",1006
1870,6029610426332.328125,0.108000,"aten::as_strided",1007
1871,6029610426332.855469,0.880000,"aten::reshape",1008
1872,6029610426333.323242,0.250000,"aten::view",1009
1875,6029610426344.725586,57.919000,"aten::index",1010
1876,6029610426345.291016,45.561000,"aten::nonzero",1011
1884,6029610426372.940430,1.363000,"aten::resize_",1012
1892,6029610426387.707031,1.236000,"aten::t",1013
1893,6029610426388.083984,0.733000,"aten::transpose",1014
1894,6029610426388.466797,0.180000,"aten::as_strided",1015
1896,6029610426389.299805,0.569000,"aten::set_",1016
1897,6029610426389.568359,0.145000,"aten::set_",1017
1898,6029610426391.302734,0.736000,"aten::select",1018
1899,6029610426391.716797,0.130000,"aten::as_strided",1019
1900,6029610426393.063477,0.103000,"aten::as_strided",1020
1901,6029610426393.733398,0.774000,"aten::reshape",1021
1902,6029610426394.105469,0.247000,"aten::view",1022
1905,6029610426405.214844,83.461000,"aten::index",1023
1906,6029610426405.789062,71.138000,"aten::nonzero",1024
1914,6029610426451.915039,1.427000,"aten::resize_",1025
1922,6029610426473.288086,1.480000,"aten::t",1026
1923,6029610426473.686523,0.924000,"aten::transpose",1027
1924,6029610426474.175781,0.270000,"aten::as_strided",1028
1926,6029610426475.183594,0.667000,"aten::set_",1029
1927,6029610426475.484375,0.195000,"aten::set_",1030
1928,6029610426477.431641,0.866000,"aten::select",1031
1929,6029610426477.912109,0.190000,"aten::as_strided",1032
1930,6029610426478.901367,0.109000,"aten::as_strided",1033
1931,6029610426479.399414,0.702000,"aten::reshape",1034
1932,6029610426479.716797,0.216000,"aten::view",1035
1935,6029610426495.779297,10.380000,"aten::floor_divide",1036
1936,6029610426497.596680,2.347000,"aten::empty",1037
1939,6029610426509.216797,8.979000,"aten::floor_divide",1038
1940,6029610426510.542969,2.144000,"aten::empty",1039
1943,6029610426520.570312,8.243000,"aten::mul",1040
1945,6029610426530.302734,7.323000,"aten::add",1041
1948,6029610426539.853516,7.086000,"aten::mul",1042
1951,6029610426548.119141,7.575000,"aten::sub",1043
1955,6029610426558.743164,12.420000,"aten::stack",1044
1956,6029610426559.561523,0.923000,"aten::unsqueeze",1045
1957,6029610426560.150391,0.176000,"aten::as_strided",1046
1958,6029610426560.910156,0.584000,"aten::unsqueeze",1047
1959,6029610426561.243164,0.121000,"aten::as_strided",1048
1960,6029610426562.017578,8.565000,"aten::cat",1049
1962,6029610426572.906250,1.634000,"aten::reshape",1050
1964,6029610426573.260742,1.109000,"aten::view",1051
1965,6029610426576.068359,11.036000,"aten::stack",1052
1966,6029610426576.462891,0.727000,"aten::unsqueeze",1053
1967,6029610426576.831055,0.204000,"aten::as_strided",1054
1968,6029610426577.590820,0.572000,"aten::unsqueeze",1055
1969,6029610426577.896484,0.137000,"aten::as_strided",1056
1970,6029610426578.534180,8.164000,"aten::cat",1057
1972,6029610426588.225586,1.264000,"aten::reshape",1058
1973,6029610426588.556641,0.764000,"aten::view",1059
1975,6029610426590.875977,8.720000,"aten::gt",1060
1977,6029610426601.590820,61.658000,"aten::index",1061
1979,6029610426602.102539,49.332000,"aten::nonzero",1062
1987,6029610426630.906250,1.606000,"aten::resize_",1063
1995,6029610426647.442383,1.680000,"aten::t",1064
1996,6029610426647.842773,1.145000,"aten::transpose",1065
1997,6029610426648.261719,0.556000,"aten::as_strided",1066
1999,6029610426649.569336,0.718000,"aten::set_",1067
2000,6029610426649.858398,0.265000,"aten::set_",1068
2001,6029610426651.885742,0.982000,"aten::select",1069
2002,6029610426652.489258,0.166000,"aten::as_strided",1070
2003,6029610426653.504883,0.123000,"aten::as_strided",1071
2004,6029610426654.054688,0.639000,"aten::reshape",1072
2005,6029610426654.322266,0.200000,"aten::view",1073
2008,6029610426666.349609,57.467000,"aten::index",1074
2009,6029610426666.814453,46.286000,"aten::nonzero",1075
2017,6029610426695.169922,1.467000,"aten::resize_",1076
2025,6029610426709.752930,1.305000,"aten::t",1077
2026,6029610426710.144531,0.784000,"aten::transpose",1078
2027,6029610426710.537109,0.199000,"aten::as_strided",1079
2029,6029610426711.460938,0.670000,"aten::set_",1080
2030,6029610426711.789062,0.194000,"aten::set_",1081
2031,6029610426713.552734,0.748000,"aten::select",1082
2032,6029610426713.973633,0.140000,"aten::as_strided",1083
2033,6029610426714.896484,0.108000,"aten::as_strided",1084
2034,6029610426715.375977,0.620000,"aten::reshape",1085
2035,6029610426715.671875,0.190000,"aten::view",1086
2038,6029610426727.561523,10.790000,"aten::arange",1087
2039,6029610426728.179688,1.926000,"aten::empty",1088
2040,6029610426730.626953,7.481000,"aten::arange",1089
2041,6029610426731.550781,1.286000,"aten::resize_",1090
2044,6029610426740.533203,49.218000,"aten::repeat_interleave",1091
2045,6029610426740.919922,0.093000,"aten::flatten",1092
2046,6029610426741.744141,29.128000,"aten::repeat_interleave",1093
2047,6029610426743.112305,19.586000,"aten::cumsum",1094
2048,6029610426745.405273,0.071000,"aten::to",1095
2058,6029610426763.259766,2.091000,"aten::empty",1096
2061,6029610426771.638672,17.518000,"aten::index_select",1097
2062,6029610426772.489258,1.664000,"aten::empty",1098
2064,6029610426775.534180,1.413000,"aten::resize_",1099
2065,6029610426777.967773,0.209000,"aten::view",1100
2066,6029610426778.670898,1.136000,"aten::expand",1101
2067,6029610426779.443359,0.176000,"aten::as_strided",1102
2068,6029610426780.279297,8.167000,"aten::gather",1103
2069,6029610426781.539062,0.148000,"aten::as_strided",1104
2070,6029610426782.161133,0.165000,"aten::as_strided",1105
2073,6029610426792.073242,10.272000,"aten::arange",1106
2074,6029610426792.454102,1.858000,"aten::empty",1107
2075,6029610426794.758789,7.327000,"aten::arange",1108
2076,6029610426795.443359,1.310000,"aten::resize_",1109
2078,6029610426803.779297,18.825000,"aten::cumsum",1110
2080,6029610426806.151367,0.176000,"aten::to",1111
2090,6029610426823.882812,7.502000,"aten::sub",1112
2094,6029610426833.774414,45.713000,"aten::repeat_interleave",1113
2095,6029610426834.148438,0.086000,"aten::flatten",1114
2096,6029610426834.724609,27.723000,"aten::repeat_interleave",1115
2097,6029610426835.660156,18.755000,"aten::cumsum",1116
2098,6029610426837.642578,0.057000,"aten::to",1117
2108,6029610426854.909180,2.058000,"aten::empty",1118
2111,6029610426863.009766,15.984000,"aten::index_select",1119
2112,6029610426863.739258,1.593000,"aten::empty",1120
2114,6029610426866.450195,1.496000,"aten::resize_",1121
2115,6029610426868.807617,0.222000,"aten::view",1122
2116,6029610426869.461914,0.783000,"aten::expand",1123
2117,6029610426869.899414,0.141000,"aten::as_strided",1124
2118,6029610426870.601562,7.690000,"aten::gather",1125
2119,6029610426871.736328,0.454000,"aten::as_strided",1126
2120,6029610426872.594727,0.150000,"aten::as_strided",1127
2123,6029610426881.523438,6.857000,"aten::sub_",1128
2125,6029610426890.647461,15.649000,"aten::index_select",1129
2127,6029610426891.516602,1.791000,"aten::empty",1130
2128,6029610426894.627930,1.278000,"aten::resize_",1131
2129,6029610426896.761719,0.205000,"aten::view",1132
2130,6029610426897.349609,0.752000,"aten::expand",1133
2131,6029610426897.828125,0.119000,"aten::as_strided",1134
2132,6029610426898.462891,7.174000,"aten::gather",1135
2133,6029610426899.266602,0.175000,"aten::as_strided",1136
2134,6029610426899.862305,0.155000,"aten::as_strided",1137
2136,6029610426907.443359,7.311000,"aten::add",1138
2140,6029610426922.436523,12.528000,"aten::to",1139
2141,6029610426922.902344,11.899000,"aten::_to_copy",1140
2142,6029610426923.955078,2.514000,"aten::empty_strided",1141
2143,6029610426927.032227,7.425000,"aten::copy_",1142
2146,6029610426937.046875,2.283000,"aten::slice",1143
2147,6029610426938.128906,0.236000,"aten::as_strided",1144
2148,6029610426941.317383,1.298000,"aten::slice",1145
2149,6029610426941.798828,0.336000,"aten::as_strided",1146
2150,6029610426944.072266,7.800000,"aten::sub",1147
2152,6029610426953.728516,8.227000,"aten::gt",1148
2155,6029610426964.026367,59.553000,"aten::index",1149
2157,6029610426964.879883,46.820000,"aten::nonzero",1150
2165,6029610426993.279297,1.453000,"aten::resize_",1151
2173,6029610427007.883789,1.537000,"aten::t",1152
2174,6029610427008.261719,1.036000,"aten::transpose",1153
2175,6029610427008.837891,0.278000,"aten::as_strided",1154
2176,6029610427009.892578,0.712000,"aten::set_",1155
2178,6029610427010.238281,0.215000,"aten::set_",1156
2179,6029610427012.246094,0.897000,"aten::select",1157
2180,6029610427012.773438,0.161000,"aten::as_strided",1158
2181,6029610427013.928711,0.132000,"aten::as_strided",1159
2182,6029610427014.497070,0.716000,"aten::reshape",1160
2183,6029610427014.776367,0.268000,"aten::view",1161
2186,6029610427026.364258,57.974000,"aten::index",1162
2187,6029610427026.962891,46.049000,"aten::nonzero",1163
2195,6029610427055.117188,1.433000,"aten::resize_",1164
2203,6029610427069.772461,1.292000,"aten::t",1165
2204,6029610427070.126953,0.808000,"aten::transpose",1166
2205,6029610427070.489258,0.266000,"aten::as_strided",1167
2206,6029610427071.450195,0.592000,"aten::set_",1168
2208,6029610427071.743164,0.153000,"aten::set_",1169
2209,6029610427073.509766,0.776000,"aten::select",1170
2210,6029610427073.956055,0.144000,"aten::as_strided",1171
2211,6029610427074.961914,0.108000,"aten::as_strided",1172
2212,6029610427075.462891,0.694000,"aten::reshape",1173
2213,6029610427075.745117,0.241000,"aten::view",1174
2216,6029610427086.870117,58.103000,"aten::index",1175
2217,6029610427087.443359,46.417000,"aten::nonzero",1176
2225,6029610427114.597656,1.360000,"aten::resize_",1177
2233,6029610427130.589844,1.237000,"aten::t",1178
2235,6029610427130.959961,0.722000,"aten::transpose",1179
2236,6029610427131.332031,0.165000,"aten::as_strided",1180
2237,6029610427132.213867,0.699000,"aten::set_",1181
2238,6029610427132.588867,0.179000,"aten::set_",1182
2239,6029610427134.352539,0.956000,"aten::select",1183
2240,6029610427134.852539,0.253000,"aten::as_strided",1184
2241,6029610427135.918945,0.082000,"aten::as_strided",1185
2242,6029610427136.382812,0.700000,"aten::reshape",1186
2243,6029610427136.700195,0.253000,"aten::view",1187
2246,6029610427151.235352,10.155000,"aten::floor_divide",1188
2247,6029610427152.919922,2.319000,"aten::empty",1189
2250,6029610427164.150391,8.710000,"aten::floor_divide",1190
2251,6029610427165.350586,2.179000,"aten::empty",1191
2254,6029610427175.241211,7.679000,"aten::mul",1192
2256,6029610427184.356445,7.156000,"aten::add",1193
2259,6029610427193.638672,7.099000,"aten::mul",1194
2262,6029610427201.946289,7.098000,"aten::sub",1195
2265,6029610427211.741211,11.946000,"aten::stack",1196
2267,6029610427212.369141,0.928000,"aten::unsqueeze",1197
2268,6029610427212.911133,0.220000,"aten::as_strided",1198
2269,6029610427213.668945,0.630000,"aten::unsqueeze",1199
2270,6029610427214.001953,0.168000,"aten::as_strided",1200
2271,6029610427214.765625,8.431000,"aten::cat",1201
2273,6029610427225.124023,1.537000,"aten::reshape",1202
2274,6029610427225.475586,1.017000,"aten::view",1203
2276,6029610427228.111328,10.396000,"aten::stack",1204
2277,6029610427228.556641,0.595000,"aten::unsqueeze",1205
2278,6029610427228.841797,0.159000,"aten::as_strided",1206
2279,6029610427229.515625,0.597000,"aten::unsqueeze",1207
2280,6029610427229.844727,0.141000,"aten::as_strided",1208
2281,6029610427230.491211,7.631000,"aten::cat",1209
2283,6029610427239.612305,1.196000,"aten::reshape",1210
2284,6029610427239.942383,0.713000,"aten::view",1211
2286,6029610427242.174805,8.754000,"aten::gt",1212
2288,6029610427252.802734,59.413000,"aten::index",1213
2289,6029610427253.462891,47.037000,"aten::nonzero",1214
2298,6029610427282.094727,1.493000,"aten::resize_",1215
2306,6029610427296.930664,1.417000,"aten::t",1216
2307,6029610427297.332031,0.880000,"aten::transpose",1217
2308,6029610427297.763672,0.242000,"aten::as_strided",1218
2309,6029610427298.769531,0.723000,"aten::set_",1219
2310,6029610427299.096680,0.231000,"aten::set_",1220
2312,6029610427300.982422,0.853000,"aten::select",1221
2313,6029610427301.453125,0.196000,"aten::as_strided",1222
2314,6029610427302.548828,0.121000,"aten::as_strided",1223
2315,6029610427303.059570,0.662000,"aten::reshape",1224
2316,6029610427303.346680,0.213000,"aten::view",1225
2319,6029610427315.209961,58.846000,"aten::index",1226
2320,6029610427315.696289,46.576000,"aten::nonzero",1227
2328,6029610427344.005859,1.565000,"aten::resize_",1228
2336,6029610427358.780273,1.478000,"aten::t",1229
2337,6029610427359.137695,0.960000,"aten::transpose",1230
2338,6029610427359.615234,0.292000,"aten::as_strided",1231
2340,6029610427360.669922,0.622000,"aten::set_",1232
2341,6029610427360.948242,0.194000,"aten::set_",1233
2342,6029610427362.814453,0.883000,"aten::select",1234
2343,6029610427363.376953,0.145000,"aten::as_strided",1235
2344,6029610427364.322266,0.108000,"aten::as_strided",1236
2345,6029610427364.862305,0.660000,"aten::reshape",1237
2346,6029610427365.136719,0.228000,"aten::view",1238
2349,6029610427378.033203,10.564000,"aten::arange",1239
2350,6029610427378.597656,1.935000,"aten::empty",1240
2351,6029610427381.047852,7.289000,"aten::arange",1241
2352,6029610427381.793945,1.344000,"aten::resize_",1242
2354,6029610427390.550781,48.164000,"aten::repeat_interleave",1243
2356,6029610427390.929688,0.082000,"aten::flatten",1244
2357,6029610427391.592773,29.115000,"aten::repeat_interleave",1245
2358,6029610427392.834961,19.634000,"aten::cumsum",1246
2359,6029610427395.057617,0.070000,"aten::to",1247
2369,6029610427413.040039,2.123000,"aten::empty",1248
2372,6029610427421.421875,16.771000,"aten::index_select",1249
2373,6029610427422.274414,1.666000,"aten::empty",1250
2375,6029610427425.255859,1.414000,"aten::resize_",1251
2376,6029610427427.669922,0.205000,"aten::view",1252
2377,6029610427428.334961,0.939000,"aten::expand",1253
2378,6029610427428.945312,0.177000,"aten::as_strided",1254
2379,6029610427429.665039,7.789000,"aten::gather",1255
2380,6029610427430.861328,0.144000,"aten::as_strided",1256
2381,6029610427431.450195,0.135000,"aten::as_strided",1257
2384,6029610427441.140625,10.121000,"aten::arange",1258
2385,6029610427441.545898,1.845000,"aten::empty",1259
2386,6029610427443.889648,7.120000,"aten::arange",1260
2387,6029610427444.533203,1.322000,"aten::resize_",1261
2389,6029610427452.737305,24.777000,"aten::cumsum",1262
2391,6029610427455.165039,0.061000,"aten::to",1263
2401,6029610427478.912109,7.564000,"aten::sub",1264
2404,6029610427488.669922,44.988000,"aten::repeat_interleave",1265
2406,6029610427489.008789,0.068000,"aten::flatten",1266
2407,6029610427489.585938,26.895000,"aten::repeat_interleave",1267
2408,6029610427490.621094,18.077000,"aten::cumsum",1268
2409,6029610427492.676758,0.064000,"aten::to",1269
2419,6029610427509.264648,2.058000,"aten::empty",1270
2422,6029610427517.071289,16.128000,"aten::index_select",1271
2423,6029610427517.748047,1.632000,"aten::empty",1272
2425,6029610427520.503906,1.489000,"aten::resize_",1273
2426,6029610427522.909180,0.195000,"aten::view",1274
2427,6029610427523.519531,0.883000,"aten::expand",1275
2428,6029610427524.042969,0.153000,"aten::as_strided",1276
2429,6029610427524.768555,7.707000,"aten::gather",1277
2430,6029610427525.788086,0.281000,"aten::as_strided",1278
2431,6029610427526.458984,0.204000,"aten::as_strided",1279
2434,6029610427535.654297,6.360000,"aten::sub_",1280
2436,6029610427544.297852,15.846000,"aten::index_select",1281
2438,6029610427545.273438,1.762000,"aten::empty",1282
2439,6029610427548.465820,1.264000,"aten::resize_",1283
2440,6029610427550.549805,0.175000,"aten::view",1284
2441,6029610427551.163086,0.812000,"aten::expand",1285
2442,6029610427551.666016,0.153000,"aten::as_strided",1286
2443,6029610427552.333008,7.147000,"aten::gather",1287
2444,6029610427553.170898,0.159000,"aten::as_strided",1288
2445,6029610427553.744141,0.156000,"aten::as_strided",1289
2447,6029610427561.251953,7.458000,"aten::add",1290
2451,6029610427575.970703,12.713000,"aten::to",1291
2452,6029610427576.451172,12.067000,"aten::_to_copy",1292
2453,6029610427577.290039,2.467000,"aten::empty_strided",1293
2454,6029610427580.304688,7.866000,"aten::copy_",1294
2457,6029610427590.684570,2.086000,"aten::slice",1295
2458,6029610427591.663086,0.223000,"aten::as_strided",1296
2459,6029610427594.803711,1.229000,"aten::slice",1297
2460,6029610427595.234375,0.323000,"aten::as_strided",1298
2461,6029610427597.537109,8.185000,"aten::sub",1299
2463,6029610427607.559570,8.683000,"aten::gt",1300
2466,6029610427618.318359,60.907000,"aten::index",1301
2468,6029610427619.014648,48.016000,"aten::nonzero",1302
2476,6029610427648.294922,1.362000,"aten::resize_",1303
2484,6029610427663.074219,1.555000,"aten::t",1304
2485,6029610427663.430664,1.053000,"aten::transpose",1305
2486,6029610427663.870117,0.367000,"aten::as_strided",1306
2488,6029610427665.067383,0.744000,"aten::set_",1307
2489,6029610427665.428711,0.215000,"aten::set_",1308
2490,6029610427667.594727,0.925000,"aten::select",1309
2491,6029610427668.173828,0.138000,"aten::as_strided",1310
2492,6029610427669.269531,0.114000,"aten::as_strided",1311
2493,6029610427669.855469,0.762000,"aten::reshape",1312
2494,6029610427670.159180,0.295000,"aten::view",1313
2497,6029610427681.890625,56.705000,"aten::index",1314
2498,6029610427682.396484,44.956000,"aten::nonzero",1315
2506,6029610427709.701172,1.360000,"aten::resize_",1316
2514,6029610427724.237305,1.192000,"aten::t",1317
2515,6029610427724.529297,0.736000,"aten::transpose",1318
2516,6029610427724.890625,0.177000,"aten::as_strided",1319
2517,6029610427725.829102,0.584000,"aten::set_",1320
2519,6029610427726.125977,0.136000,"aten::set_",1321
2520,6029610427727.851562,0.798000,"aten::select",1322
2521,6029610427728.322266,0.140000,"aten::as_strided",1323
2522,6029610427729.295898,0.103000,"aten::as_strided",1324
2523,6029610427729.817383,0.675000,"aten::reshape",1325
2524,6029610427730.123047,0.208000,"aten::view",1326
2527,6029610427741.170898,56.729000,"aten::index",1327
2528,6029610427741.630859,45.380000,"aten::nonzero",1328
2536,6029610427768.880859,1.353000,"aten::resize_",1329
2544,6029610427783.757812,1.375000,"aten::t",1330
2545,6029610427784.149414,0.855000,"aten::transpose",1331
2546,6029610427784.571289,0.186000,"aten::as_strided",1332
2547,6029610427785.485352,0.583000,"aten::set_",1333
2548,6029610427785.791016,0.123000,"aten::set_",1334
2550,6029610427787.488281,0.874000,"aten::select",1335
2551,6029610427787.969727,0.202000,"aten::as_strided",1336
2552,6029610427788.939453,0.094000,"aten::as_strided",1337
2553,6029610427789.407227,0.707000,"aten::reshape",1338
2554,6029610427789.749023,0.208000,"aten::view",1339
2557,6029610427804.394531,10.032000,"aten::floor_divide",1340
2558,6029610427806.260742,2.224000,"aten::empty",1341
2561,6029610427817.295898,8.911000,"aten::floor_divide",1342
2562,6029610427818.495117,2.059000,"aten::empty",1343
2564,6029610427828.616211,7.505000,"aten::mul",1344
2567,6029610427837.625000,7.647000,"aten::add",1345
2570,6029610427847.474609,7.172000,"aten::mul",1346
2573,6029610427855.792969,7.593000,"aten::sub",1347
2576,6029610427866.280273,12.368000,"aten::stack",1348
2578,6029610427866.919922,0.997000,"aten::unsqueeze",1349
2579,6029610427867.512695,0.208000,"aten::as_strided",1350
2580,6029610427868.300781,0.622000,"aten::unsqueeze",1351
2581,6029610427868.641602,0.151000,"aten::as_strided",1352
2582,6029610427869.397461,8.738000,"aten::cat",1353
2584,6029610427880.257812,1.570000,"aten::reshape",1354
2585,6029610427880.610352,1.062000,"aten::view",1355
2587,6029610427883.336914,10.422000,"aten::stack",1356
2588,6029610427883.706055,0.637000,"aten::unsqueeze",1357
2589,6029610427884.001953,0.155000,"aten::as_strided",1358
2590,6029610427884.703125,0.644000,"aten::unsqueeze",1359
2591,6029610427885.046875,0.171000,"aten::as_strided",1360
2592,6029610427885.716797,7.634000,"aten::cat",1361
2594,6029610427894.897461,1.187000,"aten::reshape",1362
2595,6029610427895.199219,0.696000,"aten::view",1363
2597,6029610427897.493164,8.173000,"aten::gt",1364
2599,6029610427907.471680,60.225000,"aten::index",1365
2600,6029610427908.183594,47.893000,"aten::nonzero",1366
2609,6029610427937.388672,1.495000,"aten::resize_",1367
2617,6029610427952.176758,1.601000,"aten::t",1368
2618,6029610427952.801758,0.842000,"aten::transpose",1369
2619,6029610427953.225586,0.230000,"aten::as_strided",1370
2621,6029610427954.219727,0.752000,"aten::set_",1371
2622,6029610427954.525391,0.295000,"aten::set_",1372
2623,6029610427956.557617,0.896000,"aten::select",1373
2624,6029610427957.085938,0.168000,"aten::as_strided",1374
2625,6029610427958.146484,0.151000,"aten::as_strided",1375
2626,6029610427958.699219,0.688000,"aten::reshape",1376
2627,6029610427958.990234,0.235000,"aten::view",1377
2630,6029610427970.750000,56.897000,"aten::index",1378
2631,6029610427971.247070,45.474000,"aten::nonzero",1379
2639,6029610427998.948242,1.356000,"aten::resize_",1380
2647,6029610428013.416992,1.264000,"aten::t",1381
2648,6029610428013.802734,0.749000,"aten::transpose",1382
2649,6029610428014.188477,0.171000,"aten::as_strided",1383
2650,6029610428015.087891,0.691000,"aten::set_",1384
2652,6029610428015.373047,0.208000,"aten::set_",1385
2653,6029610428017.196289,0.749000,"aten::select",1386
2654,6029610428017.622070,0.142000,"aten::as_strided",1387
2655,6029610428018.540039,0.106000,"aten::as_strided",1388
2656,6029610428019.041016,0.595000,"aten::reshape",1389
2657,6029610428019.314453,0.190000,"aten::view",1390
2660,6029610428031.369141,10.832000,"aten::arange",1391
2661,6029610428032.063477,1.916000,"aten::empty",1392
2662,6029610428034.518555,7.413000,"aten::arange",1393
2663,6029610428035.246094,1.275000,"aten::resize_",1394
2665,6029610428044.026367,47.782000,"aten::repeat_interleave",1395
2666,6029610428044.355469,0.092000,"aten::flatten",1396
2668,6029610428045.009766,28.595000,"aten::repeat_interleave",1397
2669,6029610428046.210938,19.195000,"aten::cumsum",1398
2670,6029610428048.566406,0.079000,"aten::to",1399
2680,6029610428065.954102,2.200000,"aten::empty",1400
2683,6029610428074.313477,16.922000,"aten::index_select",1401
2684,6029610428075.142578,1.667000,"aten::empty",1402
2686,6029610428078.116211,1.365000,"aten::resize_",1403
2687,6029610428080.460938,0.201000,"aten::view",1404
2688,6029610428081.118164,1.148000,"aten::expand",1405
2689,6029610428081.885742,0.164000,"aten::as_strided",1406
2690,6029610428082.646484,7.926000,"aten::gather",1407
2691,6029610428083.838867,0.134000,"aten::as_strided",1408
2692,6029610428084.430664,0.159000,"aten::as_strided",1409
2695,6029610428094.046875,9.798000,"aten::arange",1410
2696,6029610428094.436523,1.853000,"aten::empty",1411
2697,6029610428096.718750,6.932000,"aten::arange",1412
2698,6029610428097.319336,1.351000,"aten::resize_",1413
2700,6029610428105.276367,18.140000,"aten::cumsum",1414
2702,6029610428107.678711,0.062000,"aten::to",1415
2712,6029610428124.680664,7.575000,"aten::sub",1416
2715,6029610428134.477539,44.535000,"aten::repeat_interleave",1417
2717,6029610428134.857422,0.070000,"aten::flatten",1418
2718,6029610428135.467773,26.876000,"aten::repeat_interleave",1419
2719,6029610428136.364258,17.963000,"aten::cumsum",1420
2720,6029610428138.441406,0.054000,"aten::to",1421
2730,6029610428154.897461,2.025000,"aten::empty",1422
2733,6029610428162.924805,15.655000,"aten::index_select",1423
2734,6029610428163.658203,1.586000,"aten::empty",1424
2736,6029610428166.310547,1.449000,"aten::resize_",1425
2737,6029610428168.644531,0.203000,"aten::view",1426
2738,6029610428169.316406,0.808000,"aten::expand",1427
2739,6029610428169.783203,0.172000,"aten::as_strided",1428
2740,6029610428170.525391,7.395000,"aten::gather",1429
2741,6029610428171.519531,0.152000,"aten::as_strided",1430
2742,6029610428172.103516,0.186000,"aten::as_strided",1431
2745,6029610428180.833984,6.382000,"aten::sub_",1432
2747,6029610428189.250977,16.045000,"aten::index_select",1433
2749,6029610428190.206055,1.786000,"aten::empty",1434
2750,6029610428193.424805,1.346000,"aten::resize_",1435
2751,6029610428195.651367,0.196000,"aten::view",1436
2752,6029610428196.237305,0.822000,"aten::expand",1437
2753,6029610428196.737305,0.121000,"aten::as_strided",1438
2754,6029610428197.416992,7.249000,"aten::gather",1439
2755,6029610428198.316406,0.185000,"aten::as_strided",1440
2756,6029610428198.890625,0.165000,"aten::as_strided",1441
2758,6029610428206.447266,7.649000,"aten::add",1442
2762,6029610428221.431641,11.694000,"aten::to",1443
2763,6029610428221.829102,11.128000,"aten::_to_copy",1444
2764,6029610428222.670898,2.485000,"aten::empty_strided",1445
2765,6029610428225.737305,6.895000,"aten::copy_",1446
2768,6029610428235.006836,2.289000,"aten::slice",1447
2769,6029610428236.233398,0.208000,"aten::as_strided",1448
2770,6029610428239.265625,1.240000,"aten::slice",1449
2771,6029610428239.735352,0.299000,"aten::as_strided",1450
2772,6029610428241.924805,7.834000,"aten::sub",1451
2774,6029610428251.499023,8.110000,"aten::gt",1452
2777,6029610428261.545898,59.339000,"aten::index",1453
2778,6029610428262.288086,46.692000,"aten::nonzero",1454
2787,6029610428290.345703,1.311000,"aten::resize_",1455
2795,6029610428304.921875,1.581000,"aten::t",1456
2796,6029610428305.306641,1.030000,"aten::transpose",1457
2797,6029610428305.908203,0.261000,"aten::as_strided",1458
2798,6029610428306.965820,0.812000,"aten::set_",1459
2800,6029610428307.344727,0.270000,"aten::set_",1460
2801,6029610428309.509766,0.876000,"aten::select",1461
2802,6029610428310.033203,0.150000,"aten::as_strided",1462
2803,6029610428311.171875,0.118000,"aten::as_strided",1463
2804,6029610428311.730469,0.730000,"aten::reshape",1464
2805,6029610428312.005859,0.283000,"aten::view",1465
2808,6029610428323.625977,64.317000,"aten::index",1466
2809,6029610428324.115234,51.858000,"aten::nonzero",1467
2817,6029610428352.351562,1.390000,"aten::resize_",1468
2826,6029610428371.417969,1.539000,"aten::t",1469
2827,6029610428371.820312,0.964000,"aten::transpose",1470
2828,6029610428372.262695,0.285000,"aten::as_strided",1471
2829,6029610428373.603516,0.862000,"aten::set_",1472
2830,6029610428374.004883,0.210000,"aten::set_",1473
2831,6029610428376.648438,0.850000,"aten::select",1474
2832,6029610428377.123047,0.190000,"aten::as_strided",1475
2833,6029610428378.230469,0.090000,"aten::as_strided",1476
2834,6029610428378.839844,0.690000,"aten::reshape",1477
2835,6029610428379.116211,0.256000,"aten::view",1478
2838,6029610428390.734375,57.240000,"aten::index",1479
2839,6029610428391.246094,45.798000,"aten::nonzero",1480
2847,6029610428419.176758,1.434000,"aten::resize_",1481
2855,6029610428433.660156,1.307000,"aten::t",1482
2856,6029610428434.045898,0.791000,"aten::transpose",1483
2857,6029610428434.475586,0.176000,"aten::as_strided",1484
2858,6029610428435.379883,0.586000,"aten::set_",1485
2860,6029610428435.675781,0.140000,"aten::set_",1486
2861,6029610428437.538086,0.914000,"aten::select",1487
2862,6029610428438.033203,0.241000,"aten::as_strided",1488
2863,6029610428439.008789,0.092000,"aten::as_strided",1489
2864,6029610428439.485352,0.705000,"aten::reshape",1490
2865,6029610428439.781250,0.248000,"aten::view",1491
2868,6029610428453.946289,22.978000,"aten::floor_divide",1492
2869,6029610428455.776367,2.261000,"aten::empty",1493
2872,6029610428479.942383,8.871000,"aten::floor_divide",1494
2873,6029610428481.218750,2.163000,"aten::empty",1495
2876,6029610428491.302734,7.631000,"aten::mul",1496
2878,6029610428500.373047,7.672000,"aten::add",1497
2881,6029610428510.221680,7.493000,"aten::mul",1498
2884,6029610428518.922852,7.260000,"aten::sub",1499
2888,6029610428529.648438,12.528000,"aten::stack",1500
2889,6029610428530.342773,0.982000,"aten::unsqueeze",1501
2890,6029610428530.939453,0.190000,"aten::as_strided",1502
2891,6029610428531.690430,0.638000,"aten::unsqueeze",1503
2892,6029610428532.060547,0.139000,"aten::as_strided",1504
2893,6029610428532.785156,8.887000,"aten::cat",1505
2895,6029610428543.843750,1.607000,"aten::reshape",1506
2896,6029610428544.202148,1.068000,"aten::view",1507
2898,6029610428547.045898,10.524000,"aten::stack",1508
2899,6029610428547.419922,0.641000,"aten::unsqueeze",1509
2900,6029610428547.750000,0.160000,"aten::as_strided",1510
2901,6029610428548.445312,0.606000,"aten::unsqueeze",1511
2902,6029610428548.747070,0.173000,"aten::as_strided",1512
2903,6029610428549.413086,7.762000,"aten::cat",1513
2905,6029610428558.724609,1.242000,"aten::reshape",1514
2906,6029610428559.045898,0.743000,"aten::view",1515
2908,6029610428561.326172,8.362000,"aten::gt",1516
2910,6029610428571.634766,60.789000,"aten::index",1517
2911,6029610428572.279297,48.400000,"aten::nonzero",1518
2920,6029610428601.878906,1.531000,"aten::resize_",1519
2928,6029610428616.961914,1.425000,"aten::t",1520
2929,6029610428617.366211,0.892000,"aten::transpose",1521
2930,6029610428617.833008,0.225000,"aten::as_strided",1522
2931,6029610428618.813477,0.802000,"aten::set_",1523
2933,6029610428619.166992,0.296000,"aten::set_",1524
2934,6029610428621.166992,0.844000,"aten::select",1525
2935,6029610428621.647461,0.163000,"aten::as_strided",1526
2936,6029610428622.718750,0.139000,"aten::as_strided",1527
2937,6029610428623.245117,0.678000,"aten::reshape",1528
2938,6029610428623.512695,0.250000,"aten::view",1529
2941,6029610428635.509766,76.457000,"aten::index",1530
2942,6029610428636.031250,64.706000,"aten::nonzero",1531
2950,6029610428664.112305,1.421000,"aten::resize_",1532
2958,6029610428678.619141,1.390000,"aten::t",1533
2959,6029610428679.142578,0.738000,"aten::transpose",1534
2960,6029610428679.504883,0.189000,"aten::as_strided",1535
2962,6029610428680.431641,19.340000,"aten::set_",1536
2963,6029610428699.326172,0.257000,"aten::set_",1537
2964,6029610428701.239258,0.818000,"aten::select",1538
2965,6029610428701.699219,0.158000,"aten::as_strided",1539
2966,6029610428702.636719,0.130000,"aten::as_strided",1540
2967,6029610428703.161133,0.776000,"aten::reshape",1541
2968,6029610428703.435547,0.335000,"aten::view",1542
2971,6029610428715.711914,10.777000,"aten::arange",1543
2972,6029610428716.362305,1.954000,"aten::empty",1544
2973,6029610428718.872070,7.311000,"aten::arange",1545
2974,6029610428719.695312,1.282000,"aten::resize_",1546
2976,6029610428728.415039,49.087000,"aten::repeat_interleave",1547
2978,6029610428728.868164,0.090000,"aten::flatten",1548
2979,6029610428729.513672,29.428000,"aten::repeat_interleave",1549
2980,6029610428730.863281,19.740000,"aten::cumsum",1550
2981,6029610428733.198242,0.061000,"aten::to",1551
2991,6029610428751.157227,2.160000,"aten::empty",1552
2994,6029610428759.592773,17.432000,"aten::index_select",1553
2995,6029610428760.425781,1.598000,"aten::empty",1554
2997,6029610428763.321289,1.333000,"aten::resize_",1555
2998,6029610428765.664062,0.270000,"aten::view",1556
2999,6029610428766.449219,1.127000,"aten::expand",1557
3000,6029610428767.188477,0.206000,"aten::as_strided",1558
3001,6029610428767.950195,8.373000,"aten::gather",1559
3002,6029610428769.202148,0.409000,"aten::as_strided",1560
3003,6029610428770.243164,0.135000,"aten::as_strided",1561
3006,6029610428779.871094,9.964000,"aten::arange",1562
3007,6029610428780.301758,1.862000,"aten::empty",1563
3008,6029610428782.608398,6.975000,"aten::arange",1564
3009,6029610428783.254883,1.250000,"aten::resize_",1565
3011,6029610428791.325195,18.045000,"aten::cumsum",1566
3013,6029610428793.624023,0.087000,"aten::to",1567
3023,6029610428810.647461,7.738000,"aten::sub",1568
3026,6029610428820.571289,44.450000,"aten::repeat_interleave",1569
3028,6029610428820.924805,0.057000,"aten::flatten",1570
3029,6029610428821.462891,26.673000,"aten::repeat_interleave",1571
3030,6029610428822.453125,17.867000,"aten::cumsum",1572
3031,6029610428824.432617,0.067000,"aten::to",1573
3041,6029610428840.821289,2.047000,"aten::empty",1574
3044,6029610428848.751953,15.796000,"aten::index_select",1575
3045,6029610428849.462891,1.615000,"aten::empty",1576
3047,6029610428852.142578,1.419000,"aten::resize_",1577
3048,6029610428854.592773,0.217000,"aten::view",1578
3049,6029610428855.219727,0.780000,"aten::expand",1579
3050,6029610428855.677734,0.155000,"aten::as_strided",1580
3051,6029610428856.381836,7.470000,"aten::gather",1581
3052,6029610428857.317383,0.151000,"aten::as_strided",1582
3053,6029610428857.929688,0.235000,"aten::as_strided",1583
3056,6029610428866.955078,6.410000,"aten::sub_",1584
3058,6029610428875.474609,15.919000,"aten::index_select",1585
3060,6029610428876.398438,1.801000,"aten::empty",1586
3061,6029610428879.535156,1.351000,"aten::resize_",1587
3062,6029610428881.716797,0.206000,"aten::view",1588
3063,6029610428882.341797,0.802000,"aten::expand",1589
3064,6029610428882.833008,0.136000,"aten::as_strided",1590
3065,6029610428883.474609,7.289000,"aten::gather",1591
3066,6029610428884.300781,0.184000,"aten::as_strided",1592
3067,6029610428884.900391,0.152000,"aten::as_strided",1593
3069,6029610428892.593750,7.455000,"aten::add",1594
3073,6029610428907.174805,12.175000,"aten::to",1595
3074,6029610428907.635742,11.546000,"aten::_to_copy",1596
3075,6029610428908.489258,2.548000,"aten::empty_strided",1597
3076,6029610428911.643555,7.185000,"aten::copy_",1598
3079,6029610428921.314453,2.195000,"aten::slice",1599
3080,6029610428922.409180,0.217000,"aten::as_strided",1600
3081,6029610428925.494141,1.184000,"aten::slice",1601
3082,6029610428925.971680,0.267000,"aten::as_strided",1602
3083,6029610428928.159180,7.477000,"aten::sub",1603
3085,6029610428937.484375,8.684000,"aten::gt",1604
3088,6029610428948.107422,60.381000,"aten::index",1605
3090,6029610428948.883789,47.823000,"aten::nonzero",1606
3098,6029610428977.798828,1.442000,"aten::resize_",1607
3106,6029610428992.877930,1.450000,"aten::t",1608
3107,6029610428993.182617,0.988000,"aten::transpose",1609
3108,6029610428993.771484,0.227000,"aten::as_strided",1610
3110,6029610428994.762695,0.865000,"aten::set_",1611
3111,6029610428995.243164,0.223000,"aten::set_",1612
3112,6029610428997.236328,0.831000,"aten::select",1613
3113,6029610428997.754883,0.132000,"aten::as_strided",1614
3114,6029610428998.838867,0.140000,"aten::as_strided",1615
3115,6029610428999.460938,0.683000,"aten::reshape",1616
3116,6029610428999.725586,0.275000,"aten::view",1617
3119,6029610429011.072266,57.751000,"aten::index",1618
3120,6029610429011.603516,46.321000,"aten::nonzero",1619
3128,6029610429039.349609,1.328000,"aten::resize_",1620
3136,6029610429054.776367,1.245000,"aten::t",1621
3137,6029610429055.143555,0.753000,"aten::transpose",1622
3138,6029610429055.518555,0.194000,"aten::as_strided",1623
3139,6029610429056.377930,0.575000,"aten::set_",1624
3141,6029610429056.655273,0.152000,"aten::set_",1625
3142,6029610429058.383789,0.767000,"aten::select",1626
3143,6029610429058.821289,0.141000,"aten::as_strided",1627
3144,6029610429059.798828,0.108000,"aten::as_strided",1628
3145,6029610429060.334961,0.662000,"aten::reshape",1629
3146,6029610429060.599609,0.243000,"aten::view",1630
3148,6029610429071.372070,56.393000,"aten::index",1631
3150,6029610429071.824219,45.066000,"aten::nonzero",1632
3158,6029610429098.067383,1.246000,"aten::resize_",1633
3166,6029610429113.632812,1.355000,"aten::t",1634
3167,6029610429114.010742,0.847000,"aten::transpose",1635
3168,6029610429114.498047,0.172000,"aten::as_strided",1636
3170,6029610429115.372070,0.571000,"aten::set_",1637
3171,6029610429115.637695,0.155000,"aten::set_",1638
3172,6029610429117.380859,0.930000,"aten::select",1639
3173,6029610429117.910156,0.178000,"aten::as_strided",1640
3174,6029610429118.887695,0.080000,"aten::as_strided",1641
3175,6029610429119.348633,0.722000,"aten::reshape",1642
3176,6029610429119.709961,0.191000,"aten::view",1643
3179,6029610429134.413086,9.916000,"aten::floor_divide",1644
3180,6029610429136.190430,2.356000,"aten::empty",1645
3183,6029610429147.000000,9.240000,"aten::floor_divide",1646
3184,6029610429148.343750,2.171000,"aten::empty",1647
3187,6029610429158.765625,7.771000,"aten::mul",1648
3189,6029610429167.934570,7.384000,"aten::add",1649
3192,6029610429177.579102,6.977000,"aten::mul",1650
3195,6029610429185.745117,7.683000,"aten::sub",1651
3199,6029610429196.436523,12.888000,"aten::stack",1652
3200,6029610429197.100586,0.937000,"aten::unsqueeze",1653
3201,6029610429197.705078,0.167000,"aten::as_strided",1654
3202,6029610429198.426758,0.670000,"aten::unsqueeze",1655
3203,6029610429198.757812,0.109000,"aten::as_strided",1656
3204,6029610429199.629883,9.143000,"aten::cat",1657
3206,6029610429210.968750,1.780000,"aten::reshape",1658
3208,6029610429211.338867,1.182000,"aten::view",1659
3209,6029610429214.704102,10.849000,"aten::stack",1660
3210,6029610429215.143555,0.733000,"aten::unsqueeze",1661
3211,6029610429215.557617,0.154000,"aten::as_strided",1662
3212,6029610429216.288086,0.619000,"aten::unsqueeze",1663
3213,6029610429216.606445,0.171000,"aten::as_strided",1664
3214,6029610429217.295898,7.828000,"aten::cat",1665
3216,6029610429226.768555,1.165000,"aten::reshape",1666
3217,6029610429227.103516,0.684000,"aten::view",1667
3219,6029610429229.260742,9.059000,"aten::gt",1668
3221,6029610429240.555664,59.479000,"aten::index",1669
3223,6029610429241.218750,47.096000,"aten::nonzero",1670
3231,6029610429270.046875,1.519000,"aten::resize_",1671
3239,6029610429284.655273,1.430000,"aten::t",1672
3240,6029610429285.039062,0.917000,"aten::transpose",1673
3241,6029610429285.491211,0.292000,"aten::as_strided",1674
3243,6029610429286.505859,0.769000,"aten::set_",1675
3244,6029610429286.825195,0.247000,"aten::set_",1676
3245,6029610429288.785156,0.920000,"aten::select",1677
3246,6029610429289.293945,0.199000,"aten::as_strided",1678
3247,6029610429290.400391,0.152000,"aten::as_strided",1679
3248,6029610429290.935547,0.698000,"aten::reshape",1680
3249,6029610429291.242188,0.223000,"aten::view",1681
3252,6029610429303.069336,59.809000,"aten::index",1682
3253,6029610429303.587891,48.096000,"aten::nonzero",1683
3261,6029610429332.569336,1.334000,"aten::resize_",1684
3269,6029610429348.125977,1.411000,"aten::t",1685
3270,6029610429348.457031,0.953000,"aten::transpose",1686
3271,6029610429348.958008,0.259000,"aten::as_strided",1687
3273,6029610429349.948242,0.777000,"aten::set_",1688
3274,6029610429350.388672,0.189000,"aten::set_",1689
3275,6029610429352.208984,0.779000,"aten::select",1690
3276,6029610429352.688477,0.129000,"aten::as_strided",1691
3277,6029610429353.583008,0.125000,"aten::as_strided",1692
3278,6029610429354.138672,0.626000,"aten::reshape",1693
3279,6029610429354.418945,0.191000,"aten::view",1694
3282,6029610429366.684570,10.464000,"aten::arange",1695
3283,6029610429367.232422,1.931000,"aten::empty",1696
3284,6029610429369.714844,7.187000,"aten::arange",1697
3285,6029610429370.484375,1.257000,"aten::resize_",1698
3287,6029610429379.040039,53.873000,"aten::repeat_interleave",1699
3288,6029610429379.450195,0.080000,"aten::flatten",1700
3290,6029610429380.059570,28.545000,"aten::repeat_interleave",1701
3291,6029610429381.280273,18.760000,"aten::cumsum",1702
3292,6029610429383.558594,0.099000,"aten::to",1703
3302,6029610429400.596680,2.020000,"aten::empty",1704
3305,6029610429409.275391,23.111000,"aten::index_select",1705
3306,6029610429410.064453,1.643000,"aten::empty",1706
3308,6029610429413.088867,1.363000,"aten::resize_",1707
3309,6029610429415.587891,0.313000,"aten::view",1708
3310,6029610429416.502930,0.955000,"aten::expand",1709
3311,6029610429416.978516,0.197000,"aten::as_strided",1710
3312,6029610429421.765625,9.946000,"aten::gather",1711
3313,6029610429423.392578,0.675000,"aten::as_strided",1712
3314,6029610429424.769531,0.505000,"aten::as_strided",1713
3317,6029610429435.452148,10.051000,"aten::arange",1714
3318,6029610429435.948242,1.894000,"aten::empty",1715
3319,6029610429438.355469,6.877000,"aten::arange",1716
3320,6029610429439.012695,1.305000,"aten::resize_",1717
3322,6029610429446.918945,27.636000,"aten::cumsum",1718
3324,6029610429449.301758,0.094000,"aten::to",1719
3335,6029610429475.890625,7.791000,"aten::sub",1720
3337,6029610429485.724609,45.269000,"aten::repeat_interleave",1721
3338,6029610429486.093750,0.074000,"aten::flatten",1722
3340,6029610429486.658203,27.377000,"aten::repeat_interleave",1723
3341,6029610429487.635742,18.653000,"aten::cumsum",1724
3342,6029610429489.626953,0.060000,"aten::to",1725
3352,6029610429506.821289,2.003000,"aten::empty",1726
3355,6029610429514.695312,15.875000,"aten::index_select",1727
3356,6029610429515.418945,1.648000,"aten::empty",1728
3358,6029610429518.195312,1.442000,"aten::resize_",1729
3359,6029610429520.590820,0.220000,"aten::view",1730
3360,6029610429521.243164,0.910000,"aten::expand",1731
3361,6029610429521.732422,0.203000,"aten::as_strided",1732
3362,6029610429522.537109,7.356000,"aten::gather",1733
3363,6029610429523.589844,0.154000,"aten::as_strided",1734
3364,6029610429524.172852,0.146000,"aten::as_strided",1735
3367,6029610429532.875000,6.287000,"aten::sub_",1736
3370,6029610429541.410156,15.645000,"aten::index_select",1737
3371,6029610429542.376953,1.760000,"aten::empty",1738
3372,6029610429545.459961,1.293000,"aten::resize_",1739
3373,6029610429547.568359,0.207000,"aten::view",1740
3374,6029610429548.200195,0.788000,"aten::expand",1741
3375,6029610429548.672852,0.139000,"aten::as_strided",1742
3376,6029610429549.353516,7.051000,"aten::gather",1743
3377,6029610429550.217773,0.161000,"aten::as_strided",1744
3378,6029610429550.761719,0.174000,"aten::as_strided",1745
3380,6029610429558.191406,7.245000,"aten::add",1746
3384,6029610429572.891602,11.986000,"aten::to",1747
3385,6029610429573.443359,11.252000,"aten::_to_copy",1748
3386,6029610429574.254883,2.540000,"aten::empty_strided",1749
3387,6029610429577.405273,6.965000,"aten::copy_",1750
3390,6029610429586.752930,2.297000,"aten::slice",1751
3391,6029610429587.870117,0.270000,"aten::as_strided",1752
3392,6029610429591.198242,1.259000,"aten::slice",1753
3393,6029610429591.712891,0.277000,"aten::as_strided",1754
3394,6029610429593.883789,7.654000,"aten::sub",1755
3396,6029610429603.340820,8.574000,"aten::gt",1756
3399,6029610429613.884766,61.576000,"aten::index",1757
3400,6029610429614.512695,48.969000,"aten::nonzero",1758
3409,6029610429644.384766,1.478000,"aten::resize_",1759
3417,6029610429659.374023,1.680000,"aten::t",1760
3418,6029610429659.711914,1.192000,"aten::transpose",1761
3419,6029610429660.321289,0.407000,"aten::as_strided",1762
3421,6029610429661.555664,0.875000,"aten::set_",1763
3422,6029610429661.982422,0.267000,"aten::set_",1764
3423,6029610429664.055664,0.923000,"aten::select",1765
3424,6029610429664.619141,0.132000,"aten::as_strided",1766
3425,6029610429665.784180,0.137000,"aten::as_strided",1767
3426,6029610429666.436523,0.693000,"aten::reshape",1768
3427,6029610429666.704102,0.257000,"aten::view",1769
3430,6029610429678.257812,56.135000,"aten::index",1770
3431,6029610429678.732422,44.277000,"aten::nonzero",1771
3439,6029610429705.023438,1.294000,"aten::resize_",1772
3447,6029610429719.837891,1.190000,"aten::t",1773
3448,6029610429720.161133,0.737000,"aten::transpose",1774
3449,6029610429720.518555,0.204000,"aten::as_strided",1775
3451,6029610429721.409180,0.629000,"aten::set_",1776
3452,6029610429721.727539,0.153000,"aten::set_",1777
3453,6029610429723.493164,0.841000,"aten::select",1778
3454,6029610429723.983398,0.152000,"aten::as_strided",1779
3455,6029610429724.995117,0.110000,"aten::as_strided",1780
3456,6029610429725.485352,0.798000,"aten::reshape",1781
3457,6029610429725.868164,0.257000,"aten::view",1782
3460,6029610429736.958008,57.488000,"aten::index",1783
3461,6029610429737.637695,45.868000,"aten::nonzero",1784
3469,6029610429765.470703,1.400000,"aten::resize_",1785
3477,6029610429780.161133,1.301000,"aten::t",1786
3478,6029610429780.568359,0.749000,"aten::transpose",1787
3479,6029610429780.938477,0.195000,"aten::as_strided",1788
3480,6029610429781.863281,0.645000,"aten::set_",1789
3482,6029610429782.217773,0.144000,"aten::set_",1790
3483,6029610429783.955078,0.833000,"aten::select",1791
3484,6029610429784.404297,0.195000,"aten::as_strided",1792
3485,6029610429785.370117,0.102000,"aten::as_strided",1793
3486,6029610429785.872070,0.652000,"aten::reshape",1794
3487,6029610429786.175781,0.192000,"aten::view",1795
3490,6029610429801.288086,10.332000,"aten::floor_divide",1796
3491,6029610429803.169922,2.277000,"aten::empty",1797
3494,6029610429814.386719,8.847000,"aten::floor_divide",1798
3495,6029610429815.648438,2.164000,"aten::empty",1799
3498,6029610429825.702148,7.763000,"aten::mul",1800
3500,6029610429834.932617,7.280000,"aten::add",1801
3503,6029610429844.389648,7.202000,"aten::mul",1802
3506,6029610429852.832031,7.316000,"aten::sub",1803
3510,6029610429863.502930,12.592000,"aten::stack",1804
3511,6029610429864.207031,1.193000,"aten::unsqueeze",1805
3512,6029610429864.938477,0.288000,"aten::as_strided",1806
3513,6029610429865.765625,0.595000,"aten::unsqueeze",1807
3514,6029610429866.089844,0.144000,"aten::as_strided",1808
3515,6029610429866.863281,8.767000,"aten::cat",1809
3517,6029610429877.825195,1.554000,"aten::reshape",1810
3518,6029610429878.129883,1.073000,"aten::view",1811
3520,6029610429880.873047,10.612000,"aten::stack",1812
3521,6029610429881.230469,0.837000,"aten::unsqueeze",1813
3522,6029610429881.739258,0.161000,"aten::as_strided",1814
3523,6029610429882.416992,0.578000,"aten::unsqueeze",1815
3524,6029610429882.733398,0.129000,"aten::as_strided",1816
3525,6029610429883.349609,7.629000,"aten::cat",1817
3527,6029610429892.601562,1.167000,"aten::reshape",1818
3528,6029610429892.920898,0.693000,"aten::view",1819
3530,6029610429895.094727,8.458000,"aten::gt",1820
3532,6029610429905.429688,59.865000,"aten::index",1821
3533,6029610429905.997070,47.606000,"aten::nonzero",1822
3542,6029610429935.473633,1.512000,"aten::resize_",1823
3550,6029610429950.119141,1.314000,"aten::t",1824
3551,6029610429950.475586,0.823000,"aten::transpose",1825
3552,6029610429950.866211,0.213000,"aten::as_strided",1826
3553,6029610429951.873047,0.744000,"aten::set_",1827
3555,6029610429952.185547,0.273000,"aten::set_",1828
3556,6029610429954.080078,0.842000,"aten::select",1829
3557,6029610429954.572266,0.164000,"aten::as_strided",1830
3558,6029610429955.607422,0.139000,"aten::as_strided",1831
3559,6029610429956.125977,0.631000,"aten::reshape",1832
3560,6029610429956.404297,0.212000,"aten::view",1833
3563,6029610429968.271484,57.549000,"aten::index",1834
3564,6029610429968.779297,46.002000,"aten::nonzero",1835
3572,6029610429996.759766,1.400000,"aten::resize_",1836
3580,6029610430011.396484,1.332000,"aten::t",1837
3581,6029610430011.847656,0.749000,"aten::transpose",1838
3582,6029610430012.217773,0.197000,"aten::as_strided",1839
3583,6029610430013.130859,0.679000,"aten::set_",1840
3585,6029610430013.420898,0.206000,"aten::set_",1841
3586,6029610430015.320312,0.780000,"aten::select",1842
3587,6029610430015.745117,0.150000,"aten::as_strided",1843
3588,6029610430016.669922,0.115000,"aten::as_strided",1844
3589,6029610430017.328125,0.587000,"aten::reshape",1845
3590,6029610430017.600586,0.180000,"aten::view",1846
3593,6029610430029.586914,10.769000,"aten::arange",1847
3594,6029610430030.141602,1.909000,"aten::empty",1848
3595,6029610430032.560547,7.504000,"aten::arange",1849
3596,6029610430033.333984,1.282000,"aten::resize_",1850
3598,6029610430042.206055,48.250000,"aten::repeat_interleave",1851
3600,6029610430042.670898,0.091000,"aten::flatten",1852
3601,6029610430043.304688,29.103000,"aten::repeat_interleave",1853
3602,6029610430044.575195,19.699000,"aten::cumsum",1854
3603,6029610430046.791016,0.094000,"aten::to",1855
3613,6029610430064.870117,2.017000,"aten::empty",1856
3616,6029610430073.082031,16.881000,"aten::index_select",1857
3617,6029610430073.936523,1.668000,"aten::empty",1858
3619,6029610430076.885742,1.326000,"aten::resize_",1859
3620,6029610430079.272461,0.216000,"aten::view",1860
3621,6029610430079.987305,1.025000,"aten::expand",1861
3622,6029610430080.573242,0.255000,"aten::as_strided",1862
3623,6029610430081.392578,7.844000,"aten::gather",1863
3624,6029610430082.482422,0.237000,"aten::as_strided",1864
3625,6029610430083.163086,0.179000,"aten::as_strided",1865
3628,6029610430092.826172,9.799000,"aten::arange",1866
3629,6029610430093.245117,1.817000,"aten::empty",1867
3630,6029610430095.533203,6.815000,"aten::arange",1868
3631,6029610430096.188477,1.224000,"aten::resize_",1869
3633,6029610430104.017578,18.208000,"aten::cumsum",1870
3635,6029610430106.382812,0.068000,"aten::to",1871
3645,6029610430123.441406,7.807000,"aten::sub",1872
3648,6029610430133.469727,45.022000,"aten::repeat_interleave",1873
3650,6029610430133.819336,0.088000,"aten::flatten",1874
3651,6029610430134.434570,27.406000,"aten::repeat_interleave",1875
3652,6029610430135.367188,18.343000,"aten::cumsum",1876
3653,6029610430137.370117,0.054000,"aten::to",1877
3663,6029610430154.207031,2.067000,"aten::empty",1878
3666,6029610430162.442383,15.559000,"aten::index_select",1879
3667,6029610430163.121094,1.640000,"aten::empty",1880
3669,6029610430165.928711,1.463000,"aten::resize_",1881
3670,6029610430168.260742,0.198000,"aten::view",1882
3671,6029610430168.870117,0.784000,"aten::expand",1883
3672,6029610430169.327148,0.158000,"aten::as_strided",1884
3673,6029610430170.037109,7.352000,"aten::gather",1885
3674,6029610430171.090820,0.160000,"aten::as_strided",1886
3675,6029610430171.666016,0.146000,"aten::as_strided",1887
3678,6029610430180.341797,6.486000,"aten::sub_",1888
3680,6029610430188.916992,15.933000,"aten::index_select",1889
3682,6029610430189.889648,1.782000,"aten::empty",1890
3683,6029610430192.982422,1.269000,"aten::resize_",1891
3684,6029610430195.283203,0.174000,"aten::view",1892
3685,6029610430195.831055,0.808000,"aten::expand",1893
3686,6029610430196.356445,0.141000,"aten::as_strided",1894
3687,6029610430197.051758,7.174000,"aten::gather",1895
3688,6029610430197.843750,0.166000,"aten::as_strided",1896
3689,6029610430198.386719,0.155000,"aten::as_strided",1897
3691,6029610430205.973633,7.369000,"aten::add",1898
3695,6029610430222.538086,14.581000,"aten::cat",1899
3698,6029610430249.768555,152.047000,"aten::argsort",1900
3699,6029610430253.357422,147.819000,"aten::sort",1901
3700,6029610430255.750000,144.774000,"aten::sort",1902
3701,6029610430261.144531,15.329000,"aten::copy_",1903
3755,6029610430444.819336,258.432000,"_GatherFromSequenceParallelRegion",1904
3759,6029610430485.956055,4.469000,"aten::empty",1905
3760,6029610430511.039062,177.482000,"c10d::_allgather_base_",1906
3761,6029610430541.858398,141.574000,"record_param_comms",1907
3776,6029610430710.048828,36.867000,"aten::index_select",1909
3777,6029610430712.162109,2.256000,"aten::empty",1910
3778,6029610430718.001953,3.407000,"aten::resize_",1911
3779,6029610430723.337891,1.547000,"aten::view",1912
3780,6029610430726.007812,3.175000,"aten::expand",1913
3781,6029610430727.492188,1.360000,"aten::as_strided",1914
3782,6029610430729.904297,15.988000,"aten::gather",1915
3783,6029610430732.452148,0.296000,"aten::as_strided",1916
3784,6029610430733.472656,0.296000,"aten::as_strided",1917
3786,6029610430751.595703,3.729000,"aten::detach",1918
3787,6029610430752.799805,2.346000,"detach",1919
3788,6029610430756.417969,1.217000,"aten::detach",1920
3789,6029610430757.121094,0.359000,"detach",1921
3790,6029610430773.109375,20.018000,"aten::to",1922
3791,6029610430774.141602,18.756000,"aten::_to_copy",1923
3792,6029610430776.719727,3.875000,"aten::empty_strided",1924
3793,6029610430781.469727,10.888000,"aten::copy_",1925
3795,6029610430794.927734,0.217000,"aten::to",1926
3796,6029610430799.607422,0.253000,"aten::to",1927
3797,6029610430802.068359,0.276000,"aten::to",1928
3798,6029610430806.848633,5.079000,"aten::slice",1929
3799,6029610430809.189453,0.523000,"aten::as_strided",1930
3800,6029610430815.995117,15.139000,"aten::searchsorted",1931
3801,6029610430818.052734,1.990000,"aten::empty",1932
3802,6029610430821.166016,2.042000,"aten::resize_",1933
3804,6029610430835.030273,19.302000,"aten::index",1934
3805,6029610430838.132812,0.429000,"aten::as_strided",1935
3806,6029610430839.696289,1.233000,"aten::reshape",1936
3807,6029610430840.326172,0.404000,"aten::view",1937
3809,6029610430860.889648,13.170000,"aten::add",1938
3812,6029610431040.391602,2.871000,"aten::empty",1939
3814,6029610431128.840820,3.966000,"aten::reshape",1940
3815,6029610431129.516602,3.061000,"aten::view",1941
3816,6029610431147.999023,6.668000,"aten::split_with_sizes",1942
3817,6029610431150.819336,0.857000,"aten::as_strided",1943
3818,6029610431152.407227,0.565000,"aten::as_strided",1944
3819,6029610431159.415039,4.117000,"aten::squeeze",1945
3820,6029610431162.125977,0.362000,"aten::as_strided",1946
3821,6029610431175.228516,18.739000,"aten::arange",1947
3822,6029610431176.899414,2.458000,"aten::empty",1948
3823,6029610431180.390625,13.193000,"aten::arange",1949
3824,6029610431182.756836,1.908000,"aten::resize_",1950
3826,6029610431198.224609,17.204000,"aten::to",1951
3827,6029610431198.748047,16.496000,"aten::_to_copy",1952
3828,6029610431200.474609,3.280000,"aten::empty_strided",1953
3829,6029610431204.579102,10.140000,"aten::copy_",1954
3831,6029610431218.149414,3.452000,"aten::slice",1955
3832,6029610431219.718750,0.443000,"aten::as_strided",1956
3833,6029610431223.967773,1.655000,"aten::slice",1957
3834,6029610431224.694336,0.318000,"aten::as_strided",1958
3835,6029610431229.010742,14.657000,"aten::sub",1959
3837,6029610431252.513672,17.685000,"aten::floor_divide",1960
3838,6029610431257.065430,2.579000,"aten::empty",1961
3840,6029610431275.515625,19.477000,"aten::zeros_like",1962
3841,6029610431276.877930,4.388000,"aten::empty_like",1963
3842,6029610431277.924805,2.851000,"aten::empty_strided",1964
3843,6029610431282.350586,12.381000,"aten::zero_",1965
3844,6029610431283.802734,10.264000,"aten::fill_",1966
3846,6029610431298.139648,30.169000,"aten::cumsum",1967
3847,6029610431302.448242,0.187000,"aten::to",1968
3856,6029610431331.582031,2.033000,"aten::slice",1969
3857,6029610431332.637695,0.237000,"aten::as_strided",1970
3858,6029610431334.725586,19.513000,"aten::copy_",1971
3860,6029610431358.865234,13.522000,"aten::searchsorted",1972
3861,6029610431360.517578,2.049000,"aten::empty",1973
3862,6029610431363.817383,2.110000,"aten::resize_",1974
3864,6029610431375.076172,9.755000,"aten::sub",1975
3866,6029610431389.492188,15.552000,"aten::clamp",1976
3867,6029610431391.704102,0.176000,"aten::to",1977
3869,6029610431409.264648,16.937000,"aten::index",1978
3870,6029610431412.383789,0.395000,"aten::as_strided",1979
3871,6029610431413.649414,1.022000,"aten::reshape",1980
3872,6029610431414.092773,0.401000,"aten::view",1981
3874,6029610431428.697266,8.776000,"aten::sub",1982
3876,6029610431439.483398,10.683000,"aten::index",1983
3877,6029610431440.233398,0.299000,"aten::as_strided",1984
3878,6029610431441.015625,0.736000,"aten::reshape",1985
3879,6029610431441.322266,0.274000,"aten::view",1986
3881,6029610431452.273438,9.705000,"aten::index",1987
3882,6029610431453.080078,0.204000,"aten::as_strided",1988
3883,6029610431453.819336,0.749000,"aten::reshape",1989
3884,6029610431454.214844,0.203000,"aten::view",1990
3886,6029610431476.531250,10.515000,"aten::floor_divide",1991
3887,6029610431478.420898,2.489000,"aten::empty",1992
3889,6029610431490.629883,12.635000,"aten::mul",1993
3891,6029610431505.896484,12.704000,"aten::lt",1994
3893,6029610431520.781250,8.635000,"aten::mul",1995
3895,6029610431535.218750,10.964000,"aten::add",1996
3897,6029610431549.047852,7.352000,"aten::mul",1997
3899,6029610431557.670898,7.063000,"aten::sub",1998
3901,6029610431566.654297,6.718000,"aten::sub",1999
3903,6029610431574.422852,6.842000,"aten::add",2000
3905,6029610431584.201172,15.815000,"aten::where",2001
3906,6029610431586.416016,1.833000,"aten::empty",2002
3907,6029610431590.618164,1.596000,"aten::resize_",2003
3909,6029610431605.915039,4.788000,"aten::select",2004
3910,6029610431609.075195,0.394000,"aten::as_strided",2005
3911,6029610431613.774414,4767.629000,"aten::item",2006
3912,6029610431616.089844,4764.902000,"aten::_local_scalar_dense",2007
3947,6029610436384.048828,7.924000,"aten::add",2008
3950,6029610436395.273438,9.613000,"aten::clamp",2009
3951,6029610436396.172852,0.182000,"aten::to",2010
3954,6029610436407.431641,16.200000,"aten::index",2011
3955,6029610436409.695312,0.755000,"aten::as_strided",2012
3956,6029610436411.099609,0.957000,"aten::reshape",2013
3957,6029610436411.434570,0.470000,"aten::view",2014
3960,6029610436426.550781,3.291000,"aten::unsqueeze",2015
3961,6029610436428.531250,0.407000,"aten::as_strided",2016
3962,6029610436435.452148,2.690000,"aten::alias",2017
3963,6029610436440.820312,2.457000,"aten::slice",2018
3964,6029610436441.791016,0.504000,"aten::as_strided",2019
3965,6029610436446.290039,1.220000,"aten::slice",2020
3966,6029610436446.783203,0.293000,"aten::as_strided",2021
3967,6029610436449.618164,1.428000,"aten::slice",2022
3968,6029610436450.111328,0.461000,"aten::as_strided",2023
3969,6029610436455.948242,20.050000,"aten::cat",2024
3972,6029610436479.329102,11.437000,"aten::cos",2025
3974,6029610436493.848633,10.451000,"aten::mul",2026
3976,6029610436509.664062,14.501000,"aten::to",2027
3977,6029610436510.127930,13.853000,"aten::_to_copy",2028
3978,6029610436511.719727,3.079000,"aten::empty_strided",2029
3979,6029610436515.536133,7.984000,"aten::copy_",2030
3981,6029610436527.167969,10.563000,"aten::sin",2031
3983,6029610436539.631836,7.909000,"aten::mul",2032
3985,6029610436550.250000,10.231000,"aten::to",2033
3986,6029610436550.600586,9.717000,"aten::_to_copy",2034
3987,6029610436551.302734,2.433000,"aten::empty_strided",2035
3988,6029610436554.233398,5.805000,"aten::copy_",2036
3990,6029610436562.221680,10.560000,"aten::mul",2037
3992,6029610436576.201172,11.211000,"aten::chunk",2038
3993,6029610436578.283203,8.829000,"aten::split",2039
3994,6029610436580.428711,3.493000,"aten::narrow",2040
3995,6029610436582.342773,1.233000,"aten::slice",2041
3996,6029610436582.907227,0.370000,"aten::as_strided",2042
3997,6029610436584.442383,1.466000,"aten::narrow",2043
3998,6029610436584.799805,0.922000,"aten::slice",2044
3999,6029610436585.122070,0.452000,"aten::as_strided",2045
4000,6029610436589.922852,11.909000,"aten::neg",2046
4002,6029610436604.255859,10.003000,"aten::cat",2047
4004,6029610436616.866211,7.808000,"aten::mul",2048
4006,6029610436643.380859,9.764000,"aten::add",2049
4008,6029610436656.373047,10.196000,"aten::cat",2050
4010,6029610436670.603516,3.042000,"aten::squeeze",2051
4011,6029610436672.510742,0.359000,"aten::as_strided",2052
4012,6029610436683.821289,2.305000,"aten::unsqueeze",2053
4013,6029610436685.214844,0.269000,"aten::as_strided",2054
4014,6029610436688.523438,8.689000,"aten::cat",2055
4017,6029610436804.484375,3.137000,"aten::empty",2056
4028,6029610436994.655273,3.737000,"aten::view",2057
4029,6029610437002.029297,1.570000,"aten::view",2058
4030,6029610437005.715820,1.227000,"aten::view",2059
4031,6029610437016.932617,3.204000,"aten::empty",2060
4032,6029610437020.891602,2.075000,"aten::empty",2061
4033,6029610437025.157227,2.293000,"aten::empty",2062
4034,6029610437031.958008,2.629000,"aten::empty",2063
4037,6029610437066.244141,1.035000,"aten::view",2064
4038,6029610437079.801758,1.944000,"aten::reshape",2065
4039,6029610437080.369141,1.174000,"aten::view",2066
4040,6029610437093.500977,5.220000,"aten::split_with_sizes",2067
4041,6029610437095.786133,1.183000,"aten::as_strided",2068
4042,6029610437097.739258,0.197000,"aten::as_strided",2069
4043,6029610437102.813477,3.388000,"aten::squeeze",2070
4044,6029610437104.955078,0.529000,"aten::as_strided",2071
4045,6029610437115.558594,19.563000,"aten::arange",2072
4046,6029610437117.168945,2.120000,"aten::empty",2073
4047,6029610437120.226562,14.492000,"aten::arange",2074
4049,6029610437123.002930,2.366000,"aten::resize_",2075
4051,6029610437138.901367,18.705000,"aten::to",2076
4052,6029610437139.618164,17.792000,"aten::_to_copy",2077
4053,6029610437141.606445,3.025000,"aten::empty_strided",2078
4054,6029610437145.461914,11.428000,"aten::copy_",2079
4056,6029610437160.934570,3.520000,"aten::slice",2080
4057,6029610437162.606445,0.347000,"aten::as_strided",2081
4058,6029610437167.091797,1.346000,"aten::slice",2082
4059,6029610437167.805664,0.143000,"aten::as_strided",2083
4060,6029610437171.111328,12.450000,"aten::sub",2084
4062,6029610437191.214844,16.563000,"aten::floor_divide",2085
4063,6029610437196.011719,2.395000,"aten::empty",2086
4065,6029610437211.683594,17.941000,"aten::zeros_like",2087
4066,6029610437213.162109,3.893000,"aten::empty_like",2088
4067,6029610437213.968750,2.703000,"aten::empty_strided",2089
4068,6029610437218.123047,11.240000,"aten::zero_",2090
4069,6029610437219.473633,9.187000,"aten::fill_",2091
4071,6029610437232.533203,29.576000,"aten::cumsum",2092
4072,6029610437236.938477,0.112000,"aten::to",2093
4081,6029610437264.962891,2.001000,"aten::slice",2094
4082,6029610437266.004883,0.258000,"aten::as_strided",2095
4083,6029610437267.904297,18.267000,"aten::copy_",2096
4085,6029610437291.599609,15.284000,"aten::searchsorted",2097
4086,6029610437293.524414,2.443000,"aten::empty",2098
4087,6029610437297.773438,2.008000,"aten::resize_",2099
4089,6029610437309.817383,10.355000,"aten::sub",2100
4091,6029610437324.441406,13.650000,"aten::clamp",2101
4092,6029610437326.868164,0.108000,"aten::to",2102
4094,6029610437342.351562,17.897000,"aten::index",2103
4095,6029610437345.977539,0.370000,"aten::as_strided",2104
4096,6029610437347.455078,0.925000,"aten::reshape",2105
4097,6029610437347.818359,0.386000,"aten::view",2106
4099,6029610437362.440430,7.914000,"aten::sub",2107
4101,6029610437372.120117,10.251000,"aten::index",2108
4102,6029610437372.901367,0.237000,"aten::as_strided",2109
4103,6029610437373.692383,0.722000,"aten::reshape",2110
4104,6029610437374.019531,0.236000,"aten::view",2111
4106,6029610437384.462891,10.142000,"aten::index",2112
4107,6029610437385.235352,0.256000,"aten::as_strided",2113
4108,6029610437385.905273,0.628000,"aten::reshape",2114
4109,6029610437386.195312,0.180000,"aten::view",2115
4111,6029610437398.281250,10.217000,"aten::floor_divide",2116
4112,6029610437400.264648,2.743000,"aten::empty",2117
4114,6029610437411.564453,10.867000,"aten::mul",2118
4116,6029610437424.826172,11.771000,"aten::lt",2119
4118,6029610437438.848633,8.074000,"aten::mul",2120
4120,6029610437448.806641,7.949000,"aten::add",2121
4122,6029610437459.116211,16.902000,"aten::mul",2122
4125,6029610437477.342773,7.315000,"aten::sub",2123
4127,6029610437486.427734,7.128000,"aten::sub",2124
4129,6029610437494.750977,7.318000,"aten::add",2125
4131,6029610437505.199219,15.353000,"aten::where",2126
4132,6029610437507.547852,1.804000,"aten::empty",2127
4133,6029610437511.480469,1.474000,"aten::resize_",2128
4135,6029610437525.890625,4.126000,"aten::select",2129
4136,6029610437528.575195,0.372000,"aten::as_strided",2130
4137,6029610437532.433594,1083.737000,"aten::item",2131
4138,6029610437533.960938,1081.764000,"aten::_local_scalar_dense",2132
4176,6029610438619.227539,8.752000,"aten::add",2133
4179,6029610438631.200195,9.364000,"aten::clamp",2134
4180,6029610438632.025391,0.142000,"aten::to",2135
4183,6029610438643.325195,16.256000,"aten::index",2136
4184,6029610438645.375000,0.801000,"aten::as_strided",2137
4185,6029610438646.840820,0.989000,"aten::reshape",2138
4186,6029610438647.193359,0.494000,"aten::view",2139
4189,6029610438662.273438,3.164000,"aten::unsqueeze",2140
4190,6029610438664.122070,0.345000,"aten::as_strided",2141
4191,6029610438670.506836,2.601000,"aten::alias",2142
4192,6029610438675.726562,1.945000,"aten::slice",2143
4193,6029610438676.497070,0.428000,"aten::as_strided",2144
4194,6029610438680.602539,1.266000,"aten::slice",2145
4195,6029610438681.143555,0.282000,"aten::as_strided",2146
4196,6029610438684.006836,1.620000,"aten::slice",2147
4197,6029610438684.500000,0.362000,"aten::as_strided",2148
4198,6029610438689.911133,14.727000,"aten::cat",2149
4201,6029610438707.426758,10.670000,"aten::cos",2150
4204,6029610438721.265625,10.783000,"aten::mul",2151
4207,6029610438737.367188,14.759000,"aten::to",2152
4208,6029610438737.870117,14.075000,"aten::_to_copy",2153
4209,6029610438739.463867,3.222000,"aten::empty_strided",2154
4210,6029610438743.392578,7.926000,"aten::copy_",2155
4213,6029610438755.139648,9.992000,"aten::sin",2156
4215,6029610438767.060547,7.776000,"aten::mul",2157
4218,6029610438777.601562,10.369000,"aten::to",2158
4220,6029610438777.968750,9.867000,"aten::_to_copy",2159
4221,6029610438778.673828,2.477000,"aten::empty_strided",2160
4222,6029610438781.621094,5.941000,"aten::copy_",2161
4224,6029610438789.846680,9.480000,"aten::mul",2162
4228,6029610438802.515625,10.085000,"aten::chunk",2163
4229,6029610438804.386719,7.964000,"aten::split",2164
4230,6029610438806.372070,3.136000,"aten::narrow",2165
4231,6029610438807.864258,1.256000,"aten::slice",2166
4232,6029610438808.449219,0.372000,"aten::as_strided",2167
4233,6029610438810.013672,1.189000,"aten::narrow",2168
4234,6029610438810.325195,0.710000,"aten::slice",2169
4235,6029610438810.662109,0.209000,"aten::as_strided",2170
4236,6029610438815.052734,11.678000,"aten::neg",2171
4239,6029610438829.172852,9.058000,"aten::cat",2172
4241,6029610438840.704102,7.905000,"aten::mul",2173
4244,6029610438850.403320,9.967000,"aten::add",2174
4248,6029610438864.078125,10.220000,"aten::cat",2175
4251,6029610438878.594727,2.870000,"aten::squeeze",2176
4252,6029610438880.306641,0.316000,"aten::as_strided",2177
4253,6029610438890.800781,1.981000,"aten::unsqueeze",2178
4254,6029610438891.917969,0.265000,"aten::as_strided",2179
4255,6029610438895.174805,8.491000,"aten::cat",2180
4258,6029610438908.839844,2.155000,"aten::reshape",2181
4259,6029610438909.259766,1.513000,"aten::view",2182
4261,6029610439001.410156,3.171000,"aten::empty",2183
4264,6029610439077.733398,13.600000,"aten::mul",2184
4266,6029610439094.217773,8.048000,"aten::mul",2185
4268,6029610439126.362305,172.570000,"_GatherFromSequenceParallelRegion",2186
4271,6029610439148.693359,3.283000,"aten::empty",2187
4272,6029610439166.564453,119.685000,"c10d::_allgather_base_",2188
4273,6029610439186.097656,96.229000,"record_param_comms",2189
4288,6029610439305.348633,37.300000,"aten::index_select",2191
4289,6029610439307.484375,2.169000,"aten::empty",2192
4290,6029610439313.922852,2.941000,"aten::resize_",2193
4291,6029610439319.173828,1.593000,"aten::view",2194
4292,6029610439321.736328,3.718000,"aten::expand",2195
4293,6029610439323.833008,1.253000,"aten::as_strided",2196
4294,6029610439326.314453,15.222000,"aten::gather",2197
4295,6029610439329.853516,0.344000,"aten::as_strided",2198
4296,6029610439330.958008,0.241000,"aten::as_strided",2199
4298,6029610439356.017578,0.542000,"aten::to",2200
4299,6029610439357.828125,0.174000,"aten::to",2201
4300,6029610439361.870117,16.135000,"aten::arange",2202
4301,6029610439363.392578,2.112000,"aten::empty",2203
4302,6029610439366.344727,11.247000,"aten::arange",2204
4303,6029610439368.494141,1.994000,"aten::resize_",2205
4305,6029610439380.755859,19.866000,"aten::to",2206
4306,6029610439381.448242,18.984000,"aten::_to_copy",2207
4307,6029610439383.755859,3.992000,"aten::empty_strided",2208
4309,6029610439388.547852,11.249000,"aten::copy_",2209
4311,6029610439401.971680,10.140000,"aten::to",2210
4312,6029610439402.288086,9.689000,"aten::_to_copy",2211
4313,6029610439403.093750,2.384000,"aten::empty_strided",2212
4314,6029610439405.940430,5.755000,"aten::copy_",2213
4316,6029610439447.264648,5.207000,"aten::permute",2214
4317,6029610439450.110352,0.664000,"aten::as_strided",2215
4318,6029610439454.095703,1.518000,"aten::permute",2216
4319,6029610439454.872070,0.277000,"aten::as_strided",2217
4320,6029610439456.631836,1.206000,"aten::permute",2218
4321,6029610439457.269531,0.171000,"aten::as_strided",2219
4322,6029610439476.676758,12.247000,"aten::to",2220
4323,6029610439477.036133,11.741000,"aten::_to_copy",2221
4324,6029610439477.716797,2.998000,"aten::empty_strided",2222
4325,6029610439481.219727,7.319000,"aten::copy_",2223
4327,6029610439490.296875,10.544000,"aten::to",2224
4328,6029610439490.587891,10.116000,"aten::_to_copy",2225
4329,6029610439491.117188,2.829000,"aten::empty_strided",2226
4330,6029610439494.370117,6.134000,"aten::copy_",2227
4332,6029610439503.060547,10.785000,"aten::arange",2228
4333,6029610439503.634766,1.858000,"aten::empty",2229
4334,6029610439505.935547,7.629000,"aten::arange",2230
4335,6029610439506.802734,1.654000,"aten::resize_",2231
4337,6029610439516.449219,3.243000,"aten::unsqueeze",2232
4338,6029610439518.329102,0.302000,"aten::as_strided",2233
4339,6029610439522.576172,14.727000,"aten::clamp",2234
4341,6029610439524.603516,0.322000,"aten::to",2235
4346,6029610439542.176758,10.401000,"aten::to",2236
4347,6029610439542.521484,9.887000,"aten::_to_copy",2237
4348,6029610439543.135742,2.646000,"aten::empty_strided",2238
4350,6029610439546.256836,5.917000,"aten::copy_",2239
4354,6029610439558.272461,80.495000,"aten::repeat",2240
4356,6029610439560.592773,1.463000,"aten::expand",2241
4357,6029610439561.483398,0.386000,"aten::as_strided",2242
4358,6029610439562.760742,2.457000,"aten::empty",2243
4359,6029610439567.034180,2.057000,"aten::unfold",2244
4360,6029610439568.657227,0.269000,"aten::as_strided",2245
4361,6029610439570.504883,1.565000,"aten::expand_as",2246
4362,6029610439571.182617,0.720000,"aten::expand",2247
4363,6029610439571.543945,0.194000,"aten::as_strided",2248
4364,6029610439572.500977,19.233000,"aten::copy_",2249
4367,6029610439592.855469,12.661000,"aten::arange",2250
4368,6029610439593.323242,1.772000,"aten::empty",2251
4369,6029610439595.699219,9.579000,"aten::arange",2252
4370,6029610439597.850586,1.784000,"aten::resize_",2253
4371,6029610439606.965820,7.427000,"aten::add",2254
4372,6029610439609.217773,4.695000,"aten::add",2255
4373,6029610439615.411133,1.232000,"aten::unsqueeze",2256
4374,6029610439615.870117,0.581000,"aten::as_strided",2257
4375,6029610439617.081055,0.789000,"aten::unsqueeze",2258
4376,6029610439617.378906,0.362000,"aten::as_strided",2259
4377,6029610439618.706055,12.230000,"aten::cat",2260
4378,6029610439623.333984,4.974000,"aten::narrow",2261
4379,6029610439625.578125,2.182000,"aten::slice",2262
4380,6029610439626.634766,0.526000,"aten::as_strided",2263
4381,6029610439632.428711,2.104000,"aten::flatten",2264
4382,6029610439633.424805,0.805000,"aten::view",2265
4383,6029610439635.629883,1.048000,"aten::permute",2266
4384,6029610439636.238281,0.229000,"aten::as_strided",2267
4385,6029610439637.557617,0.674000,"aten::reshape",2268
4386,6029610439637.852539,0.198000,"aten::view",2269
4387,6029610439649.182617,17.776000,"aten::arange",2270
4388,6029610439650.086914,2.165000,"aten::empty",2271
4389,6029610439652.828125,13.815000,"aten::arange",2272
4390,6029610439653.872070,1.889000,"aten::resize_",2273
4393,6029610439672.944336,3.464000,"aten::slice",2274
4394,6029610439674.563477,0.486000,"aten::as_strided",2275
4395,6029610439679.860352,1.460000,"aten::slice",2276
4396,6029610439680.401367,0.402000,"aten::as_strided",2277
4397,6029610439683.791992,1.292000,"aten::slice",2278
4398,6029610439684.410156,0.243000,"aten::as_strided",2279
4399,6029610439697.638672,1.690000,"aten::view",2280
4400,6029610439703.111328,2.710000,"aten::alias",2281
4401,6029610439708.273438,0.555000,"aten::alias",2282
4402,6029610439712.763672,0.538000,"aten::alias",2283
4403,6029610439719.318359,15.506000,"aten::full",2284
4404,6029610439720.296875,2.543000,"aten::empty",2285
4405,6029610439723.879883,10.615000,"aten::fill_",2286
4408,6029610439908.290039,4.068000,"aten::empty",2287
4409,6029610439966.740234,16.300000,"aten::fill_",2288
4413,6029610440124.326172,3.797000,"aten::reshape",2289
4414,6029610440125.042969,2.790000,"aten::view",2290
4416,6029610440135.085938,1.705000,"aten::alias",2291
4417,6029610440139.176758,1.675000,"aten::reshape",2292
4418,6029610440139.563477,1.108000,"aten::view",2293
4419,6029610440182.589844,4.073000,"aten::empty",2294
4420,6029610440189.908203,2.807000,"aten::empty",2295
4422,6029610440240.318359,1.362000,"aten::view",2296
4423,6029610440249.850586,47.997000,"aten::cat",2297
4424,6029610440258.029297,5.025000,"aten::narrow",2298
4425,6029610440260.386719,2.070000,"aten::slice",2299
4426,6029610440261.302734,0.708000,"aten::as_strided",2300
4428,6029610440309.083984,17.682000,"aten::arange",2301
4429,6029610440310.340820,2.205000,"aten::empty",2302
4430,6029610440313.392578,13.063000,"aten::arange",2303
4431,6029610440315.542969,2.541000,"aten::resize_",2304
4433,6029610440331.481445,3.331000,"aten::slice",2305
4434,6029610440332.976562,0.522000,"aten::as_strided",2306
4435,6029610440338.033203,1.157000,"aten::alias",2307
4436,6029610440341.778320,1.464000,"aten::slice",2308
4437,6029610440342.482422,0.249000,"aten::as_strided",2309
4438,6029610440350.530273,0.970000,"aten::view",2310
4439,6029610440354.641602,1.223000,"aten::slice",2311
4440,6029610440355.185547,0.215000,"aten::as_strided",2312
4441,6029610440358.273438,1.231000,"aten::slice",2313
4442,6029610440358.865234,0.224000,"aten::as_strided",2314
4443,6029610440362.197266,1.716000,"aten::slice",2315
4444,6029610440363.050781,0.427000,"aten::as_strided",2316
4445,6029610440368.412109,13.503000,"aten::full",2317
4446,6029610440369.445312,2.443000,"aten::empty",2318
4447,6029610440372.676758,8.930000,"aten::fill_",2319
4449,6029610440475.107422,2.992000,"aten::empty",2320
4450,6029610440523.390625,10.069000,"aten::fill_",2321
4453,6029610440578.189453,2.726000,"aten::reshape",2322
4454,6029610440578.745117,1.933000,"aten::view",2323
4455,6029610440585.516602,2.802000,"aten::slice",2324
4456,6029610440586.718750,0.551000,"aten::as_strided",2325
4457,6029610440590.593750,1.492000,"aten::reshape",2326
4458,6029610440590.995117,0.895000,"aten::view",2327
4459,6029610440610.205078,3.321000,"aten::empty",2328
4460,6029610440616.577148,2.876000,"aten::empty",2329
4462,6029610440664.682617,1.164000,"aten::view",2330
4463,6029610440670.909180,1.928000,"aten::slice",2331
4464,6029610440671.815430,0.397000,"aten::as_strided",2332
4465,6029610440675.883789,1.247000,"aten::slice",2333
4466,6029610440676.457031,0.266000,"aten::as_strided",2334
4467,6029610440680.333984,1.313000,"aten::slice",2335
4468,6029610440680.924805,0.274000,"aten::as_strided",2336
4469,6029610440685.444336,11.913000,"aten::full",2337
4470,6029610440686.112305,2.662000,"aten::empty",2338
4471,6029610440689.412109,7.660000,"aten::fill_",2339
4473,6029610440773.782227,2.805000,"aten::empty",2340
4474,6029610440816.508789,8.287000,"aten::fill_",2341
4477,6029610440858.142578,2.072000,"aten::reshape",2342
4478,6029610440858.591797,1.419000,"aten::view",2343
4479,6029610440864.274414,2.222000,"aten::slice",2344
4480,6029610440865.185547,0.498000,"aten::as_strided",2345
4481,6029610440868.635742,2.055000,"aten::reshape",2346
4482,6029610440868.984375,1.536000,"aten::view",2347
4483,6029610440885.615234,3.392000,"aten::empty",2348
4484,6029610440891.551758,2.945000,"aten::empty",2349
4486,6029610440937.198242,1.201000,"aten::view",2350
4487,6029610440943.055664,1.872000,"aten::slice",2351
4488,6029610440943.860352,0.411000,"aten::as_strided",2352
4489,6029610440948.043945,1.263000,"aten::slice",2353
4490,6029610440948.614258,0.235000,"aten::as_strided",2354
4491,6029610440952.594727,1.280000,"aten::slice",2355
4492,6029610440953.163086,0.258000,"aten::as_strided",2356
4493,6029610440957.421875,11.133000,"aten::full",2357
4494,6029610440958.105469,2.625000,"aten::empty",2358
4495,6029610440961.279297,7.003000,"aten::fill_",2359
4497,6029610441037.074219,2.704000,"aten::empty",2360
4498,6029610441080.339844,7.490000,"aten::fill_",2361
4501,6029610441118.891602,2.022000,"aten::reshape",2362
4502,6029610441119.300781,1.401000,"aten::view",2363
4503,6029610441124.916016,2.177000,"aten::slice",2364
4504,6029610441125.865234,0.481000,"aten::as_strided",2365
4505,6029610441129.142578,1.514000,"aten::reshape",2366
4506,6029610441129.516602,0.975000,"aten::view",2367
4507,6029610441145.118164,3.122000,"aten::empty",2368
4508,6029610441150.727539,2.646000,"aten::empty",2369
4510,6029610441194.619141,1.129000,"aten::view",2370
4511,6029610441200.255859,2.047000,"aten::slice",2371
4512,6029610441201.035156,0.676000,"aten::as_strided",2372
4513,6029610441205.333984,1.251000,"aten::slice",2373
4514,6029610441205.949219,0.211000,"aten::as_strided",2374
4515,6029610441209.612305,1.218000,"aten::slice",2375
4516,6029610441210.134766,0.254000,"aten::as_strided",2376
4518,6029610441214.301758,10.736000,"aten::full",2377
4519,6029610441214.933594,2.289000,"aten::empty",2378
4520,6029610441217.758789,6.958000,"aten::fill_",2379
4522,6029610441287.478516,2.657000,"aten::empty",2380
4523,6029610441326.205078,7.606000,"aten::fill_",2381
4526,6029610441362.975586,1.920000,"aten::reshape",2382
4527,6029610441363.347656,1.322000,"aten::view",2383
4528,6029610441368.940430,2.026000,"aten::slice",2384
4529,6029610441369.892578,0.379000,"aten::as_strided",2385
4530,6029610441372.971680,1.553000,"aten::reshape",2386
4531,6029610441373.330078,1.014000,"aten::view",2387
4532,6029610441387.672852,3.123000,"aten::empty",2388
4533,6029610441393.171875,2.529000,"aten::empty",2389
4535,6029610441435.724609,1.080000,"aten::view",2390
4536,6029610441441.734375,1.715000,"aten::slice",2391
4537,6029610441442.527344,0.317000,"aten::as_strided",2392
4538,6029610441446.670898,1.294000,"aten::slice",2393
4539,6029610441447.351562,0.193000,"aten::as_strided",2394
4540,6029610441451.236328,1.290000,"aten::slice",2395
4541,6029610441451.834961,0.235000,"aten::as_strided",2396
4542,6029610441456.723633,16.412000,"aten::full",2397
4543,6029610441457.320312,2.287000,"aten::empty",2398
4544,6029610441460.169922,12.739000,"aten::fill_",2399
4546,6029610441539.319336,2.638000,"aten::empty",2400
4547,6029610441585.706055,8.143000,"aten::fill_",2401
4550,6029610441624.913086,2.169000,"aten::reshape",2402
4551,6029610441625.357422,1.498000,"aten::view",2403
4552,6029610441631.244141,2.288000,"aten::slice",2404
4553,6029610441632.252930,0.474000,"aten::as_strided",2405
4554,6029610441635.657227,1.444000,"aten::reshape",2406
4555,6029610441635.990234,0.942000,"aten::view",2407
4557,6029610441652.973633,3.245000,"aten::empty",2408
4558,6029610441658.852539,2.598000,"aten::empty",2409
4562,6029610441699.996094,1.021000,"aten::view",2410
4564,6029610441705.658203,1.746000,"aten::slice",2411
4565,6029610441706.489258,0.312000,"aten::as_strided",2412
4566,6029610441710.434570,1.243000,"aten::slice",2413
4567,6029610441711.070312,0.184000,"aten::as_strided",2414
4568,6029610441714.786133,1.266000,"aten::slice",2415
4569,6029610441715.363281,0.244000,"aten::as_strided",2416
4570,6029610441719.402344,10.839000,"aten::full",2417
4571,6029610441720.015625,2.254000,"aten::empty",2418
4572,6029610441722.840820,7.106000,"aten::fill_",2419
4574,6029610441792.944336,2.649000,"aten::empty",2420
4575,6029610441835.588867,7.842000,"aten::fill_",2421
4579,6029610441872.110352,1.908000,"aten::reshape",2422
4580,6029610441872.558594,1.233000,"aten::view",2423
4581,6029610441877.938477,1.994000,"aten::slice",2424
4582,6029610441878.889648,0.372000,"aten::as_strided",2425
4583,6029610441881.968750,1.533000,"aten::reshape",2426
4584,6029610441882.322266,0.978000,"aten::view",2427
4585,6029610441897.181641,3.210000,"aten::empty",2428
4586,6029610441902.911133,2.925000,"aten::empty",2429
4588,6029610441943.044922,1.027000,"aten::view",2430
4589,6029610441948.615234,1.923000,"aten::slice",2431
4590,6029610441949.527344,0.369000,"aten::as_strided",2432
4591,6029610441953.501953,5.177000,"aten::slice",2433
4592,6029610441954.065430,0.240000,"aten::as_strided",2434
4593,6029610441963.652344,1.283000,"aten::slice",2435
4594,6029610441964.189453,0.268000,"aten::as_strided",2436
4595,6029610441968.909180,10.845000,"aten::full",2437
4596,6029610441969.526367,2.340000,"aten::empty",2438
4597,6029610441972.399414,7.102000,"aten::fill_",2439
4599,6029610442045.298828,2.725000,"aten::empty",2440
4600,6029610442087.785156,7.724000,"aten::fill_",2441
4603,6029610442124.132812,1.937000,"aten::reshape",2442
4604,6029610442124.625977,1.242000,"aten::view",2443
4605,6029610442130.208008,1.943000,"aten::slice",2444
4606,6029610442131.060547,0.389000,"aten::as_strided",2445
4607,6029610442133.985352,1.507000,"aten::reshape",2446
4608,6029610442134.455078,0.865000,"aten::view",2447
4609,6029610442148.215820,2.856000,"aten::empty",2448
4610,6029610442153.466797,2.535000,"aten::empty",2449
4612,6029610442190.466797,1.132000,"aten::view",2450
4613,6029610442196.252930,1.807000,"aten::slice",2451
4614,6029610442197.077148,0.403000,"aten::as_strided",2452
4615,6029610442201.181641,1.362000,"aten::slice",2453
4616,6029610442201.916016,0.198000,"aten::as_strided",2454
4617,6029610442205.580078,1.170000,"aten::slice",2455
4618,6029610442206.117188,0.209000,"aten::as_strided",2456
4619,6029610442210.106445,9.989000,"aten::full",2457
4620,6029610442210.673828,2.164000,"aten::empty",2458
4621,6029610442213.396484,6.425000,"aten::fill_",2459
4623,6029610442287.402344,2.741000,"aten::empty",2460
4624,6029610442328.036133,7.270000,"aten::fill_",2461
4627,6029610442362.698242,1.997000,"aten::reshape",2462
4628,6029610442363.213867,1.266000,"aten::view",2463
4629,6029610442368.550781,1.874000,"aten::slice",2464
4630,6029610442369.388672,0.333000,"aten::as_strided",2465
4631,6029610442372.464844,1.422000,"aten::reshape",2466
4632,6029610442372.806641,0.915000,"aten::view",2467
4633,6029610442386.251953,2.746000,"aten::empty",2468
4634,6029610442391.318359,2.728000,"aten::empty",2469
4636,6029610442433.219727,1.242000,"aten::view",2470
4637,6029610442438.985352,2.031000,"aten::slice",2471
4638,6029610442440.093750,0.321000,"aten::as_strided",2472
4639,6029610442443.954102,1.403000,"aten::slice",2473
4640,6029610442444.663086,0.242000,"aten::as_strided",2474
4641,6029610442448.577148,1.596000,"aten::slice",2475
4642,6029610442449.119141,0.617000,"aten::as_strided",2476
4643,6029610442453.505859,15.928000,"aten::full",2477
4644,6029610442454.166016,2.215000,"aten::empty",2478
4645,6029610442456.899414,12.261000,"aten::fill_",2479
4647,6029610442529.406250,2.728000,"aten::empty",2480
4648,6029610442573.116211,7.289000,"aten::fill_",2481
4651,6029610442608.344727,1.952000,"aten::reshape",2482
4652,6029610442608.829102,1.268000,"aten::view",2483
4653,6029610442614.386719,1.960000,"aten::slice",2484
4654,6029610442615.329102,0.353000,"aten::as_strided",2485
4655,6029610442618.306641,1.309000,"aten::reshape",2486
4656,6029610442618.589844,0.856000,"aten::view",2487
4657,6029610442632.174805,2.887000,"aten::empty",2488
4658,6029610442637.517578,2.401000,"aten::empty",2489
4660,6029610442677.568359,0.974000,"aten::view",2490
4661,6029610442683.055664,1.790000,"aten::slice",2491
4662,6029610442683.974609,0.304000,"aten::as_strided",2492
4663,6029610442687.807617,1.219000,"aten::slice",2493
4664,6029610442688.399414,0.204000,"aten::as_strided",2494
4665,6029610442692.151367,1.189000,"aten::slice",2495
4666,6029610442692.711914,0.203000,"aten::as_strided",2496
4667,6029610442696.557617,10.338000,"aten::full",2497
4668,6029610442697.128906,2.254000,"aten::empty",2498
4669,6029610442699.931641,6.685000,"aten::fill_",2499
4671,6029610442769.963867,2.743000,"aten::empty",2500
4672,6029610442817.124023,7.522000,"aten::fill_",2501
4675,6029610442852.766602,1.955000,"aten::reshape",2502
4676,6029610442853.212891,1.288000,"aten::view",2503
4677,6029610442858.752930,2.035000,"aten::slice",2504
4678,6029610442859.691406,0.352000,"aten::as_strided",2505
4679,6029610442862.913086,1.792000,"aten::reshape",2506
4680,6029610442863.292969,1.244000,"aten::view",2507
4681,6029610442877.099609,2.848000,"aten::empty",2508
4682,6029610442882.471680,2.450000,"aten::empty",2509
4684,6029610442919.769531,0.976000,"aten::view",2510
4685,6029610442925.607422,1.617000,"aten::slice",2511
4686,6029610442926.295898,0.316000,"aten::as_strided",2512
4687,6029610442930.213867,1.206000,"aten::slice",2513
4688,6029610442930.806641,0.207000,"aten::as_strided",2514
4689,6029610442934.415039,1.210000,"aten::slice",2515
4690,6029610442934.964844,0.230000,"aten::as_strided",2516
4691,6029610442938.883789,10.477000,"aten::full",2517
4692,6029610442939.426758,2.284000,"aten::empty",2518
4693,6029610442942.239258,6.827000,"aten::fill_",2519
4695,6029610443011.673828,2.646000,"aten::empty",2520
4696,6029610443051.272461,7.508000,"aten::fill_",2521
4699,6029610443086.390625,1.877000,"aten::reshape",2522
4700,6029610443086.861328,1.215000,"aten::view",2523
4701,6029610443092.206055,1.930000,"aten::slice",2524
4702,6029610443093.114258,0.382000,"aten::as_strided",2525
4703,6029610443096.132812,1.819000,"aten::reshape",2526
4704,6029610443096.445312,1.344000,"aten::view",2527
4705,6029610443110.364258,2.891000,"aten::empty",2528
4706,6029610443115.589844,2.941000,"aten::empty",2529
4708,6029610443153.183594,0.978000,"aten::view",2530
4709,6029610443158.497070,1.601000,"aten::slice",2531
4710,6029610443159.253906,0.314000,"aten::as_strided",2532
4711,6029610443162.988281,1.233000,"aten::slice",2533
4712,6029610443163.547852,0.264000,"aten::as_strided",2534
4713,6029610443167.231445,1.201000,"aten::slice",2535
4714,6029610443167.780273,0.234000,"aten::as_strided",2536
4715,6029610443171.806641,9.955000,"aten::full",2537
4716,6029610443172.455078,2.132000,"aten::empty",2538
4717,6029610443175.109375,6.388000,"aten::fill_",2539
4719,6029610443250.009766,2.668000,"aten::empty",2540
4720,6029610443292.549805,7.938000,"aten::fill_",2541
4723,6029610443328.259766,1.954000,"aten::reshape",2542
4724,6029610443328.831055,1.173000,"aten::view",2543
4725,6029610443334.033203,2.249000,"aten::slice",2544
4726,6029610443335.106445,0.385000,"aten::as_strided",2545
4727,6029610443338.190430,1.766000,"aten::reshape",2546
4728,6029610443338.489258,1.293000,"aten::view",2547
4729,6029610443352.422852,2.915000,"aten::empty",2548
4730,6029610443357.738281,2.700000,"aten::empty",2549
4732,6029610443398.631836,0.987000,"aten::view",2550
4733,6029610443404.046875,1.570000,"aten::slice",2551
4734,6029610443404.740234,0.345000,"aten::as_strided",2552
4735,6029610443408.569336,1.273000,"aten::slice",2553
4736,6029610443409.155273,0.284000,"aten::as_strided",2554
4737,6029610443413.016602,1.212000,"aten::slice",2555
4738,6029610443413.565430,0.247000,"aten::as_strided",2556
4739,6029610443417.477539,10.370000,"aten::full",2557
4740,6029610443418.098633,2.289000,"aten::empty",2558
4741,6029610443420.929688,6.674000,"aten::fill_",2559
4743,6029610443493.680664,2.633000,"aten::empty",2560
4744,6029610443556.481445,9.145000,"aten::fill_",2561
4747,6029610443595.219727,2.022000,"aten::reshape",2562
4748,6029610443595.644531,1.395000,"aten::view",2563
4749,6029610443601.415039,2.248000,"aten::slice",2564
4750,6029610443602.466797,0.474000,"aten::as_strided",2565
4751,6029610443605.648438,1.387000,"aten::reshape",2566
4752,6029610443605.930664,0.943000,"aten::view",2567
4753,6029610443620.763672,3.055000,"aten::empty",2568
4754,6029610443626.169922,2.994000,"aten::empty",2569
4756,6029610443667.926758,0.935000,"aten::view",2570
4757,6029610443673.386719,1.598000,"aten::slice",2571
4758,6029610443674.099609,0.317000,"aten::as_strided",2572
4759,6029610443678.070312,1.202000,"aten::slice",2573
4760,6029610443678.599609,0.244000,"aten::as_strided",2574
4761,6029610443682.333008,1.127000,"aten::slice",2575
4762,6029610443682.825195,0.190000,"aten::as_strided",2576
4763,6029610443686.993164,10.348000,"aten::full",2577
4764,6029610443687.537109,2.241000,"aten::empty",2578
4765,6029610443690.414062,6.674000,"aten::fill_",2579
4767,6029610443756.761719,2.721000,"aten::empty",2580
4768,6029610443796.766602,7.068000,"aten::fill_",2581
4771,6029610443830.720703,1.864000,"aten::reshape",2582
4772,6029610443831.178711,1.210000,"aten::view",2583
4773,6029610443836.482422,1.996000,"aten::slice",2584
4774,6029610443837.362305,0.405000,"aten::as_strided",2585
4775,6029610443840.472656,1.334000,"aten::reshape",2586
4776,6029610443840.787109,0.855000,"aten::view",2587
4777,6029610443853.816406,2.854000,"aten::empty",2588
4778,6029610443858.861328,2.380000,"aten::empty",2589
4780,6029610443898.570312,0.895000,"aten::view",2590
4781,6029610443903.747070,1.718000,"aten::slice",2591
4782,6029610443904.519531,0.340000,"aten::as_strided",2592
4783,6029610443908.355469,1.232000,"aten::slice",2593
4784,6029610443908.950195,0.215000,"aten::as_strided",2594
4785,6029610443912.608398,1.217000,"aten::slice",2595
4786,6029610443913.169922,0.220000,"aten::as_strided",2596
4787,6029610443917.198242,10.208000,"aten::full",2597
4788,6029610443917.778320,2.174000,"aten::empty",2598
4789,6029610443920.482422,6.653000,"aten::fill_",2599
4791,6029610443985.939453,2.569000,"aten::empty",2600
4792,6029610444032.305664,7.655000,"aten::fill_",2601
4795,6029610444067.536133,1.852000,"aten::reshape",2602
4796,6029610444068.017578,1.174000,"aten::view",2603
4797,6029610444073.265625,1.975000,"aten::slice",2604
4798,6029610444074.210938,0.368000,"aten::as_strided",2605
4799,6029610444077.234375,1.334000,"aten::reshape",2606
4800,6029610444077.567383,0.847000,"aten::view",2607
4801,6029610444091.114258,2.880000,"aten::empty",2608
4802,6029610444096.337891,2.790000,"aten::empty",2609
4804,6029610444132.832031,0.953000,"aten::view",2610
4805,6029610444138.131836,1.566000,"aten::slice",2611
4806,6029610444138.833984,0.255000,"aten::as_strided",2612
4807,6029610444142.566406,1.183000,"aten::slice",2613
4808,6029610444143.122070,0.218000,"aten::as_strided",2614
4810,6029610444147.405273,2.155000,"aten::alias",2615
4811,6029610444152.926758,10.843000,"aten::full",2616
4812,6029610444153.436523,2.263000,"aten::empty",2617
4813,6029610444156.259766,7.240000,"aten::fill_",2618
4815,6029610444223.601562,2.721000,"aten::empty",2619
4816,6029610444266.891602,7.663000,"aten::fill_",2620
4819,6029610444303.443359,1.880000,"aten::reshape",2621
4820,6029610444303.884766,1.223000,"aten::view",2622
4821,6029610444309.265625,1.997000,"aten::slice",2623
4822,6029610444310.130859,0.400000,"aten::as_strided",2624
4823,6029610444313.190430,1.648000,"aten::reshape",2625
4824,6029610444313.584961,1.091000,"aten::view",2626
4825,6029610444327.179688,2.863000,"aten::empty",2627
4826,6029610444332.409180,2.569000,"aten::empty",2628
4828,6029610444371.189453,0.975000,"aten::view",2629
4829,6029610444379.125000,22.490000,"aten::cat",2630
4831,6029610444423.698242,9.978000,"aten::cat",2631
4833,6029610444446.711914,29.456000,"aten::ge",2632
4835,6029610444479.837891,10.979000,"aten::lt",2633
4837,6029610444497.704102,31.102000,"aten::__and__",2634
4838,6029610444500.090820,28.390000,"aten::bitwise_and",2635
4840,6029610444531.795898,1.119000,"aten::view",2636
4841,6029610444535.269531,16.102000,"aten::ge",2637
4843,6029610444553.129883,0.805000,"aten::view",2638
4844,6029610444555.146484,9.173000,"aten::lt",2639
4846,6029610444565.985352,8.614000,"aten::__and__",2640
4847,6029610444566.337891,8.014000,"aten::bitwise_and",2641
4849,6029610444576.501953,8.038000,"aten::__and__",2642
4850,6029610444576.838867,7.412000,"aten::bitwise_and",2643
4852,6029610444593.023438,15.456000,"aten::full_like",2644
4853,6029610444594.462891,6.129000,"aten::empty_like",2645
4854,6029610444595.837891,4.248000,"aten::empty_strided",2646
4856,6029610444601.422852,6.707000,"aten::fill_",2647
4859,6029610444611.245117,23.279000,"aten::where",2648
4860,6029610444613.592773,2.167000,"aten::empty",2649
4861,6029610444619.806641,3.243000,"aten::resize_",2650
4863,6029610444639.474609,8.845000,"aten::ge",2651
4865,6029610444663.463867,51.675000,"aten::sum",2652
4866,6029610444670.888672,0.698000,"aten::as_strided",2653
4867,6029610444672.502930,18.767000,"aten::to",2654
4868,6029610444673.551758,17.504000,"aten::_to_copy",2655
4869,6029610444675.171875,3.018000,"aten::empty_strided",2656
4870,6029610444679.252930,11.378000,"aten::copy_",2657
4873,6029610444718.958984,13.547000,"aten::to",2658
4874,6029610444719.697266,12.653000,"aten::_to_copy",2659
4875,6029610444720.494141,2.367000,"aten::empty_strided",2660
4876,6029610444723.343750,8.656000,"aten::copy_",2661
4878,6029610444738.473633,16.838000,"aten::arange",2662
4880,6029610444739.890625,2.003000,"aten::empty",2663
4881,6029610444742.818359,12.105000,"aten::arange",2664
4882,6029610444744.891602,2.114000,"aten::resize_",2665
4884,6029610444758.963867,1.206000,"aten::view",2666
4885,6029610444762.746094,12.794000,"aten::full_like",2667
4886,6029610444763.230469,3.400000,"aten::empty_like",2668
4887,6029610444763.780273,2.530000,"aten::empty_strided",2669
4888,6029610444767.273438,8.000000,"aten::fill_",2670
4890,6029610444779.122070,6.978000,"aten::expand_as",2671
4891,6029610444780.443359,5.385000,"aten::expand",2672
4892,6029610444783.916016,0.959000,"aten::as_strided",2673
4893,6029610444787.368164,2.263000,"aten::expand_as",2674
4894,6029610444787.672852,1.823000,"aten::expand",2675
4895,6029610444788.515625,0.411000,"aten::as_strided",2676
4896,6029610444790.791016,17.683000,"aten::where",2677
4897,6029610444792.015625,1.910000,"aten::empty",2678
4898,6029610444795.767578,1.620000,"aten::resize_",2679
4900,6029610444822.926758,134.985000,"aten::argsort",2680
4901,6029610444824.616211,132.508000,"aten::sort",2681
4902,6029610444826.820312,129.666000,"aten::sort",2682
4903,6029610444832.054688,58.162000,"aten::copy_",2683
4905,6029610444892.040039,13.394000,"aten::arange",2684
4906,6029610444892.846680,1.933000,"aten::empty",2685
4907,6029610444895.393555,9.740000,"aten::arange",2686
4908,6029610444896.875000,1.737000,"aten::resize_",2687
4910,6029610444906.266602,0.446000,"aten::view",2688
4911,6029610444907.319336,9.292000,"aten::copy_",2689
4913,6029610444918.170898,17.793000,"aten::copy_",2690
4916,6029610444966.162109,19.154000,"aten::gather",2691
4917,6029610444972.483398,0.272000,"aten::as_strided",2692
4918,6029610444973.516602,0.387000,"aten::as_strided",2693
4920,6029610444987.079102,11.875000,"aten::gather",2694
4921,6029610444989.776367,0.203000,"aten::as_strided",2695
4922,6029610444990.591797,0.312000,"aten::as_strided",2696
4924,6029610445003.173828,18.737000,"aten::bitwise_not",2697
4926,6029610445027.391602,51.536000,"aten::masked_fill",2698
4927,6029610445030.934570,32.049000,"aten::clone",2699
4928,6029610445031.872070,3.397000,"aten::empty_like",2700
4929,6029610445032.396484,2.572000,"aten::empty",2701
4930,6029610445035.879883,26.758000,"aten::copy_",2702
4932,6029610445064.778320,13.604000,"aten::masked_fill_",2703
4934,6029610445087.044922,17.288000,"aten::arange",2704
4935,6029610445087.596680,6.506000,"aten::empty",2705
4936,6029610445094.896484,9.162000,"aten::arange",2706
4937,6029610445096.047852,2.169000,"aten::resize_",2707
4939,6029610445107.171875,1.140000,"aten::view",2708
4940,6029610445110.500977,3.099000,"aten::unsqueeze",2709
4941,6029610445112.556641,0.260000,"aten::as_strided",2710
4942,6029610445114.829102,10.200000,"aten::lt",2711
4944,6029610445131.445312,11.282000,"aten::full_like",2712
4945,6029610445131.808594,3.446000,"aten::empty_like",2713
4946,6029610445132.330078,2.679000,"aten::empty_strided",2714
4947,6029610445135.818359,6.644000,"aten::fill_",2715
4949,6029610445144.153320,11.968000,"aten::where",2716
4950,6029610445145.383789,1.786000,"aten::empty",2717
4951,6029610445148.545898,1.642000,"aten::resize_",2718
4953,6029610445159.048828,65.919000,"aten::argsort",2719
4954,6029610445159.483398,64.965000,"aten::sort",2720
4955,6029610445160.220703,63.824000,"aten::sort",2721
4956,6029610445164.007812,15.414000,"aten::copy_",2722
4958,6029610445180.150391,10.272000,"aten::arange",2723
4959,6029610445180.611328,1.931000,"aten::empty",2724
4960,6029610445183.070312,7.088000,"aten::arange",2725
4961,6029610445183.882812,1.442000,"aten::resize_",2726
4963,6029610445190.992188,0.459000,"aten::view",2727
4964,6029610445191.896484,6.450000,"aten::copy_",2728
4966,6029610445199.569336,10.242000,"aten::copy_",2729
4969,6029610445227.136719,10.097000,"aten::gather",2730
4970,6029610445230.083984,0.327000,"aten::as_strided",2731
4971,6029610445231.089844,0.194000,"aten::as_strided",2732
4973,6029610445238.922852,8.948000,"aten::gather",2733
4974,6029610445241.308594,0.225000,"aten::as_strided",2734
4975,6029610445241.991211,0.323000,"aten::as_strided",2735
4977,6029610445249.550781,7.939000,"aten::bitwise_not",2736
4979,6029610445259.634766,23.050000,"aten::masked_fill",2737
4980,6029610445260.619141,15.268000,"aten::clone",2738
4981,6029610445261.038086,3.275000,"aten::empty_like",2739
4982,6029610445261.553711,2.515000,"aten::empty",2740
4983,6029610445264.762695,10.782000,"aten::copy_",2741
4985,6029610445276.422852,5.912000,"aten::masked_fill_",2742
4987,6029610445288.945312,0.296000,"aten::to",2743
4988,6029610445340.387695,3.887000,"aten::squeeze",2744
4989,6029610445342.912109,0.309000,"aten::as_strided",2745
4990,6029610445379.678711,172.703000,"FusedSparseAttentionFunc",2746
4991,6029610445394.287109,14.355000,"aten::full",2747
4992,6029610445395.325195,3.244000,"aten::empty",2748
4993,6029610445399.315430,8.939000,"aten::fill_",2749
4995,6029610445410.630859,0.139000,"aten::to",2750
4996,6029610445413.462891,0.345000,"aten::to",2751
4997,6029610445416.507812,2.044000,"aten::reshape",2752
4998,6029610445417.101562,1.250000,"aten::view",2753
4999,6029610445421.697266,3.057000,"aten::permute",2754
5000,6029610445423.750977,0.278000,"aten::as_strided",2755
5001,6029610445425.920898,1.571000,"aten::reshape",2756
5002,6029610445426.218750,1.097000,"aten::view",2757
5003,6029610445428.930664,1.374000,"aten::reshape",2758
5004,6029610445429.200195,0.944000,"aten::view",2759
5005,6029610445431.600586,0.956000,"aten::reshape",2760
5006,6029610445431.857422,0.499000,"aten::view",2761
5007,6029610445439.532227,2.110000,"aten::unsqueeze",2762
5008,6029610445440.843750,0.205000,"aten::as_strided",2763
5009,6029610445442.564453,1.311000,"aten::unsqueeze",2764
5010,6029610445443.164062,0.327000,"aten::as_strided",2765
5011,6029610445474.031250,2.893000,"aten::empty",2766
5012,6029610445477.613281,2.421000,"aten::empty",2767
5013,6029610445480.528320,2.010000,"aten::empty",2768
5023,6029610445516.078125,16.586000,"aten::clamp_min",2769
5024,6029610445518.887695,0.169000,"aten::to",2770
5026,6029610445539.996094,2.003000,"aten::reshape",2771
5027,6029610445540.353516,1.469000,"aten::view",2772
5028,6029610445570.530273,99.371000,"aten::einsum",2773
5029,6029610445574.773438,2.442000,"aten::unsqueeze",2774
5030,6029610445575.632812,1.100000,"aten::as_strided",2775
5031,6029610445577.978516,1.923000,"aten::permute",2776
5032,6029610445579.115234,0.274000,"aten::as_strided",2777
5033,6029610445580.784180,1.108000,"aten::unsqueeze",2778
5034,6029610445581.211914,0.245000,"aten::as_strided",2779
5035,6029610445582.304688,1.026000,"aten::unsqueeze",2780
5036,6029610445582.737305,0.266000,"aten::as_strided",2781
5037,6029610445583.842773,1.089000,"aten::permute",2782
5038,6029610445584.286133,0.361000,"aten::as_strided",2783
5039,6029610445588.159180,1.254000,"aten::permute",2784
5040,6029610445588.610352,0.503000,"aten::as_strided",2785
5041,6029610445589.967773,6.491000,"aten::reshape",2786
5042,6029610445594.368164,1.812000,"aten::_reshape_alias",2787
5043,6029610445596.993164,1.064000,"aten::permute",2788
5044,6029610445597.413086,0.315000,"aten::as_strided",2789
5045,6029610445598.442383,1.298000,"aten::reshape",2790
5046,6029610445599.156250,0.437000,"aten::_reshape_alias",2791
5047,6029610445600.851562,61.658000,"aten::bmm",2792
5049,6029610445663.537109,0.940000,"aten::view",2793
5050,6029610445665.037109,1.721000,"aten::permute",2794
5051,6029610445665.865234,0.491000,"aten::as_strided",2795
5052,6029610445667.996094,0.801000,"aten::view",2796
5053,6029610445673.220703,20.096000,"aten::contiguous",2797
5054,6029610445674.122070,18.920000,"aten::clone",2798
5055,6029610445675.881836,4.110000,"aten::empty_like",2799
5056,6029610445676.497070,3.128000,"aten::empty",2800
5057,6029610445680.914062,11.663000,"aten::copy_",2801
5059,6029610445698.467773,0.948000,"aten::view",2802
5061,6029610445830.368164,2.900000,"aten::empty",2803
5063,6029610445967.021484,85.076000,"LinearWithGradAccumulationAndAsyncCommunication",2804
5064,6029610445983.781250,6.435000,"aten::t",2805
5065,6029610445986.287109,2.737000,"aten::transpose",2806
5066,6029610445987.686523,1.032000,"aten::as_strided",2807
5067,6029610445993.218750,49.691000,"aten::matmul",2808
5068,6029610445995.205078,1.705000,"aten::reshape",2809
5069,6029610445995.610352,1.067000,"aten::view",2810
5070,6029610445998.370117,39.741000,"aten::mm",2811
5072,6029610446039.950195,2.301000,"aten::_unsafe_view",2812
5073,6029610446062.612305,12.859000,"_ReduceFromModelParallelRegion",2813
5074,6029610446071.999023,1.649000,"aten::view_as",2814
5075,6029610446072.608398,0.829000,"aten::view",2815
5076,6029610446090.721680,6.936000,"_CopyToModelParallelRegion",2816
5077,6029610446095.167969,1.109000,"aten::view_as",2817
5078,6029610446095.470703,0.572000,"aten::view",2818
5079,6029610446111.624023,44.931000,"LinearWithGradAccumulationAndAsyncCommunication",2819
5080,6029610446117.252930,2.703000,"aten::t",2820
5081,6029610446117.865234,1.573000,"aten::transpose",2821
5082,6029610446118.392578,0.845000,"aten::as_strided",2822
5083,6029610446121.129883,32.095000,"aten::matmul",2823
5084,6029610446121.768555,1.005000,"aten::reshape",2824
5085,6029610446122.056641,0.512000,"aten::view",2825
5086,6029610446123.236328,27.732000,"aten::mm",2826
5088,6029610446152.001953,0.724000,"aten::_unsafe_view",2827
5089,6029610446162.043945,8.635000,"_GatherFromModelParallelRegion",2828
5090,6029610446167.941406,1.415000,"aten::view_as",2829
5091,6029610446168.313477,0.808000,"aten::view",2830
5092,6029610446179.721680,20.411000,"aten::mul",2831
5094,6029610446210.349609,1.542000,"aten::reshape",2832
5095,6029610446210.791992,0.905000,"aten::view",2833
5096,6029610446214.713867,13.139000,"aten::add",2834
5098,6029610446269.621094,0.690000,"aten::dropout",2835
5099,6029610446271.651367,14.782000,"aten::add",2836
5102,6029610446423.003906,1.423000,"aten::view",2837
5103,6029610446441.189453,3.714000,"aten::empty",2838
5104,6029610446447.393555,2.404000,"aten::empty",2839
5105,6029610446454.411133,2.430000,"aten::empty",2840
5107,6029610446502.215820,2.431000,"aten::empty",2841
5109,6029610446545.309570,1.448000,"aten::view",2842
5110,6029610446552.377930,0.886000,"aten::view",2843
5111,6029610446594.521484,10.808000,"_CopyToModelParallelRegion",2844
5112,6029610446600.934570,1.474000,"aten::view_as",2845
5113,6029610446601.383789,0.774000,"aten::view",2846
5114,6029610446620.077148,50.914000,"LinearWithGradAccumulationAndAsyncCommunication",2847
5115,6029610446628.541992,4.250000,"aten::t",2848
5116,6029610446629.820312,2.336000,"aten::transpose",2849
5117,6029610446630.723633,1.168000,"aten::as_strided",2850
5118,6029610446634.275391,33.033000,"aten::matmul",2851
5119,6029610446635.356445,1.240000,"aten::reshape",2852
5120,6029610446635.778320,0.619000,"aten::view",2853
5121,6029610446637.191406,27.611000,"aten::mm",2854
5123,6029610446665.916992,0.744000,"aten::_unsafe_view",2855
5124,6029610446676.546875,8.754000,"_GatherFromModelParallelRegion",2856
5125,6029610446682.605469,1.258000,"aten::view_as",2857
5126,6029610446682.973633,0.674000,"aten::view",2858
5127,6029610446696.469727,7.151000,"_CopyToModelParallelRegion",2859
5128,6029610446701.264648,1.277000,"aten::view_as",2860
5129,6029610446701.647461,0.656000,"aten::view",2861
5130,6029610446714.749023,40.004000,"LinearWithGradAccumulationAndAsyncCommunication",2862
5131,6029610446720.957031,2.677000,"aten::t",2863
5132,6029610446721.492188,1.349000,"aten::transpose",2864
5133,6029610446721.994141,0.665000,"aten::as_strided",2865
5134,6029610446724.649414,27.034000,"aten::matmul",2866
5135,6029610446725.314453,1.059000,"aten::reshape",2867
5136,6029610446725.615234,0.569000,"aten::view",2868
5137,6029610446726.754883,23.375000,"aten::mm",2869
5139,6029610446750.857422,0.429000,"aten::_unsafe_view",2870
5140,6029610446762.027344,14.654000,"aten::mul",2871
5142,6029610446783.309570,1.746000,"aten::reshape",2872
5143,6029610446783.723633,1.143000,"aten::view",2873
5144,6029610446787.048828,10.127000,"aten::add",2874
5146,6029610446811.700195,0.983000,"aten::view",2875
5147,6029610446819.163086,331.038000,"SwiGLUFunction",2876
5148,6029610446875.689453,41.058000,"TorchDynamo Cache Lookup",2877
5149,6029610446917.902344,224.142000,"Torch-Compiled Region: 2/3",2878
5150,6029610446958.699219,12.234000,"Pregraph bytecode",2879
5151,6029610447002.002930,10.465000,"AOTDispatcher Runtime Wrapper Prologue",2880
5152,6029610447027.375977,94.641000,"## Call CompiledFxGraph ftnwqncgas3evtcpnu3uiligps56abm45rnq467jaa35zufjlufy ##",2881
5154,6029610447086.369141,31.871000,"triton_poi_fused_mul_silu_split_0",2882
5156,6029610447154.037109,1.857000,"aten::view",2883
5158,6029610447241.664062,3.811000,"aten::empty",2884
5160,6029610447359.273438,63.870000,"LinearWithGradAccumulationAndAsyncCommunication",2885
5161,6029610447369.497070,5.880000,"aten::t",2886
5162,6029610447371.291992,3.361000,"aten::transpose",2887
5163,6029610447372.901367,1.358000,"aten::as_strided",2888
5164,6029610447377.556641,40.639000,"aten::matmul",2889
5165,6029610447378.911133,2.000000,"aten::reshape",2890
5166,6029610447379.401367,1.284000,"aten::view",2891
5167,6029610447381.514648,33.171000,"aten::mm",2892
5169,6029610447416.128906,1.223000,"aten::_unsafe_view",2893
5170,6029610447430.453125,11.066000,"_ReduceFromModelParallelRegion",2894
5171,6029610447437.933594,1.798000,"aten::view_as",2895
5172,6029610447438.595703,0.879000,"aten::view",2896
5173,6029610447454.359375,7.869000,"_CopyToModelParallelRegion",2897
5174,6029610447459.656250,1.333000,"aten::view_as",2898
5175,6029610447460.056641,0.711000,"aten::view",2899
5176,6029610447485.717773,38.834000,"LinearWithGradAccumulationAndAsyncCommunication",2900
5177,6029610447490.754883,2.766000,"aten::t",2901
5178,6029610447491.474609,1.436000,"aten::transpose",2902
5179,6029610447492.286133,0.389000,"aten::as_strided",2903
5180,6029610447494.531250,26.927000,"aten::matmul",2904
5181,6029610447495.159180,1.218000,"aten::reshape",2905
5182,6029610447495.541016,0.584000,"aten::view",2906
5183,6029610447496.863281,22.652000,"aten::mm",2907
5185,6029610447520.445312,0.468000,"aten::_unsafe_view",2908
5187,6029610447529.682617,7.647000,"_GatherFromModelParallelRegion",2909
5189,6029610447534.635742,1.320000,"aten::view_as",2910
5190,6029610447535.082031,0.653000,"aten::view",2911
5191,6029610447545.347656,19.294000,"aten::mul",2912
5193,6029610447574.307617,1.730000,"aten::reshape",2913
5194,6029610447574.797852,1.026000,"aten::view",2914
5195,6029610447578.415039,12.654000,"aten::add",2915
5197,6029610447621.291016,0.643000,"aten::dropout",2916
5198,6029610447623.267578,13.606000,"aten::add",2917
5203,6029610447780.782227,130386.250000,"CheckpointFunction",2918
5208,6029610448043.719727,2.317000,"aten::view",2920
5209,6029610448049.524414,1.723000,"aten::view",2921
5210,6029610448065.228516,5.164000,"aten::empty",2922
5211,6029610448072.998047,2.626000,"aten::empty",2923
5212,6029610448080.397461,2.640000,"aten::empty",2924
5214,6029610448102.711914,1.311000,"aten::view",2925
5216,6029610448219.231445,2.839000,"aten::empty",2926
5219,6029610448333.526367,3.154000,"aten::empty",2927
5222,6029610448404.853516,2.875000,"aten::empty",2928
5224,6029610448440.579102,19.469000,"aten::mul",2929
5226,6029610448478.433594,2.929000,"aten::reshape",2930
5227,6029610448479.291992,1.844000,"aten::view",2931
5228,6029610448483.816406,12.895000,"aten::add",2932
5231,6029610448546.977539,2.678000,"aten::empty",2933
5234,6029610448627.314453,2.697000,"aten::empty",2934
5237,6029610448692.057617,2.863000,"aten::empty",2935
5239,6029610448722.435547,11.390000,"aten::mul",2936
5241,6029610448740.094727,2.290000,"aten::reshape",2937
5242,6029610448740.813477,1.378000,"aten::view",2938
5243,6029610448743.958008,8.852000,"aten::add",2939
5245,6029610448766.747070,6.891000,"aten::split_with_sizes",2940
5246,6029610448769.954102,1.871000,"aten::as_strided",2941
5247,6029610448772.546875,0.191000,"aten::as_strided",2942
5248,6029610448781.805664,4.163000,"aten::squeeze",2943
5249,6029610448784.637695,0.321000,"aten::as_strided",2944
5250,6029610448787.037109,1.892000,"aten::squeeze",2945
5251,6029610448787.750000,0.301000,"aten::as_strided",2946
5252,6029610448790.025391,1.305000,"aten::squeeze",2947
5253,6029610448790.759766,0.262000,"aten::as_strided",2948
5254,6029610448856.456055,1.196000,"aten::view",2949
5255,6029610448860.635742,1.078000,"aten::view",2950
5256,6029610448868.951172,3.405000,"aten::empty",2951
5257,6029610448874.567383,2.508000,"aten::empty",2952
5258,6029610448880.532227,2.377000,"aten::empty",2953
5260,6029610448897.193359,0.995000,"aten::view",2954
5261,6029610448948.321289,25.276000,"aten::contiguous",2955
5262,6029610448949.473633,23.842000,"aten::clone",2956
5263,6029610448951.930664,4.264000,"aten::empty_like",2957
5264,6029610448953.042969,2.668000,"aten::empty",2958
5265,6029610448957.314453,15.567000,"aten::copy_",2959
5267,6029610448977.222656,0.923000,"aten::view",2960
5268,6029610448980.750977,1.210000,"aten::view",2961
5269,6029610448986.649414,2.437000,"aten::empty",2962
5270,6029610448990.613281,2.119000,"aten::empty",2963
5271,6029610448995.174805,2.202000,"aten::empty",2964
5273,6029610449008.858398,0.926000,"aten::view",2965
5275,6029610449073.478516,2.596000,"aten::empty",2966
5277,6029610449140.271484,17.352000,"_CopyToModelParallelRegion",2967
5278,6029610449150.421875,2.181000,"aten::view_as",2968
5279,6029610449151.137695,1.200000,"aten::view",2969
5280,6029610449177.306641,61.328000,"LinearWithGradAccumulationAndAsyncCommunication",2970
5281,6029610449187.914062,5.206000,"aten::t",2971
5282,6029610449189.849609,2.451000,"aten::transpose",2972
5283,6029610449191.091797,0.889000,"aten::as_strided",2973
5284,6029610449195.647461,38.031000,"aten::matmul",2974
5285,6029610449197.685547,35.332000,"aten::mm",2975
5287,6029610449245.075195,9.787000,"_GatherFromModelParallelRegion",2976
5288,6029610449251.951172,1.389000,"aten::view_as",2977
5289,6029610449252.373047,0.765000,"aten::view",2978
5290,6029610449266.196289,5.667000,"_CopyToModelParallelRegion",2979
5291,6029610449269.501953,1.191000,"aten::view_as",2980
5292,6029610449269.914062,0.559000,"aten::view",2981
5293,6029610449284.232422,32.274000,"LinearWithGradAccumulationAndAsyncCommunication",2982
5294,6029610449289.467773,2.151000,"aten::t",2983
5295,6029610449290.016602,1.118000,"aten::transpose",2984
5296,6029610449290.490234,0.449000,"aten::as_strided",2985
5297,6029610449292.541992,20.862000,"aten::matmul",2986
5298,6029610449293.023438,19.989000,"aten::mm",2987
5300,6029610449323.848633,14.350000,"aten::mul",2988
5302,6029610449345.435547,1.715000,"aten::reshape",2989
5303,6029610449345.970703,1.001000,"aten::view",2990
5304,6029610449349.239258,11.012000,"aten::add",2991
5306,6029610449367.826172,0.865000,"aten::view",2992
5307,6029610449372.277344,2.961000,"aten::unsqueeze",2993
5308,6029610449374.072266,0.426000,"aten::as_strided",2994
5309,6029610449376.490234,1.239000,"aten::unsqueeze",2995
5310,6029610449376.996094,0.336000,"aten::as_strided",2996
5311,6029610449388.238281,1.690000,"aten::view",2997
5312,6029610449396.425781,4.312000,"aten::slice",2998
5313,6029610449398.568359,0.514000,"aten::as_strided",2999
5314,6029610449404.727539,1.395000,"aten::slice",3000
5315,6029610449405.253906,0.424000,"aten::as_strided",3001
5316,6029610449416.842773,3.724000,"aten::split_with_sizes",3002
5317,6029610449418.482422,0.331000,"aten::as_strided",3003
5318,6029610449419.382812,0.199000,"aten::as_strided",3004
5319,6029610449432.300781,75.682000,"aten::einsum",3005
5320,6029610449436.906250,2.221000,"aten::unsqueeze",3006
5321,6029610449437.740234,0.764000,"aten::as_strided",3007
5322,6029610449440.486328,3.034000,"aten::permute",3008
5323,6029610449442.389648,0.371000,"aten::as_strided",3009
5324,6029610449444.406250,1.037000,"aten::unsqueeze",3010
5325,6029610449444.860352,0.286000,"aten::as_strided",3011
5326,6029610449445.871094,1.584000,"aten::permute",3012
5327,6029610449446.414062,0.476000,"aten::as_strided",3013
5328,6029610449450.625000,1.259000,"aten::permute",3014
5329,6029610449451.195312,0.293000,"aten::as_strided",3015
5330,6029610449452.571289,6.504000,"aten::reshape",3016
5331,6029610449456.533203,2.310000,"aten::_reshape_alias",3017
5332,6029610449459.623047,0.970000,"aten::permute",3018
5333,6029610449460.110352,0.204000,"aten::as_strided",3019
5334,6029610449461.013672,1.491000,"aten::reshape",3020
5335,6029610449461.663086,0.703000,"aten::_reshape_alias",3021
5336,6029610449473.398438,27.716000,"aten::bmm",3022
5338,6029610449501.813477,1.139000,"aten::view",3023
5339,6029610449503.461914,1.728000,"aten::permute",3024
5340,6029610449504.092773,0.608000,"aten::as_strided",3025
5341,6029610449506.447266,0.705000,"aten::view",3026
5342,6029610449511.091797,21.878000,"aten::contiguous",3027
5343,6029610449511.767578,20.942000,"aten::clone",3028
5344,6029610449513.617188,4.538000,"aten::empty_like",3029
5345,6029610449514.640625,3.102000,"aten::empty",3030
5346,6029610449519.137695,13.221000,"aten::copy_",3031
5348,6029610449549.939453,19.242000,"aten::arange",3032
5349,6029610449551.348633,2.168000,"aten::empty",3033
5350,6029610449554.444336,14.290000,"aten::arange",3034
5351,6029610449557.298828,3.372000,"aten::resize_",3035
5353,6029610449573.960938,18.496000,"aten::to",3036
5354,6029610449575.040039,17.191000,"aten::_to_copy",3037
5355,6029610449577.684570,4.517000,"aten::empty_strided",3038
5356,6029610449582.947266,8.779000,"aten::copy_",3039
5358,6029610449595.055664,2.592000,"aten::slice",3040
5359,6029610449596.256836,0.515000,"aten::as_strided",3041
5360,6029610449599.821289,1.178000,"aten::slice",3042
5361,6029610449600.416992,0.145000,"aten::as_strided",3043
5362,6029610449603.848633,13.558000,"aten::sub",3044
5364,6029610449625.957031,16.286000,"aten::floor_divide",3045
5365,6029610449630.484375,2.503000,"aten::empty",3046
5367,6029610449646.132812,17.014000,"aten::zeros_like",3047
5368,6029610449646.967773,3.820000,"aten::empty_like",3048
5369,6029610449647.681641,2.811000,"aten::empty_strided",3049
5370,6029610449651.708008,11.183000,"aten::zero_",3050
5371,6029610449653.010742,9.202000,"aten::fill_",3051
5373,6029610449665.887695,31.739000,"aten::cumsum",3052
5374,6029610449670.085938,0.213000,"aten::to",3053
5383,6029610449700.627930,2.177000,"aten::slice",3054
5384,6029610449701.509766,0.600000,"aten::as_strided",3055
5385,6029610449703.660156,18.890000,"aten::copy_",3056
5387,6029610449727.142578,14.990000,"aten::searchsorted",3057
5388,6029610449729.148438,2.049000,"aten::empty",3058
5389,6029610449732.785156,1.837000,"aten::resize_",3059
5391,6029610449745.188477,10.540000,"aten::sub",3060
5393,6029610449760.265625,14.382000,"aten::clamp",3061
5394,6029610449762.592773,0.280000,"aten::to",3062
5396,6029610449779.584961,18.854000,"aten::index",3063
5397,6029610449783.668945,0.290000,"aten::as_strided",3064
5398,6029610449785.098633,0.955000,"aten::reshape",3065
5399,6029610449785.463867,0.392000,"aten::view",3066
5401,6029610449800.764648,8.515000,"aten::sub",3067
5403,6029610449811.083008,11.022000,"aten::index",3068
5404,6029610449811.889648,0.274000,"aten::as_strided",3069
5405,6029610449812.684570,0.872000,"aten::reshape",3070
5406,6029610449813.070312,0.326000,"aten::view",3071
5408,6029610449824.197266,23.872000,"aten::index",3072
5409,6029610449837.236328,0.265000,"aten::as_strided",3073
5410,6029610449837.936523,1.040000,"aten::reshape",3074
5411,6029610449838.584961,0.234000,"aten::view",3075
5413,6029610449852.336914,11.092000,"aten::floor_divide",3076
5414,6029610449854.546875,2.785000,"aten::empty",3077
5416,6029610449866.456055,9.960000,"aten::mul",3078
5418,6029610449878.737305,12.056000,"aten::lt",3079
5420,6029610449893.416992,7.716000,"aten::mul",3080
5422,6029610449902.971680,8.736000,"aten::add",3081
5424,6029610449914.297852,7.579000,"aten::mul",3082
5426,6029610449923.129883,7.034000,"aten::sub",3083
5428,6029610449931.682617,7.085000,"aten::sub",3084
5430,6029610449939.859375,6.916000,"aten::add",3085
5432,6029610449949.943359,15.340000,"aten::where",3086
5433,6029610449952.246094,1.867000,"aten::empty",3087
5434,6029610449956.445312,1.520000,"aten::resize_",3088
5436,6029610449971.085938,8.734000,"aten::clamp",3089
5437,6029610449971.810547,0.139000,"aten::to",3090
5439,6029610449982.322266,15.736000,"aten::index",3091
5440,6029610449984.031250,0.665000,"aten::as_strided",3092
5441,6029610449985.244141,1.004000,"aten::reshape",3093
5442,6029610449985.613281,0.492000,"aten::view",3094
5445,6029610450000.615234,3.061000,"aten::unsqueeze",3095
5446,6029610450002.394531,0.394000,"aten::as_strided",3096
5447,6029610450008.380859,2.649000,"aten::alias",3097
5448,6029610450013.510742,2.202000,"aten::slice",3098
5449,6029610450014.466797,0.568000,"aten::as_strided",3099
5450,6029610450018.667969,1.265000,"aten::slice",3100
5451,6029610450019.216797,0.327000,"aten::as_strided",3101
5452,6029610450022.070312,1.221000,"aten::slice",3102
5453,6029610450022.550781,0.332000,"aten::as_strided",3103
5454,6029610450027.955078,16.470000,"aten::cat",3104
5456,6029610450047.113281,11.375000,"aten::cos",3105
5458,6029610450061.289062,10.691000,"aten::mul",3106
5460,6029610450077.258789,14.337000,"aten::to",3107
5461,6029610450077.656250,13.767000,"aten::_to_copy",3108
5462,6029610450079.458984,3.003000,"aten::empty_strided",3109
5463,6029610450083.061523,7.913000,"aten::copy_",3110
5465,6029610450094.413086,10.258000,"aten::sin",3111
5467,6029610450106.660156,7.350000,"aten::mul",3112
5469,6029610450116.788086,10.044000,"aten::to",3113
5470,6029610450117.103516,9.589000,"aten::_to_copy",3114
5471,6029610450117.816406,2.426000,"aten::empty_strided",3115
5472,6029610450120.692383,5.758000,"aten::copy_",3116
5474,6029610450128.530273,9.618000,"aten::mul",3117
5476,6029610450141.456055,10.241000,"aten::chunk",3118
5477,6029610450143.073242,8.353000,"aten::split",3119
5478,6029610450145.158203,3.496000,"aten::narrow",3120
5479,6029610450146.962891,1.280000,"aten::slice",3121
5480,6029610450147.550781,0.432000,"aten::as_strided",3122
5481,6029610450149.092773,1.351000,"aten::narrow",3123
5482,6029610450149.439453,0.840000,"aten::slice",3124
5483,6029610450149.786133,0.333000,"aten::as_strided",3125
5484,6029610450154.267578,11.309000,"aten::neg",3126
5486,6029610450168.060547,9.430000,"aten::cat",3127
5488,6029610450179.953125,8.566000,"aten::mul",3128
5490,6029610450190.488281,9.143000,"aten::add",3129
5492,6029610450203.419922,9.876000,"aten::cat",3130
5494,6029610450217.666992,3.625000,"aten::squeeze",3131
5495,6029610450219.980469,0.329000,"aten::as_strided",3132
5496,6029610450238.463867,14.369000,"aten::arange",3133
5497,6029610450239.397461,2.250000,"aten::empty",3134
5498,6029610450242.305664,10.142000,"aten::arange",3135
5499,6029610450243.977539,1.705000,"aten::resize_",3136
5501,6029610450255.857422,12.142000,"aten::to",3137
5502,6029610450256.268555,11.586000,"aten::_to_copy",3138
5503,6029610450257.007812,2.555000,"aten::empty_strided",3139
5504,6029610450260.033203,7.491000,"aten::copy_",3140
5506,6029610450269.949219,2.047000,"aten::slice",3141
5507,6029610450270.788086,0.441000,"aten::as_strided",3142
5508,6029610450274.014648,1.146000,"aten::slice",3143
5509,6029610450274.550781,0.158000,"aten::as_strided",3144
5510,6029610450276.772461,9.112000,"aten::sub",3145
5512,6029610450290.534180,10.980000,"aten::floor_divide",3146
5513,6029610450292.638672,2.436000,"aten::empty",3147
5515,6029610450304.469727,13.814000,"aten::zeros_like",3148
5516,6029610450305.122070,3.206000,"aten::empty_like",3149
5517,6029610450305.674805,2.354000,"aten::empty_strided",3150
5518,6029610450308.997070,9.028000,"aten::zero_",3151
5519,6029610450309.927734,7.462000,"aten::fill_",3152
5521,6029610450320.556641,24.339000,"aten::cumsum",3153
5522,6029610450323.723633,0.101000,"aten::to",3154
5531,6029610450347.508789,1.872000,"aten::slice",3155
5532,6029610450348.472656,0.219000,"aten::as_strided",3156
5533,6029610450350.202148,13.725000,"aten::copy_",3157
5535,6029610450367.692383,11.954000,"aten::searchsorted",3158
5536,6029610450368.947266,1.884000,"aten::empty",3159
5537,6029610450371.833008,1.493000,"aten::resize_",3160
5539,6029610450381.923828,9.429000,"aten::sub",3161
5541,6029610450394.839844,8.800000,"aten::clamp",3162
5542,6029610450395.696289,0.172000,"aten::to",3163
5544,6029610450406.823242,12.473000,"aten::index",3164
5545,6029610450408.260742,0.265000,"aten::as_strided",3165
5546,6029610450409.167969,1.008000,"aten::reshape",3166
5547,6029610450409.550781,0.430000,"aten::view",3167
5549,6029610450421.191406,7.434000,"aten::sub",3168
5551,6029610450430.243164,9.636000,"aten::index",3169
5552,6029610450430.950195,0.225000,"aten::as_strided",3170
5553,6029610450431.593750,0.772000,"aten::reshape",3171
5554,6029610450431.951172,0.258000,"aten::view",3172
5557,6029610450441.971680,9.734000,"aten::index",3173
5558,6029610450442.530273,0.216000,"aten::as_strided",3174
5559,6029610450443.190430,0.633000,"aten::reshape",3175
5560,6029610450443.465820,0.205000,"aten::view",3176
5563,6029610450455.293945,20.252000,"aten::floor_divide",3177
5564,6029610450457.002930,2.495000,"aten::empty",3178
5566,6029610450478.029297,7.444000,"aten::mul",3179
5568,6029610450487.283203,9.936000,"aten::lt",3180
5570,6029610450499.377930,7.730000,"aten::mul",3181
5572,6029610450508.429688,6.995000,"aten::add",3182
5574,6029610450517.745117,7.048000,"aten::mul",3183
5576,6029610450525.962891,7.399000,"aten::sub",3184
5578,6029610450534.838867,6.629000,"aten::sub",3185
5580,6029610450542.530273,6.710000,"aten::add",3186
5582,6029610450551.634766,12.824000,"aten::where",3187
5583,6029610450553.250000,1.865000,"aten::empty",3188
5584,6029610450556.699219,1.473000,"aten::resize_",3189
5586,6029610450569.396484,8.502000,"aten::clamp",3190
5587,6029610450570.076172,0.134000,"aten::to",3191
5589,6029610450580.150391,13.632000,"aten::index",3192
5590,6029610450581.497070,0.611000,"aten::as_strided",3193
5591,6029610450582.768555,0.907000,"aten::reshape",3194
5593,6029610450583.083008,0.407000,"aten::view",3195
5595,6029610450596.096680,2.588000,"aten::unsqueeze",3196
5596,6029610450597.574219,0.348000,"aten::as_strided",3197
5597,6029610450602.341797,1.708000,"aten::alias",3198
5598,6029610450606.473633,1.714000,"aten::slice",3199
5599,6029610450607.194336,0.392000,"aten::as_strided",3200
5600,6029610450610.861328,1.206000,"aten::slice",3201
5601,6029610450611.412109,0.264000,"aten::as_strided",3202
5602,6029610450614.166992,1.197000,"aten::slice",3203
5603,6029610450614.717773,0.276000,"aten::as_strided",3204
5604,6029610450618.018555,10.485000,"aten::cat",3205
5606,6029610450630.272461,8.828000,"aten::cos",3206
5608,6029610450641.198242,8.475000,"aten::mul",3207
5610,6029610450653.085938,11.315000,"aten::to",3208
5611,6029610450653.472656,10.783000,"aten::_to_copy",3209
5612,6029610450654.617188,2.626000,"aten::empty_strided",3210
5613,6029610450657.782227,6.129000,"aten::copy_",3211
5615,6029610450666.290039,7.645000,"aten::sin",3212
5617,6029610450675.750000,6.990000,"aten::mul",3213
5619,6029610450685.243164,9.928000,"aten::to",3214
5620,6029610450685.602539,9.430000,"aten::_to_copy",3215
5621,6029610450686.304688,2.566000,"aten::empty_strided",3216
5622,6029610450689.356445,5.458000,"aten::copy_",3217
5624,6029610450696.767578,8.360000,"aten::mul",3218
5626,6029610450707.316406,6.782000,"aten::chunk",3219
5627,6029610450708.181641,5.686000,"aten::split",3220
5628,6029610450709.175781,2.232000,"aten::narrow",3221
5629,6029610450709.930664,1.179000,"aten::slice",3222
5630,6029610450710.472656,0.372000,"aten::as_strided",3223
5631,6029610450711.762695,1.339000,"aten::narrow",3224
5632,6029610450712.138672,0.786000,"aten::slice",3225
5633,6029610450712.496094,0.267000,"aten::as_strided",3226
5634,6029610450715.794922,9.141000,"aten::neg",3227
5636,6029610450727.051758,8.101000,"aten::cat",3228
5638,6029610450737.548828,7.959000,"aten::mul",3229
5640,6029610450747.136719,8.341000,"aten::add",3230
5642,6029610450759.129883,8.483000,"aten::cat",3231
5644,6029610450771.260742,2.638000,"aten::squeeze",3232
5645,6029610450772.777344,0.298000,"aten::as_strided",3233
5646,6029610450782.691406,9.872000,"aten::cat",3234
5648,6029610450795.303711,8.248000,"aten::cat",3235
5650,6029610450827.126953,1.932000,"aten::view",3236
5651,6029610450832.390625,2.033000,"aten::slice",3237
5652,6029610450833.286133,0.434000,"aten::as_strided",3238
5653,6029610450837.596680,1.321000,"aten::slice",3239
5654,6029610450838.231445,0.227000,"aten::as_strided",3240
5655,6029610450855.691406,1.864000,"aten::unsqueeze",3241
5656,6029610450856.588867,0.327000,"aten::as_strided",3242
5657,6029610450859.036133,1.465000,"aten::unsqueeze",3243
5658,6029610450859.641602,0.381000,"aten::as_strided",3244
5659,6029610450863.991211,0.404000,"aten::to",3245
5660,6029610450866.732422,16.983000,"aten::contiguous",3246
5661,6029610450867.593750,15.884000,"aten::clone",3247
5662,6029610450868.829102,3.945000,"aten::empty_like",3248
5663,6029610450869.505859,2.938000,"aten::empty",3249
5664,6029610450873.333984,9.754000,"aten::copy_",3250
5666,6029610450919.708008,168.239000,"_GatherFromSequenceParallelRegion",3251
5667,6029610450938.508789,3.131000,"aten::empty",3252
5668,6029610450956.083984,120.008000,"c10d::_allgather_base_",3253
5669,6029610450974.413086,98.154000,"record_param_comms",3254
5682,6029610451093.391602,33.622000,"aten::index_select",3256
5683,6029610451095.963867,2.037000,"aten::empty",3257
5684,6029610451101.263672,2.950000,"aten::resize_",3258
5685,6029610451106.006836,0.848000,"aten::view",3259
5686,6029610451107.789062,2.705000,"aten::expand",3260
5687,6029610451109.385742,0.717000,"aten::as_strided",3261
5688,6029610451111.278320,14.688000,"aten::gather",3262
5689,6029610451114.654297,0.215000,"aten::as_strided",3263
5690,6029610451115.576172,0.276000,"aten::as_strided",3264
5692,6029610451131.348633,3.568000,"aten::detach",3265
5693,6029610451132.468750,2.247000,"detach",3266
5694,6029610451135.939453,0.900000,"aten::detach",3267
5695,6029610451136.385742,0.286000,"detach",3268
5696,6029610451145.838867,16.026000,"aten::to",3269
5697,6029610451146.518555,15.157000,"aten::_to_copy",3270
5698,6029610451148.003906,3.454000,"aten::empty_strided",3271
5699,6029610451152.198242,8.990000,"aten::copy_",3272
5701,6029610451163.540039,0.290000,"aten::to",3273
5702,6029610451166.913086,0.156000,"aten::to",3274
5703,6029610451168.633789,0.234000,"aten::to",3275
5704,6029610451171.625000,2.996000,"aten::slice",3276
5705,6029610451172.898438,0.446000,"aten::as_strided",3277
5706,6029610451177.711914,13.056000,"aten::searchsorted",3278
5707,6029610451178.955078,2.039000,"aten::empty",3279
5708,6029610451181.881836,1.881000,"aten::resize_",3280
5710,6029610451194.216797,16.920000,"aten::index",3281
5711,6029610451196.930664,0.428000,"aten::as_strided",3282
5712,6029610451198.219727,0.992000,"aten::reshape",3283
5713,6029610451198.732422,0.294000,"aten::view",3284
5715,6029610451215.952148,10.895000,"aten::add",3285
5717,6029610451266.393555,2.971000,"aten::squeeze",3286
5718,6029610451268.140625,0.263000,"aten::as_strided",3287
5719,6029610451281.590820,156.729000,"FusedSparseAttentionFunc",3288
5720,6029610451296.277344,15.140000,"aten::full",3289
5721,6029610451297.576172,2.656000,"aten::empty",3290
5722,6029610451301.322266,9.747000,"aten::fill_",3291
5724,6029610451314.331055,0.133000,"aten::to",3292
5725,6029610451316.100586,0.159000,"aten::to",3293
5726,6029610451319.066406,2.135000,"aten::reshape",3294
5727,6029610451319.423828,1.582000,"aten::view",3295
5728,6029610451324.055664,3.180000,"aten::permute",3296
5729,6029610451326.068359,0.584000,"aten::as_strided",3297
5730,6029610451328.461914,1.724000,"aten::reshape",3298
5731,6029610451328.814453,1.133000,"aten::view",3299
5732,6029610451331.731445,1.329000,"aten::reshape",3300
5733,6029610451332.131836,0.715000,"aten::view",3301
5734,6029610451334.316406,1.144000,"aten::reshape",3302
5735,6029610451334.744141,0.561000,"aten::view",3303
5736,6029610451342.332031,2.363000,"aten::unsqueeze",3304
5737,6029610451343.617188,0.280000,"aten::as_strided",3305
5738,6029610451346.022461,1.327000,"aten::unsqueeze",3306
5739,6029610451346.758789,0.220000,"aten::as_strided",3307
5740,6029610451368.743164,2.935000,"aten::empty",3308
5741,6029610451372.365234,2.363000,"aten::empty",3309
5742,6029610451375.260742,2.587000,"aten::empty",3310
5752,6029610451408.122070,14.734000,"aten::clamp_min",3311
5753,6029610451410.664062,0.141000,"aten::to",3312
5755,6029610451428.705078,1.777000,"aten::reshape",3313
5756,6029610451429.271484,1.045000,"aten::view",3314
5757,6029610451455.176758,104.342000,"aten::einsum",3315
5758,6029610451459.510742,2.204000,"aten::unsqueeze",3316
5759,6029610451460.294922,0.945000,"aten::as_strided",3317
5760,6029610451462.460938,12.126000,"aten::permute",3318
5761,6029610451463.299805,10.804000,"aten::as_strided",3319
5762,6029610451475.427734,1.173000,"aten::unsqueeze",3320
5763,6029610451475.875977,0.314000,"aten::as_strided",3321
5764,6029610451476.998047,1.115000,"aten::unsqueeze",3322
5765,6029610451477.509766,0.292000,"aten::as_strided",3323
5766,6029610451478.599609,1.012000,"aten::permute",3324
5767,6029610451479.038086,0.266000,"aten::as_strided",3325
5768,6029610451483.064453,1.257000,"aten::permute",3326
5769,6029610451483.588867,0.434000,"aten::as_strided",3327
5770,6029610451484.769531,5.777000,"aten::reshape",3328
5771,6029610451488.268555,2.028000,"aten::_reshape_alias",3329
5772,6029610451491.052734,0.995000,"aten::permute",3330
5773,6029610451491.505859,0.266000,"aten::as_strided",3331
5774,6029610451492.484375,1.379000,"aten::reshape",3332
5775,6029610451493.200195,0.485000,"aten::_reshape_alias",3333
5776,6029610451494.707031,57.489000,"aten::bmm",3334
5778,6029610451553.159180,1.041000,"aten::view",3335
5779,6029610451554.771484,1.718000,"aten::permute",3336
5780,6029610451555.486328,0.567000,"aten::as_strided",3337
5781,6029610451557.796875,0.763000,"aten::view",3338
5782,6029610451562.685547,19.443000,"aten::contiguous",3339
5783,6029610451563.454102,18.460000,"aten::clone",3340
5784,6029610451565.545898,4.007000,"aten::empty_like",3341
5785,6029610451566.369141,2.837000,"aten::empty",3342
5786,6029610451570.498047,11.030000,"aten::copy_",3343
5788,6029610451587.649414,1.031000,"aten::view",3344
5790,6029610451708.540039,2.936000,"aten::empty",3345
5792,6029610451826.199219,69.669000,"LinearWithGradAccumulationAndAsyncCommunication",3346
5793,6029610451839.735352,5.765000,"aten::t",3347
5794,6029610451842.060547,2.552000,"aten::transpose",3348
5795,6029610451843.600586,0.674000,"aten::as_strided",3349
5796,6029610451847.726562,40.932000,"aten::matmul",3350
5797,6029610451849.253906,1.742000,"aten::reshape",3351
5798,6029610451849.709961,1.078000,"aten::view",3352
5799,6029610451851.936523,32.752000,"aten::mm",3353
5801,6029610451886.230469,1.783000,"aten::_unsafe_view",3354
5802,6029610451903.945312,11.881000,"_ReduceFromModelParallelRegion",3355
5803,6029610451912.173828,1.703000,"aten::view_as",3356
5804,6029610451912.858398,0.809000,"aten::view",3357
5805,6029610451930.560547,7.359000,"_CopyToModelParallelRegion",3358
5806,6029610451935.233398,1.325000,"aten::view_as",3359
5807,6029610451935.731445,0.609000,"aten::view",3360
5808,6029610451951.269531,37.538000,"LinearWithGradAccumulationAndAsyncCommunication",3361
5809,6029610451957.238281,2.443000,"aten::t",3362
5810,6029610451957.884766,1.265000,"aten::transpose",3363
5811,6029610451958.550781,0.359000,"aten::as_strided",3364
5812,6029610451960.647461,25.131000,"aten::matmul",3365
5813,6029610451961.203125,1.259000,"aten::reshape",3366
5814,6029610451961.549805,0.657000,"aten::view",3367
5815,6029610451962.867188,20.680000,"aten::mm",3368
5817,6029610451984.398438,0.734000,"aten::_unsafe_view",3369
5818,6029610451994.170898,8.332000,"_GatherFromModelParallelRegion",3370
5819,6029610451999.777344,1.350000,"aten::view_as",3371
5820,6029610452000.241211,0.627000,"aten::view",3372
5821,6029610452010.478516,16.841000,"aten::mul",3373
5823,6029610452037.239258,1.535000,"aten::reshape",3374
5824,6029610452037.644531,0.942000,"aten::view",3375
5825,6029610452041.085938,12.944000,"aten::add",3376
5827,6029610452087.258789,0.669000,"aten::dropout",3377
5828,6029610452089.336914,13.378000,"aten::add",3378
5830,6029610452229.967773,1.648000,"aten::view",3379
5831,6029610452234.580078,1.190000,"aten::view",3380
5832,6029610452247.169922,3.616000,"aten::empty",3381
5833,6029610452253.678711,2.247000,"aten::empty",3382
5834,6029610452260.202148,2.334000,"aten::empty",3383
5836,6029610452277.250000,1.003000,"aten::view",3384
5837,6029610452308.273438,2.924000,"aten::transpose",3385
5838,6029610452309.910156,0.686000,"aten::as_strided",3386
5839,6029610452313.388672,0.447000,"aten::to",3387
5841,6029610452398.925781,2.712000,"aten::empty",3388
5843,6029610452489.394531,12.984000,"_CopyToModelParallelRegion",3389
5844,6029610452496.326172,2.187000,"aten::view_as",3390
5845,6029610452496.848633,1.355000,"aten::view",3391
5846,6029610452518.708008,53.934000,"LinearWithGradAccumulationAndAsyncCommunication",3392
5847,6029610452526.776367,3.294000,"aten::t",3393
5848,6029610452527.780273,1.589000,"aten::transpose",3394
5849,6029610452528.445312,0.718000,"aten::as_strided",3395
5850,6029610452531.724609,36.592000,"aten::matmul",3396
5851,6029610452532.963867,1.370000,"aten::reshape",3397
5852,6029610452533.294922,0.829000,"aten::view",3398
5853,6029610452534.890625,30.268000,"aten::mm",3399
5855,6029610452566.382812,0.969000,"aten::_unsafe_view",3400
5856,6029610452578.191406,9.252000,"_GatherFromModelParallelRegion",3401
5857,6029610452584.518555,1.364000,"aten::view_as",3402
5858,6029610452584.916992,0.701000,"aten::view",3403
5859,6029610452599.293945,5.531000,"_CopyToModelParallelRegion",3404
5860,6029610452602.513672,1.100000,"aten::view_as",3405
5861,6029610452602.868164,0.528000,"aten::view",3406
5862,6029610452615.927734,37.337000,"LinearWithGradAccumulationAndAsyncCommunication",3407
5863,6029610452621.669922,2.251000,"aten::t",3408
5864,6029610452622.219727,1.204000,"aten::transpose",3409
5865,6029610452622.836914,0.420000,"aten::as_strided",3410
5866,6029610452624.934570,25.510000,"aten::matmul",3411
5867,6029610452625.551758,1.197000,"aten::reshape",3412
5868,6029610452625.878906,0.635000,"aten::view",3413
5869,6029610452627.263672,21.414000,"aten::mm",3414
5871,6029610452649.494141,0.458000,"aten::_unsafe_view",3415
5872,6029610452660.677734,16.800000,"aten::mul",3416
5874,6029610452685.323242,1.679000,"aten::reshape",3417
5875,6029610452685.685547,1.114000,"aten::view",3418
5876,6029610452689.272461,10.471000,"aten::add",3419
5878,6029610452711.767578,0.950000,"aten::view",3420
5879,6029610452718.046875,201.050000,"SwiGLUFunction",3421
5880,6029610452746.370117,25.872000,"TorchDynamo Cache Lookup",3422
5881,6029610452773.241211,139.361000,"Torch-Compiled Region: 2/3",3423
5882,6029610452785.909180,8.775000,"Pregraph bytecode",3424
5883,6029610452811.608398,6.384000,"AOTDispatcher Runtime Wrapper Prologue",3425
5884,6029610452828.818359,69.602000,"## Call CompiledFxGraph ftnwqncgas3evtcpnu3uiligps56abm45rnq467jaa35zufjlufy ##",3426
5885,6029610452871.083008,23.993000,"triton_poi_fused_mul_silu_split_0",3427
5888,6029610452921.825195,1.557000,"aten::view",3428
5890,6029610453001.041992,3.783000,"aten::empty",3429
5892,6029610453099.892578,52.145000,"LinearWithGradAccumulationAndAsyncCommunication",3430
5893,6029610453107.336914,4.599000,"aten::t",3431
5894,6029610453108.868164,2.453000,"aten::transpose",3432
5895,6029610453110.079102,0.903000,"aten::as_strided",3433
5896,6029610453113.678711,34.042000,"aten::matmul",3434
5897,6029610453115.034180,1.880000,"aten::reshape",3435
5898,6029610453115.548828,1.029000,"aten::view",3436
5899,6029610453117.514648,27.281000,"aten::mm",3437
5901,6029610453146.037109,0.826000,"aten::_unsafe_view",3438
5902,6029610453158.617188,8.919000,"_ReduceFromModelParallelRegion",3439
5903,6029610453164.470703,1.500000,"aten::view_as",3440
5904,6029610453164.921875,0.781000,"aten::view",3441
5905,6029610453179.131836,5.960000,"_CopyToModelParallelRegion",3442
5906,6029610453182.703125,1.119000,"aten::view_as",3443
5907,6029610453183.076172,0.554000,"aten::view",3444
5908,6029610453196.363281,36.166000,"LinearWithGradAccumulationAndAsyncCommunication",3445
5909,6029610453201.882812,2.276000,"aten::t",3446
5910,6029610453202.568359,1.120000,"aten::transpose",3447
5911,6029610453203.134766,0.348000,"aten::as_strided",3448
5912,6029610453205.198242,24.418000,"aten::matmul",3449
5913,6029610453205.878906,1.083000,"aten::reshape",3450
5914,6029610453206.194336,0.541000,"aten::view",3451
5915,6029610453207.423828,20.424000,"aten::mm",3452
5917,6029610453228.725586,0.441000,"aten::_unsafe_view",3453
5918,6029610453237.132812,8.244000,"_GatherFromModelParallelRegion",3454
5919,6029610453242.886719,1.215000,"aten::view_as",3455
5920,6029610453243.244141,0.605000,"aten::view",3456
5921,6029610453252.431641,16.458000,"aten::mul",3457
5923,6029610453277.002930,1.768000,"aten::reshape",3458
5924,6029610453277.436523,1.115000,"aten::view",3459
5925,6029610453280.826172,11.420000,"aten::add",3460
5927,6029610453331.423828,81.239000,"RouterGatingLinearFunction",3461
5928,6029610453338.083008,0.721000,"aten::view",3462
5929,6029610453361.006836,3.131000,"aten::empty",3463
5933,6029610453407.769531,1.266000,"aten::view",3464
5934,6029610453419.556641,0.776000,"aten::view",3465
5935,6029610453421.912109,1.706000,"aten::reshape",3466
5936,6029610453422.362305,1.048000,"aten::view",3467
5937,6029610453446.200195,0.458000,"aten::to",3468
5938,6029610453449.889648,48.315000,"aten::sigmoid",3469
5940,6029610453500.098633,0.458000,"aten::to",3470
5941,6029610453501.763672,19.984000,"aten::add",3471
5944,6029610453525.472656,1.292000,"aten::view",3472
5945,6029610453540.356445,62.908000,"aten::topk",3473
5961,6029610453610.117188,28.383000,"aten::sum",3474
5962,6029610453616.799805,0.733000,"aten::as_strided",3475
5964,6029610453643.986328,10.124000,"aten::topk",3476
5966,6029610453658.486328,19.978000,"aten::zeros_like",3477
5967,6029610453659.850586,6.071000,"aten::empty_like",3478
5968,6029610453661.519531,3.970000,"aten::empty_strided",3479
5969,6029610453667.027344,11.183000,"aten::zero_",3480
5970,6029610453668.278320,9.256000,"aten::fill_",3481
5972,6029610453685.370117,19.048000,"aten::scatter_",3482
5973,6029610453693.081055,0.311000,"aten::as_strided",3483
5975,6029610453706.773438,3.406000,"aten::unsqueeze",3484
5976,6029610453708.935547,0.291000,"aten::as_strided",3485
5977,6029610453714.193359,4.351000,"aten::expand",3486
5978,6029610453717.165039,0.575000,"aten::as_strided",3487
5979,6029610453720.473633,6.884000,"aten::reshape",3488
5980,6029610453724.824219,2.161000,"aten::_reshape_alias",3489
5981,6029610453729.483398,22.631000,"aten::to",3490
5982,6029610453730.274414,21.655000,"aten::_to_copy",3491
5983,6029610453732.811523,3.088000,"aten::empty_strided",3492
5984,6029610453736.989258,14.327000,"aten::copy_",3493
5986,6029610453754.652344,14.484000,"aten::bitwise_not",3494
5988,6029610453775.815430,48.713000,"aten::masked_fill",3495
5989,6029610453778.444336,29.733000,"aten::clone",3496
5990,6029610453779.316406,4.357000,"aten::empty_like",3497
5991,6029610453780.301758,3.071000,"aten::empty",3498
5992,6029610453784.234375,23.631000,"aten::copy_",3499
5994,6029610453809.609375,14.422000,"aten::masked_fill_",3500
5996,6029610453828.340820,24.668000,"aten::topk",3501
6012,6029610453860.853516,14.424000,"aten::gather",3502
6013,6029610453865.544922,0.360000,"aten::as_strided",3503
6014,6029610453866.458008,0.312000,"aten::as_strided",3504
6016,6029610453878.466797,11.689000,"aten::sum",3505
6018,6029610453895.236328,14.450000,"aten::add",3506
6020,6029610453916.077148,18.015000,"aten::div",3507
6022,6029610453937.748047,11.400000,"aten::mul",3508
6024,6029610453954.507812,2.400000,"aten::type_as",3509
6025,6029610453956.075195,0.616000,"aten::to",3510
6026,6029610453960.260742,12.446000,"aten::zeros_like",3511
6027,6029610453960.719727,3.318000,"aten::empty_like",3512
6028,6029610453961.149414,2.634000,"aten::empty_strided",3513
6029,6029610453964.533203,7.923000,"aten::zero_",3514
6030,6029610453965.484375,6.350000,"aten::fill_",3515
6032,6029610453977.575195,28.837000,"aten::scatter",3516
6033,6029610453982.650391,11.334000,"aten::copy_",3517
6035,6029610453995.647461,0.311000,"aten::as_strided",3518
6036,6029610453996.449219,0.141000,"aten::as_strided",3519
6038,6029610454008.493164,10.358000,"aten::zeros_like",3520
6039,6029610454008.856445,2.983000,"aten::empty_like",3521
6040,6029610454009.296875,2.339000,"aten::empty_strided",3522
6041,6029610454012.295898,6.399000,"aten::zero_",3523
6042,6029610454012.880859,5.266000,"aten::fill_",3524
6044,6029610454020.505859,12.793000,"aten::to",3525
6045,6029610454020.953125,12.164000,"aten::_to_copy",3526
6046,6029610454021.948242,2.653000,"aten::empty_strided",3527
6047,6029610454025.112305,7.585000,"aten::copy_",3528
6049,6029610454038.766602,20.112000,"aten::scatter",3529
6050,6029610454042.207031,8.138000,"aten::copy_",3530
6052,6029610454051.596680,0.210000,"aten::as_strided",3531
6054,6029610454060.911133,13.760000,"aten::to",3532
6055,6029610454061.217773,13.318000,"aten::_to_copy",3533
6056,6029610454061.743164,2.340000,"aten::empty_strided",3534
6057,6029610454064.554688,9.754000,"aten::copy_",3535
6059,6029610454123.576172,34.046000,"TorchDynamo Cache Lookup",3536
6060,6029610454158.836914,105467.708000,"Torch-Compiled Region: 4/2",3537
6061,6029610454171.077148,8.798000,"Pregraph bytecode",3538
6062,6029610454197.257812,8.252000,"AOTDispatcher Runtime Wrapper Prologue",3539
6063,6029610454214.569336,23.041000,"## Call CompiledFxGraph ffqfii4z2nn5a234ayoxvpzmpxm2ecoijt4taprfnuqf6o6d2cos ##",3540
6064,6029610454255.545898,3.711000,"aten::as_strided",3541
6065,6029610454265.483398,0.721000,"aten::as_strided",3542
6066,6029610454279.814453,2.190000,"aten::view",3543
6067,6029610454301.721680,36.291000,"TorchDynamo Cache Lookup",3544
6068,6029610454338.954102,105280.461000,"Torch-Compiled Region: 5/2",3545
6069,6029610454343.034180,2.985000,"Pregraph bytecode",3546
6070,6029610454354.238281,4.230000,"AOTDispatcher Runtime Wrapper Prologue",3547
6071,6029610454365.214844,312.885000,"## Call CompiledFxGraph fnkiwcsfuehnlfw5d3cywvi2duqgczmopj7zi7ubcdfyztfsjquy ##",3548
6072,6029610454397.566406,23.457000,"triton_poi_fused__to_copy_all_reduce_scalar_tensor_stack_0",3549
6074,6029610454435.430664,175.484000,"_c10d_functional::all_reduce_",3550
6075,6029610454442.681641,166.071000,"c10d::allreduce_",3551
6076,6029610454487.296875,117.463000,"record_param_comms",3552
6093,6029610454622.743164,52.061000,"_c10d_functional::wait_tensor",3554
6094,6029610454659.817383,3.227000,"record_param_comms",3555
6097,6029610454691.367188,104758.073000,"aten::item",3556
6098,6029610454692.943359,104754.765000,"aten::_local_scalar_dense",3557
6391,6029610559474.536133,33.786000,"TorchDynamo Cache Lookup",3558
6392,6029610559509.464844,107.615000,"Torch-Compiled Region: 6/2",3559
6393,6029610559521.598633,7.172000,"Pregraph bytecode",3560
6394,6029610559544.256836,8.251000,"AOTDispatcher Runtime Wrapper Prologue",3561
6395,6029610559560.553711,14.350000,"## Call CompiledFxGraph f3tq6x6bt5eden6n2umkfxx3rj6ut42hpbddqqwigq3nbcwnzya4 ##",3562
6396,6029610559590.201172,6.884000,"aten::as_strided",3563
6397,6029610559603.048828,0.774000,"aten::as_strided",3564
6398,6029610559660.971680,813.235000,"HybridEPDispatch",3565
6402,6029610559772.416992,8.862000,"aten::empty",3566
6403,6029610559782.236328,3.402000,"aten::empty",3567
6404,6029610559786.204102,1.577000,"aten::empty",3568
6405,6029610559788.288086,3.163000,"aten::empty",3569
6406,6029610559792.018555,3.103000,"aten::empty",3570
6407,6029610559795.668945,2.210000,"aten::empty",3571
6410,6029610559827.064453,2.707000,"aten::empty",3572
6411,6029610559830.377930,2.514000,"aten::empty",3573
6412,6029610559833.392578,1.949000,"aten::empty",3574
6413,6029610559835.829102,2.304000,"aten::empty",3575
6414,6029610559838.612305,2.456000,"aten::empty",3576
6417,6029610559855.454102,0.854000,"aten::empty",3577
6424,6029610560394.714844,2.641000,"aten::empty",3578
6425,6029610560397.916016,2.687000,"aten::empty",3579
6435,6029610560484.740234,0.497000,"aten::to",3580
6436,6029610560488.451172,21.505000,"aten::sum",3581
6437,6029610560491.125000,18.467000,"aten::sum",3582
6438,6029610560496.799805,1.425000,"aten::as_strided",3583
6439,6029610560506.852539,1.024000,"aten::fill_",3584
6440,6029610560553.424805,4.424000,"aten::unsqueeze",3585
6441,6029610560555.958008,0.492000,"aten::as_strided",3586
6442,6029610560568.341797,0.495000,"aten::resolve_conj",3587
6443,6029610560572.633789,0.260000,"aten::resolve_neg",3588
6444,6029610560617.083984,4.745000,"aten::view",3589
6445,6029610560628.405273,2.493000,"aten::alias",3590
6446,6029610560637.167969,0.715000,"aten::view",3591
6447,6029610560640.255859,0.618000,"aten::alias",3592
6448,6029610560645.352539,0.912000,"aten::view",3593
6449,6029610560648.242188,0.834000,"aten::alias",3594
6450,6029610560653.640625,0.733000,"aten::view",3595
6451,6029610560656.416016,0.527000,"aten::alias",3596
6452,6029610560660.556641,0.693000,"aten::view",3597
6453,6029610560663.287109,0.523000,"aten::alias",3598
6454,6029610560667.871094,0.645000,"aten::view",3599
6455,6029610560670.386719,0.487000,"aten::alias",3600
6456,6029610560675.010742,0.822000,"aten::view",3601
6457,6029610560677.898438,0.726000,"aten::alias",3602
6458,6029610560681.956055,0.654000,"aten::view",3603
6459,6029610560684.738281,0.544000,"aten::alias",3604
6460,6029610560688.950195,0.644000,"aten::view",3605
6461,6029610560691.715820,0.548000,"aten::alias",3606
6462,6029610560695.454102,0.758000,"aten::view",3607
6463,6029610560698.107422,0.592000,"aten::alias",3608
6464,6029610560702.352539,0.778000,"aten::view",3609
6465,6029610560705.138672,0.514000,"aten::alias",3610
6466,6029610560709.366211,0.971000,"aten::view",3611
6467,6029610560712.591797,0.696000,"aten::alias",3612
6468,6029610560716.582031,0.927000,"aten::view",3613
6469,6029610560719.432617,0.566000,"aten::alias",3614
6470,6029610560723.424805,1.057000,"aten::view",3615
6471,6029610560726.289062,0.649000,"aten::alias",3616
6472,6029610560730.364258,1.083000,"aten::view",3617
6473,6029610560733.230469,0.708000,"aten::alias",3618
6474,6029610560737.490234,0.870000,"aten::view",3619
6475,6029610560740.296875,0.562000,"aten::alias",3620
6476,6029610560744.080078,0.634000,"aten::view",3621
6477,6029610560746.630859,0.521000,"aten::alias",3622
6478,6029610560751.531250,0.659000,"aten::view",3623
6479,6029610560753.970703,0.525000,"aten::alias",3624
6480,6029610560757.558594,0.880000,"aten::view",3625
6481,6029610560760.284180,0.507000,"aten::alias",3626
6482,6029610560764.174805,0.899000,"aten::view",3627
6483,6029610560766.739258,0.584000,"aten::alias",3628
6484,6029610560770.925781,0.756000,"aten::view",3629
6485,6029610560773.577148,0.600000,"aten::alias",3630
6486,6029610560777.716797,0.615000,"aten::view",3631
6487,6029610560780.242188,0.537000,"aten::alias",3632
6488,6029610560783.921875,0.731000,"aten::view",3633
6489,6029610560786.548828,0.722000,"aten::alias",3634
6490,6029610560791.022461,0.617000,"aten::view",3635
6491,6029610560793.462891,0.503000,"aten::alias",3636
6492,6029610560797.754883,0.603000,"aten::view",3637
6493,6029610560800.416016,0.609000,"aten::alias",3638
6494,6029610560804.801758,0.847000,"aten::view",3639
6495,6029610560807.852539,0.840000,"aten::alias",3640
6496,6029610560812.117188,0.697000,"aten::view",3641
6497,6029610560814.724609,0.506000,"aten::alias",3642
6498,6029610560818.417969,0.648000,"aten::view",3643
6499,6029610560820.791992,0.522000,"aten::alias",3644
6500,6029610560824.651367,0.879000,"aten::view",3645
6501,6029610560827.673828,0.574000,"aten::alias",3646
6502,6029610560831.779297,0.603000,"aten::view",3647
6503,6029610560834.250977,0.497000,"aten::alias",3648
6504,6029610560837.978516,0.630000,"aten::view",3649
6505,6029610560840.636719,0.469000,"aten::alias",3650
6506,6029610560844.580078,0.605000,"aten::view",3651
6507,6029610560847.166016,0.515000,"aten::alias",3652
6508,6029610560892.827148,72.705000,"TorchDynamo Cache Lookup",3653
6509,6029610560966.504883,2080.734000,"Torch-Compiled Region: 8/0",3654
6510,6029610560974.804688,3.664000,"Pregraph bytecode",3655
6511,6029610560990.204102,6.797000,"AOTDispatcher Runtime Wrapper Prologue",3656
6512,6029610561008.227539,2023.226000,"## Call CompiledFxGraph fq7m25neaplnlgu4vjz3ffl5fisqpcpy3hcdd7muznj4iudd4ynw ##",3657
6513,6029610561091.969727,35.011000,"triton_poi_fused__to_copy_mul_unsqueeze_view_0",3658
6515,6029610561135.786133,12.564000,"triton_poi_fused__to_copy_mul_unsqueeze_view_0",3659
6517,6029610561154.217773,9.249000,"triton_poi_fused__to_copy_mul_unsqueeze_view_0",3660
6519,6029610561169.080078,9.636000,"triton_poi_fused__to_copy_mul_unsqueeze_view_0",3661
6521,6029610561183.752930,8.861000,"triton_poi_fused__to_copy_mul_unsqueeze_view_0",3662
6523,6029610561197.480469,8.704000,"triton_poi_fused__to_copy_mul_unsqueeze_view_0",3663
6525,6029610561210.873047,8.037000,"triton_poi_fused__to_copy_mul_unsqueeze_view_0",3664
6527,6029610561223.177734,9.006000,"triton_poi_fused__to_copy_mul_unsqueeze_view_0",3665
6529,6029610561236.906250,9.531000,"triton_poi_fused__to_copy_mul_unsqueeze_view_0",3666
6531,6029610561250.639648,7.046000,"triton_poi_fused__to_copy_mul_unsqueeze_view_0",3667
6533,6029610561262.033203,8.074000,"triton_poi_fused__to_copy_mul_unsqueeze_view_0",3668
6535,6029610561274.680664,8.731000,"triton_poi_fused__to_copy_mul_unsqueeze_view_0",3669
6537,6029610561287.743164,8.290000,"triton_poi_fused__to_copy_mul_unsqueeze_view_0",3670
6539,6029610561300.363281,8.427000,"triton_poi_fused__to_copy_mul_unsqueeze_view_0",3671
6541,6029610561313.678711,8.372000,"triton_poi_fused__to_copy_mul_unsqueeze_view_0",3672
6543,6029610561326.253906,18.321000,"triton_poi_fused__to_copy_mul_unsqueeze_view_0",3673
6545,6029610561349.128906,8.308000,"triton_poi_fused__to_copy_mul_unsqueeze_view_0",3674
6547,6029610561362.132812,7.837000,"triton_poi_fused__to_copy_mul_unsqueeze_view_0",3675
6549,6029610561374.728516,7.857000,"triton_poi_fused__to_copy_mul_unsqueeze_view_0",3676
6551,6029610561387.194336,8.343000,"triton_poi_fused__to_copy_mul_unsqueeze_view_0",3677
6553,6029610561400.019531,8.609000,"triton_poi_fused__to_copy_mul_unsqueeze_view_0",3678
6555,6029610561413.202148,8.800000,"triton_poi_fused__to_copy_mul_unsqueeze_view_0",3679
6557,6029610561426.099609,8.496000,"triton_poi_fused__to_copy_mul_unsqueeze_view_0",3680
6559,6029610561439.208984,7.596000,"triton_poi_fused__to_copy_mul_unsqueeze_view_0",3681
6561,6029610561451.130859,7.343000,"triton_poi_fused__to_copy_mul_unsqueeze_view_0",3682
6563,6029610561462.644531,14.162000,"triton_poi_fused__to_copy_mul_unsqueeze_view_0",3683
6565,6029610561481.352539,8.074000,"triton_poi_fused__to_copy_mul_unsqueeze_view_0",3684
6567,6029610561494.696289,14.281000,"triton_poi_fused__to_copy_mul_unsqueeze_view_0",3685
6569,6029610561514.435547,9.030000,"triton_poi_fused__to_copy_mul_unsqueeze_view_0",3686
6571,6029610562928.047852,31.452000,"triton_poi_fused__to_copy_mul_unsqueeze_view_0",3687
6573,6029610562974.971680,10.918000,"triton_poi_fused__to_copy_mul_unsqueeze_view_0",3688
6575,6029610562991.470703,10.041000,"triton_poi_fused__to_copy_mul_unsqueeze_view_0",3689
6577,6029610563147.627930,51.966000,"aten::unbind",3690
6578,6029610563152.627930,6.046000,"aten::select",3691
6579,6029610563155.807617,2.042000,"aten::as_strided",3692
6580,6029610563159.309570,0.855000,"aten::select",3693
6581,6029610563159.734375,0.203000,"aten::as_strided",3694
6582,6029610563160.598633,0.903000,"aten::select",3695
6583,6029610563161.131836,0.182000,"aten::as_strided",3696
6584,6029610563161.881836,0.727000,"aten::select",3697
6585,6029610563162.280273,0.119000,"aten::as_strided",3698
6586,6029610563162.982422,0.804000,"aten::select",3699
6587,6029610563163.394531,0.177000,"aten::as_strided",3700
6588,6029610563164.121094,0.751000,"aten::select",3701
6589,6029610563164.440430,0.250000,"aten::as_strided",3702
6590,6029610563165.284180,0.740000,"aten::select",3703
6591,6029610563165.750000,0.092000,"aten::as_strided",3704
6592,6029610563166.367188,0.984000,"aten::select",3705
6593,6029610563166.708008,0.459000,"aten::as_strided",3706
6594,6029610563167.719727,0.874000,"aten::select",3707
6595,6029610563168.176758,0.182000,"aten::as_strided",3708
6596,6029610563168.933594,0.628000,"aten::select",3709
6597,6029610563169.255859,0.136000,"aten::as_strided",3710
6598,6029610563169.876953,0.745000,"aten::select",3711
6599,6029610563170.319336,0.097000,"aten::as_strided",3712
6600,6029610563170.957031,0.664000,"aten::select",3713
6601,6029610563171.313477,0.127000,"aten::as_strided",3714
6602,6029610563171.953125,1.009000,"aten::select",3715
6603,6029610563172.534180,0.202000,"aten::as_strided",3716
6604,6029610563173.359375,0.655000,"aten::select",3717
6605,6029610563173.713867,0.121000,"aten::as_strided",3718
6606,6029610563174.338867,0.700000,"aten::select",3719
6607,6029610563174.749023,0.135000,"aten::as_strided",3720
6608,6029610563175.413086,0.731000,"aten::select",3721
6609,6029610563175.758789,0.230000,"aten::as_strided",3722
6610,6029610563176.489258,0.695000,"aten::select",3723
6611,6029610563176.874023,0.120000,"aten::as_strided",3724
6612,6029610563177.538086,1.360000,"aten::select",3725
6613,6029610563178.369141,0.335000,"aten::as_strided",3726
6614,6029610563179.245117,0.940000,"aten::select",3727
6615,6029610563179.810547,0.214000,"aten::as_strided",3728
6616,6029610563180.501953,0.878000,"aten::select",3729
6617,6029610563180.900391,0.329000,"aten::as_strided",3730
6618,6029610563181.698242,0.682000,"aten::select",3731
6619,6029610563182.086914,0.140000,"aten::as_strided",3732
6620,6029610563182.695312,0.732000,"aten::select",3733
6621,6029610563183.075195,0.135000,"aten::as_strided",3734
6622,6029610563183.741211,0.734000,"aten::select",3735
6623,6029610563184.079102,0.245000,"aten::as_strided",3736
6624,6029610563184.791992,0.878000,"aten::select",3737
6625,6029610563185.129883,0.385000,"aten::as_strided",3738
6626,6029610563185.989258,0.791000,"aten::select",3739
6627,6029610563186.360352,0.230000,"aten::as_strided",3740
6628,6029610563187.125977,0.694000,"aten::select",3741
6629,6029610563187.501953,0.167000,"aten::as_strided",3742
6630,6029610563188.269531,0.683000,"aten::select",3743
6631,6029610563188.640625,0.158000,"aten::as_strided",3744
6632,6029610563189.331055,0.677000,"aten::select",3745
6633,6029610563189.678711,0.136000,"aten::as_strided",3746
6634,6029610563190.339844,0.665000,"aten::select",3747
6635,6029610563190.678711,0.174000,"aten::as_strided",3748
6636,6029610563191.317383,0.662000,"aten::select",3749
6637,6029610563191.673828,0.116000,"aten::as_strided",3750
6638,6029610563192.294922,0.624000,"aten::select",3751
6639,6029610563192.652344,0.110000,"aten::as_strided",3752
6640,6029610563193.230469,0.769000,"aten::select",3753
6641,6029610563193.589844,0.219000,"aten::as_strided",3754
6642,6029610563206.414062,9.031000,"aten::new_empty",3755
6643,6029610563208.933594,6.183000,"aten::empty",3756
6644,6029610563217.111328,2.378000,"aten::new_empty",3757
6645,6029610563217.458984,1.853000,"aten::empty",3758
6646,6029610563220.501953,2.180000,"aten::new_empty",3759
6647,6029610563220.824219,1.706000,"aten::empty",3760
6648,6029610563223.641602,2.158000,"aten::new_empty",3761
6649,6029610563223.970703,1.669000,"aten::empty",3762
6650,6029610563226.741211,2.377000,"aten::new_empty",3763
6651,6029610563227.060547,1.862000,"aten::empty",3764
6652,6029610563230.159180,2.295000,"aten::new_empty",3765
6653,6029610563230.576172,1.696000,"aten::empty",3766
6654,6029610563233.310547,2.213000,"aten::new_empty",3767
6655,6029610563233.637695,1.718000,"aten::empty",3768
6656,6029610563236.436523,2.308000,"aten::new_empty",3769
6657,6029610563236.766602,1.810000,"aten::empty",3770
6658,6029610563239.650391,2.207000,"aten::new_empty",3771
6659,6029610563239.943359,1.746000,"aten::empty",3772
6660,6029610563242.866211,2.544000,"aten::new_empty",3773
6661,6029610563243.186523,2.000000,"aten::empty",3774
6662,6029610563246.385742,2.246000,"aten::new_empty",3775
6663,6029610563246.679688,1.767000,"aten::empty",3776
6664,6029610563249.496094,2.114000,"aten::new_empty",3777
6665,6029610563249.766602,1.684000,"aten::empty",3778
6666,6029610563252.466797,2.119000,"aten::new_empty",3779
6667,6029610563252.738281,1.689000,"aten::empty",3780
6668,6029610563255.467773,2.135000,"aten::new_empty",3781
6669,6029610563255.740234,1.701000,"aten::empty",3782
6670,6029610563258.454102,2.231000,"aten::new_empty",3783
6671,6029610563258.725586,1.777000,"aten::empty",3784
6672,6029610563261.594727,2.101000,"aten::new_empty",3785
6673,6029610563261.864258,1.667000,"aten::empty",3786
6674,6029610563264.580078,2.163000,"aten::new_empty",3787
6675,6029610563264.904297,1.671000,"aten::empty",3788
6676,6029610563267.699219,2.124000,"aten::new_empty",3789
6677,6029610563267.968750,1.689000,"aten::empty",3790
6678,6029610563270.689453,2.155000,"aten::new_empty",3791
6679,6029610563270.958008,1.728000,"aten::empty",3792
6680,6029610563273.739258,2.409000,"aten::new_empty",3793
6681,6029610563274.063477,1.901000,"aten::empty",3794
6682,6029610563277.045898,2.120000,"aten::new_empty",3795
6683,6029610563277.368164,1.631000,"aten::empty",3796
6684,6029610563280.047852,2.216000,"aten::new_empty",3797
6685,6029610563280.454102,1.644000,"aten::empty",3798
6686,6029610563283.189453,2.118000,"aten::new_empty",3799
6687,6029610563283.458984,1.669000,"aten::empty",3800
6688,6029610563286.172852,2.175000,"aten::new_empty",3801
6689,6029610563286.497070,1.692000,"aten::empty",3802
6690,6029610563289.238281,2.223000,"aten::new_empty",3803
6691,6029610563289.511719,1.753000,"aten::empty",3804
6692,6029610563292.411133,2.255000,"aten::new_empty",3805
6693,6029610563292.718750,1.795000,"aten::empty",3806
6694,6029610563295.571289,2.289000,"aten::new_empty",3807
6695,6029610563295.859375,1.814000,"aten::empty",3808
6696,6029610563298.789062,2.129000,"aten::new_empty",3809
6697,6029610563299.066406,1.683000,"aten::empty",3810
6698,6029610563301.885742,2.140000,"aten::new_empty",3811
6699,6029610563302.158203,1.706000,"aten::empty",3812
6700,6029610563304.958008,2.202000,"aten::new_empty",3813
6701,6029610563305.230469,1.772000,"aten::empty",3814
6702,6029610563308.022461,2.151000,"aten::new_empty",3815
6703,6029610563308.293945,1.675000,"aten::empty",3816
6704,6029610563311.088867,2.145000,"aten::new_empty",3817
6705,6029610563311.415039,1.661000,"aten::empty",3818
6706,6029610563325.259766,5.275000,"aten::reshape",3819
6707,6029610563326.509766,3.746000,"aten::view",3820
6708,6029610563343.541992,26.975000,"aten::split_with_sizes",3821
6709,6029610563346.345703,0.265000,"aten::as_strided",3822
6710,6029610563347.458008,0.154000,"aten::as_strided",3823
6711,6029610563348.067383,0.138000,"aten::as_strided",3824
6712,6029610563348.656250,0.127000,"aten::as_strided",3825
6713,6029610563349.208008,0.127000,"aten::as_strided",3826
6714,6029610563349.775391,0.144000,"aten::as_strided",3827
6715,6029610563350.308594,0.121000,"aten::as_strided",3828
6716,6029610563350.846680,0.153000,"aten::as_strided",3829
6717,6029610563351.388672,0.171000,"aten::as_strided",3830
6718,6029610563351.974609,0.258000,"aten::as_strided",3831
6719,6029610563352.623047,0.177000,"aten::as_strided",3832
6720,6029610563353.198242,0.506000,"aten::as_strided",3833
6721,6029610563354.134766,0.298000,"aten::as_strided",3834
6722,6029610563354.882812,0.191000,"aten::as_strided",3835
6723,6029610563355.458008,0.128000,"aten::as_strided",3836
6724,6029610563355.971680,0.115000,"aten::as_strided",3837
6725,6029610563356.504883,0.127000,"aten::as_strided",3838
6726,6029610563357.023438,0.114000,"aten::as_strided",3839
6727,6029610563357.523438,0.114000,"aten::as_strided",3840
6728,6029610563358.027344,0.115000,"aten::as_strided",3841
6729,6029610563358.529297,0.116000,"aten::as_strided",3842
6730,6029610563359.027344,0.218000,"aten::as_strided",3843
6731,6029610563359.666992,0.254000,"aten::as_strided",3844
6732,6029610563360.328125,0.149000,"aten::as_strided",3845
6733,6029610563360.863281,0.125000,"aten::as_strided",3846
6734,6029610563361.375977,0.119000,"aten::as_strided",3847
6735,6029610563361.879883,0.117000,"aten::as_strided",3848
6736,6029610563362.381836,0.116000,"aten::as_strided",3849
6737,6029610563362.885742,0.114000,"aten::as_strided",3850
6738,6029610563363.488281,0.137000,"aten::as_strided",3851
6739,6029610563364.042969,0.122000,"aten::as_strided",3852
6740,6029610563364.585938,0.124000,"aten::as_strided",3853
6741,6029610563385.044922,6.365000,"aten::empty",3854
6868,6029610574421.158203,10.082000,"aten::view",3855
6869,6029610574512.000000,2.235000,"aten::view",3856
6870,6029610574534.912109,249.655000,"WeightedSwiGLUFunction",3857
6871,6029610574565.561523,32.346000,"TorchDynamo Cache Lookup",3858
6872,6029610574599.252930,174.644000,"Torch-Compiled Region: 9/1",3859
6873,6029610574610.341797,7.423000,"Pregraph bytecode",3860
6874,6029610574634.582031,7.116000,"AOTDispatcher Runtime Wrapper Prologue",3861
6875,6029610574654.441406,105.404000,"## Call CompiledFxGraph fdy7iwqiitrpcystd4www7yc2ewjq6xcvz3773kyahvgoqyxa45e ##",3862
6876,6029610574719.748047,36.497000,"triton_poi_fused__to_copy_mul_silu_split_0",3863
6878,6029610574827.087891,4.693000,"aten::view",3864
6879,6029610574838.928711,2.614000,"aten::alias",3865
6880,6029610574847.978516,0.854000,"aten::view",3866
6881,6029610574851.238281,0.806000,"aten::alias",3867
6882,6029610574855.958008,0.806000,"aten::view",3868
6883,6029610574858.878906,0.752000,"aten::alias",3869
6884,6029610574864.079102,0.747000,"aten::view",3870
6885,6029610574866.752930,0.814000,"aten::alias",3871
6886,6029610574871.269531,0.565000,"aten::view",3872
6887,6029610574874.155273,0.581000,"aten::alias",3873
6888,6029610574878.720703,0.889000,"aten::view",3874
6889,6029610574881.704102,0.524000,"aten::alias",3875
6890,6029610574885.387695,0.632000,"aten::view",3876
6891,6029610574888.159180,0.488000,"aten::alias",3877
6892,6029610574892.222656,0.800000,"aten::view",3878
6893,6029610574895.004883,0.546000,"aten::alias",3879
6894,6029610574898.732422,0.563000,"aten::view",3880
6895,6029610574901.275391,0.779000,"aten::alias",3881
6896,6029610574905.415039,0.532000,"aten::view",3882
6897,6029610574907.878906,0.692000,"aten::alias",3883
6898,6029610574911.614258,0.767000,"aten::view",3884
6899,6029610574914.816406,0.599000,"aten::alias",3885
6900,6029610574919.397461,0.587000,"aten::view",3886
6901,6029610574921.885742,0.706000,"aten::alias",3887
6902,6029610574926.416992,0.690000,"aten::view",3888
6903,6029610574929.422852,0.827000,"aten::alias",3889
6904,6029610574933.946289,0.742000,"aten::view",3890
6905,6029610574936.648438,0.640000,"aten::alias",3891
6906,6029610574940.418945,0.869000,"aten::view",3892
6907,6029610574943.180664,0.722000,"aten::alias",3893
6908,6029610574947.380859,0.609000,"aten::view",3894
6909,6029610574949.865234,0.732000,"aten::alias",3895
6910,6029610574954.099609,0.513000,"aten::view",3896
6911,6029610574956.692383,0.648000,"aten::alias",3897
6912,6029610574961.039062,0.558000,"aten::view",3898
6913,6029610574963.701172,0.630000,"aten::alias",3899
6914,6029610574968.199219,0.556000,"aten::view",3900
6915,6029610574970.793945,0.562000,"aten::alias",3901
6916,6029610574974.926758,0.542000,"aten::view",3902
6917,6029610574977.337891,0.684000,"aten::alias",3903
6918,6029610574981.014648,0.696000,"aten::view",3904
6919,6029610574983.660156,0.515000,"aten::alias",3905
6920,6029610574987.223633,0.865000,"aten::view",3906
6921,6029610574989.797852,0.811000,"aten::alias",3907
6922,6029610574993.487305,0.542000,"aten::view",3908
6923,6029610574995.815430,0.428000,"aten::alias",3909
6924,6029610574999.153320,0.666000,"aten::view",3910
6925,6029610575001.793945,0.650000,"aten::alias",3911
6926,6029610575005.343750,0.512000,"aten::view",3912
6927,6029610575007.697266,0.492000,"aten::alias",3913
6928,6029610575011.401367,0.665000,"aten::view",3914
6929,6029610575013.743164,0.677000,"aten::alias",3915
6930,6029610575017.419922,0.556000,"aten::view",3916
6931,6029610575019.926758,0.614000,"aten::alias",3917
6932,6029610575023.849609,0.941000,"aten::view",3918
6933,6029610575026.545898,0.858000,"aten::alias",3919
6934,6029610575030.170898,0.753000,"aten::view",3920
6935,6029610575033.018555,0.888000,"aten::alias",3921
6936,6029610575037.164062,0.582000,"aten::view",3922
6937,6029610575039.421875,0.802000,"aten::alias",3923
6938,6029610575043.122070,0.491000,"aten::view",3924
6939,6029610575045.577148,0.567000,"aten::alias",3925
6940,6029610575049.237305,0.650000,"aten::view",3926
6941,6029610575051.976562,0.745000,"aten::alias",3927
6942,6029610575088.365234,63.036000,"TorchDynamo Cache Lookup",3928
6945,6029610575152.358398,574.897000,"Torch-Compiled Region: 8/1",3929
6946,6029610575157.490234,3.532000,"Pregraph bytecode",3930
6947,6029610575171.356445,4.704000,"AOTDispatcher Runtime Wrapper Prologue",3931
6948,6029610575183.568359,535.658000,"## Call CompiledFxGraph f4ns4a4vsv6f6tzb2kqjwiir7mckm4yvy3xawoxzga7guzwr6hx3 ##",3932
6949,6029610575254.190430,26.527000,"triton_poi_fused__to_copy_mul_unsqueeze_view_0",3933
6951,6029610575288.816406,10.411000,"triton_poi_fused__to_copy_mul_unsqueeze_view_0",3934
6953,6029610575305.328125,10.299000,"triton_poi_fused__to_copy_mul_unsqueeze_view_0",3935
6955,6029610575320.701172,8.120000,"triton_poi_fused__to_copy_mul_unsqueeze_view_0",3936
6957,6029610575333.308594,7.239000,"triton_poi_fused__to_copy_mul_unsqueeze_view_0",3937
6959,6029610575345.373047,8.095000,"triton_poi_fused__to_copy_mul_unsqueeze_view_0",3938
6961,6029610575358.222656,9.117000,"triton_poi_fused__to_copy_mul_unsqueeze_view_0",3939
6963,6029610575372.051758,8.295000,"triton_poi_fused__to_copy_mul_unsqueeze_view_0",3940
6965,6029610575384.917969,8.317000,"triton_poi_fused__to_copy_mul_unsqueeze_view_0",3941
6967,6029610575398.650391,7.892000,"triton_poi_fused__to_copy_mul_unsqueeze_view_0",3942
6969,6029610575411.243164,8.025000,"triton_poi_fused__to_copy_mul_unsqueeze_view_0",3943
6971,6029610575423.754883,7.188000,"triton_poi_fused__to_copy_mul_unsqueeze_view_0",3944
6973,6029610575435.501953,7.520000,"triton_poi_fused__to_copy_mul_unsqueeze_view_0",3945
6975,6029610575447.546875,8.205000,"triton_poi_fused__to_copy_mul_unsqueeze_view_0",3946
6978,6029610575460.223633,35.981000,"triton_poi_fused__to_copy_mul_unsqueeze_view_0",3947
6984,6029610575501.946289,8.375000,"triton_poi_fused__to_copy_mul_unsqueeze_view_0",3948
6988,6029610575514.603516,7.278000,"triton_poi_fused__to_copy_mul_unsqueeze_view_0",3949
6991,6029610575526.781250,7.750000,"triton_poi_fused__to_copy_mul_unsqueeze_view_0",3950
6993,6029610575539.196289,7.359000,"triton_poi_fused__to_copy_mul_unsqueeze_view_0",3951
6995,6029610575551.330078,6.948000,"triton_poi_fused__to_copy_mul_unsqueeze_view_0",3952
6997,6029610575562.625000,7.492000,"triton_poi_fused__to_copy_mul_unsqueeze_view_0",3953
6999,6029610575575.478516,8.060000,"triton_poi_fused__to_copy_mul_unsqueeze_view_0",3954
7001,6029610575588.956055,8.440000,"triton_poi_fused__to_copy_mul_unsqueeze_view_0",3955
7003,6029610575601.628906,7.301000,"triton_poi_fused__to_copy_mul_unsqueeze_view_0",3956
7005,6029610575613.489258,6.578000,"triton_poi_fused__to_copy_mul_unsqueeze_view_0",3957
7007,6029610575624.278320,7.683000,"triton_poi_fused__to_copy_mul_unsqueeze_view_0",3958
7009,6029610575636.643555,6.861000,"triton_poi_fused__to_copy_mul_unsqueeze_view_0",3959
7011,6029610575648.272461,7.020000,"triton_poi_fused__to_copy_mul_unsqueeze_view_0",3960
7013,6029610575659.891602,7.937000,"triton_poi_fused__to_copy_mul_unsqueeze_view_0",3961
7015,6029610575672.351562,7.314000,"triton_poi_fused__to_copy_mul_unsqueeze_view_0",3962
7017,6029610575683.614258,7.322000,"triton_poi_fused__to_copy_mul_unsqueeze_view_0",3963
7019,6029610575696.256836,6.405000,"triton_poi_fused__to_copy_mul_unsqueeze_view_0",3964
7021,6029610575782.530273,50.132000,"aten::unbind",3965
7022,6029610575786.118164,5.291000,"aten::select",3966
7023,6029610575789.023438,1.674000,"aten::as_strided",3967
7024,6029610575791.996094,0.833000,"aten::select",3968
7025,6029610575792.418945,0.187000,"aten::as_strided",3969
7026,6029610575793.341797,0.839000,"aten::select",3970
7027,6029610575793.893555,0.094000,"aten::as_strided",3971
7028,6029610575794.632812,0.724000,"aten::select",3972
7029,6029610575795.025391,0.145000,"aten::as_strided",3973
7030,6029610575795.785156,0.788000,"aten::select",3974
7031,6029610575796.222656,0.155000,"aten::as_strided",3975
7032,6029610575796.917969,0.670000,"aten::select",3976
7033,6029610575797.263672,0.136000,"aten::as_strided",3977
7034,6029610575797.913086,0.837000,"aten::select",3978
7035,6029610575798.356445,0.182000,"aten::as_strided",3979
7036,6029610575799.103516,0.817000,"aten::select",3980
7037,6029610575799.423828,0.329000,"aten::as_strided",3981
7038,6029610575800.237305,0.960000,"aten::select",3982
7039,6029610575800.757812,0.258000,"aten::as_strided",3983
7040,6029610575801.533203,0.685000,"aten::select",3984
7041,6029610575801.890625,0.104000,"aten::as_strided",3985
7042,6029610575802.666016,0.877000,"aten::select",3986
7043,6029610575803.251953,0.113000,"aten::as_strided",3987
7044,6029610575803.916992,0.737000,"aten::select",3988
7045,6029610575804.382812,0.103000,"aten::as_strided",3989
7046,6029610575804.991211,0.761000,"aten::select",3990
7047,6029610575805.456055,0.091000,"aten::as_strided",3991
7048,6029610575806.148438,0.630000,"aten::select",3992
7049,6029610575806.473633,0.104000,"aten::as_strided",3993
7050,6029610575807.153320,0.748000,"aten::select",3994
7051,6029610575807.633789,0.092000,"aten::as_strided",3995
7052,6029610575808.268555,0.684000,"aten::select",3996
7053,6029610575808.589844,0.153000,"aten::as_strided",3997
7054,6029610575809.271484,0.863000,"aten::select",3998
7055,6029610575809.702148,0.257000,"aten::as_strided",3999
7056,6029610575810.476562,0.660000,"aten::select",4000
7057,6029610575810.818359,0.120000,"aten::as_strided",4001
7058,6029610575811.658203,0.885000,"aten::select",4002
7059,6029610575812.131836,0.236000,"aten::as_strided",4003
7060,6029610575812.883789,0.696000,"aten::select",4004
7061,6029610575813.274414,0.137000,"aten::as_strided",4005
7062,6029610575813.897461,1.054000,"aten::select",4006
7063,6029610575814.648438,0.105000,"aten::as_strided",4007
7064,6029610575815.326172,0.708000,"aten::select",4008
7065,6029610575815.736328,0.125000,"aten::as_strided",4009
7066,6029610575816.369141,0.729000,"aten::select",4010
7067,6029610575816.801758,0.146000,"aten::as_strided",4011
7068,6029610575817.438477,0.745000,"aten::select",4012
7069,6029610575817.892578,0.133000,"aten::as_strided",4013
7070,6029610575818.634766,0.825000,"aten::select",4014
7071,6029610575819.212891,0.091000,"aten::as_strided",4015
7072,6029610575819.912109,0.659000,"aten::select",4016
7073,6029610575820.276367,0.138000,"aten::as_strided",4017
7074,6029610575820.887695,1.686000,"aten::select",4018
7075,6029610575822.148438,0.226000,"aten::as_strided",4019
7076,6029610575822.888672,0.825000,"aten::select",4020
7077,6029610575823.303711,0.157000,"aten::as_strided",4021
7078,6029610575824.052734,0.728000,"aten::select",4022
7079,6029610575824.451172,0.170000,"aten::as_strided",4023
7080,6029610575825.132812,0.779000,"aten::select",4024
7081,6029610575825.618164,0.136000,"aten::as_strided",4025
7082,6029610575826.224609,0.711000,"aten::select",4026
7083,6029610575826.652344,0.128000,"aten::as_strided",4027
7084,6029610575827.283203,0.673000,"aten::select",4028
7085,6029610575827.654297,0.115000,"aten::as_strided",4029
7086,6029610575839.166016,7.798000,"aten::new_empty",4030
7087,6029610575841.345703,5.241000,"aten::empty",4031
7088,6029610575848.541016,2.352000,"aten::new_empty",4032
7089,6029610575848.889648,1.796000,"aten::empty",4033
7090,6029610575851.953125,2.368000,"aten::new_empty",4034
7091,6029610575852.275391,1.891000,"aten::empty",4035
7092,6029610575855.195312,2.350000,"aten::new_empty",4036
7093,6029610575855.513672,1.861000,"aten::empty",4037
7094,6029610575858.417969,2.397000,"aten::new_empty",4038
7095,6029610575858.842773,1.777000,"aten::empty",4039
7096,6029610575861.969727,2.479000,"aten::new_empty",4040
7097,6029610575862.600586,1.666000,"aten::empty",4041
7098,6029610575865.518555,2.080000,"aten::new_empty",4042
7099,6029610575865.807617,1.622000,"aten::empty",4043
7100,6029610575868.564453,2.150000,"aten::new_empty",4044
7101,6029610575868.879883,1.668000,"aten::empty",4045
7102,6029610575871.620117,2.091000,"aten::new_empty",4046
7103,6029610575871.910156,1.641000,"aten::empty",4047
7104,6029610575874.748047,2.250000,"aten::new_empty",4048
7105,6029610575875.041016,1.776000,"aten::empty",4049
7106,6029610575877.953125,2.162000,"aten::new_empty",4050
7107,6029610575878.281250,1.675000,"aten::empty",4051
7108,6029610575881.032227,2.336000,"aten::new_empty",4052
7109,6029610575881.380859,1.839000,"aten::empty",4053
7110,6029610575884.274414,2.078000,"aten::new_empty",4054
7111,6029610575884.566406,1.614000,"aten::empty",4055
7112,6029610575887.317383,2.083000,"aten::new_empty",4056
7113,6029610575887.610352,1.633000,"aten::empty",4057
7114,6029610575890.260742,2.210000,"aten::new_empty",4058
7115,6029610575890.552734,1.738000,"aten::empty",4059
7116,6029610575893.387695,2.102000,"aten::new_empty",4060
7117,6029610575893.677734,1.611000,"aten::empty",4061
7118,6029610575896.327148,2.120000,"aten::new_empty",4062
7119,6029610575896.616211,1.675000,"aten::empty",4063
7120,6029610575899.452148,2.130000,"aten::new_empty",4064
7121,6029610575899.742188,1.681000,"aten::empty",4065
7122,6029610575902.533203,2.475000,"aten::new_empty",4066
7123,6029610575902.932617,1.904000,"aten::empty",4067
7124,6029610575905.946289,2.456000,"aten::new_empty",4068
7125,6029610575906.334961,1.878000,"aten::empty",4069
7126,6029610575909.322266,2.110000,"aten::new_empty",4070
7127,6029610575909.613281,1.650000,"aten::empty",4071
7128,6029610575912.276367,2.202000,"aten::new_empty",4072
7129,6029610575912.563477,1.750000,"aten::empty",4073
7130,6029610575915.344727,2.100000,"aten::new_empty",4074
7131,6029610575915.632812,1.640000,"aten::empty",4075
7132,6029610575918.309570,2.126000,"aten::new_empty",4076
7133,6029610575918.601562,1.675000,"aten::empty",4077
7134,6029610575921.288086,2.278000,"aten::new_empty",4078
7135,6029610575921.578125,1.798000,"aten::empty",4079
7136,6029610575924.908203,2.115000,"aten::new_empty",4080
7137,6029610575925.231445,1.627000,"aten::empty",4081
7138,6029610575927.884766,2.247000,"aten::new_empty",4082
7139,6029610575928.172852,1.795000,"aten::empty",4083
7140,6029610575930.976562,2.336000,"aten::new_empty",4084
7141,6029610575931.304688,1.833000,"aten::empty",4085
7142,6029610575934.215820,2.072000,"aten::new_empty",4086
7143,6029610575934.502930,1.627000,"aten::empty",4087
7144,6029610575937.146484,2.296000,"aten::new_empty",4088
7145,6029610575937.473633,1.803000,"aten::empty",4089
7146,6029610575940.307617,2.147000,"aten::new_empty",4090
7147,6029610575940.641602,1.646000,"aten::empty",4091
7148,6029610575943.300781,2.155000,"aten::new_empty",4092
7149,6029610575943.628906,1.665000,"aten::empty",4093
7150,6029610575954.921875,3.657000,"aten::reshape",4094
7151,6029610575955.969727,2.392000,"aten::view",4095
7152,6029610575969.269531,47.316000,"aten::split_with_sizes",4096
7153,6029610575989.503906,0.807000,"aten::as_strided",4097
7154,6029610575990.963867,0.175000,"aten::as_strided",4098
7155,6029610575991.674805,0.145000,"aten::as_strided",4099
7156,6029610575992.412109,0.143000,"aten::as_strided",4100
7157,6029610575992.970703,0.150000,"aten::as_strided",4101
7158,6029610575993.524414,0.153000,"aten::as_strided",4102
7159,6029610575994.091797,0.154000,"aten::as_strided",4103
7160,6029610575994.630859,0.185000,"aten::as_strided",4104
7161,6029610575995.205078,0.121000,"aten::as_strided",4105
7162,6029610575995.718750,0.293000,"aten::as_strided",4106
7163,6029610575996.416016,0.215000,"aten::as_strided",4107
7164,6029610575997.053711,0.132000,"aten::as_strided",4108
7165,6029610575997.638672,0.117000,"aten::as_strided",4109
7166,6029610575998.250000,0.188000,"aten::as_strided",4110
7167,6029610575998.984375,0.125000,"aten::as_strided",4111
7168,6029610575999.560547,0.110000,"aten::as_strided",4112
7169,6029610576000.130859,0.111000,"aten::as_strided",4113
7170,6029610576000.682617,0.164000,"aten::as_strided",4114
7171,6029610576001.254883,0.136000,"aten::as_strided",4115
7172,6029610576001.918945,0.190000,"aten::as_strided",4116
7173,6029610576002.515625,0.398000,"aten::as_strided",4117
7174,6029610576003.346680,0.185000,"aten::as_strided",4118
7175,6029610576003.977539,0.183000,"aten::as_strided",4119
7176,6029610576004.867188,0.172000,"aten::as_strided",4120
7177,6029610576005.496094,0.142000,"aten::as_strided",4121
7178,6029610576006.300781,0.151000,"aten::as_strided",4122
7179,6029610576006.874023,0.180000,"aten::as_strided",4123
7180,6029610576007.716797,0.182000,"aten::as_strided",4124
7181,6029610576008.322266,0.165000,"aten::as_strided",4125
7182,6029610576008.876953,0.159000,"aten::as_strided",4126
7183,6029610576009.425781,0.141000,"aten::as_strided",4127
7184,6029610576009.971680,0.139000,"aten::as_strided",4128
7185,6029610576030.232422,4.459000,"aten::empty",4129
7257,6029610577741.537109,4.478000,"aten::view",4130
7258,6029610577826.209961,119.501000,"HybridEPCombine",4131
7259,6029610577873.158203,8.035000,"aten::empty",4132
7266,6029610577978.261719,2.324000,"aten::view",4133
7267,6029610577987.451172,22.859000,"aten::add",4134
7269,6029610578044.790039,1.190000,"aten::dropout",4135
7270,6029610578047.489258,13.755000,"aten::add",4136
7274,6029610578194.714844,141404.707000,"CheckpointFunction",4137
7279,6029610578474.785156,2.592000,"aten::view",4139
7280,6029610578481.037109,1.779000,"aten::view",4140
7281,6029610578497.041992,5.093000,"aten::empty",4141
7282,6029610578504.869141,2.678000,"aten::empty",4142
7283,6029610578512.358398,2.315000,"aten::empty",4143
7285,6029610578534.929688,1.203000,"aten::view",4144
7287,6029610578656.143555,2.893000,"aten::empty",4145
7290,6029610578778.595703,3.099000,"aten::empty",4146
7293,6029610578851.841797,3.245000,"aten::empty",4147
7295,6029610578888.331055,22.198000,"aten::mul",4148
7297,6029610578919.128906,3.329000,"aten::reshape",4149
7298,6029610578920.337891,1.830000,"aten::view",4150
7299,6029610578924.683594,12.626000,"aten::add",4151
7302,6029610578985.612305,2.834000,"aten::empty",4152
7305,6029610579075.369141,5.632000,"aten::empty",4153
7308,6029610579222.781250,28.813000,"aten::empty",4154
7310,6029610579317.406250,84.761000,"aten::mul",4155
7312,6029610579443.390625,15.240000,"aten::reshape",4156
7313,6029610579444.166016,11.350000,"aten::view",4157
7314,6029610579460.664062,29.114000,"aten::add",4158
7318,6029610579541.072266,19.899000,"aten::split_with_sizes",4159
7319,6029610579547.469727,6.001000,"aten::as_strided",4160
7320,6029610579559.380859,0.381000,"aten::as_strided",4161
7321,6029610579573.690430,37.037000,"aten::squeeze",4162
7322,6029610579585.466797,0.961000,"aten::as_strided",4163
7323,6029610579626.156250,10.001000,"aten::squeeze",4164
7324,6029610579634.794922,0.335000,"aten::as_strided",4165
7325,6029610579640.639648,6.239000,"aten::squeeze",4166
7326,6029610579641.597656,0.318000,"aten::as_strided",4167
7330,6029610579953.980469,1.492000,"aten::view",4168
7331,6029610579982.570312,2.084000,"aten::view",4169
7332,6029610580014.138672,6.787000,"aten::empty",4170
7333,6029610580029.248047,13.122000,"aten::empty",4171
7334,6029610580098.941406,9.487000,"aten::empty",4172
7336,6029610580219.914062,1.310000,"aten::view",4173
7337,6029610580456.532227,84.095000,"aten::contiguous",4174
7338,6029610580458.626953,81.758000,"aten::clone",4175
7339,6029610580477.269531,5.128000,"aten::empty_like",4176
7340,6029610580478.432617,3.215000,"aten::empty",4177
7341,6029610580483.771484,56.154000,"aten::copy_",4178
7343,6029610580572.690430,10.060000,"aten::view",4179
7344,6029610580594.779297,1.778000,"aten::view",4180
7345,6029610580613.220703,18.402000,"aten::empty",4181
7346,6029610580633.952148,3.202000,"aten::empty",4182
7347,6029610580646.350586,8.105000,"aten::empty",4183
7349,6029610580735.175781,1.107000,"aten::view",4184
7351,6029610580841.977539,5.824000,"aten::empty",4185
7353,6029610580976.069336,52.871000,"_CopyToModelParallelRegion",4186
7354,6029610581009.335938,11.759000,"aten::view_as",4187
7355,6029610581019.259766,1.435000,"aten::view",4188
7356,6029610581082.961914,200.043000,"LinearWithGradAccumulationAndAsyncCommunication",4189
7357,6029610581103.160156,16.957000,"aten::t",4190
7358,6029610581105.644531,3.673000,"aten::transpose",4191
7359,6029610581107.688477,1.191000,"aten::as_strided",4192
7360,6029610581146.346680,96.440000,"aten::matmul",4193
7361,6029610581148.155273,93.773000,"aten::mm",4194
7363,6029610581302.083984,46.938000,"_GatherFromModelParallelRegion",4195
7364,6029610581319.855469,9.490000,"aten::view_as",4196
7365,6029610581320.745117,1.160000,"aten::view",4197
7366,6029610581373.636719,10.572000,"_CopyToModelParallelRegion",4198
7367,6029610581381.099609,1.548000,"aten::view_as",4199
7368,6029610581381.626953,0.718000,"aten::view",4200
7369,6029610581410.516602,101.241000,"LinearWithGradAccumulationAndAsyncCommunication",4201
7370,6029610581426.213867,12.356000,"aten::t",4202
7371,6029610581427.401367,10.491000,"aten::transpose",4203
7372,6029610581436.665039,0.864000,"aten::as_strided",4204
7373,6029610581442.741211,58.974000,"aten::matmul",4205
7374,6029610581443.380859,57.720000,"aten::mm",4206
7376,6029610581534.736328,27.109000,"aten::mul",4207
7378,6029610581602.107422,7.050000,"aten::reshape",4208
7379,6029610581602.838867,1.410000,"aten::view",4209
7380,6029610581617.769531,27.372000,"aten::add",4210
7382,6029610581677.330078,1.233000,"aten::view",4211
7383,6029610581689.779297,4.833000,"aten::unsqueeze",4212
7384,6029610581693.108398,0.528000,"aten::as_strided",4213
7385,6029610581705.043945,2.505000,"aten::unsqueeze",4214
7386,6029610581706.606445,0.384000,"aten::as_strided",4215
7387,6029610581724.070312,12.693000,"aten::view",4216
7388,6029610581752.036133,13.149000,"aten::slice",4217
7389,6029610581755.003906,0.826000,"aten::as_strided",4218
7390,6029610581778.045898,2.652000,"aten::slice",4219
7391,6029610581778.880859,1.099000,"aten::as_strided",4220
7392,6029610581814.063477,4.782000,"aten::split_with_sizes",4221
7393,6029610581815.966797,0.448000,"aten::as_strided",4222
7394,6029610581817.424805,0.349000,"aten::as_strided",4223
7395,6029610581836.837891,186.345000,"aten::einsum",4224
7396,6029610581844.682617,4.358000,"aten::unsqueeze",4225
7397,6029610581845.742188,1.100000,"aten::as_strided",4226
7398,6029610581850.406250,6.391000,"aten::permute",4227
7399,6029610581855.579102,0.450000,"aten::as_strided",4228
7400,6029610581858.179688,6.856000,"aten::unsqueeze",4229
7401,6029610581858.951172,5.593000,"aten::as_strided",4230
7402,6029610581865.761719,1.749000,"aten::permute",4231
7403,6029610581866.466797,0.470000,"aten::as_strided",4232
7404,6029610581874.430664,5.839000,"aten::permute",4233
7405,6029610581875.535156,0.575000,"aten::as_strided",4234
7406,6029610581881.228516,21.562000,"aten::reshape",4235
7407,6029610581885.934570,16.479000,"aten::_reshape_alias",4236
7408,6029610581903.547852,15.215000,"aten::permute",4237
7409,6029610581904.419922,13.829000,"aten::as_strided",4238
7410,6029610581919.372070,2.318000,"aten::reshape",4239
7411,6029610581920.336914,1.087000,"aten::_reshape_alias",4240
7412,6029610581926.849609,75.764000,"aten::bmm",4241
7414,6029610582003.561523,1.498000,"aten::view",4242
7415,6029610582006.180664,8.185000,"aten::permute",4243
7416,6029610582013.388672,0.452000,"aten::as_strided",4244
7417,6029610582016.070312,6.110000,"aten::view",4245
7418,6029610582040.889648,79.421000,"aten::contiguous",4246
7419,6029610582048.272461,71.753000,"aten::clone",4247
7420,6029610582050.681641,14.511000,"aten::empty_like",4248
7421,6029610582052.057617,12.641000,"aten::empty",4249
7422,6029610582066.772461,52.732000,"aten::copy_",4250
7424,6029610582180.800781,71.751000,"aten::arange",4251
7425,6029610582182.777344,5.874000,"aten::empty",4252
7426,6029610582190.343750,61.711000,"aten::arange",4253
7427,6029610582203.151367,23.312000,"aten::resize_",4254
7430,6029610582269.717773,35.378000,"aten::to",4255
7431,6029610582271.087891,33.747000,"aten::_to_copy",4256
7432,6029610582283.935547,5.966000,"aten::empty_strided",4257
7433,6029610582291.259766,12.964000,"aten::copy_",4258
7435,6029610582320.250977,3.745000,"aten::slice",4259
7436,6029610582322.023438,0.731000,"aten::as_strided",4260
7437,6029610582339.893555,1.845000,"aten::slice",4261
7438,6029610582340.787109,0.337000,"aten::as_strided",4262
7439,6029610582351.033203,20.192000,"aten::sub",4263
7441,6029610582383.816406,22.581000,"aten::floor_divide",4264
7442,6029610582388.974609,3.271000,"aten::empty",4265
7444,6029610582418.269531,23.418000,"aten::zeros_like",4266
7445,6029610582419.758789,6.241000,"aten::empty_like",4267
7446,6029610582420.708984,4.928000,"aten::empty_strided",4268
7447,6029610582427.434570,13.907000,"aten::zero_",4269
7448,6029610582429.152344,11.314000,"aten::fill_",4270
7450,6029610582445.357422,59.769000,"aten::cumsum",4271
7451,6029610582451.074219,0.245000,"aten::to",4272
7460,6029610582516.363281,3.235000,"aten::slice",4273
7461,6029610582518.156250,0.413000,"aten::as_strided",4274
7462,6029610582520.795898,33.072000,"aten::copy_",4275
7464,6029610582562.070312,23.799000,"aten::searchsorted",4276
7465,6029610582564.743164,2.834000,"aten::empty",4277
7466,6029610582569.855469,2.548000,"aten::resize_",4278
7468,6029610582600.984375,46.117000,"aten::sub",4279
7470,6029610582657.200195,42.967000,"aten::clamp",4280
7471,6029610582659.765625,0.346000,"aten::to",4281
7473,6029610582707.130859,44.674000,"aten::index",4282
7474,6029610582711.698242,0.478000,"aten::as_strided",4283
7475,6029610582719.708008,1.483000,"aten::reshape",4284
7476,6029610582720.377930,0.563000,"aten::view",4285
7478,6029610582755.214844,31.295000,"aten::sub",4286
7480,6029610582791.123047,46.144000,"aten::index",4287
7481,6029610582792.318359,0.263000,"aten::as_strided",4288
7482,6029610582800.341797,11.711000,"aten::reshape",4289
7483,6029610582811.392578,0.449000,"aten::view",4290
7485,6029610582842.969727,13.050000,"aten::index",4291
7486,6029610582843.957031,0.247000,"aten::as_strided",4292
7487,6029610582844.851562,0.875000,"aten::reshape",4293
7488,6029610582845.280273,0.234000,"aten::view",4294
7490,6029610582861.358398,15.052000,"aten::floor_divide",4295
7491,6029610582864.205078,3.450000,"aten::empty",4296
7493,6029610582880.242188,18.417000,"aten::mul",4297
7495,6029610582904.000000,31.118000,"aten::lt",4298
7497,6029610582948.618164,12.251000,"aten::mul",4299
7499,6029610582963.399414,10.654000,"aten::add",4300
7501,6029610582977.375977,27.576000,"aten::mul",4301
7503,6029610583006.647461,9.644000,"aten::sub",4302
7505,6029610583027.996094,16.905000,"aten::sub",4303
7507,6029610583048.012695,18.844000,"aten::add",4304
7509,6029610583070.507812,26.226000,"aten::where",4305
7510,6029610583073.313477,5.407000,"aten::empty",4306
7511,6029610583081.500000,5.689000,"aten::resize_",4307
7513,6029610583105.033203,12.391000,"aten::clamp",4308
7514,6029610583106.025391,0.304000,"aten::to",4309
7516,6029610583120.777344,20.370000,"aten::index",4310
7517,6029610583123.224609,1.080000,"aten::as_strided",4311
7518,6029610583125.087891,1.324000,"aten::reshape",4312
7519,6029610583125.551758,0.614000,"aten::view",4313
7521,6029610583146.298828,3.639000,"aten::unsqueeze",4314
7522,6029610583148.260742,0.622000,"aten::as_strided",4315
7523,6029610583156.277344,2.975000,"aten::alias",4316
7524,6029610583164.137695,2.983000,"aten::slice",4317
7525,6029610583165.470703,0.697000,"aten::as_strided",4318
7526,6029610583172.407227,2.142000,"aten::slice",4319
7527,6029610583173.329102,0.468000,"aten::as_strided",4320
7528,6029610583178.262695,2.259000,"aten::slice",4321
7529,6029610583179.056641,0.379000,"aten::as_strided",4322
7530,6029610583186.341797,19.459000,"aten::cat",4323
7532,6029610583208.981445,14.567000,"aten::cos",4324
7534,6029610583226.980469,17.516000,"aten::mul",4325
7536,6029610583253.521484,47.770000,"aten::to",4326
7537,6029610583254.396484,46.631000,"aten::_to_copy",4327
7539,6029610583264.250000,12.610000,"aten::empty_strided",4328
7542,6029610583287.391602,12.308000,"aten::copy_",4329
7546,6029610583304.671875,18.058000,"aten::sin",4330
7550,6029610583333.111328,20.059000,"aten::mul",4331
7555,6029610583356.738281,16.165000,"aten::to",4332
7556,6029610583357.368164,15.357000,"aten::_to_copy",4333
7557,6029610583358.488281,3.782000,"aten::empty_strided",4334
7558,6029610583363.006836,9.372000,"aten::copy_",4335
7561,6029610583375.068359,22.997000,"aten::mul",4336
7566,6029610583402.883789,13.668000,"aten::chunk",4337
7567,6029610583404.980469,11.186000,"aten::split",4338
7568,6029610583407.416016,4.449000,"aten::narrow",4339
7569,6029610583409.540039,1.695000,"aten::slice",4340
7570,6029610583410.323242,0.507000,"aten::as_strided",4341
7572,6029610583412.554688,2.411000,"aten::narrow",4342
7573,6029610583413.058594,1.662000,"aten::slice",4343
7574,6029610583413.816406,0.550000,"aten::as_strided",4344
7575,6029610583419.987305,20.409000,"aten::neg",4345
7580,6029610583443.398438,37.647000,"aten::cat",4346
7586,6029610583484.245117,22.271000,"aten::mul",4347
7591,6029610583518.436523,15.830000,"aten::add",4348
7595,6029610583539.003906,13.933000,"aten::cat",4349
7599,6029610583559.653320,4.825000,"aten::squeeze",4350
7600,6029610583562.115234,0.545000,"aten::as_strided",4351
7604,6029610583599.339844,25.884000,"aten::arange",4352
7605,6029610583600.795898,4.775000,"aten::empty",4353
7607,6029610583607.723633,17.050000,"aten::arange",4354
7608,6029610583610.133789,2.773000,"aten::resize_",4355
7610,6029610583629.289062,24.803000,"aten::to",4356
7611,6029610583629.819336,23.341000,"aten::_to_copy",4357
7612,6029610583630.797852,4.842000,"aten::empty_strided",4358
7613,6029610583636.385742,16.405000,"aten::copy_",4359
7616,6029610583659.406250,5.063000,"aten::slice",4360
7617,6029610583661.386719,0.567000,"aten::as_strided",4361
7618,6029610583667.316406,1.942000,"aten::slice",4362
7619,6029610583668.140625,0.477000,"aten::as_strided",4363
7620,6029610583671.405273,14.319000,"aten::sub",4364
7622,6029610583696.139648,16.856000,"aten::floor_divide",4365
7623,6029610583699.659180,3.072000,"aten::empty",4366
7625,6029610583717.269531,21.362000,"aten::zeros_like",4367
7626,6029610583718.340820,4.220000,"aten::empty_like",4368
7627,6029610583719.167969,2.917000,"aten::empty_strided",4369
7628,6029610583724.900391,13.397000,"aten::zero_",4370
7629,6029610583726.339844,11.078000,"aten::fill_",4371
7631,6029610583742.399414,46.671000,"aten::cumsum",4372
7632,6029610583746.706055,0.132000,"aten::to",4373
7641,6029610583799.666992,2.936000,"aten::slice",4374
7642,6029610583801.294922,0.293000,"aten::as_strided",4375
7643,6029610583803.743164,19.191000,"aten::copy_",4376
7647,6029610583828.553711,20.309000,"aten::searchsorted",4377
7648,6029610583830.784180,2.790000,"aten::empty",4378
7649,6029610583835.049805,2.454000,"aten::resize_",4379
7651,6029610583855.293945,13.366000,"aten::sub",4380
7653,6029610583875.692383,17.748000,"aten::clamp",4381
7654,6029610583877.114258,0.269000,"aten::to",4382
7656,6029610583899.753906,18.725000,"aten::index",4383
7657,6029610583902.303711,0.323000,"aten::as_strided",4384
7658,6029610583903.901367,1.672000,"aten::reshape",4385
7659,6029610583904.629883,0.657000,"aten::view",4386
7661,6029610583921.181641,9.729000,"aten::sub",4387
7663,6029610583933.342773,12.671000,"aten::index",4388
7664,6029610583934.337891,0.355000,"aten::as_strided",4389
7665,6029610583935.453125,1.118000,"aten::reshape",4390
7666,6029610583935.967773,0.360000,"aten::view",4391
7668,6029610583949.183594,16.236000,"aten::index",4392
7669,6029610583950.218750,0.289000,"aten::as_strided",4393
7670,6029610583951.154297,0.942000,"aten::reshape",4394
7671,6029610583951.633789,0.222000,"aten::view",4395
7673,6029610583970.635742,14.014000,"aten::floor_divide",4396
7674,6029610583973.375977,3.114000,"aten::empty",4397
7676,6029610583988.015625,15.780000,"aten::mul",4398
7678,6029610584006.178711,14.627000,"aten::lt",4399
7680,6029610584023.886719,12.982000,"aten::mul",4400
7682,6029610584038.750000,16.258000,"aten::add",4401
7684,6029610584058.327148,10.059000,"aten::mul",4402
7686,6029610584070.193359,9.580000,"aten::sub",4403
7688,6029610584081.848633,8.865000,"aten::sub",4404
7690,6029610584092.349609,7.807000,"aten::add",4405
7692,6029610584103.122070,14.439000,"aten::where",4406
7693,6029610584105.166016,1.913000,"aten::empty",4407
7694,6029610584109.041016,1.519000,"aten::resize_",4408
7696,6029610584123.173828,8.795000,"aten::clamp",4409
7697,6029610584124.041016,0.160000,"aten::to",4410
7699,6029610584134.398438,14.554000,"aten::index",4411
7700,6029610584136.367188,0.680000,"aten::as_strided",4412
7701,6029610584137.744141,0.969000,"aten::reshape",4413
7702,6029610584138.087891,0.484000,"aten::view",4414
7704,6029610584151.617188,3.292000,"aten::unsqueeze",4415
7705,6029610584153.407227,0.348000,"aten::as_strided",4416
7706,6029610584159.429688,2.123000,"aten::alias",4417
7707,6029610584164.099609,2.132000,"aten::slice",4418
7708,6029610584165.123047,0.401000,"aten::as_strided",4419
7709,6029610584169.097656,1.210000,"aten::slice",4420
7710,6029610584169.634766,0.266000,"aten::as_strided",4421
7711,6029610584172.497070,1.255000,"aten::slice",4422
7712,6029610584173.058594,0.283000,"aten::as_strided",4423
7713,6029610584177.073242,12.369000,"aten::cat",4424
7715,6029610584191.446289,9.707000,"aten::cos",4425
7717,6029610584203.444336,8.877000,"aten::mul",4426
7719,6029610584216.384766,13.086000,"aten::to",4427
7720,6029610584216.820312,12.475000,"aten::_to_copy",4428
7721,6029610584217.953125,2.935000,"aten::empty_strided",4429
7722,6029610584221.582031,7.396000,"aten::copy_",4430
7724,6029610584231.875977,8.445000,"aten::sin",4431
7726,6029610584242.175781,7.355000,"aten::mul",4432
7728,6029610584251.889648,10.423000,"aten::to",4433
7729,6029610584252.246094,9.929000,"aten::_to_copy",4434
7730,6029610584253.105469,2.613000,"aten::empty_strided",4435
7731,6029610584256.237305,5.700000,"aten::copy_",4436
7733,6029610584263.994141,8.308000,"aten::mul",4437
7735,6029610584274.761719,8.112000,"aten::chunk",4438
7736,6029610584276.189453,6.444000,"aten::split",4439
7737,6029610584277.511719,2.476000,"aten::narrow",4440
7738,6029610584278.426758,1.259000,"aten::slice",4441
7739,6029610584278.977539,0.418000,"aten::as_strided",4442
7740,6029610584280.460938,1.269000,"aten::narrow",4443
7741,6029610584280.787109,0.776000,"aten::slice",4444
7742,6029610584281.143555,0.254000,"aten::as_strided",4445
7743,6029610584285.096680,10.090000,"aten::neg",4446
7745,6029610584297.167969,8.381000,"aten::cat",4447
7747,6029610584307.842773,7.395000,"aten::mul",4448
7749,6029610584316.876953,8.613000,"aten::add",4449
7754,6029610584328.877930,8.876000,"aten::cat",4450
7756,6029610584341.689453,3.230000,"aten::squeeze",4451
7757,6029610584343.530273,0.423000,"aten::as_strided",4452
7758,6029610584354.825195,9.640000,"aten::cat",4453
7760,6029610584367.058594,7.872000,"aten::cat",4454
7762,6029610584400.261719,2.214000,"aten::view",4455
7763,6029610584405.994141,1.891000,"aten::slice",4456
7764,6029610584406.725586,0.395000,"aten::as_strided",4457
7765,6029610584411.137695,1.156000,"aten::slice",4458
7766,6029610584411.703125,0.169000,"aten::as_strided",4459
7767,6029610584429.859375,2.475000,"aten::unsqueeze",4460
7768,6029610584431.329102,0.319000,"aten::as_strided",4461
7769,6029610584433.829102,1.440000,"aten::unsqueeze",4462
7770,6029610584434.423828,0.335000,"aten::as_strided",4463
7771,6029610584438.579102,0.399000,"aten::to",4464
7772,6029610584441.418945,17.770000,"aten::contiguous",4465
7773,6029610584442.111328,16.849000,"aten::clone",4466
7774,6029610584443.790039,4.218000,"aten::empty_like",4467
7775,6029610584444.744141,2.859000,"aten::empty",4468
7776,6029610584448.538086,9.975000,"aten::copy_",4469
7780,6029610584511.872070,165.968000,"_GatherFromSequenceParallelRegion",4470
7782,6029610584532.684570,3.029000,"aten::empty",4471
7783,6029610584548.814453,117.724000,"c10d::_allgather_base_",4472
7784,6029610584567.320312,95.753000,"record_param_comms",4473
7797,6029610584683.553711,35.013000,"aten::index_select",4475
7798,6029610584685.939453,2.085000,"aten::empty",4476
7799,6029610584691.588867,3.029000,"aten::resize_",4477
7800,6029610584696.609375,0.789000,"aten::view",4478
7801,6029610584698.232422,2.833000,"aten::expand",4479
7802,6029610584699.905273,0.755000,"aten::as_strided",4480
7803,6029610584701.933594,15.571000,"aten::gather",4481
7804,6029610584705.291016,0.320000,"aten::as_strided",4482
7805,6029610584706.415039,0.376000,"aten::as_strided",4483
7807,6029610584722.621094,3.380000,"aten::detach",4484
7808,6029610584723.664062,2.159000,"detach",4485
7809,6029610584727.015625,1.027000,"aten::detach",4486
7810,6029610584727.560547,0.342000,"detach",4487
7811,6029610584736.767578,16.464000,"aten::to",4488
7812,6029610584737.401367,15.606000,"aten::_to_copy",4489
7813,6029610584739.089844,3.470000,"aten::empty_strided",4490
7814,6029610584743.366211,9.126000,"aten::copy_",4491
7816,6029610584754.892578,0.239000,"aten::to",4492
7817,6029610584758.006836,0.145000,"aten::to",4493
7818,6029610584759.468750,0.276000,"aten::to",4494
7819,6029610584762.703125,3.414000,"aten::slice",4495
7820,6029610584764.297852,0.464000,"aten::as_strided",4496
7821,6029610584769.574219,14.414000,"aten::searchsorted",4497
7822,6029610584771.025391,2.055000,"aten::empty",4498
7823,6029610584774.253906,2.063000,"aten::resize_",4499
7825,6029610584787.813477,17.582000,"aten::index",4500
7826,6029610584791.282227,0.305000,"aten::as_strided",4501
7827,6029610584792.546875,0.876000,"aten::reshape",4502
7828,6029610584792.913086,0.326000,"aten::view",4503
7830,6029610584811.105469,12.534000,"aten::add",4504
7833,6029610584951.888672,2.701000,"aten::empty",4505
7835,6029610585028.708008,3.407000,"aten::reshape",4506
7836,6029610585029.222656,2.675000,"aten::view",4507
7837,6029610585044.623047,5.349000,"aten::split_with_sizes",4508
7838,6029610585046.751953,0.690000,"aten::as_strided",4509
7839,6029610585048.115234,0.734000,"aten::as_strided",4510
7840,6029610585054.485352,3.927000,"aten::squeeze",4511
7841,6029610585057.070312,0.360000,"aten::as_strided",4512
7842,6029610585068.808594,18.544000,"aten::arange",4513
7843,6029610585070.538086,2.311000,"aten::empty",4514
7844,6029610585073.915039,13.047000,"aten::arange",4515
7845,6029610585076.059570,2.190000,"aten::resize_",4516
7847,6029610585091.398438,15.631000,"aten::to",4517
7848,6029610585091.994141,14.838000,"aten::_to_copy",4518
7849,6029610585093.425781,2.853000,"aten::empty_strided",4519
7850,6029610585097.116211,9.255000,"aten::copy_",4520
7852,6029610585109.467773,3.171000,"aten::slice",4521
7853,6029610585111.061523,0.348000,"aten::as_strided",4522
7854,6029610585115.014648,1.569000,"aten::slice",4523
7855,6029610585115.899414,0.204000,"aten::as_strided",4524
7856,6029610585119.439453,12.613000,"aten::sub",4525
7858,6029610585139.365234,15.467000,"aten::floor_divide",4526
7859,6029610585143.443359,2.376000,"aten::empty",4527
7861,6029610585158.583984,17.905000,"aten::zeros_like",4528
7862,6029610585159.968750,3.854000,"aten::empty_like",4529
7863,6029610585160.818359,2.586000,"aten::empty_strided",4530
7864,6029610585164.928711,11.295000,"aten::zero_",4531
7865,6029610585166.113281,9.375000,"aten::fill_",4532
7867,6029610585179.625977,29.631000,"aten::cumsum",4533
7868,6029610585183.882812,0.125000,"aten::to",4534
7877,6029610585212.363281,2.031000,"aten::slice",4535
7878,6029610585213.375000,0.288000,"aten::as_strided",4536
7879,6029610585215.392578,18.914000,"aten::copy_",4537
7881,6029610585238.590820,12.811000,"aten::searchsorted",4538
7882,6029610585240.275391,1.883000,"aten::empty",4539
7883,6029610585243.381836,1.745000,"aten::resize_",4540
7885,6029610585254.129883,9.856000,"aten::sub",4541
7887,6029610585268.112305,13.513000,"aten::clamp",4542
7888,6029610585270.464844,0.130000,"aten::to",4543
7890,6029610585285.658203,15.196000,"aten::index",4544
7891,6029610585288.262695,0.313000,"aten::as_strided",4545
7892,6029610585289.570312,1.094000,"aten::reshape",4546
7893,6029610585290.130859,0.362000,"aten::view",4547
7895,6029610585302.976562,7.934000,"aten::sub",4548
7897,6029610585312.791992,10.539000,"aten::index",4549
7898,6029610585313.624023,0.342000,"aten::as_strided",4550
7899,6029610585314.519531,0.900000,"aten::reshape",4551
7900,6029610585315.015625,0.257000,"aten::view",4552
7902,6029610585325.503906,10.745000,"aten::index",4553
7903,6029610585326.141602,0.337000,"aten::as_strided",4554
7904,6029610585326.940430,0.714000,"aten::reshape",4555
7905,6029610585327.266602,0.232000,"aten::view",4556
7907,6029610585339.791016,10.811000,"aten::floor_divide",4557
7908,6029610585341.678711,3.085000,"aten::empty",4558
7910,6029610585353.859375,11.120000,"aten::mul",4559
7912,6029610585367.447266,12.155000,"aten::lt",4560
7914,6029610585381.821289,7.977000,"aten::mul",4561
7916,6029610585391.489258,8.772000,"aten::add",4562
7918,6029610585402.704102,7.214000,"aten::mul",4563
7920,6029610585411.124023,7.134000,"aten::sub",4564
7922,6029610585419.786133,6.734000,"aten::sub",4565
7924,6029610585427.590820,7.431000,"aten::add",4566
7926,6029610585437.820312,14.921000,"aten::where",4567
7927,6029610585440.175781,1.829000,"aten::empty",4568
7928,6029610585444.061523,1.379000,"aten::resize_",4569
7930,6029610585458.310547,4.509000,"aten::select",4570
7931,6029610585461.214844,0.421000,"aten::as_strided",4571
7932,6029610585474.760742,24551.330000,"aten::item",4572
7933,6029610585476.327148,24549.226000,"aten::_local_scalar_dense",4573
8101,6029610610029.021484,9.509000,"aten::add",4574
8104,6029610610042.219727,9.983000,"aten::clamp",4575
8105,6029610610043.208984,0.191000,"aten::to",4576
8108,6029610610055.205078,16.173000,"aten::index",4577
8109,6029610610057.156250,0.796000,"aten::as_strided",4578
8110,6029610610058.702148,1.093000,"aten::reshape",4579
8111,6029610610059.014648,0.616000,"aten::view",4580
8114,6029610610074.463867,3.242000,"aten::unsqueeze",4581
8115,6029610610076.290039,0.369000,"aten::as_strided",4582
8116,6029610610083.018555,2.473000,"aten::alias",4583
8117,6029610610088.195312,2.974000,"aten::slice",4584
8118,6029610610089.381836,0.420000,"aten::as_strided",4585
8119,6029610610094.349609,1.281000,"aten::slice",4586
8120,6029610610094.907227,0.292000,"aten::as_strided",4587
8121,6029610610097.962891,1.169000,"aten::slice",4588
8122,6029610610098.440430,0.281000,"aten::as_strided",4589
8123,6029610610104.474609,14.963000,"aten::cat",4590
8126,6029610610122.115234,10.560000,"aten::cos",4591
8128,6029610610135.391602,10.587000,"aten::mul",4592
8130,6029610610151.373047,15.669000,"aten::to",4593
8131,6029610610152.081055,14.790000,"aten::_to_copy",4594
8132,6029610610153.871094,3.409000,"aten::empty_strided",4595
8133,6029610610158.140625,8.189000,"aten::copy_",4596
8135,6029610610169.696289,9.300000,"aten::sin",4597
8137,6029610610180.938477,7.491000,"aten::mul",4598
8139,6029610610191.754883,10.342000,"aten::to",4599
8140,6029610610192.032227,9.929000,"aten::_to_copy",4600
8141,6029610610192.685547,2.538000,"aten::empty_strided",4601
8142,6029610610195.707031,6.010000,"aten::copy_",4602
8144,6029610610203.881836,9.582000,"aten::mul",4603
8146,6029610610216.402344,26.721000,"aten::chunk",4604
8147,6029610610218.096680,24.740000,"aten::split",4605
8148,6029610610219.978516,3.377000,"aten::narrow",4606
8149,6029610610221.796875,1.157000,"aten::slice",4607
8150,6029610610222.311523,0.323000,"aten::as_strided",4608
8151,6029610610239.806641,1.986000,"aten::narrow",4609
8152,6029610610240.246094,1.363000,"aten::slice",4610
8153,6029610610241.078125,0.274000,"aten::as_strided",4611
8154,6029610610245.608398,11.153000,"aten::neg",4612
8156,6029610610259.113281,9.626000,"aten::cat",4613
8158,6029610610271.364258,8.031000,"aten::mul",4614
8160,6029610610281.291016,9.928000,"aten::add",4615
8162,6029610610294.987305,9.532000,"aten::cat",4616
8164,6029610610308.803711,3.067000,"aten::squeeze",4617
8165,6029610610310.749023,0.252000,"aten::as_strided",4618
8166,6029610610322.388672,2.069000,"aten::unsqueeze",4619
8167,6029610610323.637695,0.258000,"aten::as_strided",4620
8168,6029610610327.005859,8.613000,"aten::cat",4621
8171,6029610610426.850586,3.142000,"aten::empty",4622
8180,6029610610604.086914,4.021000,"aten::view",4623
8181,6029610610611.424805,1.504000,"aten::view",4624
8182,6029610610614.948242,1.081000,"aten::view",4625
8183,6029610610626.103516,3.618000,"aten::empty",4626
8184,6029610610630.428711,1.945000,"aten::empty",4627
8185,6029610610634.213867,2.298000,"aten::empty",4628
8186,6029610610640.715820,2.550000,"aten::empty",4629
8188,6029610610660.748047,1.009000,"aten::view",4630
8189,6029610610673.573242,2.187000,"aten::reshape",4631
8190,6029610610674.321289,1.183000,"aten::view",4632
8192,6029610610687.259766,5.331000,"aten::split_with_sizes",4633
8193,6029610610689.822266,1.108000,"aten::as_strided",4634
8194,6029610610691.631836,0.176000,"aten::as_strided",4635
8195,6029610610696.943359,3.397000,"aten::squeeze",4636
8196,6029610610699.179688,0.309000,"aten::as_strided",4637
8197,6029610610710.171875,19.876000,"aten::arange",4638
8198,6029610610711.782227,2.160000,"aten::empty",4639
8199,6029610610714.972656,14.649000,"aten::arange",4640
8200,6029610610717.670898,2.818000,"aten::resize_",4641
8202,6029610610734.238281,21.061000,"aten::to",4642
8203,6029610610735.121094,19.998000,"aten::_to_copy",4643
8204,6029610610737.247070,3.288000,"aten::empty_strided",4644
8205,6029610610741.518555,13.129000,"aten::copy_",4645
8207,6029610610758.821289,3.681000,"aten::slice",4646
8208,6029610610760.593750,0.345000,"aten::as_strided",4647
8209,6029610610764.973633,1.695000,"aten::slice",4648
8210,6029610610765.778320,0.263000,"aten::as_strided",4649
8212,6029610610769.411133,13.236000,"aten::sub",4650
8214,6029610610791.254883,16.119000,"aten::floor_divide",4651
8215,6029610610795.716797,2.350000,"aten::empty",4652
8217,6029610610811.225586,18.350000,"aten::zeros_like",4653
8218,6029610610812.648438,4.004000,"aten::empty_like",4654
8219,6029610610813.547852,2.664000,"aten::empty_strided",4655
8220,6029610610817.839844,11.433000,"aten::zero_",4656
8221,6029610610819.368164,9.179000,"aten::fill_",4657
8223,6029610610832.260742,30.292000,"aten::cumsum",4658
8224,6029610610836.760742,0.108000,"aten::to",4659
8233,6029610610865.807617,2.156000,"aten::slice",4660
8234,6029610610866.989258,0.273000,"aten::as_strided",4661
8235,6029610610869.029297,18.774000,"aten::copy_",4662
8237,6029610610892.936523,14.928000,"aten::searchsorted",4663
8238,6029610610894.852539,1.977000,"aten::empty",4664
8239,6029610610898.556641,1.845000,"aten::resize_",4665
8241,6029610610910.894531,10.173000,"aten::sub",4666
8243,6029610610925.311523,13.924000,"aten::clamp",4667
8244,6029610610927.587891,0.158000,"aten::to",4668
8246,6029610610944.013672,18.370000,"aten::index",4669
8247,6029610610947.878906,0.292000,"aten::as_strided",4670
8248,6029610610949.291016,1.166000,"aten::reshape",4671
8249,6029610610949.867188,0.393000,"aten::view",4672
8251,6029610610964.591797,8.161000,"aten::sub",4673
8253,6029610610974.708984,10.668000,"aten::index",4674
8254,6029610610975.597656,0.223000,"aten::as_strided",4675
8255,6029610610976.422852,1.010000,"aten::reshape",4676
8256,6029610610976.968750,0.304000,"aten::view",4677
8258,6029610610987.493164,10.813000,"aten::index",4678
8259,6029610610988.288086,0.362000,"aten::as_strided",4679
8260,6029610610989.246094,0.770000,"aten::reshape",4680
8261,6029610610989.643555,0.227000,"aten::view",4681
8263,6029610611002.153320,11.051000,"aten::floor_divide",4682
8264,6029610611004.099609,2.724000,"aten::empty",4683
8266,6029610611016.248047,11.172000,"aten::mul",4684
8268,6029610611029.915039,12.421000,"aten::lt",4685
8270,6029610611044.833008,8.395000,"aten::mul",4686
8272,6029610611055.284180,8.924000,"aten::add",4687
8274,6029610611066.703125,7.037000,"aten::mul",4688
8276,6029610611074.942383,6.988000,"aten::sub",4689
8278,6029610611083.475586,6.446000,"aten::sub",4690
8280,6029610611091.047852,6.737000,"aten::add",4691
8282,6029610611100.690430,15.607000,"aten::where",4692
8283,6029610611102.950195,1.862000,"aten::empty",4693
8284,6029610611107.056641,1.420000,"aten::resize_",4694
8287,6029610611121.813477,4.251000,"aten::select",4695
8288,6029610611124.505859,0.399000,"aten::as_strided",4696
8289,6029610611128.366211,1143.435000,"aten::item",4697
8290,6029610611129.943359,1141.512000,"aten::_local_scalar_dense",4698
8324,6029610612274.290039,8.238000,"aten::add",4699
8327,6029610612285.904297,9.374000,"aten::clamp",4700
8328,6029610612286.813477,0.210000,"aten::to",4701
8331,6029610612297.969727,15.647000,"aten::index",4702
8332,6029610612299.773438,0.694000,"aten::as_strided",4703
8333,6029610612301.171875,1.086000,"aten::reshape",4704
8334,6029610612301.561523,0.515000,"aten::view",4705
8337,6029610612316.475586,3.134000,"aten::unsqueeze",4706
8338,6029610612318.392578,0.352000,"aten::as_strided",4707
8339,6029610612324.747070,2.676000,"aten::alias",4708
8340,6029610612329.958008,2.344000,"aten::slice",4709
8341,6029610612331.035156,0.487000,"aten::as_strided",4710
8342,6029610612335.230469,1.540000,"aten::slice",4711
8343,6029610612335.822266,0.529000,"aten::as_strided",4712
8344,6029610612338.959961,1.215000,"aten::slice",4713
8345,6029610612339.483398,0.287000,"aten::as_strided",4714
8346,6029610612344.904297,15.656000,"aten::cat",4715
8349,6029610612363.212891,11.648000,"aten::cos",4716
8352,6029610612377.836914,10.676000,"aten::mul",4717
8355,6029610612393.606445,15.084000,"aten::to",4718
8356,6029610612394.130859,14.378000,"aten::_to_copy",4719
8357,6029610612395.616211,2.948000,"aten::empty_strided",4720
8358,6029610612399.332031,8.706000,"aten::copy_",4721
8361,6029610612411.780273,10.643000,"aten::sin",4722
8363,6029610612424.407227,8.604000,"aten::mul",4723
8366,6029610612435.641602,11.249000,"aten::to",4724
8368,6029610612436.233398,10.522000,"aten::_to_copy",4725
8369,6029610612437.109375,2.537000,"aten::empty_strided",4726
8370,6029610612440.366211,6.174000,"aten::copy_",4727
8372,6029610612448.866211,9.081000,"aten::mul",4728
8376,6029610612460.808594,14.321000,"aten::chunk",4729
8377,6029610612462.583008,12.231000,"aten::split",4730
8378,6029610612468.531250,3.135000,"aten::narrow",4731
8379,6029610612470.048828,1.218000,"aten::slice",4732
8380,6029610612470.538086,0.430000,"aten::as_strided",4733
8381,6029610612472.173828,1.596000,"aten::narrow",4734
8382,6029610612472.649414,0.950000,"aten::slice",4735
8383,6029610612473.050781,0.393000,"aten::as_strided",4736
8384,6029610612477.658203,12.280000,"aten::neg",4737
8387,6029610612492.176758,9.183000,"aten::cat",4738
8389,6029610612503.869141,8.347000,"aten::mul",4739
8392,6029610612514.245117,9.855000,"aten::add",4740
8396,6029610612527.531250,10.079000,"aten::cat",4741
8399,6029610612541.766602,3.085000,"aten::squeeze",4742
8400,6029610612543.682617,0.340000,"aten::as_strided",4743
8401,6029610612554.232422,2.067000,"aten::unsqueeze",4744
8402,6029610612555.442383,0.253000,"aten::as_strided",4745
8403,6029610612558.352539,9.115000,"aten::cat",4746
8406,6029610612572.644531,2.192000,"aten::reshape",4747
8407,6029610612573.112305,1.457000,"aten::view",4748
8409,6029610612661.999023,2.950000,"aten::empty",4749
8412,6029610612734.247070,13.955000,"aten::mul",4750
8414,6029610612751.215820,8.584000,"aten::mul",4751
8416,6029610612783.288086,167.286000,"_GatherFromSequenceParallelRegion",4752
8419,6029610612803.537109,3.117000,"aten::empty",4753
8420,6029610612825.631836,112.726000,"c10d::_allgather_base_",4754
8421,6029610612843.631836,91.247000,"record_param_comms",4755
8436,6029610612956.856445,36.937000,"aten::index_select",4757
8437,6029610612959.426758,2.039000,"aten::empty",4758
8438,6029610612965.317383,2.992000,"aten::resize_",4759
8439,6029610612970.324219,1.173000,"aten::view",4760
8440,6029610612972.630859,3.759000,"aten::expand",4761
8441,6029610612974.720703,1.250000,"aten::as_strided",4762
8442,6029610612977.231445,15.512000,"aten::gather",4763
8443,6029610612980.807617,0.246000,"aten::as_strided",4764
8444,6029610612981.810547,0.216000,"aten::as_strided",4765
8446,6029610613006.978516,0.566000,"aten::to",4766
8447,6029610613009.036133,0.182000,"aten::to",4767
8448,6029610613013.463867,16.842000,"aten::arange",4768
8449,6029610613015.118164,2.027000,"aten::empty",4769
8450,6029610613018.094727,11.809000,"aten::arange",4770
8451,6029610613020.401367,1.772000,"aten::resize_",4771
8453,6029610613032.822266,18.579000,"aten::to",4772
8454,6029610613033.489258,17.724000,"aten::_to_copy",4773
8455,6029610613035.811523,3.355000,"aten::empty_strided",4774
8456,6029610613039.878906,10.890000,"aten::copy_",4775
8458,6029610613052.899414,10.214000,"aten::to",4776
8459,6029610613053.297852,9.632000,"aten::_to_copy",4777
8460,6029610613054.122070,2.157000,"aten::empty_strided",4778
8461,6029610613056.863281,5.855000,"aten::copy_",4779
8463,6029610613085.061523,4.268000,"aten::permute",4780
8464,6029610613087.482422,0.549000,"aten::as_strided",4781
8465,6029610613090.916992,1.452000,"aten::permute",4782
8466,6029610613091.681641,0.253000,"aten::as_strided",4783
8467,6029610613093.470703,1.427000,"aten::permute",4784
8468,6029610613094.252930,0.178000,"aten::as_strided",4785
8469,6029610613102.768555,12.137000,"aten::to",4786
8470,6029610613103.103516,11.666000,"aten::_to_copy",4787
8471,6029610613103.689453,2.791000,"aten::empty_strided",4788
8472,6029610613107.115234,7.330000,"aten::copy_",4789
8474,6029610613116.364258,10.703000,"aten::to",4790
8475,6029610613116.625000,10.302000,"aten::_to_copy",4791
8476,6029610613117.126953,2.862000,"aten::empty_strided",4792
8477,6029610613120.499023,6.163000,"aten::copy_",4793
8479,6029610613129.018555,11.527000,"aten::arange",4794
8480,6029610613129.494141,2.012000,"aten::empty",4795
8481,6029610613131.945312,8.351000,"aten::arange",4796
8482,6029610613132.715820,1.600000,"aten::resize_",4797
8484,6029610613142.779297,2.858000,"aten::unsqueeze",4798
8485,6029610613144.377930,0.292000,"aten::as_strided",4799
8486,6029610613148.608398,14.496000,"aten::clamp",4800
8487,6029610613150.999023,0.287000,"aten::to",4801
8489,6029610613167.453125,11.721000,"aten::to",4802
8490,6029610613168.043945,10.958000,"aten::_to_copy",4803
8491,6029610613168.911133,2.481000,"aten::empty_strided",4804
8492,6029610613171.928711,6.815000,"aten::copy_",4805
8494,6029610613183.266602,72.771000,"aten::repeat",4806
8495,6029610613185.164062,1.368000,"aten::expand",4807
8496,6029610613185.788086,0.504000,"aten::as_strided",4808
8497,6029610613187.156250,2.647000,"aten::empty",4809
8498,6029610613191.297852,1.795000,"aten::unfold",4810
8499,6029610613192.581055,0.334000,"aten::as_strided",4811
8500,6029610613193.988281,1.324000,"aten::expand_as",4812
8501,6029610613194.507812,0.636000,"aten::expand",4813
8502,6029610613194.877930,0.133000,"aten::as_strided",4814
8503,6029610613195.703125,17.751000,"aten::copy_",4815
8505,6029610613214.341797,10.716000,"aten::arange",4816
8506,6029610613214.872070,1.407000,"aten::empty",4817
8507,6029610613216.792969,8.031000,"aten::arange",4818
8508,6029610613218.569336,1.655000,"aten::resize_",4819
8509,6029610613225.978516,7.574000,"aten::add",4820
8510,6029610613227.985352,5.077000,"aten::add",4821
8511,6029610613234.689453,1.186000,"aten::unsqueeze",4822
8512,6029610613235.185547,0.514000,"aten::as_strided",4823
8513,6029610613236.486328,0.897000,"aten::unsqueeze",4824
8514,6029610613237.041016,0.211000,"aten::as_strided",4825
8515,6029610613238.196289,10.653000,"aten::cat",4826
8516,6029610613241.884766,4.632000,"aten::narrow",4827
8517,6029610613244.089844,1.967000,"aten::slice",4828
8518,6029610613245.167969,0.365000,"aten::as_strided",4829
8519,6029610613250.140625,1.509000,"aten::flatten",4830
8520,6029610613250.843750,0.509000,"aten::view",4831
8521,6029610613252.789062,0.971000,"aten::permute",4832
8522,6029610613253.360352,0.225000,"aten::as_strided",4833
8523,6029610613254.663086,0.758000,"aten::reshape",4834
8524,6029610613255.081055,0.164000,"aten::view",4835
8525,6029610613266.193359,15.268000,"aten::arange",4836
8526,6029610613267.259766,2.210000,"aten::empty",4837
8527,6029610613270.144531,11.001000,"aten::arange",4838
8528,6029610613271.375977,1.837000,"aten::resize_",4839
8530,6029610613287.277344,3.528000,"aten::slice",4840
8531,6029610613288.948242,0.439000,"aten::as_strided",4841
8532,6029610613294.023438,1.453000,"aten::slice",4842
8533,6029610613294.618164,0.244000,"aten::as_strided",4843
8534,6029610613297.867188,1.772000,"aten::slice",4844
8535,6029610613298.565430,0.473000,"aten::as_strided",4845
8536,6029610613309.162109,1.870000,"aten::view",4846
8537,6029610613315.078125,2.444000,"aten::alias",4847
8538,6029610613320.384766,0.685000,"aten::alias",4848
8539,6029610613323.692383,0.686000,"aten::alias",4849
8540,6029610613328.838867,14.375000,"aten::full",4850
8541,6029610613329.760742,2.398000,"aten::empty",4851
8542,6029610613333.132812,9.669000,"aten::fill_",4852
8551,6029610613511.541992,3.769000,"aten::empty",4853
8557,6029610613564.636719,12.635000,"aten::fill_",4854
8561,6029610613666.925781,3.178000,"aten::reshape",4855
8562,6029610613667.482422,2.398000,"aten::view",4856
8563,6029610613675.667969,1.548000,"aten::alias",4857
8564,6029610613679.329102,1.600000,"aten::reshape",4858
8565,6029610613679.875977,0.865000,"aten::view",4859
8566,6029610613711.208984,4.287000,"aten::empty",4860
8567,6029610613718.566406,2.805000,"aten::empty",4861
8570,6029610613774.280273,1.157000,"aten::view",4862
8571,6029610613782.531250,41.013000,"aten::cat",4863
8572,6029610613790.450195,4.303000,"aten::narrow",4864
8573,6029610613792.176758,2.131000,"aten::slice",4865
8574,6029610613793.179688,0.803000,"aten::as_strided",4866
8576,6029610613834.328125,15.861000,"aten::arange",4867
8577,6029610613835.432617,1.942000,"aten::empty",4868
8578,6029610613838.082031,11.777000,"aten::arange",4869
8579,6029610613839.864258,2.435000,"aten::resize_",4870
8581,6029610613854.416992,2.788000,"aten::slice",4871
8582,6029610613855.662109,0.477000,"aten::as_strided",4872
8583,6029610613860.623047,1.095000,"aten::alias",4873
8584,6029610613864.099609,1.323000,"aten::slice",4874
8585,6029610613864.697266,0.274000,"aten::as_strided",4875
8586,6029610613871.962891,0.983000,"aten::view",4876
8587,6029610613876.128906,1.279000,"aten::slice",4877
8588,6029610613876.630859,0.317000,"aten::as_strided",4878
8589,6029610613879.758789,1.283000,"aten::slice",4879
8590,6029610613880.298828,0.332000,"aten::as_strided",4880
8591,6029610613883.648438,1.209000,"aten::slice",4881
8592,6029610613884.228516,0.191000,"aten::as_strided",4882
8593,6029610613888.786133,12.358000,"aten::full",4883
8594,6029610613889.711914,2.379000,"aten::empty",4884
8595,6029610613892.829102,7.981000,"aten::fill_",4885
8597,6029610613981.228516,3.084000,"aten::empty",4886
8598,6029610614025.752930,9.155000,"aten::fill_",4887
8601,6029610614077.129883,2.237000,"aten::reshape",4888
8602,6029610614077.611328,1.505000,"aten::view",4889
8603,6029610614083.771484,2.603000,"aten::slice",4890
8604,6029610614084.853516,0.484000,"aten::as_strided",4891
8605,6029610614088.540039,1.594000,"aten::reshape",4892
8606,6029610614088.832031,1.131000,"aten::view",4893
8607,6029610614107.684570,3.140000,"aten::empty",4894
8608,6029610614113.601562,2.624000,"aten::empty",4895
8610,6029610614161.257812,1.022000,"aten::view",4896
8611,6029610614167.807617,2.033000,"aten::slice",4897
8612,6029610614168.678711,0.489000,"aten::as_strided",4898
8613,6029610614172.873047,1.260000,"aten::slice",4899
8614,6029610614173.425781,0.257000,"aten::as_strided",4900
8615,6029610614177.371094,1.272000,"aten::slice",4901
8616,6029610614177.964844,0.256000,"aten::as_strided",4902
8617,6029610614182.451172,12.390000,"aten::full",4903
8618,6029610614183.000977,2.734000,"aten::empty",4904
8619,6029610614186.278320,8.231000,"aten::fill_",4905
8621,6029610614265.903320,2.769000,"aten::empty",4906
8622,6029610614310.080078,8.325000,"aten::fill_",4907
8625,6029610614351.501953,1.964000,"aten::reshape",4908
8626,6029610614351.943359,1.316000,"aten::view",4909
8627,6029610614357.665039,2.578000,"aten::slice",4910
8628,6029610614358.670898,0.678000,"aten::as_strided",4911
8629,6029610614362.307617,1.493000,"aten::reshape",4912
8630,6029610614362.712891,0.896000,"aten::view",4913
8631,6029610614378.643555,3.116000,"aten::empty",4914
8632,6029610614384.460938,2.993000,"aten::empty",4915
8634,6029610614424.757812,1.118000,"aten::view",4916
8635,6029610614430.651367,1.918000,"aten::slice",4917
8636,6029610614431.634766,0.355000,"aten::as_strided",4918
8637,6029610614435.636719,1.177000,"aten::slice",4919
8638,6029610614436.141602,0.237000,"aten::as_strided",4920
8639,6029610614440.048828,1.177000,"aten::slice",4921
8640,6029610614440.533203,0.253000,"aten::as_strided",4922
8641,6029610614445.007812,10.998000,"aten::full",4923
8642,6029610614445.579102,2.463000,"aten::empty",4924
8643,6029610614448.545898,7.147000,"aten::fill_",4925
8645,6029610614531.302734,2.687000,"aten::empty",4926
8646,6029610614575.865234,7.857000,"aten::fill_",4927
8649,6029610614615.168945,2.057000,"aten::reshape",4928
8650,6029610614615.655273,1.342000,"aten::view",4929
8651,6029610614621.327148,2.382000,"aten::slice",4930
8652,6029610614622.513672,0.472000,"aten::as_strided",4931
8653,6029610614625.724609,1.481000,"aten::reshape",4932
8654,6029610614626.012695,1.032000,"aten::view",4933
8655,6029610614641.769531,3.067000,"aten::empty",4934
8656,6029610614647.372070,2.404000,"aten::empty",4935
8658,6029610614686.039062,1.027000,"aten::view",4936
8659,6029610614691.573242,1.686000,"aten::slice",4937
8660,6029610614692.335938,0.346000,"aten::as_strided",4938
8661,6029610614696.283203,1.411000,"aten::slice",4939
8662,6029610614696.977539,0.282000,"aten::as_strided",4940
8663,6029610614700.808594,1.394000,"aten::slice",4941
8664,6029610614701.469727,0.307000,"aten::as_strided",4942
8665,6029610614705.575195,10.816000,"aten::full",4943
8666,6029610614706.196289,2.410000,"aten::empty",4944
8667,6029610614709.130859,7.005000,"aten::fill_",4945
8669,6029610614787.151367,2.697000,"aten::empty",4946
8671,6029610614825.980469,8.179000,"aten::fill_",4947
8674,6029610614862.981445,1.859000,"aten::reshape",4948
8675,6029610614863.423828,1.195000,"aten::view",4949
8676,6029610614868.886719,2.349000,"aten::slice",4950
8677,6029610614870.101562,0.429000,"aten::as_strided",4951
8678,6029610614873.316406,1.585000,"aten::reshape",4952
8679,6029610614873.712891,0.986000,"aten::view",4953
8680,6029610614888.357422,2.933000,"aten::empty",4954
8681,6029610614893.760742,2.490000,"aten::empty",4955
8683,6029610614932.340820,0.889000,"aten::view",4956
8684,6029610614937.827148,1.697000,"aten::slice",4957
8685,6029610614938.539062,0.388000,"aten::as_strided",4958
8686,6029610614942.640625,1.563000,"aten::slice",4959
8687,6029610614943.478516,0.305000,"aten::as_strided",4960
8688,6029610614947.338867,1.244000,"aten::slice",4961
8689,6029610614947.882812,0.260000,"aten::as_strided",4962
8690,6029610614951.878906,10.326000,"aten::full",4963
8691,6029610614952.334961,2.196000,"aten::empty",4964
8692,6029610614955.082031,6.813000,"aten::fill_",4965
8694,6029610615025.489258,2.602000,"aten::empty",4966
8695,6029610615062.940430,7.498000,"aten::fill_",4967
8698,6029610615097.668945,1.877000,"aten::reshape",4968
8699,6029610615098.166016,1.165000,"aten::view",4969
8700,6029610615103.381836,2.077000,"aten::slice",4970
8701,6029610615104.317383,0.513000,"aten::as_strided",4971
8702,6029610615107.449219,1.457000,"aten::reshape",4972
8703,6029610615107.810547,0.915000,"aten::view",4973
8704,6029610615121.883789,2.776000,"aten::empty",4974
8705,6029610615127.009766,2.609000,"aten::empty",4975
8707,6029610615167.697266,1.063000,"aten::view",4976
8708,6029610615173.199219,1.726000,"aten::slice",4977
8709,6029610615174.058594,0.286000,"aten::as_strided",4978
8710,6029610615177.989258,1.184000,"aten::slice",4979
8711,6029610615178.563477,0.180000,"aten::as_strided",4980
8712,6029610615182.211914,1.233000,"aten::slice",4981
8713,6029610615182.791016,0.218000,"aten::as_strided",4982
8714,6029610615186.550781,10.119000,"aten::full",4983
8715,6029610615187.099609,2.216000,"aten::empty",4984
8716,6029610615189.823242,6.509000,"aten::fill_",4985
8718,6029610615255.591797,2.633000,"aten::empty",4986
8720,6029610615296.211914,7.468000,"aten::fill_",4987
8723,6029610615330.616211,1.924000,"aten::reshape",4988
8724,6029610615331.111328,1.214000,"aten::view",4989
8727,6029610615336.246094,2.120000,"aten::slice",4990
8728,6029610615337.218750,0.447000,"aten::as_strided",4991
8730,6029610615340.268555,1.307000,"aten::reshape",4992
8731,6029610615340.566406,0.779000,"aten::view",4993
8732,6029610615354.151367,2.820000,"aten::empty",4994
8733,6029610615359.403320,2.626000,"aten::empty",4995
8735,6029610615399.728516,0.969000,"aten::view",4996
8736,6029610615405.486328,1.732000,"aten::slice",4997
8737,6029610615406.275391,0.375000,"aten::as_strided",4998
8738,6029610615410.087891,1.219000,"aten::slice",4999
8739,6029610615410.661133,0.223000,"aten::as_strided",5000
8740,6029610615414.477539,1.193000,"aten::slice",5001
8741,6029610615415.010742,0.222000,"aten::as_strided",5002
8742,6029610615418.861328,10.628000,"aten::full",5003
8743,6029610615419.379883,2.214000,"aten::empty",5004
8744,6029610615422.208984,6.977000,"aten::fill_",5005
8747,6029610615494.199219,2.602000,"aten::empty",5006
8748,6029610615535.987305,8.022000,"aten::fill_",5007
8751,6029610615571.728516,1.931000,"aten::reshape",5008
8752,6029610615572.161133,1.273000,"aten::view",5009
8753,6029610615577.374023,2.136000,"aten::slice",5010
8754,6029610615578.251953,0.545000,"aten::as_strided",5011
8755,6029610615581.464844,1.317000,"aten::reshape",5012
8756,6029610615581.825195,0.754000,"aten::view",5013
8757,6029610615595.369141,2.926000,"aten::empty",5014
8758,6029610615600.636719,2.489000,"aten::empty",5015
8760,6029610615639.523438,1.153000,"aten::view",5016
8761,6029610615645.036133,1.785000,"aten::slice",5017
8762,6029610615645.859375,0.330000,"aten::as_strided",5018
8763,6029610615649.701172,1.253000,"aten::slice",5019
8764,6029610615650.303711,0.224000,"aten::as_strided",5020
8765,6029610615654.083008,1.183000,"aten::slice",5021
8766,6029610615654.623047,0.197000,"aten::as_strided",5022
8767,6029610615658.458008,10.642000,"aten::full",5023
8768,6029610615659.100586,2.293000,"aten::empty",5024
8769,6029610615662.012695,6.830000,"aten::fill_",5025
8771,6029610615730.327148,2.644000,"aten::empty",5026
8772,6029610615772.181641,7.426000,"aten::fill_",5027
8775,6029610615806.279297,1.926000,"aten::reshape",5028
8776,6029610615806.756836,1.220000,"aten::view",5029
8777,6029610615812.124023,2.097000,"aten::slice",5030
8778,6029610615812.997070,0.545000,"aten::as_strided",5031
8779,6029610615816.252930,1.289000,"aten::reshape",5032
8780,6029610615816.560547,0.799000,"aten::view",5033
8781,6029610615829.352539,2.707000,"aten::empty",5034
8782,6029610615834.292969,2.644000,"aten::empty",5035
8784,6029610615869.288086,1.005000,"aten::view",5036
8785,6029610615874.742188,1.695000,"aten::slice",5037
8786,6029610615875.435547,0.423000,"aten::as_strided",5038
8787,6029610615879.351562,1.235000,"aten::slice",5039
8788,6029610615879.924805,0.232000,"aten::as_strided",5040
8789,6029610615883.513672,1.219000,"aten::slice",5041
8790,6029610615884.073242,0.230000,"aten::as_strided",5042
8791,6029610615887.799805,9.912000,"aten::full",5043
8792,6029610615888.313477,2.285000,"aten::empty",5044
8793,6029610615891.074219,6.328000,"aten::fill_",5045
8795,6029610615957.362305,2.599000,"aten::empty",5046
8796,6029610616002.489258,8.210000,"aten::fill_",5047
8799,6029610616038.329102,1.939000,"aten::reshape",5048
8800,6029610616038.787109,1.267000,"aten::view",5049
8801,6029610616044.259766,2.279000,"aten::slice",5050
8802,6029610616045.351562,0.484000,"aten::as_strided",5051
8803,6029610616048.592773,1.446000,"aten::reshape",5052
8804,6029610616049.069336,0.781000,"aten::view",5053
8805,6029610616062.223633,2.775000,"aten::empty",5054
8806,6029610616067.409180,2.439000,"aten::empty",5055
8808,6029610616103.906250,1.141000,"aten::view",5056
8809,6029610616109.677734,1.610000,"aten::slice",5057
8810,6029610616110.421875,0.290000,"aten::as_strided",5058
8811,6029610616114.286133,1.265000,"aten::slice",5059
8812,6029610616114.926758,0.200000,"aten::as_strided",5060
8813,6029610616118.725586,1.124000,"aten::slice",5061
8814,6029610616119.239258,0.193000,"aten::as_strided",5062
8815,6029610616123.058594,9.918000,"aten::full",5063
8816,6029610616123.523438,2.204000,"aten::empty",5064
8817,6029610616126.282227,6.376000,"aten::fill_",5065
8819,6029610616196.500977,2.680000,"aten::empty",5066
8820,6029610616236.365234,7.857000,"aten::fill_",5067
8823,6029610616270.993164,1.855000,"aten::reshape",5068
8824,6029610616271.471680,1.158000,"aten::view",5069
8825,6029610616276.716797,2.012000,"aten::slice",5070
8826,6029610616277.497070,0.525000,"aten::as_strided",5071
8827,6029610616280.667969,1.317000,"aten::reshape",5072
8828,6029610616280.942383,0.866000,"aten::view",5073
8829,6029610616293.718750,2.837000,"aten::empty",5074
8830,6029610616299.008789,2.120000,"aten::empty",5075
8832,6029610616340.541992,0.954000,"aten::view",5076
8833,6029610616345.790039,1.754000,"aten::slice",5077
8834,6029610616346.503906,0.433000,"aten::as_strided",5078
8835,6029610616350.428711,1.288000,"aten::slice",5079
8836,6029610616351.032227,0.202000,"aten::as_strided",5080
8837,6029610616354.884766,1.192000,"aten::slice",5081
8838,6029610616355.463867,0.192000,"aten::as_strided",5082
8839,6029610616359.208984,10.186000,"aten::full",5083
8840,6029610616359.711914,2.310000,"aten::empty",5084
8841,6029610616362.536133,6.598000,"aten::fill_",5085
8843,6029610616429.405273,2.619000,"aten::empty",5086
8844,6029610616474.711914,7.831000,"aten::fill_",5087
8847,6029610616511.039062,2.035000,"aten::reshape",5088
8848,6029610616511.548828,1.321000,"aten::view",5089
8849,6029610616517.073242,2.095000,"aten::slice",5090
8850,6029610616518.037109,0.411000,"aten::as_strided",5091
8851,6029610616521.316406,1.451000,"aten::reshape",5092
8852,6029610616521.610352,0.953000,"aten::view",5093
8853,6029610616534.805664,2.774000,"aten::empty",5094
8854,6029610616539.842773,2.620000,"aten::empty",5095
8856,6029610616581.743164,0.975000,"aten::view",5096
8857,6029610616586.958008,1.754000,"aten::slice",5097
8858,6029610616587.750977,0.330000,"aten::as_strided",5098
8859,6029610616591.628906,1.320000,"aten::slice",5099
8860,6029610616592.165039,0.317000,"aten::as_strided",5100
8861,6029610616596.090820,1.306000,"aten::slice",5101
8862,6029610616596.698242,0.249000,"aten::as_strided",5102
8863,6029610616600.666992,10.587000,"aten::full",5103
8864,6029610616601.255859,2.215000,"aten::empty",5104
8865,6029610616603.986328,6.951000,"aten::fill_",5105
8867,6029610616670.601562,2.688000,"aten::empty",5106
8868,6029610616710.411133,7.391000,"aten::fill_",5107
8871,6029610616745.500000,1.886000,"aten::reshape",5108
8872,6029610616746.003906,1.175000,"aten::view",5109
8873,6029610616751.250977,1.961000,"aten::slice",5110
8874,6029610616752.178711,0.367000,"aten::as_strided",5111
8875,6029610616755.142578,1.312000,"aten::reshape",5112
8876,6029610616755.481445,0.792000,"aten::view",5113
8877,6029610616768.690430,3.421000,"aten::empty",5114
8878,6029610616774.406250,2.414000,"aten::empty",5115
8880,6029610616813.426758,1.026000,"aten::view",5116
8881,6029610616819.001953,2.163000,"aten::slice",5117
8882,6029610616819.928711,0.604000,"aten::as_strided",5118
8883,6029610616824.097656,1.476000,"aten::slice",5119
8884,6029610616824.755859,0.316000,"aten::as_strided",5120
8885,6029610616848.367188,1.461000,"aten::slice",5121
8886,6029610616849.058594,0.328000,"aten::as_strided",5122
8887,6029610616853.308594,11.198000,"aten::full",5123
8888,6029610616853.986328,2.318000,"aten::empty",5124
8889,6029610616856.985352,7.202000,"aten::fill_",5125
8891,6029610616924.230469,2.772000,"aten::empty",5126
8892,6029610616966.362305,7.560000,"aten::fill_",5127
8895,6029610617002.608398,2.080000,"aten::reshape",5128
8896,6029610617003.101562,1.371000,"aten::view",5129
8897,6029610617008.721680,2.115000,"aten::slice",5130
8898,6029610617009.623047,0.543000,"aten::as_strided",5131
8899,6029610617012.727539,1.303000,"aten::reshape",5132
8900,6029610617013.040039,0.807000,"aten::view",5133
8901,6029610617026.461914,3.377000,"aten::empty",5134
8902,6029610617032.055664,2.628000,"aten::empty",5135
8904,6029610617067.728516,1.004000,"aten::view",5136
8905,6029610617073.150391,1.697000,"aten::slice",5137
8906,6029610617073.856445,0.370000,"aten::as_strided",5138
8907,6029610617077.786133,1.152000,"aten::slice",5139
8908,6029610617078.300781,0.203000,"aten::as_strided",5140
8909,6029610617082.152344,1.162000,"aten::slice",5141
8910,6029610617082.646484,0.224000,"aten::as_strided",5142
8911,6029610617086.524414,10.493000,"aten::full",5143
8912,6029610617087.067383,2.289000,"aten::empty",5144
8913,6029610617089.863281,6.884000,"aten::fill_",5145
8915,6029610617159.744141,2.685000,"aten::empty",5146
8916,6029610617198.019531,7.390000,"aten::fill_",5147
8919,6029610617231.836914,1.838000,"aten::reshape",5148
8920,6029610617232.278320,1.209000,"aten::view",5149
8921,6029610617237.568359,2.034000,"aten::slice",5150
8922,6029610617238.516602,0.416000,"aten::as_strided",5151
8923,6029610617241.569336,1.349000,"aten::reshape",5152
8924,6029610617241.892578,0.855000,"aten::view",5153
8925,6029610617254.897461,2.875000,"aten::empty",5154
8926,6029610617260.117188,2.418000,"aten::empty",5155
8928,6029610617297.593750,1.051000,"aten::view",5156
8929,6029610617303.094727,1.600000,"aten::slice",5157
8930,6029610617303.875000,0.266000,"aten::as_strided",5158
8931,6029610617307.598633,1.226000,"aten::slice",5159
8932,6029610617308.189453,0.206000,"aten::as_strided",5160
8933,6029610617311.971680,1.562000,"aten::slice",5161
8934,6029610617312.862305,0.220000,"aten::as_strided",5162
8935,6029610617316.648438,10.301000,"aten::full",5163
8936,6029610617317.183594,2.166000,"aten::empty",5164
8937,6029610617319.849609,6.837000,"aten::fill_",5165
8939,6029610617393.019531,2.597000,"aten::empty",5166
8940,6029610617430.831055,7.692000,"aten::fill_",5167
8943,6029610617472.450195,2.104000,"aten::reshape",5168
8944,6029610617472.889648,1.418000,"aten::view",5169
8945,6029610617478.502930,2.052000,"aten::slice",5170
8946,6029610617479.450195,0.397000,"aten::as_strided",5171
8947,6029610617482.493164,1.310000,"aten::reshape",5172
8948,6029610617482.851562,0.751000,"aten::view",5173
8949,6029610617496.267578,2.907000,"aten::empty",5174
8950,6029610617501.363281,2.426000,"aten::empty",5175
8952,6029610617542.634766,1.033000,"aten::view",5176
8953,6029610617548.179688,1.655000,"aten::slice",5177
8954,6029610617549.000000,0.277000,"aten::as_strided",5178
8955,6029610617552.781250,1.179000,"aten::slice",5179
8956,6029610617553.309570,0.190000,"aten::as_strided",5180
8957,6029610617557.656250,1.814000,"aten::alias",5181
8958,6029610617562.700195,10.025000,"aten::full",5182
8959,6029610617563.259766,2.174000,"aten::empty",5183
8960,6029610617565.990234,6.452000,"aten::fill_",5184
8962,6029610617635.293945,2.710000,"aten::empty",5185
8963,6029610617674.434570,7.375000,"aten::fill_",5186
8966,6029610617708.878906,1.854000,"aten::reshape",5187
8967,6029610617709.295898,1.217000,"aten::view",5188
8968,6029610617714.647461,2.017000,"aten::slice",5189
8969,6029610617715.561523,0.378000,"aten::as_strided",5190
8970,6029610617718.567383,1.422000,"aten::reshape",5191
8971,6029610617718.862305,0.950000,"aten::view",5192
8972,6029610617732.533203,2.940000,"aten::empty",5193
8973,6029610617737.785156,2.486000,"aten::empty",5194
8975,6029610617776.508789,1.029000,"aten::view",5195
8976,6029610617783.964844,20.181000,"aten::cat",5196
8979,6029610617822.201172,9.917000,"aten::cat",5197
8981,6029610617840.247070,26.689000,"aten::ge",5198
8983,6029610617871.494141,10.195000,"aten::lt",5199
8985,6029610617885.057617,16.559000,"aten::__and__",5200
8986,6029610617886.784180,14.527000,"aten::bitwise_and",5201
8988,6029610617904.692383,1.213000,"aten::view",5202
8989,6029610617907.665039,12.060000,"aten::ge",5203
8991,6029610617921.720703,0.822000,"aten::view",5204
8992,6029610617923.796875,8.192000,"aten::lt",5205
8994,6029610617933.519531,8.435000,"aten::__and__",5206
8995,6029610617933.876953,7.801000,"aten::bitwise_and",5207
8997,6029610617943.815430,7.445000,"aten::__and__",5208
8998,6029610617944.125977,6.861000,"aten::bitwise_and",5209
9000,6029610617956.681641,14.210000,"aten::full_like",5210
9001,6029610617958.002930,5.791000,"aten::empty_like",5211
9002,6029610617959.306641,3.996000,"aten::empty_strided",5212
9003,6029610617964.466797,6.115000,"aten::fill_",5213
9005,6029610617973.475586,19.787000,"aten::where",5214
9006,6029610617975.743164,1.938000,"aten::empty",5215
9007,6029610617981.713867,2.819000,"aten::resize_",5216
9009,6029610617997.488281,8.888000,"aten::ge",5217
9011,6029610618009.416016,36.849000,"aten::sum",5218
9012,6029610618015.103516,0.689000,"aten::as_strided",5219
9013,6029610618016.713867,17.303000,"aten::to",5220
9014,6029610618017.875977,15.928000,"aten::_to_copy",5221
9015,6029610618019.341797,2.492000,"aten::empty_strided",5222
9016,6029610618022.910156,10.452000,"aten::copy_",5223
9019,6029610618048.541016,11.691000,"aten::to",5224
9020,6029610618049.022461,11.083000,"aten::_to_copy",5225
9021,6029610618049.906250,2.387000,"aten::empty_strided",5226
9022,6029610618052.752930,7.003000,"aten::copy_",5227
9024,6029610618065.527344,15.442000,"aten::arange",5228
9025,6029610618066.817383,2.009000,"aten::empty",5229
9026,6029610618069.581055,11.004000,"aten::arange",5230
9027,6029610618071.576172,2.216000,"aten::resize_",5231
9029,6029610618084.543945,1.096000,"aten::view",5232
9030,6029610618087.851562,11.646000,"aten::full_like",5233
9031,6029610618088.241211,3.430000,"aten::empty_like",5234
9032,6029610618088.861328,2.563000,"aten::empty_strided",5235
9033,6029610618092.215820,6.952000,"aten::fill_",5236
9035,6029610618102.608398,5.451000,"aten::expand_as",5237
9036,6029610618103.672852,4.115000,"aten::expand",5238
9037,6029610618105.994141,0.885000,"aten::as_strided",5239
9038,6029610618109.235352,2.088000,"aten::expand_as",5240
9039,6029610618109.567383,1.616000,"aten::expand",5241
9040,6029610618110.253906,0.440000,"aten::as_strided",5242
9041,6029610618112.542969,15.035000,"aten::where",5243
9042,6029610618113.777344,1.891000,"aten::empty",5244
9043,6029610618117.357422,1.549000,"aten::resize_",5245
9045,6029610618132.024414,106.508000,"aten::argsort",5246
9046,6029610618133.378906,104.358000,"aten::sort",5247
9047,6029610618134.934570,102.183000,"aten::sort",5248
9048,6029610618140.542969,45.327000,"aten::copy_",5249
9050,6029610618187.179688,11.662000,"aten::arange",5250
9051,6029610618187.911133,1.900000,"aten::empty",5251
9052,6029610618190.599609,7.992000,"aten::arange",5252
9053,6029610618191.459961,1.841000,"aten::resize_",5253
9055,6029610618199.618164,0.400000,"aten::view",5254
9056,6029610618200.510742,7.938000,"aten::copy_",5255
9058,6029610618209.684570,17.582000,"aten::copy_",5256
9061,6029610618244.635742,15.335000,"aten::gather",5257
9062,6029610618249.427734,0.283000,"aten::as_strided",5258
9063,6029610618250.708008,0.265000,"aten::as_strided",5259
9065,6029610618261.740234,10.704000,"aten::gather",5260
9066,6029610618264.324219,0.208000,"aten::as_strided",5261
9067,6029610618265.169922,0.184000,"aten::as_strided",5262
9069,6029610618276.386719,11.493000,"aten::bitwise_not",5263
9071,6029610618291.227539,40.891000,"aten::masked_fill",5264
9072,6029610618293.784180,25.218000,"aten::clone",5265
9073,6029610618294.865234,3.349000,"aten::empty_like",5266
9074,6029610618295.317383,2.592000,"aten::empty",5267
9075,6029610618298.802734,19.834000,"aten::copy_",5268
9079,6029610618320.736328,10.711000,"aten::masked_fill_",5269
9081,6029610618339.471680,10.970000,"aten::arange",5270
9082,6029610618340.152344,2.035000,"aten::empty",5271
9083,6029610618342.705078,7.494000,"aten::arange",5272
9084,6029610618343.364258,1.594000,"aten::resize_",5273
9086,6029610618352.878906,1.042000,"aten::view",5274
9087,6029610618355.988281,3.101000,"aten::unsqueeze",5275
9088,6029610618358.075195,0.243000,"aten::as_strided",5276
9089,6029610618360.416016,9.313000,"aten::lt",5277
9091,6029610618375.779297,10.353000,"aten::full_like",5278
9092,6029610618376.199219,3.275000,"aten::empty_like",5279
9093,6029610618376.718750,2.510000,"aten::empty_strided",5280
9094,6029610618379.959961,5.845000,"aten::fill_",5281
9096,6029610618387.603516,12.311000,"aten::where",5282
9097,6029610618388.797852,1.843000,"aten::empty",5283
9098,6029610618391.958008,1.766000,"aten::resize_",5284
9100,6029610618402.552734,57.962000,"aten::argsort",5285
9101,6029610618403.099609,56.942000,"aten::sort",5286
9102,6029610618403.893555,55.699000,"aten::sort",5287
9103,6029610618407.920898,13.335000,"aten::copy_",5288
9105,6029610618421.966797,10.279000,"aten::arange",5289
9106,6029610618422.542969,1.863000,"aten::empty",5290
9107,6029610618424.999023,7.008000,"aten::arange",5291
9108,6029610618425.580078,1.420000,"aten::resize_",5292
9110,6029610618432.799805,0.421000,"aten::view",5293
9111,6029610618433.661133,6.427000,"aten::copy_",5294
9113,6029610618441.189453,10.370000,"aten::copy_",5295
9116,6029610618462.764648,19.313000,"aten::gather",5296
9118,6029610618474.654297,0.323000,"aten::as_strided",5297
9119,6029610618475.541016,0.236000,"aten::as_strided",5298
9121,6029610618483.710938,8.808000,"aten::gather",5299
9122,6029610618486.043945,0.256000,"aten::as_strided",5300
9123,6029610618486.721680,0.178000,"aten::as_strided",5301
9125,6029610618494.314453,7.995000,"aten::bitwise_not",5302
9127,6029610618504.407227,22.963000,"aten::masked_fill",5303
9128,6029610618505.427734,14.821000,"aten::clone",5304
9129,6029610618505.822266,3.134000,"aten::empty_like",5305
9130,6029610618506.234375,2.489000,"aten::empty",5306
9131,6029610618509.372070,10.578000,"aten::copy_",5307
9133,6029610618520.900391,6.140000,"aten::masked_fill_",5308
9135,6029610618533.766602,0.322000,"aten::to",5309
9136,6029610618573.291992,4.024000,"aten::squeeze",5310
9137,6029610618575.837891,0.284000,"aten::as_strided",5311
9138,6029610618595.443359,139.704000,"FusedSparseAttentionFunc",5312
9139,6029610618608.295898,12.218000,"aten::full",5313
9140,6029610618609.121094,2.860000,"aten::empty",5314
9141,6029610618612.529297,7.635000,"aten::fill_",5315
9143,6029610618622.295898,0.126000,"aten::to",5316
9144,6029610618624.833984,0.292000,"aten::to",5317
9145,6029610618627.786133,1.819000,"aten::reshape",5318
9146,6029610618628.513672,0.898000,"aten::view",5319
9147,6029610618632.080078,2.684000,"aten::permute",5320
9148,6029610618633.944336,0.222000,"aten::as_strided",5321
9149,6029610618635.872070,1.524000,"aten::reshape",5322
9150,6029610618636.165039,1.031000,"aten::view",5323
9151,6029610618638.900391,1.052000,"aten::reshape",5324
9152,6029610618639.169922,0.590000,"aten::view",5325
9153,6029610618641.264648,0.960000,"aten::reshape",5326
9154,6029610618641.536133,0.514000,"aten::view",5327
9155,6029610618648.237305,2.244000,"aten::unsqueeze",5328
9156,6029610618649.717773,0.178000,"aten::as_strided",5329
9157,6029610618651.541992,1.308000,"aten::unsqueeze",5330
9158,6029610618652.127930,0.305000,"aten::as_strided",5331
9159,6029610618668.803711,2.657000,"aten::empty",5332
9160,6029610618672.106445,2.199000,"aten::empty",5333
9161,6029610618674.781250,2.025000,"aten::empty",5334
9171,6029610618702.765625,14.032000,"aten::clamp_min",5335
9172,6029610618704.783203,0.160000,"aten::to",5336
9174,6029610618722.815430,2.073000,"aten::reshape",5337
9175,6029610618723.315430,1.401000,"aten::view",5338
9176,6029610618751.949219,94.352000,"aten::einsum",5339
9177,6029610618755.982422,2.330000,"aten::unsqueeze",5340
9178,6029610618756.791016,0.998000,"aten::as_strided",5341
9179,6029610618759.112305,1.923000,"aten::permute",5342
9180,6029610618760.203125,0.349000,"aten::as_strided",5343
9181,6029610618761.922852,1.236000,"aten::unsqueeze",5344
9182,6029610618762.459961,0.251000,"aten::as_strided",5345
9183,6029610618763.514648,1.275000,"aten::unsqueeze",5346
9184,6029610618764.077148,0.276000,"aten::as_strided",5347
9185,6029610618765.293945,1.153000,"aten::permute",5348
9186,6029610618765.867188,0.238000,"aten::as_strided",5349
9187,6029610618769.641602,1.316000,"aten::permute",5350
9188,6029610618770.198242,0.456000,"aten::as_strided",5351
9189,6029610618771.558594,5.940000,"aten::reshape",5352
9190,6029610618775.343750,1.847000,"aten::_reshape_alias",5353
9191,6029610618778.033203,1.285000,"aten::permute",5354
9192,6029610618778.651367,0.329000,"aten::as_strided",5355
9193,6029610618779.728516,1.426000,"aten::reshape",5356
9194,6029610618780.504883,0.461000,"aten::_reshape_alias",5357
9195,6029610618781.999023,57.275000,"aten::bmm",5358
9197,6029610618840.313477,0.946000,"aten::view",5359
9198,6029610618841.746094,1.578000,"aten::permute",5360
9199,6029610618842.439453,0.533000,"aten::as_strided",5361
9200,6029610618844.618164,0.823000,"aten::view",5362
9201,6029610618849.459961,18.683000,"aten::contiguous",5363
9202,6029610618850.147461,17.730000,"aten::clone",5364
9203,6029610618851.872070,3.718000,"aten::empty_like",5365
9204,6029610618852.503906,2.702000,"aten::empty",5366
9205,6029610618856.488281,10.925000,"aten::copy_",5367
9207,6029610618873.330078,0.981000,"aten::view",5368
9209,6029610619005.808594,3.090000,"aten::empty",5369
9211,6029610619127.463867,72.469000,"LinearWithGradAccumulationAndAsyncCommunication",5370
9212,6029610619141.267578,5.819000,"aten::t",5371
9213,6029610619143.603516,2.604000,"aten::transpose",5372
9214,6029610619145.024414,0.881000,"aten::as_strided",5373
9215,6029610619149.579102,41.981000,"aten::matmul",5374
9216,6029610619151.343750,1.824000,"aten::reshape",5375
9217,6029610619151.736328,1.195000,"aten::view",5376
9218,6029610619154.176758,33.406000,"aten::mm",5377
9220,6029610619188.982422,1.841000,"aten::_unsafe_view",5378
9221,6029610619208.176758,11.732000,"_ReduceFromModelParallelRegion",5379
9222,6029610619215.942383,2.103000,"aten::view_as",5380
9223,6029610619216.889648,0.883000,"aten::view",5381
9224,6029610619233.484375,7.237000,"_CopyToModelParallelRegion",5382
9225,6029610619237.849609,1.599000,"aten::view_as",5383
9226,6029610619238.282227,0.915000,"aten::view",5384
9227,6029610619253.375000,36.845000,"LinearWithGradAccumulationAndAsyncCommunication",5385
9228,6029610619259.099609,2.781000,"aten::t",5386
9229,6029610619259.823242,1.399000,"aten::transpose",5387
9230,6029610619260.447266,0.598000,"aten::as_strided",5388
9231,6029610619263.029297,23.956000,"aten::matmul",5389
9232,6029610619263.680664,1.078000,"aten::reshape",5390
9233,6029610619263.958984,0.581000,"aten::view",5391
9234,6029610619265.168945,19.815000,"aten::mm",5392
9236,6029610619285.755859,0.655000,"aten::_unsafe_view",5393
9237,6029610619295.545898,7.841000,"_GatherFromModelParallelRegion",5394
9238,6029610619300.629883,1.359000,"aten::view_as",5395
9239,6029610619301.070312,0.697000,"aten::view",5396
9240,6029610619312.767578,53.246000,"aten::mul",5397
9242,6029610619377.540039,1.975000,"aten::reshape",5398
9243,6029610619378.259766,1.057000,"aten::view",5399
9244,6029610619382.302734,13.227000,"aten::add",5400
9246,6029610619428.769531,0.675000,"aten::dropout",5401
9247,6029610619430.850586,13.290000,"aten::add",5402
9249,6029610619581.642578,1.571000,"aten::view",5403
9250,6029610619586.367188,1.384000,"aten::view",5404
9251,6029610619599.933594,3.804000,"aten::empty",5405
9252,6029610619606.288086,2.429000,"aten::empty",5406
9253,6029610619613.415039,2.481000,"aten::empty",5407
9255,6029610619631.375977,0.980000,"aten::view",5408
9256,6029610619657.888672,3.310000,"aten::transpose",5409
9257,6029610619659.956055,0.587000,"aten::as_strided",5410
9258,6029610619663.202148,0.349000,"aten::to",5411
9260,6029610619756.295898,2.996000,"aten::empty",5412
9262,6029610619841.630859,13.870000,"_CopyToModelParallelRegion",5413
9263,6029610619849.038086,2.381000,"aten::view_as",5414
9264,6029610619849.803711,1.383000,"aten::view",5415
9265,6029610619872.076172,54.916000,"LinearWithGradAccumulationAndAsyncCommunication",5416
9266,6029610619879.809570,4.255000,"aten::t",5417
9267,6029610619881.339844,2.083000,"aten::transpose",5418
9268,6029610619882.266602,0.944000,"aten::as_strided",5419
9269,6029610619885.781250,36.978000,"aten::matmul",5420
9270,6029610619887.192383,1.213000,"aten::reshape",5421
9271,6029610619887.606445,0.589000,"aten::view",5422
9272,6029610619889.041992,30.736000,"aten::mm",5423
9274,6029610619920.914062,1.123000,"aten::_unsafe_view",5424
9275,6029610619932.721680,7.130000,"_GatherFromModelParallelRegion",5425
9276,6029610619937.188477,1.345000,"aten::view_as",5426
9277,6029610619937.592773,0.737000,"aten::view",5427
9278,6029610619951.691406,5.629000,"_CopyToModelParallelRegion",5428
9279,6029610619954.906250,1.249000,"aten::view_as",5429
9280,6029610619955.379883,0.549000,"aten::view",5430
9281,6029610619967.808594,36.008000,"LinearWithGradAccumulationAndAsyncCommunication",5431
9282,6029610619973.185547,2.295000,"aten::t",5432
9283,6029610619973.807617,1.131000,"aten::transpose",5433
9284,6029610619974.386719,0.387000,"aten::as_strided",5434
9285,6029610619976.654297,24.341000,"aten::matmul",5435
9286,6029610619977.334961,1.239000,"aten::reshape",5436
9287,6029610619977.817383,0.590000,"aten::view",5437
9288,6029610619979.109375,20.156000,"aten::mm",5438
9290,6029610620000.031250,0.513000,"aten::_unsafe_view",5439
9291,6029610620012.232422,17.847000,"aten::mul",5440
9293,6029610620037.640625,1.753000,"aten::reshape",5441
9294,6029610620038.161133,1.047000,"aten::view",5442
9295,6029610620041.555664,11.096000,"aten::add",5443
9297,6029610620062.922852,0.866000,"aten::view",5444
9298,6029610620069.762695,171.964000,"SwiGLUFunction",5445
9299,6029610620090.928711,22.204000,"TorchDynamo Cache Lookup",5446
9300,6029610620114.315430,121.224000,"Torch-Compiled Region: 2/3",5447
9301,6029610620125.099609,7.643000,"Pregraph bytecode",5448
9302,6029610620146.693359,6.384000,"AOTDispatcher Runtime Wrapper Prologue",5449
9303,6029610620161.423828,62.500000,"## Call CompiledFxGraph ftnwqncgas3evtcpnu3uiligps56abm45rnq467jaa35zufjlufy ##",5450
9304,6029610620198.745117,21.921000,"triton_poi_fused_mul_silu_split_0",5451
9306,6029610620244.402344,1.368000,"aten::view",5452
9308,6029610620319.168945,3.383000,"aten::empty",5453
9310,6029610620417.041016,60.889000,"LinearWithGradAccumulationAndAsyncCommunication",5454
9311,6029610620424.541016,4.514000,"aten::t",5455
9312,6029610620425.947266,2.401000,"aten::transpose",5456
9313,6029610620427.120117,0.962000,"aten::as_strided",5457
9314,6029610620430.737305,31.962000,"aten::matmul",5458
9315,6029610620431.985352,1.773000,"aten::reshape",5459
9316,6029610620432.570312,0.946000,"aten::view",5460
9317,6029610620434.267578,25.525000,"aten::mm",5461
9319,6029610620461.088867,0.882000,"aten::_unsafe_view",5462
9320,6029610620484.817383,9.903000,"_ReduceFromModelParallelRegion",5463
9321,6029610620491.425781,1.639000,"aten::view_as",5464
9322,6029610620492.134766,0.685000,"aten::view",5465
9323,6029610620506.969727,5.645000,"_CopyToModelParallelRegion",5466
9324,6029610620509.940430,1.446000,"aten::view_as",5467
9325,6029610620510.547852,0.593000,"aten::view",5468
9326,6029610620523.637695,37.526000,"LinearWithGradAccumulationAndAsyncCommunication",5469
9327,6029610620529.281250,2.761000,"aten::t",5470
9328,6029610620530.087891,1.431000,"aten::transpose",5471
9329,6029610620530.899414,0.408000,"aten::as_strided",5472
9330,6029610620533.076172,25.294000,"aten::matmul",5473
9331,6029610620533.611328,1.240000,"aten::reshape",5474
9332,6029610620534.021484,0.579000,"aten::view",5475
9333,6029610620535.287109,21.023000,"aten::mm",5476
9335,6029610620557.319336,0.478000,"aten::_unsafe_view",5477
9336,6029610620566.128906,6.614000,"_GatherFromModelParallelRegion",5478
9337,6029610620570.271484,1.247000,"aten::view_as",5479
9338,6029610620570.636719,0.624000,"aten::view",5480
9339,6029610620580.024414,17.118000,"aten::mul",5481
9341,6029610620605.403320,1.766000,"aten::reshape",5482
9342,6029610620605.875977,1.090000,"aten::view",5483
9343,6029610620609.219727,11.813000,"aten::add",5484
9345,6029610620656.282227,80.838000,"RouterGatingLinearFunction",5485
9346,6029610620662.537109,0.761000,"aten::view",5486
9347,6029610620687.493164,3.294000,"aten::empty",5487
9349,6029610620732.327148,1.122000,"aten::view",5488
9350,6029610620742.205078,0.765000,"aten::view",5489
9351,6029610620744.485352,1.700000,"aten::reshape",5490
9352,6029610620745.122070,0.844000,"aten::view",5491
9353,6029610620765.767578,0.377000,"aten::to",5492
9354,6029610620768.930664,17.178000,"aten::sigmoid",5493
9356,6029610620787.518555,0.481000,"aten::to",5494
9357,6029610620789.162109,14.624000,"aten::add",5495
9359,6029610620806.949219,0.901000,"aten::view",5496
9360,6029610620813.401367,46.170000,"aten::topk",5497
9376,6029610620865.762695,20.729000,"aten::sum",5498
9377,6029610620871.870117,0.517000,"aten::as_strided",5499
9379,6029610620891.129883,10.141000,"aten::topk",5500
9381,6029610620905.787109,20.660000,"aten::zeros_like",5501
9382,6029610620907.041992,6.168000,"aten::empty_like",5502
9383,6029610620908.692383,4.031000,"aten::empty_strided",5503
9384,6029610620914.223633,11.959000,"aten::zero_",5504
9385,6029610620915.573242,9.891000,"aten::fill_",5505
9387,6029610620931.733398,16.930000,"aten::scatter_",5506
9388,6029610620938.905273,0.246000,"aten::as_strided",5507
9390,6029610620951.019531,3.075000,"aten::unsqueeze",5508
9391,6029610620953.032227,0.192000,"aten::as_strided",5509
9392,6029610620957.126953,4.197000,"aten::expand",5510
9393,6029610620959.932617,0.563000,"aten::as_strided",5511
9394,6029610620962.960938,6.568000,"aten::reshape",5512
9395,6029610620967.050781,2.162000,"aten::_reshape_alias",5513
9396,6029610620971.161133,22.716000,"aten::to",5514
9397,6029610620972.006836,21.652000,"aten::_to_copy",5515
9398,6029610620974.708984,3.156000,"aten::empty_strided",5516
9399,6029610620979.125000,13.878000,"aten::copy_",5517
9401,6029610620996.280273,13.496000,"aten::bitwise_not",5518
9403,6029610621015.763672,43.563000,"aten::masked_fill",5519
9404,6029610621018.208008,27.643000,"aten::clone",5520
9405,6029610621018.960938,4.511000,"aten::empty_like",5521
9406,6029610621019.953125,3.198000,"aten::empty",5522
9407,6029610621024.022461,21.487000,"aten::copy_",5523
9409,6029610621047.239258,11.577000,"aten::masked_fill_",5524
9411,6029610621063.018555,25.477000,"aten::topk",5525
9427,6029610621095.597656,14.202000,"aten::gather",5526
9428,6029610621100.351562,0.253000,"aten::as_strided",5527
9429,6029610621101.233398,0.270000,"aten::as_strided",5528
9431,6029610621112.845703,10.995000,"aten::sum",5529
9433,6029610621128.686523,13.426000,"aten::add",5530
9435,6029610621146.184570,14.582000,"aten::div",5531
9437,6029610621164.375000,11.323000,"aten::mul",5532
9439,6029610621179.006836,2.209000,"aten::type_as",5533
9440,6029610621180.434570,0.590000,"aten::to",5534
9441,6029610621184.559570,13.629000,"aten::zeros_like",5535
9442,6029610621185.137695,3.528000,"aten::empty_like",5536
9443,6029610621185.700195,2.667000,"aten::empty_strided",5537
9444,6029610621189.282227,8.655000,"aten::zero_",5538
9445,6029610621190.113281,7.198000,"aten::fill_",5539
9447,6029610621201.399414,28.594000,"aten::scatter",5540
9448,6029610621206.174805,11.624000,"aten::copy_",5541
9450,6029610621219.738281,0.340000,"aten::as_strided",5542
9451,6029610621220.764648,0.261000,"aten::as_strided",5543
9453,6029610621232.344727,11.320000,"aten::zeros_like",5544
9454,6029610621232.916016,3.340000,"aten::empty_like",5545
9455,6029610621233.502930,2.516000,"aten::empty_strided",5546
9457,6029610621236.733398,6.746000,"aten::zero_",5547
9458,6029610621237.269531,5.648000,"aten::fill_",5548
9460,6029610621245.152344,12.797000,"aten::to",5549
9461,6029610621245.545898,12.225000,"aten::_to_copy",5550
9462,6029610621246.455078,2.707000,"aten::empty_strided",5551
9463,6029610621249.612305,7.732000,"aten::copy_",5552
9465,6029610621261.875977,19.801000,"aten::scatter",5553
9466,6029610621265.263672,7.963000,"aten::copy_",5554
9468,6029610621274.255859,0.271000,"aten::as_strided",5555
9470,6029610621283.806641,11.882000,"aten::to",5556
9471,6029610621284.147461,11.394000,"aten::_to_copy",5557
9472,6029610621284.741211,2.350000,"aten::empty_strided",5558
9473,6029610621287.546875,7.731000,"aten::copy_",5559
9475,6029610621340.199219,22.982000,"TorchDynamo Cache Lookup",5560
9476,6029610621364.246094,76399.536000,"Torch-Compiled Region: 4/2",5561
9477,6029610621374.446289,7.908000,"Pregraph bytecode",5562
9478,6029610621397.405273,7.428000,"AOTDispatcher Runtime Wrapper Prologue",5563
9479,6029610621413.408203,13.676000,"## Call CompiledFxGraph ffqfii4z2nn5a234ayoxvpzmpxm2ecoijt4taprfnuqf6o6d2cos ##",5564
9480,6029610621442.638672,3.461000,"aten::as_strided",5565
9481,6029610621451.958984,0.859000,"aten::as_strided",5566
9482,6029610621475.632812,1.861000,"aten::view",5567
9483,6029610621495.454102,25.761000,"TorchDynamo Cache Lookup",5568
9484,6029610621522.067383,76235.421000,"Torch-Compiled Region: 5/2",5569
9485,6029610621526.348633,2.992000,"Pregraph bytecode",5570
9486,6029610621537.127930,4.287000,"AOTDispatcher Runtime Wrapper Prologue",5571
9487,6029610621548.337891,254.543000,"## Call CompiledFxGraph fnkiwcsfuehnlfw5d3cywvi2duqgczmopj7zi7ubcdfyztfsjquy ##",5572
9488,6029610621576.758789,20.262000,"triton_poi_fused__to_copy_all_reduce_scalar_tensor_stack_0",5573
9490,6029610621610.341797,129.504000,"_c10d_functional::all_reduce_",5574
9491,6029610621616.634766,121.247000,"c10d::allreduce_",5575
9492,6029610621637.942383,96.445000,"record_param_comms",5576
9511,6029610621747.943359,51.734000,"_c10d_functional::wait_tensor",5578
9512,6029610621784.452148,3.436000,"record_param_comms",5579
9515,6029610621813.423828,75802.987000,"aten::item",5580
9516,6029610621814.932617,75800.116000,"aten::_local_scalar_dense",5581
9693,6029610697632.065430,26.217000,"TorchDynamo Cache Lookup",5582
9694,6029610697659.426758,96.132000,"Torch-Compiled Region: 6/2",5583
9695,6029610697670.519531,6.575000,"Pregraph bytecode",5584
9696,6029610697690.591797,7.036000,"AOTDispatcher Runtime Wrapper Prologue",5585
9697,6029610697705.197266,13.016000,"## Call CompiledFxGraph f3tq6x6bt5eden6n2umkfxx3rj6ut42hpbddqqwigq3nbcwnzya4 ##",5586
9698,6029610697731.146484,6.328000,"aten::as_strided",5587
9699,6029610697743.066406,0.775000,"aten::as_strided",5588
9700,6029610697793.037109,735.863000,"HybridEPDispatch",5589
9704,6029610697892.295898,8.816000,"aten::empty",5590
9705,6029610697902.038086,3.770000,"aten::empty",5591
9706,6029610697906.710938,1.609000,"aten::empty",5592
9707,6029610697908.931641,2.845000,"aten::empty",5593
9708,6029610697912.368164,3.608000,"aten::empty",5594
9709,6029610697916.577148,2.362000,"aten::empty",5595
9712,6029610697944.496094,2.804000,"aten::empty",5596
9713,6029610697948.000000,2.419000,"aten::empty",5597
9714,6029610697951.002930,2.261000,"aten::empty",5598
9715,6029610697953.830078,2.320000,"aten::empty",5599
9716,6029610697956.599609,2.440000,"aten::empty",5600
9719,6029610697971.183594,0.578000,"aten::empty",5601
9726,6029610698456.509766,2.800000,"aten::empty",5602
9727,6029610698459.946289,2.486000,"aten::empty",5603
9737,6029610698537.587891,0.481000,"aten::to",5604
9738,6029610698541.383789,20.638000,"aten::sum",5605
9739,6029610698544.022461,17.595000,"aten::sum",5606
9740,6029610698549.579102,1.136000,"aten::as_strided",5607
9741,6029610698558.989258,1.014000,"aten::fill_",5608
9742,6029610698585.968750,4.059000,"aten::unsqueeze",5609
9743,6029610698588.370117,0.355000,"aten::as_strided",5610
9744,6029610698596.319336,0.397000,"aten::resolve_conj",5611
9745,6029610698598.759766,0.181000,"aten::resolve_neg",5612
9746,6029610698631.935547,3.473000,"aten::view",5613
9747,6029610698642.132812,2.506000,"aten::alias",5614
9748,6029610698650.836914,1.167000,"aten::view",5615
9749,6029610698654.498047,0.580000,"aten::alias",5616
9750,6029610698659.115234,0.692000,"aten::view",5617
9751,6029610698662.148438,0.748000,"aten::alias",5618
9752,6029610698666.724609,0.827000,"aten::view",5619
9753,6029610698669.540039,0.753000,"aten::alias",5620
9754,6029610698674.642578,0.679000,"aten::view",5621
9755,6029610698677.330078,0.539000,"aten::alias",5622
9756,6029610698682.289062,0.710000,"aten::view",5623
9757,6029610698684.919922,0.630000,"aten::alias",5624
9758,6029610698689.317383,0.568000,"aten::view",5625
9759,6029610698692.564453,0.506000,"aten::alias",5626
9760,6029610698696.901367,0.701000,"aten::view",5627
9761,6029610698699.548828,0.841000,"aten::alias",5628
9762,6029610698703.985352,0.540000,"aten::view",5629
9763,6029610698706.911133,0.508000,"aten::alias",5630
9764,6029610698711.603516,0.633000,"aten::view",5631
9765,6029610698714.122070,0.696000,"aten::alias",5632
9766,6029610698735.155273,0.876000,"aten::view",5633
9767,6029610698738.236328,0.648000,"aten::alias",5634
9768,6029610698742.988281,0.797000,"aten::view",5635
9769,6029610698745.944336,0.797000,"aten::alias",5636
9770,6029610698750.042969,0.651000,"aten::view",5637
9771,6029610698752.551758,0.610000,"aten::alias",5638
9772,6029610698756.400391,0.612000,"aten::view",5639
9773,6029610698758.986328,0.603000,"aten::alias",5640
9774,6029610698763.081055,0.918000,"aten::view",5641
9775,6029610698765.909180,0.704000,"aten::alias",5642
9776,6029610698769.773438,0.630000,"aten::view",5643
9777,6029610698772.288086,0.461000,"aten::alias",5644
9778,6029610698776.086914,0.584000,"aten::view",5645
9779,6029610698778.665039,0.596000,"aten::alias",5646
9780,6029610698783.185547,0.801000,"aten::view",5647
9781,6029610698785.941406,0.641000,"aten::alias",5648
9782,6029610698789.884766,0.713000,"aten::view",5649
9783,6029610698792.506836,0.587000,"aten::alias",5650
9784,6029610698796.478516,0.686000,"aten::view",5651
9785,6029610698799.166992,0.449000,"aten::alias",5652
9786,6029610698803.058594,0.670000,"aten::view",5653
9787,6029610698805.555664,0.556000,"aten::alias",5654
9788,6029610698809.542969,0.806000,"aten::view",5655
9789,6029610698812.170898,0.542000,"aten::alias",5656
9790,6029610698816.203125,0.682000,"aten::view",5657
9791,6029610698818.985352,0.891000,"aten::alias",5658
9792,6029610698823.163086,0.550000,"aten::view",5659
9793,6029610698825.831055,0.552000,"aten::alias",5660
9794,6029610698830.286133,0.692000,"aten::view",5661
9795,6029610698833.111328,0.484000,"aten::alias",5662
9796,6029610698837.718750,0.710000,"aten::view",5663
9797,6029610698840.491211,0.490000,"aten::alias",5664
9798,6029610698844.156250,0.639000,"aten::view",5665
9799,6029610698846.810547,0.607000,"aten::alias",5666
9800,6029610698851.200195,0.563000,"aten::view",5667
9801,6029610698853.663086,0.543000,"aten::alias",5668
9802,6029610698857.701172,0.565000,"aten::view",5669
9803,6029610698860.156250,0.536000,"aten::alias",5670
9804,6029610698864.482422,0.571000,"aten::view",5671
9805,6029610698866.982422,0.735000,"aten::alias",5672
9806,6029610698870.617188,0.472000,"aten::view",5673
9807,6029610698873.060547,0.484000,"aten::alias",5674
9808,6029610698877.337891,0.998000,"aten::view",5675
9809,6029610698880.116211,0.621000,"aten::alias",5676
9810,6029610698926.334961,42.787000,"TorchDynamo Cache Lookup",5677
9811,6029610698970.115234,554.926000,"Torch-Compiled Region: 8/0",5678
9812,6029610698977.578125,3.658000,"Pregraph bytecode",5679
9813,6029610698991.865234,5.705000,"AOTDispatcher Runtime Wrapper Prologue",5680
9814,6029610699004.848633,511.177000,"## Call CompiledFxGraph fq7m25neaplnlgu4vjz3ffl5fisqpcpy3hcdd7muznj4iudd4ynw ##",5681
9815,6029610699078.058594,28.731000,"triton_poi_fused__to_copy_mul_unsqueeze_view_0",5682
9817,6029610699114.668945,10.766000,"triton_poi_fused__to_copy_mul_unsqueeze_view_0",5683
9819,6029610699130.443359,8.392000,"triton_poi_fused__to_copy_mul_unsqueeze_view_0",5684
9821,6029610699143.460938,7.709000,"triton_poi_fused__to_copy_mul_unsqueeze_view_0",5685
9823,6029610699155.658203,9.446000,"triton_poi_fused__to_copy_mul_unsqueeze_view_0",5686
9825,6029610699169.799805,8.047000,"triton_poi_fused__to_copy_mul_unsqueeze_view_0",5687
9827,6029610699182.344727,7.599000,"triton_poi_fused__to_copy_mul_unsqueeze_view_0",5688
9829,6029610699194.717773,8.234000,"triton_poi_fused__to_copy_mul_unsqueeze_view_0",5689
9831,6029610699207.972656,7.144000,"triton_poi_fused__to_copy_mul_unsqueeze_view_0",5690
9833,6029610699220.191406,8.046000,"triton_poi_fused__to_copy_mul_unsqueeze_view_0",5691
9835,6029610699232.975586,7.446000,"triton_poi_fused__to_copy_mul_unsqueeze_view_0",5692
9837,6029610699245.345703,7.963000,"triton_poi_fused__to_copy_mul_unsqueeze_view_0",5693
9839,6029610699257.914062,7.677000,"triton_poi_fused__to_copy_mul_unsqueeze_view_0",5694
9841,6029610699270.235352,7.654000,"triton_poi_fused__to_copy_mul_unsqueeze_view_0",5695
9843,6029610699282.137695,8.665000,"triton_poi_fused__to_copy_mul_unsqueeze_view_0",5696
9845,6029610699295.363281,6.917000,"triton_poi_fused__to_copy_mul_unsqueeze_view_0",5697
9847,6029610699306.387695,7.324000,"triton_poi_fused__to_copy_mul_unsqueeze_view_0",5698
9849,6029610699318.365234,8.058000,"triton_poi_fused__to_copy_mul_unsqueeze_view_0",5699
9851,6029610699330.698242,7.409000,"triton_poi_fused__to_copy_mul_unsqueeze_view_0",5700
9853,6029610699342.517578,8.287000,"triton_poi_fused__to_copy_mul_unsqueeze_view_0",5701
9855,6029610699355.415039,6.862000,"triton_poi_fused__to_copy_mul_unsqueeze_view_0",5702
9857,6029610699366.839844,7.718000,"triton_poi_fused__to_copy_mul_unsqueeze_view_0",5703
9859,6029610699379.288086,7.281000,"triton_poi_fused__to_copy_mul_unsqueeze_view_0",5704
9861,6029610699390.787109,7.013000,"triton_poi_fused__to_copy_mul_unsqueeze_view_0",5705
9863,6029610699402.113281,7.841000,"triton_poi_fused__to_copy_mul_unsqueeze_view_0",5706
9865,6029610699414.468750,6.696000,"triton_poi_fused__to_copy_mul_unsqueeze_view_0",5707
9867,6029610699425.515625,6.889000,"triton_poi_fused__to_copy_mul_unsqueeze_view_0",5708
9869,6029610699437.598633,7.114000,"triton_poi_fused__to_copy_mul_unsqueeze_view_0",5709
9871,6029610699449.116211,6.873000,"triton_poi_fused__to_copy_mul_unsqueeze_view_0",5710
9873,6029610699460.334961,14.501000,"triton_poi_fused__to_copy_mul_unsqueeze_view_0",5711
9875,6029610699479.574219,6.685000,"triton_poi_fused__to_copy_mul_unsqueeze_view_0",5712
9877,6029610699490.766602,7.748000,"triton_poi_fused__to_copy_mul_unsqueeze_view_0",5713
9879,6029610699584.631836,46.671000,"aten::unbind",5714
9880,6029610699587.677734,4.430000,"aten::select",5715
9881,6029610699590.121094,1.227000,"aten::as_strided",5716
9882,6029610699592.706055,0.757000,"aten::select",5717
9883,6029610699593.077148,0.138000,"aten::as_strided",5718
9884,6029610699593.850586,0.777000,"aten::select",5719
9885,6029610699594.277344,0.146000,"aten::as_strided",5720
9886,6029610699594.998047,0.648000,"aten::select",5721
9887,6029610699595.357422,0.104000,"aten::as_strided",5722
9888,6029610699595.996094,0.714000,"aten::select",5723
9889,6029610699596.444336,0.091000,"aten::as_strided",5724
9890,6029610699597.044922,0.743000,"aten::select",5725
9891,6029610699597.408203,0.180000,"aten::as_strided",5726
9892,6029610699598.116211,0.747000,"aten::select",5727
9893,6029610699598.539062,0.150000,"aten::as_strided",5728
9894,6029610699599.202148,0.760000,"aten::select",5729
9895,6029610699599.563477,0.228000,"aten::as_strided",5730
9896,6029610699600.278320,0.768000,"aten::select",5731
9897,6029610699600.717773,0.154000,"aten::as_strided",5732
9898,6029610699601.386719,0.675000,"aten::select",5733
9899,6029610699601.726562,0.130000,"aten::as_strided",5734
9900,6029610699602.369141,0.738000,"aten::select",5735
9901,6029610699602.820312,0.091000,"aten::as_strided",5736
9902,6029610699603.455078,0.635000,"aten::select",5737
9903,6029610699603.780273,0.135000,"aten::as_strided",5738
9904,6029610699604.408203,0.731000,"aten::select",5739
9905,6029610699604.869141,0.094000,"aten::as_strided",5740
9906,6029610699605.476562,0.639000,"aten::select",5741
9907,6029610699605.809570,0.104000,"aten::as_strided",5742
9908,6029610699606.429688,0.679000,"aten::select",5743
9909,6029610699606.835938,0.118000,"aten::as_strided",5744
9910,6029610699607.455078,0.712000,"aten::select",5745
9911,6029610699607.803711,0.207000,"aten::as_strided",5746
9912,6029610699608.498047,1.275000,"aten::select",5747
9913,6029610699608.915039,0.705000,"aten::as_strided",5748
9914,6029610699610.126953,0.741000,"aten::select",5749
9915,6029610699610.538086,0.176000,"aten::as_strided",5750
9916,6029610699611.179688,0.791000,"aten::select",5751
9917,6029610699611.660156,0.152000,"aten::as_strided",5752
9918,6029610699612.309570,0.875000,"aten::select",5753
9919,6029610699612.851562,0.123000,"aten::as_strided",5754
9920,6029610699613.518555,0.856000,"aten::select",5755
9921,6029610699613.993164,0.164000,"aten::as_strided",5756
9922,6029610699614.686523,0.940000,"aten::select",5757
9923,6029610699615.288086,0.160000,"aten::as_strided",5758
9924,6029610699615.935547,0.661000,"aten::select",5759
9925,6029610699616.309570,0.132000,"aten::as_strided",5760
9926,6029610699616.911133,0.744000,"aten::select",5761
9927,6029610699617.250000,0.245000,"aten::as_strided",5762
9928,6029610699617.990234,0.752000,"aten::select",5763
9929,6029610699618.436523,0.150000,"aten::as_strided",5764
9930,6029610699619.054688,0.762000,"aten::select",5765
9931,6029610699619.505859,0.119000,"aten::as_strided",5766
9932,6029610699620.132812,0.720000,"aten::select",5767
9933,6029610699620.561523,0.130000,"aten::as_strided",5768
9934,6029610699621.168945,0.688000,"aten::select",5769
9935,6029610699621.582031,0.120000,"aten::as_strided",5770
9936,6029610699622.167969,0.774000,"aten::select",5771
9937,6029610699622.649414,0.103000,"aten::as_strided",5772
9938,6029610699623.253906,0.710000,"aten::select",5773
9939,6029610699623.651367,0.136000,"aten::as_strided",5774
9940,6029610699624.283203,0.831000,"aten::select",5775
9941,6029610699624.759766,0.182000,"aten::as_strided",5776
9942,6029610699625.447266,0.885000,"aten::select",5777
9943,6029610699625.887695,0.269000,"aten::as_strided",5778
9944,6029610699637.389648,6.280000,"aten::new_empty",5779
9945,6029610699639.153320,4.135000,"aten::empty",5780
9946,6029610699645.194336,2.366000,"aten::new_empty",5781
9947,6029610699645.589844,1.787000,"aten::empty",5782
9948,6029610699648.587891,2.183000,"aten::new_empty",5783
9949,6029610699648.876953,1.692000,"aten::empty",5784
9950,6029610699651.686523,2.167000,"aten::new_empty",5785
9951,6029610699651.970703,1.718000,"aten::empty",5786
9952,6029610699654.758789,2.391000,"aten::new_empty",5787
9953,6029610699655.043945,1.919000,"aten::empty",5788
9954,6029610699658.234375,2.646000,"aten::new_empty",5789
9955,6029610699658.925781,1.786000,"aten::empty",5790
9956,6029610699661.789062,2.251000,"aten::new_empty",5791
9957,6029610699662.077148,1.795000,"aten::empty",5792
9958,6029610699664.940430,2.299000,"aten::new_empty",5793
9959,6029610699665.221680,1.849000,"aten::empty",5794
9960,6029610699668.157227,2.372000,"aten::new_empty",5795
9961,6029610699668.503906,1.855000,"aten::empty",5796
9962,6029610699671.497070,2.388000,"aten::new_empty",5797
9963,6029610699671.837891,1.865000,"aten::empty",5798
9964,6029610699674.814453,2.187000,"aten::new_empty",5799
9965,6029610699675.092773,1.717000,"aten::empty",5800
9966,6029610699677.881836,2.262000,"aten::new_empty",5801
9967,6029610699678.166992,1.808000,"aten::empty",5802
9968,6029610699681.032227,2.176000,"aten::new_empty",5803
9969,6029610699681.315430,1.726000,"aten::empty",5804
9970,6029610699684.087891,2.136000,"aten::new_empty",5805
9971,6029610699684.376953,1.680000,"aten::empty",5806
9972,6029610699687.148438,2.392000,"aten::new_empty",5807
9973,6029610699687.433594,1.935000,"aten::empty",5808
9974,6029610699690.477539,2.204000,"aten::new_empty",5809
9975,6029610699690.756836,1.757000,"aten::empty",5810
9976,6029610699693.584961,2.159000,"aten::new_empty",5811
9977,6029610699693.870117,1.700000,"aten::empty",5812
9978,6029610699696.758789,2.268000,"aten::new_empty",5813
9979,6029610699697.040039,1.816000,"aten::empty",5814
9980,6029610699699.920898,2.160000,"aten::new_empty",5815
9981,6029610699700.227539,1.681000,"aten::empty",5816
9982,6029610699702.971680,2.244000,"aten::new_empty",5817
9983,6029610699703.255859,1.786000,"aten::empty",5818
9984,6029610699706.091797,2.285000,"aten::new_empty",5819
9985,6029610699706.375000,1.835000,"aten::empty",5820
9986,6029610699709.276367,2.167000,"aten::new_empty",5821
9987,6029610699709.568359,1.701000,"aten::empty",5822
9988,6029610699712.356445,2.145000,"aten::new_empty",5823
9989,6029610699712.638672,1.697000,"aten::empty",5824
9990,6029610699715.386719,2.279000,"aten::new_empty",5825
9991,6029610699715.669922,1.822000,"aten::empty",5826
9992,6029610699718.545898,2.170000,"aten::new_empty",5827
9993,6029610699718.831055,1.706000,"aten::empty",5828
9994,6029610699721.666016,2.162000,"aten::new_empty",5829
9995,6029610699721.950195,1.705000,"aten::empty",5830
9996,6029610699724.759766,2.375000,"aten::new_empty",5831
9997,6029610699725.041992,1.896000,"aten::empty",5832
9998,6029610699728.018555,2.230000,"aten::new_empty",5833
9999,6029610699728.296875,1.780000,"aten::empty",5834
10000,6029610699731.152344,2.198000,"aten::new_empty",5835
10001,6029610699731.436523,1.736000,"aten::empty",5836
10002,6029610699734.252930,2.171000,"aten::new_empty",5837
10003,6029610699734.533203,1.723000,"aten::empty",5838
10004,6029610699737.323242,2.246000,"aten::new_empty",5839
10005,6029610699737.631836,1.770000,"aten::empty",5840
10006,6029610699740.446289,2.181000,"aten::new_empty",5841
10007,6029610699740.723633,1.734000,"aten::empty",5842
10008,6029610699751.905273,4.653000,"aten::reshape",5843
10009,6029610699753.103516,3.174000,"aten::view",5844
10010,6029610699767.250977,24.592000,"aten::split_with_sizes",5845
10011,6029610699769.869141,0.280000,"aten::as_strided",5846
10012,6029610699770.700195,0.120000,"aten::as_strided",5847
10013,6029610699771.212891,0.139000,"aten::as_strided",5848
10014,6029610699771.771484,0.132000,"aten::as_strided",5849
10015,6029610699772.293945,0.140000,"aten::as_strided",5850
10016,6029610699772.853516,0.137000,"aten::as_strided",5851
10017,6029610699773.383789,0.119000,"aten::as_strided",5852
10018,6029610699773.939453,0.134000,"aten::as_strided",5853
10019,6029610699774.478516,0.316000,"aten::as_strided",5854
10020,6029610699775.185547,0.141000,"aten::as_strided",5855
10021,6029610699775.708984,0.142000,"aten::as_strided",5856
10022,6029610699776.238281,0.130000,"aten::as_strided",5857
10023,6029610699776.752930,0.114000,"aten::as_strided",5858
10024,6029610699777.252930,0.121000,"aten::as_strided",5859
10025,6029610699777.808594,0.121000,"aten::as_strided",5860
10026,6029610699778.319336,0.122000,"aten::as_strided",5861
10027,6029610699778.858398,0.131000,"aten::as_strided",5862
10028,6029610699779.375000,0.119000,"aten::as_strided",5863
10029,6029610699779.880859,0.116000,"aten::as_strided",5864
10030,6029610699780.413086,0.163000,"aten::as_strided",5865
10031,6029610699780.958984,0.120000,"aten::as_strided",5866
10032,6029610699781.462891,0.124000,"aten::as_strided",5867
10033,6029610699781.968750,0.132000,"aten::as_strided",5868
10034,6029610699782.515625,0.135000,"aten::as_strided",5869
10035,6029610699783.039062,0.132000,"aten::as_strided",5870
10036,6029610699783.588867,0.125000,"aten::as_strided",5871
10037,6029610699784.106445,0.338000,"aten::as_strided",5872
10038,6029610699784.832031,0.122000,"aten::as_strided",5873
10039,6029610699785.338867,0.222000,"aten::as_strided",5874
10040,6029610699785.959961,0.153000,"aten::as_strided",5875
10041,6029610699786.493164,0.116000,"aten::as_strided",5876
10042,6029610699786.990234,0.120000,"aten::as_strided",5877
10043,6029610699804.896484,4.280000,"aten::empty",5878
10122,6029610701739.833008,4.806000,"aten::view",5879
10123,6029610701790.923828,1.770000,"aten::view",5880
10124,6029610701810.866211,178.162000,"WeightedSwiGLUFunction",5881
10125,6029610701834.930664,18.551000,"TorchDynamo Cache Lookup",5882
10126,6029610701854.823242,123.851000,"Torch-Compiled Region: 9/1",5883
10127,6029610701865.051758,6.336000,"Pregraph bytecode",5884
10128,6029610701884.714844,5.644000,"AOTDispatcher Runtime Wrapper Prologue",5885
10129,6029610701897.359375,69.518000,"## Call CompiledFxGraph fdy7iwqiitrpcystd4www7yc2ewjq6xcvz3773kyahvgoqyxa45e ##",5886
10130,6029610701936.345703,27.280000,"triton_poi_fused__to_copy_mul_silu_split_0",5887
10132,6029610702020.644531,3.855000,"aten::view",5888
10133,6029610702031.125977,2.429000,"aten::alias",5889
10134,6029610702039.093750,0.567000,"aten::view",5890
10135,6029610702041.917969,0.642000,"aten::alias",5891
10136,6029610702046.325195,0.513000,"aten::view",5892
10137,6029610702048.632812,0.493000,"aten::alias",5893
10138,6029610702052.439453,0.518000,"aten::view",5894
10139,6029610702054.746094,0.387000,"aten::alias",5895
10140,6029610702058.557617,0.620000,"aten::view",5896
10141,6029610702061.001953,0.839000,"aten::alias",5897
10142,6029610702070.311523,1.040000,"aten::view",5898
10143,6029610702074.311523,0.575000,"aten::alias",5899
10144,6029610702078.231445,0.681000,"aten::view",5900
10145,6029610702080.585938,0.519000,"aten::alias",5901
10146,6029610702084.457031,0.446000,"aten::view",5902
10147,6029610702086.794922,0.807000,"aten::alias",5903
10148,6029610702091.114258,0.714000,"aten::view",5904
10149,6029610702093.892578,0.472000,"aten::alias",5905
10150,6029610702098.768555,0.603000,"aten::view",5906
10151,6029610702101.528320,0.927000,"aten::alias",5907
10152,6029610702105.598633,0.540000,"aten::view",5908
10153,6029610702107.981445,0.588000,"aten::alias",5909
10154,6029610702112.469727,0.515000,"aten::view",5910
10156,6029610702114.728516,0.532000,"aten::alias",5911
10157,6029610702118.850586,0.907000,"aten::view",5912
10158,6029610702121.751953,0.529000,"aten::alias",5913
10159,6029610702125.593750,0.846000,"aten::view",5914
10160,6029610702128.034180,0.605000,"aten::alias",5915
10161,6029610702131.550781,0.595000,"aten::view",5916
10162,6029610702133.852539,0.791000,"aten::alias",5917
10163,6029610702137.641602,0.498000,"aten::view",5918
10164,6029610702139.968750,0.795000,"aten::alias",5919
10165,6029610702144.558594,0.880000,"aten::view",5920
10166,6029610702147.259766,0.610000,"aten::alias",5921
10167,6029610702151.090820,0.699000,"aten::view",5922
10168,6029610702153.471680,0.533000,"aten::alias",5923
10169,6029610702156.929688,0.811000,"aten::view",5924
10170,6029610702159.465820,0.525000,"aten::alias",5925
10171,6029610702163.010742,1.058000,"aten::view",5926
10172,6029610702166.056641,0.567000,"aten::alias",5927
10173,6029610702170.004883,0.645000,"aten::view",5928
10174,6029610702172.701172,0.785000,"aten::alias",5929
10175,6029610702177.114258,0.861000,"aten::view",5930
10176,6029610702180.337891,0.501000,"aten::alias",5931
10177,6029610702184.642578,0.588000,"aten::view",5932
10178,6029610702187.431641,0.648000,"aten::alias",5933
10179,6029610702191.901367,0.722000,"aten::view",5934
10180,6029610702194.721680,0.554000,"aten::alias",5935
10181,6029610702198.779297,0.688000,"aten::view",5936
10182,6029610702201.576172,0.501000,"aten::alias",5937
10183,6029610702205.756836,0.589000,"aten::view",5938
10184,6029610702208.560547,0.626000,"aten::alias",5939
10185,6029610702212.400391,0.633000,"aten::view",5940
10186,6029610702214.716797,0.437000,"aten::alias",5941
10187,6029610702218.807617,0.759000,"aten::view",5942
10188,6029610702221.207031,0.514000,"aten::alias",5943
10189,6029610702225.261719,0.569000,"aten::view",5944
10190,6029610702227.797852,0.520000,"aten::alias",5945
10191,6029610702231.971680,0.824000,"aten::view",5946
10192,6029610702234.786133,0.722000,"aten::alias",5947
10193,6029610702238.414062,0.670000,"aten::view",5948
10194,6029610702241.036133,0.388000,"aten::alias",5949
10195,6029610702244.564453,0.970000,"aten::view",5950
10196,6029610702247.378906,0.550000,"aten::alias",5951
10197,6029610702278.139648,32.184000,"TorchDynamo Cache Lookup",5952
10198,6029610702311.141602,515.347000,"Torch-Compiled Region: 8/1",5953
10199,6029610702316.123047,2.924000,"Pregraph bytecode",5954
10200,6029610702327.778320,4.975000,"AOTDispatcher Runtime Wrapper Prologue",5955
10201,6029610702338.473633,480.592000,"## Call CompiledFxGraph f4ns4a4vsv6f6tzb2kqjwiir7mckm4yvy3xawoxzga7guzwr6hx3 ##",5956
10202,6029610702403.076172,22.398000,"triton_poi_fused__to_copy_mul_unsqueeze_view_0",5957
10204,6029610702432.942383,10.526000,"triton_poi_fused__to_copy_mul_unsqueeze_view_0",5958
10206,6029610702449.638672,9.195000,"triton_poi_fused__to_copy_mul_unsqueeze_view_0",5959
10208,6029610702471.781250,8.463000,"triton_poi_fused__to_copy_mul_unsqueeze_view_0",5960
10211,6029610702484.863281,7.511000,"triton_poi_fused__to_copy_mul_unsqueeze_view_0",5961
10213,6029610702496.852539,6.508000,"triton_poi_fused__to_copy_mul_unsqueeze_view_0",5962
10215,6029610702507.618164,7.882000,"triton_poi_fused__to_copy_mul_unsqueeze_view_0",5963
10217,6029610702520.231445,6.873000,"triton_poi_fused__to_copy_mul_unsqueeze_view_0",5964
10219,6029610702531.825195,6.940000,"triton_poi_fused__to_copy_mul_unsqueeze_view_0",5965
10221,6029610702543.066406,7.210000,"triton_poi_fused__to_copy_mul_unsqueeze_view_0",5966
10223,6029610702554.594727,6.707000,"triton_poi_fused__to_copy_mul_unsqueeze_view_0",5967
10225,6029610702565.619141,7.346000,"triton_poi_fused__to_copy_mul_unsqueeze_view_0",5968
10227,6029610702577.560547,6.624000,"triton_poi_fused__to_copy_mul_unsqueeze_view_0",5969
10229,6029610702588.677734,7.317000,"triton_poi_fused__to_copy_mul_unsqueeze_view_0",5970
10231,6029610702600.236328,7.112000,"triton_poi_fused__to_copy_mul_unsqueeze_view_0",5971
10233,6029610702611.516602,6.664000,"triton_poi_fused__to_copy_mul_unsqueeze_view_0",5972
10235,6029610702622.429688,7.802000,"triton_poi_fused__to_copy_mul_unsqueeze_view_0",5973
10237,6029610702635.418945,6.825000,"triton_poi_fused__to_copy_mul_unsqueeze_view_0",5974
10239,6029610702646.610352,7.031000,"triton_poi_fused__to_copy_mul_unsqueeze_view_0",5975
10241,6029610702658.746094,7.732000,"triton_poi_fused__to_copy_mul_unsqueeze_view_0",5976
10243,6029610702671.028320,6.625000,"triton_poi_fused__to_copy_mul_unsqueeze_view_0",5977
10245,6029610702681.936523,7.140000,"triton_poi_fused__to_copy_mul_unsqueeze_view_0",5978
10247,6029610702693.389648,6.884000,"triton_poi_fused__to_copy_mul_unsqueeze_view_0",5979
10249,6029610702704.578125,7.015000,"triton_poi_fused__to_copy_mul_unsqueeze_view_0",5980
10251,6029610702715.535156,6.745000,"triton_poi_fused__to_copy_mul_unsqueeze_view_0",5981
10253,6029610702726.579102,6.544000,"triton_poi_fused__to_copy_mul_unsqueeze_view_0",5982
10255,6029610702736.983398,7.733000,"triton_poi_fused__to_copy_mul_unsqueeze_view_0",5983
10257,6029610702749.205078,6.557000,"triton_poi_fused__to_copy_mul_unsqueeze_view_0",5984
10259,6029610702760.230469,7.281000,"triton_poi_fused__to_copy_mul_unsqueeze_view_0",5985
10261,6029610702771.873047,7.518000,"triton_poi_fused__to_copy_mul_unsqueeze_view_0",5986
10263,6029610702783.634766,7.050000,"triton_poi_fused__to_copy_mul_unsqueeze_view_0",5987
10265,6029610702795.463867,7.458000,"triton_poi_fused__to_copy_mul_unsqueeze_view_0",5988
10267,6029610702878.409180,48.011000,"aten::unbind",5989
10268,6029610702881.185547,5.060000,"aten::select",5990
10269,6029610702883.620117,1.886000,"aten::as_strided",5991
10270,6029610702886.929688,0.785000,"aten::select",5992
10271,6029610702887.324219,0.154000,"aten::as_strided",5993
10272,6029610702888.079102,0.796000,"aten::select",5994
10273,6029610702888.521484,0.147000,"aten::as_strided",5995
10274,6029610702889.219727,0.721000,"aten::select",5996
10275,6029610702889.593750,0.168000,"aten::as_strided",5997
10276,6029610702890.299805,0.778000,"aten::select",5998
10277,6029610702890.761719,0.108000,"aten::as_strided",5999
10278,6029610702891.424805,0.629000,"aten::select",6000
10279,6029610702891.747070,0.134000,"aten::as_strided",6001
10280,6029610702892.383789,0.770000,"aten::select",6002
10281,6029610702892.872070,0.096000,"aten::as_strided",6003
10282,6029610702893.487305,0.892000,"aten::select",6004
10283,6029610702893.868164,0.308000,"aten::as_strided",6005
10284,6029610702894.720703,0.761000,"aten::select",6006
10285,6029610702895.169922,0.125000,"aten::as_strided",6007
10286,6029610702895.821289,0.660000,"aten::select",6008
10287,6029610702896.166016,0.131000,"aten::as_strided",6009
10288,6029610702896.809570,0.796000,"aten::select",6010
10289,6029610702897.281250,0.140000,"aten::as_strided",6011
10290,6029610702898.050781,0.685000,"aten::select",6012
10291,6029610702898.446289,0.119000,"aten::as_strided",6013
10292,6029610702899.109375,0.752000,"aten::select",6014
10293,6029610702899.589844,0.096000,"aten::as_strided",6015
10294,6029610702900.197266,0.656000,"aten::select",6016
10295,6029610702900.576172,0.105000,"aten::as_strided",6017
10296,6029610702901.182617,0.773000,"aten::select",6018
10297,6029610702901.668945,0.112000,"aten::as_strided",6019
10298,6029610702902.303711,0.757000,"aten::select",6020
10299,6029610702902.652344,0.205000,"aten::as_strided",6021
10300,6029610702903.383789,0.752000,"aten::select",6022
10301,6029610702903.820312,0.142000,"aten::as_strided",6023
10302,6029610702904.481445,0.670000,"aten::select",6024
10303,6029610702904.841797,0.132000,"aten::as_strided",6025
10304,6029610702905.481445,0.766000,"aten::select",6026
10305,6029610702905.981445,0.108000,"aten::as_strided",6027
10306,6029610702906.621094,0.654000,"aten::select",6028
10307,6029610702906.969727,0.136000,"aten::as_strided",6029
10308,6029610702907.608398,0.689000,"aten::select",6030
10309,6029610702908.005859,0.103000,"aten::as_strided",6031
10310,6029610702908.647461,1.379000,"aten::select",6032
10311,6029610702909.039062,0.831000,"aten::as_strided",6033
10312,6029610702910.340820,0.729000,"aten::select",6034
10313,6029610702910.751953,0.150000,"aten::as_strided",6035
10314,6029610702911.416992,0.870000,"aten::select",6036
10315,6029610702911.876953,0.219000,"aten::as_strided",6037
10316,6029610702912.635742,0.930000,"aten::select",6038
10317,6029610702913.196289,0.143000,"aten::as_strided",6039
10318,6029610702913.933594,0.882000,"aten::select",6040
10319,6029610702914.449219,0.180000,"aten::as_strided",6041
10320,6029610702915.133789,0.807000,"aten::select",6042
10321,6029610702915.605469,0.176000,"aten::as_strided",6043
10322,6029610702916.310547,0.700000,"aten::select",6044
10323,6029610702916.703125,0.104000,"aten::as_strided",6045
10324,6029610702917.321289,0.821000,"aten::select",6046
10325,6029610702917.774414,0.179000,"aten::as_strided",6047
10326,6029610702918.500000,0.777000,"aten::select",6048
10327,6029610702918.974609,0.109000,"aten::as_strided",6049
10328,6029610702919.592773,0.802000,"aten::select",6050
10329,6029610702920.117188,0.118000,"aten::as_strided",6051
10330,6029610702920.706055,0.757000,"aten::select",6052
10331,6029610702921.103516,0.201000,"aten::as_strided",6053
10332,6029610702931.803711,6.905000,"aten::new_empty",6054
10333,6029610702933.798828,4.600000,"aten::empty",6055
10334,6029610702940.246094,2.330000,"aten::new_empty",6056
10335,6029610702940.607422,1.810000,"aten::empty",6057
10336,6029610702943.582031,2.259000,"aten::new_empty",6058
10337,6029610702943.912109,1.766000,"aten::empty",6059
10338,6029610702946.808594,2.125000,"aten::new_empty",6060
10339,6029610702947.084961,1.698000,"aten::empty",6061
10340,6029610702949.948242,2.624000,"aten::new_empty",6062
10341,6029610702950.363281,2.027000,"aten::empty",6063
10342,6029610702953.641602,2.331000,"aten::new_empty",6064
10343,6029610702954.083984,1.709000,"aten::empty",6065
10344,6029610702956.962891,2.325000,"aten::new_empty",6066
10345,6029610702957.443359,1.676000,"aten::empty",6067
10346,6029610702960.194336,2.202000,"aten::new_empty",6068
10347,6029610702960.488281,1.748000,"aten::empty",6069
10348,6029610702963.257812,2.161000,"aten::new_empty",6070
10349,6029610702963.569336,1.677000,"aten::empty",6071
10350,6029610702966.423828,2.279000,"aten::new_empty",6072
10351,6029610702966.698242,1.805000,"aten::empty",6073
10352,6029610702969.615234,2.103000,"aten::new_empty",6074
10353,6029610702969.888672,1.667000,"aten::empty",6075
10354,6029610702972.637695,2.092000,"aten::new_empty",6076
10355,6029610702972.913086,1.651000,"aten::empty",6077
10356,6029610702975.603516,2.231000,"aten::new_empty",6078
10357,6029610702975.880859,1.783000,"aten::empty",6079
10358,6029610702978.721680,2.087000,"aten::new_empty",6080
10359,6029610702978.997070,1.649000,"aten::empty",6081
10360,6029610702981.664062,2.330000,"aten::new_empty",6082
10361,6029610702981.939453,1.858000,"aten::empty",6083
10362,6029610702984.913086,2.150000,"aten::new_empty",6084
10363,6029610702985.191406,1.699000,"aten::empty",6085
10364,6029610702988.017578,2.129000,"aten::new_empty",6086
10365,6029610702988.289062,1.658000,"aten::empty",6087
10366,6029610702991.106445,2.175000,"aten::new_empty",6088
10367,6029610702991.380859,1.740000,"aten::empty",6089
10368,6029610702994.141602,2.127000,"aten::new_empty",6090
10369,6029610702994.447266,1.656000,"aten::empty",6091
10370,6029610702997.164062,2.174000,"aten::new_empty",6092
10371,6029610702997.452148,1.725000,"aten::empty",6093
10372,6029610703000.357422,2.266000,"aten::new_empty",6094
10373,6029610703000.658203,1.795000,"aten::empty",6095
10374,6029610703003.518555,2.087000,"aten::new_empty",6096
10375,6029610703003.800781,1.649000,"aten::empty",6097
10376,6029610703006.469727,2.256000,"aten::new_empty",6098
10377,6029610703006.750000,1.818000,"aten::empty",6099
10378,6029610703009.592773,2.208000,"aten::new_empty",6100
10379,6029610703009.875000,1.767000,"aten::empty",6101
10380,6029610703012.685547,2.235000,"aten::new_empty",6102
10381,6029610703013.013672,1.744000,"aten::empty",6103
10382,6029610703015.875977,2.149000,"aten::new_empty",6104
10383,6029610703016.156250,1.700000,"aten::empty",6105
10384,6029610703018.910156,2.186000,"aten::new_empty",6106
10385,6029610703019.191406,1.740000,"aten::empty",6107
10386,6029610703022.015625,2.242000,"aten::new_empty",6108
10387,6029610703022.346680,1.746000,"aten::empty",6109
10388,6029610703025.155273,2.255000,"aten::new_empty",6110
10389,6029610703025.432617,1.821000,"aten::empty",6111
10390,6029610703028.307617,2.173000,"aten::new_empty",6112
10391,6029610703028.587891,1.731000,"aten::empty",6113
10392,6029610703031.375977,2.168000,"aten::new_empty",6114
10393,6029610703031.706055,1.683000,"aten::empty",6115
10394,6029610703034.430664,2.251000,"aten::new_empty",6116
10395,6029610703034.710938,1.817000,"aten::empty",6117
10396,6029610703045.583008,3.482000,"aten::reshape",6118
10397,6029610703046.631836,2.179000,"aten::view",6119
10398,6029610703059.375977,41.013000,"aten::split_with_sizes",6120
10399,6029610703061.700195,0.282000,"aten::as_strided",6121
10400,6029610703062.641602,0.159000,"aten::as_strided",6122
10401,6029610703063.267578,0.119000,"aten::as_strided",6123
10402,6029610703063.789062,0.109000,"aten::as_strided",6124
10403,6029610703064.297852,0.115000,"aten::as_strided",6125
10404,6029610703064.802734,0.144000,"aten::as_strided",6126
10405,6029610703065.344727,0.250000,"aten::as_strided",6127
10406,6029610703065.998047,0.154000,"aten::as_strided",6128
10407,6029610703066.541992,0.133000,"aten::as_strided",6129
10408,6029610703067.061523,0.121000,"aten::as_strided",6130
10409,6029610703067.583008,0.134000,"aten::as_strided",6131
10410,6029610703068.107422,0.124000,"aten::as_strided",6132
10411,6029610703068.615234,0.125000,"aten::as_strided",6133
10412,6029610703069.157227,0.121000,"aten::as_strided",6134
10413,6029610703069.693359,0.175000,"aten::as_strided",6135
10414,6029610703070.287109,0.136000,"aten::as_strided",6136
10415,6029610703070.807617,0.126000,"aten::as_strided",6137
10416,6029610703071.318359,0.120000,"aten::as_strided",6138
10417,6029610703071.848633,0.163000,"aten::as_strided",6139
10418,6029610703072.402344,0.118000,"aten::as_strided",6140
10419,6029610703072.902344,0.114000,"aten::as_strided",6141
10420,6029610703073.400391,0.124000,"aten::as_strided",6142
10421,6029610703073.908203,0.189000,"aten::as_strided",6143
10422,6029610703074.481445,0.112000,"aten::as_strided",6144
10423,6029610703090.836914,0.296000,"aten::as_strided",6145
10424,6029610703091.654297,0.130000,"aten::as_strided",6146
10425,6029610703092.215820,0.108000,"aten::as_strided",6147
10426,6029610703092.788086,0.111000,"aten::as_strided",6148
10427,6029610703093.311523,0.234000,"aten::as_strided",6149
10428,6029610703093.958984,0.120000,"aten::as_strided",6150
10429,6029610703094.488281,0.192000,"aten::as_strided",6151
10430,6029610703095.144531,0.187000,"aten::as_strided",6152
10431,6029610703113.566406,4.484000,"aten::empty",6153
10641,6029610719145.225586,9.428000,"aten::view",6154
10642,6029610719233.886719,104.278000,"HybridEPCombine",6155
10643,6029610719267.475586,10.560000,"aten::empty",6156
10650,6029610719370.016602,3.814000,"aten::view",6157
10651,6029610719380.401367,22.083000,"aten::add",6158
10655,6029610719434.367188,1.112000,"aten::dropout",6159
10656,6029610719436.882812,13.491000,"aten::add",6160
10660,6029610719693.478516,110.170000,"_OperationFuserAutogradFunction",6161
10661,6029610719722.700195,3.243000,"aten::view",6162
10662,6029610719729.804688,0.935000,"aten::view",6163
10663,6029610719745.227539,5.318000,"aten::empty",6164
10664,6029610719752.831055,2.710000,"aten::empty",6165
10665,6029610719759.962891,2.410000,"aten::empty",6166
10667,6029610719782.786133,1.245000,"aten::view",6167
10668,6029610719815.211914,27.276000,"MakeViewlessTensor",6168
10669,6029610719824.873047,2.923000,"aten::empty",6169
10670,6029610719838.999023,0.408000,"aten::_has_compatible_shallow_copy_type",6170
10671,6029610719902.048828,3.170000,"aten::empty",6171
10672,6029610719907.298828,0.514000,"aten::to",6172
10673,6029610719909.412109,0.330000,"aten::lift_fresh",6173
10674,6029610719911.206055,1.432000,"aten::detach_",6174
10675,6029610719912.082031,0.405000,"detach_",6175
10676,6029610719920.425781,30.633000,"aten::ne",6176
10678,6029610719956.500977,28.579000,"aten::to",6177
10679,6029610719957.738281,27.127000,"aten::_to_copy",6178
10680,6029610719961.384766,4.164000,"aten::empty_strided",6179
10681,6029610719966.801758,17.541000,"aten::copy_",6180
10683,6029610719993.798828,10.250000,"aten::ne",6181
10685,6029610720044.278320,7.629000,"aten::transpose",6182
10686,6029610720049.045898,1.154000,"aten::as_strided",6183
10687,6029610720060.254883,16.803000,"aten::full",6184
10688,6029610720061.809570,3.224000,"aten::empty",6185
10689,6029610720066.399414,10.236000,"aten::fill_",6186
10691,6029610720080.669922,32.580000,"aten::sum",6187
10692,6029610720082.731445,30.080000,"aten::sum",6188
10693,6029610720087.208984,0.396000,"aten::as_strided",6189
10694,6029610720088.196289,12.846000,"aten::to",6190
10695,6029610720088.549805,12.339000,"aten::_to_copy",6191
10696,6029610720089.264648,2.599000,"aten::empty_strided",6192
10697,6029610720092.359375,8.218000,"aten::copy_",6193
10700,6029610720116.560547,12.470000,"aten::to",6194
10701,6029610720116.996094,11.900000,"aten::_to_copy",6195
10702,6029610720117.603516,2.780000,"aten::empty_strided",6196
10703,6029610720120.816406,7.754000,"aten::copy_",6197
10705,6029610720130.772461,23.065000,"aten::sum",6198
10706,6029610720131.444336,22.200000,"aten::sum",6199
10707,6029610720133.902344,0.592000,"aten::as_strided",6200
10708,6029610720135.141602,11.272000,"aten::to",6201
10709,6029610720135.491211,10.791000,"aten::_to_copy",6202
10710,6029610720136.046875,2.574000,"aten::empty_strided",6203
10711,6029610720139.079102,6.975000,"aten::copy_",6204
10714,6029610720155.841797,9.785000,"aten::to",6205
10715,6029610720156.158203,9.285000,"aten::_to_copy",6206
10716,6029610720156.686523,2.203000,"aten::empty_strided",6207
10717,6029610720159.307617,5.893000,"aten::copy_",6208
10719,6029610720167.916992,6061.103000,"aten::item",6209
10720,6029610720169.489258,6058.848000,"aten::_local_scalar_dense",6210
10741,6029610726237.735352,15.791000,"aten::new_zeros",6211
10742,6029610726239.499023,3.895000,"aten::new_empty",6212
10743,6029610726240.200195,2.897000,"aten::empty",6213
10744,6029610726244.375000,8.799000,"aten::zero_",6214
10745,6029610726245.250000,7.235000,"aten::fill_",6215
10748,6029610726267.791016,4.877000,"aten::slice",6216
10749,6029610726270.076172,0.644000,"aten::as_strided",6217
10750,6029610726275.420898,24.822000,"aten::sum",6218
10751,6029610726276.425781,23.558000,"aten::sum",6219
10752,6029610726278.962891,0.585000,"aten::as_strided",6220
10753,6029610726280.065430,11.861000,"aten::to",6221
10754,6029610726280.401367,11.342000,"aten::_to_copy",6222
10755,6029610726281.015625,2.761000,"aten::empty_strided",6223
10756,6029610726284.221680,7.256000,"aten::copy_",6224
10761,6029610726303.523438,1.421000,"aten::slice",6225
10762,6029610726304.123047,0.238000,"aten::as_strided",6226
10763,6029610726306.607422,22.056000,"aten::sum",6227
10764,6029610726307.200195,21.228000,"aten::sum",6228
10765,6029610726309.563477,0.400000,"aten::as_strided",6229
10766,6029610726310.456055,10.519000,"aten::to",6230
10767,6029610726310.738281,10.100000,"aten::_to_copy",6231
10768,6029610726311.158203,2.793000,"aten::empty_strided",6232
10769,6029610726314.402344,6.212000,"aten::copy_",6233
10774,6029610726331.118164,1.183000,"aten::slice",6234
10775,6029610726331.639648,0.173000,"aten::as_strided",6235
10776,6029610726333.820312,21.473000,"aten::sum",6236
10777,6029610726334.393555,20.640000,"aten::sum",6237
10778,6029610726336.673828,0.445000,"aten::as_strided",6238
10779,6029610726337.538086,10.306000,"aten::to",6239
10780,6029610726337.818359,9.871000,"aten::_to_copy",6240
10781,6029610726338.212891,2.523000,"aten::empty_strided",6241
10782,6029610726341.204102,6.240000,"aten::copy_",6242
10787,6029610726357.547852,1.177000,"aten::slice",6243
10788,6029610726358.071289,0.169000,"aten::as_strided",6244
10789,6029610726360.217773,19.982000,"aten::sum",6245
10790,6029610726360.771484,19.220000,"aten::sum",6246
10791,6029610726362.990234,0.288000,"aten::as_strided",6247
10792,6029610726363.661133,9.508000,"aten::to",6248
10793,6029610726363.915039,9.076000,"aten::_to_copy",6249
10794,6029610726364.309570,2.106000,"aten::empty_strided",6250
10795,6029610726366.832031,5.955000,"aten::copy_",6251
10800,6029610726382.530273,1.198000,"aten::slice",6252
10801,6029610726383.066406,0.183000,"aten::as_strided",6253
10802,6029610726385.179688,20.526000,"aten::sum",6254
10803,6029610726385.701172,19.785000,"aten::sum",6255
10804,6029610726387.929688,0.387000,"aten::as_strided",6256
10805,6029610726388.741211,9.975000,"aten::to",6257
10806,6029610726388.996094,9.582000,"aten::_to_copy",6258
10807,6029610726389.389648,2.498000,"aten::empty_strided",6259
10808,6029610726392.309570,6.023000,"aten::copy_",6260
10812,6029610726408.127930,1.179000,"aten::slice",6261
10814,6029610726408.671875,0.168000,"aten::as_strided",6262
10815,6029610726410.743164,19.852000,"aten::sum",6263
10816,6029610726411.250977,19.141000,"aten::sum",6264
10817,6029610726413.347656,0.338000,"aten::as_strided",6265
10818,6029610726414.077148,9.391000,"aten::to",6266
10819,6029610726414.327148,9.004000,"aten::_to_copy",6267
10820,6029610726414.697266,2.175000,"aten::empty_strided",6268
10821,6029610726417.280273,5.850000,"aten::copy_",6269
10826,6029610726432.820312,1.179000,"aten::slice",6270
10827,6029610726433.371094,0.173000,"aten::as_strided",6271
10828,6029610726435.442383,20.223000,"aten::sum",6272
10829,6029610726435.976562,19.421000,"aten::sum",6273
10830,6029610726438.210938,0.417000,"aten::as_strided",6274
10831,6029610726439.079102,9.592000,"aten::to",6275
10832,6029610726439.311523,9.222000,"aten::_to_copy",6276
10833,6029610726439.675781,2.181000,"aten::empty_strided",6277
10834,6029610726442.288086,6.047000,"aten::copy_",6278
10838,6029610726457.899414,1.303000,"aten::slice",6279
10840,6029610726458.574219,0.178000,"aten::as_strided",6280
10841,6029610726460.639648,25.066000,"aten::sum",6281
10842,6029610726461.178711,24.318000,"aten::sum",6282
10843,6029610726467.774414,0.410000,"aten::as_strided",6283
10844,6029610726468.633789,9.990000,"aten::to",6284
10845,6029610726468.893555,9.591000,"aten::_to_copy",6285
10846,6029610726469.334961,2.268000,"aten::empty_strided",6286
10847,6029610726472.033203,6.230000,"aten::copy_",6287
10852,6029610726491.329102,28.815000,"aten::stack",6288
10853,6029610726493.404297,1.374000,"aten::unsqueeze",6289
10854,6029610726494.241211,0.300000,"aten::as_strided",6290
10855,6029610726495.216797,0.912000,"aten::unsqueeze",6291
10856,6029610726495.494141,0.473000,"aten::as_strided",6292
10857,6029610726496.545898,0.513000,"aten::unsqueeze",6293
10858,6029610726496.820312,0.110000,"aten::as_strided",6294
10859,6029610726497.415039,0.516000,"aten::unsqueeze",6295
10860,6029610726497.661133,0.141000,"aten::as_strided",6296
10861,6029610726498.259766,0.539000,"aten::unsqueeze",6297
10862,6029610726498.582031,0.090000,"aten::as_strided",6298
10863,6029610726499.151367,0.558000,"aten::unsqueeze",6299
10864,6029610726499.494141,0.087000,"aten::as_strided",6300
10865,6029610726500.065430,0.805000,"aten::unsqueeze",6301
10866,6029610726500.317383,0.425000,"aten::as_strided",6302
10867,6029610726501.184570,0.488000,"aten::unsqueeze",6303
10868,6029610726501.419922,0.121000,"aten::as_strided",6304
10869,6029610726502.405273,16.297000,"aten::cat",6305
10872,6029610726526.667969,0.330000,"aten::resolve_conj",6306
10873,6029610726528.218750,0.223000,"aten::resolve_neg",6307
10874,6029610726529.531250,40.358000,"aten::to",6308
10875,6029610726530.216797,39.425000,"aten::_to_copy",6309
10876,6029610726530.996094,2.385000,"aten::empty_strided",6310
10877,6029610726533.807617,35.486000,"aten::copy_",6311
10882,6029610726575.685547,1.442000,"aten::slice",6312
10883,6029610726576.325195,0.221000,"aten::as_strided",6313
10884,6029610726579.612305,4.920000,"aten::slice",6314
10885,6029610726581.984375,0.519000,"aten::as_strided",6315
10886,6029610726586.978516,1.300000,"aten::slice",6316
10887,6029610726587.603516,0.234000,"aten::as_strided",6317
10888,6029610726592.859375,4.114000,"aten::reshape",6318
10889,6029610726593.606445,3.124000,"aten::view",6319
10890,6029610726601.058594,1.391000,"aten::reshape",6320
10891,6029610726601.347656,0.919000,"aten::view",6321
10892,6029610726617.680664,2.105000,"aten::reshape",6322
10893,6029610726617.972656,1.593000,"aten::view",6323
10894,6029610726632.335938,92.506000,"_FrozenLMHeadWithFP32Output",6324
10895,6029610726640.345703,5.231000,"aten::t",6325
10896,6029610726642.222656,2.113000,"aten::transpose",6326
10897,6029610726643.155273,0.879000,"aten::as_strided",6327
10898,6029610726649.788086,65.216000,"aten::mm",6328
10899,6029610726654.044922,4.098000,"aten::empty",6329
10902,6029610726729.628906,2.386000,"aten::reshape",6330
10903,6029610726730.000000,1.827000,"aten::view",6331
10904,6029610726769.272461,10.434000,"_CopyToModelParallelRegion",6332
10905,6029610726775.784180,1.932000,"aten::view_as",6333
10906,6029610726776.501953,0.930000,"aten::view",6334
10907,6029610726800.223633,80.121000,"LinearWithGradAccumulationAndAsyncCommunication",6335
10908,6029610726811.682617,3.875000,"aten::t",6336
10909,6029610726813.008789,1.900000,"aten::transpose",6337
10910,6029610726813.938477,0.646000,"aten::as_strided",6338
10911,6029610726817.608398,57.402000,"aten::matmul",6339
10912,6029610726819.042969,1.148000,"aten::reshape",6340
10913,6029610726819.380859,0.630000,"aten::view",6341
10914,6029610726820.974609,49.926000,"aten::mm",6342
10917,6029610726872.449219,1.743000,"aten::_unsafe_view",6343
10918,6029610726887.939453,9.966000,"_GatherFromModelParallelRegion",6344
10919,6029610726895.001953,1.394000,"aten::view_as",6345
10920,6029610726895.379883,0.791000,"aten::view",6346
10921,6029610726910.887695,6.370000,"_CopyToModelParallelRegion",6347
10922,6029610726914.992188,1.207000,"aten::view_as",6348
10923,6029610726915.314453,0.651000,"aten::view",6349
10924,6029610726930.665039,41.241000,"LinearWithGradAccumulationAndAsyncCommunication",6350
10925,6029610726936.398438,2.391000,"aten::t",6351
10926,6029610726936.998047,1.310000,"aten::transpose",6352
10927,6029610726937.553711,0.543000,"aten::as_strided",6353
10928,6029610726939.953125,28.119000,"aten::matmul",6354
10929,6029610726940.548828,1.192000,"aten::reshape",6355
10930,6029610726940.898438,0.635000,"aten::view",6356
10931,6029610726942.154297,23.707000,"aten::mm",6357
10933,6029610726966.655273,0.884000,"aten::_unsafe_view",6358
10934,6029610726980.123047,21.875000,"aten::mul",6359
10936,6029610727011.780273,2.654000,"aten::reshape",6360
10937,6029610727012.281250,1.860000,"aten::view",6361
10938,6029610727016.791016,28.836000,"aten::to",6362
10939,6029610727017.654297,27.738000,"aten::_to_copy",6363
10940,6029610727020.593750,4.203000,"aten::empty_strided",6364
10941,6029610727025.686523,18.884000,"aten::copy_",6365
10944,6029610727048.874023,20.401000,"aten::add",6366
10947,6029610727080.251953,3.488000,"aten::transpose",6367
10948,6029610727082.133789,0.559000,"aten::as_strided",6368
10949,6029610727095.787109,260.621000,"CrossEntropyFunction",6369
10950,6029610727122.731445,17.617000,"aten::zeros",6370
10951,6029610727124.655273,3.661000,"aten::empty",6371
10952,6029610727129.362305,10.635000,"aten::zero_",6372
10953,6029610727130.675781,8.631000,"aten::fill_",6373
10955,6029610727143.069336,9.971000,"aten::zeros",6374
10956,6029610727143.451172,2.622000,"aten::empty",6375
10957,6029610727146.546875,6.295000,"aten::zero_",6376
10958,6029610727147.219727,5.040000,"aten::fill_",6377
10960,6029610727154.992188,11.915000,"aten::zeros",6378
10961,6029610727155.380859,2.431000,"aten::empty",6379
10962,6029610727158.294922,8.443000,"aten::zero_",6380
10963,6029610727158.813477,7.350000,"aten::fill_",6381
10966,6029610727269.662109,15.481000,"aten::clamp",6382
10967,6029610727271.866211,0.224000,"aten::to",6383
10970,6029610727339.467773,2.194000,"aten::reshape",6384
10971,6029610727340.079102,1.325000,"aten::view",6385
10972,6029610727347.440430,3.055000,"aten::detach",6386
10973,6029610727348.232422,2.073000,"detach",6387
10974,6029610727359.713867,21.792000,"aten::neg",6388
10976,6029610727388.495117,4.837000,"aten::slice",6389
10977,6029610727390.738281,0.784000,"aten::as_strided",6390
10978,6029610727398.523438,1.772000,"aten::reshape",6391
10979,6029610727398.827148,1.280000,"aten::view",6392
10980,6029610727403.743164,9.344000,"aten::neg",6393
10982,6029610727417.868164,0.325000,"aten::to",6394
10983,6029610727420.022461,14.572000,"aten::mul",6395
10985,6029610727438.041016,20.532000,"aten::sum",6396
10986,6029610727440.664062,17.121000,"aten::sum",6397
10987,6029610727444.855469,0.381000,"aten::as_strided",6398
10989,6029610727461.050781,21.986000,"aten::add",6399
10991,6029610727487.494141,2.042000,"aten::slice",6400
10992,6029610727488.494141,0.278000,"aten::as_strided",6401
10993,6029610727492.630859,4.686000,"aten::squeeze",6402
10994,6029610727495.787109,0.323000,"aten::as_strided",6403
10995,6029610727498.571289,1.468000,"aten::detach",6404
10996,6029610727499.165039,0.695000,"detach",6405
10997,6029610727506.474609,2.521000,"aten::reshape_as",6406
10998,6029610727507.295898,1.505000,"aten::reshape",6407
10999,6029610727507.585938,1.031000,"aten::view",6408
11000,6029610727511.518555,20.346000,"aten::copy_",6409
11002,6029610727536.546875,1.497000,"aten::slice",6410
11003,6029610727537.191406,0.280000,"aten::as_strided",6411
11004,6029610727540.927734,3.144000,"aten::slice",6412
11005,6029610727542.727539,0.415000,"aten::as_strided",6413
11006,6029610727546.703125,1.276000,"aten::slice",6414
11007,6029610727547.300781,0.235000,"aten::as_strided",6415
11008,6029610727551.597656,2.450000,"aten::reshape",6416
11009,6029610727551.967773,1.831000,"aten::view",6417
11010,6029610727556.778320,1.265000,"aten::reshape",6418
11011,6029610727557.074219,0.784000,"aten::view",6419
11012,6029610727570.523438,1.900000,"aten::reshape",6420
11013,6029610727570.816406,1.408000,"aten::view",6421
11014,6029610727580.244141,70.551000,"_FrozenLMHeadWithFP32Output",6422
11015,6029610727586.989258,4.141000,"aten::t",6423
11016,6029610727588.622070,1.633000,"aten::transpose",6424
11017,6029610727589.271484,0.749000,"aten::as_strided",6425
11018,6029610727594.420898,50.991000,"aten::mm",6426
11019,6029610727598.843750,3.526000,"aten::empty",6427
11021,6029610727654.702148,2.390000,"aten::reshape",6428
11022,6029610727655.195312,1.666000,"aten::view",6429
11023,6029610727690.364258,9.059000,"_CopyToModelParallelRegion",6430
11024,6029610727696.125977,1.610000,"aten::view_as",6431
11025,6029610727696.784180,0.753000,"aten::view",6432
11026,6029610727717.988281,67.154000,"LinearWithGradAccumulationAndAsyncCommunication",6433
11027,6029610727728.924805,3.499000,"aten::t",6434
11028,6029610727730.068359,1.373000,"aten::transpose",6435
11029,6029610727730.785156,0.427000,"aten::as_strided",6436
11030,6029610727734.402344,46.198000,"aten::matmul",6437
11031,6029610727735.731445,1.086000,"aten::reshape",6438
11032,6029610727736.056641,0.578000,"aten::view",6439
11033,6029610727737.569336,39.631000,"aten::mm",6440
11036,6029610727778.641602,1.273000,"aten::_unsafe_view",6441
11037,6029610727791.837891,9.070000,"_GatherFromModelParallelRegion",6442
11038,6029610727798.143555,1.511000,"aten::view_as",6443
11039,6029610727798.642578,0.800000,"aten::view",6444
11040,6029610727811.819336,6.057000,"_CopyToModelParallelRegion",6445
11041,6029610727815.590820,1.312000,"aten::view_as",6446
11042,6029610727815.973633,0.704000,"aten::view",6447
11043,6029610727829.406250,36.612000,"LinearWithGradAccumulationAndAsyncCommunication",6448
11044,6029610727834.424805,2.416000,"aten::t",6449
11045,6029610727835.077148,1.378000,"aten::transpose",6450
11046,6029610727835.878906,0.394000,"aten::as_strided",6451
11047,6029610727837.964844,24.695000,"aten::matmul",6452
11048,6029610727838.513672,1.058000,"aten::reshape",6453
11049,6029610727838.833008,0.490000,"aten::view",6454
11050,6029610727840.055664,20.754000,"aten::mm",6455
11052,6029610727861.643555,0.595000,"aten::_unsafe_view",6456
11053,6029610727873.652344,18.305000,"aten::mul",6457
11055,6029610727900.416992,2.428000,"aten::reshape",6458
11056,6029610727900.817383,1.815000,"aten::view",6459
11057,6029610727904.692383,28.230000,"aten::to",6460
11058,6029610727905.709961,26.932000,"aten::_to_copy",6461
11059,6029610727909.137695,3.948000,"aten::empty_strided",6462
11060,6029610727914.004883,17.926000,"aten::copy_",6463
11063,6029610727935.374023,16.353000,"aten::add",6464
11066,6029610727961.791016,3.324000,"aten::transpose",6465
11067,6029610727963.554688,0.533000,"aten::as_strided",6466
11068,6029610727973.534180,198.182000,"CrossEntropyFunction",6467
11069,6029610727995.129883,17.291000,"aten::zeros",6468
11070,6029610727996.656250,3.243000,"aten::empty",6469
11071,6029610728001.117188,10.938000,"aten::zero_",6470
11072,6029610728002.316406,8.938000,"aten::fill_",6471
11074,6029610728014.801758,9.984000,"aten::zeros",6472
11075,6029610728015.332031,2.565000,"aten::empty",6473
11076,6029610728018.390625,6.236000,"aten::zero_",6474
11077,6029610728019.049805,5.010000,"aten::fill_",6475
11079,6029610728026.665039,11.877000,"aten::zeros",6476
11080,6029610728027.027344,2.244000,"aten::empty",6477
11081,6029610728029.728516,8.613000,"aten::zero_",6478
11082,6029610728030.430664,7.290000,"aten::fill_",6479
11085,6029610728103.714844,13.705000,"aten::clamp",6480
11086,6029610728105.470703,0.142000,"aten::to",6481
11089,6029610728159.681641,1.796000,"aten::reshape",6482
11090,6029610728160.097656,1.175000,"aten::view",6483
11091,6029610728164.813477,1.959000,"aten::detach",6484
11092,6029610728165.325195,1.280000,"detach",6485
11093,6029610728175.459961,11.827000,"aten::neg",6486
11095,6029610728193.008789,3.324000,"aten::slice",6487
11096,6029610728194.605469,0.484000,"aten::as_strided",6488
11097,6029610728200.686523,1.947000,"aten::reshape",6489
11098,6029610728201.171875,1.262000,"aten::view",6490
11099,6029610728204.779297,9.527000,"aten::neg",6491
11101,6029610728218.840820,0.231000,"aten::to",6492
11102,6029610728220.638672,11.472000,"aten::mul",6493
11104,6029610728235.377930,19.028000,"aten::sum",6494
11105,6029610728237.655273,16.119000,"aten::sum",6495
11106,6029610728241.826172,0.266000,"aten::as_strided",6496
11108,6029610728256.707031,9.843000,"aten::add",6497
11110,6029610728270.805664,1.958000,"aten::slice",6498
11111,6029610728271.833008,0.248000,"aten::as_strided",6499
11112,6029610728275.716797,4.274000,"aten::squeeze",6500
11113,6029610728278.387695,0.367000,"aten::as_strided",6501
11114,6029610728281.829102,1.364000,"aten::detach",6502
11115,6029610728282.498047,0.523000,"detach",6503
11116,6029610728286.043945,2.147000,"aten::reshape_as",6504
11117,6029610728286.597656,1.422000,"aten::reshape",6505
11118,6029610728286.938477,0.906000,"aten::view",6506
11119,6029610728290.318359,18.574000,"aten::copy_",6507
11121,6029610728313.243164,1.417000,"aten::slice",6508
11122,6029610728313.909180,0.242000,"aten::as_strided",6509
11123,6029610728317.343750,2.728000,"aten::slice",6510
11124,6029610728318.811523,0.316000,"aten::as_strided",6511
11125,6029610728322.835938,1.178000,"aten::slice",6512
11126,6029610728323.375977,0.197000,"aten::as_strided",6513
11127,6029610728327.214844,2.003000,"aten::reshape",6514
11128,6029610728327.533203,1.496000,"aten::view",6515
11129,6029610728332.045898,1.294000,"aten::reshape",6516
11130,6029610728332.361328,0.760000,"aten::view",6517
11131,6029610728343.549805,1.981000,"aten::reshape",6518
11132,6029610728343.868164,1.438000,"aten::view",6519
11133,6029610728352.540039,56.355000,"_FrozenLMHeadWithFP32Output",6520
11134,6029610728357.201172,3.288000,"aten::t",6521
11135,6029610728358.446289,1.354000,"aten::transpose",6522
11136,6029610728359.220703,0.370000,"aten::as_strided",6523
11137,6029610728363.137695,41.017000,"aten::mm",6524
11138,6029610728366.887695,3.116000,"aten::empty",6525
11140,6029610728412.610352,2.132000,"aten::reshape",6526
11141,6029610728412.966797,1.561000,"aten::view",6527
11142,6029610728443.000977,8.484000,"_CopyToModelParallelRegion",6528
11143,6029610728448.455078,1.577000,"aten::view_as",6529
11144,6029610728449.079102,0.738000,"aten::view",6530
11145,6029610728481.521484,58.530000,"LinearWithGradAccumulationAndAsyncCommunication",6531
11146,6029610728489.826172,2.636000,"aten::t",6532
11147,6029610728490.710938,1.258000,"aten::transpose",6533
11148,6029610728491.215820,0.526000,"aten::as_strided",6534
11149,6029610728494.181641,41.694000,"aten::matmul",6535
11150,6029610728495.394531,1.201000,"aten::reshape",6536
11151,6029610728495.714844,0.676000,"aten::view",6537
11152,6029610728497.233398,34.891000,"aten::mm",6538
11155,6029610728533.523438,1.532000,"aten::_unsafe_view",6539
11156,6029610728546.252930,7.931000,"_GatherFromModelParallelRegion",6540
11157,6029610728551.689453,1.310000,"aten::view_as",6541
11158,6029610728552.092773,0.684000,"aten::view",6542
11159,6029610728563.993164,5.756000,"_CopyToModelParallelRegion",6543
11160,6029610728567.419922,1.407000,"aten::view_as",6544
11161,6029610728568.041016,0.568000,"aten::view",6545
11162,6029610728580.293945,36.612000,"LinearWithGradAccumulationAndAsyncCommunication",6546
11163,6029610728585.636719,2.114000,"aten::t",6547
11164,6029610728586.134766,1.190000,"aten::transpose",6548
11165,6029610728586.785156,0.343000,"aten::as_strided",6549
11166,6029610728588.813477,24.512000,"aten::matmul",6550
11167,6029610728589.436523,1.364000,"aten::reshape",6551
11168,6029610728589.877930,0.717000,"aten::view",6552
11169,6029610728591.348633,20.058000,"aten::mm",6553
11171,6029610728612.370117,0.512000,"aten::_unsafe_view",6554
11172,6029610728624.131836,16.510000,"aten::mul",6555
11174,6029610728648.885742,2.696000,"aten::reshape",6556
11175,6029610728649.487305,1.850000,"aten::view",6557
11176,6029610728653.468750,25.490000,"aten::to",6558
11177,6029610728654.295898,24.388000,"aten::_to_copy",6559
11178,6029610728657.325195,3.730000,"aten::empty_strided",6560
11179,6029610728661.932617,16.031000,"aten::copy_",6561
11182,6029610728681.332031,15.297000,"aten::add",6562
11185,6029610728706.166016,3.159000,"aten::transpose",6563
11186,6029610728707.923828,0.439000,"aten::as_strided",6564
11187,6029610728717.422852,186.384000,"CrossEntropyFunction",6565
11188,6029610728734.966797,16.020000,"aten::zeros",6566
11189,6029610728736.338867,3.182000,"aten::empty",6567
11190,6029610728740.586914,10.047000,"aten::zero_",6568
11191,6029610728741.751953,8.203000,"aten::fill_",6569
11193,6029610728753.186523,10.326000,"aten::zeros",6570
11194,6029610728753.848633,2.463000,"aten::empty",6571
11195,6029610728756.921875,6.426000,"aten::zero_",6572
11196,6029610728757.724609,5.029000,"aten::fill_",6573
11198,6029610728765.327148,12.156000,"aten::zeros",6574
11199,6029610728765.671875,2.376000,"aten::empty",6575
11200,6029610728768.536133,8.787000,"aten::zero_",6576
11201,6029610728769.377930,7.371000,"aten::fill_",6577
11204,6029610728838.738281,13.362000,"aten::clamp",6578
11205,6029610728840.504883,0.135000,"aten::to",6579
11208,6029610728891.600586,1.975000,"aten::reshape",6580
11209,6029610728892.257812,1.127000,"aten::view",6581
11210,6029610728897.040039,2.168000,"aten::detach",6582
11211,6029610728897.780273,1.267000,"detach",6583
11212,6029610728907.413086,11.662000,"aten::neg",6584
11214,6029610728924.680664,3.473000,"aten::slice",6585
11215,6029610728926.408203,0.456000,"aten::as_strided",6586
11216,6029610728932.513672,1.595000,"aten::reshape",6587
11217,6029610728932.884766,1.037000,"aten::view",6588
11218,6029610728936.183594,9.035000,"aten::neg",6589
11220,6029610728949.299805,0.239000,"aten::to",6590
11221,6029610728951.140625,11.233000,"aten::mul",6591
11223,6029610728965.840820,18.183000,"aten::sum",6592
11224,6029610728967.961914,15.425000,"aten::sum",6593
11225,6029610728972.076172,0.255000,"aten::as_strided",6594
11227,6029610728986.140625,9.859000,"aten::add",6595
11229,6029610729000.176758,1.855000,"aten::slice",6596
11230,6029610729001.017578,0.224000,"aten::as_strided",6597
11231,6029610729005.051758,4.554000,"aten::squeeze",6598
11232,6029610729008.065430,0.377000,"aten::as_strided",6599
11233,6029610729011.656250,1.269000,"aten::detach",6600
11234,6029610729012.205078,0.572000,"detach",6601
11235,6029610729015.867188,2.114000,"aten::reshape_as",6602
11236,6029610729016.503906,1.321000,"aten::reshape",6603
11237,6029610729016.795898,0.840000,"aten::view",6604
11238,6029610729019.922852,16.841000,"aten::copy_",6605
11240,6029610729041.316406,1.522000,"aten::slice",6606
11241,6029610729042.027344,0.272000,"aten::as_strided",6607
11242,6029610729045.712891,2.860000,"aten::slice",6608
11243,6029610729047.241211,0.363000,"aten::as_strided",6609
11244,6029610729051.226562,1.152000,"aten::slice",6610
11245,6029610729051.748047,0.198000,"aten::as_strided",6611
11246,6029610729055.439453,1.979000,"aten::reshape",6612
11247,6029610729055.765625,1.432000,"aten::view",6613
11248,6029610729059.951172,1.217000,"aten::reshape",6614
11249,6029610729060.292969,0.692000,"aten::view",6615
11250,6029610729071.083984,1.878000,"aten::reshape",6616
11251,6029610729071.394531,1.350000,"aten::view",6617
11252,6029610729079.490234,53.209000,"_FrozenLMHeadWithFP32Output",6618
11253,6029610729084.123047,2.927000,"aten::t",6619
11254,6029610729085.196289,1.309000,"aten::transpose",6620
11255,6029610729085.876953,0.413000,"aten::as_strided",6621
11256,6029610729089.357422,38.722000,"aten::mm",6622
11257,6029610729093.198242,3.163000,"aten::empty",6623
11259,6029610729135.887695,2.385000,"aten::reshape",6624
11260,6029610729136.351562,1.701000,"aten::view",6625
11261,6029610729164.570312,8.371000,"_CopyToModelParallelRegion",6626
11262,6029610729169.919922,1.599000,"aten::view_as",6627
11263,6029610729170.588867,0.694000,"aten::view",6628
11264,6029610729187.730469,55.823000,"LinearWithGradAccumulationAndAsyncCommunication",6629
11265,6029610729196.069336,2.462000,"aten::t",6630
11266,6029610729196.859375,1.190000,"aten::transpose",6631
11267,6029610729197.420898,0.431000,"aten::as_strided",6632
11268,6029610729200.432617,39.063000,"aten::matmul",6633
11269,6029610729201.463867,1.126000,"aten::reshape",6634
11270,6029610729201.848633,0.563000,"aten::view",6635
11271,6029610729203.209961,33.186000,"aten::mm",6636
11274,6029610729237.564453,1.129000,"aten::_unsafe_view",6637
11275,6029610729249.231445,8.015000,"_GatherFromModelParallelRegion",6638
11276,6029610729254.747070,1.305000,"aten::view_as",6639
11277,6029610729255.139648,0.730000,"aten::view",6640
11278,6029610729266.292969,6.030000,"_CopyToModelParallelRegion",6641
11279,6029610729270.199219,1.214000,"aten::view_as",6642
11280,6029610729270.638672,0.549000,"aten::view",6643
11281,6029610729282.924805,34.216000,"LinearWithGradAccumulationAndAsyncCommunication",6644
11282,6029610729287.204102,1.951000,"aten::t",6645
11283,6029610729287.708984,1.039000,"aten::transpose",6646
11284,6029610729288.254883,0.311000,"aten::as_strided",6647
11285,6029610729290.271484,23.791000,"aten::matmul",6648
11286,6029610729290.857422,1.292000,"aten::reshape",6649
11287,6029610729291.368164,0.596000,"aten::view",6650
11288,6029610729292.712891,19.479000,"aten::mm",6651
11290,6029610729313.072266,0.565000,"aten::_unsafe_view",6652
11291,6029610729323.715820,15.120000,"aten::mul",6653
11293,6029610729346.130859,2.559000,"aten::reshape",6654
11294,6029610729346.826172,1.629000,"aten::view",6655
11295,6029610729350.401367,39.421000,"aten::to",6656
11296,6029610729365.449219,24.149000,"aten::_to_copy",6657
11297,6029610729368.803711,3.784000,"aten::empty_strided",6658
11298,6029610729373.603516,15.159000,"aten::copy_",6659
11301,6029610729392.126953,16.000000,"aten::add",6660
11304,6029610729417.394531,2.889000,"aten::transpose",6661
11305,6029610729418.973633,0.391000,"aten::as_strided",6662
11306,6029610729428.476562,192.310000,"CrossEntropyFunction",6663
11307,6029610729446.799805,16.210000,"aten::zeros",6664
11308,6029610729447.993164,3.311000,"aten::empty",6665
11309,6029610729452.241211,10.443000,"aten::zero_",6666
11310,6029610729453.315430,8.697000,"aten::fill_",6667
11312,6029610729476.971680,10.477000,"aten::zeros",6668
11313,6029610729477.375977,2.427000,"aten::empty",6669
11314,6029610729480.295898,6.983000,"aten::zero_",6670
11315,6029610729480.865234,5.836000,"aten::fill_",6671
11317,6029610729489.274414,11.854000,"aten::zeros",6672
11318,6029610729489.657227,2.441000,"aten::empty",6673
11319,6029610729492.584961,8.376000,"aten::zero_",6674
11320,6029610729493.159180,7.202000,"aten::fill_",6675
11323,6029610729557.626953,13.537000,"aten::clamp",6676
11324,6029610729559.309570,0.115000,"aten::to",6677
11327,6029610729609.140625,1.941000,"aten::reshape",6678
11328,6029610729609.665039,1.231000,"aten::view",6679
11329,6029610729613.983398,2.099000,"aten::detach",6680
11330,6029610729614.613281,1.301000,"detach",6681
11331,6029610729623.876953,10.968000,"aten::neg",6682
11333,6029610729640.464844,3.663000,"aten::slice",6683
11334,6029610729642.353516,0.526000,"aten::as_strided",6684
11335,6029610729648.212891,1.768000,"aten::reshape",6685
11336,6029610729648.599609,1.187000,"aten::view",6686
11337,6029610729652.097656,9.098000,"aten::neg",6687
11339,6029610729665.514648,0.264000,"aten::to",6688
11340,6029610729667.242188,10.914000,"aten::mul",6689
11342,6029610729681.558594,17.741000,"aten::sum",6690
11343,6029610729683.530273,15.043000,"aten::sum",6691
11344,6029610729687.404297,0.269000,"aten::as_strided",6692
11346,6029610729701.374023,9.752000,"aten::add",6693
11348,6029610729715.303711,1.638000,"aten::slice",6694
11349,6029610729716.061523,0.232000,"aten::as_strided",6695
11350,6029610729720.169922,3.857000,"aten::squeeze",6696
11351,6029610729722.456055,0.355000,"aten::as_strided",6697
11352,6029610729726.027344,1.239000,"aten::detach",6698
11353,6029610729726.596680,0.530000,"detach",6699
11354,6029610729730.149414,2.148000,"aten::reshape_as",6700
11355,6029610729730.776367,1.356000,"aten::reshape",6701
11356,6029610729731.053711,0.917000,"aten::view",6702
11357,6029610729734.268555,17.070000,"aten::copy_",6703
11359,6029610729755.573242,1.498000,"aten::slice",6704
11360,6029610729756.208984,0.257000,"aten::as_strided",6705
11361,6029610729759.808594,2.749000,"aten::slice",6706
11362,6029610729761.258789,0.313000,"aten::as_strided",6707
11363,6029610729765.260742,1.177000,"aten::slice",6708
11364,6029610729765.774414,0.220000,"aten::as_strided",6709
11365,6029610729769.523438,1.940000,"aten::reshape",6710
11366,6029610729769.828125,1.402000,"aten::view",6711
11367,6029610729774.164062,1.206000,"aten::reshape",6712
11368,6029610729774.496094,0.705000,"aten::view",6713
11369,6029610729785.620117,1.914000,"aten::reshape",6714
11370,6029610729785.954102,1.359000,"aten::view",6715
11371,6029610729793.855469,56.010000,"_FrozenLMHeadWithFP32Output",6716
11372,6029610729798.539062,2.959000,"aten::t",6717
11373,6029610729799.613281,1.312000,"aten::transpose",6718
11374,6029610729800.262695,0.428000,"aten::as_strided",6719
11375,6029610729803.866211,41.410000,"aten::mm",6720
11376,6029610729807.528320,3.165000,"aten::empty",6721
11378,6029610729853.351562,2.303000,"aten::reshape",6722
11379,6029610729853.736328,1.676000,"aten::view",6723
11380,6029610729883.180664,8.013000,"_CopyToModelParallelRegion",6724
11381,6029610729888.282227,1.433000,"aten::view_as",6725
11382,6029610729888.801758,0.697000,"aten::view",6726
11383,6029610729905.333984,56.912000,"LinearWithGradAccumulationAndAsyncCommunication",6727
11384,6029610729913.014648,2.482000,"aten::t",6728
11385,6029610729913.793945,1.220000,"aten::transpose",6729
11386,6029610729914.338867,0.454000,"aten::as_strided",6730
11387,6029610729917.453125,40.748000,"aten::matmul",6731
11388,6029610729918.683594,1.061000,"aten::reshape",6732
11389,6029610729918.968750,0.595000,"aten::view",6733
11390,6029610729920.392578,34.744000,"aten::mm",6734
11393,6029610729956.346680,1.239000,"aten::_unsafe_view",6735
11394,6029610729967.869141,7.826000,"_GatherFromModelParallelRegion",6736
11395,6029610729973.170898,1.376000,"aten::view_as",6737
11396,6029610729973.699219,0.646000,"aten::view",6738
11397,6029610729984.425781,5.744000,"_CopyToModelParallelRegion",6739
11398,6029610729988.006836,1.122000,"aten::view_as",6740
11399,6029610729988.362305,0.561000,"aten::view",6741
11400,6029610730000.507812,36.110000,"LinearWithGradAccumulationAndAsyncCommunication",6742
11401,6029610730005.458008,2.333000,"aten::t",6743
11402,6029610730006.113281,1.200000,"aten::transpose",6744
11403,6029610730006.649414,0.423000,"aten::as_strided",6745
11404,6029610730008.897461,24.589000,"aten::matmul",6746
11405,6029610730009.420898,1.391000,"aten::reshape",6747
11406,6029610730009.975586,0.624000,"aten::view",6748
11407,6029610730011.264648,20.260000,"aten::mm",6749
11409,6029610730032.259766,0.716000,"aten::_unsafe_view",6750
11410,6029610730043.317383,14.916000,"aten::mul",6751
11412,6029610730065.325195,2.218000,"aten::reshape",6752
11413,6029610730065.651367,1.637000,"aten::view",6753
11414,6029610730069.116211,25.198000,"aten::to",6754
11415,6029610730069.835938,24.225000,"aten::_to_copy",6755
11416,6029610730072.960938,3.737000,"aten::empty_strided",6756
11417,6029610730077.919922,15.304000,"aten::copy_",6757
11420,6029610730096.256836,15.343000,"aten::add",6758
11423,6029610730120.577148,3.251000,"aten::transpose",6759
11424,6029610730122.508789,0.354000,"aten::as_strided",6760
11425,6029610730132.317383,171.980000,"CrossEntropyFunction",6761
11426,6029610730148.650391,15.810000,"aten::zeros",6762
11427,6029610730149.852539,3.186000,"aten::empty",6763
11428,6029610730153.897461,10.217000,"aten::zero_",6764
11429,6029610730154.954102,8.508000,"aten::fill_",6765
11431,6029610730166.553711,10.311000,"aten::zeros",6766
11432,6029610730166.936523,2.345000,"aten::empty",6767
11433,6029610730169.744141,6.968000,"aten::zero_",6768
11434,6029610730170.459961,5.720000,"aten::fill_",6769
11436,6029610730178.639648,11.451000,"aten::zeros",6770
11437,6029610730178.971680,2.366000,"aten::empty",6771
11438,6029610730181.777344,8.151000,"aten::zero_",6772
11439,6029610730182.483398,6.864000,"aten::fill_",6773
11442,6029610730242.737305,12.704000,"aten::clamp",6774
11443,6029610730244.163086,0.109000,"aten::to",6775
11446,6029610730293.349609,1.598000,"aten::reshape",6776
11447,6029610730293.775391,0.950000,"aten::view",6777
11448,6029610730298.014648,2.075000,"aten::detach",6778
11449,6029610730298.565430,1.360000,"detach",6779
11450,6029610730307.657227,10.845000,"aten::neg",6780
11452,6029610730324.197266,7.513000,"aten::slice",6781
11453,6029610730329.533203,0.803000,"aten::as_strided",6782
11454,6029610730336.930664,1.639000,"aten::reshape",6783
11455,6029610730337.290039,1.075000,"aten::view",6784
11456,6029610730340.590820,9.004000,"aten::neg",6785
11458,6029610730353.447266,0.257000,"aten::to",6786
11459,6029610730354.943359,10.084000,"aten::mul",6787
11461,6029610730368.297852,17.072000,"aten::sum",6788
11462,6029610730370.213867,14.483000,"aten::sum",6789
11463,6029610730373.993164,0.319000,"aten::as_strided",6790
11465,6029610730387.458008,9.356000,"aten::add",6791
11467,6029610730401.142578,1.739000,"aten::slice",6792
11468,6029610730402.011719,0.238000,"aten::as_strided",6793
11469,6029610730405.870117,4.077000,"aten::squeeze",6794
11470,6029610730408.327148,0.382000,"aten::as_strided",6795
11471,6029610730411.689453,1.160000,"aten::detach",6796
11472,6029610730412.218750,0.484000,"detach",6797
11473,6029610730415.563477,2.026000,"aten::reshape_as",6798
11474,6029610730416.154297,1.278000,"aten::reshape",6799
11475,6029610730416.416992,0.845000,"aten::view",6800
11476,6029610730419.445312,16.536000,"aten::copy_",6801
11478,6029610730440.267578,1.411000,"aten::slice",6802
11479,6029610730440.902344,0.258000,"aten::as_strided",6803
11480,6029610730444.329102,2.628000,"aten::slice",6804
11481,6029610730445.655273,0.356000,"aten::as_strided",6805
11482,6029610730449.773438,1.220000,"aten::slice",6806
11483,6029610730450.327148,0.231000,"aten::as_strided",6807
11484,6029610730454.091797,1.896000,"aten::reshape",6808
11485,6029610730454.371094,1.417000,"aten::view",6809
11486,6029610730458.566406,1.165000,"aten::reshape",6810
11487,6029610730458.859375,0.697000,"aten::view",6811
11488,6029610730482.348633,1.940000,"aten::reshape",6812
11489,6029610730482.692383,1.399000,"aten::view",6813
11490,6029610730491.316406,59.739000,"_FrozenLMHeadWithFP32Output",6814
11491,6029610730495.547852,3.431000,"aten::t",6815
11492,6029610730496.649414,1.376000,"aten::transpose",6816
11493,6029610730497.292969,0.472000,"aten::as_strided",6817
11494,6029610730501.317383,44.523000,"aten::mm",6818
11495,6029610730504.883789,3.395000,"aten::empty",6819
11497,6029610730554.713867,2.024000,"aten::reshape",6820
11498,6029610730555.033203,1.521000,"aten::view",6821
11499,6029610730585.041992,8.526000,"_CopyToModelParallelRegion",6822
11500,6029610730590.691406,1.437000,"aten::view_as",6823
11501,6029610730591.141602,0.757000,"aten::view",6824
11502,6029610730609.909180,60.863000,"LinearWithGradAccumulationAndAsyncCommunication",6825
11503,6029610730617.963867,2.493000,"aten::t",6826
11504,6029610730618.657227,1.313000,"aten::transpose",6827
11505,6029610730619.210938,0.562000,"aten::as_strided",6828
11506,6029610730622.247070,44.249000,"aten::matmul",6829
11507,6029610730623.447266,1.090000,"aten::reshape",6830
11508,6029610730623.743164,0.589000,"aten::view",6831
11509,6029610730625.205078,37.579000,"aten::mm",6832
11512,6029610730664.064453,1.696000,"aten::_unsafe_view",6833
11513,6029610730676.478516,7.699000,"_GatherFromModelParallelRegion",6834
11514,6029610730681.753906,1.323000,"aten::view_as",6835
11515,6029610730682.147461,0.742000,"aten::view",6836
11516,6029610730693.465820,6.179000,"_CopyToModelParallelRegion",6837
11517,6029610730697.554688,1.146000,"aten::view_as",6838
11518,6029610730697.901367,0.541000,"aten::view",6839
11519,6029610730710.130859,35.464000,"LinearWithGradAccumulationAndAsyncCommunication",6840
11520,6029610730714.973633,1.970000,"aten::t",6841
11521,6029610730715.450195,1.054000,"aten::transpose",6842
11522,6029610730715.909180,0.372000,"aten::as_strided",6843
11523,6029610730717.950195,24.258000,"aten::matmul",6844
11524,6029610730718.499023,1.058000,"aten::reshape",6845
11525,6029610730718.825195,0.545000,"aten::view",6846
11526,6029610730720.019531,20.277000,"aten::mm",6847
11528,6029610730741.044922,0.729000,"aten::_unsafe_view",6848
11529,6029610730752.356445,17.728000,"aten::mul",6849
11531,6029610730778.196289,2.404000,"aten::reshape",6850
11532,6029610730778.585938,1.778000,"aten::view",6851
11533,6029610730782.452148,26.509000,"aten::to",6852
11534,6029610730783.443359,25.307000,"aten::_to_copy",6853
11535,6029610730786.552734,3.796000,"aten::empty_strided",6854
11536,6029610730791.424805,16.473000,"aten::copy_",6855
11539,6029610730811.192383,14.863000,"aten::add",6856
11544,6029610730835.988281,2.949000,"aten::transpose",6857
11546,6029610730837.643555,0.344000,"aten::as_strided",6858
11547,6029610730847.251953,189.968000,"CrossEntropyFunction",6859
11548,6029610730866.091797,16.663000,"aten::zeros",6860
11549,6029610730867.634766,3.280000,"aten::empty",6861
11550,6029610730871.945312,10.467000,"aten::zero_",6862
11551,6029610730872.993164,8.680000,"aten::fill_",6863
11553,6029610730885.030273,9.874000,"aten::zeros",6864
11554,6029610730885.412109,2.512000,"aten::empty",6865
11555,6029610730888.369141,6.382000,"aten::zero_",6866
11556,6029610730888.949219,5.250000,"aten::fill_",6867
11558,6029610730896.734375,11.524000,"aten::zeros",6868
11559,6029610730897.146484,2.351000,"aten::empty",6869
11560,6029610730899.949219,8.142000,"aten::zero_",6870
11561,6029610730900.481445,7.073000,"aten::fill_",6871
11564,6029610730970.960938,13.172000,"aten::clamp",6872
11565,6029610730972.766602,0.132000,"aten::to",6873
11568,6029610731025.333984,1.690000,"aten::reshape",6874
11569,6029610731025.829102,1.021000,"aten::view",6875
11570,6029610731029.939453,2.295000,"aten::detach",6876
11571,6029610731030.493164,1.568000,"detach",6877
11572,6029610731040.791992,11.503000,"aten::neg",6878
11575,6029610731058.435547,3.911000,"aten::slice",6879
11576,6029610731060.325195,0.561000,"aten::as_strided",6880
11577,6029610731066.880859,1.746000,"aten::reshape",6881
11578,6029610731067.249023,1.181000,"aten::view",6882
11579,6029610731070.871094,8.239000,"aten::neg",6883
11581,6029610731083.638672,0.247000,"aten::to",6884
11582,6029610731085.319336,11.113000,"aten::mul",6885
11584,6029610731099.744141,17.879000,"aten::sum",6886
11585,6029610731101.813477,15.060000,"aten::sum",6887
11586,6029610731105.658203,0.266000,"aten::as_strided",6888
11588,6029610731119.712891,9.640000,"aten::add",6889
11590,6029610731133.758789,1.670000,"aten::slice",6890
11591,6029610731134.538086,0.226000,"aten::as_strided",6891
11592,6029610731138.384766,4.035000,"aten::squeeze",6892
11593,6029610731140.832031,0.369000,"aten::as_strided",6893
11594,6029610731144.492188,1.324000,"aten::detach",6894
11595,6029610731144.982422,0.678000,"detach",6895
11596,6029610731149.082031,2.043000,"aten::reshape_as",6896
11597,6029610731149.680664,1.288000,"aten::reshape",6897
11598,6029610731149.958984,0.840000,"aten::view",6898
11599,6029610731153.061523,17.927000,"aten::copy_",6899
11601,6029610731175.467773,1.449000,"aten::slice",6900
11602,6029610731176.125000,0.233000,"aten::as_strided",6901
11603,6029610731179.666992,2.767000,"aten::slice",6902
11604,6029610731181.149414,0.282000,"aten::as_strided",6903
11605,6029610731185.138672,1.139000,"aten::slice",6904
11606,6029610731185.624023,0.210000,"aten::as_strided",6905
11607,6029610731189.382812,1.903000,"aten::reshape",6906
11608,6029610731189.708984,1.370000,"aten::view",6907
11609,6029610731193.919922,1.227000,"aten::reshape",6908
11610,6029610731194.265625,0.715000,"aten::view",6909
11611,6029610731205.335938,1.706000,"aten::reshape",6910
11612,6029610731205.636719,1.214000,"aten::view",6911
11613,6029610731214.638672,58.718000,"_FrozenLMHeadWithFP32Output",6912
11614,6029610731219.398438,3.069000,"aten::t",6913
11615,6029610731220.394531,1.482000,"aten::transpose",6914
11616,6029610731221.106445,0.548000,"aten::as_strided",6915
11617,6029610731224.951172,43.586000,"aten::mm",6916
11618,6029610731228.722656,3.295000,"aten::empty",6917
11620,6029610731276.823242,2.290000,"aten::reshape",6918
11621,6029610731277.240234,1.683000,"aten::view",6919
11622,6029610731306.738281,8.227000,"_CopyToModelParallelRegion",6920
11623,6029610731312.300781,1.232000,"aten::view_as",6921
11624,6029610731312.727539,0.628000,"aten::view",6922
11625,6029610731330.576172,59.697000,"LinearWithGradAccumulationAndAsyncCommunication",6923
11626,6029610731339.221680,2.340000,"aten::t",6924
11627,6029610731339.941406,1.184000,"aten::transpose",6925
11628,6029610731340.392578,0.538000,"aten::as_strided",6926
11629,6029610731343.409180,42.761000,"aten::matmul",6927
11630,6029610731344.593750,1.133000,"aten::reshape",6928
11631,6029610731344.922852,0.628000,"aten::view",6929
11632,6029610731346.432617,36.371000,"aten::mm",6930
11635,6029610731384.054688,1.410000,"aten::_unsafe_view",6931
11636,6029610731395.626953,7.101000,"_GatherFromModelParallelRegion",6932
11637,6029610731400.311523,1.323000,"aten::view_as",6933
11638,6029610731400.686523,0.777000,"aten::view",6934
11639,6029610731411.909180,11.537000,"_CopyToModelParallelRegion",6935
11640,6029610731420.217773,1.704000,"aten::view_as",6936
11641,6029610731420.710938,0.948000,"aten::view",6937
11642,6029610731433.287109,46.810000,"LinearWithGradAccumulationAndAsyncCommunication",6938
11643,6029610731438.091797,2.359000,"aten::t",6939
11644,6029610731438.778320,1.074000,"aten::transpose",6940
11645,6029610731439.368164,0.306000,"aten::as_strided",6941
11647,6029610731441.624023,34.854000,"aten::matmul",6942
11648,6029610731442.183594,1.401000,"aten::reshape",6943
11649,6029610731442.513672,0.823000,"aten::view",6944
11650,6029610731444.000977,30.515000,"aten::mm",6945
11652,6029610731475.256836,0.766000,"aten::_unsafe_view",6946
11653,6029610731487.328125,17.091000,"aten::mul",6947
11655,6029610731513.359375,2.217000,"aten::reshape",6948
11656,6029610731513.675781,1.657000,"aten::view",6949
11657,6029610731517.460938,27.755000,"aten::to",6950
11658,6029610731518.583984,26.449000,"aten::_to_copy",6951
11659,6029610731521.694336,4.067000,"aten::empty_strided",6952
11660,6029610731526.875000,17.366000,"aten::copy_",6953
11663,6029610731547.620117,15.605000,"aten::add",6954
11666,6029610731573.232422,3.220000,"aten::transpose",6955
11667,6029610731575.042969,0.419000,"aten::as_strided",6956
11668,6029610731585.278320,185.638000,"CrossEntropyFunction",6957
11669,6029610731604.137695,16.516000,"aten::zeros",6958
11670,6029610731605.491211,3.235000,"aten::empty",6959
11671,6029610731609.772461,10.576000,"aten::zero_",6960
11672,6029610731610.828125,8.839000,"aten::fill_",6961
11674,6029610731622.921875,9.794000,"aten::zeros",6962
11675,6029610731623.287109,2.511000,"aten::empty",6963
11676,6029610731626.251953,6.248000,"aten::zero_",6964
11677,6029610731626.984375,4.917000,"aten::fill_",6965
11679,6029610731634.723633,12.024000,"aten::zeros",6966
11680,6029610731635.296875,2.341000,"aten::empty",6967
11681,6029610731638.218750,8.365000,"aten::zero_",6968
11682,6029610731638.776367,7.204000,"aten::fill_",6969
11685,6029610731705.296875,13.624000,"aten::clamp",6970
11686,6029610731707.150391,0.194000,"aten::to",6971
11689,6029610731759.558594,1.675000,"aten::reshape",6972
11690,6029610731759.962891,1.044000,"aten::view",6973
11691,6029610731764.603516,2.070000,"aten::detach",6974
11692,6029610731765.182617,1.342000,"detach",6975
11693,6029610731774.374023,11.438000,"aten::neg",6976
11695,6029610731792.342773,3.502000,"aten::slice",6977
11696,6029610731794.050781,0.405000,"aten::as_strided",6978
11697,6029610731799.953125,1.785000,"aten::reshape",6979
11698,6029610731800.350586,1.175000,"aten::view",6980
11699,6029610731803.923828,9.006000,"aten::neg",6981
11701,6029610731817.202148,0.239000,"aten::to",6982
11702,6029610731818.917969,10.840000,"aten::mul",6983
11704,6029610731833.508789,18.639000,"aten::sum",6984
11705,6029610731835.565430,15.873000,"aten::sum",6985
11706,6029610731839.698242,0.252000,"aten::as_strided",6986
11708,6029610731854.428711,9.828000,"aten::add",6987
11710,6029610731868.415039,1.615000,"aten::slice",6988
11711,6029610731869.149414,0.223000,"aten::as_strided",6989
11712,6029610731873.213867,3.841000,"aten::squeeze",6990
11713,6029610731875.509766,0.359000,"aten::as_strided",6991
11714,6029610731878.643555,1.252000,"aten::detach",6992
11715,6029610731879.189453,0.544000,"detach",6993
11716,6029610731882.831055,2.177000,"aten::reshape_as",6994
11717,6029610731883.404297,1.445000,"aten::reshape",6995
11718,6029610731883.794922,0.835000,"aten::view",6996
11719,6029610731886.814453,17.743000,"aten::copy_",6997
11721,6029610731908.756836,1.502000,"aten::slice",6998
11722,6029610731909.386719,0.270000,"aten::as_strided",6999
11723,6029610731912.966797,2.742000,"aten::slice",7000
11724,6029610731914.384766,0.375000,"aten::as_strided",7001
11725,6029610731918.508789,1.365000,"aten::slice",7002
11726,6029610731919.215820,0.206000,"aten::as_strided",7003
11727,6029610731924.433594,56720.477000,"aten::index",7004
11728,6029610731931.946289,56677.299000,"aten::nonzero",7005
11882,6029610788549.555664,5.827000,"aten::resize_",7006
11892,6029610788595.688477,4.443000,"aten::t",7007
11894,6029610788597.135742,2.766000,"aten::transpose",7008
11895,6029610788598.535156,1.003000,"aten::as_strided",7009
11896,6029610788602.235352,4.326000,"aten::set_",7010
11897,6029610788604.057617,2.173000,"aten::set_",7011
11898,6029610788610.996094,2.882000,"aten::select",7012
11899,6029610788612.856445,0.374000,"aten::as_strided",7013
11900,6029610788614.578125,0.808000,"aten::select",7014
11901,6029610788614.993164,0.197000,"aten::as_strided",7015
11902,6029610788619.884766,0.248000,"aten::as_strided",7016
11903,6029610788621.000977,1.321000,"aten::reshape",7017
11904,6029610788621.403320,0.755000,"aten::view",7018
11905,6029610788622.797852,0.765000,"aten::reshape",7019
11906,6029610788623.044922,0.362000,"aten::view",7020
11909,6029610788652.591797,5.001000,"aten::unsqueeze",7021
11910,6029610788655.653320,0.344000,"aten::as_strided",7022
11911,6029610788662.873047,200.250000,"aten::index",7023
11912,6029610788665.590820,180.690000,"aten::nonzero",7024
11920,6029610788815.344727,1.852000,"aten::resize_",7025
11930,6029610788841.590820,1.751000,"aten::t",7026
11931,6029610788842.130859,1.063000,"aten::transpose",7027
11932,6029610788842.716797,0.258000,"aten::as_strided",7028
11933,6029610788843.788086,1.302000,"aten::set_",7029
11934,6029610788844.473633,0.438000,"aten::set_",7030
11936,6029610788846.816406,0.944000,"aten::select",7031
11937,6029610788847.322266,0.188000,"aten::as_strided",7032
11938,6029610788848.250977,0.701000,"aten::select",7033
11939,6029610788848.607422,0.188000,"aten::as_strided",7034
11940,6029610788849.972656,0.215000,"aten::as_strided",7035
11941,6029610788850.717773,0.794000,"aten::reshape",7036
11942,6029610788850.982422,0.361000,"aten::view",7037
11943,6029610788851.965820,0.800000,"aten::reshape",7038
11944,6029610788852.250000,0.367000,"aten::view",7039
11946,6029610788865.441406,1.649000,"aten::unsqueeze",7040
11948,6029610788866.223633,0.232000,"aten::as_strided",7041
11949,6029610788890.148438,3.332000,"aten::reshape",7042
11950,6029610788890.488281,2.797000,"aten::view",7043
11951,6029610788907.719727,82.135000,"_FrozenLMHeadWithFP32Output",7044
11952,6029610788915.178711,2.762000,"aten::t",7045
11953,6029610788916.256836,1.071000,"aten::transpose",7046
11954,6029610788916.708984,0.396000,"aten::as_strided",7047
11955,6029610788920.917969,59.311000,"aten::mm",7048
11956,6029610788925.308594,4.080000,"aten::empty",7049
11959,6029610788995.166992,2.687000,"aten::reshape",7050
11960,6029610788995.503906,2.157000,"aten::view",7051
11961,6029610789034.796875,10.248000,"_CopyToModelParallelRegion",7052
11962,6029610789041.338867,1.909000,"aten::view_as",7053
11963,6029610789042.064453,0.963000,"aten::view",7054
11964,6029610789064.551758,71.228000,"LinearWithGradAccumulationAndAsyncCommunication",7055
11965,6029610789074.184570,2.514000,"aten::t",7056
11966,6029610789074.990234,1.221000,"aten::transpose",7057
11967,6029610789075.536133,0.469000,"aten::as_strided",7058
11968,6029610789078.655273,52.238000,"aten::matmul",7059
11969,6029610789080.094727,1.205000,"aten::reshape",7060
11970,6029610789080.379883,0.722000,"aten::view",7061
11971,6029610789082.116211,44.490000,"aten::mm",7062
11974,6029610789128.026367,1.851000,"aten::_unsafe_view",7063
11975,6029610789141.851562,9.615000,"_GatherFromModelParallelRegion",7064
11976,6029610789148.547852,1.643000,"aten::view_as",7065
11977,6029610789149.046875,0.928000,"aten::view",7066
11978,6029610789161.953125,5.824000,"_CopyToModelParallelRegion",7067
11979,6029610789165.662109,1.125000,"aten::view_as",7068
11980,6029610789166.009766,0.573000,"aten::view",7069
11981,6029610789178.466797,37.278000,"LinearWithGradAccumulationAndAsyncCommunication",7070
11982,6029610789183.909180,1.941000,"aten::t",7071
11983,6029610789184.443359,1.021000,"aten::transpose",7072
11984,6029610789184.921875,0.348000,"aten::as_strided",7073
11985,6029610789186.831055,25.702000,"aten::matmul",7074
11986,6029610789187.357422,1.012000,"aten::reshape",7075
11987,6029610789187.649414,0.539000,"aten::view",7076
11988,6029610789188.825195,22.020000,"aten::mm",7077
11990,6029610789211.610352,0.479000,"aten::_unsafe_view",7078
11991,6029610789224.206055,20.289000,"aten::mul",7079
11993,6029610789255.018555,2.406000,"aten::reshape",7080
11994,6029610789255.426758,1.770000,"aten::view",7081
11995,6029610789259.606445,30.395000,"aten::to",7082
11996,6029610789260.581055,29.172000,"aten::_to_copy",7083
11997,6029610789264.308594,4.535000,"aten::empty_strided",7084
11998,6029610789269.855469,19.068000,"aten::copy_",7085
12001,6029610789293.249023,17.995000,"aten::add",7086
12004,6029610789321.889648,3.283000,"aten::transpose",7087
12005,6029610789323.794922,0.361000,"aten::as_strided",7088
12006,6029610789335.293945,217.024000,"CrossEntropyFunction",7089
12007,6029610789356.314453,17.700000,"aten::zeros",7090
12008,6029610789358.189453,3.600000,"aten::empty",7091
12009,6029610789362.781250,10.893000,"aten::zero_",7092
12010,6029610789363.927734,9.000000,"aten::fill_",7093
12012,6029610789376.487305,9.611000,"aten::zeros",7094
12013,6029610789376.915039,2.478000,"aten::empty",7095
12014,6029610789379.872070,6.067000,"aten::zero_",7096
12015,6029610789380.416992,4.971000,"aten::fill_",7097
12017,6029610789387.858398,11.258000,"aten::zeros",7098
12018,6029610789388.211914,2.521000,"aten::empty",7099
12019,6029610789391.178711,7.766000,"aten::zero_",7100
12020,6029610789391.717773,6.647000,"aten::fill_",7101
12023,6029610789476.646484,14.224000,"aten::clamp",7102
12024,6029610789478.529297,0.170000,"aten::to",7103
12027,6029610789537.890625,1.974000,"aten::reshape",7104
12028,6029610789538.322266,1.281000,"aten::view",7105
12029,6029610789543.346680,2.904000,"aten::detach",7106
12030,6029610789544.121094,1.967000,"detach",7107
12031,6029610789556.392578,12.000000,"aten::neg",7108
12033,6029610789580.481445,5.497000,"aten::slice",7109
12034,6029610789583.535156,0.711000,"aten::as_strided",7110
12035,6029610789590.829102,8317.901000,"aten::index",7111
12036,6029610789594.326172,8281.787000,"aten::nonzero",7112
12059,6029610797841.504883,3.052000,"aten::resize_",7113
12069,6029610797867.491211,2.810000,"aten::t",7114
12070,6029610797868.333008,1.759000,"aten::transpose",7115
12071,6029610797869.260742,0.625000,"aten::as_strided",7116
12073,6029610797871.258789,3.228000,"aten::set_",7117
12074,6029610797872.421875,1.684000,"aten::set_",7118
12075,6029610797877.488281,2.320000,"aten::select",7119
12076,6029610797878.911133,0.312000,"aten::as_strided",7120
12077,6029610797880.338867,0.713000,"aten::select",7121
12078,6029610797880.726562,0.164000,"aten::as_strided",7122
12079,6029610797883.788086,0.218000,"aten::as_strided",7123
12080,6029610797884.906250,0.921000,"aten::reshape",7124
12081,6029610797885.269531,0.391000,"aten::view",7125
12082,6029610797886.273438,0.791000,"aten::reshape",7126
12083,6029610797886.543945,0.364000,"aten::view",7127
12086,6029610797912.697266,3.122000,"aten::unsqueeze",7128
12087,6029610797914.628906,0.214000,"aten::as_strided",7129
12088,6029610797919.212891,9.559000,"aten::neg",7130
12091,6029610797935.281250,0.289000,"aten::to",7131
12092,6029610797937.793945,13.817000,"aten::mul",7132
12095,6029610797955.132812,19.144000,"aten::sum",7133
12096,6029610797957.580078,15.996000,"aten::sum",7134
12097,6029610797961.319336,0.236000,"aten::as_strided",7135
12100,6029610797977.211914,12.090000,"aten::add",7136
12103,6029610797994.987305,3.081000,"aten::slice",7137
12104,6029610797996.527344,0.280000,"aten::as_strided",7138
12105,6029610798001.478516,3.789000,"aten::squeeze",7139
12106,6029610798004.088867,0.201000,"aten::as_strided",7140
12107,6029610798007.334961,2.319000,"aten::detach",7141
12108,6029610798008.153320,1.334000,"detach",7142
12109,6029610798018.078125,96.303000,"aten::index_put_",7143
12110,6029610798024.694336,89.131000,"aten::_index_put_impl_",7144
12111,6029610798029.023438,61.562000,"aten::nonzero",7145
12119,6029610798064.864258,1.758000,"aten::resize_",7146
12129,6029610798085.201172,1.871000,"aten::t",7147
12130,6029610798085.719727,1.115000,"aten::transpose",7148
12131,6029610798086.316406,0.307000,"aten::as_strided",7149
12132,6029610798087.608398,1.607000,"aten::set_",7150
12133,6029610798088.136719,0.763000,"aten::set_",7151
12135,6029610798091.255859,1.175000,"aten::select",7152
12136,6029610798091.941406,0.203000,"aten::as_strided",7153
12137,6029610798092.901367,0.703000,"aten::select",7154
12138,6029610798093.282227,0.167000,"aten::as_strided",7155
12139,6029610798095.326172,0.169000,"aten::as_strided",7156
12140,6029610798096.131836,0.883000,"aten::reshape",7157
12141,6029610798096.470703,0.355000,"aten::view",7158
12142,6029610798097.574219,0.655000,"aten::reshape",7159
12143,6029610798097.859375,0.214000,"aten::view",7160
12146,6029610798150.333008,1.518000,"aten::detach",7161
12147,6029610798150.959961,0.717000,"detach",7162
12148,6029610798153.447266,0.227000,"aten::to",7163
12149,6029610798154.458984,0.855000,"aten::detach",7164
12150,6029610798154.823242,0.345000,"detach",7165
12151,6029610798155.974609,34.924000,"aten::to",7166
12152,6029610798156.666016,34.053000,"aten::_to_copy",7167
12153,6029610798159.795898,4.042000,"aten::empty_strided",7168
12154,6029610798178.410156,11.750000,"aten::copy_",7169
12157,6029610798196.161133,20.352000,"aten::stack",7170
12158,6029610798198.320312,1.023000,"aten::unsqueeze",7171
12159,6029610798198.886719,0.233000,"aten::as_strided",7172
12160,6029610798199.826172,0.489000,"aten::unsqueeze",7173
12161,6029610798200.082031,0.104000,"aten::as_strided",7174
12162,6029610798201.061523,14.546000,"aten::cat",7175
12165,6029610798249.396484,108.100000,"c10d::allreduce_",7176
12166,6029610798269.830078,83.463000,"record_param_comms",7177
12181,6029610798380.720703,4.633000,"aten::select",7179
12182,6029610798383.298828,0.419000,"aten::as_strided",7180
12183,6029610798394.548828,6.025000,"aten::new_empty",7181
12184,6029610798396.175781,4.051000,"aten::empty",7182
12185,6029610798411.195312,60.180000,"c10d::_allgather_base_",7183
12186,6029610798419.407227,42.836000,"record_param_comms",7184
12201,6029610798476.779297,3.221000,"aten::reshape",7186
12202,6029610798477.448242,2.335000,"aten::view",7187
12203,6029610798484.575195,2.448000,"aten::select",7188
12204,6029610798485.942383,0.401000,"aten::as_strided",7189
12205,6029610798489.206055,33.396000,"aten::item",7190
12206,6029610798490.855469,31.440000,"aten::_local_scalar_dense",7191
12210,6029610798527.960938,4.143000,"aten::new_empty",7192
12211,6029610798528.588867,3.183000,"aten::empty",7193
12212,6029610798541.389648,2.718000,"aten::empty",7194
12215,6029610798562.320312,0.620000,"aten::to",7195
12216,6029610798564.663086,2.154000,"aten::select",7196
12217,6029610798565.600586,0.278000,"aten::as_strided",7197
12218,6029610798572.137695,40.411000,"aten::index_put_",7198
12219,6029610798575.156250,36.869000,"aten::_index_put_impl_",7199
12220,6029610798578.411133,19.722000,"aten::to",7200
12221,6029610798579.116211,18.775000,"aten::_to_copy",7201
12222,6029610798580.864258,3.667000,"aten::empty_strided",7202
12223,6029610798585.375000,12.101000,"aten::copy_",7203
12226,6029610798599.267578,0.343000,"aten::as_strided",7204
12227,6029610798600.317383,1.486000,"aten::reshape",7205
12228,6029610798600.694336,0.922000,"aten::view",7206
12231,6029610798616.321289,2.650000,"aten::empty",7207
12233,6029610798626.799805,0.220000,"aten::to",7208
12235,6029610798628.993164,1.619000,"aten::select",7209
12236,6029610798629.757812,0.335000,"aten::as_strided",7210
12237,6029610798632.920898,21.171000,"aten::index_put_",7211
12238,6029610798633.632812,20.243000,"aten::_index_put_impl_",7212
12239,6029610798634.504883,10.846000,"aten::to",7213
12240,6029610798634.802734,10.408000,"aten::_to_copy",7214
12241,6029610798635.337891,2.536000,"aten::empty_strided",7215
12242,6029610798638.348633,6.648000,"aten::copy_",7216
12244,6029610798645.875000,0.219000,"aten::as_strided",7217
12245,6029610798646.527344,0.739000,"aten::reshape",7218
12246,6029610798646.838867,0.253000,"aten::view",7219
12249,6029610798656.436523,2.268000,"aten::empty",7220
12252,6029610798665.873047,0.177000,"aten::to",7221
12254,6029610798667.727539,1.521000,"aten::select",7222
12255,6029610798668.578125,0.162000,"aten::as_strided",7223
12256,6029610798671.339844,19.438000,"aten::index_put_",7224
12257,6029610798671.906250,18.677000,"aten::_index_put_impl_",7225
12258,6029610798672.762695,9.992000,"aten::to",7226
12259,6029610798673.025391,9.588000,"aten::_to_copy",7227
12260,6029610798673.542969,2.208000,"aten::empty_strided",7228
12261,6029610798676.209961,6.188000,"aten::copy_",7229
12263,6029610798683.262695,0.185000,"aten::as_strided",7230
12264,6029610798683.913086,0.717000,"aten::reshape",7231
12265,6029610798684.208984,0.251000,"aten::view",7232
12268,6029610798692.961914,2.213000,"aten::empty",7233
12271,6029610798702.130859,0.209000,"aten::to",7234
12273,6029610798703.924805,1.365000,"aten::select",7235
12274,6029610798704.648438,0.165000,"aten::as_strided",7236
12275,6029610798707.340820,19.196000,"aten::index_put_",7237
12276,6029610798707.958008,18.365000,"aten::_index_put_impl_",7238
12277,6029610798708.793945,9.718000,"aten::to",7239
12278,6029610798709.038086,9.333000,"aten::_to_copy",7240
12279,6029610798709.493164,2.229000,"aten::empty_strided",7241
12280,6029610798712.186523,5.987000,"aten::copy_",7242
12282,6029610798718.997070,0.182000,"aten::as_strided",7243
12283,6029610798719.556641,0.601000,"aten::reshape",7244
12284,6029610798719.836914,0.160000,"aten::view",7245
12287,6029610798728.637695,2.192000,"aten::empty",7246
12290,6029610798737.357422,0.208000,"aten::to",7247
12291,6029610798739.192383,1.325000,"aten::select",7248
12293,6029610798739.884766,0.168000,"aten::as_strided",7249
12294,6029610798742.517578,19.417000,"aten::index_put_",7250
12295,6029610798743.108398,18.626000,"aten::_index_put_impl_",7251
12296,6029610798743.992188,9.940000,"aten::to",7252
12297,6029610798744.273438,9.502000,"aten::_to_copy",7253
12298,6029610798744.768555,2.145000,"aten::empty_strided",7254
12299,6029610798747.347656,6.225000,"aten::copy_",7255
12301,6029610798754.509766,0.163000,"aten::as_strided",7256
12302,6029610798755.068359,0.606000,"aten::reshape",7257
12303,6029610798755.351562,0.154000,"aten::view",7258
12306,6029610798764.019531,2.201000,"aten::empty",7259
12309,6029610798772.881836,0.187000,"aten::to",7260
12310,6029610798774.638672,1.323000,"aten::select",7261
12312,6029610798775.308594,0.189000,"aten::as_strided",7262
12313,6029610798777.990234,19.400000,"aten::index_put_",7263
12314,6029610798778.558594,18.634000,"aten::_index_put_impl_",7264
12315,6029610798779.383789,9.746000,"aten::to",7265
12316,6029610798779.651367,9.336000,"aten::_to_copy",7266
12317,6029610798780.164062,2.149000,"aten::empty_strided",7267
12318,6029610798782.762695,6.022000,"aten::copy_",7268
12320,6029610798789.664062,0.202000,"aten::as_strided",7269
12321,6029610798790.301758,0.707000,"aten::reshape",7270
12322,6029610798790.690430,0.154000,"aten::view",7271
12325,6029610798799.495117,2.194000,"aten::empty",7272
12328,6029610798808.072266,0.187000,"aten::to",7273
12329,6029610798809.921875,1.269000,"aten::select",7274
12331,6029610798810.566406,0.160000,"aten::as_strided",7275
12332,6029610798813.133789,19.935000,"aten::index_put_",7276
12333,6029610798813.677734,19.198000,"aten::_index_put_impl_",7277
12334,6029610798814.497070,10.144000,"aten::to",7278
12335,6029610798814.793945,9.707000,"aten::_to_copy",7279
12336,6029610798815.364258,2.212000,"aten::empty_strided",7280
12337,6029610798818.083984,6.215000,"aten::copy_",7281
12339,6029610798825.142578,0.197000,"aten::as_strided",7282
12340,6029610798825.769531,0.872000,"aten::reshape",7283
12341,6029610798826.316406,0.164000,"aten::view",7284
12344,6029610798835.126953,2.238000,"aten::empty",7285
12347,6029610798843.647461,0.175000,"aten::to",7286
12348,6029610798845.391602,1.267000,"aten::select",7287
12350,6029610798846.021484,0.174000,"aten::as_strided",7288
12351,6029610798848.637695,23.851000,"aten::index_put_",7289
12352,6029610798849.222656,22.830000,"aten::_index_put_impl_",7290
12353,6029610798850.048828,9.784000,"aten::to",7291
12354,6029610798850.356445,9.342000,"aten::_to_copy",7292
12355,6029610798850.846680,2.143000,"aten::empty_strided",7293
12356,6029610798853.450195,6.042000,"aten::copy_",7294
12358,6029610798860.348633,0.176000,"aten::as_strided",7295
12359,6029610798860.914062,0.637000,"aten::reshape",7296
12360,6029610798861.203125,0.184000,"aten::view",7297
12364,6029610798876.583008,3.140000,"aten::unsqueeze",7298
12365,6029610798878.518555,0.305000,"aten::as_strided",7299
12366,6029610798896.731445,25.404000,"aten::mul_",7300
12369,6029610798926.743164,15.312000,"aten::div_",7301
12372,6029610798955.546875,15.036000,"aten::ones",7302
12373,6029610798957.540039,2.503000,"aten::empty",7303
12374,6029610798961.016602,9.113000,"aten::fill_",7304
12377,6029610798979.497070,10.621000,"aten::mul",7305
12380,6029610798996.055664,0.275000,"aten::to",7306
12381,6029610799001.958008,8.960000,"aten::mul",7307
12384,6029610799014.465820,9.033000,"aten::div",7308
12387,6029610799027.891602,15.432000,"aten::copy_",7309
12390,6029610799054.565430,10.253000,"aten::ones",7310
12391,6029610799055.134766,2.411000,"aten::empty",7311
12392,6029610799058.142578,6.378000,"aten::fill_",7312
12394,6029610799066.662109,8.005000,"aten::mul",7313
12397,6029610799076.851562,0.072000,"aten::to",7314
12399,6029610799079.451172,7.685000,"aten::mul",7315
12401,6029610799089.051758,7.161000,"aten::div",7316
12405,6029610799099.496094,2.755000,"aten::detach",7317
12406,6029610799100.337891,1.719000,"detach",7318
12407,6029610799104.981445,8.316000,"aten::copy_",7319
12410,6029610799120.368164,14.815000,"aten::add_",7320
12413,6029610799143.103516,9.900000,"aten::mul",7321
12416,6029610799190.232422,11.926000,"aten::ones_like",7322
12417,6029610799191.258789,3.987000,"aten::empty_like",7323
12418,6029610799192.175781,2.633000,"aten::empty_strided",7324
12419,6029610799195.779297,6.064000,"aten::fill_",7325
12422,6029610799538.170898,1413.244000,"autograd::engine::evaluate_function: MulBackward0",7681
12423,6029610799548.215820,1352.134000,"MulBackward0",7682
12424,6029610799556.590820,1338.698000,"aten::mul",7683
12428,6029610800905.391602,32.230000,"aten::sum",7684
12429,6029610800907.496094,29.684000,"aten::sum",7685
12430,6029610800916.360352,2.311000,"aten::as_strided",7686
12433,6029610800963.205078,25.589000,"autograd::engine::evaluate_function: DivBackward0",7687
12434,6029610800964.530273,20.819000,"DivBackward0",7688
12435,6029610800967.801758,17.084000,"aten::div",7689
12438,6029610800992.039062,14.960000,"autograd::engine::evaluate_function: MulBackward0",7690
12439,6029610800992.803711,11.989000,"MulBackward0",7691
12440,6029610800993.748047,10.701000,"aten::mul",7692
12443,6029610801010.144531,4.298000,"autograd::engine::evaluate_function: AddBackward0",7693
12444,6029610801010.887695,1.482000,"AddBackward0",7694
12445,6029610801019.275391,9.572000,"autograd::engine::evaluate_function: SumBackward0",7695
12446,6029610801020.094727,6.734000,"SumBackward0",7696
12447,6029610801021.138672,5.453000,"aten::expand",7697
12448,6029610801023.527344,0.969000,"aten::as_strided",7698
12449,6029610801031.675781,22.686000,"autograd::engine::evaluate_function: MulBackward0",7699
12450,6029610801032.456055,15.727000,"MulBackward0",7700
12451,6029610801033.531250,14.326000,"aten::mul",7701
12454,6029610801057.756836,15.712000,"autograd::engine::evaluate_function: NegBackward0",7702
12455,6029610801058.535156,12.592000,"NegBackward0",7703
12456,6029610801060.116211,10.653000,"aten::neg",7704
12459,6029610801076.304688,10.271000,"autograd::engine::evaluate_function: NegBackward0",7705
12460,6029610801077.078125,7.486000,"NegBackward0",7706
12461,6029610801077.483398,6.834000,"aten::neg",7707
12464,6029610801091.122070,185.116000,"autograd::engine::evaluate_function: CrossEntropyFunctionBackward",7708
12465,6029610801092.675781,178.825000,"CrossEntropyFunctionBackward",7709
12466,6029610801128.279297,3.489000,"aten::empty",7710
12467,6029610801134.471680,48.626000,"aten::to",7711
12468,6029610801136.231445,46.623000,"aten::_to_copy",7712
12469,6029610801140.551758,4.109000,"aten::empty_strided",7713
12470,6029610801146.190430,36.229000,"aten::copy_",7714
12475,6029610801184.644531,0.202000,"aten::lift_fresh",7715
12476,6029610801186.149414,1.808000,"aten::detach_",7716
12477,6029610801186.742188,1.055000,"detach_",7717
12478,6029610801192.466797,2.860000,"aten::equal",7718
12481,6029610801282.757812,10.090000,"autograd::engine::evaluate_function: TransposeBackward0",7719
12482,6029610801284.066406,7.260000,"TransposeBackward0",7720
12483,6029610801285.373047,5.688000,"aten::transpose",7721
12484,6029610801289.192383,0.554000,"aten::as_strided",7722
12485,6029610801295.791016,3.716000,"autograd::engine::evaluate_function: AddBackward0",7723
12486,6029610801296.666016,0.905000,"AddBackward0",7724
12487,6029610801302.666992,30.642000,"autograd::engine::evaluate_function: ToCopyBackward0",7725
12488,6029610801303.483398,28.518000,"ToCopyBackward0",7726
12489,6029610801304.947266,26.738000,"aten::to",7727
12490,6029610801305.761719,25.710000,"aten::_to_copy",7728
12491,6029610801307.596680,4.289000,"aten::empty_strided",7729
12492,6029610801312.643555,18.454000,"aten::copy_",7730
12495,6029610801336.792969,8.811000,"autograd::engine::evaluate_function: ViewBackward0",7731
12496,6029610801337.701172,6.360000,"ViewBackward0",7732
12497,6029610801339.103516,4.746000,"aten::reshape",7733
12498,6029610801340.406250,3.231000,"aten::view",7734
12499,6029610801348.451172,17.174000,"autograd::engine::evaluate_function: MulBackward0",7735
12500,6029610801349.218750,13.109000,"MulBackward0",7736
12501,6029610801349.970703,11.952000,"aten::mul",7737
12503,6029610801369.352539,202.145000,"autograd::engine::evaluate_function: LinearWithGradAccumulationAndAsyncCommunicationBackward",7738
12504,6029610801370.605469,185.090000,"LinearWithGradAccumulationAndAsyncCommunicationBackward",7739
12505,6029610801401.132812,0.317000,"aten::to",7740
12506,6029610801406.061523,92.240000,"aten::matmul",7741
12507,6029610801407.496094,1.627000,"aten::reshape",7742
12508,6029610801407.911133,1.020000,"aten::view",7743
12509,6029610801410.041016,82.612000,"aten::mm",7744
12512,6029610801495.756836,1.694000,"aten::_unsafe_view",7745
12513,6029610801506.240234,0.642000,"aten::view",7746
12514,6029610801508.929688,1.426000,"aten::view",7747
12515,6029610801512.745117,4.496000,"aten::t",7748
12516,6029610801514.584961,1.946000,"aten::transpose",7749
12517,6029610801515.423828,0.877000,"aten::as_strided",7750
12518,6029610801518.746094,28.082000,"aten::matmul",7751
12519,6029610801519.239258,27.245000,"aten::mm",7752
12522,6029610801577.388672,15.060000,"autograd::engine::evaluate_function: _CopyToModelParallelRegionBackward",7753
12523,6029610801580.546875,10.195000,"_CopyToModelParallelRegionBackward",7754
12524,6029610801595.946289,5.986000,"autograd::engine::evaluate_function: _GatherFromModelParallelRegionBackward",7755
12525,6029610801596.985352,3.488000,"_GatherFromModelParallelRegionBackward",7756
12526,6029610801605.088867,95.209000,"autograd::engine::evaluate_function: LinearWithGradAccumulationAndAsyncCommunicationBackward",7757
12527,6029610801605.921875,86.313000,"LinearWithGradAccumulationAndAsyncCommunicationBackward",7758
12528,6029610801619.377930,0.232000,"aten::to",7759
12529,6029610801621.445312,29.870000,"aten::matmul",7760
12530,6029610801622.250977,1.585000,"aten::reshape",7761
12531,6029610801622.665039,0.982000,"aten::view",7762
12532,6029610801624.314453,24.459000,"aten::mm",7763
12534,6029610801650.177734,0.619000,"aten::_unsafe_view",7764
12535,6029610801654.550781,0.577000,"aten::view",7765
12536,6029610801656.916016,0.698000,"aten::view",7766
12537,6029610801659.248047,2.533000,"aten::t",7767
12538,6029610801660.264648,1.138000,"aten::transpose",7768
12539,6029610801660.793945,0.412000,"aten::as_strided",7769
12540,6029610801662.839844,24.937000,"aten::matmul",7770
12541,6029610801663.271484,24.183000,"aten::mm",7771
12544,6029610801704.579102,5.288000,"autograd::engine::evaluate_function: _CopyToModelParallelRegionBackward",7772
12545,6029610801705.688477,2.820000,"_CopyToModelParallelRegionBackward",7773
12546,6029610801714.563477,5.645000,"autograd::engine::evaluate_function: ViewBackward0",7774
12547,6029610801715.503906,3.060000,"ViewBackward0",7775
12548,6029610801716.232422,2.114000,"aten::reshape",7776
12549,6029610801717.421875,0.715000,"aten::view",7777
12550,6029610801723.853516,191.938000,"autograd::engine::evaluate_function: _FrozenLMHeadWithFP32OutputBackward",7778
12551,6029610801724.898438,187.159000,"_FrozenLMHeadWithFP32OutputBackward",7779
12552,6029610801732.136719,24.388000,"aten::to",7780
12553,6029610801732.931641,23.424000,"aten::_to_copy",7781
12554,6029610801734.969727,3.666000,"aten::empty_strided",7782
12555,6029610801739.497070,16.458000,"aten::copy_",7783
12558,6029610801759.044922,18.824000,"aten::to",7784
12559,6029610801759.351562,18.350000,"aten::_to_copy",7785
12560,6029610801760.378906,2.503000,"aten::empty_strided",7786
12561,6029610801763.486328,13.930000,"aten::copy_",7787
12564,6029610801781.003906,19.643000,"aten::sub",7788
12567,6029610801803.944336,16.130000,"aten::to",7789
12568,6029610801804.391602,15.509000,"aten::_to_copy",7790
12569,6029610801805.386719,3.182000,"aten::empty_strided",7791
12570,6029610801809.178711,10.474000,"aten::copy_",7792
12573,6029610801824.710938,34.989000,"aten::mm",7793
12574,6029610801829.268555,3.123000,"aten::empty",7794
12576,6029610801862.679688,19.351000,"aten::mm",7795
12577,6029610801863.925781,5.410000,"aten::empty",7796
12579,6029610801884.642578,9.907000,"aten::add_",7797
12581,6029610801898.570312,10.481000,"aten::to",7798
12582,6029610801899.060547,9.845000,"aten::_to_copy",7799
12583,6029610801900.148438,2.368000,"aten::empty_strided",7800
12584,6029610801903.005859,5.628000,"aten::copy_",7801
12586,6029610801919.991211,17.262000,"autograd::engine::evaluate_function: ViewBackward0",7802
12587,6029610801921.077148,2.441000,"ViewBackward0",7803
12588,6029610801921.691406,1.641000,"aten::reshape",7804
12589,6029610801922.057617,1.088000,"aten::view",7805
12590,6029610801926.156250,8.531000,"aten::add_",7806
12592,6029610801942.358398,9.577000,"autograd::engine::evaluate_function: UnsqueezeBackward0",7807
12593,6029610801943.673828,6.549000,"UnsqueezeBackward0",7808
12594,6029610801945.733398,4.213000,"aten::squeeze",7809
12595,6029610801948.730469,0.340000,"aten::as_strided",7810
12596,6029610801955.407227,14501.195000,"autograd::engine::evaluate_function: IndexBackward0",7811
12597,6029610801956.360352,14492.474000,"IndexBackward0",7812
12598,6029610801960.284180,22.400000,"aten::new_zeros",7813
12599,6029610801962.444336,4.001000,"aten::new_empty",7814
12600,6029610801963.514648,2.674000,"aten::empty",7815
12601,6029610801967.569336,14.815000,"aten::zero_",7816
12602,6029610801969.153320,12.507000,"aten::fill_",7817
12604,6029610801986.484375,14461.103000,"aten::_index_put_impl_",7818
12605,6029610801993.876953,14236.975000,"aten::nonzero",7819
12635,6029610816192.666992,3.655000,"aten::resize_",7820
12645,6029610816220.502930,4.022000,"aten::t",7821
12647,6029610816222.793945,1.573000,"aten::transpose",7822
12648,6029610816223.450195,0.660000,"aten::as_strided",7823
12649,6029610816225.541992,3.186000,"aten::set_",7824
12650,6029610816226.629883,1.774000,"aten::set_",7825
12651,6029610816232.200195,3.059000,"aten::select",7826
12652,6029610816234.192383,0.526000,"aten::as_strided",7827
12653,6029610816236.702148,2.307000,"aten::select",7828
12654,6029610816238.728516,0.113000,"aten::as_strided",7829
12655,6029610816246.751953,26.068000,"aten::remainder",7830
12656,6029610816251.549805,20.516000,"aten::remainder",7831
12659,6029610816274.696289,13.418000,"aten::mul",7832
12660,6029610816276.625977,11.109000,"aten::mul",7833
12662,6029610816289.411133,1.483000,"aten::to",7834
12664,6029610816291.761719,9.831000,"aten::remainder",7835
12665,6029610816292.375000,8.902000,"aten::remainder",7836
12667,6029610816302.024414,11.324000,"aten::mul",7837
12668,6029610816302.511719,10.228000,"aten::mul",7838
12671,6029610816313.814453,0.104000,"aten::to",7839
12672,6029610816314.931641,8.236000,"aten::add_",7840
12676,6029610816326.679688,1.946000,"aten::expand",7841
12677,6029610816328.004883,0.292000,"aten::as_strided",7842
12678,6029610816330.114258,0.944000,"aten::reshape",7843
12679,6029610816330.416016,0.463000,"aten::view",7844
12680,6029610816332.825195,4.028000,"aten::empty_like",7845
12681,6029610816333.866211,2.538000,"aten::empty",7846
12682,6029610816337.334961,2.598000,"aten::empty_like",7847
12683,6029610816337.718750,2.060000,"aten::empty",7848
12684,6029610816341.946289,22.397000,"aten::divide_",7849
12685,6029610816344.069336,20.082000,"aten::div_",7850
12686,6029610816347.551758,16.117000,"aten::div_",7851
12688,6029610816365.251953,14.804000,"aten::arange",7852
12690,6029610816366.500977,1.866000,"aten::empty",7853
12691,6029610816369.158203,10.507000,"aten::arange",7854
12692,6029610816371.069336,2.021000,"aten::resize_",7855
12719,6029610816469.733398,49.592000,"autograd::engine::evaluate_function: SliceBackward0",7856
12720,6029610816470.969727,45.765000,"SliceBackward0",7857
12721,6029610816473.139648,43.027000,"aten::slice_backward",7858
12722,6029610816475.107422,14.289000,"aten::zeros",7859
12723,6029610816476.239258,2.651000,"aten::empty",7860
12724,6029610816479.526367,9.553000,"aten::zero_",7861
12725,6029610816480.362305,7.958000,"aten::fill_",7862
12727,6029610816490.924805,1.988000,"aten::slice",7863
12728,6029610816491.977539,0.427000,"aten::as_strided",7864
12729,6029610816493.929688,21.290000,"aten::copy_",7865
12731,6029610816522.864258,4.519000,"autograd::engine::evaluate_function: AddBackward0",7866
12733,6029610816524.138672,1.083000,"AddBackward0",7867
12734,6029610816531.875977,6.511000,"autograd::engine::evaluate_function: SumBackward0",7868
12735,6029610816532.663086,4.373000,"SumBackward0",7869
12736,6029610816533.532227,3.264000,"aten::expand",7870
12737,6029610816535.277344,0.387000,"aten::as_strided",7871
12738,6029610816541.303711,18.308000,"autograd::engine::evaluate_function: MulBackward0",7872
12739,6029610816542.112305,14.877000,"MulBackward0",7873
12740,6029610816543.736328,12.919000,"aten::mul",7874
12742,6029610816562.674805,14.066000,"autograd::engine::evaluate_function: NegBackward0",7875
12743,6029610816563.527344,11.609000,"NegBackward0",7876
12744,6029610816564.440430,10.358000,"aten::neg",7877
12746,6029610816579.579102,10.020000,"autograd::engine::evaluate_function: NegBackward0",7878
12747,6029610816580.511719,7.163000,"NegBackward0",7879
12748,6029610816580.915039,6.523000,"aten::neg",7880
12750,6029610816594.582031,164.700000,"autograd::engine::evaluate_function: CrossEntropyFunctionBackward",7881
12751,6029610816596.029297,159.336000,"CrossEntropyFunctionBackward",7882
12752,6029610816616.548828,1.100000,"aten::empty",7883
12753,6029610816619.805664,56.441000,"aten::to",7884
12754,6029610816620.429688,55.617000,"aten::_to_copy",7885
12755,6029610816621.991211,3.560000,"aten::empty_strided",7886
12756,6029610816626.222656,49.401000,"aten::copy_",7887
12765,6029610816677.650391,0.268000,"aten::lift_fresh",7888
12766,6029610816679.022461,1.498000,"aten::detach_",7889
12767,6029610816679.752930,0.588000,"detach_",7890
12768,6029610816683.555664,2.546000,"aten::equal",7891
12771,6029610816764.733398,8.228000,"autograd::engine::evaluate_function: TransposeBackward0",7892
12772,6029610816765.784180,5.577000,"TransposeBackward0",7893
12773,6029610816766.957031,4.137000,"aten::transpose",7894
12774,6029610816768.421875,1.560000,"aten::as_strided",7895
12775,6029610816775.961914,3.494000,"autograd::engine::evaluate_function: AddBackward0",7896
12776,6029610816776.817383,0.609000,"AddBackward0",7897
12777,6029610816782.504883,24.832000,"autograd::engine::evaluate_function: ToCopyBackward0",7898
12778,6029610816783.314453,22.642000,"ToCopyBackward0",7899
12779,6029610816784.351562,21.322000,"aten::to",7900
12780,6029610816784.816406,20.656000,"aten::_to_copy",7901
12781,6029610816786.112305,3.529000,"aten::empty_strided",7902
12782,6029610816790.153320,14.796000,"aten::copy_",7903
12785,6029610816810.541992,5.634000,"autograd::engine::evaluate_function: ViewBackward0",7904
12786,6029610816811.459961,3.223000,"ViewBackward0",7905
12787,6029610816812.175781,2.332000,"aten::reshape",7906
12788,6029610816812.521484,1.766000,"aten::view",7907
12789,6029610816819.186523,17.118000,"autograd::engine::evaluate_function: MulBackward0",7908
12790,6029610816819.957031,12.743000,"MulBackward0",7909
12791,6029610816820.871094,11.438000,"aten::mul",7910
12793,6029610816840.001953,186.677000,"autograd::engine::evaluate_function: LinearWithGradAccumulationAndAsyncCommunicationBackward",7911
12794,6029610816841.156250,143.638000,"LinearWithGradAccumulationAndAsyncCommunicationBackward",7912
12795,6029610816864.379883,0.285000,"aten::to",7913
12796,6029610816867.465820,69.161000,"aten::matmul",7914
12797,6029610816868.714844,1.394000,"aten::reshape",7915
12798,6029610816869.026367,0.882000,"aten::view",7916
12799,6029610816870.856445,60.904000,"aten::mm",7917
12802,6029610816933.037109,2.810000,"aten::_unsafe_view",7918
12803,6029610816943.154297,0.658000,"aten::view",7919
12804,6029610816945.745117,1.453000,"aten::view",7920
12805,6029610816949.584961,3.965000,"aten::t",7921
12806,6029610816951.412109,1.403000,"aten::transpose",7922
12807,6029610816952.031250,0.554000,"aten::as_strided",7923
12808,6029610816954.759766,22.969000,"aten::matmul",7924
12809,6029610816955.282227,22.022000,"aten::mm",7925
12814,6029610817007.008789,14.665000,"aten::add_",7926
12817,6029610817032.204102,12.326000,"autograd::engine::evaluate_function: _CopyToModelParallelRegionBackward",7927
12818,6029610817034.711914,7.940000,"_CopyToModelParallelRegionBackward",7928
12819,6029610817048.251953,5.403000,"autograd::engine::evaluate_function: _GatherFromModelParallelRegionBackward",7929
12820,6029610817049.205078,2.940000,"_GatherFromModelParallelRegionBackward",7930
12821,6029610817056.869141,108.188000,"autograd::engine::evaluate_function: LinearWithGradAccumulationAndAsyncCommunicationBackward",7931
12822,6029610817058.852539,83.373000,"LinearWithGradAccumulationAndAsyncCommunicationBackward",7932
12823,6029610817070.682617,0.262000,"aten::to",7933
12824,6029610817072.658203,33.840000,"aten::matmul",7934
12825,6029610817073.579102,1.478000,"aten::reshape",7935
12826,6029610817073.993164,0.877000,"aten::view",7936
12827,6029610817075.557617,27.803000,"aten::mm",7937
12830,6029610817105.333008,0.620000,"aten::_unsafe_view",7938
12831,6029610817109.917969,0.564000,"aten::view",7939
12832,6029610817112.111328,0.822000,"aten::view",7940
12833,6029610817114.318359,2.663000,"aten::t",7941
12834,6029610817115.274414,1.321000,"aten::transpose",7942
12835,6029610817115.892578,0.498000,"aten::as_strided",7943
12836,6029610817118.015625,20.075000,"aten::matmul",7944
12837,6029610817118.406250,19.348000,"aten::mm",7945
12843,6029610817153.592773,7.780000,"aten::add_",7946
12846,6029610817169.601562,5.483000,"autograd::engine::evaluate_function: _CopyToModelParallelRegionBackward",7947
12847,6029610817170.656250,3.049000,"_CopyToModelParallelRegionBackward",7948
12848,6029610817178.132812,4.534000,"autograd::engine::evaluate_function: ViewBackward0",7949
12849,6029610817178.982422,2.240000,"ViewBackward0",7950
12850,6029610817179.717773,1.319000,"aten::reshape",7951
12851,6029610817180.011719,0.832000,"aten::view",7952
12852,6029610817186.934570,173.831000,"autograd::engine::evaluate_function: _FrozenLMHeadWithFP32OutputBackward",7953
12853,6029610817187.797852,169.613000,"_FrozenLMHeadWithFP32OutputBackward",7954
12854,6029610817193.081055,22.208000,"aten::to",7955
12855,6029610817193.533203,21.586000,"aten::_to_copy",7956
12856,6029610817195.276367,5.634000,"aten::empty_strided",7957
12858,6029610817201.642578,13.094000,"aten::copy_",7958
12861,6029610817217.444336,18.388000,"aten::to",7959
12862,6029610817217.758789,17.923000,"aten::_to_copy",7960
12863,6029610817218.514648,3.195000,"aten::empty_strided",7961
12865,6029610817222.172852,13.291000,"aten::copy_",7962
12868,6029610817238.559570,17.839000,"aten::sub",7963
12872,6029610817259.541016,15.094000,"aten::to",7964
12873,6029610817259.924805,14.572000,"aten::_to_copy",7965
12874,6029610817260.668945,3.235000,"aten::empty_strided",7966
12876,6029610817264.350586,9.915000,"aten::copy_",7967
12879,6029610817278.838867,33.229000,"aten::mm",7968
12880,6029610817282.360352,3.383000,"aten::empty",7969
12883,6029610817314.465820,16.430000,"aten::mm",7970
12884,6029610817315.548828,3.134000,"aten::empty",7971
12887,6029610817332.892578,6.366000,"aten::add_",7972
12889,6029610817342.624023,12.099000,"aten::to",7973
12890,6029610817343.032227,11.514000,"aten::_to_copy",7974
12891,6029610817343.838867,3.190000,"aten::empty_strided",7975
12893,6029610817347.595703,6.729000,"aten::copy_",7976
12895,6029610817364.920898,14.199000,"autograd::engine::evaluate_function: ViewBackward0",7977
12896,6029610817365.889648,2.591000,"ViewBackward0",7978
12897,6029610817366.709961,1.586000,"aten::reshape",7979
12898,6029610817367.018555,1.090000,"aten::view",7980
12899,6029610817370.065430,6.260000,"aten::add_",7981
12901,6029610817382.294922,3.737000,"autograd::engine::evaluate_function: ViewBackward0",7982
12902,6029610817383.106445,1.704000,"ViewBackward0",7983
12903,6029610817383.590820,1.074000,"aten::reshape",7984
12904,6029610817383.874023,0.600000,"aten::view",7985
12905,6029610817389.038086,55.549000,"autograd::engine::evaluate_function: SliceBackward0",7986
12906,6029610817389.823242,44.180000,"SliceBackward0",7987
12907,6029610817391.297852,42.102000,"aten::slice_backward",7988
12908,6029610817392.867188,15.568000,"aten::zeros",7989
12909,6029610817394.241211,3.267000,"aten::empty",7990
12911,6029610817398.505859,9.650000,"aten::zero_",7991
12912,6029610817399.651367,7.879000,"aten::fill_",7992
12914,6029610817409.847656,2.317000,"aten::slice",7993
12915,6029610817410.971680,0.686000,"aten::as_strided",7994
12916,6029610817413.064453,19.538000,"aten::copy_",7995
12918,6029610817436.828125,6.241000,"aten::add_",7996
12920,6029610817448.864258,3.682000,"autograd::engine::evaluate_function: AddBackward0",7997
12921,6029610817449.761719,1.106000,"AddBackward0",7998
12922,6029610817455.495117,6.495000,"autograd::engine::evaluate_function: SumBackward0",7999
12923,6029610817456.301758,4.355000,"SumBackward0",8000
12924,6029610817457.306641,3.145000,"aten::expand",8001
12925,6029610817459.043945,0.517000,"aten::as_strided",8002
12926,6029610817476.010742,18.429000,"autograd::engine::evaluate_function: MulBackward0",8003
12927,6029610817476.818359,15.378000,"MulBackward0",8004
12928,6029610817478.391602,13.351000,"aten::mul",8005
12931,6029610817497.535156,14.309000,"autograd::engine::evaluate_function: NegBackward0",8006
12932,6029610817498.484375,11.417000,"NegBackward0",8007
12933,6029610817499.303711,10.298000,"aten::neg",8008
12936,6029610817514.870117,11.560000,"autograd::engine::evaluate_function: NegBackward0",8009
12937,6029610817515.551758,8.199000,"NegBackward0",8010
12938,6029610817516.008789,7.507000,"aten::neg",8011
12942,6029610817529.761719,14502.074000,"autograd::engine::evaluate_function: CrossEntropyFunctionBackward",8012
12943,6029610817535.817383,14491.840000,"CrossEntropyFunctionBackward",8013
12944,6029610817548.829102,2.322000,"aten::empty",8014
12945,6029610817553.262695,14399.204000,"aten::to",8015
12946,6029610817554.033203,14398.218000,"aten::_to_copy",8016
12947,6029610817555.017578,3.705000,"aten::empty_strided",8017
12949,6029610817559.297852,14392.424000,"aten::copy_",8018
12982,6029610831954.568359,0.300000,"aten::lift_fresh",8019
12983,6029610831955.923828,1.364000,"aten::detach_",8020
12984,6029610831956.571289,0.571000,"detach_",8021
12985,6029610831960.360352,2.231000,"aten::equal",8022
12988,6029610832036.551758,7.625000,"autograd::engine::evaluate_function: TransposeBackward0",8023
12989,6029610832037.760742,4.652000,"TransposeBackward0",8024
12990,6029610832038.822266,3.305000,"aten::transpose",8025
12991,6029610832040.589844,0.648000,"aten::as_strided",8026
12992,6029610832047.141602,3.300000,"autograd::engine::evaluate_function: AddBackward0",8027
12993,6029610832047.965820,0.771000,"AddBackward0",8028
12994,6029610832053.248047,32.902000,"autograd::engine::evaluate_function: ToCopyBackward0",8029
12995,6029610832054.021484,30.619000,"ToCopyBackward0",8030
12996,6029610832055.091797,29.197000,"aten::to",8031
12997,6029610832055.827148,28.262000,"aten::_to_copy",8032
12998,6029610832057.171875,12.418000,"aten::empty_strided",8033
13001,6029610832070.241211,13.510000,"aten::copy_",8034
13004,6029610832091.048828,5.165000,"autograd::engine::evaluate_function: ViewBackward0",8035
13005,6029610832091.942383,3.076000,"ViewBackward0",8036
13006,6029610832092.694336,2.167000,"aten::reshape",8037
13007,6029610832093.194336,1.471000,"aten::view",8038
13008,6029610832099.089844,17.349000,"autograd::engine::evaluate_function: MulBackward0",8039
13009,6029610832099.866211,14.419000,"MulBackward0",8040
13010,6029610832100.927734,12.935000,"aten::mul",8041
13012,6029610832120.175781,162.557000,"autograd::engine::evaluate_function: LinearWithGradAccumulationAndAsyncCommunicationBackward",8042
13013,6029610832121.224609,126.995000,"LinearWithGradAccumulationAndAsyncCommunicationBackward",8043
13014,6029610832139.969727,0.208000,"aten::to",8044
13015,6029610832142.545898,62.061000,"aten::matmul",8045
13016,6029610832143.899414,1.297000,"aten::reshape",8046
13017,6029610832144.230469,0.807000,"aten::view",8047
13018,6029610832146.037109,54.376000,"aten::mm",8048
13021,6029610832201.529297,2.469000,"aten::_unsafe_view",8049
13022,6029610832210.166016,0.567000,"aten::view",8050
13023,6029610832212.659180,0.982000,"aten::view",8051
13024,6029610832215.644531,4.184000,"aten::t",8052
13025,6029610832217.464844,1.622000,"aten::transpose",8053
13026,6029610832218.158203,0.679000,"aten::as_strided",8054
13027,6029610832221.201172,21.178000,"aten::matmul",8055
13028,6029610832221.675781,20.310000,"aten::mm",8056
13032,6029610832264.810547,13.334000,"aten::add_",8057
13035,6029610832288.958984,10.588000,"autograd::engine::evaluate_function: _CopyToModelParallelRegionBackward",8058
13036,6029610832290.206055,6.732000,"_CopyToModelParallelRegionBackward",8059
13037,6029610832304.281250,8.534000,"autograd::engine::evaluate_function: _GatherFromModelParallelRegionBackward",8060
13038,6029610832307.023438,3.476000,"_GatherFromModelParallelRegionBackward",8061
13039,6029610832317.302734,103.727000,"autograd::engine::evaluate_function: LinearWithGradAccumulationAndAsyncCommunicationBackward",8062
13040,6029610832319.035156,80.259000,"LinearWithGradAccumulationAndAsyncCommunicationBackward",8063
13041,6029610832330.681641,0.239000,"aten::to",8064
13042,6029610832332.482422,31.419000,"aten::matmul",8065
13043,6029610832333.551758,1.612000,"aten::reshape",8066
13044,6029610832334.017578,0.918000,"aten::view",8067
13045,6029610832335.665039,24.675000,"aten::mm",8068
13048,6029610832361.404297,1.954000,"aten::_unsafe_view",8069
13049,6029610832367.455078,0.550000,"aten::view",8070
13050,6029610832369.774414,0.674000,"aten::view",8071
13051,6029610832371.992188,2.538000,"aten::t",8072
13052,6029610832372.813477,1.311000,"aten::transpose",8073
13053,6029610832373.342773,0.570000,"aten::as_strided",8074
13054,6029610832375.462891,19.828000,"aten::matmul",8075
13055,6029610832375.833008,19.086000,"aten::mm",8076
13060,6029610832409.600586,8.174000,"aten::add_",8077
13063,6029610832425.631836,6.108000,"autograd::engine::evaluate_function: _CopyToModelParallelRegionBackward",8078
13064,6029610832426.897461,2.991000,"_CopyToModelParallelRegionBackward",8079
13065,6029610832435.043945,4.826000,"autograd::engine::evaluate_function: ViewBackward0",8080
13066,6029610832435.868164,2.545000,"ViewBackward0",8081
13067,6029610832436.619141,1.584000,"aten::reshape",8082
13068,6029610832437.225586,0.778000,"aten::view",8083
13069,6029610832443.225586,178.766000,"autograd::engine::evaluate_function: _FrozenLMHeadWithFP32OutputBackward",8084
13070,6029610832444.250000,174.416000,"_FrozenLMHeadWithFP32OutputBackward",8085
13071,6029610832449.148438,28.019000,"aten::to",8086
13072,6029610832449.695312,27.255000,"aten::_to_copy",8087
13073,6029610832451.101562,4.297000,"aten::empty_strided",8088
13075,6029610832456.163086,20.281000,"aten::copy_",8089
13078,6029610832479.344727,18.845000,"aten::to",8090
13079,6029610832479.811523,18.194000,"aten::_to_copy",8091
13080,6029610832480.868164,3.303000,"aten::empty_strided",8092
13082,6029610832484.817383,12.898000,"aten::copy_",8093
13085,6029610832500.942383,18.030000,"aten::sub",8094
13089,6029610832522.109375,15.681000,"aten::to",8095
13090,6029610832522.517578,15.138000,"aten::_to_copy",8096
13091,6029610832523.438477,3.527000,"aten::empty_strided",8097
13093,6029610832527.560547,9.864000,"aten::copy_",8098
13096,6029610832541.681641,31.053000,"aten::mm",8099
13097,6029610832545.046875,3.519000,"aten::empty",8100
13100,6029610832574.890625,16.750000,"aten::mm",8101
13101,6029610832575.923828,3.043000,"aten::empty",8102
13104,6029610832593.571289,6.898000,"aten::add_",8103
13106,6029610832604.116211,11.928000,"aten::to",8104
13107,6029610832604.575195,11.335000,"aten::_to_copy",8105
13108,6029610832605.504883,3.145000,"aten::empty_strided",8106
13110,6029610832609.485352,6.204000,"aten::copy_",8107
13112,6029610832626.398438,14.047000,"autograd::engine::evaluate_function: ViewBackward0",8108
13113,6029610832627.421875,2.531000,"ViewBackward0",8109
13114,6029610832628.161133,1.618000,"aten::reshape",8110
13115,6029610832628.524414,1.077000,"aten::view",8111
13116,6029610832631.561523,6.164000,"aten::add_",8112
13118,6029610832644.075195,4.758000,"autograd::engine::evaluate_function: ViewBackward0",8113
13119,6029610832645.010742,2.070000,"ViewBackward0",8114
13120,6029610832645.441406,1.494000,"aten::reshape",8115
13121,6029610832646.015625,0.737000,"aten::view",8116
13122,6029610832652.091797,58.542000,"autograd::engine::evaluate_function: SliceBackward0",8117
13123,6029610832652.995117,46.592000,"SliceBackward0",8118
13124,6029610832654.332031,44.589000,"aten::slice_backward",8119
13125,6029610832656.072266,17.250000,"aten::zeros",8120
13126,6029610832657.881836,3.223000,"aten::empty",8121
13128,6029610832662.267578,10.738000,"aten::zero_",8122
13129,6029610832663.561523,8.796000,"aten::fill_",8123
13131,6029610832674.808594,2.354000,"aten::slice",8124
13132,6029610832676.058594,0.622000,"aten::as_strided",8125
13133,6029610832678.156250,19.929000,"aten::copy_",8126
13135,6029610832702.672852,6.478000,"aten::add_",8127
13137,6029610832714.948242,4.556000,"autograd::engine::evaluate_function: AddBackward0",8128
13138,6029610832716.094727,1.057000,"AddBackward0",8129
13139,6029610832722.885742,6.679000,"autograd::engine::evaluate_function: SumBackward0",8130
13140,6029610832723.682617,4.471000,"SumBackward0",8131
13141,6029610832724.633789,3.322000,"aten::expand",8132
13142,6029610832726.658203,0.487000,"aten::as_strided",8133
13143,6029610832733.064453,18.307000,"autograd::engine::evaluate_function: MulBackward0",8134
13144,6029610832733.875977,15.069000,"MulBackward0",8135
13145,6029610832735.322266,13.160000,"aten::mul",8136
13148,6029610832754.769531,15.640000,"autograd::engine::evaluate_function: NegBackward0",8137
13149,6029610832756.026367,12.224000,"NegBackward0",8138
13150,6029610832757.081055,10.865000,"aten::neg",8139
13153,6029610832773.725586,11.940000,"autograd::engine::evaluate_function: NegBackward0",8140
13154,6029610832774.668945,8.980000,"NegBackward0",8141
13155,6029610832775.207031,8.202000,"aten::neg",8142
13159,6029610832789.002930,14522.328000,"autograd::engine::evaluate_function: CrossEntropyFunctionBackward",8143
13160,6029610832790.167969,14516.577000,"CrossEntropyFunctionBackward",8144
13161,6029610832801.485352,2.498000,"aten::empty",8145
13162,6029610832805.967773,14424.028000,"aten::to",8146
13163,6029610832806.578125,14423.063000,"aten::_to_copy",8147
13164,6029610832807.456055,3.772000,"aten::empty_strided",8148
13166,6029610832811.828125,14417.078000,"aten::copy_",8149
13209,6029610847232.199219,0.286000,"aten::lift_fresh",8150
13210,6029610847233.611328,1.575000,"aten::detach_",8151
13211,6029610847234.211914,0.825000,"detach_",8152
13212,6029610847238.249023,2.178000,"aten::equal",8153
13215,6029610847317.852539,8.926000,"autograd::engine::evaluate_function: TransposeBackward0",8154
13216,6029610847319.337891,5.649000,"TransposeBackward0",8155
13217,6029610847320.545898,4.086000,"aten::transpose",8156
13218,6029610847322.591797,0.859000,"aten::as_strided",8157
13219,6029610847330.309570,3.557000,"autograd::engine::evaluate_function: AddBackward0",8158
13220,6029610847331.138672,0.906000,"AddBackward0",8159
13221,6029610847337.205078,36.473000,"autograd::engine::evaluate_function: ToCopyBackward0",8160
13222,6029610847338.029297,34.024000,"ToCopyBackward0",8161
13223,6029610847339.212891,32.483000,"aten::to",8162
13224,6029610847340.110352,31.345000,"aten::_to_copy",8163
13225,6029610847341.721680,11.789000,"aten::empty_strided",8164
13228,6029610847354.101562,16.903000,"aten::copy_",8165
13231,6029610847377.113281,5.766000,"autograd::engine::evaluate_function: ViewBackward0",8166
13232,6029610847378.082031,3.588000,"ViewBackward0",8167
13233,6029610847378.882812,2.606000,"aten::reshape",8168
13234,6029610847379.442383,1.846000,"aten::view",8169
13235,6029610847386.216797,18.764000,"autograd::engine::evaluate_function: MulBackward0",8170
13236,6029610847387.017578,15.326000,"MulBackward0",8171
13237,6029610847388.288086,13.635000,"aten::mul",8172
13239,6029610847408.692383,173.957000,"autograd::engine::evaluate_function: LinearWithGradAccumulationAndAsyncCommunicationBackward",8173
13240,6029610847410.173828,137.731000,"LinearWithGradAccumulationAndAsyncCommunicationBackward",8174
13241,6029610847430.721680,0.282000,"aten::to",8175
13242,6029610847433.680664,67.563000,"aten::matmul",8176
13243,6029610847434.913086,1.330000,"aten::reshape",8177
13244,6029610847435.251953,0.819000,"aten::view",8178
13245,6029610847436.907227,60.000000,"aten::mm",8179
13248,6029610847498.169922,2.360000,"aten::_unsafe_view",8180
13249,6029610847507.621094,0.681000,"aten::view",8181
13250,6029610847510.329102,1.000000,"aten::view",8182
13251,6029610847513.487305,4.491000,"aten::t",8183
13252,6029610847515.311523,1.884000,"aten::transpose",8184
13253,6029610847516.114258,0.863000,"aten::as_strided",8185
13254,6029610847519.166016,21.978000,"aten::matmul",8186
13255,6029610847519.622070,21.149000,"aten::mm",8187
13259,6029610847565.169922,13.238000,"aten::add_",8188
13262,6029610847588.004883,9.488000,"autograd::engine::evaluate_function: _CopyToModelParallelRegionBackward",8189
13263,6029610847589.430664,6.488000,"_CopyToModelParallelRegionBackward",8190
13264,6029610847600.874023,6.266000,"autograd::engine::evaluate_function: _GatherFromModelParallelRegionBackward",8191
13265,6029610847603.492188,2.296000,"_GatherFromModelParallelRegionBackward",8192
13266,6029610847653.815430,104.652000,"autograd::engine::evaluate_function: LinearWithGradAccumulationAndAsyncCommunicationBackward",8193
13267,6029610847655.006836,81.487000,"LinearWithGradAccumulationAndAsyncCommunicationBackward",8194
13268,6029610847668.058594,0.233000,"aten::to",8195
13269,6029610847670.291016,30.008000,"aten::matmul",8196
13270,6029610847671.276367,1.514000,"aten::reshape",8197
13271,6029610847671.711914,0.883000,"aten::view",8198
13272,6029610847673.208008,23.310000,"aten::mm",8199
13275,6029610847697.489258,2.219000,"aten::_unsafe_view",8200
13276,6029610847704.131836,0.591000,"aten::view",8201
13277,6029610847706.530273,0.685000,"aten::view",8202
13278,6029610847708.780273,2.869000,"aten::t",8203
13279,6029610847709.788086,1.410000,"aten::transpose",8204
13280,6029610847710.394531,0.599000,"aten::as_strided",8205
13281,6029610847712.598633,19.321000,"aten::matmul",8206
13282,6029610847712.976562,18.623000,"aten::mm",8207
13287,6029610847747.129883,7.926000,"aten::add_",8208
13290,6029610847762.870117,5.650000,"autograd::engine::evaluate_function: _CopyToModelParallelRegionBackward",8209
13291,6029610847763.984375,2.858000,"_CopyToModelParallelRegionBackward",8210
13292,6029610847771.636719,4.859000,"autograd::engine::evaluate_function: ViewBackward0",8211
13293,6029610847772.481445,2.626000,"ViewBackward0",8212
13294,6029610847773.441406,1.457000,"aten::reshape",8213
13295,6029610847773.881836,0.829000,"aten::view",8214
13296,6029610847779.803711,176.480000,"autograd::engine::evaluate_function: _FrozenLMHeadWithFP32OutputBackward",8215
13297,6029610847780.689453,172.100000,"_FrozenLMHeadWithFP32OutputBackward",8216
13298,6029610847785.668945,21.738000,"aten::to",8217
13299,6029610847786.224609,20.969000,"aten::_to_copy",8218
13300,6029610847787.625977,4.608000,"aten::empty_strided",8219
13302,6029610847793.022461,13.689000,"aten::copy_",8220
13305,6029610847809.829102,22.419000,"aten::to",8221
13306,6029610847810.131836,21.946000,"aten::_to_copy",8222
13307,6029610847810.977539,3.103000,"aten::empty_strided",8223
13309,6029610847814.539062,17.245000,"aten::copy_",8224
13312,6029610847834.694336,18.539000,"aten::sub",8225
13316,6029610847856.410156,15.153000,"aten::to",8226
13317,6029610847856.753906,14.672000,"aten::_to_copy",8227
13318,6029610847857.563477,3.211000,"aten::empty_strided",8228
13320,6029610847861.235352,9.953000,"aten::copy_",8229
13323,6029610847875.578125,32.026000,"aten::mm",8230
13324,6029610847879.349609,3.601000,"aten::empty",8231
13327,6029610847910.033203,16.739000,"aten::mm",8232
13328,6029610847911.133789,3.076000,"aten::empty",8233
13331,6029610847928.694336,6.693000,"aten::add_",8234
13333,6029610847938.837891,11.572000,"aten::to",8235
13334,6029610847939.194336,11.030000,"aten::_to_copy",8236
13335,6029610847940.046875,3.353000,"aten::empty_strided",8237
13337,6029610847943.883789,6.085000,"aten::copy_",8238
13339,6029610847960.435547,14.134000,"autograd::engine::evaluate_function: ViewBackward0",8239
13340,6029610847961.480469,2.332000,"ViewBackward0",8240
13341,6029610847962.117188,1.472000,"aten::reshape",8241
13342,6029610847962.472656,0.938000,"aten::view",8242
13343,6029610847965.369141,6.361000,"aten::add_",8243
13345,6029610847978.116211,4.209000,"autograd::engine::evaluate_function: ViewBackward0",8244
13346,6029610847978.940430,1.620000,"ViewBackward0",8245
13347,6029610847979.294922,1.119000,"aten::reshape",8246
13348,6029610847979.565430,0.662000,"aten::view",8247
13349,6029610847985.412109,58.300000,"autograd::engine::evaluate_function: SliceBackward0",8248
13350,6029610847986.272461,46.271000,"SliceBackward0",8249
13351,6029610847987.614258,44.353000,"aten::slice_backward",8250
13352,6029610847989.263672,16.544000,"aten::zeros",8251
13353,6029610847990.844727,3.405000,"aten::empty",8252
13355,6029610847995.344727,10.181000,"aten::zero_",8253
13356,6029610847996.543945,8.338000,"aten::fill_",8254
13358,6029610848007.242188,2.304000,"aten::slice",8255
13359,6029610848008.362305,0.656000,"aten::as_strided",8256
13360,6029610848010.460938,20.562000,"aten::copy_",8257
13362,6029610848035.577148,6.709000,"aten::add_",8258
13364,6029610848047.382812,4.404000,"autograd::engine::evaluate_function: AddBackward0",8259
13365,6029610848048.432617,1.270000,"AddBackward0",8260
13366,6029610848055.135742,6.675000,"autograd::engine::evaluate_function: SumBackward0",8261
13367,6029610848055.888672,4.649000,"SumBackward0",8262
13368,6029610848057.063477,3.271000,"aten::expand",8263
13369,6029610848059.013672,0.521000,"aten::as_strided",8264
13370,6029610848064.894531,18.221000,"autograd::engine::evaluate_function: MulBackward0",8265
13371,6029610848065.677734,15.064000,"MulBackward0",8266
13373,6029610848067.000000,13.326000,"aten::mul",8267
13376,6029610848086.458984,15.182000,"autograd::engine::evaluate_function: NegBackward0",8268
13377,6029610848087.249023,12.521000,"NegBackward0",8269
13378,6029610848088.293945,11.154000,"aten::neg",8270
13381,6029610848104.830078,11.601000,"autograd::engine::evaluate_function: NegBackward0",8271
13382,6029610848105.739258,8.854000,"NegBackward0",8272
13383,6029610848106.112305,8.259000,"aten::neg",8273
13386,6029610848119.865234,14548.993000,"autograd::engine::evaluate_function: CrossEntropyFunctionBackward",8274
13387,6029610848120.909180,14543.565000,"CrossEntropyFunctionBackward",8275
13388,6029610848132.463867,3.382000,"aten::empty",8276
13389,6029610848137.949219,14453.921000,"aten::to",8277
13390,6029610848138.435547,14453.120000,"aten::_to_copy",8278
13391,6029610848139.310547,3.610000,"aten::empty_strided",8279
13393,6029610848143.406250,14447.701000,"aten::copy_",8280
13426,6029610862593.948242,0.282000,"aten::lift_fresh",8281
13427,6029610862595.473633,1.437000,"aten::detach_",8282
13428,6029610862596.118164,0.650000,"detach_",8283
13429,6029610862599.668945,2.180000,"aten::equal",8284
13432,6029610862674.857422,7.587000,"autograd::engine::evaluate_function: TransposeBackward0",8285
13433,6029610862676.122070,4.734000,"TransposeBackward0",8286
13434,6029610862677.302734,3.180000,"aten::transpose",8287
13435,6029610862678.878906,0.686000,"aten::as_strided",8288
13436,6029610862685.662109,3.821000,"autograd::engine::evaluate_function: AddBackward0",8289
13437,6029610862686.514648,1.108000,"AddBackward0",8290
13438,6029610862692.564453,34.352000,"autograd::engine::evaluate_function: ToCopyBackward0",8291
13439,6029610862693.362305,31.935000,"ToCopyBackward0",8292
13440,6029610862694.516602,30.455000,"aten::to",8293
13441,6029610862695.401367,29.333000,"aten::_to_copy",8294
13442,6029610862696.724609,12.457000,"aten::empty_strided",8295
13445,6029610862709.998047,14.395000,"aten::copy_",8296
13448,6029610862730.098633,5.340000,"autograd::engine::evaluate_function: ViewBackward0",8297
13449,6029610862730.985352,3.278000,"ViewBackward0",8298
13450,6029610862731.721680,2.373000,"aten::reshape",8299
13451,6029610862732.125977,1.730000,"aten::view",8300
13452,6029610862738.392578,18.161000,"autograd::engine::evaluate_function: MulBackward0",8301
13453,6029610862739.226562,14.784000,"MulBackward0",8302
13454,6029610862740.454102,13.181000,"aten::mul",8303
13456,6029610862760.139648,154.467000,"autograd::engine::evaluate_function: LinearWithGradAccumulationAndAsyncCommunicationBackward",8304
13457,6029610862761.366211,120.345000,"LinearWithGradAccumulationAndAsyncCommunicationBackward",8305
13458,6029610862779.966797,0.274000,"aten::to",8306
13459,6029610862782.601562,56.760000,"aten::matmul",8307
13460,6029610862783.769531,1.289000,"aten::reshape",8308
13461,6029610862784.046875,0.821000,"aten::view",8309
13462,6029610862785.806641,49.142000,"aten::mm",8310
13465,6029610862836.144531,2.635000,"aten::_unsafe_view",8311
13466,6029610862845.202148,0.569000,"aten::view",8312
13467,6029610862847.508789,1.017000,"aten::view",8313
13468,6029610862850.578125,3.969000,"aten::t",8314
13469,6029610862852.175781,1.598000,"aten::transpose",8315
13470,6029610862852.857422,0.698000,"aten::as_strided",8316
13471,6029610862855.790039,20.273000,"aten::matmul",8317
13472,6029610862856.184570,19.528000,"aten::mm",8318
13476,6029610862898.456055,11.952000,"aten::add_",8319
13479,6029610862919.639648,9.918000,"autograd::engine::evaluate_function: _CopyToModelParallelRegionBackward",8320
13480,6029610862921.188477,6.776000,"_CopyToModelParallelRegionBackward",8321
13481,6029610862932.882812,7.048000,"autograd::engine::evaluate_function: _GatherFromModelParallelRegionBackward",8322
13482,6029610862935.726562,2.610000,"_GatherFromModelParallelRegionBackward",8323
13483,6029610862942.923828,94.925000,"autograd::engine::evaluate_function: LinearWithGradAccumulationAndAsyncCommunicationBackward",8324
13484,6029610862943.939453,73.632000,"LinearWithGradAccumulationAndAsyncCommunicationBackward",8325
13485,6029610862954.194336,0.229000,"aten::to",8326
13486,6029610862955.816406,28.509000,"aten::matmul",8327
13487,6029610862956.689453,1.240000,"aten::reshape",8328
13488,6029610862956.984375,0.746000,"aten::view",8329
13489,6029610862958.397461,22.590000,"aten::mm",8330
13492,6029610862981.877930,1.982000,"aten::_unsafe_view",8331
13493,6029610862987.566406,0.566000,"aten::view",8332
13494,6029610862989.901367,0.646000,"aten::view",8333
13495,6029610862991.849609,2.635000,"aten::t",8334
13496,6029610862992.664062,1.316000,"aten::transpose",8335
13497,6029610862993.306641,0.480000,"aten::as_strided",8336
13498,6029610862995.524414,18.265000,"aten::matmul",8337
13499,6029610862995.926758,17.472000,"aten::mm",8338
13504,6029610863026.868164,7.661000,"aten::add_",8339
13507,6029610863042.147461,5.504000,"autograd::engine::evaluate_function: _CopyToModelParallelRegionBackward",8340
13508,6029610863043.277344,2.666000,"_CopyToModelParallelRegionBackward",8341
13509,6029610863050.833984,4.709000,"autograd::engine::evaluate_function: ViewBackward0",8342
13510,6029610863051.736328,2.297000,"ViewBackward0",8343
13511,6029610863052.526367,1.346000,"aten::reshape",8344
13512,6029610863052.864258,0.827000,"aten::view",8345
13513,6029610863058.968750,172.416000,"autograd::engine::evaluate_function: _FrozenLMHeadWithFP32OutputBackward",8346
13514,6029610863059.788086,162.424000,"_FrozenLMHeadWithFP32OutputBackward",8347
13515,6029610863064.333008,21.186000,"aten::to",8348
13516,6029610863064.797852,20.511000,"aten::_to_copy",8349
13517,6029610863066.318359,4.070000,"aten::empty_strided",8350
13519,6029610863071.074219,13.705000,"aten::copy_",8351
13522,6029610863087.629883,17.201000,"aten::to",8352
13523,6029610863087.928711,16.726000,"aten::_to_copy",8353
13524,6029610863088.710938,3.094000,"aten::empty_strided",8354
13526,6029610863092.261719,12.081000,"aten::copy_",8355
13529,6029610863107.373047,17.205000,"aten::sub",8356
13533,6029610863127.869141,14.880000,"aten::to",8357
13534,6029610863128.216797,14.370000,"aten::_to_copy",8358
13535,6029610863128.959961,3.126000,"aten::empty_strided",8359
13537,6029610863132.563477,9.732000,"aten::copy_",8360
13540,6029610863146.430664,31.249000,"aten::mm",8361
13541,6029610863150.186523,3.413000,"aten::empty",8362
13544,6029610863179.922852,16.846000,"aten::mm",8363
13545,6029610863181.008789,3.036000,"aten::empty",8364
13548,6029610863198.606445,6.775000,"aten::add_",8365
13550,6029610863208.715820,11.058000,"aten::to",8366
13551,6029610863209.047852,10.577000,"aten::_to_copy",8367
13552,6029610863209.790039,3.149000,"aten::empty_strided",8368
13554,6029610863213.486328,5.874000,"aten::copy_",8369
13556,6029610863236.014648,13.841000,"autograd::engine::evaluate_function: ViewBackward0",8370
13557,6029610863237.018555,2.268000,"ViewBackward0",8371
13558,6029610863237.683594,1.443000,"aten::reshape",8372
13559,6029610863237.982422,0.952000,"aten::view",8373
13560,6029610863240.806641,6.234000,"aten::add_",8374
13562,6029610863253.124023,3.807000,"autograd::engine::evaluate_function: ViewBackward0",8375
13563,6029610863254.006836,1.686000,"ViewBackward0",8376
13564,6029610863254.449219,1.083000,"aten::reshape",8377
13565,6029610863254.746094,0.629000,"aten::view",8378
13566,6029610863259.831055,55.570000,"autograd::engine::evaluate_function: SliceBackward0",8379
13567,6029610863260.610352,44.288000,"SliceBackward0",8380
13568,6029610863261.869141,42.372000,"aten::slice_backward",8381
13569,6029610863263.648438,16.120000,"aten::zeros",8382
13570,6029610863265.081055,3.276000,"aten::empty",8383
13572,6029610863269.460938,10.012000,"aten::zero_",8384
13573,6029610863270.612305,8.237000,"aten::fill_",8385
13575,6029610863281.136719,2.290000,"aten::slice",8386
13576,6029610863282.276367,0.622000,"aten::as_strided",8387
13577,6029610863284.356445,18.959000,"aten::copy_",8388
13579,6029610863307.725586,6.137000,"aten::add_",8389
13581,6029610863319.028320,4.001000,"autograd::engine::evaluate_function: AddBackward0",8390
13582,6029610863320.047852,1.200000,"AddBackward0",8391
13583,6029610863326.108398,6.558000,"autograd::engine::evaluate_function: SumBackward0",8392
13584,6029610863326.923828,4.429000,"SumBackward0",8393
13585,6029610863327.889648,3.253000,"aten::expand",8394
13586,6029610863329.740234,0.550000,"aten::as_strided",8395
13587,6029610863335.582031,17.102000,"autograd::engine::evaluate_function: MulBackward0",8396
13588,6029610863336.363281,14.205000,"MulBackward0",8397
13589,6029610863337.526367,12.574000,"aten::mul",8398
13592,6029610863355.767578,14.332000,"autograd::engine::evaluate_function: NegBackward0",8399
13593,6029610863356.578125,11.777000,"NegBackward0",8400
13594,6029610863357.386719,10.594000,"aten::neg",8401
13597,6029610863373.014648,10.237000,"autograd::engine::evaluate_function: NegBackward0",8402
13598,6029610863373.769531,7.830000,"NegBackward0",8403
13599,6029610863374.129883,7.223000,"aten::neg",8404
13602,6029610863386.536133,14731.830000,"autograd::engine::evaluate_function: CrossEntropyFunctionBackward",8405
13603,6029610863387.570312,14726.220000,"CrossEntropyFunctionBackward",8406
13604,6029610863398.780273,2.752000,"aten::empty",8407
13605,6029610863403.440430,14633.335000,"aten::to",8408
13606,6029610863403.912109,14632.465000,"aten::_to_copy",8409
13607,6029610863404.733398,3.701000,"aten::empty_strided",8410
13609,6029610863408.930664,14626.726000,"aten::copy_",8411
13643,6029610878038.948242,0.278000,"aten::lift_fresh",8412
13644,6029610878040.340820,1.657000,"aten::detach_",8413
13645,6029610878041.006836,0.830000,"detach_",8414
13646,6029610878045.290039,2.289000,"aten::equal",8415
13649,6029610878125.402344,8.407000,"autograd::engine::evaluate_function: TransposeBackward0",8416
13650,6029610878126.833984,5.321000,"TransposeBackward0",8417
13651,6029610878128.068359,3.768000,"aten::transpose",8418
13652,6029610878130.050781,0.850000,"aten::as_strided",8419
13653,6029610878136.925781,3.845000,"autograd::engine::evaluate_function: AddBackward0",8420
13654,6029610878137.780273,0.788000,"AddBackward0",8421
13655,6029610878143.612305,34.408000,"autograd::engine::evaluate_function: ToCopyBackward0",8422
13656,6029610878144.376953,32.103000,"ToCopyBackward0",8423
13657,6029610878145.439453,30.711000,"aten::to",8424
13658,6029610878146.224609,29.665000,"aten::_to_copy",8425
13659,6029610878147.730469,12.038000,"aten::empty_strided",8426
13662,6029610878160.556641,15.037000,"aten::copy_",8427
13665,6029610878181.282227,5.441000,"autograd::engine::evaluate_function: ViewBackward0",8428
13666,6029610878182.153320,3.252000,"ViewBackward0",8429
13667,6029610878182.974609,2.270000,"aten::reshape",8430
13668,6029610878183.522461,1.510000,"aten::view",8431
13669,6029610878189.658203,18.751000,"autograd::engine::evaluate_function: MulBackward0",8432
13670,6029610878190.427734,15.410000,"MulBackward0",8433
13671,6029610878191.842773,13.573000,"aten::mul",8434
13673,6029610878212.058594,156.106000,"autograd::engine::evaluate_function: LinearWithGradAccumulationAndAsyncCommunicationBackward",8435
13674,6029610878213.089844,122.741000,"LinearWithGradAccumulationAndAsyncCommunicationBackward",8436
13675,6029610878232.041016,0.286000,"aten::to",8437
13676,6029610878234.732422,59.120000,"aten::matmul",8438
13677,6029610878235.928711,1.396000,"aten::reshape",8439
13678,6029610878236.257812,0.826000,"aten::view",8440
13679,6029610878238.071289,51.661000,"aten::mm",8441
13682,6029610878290.798828,2.356000,"aten::_unsafe_view",8442
13683,6029610878299.899414,0.623000,"aten::view",8443
13684,6029610878302.333984,1.019000,"aten::view",8444
13685,6029610878305.262695,3.898000,"aten::t",8445
13686,6029610878306.798828,1.594000,"aten::transpose",8446
13687,6029610878307.446289,0.725000,"aten::as_strided",8447
13688,6029610878310.363281,19.578000,"aten::matmul",8448
13689,6029610878310.751953,18.749000,"aten::mm",8449
13693,6029610878352.581055,11.637000,"aten::add_",8450
13696,6029610878372.956055,10.269000,"autograd::engine::evaluate_function: _CopyToModelParallelRegionBackward",8451
13697,6029610878375.689453,5.903000,"_CopyToModelParallelRegionBackward",8452
13698,6029610878386.849609,4.451000,"autograd::engine::evaluate_function: _GatherFromModelParallelRegionBackward",8453
13699,6029610878387.728516,2.166000,"_GatherFromModelParallelRegionBackward",8454
13700,6029610878394.226562,102.157000,"autograd::engine::evaluate_function: LinearWithGradAccumulationAndAsyncCommunicationBackward",8455
13701,6029610878395.343750,80.100000,"LinearWithGradAccumulationAndAsyncCommunicationBackward",8456
13702,6029610878405.279297,0.173000,"aten::to",8457
13703,6029610878406.877930,27.425000,"aten::matmul",8458
13704,6029610878407.744141,1.391000,"aten::reshape",8459
13705,6029610878408.118164,0.798000,"aten::view",8460
13706,6029610878409.551758,22.076000,"aten::mm",8461
13709,6029610878432.468750,1.309000,"aten::_unsafe_view",8462
13710,6029610878437.582031,0.566000,"aten::view",8463
13711,6029610878439.917969,0.575000,"aten::view",8464
13712,6029610878441.955078,2.409000,"aten::t",8465
13713,6029610878442.722656,1.194000,"aten::transpose",8466
13714,6029610878443.268555,0.459000,"aten::as_strided",8467
13715,6029610878445.280273,26.222000,"aten::matmul",8468
13716,6029610878445.706055,25.467000,"aten::mm",8469
13721,6029610878485.504883,7.670000,"aten::add_",8470
13724,6029610878500.885742,5.560000,"autograd::engine::evaluate_function: _CopyToModelParallelRegionBackward",8471
13725,6029610878501.977539,2.809000,"_CopyToModelParallelRegionBackward",8472
13726,6029610878509.711914,4.756000,"autograd::engine::evaluate_function: ViewBackward0",8473
13727,6029610878510.646484,2.374000,"ViewBackward0",8474
13728,6029610878511.514648,1.331000,"aten::reshape",8475
13729,6029610878511.885742,0.790000,"aten::view",8476
13730,6029610878517.907227,167.001000,"autograd::engine::evaluate_function: _FrozenLMHeadWithFP32OutputBackward",8477
13731,6029610878518.814453,162.519000,"_FrozenLMHeadWithFP32OutputBackward",8478
13732,6029610878523.571289,20.962000,"aten::to",8479
13733,6029610878524.041016,20.280000,"aten::_to_copy",8480
13734,6029610878525.591797,4.212000,"aten::empty_strided",8481
13736,6029610878530.464844,13.457000,"aten::copy_",8482
13739,6029610878546.875000,17.043000,"aten::to",8483
13740,6029610878547.193359,16.559000,"aten::_to_copy",8484
13741,6029610878547.918945,3.148000,"aten::empty_strided",8485
13743,6029610878551.511719,11.955000,"aten::copy_",8486
13746,6029610878566.548828,16.570000,"aten::sub",8487
13750,6029610878586.375977,14.962000,"aten::to",8488
13751,6029610878586.741211,14.438000,"aten::_to_copy",8489
13752,6029610878587.579102,3.096000,"aten::empty_strided",8490
13754,6029610878591.178711,9.782000,"aten::copy_",8491
13757,6029610878605.123047,31.213000,"aten::mm",8492
13758,6029610878608.740234,3.493000,"aten::empty",8493
13761,6029610878638.630859,16.945000,"aten::mm",8494
13762,6029610878639.745117,3.542000,"aten::empty",8495
13765,6029610878657.372070,6.275000,"aten::add_",8496
13767,6029610878667.572266,11.363000,"aten::to",8497
13768,6029610878667.884766,10.913000,"aten::_to_copy",8498
13769,6029610878668.615234,3.543000,"aten::empty_strided",8499
13771,6029610878672.669922,5.886000,"aten::copy_",8500
13773,6029610878689.178711,13.785000,"autograd::engine::evaluate_function: ViewBackward0",8501
13774,6029610878690.214844,2.412000,"ViewBackward0",8502
13775,6029610878690.958984,1.509000,"aten::reshape",8503
13776,6029610878691.278320,1.011000,"aten::view",8504
13777,6029610878694.069336,6.149000,"aten::add_",8505
13779,6029610878706.638672,3.821000,"autograd::engine::evaluate_function: ViewBackward0",8506
13780,6029610878707.484375,1.790000,"ViewBackward0",8507
13781,6029610878707.966797,1.128000,"aten::reshape",8508
13782,6029610878708.287109,0.649000,"aten::view",8509
13783,6029610878713.392578,54.544000,"autograd::engine::evaluate_function: SliceBackward0",8510
13784,6029610878714.203125,43.383000,"SliceBackward0",8511
13785,6029610878715.434570,41.530000,"aten::slice_backward",8512
13786,6029610878717.059570,15.752000,"aten::zeros",8513
13787,6029610878718.474609,3.141000,"aten::empty",8514
13789,6029610878722.624023,9.892000,"aten::zero_",8515
13790,6029610878723.766602,8.110000,"aten::fill_",8516
13792,6029610878734.200195,2.425000,"aten::slice",8517
13793,6029610878735.481445,0.588000,"aten::as_strided",8518
13794,6029610878737.556641,18.514000,"aten::copy_",8519
13796,6029610878760.263672,6.257000,"aten::add_",8520
13798,6029610878771.409180,3.837000,"autograd::engine::evaluate_function: AddBackward0",8521
13799,6029610878772.365234,1.148000,"AddBackward0",8522
13800,6029610878778.211914,6.314000,"autograd::engine::evaluate_function: SumBackward0",8523
13801,6029610878779.006836,4.147000,"SumBackward0",8524
13802,6029610878779.896484,3.057000,"aten::expand",8525
13803,6029610878781.732422,0.451000,"aten::as_strided",8526
13804,6029610878787.306641,17.809000,"autograd::engine::evaluate_function: MulBackward0",8527
13805,6029610878788.015625,14.982000,"MulBackward0",8528
13806,6029610878789.467773,13.118000,"aten::mul",8529
13809,6029610878808.163086,14.356000,"autograd::engine::evaluate_function: NegBackward0",8530
13810,6029610878808.963867,11.522000,"NegBackward0",8531
13811,6029610878809.819336,10.325000,"aten::neg",8532
13814,6029610878825.598633,10.465000,"autograd::engine::evaluate_function: NegBackward0",8533
13815,6029610878826.335938,7.902000,"NegBackward0",8534
13816,6029610878826.681641,7.344000,"aten::neg",8535
13819,6029610878839.333008,14599.025000,"autograd::engine::evaluate_function: CrossEntropyFunctionBackward",8536
13820,6029610878840.361328,14594.150000,"CrossEntropyFunctionBackward",8537
13821,6029610878851.964844,2.468000,"aten::empty",8538
13822,6029610878856.445312,14506.278000,"aten::to",8539
13823,6029610878857.019531,14505.429000,"aten::_to_copy",8540
13824,6029610878857.874023,4.346000,"aten::empty_strided",8541
13826,6029610878862.789062,14499.096000,"aten::copy_",8542
13860,6029610893364.679688,0.284000,"aten::lift_fresh",8543
13861,6029610893365.992188,1.491000,"aten::detach_",8544
13862,6029610893366.644531,0.678000,"detach_",8545
13863,6029610893370.315430,2.086000,"aten::equal",8546
13866,6029610893443.488281,7.809000,"autograd::engine::evaluate_function: TransposeBackward0",8547
13867,6029610893444.834961,5.019000,"TransposeBackward0",8548
13868,6029610893446.034180,3.431000,"aten::transpose",8549
13869,6029610893447.750977,0.837000,"aten::as_strided",8550
13870,6029610893454.245117,3.735000,"autograd::engine::evaluate_function: AddBackward0",8551
13871,6029610893455.103516,0.846000,"AddBackward0",8552
13872,6029610893460.807617,37.531000,"autograd::engine::evaluate_function: ToCopyBackward0",8553
13873,6029610893461.598633,35.275000,"ToCopyBackward0",8554
13874,6029610893462.625000,33.937000,"aten::to",8555
13875,6029610893468.353516,27.991000,"aten::_to_copy",8556
13876,6029610893470.407227,10.478000,"aten::empty_strided",8557
13879,6029610893481.471680,14.501000,"aten::copy_",8558
13882,6029610893501.628906,5.492000,"autograd::engine::evaluate_function: ViewBackward0",8559
13883,6029610893502.525391,3.195000,"ViewBackward0",8560
13884,6029610893503.185547,2.379000,"aten::reshape",8561
13885,6029610893503.715820,1.646000,"aten::view",8562
13886,6029610893509.973633,18.208000,"autograd::engine::evaluate_function: MulBackward0",8563
13887,6029610893510.782227,15.052000,"MulBackward0",8564
13888,6029610893511.872070,13.582000,"aten::mul",8565
13890,6029610893531.708008,156.224000,"autograd::engine::evaluate_function: LinearWithGradAccumulationAndAsyncCommunicationBackward",8566
13891,6029610893532.768555,123.306000,"LinearWithGradAccumulationAndAsyncCommunicationBackward",8567
13892,6029610893550.750977,0.253000,"aten::to",8568
13893,6029610893553.180664,60.939000,"aten::matmul",8569
13894,6029610893554.512695,1.250000,"aten::reshape",8570
13895,6029610893554.829102,0.784000,"aten::view",8571
13896,6029610893556.331055,53.882000,"aten::mm",8572
13899,6029610893611.544922,2.060000,"aten::_unsafe_view",8573
13900,6029610893619.690430,0.563000,"aten::view",8574
13901,6029610893621.920898,0.980000,"aten::view",8575
13902,6029610893624.889648,3.965000,"aten::t",8576
13903,6029610893626.496094,1.668000,"aten::transpose",8577
13904,6029610893627.078125,0.880000,"aten::as_strided",8578
13905,6029610893630.113281,20.160000,"aten::matmul",8579
13906,6029610893630.560547,19.344000,"aten::mm",8580
13910,6029610893672.703125,11.220000,"aten::add_",8581
13913,6029610893693.098633,9.511000,"autograd::engine::evaluate_function: _CopyToModelParallelRegionBackward",8582
13914,6029610893694.412109,6.663000,"_CopyToModelParallelRegionBackward",8583
13915,6029610893706.454102,5.060000,"autograd::engine::evaluate_function: _GatherFromModelParallelRegionBackward",8584
13916,6029610893707.660156,2.412000,"_GatherFromModelParallelRegionBackward",8585
13917,6029610893714.815430,92.408000,"autograd::engine::evaluate_function: LinearWithGradAccumulationAndAsyncCommunicationBackward",8586
13918,6029610893716.107422,70.800000,"LinearWithGradAccumulationAndAsyncCommunicationBackward",8587
13919,6029610893725.455078,0.185000,"aten::to",8588
13920,6029610893727.148438,26.208000,"aten::matmul",8589
13921,6029610893727.990234,1.326000,"aten::reshape",8590
13922,6029610893728.369141,0.779000,"aten::view",8591
13923,6029610893729.919922,20.792000,"aten::mm",8592
13926,6029610893751.496094,1.426000,"aten::_unsafe_view",8593
13927,6029610893756.336914,0.587000,"aten::view",8594
13928,6029610893758.670898,0.584000,"aten::view",8595
13929,6029610893760.625977,2.462000,"aten::t",8596
13930,6029610893761.483398,1.168000,"aten::transpose",8597
13931,6029610893761.916016,0.559000,"aten::as_strided",8598
13932,6029610893764.042969,19.121000,"aten::matmul",8599
13933,6029610893764.446289,18.336000,"aten::mm",8600
13938,6029610893796.319336,7.555000,"aten::add_",8601
13941,6029610893811.712891,6.526000,"autograd::engine::evaluate_function: _CopyToModelParallelRegionBackward",8602
13942,6029610893813.930664,2.663000,"_CopyToModelParallelRegionBackward",8603
13943,6029610893821.528320,4.551000,"autograd::engine::evaluate_function: ViewBackward0",8604
13944,6029610893822.450195,2.203000,"ViewBackward0",8605
13945,6029610893823.137695,1.353000,"aten::reshape",8606
13946,6029610893823.584961,0.733000,"aten::view",8607
13947,6029610893829.541016,168.615000,"autograd::engine::evaluate_function: _FrozenLMHeadWithFP32OutputBackward",8608
13948,6029610893830.552734,164.194000,"_FrozenLMHeadWithFP32OutputBackward",8609
13949,6029610893835.297852,19.977000,"aten::to",8610
13950,6029610893835.702148,19.379000,"aten::_to_copy",8611
13951,6029610893837.073242,4.029000,"aten::empty_strided",8612
13953,6029610893841.852539,12.795000,"aten::copy_",8613
13956,6029610893857.863281,18.135000,"aten::to",8614
13957,6029610893858.152344,17.679000,"aten::_to_copy",8615
13958,6029610893859.004883,3.000000,"aten::empty_strided",8616
13960,6029610893862.730469,12.803000,"aten::copy_",8617
13963,6029610893878.316406,17.046000,"aten::sub",8618
13967,6029610893898.332031,15.886000,"aten::to",8619
13968,6029610893898.769531,15.288000,"aten::_to_copy",8620
13969,6029610893899.553711,3.508000,"aten::empty_strided",8621
13971,6029610893903.642578,10.164000,"aten::copy_",8622
13974,6029610893917.677734,30.904000,"aten::mm",8623
13975,6029610893921.098633,3.797000,"aten::empty",8624
13978,6029610893950.813477,17.609000,"aten::mm",8625
13979,6029610893951.912109,3.533000,"aten::empty",8626
13982,6029610893970.284180,6.510000,"aten::add_",8627
13984,6029610893980.214844,11.972000,"aten::to",8628
13985,6029610893980.672852,11.377000,"aten::_to_copy",8629
13986,6029610893981.643555,3.606000,"aten::empty_strided",8630
13988,6029610893985.875000,5.945000,"aten::copy_",8631
13990,6029610894002.710938,13.791000,"autograd::engine::evaluate_function: ViewBackward0",8632
13991,6029610894003.718750,2.290000,"ViewBackward0",8633
13992,6029610894004.365234,1.469000,"aten::reshape",8634
13993,6029610894004.747070,0.869000,"aten::view",8635
13994,6029610894007.496094,6.171000,"aten::add_",8636
13996,6029610894019.836914,4.124000,"autograd::engine::evaluate_function: ViewBackward0",8637
13997,6029610894020.845703,1.716000,"ViewBackward0",8638
13998,6029610894021.321289,1.096000,"aten::reshape",8639
13999,6029610894021.621094,0.606000,"aten::view",8640
14000,6029610894026.886719,55.237000,"autograd::engine::evaluate_function: SliceBackward0",8641
14001,6029610894027.796875,44.292000,"SliceBackward0",8642
14002,6029610894029.127930,42.320000,"aten::slice_backward",8643
14003,6029610894030.833984,16.538000,"aten::zeros",8644
14004,6029610894032.331055,3.186000,"aten::empty",8645
14006,6029610894036.509766,10.521000,"aten::zero_",8646
14007,6029610894037.736328,8.694000,"aten::fill_",8647
14009,6029610894048.708984,2.257000,"aten::slice",8648
14010,6029610894049.856445,0.627000,"aten::as_strided",8649
14011,6029610894051.822266,18.784000,"aten::copy_",8650
14013,6029610894074.712891,5.952000,"aten::add_",8651
14015,6029610894085.638672,3.456000,"autograd::engine::evaluate_function: AddBackward0",8652
14016,6029610894086.769531,1.030000,"AddBackward0",8653
14017,6029610894092.150391,6.435000,"autograd::engine::evaluate_function: SumBackward0",8654
14018,6029610894092.954102,4.216000,"SumBackward0",8655
14019,6029610894093.845703,3.127000,"aten::expand",8656
14020,6029610894095.714844,0.594000,"aten::as_strided",8657
14021,6029610894101.440430,20.101000,"autograd::engine::evaluate_function: MulBackward0",8658
14022,6029610894102.342773,14.090000,"MulBackward0",8659
14023,6029610894103.559570,12.461000,"aten::mul",8660
14026,6029610894124.710938,14.720000,"autograd::engine::evaluate_function: NegBackward0",8661
14027,6029610894125.625000,12.122000,"NegBackward0",8662
14028,6029610894126.384766,11.055000,"aten::neg",8663
14031,6029610894142.568359,11.619000,"autograd::engine::evaluate_function: NegBackward0",8664
14032,6029610894143.419922,8.980000,"NegBackward0",8665
14033,6029610894143.932617,8.249000,"aten::neg",8666
14036,6029610894157.567383,14511.036000,"autograd::engine::evaluate_function: CrossEntropyFunctionBackward",8667
14037,6029610894158.761719,14505.681000,"CrossEntropyFunctionBackward",8668
14038,6029610894169.387695,2.310000,"aten::empty",8669
14039,6029610894173.636719,14424.096000,"aten::to",8670
14040,6029610894174.153320,14423.368000,"aten::_to_copy",8671
14041,6029610894175.045898,3.642000,"aten::empty_strided",8672
14043,6029610894179.168945,14417.961000,"aten::copy_",8673
14077,6029610908599.509766,0.206000,"aten::lift_fresh",8674
14078,6029610908600.602539,1.433000,"aten::detach_",8675
14079,6029610908601.275391,0.623000,"detach_",8676
14080,6029610908604.674805,2.052000,"aten::equal",8677
14083,6029610908673.758789,7.004000,"autograd::engine::evaluate_function: TransposeBackward0",8678
14084,6029610908675.028320,4.260000,"TransposeBackward0",8679
14085,6029610908676.173828,2.828000,"aten::transpose",8680
14086,6029610908677.617188,0.605000,"aten::as_strided",8681
14087,6029610908683.806641,3.608000,"autograd::engine::evaluate_function: AddBackward0",8682
14088,6029610908684.669922,0.865000,"AddBackward0",8683
14089,6029610908690.346680,31.121000,"autograd::engine::evaluate_function: ToCopyBackward0",8684
14090,6029610908691.101562,28.893000,"ToCopyBackward0",8685
14091,6029610908692.186523,27.490000,"aten::to",8686
14092,6029610908692.922852,26.528000,"aten::_to_copy",8687
14093,6029610908694.047852,10.992000,"aten::empty_strided",8688
14096,6029610908705.640625,13.474000,"aten::copy_",8689
14099,6029610908724.876953,4.949000,"autograd::engine::evaluate_function: ViewBackward0",8690
14100,6029610908725.771484,2.893000,"ViewBackward0",8691
14101,6029610908726.490234,2.018000,"aten::reshape",8692
14102,6029610908726.879883,1.423000,"aten::view",8693
14103,6029610908732.772461,17.418000,"autograd::engine::evaluate_function: MulBackward0",8694
14104,6029610908733.532227,14.263000,"MulBackward0",8695
14105,6029610908734.679688,12.689000,"aten::mul",8696
14107,6029610908753.785156,190.981000,"autograd::engine::evaluate_function: LinearWithGradAccumulationAndAsyncCommunicationBackward",8697
14108,6029610908754.853516,155.978000,"LinearWithGradAccumulationAndAsyncCommunicationBackward",8698
14109,6029610908771.793945,0.208000,"aten::to",8699
14110,6029610908774.230469,51.627000,"aten::matmul",8700
14111,6029610908775.370117,1.320000,"aten::reshape",8701
14112,6029610908775.711914,0.754000,"aten::view",8702
14113,6029610908777.376953,44.695000,"aten::mm",8703
14116,6029610908823.166992,2.071000,"aten::_unsafe_view",8704
14117,6029610908872.702148,0.744000,"aten::view",8705
14118,6029610908875.551758,1.108000,"aten::view",8706
14119,6029610908878.733398,3.692000,"aten::t",8707
14120,6029610908880.180664,1.601000,"aten::transpose",8708
14121,6029610908880.851562,0.712000,"aten::as_strided",8709
14122,6029610908883.746094,21.363000,"aten::matmul",8710
14123,6029610908884.219727,20.510000,"aten::mm",8711
14127,6029610908928.409180,11.804000,"aten::add_",8712
14130,6029610908955.195312,36.557000,"autograd::engine::evaluate_function: torch::autograd::AccumulateGrad",8713
14131,6029610908957.058594,6.136000,"torch::autograd::AccumulateGrad",8714
14132,6029610908959.739258,2.815000,"aten::detach",8715
14133,6029610908960.285156,2.085000,"detach",8716
14134,6029610908976.227539,8.349000,"aten::add_",8717
14137,6029610908997.410156,9.726000,"autograd::engine::evaluate_function: _CopyToModelParallelRegionBackward",8718
14138,6029610908998.531250,6.843000,"_CopyToModelParallelRegionBackward",8719
14139,6029610909011.135742,4.726000,"autograd::engine::evaluate_function: _GatherFromModelParallelRegionBackward",8720
14140,6029610909012.084961,2.494000,"_GatherFromModelParallelRegionBackward",8721
14141,6029610909018.788086,104.503000,"autograd::engine::evaluate_function: LinearWithGradAccumulationAndAsyncCommunicationBackward",8722
14142,6029610909019.887695,80.382000,"LinearWithGradAccumulationAndAsyncCommunicationBackward",8723
14143,6029610909031.513672,0.213000,"aten::to",8724
14144,6029610909033.875977,31.519000,"aten::matmul",8725
14145,6029610909034.768555,1.576000,"aten::reshape",8726
14146,6029610909035.173828,0.962000,"aten::view",8727
14147,6029610909036.737305,25.154000,"aten::mm",8728
14150,6029610909062.960938,1.875000,"aten::_unsafe_view",8729
14151,6029610909068.904297,0.617000,"aten::view",8730
14152,6029610909071.321289,0.651000,"aten::view",8731
14153,6029610909073.396484,2.765000,"aten::t",8732
14154,6029610909074.263672,1.382000,"aten::transpose",8733
14155,6029610909074.916992,0.536000,"aten::as_strided",8734
14156,6029610909077.159180,18.911000,"aten::matmul",8735
14157,6029610909077.552734,18.202000,"aten::mm",8736
14162,6029610909111.741211,7.555000,"aten::add_",8737
14165,6029610909128.428711,22.559000,"autograd::engine::evaluate_function: torch::autograd::AccumulateGrad",8738
14166,6029610909130.810547,3.699000,"torch::autograd::AccumulateGrad",8739
14167,6029610909132.073242,2.100000,"aten::detach",8740
14168,6029610909132.450195,1.533000,"detach",8741
14169,6029610909139.699219,6.466000,"aten::add_",8742
14172,6029610909156.147461,5.349000,"autograd::engine::evaluate_function: _CopyToModelParallelRegionBackward",8743
14173,6029610909157.181641,2.637000,"_CopyToModelParallelRegionBackward",8744
14174,6029610909169.818359,4.950000,"autograd::engine::evaluate_function: ViewBackward0",8745
14175,6029610909170.656250,2.742000,"ViewBackward0",8746
14176,6029610909171.685547,1.472000,"aten::reshape",8747
14177,6029610909172.086914,0.888000,"aten::view",8748
14178,6029610909178.087891,171.677000,"autograd::engine::evaluate_function: _FrozenLMHeadWithFP32OutputBackward",8749
14179,6029610909179.041016,166.954000,"_FrozenLMHeadWithFP32OutputBackward",8750
14180,6029610909184.507812,22.871000,"aten::to",8751
14181,6029610909185.108398,22.081000,"aten::_to_copy",8752
14182,6029610909186.659180,4.666000,"aten::empty_strided",8753
14184,6029610909192.239258,14.479000,"aten::copy_",8754
14187,6029610909210.299805,17.774000,"aten::to",8755
14188,6029610909210.596680,17.308000,"aten::_to_copy",8756
14189,6029610909211.407227,3.263000,"aten::empty_strided",8757
14191,6029610909215.131836,12.490000,"aten::copy_",8758
14194,6029610909230.719727,17.089000,"aten::sub",8759
14198,6029610909251.047852,15.178000,"aten::to",8760
14199,6029610909251.441406,14.620000,"aten::_to_copy",8761
14200,6029610909252.213867,3.083000,"aten::empty_strided",8762
14202,6029610909255.840820,9.990000,"aten::copy_",8763
14205,6029610909269.935547,31.734000,"aten::mm",8764
14206,6029610909273.556641,3.707000,"aten::empty",8765
14209,6029610909303.942383,17.062000,"aten::mm",8766
14210,6029610909305.114258,3.544000,"aten::empty",8767
14213,6029610909322.385742,6.664000,"aten::add_",8768
14215,6029610909332.092773,11.317000,"aten::to",8769
14216,6029610909332.420898,10.829000,"aten::_to_copy",8770
14217,6029610909333.195312,3.195000,"aten::empty_strided",8771
14219,6029610909336.900391,6.118000,"aten::copy_",8772
14221,6029610909354.332031,14.168000,"autograd::engine::evaluate_function: ViewBackward0",8773
14222,6029610909355.576172,2.404000,"ViewBackward0",8774
14223,6029610909356.234375,1.544000,"aten::reshape",8775
14224,6029610909356.580078,1.048000,"aten::view",8776
14225,6029610909359.439453,6.507000,"aten::add_",8777
14227,6029610909371.836914,3.931000,"autograd::engine::evaluate_function: ViewBackward0",8778
14228,6029610909372.763672,1.837000,"ViewBackward0",8779
14229,6029610909373.357422,1.083000,"aten::reshape",8780
14230,6029610909373.640625,0.626000,"aten::view",8781
14231,6029610909378.797852,58.851000,"autograd::engine::evaluate_function: SliceBackward0",8782
14232,6029610909379.670898,46.584000,"SliceBackward0",8783
14233,6029610909381.101562,44.593000,"aten::slice_backward",8784
14234,6029610909382.911133,16.448000,"aten::zeros",8785
14235,6029610909384.455078,3.418000,"aten::empty",8786
14237,6029610909388.921875,10.104000,"aten::zero_",8787
14238,6029610909390.125000,8.260000,"aten::fill_",8788
14240,6029610909400.636719,2.396000,"aten::slice",8789
14241,6029610909401.705078,0.752000,"aten::as_strided",8790
14242,6029610909403.881836,20.980000,"aten::copy_",8791
14245,6029610909429.413086,6.590000,"aten::add_",8792
14247,6029610909441.110352,5.406000,"autograd::engine::evaluate_function: TransposeBackward0",8793
14248,6029610909442.131836,3.151000,"TransposeBackward0",8794
14249,6029610909442.864258,2.145000,"aten::transpose",8795
14250,6029610909444.016602,0.306000,"aten::as_strided",8796
14251,6029610909455.058594,7.341000,"autograd::engine::evaluate_function: MakeViewlessTensorBackward",8797
14252,6029610909456.133789,4.792000,"MakeViewlessTensorBackward",8798
14253,6029610909473.210938,157.386000,"autograd::engine::evaluate_function: _OperationFuserAutogradFunctionBackward",8799
14254,6029610909474.224609,149.768000,"_OperationFuserAutogradFunctionBackward",8800
14255,6029610909517.921875,1.052000,"aten::view",8801
14256,6029610909523.266602,1.680000,"aten::view",8802
14257,6029610909531.468750,5.982000,"aten::empty_like",8803
14258,6029610909532.888672,4.060000,"aten::empty_strided",8804
14260,6029610909538.047852,4.620000,"aten::empty_like",8805
14261,6029610909539.234375,3.235000,"aten::empty_strided",8806
14263,6029610909556.170898,3.761000,"aten::empty",8807
14268,6029610909600.606445,0.367000,"aten::_has_compatible_shallow_copy_type",8808
14269,6029610909603.047852,0.046000,"aten::_has_compatible_shallow_copy_type",8809
14270,6029610909607.671875,1.054000,"aten::view",8810
14271,6029610909611.416016,0.971000,"aten::view",8811
14272,6029610909635.467773,102484.275000,"autograd::engine::evaluate_function: CheckpointFunctionBackward",8812
14273,6029610909636.756836,102476.185000,"CheckpointFunctionBackward",8813
14281,6029610909817.033203,2.760000,"aten::detach",8815
14282,6029610909817.850586,1.735000,"detach",8816
14283,6029610909823.246094,1.018000,"aten::detach",8817
14284,6029610909823.533203,0.581000,"detach",8818
14289,6029610909989.720703,111.393000,"_OperationFuserAutogradFunction",8820
14290,6029610910014.231445,2.422000,"aten::view",8821
14291,6029610910020.072266,0.750000,"aten::view",8822
14292,6029610910032.114258,7.205000,"aten::empty",8823
14294,6029610910041.858398,5.095000,"aten::empty",8824
14296,6029610910051.448242,3.552000,"aten::empty",8825
14299,6029610910077.139648,1.511000,"aten::view",8826
14301,6029610910204.241211,111.268000,"_Linear",8827
14302,6029610910235.757812,4.309000,"aten::empty",8828
14307,6029610910378.457031,67.702000,"_Linear",8829
14308,6029610910400.078125,4.577000,"aten::empty",8830
14312,6029610910496.427734,59.445000,"_Linear",8831
14313,6029610910515.087891,4.257000,"aten::empty",8832
14318,6029610910568.997070,29.905000,"aten::mul",8833
14321,6029610910609.563477,5.222000,"aten::reshape",8834
14322,6029610910610.521484,4.031000,"aten::view",8835
14323,6029610910617.429688,17.109000,"aten::add",8836
14327,6029610910680.186523,63.824000,"_Linear",8837
14328,6029610910702.248047,4.241000,"aten::empty",8838
14337,6029610910790.847656,64.259000,"_Linear",8839
14338,6029610910810.277344,11.920000,"aten::empty",8840
14344,6029610910890.650391,53.174000,"_Linear",8841
14345,6029610910908.699219,3.891000,"aten::empty",8842
14348,6029610910952.260742,17.434000,"aten::mul",8843
14351,6029610910977.319336,4.304000,"aten::reshape",8844
14352,6029610910977.909180,3.449000,"aten::view",8845
14353,6029610910983.543945,12.758000,"aten::add",8846
14356,6029610911012.723633,8.389000,"aten::split_with_sizes",8847
14357,6029610911016.941406,1.966000,"aten::as_strided",8848
14358,6029610911019.619141,0.166000,"aten::as_strided",8849
14359,6029610911030.892578,5.083000,"aten::squeeze",8850
14360,6029610911034.420898,0.337000,"aten::as_strided",8851
14361,6029610911037.163086,3.551000,"aten::squeeze",8852
14362,6029610911039.137695,0.325000,"aten::as_strided",8853
14363,6029610911042.003906,2.684000,"aten::squeeze",8854
14364,6029610911044.039062,0.182000,"aten::as_strided",8855
14368,6029610911106.961914,94.947000,"_OperationFuserAutogradFunction",8856
14369,6029610911127.678711,1.123000,"aten::view",8857
14370,6029610911132.326172,0.881000,"aten::view",8858
14371,6029610911141.394531,12.512000,"aten::empty",8859
14374,6029610911156.345703,2.402000,"aten::empty",8860
14375,6029610911163.047852,3.623000,"aten::empty",8861
14377,6029610911182.236328,3.469000,"aten::view",8862
14378,6029610911248.069336,93.338000,"_OperationFuserAutogradFunction",8863
14379,6029610911261.502930,27.093000,"aten::contiguous",8864
14380,6029610911262.625000,25.754000,"aten::clone",8865
14381,6029610911266.052734,4.543000,"aten::empty_like",8866
14382,6029610911267.233398,2.905000,"aten::empty",8867
14383,6029610911271.715820,16.247000,"aten::copy_",8868
14385,6029610911292.938477,1.571000,"aten::view",8869
14386,6029610911297.282227,0.862000,"aten::view",8870
14387,6029610911303.266602,2.712000,"aten::empty",8871
14388,6029610911308.254883,2.576000,"aten::empty",8872
14389,6029610911314.334961,2.639000,"aten::empty",8873
14392,6029610911329.068359,1.258000,"aten::view",8874
14394,6029610911397.017578,83.687000,"_Linear",8875
14395,6029610911418.654297,2.763000,"aten::empty",8876
14397,6029610911515.691406,11.529000,"_CopyToModelParallelRegion",8877
14398,6029610911522.915039,2.439000,"aten::view_as",8878
14399,6029610911523.707031,1.402000,"aten::view",8879
14400,6029610911546.636719,67.539000,"LinearWithGradAccumulationAndAsyncCommunication",8880
14401,6029610911556.971680,5.832000,"aten::t",8881
14402,6029610911559.094727,2.999000,"aten::transpose",8882
14403,6029610911560.592773,1.180000,"aten::as_strided",8883
14404,6029610911565.089844,42.754000,"aten::matmul",8884
14405,6029610911566.657227,40.507000,"aten::mm",8885
14407,6029610911620.862305,9.787000,"_GatherFromModelParallelRegion",8886
14408,6029610911627.304688,2.043000,"aten::view_as",8887
14409,6029610911627.769531,1.337000,"aten::view",8888
14410,6029610911641.713867,6.070000,"_CopyToModelParallelRegion",8889
14411,6029610911645.405273,1.374000,"aten::view_as",8890
14412,6029610911645.883789,0.713000,"aten::view",8891
14413,6029610911660.985352,35.402000,"LinearWithGradAccumulationAndAsyncCommunication",8892
14414,6029610911666.568359,2.808000,"aten::t",8893
14415,6029610911667.228516,1.521000,"aten::transpose",8894
14416,6029610911667.904297,0.660000,"aten::as_strided",8895
14417,6029610911670.455078,21.960000,"aten::matmul",8896
14418,6029610911670.934570,21.044000,"aten::mm",8897
14420,6029610911703.750977,19.055000,"aten::mul",8898
14422,6029610911731.083984,4.430000,"aten::reshape",8899
14423,6029610911731.717773,3.580000,"aten::view",8900
14424,6029610911737.900391,13.089000,"aten::add",8901
14426,6029610911759.231445,3.157000,"aten::view",8902
14427,6029610911766.111328,4.667000,"aten::unsqueeze",8903
14428,6029610911769.524414,0.357000,"aten::as_strided",8904
14429,6029610911772.277344,2.461000,"aten::unsqueeze",8905
14430,6029610911773.783203,0.328000,"aten::as_strided",8906
14431,6029610911783.958984,1.141000,"aten::view",8907
14432,6029610911791.654297,6.321000,"aten::slice",8908
14433,6029610911793.882812,1.012000,"aten::as_strided",8909
14434,6029610911801.983398,2.620000,"aten::slice",8910
14435,6029610911802.625000,1.257000,"aten::as_strided",8911
14436,6029610911816.326172,5.660000,"aten::split_with_sizes",8912
14437,6029610911818.674805,0.586000,"aten::as_strided",8913
14438,6029610911819.890625,0.267000,"aten::as_strided",8914
14439,6029610911834.078125,81.556000,"aten::einsum",8915
14440,6029610911840.128906,3.608000,"aten::unsqueeze",8916
14441,6029610911842.105469,0.718000,"aten::as_strided",8917
14442,6029610911844.822266,3.617000,"aten::permute",8918
14443,6029610911847.027344,0.451000,"aten::as_strided",8919
14444,6029610911849.475586,1.137000,"aten::unsqueeze",8920
14445,6029610911850.046875,0.245000,"aten::as_strided",8921
14446,6029610911851.057617,1.441000,"aten::permute",8922
14447,6029610911851.617188,0.314000,"aten::as_strided",8923
14448,6029610911855.542969,3.692000,"aten::permute",8924
14449,6029610911858.072266,0.428000,"aten::as_strided",8925
14450,6029610911860.078125,7.634000,"aten::reshape",8926
14451,6029610911864.296875,3.139000,"aten::_reshape_alias",8927
14452,6029610911868.422852,1.510000,"aten::permute",8928
14453,6029610911869.410156,0.202000,"aten::as_strided",8929
14454,6029610911870.528320,2.094000,"aten::reshape",8930
14455,6029610911871.592773,0.867000,"aten::_reshape_alias",8931
14456,6029610911873.482422,29.577000,"aten::bmm",8932
14458,6029610911903.869141,2.811000,"aten::view",8933
14459,6029610911907.251953,4.146000,"aten::permute",8934
14460,6029610911909.201172,0.419000,"aten::as_strided",8935
14461,6029610911913.190430,1.544000,"aten::view",8936
14462,6029610911918.778320,25.314000,"aten::contiguous",8937
14463,6029610911919.830078,24.021000,"aten::clone",8938
14464,6029610911922.457031,5.342000,"aten::empty_like",8939
14465,6029610911923.490234,3.874000,"aten::empty",8940
14466,6029610911928.916992,14.327000,"aten::copy_",8941
14468,6029610911962.616211,21.123000,"aten::arange",8942
14469,6029610911964.236328,2.301000,"aten::empty",8943
14470,6029610911967.984375,15.343000,"aten::arange",8944
14471,6029610911971.091797,3.716000,"aten::resize_",8945
14473,6029610911988.444336,20.202000,"aten::to",8946
14474,6029610911989.529297,18.902000,"aten::_to_copy",8947
14475,6029610911992.436523,4.684000,"aten::empty_strided",8948
14476,6029610911997.996094,9.902000,"aten::copy_",8949
14478,6029610912011.217773,3.035000,"aten::slice",8950
14479,6029610912012.551758,0.781000,"aten::as_strided",8951
14480,6029610912016.632812,1.626000,"aten::slice",8952
14481,6029610912017.425781,0.333000,"aten::as_strided",8953
14482,6029610912020.790039,12.746000,"aten::sub",8954
14484,6029610912042.691406,17.099000,"aten::floor_divide",8955
14485,6029610912047.490234,2.635000,"aten::empty",8956
14487,6029610912063.986328,17.963000,"aten::zeros_like",8957
14488,6029610912065.022461,4.077000,"aten::empty_like",8958
14489,6029610912065.978516,2.820000,"aten::empty_strided",8959
14490,6029610912070.281250,11.424000,"aten::zero_",8960
14491,6029610912071.748047,9.278000,"aten::fill_",8961
14493,6029610912085.356445,30.556000,"aten::cumsum",8962
14494,6029610912090.164062,0.121000,"aten::to",8963
14503,6029610912119.023438,2.950000,"aten::slice",8964
14504,6029610912120.709961,0.513000,"aten::as_strided",8965
14505,6029610912122.982422,19.406000,"aten::copy_",8966
14507,6029610912147.005859,15.910000,"aten::searchsorted",8967
14508,6029610912149.228516,1.930000,"aten::empty",8968
14509,6029610912153.051758,2.342000,"aten::resize_",8969
14511,6029610912166.067383,10.034000,"aten::sub",8970
14513,6029610912181.183594,14.776000,"aten::clamp",8971
14514,6029610912183.707031,0.173000,"aten::to",8972
14517,6029610912201.001953,21.040000,"aten::index",8973
14518,6029610912205.425781,0.333000,"aten::as_strided",8974
14519,6029610912206.986328,1.109000,"aten::reshape",8975
14520,6029610912207.529297,0.368000,"aten::view",8976
14522,6029610912224.252930,9.268000,"aten::sub",8977
14524,6029610912235.441406,12.317000,"aten::index",8978
14525,6029610912236.467773,0.500000,"aten::as_strided",8979
14526,6029610912237.748047,0.825000,"aten::reshape",8980
14527,6029610912238.140625,0.293000,"aten::view",8981
14529,6029610912249.906250,11.400000,"aten::index",8982
14530,6029610912250.706055,0.266000,"aten::as_strided",8983
14531,6029610912251.569336,0.829000,"aten::reshape",8984
14532,6029610912252.060547,0.204000,"aten::view",8985
14534,6029610912265.734375,11.178000,"aten::floor_divide",8986
14535,6029610912267.970703,2.738000,"aten::empty",8987
14537,6029610912279.798828,10.192000,"aten::mul",8988
14539,6029610912292.469727,12.528000,"aten::lt",8989
14541,6029610912307.625977,8.119000,"aten::mul",8990
14543,6029610912317.661133,8.985000,"aten::add",8991
14545,6029610912329.295898,7.056000,"aten::mul",8992
14547,6029610912337.582031,7.615000,"aten::sub",8993
14549,6029610912346.889648,6.610000,"aten::sub",8994
14551,6029610912354.608398,6.974000,"aten::add",8995
14553,6029610912364.391602,15.411000,"aten::where",8996
14554,6029610912366.538086,1.920000,"aten::empty",8997
14555,6029610912370.742188,1.415000,"aten::resize_",8998
14557,6029610912385.761719,9.290000,"aten::clamp",8999
14558,6029610912386.423828,0.188000,"aten::to",9000
14560,6029610912397.630859,16.464000,"aten::index",9001
14561,6029610912399.392578,0.857000,"aten::as_strided",9002
14562,6029610912401.074219,1.135000,"aten::reshape",9003
14563,6029610912401.591797,0.440000,"aten::view",9004
14565,6029610912416.838867,4.235000,"aten::unsqueeze",9005
14566,6029610912419.127930,0.592000,"aten::as_strided",9006
14567,6029610912426.144531,3.267000,"aten::alias",9007
14568,6029610912432.131836,3.999000,"aten::slice",9008
14569,6029610912434.478516,0.515000,"aten::as_strided",9009
14570,6029610912439.275391,2.370000,"aten::slice",9010
14571,6029610912440.557617,0.486000,"aten::as_strided",9011
14572,6029610912443.939453,2.654000,"aten::slice",9012
14573,6029610912445.385742,0.465000,"aten::as_strided",9013
14574,6029610912451.409180,28.793000,"aten::cat",9014
14576,6029610912483.154297,11.772000,"aten::cos",9015
14578,6029610912498.197266,10.962000,"aten::mul",9016
14580,6029610912514.043945,15.597000,"aten::to",9017
14581,6029610912514.533203,14.913000,"aten::_to_copy",9018
14582,6029610912516.288086,3.103000,"aten::empty_strided",9019
14583,6029610912520.055664,8.913000,"aten::copy_",9020
14585,6029610912532.637695,10.357000,"aten::sin",9021
14587,6029610912544.878906,8.621000,"aten::mul",9022
14589,6029610912556.269531,10.665000,"aten::to",9023
14590,6029610912556.671875,10.126000,"aten::_to_copy",9024
14591,6029610912557.413086,3.021000,"aten::empty_strided",9025
14592,6029610912560.915039,5.641000,"aten::copy_",9026
14594,6029610912568.956055,12.066000,"aten::mul",9027
14596,6029610912584.639648,12.707000,"aten::chunk",9028
14597,6029610912586.541992,10.450000,"aten::split",9029
14598,6029610912589.405273,3.802000,"aten::narrow",9030
14599,6029610912591.125000,1.667000,"aten::slice",9031
14600,6029610912591.804688,0.697000,"aten::as_strided",9032
14601,6029610912593.684570,1.666000,"aten::narrow",9033
14602,6029610912594.016602,1.161000,"aten::slice",9034
14603,6029610912594.457031,0.570000,"aten::as_strided",9035
14604,6029610912600.197266,14.919000,"aten::neg",9036
14606,6029610912617.698242,12.519000,"aten::cat",9037
14608,6029610912633.035156,9.278000,"aten::mul",9038
14610,6029610912644.239258,10.000000,"aten::add",9039
14612,6029610912658.154297,11.326000,"aten::cat",9040
14614,6029610912673.033203,4.111000,"aten::squeeze",9041
14615,6029610912675.706055,0.351000,"aten::as_strided",9042
14616,6029610912696.283203,14.829000,"aten::arange",9043
14617,6029610912697.211914,2.302000,"aten::empty",9044
14618,6029610912700.276367,10.470000,"aten::arange",9045
14619,6029610912701.871094,1.636000,"aten::resize_",9046
14621,6029610912713.704102,12.351000,"aten::to",9047
14622,6029610912714.086914,11.824000,"aten::_to_copy",9048
14623,6029610912714.830078,2.588000,"aten::empty_strided",9049
14624,6029610912717.928711,7.701000,"aten::copy_",9050
14626,6029610912728.018555,2.135000,"aten::slice",9051
14627,6029610912728.887695,0.486000,"aten::as_strided",9052
14628,6029610912732.169922,1.268000,"aten::slice",9053
14629,6029610912732.802734,0.171000,"aten::as_strided",9054
14630,6029610912735.012695,9.241000,"aten::sub",9055
14632,6029610912748.811523,11.418000,"aten::floor_divide",9056
14633,6029610912750.927734,2.486000,"aten::empty",9057
14635,6029610912763.348633,14.672000,"aten::zeros_like",9058
14636,6029610912764.074219,3.254000,"aten::empty_like",9059
14637,6029610912764.588867,2.453000,"aten::empty_strided",9060
14638,6029610912768.012695,9.757000,"aten::zero_",9061
14639,6029610912768.971680,8.147000,"aten::fill_",9062
14641,6029610912780.167969,25.788000,"aten::cumsum",9063
14642,6029610912783.475586,0.366000,"aten::to",9064
14651,6029610912808.681641,1.933000,"aten::slice",9065
14652,6029610912809.661133,0.274000,"aten::as_strided",9066
14653,6029610912811.428711,16.466000,"aten::copy_",9067
14655,6029610912832.757812,16.922000,"aten::searchsorted",9068
14656,6029610912835.039062,3.274000,"aten::empty",9069
14657,6029610912840.041992,2.387000,"aten::resize_",9070
14659,6029610912852.629883,9.620000,"aten::sub",9071
14661,6029610912865.942383,9.697000,"aten::clamp",9072
14662,6029610912867.078125,0.231000,"aten::to",9073
14664,6029610912878.867188,14.768000,"aten::index",9074
14665,6029610912881.044922,0.407000,"aten::as_strided",9075
14666,6029610912882.462891,1.236000,"aten::reshape",9076
14667,6029610912883.004883,0.533000,"aten::view",9077
14669,6029610912895.923828,7.948000,"aten::sub",9078
14671,6029610912905.785156,11.175000,"aten::index",9079
14672,6029610912906.881836,0.221000,"aten::as_strided",9080
14673,6029610912907.726562,1.005000,"aten::reshape",9081
14674,6029610912908.120117,0.445000,"aten::view",9082
14676,6029610912918.988281,10.205000,"aten::index",9083
14677,6029610912920.008789,0.208000,"aten::as_strided",9084
14678,6029610912920.715820,0.741000,"aten::reshape",9085
14679,6029610912921.111328,0.185000,"aten::view",9086
14681,6029610912933.157227,10.445000,"aten::floor_divide",9087
14682,6029610912935.193359,2.499000,"aten::empty",9088
14684,6029610912946.098633,7.540000,"aten::mul",9089
14686,6029610912955.384766,9.230000,"aten::lt",9090
14688,6029610912966.697266,7.296000,"aten::mul",9091
14690,6029610912975.493164,7.212000,"aten::add",9092
14692,6029610912985.033203,7.150000,"aten::mul",9093
14694,6029610912993.366211,7.237000,"aten::sub",9094
14696,6029610913002.274414,7.362000,"aten::sub",9095
14698,6029610913010.696289,7.565000,"aten::add",9096
14700,6029610913020.642578,13.075000,"aten::where",9097
14701,6029610913022.102539,1.798000,"aten::empty",9098
14702,6029610913025.525391,1.399000,"aten::resize_",9099
14704,6029610913038.481445,8.650000,"aten::clamp",9100
14705,6029610913039.130859,0.162000,"aten::to",9101
14707,6029610913049.647461,13.776000,"aten::index",9102
14708,6029610913051.416016,0.500000,"aten::as_strided",9103
14709,6029610913052.514648,1.041000,"aten::reshape",9104
14710,6029610913052.893555,0.514000,"aten::view",9105
14713,6029610913065.767578,3.975000,"aten::unsqueeze",9106
14714,6029610913068.105469,0.322000,"aten::as_strided",9107
14715,6029610913073.796875,2.650000,"aten::alias",9108
14716,6029610913078.955078,2.964000,"aten::slice",9109
14717,6029610913080.459961,0.488000,"aten::as_strided",9110
14718,6029610913084.976562,2.645000,"aten::slice",9111
14719,6029610913086.363281,0.406000,"aten::as_strided",9112
14720,6029610913089.911133,3.066000,"aten::slice",9113
14721,6029610913091.587891,0.761000,"aten::as_strided",9114
14722,6029610913095.678711,12.646000,"aten::cat",9115
14724,6029610913110.273438,8.875000,"aten::cos",9116
14726,6029610913121.535156,9.975000,"aten::mul",9117
14728,6029610913135.772461,12.549000,"aten::to",9118
14729,6029610913136.179688,11.995000,"aten::_to_copy",9119
14730,6029610913137.355469,3.036000,"aten::empty_strided",9120
14731,6029610913141.025391,6.832000,"aten::copy_",9121
14733,6029610913150.596680,8.003000,"aten::sin",9122
14735,6029610913160.338867,8.702000,"aten::mul",9123
14737,6029610913172.050781,10.426000,"aten::to",9124
14738,6029610913172.357422,9.982000,"aten::_to_copy",9125
14739,6029610913173.258789,2.392000,"aten::empty_strided",9126
14740,6029610913176.124023,5.898000,"aten::copy_",9127
14742,6029610913184.201172,10.241000,"aten::mul",9128
14744,6029610913196.875977,9.419000,"aten::chunk",9129
14745,6029610913197.949219,8.076000,"aten::split",9130
14746,6029610913199.750977,2.750000,"aten::narrow",9131
14747,6029610913200.833984,1.282000,"aten::slice",9132
14748,6029610913201.421875,0.408000,"aten::as_strided",9133
14749,6029610913203.046875,1.704000,"aten::narrow",9134
14750,6029610913203.510742,1.069000,"aten::slice",9135
14751,6029610913204.048828,0.347000,"aten::as_strided",9136
14752,6029610913208.168945,11.477000,"aten::neg",9137
14754,6029610913221.542969,10.733000,"aten::cat",9138
14756,6029610913234.803711,9.003000,"aten::mul",9139
14758,6029610913245.694336,8.696000,"aten::add",9140
14760,6029610913257.975586,10.283000,"aten::cat",9141
14762,6029610913271.419922,5.040000,"aten::squeeze",9142
14763,6029610913275.076172,0.430000,"aten::as_strided",9143
14764,6029610913286.819336,12.734000,"aten::cat",9144
14766,6029610913302.566406,9.545000,"aten::cat",9145
14768,6029610913338.364258,1.654000,"aten::view",9146
14769,6029610913343.602539,2.149000,"aten::slice",9147
14770,6029610913344.718750,0.386000,"aten::as_strided",9148
14771,6029610913349.188477,1.294000,"aten::slice",9149
14772,6029610913349.833008,0.202000,"aten::as_strided",9150
14773,6029610913367.848633,2.862000,"aten::unsqueeze",9151
14774,6029610913369.485352,0.394000,"aten::as_strided",9152
14775,6029610913372.311523,2.352000,"aten::unsqueeze",9153
14776,6029610913373.790039,0.273000,"aten::as_strided",9154
14777,6029610913378.449219,0.359000,"aten::to",9155
14778,6029610913381.049805,18.960000,"aten::contiguous",9156
14779,6029610913381.824219,17.961000,"aten::clone",9157
14780,6029610913383.833984,4.392000,"aten::empty_like",9158
14781,6029610913384.559570,3.287000,"aten::empty",9159
14782,6029610913388.886719,10.507000,"aten::copy_",9160
14784,6029610913437.772461,177.095000,"_GatherFromSequenceParallelRegion",9161
14785,6029610913456.715820,3.108000,"aten::empty",9162
14786,6029610913480.267578,122.342000,"c10d::_allgather_base_",9163
14787,6029610913499.352539,99.725000,"record_param_comms",9164
14801,6029610913621.184570,37.957000,"aten::index_select",9166
14802,6029610913625.327148,2.138000,"aten::empty",9167
14803,6029610913631.007812,3.111000,"aten::resize_",9168
14804,6029610913636.053711,0.901000,"aten::view",9169
14805,6029610913637.892578,2.827000,"aten::expand",9170
14806,6029610913639.756836,0.623000,"aten::as_strided",9171
14807,6029610913641.463867,16.224000,"aten::gather",9172
14808,6029610913644.794922,0.276000,"aten::as_strided",9173
14809,6029610913645.941406,0.491000,"aten::as_strided",9174
14811,6029610913663.383789,3.097000,"aten::detach",9175
14812,6029610913664.263672,2.063000,"detach",9176
14813,6029610913667.567383,1.654000,"aten::detach",9177
14814,6029610913668.589844,0.446000,"detach",9178
14815,6029610913679.449219,17.029000,"aten::to",9179
14816,6029610913680.146484,16.138000,"aten::_to_copy",9180
14817,6029610913682.178711,3.600000,"aten::empty_strided",9181
14818,6029610913686.555664,9.250000,"aten::copy_",9182
14820,6029610913698.213867,0.217000,"aten::to",9183
14821,6029610913701.461914,0.140000,"aten::to",9184
14822,6029610913703.061523,0.187000,"aten::to",9185
14823,6029610913706.529297,3.277000,"aten::slice",9186
14824,6029610913708.068359,0.404000,"aten::as_strided",9187
14825,6029610913713.051758,13.676000,"aten::searchsorted",9188
14826,6029610913714.550781,1.921000,"aten::empty",9189
14827,6029610913717.606445,1.822000,"aten::resize_",9190
14829,6029610913730.548828,17.968000,"aten::index",9191
14830,6029610913733.566406,0.260000,"aten::as_strided",9192
14831,6029610913734.760742,1.072000,"aten::reshape",9193
14832,6029610913735.333008,0.308000,"aten::view",9194
14834,6029610913754.103516,11.722000,"aten::add",9195
14837,6029610913893.735352,2.942000,"aten::empty",9196
14839,6029610913968.607422,3.672000,"aten::reshape",9197
14840,6029610913969.250000,2.799000,"aten::view",9198
14841,6029610913984.863281,6.371000,"aten::split_with_sizes",9199
14842,6029610913987.278320,0.744000,"aten::as_strided",9200
14843,6029610913989.250977,0.558000,"aten::as_strided",9201
14844,6029610913995.505859,3.708000,"aten::squeeze",9202
14845,6029610913997.927734,0.321000,"aten::as_strided",9203
14846,6029610914009.951172,18.679000,"aten::arange",9204
14847,6029610914011.536133,2.289000,"aten::empty",9205
14848,6029610914014.852539,13.383000,"aten::arange",9206
14849,6029610914017.334961,2.043000,"aten::resize_",9207
14851,6029610914032.513672,16.770000,"aten::to",9208
14852,6029610914032.929688,16.162000,"aten::_to_copy",9209
14853,6029610914034.723633,3.097000,"aten::empty_strided",9210
14854,6029610914038.785156,9.750000,"aten::copy_",9211
14856,6029610914051.694336,3.389000,"aten::slice",9212
14857,6029610914053.500000,0.336000,"aten::as_strided",9213
14858,6029610914057.477539,1.574000,"aten::slice",9214
14859,6029610914058.325195,0.179000,"aten::as_strided",9215
14860,6029610914061.702148,12.639000,"aten::sub",9216
14862,6029610914127.678711,15.873000,"aten::floor_divide",9217
14863,6029610914132.040039,2.455000,"aten::empty",9218
14866,6029610914147.619141,18.362000,"aten::zeros_like",9219
14867,6029610914148.897461,4.009000,"aten::empty_like",9220
14868,6029610914149.718750,2.785000,"aten::empty_strided",9221
14869,6029610914153.935547,11.746000,"aten::zero_",9222
14870,6029610914155.218750,9.701000,"aten::fill_",9223
14872,6029610914168.831055,29.686000,"aten::cumsum",9224
14873,6029610914173.375977,0.116000,"aten::to",9225
14882,6029610914201.492188,2.057000,"aten::slice",9226
14883,6029610914202.590820,0.215000,"aten::as_strided",9227
14884,6029610914204.527344,18.232000,"aten::copy_",9228
14886,6029610914226.797852,12.651000,"aten::searchsorted",9229
14887,6029610914228.132812,1.846000,"aten::empty",9230
14888,6029610914231.154297,1.747000,"aten::resize_",9231
14890,6029610914242.502930,9.846000,"aten::sub",9232
14892,6029610914256.774414,13.681000,"aten::clamp",9233
14893,6029610914259.068359,0.162000,"aten::to",9234
14895,6029610914274.597656,15.813000,"aten::index",9235
14896,6029610914277.271484,0.265000,"aten::as_strided",9236
14897,6029610914278.424805,0.996000,"aten::reshape",9237
14898,6029610914278.826172,0.417000,"aten::view",9238
14900,6029610914292.781250,8.309000,"aten::sub",9239
14902,6029610914302.986328,10.760000,"aten::index",9240
14903,6029610914303.750977,0.201000,"aten::as_strided",9241
14904,6029610914304.387695,0.979000,"aten::reshape",9242
14905,6029610914304.755859,0.456000,"aten::view",9243
14907,6029610914315.843750,10.733000,"aten::index",9244
14908,6029610914316.588867,0.164000,"aten::as_strided",9245
14909,6029610914317.185547,0.802000,"aten::reshape",9246
14910,6029610914317.477539,0.380000,"aten::view",9247
14912,6029610914330.792969,11.240000,"aten::floor_divide",9248
14913,6029610914332.757812,3.399000,"aten::empty",9249
14915,6029610914350.070312,11.320000,"aten::mul",9250
14917,6029610914363.718750,11.303000,"aten::lt",9251
14919,6029610914377.583984,8.075000,"aten::mul",9252
14921,6029610914387.525391,8.187000,"aten::add",9253
14923,6029610914398.466797,7.065000,"aten::mul",9254
14925,6029610914406.735352,7.267000,"aten::sub",9255
14928,6029610914415.755859,6.945000,"aten::sub",9256
14930,6029610914423.758789,7.079000,"aten::add",9257
14932,6029610914433.626953,14.948000,"aten::where",9258
14933,6029610914435.635742,1.835000,"aten::empty",9259
14934,6029610914439.607422,1.544000,"aten::resize_",9260
14936,6029610914454.478516,4.293000,"aten::select",9261
14937,6029610914457.339844,0.367000,"aten::as_strided",9262
14938,6029610914460.967773,24647.826000,"aten::item",9263
14939,6029610914462.457031,24645.544000,"aten::_local_scalar_dense",9264
15097,6029610939113.138672,10.646000,"aten::add",9265
15100,6029610939128.465820,11.467000,"aten::clamp",9266
15101,6029610939129.612305,0.158000,"aten::to",9267
15104,6029610939143.126953,18.580000,"aten::index",9268
15105,6029610939145.746094,0.920000,"aten::as_strided",9269
15106,6029610939147.461914,1.247000,"aten::reshape",9270
15107,6029610939147.855469,0.685000,"aten::view",9271
15110,6029610939164.796875,3.358000,"aten::unsqueeze",9272
15111,6029610939166.820312,0.313000,"aten::as_strided",9273
15112,6029610939174.008789,2.464000,"aten::alias",9274
15113,6029610939179.421875,4.431000,"aten::slice",9275
15114,6029610939181.033203,0.552000,"aten::as_strided",9276
15115,6029610939187.047852,1.465000,"aten::slice",9277
15116,6029610939187.609375,0.335000,"aten::as_strided",9278
15117,6029610939190.704102,1.560000,"aten::slice",9279
15118,6029610939191.243164,0.515000,"aten::as_strided",9280
15119,6029610939197.872070,16.001000,"aten::cat",9281
15122,6029610939216.571289,11.239000,"aten::cos",9282
15124,6029610939235.774414,11.245000,"aten::mul",9283
15126,6029610939253.746094,16.980000,"aten::to",9284
15127,6029610939254.510742,16.045000,"aten::_to_copy",9285
15128,6029610939256.800781,3.353000,"aten::empty_strided",9286
15129,6029610939260.966797,9.132000,"aten::copy_",9287
15131,6029610939273.582031,10.348000,"aten::sin",9288
15133,6029610939285.923828,8.594000,"aten::mul",9289
15135,6029610939297.154297,10.818000,"aten::to",9290
15136,6029610939297.753906,10.079000,"aten::_to_copy",9291
15137,6029610939298.522461,2.647000,"aten::empty_strided",9292
15138,6029610939301.688477,5.895000,"aten::copy_",9293
15140,6029610939309.690430,9.990000,"aten::mul",9294
15142,6029610939322.755859,11.298000,"aten::chunk",9295
15143,6029610939324.402344,9.371000,"aten::split",9296
15144,6029610939326.314453,3.932000,"aten::narrow",9297
15145,6029610939328.248047,1.611000,"aten::slice",9298
15146,6029610939329.194336,0.372000,"aten::as_strided",9299
15147,6029610939330.746094,1.937000,"aten::narrow",9300
15148,6029610939331.161133,1.353000,"aten::slice",9301
15149,6029610939331.692383,0.669000,"aten::as_strided",9302
15150,6029610939336.789062,12.802000,"aten::neg",9303
15152,6029610939352.014648,9.905000,"aten::cat",9304
15154,6029610939364.523438,8.682000,"aten::mul",9305
15156,6029610939375.359375,9.599000,"aten::add",9306
15158,6029610939388.732422,9.638000,"aten::cat",9307
15160,6029610939402.834961,3.750000,"aten::squeeze",9308
15161,6029610939405.288086,0.354000,"aten::as_strided",9309
15162,6029610939419.738281,1.910000,"aten::unsqueeze",9310
15163,6029610939420.868164,0.252000,"aten::as_strided",9311
15164,6029610939424.287109,8.999000,"aten::cat",9312
15167,6029610939547.406250,3.098000,"aten::empty",9313
15176,6029610939717.124023,3.318000,"aten::view",9314
15177,6029610939723.990234,1.653000,"aten::view",9315
15178,6029610939727.777344,1.203000,"aten::view",9316
15179,6029610939739.090820,3.468000,"aten::empty",9317
15180,6029610939743.180664,2.080000,"aten::empty",9318
15181,6029610939747.258789,2.408000,"aten::empty",9319
15182,6029610939754.555664,2.501000,"aten::empty",9320
15184,6029610939773.991211,1.065000,"aten::view",9321
15185,6029610939787.418945,1.929000,"aten::reshape",9322
15186,6029610939788.033203,1.070000,"aten::view",9323
15187,6029610939800.375000,4.828000,"aten::split_with_sizes",9324
15188,6029610939802.625977,0.977000,"aten::as_strided",9325
15189,6029610939804.241211,0.200000,"aten::as_strided",9326
15190,6029610939809.273438,2.997000,"aten::squeeze",9327
15191,6029610939811.052734,0.351000,"aten::as_strided",9328
15192,6029610939822.232422,20.203000,"aten::arange",9329
15193,6029610939824.216797,2.181000,"aten::empty",9330
15194,6029610939827.466797,14.554000,"aten::arange",9331
15196,6029610939830.396484,2.632000,"aten::resize_",9332
15198,6029610939846.275391,18.766000,"aten::to",9333
15199,6029610939846.906250,17.918000,"aten::_to_copy",9334
15200,6029610939848.532227,3.008000,"aten::empty_strided",9335
15201,6029610939852.450195,11.927000,"aten::copy_",9336
15203,6029610939868.219727,3.333000,"aten::slice",9337
15204,6029610939869.851562,0.393000,"aten::as_strided",9338
15205,6029610939873.913086,1.444000,"aten::slice",9339
15206,6029610939874.551758,0.231000,"aten::as_strided",9340
15207,6029610939878.331055,12.728000,"aten::sub",9341
15209,6029610939898.756836,16.316000,"aten::floor_divide",9342
15210,6029610939903.305664,2.554000,"aten::empty",9343
15213,6029610939918.923828,18.088000,"aten::zeros_like",9344
15214,6029610939920.323242,3.857000,"aten::empty_like",9345
15215,6029610939921.226562,2.554000,"aten::empty_strided",9346
15216,6029610939925.190430,11.554000,"aten::zero_",9347
15217,6029610939926.465820,9.589000,"aten::fill_",9348
15219,6029610939939.775391,30.683000,"aten::cumsum",9349
15220,6029610939944.399414,0.148000,"aten::to",9350
15229,6029610939973.261719,2.168000,"aten::slice",9351
15230,6029610939974.421875,0.261000,"aten::as_strided",9352
15231,6029610939976.384766,17.864000,"aten::copy_",9353
15233,6029610939998.970703,15.317000,"aten::searchsorted",9354
15234,6029610940000.887695,1.874000,"aten::empty",9355
15235,6029610940004.502930,2.022000,"aten::resize_",9356
15237,6029610940017.235352,10.593000,"aten::sub",9357
15239,6029610940032.218750,13.385000,"aten::clamp",9358
15240,6029610940034.311523,0.201000,"aten::to",9359
15242,6029610940050.154297,17.815000,"aten::index",9360
15243,6029610940053.329102,0.322000,"aten::as_strided",9361
15244,6029610940054.748047,1.069000,"aten::reshape",9362
15245,6029610940055.287109,0.368000,"aten::view",9363
15247,6029610940070.265625,8.574000,"aten::sub",9364
15249,6029610940080.740234,10.737000,"aten::index",9365
15250,6029610940081.629883,0.188000,"aten::as_strided",9366
15251,6029610940082.294922,0.695000,"aten::reshape",9367
15252,6029610940082.636719,0.189000,"aten::view",9368
15254,6029610940093.667969,10.067000,"aten::index",9369
15255,6029610940094.504883,0.477000,"aten::as_strided",9370
15256,6029610940095.448242,0.706000,"aten::reshape",9371
15257,6029610940095.806641,0.184000,"aten::view",9372
15259,6029610940107.713867,10.229000,"aten::floor_divide",9373
15260,6029610940109.593750,2.433000,"aten::empty",9374
15262,6029610940120.893555,10.653000,"aten::mul",9375
15264,6029610940133.851562,11.377000,"aten::lt",9376
15266,6029610940147.625977,7.506000,"aten::mul",9377
15268,6029610940157.102539,8.400000,"aten::add",9378
15270,6029610940167.846680,6.807000,"aten::mul",9379
15272,6029610940175.977539,7.239000,"aten::sub",9380
15274,6029610940184.811523,6.725000,"aten::sub",9381
15276,6029610940192.595703,7.082000,"aten::add",9382
15278,6029610940202.495117,14.876000,"aten::where",9383
15279,6029610940204.644531,1.935000,"aten::empty",9384
15280,6029610940208.756836,1.462000,"aten::resize_",9385
15282,6029610940222.888672,4.205000,"aten::select",9386
15283,6029610940225.632812,0.338000,"aten::as_strided",9387
15284,6029610940229.403320,1301.781000,"aten::item",9388
15285,6029610940230.930664,1299.874000,"aten::_local_scalar_dense",9389
15320,6029610941533.677734,7.981000,"aten::add",9390
15323,6029610941544.980469,9.433000,"aten::clamp",9391
15324,6029610941545.928711,0.234000,"aten::to",9392
15326,6029610941556.896484,15.349000,"aten::index",9393
15328,6029610941558.892578,0.526000,"aten::as_strided",9394
15329,6029610941560.002930,0.988000,"aten::reshape",9395
15330,6029610941560.328125,0.495000,"aten::view",9396
15333,6029610941575.162109,2.893000,"aten::unsqueeze",9397
15334,6029610941576.901367,0.318000,"aten::as_strided",9398
15335,6029610941583.088867,2.541000,"aten::alias",9399
15336,6029610941588.203125,2.726000,"aten::slice",9400
15337,6029610941589.321289,0.437000,"aten::as_strided",9401
15338,6029610941593.856445,1.235000,"aten::slice",9402
15339,6029610941594.405273,0.263000,"aten::as_strided",9403
15340,6029610941597.103516,1.399000,"aten::slice",9404
15341,6029610941597.648438,0.380000,"aten::as_strided",9405
15342,6029610941602.855469,14.363000,"aten::cat",9406
15345,6029610941619.566406,10.306000,"aten::cos",9407
15347,6029610941632.565430,10.323000,"aten::mul",9408
15351,6029610941647.831055,14.889000,"aten::to",9409
15352,6029610941648.215820,14.316000,"aten::_to_copy",9410
15353,6029610941649.995117,3.135000,"aten::empty_strided",9411
15354,6029610941653.899414,8.228000,"aten::copy_",9412
15357,6029610941665.265625,9.375000,"aten::sin",9413
15359,6029610941676.596680,8.490000,"aten::mul",9414
15363,6029610941688.101562,10.870000,"aten::to",9415
15364,6029610941688.468750,10.367000,"aten::_to_copy",9416
15365,6029610941689.332031,2.885000,"aten::empty_strided",9417
15366,6029610941692.702148,5.910000,"aten::copy_",9418
15368,6029610941701.047852,8.636000,"aten::mul",9419
15372,6029610941712.654297,11.147000,"aten::chunk",9420
15373,6029610941714.456055,9.093000,"aten::split",9421
15374,6029610941716.283203,3.578000,"aten::narrow",9422
15375,6029610941717.740234,1.696000,"aten::slice",9423
15376,6029610941718.255859,0.865000,"aten::as_strided",9424
15377,6029610941720.417969,1.354000,"aten::narrow",9425
15378,6029610941720.796875,0.800000,"aten::slice",9426
15379,6029610941721.194336,0.223000,"aten::as_strided",9427
15380,6029610941725.957031,11.465000,"aten::neg",9428
15382,6029610941739.726562,9.536000,"aten::cat",9429
15386,6029610941752.057617,7.700000,"aten::mul",9430
15388,6029610941761.472656,9.290000,"aten::add",9431
15392,6029610941774.006836,9.694000,"aten::cat",9432
15395,6029610941787.848633,2.869000,"aten::squeeze",9433
15396,6029610941789.486328,0.364000,"aten::as_strided",9434
15397,6029610941800.952148,2.098000,"aten::unsqueeze",9435
15398,6029610941802.240234,0.279000,"aten::as_strided",9436
15399,6029610941805.099609,9.126000,"aten::cat",9437
15402,6029610941819.294922,2.220000,"aten::reshape",9438
15403,6029610941819.723633,1.567000,"aten::view",9439
15405,6029610941910.901367,3.064000,"aten::empty",9440
15408,6029610941984.182617,13.308000,"aten::mul",9441
15410,6029610942000.432617,8.069000,"aten::mul",9442
15412,6029610942030.675781,153.854000,"_GatherFromSequenceParallelRegion",9443
15415,6029610942051.325195,3.045000,"aten::empty",9444
15416,6029610942066.825195,105.380000,"c10d::_allgather_base_",9445
15417,6029610942084.508789,84.316000,"record_param_comms",9446
15432,6029610942191.659180,37.263000,"aten::index_select",9448
15433,6029610942194.000977,2.116000,"aten::empty",9449
15434,6029610942200.678711,2.653000,"aten::resize_",9450
15435,6029610942205.695312,1.146000,"aten::view",9451
15436,6029610942207.714844,3.661000,"aten::expand",9452
15437,6029610942209.676758,1.312000,"aten::as_strided",9453
15438,6029610942212.156250,15.704000,"aten::gather",9454
15439,6029610942215.811523,0.244000,"aten::as_strided",9455
15440,6029610942216.823242,0.359000,"aten::as_strided",9456
15442,6029610942239.907227,0.596000,"aten::to",9457
15443,6029610942241.773438,0.147000,"aten::to",9458
15444,6029610942245.807617,16.495000,"aten::arange",9459
15445,6029610942247.337891,2.090000,"aten::empty",9460
15446,6029610942250.307617,11.582000,"aten::arange",9461
15447,6029610942252.532227,1.981000,"aten::resize_",9462
15449,6029610942264.688477,18.849000,"aten::to",9463
15450,6029610942265.348633,18.003000,"aten::_to_copy",9464
15451,6029610942267.850586,3.780000,"aten::empty_strided",9465
15452,6029610942272.622070,10.227000,"aten::copy_",9466
15454,6029610942284.927734,9.738000,"aten::to",9467
15455,6029610942285.200195,9.327000,"aten::_to_copy",9468
15456,6029610942285.789062,2.356000,"aten::empty_strided",9469
15457,6029610942288.605469,5.688000,"aten::copy_",9470
15459,6029610942319.899414,8.409000,"aten::squeeze",9471
15460,6029610942324.147461,0.302000,"aten::as_strided",9472
15461,6029610942341.636719,171.623000,"FusedSparseAttentionFunc",9473
15462,6029610942353.582031,21.091000,"aten::full",9474
15463,6029610942354.662109,3.407000,"aten::empty",9475
15464,6029610942363.947266,10.341000,"aten::fill_",9476
15466,6029610942377.465820,0.202000,"aten::to",9477
15467,6029610942379.666016,0.101000,"aten::to",9478
15468,6029610942382.884766,2.739000,"aten::reshape",9479
15469,6029610942383.541992,1.815000,"aten::view",9480
15470,6029610942388.483398,3.412000,"aten::permute",9481
15471,6029610942390.899414,0.290000,"aten::as_strided",9482
15472,6029610942393.173828,2.468000,"aten::reshape",9483
15473,6029610942393.514648,1.927000,"aten::view",9484
15474,6029610942397.333984,1.755000,"aten::reshape",9485
15475,6029610942397.753906,1.166000,"aten::view",9486
15476,6029610942400.406250,1.165000,"aten::reshape",9487
15477,6029610942400.753906,0.629000,"aten::view",9488
15478,6029610942408.168945,2.955000,"aten::unsqueeze",9489
15479,6029610942410.110352,0.224000,"aten::as_strided",9490
15480,6029610942412.120117,1.433000,"aten::unsqueeze",9491
15481,6029610942412.869141,0.184000,"aten::as_strided",9492
15482,6029610942431.086914,3.411000,"aten::empty",9493
15483,6029610942435.278320,2.488000,"aten::empty",9494
15484,6029610942438.424805,2.296000,"aten::empty",9495
15494,6029610942480.371094,15.405000,"aten::clamp_min",9496
15495,6029610942482.775391,0.171000,"aten::to",9497
15497,6029610942501.283203,2.161000,"aten::reshape",9498
15498,6029610942501.927734,1.326000,"aten::view",9499
15499,6029610942530.333984,103.889000,"aten::einsum",9500
15500,6029610942534.318359,3.623000,"aten::unsqueeze",9501
15501,6029610942535.997070,0.912000,"aten::as_strided",9502
15502,6029610942538.611328,2.552000,"aten::permute",9503
15503,6029610942540.220703,0.275000,"aten::as_strided",9504
15504,6029610942542.136719,1.383000,"aten::unsqueeze",9505
15505,6029610942542.696289,0.390000,"aten::as_strided",9506
15506,6029610942543.926758,1.167000,"aten::unsqueeze",9507
15507,6029610942544.444336,0.318000,"aten::as_strided",9508
15508,6029610942545.614258,1.224000,"aten::permute",9509
15509,6029610942546.196289,0.335000,"aten::as_strided",9510
15510,6029610942549.940430,2.202000,"aten::permute",9511
15511,6029610942551.115234,0.501000,"aten::as_strided",9512
15512,6029610942552.760742,8.245000,"aten::reshape",9513
15513,6029610942556.193359,4.434000,"aten::_reshape_alias",9514
15514,6029610942561.787109,1.215000,"aten::permute",9515
15515,6029610942562.320312,0.372000,"aten::as_strided",9516
15516,6029610942563.405273,1.655000,"aten::reshape",9517
15517,6029610942564.160156,0.718000,"aten::_reshape_alias",9518
15518,6029610942565.974609,57.936000,"aten::bmm",9519
15520,6029610942624.738281,2.050000,"aten::view",9520
15521,6029610942627.368164,3.045000,"aten::permute",9521
15522,6029610942628.775391,0.566000,"aten::as_strided",9522
15523,6029610942631.882812,1.577000,"aten::view",9523
15524,6029610942637.601562,20.728000,"aten::contiguous",9524
15525,6029610942638.559570,19.549000,"aten::clone",9525
15526,6029610942641.093750,4.382000,"aten::empty_like",9526
15527,6029610942641.840820,3.194000,"aten::empty",9527
15528,6029610942646.263672,11.156000,"aten::copy_",9528
15530,6029610942663.844727,2.960000,"aten::view",9529
15532,6029610942764.743164,98.229000,"_Linear",9530
15533,6029610942802.401367,3.007000,"aten::empty",9531
15535,6029610942932.826172,69.273000,"LinearWithGradAccumulationAndAsyncCommunication",9532
15536,6029610942945.311523,5.465000,"aten::t",9533
15537,6029610942947.666016,2.375000,"aten::transpose",9534
15538,6029610942949.079102,0.666000,"aten::as_strided",9535
15539,6029610942953.010742,43.325000,"aten::matmul",9536
15540,6029610942954.561523,1.726000,"aten::reshape",9537
15541,6029610942955.056641,0.976000,"aten::view",9538
15542,6029610942957.174805,35.351000,"aten::mm",9539
15544,6029610942993.939453,1.604000,"aten::_unsafe_view",9540
15545,6029610943010.349609,15.054000,"_ReduceFromModelParallelRegion",9541
15546,6029610943020.573242,2.793000,"aten::view_as",9542
15547,6029610943021.839844,1.188000,"aten::view",9543
15548,6029610943042.056641,8.985000,"_CopyToModelParallelRegion",9544
15549,6029610943048.313477,1.490000,"aten::view_as",9545
15550,6029610943048.780273,0.806000,"aten::view",9546
15551,6029610943066.871094,46.156000,"LinearWithGradAccumulationAndAsyncCommunication",9547
15552,6029610943074.033203,2.924000,"aten::t",9548
15553,6029610943074.818359,1.558000,"aten::transpose",9549
15554,6029610943075.659180,0.477000,"aten::as_strided",9550
15555,6029610943078.282227,30.095000,"aten::matmul",9551
15556,6029610943079.174805,1.343000,"aten::reshape",9552
15557,6029610943079.535156,0.777000,"aten::view",9553
15558,6029610943080.989258,24.794000,"aten::mm",9554
15560,6029610943106.851562,0.814000,"aten::_unsafe_view",9555
15561,6029610943118.948242,8.073000,"_GatherFromModelParallelRegion",9556
15562,6029610943124.385742,1.482000,"aten::view_as",9557
15563,6029610943124.958008,0.660000,"aten::view",9558
15564,6029610943135.336914,23.318000,"aten::mul",9559
15566,6029610943169.087891,3.017000,"aten::reshape",9560
15567,6029610943169.513672,2.333000,"aten::view",9561
15568,6029610943174.960938,14.533000,"aten::add",9562
15570,6029610943221.136719,0.658000,"aten::dropout",9563
15571,6029610943223.169922,10.109000,"aten::add",9564
15573,6029610943339.295898,92.000000,"_OperationFuserAutogradFunction",9565
15574,6029610943362.519531,1.288000,"aten::view",9566
15575,6029610943367.179688,0.728000,"aten::view",9567
15576,6029610943380.155273,4.291000,"aten::empty",9568
15577,6029610943387.338867,2.676000,"aten::empty",9569
15578,6029610943394.865234,2.553000,"aten::empty",9570
15580,6029610943413.915039,1.152000,"aten::view",9571
15581,6029610943451.454102,3.633000,"aten::transpose",9572
15582,6029610943453.616211,0.668000,"aten::as_strided",9573
15583,6029610943457.024414,0.371000,"aten::to",9574
15585,6029610943533.615234,89.356000,"_Linear",9575
15586,6029610943562.787109,2.879000,"aten::empty",9576
15588,6029610943658.108398,10.099000,"_CopyToModelParallelRegion",9577
15589,6029610943664.235352,2.305000,"aten::view_as",9578
15590,6029610943664.976562,1.342000,"aten::view",9579
15591,6029610943685.227539,59.002000,"LinearWithGradAccumulationAndAsyncCommunication",9580
15592,6029610943693.692383,4.512000,"aten::t",9581
15593,6029610943695.141602,2.309000,"aten::transpose",9582
15594,6029610943696.034180,1.172000,"aten::as_strided",9583
15595,6029610943700.056641,39.612000,"aten::matmul",9584
15596,6029610943701.407227,1.559000,"aten::reshape",9585
15597,6029610943701.839844,0.912000,"aten::view",9586
15598,6029610943703.718750,32.505000,"aten::mm",9587
15600,6029610943737.897461,1.046000,"aten::_unsafe_view",9588
15601,6029610943750.130859,8.531000,"_GatherFromModelParallelRegion",9589
15602,6029610943756.179688,1.402000,"aten::view_as",9590
15603,6029610943756.654297,0.720000,"aten::view",9591
15604,6029610943768.655273,6.860000,"_CopyToModelParallelRegion",9592
15605,6029610943773.129883,1.275000,"aten::view_as",9593
15606,6029610943773.592773,0.615000,"aten::view",9594
15607,6029610943786.188477,39.790000,"LinearWithGradAccumulationAndAsyncCommunication",9595
15608,6029610943792.097656,2.356000,"aten::t",9596
15609,6029610943792.651367,1.206000,"aten::transpose",9597
15610,6029610943793.250977,0.394000,"aten::as_strided",9598
15611,6029610943795.510742,26.702000,"aten::matmul",9599
15612,6029610943796.039062,2.047000,"aten::reshape",9600
15613,6029610943796.346680,1.524000,"aten::view",9601
15614,6029610943798.610352,21.728000,"aten::mm",9602
15616,6029610943821.253906,0.538000,"aten::_unsafe_view",9603
15617,6029610943833.608398,21.151000,"aten::mul",9604
15619,6029610943863.489258,3.012000,"aten::reshape",9605
15620,6029610943863.994141,2.245000,"aten::view",9606
15621,6029610943868.833984,12.775000,"aten::add",9607
15623,6029610943892.832031,1.911000,"aten::view",9608
15624,6029610943901.242188,191.580000,"SwiGLUFunction",9609
15625,6029610943924.338867,28.273000,"TorchDynamo Cache Lookup",9610
15626,6029610943954.132812,131.802000,"Torch-Compiled Region: 2/4",9611
15627,6029610943964.137695,7.309000,"Pregraph bytecode",9612
15628,6029610943986.653320,7.443000,"AOTDispatcher Runtime Wrapper Prologue",9613
15629,6029610944003.166992,68.770000,"## Call CompiledFxGraph ftnwqncgas3evtcpnu3uiligps56abm45rnq467jaa35zufjlufy ##",9614
15630,6029610944044.068359,24.650000,"triton_poi_fused_mul_silu_split_0",9615
15632,6029610944095.745117,2.278000,"aten::view",9616
15634,6029610944151.616211,85.536000,"_Linear",9617
15635,6029610944181.158203,3.693000,"aten::empty",9618
15637,6029610944293.522461,56.305000,"LinearWithGradAccumulationAndAsyncCommunication",9619
15638,6029610944301.794922,5.217000,"aten::t",9620
15639,6029610944303.267578,3.070000,"aten::transpose",9621
15640,6029610944304.733398,1.288000,"aten::as_strided",9622
15641,6029610944308.961914,36.090000,"aten::matmul",9623
15642,6029610944310.192383,1.949000,"aten::reshape",9624
15643,6029610944310.682617,1.234000,"aten::view",9625
15644,6029610944312.827148,29.210000,"aten::mm",9626
15646,6029610944343.092773,1.100000,"aten::_unsafe_view",9627
15647,6029610944356.447266,9.595000,"_ReduceFromModelParallelRegion",9628
15648,6029610944362.841797,1.643000,"aten::view_as",9629
15649,6029610944363.546875,0.699000,"aten::view",9630
15650,6029610944376.753906,6.385000,"_CopyToModelParallelRegion",9631
15651,6029610944380.724609,1.300000,"aten::view_as",9632
15652,6029610944381.094727,0.682000,"aten::view",9633
15653,6029610944394.330078,35.682000,"LinearWithGradAccumulationAndAsyncCommunication",9634
15654,6029610944399.681641,2.338000,"aten::t",9635
15655,6029610944400.379883,1.135000,"aten::transpose",9636
15656,6029610944400.995117,0.308000,"aten::as_strided",9637
15657,6029610944403.046875,23.422000,"aten::matmul",9638
15658,6029610944403.740234,1.261000,"aten::reshape",9639
15659,6029610944404.073242,0.751000,"aten::view",9640
15660,6029610944405.374023,19.315000,"aten::mm",9641
15662,6029610944425.435547,0.663000,"aten::_unsafe_view",9642
15663,6029610944436.047852,7.470000,"_GatherFromModelParallelRegion",9643
15664,6029610944441.006836,1.222000,"aten::view_as",9644
15665,6029610944441.429688,0.624000,"aten::view",9645
15666,6029610944449.832031,30.496000,"aten::mul",9646
15668,6029610944489.646484,2.433000,"aten::reshape",9647
15669,6029610944490.031250,1.820000,"aten::view",9648
15670,6029610944494.275391,13.401000,"aten::add",9649
15672,6029610944540.227539,79.932000,"RouterGatingLinearFunction",9650
15673,6029610944547.261719,0.936000,"aten::view",9651
15674,6029610944571.976562,3.390000,"aten::empty",9652
15676,6029610944614.628906,1.086000,"aten::view",9653
15677,6029610944625.376953,1.902000,"aten::view",9654
15678,6029610944628.893555,1.851000,"aten::reshape",9655
15679,6029610944629.359375,1.203000,"aten::view",9656
15680,6029610944646.773438,0.345000,"aten::to",9657
15681,6029610944649.401367,18.017000,"aten::sigmoid",9658
15683,6029610944669.273438,0.498000,"aten::to",9659
15684,6029610944670.802734,14.168000,"aten::add",9660
15686,6029610944688.256836,2.251000,"aten::view",9661
15687,6029610944694.909180,46.795000,"aten::topk",9662
15703,6029610944746.931641,22.383000,"aten::sum",9663
15704,6029610944754.674805,0.761000,"aten::as_strided",9664
15706,6029610944773.861328,11.673000,"aten::topk",9665
15708,6029610944793.451172,20.537000,"aten::zeros_like",9666
15709,6029610944794.765625,6.278000,"aten::empty_like",9667
15710,6029610944796.441406,4.136000,"aten::empty_strided",9668
15711,6029610944802.123047,11.617000,"aten::zero_",9669
15712,6029610944803.526367,9.531000,"aten::fill_",9670
15714,6029610944817.860352,15.750000,"aten::scatter_",9671
15715,6029610944824.358398,0.307000,"aten::as_strided",9672
15717,6029610944836.019531,3.310000,"aten::unsqueeze",9673
15718,6029610944838.204102,0.254000,"aten::as_strided",9674
15719,6029610944842.101562,4.716000,"aten::expand",9675
15720,6029610944845.051758,0.687000,"aten::as_strided",9676
15721,6029610944848.478516,7.109000,"aten::reshape",9677
15722,6029610944852.976562,2.295000,"aten::_reshape_alias",9678
15723,6029610944857.553711,23.058000,"aten::to",9679
15724,6029610944858.577148,21.833000,"aten::_to_copy",9680
15725,6029610944861.191406,3.106000,"aten::empty_strided",9681
15727,6029610944865.464844,14.289000,"aten::copy_",9682
15729,6029610944883.782227,13.662000,"aten::bitwise_not",9683
15731,6029610944903.595703,45.786000,"aten::masked_fill",9684
15732,6029610944907.379883,29.266000,"aten::clone",9685
15733,6029610944908.351562,4.433000,"aten::empty_like",9686
15734,6029610944909.300781,3.219000,"aten::empty",9687
15735,6029610944913.318359,23.017000,"aten::copy_",9688
15737,6029610944937.793945,10.740000,"aten::masked_fill_",9689
15739,6029610944952.281250,27.695000,"aten::topk",9690
15755,6029610944993.338867,15.512000,"aten::gather",9691
15756,6029610944999.064453,0.331000,"aten::as_strided",9692
15757,6029610945000.245117,0.183000,"aten::as_strided",9693
15759,6029610945011.676758,13.359000,"aten::sum",9694
15764,6029610945029.745117,14.297000,"aten::add",9695
15768,6029610945047.841797,14.570000,"aten::div",9696
15770,6029610945065.525391,12.767000,"aten::mul",9697
15772,6029610945081.089844,1.871000,"aten::type_as",9698
15773,6029610945082.205078,0.586000,"aten::to",9699
15774,6029610945086.027344,14.045000,"aten::zeros_like",9700
15775,6029610945086.769531,3.825000,"aten::empty_like",9701
15776,6029610945087.377930,2.941000,"aten::empty_strided",9702
15777,6029610945091.126953,8.722000,"aten::zero_",9703
15778,6029610945092.037109,7.158000,"aten::fill_",9704
15780,6029610945103.244141,28.268000,"aten::scatter",9705
15781,6029610945109.499023,11.098000,"aten::copy_",9706
15783,6029610945122.174805,0.480000,"aten::as_strided",9707
15784,6029610945123.067383,0.238000,"aten::as_strided",9708
15786,6029610945133.946289,10.782000,"aten::zeros_like",9709
15787,6029610945134.469727,3.102000,"aten::empty_like",9710
15788,6029610945135.041016,2.312000,"aten::empty_strided",9711
15789,6029610945138.144531,6.424000,"aten::zero_",9712
15790,6029610945138.970703,5.032000,"aten::fill_",9713
15792,6029610945146.296875,13.144000,"aten::to",9714
15793,6029610945146.781250,12.460000,"aten::_to_copy",9715
15794,6029610945147.867188,2.714000,"aten::empty_strided",9716
15795,6029610945151.119141,7.630000,"aten::copy_",9717
15797,6029610945162.869141,19.363000,"aten::scatter",9718
15798,6029610945166.183594,7.685000,"aten::copy_",9719
15800,6029610945174.881836,0.320000,"aten::as_strided",9720
15802,6029610945184.242188,12.037000,"aten::to",9721
15803,6029610945184.577148,11.553000,"aten::_to_copy",9722
15804,6029610945185.261719,2.340000,"aten::empty_strided",9723
15805,6029610945188.333008,7.534000,"aten::copy_",9724
15807,6029610945248.142578,28.954000,"TorchDynamo Cache Lookup",9725
15808,6029610945278.285156,19830.563000,"Torch-Compiled Region: 4/3",9726
15809,6029610945288.216797,7.685000,"Pregraph bytecode",9727
15810,6029610945311.849609,9.088000,"AOTDispatcher Runtime Wrapper Prologue",9728
15811,6029610945374.648438,14.031000,"## Call CompiledFxGraph ffqfii4z2nn5a234ayoxvpzmpxm2ecoijt4taprfnuqf6o6d2cos ##",9729
15812,6029610945406.737305,3.374000,"aten::as_strided",9730
15813,6029610945415.872070,2.895000,"aten::as_strided",9731
15814,6029610945430.086914,3.298000,"aten::view",9732
15815,6029610945450.239258,43.320000,"TorchDynamo Cache Lookup",9733
15816,6029610945494.593750,19607.997000,"Torch-Compiled Region: 5/3",9734
15817,6029610945498.275391,3.420000,"Pregraph bytecode",9735
15818,6029610945509.795898,5.550000,"AOTDispatcher Runtime Wrapper Prologue",9736
15819,6029610945521.166992,246.969000,"## Call CompiledFxGraph fnkiwcsfuehnlfw5d3cywvi2duqgczmopj7zi7ubcdfyztfsjquy ##",9737
15820,6029610945549.584961,22.229000,"triton_poi_fused__to_copy_all_reduce_scalar_tensor_stack_0",9738
15822,6029610945583.888672,120.286000,"_c10d_functional::all_reduce_",9739
15823,6029610945588.730469,113.012000,"c10d::allreduce_",9740
15824,6029610945609.794922,88.109000,"record_param_comms",9741
15841,6029610945711.752930,53.097000,"_c10d_functional::wait_tensor",9743
15842,6029610945749.396484,3.554000,"record_param_comms",9744
15845,6029610945780.413086,19202.579000,"aten::item",9745
15846,6029610945781.991211,19200.451000,"aten::_local_scalar_dense",9746
15902,6029610964994.023438,20.806000,"TorchDynamo Cache Lookup",9747
15903,6029610965015.622070,85.022000,"Torch-Compiled Region: 6/3",9748
15904,6029610965022.624023,4.686000,"Pregraph bytecode",9749
15905,6029610965039.363281,6.497000,"AOTDispatcher Runtime Wrapper Prologue",9750
15906,6029610965052.194336,11.398000,"## Call CompiledFxGraph f3tq6x6bt5eden6n2umkfxx3rj6ut42hpbddqqwigq3nbcwnzya4 ##",9751
15907,6029610965074.515625,8.620000,"aten::as_strided",9752
15908,6029610965088.617188,1.337000,"aten::as_strided",9753
15909,6029610965137.195312,780.320000,"HybridEPDispatch",9754
15913,6029610965224.798828,7.139000,"aten::empty",9755
15914,6029610965232.909180,2.559000,"aten::empty",9756
15915,6029610965236.002930,1.696000,"aten::empty",9757
15916,6029610965238.177734,7.123000,"aten::empty",9758
15917,6029610965245.792969,3.378000,"aten::empty",9759
15918,6029610965249.733398,2.359000,"aten::empty",9760
15921,6029610965274.989258,2.970000,"aten::empty",9761
15922,6029610965278.539062,2.125000,"aten::empty",9762
15923,6029610965281.190430,2.407000,"aten::empty",9763
15924,6029610965284.144531,2.525000,"aten::empty",9764
15925,6029610965287.241211,2.455000,"aten::empty",9765
15928,6029610965301.218750,0.529000,"aten::empty",9766
15935,6029610965850.279297,2.874000,"aten::empty",9767
15936,6029610965853.878906,2.732000,"aten::empty",9768
15946,6029610965926.724609,0.458000,"aten::to",9769
15947,6029610965929.791016,18.654000,"aten::sum",9770
15948,6029610965931.585938,16.502000,"aten::sum",9771
15949,6029610965936.513672,1.201000,"aten::as_strided",9772
15950,6029610965945.535156,0.969000,"aten::fill_",9773
15951,6029610965970.788086,5.460000,"aten::unsqueeze",9774
15952,6029610965973.935547,0.518000,"aten::as_strided",9775
15953,6029610965982.240234,0.410000,"aten::resolve_conj",9776
15954,6029610965983.743164,0.224000,"aten::resolve_neg",9777
15955,6029610966014.418945,3.655000,"aten::view",9778
15956,6029610966025.061523,2.508000,"aten::alias",9779
15957,6029610966032.874023,1.066000,"aten::view",9780
15958,6029610966036.036133,0.602000,"aten::alias",9781
15959,6029610966040.449219,0.676000,"aten::view",9782
15960,6029610966043.150391,0.769000,"aten::alias",9783
15961,6029610966047.632812,0.819000,"aten::view",9784
15962,6029610966050.343750,0.767000,"aten::alias",9785
15963,6029610966054.631836,1.030000,"aten::view",9786
15964,6029610966057.820312,0.780000,"aten::alias",9787
15965,6029610966062.275391,0.625000,"aten::view",9788
15966,6029610966064.701172,0.551000,"aten::alias",9789
15967,6029610966068.711914,0.672000,"aten::view",9790
15968,6029610966071.271484,0.640000,"aten::alias",9791
15969,6029610966075.738281,0.939000,"aten::view",9792
15970,6029610966078.977539,0.693000,"aten::alias",9793
15971,6029610966083.300781,0.594000,"aten::view",9794
15972,6029610966085.944336,0.592000,"aten::alias",9795
15973,6029610966090.241211,0.843000,"aten::view",9796
15974,6029610966092.971680,0.630000,"aten::alias",9797
15975,6029610966096.791016,0.762000,"aten::view",9798
15976,6029610966099.252930,0.590000,"aten::alias",9799
15977,6029610966102.935547,1.055000,"aten::view",9800
15978,6029610966105.765625,0.682000,"aten::alias",9801
15979,6029610966110.183594,0.692000,"aten::view",9802
15980,6029610966112.692383,0.914000,"aten::alias",9803
15981,6029610966116.799805,0.753000,"aten::view",9804
15982,6029610966119.568359,0.583000,"aten::alias",9805
15983,6029610966123.306641,0.559000,"aten::view",9806
15984,6029610966125.800781,0.778000,"aten::alias",9807
15985,6029610966129.831055,0.820000,"aten::view",9808
15986,6029610966132.882812,0.498000,"aten::alias",9809
15987,6029610966136.699219,0.625000,"aten::view",9810
15988,6029610966139.409180,0.585000,"aten::alias",9811
15989,6029610966143.460938,0.698000,"aten::view",9812
15990,6029610966146.392578,0.527000,"aten::alias",9813
15991,6029610966150.065430,0.958000,"aten::view",9814
15992,6029610966153.129883,0.516000,"aten::alias",9815
15993,6029610966156.701172,0.598000,"aten::view",9816
15994,6029610966159.180664,0.724000,"aten::alias",9817
15995,6029610966163.025391,0.707000,"aten::view",9818
15996,6029610966165.736328,0.473000,"aten::alias",9819
15997,6029610966169.256836,0.638000,"aten::view",9820
15998,6029610966172.010742,0.502000,"aten::alias",9821
15999,6029610966175.723633,0.987000,"aten::view",9822
16000,6029610966178.790039,0.792000,"aten::alias",9823
16001,6029610966182.845703,0.713000,"aten::view",9824
16002,6029610966185.651367,0.964000,"aten::alias",9825
16003,6029610966190.267578,0.812000,"aten::view",9826
16004,6029610966193.170898,0.715000,"aten::alias",9827
16005,6029610966197.336914,0.769000,"aten::view",9828
16006,6029610966200.051758,0.758000,"aten::alias",9829
16007,6029610966204.313477,0.535000,"aten::view",9830
16008,6029610966206.857422,0.570000,"aten::alias",9831
16009,6029610966210.576172,0.849000,"aten::view",9832
16010,6029610966213.349609,0.605000,"aten::alias",9833
16011,6029610966216.908203,0.877000,"aten::view",9834
16012,6029610966219.828125,0.745000,"aten::alias",9835
16013,6029610966223.836914,0.911000,"aten::view",9836
16014,6029610966226.944336,0.528000,"aten::alias",9837
16015,6029610966230.203125,0.788000,"aten::view",9838
16016,6029610966233.017578,0.529000,"aten::alias",9839
16017,6029610966236.783203,0.472000,"aten::view",9840
16018,6029610966239.280273,0.758000,"aten::alias",9841
16019,6029610966277.671875,62.878000,"TorchDynamo Cache Lookup",9842
16020,6029610966341.633789,560.130000,"Torch-Compiled Region: 8/2",9843
16021,6029610966348.713867,3.629000,"Pregraph bytecode",9844
16022,6029610966364.279297,6.795000,"AOTDispatcher Runtime Wrapper Prologue",9845
16023,6029610966380.890625,511.102000,"## Call CompiledFxGraph fq7m25neaplnlgu4vjz3ffl5fisqpcpy3hcdd7muznj4iudd4ynw ##",9846
16024,6029610966445.043945,37.270000,"triton_poi_fused__to_copy_mul_unsqueeze_view_0",9847
16026,6029610966490.850586,10.810000,"triton_poi_fused__to_copy_mul_unsqueeze_view_0",9848
16028,6029610966507.397461,8.972000,"triton_poi_fused__to_copy_mul_unsqueeze_view_0",9849
16030,6029610966521.149414,9.408000,"triton_poi_fused__to_copy_mul_unsqueeze_view_0",9850
16032,6029610966535.900391,9.777000,"triton_poi_fused__to_copy_mul_unsqueeze_view_0",9851
16034,6029610966550.460938,7.720000,"triton_poi_fused__to_copy_mul_unsqueeze_view_0",9852
16036,6029610966563.028320,8.484000,"triton_poi_fused__to_copy_mul_unsqueeze_view_0",9853
16038,6029610966576.151367,7.955000,"triton_poi_fused__to_copy_mul_unsqueeze_view_0",9854
16040,6029610966588.823242,8.305000,"triton_poi_fused__to_copy_mul_unsqueeze_view_0",9855
16042,6029610966601.842773,8.516000,"triton_poi_fused__to_copy_mul_unsqueeze_view_0",9856
16044,6029610966615.244141,7.324000,"triton_poi_fused__to_copy_mul_unsqueeze_view_0",9857
16046,6029610966627.183594,8.532000,"triton_poi_fused__to_copy_mul_unsqueeze_view_0",9858
16048,6029610966640.764648,7.889000,"triton_poi_fused__to_copy_mul_unsqueeze_view_0",9859
16050,6029610966653.680664,7.835000,"triton_poi_fused__to_copy_mul_unsqueeze_view_0",9860
16052,6029610966666.500977,8.924000,"triton_poi_fused__to_copy_mul_unsqueeze_view_0",9861
16054,6029610966680.297852,7.419000,"triton_poi_fused__to_copy_mul_unsqueeze_view_0",9862
16056,6029610966692.306641,7.706000,"triton_poi_fused__to_copy_mul_unsqueeze_view_0",9863
16058,6029610966704.993164,7.500000,"triton_poi_fused__to_copy_mul_unsqueeze_view_0",9864
16060,6029610966716.733398,6.948000,"triton_poi_fused__to_copy_mul_unsqueeze_view_0",9865
16062,6029610966728.096680,7.742000,"triton_poi_fused__to_copy_mul_unsqueeze_view_0",9866
16064,6029610966740.714844,7.687000,"triton_poi_fused__to_copy_mul_unsqueeze_view_0",9867
16066,6029610966753.186523,7.568000,"triton_poi_fused__to_copy_mul_unsqueeze_view_0",9868
16068,6029610966765.473633,7.201000,"triton_poi_fused__to_copy_mul_unsqueeze_view_0",9869
16070,6029610966777.250000,7.672000,"triton_poi_fused__to_copy_mul_unsqueeze_view_0",9870
16072,6029610966789.776367,7.387000,"triton_poi_fused__to_copy_mul_unsqueeze_view_0",9871
16074,6029610966802.077148,7.177000,"triton_poi_fused__to_copy_mul_unsqueeze_view_0",9872
16076,6029610966813.997070,8.093000,"triton_poi_fused__to_copy_mul_unsqueeze_view_0",9873
16078,6029610966827.236328,7.771000,"triton_poi_fused__to_copy_mul_unsqueeze_view_0",9874
16080,6029610966839.389648,7.768000,"triton_poi_fused__to_copy_mul_unsqueeze_view_0",9875
16082,6029610966851.615234,8.333000,"triton_poi_fused__to_copy_mul_unsqueeze_view_0",9876
16084,6029610966864.463867,7.180000,"triton_poi_fused__to_copy_mul_unsqueeze_view_0",9877
16086,6029610966876.169922,7.586000,"triton_poi_fused__to_copy_mul_unsqueeze_view_0",9878
16088,6029610966948.698242,46.481000,"aten::unbind",9879
16089,6029610966951.509766,4.278000,"aten::select",9880
16090,6029610966953.892578,1.159000,"aten::as_strided",9881
16091,6029610966956.457031,0.968000,"aten::select",9882
16092,6029610966956.951172,0.252000,"aten::as_strided",9883
16093,6029610966958.215820,0.944000,"aten::select",9884
16094,6029610966958.811523,0.148000,"aten::as_strided",9885
16095,6029610966959.544922,0.733000,"aten::select",9886
16096,6029610966959.971680,0.105000,"aten::as_strided",9887
16097,6029610966960.618164,0.755000,"aten::select",9888
16098,6029610966961.070312,0.115000,"aten::as_strided",9889
16099,6029610966961.740234,0.630000,"aten::select",9890
16100,6029610966962.064453,0.134000,"aten::as_strided",9891
16101,6029610966962.740234,0.765000,"aten::select",9892
16102,6029610966963.204102,0.094000,"aten::as_strided",9893
16103,6029610966963.869141,0.776000,"aten::select",9894
16104,6029610966964.195312,0.278000,"aten::as_strided",9895
16105,6029610966965.019531,0.732000,"aten::select",9896
16106,6029610966965.443359,0.127000,"aten::as_strided",9897
16107,6029610966966.125977,0.682000,"aten::select",9898
16108,6029610966966.498047,0.135000,"aten::as_strided",9899
16109,6029610966967.276367,0.882000,"aten::select",9900
16110,6029610966967.842773,0.139000,"aten::as_strided",9901
16111,6029610966968.498047,0.670000,"aten::select",9902
16112,6029610966968.852539,0.103000,"aten::as_strided",9903
16113,6029610966969.481445,0.840000,"aten::select",9904
16114,6029610966969.962891,0.153000,"aten::as_strided",9905
16115,6029610966970.714844,0.634000,"aten::select",9906
16116,6029610966971.046875,0.102000,"aten::as_strided",9907
16117,6029610966971.664062,0.694000,"aten::select",9908
16118,6029610966972.064453,0.139000,"aten::as_strided",9909
16119,6029610966972.671875,0.710000,"aten::select",9910
16120,6029610966973.016602,0.178000,"aten::as_strided",9911
16121,6029610966973.722656,1.201000,"aten::select",9912
16122,6029610966974.586914,0.184000,"aten::as_strided",9913
16123,6029610966975.277344,0.696000,"aten::select",9914
16124,6029610966975.631836,0.146000,"aten::as_strided",9915
16125,6029610966976.316406,0.661000,"aten::select",9916
16126,6029610966976.650391,0.172000,"aten::as_strided",9917
16127,6029610966977.290039,0.719000,"aten::select",9918
16128,6029610966977.676758,0.148000,"aten::as_strided",9919
16129,6029610966978.321289,0.721000,"aten::select",9920
16130,6029610966978.667969,0.176000,"aten::as_strided",9921
16131,6029610966979.359375,0.668000,"aten::select",9922
16132,6029610966979.714844,0.156000,"aten::as_strided",9923
16133,6029610966980.337891,0.788000,"aten::select",9924
16134,6029610966980.805664,0.166000,"aten::as_strided",9925
16135,6029610966981.567383,0.848000,"aten::select",9926
16136,6029610966982.034180,0.196000,"aten::as_strided",9927
16137,6029610966982.878906,0.688000,"aten::select",9928
16138,6029610966983.275391,0.137000,"aten::as_strided",9929
16139,6029610966983.879883,0.706000,"aten::select",9930
16140,6029610966984.261719,0.137000,"aten::as_strided",9931
16141,6029610966984.900391,0.654000,"aten::select",9932
16142,6029610966985.234375,0.165000,"aten::as_strided",9933
16143,6029610966985.869141,0.664000,"aten::select",9934
16144,6029610966986.199219,0.178000,"aten::as_strided",9935
16145,6029610966986.848633,0.870000,"aten::select",9936
16146,6029610966987.415039,0.116000,"aten::as_strided",9937
16147,6029610966988.034180,0.640000,"aten::select",9938
16148,6029610966988.376953,0.142000,"aten::as_strided",9939
16149,6029610966988.989258,0.745000,"aten::select",9940
16150,6029610966989.418945,0.158000,"aten::as_strided",9941
16151,6029610966990.046875,0.755000,"aten::select",9942
16152,6029610966990.413086,0.204000,"aten::as_strided",9943
16153,6029610967000.896484,5.819000,"aten::new_empty",9944
16154,6029610967002.694336,3.695000,"aten::empty",9945
16155,6029610967008.503906,2.311000,"aten::new_empty",9946
16156,6029610967008.822266,1.768000,"aten::empty",9947
16157,6029610967011.877930,2.132000,"aten::new_empty",9948
16158,6029610967012.160156,1.683000,"aten::empty",9949
16159,6029610967014.884766,2.135000,"aten::new_empty",9950
16160,6029610967015.172852,1.689000,"aten::empty",9951
16161,6029610967017.953125,2.277000,"aten::new_empty",9952
16162,6029610967018.208984,1.833000,"aten::empty",9953
16163,6029610967021.230469,2.350000,"aten::new_empty",9954
16164,6029610967021.533203,1.848000,"aten::empty",9955
16165,6029610967024.485352,2.152000,"aten::new_empty",9956
16166,6029610967024.772461,1.715000,"aten::empty",9957
16167,6029610967027.555664,2.226000,"aten::new_empty",9958
16168,6029610967027.834961,1.735000,"aten::empty",9959
16169,6029610967030.637695,2.149000,"aten::new_empty",9960
16170,6029610967030.916992,1.716000,"aten::empty",9961
16171,6029610967033.774414,2.300000,"aten::new_empty",9962
16172,6029610967034.051758,1.840000,"aten::empty",9963
16173,6029610967036.960938,2.190000,"aten::new_empty",9964
16174,6029610967037.245117,1.699000,"aten::empty",9965
16175,6029610967040.057617,2.171000,"aten::new_empty",9966
16176,6029610967040.335938,1.717000,"aten::empty",9967
16177,6029610967043.086914,2.137000,"aten::new_empty",9968
16178,6029610967043.371094,1.694000,"aten::empty",9969
16179,6029610967046.107422,2.186000,"aten::new_empty",9970
16180,6029610967046.385742,1.746000,"aten::empty",9971
16181,6029610967049.223633,2.687000,"aten::new_empty",9972
16182,6029610967049.508789,2.207000,"aten::empty",9973
16183,6029610967052.793945,2.237000,"aten::new_empty",9974
16184,6029610967053.073242,1.793000,"aten::empty",9975
16185,6029610967055.879883,2.269000,"aten::new_empty",9976
16186,6029610967056.226562,1.752000,"aten::empty",9977
16187,6029610967059.095703,2.428000,"aten::new_empty",9978
16188,6029610967059.546875,1.784000,"aten::empty",9979
16189,6029610967062.717773,2.465000,"aten::new_empty",9980
16190,6029610967063.117188,1.885000,"aten::empty",9981
16191,6029610967066.191406,2.298000,"aten::new_empty",9982
16192,6029610967066.482422,1.815000,"aten::empty",9983
16193,6029610967069.362305,2.201000,"aten::new_empty",9984
16194,6029610967069.641602,1.739000,"aten::empty",9985
16195,6029610967072.401367,2.140000,"aten::new_empty",9986
16196,6029610967072.685547,1.688000,"aten::empty",9987
16197,6029610967075.452148,2.211000,"aten::new_empty",9988
16198,6029610967075.737305,1.740000,"aten::empty",9989
16199,6029610967078.551758,2.141000,"aten::new_empty",9990
16200,6029610967078.832031,1.697000,"aten::empty",9991
16201,6029610967081.583008,2.270000,"aten::new_empty",9992
16202,6029610967081.870117,1.811000,"aten::empty",9993
16203,6029610967084.806641,2.184000,"aten::new_empty",9994
16204,6029610967085.087891,1.740000,"aten::empty",9995
16205,6029610967087.879883,2.179000,"aten::new_empty",9996
16206,6029610967088.166992,1.714000,"aten::empty",9997
16207,6029610967090.914062,2.185000,"aten::new_empty",9998
16208,6029610967091.197266,1.734000,"aten::empty",9999
16209,6029610967093.949219,2.176000,"aten::new_empty",10000
16210,6029610967094.252930,1.711000,"aten::empty",10001
16211,6029610967097.015625,2.263000,"aten::new_empty",10002
16212,6029610967097.302734,1.790000,"aten::empty",10003
16213,6029610967100.175781,2.287000,"aten::new_empty",10004
16214,6029610967100.493164,1.810000,"aten::empty",10005
16215,6029610967103.468750,2.355000,"aten::new_empty",10006
16216,6029610967103.956055,1.698000,"aten::empty",10007
16217,6029610967139.240234,806.113000,"_GroupedLinear",10008
16218,6029610967151.050781,4.925000,"aten::reshape",10009
16219,6029610967152.503906,3.159000,"aten::view",10010
16220,6029610967166.594727,34.083000,"aten::split_with_sizes",10011
16221,6029610967168.950195,0.350000,"aten::as_strided",10012
16222,6029610967170.106445,0.227000,"aten::as_strided",10013
16223,6029610967170.840820,0.147000,"aten::as_strided",10014
16224,6029610967171.526367,0.160000,"aten::as_strided",10015
16225,6029610967172.087891,0.133000,"aten::as_strided",10016
16226,6029610967172.608398,0.139000,"aten::as_strided",10017
16227,6029610967173.165039,0.137000,"aten::as_strided",10018
16228,6029610967173.736328,0.162000,"aten::as_strided",10019
16229,6029610967174.286133,0.125000,"aten::as_strided",10020
16230,6029610967174.814453,0.331000,"aten::as_strided",10021
16231,6029610967175.529297,0.288000,"aten::as_strided",10022
16232,6029610967176.210938,0.164000,"aten::as_strided",10023
16233,6029610967176.785156,0.306000,"aten::as_strided",10024
16234,6029610967177.541016,0.133000,"aten::as_strided",10025
16235,6029610967178.085938,0.120000,"aten::as_strided",10026
16236,6029610967178.612305,0.344000,"aten::as_strided",10027
16237,6029610967179.422852,0.224000,"aten::as_strided",10028
16238,6029610967180.067383,0.141000,"aten::as_strided",10029
16239,6029610967180.593750,0.413000,"aten::as_strided",10030
16240,6029610967181.443359,0.170000,"aten::as_strided",10031
16241,6029610967182.012695,0.117000,"aten::as_strided",10032
16242,6029610967182.639648,0.304000,"aten::as_strided",10033
16243,6029610967183.567383,0.248000,"aten::as_strided",10034
16244,6029610967184.221680,0.240000,"aten::as_strided",10035
16245,6029610967184.902344,0.388000,"aten::as_strided",10036
16246,6029610967185.758789,0.218000,"aten::as_strided",10037
16247,6029610967186.356445,0.126000,"aten::as_strided",10038
16248,6029610967186.865234,0.251000,"aten::as_strided",10039
16249,6029610967187.573242,0.292000,"aten::as_strided",10040
16250,6029610967188.247070,0.283000,"aten::as_strided",10041
16251,6029610967188.910156,0.686000,"aten::as_strided",10042
16252,6029610967189.971680,0.260000,"aten::as_strided",10043
16253,6029610967213.777344,3.846000,"aten::empty",10044
16332,6029610967911.106445,3.137000,"aten::view",10045
16333,6029610967972.780273,4.272000,"aten::view",10046
16334,6029610967989.786133,186.362000,"WeightedSwiGLUFunction",10047
16335,6029610968011.103516,25.514000,"TorchDynamo Cache Lookup",10048
16336,6029610968037.876953,130.425000,"Torch-Compiled Region: 9/2",10049
16337,6029610968047.251953,6.289000,"Pregraph bytecode",10050
16338,6029610968067.068359,6.653000,"AOTDispatcher Runtime Wrapper Prologue",10051
16339,6029610968086.391602,69.679000,"## Call CompiledFxGraph fdy7iwqiitrpcystd4www7yc2ewjq6xcvz3773kyahvgoqyxa45e ##",10052
16340,6029610968130.046875,23.234000,"triton_poi_fused__to_copy_mul_silu_split_0",10053
16342,6029610968203.754883,3.424000,"aten::view",10054
16343,6029610968213.386719,1.826000,"aten::alias",10055
16344,6029610968219.829102,1.004000,"aten::view",10056
16345,6029610968223.232422,0.557000,"aten::alias",10057
16346,6029610968227.480469,0.750000,"aten::view",10058
16347,6029610968230.343750,0.638000,"aten::alias",10059
16348,6029610968234.304688,0.589000,"aten::view",10060
16349,6029610968236.976562,1.000000,"aten::alias",10061
16350,6029610968241.394531,0.632000,"aten::view",10062
16351,6029610968244.004883,0.577000,"aten::alias",10063
16352,6029610968247.901367,0.564000,"aten::view",10064
16353,6029610968250.379883,0.608000,"aten::alias",10065
16354,6029610968254.083984,0.677000,"aten::view",10066
16355,6029610968256.631836,0.527000,"aten::alias",10067
16356,6029610968260.556641,0.384000,"aten::view",10068
16357,6029610968262.897461,0.546000,"aten::alias",10069
16358,6029610968266.849609,0.499000,"aten::view",10070
16359,6029610968269.336914,0.496000,"aten::alias",10071
16360,6029610968273.536133,0.410000,"aten::view",10072
16361,6029610968275.662109,0.700000,"aten::alias",10073
16362,6029610968279.771484,0.592000,"aten::view",10074
16363,6029610968282.217773,0.613000,"aten::alias",10075
16364,6029610968286.647461,0.509000,"aten::view",10076
16365,6029610968289.126953,0.501000,"aten::alias",10077
16366,6029610968292.926758,0.667000,"aten::view",10078
16367,6029610968295.536133,0.546000,"aten::alias",10079
16368,6029610968299.247070,0.472000,"aten::view",10080
16369,6029610968301.496094,0.506000,"aten::alias",10081
16370,6029610968304.902344,0.364000,"aten::view",10082
16371,6029610968307.028320,0.528000,"aten::alias",10083
16372,6029610968310.629883,0.318000,"aten::view",10084
16373,6029610968312.746094,0.493000,"aten::alias",10085
16374,6029610968316.696289,0.567000,"aten::view",10086
16375,6029610968319.194336,0.812000,"aten::alias",10087
16376,6029610968323.877930,0.609000,"aten::view",10088
16377,6029610968326.428711,0.519000,"aten::alias",10089
16378,6029610968330.408203,0.617000,"aten::view",10090
16379,6029610968332.855469,0.428000,"aten::alias",10091
16380,6029610968336.926758,0.658000,"aten::view",10092
16381,6029610968339.402344,0.528000,"aten::alias",10093
16382,6029610968343.110352,0.490000,"aten::view",10094
16383,6029610968345.513672,0.575000,"aten::alias",10095
16384,6029610968349.576172,0.741000,"aten::view",10096
16385,6029610968353.387695,0.516000,"aten::alias",10097
16386,6029610968357.156250,0.728000,"aten::view",10098
16387,6029610968359.827148,0.883000,"aten::alias",10099
16388,6029610968363.971680,0.668000,"aten::view",10100
16389,6029610968366.507812,0.597000,"aten::alias",10101
16390,6029610968369.982422,0.523000,"aten::view",10102
16391,6029610968372.666016,0.574000,"aten::alias",10103
16392,6029610968376.849609,0.472000,"aten::view",10104
16393,6029610968379.208008,0.611000,"aten::alias",10105
16394,6029610968383.060547,0.605000,"aten::view",10106
16395,6029610968385.816406,0.435000,"aten::alias",10107
16396,6029610968389.934570,0.546000,"aten::view",10108
16397,6029610968392.365234,0.769000,"aten::alias",10109
16398,6029610968396.788086,0.755000,"aten::view",10110
16399,6029610968399.511719,0.634000,"aten::alias",10111
16400,6029610968403.583008,0.673000,"aten::view",10112
16401,6029610968406.317383,0.711000,"aten::alias",10113
16402,6029610968410.162109,0.615000,"aten::view",10114
16403,6029610968413.019531,0.466000,"aten::alias",10115
16404,6029610968416.603516,0.941000,"aten::view",10116
16405,6029610968419.489258,0.645000,"aten::alias",10117
16406,6029610968448.327148,59.564000,"TorchDynamo Cache Lookup",10118
16407,6029610968508.909180,620.311000,"Torch-Compiled Region: 8/3",10119
16408,6029610968513.090820,2.782000,"Pregraph bytecode",10120
16409,6029610968525.331055,5.713000,"AOTDispatcher Runtime Wrapper Prologue",10121
16410,6029610968537.274414,583.626000,"## Call CompiledFxGraph f4ns4a4vsv6f6tzb2kqjwiir7mckm4yvy3xawoxzga7guzwr6hx3 ##",10122
16411,6029610968592.818359,22.858000,"triton_poi_fused__to_copy_mul_unsqueeze_view_0",10123
16413,6029610968623.709961,10.531000,"triton_poi_fused__to_copy_mul_unsqueeze_view_0",10124
16415,6029610968639.951172,9.139000,"triton_poi_fused__to_copy_mul_unsqueeze_view_0",10125
16417,6029610968654.230469,9.494000,"triton_poi_fused__to_copy_mul_unsqueeze_view_0",10126
16419,6029610968668.536133,7.751000,"triton_poi_fused__to_copy_mul_unsqueeze_view_0",10127
16421,6029610968681.077148,7.948000,"triton_poi_fused__to_copy_mul_unsqueeze_view_0",10128
16423,6029610968694.119141,7.996000,"triton_poi_fused__to_copy_mul_unsqueeze_view_0",10129
16425,6029610968707.083984,7.673000,"triton_poi_fused__to_copy_mul_unsqueeze_view_0",10130
16427,6029610968719.149414,8.300000,"triton_poi_fused__to_copy_mul_unsqueeze_view_0",10131
16429,6029610968731.955078,8.341000,"triton_poi_fused__to_copy_mul_unsqueeze_view_0",10132
16431,6029610968745.087891,7.014000,"triton_poi_fused__to_copy_mul_unsqueeze_view_0",10133
16433,6029610968756.787109,7.471000,"triton_poi_fused__to_copy_mul_unsqueeze_view_0",10134
16435,6029610968768.673828,6.495000,"triton_poi_fused__to_copy_mul_unsqueeze_view_0",10135
16437,6029610968779.781250,7.763000,"triton_poi_fused__to_copy_mul_unsqueeze_view_0",10136
16439,6029610968792.116211,7.576000,"triton_poi_fused__to_copy_mul_unsqueeze_view_0",10137
16441,6029610968803.953125,6.927000,"triton_poi_fused__to_copy_mul_unsqueeze_view_0",10138
16443,6029610968815.328125,7.378000,"triton_poi_fused__to_copy_mul_unsqueeze_view_0",10139
16445,6029610968826.877930,6.645000,"triton_poi_fused__to_copy_mul_unsqueeze_view_0",10140
16447,6029610968837.872070,6.884000,"triton_poi_fused__to_copy_mul_unsqueeze_view_0",10141
16449,6029610968848.961914,6.716000,"triton_poi_fused__to_copy_mul_unsqueeze_view_0",10142
16451,6029610968860.155273,6.428000,"triton_poi_fused__to_copy_mul_unsqueeze_view_0",10143
16453,6029610968870.990234,7.234000,"triton_poi_fused__to_copy_mul_unsqueeze_view_0",10144
16455,6029610968883.000977,7.079000,"triton_poi_fused__to_copy_mul_unsqueeze_view_0",10145
16457,6029610968894.550781,8.449000,"triton_poi_fused__to_copy_mul_unsqueeze_view_0",10146
16459,6029610968907.884766,7.332000,"triton_poi_fused__to_copy_mul_unsqueeze_view_0",10147
16461,6029610968919.705078,6.782000,"triton_poi_fused__to_copy_mul_unsqueeze_view_0",10148
16463,6029610968930.697266,7.458000,"triton_poi_fused__to_copy_mul_unsqueeze_view_0",10149
16465,6029610968942.877930,6.561000,"triton_poi_fused__to_copy_mul_unsqueeze_view_0",10150
16467,6029610968954.790039,7.075000,"triton_poi_fused__to_copy_mul_unsqueeze_view_0",10151
16469,6029610969075.206055,9.558000,"triton_poi_fused__to_copy_mul_unsqueeze_view_0",10152
16471,6029610969090.234375,7.391000,"triton_poi_fused__to_copy_mul_unsqueeze_view_0",10153
16473,6029610969104.142578,8.320000,"triton_poi_fused__to_copy_mul_unsqueeze_view_0",10154
16475,6029610969178.966797,46.539000,"aten::unbind",10155
16476,6029610969181.436523,4.996000,"aten::select",10156
16477,6029610969184.097656,1.440000,"aten::as_strided",10157
16478,6029610969187.169922,0.881000,"aten::select",10158
16479,6029610969187.597656,0.235000,"aten::as_strided",10159
16480,6029610969188.473633,0.853000,"aten::select",10160
16481,6029610969188.975586,0.143000,"aten::as_strided",10161
16482,6029610969189.745117,0.639000,"aten::select",10162
16483,6029610969190.070312,0.113000,"aten::as_strided",10163
16484,6029610969190.720703,0.747000,"aten::select",10164
16485,6029610969191.142578,0.145000,"aten::as_strided",10165
16486,6029610969191.813477,0.689000,"aten::select",10166
16487,6029610969192.172852,0.144000,"aten::as_strided",10167
16488,6029610969193.023438,0.845000,"aten::select",10168
16489,6029610969193.570312,0.108000,"aten::as_strided",10169
16490,6029610969194.345703,1.028000,"aten::select",10170
16491,6029610969194.797852,0.368000,"aten::as_strided",10171
16492,6029610969195.763672,0.771000,"aten::select",10172
16493,6029610969196.213867,0.115000,"aten::as_strided",10173
16494,6029610969196.902344,0.652000,"aten::select",10174
16495,6029610969197.219727,0.107000,"aten::as_strided",10175
16496,6029610969197.905273,0.724000,"aten::select",10176
16497,6029610969198.346680,0.103000,"aten::as_strided",10177
16498,6029610969198.966797,0.658000,"aten::select",10178
16499,6029610969199.319336,0.105000,"aten::as_strided",10179
16500,6029610969199.944336,0.715000,"aten::select",10180
16501,6029610969200.388672,0.095000,"aten::as_strided",10181
16502,6029610969200.994141,0.671000,"aten::select",10182
16503,6029610969201.355469,0.139000,"aten::as_strided",10183
16504,6029610969201.978516,0.745000,"aten::select",10184
16505,6029610969202.415039,0.123000,"aten::as_strided",10185
16506,6029610969203.114258,0.703000,"aten::select",10186
16507,6029610969203.428711,0.230000,"aten::as_strided",10187
16508,6029610969204.152344,0.674000,"aten::select",10188
16509,6029610969204.515625,0.156000,"aten::as_strided",10189
16510,6029610969205.139648,1.239000,"aten::select",10190
16511,6029610969206.041016,0.178000,"aten::as_strided",10191
16512,6029610969206.726562,0.822000,"aten::select",10192
16513,6029610969207.192383,0.167000,"aten::as_strided",10193
16514,6029610969207.869141,0.915000,"aten::select",10194
16515,6029610969208.493164,0.139000,"aten::as_strided",10195
16516,6029610969209.221680,0.827000,"aten::select",10196
16517,6029610969209.750000,0.145000,"aten::as_strided",10197
16518,6029610969210.370117,0.691000,"aten::select",10198
16519,6029610969210.777344,0.126000,"aten::as_strided",10199
16520,6029610969211.375977,0.722000,"aten::select",10200
16521,6029610969211.779297,0.129000,"aten::as_strided",10201
16522,6029610969212.414062,0.769000,"aten::select",10202
16523,6029610969212.785156,0.244000,"aten::as_strided",10203
16524,6029610969213.500000,0.681000,"aten::select",10204
16525,6029610969213.853516,0.168000,"aten::as_strided",10205
16526,6029610969214.499023,0.703000,"aten::select",10206
16527,6029610969214.869141,0.178000,"aten::as_strided",10207
16528,6029610969215.523438,0.646000,"aten::select",10208
16529,6029610969215.853516,0.160000,"aten::as_strided",10209
16530,6029610969216.482422,0.697000,"aten::select",10210
16531,6029610969216.896484,0.131000,"aten::as_strided",10211
16532,6029610969217.494141,0.654000,"aten::select",10212
16533,6029610969217.849609,0.145000,"aten::as_strided",10213
16534,6029610969218.467773,0.644000,"aten::select",10214
16535,6029610969218.819336,0.142000,"aten::as_strided",10215
16536,6029610969219.427734,0.676000,"aten::select",10216
16537,6029610969219.794922,0.152000,"aten::as_strided",10217
16538,6029610969220.415039,0.710000,"aten::select",10218
16539,6029610969220.775391,0.195000,"aten::as_strided",10219
16540,6029610969230.640625,7.023000,"aten::new_empty",10220
16541,6029610969232.811523,4.478000,"aten::empty",10221
16542,6029610969239.245117,2.409000,"aten::new_empty",10222
16543,6029610969239.706055,1.765000,"aten::empty",10223
16544,6029610969242.673828,2.199000,"aten::new_empty",10224
16545,6029610969242.963867,1.739000,"aten::empty",10225
16546,6029610969245.753906,2.197000,"aten::new_empty",10226
16547,6029610969246.051758,1.732000,"aten::empty",10227
16548,6029610969248.865234,2.484000,"aten::new_empty",10228
16549,6029610969249.152344,1.990000,"aten::empty",10229
16550,6029610969252.380859,2.181000,"aten::new_empty",10230
16551,6029610969252.666016,1.693000,"aten::empty",10231
16552,6029610969255.503906,2.172000,"aten::new_empty",10232
16553,6029610969255.790039,1.717000,"aten::empty",10233
16554,6029610969258.567383,2.339000,"aten::new_empty",10234
16555,6029610969258.850586,1.879000,"aten::empty",10235
16556,6029610969261.795898,2.190000,"aten::new_empty",10236
16557,6029610969262.082031,1.730000,"aten::empty",10237
16558,6029610969265.008789,2.289000,"aten::new_empty",10238
16559,6029610969265.295898,1.810000,"aten::empty",10239
16560,6029610969268.246094,43.707000,"aten::new_empty",10240
16562,6029610969309.899414,1.863000,"aten::empty",10241
16563,6029610969312.961914,2.266000,"aten::new_empty",10242
16564,6029610969313.279297,1.773000,"aten::empty",10243
16565,6029610969316.140625,2.192000,"aten::new_empty",10244
16566,6029610969316.445312,1.710000,"aten::empty",10245
16567,6029610969319.241211,2.133000,"aten::new_empty",10246
16568,6029610969319.525391,1.678000,"aten::empty",10247
16569,6029610969322.264648,2.371000,"aten::new_empty",10248
16570,6029610969322.593750,1.839000,"aten::empty",10249
16571,6029610969325.517578,2.201000,"aten::new_empty",10250
16572,6029610969325.805664,1.727000,"aten::empty",10251
16573,6029610969328.614258,2.135000,"aten::new_empty",10252
16574,6029610969328.899414,1.679000,"aten::empty",10253
16575,6029610969331.723633,2.145000,"aten::new_empty",10254
16576,6029610969332.013672,1.662000,"aten::empty",10255
16577,6029610969334.728516,2.174000,"aten::new_empty",10256
16578,6029610969335.014648,1.703000,"aten::empty",10257
16579,6029610969337.764648,2.295000,"aten::new_empty",10258
16580,6029610969338.051758,1.817000,"aten::empty",10259
16581,6029610969340.916016,2.144000,"aten::new_empty",10260
16582,6029610969341.205078,1.668000,"aten::empty",10261
16583,6029610969343.914062,2.155000,"aten::new_empty",10262
16584,6029610969344.201172,1.689000,"aten::empty",10263
16585,6029610969346.939453,2.389000,"aten::new_empty",10264
16586,6029610969347.224609,1.911000,"aten::empty",10265
16587,6029610969350.221680,2.288000,"aten::new_empty",10266
16588,6029610969350.511719,1.778000,"aten::empty",10267
16589,6029610969353.418945,2.314000,"aten::new_empty",10268
16590,6029610969353.742188,1.803000,"aten::empty",10269
16591,6029610969356.741211,2.242000,"aten::new_empty",10270
16592,6029610969357.056641,1.732000,"aten::empty",10271
16593,6029610969359.860352,2.205000,"aten::new_empty",10272
16594,6029610969360.163086,1.723000,"aten::empty",10273
16595,6029610969362.950195,2.304000,"aten::new_empty",10274
16596,6029610969363.236328,1.821000,"aten::empty",10275
16597,6029610969366.169922,2.245000,"aten::new_empty",10276
16598,6029610969366.474609,1.748000,"aten::empty",10277
16599,6029610969369.268555,2.174000,"aten::new_empty",10278
16600,6029610969369.556641,1.693000,"aten::empty",10279
16601,6029610969372.348633,2.222000,"aten::new_empty",10280
16602,6029610969372.635742,1.759000,"aten::empty",10281
16603,6029610969375.421875,2.158000,"aten::new_empty",10282
16604,6029610969375.710938,1.687000,"aten::empty",10283
16605,6029610969408.628906,724.543000,"_GroupedLinear",10284
16606,6029610969419.448242,3.326000,"aten::reshape",10285
16607,6029610969420.602539,1.897000,"aten::view",10286
16608,6029610969432.964844,40.780000,"aten::split_with_sizes",10287
16609,6029610969434.945312,0.422000,"aten::as_strided",10288
16610,6029610969436.108398,0.130000,"aten::as_strided",10289
16611,6029610969436.628906,0.316000,"aten::as_strided",10290
16612,6029610969437.403320,0.197000,"aten::as_strided",10291
16613,6029610969438.108398,0.515000,"aten::as_strided",10292
16614,6029610969439.152344,0.345000,"aten::as_strided",10293
16615,6029610969439.918945,0.199000,"aten::as_strided",10294
16616,6029610969440.497070,0.116000,"aten::as_strided",10295
16617,6029610969440.997070,0.414000,"aten::as_strided",10296
16618,6029610969441.825195,0.245000,"aten::as_strided",10297
16619,6029610969442.451172,0.119000,"aten::as_strided",10298
16620,6029610969442.954102,0.126000,"aten::as_strided",10299
16621,6029610969443.458008,0.155000,"aten::as_strided",10300
16622,6029610969444.000977,0.387000,"aten::as_strided",10301
16623,6029610969444.833008,0.145000,"aten::as_strided",10302
16624,6029610969450.176758,0.429000,"aten::as_strided",10303
16625,6029610969451.006836,0.442000,"aten::as_strided",10304
16626,6029610969451.833984,0.290000,"aten::as_strided",10305
16627,6029610969452.505859,0.144000,"aten::as_strided",10306
16628,6029610969453.025391,0.119000,"aten::as_strided",10307
16629,6029610969453.533203,0.131000,"aten::as_strided",10308
16630,6029610969454.044922,0.179000,"aten::as_strided",10309
16631,6029610969454.625000,0.329000,"aten::as_strided",10310
16632,6029610969455.336914,0.155000,"aten::as_strided",10311
16633,6029610969455.875000,0.240000,"aten::as_strided",10312
16634,6029610969456.530273,0.259000,"aten::as_strided",10313
16635,6029610969457.173828,0.123000,"aten::as_strided",10314
16636,6029610969457.696289,0.338000,"aten::as_strided",10315
16637,6029610969458.531250,0.243000,"aten::as_strided",10316
16638,6029610969459.180664,0.133000,"aten::as_strided",10317
16639,6029610969459.698242,0.122000,"aten::as_strided",10318
16640,6029610969460.201172,0.214000,"aten::as_strided",10319
16641,6029610969486.887695,4.879000,"aten::empty",10320
16718,6029610970102.410156,3.444000,"aten::view",10321
16719,6029610970174.639648,86.147000,"HybridEPCombine",10322
16720,6029610970205.249023,6.310000,"aten::empty",10323
16727,6029610970280.137695,4.395000,"aten::view",10324
16728,6029610970290.752930,22.317000,"aten::add",10325
16730,6029610970342.887695,0.969000,"aten::dropout",10326
16731,6029610970345.227539,9.400000,"aten::add",10327
16737,6029610970610.759766,7.377000,"autograd::engine::evaluate_function: AddBackward0",10328
16738,6029610970612.847656,2.695000,"AddBackward0",10329
16739,6029610970622.284180,3.193000,"autograd::engine::evaluate_function: AddBackward0",10330
16740,6029610970623.077148,0.216000,"AddBackward0",10331
16741,6029610970629.176758,8.505000,"autograd::engine::evaluate_function: ViewBackward0",10332
16742,6029610970630.141602,6.174000,"ViewBackward0",10333
16743,6029610970631.467773,4.629000,"aten::reshape",10334
16744,6029610970632.652344,3.193000,"aten::view",10335
16745,6029610970641.559570,110.329000,"autograd::engine::evaluate_function: HybridEPCombineBackward",10336
16746,6029610970642.760742,105.808000,"HybridEPCombineBackward",10337
16747,6029610970669.941406,3.320000,"aten::item",10338
16748,6029610970671.414062,1.673000,"aten::_local_scalar_dense",10339
16749,6029610970681.874023,4.025000,"aten::empty",10340
16756,6029610970756.362305,32803.794000,"autograd::engine::evaluate_function: _GroupedLinearBackward",10341
16757,6029610970757.374023,32773.068000,"_GroupedLinearBackward",10342
16758,6029610970837.786133,1.452000,"aten::view",10343
16759,6029610970851.842773,30.320000,"aten::split_with_sizes",10344
16760,6029610970855.152344,1.488000,"aten::as_strided",10345
16761,6029610970857.410156,0.260000,"aten::as_strided",10346
16762,6029610970858.196289,0.183000,"aten::as_strided",10347
16763,6029610970858.917969,0.278000,"aten::as_strided",10348
16764,6029610970859.616211,0.122000,"aten::as_strided",10349
16765,6029610970860.236328,0.320000,"aten::as_strided",10350
16766,6029610970860.965820,0.165000,"aten::as_strided",10351
16767,6029610970861.545898,0.222000,"aten::as_strided",10352
16768,6029610970862.169922,0.323000,"aten::as_strided",10353
16769,6029610970862.880859,0.279000,"aten::as_strided",10354
16770,6029610970863.544922,0.338000,"aten::as_strided",10355
16771,6029610970864.337891,0.182000,"aten::as_strided",10356
16772,6029610970865.095703,0.190000,"aten::as_strided",10357
16773,6029610970865.834961,0.134000,"aten::as_strided",10358
16774,6029610970866.390625,0.133000,"aten::as_strided",10359
16775,6029610970867.041016,0.231000,"aten::as_strided",10360
16776,6029610970867.657227,0.137000,"aten::as_strided",10361
16777,6029610970868.182617,0.133000,"aten::as_strided",10362
16778,6029610970868.702148,0.146000,"aten::as_strided",10363
16779,6029610970869.238281,0.280000,"aten::as_strided",10364
16780,6029610970869.966797,0.147000,"aten::as_strided",10365
16781,6029610970870.547852,0.148000,"aten::as_strided",10366
16782,6029610970871.080078,0.172000,"aten::as_strided",10367
16783,6029610970871.791992,0.265000,"aten::as_strided",10368
16784,6029610970872.438477,0.127000,"aten::as_strided",10369
16785,6029610970872.978516,0.163000,"aten::as_strided",10370
16786,6029610970873.527344,0.138000,"aten::as_strided",10371
16787,6029610970874.086914,0.148000,"aten::as_strided",10372
16788,6029610970874.719727,0.228000,"aten::as_strided",10373
16789,6029610970875.346680,0.130000,"aten::as_strided",10374
16790,6029610970875.860352,0.157000,"aten::as_strided",10375
16791,6029610970876.418945,0.258000,"aten::as_strided",10376
16792,6029610970892.651367,3.646000,"aten::empty",10377
17061,6029611003503.704102,9.360000,"aten::view",10378
17062,6029611003580.161133,295.296000,"autograd::engine::evaluate_function: WeightedSwiGLUFunctionBackward",10379
17063,6029611003582.472656,281.877000,"WeightedSwiGLUFunctionBackward",10380
17064,6029611003615.602539,30.164000,"TorchDynamo Cache Lookup",10381
17065,6029611003646.939453,212.677000,"Torch-Compiled Region: 10/1",10382
17066,6029611003658.247070,6.616000,"Pregraph bytecode",10383
17067,6029611003680.218750,7.678000,"AOTDispatcher Runtime Wrapper Prologue",10384
17068,6029611003702.420898,142.160000,"## Call CompiledFxGraph fzgnimq66bgqpjtve4kt2j35pniyuuwbh4xsqskrycmtofl4bstw ##",10385
17071,6029611003762.152344,44.354000,"triton_poi_fused__to_copy_add_cat_mul_rsub_sigmoid_silu_split_0",10386
17074,6029611003826.681641,14.985000,"triton_red_fused__to_copy_mul_silu_split_sum_1",10387
17076,6029611003885.169922,12.754000,"autograd::engine::evaluate_function: ViewBackward0",10388
17077,6029611003886.761719,8.888000,"ViewBackward0",10389
17078,6029611003889.329102,5.645000,"aten::reshape",10390
17079,6029611003890.327148,4.350000,"aten::view",10391
17080,6029611003901.966797,1932.025000,"autograd::engine::evaluate_function: _GroupedLinearBackward",10392
17081,6029611003903.107422,1905.256000,"_GroupedLinearBackward",10393
17082,6029611003984.541992,1.806000,"aten::view",10394
17083,6029611004000.017578,29.485000,"aten::split_with_sizes",10395
17084,6029611004003.396484,1.423000,"aten::as_strided",10396
17085,6029611004005.531250,0.487000,"aten::as_strided",10397
17086,6029611004006.517578,0.323000,"aten::as_strided",10398
17087,6029611004007.250000,0.249000,"aten::as_strided",10399
17088,6029611004008.033203,0.221000,"aten::as_strided",10400
17089,6029611004008.619141,0.240000,"aten::as_strided",10401
17090,6029611004009.239258,0.116000,"aten::as_strided",10402
17091,6029611004009.789062,0.192000,"aten::as_strided",10403
17092,6029611004010.392578,0.149000,"aten::as_strided",10404
17093,6029611004010.908203,0.116000,"aten::as_strided",10405
17094,6029611004011.382812,0.103000,"aten::as_strided",10406
17095,6029611004011.887695,0.216000,"aten::as_strided",10407
17096,6029611004012.499023,0.210000,"aten::as_strided",10408
17097,6029611004013.066406,0.166000,"aten::as_strided",10409
17098,6029611004013.747070,0.097000,"aten::as_strided",10410
17099,6029611004014.304688,0.130000,"aten::as_strided",10411
17100,6029611004014.969727,0.093000,"aten::as_strided",10412
17101,6029611004015.450195,0.092000,"aten::as_strided",10413
17102,6029611004015.901367,0.139000,"aten::as_strided",10414
17103,6029611004016.428711,0.154000,"aten::as_strided",10415
17104,6029611004016.939453,0.105000,"aten::as_strided",10416
17105,6029611004017.425781,0.227000,"aten::as_strided",10417
17106,6029611004018.010742,0.248000,"aten::as_strided",10418
17107,6029611004018.673828,0.144000,"aten::as_strided",10419
17108,6029611004019.271484,0.154000,"aten::as_strided",10420
17109,6029611004019.954102,0.180000,"aten::as_strided",10421
17110,6029611004020.594727,0.190000,"aten::as_strided",10422
17111,6029611004021.230469,0.159000,"aten::as_strided",10423
17112,6029611004021.800781,0.194000,"aten::as_strided",10424
17113,6029611004022.405273,0.232000,"aten::as_strided",10425
17114,6029611004023.044922,0.218000,"aten::as_strided",10426
17115,6029611004023.666016,0.149000,"aten::as_strided",10427
17116,6029611004041.068359,5.713000,"aten::empty",10428
17192,6029611005794.610352,3.008000,"aten::view",10429
17193,6029611005847.074219,12.316000,"autograd::engine::evaluate_function: UnsqueezeBackward0",10430
17194,6029611005848.967773,8.181000,"UnsqueezeBackward0",10431
17195,6029611005850.894531,5.853000,"aten::squeeze",10432
17196,6029611005854.576172,1.054000,"aten::as_strided",10433
17197,6029611005864.049805,123.120000,"autograd::engine::evaluate_function: HybridEPDispatchBackward",10434
17198,6029611005865.267578,114.388000,"HybridEPDispatchBackward",10435
17199,6029611005867.009766,10.223000,"aten::zeros",10436
17200,6029611005869.174805,4.298000,"aten::empty",10437
17201,6029611005874.892578,2.104000,"aten::zero_",10438
17202,6029611005915.358398,5.068000,"aten::empty",10439
17203,6029611005921.489258,2.533000,"aten::empty",10440
17210,6029611005992.733398,66.887000,"autograd::engine::evaluate_function: AsStridedBackward0",10441
17211,6029611005994.045898,62.307000,"AsStridedBackward0",10442
17212,6029611005999.198242,23.778000,"aten::new_zeros",10443
17213,6029611006001.207031,3.874000,"aten::new_empty",10444
17214,6029611006002.063477,2.757000,"aten::empty",10445
17215,6029611006005.842773,16.829000,"aten::zero_",10446
17216,6029611006007.165039,14.788000,"aten::fill_",10447
17218,6029611006024.025391,2.777000,"aten::as_strided",10448
17219,6029611006028.233398,25.661000,"aten::copy_",10449
17221,6029611006055.068359,0.729000,"aten::as_strided",10450
17222,6029611006063.513672,6.493000,"autograd::engine::evaluate_function: ViewBackward0",10451
17223,6029611006064.748047,3.556000,"ViewBackward0",10452
17224,6029611006065.904297,2.198000,"aten::reshape",10453
17225,6029611006066.595703,1.274000,"aten::view",10454
17226,6029611006073.269531,28.740000,"autograd::engine::evaluate_function: AsStridedBackward0",10455
17227,6029611006074.153320,25.106000,"AsStridedBackward0",10456
17228,6029611006075.495117,12.700000,"aten::new_zeros",10457
17229,6029611006076.017578,3.430000,"aten::new_empty",10458
17230,6029611006076.695312,2.557000,"aten::empty",10459
17231,6029611006079.948242,8.063000,"aten::zero_",10460
17232,6029611006080.748047,6.651000,"aten::fill_",10461
17234,6029611006088.735352,0.650000,"aten::as_strided",10462
17235,6029611006089.948242,7.669000,"aten::copy_",10463
17237,6029611006098.421875,0.475000,"aten::as_strided",10464
17238,6029611006106.107422,26.467000,"autograd::engine::evaluate_function: ScatterBackward0",10465
17239,6029611006107.238281,22.817000,"ScatterBackward0",10466
17240,6029611006109.696289,20.000000,"aten::gather",10467
17241,6029611006116.572266,0.270000,"aten::as_strided",10468
17242,6029611006117.750000,0.690000,"aten::as_strided",10469
17244,6029611006136.022461,21.607000,"autograd::engine::evaluate_function: MulBackward0",10470
17245,6029611006137.215820,17.666000,"MulBackward0",10471
17246,6029611006138.940430,15.514000,"aten::mul",10472
17248,6029611006161.251953,78.793000,"autograd::engine::evaluate_function: DivBackward0",10473
17249,6029611006162.236328,54.648000,"DivBackward0",10474
17250,6029611006164.228516,13.253000,"aten::div",10475
17253,6029611006178.119141,7.609000,"aten::div",10476
17255,6029611006186.911133,10.481000,"aten::neg",10477
17257,6029611006198.052734,9.020000,"aten::mul",10478
17259,6029611006208.883789,7.609000,"aten::div",10479
17261,6029611006219.203125,15.885000,"aten::sum",10480
17263,6029611006243.691406,3.612000,"autograd::engine::evaluate_function: AddBackward0",10481
17264,6029611006244.888672,0.664000,"AddBackward0",10482
17265,6029611006250.700195,24.210000,"autograd::engine::evaluate_function: SumBackward1",10483
17266,6029611006251.583984,5.471000,"SumBackward1",10484
17267,6029611006253.203125,3.575000,"aten::expand",10485
17268,6029611006255.400391,0.533000,"aten::as_strided",10486
17269,6029611006259.865234,12.736000,"aten::add_",10487
17271,6029611006278.798828,44.337000,"autograd::engine::evaluate_function: GatherBackward0",10488
17272,6029611006279.693359,39.307000,"GatherBackward0",10489
17273,6029611006286.961914,31.735000,"aten::gather_backward",10490
17274,6029611006287.980469,12.005000,"aten::new_zeros",10491
17275,6029611006288.745117,3.264000,"aten::new_empty",10492
17276,6029611006289.360352,2.466000,"aten::empty",10493
17277,6029611006292.618164,7.166000,"aten::zero_",10494
17278,6029611006293.267578,5.890000,"aten::fill_",10495
17280,6029611006303.692383,14.660000,"aten::scatter_add_",10496
17281,6029611006308.500000,0.249000,"aten::as_strided",10497
17282,6029611006309.203125,0.195000,"aten::as_strided",10498
17284,6029611006327.486328,23.416000,"autograd::engine::evaluate_function: SigmoidBackward0",10499
17285,6029611006328.431641,19.984000,"SigmoidBackward0",10500
17286,6029611006333.375977,14.578000,"aten::sigmoid_backward",10501
17288,6029611006354.165039,5.100000,"autograd::engine::evaluate_function: ViewBackward0",10502
17289,6029611006354.969727,2.466000,"ViewBackward0",10503
17290,6029611006355.537109,1.733000,"aten::reshape",10504
17291,6029611006356.044922,1.037000,"aten::view",10505
17292,6029611006362.949219,283.270000,"autograd::engine::evaluate_function: RouterGatingLinearFunctionBackward",10506
17293,6029611006363.971680,260.742000,"RouterGatingLinearFunctionBackward",10507
17294,6029611006375.369141,1.176000,"aten::view",10508
17295,6029611006378.212891,0.491000,"aten::view",10509
17296,6029611006387.327148,19.375000,"aten::to",10510
17297,6029611006388.496094,17.980000,"aten::_to_copy",10511
17298,6029611006391.662109,4.287000,"aten::empty_strided",10512
17299,6029611006396.730469,9.237000,"aten::copy_",10513
17301,6029611006441.798828,2.914000,"aten::empty",10514
17303,6029611006513.103516,15.058000,"aten::to",10515
17304,6029611006513.666016,14.301000,"aten::_to_copy",10516
17305,6029611006515.613281,2.968000,"aten::empty_strided",10517
17306,6029611006519.206055,8.401000,"aten::copy_",10518
17308,6029611006543.869141,2.709000,"aten::empty",10519
17311,6029611006589.795898,13.844000,"aten::to",10520
17312,6029611006590.269531,13.175000,"aten::_to_copy",10521
17313,6029611006591.439453,2.654000,"aten::empty_strided",10522
17314,6029611006594.601562,8.474000,"aten::copy_",10523
17316,6029611006606.782227,10.305000,"aten::to",10524
17317,6029611006607.094727,9.850000,"aten::_to_copy",10525
17318,6029611006607.966797,2.531000,"aten::empty_strided",10526
17319,6029611006610.959961,5.718000,"aten::copy_",10527
17321,6029611006620.803711,1.410000,"aten::view",10528
17322,6029611006629.625977,12.110000,"aten::add",10529
17324,6029611006652.648438,5.473000,"autograd::engine::evaluate_function: AddBackward0",10530
17325,6029611006654.258789,1.041000,"AddBackward0",10531
17326,6029611006661.488281,5.583000,"autograd::engine::evaluate_function: ViewBackward0",10532
17327,6029611006662.444336,2.730000,"ViewBackward0",10533
17328,6029611006663.210938,1.755000,"aten::reshape",10534
17329,6029611006663.799805,0.983000,"aten::view",10535
17330,6029611006670.247070,16.086000,"autograd::engine::evaluate_function: MulBackward0",10536
17331,6029611006671.017578,13.216000,"MulBackward0",10537
17332,6029611006672.455078,11.403000,"aten::mul",10538
17334,6029611006690.139648,12.533000,"autograd::engine::evaluate_function: _GatherFromModelParallelRegionBackward",10539
17335,6029611006691.291992,9.444000,"_GatherFromModelParallelRegionBackward",10540
17336,6029611006706.327148,145.662000,"autograd::engine::evaluate_function: LinearWithGradAccumulationAndAsyncCommunicationBackward",10541
17337,6029611006707.297852,132.620000,"LinearWithGradAccumulationAndAsyncCommunicationBackward",10542
17338,6029611006731.214844,0.120000,"aten::to",10543
17339,6029611006735.394531,49.561000,"aten::matmul",10544
17340,6029611006737.017578,1.475000,"aten::reshape",10545
17341,6029611006737.426758,0.843000,"aten::view",10546
17342,6029611006739.551758,41.395000,"aten::mm",10547
17344,6029611006782.619141,1.624000,"aten::_unsafe_view",10548
17345,6029611006790.412109,0.596000,"aten::view",10549
17346,6029611006792.912109,0.698000,"aten::view",10550
17347,6029611006796.467773,5.977000,"aten::t",10551
17348,6029611006799.001953,2.780000,"aten::transpose",10552
17349,6029611006800.417969,0.997000,"aten::as_strided",10553
17350,6029611006803.815430,28.700000,"aten::matmul",10554
17351,6029611006804.240234,27.920000,"aten::mm",10555
17355,6029611006859.991211,45.131000,"autograd::engine::evaluate_function: torch::autograd::AccumulateGrad",10556
17357,6029611006865.764648,6.435000,"torch::autograd::AccumulateGrad",10557
17358,6029611006868.404297,2.971000,"aten::detach",10558
17359,6029611006869.207031,1.971000,"detach",10559
17360,6029611006884.537109,13.176000,"aten::add_",10560
17363,6029611006911.412109,9.030000,"autograd::engine::evaluate_function: _CopyToModelParallelRegionBackward",10561
17364,6029611006912.629883,5.737000,"_CopyToModelParallelRegionBackward",10562
17365,6029611006924.197266,6.529000,"autograd::engine::evaluate_function: _ReduceFromModelParallelRegionBackward",10563
17366,6029611006925.967773,3.137000,"_ReduceFromModelParallelRegionBackward",10564
17367,6029611006934.291016,102.610000,"autograd::engine::evaluate_function: LinearWithGradAccumulationAndAsyncCommunicationBackward",10565
17368,6029611006935.313477,92.103000,"LinearWithGradAccumulationAndAsyncCommunicationBackward",10566
17369,6029611006946.651367,0.127000,"aten::to",10567
17370,6029611006948.489258,33.769000,"aten::matmul",10568
17371,6029611006949.225586,1.742000,"aten::reshape",10569
17372,6029611006949.914062,0.830000,"aten::view",10570
17373,6029611006951.467773,28.250000,"aten::mm",10571
17376,6029611006981.059570,0.628000,"aten::_unsafe_view",10572
17377,6029611006985.791992,0.594000,"aten::view",10573
17378,6029611006988.156250,0.708000,"aten::view",10574
17379,6029611006990.343750,3.305000,"aten::t",10575
17380,6029611006991.485352,1.625000,"aten::transpose",10576
17381,6029611006992.309570,0.586000,"aten::as_strided",10577
17382,6029611006994.709961,28.057000,"aten::matmul",10578
17383,6029611006995.092773,27.341000,"aten::mm",10579
17389,6029611007041.956055,26.227000,"autograd::engine::evaluate_function: torch::autograd::AccumulateGrad",10580
17391,6029611007045.138672,3.113000,"torch::autograd::AccumulateGrad",10581
17392,6029611007046.278320,1.642000,"aten::detach",10582
17393,6029611007047.049805,0.703000,"detach",10583
17394,6029611007053.774414,9.319000,"aten::add_",10584
17397,6029611007073.773438,118.490000,"autograd::engine::evaluate_function: _LinearBackward",10585
17398,6029611007075.447266,101.666000,"_LinearBackward",10586
17399,6029611007102.985352,1.707000,"aten::reshape",10587
17400,6029611007103.514648,0.909000,"aten::view",10588
17401,6029611007128.742188,4.710000,"aten::empty",10589
17404,6029611007171.695312,1.312000,"aten::view",10590
17405,6029611007180.521484,8.502000,"aten::add_",10591
17407,6029611007197.078125,5.286000,"autograd::engine::evaluate_function: ViewBackward0",10592
17408,6029611007198.140625,2.553000,"ViewBackward0",10593
17409,6029611007199.039062,1.419000,"aten::reshape",10594
17410,6029611007199.573242,0.671000,"aten::view",10595
17411,6029611007206.179688,198.473000,"autograd::engine::evaluate_function: SwiGLUFunctionBackward",10596
17412,6029611007207.208008,191.804000,"SwiGLUFunctionBackward",10597
17413,6029611007234.855469,29.756000,"TorchDynamo Cache Lookup",10598
17414,6029611007265.955078,128.612000,"Torch-Compiled Region: 11/2",10599
17415,6029611007277.173828,8.201000,"Pregraph bytecode",10600
17416,6029611007300.674805,6.711000,"AOTDispatcher Runtime Wrapper Prologue",10601
17417,6029611007314.990234,67.127000,"## Call CompiledFxGraph fmhgvddrgwpainfpeazrujdsvu2mdchho7hzv2vrec33wwafabpf ##",10602
17419,6029611007352.704102,26.115000,"triton_poi_fused_add_cat_mul_rsub_sigmoid_silu_split_0",10603
17423,6029611007410.034180,5.709000,"autograd::engine::evaluate_function: ViewBackward0",10604
17424,6029611007411.175781,2.952000,"ViewBackward0",10605
17425,6029611007412.142578,1.739000,"aten::reshape",10606
17426,6029611007412.522461,1.147000,"aten::view",10607
17427,6029611007419.188477,4.705000,"autograd::engine::evaluate_function: AddBackward0",10608
17428,6029611007420.003906,1.150000,"AddBackward0",10609
17429,6029611007427.045898,4.228000,"autograd::engine::evaluate_function: ViewBackward0",10610
17430,6029611007427.929688,1.731000,"ViewBackward0",10611
17431,6029611007428.329102,1.177000,"aten::reshape",10612
17432,6029611007428.589844,0.706000,"aten::view",10613
17433,6029611007434.423828,23.250000,"autograd::engine::evaluate_function: MulBackward0",10614
17434,6029611007435.189453,19.698000,"MulBackward0",10615
17435,6029611007436.792969,17.695000,"aten::mul",10616
17438,6029611007461.454102,137.283000,"autograd::engine::evaluate_function: LinearWithGradAccumulationAndAsyncCommunicationBackward",10617
17439,6029611007462.515625,125.226000,"LinearWithGradAccumulationAndAsyncCommunicationBackward",10618
17440,6029611007489.778320,0.302000,"aten::to",10619
17441,6029611007492.497070,43.355000,"aten::matmul",10620
17442,6029611007493.379883,1.208000,"aten::reshape",10621
17443,6029611007493.643555,0.707000,"aten::view",10622
17444,6029611007495.171875,37.248000,"aten::mm",10623
17447,6029611007533.782227,1.190000,"aten::_unsafe_view",10624
17448,6029611007540.903320,0.650000,"aten::view",10625
17449,6029611007543.291992,0.948000,"aten::view",10626
17450,6029611007546.036133,5.612000,"aten::t",10627
17451,6029611007548.105469,2.947000,"aten::transpose",10628
17452,6029611007549.505859,1.219000,"aten::as_strided",10629
17453,6029611007552.828125,29.050000,"aten::matmul",10630
17454,6029611007553.297852,28.172000,"aten::mm",10631
17459,6029611007605.621094,37.113000,"autograd::engine::evaluate_function: torch::autograd::AccumulateGrad",10632
17461,6029611007609.929688,5.015000,"torch::autograd::AccumulateGrad",10633
17462,6029611007612.201172,2.242000,"aten::detach",10634
17463,6029611007612.884766,1.384000,"detach",10635
17464,6029611007622.896484,13.804000,"aten::add_",10636
17467,6029611007648.833984,10.102000,"autograd::engine::evaluate_function: _CopyToModelParallelRegionBackward",10637
17468,6029611007650.074219,6.476000,"_CopyToModelParallelRegionBackward",10638
17469,6029611007662.747070,5.486000,"autograd::engine::evaluate_function: _GatherFromModelParallelRegionBackward",10639
17470,6029611007664.146484,2.398000,"_GatherFromModelParallelRegionBackward",10640
17471,6029611007671.623047,97.518000,"autograd::engine::evaluate_function: LinearWithGradAccumulationAndAsyncCommunicationBackward",10641
17472,6029611007672.968750,87.963000,"LinearWithGradAccumulationAndAsyncCommunicationBackward",10642
17473,6029611007684.066406,0.248000,"aten::to",10643
17474,6029611007685.973633,29.957000,"aten::matmul",10644
17475,6029611007686.946289,1.421000,"aten::reshape",10645
17476,6029611007687.304688,0.842000,"aten::view",10646
17477,6029611007688.890625,24.609000,"aten::mm",10647
17481,6029611007714.366211,1.029000,"aten::_unsafe_view",10648
17482,6029611007719.222656,0.595000,"aten::view",10649
17483,6029611007721.629883,0.691000,"aten::view",10650
17484,6029611007723.790039,3.525000,"aten::t",10651
17485,6029611007725.123047,1.717000,"aten::transpose",10652
17486,6029611007725.906250,0.709000,"aten::as_strided",10653
17487,6029611007728.363281,28.223000,"aten::matmul",10654
17488,6029611007728.841797,27.367000,"aten::mm",10655
17494,6029611007774.203125,24.939000,"autograd::engine::evaluate_function: torch::autograd::AccumulateGrad",10656
17496,6029611007777.165039,2.901000,"torch::autograd::AccumulateGrad",10657
17497,6029611007778.514648,1.272000,"aten::detach",10658
17498,6029611007778.929688,0.667000,"detach",10659
17499,6029611007785.071289,9.217000,"aten::add_",10660
17502,6029611007804.405273,15.838000,"autograd::engine::evaluate_function: _CopyToModelParallelRegionBackward",10661
17503,6029611007805.579102,2.726000,"_CopyToModelParallelRegionBackward",10662
17504,6029611007810.832031,7.114000,"aten::add_",10663
17506,6029611007824.423828,114.259000,"autograd::engine::evaluate_function: _LinearBackward",10664
17507,6029611007825.625000,97.023000,"_LinearBackward",10665
17508,6029611007844.647461,1.722000,"aten::reshape",10666
17509,6029611007845.149414,0.985000,"aten::view",10667
17510,6029611007872.903320,4.947000,"aten::empty",10668
17513,6029611007917.430664,1.395000,"aten::view",10669
17514,6029611007927.500977,8.000000,"aten::add_",10670
17516,6029611007943.754883,154.930000,"autograd::engine::evaluate_function: _OperationFuserAutogradFunctionBackward",10671
17517,6029611007944.989258,130.433000,"_OperationFuserAutogradFunctionBackward",10672
17518,6029611007980.675781,0.827000,"aten::view",10673
17519,6029611007985.240234,1.318000,"aten::view",10674
17520,6029611007990.481445,8.167000,"aten::empty_like",10675
17521,6029611007992.634766,5.506000,"aten::empty_strided",10676
17523,6029611007999.352539,4.549000,"aten::empty_like",10677
17524,6029611008000.097656,3.545000,"aten::empty_strided",10678
17526,6029611008010.675781,4.367000,"aten::empty",10679
17531,6029611008052.908203,0.386000,"aten::_has_compatible_shallow_copy_type",10680
17532,6029611008055.332031,0.025000,"aten::_has_compatible_shallow_copy_type",10681
17533,6029611008060.400391,0.992000,"aten::view",10682
17534,6029611008064.192383,0.980000,"aten::view",10683
17535,6029611008082.144531,12.319000,"aten::add",10684
17538,6029611008104.046875,5.500000,"autograd::engine::evaluate_function: AddBackward0",10685
17539,6029611008105.168945,1.736000,"AddBackward0",10686
17540,6029611008112.960938,3.056000,"autograd::engine::evaluate_function: AddBackward0",10687
17541,6029611008113.843750,0.268000,"AddBackward0",10688
17542,6029611008119.168945,4.732000,"autograd::engine::evaluate_function: ViewBackward0",10689
17543,6029611008119.958984,2.543000,"ViewBackward0",10690
17544,6029611008120.671875,1.557000,"aten::reshape",10691
17545,6029611008121.176758,0.812000,"aten::view",10692
17546,6029611008127.236328,19.033000,"autograd::engine::evaluate_function: MulBackward0",10693
17547,6029611008128.047852,15.820000,"MulBackward0",10694
17548,6029611008129.445312,13.955000,"aten::mul",10695
17551,6029611008150.086914,7.726000,"autograd::engine::evaluate_function: _GatherFromModelParallelRegionBackward",10696
17552,6029611008151.093750,4.700000,"_GatherFromModelParallelRegionBackward",10697
17553,6029611008161.313477,106.222000,"autograd::engine::evaluate_function: LinearWithGradAccumulationAndAsyncCommunicationBackward",10698
17554,6029611008162.216797,95.677000,"LinearWithGradAccumulationAndAsyncCommunicationBackward",10699
17555,6029611008174.893555,0.244000,"aten::to",10700
17556,6029611008177.092773,35.261000,"aten::matmul",10701
17557,6029611008178.231445,1.303000,"aten::reshape",10702
17558,6029611008178.666992,0.644000,"aten::view",10703
17559,6029611008180.183594,29.137000,"aten::mm",10704
17562,6029611008210.442383,1.258000,"aten::_unsafe_view",10705
17563,6029611008216.377930,0.568000,"aten::view",10706
17564,6029611008218.818359,0.762000,"aten::view",10707
17565,6029611008221.252930,4.767000,"aten::t",10708
17566,6029611008222.906250,2.556000,"aten::transpose",10709
17567,6029611008224.100586,1.087000,"aten::as_strided",10710
17568,6029611008227.144531,25.689000,"aten::matmul",10711
17569,6029611008227.611328,24.791000,"aten::mm",10712
17574,6029611008273.548828,31.033000,"autograd::engine::evaluate_function: torch::autograd::AccumulateGrad",10713
17576,6029611008277.217773,4.042000,"torch::autograd::AccumulateGrad",10714
17577,6029611008279.017578,1.757000,"aten::detach",10715
17578,6029611008279.488281,1.106000,"detach",10716
17579,6029611008288.346680,10.330000,"aten::add_",10717
17582,6029611008310.330078,6.397000,"autograd::engine::evaluate_function: _CopyToModelParallelRegionBackward",10718
17583,6029611008311.537109,3.457000,"_CopyToModelParallelRegionBackward",10719
17584,6029611008320.532227,4.588000,"autograd::engine::evaluate_function: _ReduceFromModelParallelRegionBackward",10720
17585,6029611008321.819336,2.091000,"_ReduceFromModelParallelRegionBackward",10721
17586,6029611008328.381836,83.196000,"autograd::engine::evaluate_function: LinearWithGradAccumulationAndAsyncCommunicationBackward",10722
17587,6029611008329.449219,74.872000,"LinearWithGradAccumulationAndAsyncCommunicationBackward",10723
17588,6029611008338.285156,0.171000,"aten::to",10724
17589,6029611008340.064453,26.542000,"aten::matmul",10725
17590,6029611008340.886719,1.321000,"aten::reshape",10726
17591,6029611008341.228516,0.781000,"aten::view",10727
17592,6029611008342.795898,21.829000,"aten::mm",10728
17595,6029611008365.498047,0.637000,"aten::_unsafe_view",10729
17596,6029611008369.726562,0.586000,"aten::view",10730
17597,6029611008371.975586,0.691000,"aten::view",10731
17598,6029611008373.920898,3.020000,"aten::t",10732
17599,6029611008375.014648,1.510000,"aten::transpose",10733
17600,6029611008375.726562,0.591000,"aten::as_strided",10734
17601,6029611008378.201172,22.335000,"aten::matmul",10735
17602,6029611008378.676758,21.541000,"aten::mm",10736
17607,6029611008416.333984,23.248000,"autograd::engine::evaluate_function: torch::autograd::AccumulateGrad",10737
17609,6029611008419.115234,2.706000,"torch::autograd::AccumulateGrad",10738
17610,6029611008420.168945,1.325000,"aten::detach",10739
17611,6029611008420.817383,0.494000,"detach",10740
17613,6029611008425.987305,8.492000,"aten::add_",10741
17616,6029611008445.170898,111.241000,"autograd::engine::evaluate_function: _LinearBackward",10742
17617,6029611008446.356445,95.316000,"_LinearBackward",10743
17618,6029611008461.142578,1.607000,"aten::reshape",10744
17619,6029611008461.702148,0.808000,"aten::view",10745
17620,6029611008495.715820,4.711000,"aten::empty",10746
17623,6029611008537.097656,1.227000,"aten::view",10747
17624,6029611008544.968750,8.415000,"aten::add_",10748
17626,6029611008561.363281,5.421000,"autograd::engine::evaluate_function: ViewBackward0",10749
17627,6029611008562.452148,2.671000,"ViewBackward0",10750
17628,6029611008563.206055,1.644000,"aten::reshape",10751
17629,6029611008563.521484,1.161000,"aten::view",10752
17630,6029611008585.838867,2.794000,"autograd::engine::evaluate_function: CloneBackward0",10753
17631,6029611008586.791992,0.464000,"CloneBackward0",10754
17632,6029611008591.661133,4.599000,"autograd::engine::evaluate_function: ViewBackward0",10755
17633,6029611008592.455078,2.314000,"ViewBackward0",10756
17634,6029611008592.868164,1.754000,"aten::reshape",10757
17635,6029611008593.166016,1.285000,"aten::view",10758
17636,6029611008600.198242,8.724000,"autograd::engine::evaluate_function: PermuteBackward0",10759
17637,6029611008601.132812,6.131000,"PermuteBackward0",10760
17638,6029611008602.465820,4.486000,"aten::permute",10761
17639,6029611008604.962891,1.308000,"aten::as_strided",10762
17640,6029611008612.235352,8.716000,"autograd::engine::evaluate_function: ViewBackward0",10763
17641,6029611008613.015625,6.608000,"ViewBackward0",10764
17642,6029611008613.386719,6.052000,"aten::reshape",10765
17643,6029611008616.965820,2.138000,"aten::_reshape_alias",10766
17644,6029611008624.142578,36.092000,"autograd::engine::evaluate_function: BmmBackward0",10767
17645,6029611008625.027344,30.973000,"BmmBackward0",10768
17646,6029611008626.779297,2.282000,"aten::transpose",10769
17647,6029611008628.101562,0.330000,"aten::as_strided",10770
17648,6029611008630.097656,25.293000,"aten::bmm",10771
17651,6029611008664.335938,4.658000,"autograd::engine::evaluate_function: ReshapeAliasBackward0",10772
17652,6029611008665.215820,2.248000,"ReshapeAliasBackward0",10773
17653,6029611008665.828125,1.450000,"aten::reshape",10774
17654,6029611008666.240234,0.842000,"aten::view",10775
17655,6029611008671.978516,5.315000,"autograd::engine::evaluate_function: PermuteBackward0",10776
17656,6029611008672.882812,2.621000,"PermuteBackward0",10777
17657,6029611008673.593750,1.703000,"aten::permute",10778
17658,6029611008674.388672,0.485000,"aten::as_strided",10779
17659,6029611008680.487305,4.153000,"autograd::engine::evaluate_function: PermuteBackward0",10780
17660,6029611008681.267578,1.956000,"PermuteBackward0",10781
17661,6029611008681.708008,1.345000,"aten::permute",10782
17662,6029611008682.329102,0.388000,"aten::as_strided",10783
17663,6029611008687.852539,7.409000,"autograd::engine::evaluate_function: UnsqueezeBackward0",10784
17664,6029611008688.760742,4.901000,"UnsqueezeBackward0",10785
17665,6029611008689.933594,3.502000,"aten::squeeze",10786
17666,6029611008691.968750,0.539000,"aten::as_strided",10787
17667,6029611008698.969727,394.154000,"autograd::engine::evaluate_function: FusedSparseAttentionFuncBackward",10788
17668,6029611008699.932617,381.413000,"FusedSparseAttentionFuncBackward",10789
17669,6029611008711.524414,2.230000,"aten::reshape",10790
17670,6029611008712.553711,0.921000,"aten::_reshape_alias",10791
17671,6029611008850.305664,28.031000,"aten::contiguous",10792
17672,6029611008851.348633,26.757000,"aten::clone",10793
17673,6029611008853.829102,6.993000,"aten::empty_like",10794
17674,6029611008854.877930,5.439000,"aten::empty",10795
17676,6029611008861.850586,15.781000,"aten::copy_",10796
17678,6029611008883.713867,6.632000,"aten::empty_like",10797
17679,6029611008884.934570,5.105000,"aten::empty_strided",10798
17681,6029611008896.223633,18.602000,"aten::zeros",10799
17682,6029611008897.527344,3.954000,"aten::empty",10800
17684,6029611008902.478516,12.032000,"aten::zero_",10801
17685,6029611008903.750977,10.032000,"aten::fill_",10802
17687,6029611008918.182617,15.796000,"aten::zeros_like",10803
17688,6029611008918.890625,5.373000,"aten::empty_like",10804
17689,6029611008919.683594,4.327000,"aten::empty_strided",10805
17691,6029611008924.829102,8.918000,"aten::zero_",10806
17692,6029611008925.433594,7.776000,"aten::fill_",10807
17694,6029611008942.160156,16.331000,"aten::zeros",10808
17695,6029611008942.656250,4.022000,"aten::empty",10809
17697,6029611008947.133789,11.155000,"aten::zero_",10810
17698,6029611008947.709961,10.000000,"aten::fill_",10811
17700,6029611008961.700195,12.048000,"aten::zeros",10812
17701,6029611008962.158203,4.217000,"aten::empty",10813
17703,6029611008966.900391,6.695000,"aten::zero_",10814
17704,6029611008967.531250,5.502000,"aten::fill_",10815
17710,6029611009070.525391,2.700000,"aten::reshape",10816
17711,6029611009070.927734,2.081000,"aten::view",10817
17712,6029611009076.238281,1.386000,"aten::reshape",10818
17713,6029611009076.607422,0.831000,"aten::view",10819
17714,6029611009100.625977,9.365000,"autograd::engine::evaluate_function: SqueezeBackward1",10820
17715,6029611009101.960938,5.820000,"SqueezeBackward1",10821
17716,6029611009103.776367,3.594000,"aten::unsqueeze",10822
17717,6029611009105.727539,0.728000,"aten::as_strided",10823
17718,6029611009113.506836,47.097000,"autograd::engine::evaluate_function: IndexSelectBackward0",10824
17719,6029611009114.493164,42.815000,"IndexSelectBackward0",10825
17720,6029611009118.671875,38.318000,"aten::index_select_backward",10826
17721,6029611009119.826172,15.650000,"aten::new_zeros",10827
17722,6029611009121.386719,5.300000,"aten::new_empty",10828
17723,6029611009121.966797,4.459000,"aten::empty",10829
17725,6029611009127.358398,7.870000,"aten::zero_",10830
17726,6029611009127.927734,6.659000,"aten::fill_",10831
17728,6029611009137.208008,19.467000,"aten::index_add_",10832
17730,6029611009164.333984,164.226000,"autograd::engine::evaluate_function: _GatherFromSequenceParallelRegionBackward",10833
17731,6029611009165.590820,159.129000,"_GatherFromSequenceParallelRegionBackward",10834
17732,6029611009181.646484,4.172000,"aten::empty",10835
17734,6029611009216.666992,103.008000,"c10d::_reduce_scatter_base_",10836
17735,6029611009235.393555,80.799000,"record_param_comms",10837
17748,6029611009332.848633,8.128000,"autograd::engine::evaluate_function: UnsqueezeBackward0",10839
17749,6029611009333.927734,5.536000,"UnsqueezeBackward0",10840
17750,6029611009335.147461,4.034000,"aten::squeeze",10841
17751,6029611009337.454102,0.557000,"aten::as_strided",10842
17752,6029611009344.255859,4.730000,"autograd::engine::evaluate_function: UnsqueezeBackward0",10843
17753,6029611009345.072266,1.966000,"UnsqueezeBackward0",10844
17754,6029611009345.420898,1.465000,"aten::squeeze",10845
17755,6029611009346.170898,0.148000,"aten::as_strided",10846
17756,6029611009352.260742,15.405000,"autograd::engine::evaluate_function: CatBackward0",10847
17757,6029611009353.166992,12.517000,"CatBackward0",10848
17758,6029611009354.869141,7.616000,"aten::narrow",10849
17759,6029611009357.188477,4.671000,"aten::slice",10850
17760,6029611009359.439453,0.788000,"aten::as_strided",10851
17761,6029611009363.250000,1.792000,"aten::narrow",10852
17762,6029611009363.640625,1.220000,"aten::slice",10853
17763,6029611009364.197266,0.234000,"aten::as_strided",10854
17764,6029611009370.934570,7.691000,"autograd::engine::evaluate_function: CatBackward0",10855
17765,6029611009371.707031,4.830000,"CatBackward0",10856
17766,6029611009372.232422,2.057000,"aten::narrow",10857
17767,6029611009372.670898,1.450000,"aten::slice",10858
17768,6029611009373.371094,0.294000,"aten::as_strided",10859
17769,6029611009374.731445,1.594000,"aten::narrow",10860
17770,6029611009375.061523,1.079000,"aten::slice",10861
17771,6029611009375.500000,0.294000,"aten::as_strided",10862
17772,6029611009382.039062,5.667000,"autograd::engine::evaluate_function: SqueezeBackward1",10863
17773,6029611009382.826172,3.158000,"SqueezeBackward1",10864
17774,6029611009383.557617,2.221000,"aten::unsqueeze",10865
17775,6029611009384.712891,0.411000,"aten::as_strided",10866
17776,6029611009390.739258,7.870000,"autograd::engine::evaluate_function: CatBackward0",10867
17777,6029611009391.494141,4.778000,"CatBackward0",10868
17778,6029611009392.035156,1.958000,"aten::narrow",10869
17779,6029611009392.432617,1.373000,"aten::slice",10870
17780,6029611009393.078125,0.303000,"aten::as_strided",10871
17781,6029611009394.458008,1.611000,"aten::narrow",10872
17782,6029611009394.761719,1.151000,"aten::slice",10873
17783,6029611009395.183594,0.341000,"aten::as_strided",10874
17784,6029611009401.829102,3.632000,"autograd::engine::evaluate_function: AddBackward0",10875
17785,6029611009402.564453,1.000000,"AddBackward0",10876
17786,6029611009408.783203,23.892000,"autograd::engine::evaluate_function: MulBackward0",10877
17787,6029611009409.603516,20.018000,"MulBackward0",10878
17788,6029611009411.271484,17.920000,"aten::mul",10879
17791,6029611009436.035156,8.851000,"autograd::engine::evaluate_function: CatBackward0",10880
17792,6029611009436.935547,5.227000,"CatBackward0",10881
17793,6029611009437.635742,2.190000,"aten::narrow",10882
17794,6029611009438.063477,1.538000,"aten::slice",10883
17795,6029611009438.724609,0.309000,"aten::as_strided",10884
17796,6029611009440.284180,1.636000,"aten::narrow",10885
17797,6029611009440.635742,1.123000,"aten::slice",10886
17798,6029611009441.030273,0.260000,"aten::as_strided",10887
17799,6029611009448.094727,26.061000,"autograd::engine::evaluate_function: NegBackward0",10888
17800,6029611009448.885742,23.552000,"NegBackward0",10889
17801,6029611009449.879883,13.183000,"aten::neg",10890
17804,6029611009477.696289,22.588000,"autograd::engine::evaluate_function: SplitBackward0",10891
17805,6029611009478.658203,19.475000,"SplitBackward0",10892
17806,6029611009480.152344,17.416000,"aten::cat",10893
17809,6029611009503.772461,28.612000,"autograd::engine::evaluate_function: MulBackward0",10894
17810,6029611009504.611328,10.647000,"MulBackward0",10895
17811,6029611009505.326172,9.638000,"aten::mul",10896
17814,6029611009518.940430,11.306000,"aten::add_",10897
17816,6029611009535.779297,8.174000,"autograd::engine::evaluate_function: CatBackward0",10898
17817,6029611009536.567383,5.052000,"CatBackward0",10899
17818,6029611009537.014648,2.309000,"aten::narrow",10900
17819,6029611009537.470703,1.609000,"aten::slice",10901
17820,6029611009538.144531,0.342000,"aten::as_strided",10902
17821,6029611009539.827148,1.562000,"aten::narrow",10903
17822,6029611009540.180664,1.049000,"aten::slice",10904
17823,6029611009540.650391,0.206000,"aten::as_strided",10905
17824,6029611009547.242188,35.046000,"autograd::engine::evaluate_function: SliceBackward0",10906
17825,6029611009548.080078,32.977000,"SliceBackward0",10907
17826,6029611009549.602539,30.868000,"aten::slice_backward",10908
17827,6029611009551.157227,14.561000,"aten::zeros",10909
17828,6029611009552.311523,4.073000,"aten::empty",10910
17830,6029611009557.019531,8.410000,"aten::zero_",10911
17831,6029611009557.843750,6.976000,"aten::fill_",10912
17833,6029611009566.540039,0.942000,"aten::slice",10913
17834,6029611009566.964844,0.310000,"aten::as_strided",10914
17835,6029611009568.390625,11.335000,"aten::copy_",10915
17837,6029611009585.725586,30.921000,"autograd::engine::evaluate_function: SliceBackward0",10916
17838,6029611009586.633789,20.178000,"SliceBackward0",10917
17839,6029611009587.035156,19.592000,"aten::slice_backward",10918
17840,6029611009587.540039,10.927000,"aten::zeros",10919
17841,6029611009588.106445,3.366000,"aten::empty",10920
17843,6029611009591.947266,6.354000,"aten::zero_",10921
17844,6029611009592.481445,5.265000,"aten::fill_",10922
17846,6029611009598.922852,0.846000,"aten::slice",10923
17847,6029611009599.306641,0.239000,"aten::as_strided",10924
17848,6029611009600.188477,6.094000,"aten::copy_",10925
17850,6029611009608.868164,5.774000,"aten::add_",10926
17852,6029611009620.026367,16.523000,"autograd::engine::evaluate_function: SliceBackward0",10927
17853,6029611009620.826172,14.317000,"SliceBackward0",10928
17854,6029611009621.271484,13.700000,"aten::slice_backward",10929
17855,6029611009621.686523,10.562000,"aten::zeros",10930
17856,6029611009622.158203,3.093000,"aten::empty",10931
17858,6029611009625.693359,6.371000,"aten::zero_",10932
17859,6029611009626.247070,5.254000,"aten::fill_",10933
17861,6029611009632.719727,0.916000,"aten::slice",10934
17862,6029611009633.188477,0.256000,"aten::as_strided",10935
17863,6029611009634.011719,0.727000,"aten::copy_",10936
17864,6029611009640.287109,10.755000,"autograd::engine::evaluate_function: AliasBackward0",10937
17865,6029611009641.199219,0.404000,"AliasBackward0",10938
17866,6029611009642.784180,6.203000,"aten::add_",10939
17868,6029611009654.428711,4.539000,"autograd::engine::evaluate_function: UnsqueezeBackward0",10940
17869,6029611009655.332031,2.261000,"UnsqueezeBackward0",10941
17870,6029611009655.833984,1.567000,"aten::squeeze",10942
17871,6029611009656.610352,0.254000,"aten::as_strided",10943
17872,6029611009662.086914,4.728000,"autograd::engine::evaluate_function: SqueezeBackward1",10944
17873,6029611009662.920898,2.435000,"SqueezeBackward1",10945
17874,6029611009663.534180,1.610000,"aten::unsqueeze",10946
17875,6029611009664.307617,0.356000,"aten::as_strided",10947
17876,6029611009669.906250,8.050000,"autograd::engine::evaluate_function: CatBackward0",10948
17877,6029611009670.676758,5.022000,"CatBackward0",10949
17878,6029611009671.226562,2.076000,"aten::narrow",10950
17879,6029611009671.643555,1.432000,"aten::slice",10951
17880,6029611009672.324219,0.237000,"aten::as_strided",10952
17881,6029611009673.888672,1.568000,"aten::narrow",10953
17882,6029611009674.236328,1.052000,"aten::slice",10954
17883,6029611009674.733398,0.155000,"aten::as_strided",10955
17884,6029611009681.068359,3.372000,"autograd::engine::evaluate_function: AddBackward0",10956
17885,6029611009681.848633,0.359000,"AddBackward0",10957
17886,6029611009687.411133,22.148000,"autograd::engine::evaluate_function: MulBackward0",10958
17887,6029611009688.081055,18.705000,"MulBackward0",10959
17888,6029611009688.708008,17.754000,"aten::mul",10960
17892,6029611009712.898438,7.985000,"autograd::engine::evaluate_function: CatBackward0",10961
17893,6029611009713.683594,5.102000,"CatBackward0",10962
17894,6029611009714.352539,2.101000,"aten::narrow",10963
17895,6029611009714.773438,1.452000,"aten::slice",10964
17896,6029611009715.425781,0.290000,"aten::as_strided",10965
17897,6029611009716.998047,1.544000,"aten::narrow",10966
17898,6029611009717.346680,1.034000,"aten::slice",10967
17899,6029611009717.797852,0.232000,"aten::as_strided",10968
17900,6029611009724.123047,11.919000,"autograd::engine::evaluate_function: NegBackward0",10969
17901,6029611009724.883789,9.743000,"NegBackward0",10970
17902,6029611009725.337891,9.026000,"aten::neg",10971
17906,6029611009739.363281,13.630000,"autograd::engine::evaluate_function: SplitBackward0",10972
17907,6029611009740.238281,10.662000,"SplitBackward0",10973
17908,6029611009740.738281,9.757000,"aten::cat",10974
17911,6029611009756.265625,26.359000,"autograd::engine::evaluate_function: MulBackward0",10975
17912,6029611009757.049805,14.311000,"MulBackward0",10976
17913,6029611009757.761719,13.290000,"aten::mul",10977
17918,6029611009774.171875,6.380000,"aten::add_",10978
17920,6029611009786.006836,8.073000,"autograd::engine::evaluate_function: CatBackward0",10979
17921,6029611009786.872070,4.818000,"CatBackward0",10980
17922,6029611009787.334961,2.159000,"aten::narrow",10981
17923,6029611009787.834961,1.439000,"aten::slice",10982
17924,6029611009788.524414,0.240000,"aten::as_strided",10983
17925,6029611009790.003906,1.457000,"aten::narrow",10984
17926,6029611009790.346680,0.956000,"aten::slice",10985
17927,6029611009790.799805,0.155000,"aten::as_strided",10986
17928,6029611009797.275391,23.097000,"autograd::engine::evaluate_function: SliceBackward0",10987
17929,6029611009798.088867,21.090000,"SliceBackward0",10988
17930,6029611009798.543945,20.454000,"aten::slice_backward",10989
17931,6029611009799.079102,11.151000,"aten::zeros",10990
17932,6029611009799.658203,3.236000,"aten::empty",10991
17934,6029611009803.460938,6.569000,"aten::zero_",10992
17935,6029611009804.107422,5.305000,"aten::fill_",10993
17937,6029611009810.718750,0.901000,"aten::slice",10994
17938,6029611009811.144531,0.269000,"aten::as_strided",10995
17939,6029611009812.039062,6.597000,"aten::copy_",10996
17941,6029611009823.863281,30.169000,"autograd::engine::evaluate_function: SliceBackward0",10997
17942,6029611009824.696289,19.441000,"SliceBackward0",10998
17943,6029611009825.138672,18.820000,"aten::slice_backward",10999
17944,6029611009825.534180,10.347000,"aten::zeros",11000
17945,6029611009826.076172,3.095000,"aten::empty",11001
17947,6029611009829.666016,6.031000,"aten::zero_",11002
17948,6029611009830.267578,4.873000,"aten::fill_",11003
17950,6029611009836.339844,0.809000,"aten::slice",11004
17951,6029611009836.710938,0.231000,"aten::as_strided",11005
17952,6029611009837.551758,6.059000,"aten::copy_",11006
17954,6029611009845.838867,6.325000,"aten::add_",11007
17956,6029611009857.381836,16.576000,"autograd::engine::evaluate_function: SliceBackward0",11008
17957,6029611009858.372070,14.300000,"SliceBackward0",11009
17958,6029611009858.834961,13.636000,"aten::slice_backward",11010
17959,6029611009859.334961,10.563000,"aten::zeros",11011
17960,6029611009859.828125,3.174000,"aten::empty",11012
17962,6029611009863.461914,6.274000,"aten::zero_",11013
17963,6029611009863.991211,5.194000,"aten::fill_",11014
17965,6029611009870.375000,0.870000,"aten::slice",11015
17966,6029611009870.800781,0.240000,"aten::as_strided",11016
17967,6029611009871.652344,0.586000,"aten::copy_",11017
17968,6029611009877.276367,9.745000,"autograd::engine::evaluate_function: AliasBackward0",11018
17969,6029611009878.125977,0.263000,"AliasBackward0",11019
17970,6029611009879.515625,5.707000,"aten::add_",11020
17972,6029611009890.283203,4.100000,"autograd::engine::evaluate_function: UnsqueezeBackward0",11021
17973,6029611009891.163086,2.100000,"UnsqueezeBackward0",11022
17974,6029611009891.655273,1.448000,"aten::squeeze",11023
17975,6029611009892.398438,0.224000,"aten::as_strided",11024
17976,6029611009897.626953,2.218000,"autograd::engine::evaluate_function: CloneBackward0",11025
17977,6029611009898.393555,0.155000,"CloneBackward0",11026
17978,6029611009902.981445,8.813000,"autograd::engine::evaluate_function: ViewBackward0",11027
17979,6029611009903.719727,6.461000,"ViewBackward0",11028
17980,6029611009904.703125,5.252000,"aten::reshape",11029
17981,6029611009907.547852,2.043000,"aten::_reshape_alias",11030
17982,6029611009914.967773,6.699000,"autograd::engine::evaluate_function: PermuteBackward0",11031
17983,6029611009915.821289,4.203000,"PermuteBackward0",11032
17984,6029611009917.024414,2.741000,"aten::permute",11033
17985,6029611009918.742188,0.394000,"aten::as_strided",11034
17986,6029611009924.732422,4.358000,"autograd::engine::evaluate_function: ViewBackward0",11035
17987,6029611009925.410156,2.240000,"ViewBackward0",11036
17988,6029611009925.832031,1.632000,"aten::reshape",11037
17989,6029611009926.571289,0.702000,"aten::_reshape_alias",11038
17990,6029611009932.294922,65.547000,"autograd::engine::evaluate_function: BmmBackward0",11039
17991,6029611009933.021484,60.721000,"BmmBackward0",11040
17992,6029611009935.373047,2.805000,"aten::transpose",11041
17993,6029611009937.100586,0.445000,"aten::as_strided",11042
17994,6029611009939.097656,53.973000,"aten::bmm",11043
17998,6029611010001.842773,6.176000,"autograd::engine::evaluate_function: ReshapeAliasBackward0",11044
17999,6029611010002.765625,3.500000,"ReshapeAliasBackward0",11045
18000,6029611010003.526367,2.585000,"aten::reshape",11046
18001,6029611010004.148438,1.759000,"aten::view",11047
18002,6029611010011.120117,4.789000,"autograd::engine::evaluate_function: PermuteBackward0",11048
18003,6029611010011.980469,2.355000,"PermuteBackward0",11049
18004,6029611010012.631836,1.509000,"aten::permute",11050
18005,6029611010013.358398,0.379000,"aten::as_strided",11051
18006,6029611010019.001953,4.712000,"autograd::engine::evaluate_function: PermuteBackward0",11052
18007,6029611010019.813477,2.252000,"PermuteBackward0",11053
18008,6029611010020.298828,1.553000,"aten::permute",11054
18009,6029611010020.958008,0.501000,"aten::as_strided",11055
18010,6029611010026.761719,4.351000,"autograd::engine::evaluate_function: UnsqueezeBackward0",11056
18011,6029611010027.519531,1.973000,"UnsqueezeBackward0",11057
18012,6029611010027.918945,1.401000,"aten::squeeze",11058
18013,6029611010028.664062,0.209000,"aten::as_strided",11059
18014,6029611010035.056641,19.357000,"autograd::engine::evaluate_function: SplitWithSizesBackward0",11060
18015,6029611010035.984375,15.491000,"SplitWithSizesBackward0",11061
18016,6029611010036.798828,14.316000,"aten::cat",11062
18019,6029611010057.694336,3.933000,"autograd::engine::evaluate_function: UnsqueezeBackward0",11063
18020,6029611010058.463867,1.805000,"UnsqueezeBackward0",11064
18021,6029611010058.829102,1.294000,"aten::squeeze",11065
18022,6029611010059.528320,0.225000,"aten::as_strided",11066
18023,6029611010064.798828,3.963000,"autograd::engine::evaluate_function: UnsqueezeBackward0",11067
18024,6029611010065.596680,1.694000,"UnsqueezeBackward0",11068
18025,6029611010065.929688,1.215000,"aten::squeeze",11069
18026,6029611010066.559570,0.238000,"aten::as_strided",11070
18027,6029611010071.888672,3.883000,"autograd::engine::evaluate_function: ViewBackward0",11071
18028,6029611010072.673828,1.841000,"ViewBackward0",11072
18029,6029611010073.123047,1.228000,"aten::reshape",11073
18030,6029611010073.442383,0.692000,"aten::view",11074
18031,6029611010078.791992,3.374000,"autograd::engine::evaluate_function: AddBackward0",11075
18032,6029611010079.602539,0.364000,"AddBackward0",11076
18033,6029611010085.202148,3.746000,"autograd::engine::evaluate_function: ViewBackward0",11077
18034,6029611010085.963867,1.525000,"ViewBackward0",11078
18035,6029611010086.345703,1.000000,"aten::reshape",11079
18036,6029611010086.623047,0.543000,"aten::view",11080
18037,6029611010092.088867,17.372000,"autograd::engine::evaluate_function: MulBackward0",11081
18038,6029611010092.821289,13.944000,"MulBackward0",11082
18039,6029611010093.771484,12.646000,"aten::mul",11083
18042,6029611010113.236328,117.144000,"autograd::engine::evaluate_function: LinearWithGradAccumulationAndAsyncCommunicationBackward",11084
18043,6029611010114.516602,105.057000,"LinearWithGradAccumulationAndAsyncCommunicationBackward",11085
18044,6029611010146.359375,0.370000,"aten::to",11086
18045,6029611010149.611328,32.515000,"aten::matmul",11087
18046,6029611010151.034180,30.567000,"aten::mm",11088
18049,6029611010186.951172,3.852000,"aten::t",11089
18050,6029611010188.637695,1.475000,"aten::transpose",11090
18051,6029611010189.502930,0.372000,"aten::as_strided",11091
18052,6029611010192.249023,21.294000,"aten::matmul",11092
18053,6029611010192.665039,20.516000,"aten::mm",11093
18057,6029611010237.766602,38.753000,"autograd::engine::evaluate_function: torch::autograd::AccumulateGrad",11094
18059,6029611010242.014648,5.702000,"torch::autograd::AccumulateGrad",11095
18060,6029611010244.283203,2.880000,"aten::detach",11096
18061,6029611010244.987305,2.000000,"detach",11097
18062,6029611010258.824219,10.962000,"aten::add_",11098
18065,6029611010282.824219,9.444000,"autograd::engine::evaluate_function: _CopyToModelParallelRegionBackward",11099
18066,6029611010283.966797,6.442000,"_CopyToModelParallelRegionBackward",11100
18067,6029611010295.921875,5.286000,"autograd::engine::evaluate_function: _GatherFromModelParallelRegionBackward",11101
18068,6029611010296.843750,2.491000,"_GatherFromModelParallelRegionBackward",11102
18069,6029611010304.450195,84.834000,"autograd::engine::evaluate_function: LinearWithGradAccumulationAndAsyncCommunicationBackward",11103
18070,6029611010305.644531,74.926000,"LinearWithGradAccumulationAndAsyncCommunicationBackward",11104
18071,6029611010316.499023,0.108000,"aten::to",11105
18072,6029611010318.080078,23.510000,"aten::matmul",11106
18073,6029611010318.557617,22.616000,"aten::mm",11107
18076,6029611010343.931641,2.825000,"aten::t",11108
18077,6029611010344.681641,1.457000,"aten::transpose",11109
18078,6029611010345.453125,0.431000,"aten::as_strided",11110
18079,6029611010347.771484,28.725000,"aten::matmul",11111
18080,6029611010348.140625,28.005000,"aten::mm",11112
18085,6029611010394.291016,24.569000,"autograd::engine::evaluate_function: torch::autograd::AccumulateGrad",11113
18087,6029611010397.696289,2.502000,"torch::autograd::AccumulateGrad",11114
18088,6029611010398.734375,1.254000,"aten::detach",11115
18089,6029611010399.115234,0.711000,"detach",11116
18090,6029611010405.179688,8.464000,"aten::add_",11117
18093,6029611010424.349609,4.955000,"autograd::engine::evaluate_function: _CopyToModelParallelRegionBackward",11118
18094,6029611010425.409180,2.355000,"_CopyToModelParallelRegionBackward",11119
18095,6029611010433.209961,142.119000,"autograd::engine::evaluate_function: _LinearBackward",11120
18096,6029611010434.446289,124.291000,"_LinearBackward",11121
18097,6029611010457.903320,2.186000,"aten::reshape",11122
18098,6029611010458.371094,1.530000,"aten::view",11123
18101,6029611010504.267578,5.325000,"aten::empty",11124
18105,6029611010552.985352,1.519000,"aten::view",11125
18106,6029611010563.039062,8.872000,"aten::add_",11126
18108,6029611010580.523438,147.302000,"autograd::engine::evaluate_function: _OperationFuserAutogradFunctionBackward",11127
18109,6029611010581.663086,140.283000,"_OperationFuserAutogradFunctionBackward",11128
18110,6029611010614.499023,21.582000,"aten::contiguous",11129
18111,6029611010615.531250,20.328000,"aten::clone",11130
18112,6029611010617.892578,5.736000,"aten::empty_like",11131
18113,6029611010618.845703,4.347000,"aten::empty",11132
18115,6029611010624.510742,10.891000,"aten::copy_",11133
18117,6029611010643.422852,1.221000,"aten::view",11134
18118,6029611010647.935547,1.368000,"aten::view",11135
18119,6029611010653.068359,7.594000,"aten::empty_like",11136
18120,6029611010654.776367,5.555000,"aten::empty_strided",11137
18122,6029611010661.267578,4.577000,"aten::empty_like",11138
18123,6029611010661.887695,3.699000,"aten::empty_strided",11139
18125,6029611010672.394531,4.198000,"aten::empty",11140
18129,6029611010700.516602,0.362000,"aten::_has_compatible_shallow_copy_type",11141
18130,6029611010702.771484,0.059000,"aten::_has_compatible_shallow_copy_type",11142
18131,6029611010706.990234,1.015000,"aten::view",11143
18132,6029611010710.402344,0.646000,"aten::view",11144
18133,6029611010732.367188,80.988000,"autograd::engine::evaluate_function: _OperationFuserAutogradFunctionBackward",11145
18134,6029611010733.995117,74.086000,"_OperationFuserAutogradFunctionBackward",11146
18135,6029611010750.653320,0.804000,"aten::view",11147
18136,6029611010754.170898,0.997000,"aten::view",11148
18137,6029611010757.042969,4.942000,"aten::empty_like",11149
18138,6029611010757.767578,3.976000,"aten::empty_strided",11150
18140,6029611010762.488281,3.407000,"aten::empty_like",11151
18141,6029611010762.859375,2.810000,"aten::empty_strided",11152
18143,6029611010769.800781,3.376000,"aten::empty",11153
18147,6029611010793.216797,0.075000,"aten::_has_compatible_shallow_copy_type",11154
18148,6029611010794.608398,0.023000,"aten::_has_compatible_shallow_copy_type",11155
18149,6029611010797.995117,0.914000,"aten::view",11156
18150,6029611010801.026367,0.658000,"aten::view",11157
18151,6029611010817.658203,8.820000,"autograd::engine::evaluate_function: SqueezeBackward1",11158
18152,6029611010818.635742,6.330000,"SqueezeBackward1",11159
18153,6029611010820.702148,3.800000,"aten::unsqueeze",11160
18154,6029611010822.785156,0.744000,"aten::as_strided",11161
18155,6029611010829.887695,4.549000,"autograd::engine::evaluate_function: SqueezeBackward1",11162
18156,6029611010830.708984,1.773000,"SqueezeBackward1",11163
18157,6029611010831.156250,1.145000,"aten::unsqueeze",11164
18158,6029611010831.782227,0.160000,"aten::as_strided",11165
18159,6029611010837.686523,4.275000,"autograd::engine::evaluate_function: SqueezeBackward1",11166
18160,6029611010838.491211,1.766000,"SqueezeBackward1",11167
18161,6029611010838.987305,1.083000,"aten::unsqueeze",11168
18162,6029611010839.586914,0.142000,"aten::as_strided",11169
18163,6029611010845.313477,22.048000,"autograd::engine::evaluate_function: SplitWithSizesBackward0",11170
18164,6029611010846.172852,17.794000,"SplitWithSizesBackward0",11171
18165,6029611010847.197266,16.418000,"aten::cat",11172
18168,6029611010871.057617,4.029000,"autograd::engine::evaluate_function: AddBackward0",11173
18169,6029611010871.911133,0.911000,"AddBackward0",11174
18170,6029611010878.709961,4.445000,"autograd::engine::evaluate_function: ViewBackward0",11175
18171,6029611010879.481445,2.324000,"ViewBackward0",11176
18172,6029611010880.298828,1.308000,"aten::reshape",11177
18173,6029611010880.658203,0.751000,"aten::view",11178
18174,6029611010886.363281,20.047000,"autograd::engine::evaluate_function: MulBackward0",11179
18175,6029611010887.168945,16.746000,"MulBackward0",11180
18176,6029611010888.595703,14.899000,"aten::mul",11181
18179,6029611010910.156250,149.291000,"autograd::engine::evaluate_function: _LinearBackward",11182
18180,6029611010911.177734,137.487000,"_LinearBackward",11183
18181,6029611010924.839844,1.363000,"aten::reshape",11184
18182,6029611010925.220703,0.760000,"aten::view",11185
18183,6029611010947.785156,3.828000,"aten::empty",11186
18186,6029611011004.491211,3.930000,"aten::empty",11187
18190,6029611011043.534180,1.272000,"aten::view",11188
18192,6029611011066.194336,35.463000,"autograd::engine::evaluate_function: torch::autograd::AccumulateGrad",11189
18194,6029611011070.736328,4.440000,"torch::autograd::AccumulateGrad",11190
18195,6029611011072.760742,1.875000,"aten::detach",11191
18196,6029611011073.361328,1.066000,"detach",11192
18197,6029611011083.522461,11.590000,"aten::add_",11193
18200,6029611011107.460938,113.589000,"autograd::engine::evaluate_function: _LinearBackward",11194
18201,6029611011108.641602,105.440000,"_LinearBackward",11195
18202,6029611011120.306641,1.567000,"aten::reshape",11196
18203,6029611011120.718750,0.940000,"aten::view",11197
18204,6029611011135.808594,4.141000,"aten::empty",11198
18207,6029611011176.143555,3.771000,"aten::empty",11199
18211,6029611011209.673828,1.286000,"aten::view",11200
18213,6029611011226.485352,25.663000,"autograd::engine::evaluate_function: torch::autograd::AccumulateGrad",11201
18215,6029611011229.590820,2.497000,"torch::autograd::AccumulateGrad",11202
18216,6029611011230.796875,1.059000,"aten::detach",11203
18217,6029611011231.120117,0.573000,"detach",11204
18218,6029611011236.745117,9.458000,"aten::add_",11205
18221,6029611011257.707031,78.708000,"autograd::engine::evaluate_function: _LinearBackward",11206
18222,6029611011258.843750,57.375000,"_LinearBackward",11207
18223,6029611011269.147461,1.590000,"aten::reshape",11208
18225,6029611011269.607422,0.901000,"aten::view",11209
18226,6029611011282.612305,4.278000,"aten::empty",11210
18229,6029611011312.495117,1.141000,"aten::view",11211
18230,6029611011320.489258,12.325000,"aten::add",11212
18233,6029611011340.869141,4.438000,"autograd::engine::evaluate_function: AddBackward0",11213
18234,6029611011341.961914,0.923000,"AddBackward0",11214
18235,6029611011348.910156,4.503000,"autograd::engine::evaluate_function: ViewBackward0",11215
18236,6029611011349.733398,2.321000,"ViewBackward0",11216
18237,6029611011350.371094,1.492000,"aten::reshape",11217
18238,6029611011350.750000,0.933000,"aten::view",11218
18239,6029611011356.551758,17.418000,"autograd::engine::evaluate_function: MulBackward0",11219
18240,6029611011357.403320,14.166000,"MulBackward0",11220
18241,6029611011358.628906,12.580000,"aten::mul",11221
18244,6029611011377.647461,113.215000,"autograd::engine::evaluate_function: _LinearBackward",11222
18245,6029611011378.618164,104.165000,"_LinearBackward",11223
18246,6029611011388.938477,1.383000,"aten::reshape",11224
18247,6029611011389.309570,0.798000,"aten::view",11225
18248,6029611011402.035156,3.736000,"aten::empty",11226
18251,6029611011437.526367,3.447000,"aten::empty",11227
18255,6029611011478.570312,1.208000,"aten::view",11228
18257,6029611011496.506836,27.333000,"autograd::engine::evaluate_function: torch::autograd::AccumulateGrad",11229
18259,6029611011499.709961,2.945000,"torch::autograd::AccumulateGrad",11230
18260,6029611011500.876953,1.455000,"aten::detach",11231
18261,6029611011501.365234,0.789000,"detach",11232
18262,6029611011508.211914,10.318000,"aten::add_",11233
18265,6029611011529.480469,113.539000,"autograd::engine::evaluate_function: _LinearBackward",11234
18266,6029611011530.513672,93.160000,"_LinearBackward",11235
18267,6029611011540.461914,1.573000,"aten::reshape",11236
18268,6029611011540.901367,0.914000,"aten::view",11237
18269,6029611011553.399414,4.182000,"aten::empty",11238
18272,6029611011589.088867,3.767000,"aten::empty",11239
18276,6029611011619.728516,1.200000,"aten::view",11240
18278,6029611011632.226562,8.188000,"aten::add_",11241
18280,6029611011648.497070,22.726000,"autograd::engine::evaluate_function: torch::autograd::AccumulateGrad",11242
18282,6029611011651.359375,2.576000,"torch::autograd::AccumulateGrad",11243
18283,6029611011652.333008,1.329000,"aten::detach",11244
18284,6029611011652.679688,0.763000,"detach",11245
18285,6029611011658.886719,7.094000,"aten::add_",11246
18288,6029611011676.183594,67.316000,"autograd::engine::evaluate_function: _LinearBackward",11247
18289,6029611011677.427734,52.631000,"_LinearBackward",11248
18290,6029611011686.972656,1.570000,"aten::reshape",11249
18291,6029611011687.398438,0.923000,"aten::view",11250
18292,6029611011699.191406,3.871000,"aten::empty",11251
18295,6029611011726.568359,1.120000,"aten::view",11252
18296,6029611011733.592773,7.238000,"aten::add_",11253
18298,6029611011747.923828,134.649000,"autograd::engine::evaluate_function: _OperationFuserAutogradFunctionBackward",11254
18299,6029611011749.617188,116.411000,"_OperationFuserAutogradFunctionBackward",11255
18300,6029611011772.534180,0.849000,"aten::view",11256
18301,6029611011776.299805,1.151000,"aten::view",11257
18302,6029611011780.677734,6.854000,"aten::empty_like",11258
18303,6029611011782.070312,5.004000,"aten::empty_strided",11259
18305,6029611011788.205078,3.972000,"aten::empty_like",11260
18306,6029611011788.617188,3.277000,"aten::empty_strided",11261
18308,6029611011797.407227,3.379000,"aten::empty",11262
18313,6029611011833.085938,0.281000,"aten::_has_compatible_shallow_copy_type",11263
18314,6029611011835.077148,0.064000,"aten::_has_compatible_shallow_copy_type",11264
18315,6029611011852.164062,1.144000,"aten::view",11265
18316,6029611011855.951172,0.754000,"aten::view",11266
18317,6029611011870.739258,7.996000,"aten::add_",11267
18319,6029611011888.669922,5.941000,"autograd::engine::evaluate_function: torch::autograd::AccumulateGrad",11268
18320,6029611011890.182617,3.268000,"torch::autograd::AccumulateGrad",11269
18321,6029611011891.504883,1.275000,"aten::detach",11270
18322,6029611011891.821289,0.783000,"detach",11271
18327,6029611012126.124023,132705.358000,"autograd::engine::evaluate_function: CheckpointFunctionBackward",11272
18328,6029611012127.538086,132697.713000,"CheckpointFunctionBackward",11273
18338,6029611012281.966797,1.653000,"aten::detach",11275
18339,6029611012282.570312,0.859000,"detach",11276
18340,6029611012286.957031,0.747000,"aten::detach",11277
18341,6029611012287.310547,0.251000,"detach",11278
18347,6029611012452.662109,135.326000,"_OperationFuserAutogradFunction",11280
18348,6029611012490.404297,3.595000,"aten::view",11281
18349,6029611012497.333984,0.801000,"aten::view",11282
18350,6029611012511.927734,11.336000,"aten::empty",11283
18352,6029611012525.530273,3.979000,"aten::empty",11284
18354,6029611012534.497070,3.669000,"aten::empty",11285
18357,6029611012563.813477,1.267000,"aten::view",11286
18359,6029611012683.061523,103.360000,"_Linear",11287
18361,6029611012711.193359,4.527000,"aten::empty",11288
18365,6029611012849.377930,64.092000,"_Linear",11289
18366,6029611012869.071289,4.314000,"aten::empty",11290
18370,6029611012955.146484,55.698000,"_Linear",11291
18371,6029611012972.830078,3.994000,"aten::empty",11292
18374,6029611013023.840820,27.876000,"aten::mul",11293
18377,6029611013061.815430,4.887000,"aten::reshape",11294
18378,6029611013062.730469,3.673000,"aten::view",11295
18379,6029611013069.538086,15.096000,"aten::add",11296
18383,6029611013130.149414,58.635000,"_Linear",11297
18384,6029611013148.929688,4.008000,"aten::empty",11298
18389,6029611013235.501953,51.030000,"_Linear",11299
18390,6029611013251.179688,3.752000,"aten::empty",11300
18395,6029611013321.794922,48.274000,"_Linear",11301
18396,6029611013336.531250,3.843000,"aten::empty",11302
18399,6029611013379.344727,14.964000,"aten::mul",11303
18402,6029611013401.999023,3.407000,"aten::reshape",11304
18403,6029611013402.500000,2.656000,"aten::view",11305
18405,6029611013407.052734,11.650000,"aten::add",11306
18408,6029611013434.242188,8.697000,"aten::split_with_sizes",11307
18409,6029611013438.398438,2.094000,"aten::as_strided",11308
18410,6029611013441.189453,0.205000,"aten::as_strided",11309
18411,6029611013452.523438,4.730000,"aten::squeeze",11310
18412,6029611013455.702148,0.314000,"aten::as_strided",11311
18413,6029611013458.384766,3.356000,"aten::squeeze",11312
18414,6029611013460.549805,0.222000,"aten::as_strided",11313
18415,6029611013463.012695,12.323000,"aten::squeeze",11314
18416,6029611013474.054688,0.482000,"aten::as_strided",11315
18417,6029611013544.230469,91.581000,"_OperationFuserAutogradFunction",11316
18418,6029611013566.408203,1.346000,"aten::view",11317
18419,6029611013570.750000,0.877000,"aten::view",11318
18420,6029611013580.993164,5.813000,"aten::empty",11319
18422,6029611013589.116211,3.552000,"aten::empty",11320
18424,6029611013596.585938,4.125000,"aten::empty",11321
18427,6029611013618.167969,1.600000,"aten::view",11322
18428,6029611013678.982422,95.683000,"_OperationFuserAutogradFunction",11323
18429,6029611013692.176758,28.744000,"aten::contiguous",11324
18430,6029611013693.347656,27.344000,"aten::clone",11325
18431,6029611013695.531250,6.342000,"aten::empty_like",11326
18432,6029611013696.970703,4.354000,"aten::empty",11327
18434,6029611013703.238281,16.989000,"aten::copy_",11328
18436,6029611013725.071289,1.413000,"aten::view",11329
18437,6029611013729.162109,0.887000,"aten::view",11330
18438,6029611013734.668945,3.527000,"aten::empty",11331
18440,6029611013739.929688,3.738000,"aten::empty",11332
18442,6029611013746.556641,3.436000,"aten::empty",11333
18445,6029611013762.118164,0.961000,"aten::view",11334
18447,6029611013831.136719,77.745000,"_Linear",11335
18448,6029611013853.054688,4.037000,"aten::empty",11336
18451,6029611013944.233398,11.131000,"_CopyToModelParallelRegion",11337
18452,6029611013951.217773,2.355000,"aten::view_as",11338
18453,6029611013951.948242,1.348000,"aten::view",11339
18454,6029611013975.197266,67.312000,"LinearWithGradAccumulationAndAsyncCommunication",11340
18455,6029611013984.719727,5.675000,"aten::t",11341
18456,6029611013986.575195,3.049000,"aten::transpose",11342
18457,6029611013988.082031,1.245000,"aten::as_strided",11343
18458,6029611013992.522461,44.329000,"aten::matmul",11344
18459,6029611013994.026367,42.136000,"aten::mm",11345
18462,6029611014049.461914,9.389000,"_GatherFromModelParallelRegion",11346
18463,6029611014055.603516,1.977000,"aten::view_as",11347
18464,6029611014056.117188,1.201000,"aten::view",11348
18465,6029611014070.350586,5.975000,"_CopyToModelParallelRegion",11349
18466,6029611014073.958984,1.315000,"aten::view_as",11350
18467,6029611014074.348633,0.720000,"aten::view",11351
18468,6029611014088.953125,36.072000,"LinearWithGradAccumulationAndAsyncCommunication",11352
18469,6029611014094.301758,2.752000,"aten::t",11353
18470,6029611014095.095703,1.407000,"aten::transpose",11354
18471,6029611014095.583008,0.690000,"aten::as_strided",11355
18472,6029611014098.236328,22.742000,"aten::matmul",11356
18473,6029611014098.796875,21.806000,"aten::mm",11357
18476,6029611014132.482422,19.918000,"aten::mul",11358
18479,6029611014161.063477,3.294000,"aten::reshape",11359
18480,6029611014161.782227,2.355000,"aten::view",11360
18481,6029611014166.917969,14.610000,"aten::add",11361
18484,6029611014190.813477,2.115000,"aten::view",11362
18485,6029611014196.332031,4.250000,"aten::unsqueeze",11363
18486,6029611014199.203125,0.465000,"aten::as_strided",11364
18487,6029611014201.976562,1.740000,"aten::unsqueeze",11365
18488,6029611014202.866211,0.299000,"aten::as_strided",11366
18489,6029611014213.202148,1.154000,"aten::view",11367
18490,6029611014220.837891,5.864000,"aten::slice",11368
18491,6029611014223.116211,1.253000,"aten::as_strided",11369
18492,6029611014230.617188,2.183000,"aten::slice",11370
18493,6029611014231.268555,0.978000,"aten::as_strided",11371
18494,6029611014246.327148,5.155000,"aten::split_with_sizes",11372
18495,6029611014248.615234,0.572000,"aten::as_strided",11373
18496,6029611014249.745117,0.185000,"aten::as_strided",11374
18497,6029611014263.713867,75.059000,"aten::einsum",11375
18498,6029611014268.765625,2.398000,"aten::unsqueeze",11376
18499,6029611014269.874023,0.705000,"aten::as_strided",11377
18500,6029611014272.210938,4.468000,"aten::permute",11378
18501,6029611014275.003906,0.862000,"aten::as_strided",11379
18502,6029611014277.652344,1.234000,"aten::unsqueeze",11380
18503,6029611014278.274414,0.272000,"aten::as_strided",11381
18504,6029611014279.378906,1.167000,"aten::permute",11382
18505,6029611014279.943359,0.282000,"aten::as_strided",11383
18506,6029611014283.705078,3.135000,"aten::permute",11384
18507,6029611014285.549805,0.722000,"aten::as_strided",11385
18508,6029611014287.707031,6.360000,"aten::reshape",11386
18509,6029611014291.247070,2.553000,"aten::_reshape_alias",11387
18510,6029611014294.669922,1.134000,"aten::permute",11388
18511,6029611014295.257812,0.219000,"aten::as_strided",11389
18512,6029611014296.288086,1.456000,"aten::reshape",11390
18513,6029611014296.980469,0.577000,"aten::_reshape_alias",11391
18514,6029611014298.625977,29.628000,"aten::bmm",11392
18517,6029611014329.149414,1.889000,"aten::view",11393
18518,6029611014331.610352,3.360000,"aten::permute",11394
18519,6029611014333.646484,0.356000,"aten::as_strided",11395
18520,6029611014336.694336,1.200000,"aten::view",11396
18521,6029611014341.819336,24.729000,"aten::contiguous",11397
18522,6029611014342.717773,23.591000,"aten::clone",11398
18523,6029611014345.295898,5.820000,"aten::empty_like",11399
18524,6029611014346.308594,4.373000,"aten::empty",11400
18526,6029611014352.250000,13.318000,"aten::copy_",11401
18528,6029611014384.335938,20.526000,"aten::arange",11402
18529,6029611014385.994141,2.199000,"aten::empty",11403
18530,6029611014389.268555,15.189000,"aten::arange",11404
18531,6029611014392.106445,4.280000,"aten::resize_",11405
18534,6029611014409.550781,20.736000,"aten::to",11406
18535,6029611014410.570312,19.491000,"aten::_to_copy",11407
18536,6029611014413.367188,6.215000,"aten::empty_strided",11408
18538,6029611014420.264648,9.273000,"aten::copy_",11409
18540,6029611014432.836914,2.721000,"aten::slice",11410
18541,6029611014433.941406,0.654000,"aten::as_strided",11411
18542,6029611014437.892578,1.182000,"aten::slice",11412
18543,6029611014438.473633,0.177000,"aten::as_strided",11413
18544,6029611014441.595703,14.170000,"aten::sub",11414
18547,6029611014474.357422,17.908000,"aten::floor_divide",11415
18548,6029611014478.990234,3.528000,"aten::empty",11416
18551,6029611014496.241211,17.676000,"aten::zeros_like",11417
18552,6029611014496.942383,4.672000,"aten::empty_like",11418
18553,6029611014497.590820,3.698000,"aten::empty_strided",11419
18555,6029611014502.545898,11.099000,"aten::zero_",11420
18556,6029611014503.801758,9.159000,"aten::fill_",11421
18558,6029611014516.928711,33.339000,"aten::cumsum",11422
18560,6029611014522.476562,0.140000,"aten::to",11423
18570,6029611014553.102539,1.861000,"aten::slice",11424
18571,6029611014553.918945,0.345000,"aten::as_strided",11425
18572,6029611014555.786133,18.644000,"aten::copy_",11426
18577,6029611014579.180664,15.889000,"aten::searchsorted",11427
18578,6029611014581.292969,1.952000,"aten::empty",11428
18579,6029611014584.840820,3.064000,"aten::resize_",11429
18582,6029611014597.888672,12.011000,"aten::sub",11430
18585,6029611014615.077148,15.002000,"aten::clamp",11431
18586,6029611014617.398438,0.154000,"aten::to",11432
18589,6029611014635.174805,20.469000,"aten::index",11433
18590,6029611014639.825195,0.294000,"aten::as_strided",11434
18591,6029611014641.206055,0.994000,"aten::reshape",11435
18592,6029611014641.656250,0.386000,"aten::view",11436
18595,6029611014657.993164,10.670000,"aten::sub",11437
18598,6029611014670.488281,12.060000,"aten::index",11438
18599,6029611014671.361328,0.179000,"aten::as_strided",11439
18600,6029611014671.972656,1.153000,"aten::reshape",11440
18601,6029611014672.279297,0.675000,"aten::view",11441
18604,6029611014684.650391,11.644000,"aten::index",11442
18605,6029611014685.280273,0.256000,"aten::as_strided",11443
18606,6029611014686.018555,0.651000,"aten::reshape",11444
18607,6029611014686.344727,0.157000,"aten::view",11445
18610,6029611014700.643555,11.871000,"aten::floor_divide",11446
18611,6029611014702.748047,3.762000,"aten::empty",11447
18614,6029611014715.707031,12.163000,"aten::mul",11448
18617,6029611014730.328125,13.187000,"aten::lt",11449
18620,6029611014746.409180,8.857000,"aten::mul",11450
18623,6029611014757.133789,9.198000,"aten::add",11451
18626,6029611014768.944336,7.814000,"aten::mul",11452
18629,6029611014777.990234,8.677000,"aten::sub",11453
18632,6029611014788.149414,7.670000,"aten::sub",11454
18635,6029611014796.927734,8.695000,"aten::add",11455
18638,6029611014808.573242,16.426000,"aten::where",11456
18639,6029611014810.855469,1.839000,"aten::empty",11457
18640,6029611014814.893555,2.420000,"aten::resize_",11458
18643,6029611014831.042969,10.105000,"aten::clamp",11459
18644,6029611014831.752930,0.153000,"aten::to",11460
18647,6029611014843.732422,16.985000,"aten::index",11461
18648,6029611014845.506836,0.797000,"aten::as_strided",11462
18649,6029611014846.964844,1.381000,"aten::reshape",11463
18650,6029611014847.274414,0.895000,"aten::view",11464
18653,6029611014863.518555,4.318000,"aten::unsqueeze",11465
18655,6029611014866.021484,0.420000,"aten::as_strided",11466
18656,6029611014873.075195,3.165000,"aten::alias",11467
18657,6029611014878.790039,3.075000,"aten::slice",11468
18658,6029611014880.385742,0.480000,"aten::as_strided",11469
18660,6029611014885.054688,2.061000,"aten::slice",11470
18661,6029611014886.169922,0.337000,"aten::as_strided",11471
18662,6029611014889.340820,1.971000,"aten::slice",11472
18663,6029611014890.090820,0.676000,"aten::as_strided",11473
18664,6029611014896.074219,19.670000,"aten::cat",11474
18667,6029611014918.507812,12.210000,"aten::cos",11475
18670,6029611014933.283203,12.291000,"aten::mul",11476
18673,6029611014950.775391,15.735000,"aten::to",11477
18674,6029611014951.330078,14.978000,"aten::_to_copy",11478
18675,6029611014953.054688,4.164000,"aten::empty_strided",11479
18677,6029611014957.837891,8.041000,"aten::copy_",11480
18679,6029611014969.238281,11.257000,"aten::sin",11481
18682,6029611014982.355469,8.898000,"aten::mul",11482
18685,6029611014994.149414,11.327000,"aten::to",11483
18686,6029611014994.539062,10.796000,"aten::_to_copy",11484
18687,6029611014995.291016,3.386000,"aten::empty_strided",11485
18689,6029611014999.111328,5.988000,"aten::copy_",11486
18691,6029611015007.331055,12.624000,"aten::mul",11487
18695,6029611015023.374023,11.930000,"aten::chunk",11488
18696,6029611015025.024414,9.953000,"aten::split",11489
18697,6029611015027.529297,3.940000,"aten::narrow",11490
18698,6029611015029.351562,1.720000,"aten::slice",11491
18699,6029611015030.370117,0.422000,"aten::as_strided",11492
18700,6029611015031.953125,1.513000,"aten::narrow",11493
18701,6029611015032.301758,0.994000,"aten::slice",11494
18702,6029611015032.620117,0.496000,"aten::as_strided",11495
18703,6029611015038.079102,13.999000,"aten::neg",11496
18706,6029611015054.446289,11.571000,"aten::cat",11497
18709,6029611015068.699219,10.305000,"aten::mul",11498
18712,6029611015081.092773,11.368000,"aten::add",11499
18715,6029611015095.928711,11.392000,"aten::cat",11500
18720,6029611015110.858398,4.259000,"aten::squeeze",11501
18721,6029611015113.598633,0.367000,"aten::as_strided",11502
18722,6029611015134.605469,15.990000,"aten::arange",11503
18723,6029611015135.700195,2.197000,"aten::empty",11504
18724,6029611015138.605469,11.639000,"aten::arange",11505
18725,6029611015140.162109,2.763000,"aten::resize_",11506
18728,6029611015153.623047,13.181000,"aten::to",11507
18729,6029611015154.006836,12.652000,"aten::_to_copy",11508
18730,6029611015154.710938,3.344000,"aten::empty_strided",11509
18732,6029611015158.545898,7.806000,"aten::copy_",11510
18734,6029611015168.791992,2.109000,"aten::slice",11511
18735,6029611015169.681641,0.428000,"aten::as_strided",11512
18736,6029611015172.944336,1.204000,"aten::slice",11513
18737,6029611015173.500000,0.169000,"aten::as_strided",11514
18738,6029611015175.756836,10.007000,"aten::sub",11515
18741,6029611015190.923828,12.427000,"aten::floor_divide",11516
18742,6029611015193.224609,3.426000,"aten::empty",11517
18745,6029611015206.033203,14.869000,"aten::zeros_like",11518
18746,6029611015206.877930,4.061000,"aten::empty_like",11519
18747,6029611015207.431641,3.195000,"aten::empty_strided",11520
18749,6029611015211.568359,9.119000,"aten::zero_",11521
18750,6029611015212.544922,7.440000,"aten::fill_",11522
18752,6029611015223.033203,27.157000,"aten::cumsum",11523
18754,6029611015227.112305,0.091000,"aten::to",11524
18764,6029611015252.889648,1.869000,"aten::slice",11525
18765,6029611015253.904297,0.188000,"aten::as_strided",11526
18766,6029611015255.564453,12.946000,"aten::copy_",11527
18768,6029611015272.076172,13.068000,"aten::searchsorted",11528
18769,6029611015273.454102,1.919000,"aten::empty",11529
18770,6029611015276.598633,2.504000,"aten::resize_",11530
18773,6029611015287.730469,9.563000,"aten::sub",11531
18776,6029611015300.890625,11.355000,"aten::clamp",11532
18777,6029611015301.890625,0.195000,"aten::to",11533
18780,6029611015315.396484,13.942000,"aten::index",11534
18781,6029611015317.245117,0.258000,"aten::as_strided",11535
18782,6029611015318.291016,0.991000,"aten::reshape",11536
18783,6029611015318.685547,0.446000,"aten::view",11537
18786,6029611015331.382812,8.167000,"aten::sub",11538
18789,6029611015341.303711,10.762000,"aten::index",11539
18790,6029611015342.224609,0.200000,"aten::as_strided",11540
18791,6029611015342.960938,0.689000,"aten::reshape",11541
18792,6029611015343.311523,0.191000,"aten::view",11542
18795,6029611015354.241211,11.309000,"aten::index",11543
18796,6029611015354.863281,0.312000,"aten::as_strided",11544
18797,6029611015355.569336,1.112000,"aten::reshape",11545
18798,6029611015355.849609,0.663000,"aten::view",11546
18801,6029611015369.359375,10.657000,"aten::floor_divide",11547
18802,6029611015371.052734,3.334000,"aten::empty",11548
18805,6029611015382.413086,8.755000,"aten::mul",11549
18808,6029611015392.692383,10.164000,"aten::lt",11550
18811,6029611015404.983398,8.055000,"aten::mul",11551
18814,6029611015414.363281,7.930000,"aten::add",11552
18817,6029611015424.597656,7.646000,"aten::mul",11553
18820,6029611015433.463867,7.831000,"aten::sub",11554
18823,6029611015442.897461,7.395000,"aten::sub",11555
18826,6029611015451.314453,8.140000,"aten::add",11556
18829,6029611015461.907227,23.317000,"aten::where",11557
18830,6029611015472.394531,1.974000,"aten::empty",11558
18831,6029611015475.944336,2.551000,"aten::resize_",11559
18834,6029611015490.441406,9.269000,"aten::clamp",11560
18835,6029611015491.074219,0.132000,"aten::to",11561
18838,6029611015502.106445,14.191000,"aten::index",11562
18839,6029611015503.798828,0.572000,"aten::as_strided",11563
18840,6029611015504.982422,0.953000,"aten::reshape",11564
18841,6029611015505.327148,0.462000,"aten::view",11565
18844,6029611015518.827148,3.655000,"aten::unsqueeze",11566
18845,6029611015521.101562,0.289000,"aten::as_strided",11567
18846,6029611015526.591797,2.481000,"aten::alias",11568
18847,6029611015531.517578,2.705000,"aten::slice",11569
18848,6029611015532.881836,0.397000,"aten::as_strided",11570
18849,6029611015537.221680,2.590000,"aten::slice",11571
18850,6029611015538.910156,0.263000,"aten::as_strided",11572
18851,6029611015542.087891,1.641000,"aten::slice",11573
18852,6029611015542.940430,0.218000,"aten::as_strided",11574
18853,6029611015546.458984,12.775000,"aten::cat",11575
18856,6029611015561.127930,9.698000,"aten::cos",11576
18859,6029611015573.081055,10.423000,"aten::mul",11577
18862,6029611015587.451172,13.989000,"aten::to",11578
18863,6029611015587.833984,13.415000,"aten::_to_copy",11579
18864,6029611015588.880859,4.264000,"aten::empty_strided",11580
18866,6029611015593.768555,7.064000,"aten::copy_",11581
18868,6029611015603.679688,8.733000,"aten::sin",11582
18871,6029611015614.281250,8.616000,"aten::mul",11583
18874,6029611015625.555664,11.687000,"aten::to",11584
18875,6029611015625.882812,11.221000,"aten::_to_copy",11585
18876,6029611015626.576172,3.581000,"aten::empty_strided",11586
18878,6029611015630.666992,6.173000,"aten::copy_",11587
18880,6029611015638.988281,10.397000,"aten::mul",11588
18883,6029611015651.959961,8.044000,"aten::chunk",11589
18884,6029611015652.903320,6.888000,"aten::split",11590
18885,6029611015654.413086,2.315000,"aten::narrow",11591
18886,6029611015655.163086,1.240000,"aten::slice",11592
18887,6029611015655.600586,0.509000,"aten::as_strided",11593
18888,6029611015657.167969,1.390000,"aten::narrow",11594
18889,6029611015657.512695,0.853000,"aten::slice",11595
18890,6029611015657.868164,0.298000,"aten::as_strided",11596
18891,6029611015661.855469,10.887000,"aten::neg",11597
18894,6029611015674.591797,12.132000,"aten::cat",11598
18897,6029611015689.218750,9.680000,"aten::mul",11599
18900,6029611015700.756836,9.943000,"aten::add",11600
18903,6029611015714.093750,11.390000,"aten::cat",11601
18906,6029611015728.586914,3.945000,"aten::squeeze",11602
18907,6029611015731.218750,0.308000,"aten::as_strided",11603
18908,6029611015742.161133,12.433000,"aten::cat",11604
18911,6029611015757.322266,10.259000,"aten::cat",11605
18915,6029611015791.721680,1.958000,"aten::view",11606
18916,6029611015797.262695,1.991000,"aten::slice",11607
18917,6029611015798.123047,0.442000,"aten::as_strided",11608
18918,6029611015802.587891,1.261000,"aten::slice",11609
18919,6029611015803.221680,0.196000,"aten::as_strided",11610
18920,6029611015820.909180,2.859000,"aten::unsqueeze",11611
18921,6029611015822.397461,0.393000,"aten::as_strided",11612
18922,6029611015825.322266,1.791000,"aten::unsqueeze",11613
18923,6029611015826.291016,0.231000,"aten::as_strided",11614
18924,6029611015830.316406,0.369000,"aten::to",11615
18925,6029611015833.157227,19.244000,"aten::contiguous",11616
18926,6029611015834.068359,18.123000,"aten::clone",11617
18927,6029611015836.150391,5.140000,"aten::empty_like",11618
18928,6029611015836.879883,4.110000,"aten::empty",11619
18930,6029611015841.858398,9.940000,"aten::copy_",11620
18932,6029611015890.780273,161.673000,"_GatherFromSequenceParallelRegion",11621
18933,6029611015909.476562,4.038000,"aten::empty",11622
18935,6029611015927.342773,113.726000,"c10d::_allgather_base_",11623
18936,6029611015945.289062,92.292000,"record_param_comms",11624
18949,6029611016058.511719,38.538000,"aten::index_select",11626
18950,6029611016062.611328,2.167000,"aten::empty",11627
18951,6029611016068.201172,4.295000,"aten::resize_",11628
18953,6029611016074.387695,0.846000,"aten::view",11629
18954,6029611016076.190430,2.900000,"aten::expand",11630
18955,6029611016078.023438,0.725000,"aten::as_strided",11631
18956,6029611016079.946289,15.621000,"aten::gather",11632
18957,6029611016083.386719,0.247000,"aten::as_strided",11633
18958,6029611016084.295898,0.465000,"aten::as_strided",11634
18960,6029611016101.360352,2.861000,"aten::detach",11635
18961,6029611016102.125977,1.932000,"detach",11636
18962,6029611016105.188477,1.071000,"aten::detach",11637
18963,6029611016105.728516,0.387000,"detach",11638
18964,6029611016115.842773,17.716000,"aten::to",11639
18965,6029611016116.512695,16.845000,"aten::_to_copy",11640
18966,6029611016118.352539,4.741000,"aten::empty_strided",11641
18968,6029611016123.851562,9.105000,"aten::copy_",11642
18970,6029611016135.242188,0.276000,"aten::to",11643
18971,6029611016138.623047,0.151000,"aten::to",11644
18972,6029611016140.058594,0.249000,"aten::to",11645
18973,6029611016143.098633,3.208000,"aten::slice",11646
18974,6029611016144.568359,0.499000,"aten::as_strided",11647
18975,6029611016149.521484,14.349000,"aten::searchsorted",11648
18976,6029611016150.740234,2.123000,"aten::empty",11649
18977,6029611016153.881836,2.719000,"aten::resize_",11650
18980,6029611016167.590820,17.964000,"aten::index",11651
18981,6029611016170.224609,0.300000,"aten::as_strided",11652
18982,6029611016171.597656,1.106000,"aten::reshape",11653
18983,6029611016172.253906,0.271000,"aten::view",11654
18986,6029611016191.186523,12.967000,"aten::add",11655
18989,6029611016237.175781,4.378000,"aten::squeeze",11656
18990,6029611016239.860352,0.336000,"aten::as_strided",11657
18991,6029611016255.739258,152.764000,"FusedSparseAttentionFunc",11658
18992,6029611016268.453125,16.283000,"aten::full",11659
18993,6029611016269.934570,3.936000,"aten::empty",11660
18995,6029611016275.022461,9.364000,"aten::fill_",11661
18997,6029611016287.283203,0.123000,"aten::to",11662
18998,6029611016289.060547,0.087000,"aten::to",11663
18999,6029611016291.507812,2.421000,"aten::reshape",11664
19000,6029611016292.050781,1.692000,"aten::view",11665
19001,6029611016296.587891,2.849000,"aten::permute",11666
19002,6029611016298.447266,0.386000,"aten::as_strided",11667
19003,6029611016300.610352,1.733000,"aten::reshape",11668
19004,6029611016300.971680,1.182000,"aten::view",11669
19005,6029611016303.834961,1.108000,"aten::reshape",11670
19006,6029611016304.159180,0.615000,"aten::view",11671
19007,6029611016306.258789,0.959000,"aten::reshape",11672
19008,6029611016306.529297,0.495000,"aten::view",11673
19009,6029611016313.595703,2.900000,"aten::unsqueeze",11674
19010,6029611016315.216797,0.195000,"aten::as_strided",11675
19011,6029611016317.554688,1.160000,"aten::unsqueeze",11676
19012,6029611016318.195312,0.155000,"aten::as_strided",11677
19013,6029611016336.139648,4.237000,"aten::empty",11678
19015,6029611016341.100586,3.561000,"aten::empty",11679
19017,6029611016345.222656,3.073000,"aten::empty",11680
19028,6029611016377.702148,15.583000,"aten::clamp_min",11681
19029,6029611016380.083984,0.156000,"aten::to",11682
19032,6029611016399.283203,1.746000,"aten::reshape",11683
19033,6029611016399.700195,1.159000,"aten::view",11684
19034,6029611016424.221680,110.902000,"aten::einsum",11685
19035,6029611016427.902344,3.118000,"aten::unsqueeze",11686
19036,6029611016429.372070,0.844000,"aten::as_strided",11687
19037,6029611016431.791992,2.967000,"aten::permute",11688
19038,6029611016433.837891,0.295000,"aten::as_strided",11689
19039,6029611016435.654297,1.218000,"aten::unsqueeze",11690
19040,6029611016436.159180,0.248000,"aten::as_strided",11691
19041,6029611016437.284180,1.811000,"aten::unsqueeze",11692
19042,6029611016437.784180,0.861000,"aten::as_strided",11693
19043,6029611016439.681641,1.184000,"aten::permute",11694
19044,6029611016440.251953,0.288000,"aten::as_strided",11695
19045,6029611016443.879883,1.731000,"aten::permute",11696
19046,6029611016444.644531,0.431000,"aten::as_strided",11697
19047,6029611016446.172852,6.838000,"aten::reshape",11698
19048,6029611016449.423828,3.225000,"aten::_reshape_alias",11699
19049,6029611016453.684570,1.680000,"aten::permute",11700
19050,6029611016454.808594,0.241000,"aten::as_strided",11701
19051,6029611016455.851562,1.547000,"aten::reshape",11702
19052,6029611016456.606445,0.580000,"aten::_reshape_alias",11703
19053,6029611016458.318359,67.473000,"aten::bmm",11704
19056,6029611016526.857422,2.178000,"aten::view",11705
19057,6029611016529.613281,1.910000,"aten::permute",11706
19058,6029611016530.542969,0.467000,"aten::as_strided",11707
19059,6029611016532.818359,1.402000,"aten::view",11708
19060,6029611016538.336914,22.355000,"aten::contiguous",11709
19061,6029611016539.165039,21.296000,"aten::clone",11710
19062,6029611016541.558594,6.013000,"aten::empty_like",11711
19063,6029611016542.470703,4.727000,"aten::empty",11712
19065,6029611016548.546875,11.216000,"aten::copy_",11713
19067,6029611016565.742188,2.308000,"aten::view",11714
19069,6029611016662.181641,102.785000,"_Linear",11715
19070,6029611016702.103516,4.336000,"aten::empty",11716
19073,6029611016836.613281,69.424000,"LinearWithGradAccumulationAndAsyncCommunication",11717
19074,6029611016848.050781,6.097000,"aten::t",11718
19075,6029611016850.222656,2.887000,"aten::transpose",11719
19076,6029611016852.254883,0.566000,"aten::as_strided",11720
19077,6029611016856.589844,43.165000,"aten::matmul",11721
19078,6029611016858.097656,1.813000,"aten::reshape",11722
19079,6029611016858.563477,1.092000,"aten::view",11723
19080,6029611016860.825195,35.130000,"aten::mm",11724
19083,6029611016897.420898,1.567000,"aten::_unsafe_view",11725
19084,6029611016914.285156,10.820000,"_ReduceFromModelParallelRegion",11726
19085,6029611016921.225586,2.173000,"aten::view_as",11727
19086,6029611016922.320312,0.859000,"aten::view",11728
19087,6029611016938.988281,6.510000,"_CopyToModelParallelRegion",11729
19088,6029611016943.134766,1.163000,"aten::view_as",11730
19089,6029611016943.487305,0.571000,"aten::view",11731
19090,6029611016959.252930,39.531000,"LinearWithGradAccumulationAndAsyncCommunication",11732
19091,6029611016964.439453,2.445000,"aten::t",11733
19092,6029611016965.085938,1.325000,"aten::transpose",11734
19093,6029611016965.750000,0.434000,"aten::as_strided",11735
19094,6029611016967.977539,26.094000,"aten::matmul",11736
19095,6029611016968.699219,1.102000,"aten::reshape",11737
19096,6029611016969.014648,0.577000,"aten::view",11738
19097,6029611016970.212891,21.839000,"aten::mm",11739
19100,6029611016992.902344,0.682000,"aten::_unsafe_view",11740
19101,6029611017004.946289,8.005000,"_GatherFromModelParallelRegion",11741
19102,6029611017010.364258,1.474000,"aten::view_as",11742
19103,6029611017010.998047,0.635000,"aten::view",11743
19104,6029611017020.266602,20.842000,"aten::mul",11744
19107,6029611017050.431641,2.517000,"aten::reshape",11745
19108,6029611017050.791016,1.927000,"aten::view",11746
19109,6029611017055.570312,14.260000,"aten::add",11747
19112,6029611017099.340820,0.640000,"aten::dropout",11748
19113,6029611017101.359375,10.903000,"aten::add",11749
19116,6029611017220.314453,92.206000,"_OperationFuserAutogradFunction",11750
19117,6029611017242.882812,1.058000,"aten::view",11751
19118,6029611017247.384766,0.707000,"aten::view",11752
19119,6029611017259.106445,5.197000,"aten::empty",11753
19121,6029611017266.739258,3.777000,"aten::empty",11754
19123,6029611017275.343750,3.627000,"aten::empty",11755
19126,6029611017294.949219,1.169000,"aten::view",11756
19127,6029611017332.529297,3.577000,"aten::transpose",11757
19128,6029611017334.662109,0.616000,"aten::as_strided",11758
19129,6029611017338.079102,0.347000,"aten::to",11759
19131,6029611017405.456055,97.588000,"_Linear",11760
19132,6029611017433.276367,4.425000,"aten::empty",11761
19135,6029611017540.858398,9.707000,"_CopyToModelParallelRegion",11762
19136,6029611017546.611328,2.310000,"aten::view_as",11763
19137,6029611017547.220703,1.488000,"aten::view",11764
19138,6029611017568.920898,59.562000,"LinearWithGradAccumulationAndAsyncCommunication",11765
19139,6029611017577.647461,3.932000,"aten::t",11766
19140,6029611017578.886719,1.999000,"aten::transpose",11767
19141,6029611017579.568359,1.004000,"aten::as_strided",11768
19142,6029611017583.456055,40.557000,"aten::matmul",11769
19143,6029611017584.862305,1.249000,"aten::reshape",11770
19144,6029611017585.276367,0.615000,"aten::view",11771
19145,6029611017586.775391,34.093000,"aten::mm",11772
19148,6029611017622.167969,1.053000,"aten::_unsafe_view",11773
19149,6029611017634.948242,8.700000,"_GatherFromModelParallelRegion",11774
19150,6029611017640.858398,1.516000,"aten::view_as",11775
19151,6029611017641.415039,0.714000,"aten::view",11776
19152,6029611017668.961914,5.517000,"_CopyToModelParallelRegion",11777
19153,6029611017672.214844,1.216000,"aten::view_as",11778
19154,6029611017672.629883,0.565000,"aten::view",11779
19155,6029611017686.759766,40.211000,"LinearWithGradAccumulationAndAsyncCommunication",11780
19156,6029611017691.692383,2.514000,"aten::t",11781
19157,6029611017692.222656,1.456000,"aten::transpose",11782
19158,6029611017692.806641,0.664000,"aten::as_strided",11783
19159,6029611017695.369141,27.833000,"aten::matmul",11784
19160,6029611017696.112305,1.779000,"aten::reshape",11785
19161,6029611017696.492188,1.234000,"aten::view",11786
19162,6029611017698.441406,22.898000,"aten::mm",11787
19165,6029611017722.165039,0.547000,"aten::_unsafe_view",11788
19166,6029611017734.660156,20.764000,"aten::mul",11789
19169,6029611017763.405273,2.768000,"aten::reshape",11790
19170,6029611017763.793945,2.150000,"aten::view",11791
19171,6029611017768.429688,13.316000,"aten::add",11792
19174,6029611017793.031250,1.409000,"aten::view",11793
19175,6029611017800.710938,192.672000,"SwiGLUFunction",11794
19176,6029611017822.810547,36.926000,"TorchDynamo Cache Lookup",11795
19177,6029611017861.119141,124.867000,"Torch-Compiled Region: 2/4",11796
19178,6029611017871.027344,7.865000,"Pregraph bytecode",11797
19179,6029611017893.428711,6.098000,"AOTDispatcher Runtime Wrapper Prologue",11798
19180,6029611017908.160156,64.734000,"## Call CompiledFxGraph ftnwqncgas3evtcpnu3uiligps56abm45rnq467jaa35zufjlufy ##",11799
19182,6029611017947.089844,22.506000,"triton_poi_fused_mul_silu_split_0",11800
19184,6029611017996.357422,2.156000,"aten::view",11801
19186,6029611018054.488281,92.718000,"_Linear",11802
19189,6029611018086.044922,5.860000,"aten::empty",11803
19192,6029611018207.002930,59.935000,"LinearWithGradAccumulationAndAsyncCommunication",11804
19193,6029611018214.704102,5.227000,"aten::t",11805
19194,6029611018216.186523,3.088000,"aten::transpose",11806
19195,6029611018217.659180,1.283000,"aten::as_strided",11807
19196,6029611018221.944336,40.107000,"aten::matmul",11808
19197,6029611018223.223633,2.203000,"aten::reshape",11809
19198,6029611018223.901367,1.263000,"aten::view",11810
19199,6029611018226.082031,32.931000,"aten::mm",11811
19202,6029611018260.164062,1.077000,"aten::_unsafe_view",11812
19203,6029611018273.853516,9.550000,"_ReduceFromModelParallelRegion",11813
19204,6029611018280.373047,1.563000,"aten::view_as",11814
19205,6029611018280.993164,0.675000,"aten::view",11815
19206,6029611018295.719727,6.128000,"_CopyToModelParallelRegion",11816
19207,6029611018299.566406,1.193000,"aten::view_as",11817
19208,6029611018299.988281,0.528000,"aten::view",11818
19209,6029611018314.433594,43.369000,"LinearWithGradAccumulationAndAsyncCommunication",11819
19210,6029611018319.345703,2.281000,"aten::t",11820
19211,6029611018320.036133,1.117000,"aten::transpose",11821
19212,6029611018320.563477,0.383000,"aten::as_strided",11822
19213,6029611018322.698242,31.559000,"aten::matmul",11823
19214,6029611018323.427734,1.220000,"aten::reshape",11824
19215,6029611018323.771484,0.661000,"aten::view",11825
19216,6029611018325.071289,27.352000,"aten::mm",11826
19219,6029611018353.294922,0.528000,"aten::_unsafe_view",11827
19220,6029611018363.167969,6.710000,"_GatherFromModelParallelRegion",11828
19221,6029611018367.590820,1.199000,"aten::view_as",11829
19222,6029611018367.973633,0.572000,"aten::view",11830
19223,6029611018376.440430,20.937000,"aten::mul",11831
19226,6029611018406.190430,2.444000,"aten::reshape",11832
19227,6029611018406.610352,1.796000,"aten::view",11833
19229,6029611018410.947266,13.610000,"aten::add",11834
19232,6029611018455.090820,93.440000,"RouterGatingLinearFunction",11835
19233,6029611018460.543945,0.887000,"aten::view",11836
19234,6029611018495.927734,4.744000,"aten::empty",11837
19237,6029611018542.390625,1.212000,"aten::view",11838
19238,6029611018553.543945,1.652000,"aten::view",11839
19239,6029611018556.762695,1.958000,"aten::reshape",11840
19240,6029611018557.345703,1.190000,"aten::view",11841
19241,6029611018574.131836,0.376000,"aten::to",11842
19242,6029611018576.512695,18.164000,"aten::sigmoid",11843
19245,6029611018596.263672,0.528000,"aten::to",11844
19246,6029611018597.971680,14.887000,"aten::add",11845
19249,6029611018615.933594,1.549000,"aten::view",11846
19250,6029611018621.899414,42.455000,"aten::topk",11847
19268,6029611018669.347656,20.739000,"aten::sum",11848
19270,6029611018676.681641,0.831000,"aten::as_strided",11849
19272,6029611018694.502930,12.194000,"aten::topk",11850
19276,6029611018712.683594,20.589000,"aten::zeros_like",11851
19277,6029611018714.004883,7.027000,"aten::empty_like",11852
19278,6029611018715.636719,4.934000,"aten::empty_strided",11853
19280,6029611018722.037109,10.956000,"aten::zero_",11854
19281,6029611018723.305664,8.928000,"aten::fill_",11855
19283,6029611018737.753906,14.778000,"aten::scatter_",11856
19284,6029611018743.887695,0.397000,"aten::as_strided",11857
19286,6029611018754.943359,2.986000,"aten::unsqueeze",11858
19287,6029611018756.844727,0.274000,"aten::as_strided",11859
19288,6029611018760.569336,4.175000,"aten::expand",11860
19289,6029611018763.102539,0.769000,"aten::as_strided",11861
19290,6029611018766.567383,6.781000,"aten::reshape",11862
19291,6029611018770.744141,2.248000,"aten::_reshape_alias",11863
19292,6029611018775.183594,20.197000,"aten::to",11864
19293,6029611018775.875977,19.303000,"aten::_to_copy",11865
19294,6029611018778.167969,3.702000,"aten::empty_strided",11866
19296,6029611018782.887695,11.732000,"aten::copy_",11867
19298,6029611018798.452148,13.379000,"aten::bitwise_not",11868
19301,6029611018817.564453,40.949000,"aten::masked_fill",11869
19302,6029611018820.555664,26.407000,"aten::clone",11870
19303,6029611018821.411133,5.097000,"aten::empty_like",11871
19304,6029611018822.210938,3.937000,"aten::empty",11872
19306,6029611018827.025391,19.618000,"aten::copy_",11873
19308,6029611018848.194336,9.395000,"aten::masked_fill_",11874
19310,6029611018861.509766,27.652000,"aten::topk",11875
19328,6029611018899.446289,16.225000,"aten::gather",11876
19330,6029611018906.325195,0.365000,"aten::as_strided",11877
19331,6029611018907.220703,0.229000,"aten::as_strided",11878
19333,6029611018918.198242,13.119000,"aten::sum",11879
19336,6029611018936.657227,13.327000,"aten::add",11880
19339,6029611018953.851562,14.002000,"aten::div",11881
19342,6029611018971.088867,13.735000,"aten::mul",11882
19345,6029611018987.765625,1.805000,"aten::type_as",11883
19346,6029611018988.760742,0.627000,"aten::to",11884
19347,6029611018992.894531,13.916000,"aten::zeros_like",11885
19348,6029611018993.371094,4.613000,"aten::empty_like",11886
19349,6029611018993.955078,3.752000,"aten::empty_strided",11887
19351,6029611018998.557617,7.991000,"aten::zero_",11888
19352,6029611018999.277344,6.633000,"aten::fill_",11889
19354,6029611019009.876953,26.453000,"aten::scatter",11890
19356,6029611019016.017578,9.977000,"aten::copy_",11891
19358,6029611019027.578125,0.380000,"aten::as_strided",11892
19359,6029611019028.415039,0.236000,"aten::as_strided",11893
19361,6029611019038.733398,11.063000,"aten::zeros_like",11894
19362,6029611019039.177734,3.854000,"aten::empty_like",11895
19363,6029611019039.550781,3.239000,"aten::empty_strided",11896
19365,6029611019043.490234,6.135000,"aten::zero_",11897
19366,6029611019043.995117,5.086000,"aten::fill_",11898
19368,6029611019051.308594,13.264000,"aten::to",11899
19369,6029611019051.796875,12.587000,"aten::_to_copy",11900
19370,6029611019053.085938,3.360000,"aten::empty_strided",11901
19372,6029611019056.944336,7.012000,"aten::copy_",11902
19374,6029611019068.264648,20.557000,"aten::scatter",11903
19376,6029611019072.302734,8.210000,"aten::copy_",11904
19378,6029611019081.590820,0.252000,"aten::as_strided",11905
19380,6029611019090.892578,11.709000,"aten::to",11906
19381,6029611019091.193359,11.267000,"aten::_to_copy",11907
19382,6029611019091.847656,3.032000,"aten::empty_strided",11908
19384,6029611019095.339844,6.820000,"aten::copy_",11909
19386,6029611019150.245117,23.049000,"TorchDynamo Cache Lookup",11910
19387,6029611019174.391602,110155.490000,"Torch-Compiled Region: 4/3",11911
19388,6029611019184.185547,7.430000,"Pregraph bytecode",11912
19389,6029611019206.406250,8.304000,"AOTDispatcher Runtime Wrapper Prologue",11913
19390,6029611019222.157227,13.296000,"## Call CompiledFxGraph ffqfii4z2nn5a234ayoxvpzmpxm2ecoijt4taprfnuqf6o6d2cos ##",11914
19391,6029611019248.855469,3.641000,"aten::as_strided",11915
19392,6029611019257.440430,2.745000,"aten::as_strided",11916
19393,6029611019270.921875,3.079000,"aten::view",11917
19394,6029611019289.765625,21.574000,"TorchDynamo Cache Lookup",11918
19395,6029611019312.135742,110012.092000,"Torch-Compiled Region: 5/3",11919
19396,6029611019315.780273,3.327000,"Pregraph bytecode",11920
19397,6029611019326.527344,4.380000,"AOTDispatcher Runtime Wrapper Prologue",11921
19398,6029611019335.972656,263.659000,"## Call CompiledFxGraph fnkiwcsfuehnlfw5d3cywvi2duqgczmopj7zi7ubcdfyztfsjquy ##",11922
19400,6029611019364.605469,26.579000,"triton_poi_fused__to_copy_all_reduce_scalar_tensor_stack_0",11923
19402,6029611019402.174805,133.227000,"_c10d_functional::all_reduce_",11924
19403,6029611019407.944336,125.354000,"c10d::allreduce_",11925
19404,6029611019428.589844,101.098000,"record_param_comms",11926
19421,6029611019542.447266,54.124000,"_c10d_functional::wait_tensor",11928
19422,6029611019581.242188,3.165000,"record_param_comms",11929
19425,6029611019611.054688,109566.930000,"aten::item",11930
19426,6029611019612.593750,109563.714000,"aten::_local_scalar_dense",11931
19764,6029611129195.550781,26.137000,"TorchDynamo Cache Lookup",11932
19765,6029611129222.701172,99.584000,"Torch-Compiled Region: 6/3",11933
19766,6029611129232.877930,5.818000,"Pregraph bytecode",11934
19767,6029611129251.811523,7.616000,"AOTDispatcher Runtime Wrapper Prologue",11935
19768,6029611129266.585938,13.059000,"## Call CompiledFxGraph f3tq6x6bt5eden6n2umkfxx3rj6ut42hpbddqqwigq3nbcwnzya4 ##",11936
19769,6029611129293.721680,10.985000,"aten::as_strided",11937
19770,6029611129310.513672,1.337000,"aten::as_strided",11938
19771,6029611129358.701172,725.089000,"HybridEPDispatch",11939
19775,6029611129446.123047,52.132000,"aten::empty",11940
19788,6029611129499.251953,2.420000,"aten::empty",11941
19789,6029611129502.172852,1.653000,"aten::empty",11942
19790,6029611129504.421875,2.718000,"aten::empty",11943
19791,6029611129507.651367,3.811000,"aten::empty",11944
19792,6029611129511.968750,2.205000,"aten::empty",11945
19796,6029611129537.666992,2.418000,"aten::empty",11946
19798,6029611129540.597656,2.061000,"aten::empty",11947
19799,6029611129543.262695,2.182000,"aten::empty",11948
19800,6029611129545.981445,2.071000,"aten::empty",11949
19801,6029611129548.543945,2.182000,"aten::empty",11950
19804,6029611129561.338867,0.570000,"aten::empty",11951
19809,6029611130019.754883,2.612000,"aten::empty",11952
19810,6029611130022.912109,2.236000,"aten::empty",11953
19820,6029611130092.551758,0.442000,"aten::to",11954
19821,6029611130095.736328,19.416000,"aten::sum",11955
19822,6029611130097.445312,17.365000,"aten::sum",11956
19823,6029611130103.098633,1.078000,"aten::as_strided",11957
19824,6029611130112.242188,0.937000,"aten::fill_",11958
19825,6029611130137.441406,5.646000,"aten::unsqueeze",11959
19826,6029611130140.893555,0.481000,"aten::as_strided",11960
19827,6029611130148.212891,0.395000,"aten::resolve_conj",11961
19828,6029611130149.682617,0.225000,"aten::resolve_neg",11962
19829,6029611130180.517578,3.489000,"aten::view",11963
19830,6029611130190.847656,2.632000,"aten::alias",11964
19831,6029611130200.195312,0.731000,"aten::view",11965
19832,6029611130203.371094,0.730000,"aten::alias",11966
19833,6029611130208.305664,0.830000,"aten::view",11967
19834,6029611130211.291016,0.665000,"aten::alias",11968
19835,6029611130216.225586,0.517000,"aten::view",11969
19836,6029611130218.972656,0.655000,"aten::alias",11970
19837,6029611130223.659180,0.751000,"aten::view",11971
19838,6029611130226.627930,0.604000,"aten::alias",11972
19839,6029611130230.826172,0.805000,"aten::view",11973
19840,6029611130233.531250,0.467000,"aten::alias",11974
19841,6029611130237.529297,0.951000,"aten::view",11975
19842,6029611130240.442383,0.796000,"aten::alias",11976
19843,6029611130244.559570,0.907000,"aten::view",11977
19844,6029611130247.406250,0.559000,"aten::alias",11978
19845,6029611130251.087891,0.844000,"aten::view",11979
19846,6029611130254.032227,0.500000,"aten::alias",11980
19847,6029611130258.041992,0.937000,"aten::view",11981
19848,6029611130261.046875,0.569000,"aten::alias",11982
19849,6029611130265.007812,0.611000,"aten::view",11983
19850,6029611130267.784180,0.851000,"aten::alias",11984
19851,6029611130272.178711,0.746000,"aten::view",11985
19852,6029611130274.756836,0.676000,"aten::alias",11986
19853,6029611130278.671875,0.840000,"aten::view",11987
19854,6029611130281.559570,0.620000,"aten::alias",11988
19855,6029611130285.883789,0.929000,"aten::view",11989
19856,6029611130288.824219,0.637000,"aten::alias",11990
19857,6029611130292.697266,0.790000,"aten::view",11991
19858,6029611130295.263672,0.705000,"aten::alias",11992
19859,6029611130300.079102,0.796000,"aten::view",11993
19860,6029611130302.899414,0.491000,"aten::alias",11994
19861,6029611130307.024414,0.548000,"aten::view",11995
19862,6029611130309.664062,0.715000,"aten::alias",11996
19863,6029611130314.357422,0.648000,"aten::view",11997
19864,6029611130317.241211,0.589000,"aten::alias",11998
19865,6029611130321.605469,0.903000,"aten::view",11999
19866,6029611130324.413086,0.559000,"aten::alias",12000
19867,6029611130328.816406,1.093000,"aten::view",12001
19868,6029611130331.682617,0.587000,"aten::alias",12002
19869,6029611130335.902344,0.945000,"aten::view",12003
19870,6029611130338.699219,0.582000,"aten::alias",12004
19871,6029611130343.361328,0.806000,"aten::view",12005
19872,6029611130346.140625,0.585000,"aten::alias",12006
19873,6029611130349.978516,0.832000,"aten::view",12007
19874,6029611130352.905273,0.706000,"aten::alias",12008
19875,6029611130357.296875,0.535000,"aten::view",12009
19876,6029611130359.876953,0.802000,"aten::alias",12010
19877,6029611130364.646484,1.026000,"aten::view",12011
19878,6029611130367.728516,0.538000,"aten::alias",12012
19879,6029611130371.661133,0.812000,"aten::view",12013
19880,6029611130374.369141,0.669000,"aten::alias",12014
19881,6029611130378.767578,0.772000,"aten::view",12015
19882,6029611130381.319336,0.652000,"aten::alias",12016
19883,6029611130385.322266,0.646000,"aten::view",12017
19884,6029611130387.999023,0.585000,"aten::alias",12018
19885,6029611130392.017578,0.824000,"aten::view",12019
19886,6029611130394.912109,0.549000,"aten::alias",12020
19887,6029611130399.230469,0.858000,"aten::view",12021
19888,6029611130401.977539,0.619000,"aten::alias",12022
19889,6029611130405.819336,0.617000,"aten::view",12023
19890,6029611130408.532227,0.507000,"aten::alias",12024
19891,6029611130412.748047,0.888000,"aten::view",12025
19892,6029611130415.738281,0.581000,"aten::alias",12026
19893,6029611130454.713867,59.840000,"TorchDynamo Cache Lookup",12027
19894,6029611130515.464844,542.772000,"Torch-Compiled Region: 8/2",12028
19895,6029611130522.228516,3.723000,"Pregraph bytecode",12029
19896,6029611130537.672852,6.969000,"AOTDispatcher Runtime Wrapper Prologue",12030
19897,6029611130551.388672,497.026000,"## Call CompiledFxGraph fq7m25neaplnlgu4vjz3ffl5fisqpcpy3hcdd7muznj4iudd4ynw ##",12031
19898,6029611130610.286133,29.737000,"triton_poi_fused__to_copy_mul_unsqueeze_view_0",12032
19900,6029611130647.953125,11.832000,"triton_poi_fused__to_copy_mul_unsqueeze_view_0",12033
19902,6029611130665.752930,9.158000,"triton_poi_fused__to_copy_mul_unsqueeze_view_0",12034
19904,6029611130680.310547,8.709000,"triton_poi_fused__to_copy_mul_unsqueeze_view_0",12035
19906,6029611130693.473633,7.802000,"triton_poi_fused__to_copy_mul_unsqueeze_view_0",12036
19908,6029611130706.161133,8.657000,"triton_poi_fused__to_copy_mul_unsqueeze_view_0",12037
19910,6029611130719.816406,7.216000,"triton_poi_fused__to_copy_mul_unsqueeze_view_0",12038
19912,6029611130731.759766,8.413000,"triton_poi_fused__to_copy_mul_unsqueeze_view_0",12039
19914,6029611130744.671875,8.593000,"triton_poi_fused__to_copy_mul_unsqueeze_view_0",12040
19916,6029611130758.392578,7.955000,"triton_poi_fused__to_copy_mul_unsqueeze_view_0",12041
19918,6029611130771.190430,8.301000,"triton_poi_fused__to_copy_mul_unsqueeze_view_0",12042
19920,6029611130784.149414,7.546000,"triton_poi_fused__to_copy_mul_unsqueeze_view_0",12043
19922,6029611130795.832031,8.353000,"triton_poi_fused__to_copy_mul_unsqueeze_view_0",12044
19924,6029611130808.809570,9.434000,"triton_poi_fused__to_copy_mul_unsqueeze_view_0",12045
19926,6029611130822.700195,11.482000,"triton_poi_fused__to_copy_mul_unsqueeze_view_0",12046
19928,6029611130839.259766,7.922000,"triton_poi_fused__to_copy_mul_unsqueeze_view_0",12047
19930,6029611130851.409180,7.188000,"triton_poi_fused__to_copy_mul_unsqueeze_view_0",12048
19932,6029611130863.478516,8.053000,"triton_poi_fused__to_copy_mul_unsqueeze_view_0",12049
19934,6029611130876.122070,8.056000,"triton_poi_fused__to_copy_mul_unsqueeze_view_0",12050
19936,6029611130888.466797,7.441000,"triton_poi_fused__to_copy_mul_unsqueeze_view_0",12051
19938,6029611130900.438477,8.234000,"triton_poi_fused__to_copy_mul_unsqueeze_view_0",12052
19940,6029611130912.899414,7.213000,"triton_poi_fused__to_copy_mul_unsqueeze_view_0",12053
19942,6029611130924.489258,7.239000,"triton_poi_fused__to_copy_mul_unsqueeze_view_0",12054
19944,6029611130936.315430,7.921000,"triton_poi_fused__to_copy_mul_unsqueeze_view_0",12055
19946,6029611130948.980469,7.598000,"triton_poi_fused__to_copy_mul_unsqueeze_view_0",12056
19948,6029611130961.144531,7.305000,"triton_poi_fused__to_copy_mul_unsqueeze_view_0",12057
19950,6029611130972.709961,6.974000,"triton_poi_fused__to_copy_mul_unsqueeze_view_0",12058
19952,6029611130983.697266,8.610000,"triton_poi_fused__to_copy_mul_unsqueeze_view_0",12059
19954,6029611130996.815430,8.306000,"triton_poi_fused__to_copy_mul_unsqueeze_view_0",12060
19956,6029611131009.586914,7.130000,"triton_poi_fused__to_copy_mul_unsqueeze_view_0",12061
19958,6029611131021.065430,8.044000,"triton_poi_fused__to_copy_mul_unsqueeze_view_0",12062
19960,6029611131033.543945,6.902000,"triton_poi_fused__to_copy_mul_unsqueeze_view_0",12063
19962,6029611131113.038086,45.502000,"aten::unbind",12064
19963,6029611131115.837891,3.893000,"aten::select",12065
19964,6029611131118.128906,0.885000,"aten::as_strided",12066
19965,6029611131120.347656,0.821000,"aten::select",12067
19966,6029611131120.766602,0.167000,"aten::as_strided",12068
19967,6029611131121.538086,0.851000,"aten::select",12069
19968,6029611131122.029297,0.166000,"aten::as_strided",12070
19969,6029611131122.745117,0.657000,"aten::select",12071
19970,6029611131123.098633,0.117000,"aten::as_strided",12072
19971,6029611131123.779297,0.753000,"aten::select",12073
19972,6029611131124.235352,0.097000,"aten::as_strided",12074
19973,6029611131124.917969,0.710000,"aten::select",12075
19974,6029611131125.288086,0.108000,"aten::as_strided",12076
19975,6029611131125.948242,0.761000,"aten::select",12077
19976,6029611131126.364258,0.148000,"aten::as_strided",12078
19977,6029611131127.049805,0.946000,"aten::select",12079
19978,6029611131127.530273,0.290000,"aten::as_strided",12080
19979,6029611131128.420898,0.809000,"aten::select",12081
19980,6029611131128.913086,0.111000,"aten::as_strided",12082
19981,6029611131129.697266,0.646000,"aten::select",12083
19982,6029611131130.046875,0.121000,"aten::as_strided",12084
19983,6029611131130.700195,0.749000,"aten::select",12085
19984,6029611131131.130859,0.107000,"aten::as_strided",12086
19985,6029611131131.835938,0.678000,"aten::select",12087
19986,6029611131132.163086,0.150000,"aten::as_strided",12088
19987,6029611131132.829102,0.744000,"aten::select",12089
19988,6029611131133.245117,0.149000,"aten::as_strided",12090
19989,6029611131133.908203,0.648000,"aten::select",12091
19990,6029611131134.235352,0.146000,"aten::as_strided",12092
19991,6029611131134.885742,0.737000,"aten::select",12093
19992,6029611131135.329102,0.103000,"aten::as_strided",12094
19993,6029611131135.991211,0.677000,"aten::select",12095
19994,6029611131136.324219,0.189000,"aten::as_strided",12096
19995,6029611131137.019531,0.683000,"aten::select",12097
19996,6029611131137.411133,0.102000,"aten::as_strided",12098
19997,6029611131138.018555,1.372000,"aten::select",12099
19998,6029611131138.975586,0.216000,"aten::as_strided",12100
19999,6029611131139.734375,0.864000,"aten::select",12101
20000,6029611131140.267578,0.173000,"aten::as_strided",12102
20001,6029611131140.941406,0.732000,"aten::select",12103
20002,6029611131141.338867,0.145000,"aten::as_strided",12104
20003,6029611131142.017578,0.691000,"aten::select",12105
20004,6029611131142.356445,0.167000,"aten::as_strided",12106
20005,6029611131143.064453,0.860000,"aten::select",12107
20006,6029611131143.516602,0.251000,"aten::as_strided",12108
20007,6029611131144.283203,0.760000,"aten::select",12109
20008,6029611131144.721680,0.132000,"aten::as_strided",12110
20009,6029611131145.359375,0.753000,"aten::select",12111
20010,6029611131145.741211,0.185000,"aten::as_strided",12112
20011,6029611131146.428711,0.652000,"aten::select",12113
20012,6029611131146.786133,0.139000,"aten::as_strided",12114
20013,6029611131147.418945,0.687000,"aten::select",12115
20014,6029611131147.749023,0.167000,"aten::as_strided",12116
20015,6029611131148.420898,0.624000,"aten::select",12117
20016,6029611131148.750000,0.141000,"aten::as_strided",12118
20017,6029611131149.366211,0.660000,"aten::select",12119
20018,6029611131149.719727,0.149000,"aten::as_strided",12120
20019,6029611131150.338867,0.688000,"aten::select",12121
20020,6029611131150.723633,0.148000,"aten::as_strided",12122
20021,6029611131151.372070,0.706000,"aten::select",12123
20022,6029611131151.727539,0.193000,"aten::as_strided",12124
20023,6029611131152.397461,0.681000,"aten::select",12125
20024,6029611131152.764648,0.124000,"aten::as_strided",12126
20025,6029611131153.431641,0.727000,"aten::select",12127
20026,6029611131153.766602,0.202000,"aten::as_strided",12128
20027,6029611131163.861328,5.495000,"aten::new_empty",12129
20028,6029611131165.653320,3.388000,"aten::empty",12130
20029,6029611131171.000977,2.291000,"aten::new_empty",12131
20030,6029611131171.316406,1.807000,"aten::empty",12132
20031,6029611131174.330078,2.196000,"aten::new_empty",12133
20032,6029611131174.638672,1.697000,"aten::empty",12134
20033,6029611131177.433594,2.198000,"aten::new_empty",12135
20034,6029611131177.736328,1.729000,"aten::empty",12136
20035,6029611131180.526367,2.402000,"aten::new_empty",12137
20036,6029611131180.820312,1.906000,"aten::empty",12138
20037,6029611131183.966797,2.303000,"aten::new_empty",12139
20038,6029611131184.243164,1.830000,"aten::empty",12140
20039,6029611131187.186523,2.231000,"aten::new_empty",12141
20040,6029611131187.485352,1.760000,"aten::empty",12142
20041,6029611131190.310547,2.212000,"aten::new_empty",12143
20042,6029611131190.586914,1.771000,"aten::empty",12144
20043,6029611131193.403320,2.248000,"aten::new_empty",12145
20044,6029611131193.675781,1.810000,"aten::empty",12146
20045,6029611131196.635742,2.310000,"aten::new_empty",12147
20046,6029611131196.916016,1.841000,"aten::empty",12148
20047,6029611131199.863281,2.228000,"aten::new_empty",12149
20048,6029611131200.137695,1.758000,"aten::empty",12150
20049,6029611131202.958984,2.119000,"aten::new_empty",12151
20050,6029611131203.232422,1.674000,"aten::empty",12152
20051,6029611131205.965820,2.199000,"aten::new_empty",12153
20052,6029611131206.241211,1.749000,"aten::empty",12154
20053,6029611131209.044922,2.216000,"aten::new_empty",12155
20054,6029611131209.321289,1.770000,"aten::empty",12156
20055,6029611131212.132812,2.248000,"aten::new_empty",12157
20056,6029611131212.408203,1.777000,"aten::empty",12158
20057,6029611131215.250977,2.326000,"aten::new_empty",12159
20058,6029611131215.715820,1.671000,"aten::empty",12160
20059,6029611131218.472656,2.220000,"aten::new_empty",12161
20060,6029611131218.772461,1.752000,"aten::empty",12162
20061,6029611131221.737305,2.257000,"aten::new_empty",12163
20062,6029611131222.115234,1.715000,"aten::empty",12164
20063,6029611131224.876953,2.130000,"aten::new_empty",12165
20064,6029611131225.153320,1.687000,"aten::empty",12166
20065,6029611131227.881836,2.314000,"aten::new_empty",12167
20066,6029611131228.158203,1.846000,"aten::empty",12168
20067,6029611131231.082031,2.125000,"aten::new_empty",12169
20068,6029611131231.360352,1.682000,"aten::empty",12170
20069,6029611131234.113281,2.136000,"aten::new_empty",12171
20070,6029611131234.420898,1.662000,"aten::empty",12172
20071,6029611131237.147461,2.158000,"aten::new_empty",12173
20072,6029611131237.423828,1.718000,"aten::empty",12174
20073,6029611131240.188477,2.129000,"aten::new_empty",12175
20074,6029611131240.464844,1.685000,"aten::empty",12176
20075,6029611131243.179688,2.246000,"aten::new_empty",12177
20076,6029611131243.487305,1.760000,"aten::empty",12178
20077,6029611131246.452148,2.261000,"aten::new_empty",12179
20078,6029611131246.725586,1.820000,"aten::empty",12180
20079,6029611131249.609375,2.107000,"aten::new_empty",12181
20080,6029611131249.889648,1.654000,"aten::empty",12182
20081,6029611131252.606445,2.122000,"aten::new_empty",12183
20082,6029611131252.882812,1.669000,"aten::empty",12184
20083,6029611131255.610352,2.225000,"aten::new_empty",12185
20084,6029611131255.888672,1.776000,"aten::empty",12186
20085,6029611131258.714844,2.216000,"aten::new_empty",12187
20086,6029611131259.036133,1.722000,"aten::empty",12188
20087,6029611131261.848633,2.220000,"aten::new_empty",12189
20088,6029611131262.238281,1.652000,"aten::empty",12190
20089,6029611131265.047852,2.212000,"aten::new_empty",12191
20090,6029611131265.329102,1.756000,"aten::empty",12192
20091,6029611131301.339844,755.810000,"_GroupedLinear",12193
20092,6029611131311.830078,4.751000,"aten::reshape",12194
20093,6029611131313.120117,3.080000,"aten::view",12195
20094,6029611131327.365234,26.331000,"aten::split_with_sizes",12196
20095,6029611131329.656250,0.323000,"aten::as_strided",12197
20096,6029611131330.581055,0.232000,"aten::as_strided",12198
20097,6029611131331.279297,0.156000,"aten::as_strided",12199
20098,6029611131331.941406,0.118000,"aten::as_strided",12200
20099,6029611131332.517578,0.141000,"aten::as_strided",12201
20100,6029611131333.124023,0.187000,"aten::as_strided",12202
20101,6029611131333.805664,0.138000,"aten::as_strided",12203
20102,6029611131334.352539,0.127000,"aten::as_strided",12204
20103,6029611131334.880859,0.131000,"aten::as_strided",12205
20104,6029611131335.484375,0.356000,"aten::as_strided",12206
20105,6029611131336.300781,0.176000,"aten::as_strided",12207
20106,6029611131336.898438,0.128000,"aten::as_strided",12208
20107,6029611131337.416016,0.125000,"aten::as_strided",12209
20108,6029611131337.992188,0.213000,"aten::as_strided",12210
20109,6029611131338.649414,0.150000,"aten::as_strided",12211
20110,6029611131339.188477,0.120000,"aten::as_strided",12212
20111,6029611131339.695312,0.129000,"aten::as_strided",12213
20112,6029611131340.210938,0.141000,"aten::as_strided",12214
20113,6029611131340.771484,0.117000,"aten::as_strided",12215
20114,6029611131341.306641,0.212000,"aten::as_strided",12216
20115,6029611131341.922852,0.164000,"aten::as_strided",12217
20116,6029611131342.522461,0.350000,"aten::as_strided",12218
20117,6029611131343.339844,0.137000,"aten::as_strided",12219
20118,6029611131343.869141,0.128000,"aten::as_strided",12220
20119,6029611131344.386719,0.130000,"aten::as_strided",12221
20120,6029611131344.906250,0.136000,"aten::as_strided",12222
20121,6029611131345.435547,0.126000,"aten::as_strided",12223
20122,6029611131345.948242,0.119000,"aten::as_strided",12224
20123,6029611131346.448242,0.118000,"aten::as_strided",12225
20124,6029611131346.962891,0.257000,"aten::as_strided",12226
20125,6029611131347.657227,0.127000,"aten::as_strided",12227
20126,6029611131348.173828,0.148000,"aten::as_strided",12228
20127,6029611131366.523438,3.795000,"aten::empty",12229
20200,6029611132024.958008,3.897000,"aten::view",12230
20201,6029611132080.856445,3.733000,"aten::view",12231
20202,6029611132097.567383,168.748000,"WeightedSwiGLUFunction",12232
20203,6029611132116.984375,20.481000,"TorchDynamo Cache Lookup",12233
20204,6029611132138.573242,119.501000,"Torch-Compiled Region: 9/2",12234
20205,6029611132148.331055,6.165000,"Pregraph bytecode",12235
20206,6029611132167.420898,5.534000,"AOTDispatcher Runtime Wrapper Prologue",12236
20207,6029611132180.611328,66.212000,"## Call CompiledFxGraph fdy7iwqiitrpcystd4www7yc2ewjq6xcvz3773kyahvgoqyxa45e ##",12237
20208,6029611132216.924805,26.717000,"triton_poi_fused__to_copy_mul_silu_split_0",12238
20210,6029611132292.056641,3.598000,"aten::view",12239
20211,6029611132301.782227,1.908000,"aten::alias",12240
20212,6029611132309.117188,0.561000,"aten::view",12241
20213,6029611132311.954102,0.878000,"aten::alias",12242
20214,6029611132316.244141,0.857000,"aten::view",12243
20215,6029611132319.121094,0.635000,"aten::alias",12244
20216,6029611132323.285156,0.501000,"aten::view",12245
20217,6029611132325.737305,0.670000,"aten::alias",12246
20218,6029611132329.647461,0.317000,"aten::view",12247
20219,6029611132331.811523,0.451000,"aten::alias",12248
20220,6029611132335.484375,0.605000,"aten::view",12249
20221,6029611132337.887695,0.348000,"aten::alias",12250
20222,6029611132341.227539,0.653000,"aten::view",12251
20223,6029611132343.668945,0.762000,"aten::alias",12252
20224,6029611132348.341797,0.595000,"aten::view",12253
20225,6029611132350.703125,0.533000,"aten::alias",12254
20226,6029611132353.959961,0.388000,"aten::view",12255
20227,6029611132356.231445,0.949000,"aten::alias",12256
20228,6029611132360.178711,0.425000,"aten::view",12257
20229,6029611132362.609375,0.744000,"aten::alias",12258
20230,6029611132366.515625,0.802000,"aten::view",12259
20231,6029611132368.995117,0.524000,"aten::alias",12260
20232,6029611132372.720703,0.492000,"aten::view",12261
20233,6029611132375.399414,0.699000,"aten::alias",12262
20234,6029611132379.138672,0.537000,"aten::view",12263
20235,6029611132381.553711,0.559000,"aten::alias",12264
20236,6029611132385.276367,0.489000,"aten::view",12265
20237,6029611132387.485352,0.594000,"aten::alias",12266
20238,6029611132391.136719,0.506000,"aten::view",12267
20239,6029611132393.503906,0.514000,"aten::alias",12268
20240,6029611132396.935547,0.513000,"aten::view",12269
20241,6029611132399.300781,0.558000,"aten::alias",12270
20242,6029611132403.026367,0.529000,"aten::view",12271
20243,6029611132405.377930,0.852000,"aten::alias",12272
20244,6029611132409.368164,0.537000,"aten::view",12273
20245,6029611132411.622070,0.529000,"aten::alias",12274
20246,6029611132415.326172,0.592000,"aten::view",12275
20247,6029611132417.787109,0.661000,"aten::alias",12276
20248,6029611132421.929688,0.501000,"aten::view",12277
20249,6029611132424.151367,0.402000,"aten::alias",12278
20250,6029611132427.442383,0.623000,"aten::view",12279
20251,6029611132430.058594,0.402000,"aten::alias",12280
20252,6029611132433.670898,0.466000,"aten::view",12281
20253,6029611132435.920898,0.594000,"aten::alias",12282
20254,6029611132439.480469,0.775000,"aten::view",12283
20255,6029611132442.320312,0.391000,"aten::alias",12284
20256,6029611132445.590820,0.435000,"aten::view",12285
20257,6029611132447.868164,0.385000,"aten::alias",12286
20258,6029611132451.381836,0.635000,"aten::view",12287
20259,6029611132453.832031,0.580000,"aten::alias",12288
20260,6029611132478.259766,0.783000,"aten::view",12289
20261,6029611132481.006836,0.651000,"aten::alias",12290
20262,6029611132484.668945,0.621000,"aten::view",12291
20263,6029611132487.179688,0.573000,"aten::alias",12292
20264,6029611132490.591797,0.571000,"aten::view",12293
20265,6029611132493.080078,0.446000,"aten::alias",12294
20266,6029611132496.553711,0.413000,"aten::view",12295
20267,6029611132498.971680,0.632000,"aten::alias",12296
20268,6029611132502.927734,0.581000,"aten::view",12297
20269,6029611132505.275391,0.512000,"aten::alias",12298
20270,6029611132508.500977,0.453000,"aten::view",12299
20271,6029611132510.692383,0.443000,"aten::alias",12300
20272,6029611132514.036133,0.513000,"aten::view",12301
20273,6029611132516.352539,0.387000,"aten::alias",12302
20274,6029611132540.488281,33.503000,"TorchDynamo Cache Lookup",12303
20275,6029611132574.787109,489.994000,"Torch-Compiled Region: 8/3",12304
20276,6029611132579.242188,2.573000,"Pregraph bytecode",12305
20277,6029611132590.548828,5.405000,"AOTDispatcher Runtime Wrapper Prologue",12306
20278,6029611132602.039062,454.441000,"## Call CompiledFxGraph f4ns4a4vsv6f6tzb2kqjwiir7mckm4yvy3xawoxzga7guzwr6hx3 ##",12307
20279,6029611132650.814453,23.256000,"triton_poi_fused__to_copy_mul_unsqueeze_view_0",12308
20281,6029611132681.956055,8.919000,"triton_poi_fused__to_copy_mul_unsqueeze_view_0",12309
20283,6029611132696.772461,8.526000,"triton_poi_fused__to_copy_mul_unsqueeze_view_0",12310
20285,6029611132710.274414,8.277000,"triton_poi_fused__to_copy_mul_unsqueeze_view_0",12311
20287,6029611132723.568359,7.020000,"triton_poi_fused__to_copy_mul_unsqueeze_view_0",12312
20289,6029611132735.366211,8.186000,"triton_poi_fused__to_copy_mul_unsqueeze_view_0",12313
20291,6029611132747.952148,6.811000,"triton_poi_fused__to_copy_mul_unsqueeze_view_0",12314
20293,6029611132760.170898,7.108000,"triton_poi_fused__to_copy_mul_unsqueeze_view_0",12315
20295,6029611132771.518555,7.621000,"triton_poi_fused__to_copy_mul_unsqueeze_view_0",12316
20297,6029611132783.420898,6.961000,"triton_poi_fused__to_copy_mul_unsqueeze_view_0",12317
20299,6029611132794.959961,7.651000,"triton_poi_fused__to_copy_mul_unsqueeze_view_0",12318
20301,6029611132806.916992,6.818000,"triton_poi_fused__to_copy_mul_unsqueeze_view_0",12319
20303,6029611132818.261719,7.374000,"triton_poi_fused__to_copy_mul_unsqueeze_view_0",12320
20305,6029611132830.960938,6.836000,"triton_poi_fused__to_copy_mul_unsqueeze_view_0",12321
20307,6029611132842.387695,7.234000,"triton_poi_fused__to_copy_mul_unsqueeze_view_0",12322
20309,6029611132853.823242,7.711000,"triton_poi_fused__to_copy_mul_unsqueeze_view_0",12323
20311,6029611132865.657227,7.075000,"triton_poi_fused__to_copy_mul_unsqueeze_view_0",12324
20313,6029611132876.816406,6.938000,"triton_poi_fused__to_copy_mul_unsqueeze_view_0",12325
20315,6029611132888.091797,7.173000,"triton_poi_fused__to_copy_mul_unsqueeze_view_0",12326
20317,6029611132899.761719,6.931000,"triton_poi_fused__to_copy_mul_unsqueeze_view_0",12327
20319,6029611132910.912109,7.331000,"triton_poi_fused__to_copy_mul_unsqueeze_view_0",12328
20321,6029611132923.041992,6.416000,"triton_poi_fused__to_copy_mul_unsqueeze_view_0",12329
20323,6029611132933.667969,7.579000,"triton_poi_fused__to_copy_mul_unsqueeze_view_0",12330
20325,6029611132945.346680,7.095000,"triton_poi_fused__to_copy_mul_unsqueeze_view_0",12331
20327,6029611132956.815430,6.513000,"triton_poi_fused__to_copy_mul_unsqueeze_view_0",12332
20329,6029611132967.818359,7.792000,"triton_poi_fused__to_copy_mul_unsqueeze_view_0",12333
20331,6029611132980.123047,6.824000,"triton_poi_fused__to_copy_mul_unsqueeze_view_0",12334
20333,6029611132990.989258,6.900000,"triton_poi_fused__to_copy_mul_unsqueeze_view_0",12335
20335,6029611133006.658203,8.026000,"triton_poi_fused__to_copy_mul_unsqueeze_view_0",12336
20337,6029611133018.867188,7.380000,"triton_poi_fused__to_copy_mul_unsqueeze_view_0",12337
20339,6029611133030.427734,7.418000,"triton_poi_fused__to_copy_mul_unsqueeze_view_0",12338
20341,6029611133041.935547,6.655000,"triton_poi_fused__to_copy_mul_unsqueeze_view_0",12339
20343,6029611133117.316406,45.770000,"aten::unbind",12340
20344,6029611133120.077148,4.925000,"aten::select",12341
20345,6029611133122.555664,1.748000,"aten::as_strided",12342
20346,6029611133125.769531,0.846000,"aten::select",12343
20347,6029611133126.208984,0.145000,"aten::as_strided",12344
20348,6029611133127.016602,0.768000,"aten::select",12345
20349,6029611133127.458984,0.133000,"aten::as_strided",12346
20350,6029611133128.169922,0.668000,"aten::select",12347
20351,6029611133128.508789,0.154000,"aten::as_strided",12348
20352,6029611133129.195312,0.769000,"aten::select",12349
20353,6029611133129.668945,0.090000,"aten::as_strided",12350
20354,6029611133130.307617,0.628000,"aten::select",12351
20355,6029611133130.654297,0.104000,"aten::as_strided",12352
20356,6029611133131.253906,0.755000,"aten::select",12353
20357,6029611133131.720703,0.094000,"aten::as_strided",12354
20358,6029611133132.348633,0.786000,"aten::select",12355
20359,6029611133132.676758,0.302000,"aten::as_strided",12356
20360,6029611133133.450195,0.751000,"aten::select",12357
20361,6029611133133.903320,0.123000,"aten::as_strided",12358
20362,6029611133134.547852,0.638000,"aten::select",12359
20363,6029611133134.874023,0.140000,"aten::as_strided",12360
20364,6029611133135.500977,0.725000,"aten::select",12361
20365,6029611133135.914062,0.139000,"aten::as_strided",12362
20366,6029611133136.575195,0.659000,"aten::select",12363
20367,6029611133136.927734,0.105000,"aten::as_strided",12364
20368,6029611133137.594727,0.755000,"aten::select",12365
20369,6029611133138.049805,0.093000,"aten::as_strided",12366
20370,6029611133138.690430,0.620000,"aten::select",12367
20371,6029611133139.038086,0.104000,"aten::as_strided",12368
20372,6029611133139.683594,0.702000,"aten::select",12369
20373,6029611133140.094727,0.102000,"aten::as_strided",12370
20374,6029611133140.747070,0.701000,"aten::select",12371
20375,6029611133141.061523,0.198000,"aten::as_strided",12372
20376,6029611133141.759766,1.274000,"aten::select",12373
20377,6029611133142.123047,0.757000,"aten::as_strided",12374
20378,6029611133143.356445,0.772000,"aten::select",12375
20379,6029611133143.811523,0.129000,"aten::as_strided",12376
20380,6029611133144.450195,0.760000,"aten::select",12377
20381,6029611133144.888672,0.162000,"aten::as_strided",12378
20382,6029611133145.554688,0.750000,"aten::select",12379
20383,6029611133145.974609,0.146000,"aten::as_strided",12380
20384,6029611133146.621094,0.690000,"aten::select",12381
20385,6029611133146.975586,0.180000,"aten::as_strided",12382
20386,6029611133147.625000,0.678000,"aten::select",12383
20387,6029611133147.974609,0.172000,"aten::as_strided",12384
20388,6029611133148.616211,0.701000,"aten::select",12385
20389,6029611133148.989258,0.140000,"aten::as_strided",12386
20390,6029611133149.630859,0.717000,"aten::select",12387
20391,6029611133149.980469,0.213000,"aten::as_strided",12388
20392,6029611133150.663086,0.710000,"aten::select",12389
20393,6029611133151.095703,0.120000,"aten::as_strided",12390
20394,6029611133151.686523,0.667000,"aten::select",12391
20395,6029611133152.044922,0.123000,"aten::as_strided",12392
20396,6029611133152.666016,0.637000,"aten::select",12393
20397,6029611133152.997070,0.149000,"aten::as_strided",12394
20398,6029611133153.620117,0.639000,"aten::select",12395
20399,6029611133153.952148,0.149000,"aten::as_strided",12396
20400,6029611133154.573242,0.670000,"aten::select",12397
20401,6029611133154.930664,0.157000,"aten::as_strided",12398
20402,6029611133155.563477,0.683000,"aten::select",12399
20403,6029611133155.940430,0.120000,"aten::as_strided",12400
20404,6029611133156.560547,0.716000,"aten::select",12401
20405,6029611133156.980469,0.140000,"aten::as_strided",12402
20406,6029611133157.587891,0.760000,"aten::select",12403
20407,6029611133157.968750,0.224000,"aten::as_strided",12404
20408,6029611133168.206055,7.113000,"aten::new_empty",12405
20409,6029611133170.179688,4.715000,"aten::empty",12406
20410,6029611133176.771484,2.340000,"aten::new_empty",12407
20411,6029611133177.130859,1.801000,"aten::empty",12408
20412,6029611133180.171875,2.161000,"aten::new_empty",12409
20413,6029611133180.478516,1.677000,"aten::empty",12410
20414,6029611133183.246094,2.160000,"aten::new_empty",12411
20415,6029611133183.526367,1.709000,"aten::empty",12412
20416,6029611133186.296875,2.380000,"aten::new_empty",12413
20417,6029611133186.653320,1.828000,"aten::empty",12414
20418,6029611133189.676758,2.210000,"aten::new_empty",12415
20419,6029611133189.957031,1.736000,"aten::empty",12416
20420,6029611133192.809570,2.155000,"aten::new_empty",12417
20421,6029611133193.091797,1.699000,"aten::empty",12418
20422,6029611133195.847656,2.302000,"aten::new_empty",12419
20423,6029611133196.132812,1.839000,"aten::empty",12420
20424,6029611133199.155273,2.245000,"aten::new_empty",12421
20425,6029611133199.480469,1.727000,"aten::empty",12422
20426,6029611133202.419922,2.317000,"aten::new_empty",12423
20427,6029611133202.705078,1.843000,"aten::empty",12424
20428,6029611133205.696289,2.281000,"aten::new_empty",12425
20429,6029611133206.072266,1.732000,"aten::empty",12426
20430,6029611133208.908203,2.180000,"aten::new_empty",12427
20431,6029611133209.211914,1.686000,"aten::empty",12428
20432,6029611133212.004883,2.172000,"aten::new_empty",12429
20433,6029611133212.288086,1.716000,"aten::empty",12430
20434,6029611133215.070312,2.173000,"aten::new_empty",12431
20435,6029611133215.352539,1.712000,"aten::empty",12432
20436,6029611133218.118164,2.300000,"aten::new_empty",12433
20437,6029611133218.405273,1.813000,"aten::empty",12434
20438,6029611133221.291992,2.199000,"aten::new_empty",12435
20439,6029611133221.576172,1.737000,"aten::empty",12436
20440,6029611133224.377930,2.275000,"aten::new_empty",12437
20441,6029611133224.666016,1.809000,"aten::empty",12438
20442,6029611133227.602539,2.185000,"aten::new_empty",12439
20443,6029611133227.887695,1.729000,"aten::empty",12440
20444,6029611133230.714844,2.193000,"aten::new_empty",12441
20445,6029611133231.045898,1.677000,"aten::empty",12442
20446,6029611133233.794922,2.315000,"aten::new_empty",12443
20447,6029611133234.090820,1.830000,"aten::empty",12444
20448,6029611133236.987305,2.197000,"aten::new_empty",12445
20449,6029611133237.272461,1.736000,"aten::empty",12446
20450,6029611133240.052734,2.182000,"aten::new_empty",12447
20451,6029611133240.336914,1.722000,"aten::empty",12448
20452,6029611133243.112305,2.135000,"aten::new_empty",12449
20453,6029611133243.397461,1.670000,"aten::empty",12450
20454,6029611133246.110352,2.232000,"aten::new_empty",12451
20455,6029611133246.420898,1.741000,"aten::empty",12452
20456,6029611133249.224609,2.301000,"aten::new_empty",12453
20457,6029611133249.512695,1.841000,"aten::empty",12454
20458,6029611133252.564453,2.295000,"aten::new_empty",12455
20459,6029611133252.853516,1.825000,"aten::empty",12456
20460,6029611133255.747070,2.194000,"aten::new_empty",12457
20461,6029611133256.065430,1.699000,"aten::empty",12458
20462,6029611133258.838867,2.146000,"aten::new_empty",12459
20463,6029611133259.125000,1.690000,"aten::empty",12460
20464,6029611133261.875977,2.179000,"aten::new_empty",12461
20465,6029611133262.159180,1.728000,"aten::empty",12462
20466,6029611133264.950195,2.195000,"aten::new_empty",12463
20467,6029611133265.238281,1.732000,"aten::empty",12464
20468,6029611133268.040039,2.135000,"aten::new_empty",12465
20469,6029611133268.325195,1.677000,"aten::empty",12466
20470,6029611133271.055664,2.259000,"aten::new_empty",12467
20471,6029611133271.339844,1.807000,"aten::empty",12468
20472,6029611133303.353516,718.052000,"_GroupedLinear",12469
20473,6029611133313.605469,3.408000,"aten::reshape",12470
20474,6029611133314.747070,1.940000,"aten::view",12471
20475,6029611133327.131836,26.196000,"aten::split_with_sizes",12472
20476,6029611133329.367188,0.326000,"aten::as_strided",12473
20477,6029611133330.400391,0.151000,"aten::as_strided",12474
20478,6029611133331.004883,0.229000,"aten::as_strided",12475
20479,6029611133331.622070,0.124000,"aten::as_strided",12476
20480,6029611133332.132812,0.163000,"aten::as_strided",12477
20481,6029611133332.703125,0.245000,"aten::as_strided",12478
20482,6029611133333.483398,0.270000,"aten::as_strided",12479
20483,6029611133334.167969,0.288000,"aten::as_strided",12480
20484,6029611133334.887695,0.240000,"aten::as_strided",12481
20485,6029611133335.517578,0.141000,"aten::as_strided",12482
20486,6029611133336.044922,0.204000,"aten::as_strided",12483
20487,6029611133336.638672,0.201000,"aten::as_strided",12484
20488,6029611133337.257812,0.325000,"aten::as_strided",12485
20489,6029611133338.076172,0.140000,"aten::as_strided",12486
20490,6029611133338.657227,0.136000,"aten::as_strided",12487
20491,6029611133339.192383,0.127000,"aten::as_strided",12488
20492,6029611133339.708008,0.124000,"aten::as_strided",12489
20493,6029611133340.215820,0.123000,"aten::as_strided",12490
20494,6029611133340.724609,0.119000,"aten::as_strided",12491
20495,6029611133341.227539,0.127000,"aten::as_strided",12492
20496,6029611133341.762695,0.164000,"aten::as_strided",12493
20497,6029611133342.308594,0.121000,"aten::as_strided",12494
20498,6029611133342.816406,0.143000,"aten::as_strided",12495
20499,6029611133343.374023,0.154000,"aten::as_strided",12496
20500,6029611133343.914062,0.128000,"aten::as_strided",12497
20501,6029611133344.441406,0.132000,"aten::as_strided",12498
20502,6029611133344.998047,0.130000,"aten::as_strided",12499
20503,6029611133345.557617,0.278000,"aten::as_strided",12500
20504,6029611133346.226562,0.251000,"aten::as_strided",12501
20505,6029611133346.863281,0.225000,"aten::as_strided",12502
20506,6029611133347.467773,0.125000,"aten::as_strided",12503
20507,6029611133347.992188,0.127000,"aten::as_strided",12504
20508,6029611133365.959961,5.004000,"aten::empty",12505
20581,6029611133990.499023,2.330000,"aten::view",12506
20582,6029611134058.427734,87.798000,"HybridEPCombine",12507
20583,6029611134091.638672,5.701000,"aten::empty",12508
20590,6029611134165.609375,3.953000,"aten::view",12509
20591,6029611134175.899414,23.106000,"aten::add",12510
20593,6029611134234.599609,1.222000,"aten::dropout",12511
20594,6029611134237.915039,11.184000,"aten::add",12512
20600,6029611134498.320312,7.245000,"autograd::engine::evaluate_function: AddBackward0",12513
20601,6029611134500.446289,2.444000,"AddBackward0",12514
20602,6029611134509.676758,2.639000,"autograd::engine::evaluate_function: AddBackward0",12515
20603,6029611134510.503906,0.191000,"AddBackward0",12516
20604,6029611134515.857422,6.954000,"autograd::engine::evaluate_function: ViewBackward0",12517
20605,6029611134516.633789,4.848000,"ViewBackward0",12518
20606,6029611134517.845703,3.393000,"aten::reshape",12519
20607,6029611134518.801758,2.167000,"aten::view",12520
20608,6029611134526.559570,95.724000,"autograd::engine::evaluate_function: HybridEPCombineBackward",12521
20609,6029611134527.754883,91.488000,"HybridEPCombineBackward",12522
20610,6029611134553.074219,2.887000,"aten::item",12523
20611,6029611134554.485352,1.307000,"aten::_local_scalar_dense",12524
20612,6029611134564.494141,3.670000,"aten::empty",12525
20619,6029611134626.670898,1931.107000,"autograd::engine::evaluate_function: _GroupedLinearBackward",12526
20620,6029611134627.777344,1907.632000,"_GroupedLinearBackward",12527
20621,6029611134688.085938,1.166000,"aten::view",12528
20622,6029611134701.123047,29.232000,"aten::split_with_sizes",12529
20624,6029611134704.333008,1.385000,"aten::as_strided",12530
20625,6029611134706.448242,0.158000,"aten::as_strided",12531
20626,6029611134707.163086,0.247000,"aten::as_strided",12532
20627,6029611134707.834961,0.279000,"aten::as_strided",12533
20628,6029611134708.516602,0.158000,"aten::as_strided",12534
20629,6029611134709.063477,0.227000,"aten::as_strided",12535
20630,6029611134709.749023,0.196000,"aten::as_strided",12536
20631,6029611134710.350586,0.172000,"aten::as_strided",12537
20632,6029611134711.122070,0.167000,"aten::as_strided",12538
20633,6029611134711.721680,0.256000,"aten::as_strided",12539
20634,6029611134712.384766,0.194000,"aten::as_strided",12540
20635,6029611134713.048828,0.221000,"aten::as_strided",12541
20636,6029611134713.654297,0.138000,"aten::as_strided",12542
20637,6029611134714.202148,0.137000,"aten::as_strided",12543
20638,6029611134714.723633,0.125000,"aten::as_strided",12544
20639,6029611134715.252930,0.341000,"aten::as_strided",12545
20640,6029611134716.008789,0.146000,"aten::as_strided",12546
20641,6029611134716.578125,0.126000,"aten::as_strided",12547
20642,6029611134717.235352,0.275000,"aten::as_strided",12548
20643,6029611134717.935547,0.136000,"aten::as_strided",12549
20644,6029611134718.485352,0.120000,"aten::as_strided",12550
20645,6029611134718.993164,0.120000,"aten::as_strided",12551
20646,6029611134719.500000,0.124000,"aten::as_strided",12552
20647,6029611134720.032227,0.123000,"aten::as_strided",12553
20648,6029611134720.558594,0.131000,"aten::as_strided",12554
20649,6029611134721.183594,0.138000,"aten::as_strided",12555
20650,6029611134721.731445,0.127000,"aten::as_strided",12556
20651,6029611134722.247070,0.120000,"aten::as_strided",12557
20652,6029611134722.749023,0.343000,"aten::as_strided",12558
20653,6029611134723.477539,0.146000,"aten::as_strided",12559
20654,6029611134724.051758,0.140000,"aten::as_strided",12560
20655,6029611134724.574219,0.125000,"aten::as_strided",12561
20656,6029611134740.825195,3.765000,"aten::empty",12562
20737,6029611136519.969727,3.531000,"aten::view",12563
20738,6029611136570.413086,230.376000,"autograd::engine::evaluate_function: WeightedSwiGLUFunctionBackward",12564
20739,6029611136572.422852,219.280000,"WeightedSwiGLUFunctionBackward",12565
20740,6029611136601.924805,26.797000,"TorchDynamo Cache Lookup",12566
20741,6029611136629.981445,157.475000,"Torch-Compiled Region: 10/1",12567
20742,6029611136640.960938,6.684000,"Pregraph bytecode",12568
20743,6029611136661.653320,6.868000,"AOTDispatcher Runtime Wrapper Prologue",12569
20744,6029611136676.957031,96.980000,"## Call CompiledFxGraph fzgnimq66bgqpjtve4kt2j35pniyuuwbh4xsqskrycmtofl4bstw ##",12570
20745,6029611136715.237305,29.610000,"triton_poi_fused__to_copy_add_cat_mul_rsub_sigmoid_silu_split_0",12571
20747,6029611136759.758789,11.561000,"triton_red_fused__to_copy_mul_silu_split_sum_1",12572
20749,6029611136808.628906,9.283000,"autograd::engine::evaluate_function: ViewBackward0",12573
20750,6029611136810.236328,5.738000,"ViewBackward0",12574
20751,6029611136812.477539,3.067000,"aten::reshape",12575
20752,6029611136813.403320,1.830000,"aten::view",12576
20753,6029611136821.619141,1734.124000,"autograd::engine::evaluate_function: _GroupedLinearBackward",12577
20754,6029611136822.656250,1710.805000,"_GroupedLinearBackward",12578
20755,6029611136878.864258,1.559000,"aten::view",12579
20756,6029611136892.679688,27.450000,"aten::split_with_sizes",12580
20757,6029611136895.926758,1.185000,"aten::as_strided",12581
20758,6029611136897.751953,0.176000,"aten::as_strided",12582
20759,6029611136898.419922,0.170000,"aten::as_strided",12583
20760,6029611136898.995117,0.217000,"aten::as_strided",12584
20761,6029611136899.648438,0.137000,"aten::as_strided",12585
20762,6029611136900.164062,0.239000,"aten::as_strided",12586
20763,6029611136900.813477,0.227000,"aten::as_strided",12587
20764,6029611136901.490234,0.268000,"aten::as_strided",12588
20765,6029611136902.252930,0.137000,"aten::as_strided",12589
20766,6029611136902.776367,0.242000,"aten::as_strided",12590
20767,6029611136903.397461,0.120000,"aten::as_strided",12591
20768,6029611136903.964844,0.158000,"aten::as_strided",12592
20769,6029611136904.651367,0.109000,"aten::as_strided",12593
20770,6029611136905.262695,0.132000,"aten::as_strided",12594
20771,6029611136905.755859,0.098000,"aten::as_strided",12595
20772,6029611136906.250000,0.143000,"aten::as_strided",12596
20773,6029611136906.768555,0.104000,"aten::as_strided",12597
20774,6029611136907.230469,0.103000,"aten::as_strided",12598
20775,6029611136907.684570,0.108000,"aten::as_strided",12599
20776,6029611136908.183594,0.178000,"aten::as_strided",12600
20777,6029611136908.743164,0.105000,"aten::as_strided",12601
20778,6029611136909.205078,0.155000,"aten::as_strided",12602
20779,6029611136909.717773,0.199000,"aten::as_strided",12603
20780,6029611136910.334961,0.160000,"aten::as_strided",12604
20781,6029611136910.995117,0.154000,"aten::as_strided",12605
20782,6029611136911.585938,0.137000,"aten::as_strided",12606
20783,6029611136912.137695,0.150000,"aten::as_strided",12607
20784,6029611136912.700195,0.116000,"aten::as_strided",12608
20785,6029611136913.274414,0.138000,"aten::as_strided",12609
20786,6029611136913.818359,0.252000,"aten::as_strided",12610
20787,6029611136914.552734,0.160000,"aten::as_strided",12611
20788,6029611136915.185547,0.127000,"aten::as_strided",12612
20789,6029611136930.774414,4.890000,"aten::empty",12613
20906,6029611138520.344727,2.929000,"aten::view",12614
20907,6029611138567.664062,11.968000,"autograd::engine::evaluate_function: UnsqueezeBackward0",12615
20908,6029611138569.504883,7.746000,"UnsqueezeBackward0",12616
20909,6029611138571.298828,5.602000,"aten::squeeze",12617
20910,6029611138574.576172,1.124000,"aten::as_strided",12618
20911,6029611138583.848633,115.595000,"autograd::engine::evaluate_function: HybridEPDispatchBackward",12619
20912,6029611138585.004883,107.459000,"HybridEPDispatchBackward",12620
20913,6029611138586.691406,9.059000,"aten::zeros",12621
20914,6029611138588.738281,3.638000,"aten::empty",12622
20915,6029611138593.519531,2.016000,"aten::zero_",12623
20916,6029611138632.165039,5.275000,"aten::empty",12624
20917,6029611138638.502930,2.413000,"aten::empty",12625
20924,6029611138704.579102,72.929000,"autograd::engine::evaluate_function: AsStridedBackward0",12626
20925,6029611138705.828125,67.303000,"AsStridedBackward0",12627
20926,6029611138710.204102,24.430000,"aten::new_zeros",12628
20927,6029611138712.143555,3.657000,"aten::new_empty",12629
20928,6029611138712.894531,2.672000,"aten::empty",12630
20929,6029611138716.465820,17.751000,"aten::zero_",12631
20930,6029611138717.626953,15.655000,"aten::fill_",12632
20932,6029611138735.962891,3.235000,"aten::as_strided",12633
20933,6029611138740.885742,28.898000,"aten::copy_",12634
20937,6029611138771.119141,1.060000,"aten::as_strided",12635
20940,6029611138783.124023,8.670000,"autograd::engine::evaluate_function: ViewBackward0",12636
20941,6029611138784.921875,4.708000,"ViewBackward0",12637
20943,6029611138786.409180,3.010000,"aten::reshape",12638
20945,6029611138787.588867,1.503000,"aten::view",12639
20949,6029611138796.249023,37.514000,"autograd::engine::evaluate_function: AsStridedBackward0",12640
20951,6029611138797.615234,33.481000,"AsStridedBackward0",12641
20952,6029611138800.084961,16.484000,"aten::new_zeros",12642
20953,6029611138800.966797,4.582000,"aten::new_empty",12643
20954,6029611138801.585938,3.639000,"aten::empty",12644
20955,6029611138806.283203,10.080000,"aten::zero_",12645
20956,6029611138807.308594,8.374000,"aten::fill_",12646
20958,6029611138817.226562,0.793000,"aten::as_strided",12647
20959,6029611138818.538086,10.868000,"aten::copy_",12648
20961,6029611138830.184570,0.535000,"aten::as_strided",12649
20962,6029611138837.671875,26.006000,"autograd::engine::evaluate_function: ScatterBackward0",12650
20963,6029611138838.616211,22.663000,"ScatterBackward0",12651
20964,6029611138840.865234,20.013000,"aten::gather",12652
20965,6029611138847.820312,0.220000,"aten::as_strided",12653
20966,6029611138848.902344,0.733000,"aten::as_strided",12654
20968,6029611138867.101562,21.056000,"autograd::engine::evaluate_function: MulBackward0",12655
20969,6029611138868.032227,17.512000,"MulBackward0",12656
20970,6029611138869.424805,15.651000,"aten::mul",12657
20972,6029611138891.449219,78.991000,"autograd::engine::evaluate_function: DivBackward0",12658
20973,6029611138892.402344,54.419000,"DivBackward0",12659
20974,6029611138894.211914,12.669000,"aten::div",12660
20976,6029611138907.467773,7.537000,"aten::div",12661
20978,6029611138916.040039,10.955000,"aten::neg",12662
20980,6029611138927.649414,9.114000,"aten::mul",12663
20982,6029611138938.944336,7.456000,"aten::div",12664
20984,6029611138948.843750,15.478000,"aten::sum",12665
20986,6029611138974.056641,3.039000,"autograd::engine::evaluate_function: AddBackward0",12666
20987,6029611138974.975586,0.463000,"AddBackward0",12667
20988,6029611138980.114258,23.955000,"autograd::engine::evaluate_function: SumBackward1",12668
20989,6029611138980.931641,5.059000,"SumBackward1",12669
20990,6029611138982.178711,3.541000,"aten::expand",12670
20991,6029611138984.389648,0.452000,"aten::as_strided",12671
20992,6029611138989.022461,12.785000,"aten::add_",12672
20994,6029611139007.471680,37.463000,"autograd::engine::evaluate_function: GatherBackward0",12673
20995,6029611139008.398438,32.318000,"GatherBackward0",12674
20996,6029611139010.090820,30.314000,"aten::gather_backward",12675
20997,6029611139010.886719,12.407000,"aten::new_zeros",12676
20998,6029611139011.618164,3.214000,"aten::new_empty",12677
20999,6029611139012.001953,2.624000,"aten::empty",12678
21000,6029611139015.336914,7.734000,"aten::zero_",12679
21001,6029611139015.958008,6.532000,"aten::fill_",12680
21003,6029611139025.541016,14.505000,"aten::scatter_add_",12681
21004,6029611139030.347656,0.268000,"aten::as_strided",12682
21005,6029611139031.043945,0.149000,"aten::as_strided",12683
21007,6029611139048.519531,20.943000,"autograd::engine::evaluate_function: SigmoidBackward0",12684
21008,6029611139049.409180,17.449000,"SigmoidBackward0",12685
21009,6029611139053.048828,13.277000,"aten::sigmoid_backward",12686
21011,6029611139072.670898,4.460000,"autograd::engine::evaluate_function: ViewBackward0",12687
21012,6029611139073.417969,2.447000,"ViewBackward0",12688
21013,6029611139074.013672,1.692000,"aten::reshape",12689
21014,6029611139074.429688,1.046000,"aten::view",12690
21015,6029611139080.883789,270.105000,"autograd::engine::evaluate_function: RouterGatingLinearFunctionBackward",12691
21016,6029611139082.182617,247.782000,"RouterGatingLinearFunctionBackward",12692
21017,6029611139095.132812,1.354000,"aten::view",12693
21018,6029611139098.294922,0.520000,"aten::view",12694
21019,6029611139107.862305,18.931000,"aten::to",12695
21020,6029611139108.876953,17.667000,"aten::_to_copy",12696
21021,6029611139111.652344,4.146000,"aten::empty_strided",12697
21022,6029611139116.561523,9.449000,"aten::copy_",12698
21025,6029611139162.784180,2.583000,"aten::empty",12699
21029,6029611139228.039062,14.744000,"aten::to",12700
21030,6029611139228.576172,13.979000,"aten::_to_copy",12701
21031,6029611139230.424805,2.957000,"aten::empty_strided",12702
21032,6029611139234.243164,7.985000,"aten::copy_",12703
21034,6029611139258.209961,2.518000,"aten::empty",12704
21037,6029611139295.730469,13.317000,"aten::to",12705
21038,6029611139296.139648,12.745000,"aten::_to_copy",12706
21039,6029611139297.123047,2.527000,"aten::empty_strided",12707
21040,6029611139300.116211,8.512000,"aten::copy_",12708
21042,6029611139311.813477,10.317000,"aten::to",12709
21043,6029611139312.146484,9.846000,"aten::_to_copy",12710
21044,6029611139312.791992,2.808000,"aten::empty_strided",12711
21045,6029611139316.115234,5.615000,"aten::copy_",12712
21047,6029611139325.754883,1.628000,"aten::view",12713
21048,6029611139335.428711,11.277000,"aten::add",12714
21050,6029611139356.766602,4.781000,"autograd::engine::evaluate_function: AddBackward0",12715
21051,6029611139357.958984,1.029000,"AddBackward0",12716
21052,6029611139364.846680,4.435000,"autograd::engine::evaluate_function: ViewBackward0",12717
21053,6029611139365.648438,2.332000,"ViewBackward0",12718
21054,6029611139366.336914,1.441000,"aten::reshape",12719
21055,6029611139366.760742,0.797000,"aten::view",12720
21056,6029611139372.292969,15.835000,"autograd::engine::evaluate_function: MulBackward0",12721
21057,6029611139373.069336,12.912000,"MulBackward0",12722
21058,6029611139374.138672,11.445000,"aten::mul",12723
21060,6029611139391.976562,12.367000,"autograd::engine::evaluate_function: _GatherFromModelParallelRegionBackward",12724
21061,6029611139393.205078,9.358000,"_GatherFromModelParallelRegionBackward",12725
21062,6029611139407.874023,152.237000,"autograd::engine::evaluate_function: LinearWithGradAccumulationAndAsyncCommunicationBackward",12726
21063,6029611139409.004883,138.895000,"LinearWithGradAccumulationAndAsyncCommunicationBackward",12727
21064,6029611139432.461914,0.108000,"aten::to",12728
21065,6029611139436.067383,59.156000,"aten::matmul",12729
21066,6029611139437.666992,1.483000,"aten::reshape",12730
21067,6029611139438.144531,0.784000,"aten::view",12731
21068,6029611139440.236328,51.142000,"aten::mm",12732
21070,6029611139492.641602,1.866000,"aten::_unsafe_view",12733
21071,6029611139500.463867,0.620000,"aten::view",12734
21072,6029611139503.269531,0.998000,"aten::view",12735
21073,6029611139507.164062,5.486000,"aten::t",12736
21074,6029611139509.612305,2.457000,"aten::transpose",12737
21075,6029611139510.803711,0.917000,"aten::as_strided",12738
21076,6029611139513.848633,27.092000,"aten::matmul",12739
21077,6029611139514.407227,26.124000,"aten::mm",12740
21083,6029611139568.033203,44.204000,"autograd::engine::evaluate_function: torch::autograd::AccumulateGrad",12741
21085,6029611139573.491211,6.218000,"torch::autograd::AccumulateGrad",12742
21086,6029611139576.152344,2.969000,"aten::detach",12743
21087,6029611139576.878906,2.040000,"detach",12744
21088,6029611139591.199219,13.619000,"aten::add_",12745
21091,6029611139618.313477,8.841000,"autograd::engine::evaluate_function: _CopyToModelParallelRegionBackward",12746
21092,6029611139619.431641,5.823000,"_CopyToModelParallelRegionBackward",12747
21093,6029611139630.754883,5.385000,"autograd::engine::evaluate_function: _ReduceFromModelParallelRegionBackward",12748
21094,6029611139631.923828,2.516000,"_ReduceFromModelParallelRegionBackward",12749
21095,6029611139639.654297,97.875000,"autograd::engine::evaluate_function: LinearWithGradAccumulationAndAsyncCommunicationBackward",12750
21096,6029611139640.819336,87.624000,"LinearWithGradAccumulationAndAsyncCommunicationBackward",12751
21097,6029611139652.640625,0.141000,"aten::to",12752
21098,6029611139654.559570,32.015000,"aten::matmul",12753
21099,6029611139655.405273,1.419000,"aten::reshape",12754
21100,6029611139655.830078,0.825000,"aten::view",12755
21101,6029611139657.302734,26.786000,"aten::mm",12756
21104,6029611139685.156250,0.832000,"aten::_unsafe_view",12757
21105,6029611139690.053711,0.638000,"aten::view",12758
21106,6029611139692.465820,0.822000,"aten::view",12759
21107,6029611139694.658203,2.970000,"aten::t",12760
21108,6029611139695.755859,1.356000,"aten::transpose",12761
21109,6029611139696.415039,0.432000,"aten::as_strided",12762
21110,6029611139698.612305,25.171000,"aten::matmul",12763
21111,6029611139698.986328,24.401000,"aten::mm",12764
21116,6029611139742.533203,25.750000,"autograd::engine::evaluate_function: torch::autograd::AccumulateGrad",12765
21118,6029611139745.723633,3.029000,"torch::autograd::AccumulateGrad",12766
21119,6029611139746.856445,1.537000,"aten::detach",12767
21120,6029611139747.602539,0.586000,"detach",12768
21121,6029611139754.109375,9.245000,"aten::add_",12769
21124,6029611139773.755859,112.304000,"autograd::engine::evaluate_function: _LinearBackward",12770
21125,6029611139775.026367,96.094000,"_LinearBackward",12771
21126,6029611139798.968750,1.824000,"aten::reshape",12772
21127,6029611139799.607422,0.949000,"aten::view",12773
21128,6029611139824.754883,4.501000,"aten::empty",12774
21131,6029611139865.977539,1.239000,"aten::view",12775
21132,6029611139874.504883,8.429000,"aten::add_",12776
21134,6029611139890.789062,5.490000,"autograd::engine::evaluate_function: ViewBackward0",12777
21135,6029611139892.055664,2.609000,"ViewBackward0",12778
21136,6029611139893.088867,1.247000,"aten::reshape",12779
21137,6029611139893.481445,0.654000,"aten::view",12780
21138,6029611139899.972656,184.084000,"autograd::engine::evaluate_function: SwiGLUFunctionBackward",12781
21139,6029611139901.082031,177.614000,"SwiGLUFunctionBackward",12782
21140,6029611139925.951172,28.027000,"TorchDynamo Cache Lookup",12783
21141,6029611139955.222656,119.108000,"Torch-Compiled Region: 11/2",12784
21142,6029611139965.361328,7.930000,"Pregraph bytecode",12785
21143,6029611139987.998047,5.990000,"AOTDispatcher Runtime Wrapper Prologue",12786
21144,6029611140001.489258,61.060000,"## Call CompiledFxGraph fmhgvddrgwpainfpeazrujdsvu2mdchho7hzv2vrec33wwafabpf ##",12787
21146,6029611140036.474609,22.821000,"triton_poi_fused_add_cat_mul_rsub_sigmoid_silu_split_0",12788
21148,6029611140089.181641,5.113000,"autograd::engine::evaluate_function: ViewBackward0",12789
21149,6029611140090.251953,2.593000,"ViewBackward0",12790
21150,6029611140091.096680,1.530000,"aten::reshape",12791
21151,6029611140091.547852,0.891000,"aten::view",12792
21152,6029611140097.650391,4.220000,"autograd::engine::evaluate_function: AddBackward0",12793
21153,6029611140098.483398,1.125000,"AddBackward0",12794
21154,6029611140104.986328,3.995000,"autograd::engine::evaluate_function: ViewBackward0",12795
21155,6029611140105.799805,1.850000,"ViewBackward0",12796
21156,6029611140106.217773,1.258000,"aten::reshape",12797
21157,6029611140106.527344,0.791000,"aten::view",12798
21158,6029611140112.132812,39.169000,"autograd::engine::evaluate_function: MulBackward0",12799
21159,6029611140112.900391,35.472000,"MulBackward0",12800
21160,6029611140129.943359,17.987000,"aten::mul",12801
21163,6029611140154.964844,118.362000,"autograd::engine::evaluate_function: LinearWithGradAccumulationAndAsyncCommunicationBackward",12802
21164,6029611140156.139648,106.609000,"LinearWithGradAccumulationAndAsyncCommunicationBackward",12803
21165,6029611140173.174805,0.234000,"aten::to",12804
21166,6029611140175.386719,39.088000,"aten::matmul",12805
21167,6029611140176.380859,1.240000,"aten::reshape",12806
21168,6029611140176.715820,0.691000,"aten::view",12807
21169,6029611140178.196289,32.771000,"aten::mm",12808
21172,6029611140212.212891,1.469000,"aten::_unsafe_view",12809
21173,6029611140219.177734,0.570000,"aten::view",12810
21174,6029611140221.587891,0.894000,"aten::view",12811
21175,6029611140224.266602,4.994000,"aten::t",12812
21176,6029611140226.102539,2.468000,"aten::transpose",12813
21177,6029611140227.370117,0.938000,"aten::as_strided",12814
21178,6029611140230.386719,26.822000,"aten::matmul",12815
21179,6029611140230.892578,25.935000,"aten::mm",12816
21184,6029611140279.873047,34.968000,"autograd::engine::evaluate_function: torch::autograd::AccumulateGrad",12817
21186,6029611140283.962891,4.548000,"torch::autograd::AccumulateGrad",12818
21187,6029611140285.804688,2.252000,"aten::detach",12819
21188,6029611140286.278320,1.572000,"detach",12820
21189,6029611140296.281250,12.490000,"aten::add_",12821
21192,6029611140320.858398,13.100000,"autograd::engine::evaluate_function: _CopyToModelParallelRegionBackward",12822
21193,6029611140321.997070,10.310000,"_CopyToModelParallelRegionBackward",12823
21194,6029611140337.483398,4.423000,"autograd::engine::evaluate_function: _GatherFromModelParallelRegionBackward",12824
21195,6029611140338.305664,2.236000,"_GatherFromModelParallelRegionBackward",12825
21196,6029611140345.129883,87.126000,"autograd::engine::evaluate_function: LinearWithGradAccumulationAndAsyncCommunicationBackward",12826
21197,6029611140346.486328,77.623000,"LinearWithGradAccumulationAndAsyncCommunicationBackward",12827
21198,6029611140356.288086,0.164000,"aten::to",12828
21199,6029611140357.786133,27.205000,"aten::matmul",12829
21200,6029611140358.514648,1.339000,"aten::reshape",12830
21201,6029611140358.873047,0.770000,"aten::view",12831
21202,6029611140360.380859,22.360000,"aten::mm",12832
21205,6029611140383.554688,0.930000,"aten::_unsafe_view",12833
21206,6029611140388.259766,0.551000,"aten::view",12834
21207,6029611140390.664062,0.625000,"aten::view",12835
21208,6029611140392.674805,2.879000,"aten::t",12836
21209,6029611140393.790039,1.273000,"aten::transpose",12837
21210,6029611140394.440430,0.418000,"aten::as_strided",12838
21211,6029611140396.541992,23.662000,"aten::matmul",12839
21212,6029611140396.954102,22.894000,"aten::mm",12840
21217,6029611140437.616211,23.325000,"autograd::engine::evaluate_function: torch::autograd::AccumulateGrad",12841
21219,6029611140440.755859,2.621000,"torch::autograd::AccumulateGrad",12842
21220,6029611140441.893555,1.195000,"aten::detach",12843
21221,6029611140442.347656,0.567000,"detach",12844
21222,6029611140448.051758,8.237000,"aten::add_",12845
21225,6029611140476.862305,15.614000,"autograd::engine::evaluate_function: _CopyToModelParallelRegionBackward",12846
21226,6029611140477.982422,2.935000,"_CopyToModelParallelRegionBackward",12847
21227,6029611140483.522461,6.717000,"aten::add_",12848
21229,6029611140496.337891,111.254000,"autograd::engine::evaluate_function: _LinearBackward",12849
21230,6029611140497.364258,94.487000,"_LinearBackward",12850
21231,6029611140515.523438,1.898000,"aten::reshape",12851
21232,6029611140515.997070,1.168000,"aten::view",12852
21233,6029611140543.550781,4.799000,"aten::empty",12853
21236,6029611140587.046875,1.285000,"aten::view",12854
21237,6029611140596.868164,7.674000,"aten::add_",12855
21239,6029611140612.467773,144.190000,"autograd::engine::evaluate_function: _OperationFuserAutogradFunctionBackward",12856
21240,6029611140613.482422,121.536000,"_OperationFuserAutogradFunctionBackward",12857
21241,6029611140648.245117,0.790000,"aten::view",12858
21242,6029611140652.743164,1.124000,"aten::view",12859
21243,6029611140657.663086,8.097000,"aten::empty_like",12860
21244,6029611140659.665039,5.558000,"aten::empty_strided",12861
21246,6029611140666.433594,3.967000,"aten::empty_like",12862
21247,6029611140666.794922,3.391000,"aten::empty_strided",12863
21249,6029611140677.072266,3.654000,"aten::empty",12864
21254,6029611140713.414062,0.370000,"aten::_has_compatible_shallow_copy_type",12865
21255,6029611140715.752930,0.056000,"aten::_has_compatible_shallow_copy_type",12866
21256,6029611140720.519531,0.963000,"aten::view",12867
21257,6029611140724.095703,0.777000,"aten::view",12868
21258,6029611140740.833984,11.807000,"aten::add",12869
21261,6029611140761.941406,5.224000,"autograd::engine::evaluate_function: AddBackward0",12870
21262,6029611140762.974609,1.880000,"AddBackward0",12871
21263,6029611140770.246094,2.743000,"autograd::engine::evaluate_function: AddBackward0",12872
21264,6029611140770.960938,0.225000,"AddBackward0",12873
21265,6029611140776.066406,4.569000,"autograd::engine::evaluate_function: ViewBackward0",12874
21266,6029611140776.837891,2.464000,"ViewBackward0",12875
21267,6029611140777.620117,1.444000,"aten::reshape",12876
21268,6029611140777.980469,0.873000,"aten::view",12877
21269,6029611140783.791992,19.638000,"autograd::engine::evaluate_function: MulBackward0",12878
21270,6029611140784.594727,16.205000,"MulBackward0",12879
21271,6029611140786.031250,14.270000,"aten::mul",12880
21274,6029611140806.974609,7.873000,"autograd::engine::evaluate_function: _GatherFromModelParallelRegionBackward",12881
21275,6029611140808.184570,4.857000,"_GatherFromModelParallelRegionBackward",12882
21276,6029611140818.397461,115.015000,"autograd::engine::evaluate_function: LinearWithGradAccumulationAndAsyncCommunicationBackward",12883
21277,6029611140819.392578,103.853000,"LinearWithGradAccumulationAndAsyncCommunicationBackward",12884
21278,6029611140833.807617,0.250000,"aten::to",12885
21279,6029611140836.266602,38.730000,"aten::matmul",12886
21280,6029611140837.373047,1.294000,"aten::reshape",12887
21281,6029611140837.809570,0.683000,"aten::view",12888
21282,6029611140839.399414,32.649000,"aten::mm",12889
21285,6029611140873.079102,1.226000,"aten::_unsafe_view",12890
21286,6029611140879.183594,0.565000,"aten::view",12891
21287,6029611140881.730469,0.761000,"aten::view",12892
21288,6029611140884.348633,5.580000,"aten::t",12893
21289,6029611140885.976562,3.355000,"aten::transpose",12894
21290,6029611140887.547852,1.551000,"aten::as_strided",12895
21291,6029611140891.148438,26.462000,"aten::matmul",12896
21292,6029611140891.612305,25.594000,"aten::mm",12897
21297,6029611140939.972656,31.909000,"autograd::engine::evaluate_function: torch::autograd::AccumulateGrad",12898
21299,6029611140943.806641,4.394000,"torch::autograd::AccumulateGrad",12899
21300,6029611140945.746094,2.036000,"aten::detach",12900
21301,6029611140946.376953,1.204000,"detach",12901
21302,6029611140955.889648,10.266000,"aten::add_",12902
21305,6029611140977.665039,6.593000,"autograd::engine::evaluate_function: _CopyToModelParallelRegionBackward",12903
21306,6029611140978.783203,3.678000,"_CopyToModelParallelRegionBackward",12904
21307,6029611140987.791016,4.272000,"autograd::engine::evaluate_function: _ReduceFromModelParallelRegionBackward",12905
21308,6029611140988.938477,1.686000,"_ReduceFromModelParallelRegionBackward",12906
21309,6029611140995.195312,83.312000,"autograd::engine::evaluate_function: LinearWithGradAccumulationAndAsyncCommunicationBackward",12907
21310,6029611140996.214844,74.828000,"LinearWithGradAccumulationAndAsyncCommunicationBackward",12908
21311,6029611141006.198242,0.198000,"aten::to",12909
21312,6029611141007.801758,26.789000,"aten::matmul",12910
21313,6029611141008.570312,1.448000,"aten::reshape",12911
21314,6029611141009.000977,0.835000,"aten::view",12912
21315,6029611141010.430664,21.969000,"aten::mm",12913
21318,6029611141033.322266,0.818000,"aten::_unsafe_view",12914
21319,6029611141037.750000,0.558000,"aten::view",12915
21320,6029611141040.125977,0.686000,"aten::view",12916
21321,6029611141042.205078,2.986000,"aten::t",12917
21322,6029611141043.375977,1.350000,"aten::transpose",12918
21323,6029611141043.969727,0.550000,"aten::as_strided",12919
21324,6029611141046.142578,21.186000,"aten::matmul",12920
21325,6029611141046.555664,20.430000,"aten::mm",12921
21329,6029611141083.150391,21.704000,"autograd::engine::evaluate_function: torch::autograd::AccumulateGrad",12922
21331,6029611141085.867188,2.645000,"torch::autograd::AccumulateGrad",12923
21332,6029611141086.847656,1.406000,"aten::detach",12924
21333,6029611141087.208008,0.860000,"detach",12925
21334,6029611141092.664062,7.691000,"aten::add_",12926
21337,6029611141110.194336,101.563000,"autograd::engine::evaluate_function: _LinearBackward",12927
21338,6029611141111.462891,86.640000,"_LinearBackward",12928
21339,6029611141127.839844,1.522000,"aten::reshape",12929
21340,6029611141128.325195,0.812000,"aten::view",12930
21341,6029611141153.122070,4.267000,"aten::empty",12931
21344,6029611141193.656250,1.188000,"aten::view",12932
21345,6029611141201.166992,7.829000,"aten::add_",12933
21347,6029611141216.222656,5.300000,"autograd::engine::evaluate_function: ViewBackward0",12934
21348,6029611141217.203125,2.810000,"ViewBackward0",12935
21349,6029611141218.100586,1.590000,"aten::reshape",12936
21350,6029611141218.390625,1.083000,"aten::view",12937
21351,6029611141224.697266,2.426000,"autograd::engine::evaluate_function: CloneBackward0",12938
21352,6029611141225.517578,0.320000,"CloneBackward0",12939
21353,6029611141229.942383,4.418000,"autograd::engine::evaluate_function: ViewBackward0",12940
21354,6029611141230.694336,2.340000,"ViewBackward0",12941
21355,6029611141231.090820,1.770000,"aten::reshape",12942
21356,6029611141231.390625,1.291000,"aten::view",12943
21357,6029611141237.618164,7.395000,"autograd::engine::evaluate_function: PermuteBackward0",12944
21358,6029611141238.505859,4.998000,"PermuteBackward0",12945
21359,6029611141239.758789,3.467000,"aten::permute",12946
21360,6029611141241.732422,0.878000,"aten::as_strided",12947
21361,6029611141248.127930,8.735000,"autograd::engine::evaluate_function: ViewBackward0",12948
21362,6029611141248.886719,6.618000,"ViewBackward0",12949
21363,6029611141249.325195,6.030000,"aten::reshape",12950
21364,6029611141252.982422,2.113000,"aten::_reshape_alias",12951
21365,6029611141259.965820,34.372000,"autograd::engine::evaluate_function: BmmBackward0",12952
21366,6029611141260.776367,29.322000,"BmmBackward0",12953
21367,6029611141262.278320,2.163000,"aten::transpose",12954
21368,6029611141263.447266,0.385000,"aten::as_strided",12955
21369,6029611141265.488281,24.045000,"aten::bmm",12956
21372,6029611141298.111328,4.646000,"autograd::engine::evaluate_function: ReshapeAliasBackward0",12957
21373,6029611141299.046875,2.339000,"ReshapeAliasBackward0",12958
21374,6029611141299.745117,1.482000,"aten::reshape",12959
21375,6029611141300.191406,0.809000,"aten::view",12960
21376,6029611141305.931641,4.386000,"autograd::engine::evaluate_function: PermuteBackward0",12961
21377,6029611141306.683594,2.328000,"PermuteBackward0",12962
21378,6029611141307.162109,1.665000,"aten::permute",12963
21379,6029611141307.948242,0.498000,"aten::as_strided",12964
21380,6029611141313.394531,4.250000,"autograd::engine::evaluate_function: PermuteBackward0",12965
21381,6029611141314.190430,1.878000,"PermuteBackward0",12966
21382,6029611141314.600586,1.293000,"aten::permute",12967
21383,6029611141315.191406,0.377000,"aten::as_strided",12968
21384,6029611141320.743164,6.652000,"autograd::engine::evaluate_function: UnsqueezeBackward0",12969
21385,6029611141321.563477,4.433000,"UnsqueezeBackward0",12970
21386,6029611141322.546875,3.208000,"aten::squeeze",12971
21387,6029611141324.530273,0.449000,"aten::as_strided",12972
21388,6029611141331.037109,387.283000,"autograd::engine::evaluate_function: FusedSparseAttentionFuncBackward",12973
21389,6029611141331.997070,374.184000,"FusedSparseAttentionFuncBackward",12974
21390,6029611141341.480469,2.165000,"aten::reshape",12975
21391,6029611141342.597656,0.785000,"aten::_reshape_alias",12976
21392,6029611141492.078125,29.212000,"aten::contiguous",12977
21393,6029611141493.111328,27.947000,"aten::clone",12978
21394,6029611141495.635742,7.740000,"aten::empty_like",12979
21395,6029611141497.143555,5.694000,"aten::empty",12980
21397,6029611141504.483398,16.152000,"aten::copy_",12981
21399,6029611141526.585938,6.140000,"aten::empty_like",12982
21400,6029611141527.684570,4.719000,"aten::empty_strided",12983
21402,6029611141538.308594,18.296000,"aten::zeros",12984
21403,6029611141539.653320,3.418000,"aten::empty",12985
21405,6029611141544.216797,12.076000,"aten::zero_",12986
21406,6029611141545.696289,9.836000,"aten::fill_",12987
21408,6029611141559.780273,15.463000,"aten::zeros_like",12988
21409,6029611141560.401367,5.094000,"aten::empty_like",12989
21410,6029611141560.775391,4.427000,"aten::empty_strided",12990
21412,6029611141566.001953,9.020000,"aten::zero_",12991
21413,6029611141566.636719,7.821000,"aten::fill_",12992
21415,6029611141582.068359,14.911000,"aten::zeros",12993
21416,6029611141582.637695,3.988000,"aten::empty",12994
21418,6029611141587.351562,9.457000,"aten::zero_",12995
21419,6029611141587.954102,8.302000,"aten::fill_",12996
21421,6029611141599.987305,11.522000,"aten::zeros",12997
21422,6029611141600.383789,4.000000,"aten::empty",12998
21424,6029611141604.838867,6.508000,"aten::zero_",12999
21425,6029611141605.330078,5.499000,"aten::fill_",13000
21431,6029611141695.524414,2.677000,"aten::reshape",13001
21432,6029611141695.960938,2.020000,"aten::view",13002
21433,6029611141701.198242,1.456000,"aten::reshape",13003
21434,6029611141701.678711,0.794000,"aten::view",13004
21435,6029611141725.710938,9.386000,"autograd::engine::evaluate_function: SqueezeBackward1",13005
21436,6029611141726.965820,6.085000,"SqueezeBackward1",13006
21437,6029611141728.972656,3.666000,"aten::unsqueeze",13007
21438,6029611141731.041016,0.630000,"aten::as_strided",13008
21439,6029611141738.628906,43.346000,"autograd::engine::evaluate_function: IndexSelectBackward0",13009
21440,6029611141739.761719,38.936000,"IndexSelectBackward0",13010
21441,6029611141741.718750,36.672000,"aten::index_select_backward",13011
21442,6029611141743.004883,15.817000,"aten::new_zeros",13012
21443,6029611141744.396484,4.948000,"aten::new_empty",13013
21444,6029611141744.993164,4.092000,"aten::empty",13014
21446,6029611141749.931641,8.613000,"aten::zero_",13015
21447,6029611141750.448242,7.478000,"aten::fill_",13016
21449,6029611141760.309570,17.756000,"aten::index_add_",13017
21451,6029611141785.861328,224.646000,"autograd::engine::evaluate_function: _GatherFromSequenceParallelRegionBackward",13018
21452,6029611141787.142578,219.274000,"_GatherFromSequenceParallelRegionBackward",13019
21453,6029611141802.703125,3.930000,"aten::empty",13020
21455,6029611141842.154297,158.246000,"c10d::_reduce_scatter_base_",13021
21456,6029611141860.804688,135.769000,"record_param_comms",13022
21473,6029611142015.383789,9.486000,"autograd::engine::evaluate_function: UnsqueezeBackward0",13024
21474,6029611142016.627930,6.469000,"UnsqueezeBackward0",13025
21475,6029611142017.988281,4.848000,"aten::squeeze",13026
21476,6029611142020.928711,0.639000,"aten::as_strided",13027
21477,6029611142028.042969,4.858000,"autograd::engine::evaluate_function: UnsqueezeBackward0",13028
21478,6029611142028.911133,1.944000,"UnsqueezeBackward0",13029
21479,6029611142029.263672,1.445000,"aten::squeeze",13030
21480,6029611142029.992188,0.199000,"aten::as_strided",13031
21481,6029611142036.103516,15.711000,"autograd::engine::evaluate_function: CatBackward0",13032
21482,6029611142036.925781,12.701000,"CatBackward0",13033
21483,6029611142038.506836,7.953000,"aten::narrow",13034
21484,6029611142040.804688,5.030000,"aten::slice",13035
21485,6029611142043.136719,0.942000,"aten::as_strided",13036
21486,6029611142047.149414,1.839000,"aten::narrow",13037
21487,6029611142047.660156,1.144000,"aten::slice",13038
21488,6029611142048.202148,0.180000,"aten::as_strided",13039
21489,6029611142055.267578,7.406000,"autograd::engine::evaluate_function: CatBackward0",13040
21490,6029611142056.080078,4.510000,"CatBackward0",13041
21491,6029611142056.450195,1.893000,"aten::narrow",13042
21492,6029611142056.832031,1.321000,"aten::slice",13043
21493,6029611142057.457031,0.243000,"aten::as_strided",13044
21494,6029611142058.791992,1.584000,"aten::narrow",13045
21495,6029611142059.151367,1.056000,"aten::slice",13046
21496,6029611142059.644531,0.162000,"aten::as_strided",13047
21497,6029611142065.929688,6.888000,"autograd::engine::evaluate_function: SqueezeBackward1",13048
21498,6029611142066.908203,4.155000,"SqueezeBackward1",13049
21499,6029611142068.057617,2.756000,"aten::unsqueeze",13050
21500,6029611142069.570312,0.413000,"aten::as_strided",13051
21501,6029611142075.874023,7.696000,"autograd::engine::evaluate_function: CatBackward0",13052
21502,6029611142076.669922,4.793000,"CatBackward0",13053
21503,6029611142077.200195,1.859000,"aten::narrow",13054
21504,6029611142077.551758,1.320000,"aten::slice",13055
21505,6029611142078.153320,0.272000,"aten::as_strided",13056
21506,6029611142079.608398,1.660000,"aten::narrow",13057
21507,6029611142079.921875,1.178000,"aten::slice",13058
21508,6029611142080.384766,0.337000,"aten::as_strided",13059
21509,6029611142086.751953,4.004000,"autograd::engine::evaluate_function: AddBackward0",13060
21510,6029611142087.511719,1.078000,"AddBackward0",13061
21511,6029611142093.974609,26.743000,"autograd::engine::evaluate_function: MulBackward0",13062
21512,6029611142094.726562,22.788000,"MulBackward0",13063
21513,6029611142096.867188,20.224000,"aten::mul",13064
21516,6029611142124.195312,7.923000,"autograd::engine::evaluate_function: CatBackward0",13065
21517,6029611142125.048828,4.895000,"CatBackward0",13066
21518,6029611142125.504883,2.126000,"aten::narrow",13067
21519,6029611142125.959961,1.466000,"aten::slice",13068
21520,6029611142126.589844,0.288000,"aten::as_strided",13069
21521,6029611142128.105469,1.587000,"aten::narrow",13070
21522,6029611142128.426758,1.110000,"aten::slice",13071
21523,6029611142128.936523,0.237000,"aten::as_strided",13072
21524,6029611142135.461914,17.338000,"autograd::engine::evaluate_function: NegBackward0",13073
21525,6029611142136.304688,14.707000,"NegBackward0",13074
21526,6029611142137.493164,13.174000,"aten::neg",13075
21529,6029611142156.269531,23.600000,"autograd::engine::evaluate_function: SplitBackward0",13076
21530,6029611142157.279297,20.210000,"SplitBackward0",13077
21531,6029611142159.161133,17.816000,"aten::cat",13078
21534,6029611142183.272461,28.031000,"autograd::engine::evaluate_function: MulBackward0",13079
21535,6029611142184.027344,10.187000,"MulBackward0",13080
21536,6029611142184.659180,9.232000,"aten::mul",13081
21539,6029611142197.795898,11.091000,"aten::add_",13082
21541,6029611142214.837891,8.816000,"autograd::engine::evaluate_function: CatBackward0",13083
21542,6029611142215.607422,5.778000,"CatBackward0",13084
21543,6029611142216.146484,2.421000,"aten::narrow",13085
21544,6029611142216.750000,1.566000,"aten::slice",13086
21545,6029611142217.448242,0.307000,"aten::as_strided",13087
21546,6029611142219.234375,1.917000,"aten::narrow",13088
21547,6029611142219.680664,1.299000,"aten::slice",13089
21548,6029611142220.138672,0.485000,"aten::as_strided",13090
21549,6029611142226.880859,36.040000,"autograd::engine::evaluate_function: SliceBackward0",13091
21550,6029611142227.646484,33.929000,"SliceBackward0",13092
21551,6029611142229.217773,31.748000,"aten::slice_backward",13093
21552,6029611142230.866211,15.079000,"aten::zeros",13094
21553,6029611142232.356445,3.469000,"aten::empty",13095
21555,6029611142236.679688,8.936000,"aten::zero_",13096
21556,6029611142237.730469,7.254000,"aten::fill_",13097
21558,6029611142246.855469,0.885000,"aten::slice",13098
21559,6029611142247.264648,0.256000,"aten::as_strided",13099
21560,6029611142248.660156,11.587000,"aten::copy_",13100
21562,6029611142266.367188,31.829000,"autograd::engine::evaluate_function: SliceBackward0",13101
21563,6029611142267.358398,21.271000,"SliceBackward0",13102
21564,6029611142267.864258,20.568000,"aten::slice_backward",13103
21565,6029611142268.459961,11.651000,"aten::zeros",13104
21566,6029611142269.130859,3.664000,"aten::empty",13105
21568,6029611142273.280273,6.635000,"aten::zero_",13106
21569,6029611142273.765625,5.550000,"aten::fill_",13107
21571,6029611142280.616211,1.010000,"aten::slice",13108
21572,6029611142281.088867,0.317000,"aten::as_strided",13109
21573,6029611142282.060547,6.027000,"aten::copy_",13110
21575,6029611142290.447266,5.936000,"aten::add_",13111
21577,6029611142301.640625,15.796000,"autograd::engine::evaluate_function: SliceBackward0",13112
21578,6029611142302.499023,13.749000,"SliceBackward0",13113
21579,6029611142302.942383,13.129000,"aten::slice_backward",13114
21580,6029611142303.402344,10.053000,"aten::zeros",13115
21581,6029611142303.884766,3.016000,"aten::empty",13116
21583,6029611142307.385742,5.876000,"aten::zero_",13117
21584,6029611142307.867188,4.839000,"aten::fill_",13118
21586,6029611142313.903320,0.865000,"aten::slice",13119
21587,6029611142314.310547,0.253000,"aten::as_strided",13120
21588,6029611142315.142578,0.704000,"aten::copy_",13121
21589,6029611142320.804688,9.315000,"autograd::engine::evaluate_function: AliasBackward0",13122
21590,6029611142321.710938,0.252000,"AliasBackward0",13123
21591,6029611142323.156250,5.290000,"aten::add_",13124
21593,6029611142333.358398,4.384000,"autograd::engine::evaluate_function: UnsqueezeBackward0",13125
21594,6029611142334.201172,2.119000,"UnsqueezeBackward0",13126
21595,6029611142334.628906,1.518000,"aten::squeeze",13127
21596,6029611142335.362305,0.253000,"aten::as_strided",13128
21597,6029611142340.915039,4.969000,"autograd::engine::evaluate_function: SqueezeBackward1",13129
21598,6029611142341.876953,2.513000,"SqueezeBackward1",13130
21599,6029611142342.583984,1.599000,"aten::unsqueeze",13131
21600,6029611142343.353516,0.317000,"aten::as_strided",13132
21601,6029611142348.984375,7.944000,"autograd::engine::evaluate_function: CatBackward0",13133
21602,6029611142349.797852,4.899000,"CatBackward0",13134
21603,6029611142350.383789,2.087000,"aten::narrow",13135
21604,6029611142350.809570,1.427000,"aten::slice",13136
21605,6029611142351.477539,0.231000,"aten::as_strided",13137
21606,6029611142352.987305,1.456000,"aten::narrow",13138
21607,6029611142353.308594,0.960000,"aten::slice",13139
21608,6029611142353.750977,0.149000,"aten::as_strided",13140
21609,6029611142360.058594,3.101000,"autograd::engine::evaluate_function: AddBackward0",13141
21610,6029611142360.778320,0.357000,"AddBackward0",13142
21611,6029611142366.302734,22.514000,"autograd::engine::evaluate_function: MulBackward0",13143
21612,6029611142367.001953,18.690000,"MulBackward0",13144
21613,6029611142367.603516,17.768000,"aten::mul",13145
21617,6029611142392.218750,7.708000,"autograd::engine::evaluate_function: CatBackward0",13146
21618,6029611142393.015625,5.180000,"CatBackward0",13147
21619,6029611142393.514648,2.129000,"aten::narrow",13148
21620,6029611142393.953125,1.481000,"aten::slice",13149
21621,6029611142394.605469,0.303000,"aten::as_strided",13150
21622,6029611142396.122070,1.827000,"aten::narrow",13151
21623,6029611142396.494141,1.296000,"aten::slice",13152
21624,6029611142397.091797,0.334000,"aten::as_strided",13153
21625,6029611142403.166016,11.718000,"autograd::engine::evaluate_function: NegBackward0",13154
21626,6029611142403.946289,9.555000,"NegBackward0",13155
21627,6029611142404.439453,8.838000,"aten::neg",13156
21630,6029611142418.166016,18.563000,"autograd::engine::evaluate_function: SplitBackward0",13157
21631,6029611142419.186523,15.567000,"SplitBackward0",13158
21632,6029611142419.873047,9.738000,"aten::cat",13159
21635,6029611142440.013672,36.740000,"autograd::engine::evaluate_function: MulBackward0",13160
21636,6029611142440.751953,14.170000,"MulBackward0",13161
21637,6029611142441.363281,13.277000,"aten::mul",13162
21641,6029611142457.463867,17.217000,"aten::add_",13163
21643,6029611142480.318359,7.652000,"autograd::engine::evaluate_function: CatBackward0",13164
21644,6029611142481.061523,5.004000,"CatBackward0",13165
21645,6029611142481.525391,2.310000,"aten::narrow",13166
21646,6029611142482.049805,1.538000,"aten::slice",13167
21647,6029611142482.714844,0.286000,"aten::as_strided",13168
21648,6029611142484.287109,1.556000,"aten::narrow",13169
21649,6029611142484.625977,1.055000,"aten::slice",13170
21650,6029611142485.105469,0.180000,"aten::as_strided",13171
21651,6029611142491.166016,23.294000,"autograd::engine::evaluate_function: SliceBackward0",13172
21652,6029611142491.903320,21.408000,"SliceBackward0",13173
21653,6029611142492.371094,20.717000,"aten::slice_backward",13174
21654,6029611142492.958008,11.337000,"aten::zeros",13175
21655,6029611142493.540039,3.365000,"aten::empty",13176
21657,6029611142497.394531,6.694000,"aten::zero_",13177
21658,6029611142498.022461,5.477000,"aten::fill_",13178
21660,6029611142504.781250,0.947000,"aten::slice",13179
21661,6029611142505.205078,0.319000,"aten::as_strided",13180
21662,6029611142506.153320,6.548000,"aten::copy_",13181
21664,6029611142517.767578,29.484000,"autograd::engine::evaluate_function: SliceBackward0",13182
21665,6029611142518.621094,19.567000,"SliceBackward0",13183
21666,6029611142519.010742,18.999000,"aten::slice_backward",13184
21667,6029611142519.420898,10.697000,"aten::zeros",13185
21668,6029611142519.911133,3.289000,"aten::empty",13186
21670,6029611142523.640625,6.318000,"aten::zero_",13187
21671,6029611142524.195312,5.183000,"aten::fill_",13188
21673,6029611142530.589844,0.767000,"aten::slice",13189
21674,6029611142530.964844,0.204000,"aten::as_strided",13190
21675,6029611142531.757812,5.964000,"aten::copy_",13191
21677,6029611142539.922852,5.411000,"aten::add_",13192
21679,6029611142550.667969,15.839000,"autograd::engine::evaluate_function: SliceBackward0",13193
21680,6029611142551.489258,13.911000,"SliceBackward0",13194
21681,6029611142551.980469,13.247000,"aten::slice_backward",13195
21682,6029611142552.445312,10.262000,"aten::zeros",13196
21683,6029611142552.975586,3.090000,"aten::empty",13197
21685,6029611142556.583008,5.934000,"aten::zero_",13198
21686,6029611142557.063477,4.895000,"aten::fill_",13199
21688,6029611142563.210938,0.790000,"aten::slice",13200
21689,6029611142563.593750,0.198000,"aten::as_strided",13201
21690,6029611142564.387695,0.584000,"aten::copy_",13202
21691,6029611142569.824219,9.381000,"autograd::engine::evaluate_function: AliasBackward0",13203
21692,6029611142570.658203,0.145000,"AliasBackward0",13204
21693,6029611142572.005859,5.376000,"aten::add_",13205
21695,6029611142582.503906,4.100000,"autograd::engine::evaluate_function: UnsqueezeBackward0",13206
21696,6029611142583.405273,2.050000,"UnsqueezeBackward0",13207
21697,6029611142583.853516,1.451000,"aten::squeeze",13208
21698,6029611142584.553711,0.215000,"aten::as_strided",13209
21699,6029611142589.815430,2.237000,"autograd::engine::evaluate_function: CloneBackward0",13210
21700,6029611142590.525391,0.163000,"CloneBackward0",13211
21701,6029611142595.298828,9.226000,"autograd::engine::evaluate_function: ViewBackward0",13212
21702,6029611142596.022461,7.002000,"ViewBackward0",13213
21703,6029611142597.084961,5.681000,"aten::reshape",13214
21704,6029611142600.333008,1.946000,"aten::_reshape_alias",13215
21705,6029611142607.715820,6.374000,"autograd::engine::evaluate_function: PermuteBackward0",13216
21706,6029611142608.500000,4.248000,"PermuteBackward0",13217
21707,6029611142609.585938,2.858000,"aten::permute",13218
21708,6029611142611.460938,0.394000,"aten::as_strided",13219
21709,6029611142617.125000,4.189000,"autograd::engine::evaluate_function: ViewBackward0",13220
21710,6029611142617.875977,2.183000,"ViewBackward0",13221
21711,6029611142618.223633,1.670000,"aten::reshape",13222
21712,6029611142618.976562,0.702000,"aten::_reshape_alias",13223
21713,6029611142624.400391,61.398000,"autograd::engine::evaluate_function: BmmBackward0",13224
21714,6029611142625.155273,56.108000,"BmmBackward0",13225
21715,6029611142626.703125,2.403000,"aten::transpose",13226
21716,6029611142628.046875,0.457000,"aten::as_strided",13227
21717,6029611142630.053711,50.609000,"aten::bmm",13228
21720,6029611142689.407227,5.886000,"autograd::engine::evaluate_function: ReshapeAliasBackward0",13229
21721,6029611142690.300781,3.667000,"ReshapeAliasBackward0",13230
21722,6029611142690.842773,2.955000,"aten::reshape",13231
21723,6029611142691.513672,2.049000,"aten::view",13232
21724,6029611142698.628906,4.573000,"autograd::engine::evaluate_function: PermuteBackward0",13233
21725,6029611142699.422852,2.325000,"PermuteBackward0",13234
21726,6029611142699.955078,1.607000,"aten::permute",13235
21727,6029611142700.850586,0.323000,"aten::as_strided",13236
21728,6029611142706.321289,3.913000,"autograd::engine::evaluate_function: PermuteBackward0",13237
21729,6029611142707.088867,1.878000,"PermuteBackward0",13238
21730,6029611142707.512695,1.276000,"aten::permute",13239
21731,6029611142708.122070,0.307000,"aten::as_strided",13240
21732,6029611142713.314453,4.447000,"autograd::engine::evaluate_function: UnsqueezeBackward0",13241
21733,6029611142714.091797,2.415000,"UnsqueezeBackward0",13242
21734,6029611142714.533203,1.813000,"aten::squeeze",13243
21735,6029611142715.257812,0.621000,"aten::as_strided",13244
21736,6029611142721.039062,16.424000,"autograd::engine::evaluate_function: SplitWithSizesBackward0",13245
21737,6029611142721.878906,13.272000,"SplitWithSizesBackward0",13246
21738,6029611142722.602539,12.182000,"aten::cat",13247
21741,6029611142740.730469,3.970000,"autograd::engine::evaluate_function: UnsqueezeBackward0",13248
21742,6029611142741.534180,1.860000,"UnsqueezeBackward0",13249
21743,6029611142741.894531,1.355000,"aten::squeeze",13250
21744,6029611142742.582031,0.250000,"aten::as_strided",13251
21745,6029611142747.898438,3.927000,"autograd::engine::evaluate_function: UnsqueezeBackward0",13252
21746,6029611142748.685547,1.826000,"UnsqueezeBackward0",13253
21747,6029611142749.184570,1.183000,"aten::squeeze",13254
21748,6029611142749.759766,0.248000,"aten::as_strided",13255
21749,6029611142754.849609,3.675000,"autograd::engine::evaluate_function: ViewBackward0",13256
21750,6029611142755.625977,1.670000,"ViewBackward0",13257
21751,6029611142756.066406,1.069000,"aten::reshape",13258
21752,6029611142756.401367,0.568000,"aten::view",13259
21753,6029611142761.571289,2.914000,"autograd::engine::evaluate_function: AddBackward0",13260
21754,6029611142762.345703,0.392000,"AddBackward0",13261
21755,6029611142767.483398,3.473000,"autograd::engine::evaluate_function: ViewBackward0",13262
21756,6029611142768.209961,1.558000,"ViewBackward0",13263
21757,6029611142768.609375,1.016000,"aten::reshape",13264
21758,6029611142768.878906,0.559000,"aten::view",13265
21759,6029611142773.995117,15.843000,"autograd::engine::evaluate_function: MulBackward0",13266
21760,6029611142774.703125,12.865000,"MulBackward0",13267
21761,6029611142775.439453,11.777000,"aten::mul",13268
21764,6029611142793.714844,118.932000,"autograd::engine::evaluate_function: LinearWithGradAccumulationAndAsyncCommunicationBackward",13269
21765,6029611142794.889648,106.603000,"LinearWithGradAccumulationAndAsyncCommunicationBackward",13270
21766,6029611142828.511719,0.379000,"aten::to",13271
21767,6029611142831.838867,33.671000,"aten::matmul",13272
21768,6029611142833.165039,31.845000,"aten::mm",13273
21771,6029611142870.096680,4.023000,"aten::t",13274
21772,6029611142871.616211,1.815000,"aten::transpose",13275
21773,6029611142872.804688,0.418000,"aten::as_strided",13276
21774,6029611142875.275391,19.626000,"aten::matmul",13277
21775,6029611142875.731445,18.864000,"aten::mm",13278
21779,6029611142919.912109,37.733000,"autograd::engine::evaluate_function: torch::autograd::AccumulateGrad",13279
21781,6029611142924.295898,5.530000,"torch::autograd::AccumulateGrad",13280
21782,6029611142926.701172,2.571000,"aten::detach",13281
21783,6029611142927.308594,1.809000,"detach",13282
21784,6029611142940.232422,11.025000,"aten::add_",13283
21787,6029611142963.648438,9.728000,"autograd::engine::evaluate_function: _CopyToModelParallelRegionBackward",13284
21788,6029611142964.884766,6.569000,"_CopyToModelParallelRegionBackward",13285
21789,6029611142976.988281,4.886000,"autograd::engine::evaluate_function: _GatherFromModelParallelRegionBackward",13286
21790,6029611142978.392578,2.087000,"_GatherFromModelParallelRegionBackward",13287
21791,6029611142985.273438,83.216000,"autograd::engine::evaluate_function: LinearWithGradAccumulationAndAsyncCommunicationBackward",13288
21792,6029611142986.390625,74.547000,"LinearWithGradAccumulationAndAsyncCommunicationBackward",13289
21793,6029611142998.940430,0.259000,"aten::to",13290
21794,6029611143000.890625,23.000000,"aten::matmul",13291
21795,6029611143001.330078,22.156000,"aten::mm",13292
21798,6029611143026.224609,3.105000,"aten::t",13293
21799,6029611143026.952148,1.653000,"aten::transpose",13294
21800,6029611143027.962891,0.454000,"aten::as_strided",13295
21801,6029611143030.494141,26.587000,"aten::matmul",13296
21802,6029611143030.946289,25.759000,"aten::mm",13297
21807,6029611143073.506836,23.343000,"autograd::engine::evaluate_function: torch::autograd::AccumulateGrad",13298
21809,6029611143076.600586,2.656000,"torch::autograd::AccumulateGrad",13299
21810,6029611143077.709961,1.275000,"aten::detach",13300
21811,6029611143078.209961,0.618000,"detach",13301
21812,6029611143084.121094,8.051000,"aten::add_",13302
21815,6029611143101.942383,5.144000,"autograd::engine::evaluate_function: _CopyToModelParallelRegionBackward",13303
21816,6029611143103.012695,2.601000,"_CopyToModelParallelRegionBackward",13304
21817,6029611143110.839844,124.665000,"autograd::engine::evaluate_function: _LinearBackward",13305
21818,6029611143112.008789,107.261000,"_LinearBackward",13306
21819,6029611143134.453125,2.407000,"aten::reshape",13307
21820,6029611143135.034180,1.593000,"aten::view",13308
21821,6029611143167.984375,4.724000,"aten::empty",13309
21824,6029611143213.708984,1.349000,"aten::view",13310
21825,6029611143223.885742,8.507000,"aten::add_",13311
21827,6029611143240.771484,185.837000,"autograd::engine::evaluate_function: _OperationFuserAutogradFunctionBackward",13312
21828,6029611143284.791992,135.862000,"_OperationFuserAutogradFunctionBackward",13313
21829,6029611143315.582031,22.577000,"aten::contiguous",13314
21830,6029611143316.591797,21.321000,"aten::clone",13315
21831,6029611143318.995117,5.720000,"aten::empty_like",13316
21832,6029611143319.926758,4.275000,"aten::empty",13317
21834,6029611143325.630859,11.796000,"aten::copy_",13318
21836,6029611143345.737305,1.288000,"aten::view",13319
21837,6029611143350.706055,1.322000,"aten::view",13320
21838,6029611143356.170898,7.160000,"aten::empty_like",13321
21839,6029611143357.650391,5.305000,"aten::empty_strided",13322
21841,6029611143363.870117,4.054000,"aten::empty_like",13323
21842,6029611143364.280273,3.427000,"aten::empty_strided",13324
21844,6029611143375.313477,4.109000,"aten::empty",13325
21848,6029611143398.982422,0.369000,"aten::_has_compatible_shallow_copy_type",13326
21849,6029611143401.381836,0.045000,"aten::_has_compatible_shallow_copy_type",13327
21850,6029611143405.559570,0.969000,"aten::view",13328
21851,6029611143408.915039,0.691000,"aten::view",13329
21852,6029611143431.678711,92.666000,"autograd::engine::evaluate_function: _OperationFuserAutogradFunctionBackward",13330
21853,6029611143432.765625,86.678000,"_OperationFuserAutogradFunctionBackward",13331
21854,6029611143451.286133,0.817000,"aten::view",13332
21855,6029611143454.716797,1.084000,"aten::view",13333
21856,6029611143458.110352,4.899000,"aten::empty_like",13334
21857,6029611143458.744141,4.020000,"aten::empty_strided",13335
21859,6029611143477.299805,3.693000,"aten::empty_like",13336
21860,6029611143477.725586,3.015000,"aten::empty_strided",13337
21862,6029611143485.023438,3.177000,"aten::empty",13338
21866,6029611143504.500000,0.093000,"aten::_has_compatible_shallow_copy_type",13339
21867,6029611143505.917969,0.038000,"aten::_has_compatible_shallow_copy_type",13340
21868,6029611143509.352539,0.845000,"aten::view",13341
21869,6029611143512.398438,0.690000,"aten::view",13342
21870,6029611143528.932617,10.133000,"autograd::engine::evaluate_function: SqueezeBackward1",13343
21871,6029611143530.278320,7.156000,"SqueezeBackward1",13344
21872,6029611143532.714844,4.267000,"aten::unsqueeze",13345
21873,6029611143535.169922,0.867000,"aten::as_strided",13346
21874,6029611143542.471680,4.475000,"autograd::engine::evaluate_function: SqueezeBackward1",13347
21875,6029611143543.279297,1.824000,"SqueezeBackward1",13348
21876,6029611143543.773438,1.138000,"aten::unsqueeze",13349
21877,6029611143544.369141,0.148000,"aten::as_strided",13350
21878,6029611143550.232422,4.108000,"autograd::engine::evaluate_function: SqueezeBackward1",13351
21879,6029611143551.007812,1.701000,"SqueezeBackward1",13352
21880,6029611143551.438477,1.071000,"aten::unsqueeze",13353
21881,6029611143552.023438,0.129000,"aten::as_strided",13354
21882,6029611143557.550781,23.150000,"autograd::engine::evaluate_function: SplitWithSizesBackward0",13355
21883,6029611143558.432617,18.872000,"SplitWithSizesBackward0",13356
21884,6029611143559.761719,17.227000,"aten::cat",13357
21887,6029611143584.435547,3.954000,"autograd::engine::evaluate_function: AddBackward0",13358
21888,6029611143585.369141,1.021000,"AddBackward0",13359
21889,6029611143591.730469,4.856000,"autograd::engine::evaluate_function: ViewBackward0",13360
21890,6029611143592.807617,2.487000,"ViewBackward0",13361
21891,6029611143593.634766,1.485000,"aten::reshape",13362
21892,6029611143594.120117,0.801000,"aten::view",13363
21893,6029611143599.843750,20.250000,"autograd::engine::evaluate_function: MulBackward0",13364
21894,6029611143600.599609,16.962000,"MulBackward0",13365
21895,6029611143602.072266,15.033000,"aten::mul",13366
21898,6029611143623.682617,154.789000,"autograd::engine::evaluate_function: _LinearBackward",13367
21899,6029611143624.714844,143.417000,"_LinearBackward",13368
21900,6029611143640.041992,1.305000,"aten::reshape",13369
21901,6029611143640.435547,0.711000,"aten::view",13370
21902,6029611143664.965820,3.824000,"aten::empty",13371
21906,6029611143724.541992,4.074000,"aten::empty",13372
21910,6029611143763.054688,1.427000,"aten::view",13373
21912,6029611143786.033203,37.682000,"autograd::engine::evaluate_function: torch::autograd::AccumulateGrad",13374
21914,6029611143790.788086,4.803000,"torch::autograd::AccumulateGrad",13375
21915,6029611143792.900391,2.213000,"aten::detach",13376
21916,6029611143793.680664,1.242000,"detach",13377
21917,6029611143805.316406,12.401000,"aten::add_",13378
21920,6029611143829.601562,113.611000,"autograd::engine::evaluate_function: _LinearBackward",13379
21921,6029611143830.824219,105.385000,"_LinearBackward",13380
21922,6029611143843.296875,1.876000,"aten::reshape",13381
21923,6029611143844.059570,0.897000,"aten::view",13382
21924,6029611143858.896484,4.166000,"aten::empty",13383
21927,6029611143898.522461,4.157000,"aten::empty",13384
21931,6029611143931.779297,1.238000,"aten::view",13385
21933,6029611143948.699219,24.661000,"autograd::engine::evaluate_function: torch::autograd::AccumulateGrad",13386
21935,6029611143951.753906,2.650000,"torch::autograd::AccumulateGrad",13387
21936,6029611143952.858398,1.280000,"aten::detach",13388
21937,6029611143953.257812,0.712000,"detach",13389
21938,6029611143959.051758,8.869000,"aten::add_",13390
21941,6029611143978.686523,77.699000,"autograd::engine::evaluate_function: _LinearBackward",13391
21942,6029611143979.723633,56.901000,"_LinearBackward",13392
21943,6029611143990.505859,1.294000,"aten::reshape",13393
21944,6029611143990.840820,0.772000,"aten::view",13394
21945,6029611144003.210938,4.026000,"aten::empty",13395
21948,6029611144033.037109,1.006000,"aten::view",13396
21949,6029611144040.879883,12.115000,"aten::add",13397
21952,6029611144060.817383,4.104000,"autograd::engine::evaluate_function: AddBackward0",13398
21953,6029611144061.756836,0.927000,"AddBackward0",13399
21954,6029611144068.251953,4.208000,"autograd::engine::evaluate_function: ViewBackward0",13400
21955,6029611144068.998047,2.338000,"ViewBackward0",13401
21956,6029611144069.708984,1.448000,"aten::reshape",13402
21957,6029611144070.077148,0.868000,"aten::view",13403
21958,6029611144075.551758,16.658000,"autograd::engine::evaluate_function: MulBackward0",13404
21959,6029611144076.341797,13.690000,"MulBackward0",13405
21960,6029611144077.279297,12.350000,"aten::mul",13406
21963,6029611144095.848633,103.747000,"autograd::engine::evaluate_function: _LinearBackward",13407
21964,6029611144096.820312,95.019000,"_LinearBackward",13408
21965,6029611144106.404297,1.239000,"aten::reshape",13409
21966,6029611144106.771484,0.676000,"aten::view",13410
21967,6029611144119.314453,4.088000,"aten::empty",13411
21970,6029611144155.361328,3.464000,"aten::empty",13412
21974,6029611144187.430664,1.225000,"aten::view",13413
21976,6029611144205.206055,27.884000,"autograd::engine::evaluate_function: torch::autograd::AccumulateGrad",13414
21978,6029611144208.297852,2.852000,"torch::autograd::AccumulateGrad",13415
21979,6029611144209.376953,1.488000,"aten::detach",13416
21980,6029611144209.913086,0.772000,"detach",13417
21981,6029611144217.756836,10.293000,"aten::add_",13418
21984,6029611144238.958984,122.538000,"autograd::engine::evaluate_function: _LinearBackward",13419
21985,6029611144240.002930,100.642000,"_LinearBackward",13420
21986,6029611144249.568359,1.347000,"aten::reshape",13421
21987,6029611144249.930664,0.773000,"aten::view",13422
21988,6029611144262.002930,3.954000,"aten::empty",13423
21992,6029611144301.931641,5.745000,"aten::empty",13424
21997,6029611144335.997070,1.541000,"aten::view",13425
22001,6029611144350.281250,8.780000,"aten::add_",13426
22004,6029611144368.137695,23.964000,"autograd::engine::evaluate_function: torch::autograd::AccumulateGrad",13427
22006,6029611144371.511719,2.837000,"torch::autograd::AccumulateGrad",13428
22007,6029611144372.730469,1.281000,"aten::detach",13429
22008,6029611144373.029297,0.798000,"detach",13430
22009,6029611144379.494141,7.765000,"aten::add_",13431
22012,6029611144397.278320,82.947000,"autograd::engine::evaluate_function: _LinearBackward",13432
22013,6029611144398.295898,56.746000,"_LinearBackward",13433
22014,6029611144408.663086,1.550000,"aten::reshape",13434
22015,6029611144409.142578,0.848000,"aten::view",13435
22016,6029611144422.333984,4.145000,"aten::empty",13436
22019,6029611144451.509766,1.071000,"aten::view",13437
22020,6029611144459.035156,18.535000,"aten::add_",13438
22022,6029611144484.693359,127.860000,"autograd::engine::evaluate_function: _OperationFuserAutogradFunctionBackward",13439
22023,6029611144485.911133,111.067000,"_OperationFuserAutogradFunctionBackward",13440
22024,6029611144513.886719,0.893000,"aten::view",13441
22025,6029611144517.880859,1.277000,"aten::view",13442
22026,6029611144522.495117,7.807000,"aten::empty_like",13443
22027,6029611144524.272461,5.471000,"aten::empty_strided",13444
22029,6029611144530.999023,4.186000,"aten::empty_like",13445
22030,6029611144531.323242,3.620000,"aten::empty_strided",13446
22032,6029611144540.768555,3.979000,"aten::empty",13447
22037,6029611144576.590820,0.319000,"aten::_has_compatible_shallow_copy_type",13448
22038,6029611144578.827148,0.052000,"aten::_has_compatible_shallow_copy_type",13449
22039,6029611144583.436523,0.908000,"aten::view",13450
22040,6029611144586.832031,0.718000,"aten::view",13451
22041,6029611144601.251953,7.479000,"aten::add_",13452
22043,6029611144618.048828,6.257000,"autograd::engine::evaluate_function: torch::autograd::AccumulateGrad",13453
22044,6029611144619.626953,3.500000,"torch::autograd::AccumulateGrad",13454
22045,6029611144621.178711,1.174000,"aten::detach",13455
22046,6029611144621.527344,0.645000,"detach",13456
22056,6029611144837.591797,165439.356000,"autograd::engine::evaluate_function: CheckpointFunctionBackward",13457
22057,6029611144839.203125,165433.251000,"CheckpointFunctionBackward",13458
22068,6029611144992.368164,1.987000,"aten::detach",13460
22069,6029611144993.042969,1.042000,"detach",13461
22070,6029611144998.261719,1.098000,"aten::detach",13462
22071,6029611144998.935547,0.286000,"detach",13463
22075,6029611145156.956055,119.356000,"_OperationFuserAutogradFunction",13465
22076,6029611145182.676758,2.971000,"aten::view",13466
22077,6029611145189.190430,0.725000,"aten::view",13467
22078,6029611145202.763672,9.674000,"aten::empty",13468
22080,6029611145215.067383,3.959000,"aten::empty",13469
22082,6029611145224.125000,3.451000,"aten::empty",13470
22085,6029611145252.386719,1.391000,"aten::view",13471
22087,6029611145374.394531,115.974000,"_Linear",13472
22088,6029611145403.228516,4.615000,"aten::empty",13473
22092,6029611145552.381836,66.831000,"_Linear",13474
22093,6029611145573.073242,4.654000,"aten::empty",13475
22097,6029611145659.800781,55.082000,"_Linear",13476
22098,6029611145676.722656,4.630000,"aten::empty",13477
22101,6029611145727.282227,29.267000,"aten::mul",13478
22104,6029611145766.980469,5.628000,"aten::reshape",13479
22105,6029611145768.181641,4.131000,"aten::view",13480
22106,6029611145775.472656,16.217000,"aten::add",13481
22110,6029611145834.799805,56.924000,"_Linear",13482
22111,6029611145852.917969,4.069000,"aten::empty",13483
22115,6029611145941.138672,53.124000,"_Linear",13484
22116,6029611145958.203125,3.947000,"aten::empty",13485
22120,6029611146029.569336,47.120000,"_Linear",13486
22121,6029611146044.133789,4.181000,"aten::empty",13487
22124,6029611146085.098633,16.388000,"aten::mul",13488
22127,6029611146109.186523,3.820000,"aten::reshape",13489
22128,6029611146109.754883,2.982000,"aten::view",13490
22129,6029611146114.785156,12.142000,"aten::add",13491
22132,6029611146142.715820,8.861000,"aten::split_with_sizes",13492
22133,6029611146146.811523,2.111000,"aten::as_strided",13493
22134,6029611146149.875977,0.282000,"aten::as_strided",13494
22135,6029611146161.283203,5.458000,"aten::squeeze",13495
22136,6029611146165.116211,0.335000,"aten::as_strided",13496
22137,6029611146168.183594,2.754000,"aten::squeeze",13497
22138,6029611146169.691406,0.333000,"aten::as_strided",13498
22139,6029611146172.326172,1.744000,"aten::squeeze",13499
22140,6029611146173.370117,0.196000,"aten::as_strided",13500
22141,6029611146238.457031,86.051000,"_OperationFuserAutogradFunction",13501
22142,6029611146259.362305,1.217000,"aten::view",13502
22143,6029611146263.575195,1.173000,"aten::view",13503
22144,6029611146272.663086,5.077000,"aten::empty",13504
22146,6029611146279.950195,3.324000,"aten::empty",13505
22148,6029611146287.152344,4.142000,"aten::empty",13506
22151,6029611146307.158203,1.646000,"aten::view",13507
22152,6029611146367.850586,93.715000,"_OperationFuserAutogradFunction",13508
22153,6029611146380.306641,28.291000,"aten::contiguous",13509
22154,6029611146381.483398,26.827000,"aten::clone",13510
22155,6029611146384.092773,6.076000,"aten::empty_like",13511
22156,6029611146385.774414,3.984000,"aten::empty",13512
22158,6029611146391.378906,16.530000,"aten::copy_",13513
22160,6029611146412.528320,1.238000,"aten::view",13514
22161,6029611146416.669922,0.735000,"aten::view",13515
22162,6029611146421.778320,3.852000,"aten::empty",13516
22164,6029611146427.272461,3.838000,"aten::empty",13517
22166,6029611146434.014648,3.500000,"aten::empty",13518
22169,6029611146449.634766,0.881000,"aten::view",13519
22171,6029611146525.689453,73.941000,"_Linear",13520
22172,6029611146546.581055,4.356000,"aten::empty",13521
22175,6029611146635.227539,10.780000,"_CopyToModelParallelRegion",13522
22176,6029611146641.795898,2.400000,"aten::view_as",13523
22177,6029611146642.527344,1.389000,"aten::view",13524
22178,6029611146665.705078,65.020000,"LinearWithGradAccumulationAndAsyncCommunication",13525
22179,6029611146675.371094,6.369000,"aten::t",13526
22180,6029611146677.555664,3.429000,"aten::transpose",13527
22181,6029611146679.413086,1.298000,"aten::as_strided",13528
22182,6029611146684.140625,41.516000,"aten::matmul",13529
22183,6029611146685.611328,39.351000,"aten::mm",13530
22186,6029611146737.185547,10.599000,"_GatherFromModelParallelRegion",13531
22187,6029611146744.177734,2.160000,"aten::view_as",13532
22188,6029611146744.694336,1.408000,"aten::view",13533
22189,6029611146759.820312,6.725000,"_CopyToModelParallelRegion",13534
22190,6029611146763.735352,1.624000,"aten::view_as",13535
22191,6029611146764.543945,0.613000,"aten::view",13536
22192,6029611146779.073242,36.233000,"LinearWithGradAccumulationAndAsyncCommunication",13537
22193,6029611146784.176758,2.872000,"aten::t",13538
22194,6029611146784.756836,1.752000,"aten::transpose",13539
22195,6029611146785.692383,0.547000,"aten::as_strided",13540
22196,6029611146788.242188,22.969000,"aten::matmul",13541
22197,6029611146788.668945,22.101000,"aten::mm",13542
22200,6029611146822.591797,19.421000,"aten::mul",13543
22203,6029611146850.383789,2.596000,"aten::reshape",13544
22204,6029611146850.848633,1.908000,"aten::view",13545
22205,6029611146855.221680,13.803000,"aten::add",13546
22208,6029611146877.076172,2.391000,"aten::view",13547
22209,6029611146882.801758,4.386000,"aten::unsqueeze",13548
22210,6029611146885.873047,0.408000,"aten::as_strided",13549
22211,6029611146888.573242,1.728000,"aten::unsqueeze",13550
22212,6029611146889.464844,0.344000,"aten::as_strided",13551
22213,6029611146899.774414,0.959000,"aten::view",13552
22214,6029611146907.455078,4.949000,"aten::slice",13553
22215,6029611146909.612305,0.486000,"aten::as_strided",13554
22216,6029611146916.495117,2.547000,"aten::slice",13555
22217,6029611146917.126953,1.303000,"aten::as_strided",13556
22218,6029611146931.969727,5.941000,"aten::split_with_sizes",13557
22219,6029611146934.838867,0.254000,"aten::as_strided",13558
22220,6029611146936.130859,0.166000,"aten::as_strided",13559
22221,6029611146950.361328,72.905000,"aten::einsum",13560
22222,6029611146955.174805,2.406000,"aten::unsqueeze",13561
22223,6029611146956.268555,0.685000,"aten::as_strided",13562
22224,6029611146958.705078,3.148000,"aten::permute",13563
22225,6029611146960.791992,0.312000,"aten::as_strided",13564
22226,6029611146962.886719,1.680000,"aten::unsqueeze",13565
22227,6029611146963.456055,0.746000,"aten::as_strided",13566
22228,6029611146965.091797,1.455000,"aten::permute",13567
22229,6029611146965.802734,0.362000,"aten::as_strided",13568
22230,6029611146970.287109,1.467000,"aten::permute",13569
22231,6029611146970.987305,0.291000,"aten::as_strided",13570
22232,6029611146972.536133,6.883000,"aten::reshape",13571
22233,6029611146976.195312,2.930000,"aten::_reshape_alias",13572
22234,6029611146980.042969,1.135000,"aten::permute",13573
22235,6029611146980.607422,0.212000,"aten::as_strided",13574
22236,6029611146981.583984,1.358000,"aten::reshape",13575
22237,6029611146982.273438,0.527000,"aten::_reshape_alias",13576
22238,6029611146983.773438,29.589000,"aten::bmm",13577
22241,6029611147014.107422,2.340000,"aten::view",13578
22242,6029611147017.148438,2.499000,"aten::permute",13579
22243,6029611147018.450195,0.367000,"aten::as_strided",13580
22244,6029611147021.220703,1.223000,"aten::view",13581
22245,6029611147026.574219,24.345000,"aten::contiguous",13582
22246,6029611147027.389648,23.263000,"aten::clone",13583
22247,6029611147029.703125,6.217000,"aten::empty_like",13584
22248,6029611147030.884766,4.592000,"aten::empty",13585
22250,6029611147037.015625,12.898000,"aten::copy_",13586
22252,6029611147069.045898,20.445000,"aten::arange",13587
22253,6029611147070.804688,2.157000,"aten::empty",13588
22254,6029611147073.934570,15.153000,"aten::arange",13589
22255,6029611147076.806641,4.263000,"aten::resize_",13590
22258,6029611147094.301758,20.872000,"aten::to",13591
22259,6029611147095.468750,19.481000,"aten::_to_copy",13592
22260,6029611147098.565430,5.512000,"aten::empty_strided",13593
22262,6029611147104.856445,9.577000,"aten::copy_",13594
22264,6029611147117.781250,3.060000,"aten::slice",13595
22265,6029611147119.203125,0.574000,"aten::as_strided",13596
22266,6029611147123.212891,1.353000,"aten::slice",13597
22267,6029611147123.933594,0.170000,"aten::as_strided",13598
22268,6029611147127.064453,14.747000,"aten::sub",13599
22271,6029611147150.644531,17.736000,"aten::floor_divide",13600
22272,6029611147155.691406,3.589000,"aten::empty",13601
22275,6029611147171.980469,18.431000,"aten::zeros_like",13602
22276,6029611147172.902344,4.601000,"aten::empty_like",13603
22277,6029611147173.584961,3.630000,"aten::empty_strided",13604
22279,6029611147178.400391,11.743000,"aten::zero_",13605
22280,6029611147179.588867,9.864000,"aten::fill_",13606
22282,6029611147193.373047,33.218000,"aten::cumsum",13607
22284,6029611147199.172852,0.108000,"aten::to",13608
22294,6029611147229.542969,1.987000,"aten::slice",13609
22295,6029611147230.568359,0.253000,"aten::as_strided",13610
22296,6029611147232.413086,18.854000,"aten::copy_",13611
22298,6029611147256.317383,15.905000,"aten::searchsorted",13612
22299,6029611147258.261719,1.955000,"aten::empty",13613
22300,6029611147261.923828,3.005000,"aten::resize_",13614
22303,6029611147275.743164,12.159000,"aten::sub",13615
22306,6029611147293.377930,15.702000,"aten::clamp",13616
22307,6029611147295.780273,0.255000,"aten::to",13617
22310,6029611147313.802734,19.692000,"aten::index",13618
22311,6029611147317.874023,0.332000,"aten::as_strided",13619
22312,6029611147319.269531,0.917000,"aten::reshape",13620
22313,6029611147319.646484,0.356000,"aten::view",13621
22316,6029611147335.842773,10.048000,"aten::sub",13622
22319,6029611147347.794922,12.033000,"aten::index",13623
22320,6029611147348.747070,0.794000,"aten::as_strided",13624
22321,6029611147350.010742,0.757000,"aten::reshape",13625
22322,6029611147350.411133,0.182000,"aten::view",13626
22325,6029611147362.074219,12.077000,"aten::index",13627
22326,6029611147362.763672,0.270000,"aten::as_strided",13628
22327,6029611147363.608398,0.723000,"aten::reshape",13629
22328,6029611147363.996094,0.178000,"aten::view",13630
22331,6029611147378.495117,12.080000,"aten::floor_divide",13631
22332,6029611147380.598633,3.862000,"aten::empty",13632
22335,6029611147393.904297,11.109000,"aten::mul",13633
22338,6029611147407.480469,12.791000,"aten::lt",13634
22342,6029611147423.160156,9.020000,"aten::mul",13635
22345,6029611147433.984375,8.947000,"aten::add",13636
22348,6029611147445.450195,7.737000,"aten::mul",13637
22351,6029611147454.489258,7.829000,"aten::sub",13638
22354,6029611147475.067383,7.711000,"aten::sub",13639
22357,6029611147484.012695,7.945000,"aten::add",13640
22360,6029611147494.998047,17.202000,"aten::where",13641
22361,6029611147497.335938,1.868000,"aten::empty",13642
22362,6029611147501.617188,2.665000,"aten::resize_",13643
22365,6029611147518.438477,10.532000,"aten::clamp",13644
22366,6029611147519.284180,0.140000,"aten::to",13645
22369,6029611147531.461914,17.352000,"aten::index",13646
22370,6029611147533.309570,1.262000,"aten::as_strided",13647
22371,6029611147535.098633,0.973000,"aten::reshape",13648
22372,6029611147535.432617,0.491000,"aten::view",13649
22375,6029611147551.546875,4.249000,"aten::unsqueeze",13650
22376,6029611147554.055664,0.379000,"aten::as_strided",13651
22377,6029611147560.886719,3.350000,"aten::alias",13652
22378,6029611147566.929688,3.093000,"aten::slice",13653
22379,6029611147568.476562,0.503000,"aten::as_strided",13654
22380,6029611147573.324219,2.001000,"aten::slice",13655
22381,6029611147574.418945,0.324000,"aten::as_strided",13656
22382,6029611147577.493164,1.746000,"aten::slice",13657
22383,6029611147578.374023,0.282000,"aten::as_strided",13658
22384,6029611147584.045898,19.882000,"aten::cat",13659
22387,6029611147606.958008,12.320000,"aten::cos",13660
22390,6029611147621.887695,11.661000,"aten::mul",13661
22393,6029611147639.289062,16.306000,"aten::to",13662
22394,6029611147639.889648,15.536000,"aten::_to_copy",13663
22395,6029611147641.772461,4.054000,"aten::empty_strided",13664
22397,6029611147646.538086,8.490000,"aten::copy_",13665
22399,6029611147658.371094,11.564000,"aten::sin",13666
22402,6029611147671.823242,8.635000,"aten::mul",13667
22405,6029611147683.175781,11.555000,"aten::to",13668
22406,6029611147683.603516,10.991000,"aten::_to_copy",13669
22407,6029611147684.500977,3.634000,"aten::empty_strided",13670
22409,6029611147688.680664,5.625000,"aten::copy_",13671
22411,6029611147696.508789,12.448000,"aten::mul",13672
22414,6029611147712.153320,12.130000,"aten::chunk",13673
22415,6029611147713.870117,10.050000,"aten::split",13674
22416,6029611147717.043945,3.544000,"aten::narrow",13675
22417,6029611147718.825195,1.373000,"aten::slice",13676
22418,6029611147719.429688,0.486000,"aten::as_strided",13677
22419,6029611147721.073242,1.364000,"aten::narrow",13678
22420,6029611147721.442383,0.823000,"aten::slice",13679
22421,6029611147721.899414,0.192000,"aten::as_strided",13680
22422,6029611147726.956055,14.577000,"aten::neg",13681
22425,6029611147743.897461,12.273000,"aten::cat",13682
22428,6029611147759.059570,10.032000,"aten::mul",13683
22431,6029611147771.174805,10.778000,"aten::add",13684
22434,6029611147785.935547,11.441000,"aten::cat",13685
22437,6029611147801.208984,4.172000,"aten::squeeze",13686
22438,6029611147803.915039,0.338000,"aten::as_strided",13687
22439,6029611147823.649414,16.206000,"aten::arange",13688
22440,6029611147824.922852,2.204000,"aten::empty",13689
22441,6029611147827.957031,11.515000,"aten::arange",13690
22442,6029611147829.675781,2.721000,"aten::resize_",13691
22445,6029611147842.717773,13.494000,"aten::to",13692
22446,6029611147843.219727,12.849000,"aten::_to_copy",13693
22447,6029611147844.007812,3.495000,"aten::empty_strided",13694
22449,6029611147848.026367,7.820000,"aten::copy_",13695
22451,6029611147858.268555,2.304000,"aten::slice",13696
22452,6029611147859.188477,0.478000,"aten::as_strided",13697
22453,6029611147862.621094,1.253000,"aten::slice",13698
22454,6029611147863.189453,0.243000,"aten::as_strided",13699
22455,6029611147865.405273,10.446000,"aten::sub",13700
22458,6029611147880.825195,12.431000,"aten::floor_divide",13701
22459,6029611147883.038086,3.494000,"aten::empty",13702
22462,6029611147896.163086,16.038000,"aten::zeros_like",13703
22463,6029611147896.921875,4.201000,"aten::empty_like",13704
22464,6029611147897.577148,3.234000,"aten::empty_strided",13705
22466,6029611147901.790039,10.135000,"aten::zero_",13706
22467,6029611147902.816406,8.470000,"aten::fill_",13707
22469,6029611147914.373047,28.174000,"aten::cumsum",13708
22471,6029611147918.613281,0.089000,"aten::to",13709
22481,6029611147945.224609,1.912000,"aten::slice",13710
22482,6029611147946.219727,0.248000,"aten::as_strided",13711
22483,6029611147948.325195,14.315000,"aten::copy_",13712
22485,6029611147966.493164,13.215000,"aten::searchsorted",13713
22486,6029611147967.891602,1.850000,"aten::empty",13714
22487,6029611147970.952148,2.572000,"aten::resize_",13715
22490,6029611147982.134766,9.845000,"aten::sub",13716
22493,6029611147995.706055,11.088000,"aten::clamp",13717
22494,6029611147996.663086,0.137000,"aten::to",13718
22497,6029611148009.899414,14.416000,"aten::index",13719
22498,6029611148011.790039,0.337000,"aten::as_strided",13720
22499,6029611148013.175781,0.900000,"aten::reshape",13721
22500,6029611148013.530273,0.399000,"aten::view",13722
22503,6029611148026.339844,8.634000,"aten::sub",13723
22506,6029611148036.624023,11.807000,"aten::index",13724
22507,6029611148037.439453,0.206000,"aten::as_strided",13725
22508,6029611148038.158203,1.223000,"aten::reshape",13726
22509,6029611148039.032227,0.205000,"aten::view",13727
22512,6029611148050.629883,10.576000,"aten::index",13728
22513,6029611148051.262695,0.339000,"aten::as_strided",13729
22514,6029611148052.090820,0.655000,"aten::reshape",13730
22515,6029611148052.407227,0.169000,"aten::view",13731
22518,6029611148065.119141,10.475000,"aten::floor_divide",13732
22519,6029611148066.755859,3.021000,"aten::empty",13733
22522,6029611148078.060547,8.701000,"aten::mul",13734
22525,6029611148088.426758,10.242000,"aten::lt",13735
22528,6029611148100.994141,8.458000,"aten::mul",13736
22531,6029611148110.903320,8.300000,"aten::add",13737
22534,6029611148121.587891,7.844000,"aten::mul",13738
22537,6029611148130.663086,7.788000,"aten::sub",13739
22540,6029611148139.964844,7.600000,"aten::sub",13740
22543,6029611148148.654297,7.561000,"aten::add",13741
22546,6029611148158.708008,13.743000,"aten::where",13742
22547,6029611148160.323242,1.878000,"aten::empty",13743
22548,6029611148163.951172,2.226000,"aten::resize_",13744
22551,6029611148177.549805,10.002000,"aten::clamp",13745
22552,6029611148178.180664,0.131000,"aten::to",13746
22555,6029611148189.914062,14.311000,"aten::index",13747
22556,6029611148191.519531,0.574000,"aten::as_strided",13748
22557,6029611148192.674805,1.381000,"aten::reshape",13749
22558,6029611148193.095703,0.768000,"aten::view",13750
22561,6029611148206.510742,3.697000,"aten::unsqueeze",13751
22562,6029611148208.718750,0.379000,"aten::as_strided",13752
22563,6029611148213.974609,2.375000,"aten::alias",13753
22564,6029611148218.913086,2.781000,"aten::slice",13754
22565,6029611148220.400391,0.367000,"aten::as_strided",13755
22566,6029611148224.682617,1.909000,"aten::slice",13756
22567,6029611148225.703125,0.295000,"aten::as_strided",13757
22568,6029611148228.793945,1.870000,"aten::slice",13758
22569,6029611148229.736328,0.372000,"aten::as_strided",13759
22570,6029611148233.426758,12.431000,"aten::cat",13760
22573,6029611148247.779297,9.293000,"aten::cos",13761
22576,6029611148259.468750,10.051000,"aten::mul",13762
22579,6029611148273.384766,12.800000,"aten::to",13763
22580,6029611148273.809570,12.210000,"aten::_to_copy",13764
22581,6029611148274.883789,3.843000,"aten::empty_strided",13765
22583,6029611148279.330078,6.316000,"aten::copy_",13766
22585,6029611148288.518555,9.112000,"aten::sin",13767
22588,6029611148299.986328,8.202000,"aten::mul",13768
22591,6029611148310.841797,11.205000,"aten::to",13769
22592,6029611148311.291992,10.615000,"aten::_to_copy",13770
22593,6029611148312.160156,3.441000,"aten::empty_strided",13771
22595,6029611148316.083984,5.597000,"aten::copy_",13772
22597,6029611148323.809570,10.333000,"aten::mul",13773
22600,6029611148336.330078,8.823000,"aten::chunk",13774
22601,6029611148337.327148,7.524000,"aten::split",13775
22602,6029611148338.747070,2.921000,"aten::narrow",13776
22603,6029611148339.587891,1.682000,"aten::slice",13777
22604,6029611148340.620117,0.401000,"aten::as_strided",13778
22605,6029611148342.140625,1.512000,"aten::narrow",13779
22606,6029611148342.498047,0.960000,"aten::slice",13780
22607,6029611148343.000000,0.288000,"aten::as_strided",13781
22608,6029611148346.972656,10.766000,"aten::neg",13782
22611,6029611148359.754883,11.554000,"aten::cat",13783
22614,6029611148373.946289,10.114000,"aten::mul",13784
22617,6029611148385.928711,9.593000,"aten::add",13785
22620,6029611148398.853516,11.029000,"aten::cat",13786
22623,6029611148413.345703,3.945000,"aten::squeeze",13787
22624,6029611148415.925781,0.337000,"aten::as_strided",13788
22625,6029611148426.642578,12.422000,"aten::cat",13789
22628,6029611148442.407227,10.443000,"aten::cat",13790
22631,6029611148484.819336,1.877000,"aten::view",13791
22632,6029611148490.313477,2.026000,"aten::slice",13792
22633,6029611148491.178711,0.448000,"aten::as_strided",13793
22634,6029611148495.596680,1.225000,"aten::slice",13794
22635,6029611148496.164062,0.210000,"aten::as_strided",13795
22636,6029611148514.463867,2.889000,"aten::unsqueeze",13796
22637,6029611148515.959961,0.402000,"aten::as_strided",13797
22638,6029611148518.893555,1.849000,"aten::unsqueeze",13798
22639,6029611148519.923828,0.189000,"aten::as_strided",13799
22640,6029611148524.399414,0.405000,"aten::to",13800
22641,6029611148527.228516,19.408000,"aten::contiguous",13801
22642,6029611148528.281250,18.125000,"aten::clone",13802
22643,6029611148530.203125,5.281000,"aten::empty_like",13803
22644,6029611148530.848633,4.289000,"aten::empty",13804
22646,6029611148536.121094,9.893000,"aten::copy_",13805
22648,6029611148584.383789,166.495000,"_GatherFromSequenceParallelRegion",13806
22649,6029611148602.656250,4.152000,"aten::empty",13807
22651,6029611148624.665039,114.650000,"c10d::_allgather_base_",13808
22652,6029611148643.211914,92.367000,"record_param_comms",13809
22665,6029611148756.336914,38.523000,"aten::index_select",13811
22666,6029611148760.301758,2.016000,"aten::empty",13812
22667,6029611148765.918945,4.567000,"aten::resize_",13813
22669,6029611148772.426758,0.827000,"aten::view",13814
22670,6029611148774.227539,2.882000,"aten::expand",13815
22671,6029611148775.947266,0.798000,"aten::as_strided",13816
22672,6029611148777.853516,15.578000,"aten::gather",13817
22673,6029611148781.331055,0.430000,"aten::as_strided",13818
22674,6029611148782.402344,0.462000,"aten::as_strided",13819
22676,6029611148799.017578,2.985000,"aten::detach",13820
22677,6029611148799.859375,1.972000,"detach",13821
22678,6029611148803.208008,1.203000,"aten::detach",13822
22679,6029611148803.886719,0.379000,"detach",13823
22680,6029611148813.190430,55.157000,"aten::to",13824
22681,6029611148850.464844,17.594000,"aten::_to_copy",13825
22682,6029611148852.529297,5.044000,"aten::empty_strided",13826
22684,6029611148858.374023,9.181000,"aten::copy_",13827
22686,6029611148870.078125,0.306000,"aten::to",13828
22687,6029611148873.291016,0.145000,"aten::to",13829
22688,6029611148874.877930,0.248000,"aten::to",13830
22689,6029611148878.108398,3.481000,"aten::slice",13831
22690,6029611148879.727539,0.422000,"aten::as_strided",13832
22691,6029611148885.288086,15.416000,"aten::searchsorted",13833
22692,6029611148886.634766,2.347000,"aten::empty",13834
22693,6029611148890.215820,2.962000,"aten::resize_",13835
22696,6029611148904.758789,18.492000,"aten::index",13836
22697,6029611148907.483398,0.349000,"aten::as_strided",13837
22698,6029611148908.749023,1.513000,"aten::reshape",13838
22699,6029611148909.339844,0.736000,"aten::view",13839
22702,6029611148929.122070,12.891000,"aten::add",13840
22706,6029611149070.845703,4.313000,"aten::empty",13841
22709,6029611149146.216797,3.200000,"aten::reshape",13842
22710,6029611149146.765625,2.442000,"aten::view",13843
22711,6029611149161.554688,5.709000,"aten::split_with_sizes",13844
22712,6029611149163.798828,0.887000,"aten::as_strided",13845
22713,6029611149165.350586,0.742000,"aten::as_strided",13846
22714,6029611149171.577148,3.596000,"aten::squeeze",13847
22715,6029611149174.002930,0.316000,"aten::as_strided",13848
22716,6029611149186.041992,19.606000,"aten::arange",13849
22717,6029611149187.698242,2.234000,"aten::empty",13850
22718,6029611149190.893555,14.352000,"aten::arange",13851
22719,6029611149193.200195,3.749000,"aten::resize_",13852
22722,6029611149210.014648,17.663000,"aten::to",13853
22723,6029611149210.602539,16.891000,"aten::_to_copy",13854
22724,6029611149212.070312,4.262000,"aten::empty_strided",13855
22726,6029611149217.250977,9.800000,"aten::copy_",13856
22728,6029611149230.224609,2.954000,"aten::slice",13857
22729,6029611149231.545898,0.318000,"aten::as_strided",13858
22730,6029611149235.482422,1.183000,"aten::slice",13859
22731,6029611149236.003906,0.158000,"aten::as_strided",13860
22732,6029611149239.409180,14.258000,"aten::sub",13861
22735,6029611149260.848633,16.620000,"aten::floor_divide",13862
22736,6029611149265.417969,3.457000,"aten::empty",13863
22739,6029611149281.169922,18.287000,"aten::zeros_like",13864
22740,6029611149282.346680,4.918000,"aten::empty_like",13865
22741,6029611149283.143555,3.725000,"aten::empty_strided",13866
22743,6029611149288.355469,10.841000,"aten::zero_",13867
22744,6029611149289.603516,8.880000,"aten::fill_",13868
22746,6029611149302.201172,31.137000,"aten::cumsum",13869
22748,6029611149307.256836,0.114000,"aten::to",13870
22758,6029611149338.021484,2.007000,"aten::slice",13871
22759,6029611149339.071289,0.272000,"aten::as_strided",13872
22760,6029611149341.028320,18.201000,"aten::copy_",13873
22762,6029611149363.128906,14.751000,"aten::searchsorted",13874
22763,6029611149365.127930,1.837000,"aten::empty",13875
22764,6029611149368.039062,2.598000,"aten::resize_",13876
22767,6029611149380.474609,10.022000,"aten::sub",13877
22770,6029611149394.998047,14.115000,"aten::clamp",13878
22771,6029611149397.432617,0.147000,"aten::to",13879
22774,6029611149413.552734,18.029000,"aten::index",13880
22775,6029611149416.728516,0.313000,"aten::as_strided",13881
22776,6029611149417.927734,1.405000,"aten::reshape",13882
22777,6029611149418.841797,0.340000,"aten::view",13883
22780,6029611149434.017578,8.802000,"aten::sub",13884
22783,6029611149444.672852,11.425000,"aten::index",13885
22784,6029611149445.727539,0.248000,"aten::as_strided",13886
22785,6029611149446.432617,0.672000,"aten::reshape",13887
22786,6029611149446.734375,0.210000,"aten::view",13888
22789,6029611149458.253906,21.308000,"aten::index",13889
22790,6029611149458.913086,0.285000,"aten::as_strided",13890
22791,6029611149459.681641,0.601000,"aten::reshape",13891
22792,6029611149459.932617,0.222000,"aten::view",13892
22795,6029611149483.949219,11.698000,"aten::floor_divide",13893
22796,6029611149485.814453,3.203000,"aten::empty",13894
22799,6029611149498.980469,12.509000,"aten::mul",13895
22802,6029611149514.008789,13.499000,"aten::lt",13896
22805,6029611149529.716797,8.883000,"aten::mul",13897
22808,6029611149540.364258,9.773000,"aten::add",13898
22811,6029611149552.783203,8.019000,"aten::mul",13899
22814,6029611149562.079102,7.919000,"aten::sub",13900
22817,6029611149571.484375,7.589000,"aten::sub",13901
22820,6029611149580.438477,8.076000,"aten::add",13902
22823,6029611149591.569336,16.355000,"aten::where",13903
22824,6029611149593.900391,1.887000,"aten::empty",13904
22825,6029611149597.987305,2.294000,"aten::resize_",13905
22828,6029611149613.656250,4.680000,"aten::select",13906
22829,6029611149616.405273,0.770000,"aten::as_strided",13907
22830,6029611149620.771484,149906.219000,"aten::item",13908
22831,6029611149622.222656,149903.322000,"aten::_local_scalar_dense",13909
23281,6029611299532.994141,51.895000,"aten::add",13910
23296,6029611299591.902344,14.407000,"aten::clamp",13911
23297,6029611299593.821289,0.188000,"aten::to",13912
23300,6029611299610.657227,21.113000,"aten::index",13913
23301,6029611299614.266602,1.277000,"aten::as_strided",13914
23302,6029611299616.628906,1.573000,"aten::reshape",13915
23303,6029611299617.131836,0.918000,"aten::view",13916
23306,6029611299635.307617,3.782000,"aten::unsqueeze",13917
23307,6029611299637.406250,0.494000,"aten::as_strided",13918
23308,6029611299645.591797,2.524000,"aten::alias",13919
23309,6029611299651.457031,4.039000,"aten::slice",13920
23310,6029611299653.100586,0.536000,"aten::as_strided",13921
23311,6029611299658.596680,1.272000,"aten::slice",13922
23312,6029611299659.130859,0.293000,"aten::as_strided",13923
23313,6029611299661.919922,1.456000,"aten::slice",13924
23314,6029611299662.503906,0.469000,"aten::as_strided",13925
23315,6029611299669.214844,16.282000,"aten::cat",13926
23318,6029611299688.452148,11.478000,"aten::cos",13927
23320,6029611299703.938477,11.827000,"aten::mul",13928
23322,6029611299723.212891,18.557000,"aten::to",13929
23323,6029611299723.959961,17.641000,"aten::_to_copy",13930
23324,6029611299726.494141,3.694000,"aten::empty_strided",13931
23325,6029611299731.221680,9.703000,"aten::copy_",13932
23327,6029611299744.939453,9.666000,"aten::sin",13933
23329,6029611299756.739258,7.873000,"aten::mul",13934
23331,6029611299767.455078,10.353000,"aten::to",13935
23332,6029611299767.822266,9.839000,"aten::_to_copy",13936
23333,6029611299768.644531,2.420000,"aten::empty_strided",13937
23334,6029611299771.601562,5.790000,"aten::copy_",13938
23336,6029611299779.565430,9.611000,"aten::mul",13939
23338,6029611299792.486328,10.666000,"aten::chunk",13940
23339,6029611299794.215820,8.664000,"aten::split",13941
23340,6029611299796.264648,3.724000,"aten::narrow",13942
23341,6029611299798.015625,1.525000,"aten::slice",13943
23342,6029611299798.885742,0.367000,"aten::as_strided",13944
23343,6029611299800.487305,1.269000,"aten::narrow",13945
23344,6029611299800.840820,0.718000,"aten::slice",13946
23345,6029611299801.170898,0.230000,"aten::as_strided",13947
23346,6029611299805.845703,11.708000,"aten::neg",13948
23348,6029611299819.855469,9.827000,"aten::cat",13949
23350,6029611299832.414062,7.900000,"aten::mul",13950
23352,6029611299842.642578,9.986000,"aten::add",13951
23354,6029611299856.244141,9.468000,"aten::cat",13952
23356,6029611299870.254883,3.358000,"aten::squeeze",13953
23357,6029611299872.324219,0.361000,"aten::as_strided",13954
23358,6029611299885.916992,2.197000,"aten::unsqueeze",13955
23359,6029611299887.260742,0.232000,"aten::as_strided",13956
23360,6029611299891.035156,8.896000,"aten::cat",13957
23363,6029611299998.723633,3.400000,"aten::empty",13958
23372,6029611300160.614258,3.479000,"aten::view",13959
23373,6029611300167.626953,1.529000,"aten::view",13960
23374,6029611300171.171875,1.101000,"aten::view",13961
23375,6029611300181.709961,3.512000,"aten::empty",13962
23376,6029611300185.771484,2.269000,"aten::empty",13963
23377,6029611300189.814453,2.531000,"aten::empty",13964
23378,6029611300196.897461,2.440000,"aten::empty",13965
23380,6029611300215.580078,1.027000,"aten::view",13966
23381,6029611300228.673828,2.022000,"aten::reshape",13967
23382,6029611300229.330078,1.176000,"aten::view",13968
23383,6029611300241.634766,5.518000,"aten::split_with_sizes",13969
23384,6029611300244.235352,1.285000,"aten::as_strided",13970
23385,6029611300246.067383,0.190000,"aten::as_strided",13971
23386,6029611300251.572266,3.300000,"aten::squeeze",13972
23388,6029611300253.629883,0.337000,"aten::as_strided",13973
23389,6029611300264.338867,19.205000,"aten::arange",13974
23390,6029611300265.864258,2.266000,"aten::empty",13975
23391,6029611300269.025391,14.134000,"aten::arange",13976
23392,6029611300271.680664,2.838000,"aten::resize_",13977
23394,6029611300287.614258,19.813000,"aten::to",13978
23395,6029611300288.406250,18.825000,"aten::_to_copy",13979
23396,6029611300290.274414,3.107000,"aten::empty_strided",13980
23397,6029611300294.303711,12.473000,"aten::copy_",13981
23399,6029611300310.954102,3.557000,"aten::slice",13982
23400,6029611300312.563477,0.324000,"aten::as_strided",13983
23401,6029611300316.916016,1.253000,"aten::slice",13984
23402,6029611300317.533203,0.154000,"aten::as_strided",13985
23403,6029611300320.984375,12.674000,"aten::sub",13986
23406,6029611300342.250000,16.316000,"aten::floor_divide",13987
23407,6029611300347.034180,2.463000,"aten::empty",13988
23409,6029611300362.384766,16.806000,"aten::zeros_like",13989
23410,6029611300363.543945,3.625000,"aten::empty_like",13990
23411,6029611300364.257812,2.513000,"aten::empty_strided",13991
23412,6029611300368.119141,10.800000,"aten::zero_",13992
23413,6029611300369.494141,8.752000,"aten::fill_",13993
23415,6029611300381.896484,28.471000,"aten::cumsum",13994
23416,6029611300386.139648,0.130000,"aten::to",13995
23425,6029611300413.634766,1.936000,"aten::slice",13996
23426,6029611300414.573242,0.218000,"aten::as_strided",13997
23427,6029611300416.672852,18.946000,"aten::copy_",13998
23429,6029611300440.235352,13.929000,"aten::searchsorted",13999
23430,6029611300441.897461,1.891000,"aten::empty",14000
23431,6029611300445.296875,1.881000,"aten::resize_",14001
23433,6029611300456.961914,21.780000,"aten::sub",14002
23435,6029611300488.266602,13.631000,"aten::clamp",14003
23436,6029611300490.666992,0.139000,"aten::to",14004
23438,6029611300506.869141,18.320000,"aten::index",14005
23439,6029611300510.290039,0.617000,"aten::as_strided",14006
23440,6029611300512.119141,1.051000,"aten::reshape",14007
23441,6029611300512.662109,0.327000,"aten::view",14008
23443,6029611300527.633789,8.239000,"aten::sub",14009
23445,6029611300537.950195,11.019000,"aten::index",14010
23446,6029611300538.841797,0.237000,"aten::as_strided",14011
23447,6029611300539.605469,0.775000,"aten::reshape",14012
23448,6029611300540.006836,0.178000,"aten::view",14013
23450,6029611300551.014648,9.531000,"aten::index",14014
23451,6029611300551.595703,0.281000,"aten::as_strided",14015
23452,6029611300552.337891,0.583000,"aten::reshape",14016
23453,6029611300552.594727,0.169000,"aten::view",14017
23455,6029611300564.753906,10.895000,"aten::floor_divide",14018
23456,6029611300566.684570,2.740000,"aten::empty",14019
23458,6029611300578.914062,11.410000,"aten::mul",14020
23460,6029611300592.929688,11.888000,"aten::lt",14021
23462,6029611300607.125977,7.604000,"aten::mul",14022
23464,6029611300616.659180,8.343000,"aten::add",14023
23466,6029611300627.660156,8.234000,"aten::mul",14024
23468,6029611300637.202148,7.638000,"aten::sub",14025
23470,6029611300646.611328,6.555000,"aten::sub",14026
23472,6029611300654.295898,6.853000,"aten::add",14027
23474,6029611300664.548828,15.268000,"aten::where",14028
23475,6029611300666.764648,1.893000,"aten::empty",14029
23476,6029611300670.912109,1.475000,"aten::resize_",14030
23479,6029611300685.737305,4.293000,"aten::select",14031
23480,6029611300688.456055,0.382000,"aten::as_strided",14032
23481,6029611300692.158203,1164.547000,"aten::item",14033
23482,6029611300693.693359,1162.642000,"aten::_local_scalar_dense",14034
23516,6029611301859.275391,8.621000,"aten::add",14035
23519,6029611301871.243164,9.314000,"aten::clamp",14036
23520,6029611301871.969727,0.130000,"aten::to",14037
23523,6029611301883.135742,15.619000,"aten::index",14038
23524,6029611301884.930664,0.580000,"aten::as_strided",14039
23525,6029611301886.157227,1.303000,"aten::reshape",14040
23526,6029611301886.472656,0.808000,"aten::view",14041
23529,6029611301901.702148,3.033000,"aten::unsqueeze",14042
23530,6029611301903.587891,0.304000,"aten::as_strided",14043
23531,6029611301909.692383,2.628000,"aten::alias",14044
23532,6029611301914.890625,2.041000,"aten::slice",14045
23533,6029611301915.743164,0.439000,"aten::as_strided",14046
23534,6029611301919.794922,1.417000,"aten::slice",14047
23535,6029611301920.463867,0.298000,"aten::as_strided",14048
23536,6029611301923.410156,1.575000,"aten::slice",14049
23537,6029611301923.963867,0.398000,"aten::as_strided",14050
23538,6029611301930.068359,15.229000,"aten::cat",14051
23541,6029611301947.757812,11.536000,"aten::cos",14052
23544,6029611301961.931641,10.432000,"aten::mul",14053
23547,6029611301977.501953,14.715000,"aten::to",14054
23548,6029611301978.092773,13.950000,"aten::_to_copy",14055
23549,6029611301979.714844,3.014000,"aten::empty_strided",14056
23550,6029611301983.592773,7.892000,"aten::copy_",14057
23553,6029611301995.006836,10.380000,"aten::sin",14058
23555,6029611302007.278320,8.513000,"aten::mul",14059
23559,6029611302018.391602,10.528000,"aten::to",14060
23560,6029611302018.840820,9.941000,"aten::_to_copy",14061
23561,6029611302019.486328,2.606000,"aten::empty_strided",14062
23562,6029611302022.582031,5.960000,"aten::copy_",14063
23564,6029611302030.872070,8.850000,"aten::mul",14064
23568,6029611302043.032227,10.700000,"aten::chunk",14065
23569,6029611302044.569336,8.880000,"aten::split",14066
23570,6029611302046.536133,3.335000,"aten::narrow",14067
23571,6029611302048.464844,1.044000,"aten::slice",14068
23572,6029611302048.889648,0.360000,"aten::as_strided",14069
23573,6029611302050.393555,1.401000,"aten::narrow",14070
23574,6029611302050.709961,0.923000,"aten::slice",14071
23575,6029611302051.127930,0.355000,"aten::as_strided",14072
23576,6029611302056.260742,11.818000,"aten::neg",14073
23579,6029611302070.613281,9.805000,"aten::cat",14074
23582,6029611302082.946289,8.019000,"aten::mul",14075
23584,6029611302093.142578,9.167000,"aten::add",14076
23588,6029611302105.656250,10.069000,"aten::cat",14077
23591,6029611302119.697266,3.489000,"aten::squeeze",14078
23592,6029611302121.953125,0.308000,"aten::as_strided",14079
23593,6029611302132.556641,2.003000,"aten::unsqueeze",14080
23594,6029611302133.810547,0.255000,"aten::as_strided",14081
23595,6029611302136.947266,9.806000,"aten::cat",14082
23598,6029611302151.887695,1.997000,"aten::reshape",14083
23599,6029611302152.351562,1.357000,"aten::view",14084
23601,6029611302244.088867,2.915000,"aten::empty",14085
23604,6029611302319.998047,12.893000,"aten::mul",14086
23606,6029611302335.475586,7.642000,"aten::mul",14087
23608,6029611302366.352539,173.077000,"_GatherFromSequenceParallelRegion",14088
23611,6029611302386.993164,2.895000,"aten::empty",14089
23612,6029611302408.876953,117.980000,"c10d::_allgather_base_",14090
23613,6029611302426.943359,96.165000,"record_param_comms",14091
23628,6029611302545.786133,37.740000,"aten::index_select",14093
23629,6029611302548.203125,2.185000,"aten::empty",14094
23630,6029611302554.578125,3.121000,"aten::resize_",14095
23631,6029611302559.800781,1.356000,"aten::view",14096
23632,6029611302562.203125,3.525000,"aten::expand",14097
23633,6029611302564.161133,1.148000,"aten::as_strided",14098
23634,6029611302566.571289,15.889000,"aten::gather",14099
23635,6029611302570.088867,0.403000,"aten::as_strided",14100
23636,6029611302571.422852,0.303000,"aten::as_strided",14101
23638,6029611302595.485352,0.456000,"aten::to",14102
23639,6029611302597.264648,0.138000,"aten::to",14103
23640,6029611302601.197266,17.177000,"aten::arange",14104
23641,6029611302602.894531,2.070000,"aten::empty",14105
23642,6029611302605.860352,12.125000,"aten::arange",14106
23643,6029611302608.246094,1.889000,"aten::resize_",14107
23645,6029611302620.630859,19.435000,"aten::to",14108
23646,6029611302621.307617,18.575000,"aten::_to_copy",14109
23647,6029611302623.535156,3.916000,"aten::empty_strided",14110
23649,6029611302628.265625,11.118000,"aten::copy_",14111
23651,6029611302641.531250,11.020000,"aten::to",14112
23652,6029611302642.000000,10.413000,"aten::_to_copy",14113
23653,6029611302642.811523,2.491000,"aten::empty_strided",14114
23654,6029611302645.926758,6.243000,"aten::copy_",14115
23656,6029611302681.386719,8.317000,"aten::squeeze",14116
23657,6029611302685.772461,0.330000,"aten::as_strided",14117
23658,6029611302702.616211,151.837000,"FusedSparseAttentionFunc",14118
23659,6029611302715.308594,15.767000,"aten::full",14119
23660,6029611302716.695312,2.946000,"aten::empty",14120
23661,6029611302720.817383,9.876000,"aten::fill_",14121
23663,6029611302733.949219,0.212000,"aten::to",14122
23664,6029611302735.840820,0.101000,"aten::to",14123
23665,6029611302738.819336,2.747000,"aten::reshape",14124
23666,6029611302739.504883,1.831000,"aten::view",14125
23667,6029611302744.566406,2.893000,"aten::permute",14126
23668,6029611302746.552734,0.247000,"aten::as_strided",14127
23669,6029611302748.801758,1.819000,"aten::reshape",14128
23670,6029611302749.244141,1.213000,"aten::view",14129
23671,6029611302752.431641,1.209000,"aten::reshape",14130
23672,6029611302752.690430,0.726000,"aten::view",14131
23673,6029611302755.092773,1.463000,"aten::reshape",14132
23674,6029611302755.353516,0.982000,"aten::view",14133
23675,6029611302763.239258,2.625000,"aten::unsqueeze",14134
23676,6029611302764.936523,0.202000,"aten::as_strided",14135
23677,6029611302766.886719,1.050000,"aten::unsqueeze",14136
23678,6029611302767.449219,0.167000,"aten::as_strided",14137
23683,6029611302784.956055,3.267000,"aten::empty",14138
23684,6029611302789.044922,2.598000,"aten::empty",14139
23685,6029611302792.218750,2.260000,"aten::empty",14140
23696,6029611302822.366211,15.040000,"aten::clamp_min",14141
23697,6029611302824.697266,0.139000,"aten::to",14142
23699,6029611302843.750000,1.860000,"aten::reshape",14143
23700,6029611302844.195312,1.249000,"aten::view",14144
23701,6029611302871.212891,99.951000,"aten::einsum",14145
23702,6029611302875.067383,3.584000,"aten::unsqueeze",14146
23703,6029611302876.911133,0.810000,"aten::as_strided",14147
23704,6029611302879.307617,2.302000,"aten::permute",14148
23705,6029611302880.587891,0.289000,"aten::as_strided",14149
23706,6029611302882.529297,1.639000,"aten::unsqueeze",14150
23707,6029611302883.057617,0.657000,"aten::as_strided",14151
23708,6029611302884.643555,1.231000,"aten::unsqueeze",14152
23709,6029611302885.237305,0.268000,"aten::as_strided",14153
23710,6029611302886.398438,1.322000,"aten::permute",14154
23711,6029611302887.163086,0.260000,"aten::as_strided",14155
23712,6029611302891.070312,2.465000,"aten::permute",14156
23713,6029611302892.455078,0.540000,"aten::as_strided",14157
23714,6029611302894.127930,6.328000,"aten::reshape",14158
23715,6029611302897.327148,2.838000,"aten::_reshape_alias",14159
23716,6029611302901.041992,1.198000,"aten::permute",14160
23717,6029611302901.602539,0.271000,"aten::as_strided",14161
23718,6029611302902.648438,1.581000,"aten::reshape",14162
23719,6029611302903.411133,0.601000,"aten::_reshape_alias",14163
23720,6029611302905.206055,55.679000,"aten::bmm",14164
23722,6029611302961.847656,2.375000,"aten::view",14165
23723,6029611302964.925781,2.693000,"aten::permute",14166
23724,6029611302966.535156,0.450000,"aten::as_strided",14167
23725,6029611302969.051758,1.353000,"aten::view",14168
23726,6029611302974.575195,20.004000,"aten::contiguous",14169
23727,6029611302975.531250,18.825000,"aten::clone",14170
23728,6029611302978.014648,4.368000,"aten::empty_like",14171
23729,6029611302978.850586,3.065000,"aten::empty",14172
23730,6029611302983.201172,10.379000,"aten::copy_",14173
23732,6029611303000.095703,2.172000,"aten::view",14174
23734,6029611303099.492188,98.024000,"_Linear",14175
23735,6029611303136.610352,3.151000,"aten::empty",14176
23737,6029611303268.350586,69.625000,"LinearWithGradAccumulationAndAsyncCommunication",14177
23738,6029611303280.677734,5.862000,"aten::t",14178
23739,6029611303283.098633,2.664000,"aten::transpose",14179
23740,6029611303284.761719,0.648000,"aten::as_strided",14180
23741,6029611303289.008789,42.832000,"aten::matmul",14181
23742,6029611303290.677734,1.895000,"aten::reshape",14182
23743,6029611303291.141602,1.171000,"aten::view",14183
23744,6029611303293.530273,34.518000,"aten::mm",14184
23746,6029611303329.574219,1.548000,"aten::_unsafe_view",14185
23747,6029611303346.730469,11.085000,"_ReduceFromModelParallelRegion",14186
23748,6029611303354.313477,1.888000,"aten::view_as",14187
23749,6029611303355.193359,0.758000,"aten::view",14188
23750,6029611303372.350586,7.488000,"_CopyToModelParallelRegion",14189
23751,6029611303377.382812,1.349000,"aten::view_as",14190
23752,6029611303377.922852,0.574000,"aten::view",14191
23753,6029611303394.928711,42.733000,"LinearWithGradAccumulationAndAsyncCommunication",14192
23754,6029611303401.257812,2.995000,"aten::t",14193
23755,6029611303402.085938,1.617000,"aten::transpose",14194
23756,6029611303402.962891,0.515000,"aten::as_strided",14195
23757,6029611303405.512695,28.026000,"aten::matmul",14196
23758,6029611303406.176758,1.439000,"aten::reshape",14197
23759,6029611303406.754883,0.628000,"aten::view",14198
23760,6029611303408.201172,22.528000,"aten::mm",14199
23762,6029611303431.968750,0.951000,"aten::_unsafe_view",14200
23763,6029611303443.531250,9.049000,"_GatherFromModelParallelRegion",14201
23764,6029611303449.977539,1.434000,"aten::view_as",14202
23765,6029611303450.480469,0.692000,"aten::view",14203
23766,6029611303460.541992,31.617000,"aten::mul",14204
23768,6029611303502.356445,2.683000,"aten::reshape",14205
23769,6029611303502.947266,1.857000,"aten::view",14206
23770,6029611303507.912109,14.442000,"aten::add",14207
23772,6029611303552.398438,0.676000,"aten::dropout",14208
23773,6029611303554.486328,9.543000,"aten::add",14209
23776,6029611303681.494141,157.522000,"_LayerNormLinear",14210
23777,6029611303689.641602,1.052000,"aten::view",14211
23778,6029611303709.830078,3.513000,"aten::empty",14212
23779,6029611303716.029297,2.290000,"aten::empty",14213
23780,6029611303722.744141,2.812000,"aten::empty",14214
23782,6029611303761.396484,2.665000,"aten::empty",14215
23784,6029611303805.195312,1.511000,"aten::view",14216
23785,6029611303828.749023,0.969000,"aten::view",14217
23786,6029611303876.294922,7.932000,"_CopyToModelParallelRegion",14218
23787,6029611303881.051758,1.666000,"aten::view_as",14219
23788,6029611303881.614258,0.876000,"aten::view",14220
23789,6029611303899.718750,53.088000,"LinearWithGradAccumulationAndAsyncCommunication",14221
23790,6029611303907.232422,4.876000,"aten::t",14222
23791,6029611303908.799805,2.673000,"aten::transpose",14223
23792,6029611303909.879883,1.292000,"aten::as_strided",14224
23793,6029611303913.732422,34.317000,"aten::matmul",14225
23794,6029611303915.063477,1.299000,"aten::reshape",14226
23795,6029611303915.440430,0.637000,"aten::view",14227
23796,6029611303916.963867,28.181000,"aten::mm",14228
23798,6029611303946.532227,0.747000,"aten::_unsafe_view",14229
23799,6029611303958.858398,8.859000,"_GatherFromModelParallelRegion",14230
23800,6029611303965.194336,1.303000,"aten::view_as",14231
23801,6029611303965.659180,0.595000,"aten::view",14232
23802,6029611303978.758789,5.562000,"_CopyToModelParallelRegion",14233
23803,6029611303982.125000,1.178000,"aten::view_as",14234
23804,6029611303982.599609,0.537000,"aten::view",14235
23805,6029611303995.911133,40.095000,"LinearWithGradAccumulationAndAsyncCommunication",14236
23806,6029611304001.527344,2.594000,"aten::t",14237
23807,6029611304002.232422,1.387000,"aten::transpose",14238
23808,6029611304002.866211,0.531000,"aten::as_strided",14239
23809,6029611304005.351562,27.186000,"aten::matmul",14240
23810,6029611304006.317383,1.318000,"aten::reshape",14241
23811,6029611304006.636719,0.742000,"aten::view",14242
23812,6029611304008.106445,22.584000,"aten::mm",14243
23814,6029611304031.545898,0.449000,"aten::_unsafe_view",14244
23815,6029611304042.473633,16.810000,"aten::mul",14245
23817,6029611304066.041016,2.620000,"aten::reshape",14246
23818,6029611304066.402344,2.013000,"aten::view",14247
23819,6029611304070.767578,11.069000,"aten::add",14248
23821,6029611304092.119141,1.612000,"aten::view",14249
23822,6029611304100.307617,170.314000,"SwiGLUFunction",14250
23823,6029611304121.318359,21.801000,"TorchDynamo Cache Lookup",14251
23824,6029611304144.433594,119.044000,"Torch-Compiled Region: 2/4",14252
23825,6029611304153.955078,7.489000,"Pregraph bytecode",14253
23826,6029611304174.981445,5.506000,"AOTDispatcher Runtime Wrapper Prologue",14254
23827,6029611304188.285156,62.884000,"## Call CompiledFxGraph ftnwqncgas3evtcpnu3uiligps56abm45rnq467jaa35zufjlufy ##",14255
23828,6029611304225.257812,22.692000,"triton_poi_fused_mul_silu_split_0",14256
23830,6029611304273.904297,2.039000,"aten::view",14257
23832,6029611304332.241211,88.283000,"_Linear",14258
23833,6029611304362.366211,3.840000,"aten::empty",14259
23835,6029611304491.372070,58.245000,"LinearWithGradAccumulationAndAsyncCommunication",14260
23836,6029611304498.695312,5.753000,"aten::t",14261
23837,6029611304500.501953,3.271000,"aten::transpose",14262
23838,6029611304502.279297,1.115000,"aten::as_strided",14263
23839,6029611304506.478516,38.246000,"aten::matmul",14264
23840,6029611304507.842773,2.035000,"aten::reshape",14265
23841,6029611304508.432617,1.160000,"aten::view",14266
23842,6029611304510.583984,30.649000,"aten::mm",14267
23844,6029611304542.454102,1.206000,"aten::_unsafe_view",14268
23845,6029611304556.331055,9.180000,"_ReduceFromModelParallelRegion",14269
23846,6029611304562.426758,1.601000,"aten::view_as",14270
23847,6029611304563.083984,0.681000,"aten::view",14271
23848,6029611304578.304688,6.525000,"_CopyToModelParallelRegion",14272
23849,6029611304582.272461,1.434000,"aten::view_as",14273
23850,6029611304582.805664,0.676000,"aten::view",14274
23851,6029611304597.415039,36.803000,"LinearWithGradAccumulationAndAsyncCommunication",14275
23852,6029611304602.296875,3.173000,"aten::t",14276
23853,6029611304602.877930,1.963000,"aten::transpose",14277
23854,6029611304603.893555,0.724000,"aten::as_strided",14278
23855,6029611304606.511719,24.291000,"aten::matmul",14279
23856,6029611304607.198242,1.224000,"aten::reshape",14280
23857,6029611304607.608398,0.614000,"aten::view",14281
23858,6029611304608.926758,20.096000,"aten::mm",14282
23860,6029611304629.756836,0.570000,"aten::_unsafe_view",14283
23861,6029611304639.462891,6.498000,"_GatherFromModelParallelRegion",14284
23862,6029611304643.602539,1.320000,"aten::view_as",14285
23863,6029611304643.985352,0.727000,"aten::view",14286
23864,6029611304652.573242,20.159000,"aten::mul",14287
23866,6029611304681.686523,2.516000,"aten::reshape",14288
23867,6029611304682.195312,1.776000,"aten::view",14289
23868,6029611304686.521484,12.644000,"aten::add",14290
23870,6029611304722.411133,0.756000,"aten::dropout",14291
23871,6029611304724.948242,9.448000,"aten::add",14292
23877,6029611304952.343750,7.376000,"autograd::engine::evaluate_function: AddBackward0",14293
23878,6029611304954.492188,2.579000,"AddBackward0",14294
23879,6029611304964.170898,2.965000,"autograd::engine::evaluate_function: AddBackward0",14295
23880,6029611304965.196289,0.250000,"AddBackward0",14296
23881,6029611304970.839844,5.317000,"autograd::engine::evaluate_function: ViewBackward0",14297
23882,6029611304971.782227,3.085000,"ViewBackward0",14298
23883,6029611304972.621094,2.016000,"aten::reshape",14299
23884,6029611304973.043945,1.384000,"aten::view",14300
23885,6029611304979.345703,19.339000,"autograd::engine::evaluate_function: MulBackward0",14301
23886,6029611304980.119141,16.429000,"MulBackward0",14302
23887,6029611304981.637695,14.440000,"aten::mul",14303
23889,6029611305002.571289,9.132000,"autograd::engine::evaluate_function: _GatherFromModelParallelRegionBackward",14304
23890,6029611305003.762695,6.196000,"_GatherFromModelParallelRegionBackward",14305
23891,6029611305015.013672,128.328000,"autograd::engine::evaluate_function: LinearWithGradAccumulationAndAsyncCommunicationBackward",14306
23892,6029611305016.168945,115.668000,"LinearWithGradAccumulationAndAsyncCommunicationBackward",14307
23893,6029611305036.330078,0.378000,"aten::to",14308
23894,6029611305039.428711,39.873000,"aten::matmul",14309
23895,6029611305040.414062,1.697000,"aten::reshape",14310
23896,6029611305041.052734,0.882000,"aten::view",14311
23897,6029611305042.699219,33.966000,"aten::mm",14312
23899,6029611305077.724609,0.873000,"aten::_unsafe_view",14313
23900,6029611305085.041016,0.593000,"aten::view",14314
23901,6029611305087.663086,0.806000,"aten::view",14315
23902,6029611305090.476562,5.005000,"aten::t",14316
23903,6029611305092.318359,2.549000,"aten::transpose",14317
23904,6029611305093.285156,1.287000,"aten::as_strided",14318
23905,6029611305096.644531,28.282000,"aten::matmul",14319
23906,6029611305097.073242,27.445000,"aten::mm",14320
23910,6029611305151.351562,45.013000,"autograd::engine::evaluate_function: torch::autograd::AccumulateGrad",14321
23912,6029611305156.904297,6.212000,"torch::autograd::AccumulateGrad",14322
23913,6029611305159.418945,3.161000,"aten::detach",14323
23914,6029611305160.200195,2.182000,"detach",14324
23915,6029611305173.532227,15.953000,"aten::add_",14325
23918,6029611305202.585938,8.126000,"autograd::engine::evaluate_function: _CopyToModelParallelRegionBackward",14326
23919,6029611305203.864258,5.100000,"_CopyToModelParallelRegionBackward",14327
23920,6029611305214.425781,4.060000,"autograd::engine::evaluate_function: _ReduceFromModelParallelRegionBackward",14328
23921,6029611305215.467773,1.646000,"_ReduceFromModelParallelRegionBackward",14329
23922,6029611305221.807617,157.424000,"autograd::engine::evaluate_function: LinearWithGradAccumulationAndAsyncCommunicationBackward",14330
23923,6029611305223.255859,145.390000,"LinearWithGradAccumulationAndAsyncCommunicationBackward",14331
23924,6029611305234.005859,0.188000,"aten::to",14332
23925,6029611305235.935547,83.816000,"aten::matmul",14333
23926,6029611305237.094727,1.604000,"aten::reshape",14334
23927,6029611305237.631836,0.849000,"aten::view",14335
23928,6029611305239.444336,34.512000,"aten::mm",14336
23931,6029611305318.240234,0.860000,"aten::_unsafe_view",14337
23932,6029611305324.016602,0.624000,"aten::view",14338
23933,6029611305326.426758,0.703000,"aten::view",14339
23934,6029611305328.665039,3.398000,"aten::t",14340
23935,6029611305329.738281,1.819000,"aten::transpose",14341
23936,6029611305330.482422,0.816000,"aten::as_strided",14342
23937,6029611305333.095703,30.266000,"aten::matmul",14343
23938,6029611305333.454102,29.478000,"aten::mm",14344
23943,6029611305385.504883,29.390000,"autograd::engine::evaluate_function: torch::autograd::AccumulateGrad",14345
23945,6029611305389.214844,3.811000,"torch::autograd::AccumulateGrad",14346
23946,6029611305391.163086,1.483000,"aten::detach",14347
23947,6029611305391.638672,0.830000,"detach",14348
23948,6029611305398.876953,10.604000,"aten::add_",14349
23951,6029611305420.990234,135.273000,"autograd::engine::evaluate_function: _LinearBackward",14350
23952,6029611305422.250977,116.769000,"_LinearBackward",14351
23953,6029611305444.086914,1.690000,"aten::reshape",14352
23954,6029611305444.537109,0.975000,"aten::view",14353
23955,6029611305485.350586,5.746000,"aten::empty",14354
23958,6029611305533.977539,1.421000,"aten::view",14355
23959,6029611305542.624023,10.142000,"aten::add_",14356
23961,6029611305561.444336,5.429000,"autograd::engine::evaluate_function: ViewBackward0",14357
23962,6029611305562.650391,2.709000,"ViewBackward0",14358
23963,6029611305563.892578,1.128000,"aten::reshape",14359
23964,6029611305564.248047,0.577000,"aten::view",14360
23965,6029611305570.896484,185.495000,"autograd::engine::evaluate_function: SwiGLUFunctionBackward",14361
23966,6029611305571.898438,178.559000,"SwiGLUFunctionBackward",14362
23967,6029611305596.008789,26.033000,"TorchDynamo Cache Lookup",14363
23968,6029611305623.093750,122.915000,"Torch-Compiled Region: 11/2",14364
23969,6029611305632.703125,8.310000,"Pregraph bytecode",14365
23970,6029611305654.569336,5.683000,"AOTDispatcher Runtime Wrapper Prologue",14366
23971,6029611305668.022461,66.920000,"## Call CompiledFxGraph fmhgvddrgwpainfpeazrujdsvu2mdchho7hzv2vrec33wwafabpf ##",14367
23973,6029611305708.436523,23.153000,"triton_poi_fused_add_cat_mul_rsub_sigmoid_silu_split_0",14368
23975,6029611305761.616211,5.425000,"autograd::engine::evaluate_function: ViewBackward0",14369
23976,6029611305762.782227,2.870000,"ViewBackward0",14370
23977,6029611305763.600586,1.802000,"aten::reshape",14371
23978,6029611305764.032227,1.182000,"aten::view",14372
23979,6029611305770.333008,3.848000,"autograd::engine::evaluate_function: AddBackward0",14373
23980,6029611305771.116211,1.286000,"AddBackward0",14374
23981,6029611305777.148438,4.071000,"autograd::engine::evaluate_function: ViewBackward0",14375
23982,6029611305777.903320,2.146000,"ViewBackward0",14376
23983,6029611305778.267578,1.591000,"aten::reshape",14377
23984,6029611305778.535156,1.071000,"aten::view",14378
23985,6029611305784.398438,22.991000,"autograd::engine::evaluate_function: MulBackward0",14379
23986,6029611305785.190430,19.538000,"MulBackward0",14380
23987,6029611305786.589844,17.644000,"aten::mul",14381
23990,6029611305811.114258,124.091000,"autograd::engine::evaluate_function: LinearWithGradAccumulationAndAsyncCommunicationBackward",14382
23991,6029611305812.350586,112.360000,"LinearWithGradAccumulationAndAsyncCommunicationBackward",14383
23992,6029611305830.590820,0.367000,"aten::to",14384
23993,6029611305833.109375,41.990000,"aten::matmul",14385
23994,6029611305834.231445,1.162000,"aten::reshape",14386
23995,6029611305834.494141,0.719000,"aten::view",14387
23996,6029611305835.985352,35.924000,"aten::mm",14388
23999,6029611305872.997070,1.318000,"aten::_unsafe_view",14389
24000,6029611305879.945312,0.605000,"aten::view",14390
24001,6029611305882.454102,0.643000,"aten::view",14391
24002,6029611305884.971680,5.152000,"aten::t",14392
24003,6029611305886.715820,2.848000,"aten::transpose",14393
24004,6029611305888.007812,1.264000,"aten::as_strided",14394
24005,6029611305891.249023,28.040000,"aten::matmul",14395
24006,6029611305891.667969,27.233000,"aten::mm",14396
24011,6029611305942.416992,35.930000,"autograd::engine::evaluate_function: torch::autograd::AccumulateGrad",14397
24013,6029611305946.892578,4.701000,"torch::autograd::AccumulateGrad",14398
24014,6029611305948.983398,2.212000,"aten::detach",14399
24015,6029611305949.477539,1.548000,"detach",14400
24016,6029611305959.430664,12.898000,"aten::add_",14401
24019,6029611305984.044922,8.539000,"autograd::engine::evaluate_function: _CopyToModelParallelRegionBackward",14402
24020,6029611305985.264648,5.508000,"_CopyToModelParallelRegionBackward",14403
24021,6029611305996.005859,4.480000,"autograd::engine::evaluate_function: _GatherFromModelParallelRegionBackward",14404
24022,6029611305997.023438,2.106000,"_GatherFromModelParallelRegionBackward",14405
24023,6029611306003.743164,86.234000,"autograd::engine::evaluate_function: LinearWithGradAccumulationAndAsyncCommunicationBackward",14406
24024,6029611306004.807617,78.503000,"LinearWithGradAccumulationAndAsyncCommunicationBackward",14407
24025,6029611306015.160156,0.273000,"aten::to",14408
24026,6029611306017.097656,26.651000,"aten::matmul",14409
24027,6029611306018.023438,1.438000,"aten::reshape",14410
24028,6029611306018.403320,0.842000,"aten::view",14411
24029,6029611306019.914062,21.677000,"aten::mm",14412
24032,6029611306042.525391,0.620000,"aten::_unsafe_view",14413
24033,6029611306046.785156,0.568000,"aten::view",14414
24034,6029611306049.179688,0.612000,"aten::view",14415
24035,6029611306051.177734,2.952000,"aten::t",14416
24036,6029611306052.152344,1.463000,"aten::transpose",14417
24037,6029611306052.693359,0.712000,"aten::as_strided",14418
24038,6029611306055.174805,24.094000,"aten::matmul",14419
24039,6029611306055.541992,23.407000,"aten::mm",14420
24044,6029611306095.293945,22.560000,"autograd::engine::evaluate_function: torch::autograd::AccumulateGrad",14421
24046,6029611306098.211914,2.838000,"torch::autograd::AccumulateGrad",14422
24047,6029611306099.569336,1.243000,"aten::detach",14423
24048,6029611306100.001953,0.652000,"detach",14424
24049,6029611306105.017578,8.194000,"aten::add_",14425
24052,6029611306123.105469,5.106000,"autograd::engine::evaluate_function: _CopyToModelParallelRegionBackward",14426
24053,6029611306124.078125,2.315000,"_CopyToModelParallelRegionBackward",14427
24054,6029611306132.428711,214.189000,"autograd::engine::evaluate_function: _LayerNormLinearBackward",14428
24055,6029611306133.454102,190.283000,"_LayerNormLinearBackward",14429
24056,6029611306155.032227,1.720000,"aten::reshape",14430
24057,6029611306155.434570,1.074000,"aten::view",14431
24058,6029611306184.636719,5.131000,"aten::empty",14432
24061,6029611306229.036133,1.313000,"aten::view",14433
24062,6029611306232.763672,1.340000,"aten::view_as",14434
24063,6029611306233.382812,0.511000,"aten::view",14435
24064,6029611306236.218750,12.419000,"aten::add",14436
24067,6029611306253.494141,7.591000,"aten::empty_like",14437
24068,6029611306255.338867,5.253000,"aten::empty_strided",14438
24070,6029611306261.668945,4.598000,"aten::empty_like",14439
24071,6029611306262.065430,3.976000,"aten::empty_strided",14440
24073,6029611306272.140625,3.927000,"aten::empty",14441
24078,6029611306308.677734,1.544000,"aten::reshape",14442
24079,6029611306309.066406,0.967000,"aten::view",14443
24080,6029611306314.278320,0.337000,"aten::_has_compatible_shallow_copy_type",14444
24081,6029611306319.606445,0.822000,"aten::view",14445
24082,6029611306332.750000,9.669000,"aten::add",14446
24085,6029611306353.578125,5.329000,"autograd::engine::evaluate_function: AddBackward0",14447
24086,6029611306354.913086,1.625000,"AddBackward0",14448
24087,6029611306362.146484,2.911000,"autograd::engine::evaluate_function: AddBackward0",14449
24088,6029611306362.904297,0.188000,"AddBackward0",14450
24089,6029611306368.231445,4.184000,"autograd::engine::evaluate_function: ViewBackward0",14451
24090,6029611306369.028320,2.035000,"ViewBackward0",14452
24091,6029611306369.586914,1.282000,"aten::reshape",14453
24092,6029611306369.873047,0.827000,"aten::view",14454
24093,6029611306375.588867,19.398000,"autograd::engine::evaluate_function: MulBackward0",14455
24094,6029611306376.349609,16.134000,"MulBackward0",14456
24095,6029611306377.756836,14.231000,"aten::mul",14457
24098,6029611306398.639648,7.344000,"autograd::engine::evaluate_function: _GatherFromModelParallelRegionBackward",14458
24099,6029611306399.631836,4.642000,"_GatherFromModelParallelRegionBackward",14459
24100,6029611306409.550781,117.869000,"autograd::engine::evaluate_function: LinearWithGradAccumulationAndAsyncCommunicationBackward",14460
24101,6029611306410.612305,106.795000,"LinearWithGradAccumulationAndAsyncCommunicationBackward",14461
24102,6029611306424.439453,0.321000,"aten::to",14462
24103,6029611306426.686523,33.509000,"aten::matmul",14463
24104,6029611306427.650391,1.139000,"aten::reshape",14464
24105,6029611306427.963867,0.601000,"aten::view",14465
24106,6029611306429.276367,28.117000,"aten::mm",14466
24109,6029611306458.489258,1.013000,"aten::_unsafe_view",14467
24110,6029611306474.880859,0.587000,"aten::view",14468
24111,6029611306477.507812,0.747000,"aten::view",14469
24112,6029611306479.991211,4.690000,"aten::t",14470
24113,6029611306481.462891,2.649000,"aten::transpose",14471
24114,6029611306482.617188,1.206000,"aten::as_strided",14472
24115,6029611306485.809570,26.358000,"aten::matmul",14473
24116,6029611306486.218750,25.540000,"aten::mm",14474
24121,6029611306533.820312,32.100000,"autograd::engine::evaluate_function: torch::autograd::AccumulateGrad",14475
24123,6029611306537.304688,4.210000,"torch::autograd::AccumulateGrad",14476
24124,6029611306539.193359,1.910000,"aten::detach",14477
24125,6029611306539.791992,1.143000,"detach",14478
24126,6029611306549.469727,11.006000,"aten::add_",14479
24129,6029611306571.316406,6.730000,"autograd::engine::evaluate_function: _CopyToModelParallelRegionBackward",14480
24130,6029611306572.358398,3.985000,"_CopyToModelParallelRegionBackward",14481
24131,6029611306581.742188,3.877000,"autograd::engine::evaluate_function: _ReduceFromModelParallelRegionBackward",14482
24132,6029611306582.607422,1.662000,"_ReduceFromModelParallelRegionBackward",14483
24133,6029611306588.777344,79.480000,"autograd::engine::evaluate_function: LinearWithGradAccumulationAndAsyncCommunicationBackward",14484
24134,6029611306589.824219,71.025000,"LinearWithGradAccumulationAndAsyncCommunicationBackward",14485
24135,6029611306599.455078,0.188000,"aten::to",14486
24136,6029611306601.027344,25.770000,"aten::matmul",14487
24137,6029611306601.841797,1.344000,"aten::reshape",14488
24138,6029611306602.239258,0.785000,"aten::view",14489
24139,6029611306603.639648,21.221000,"aten::mm",14490
24142,6029611306625.666992,0.682000,"aten::_unsafe_view",14491
24143,6029611306629.531250,0.529000,"aten::view",14492
24144,6029611306631.870117,0.612000,"aten::view",14493
24145,6029611306633.843750,3.139000,"aten::t",14494
24146,6029611306634.989258,1.516000,"aten::transpose",14495
24147,6029611306635.590820,0.704000,"aten::as_strided",14496
24148,6029611306637.958008,19.121000,"aten::matmul",14497
24149,6029611306638.371094,18.304000,"aten::mm",14498
24153,6029611306673.056641,21.994000,"autograd::engine::evaluate_function: torch::autograd::AccumulateGrad",14499
24155,6029611306675.863281,2.529000,"torch::autograd::AccumulateGrad",14500
24156,6029611306676.791016,1.310000,"aten::detach",14501
24157,6029611306677.234375,0.714000,"detach",14502
24158,6029611306682.850586,7.741000,"aten::add_",14503
24161,6029611306700.412109,107.363000,"autograd::engine::evaluate_function: _LinearBackward",14504
24162,6029611306701.710938,91.948000,"_LinearBackward",14505
24163,6029611306718.440430,1.584000,"aten::reshape",14506
24164,6029611306718.959961,0.829000,"aten::view",14507
24165,6029611306748.794922,4.233000,"aten::empty",14508
24168,6029611306789.044922,1.188000,"aten::view",14509
24169,6029611306796.941406,7.927000,"aten::add_",14510
24171,6029611306812.420898,5.542000,"autograd::engine::evaluate_function: ViewBackward0",14511
24172,6029611306813.462891,3.039000,"ViewBackward0",14512
24173,6029611306814.416992,1.856000,"aten::reshape",14513
24174,6029611306814.756836,1.315000,"aten::view",14514
24175,6029611306821.325195,2.589000,"autograd::engine::evaluate_function: CloneBackward0",14515
24176,6029611306822.128906,0.353000,"CloneBackward0",14516
24177,6029611306826.990234,4.610000,"autograd::engine::evaluate_function: ViewBackward0",14517
24178,6029611306827.766602,2.476000,"ViewBackward0",14518
24179,6029611306828.236328,1.836000,"aten::reshape",14519
24180,6029611306828.670898,1.222000,"aten::view",14520
24181,6029611306834.844727,8.027000,"autograd::engine::evaluate_function: PermuteBackward0",14521
24182,6029611306835.708984,5.420000,"PermuteBackward0",14522
24183,6029611306836.940430,3.903000,"aten::permute",14523
24184,6029611306839.173828,0.989000,"aten::as_strided",14524
24185,6029611306846.060547,8.582000,"autograd::engine::evaluate_function: ViewBackward0",14525
24186,6029611306846.838867,6.469000,"ViewBackward0",14526
24187,6029611306847.196289,5.889000,"aten::reshape",14527
24188,6029611306850.622070,2.189000,"aten::_reshape_alias",14528
24189,6029611306857.725586,34.942000,"autograd::engine::evaluate_function: BmmBackward0",14529
24190,6029611306858.597656,29.441000,"BmmBackward0",14530
24191,6029611306860.072266,2.276000,"aten::transpose",14531
24192,6029611306861.471680,0.324000,"aten::as_strided",14532
24193,6029611306863.490234,23.907000,"aten::bmm",14533
24196,6029611306896.481445,5.233000,"autograd::engine::evaluate_function: ReshapeAliasBackward0",14534
24197,6029611306897.503906,2.541000,"ReshapeAliasBackward0",14535
24198,6029611306898.235352,1.605000,"aten::reshape",14536
24199,6029611306898.738281,0.874000,"aten::view",14537
24200,6029611306904.905273,4.897000,"autograd::engine::evaluate_function: PermuteBackward0",14538
24201,6029611306905.781250,2.508000,"PermuteBackward0",14539
24202,6029611306906.383789,1.706000,"aten::permute",14540
24203,6029611306907.211914,0.460000,"aten::as_strided",14541
24204,6029611306912.853516,4.063000,"autograd::engine::evaluate_function: PermuteBackward0",14542
24205,6029611306913.668945,1.948000,"PermuteBackward0",14543
24206,6029611306914.124023,1.313000,"aten::permute",14544
24207,6029611306914.731445,0.375000,"aten::as_strided",14545
24208,6029611306920.317383,6.936000,"autograd::engine::evaluate_function: UnsqueezeBackward0",14546
24209,6029611306921.175781,4.653000,"UnsqueezeBackward0",14547
24210,6029611306922.315430,3.286000,"aten::squeeze",14548
24211,6029611306924.397461,0.419000,"aten::as_strided",14549
24212,6029611306930.946289,358.130000,"autograd::engine::evaluate_function: FusedSparseAttentionFuncBackward",14550
24213,6029611306931.900391,346.123000,"FusedSparseAttentionFuncBackward",14551
24214,6029611306941.786133,2.008000,"aten::reshape",14552
24215,6029611306942.692383,0.887000,"aten::_reshape_alias",14553
24216,6029611307068.301758,28.865000,"aten::contiguous",14554
24217,6029611307069.542969,27.370000,"aten::clone",14555
24218,6029611307072.405273,6.972000,"aten::empty_like",14556
24219,6029611307073.641602,5.269000,"aten::empty",14557
24221,6029611307080.527344,15.961000,"aten::copy_",14558
24223,6029611307102.268555,6.192000,"aten::empty_like",14559
24224,6029611307103.602539,4.540000,"aten::empty_strided",14560
24226,6029611307114.494141,18.328000,"aten::zeros",14561
24227,6029611307115.923828,3.465000,"aten::empty",14562
24229,6029611307120.631836,11.872000,"aten::zero_",14563
24230,6029611307122.063477,9.768000,"aten::fill_",14564
24232,6029611307135.928711,15.143000,"aten::zeros_like",14565
24233,6029611307136.559570,5.153000,"aten::empty_like",14566
24234,6029611307137.209961,4.243000,"aten::empty_strided",14567
24236,6029611307142.260742,8.603000,"aten::zero_",14568
24237,6029611307142.838867,7.481000,"aten::fill_",14569
24239,6029611307157.825195,15.757000,"aten::zeros",14570
24240,6029611307158.607422,4.014000,"aten::empty",14571
24242,6029611307163.058594,10.343000,"aten::zero_",14572
24243,6029611307163.970703,8.878000,"aten::fill_",14573
24245,6029611307176.365234,12.077000,"aten::zeros",14574
24246,6029611307176.925781,3.429000,"aten::empty",14575
24248,6029611307180.916016,7.316000,"aten::zero_",14576
24249,6029611307181.781250,5.889000,"aten::fill_",14577
24255,6029611307267.428711,2.897000,"aten::reshape",14578
24256,6029611307267.910156,2.160000,"aten::view",14579
24257,6029611307273.342773,1.354000,"aten::reshape",14580
24258,6029611307273.709961,0.797000,"aten::view",14581
24259,6029611307296.201172,9.218000,"autograd::engine::evaluate_function: SqueezeBackward1",14582
24260,6029611307297.674805,5.746000,"SqueezeBackward1",14583
24261,6029611307299.482422,3.543000,"aten::unsqueeze",14584
24262,6029611307301.478516,0.665000,"aten::as_strided",14585
24263,6029611307309.047852,42.232000,"autograd::engine::evaluate_function: IndexSelectBackward0",14586
24264,6029611307309.913086,38.195000,"IndexSelectBackward0",14587
24265,6029611307311.577148,36.222000,"aten::index_select_backward",14588
24266,6029611307312.919922,15.940000,"aten::new_zeros",14589
24267,6029611307314.488281,5.213000,"aten::new_empty",14590
24268,6029611307315.201172,4.256000,"aten::empty",14591
24270,6029611307320.380859,8.186000,"aten::zero_",14592
24271,6029611307321.101562,6.850000,"aten::fill_",14593
24273,6029611307330.072266,17.373000,"aten::index_add_",14594
24275,6029611307355.152344,166.177000,"autograd::engine::evaluate_function: _GatherFromSequenceParallelRegionBackward",14595
24276,6029611307356.445312,161.106000,"_GatherFromSequenceParallelRegionBackward",14596
24277,6029611307370.739258,3.985000,"aten::empty",14597
24279,6029611307401.891602,110.639000,"c10d::_reduce_scatter_base_",14598
24280,6029611307420.081055,88.855000,"record_param_comms",14599
24293,6029611307525.871094,9.065000,"autograd::engine::evaluate_function: UnsqueezeBackward0",14601
24294,6029611307526.994141,6.373000,"UnsqueezeBackward0",14602
24295,6029611307528.636719,4.492000,"aten::squeeze",14603
24296,6029611307531.256836,0.703000,"aten::as_strided",14604
24297,6029611307538.139648,4.471000,"autograd::engine::evaluate_function: UnsqueezeBackward0",14605
24298,6029611307538.940430,1.991000,"UnsqueezeBackward0",14606
24299,6029611307539.300781,1.485000,"aten::squeeze",14607
24300,6029611307540.015625,0.184000,"aten::as_strided",14608
24301,6029611307545.732422,15.411000,"autograd::engine::evaluate_function: CatBackward0",14609
24302,6029611307546.605469,12.057000,"CatBackward0",14610
24303,6029611307548.169922,7.513000,"aten::narrow",14611
24304,6029611307550.347656,4.724000,"aten::slice",14612
24305,6029611307552.647461,0.730000,"aten::as_strided",14613
24306,6029611307556.352539,1.763000,"aten::narrow",14614
24307,6029611307556.721680,1.215000,"aten::slice",14615
24308,6029611307557.273438,0.227000,"aten::as_strided",14616
24309,6029611307564.416016,7.784000,"autograd::engine::evaluate_function: CatBackward0",14617
24310,6029611307565.171875,4.849000,"CatBackward0",14618
24311,6029611307565.546875,2.056000,"aten::narrow",14619
24312,6029611307565.921875,1.494000,"aten::slice",14620
24313,6029611307566.726562,0.262000,"aten::as_strided",14621
24314,6029611307568.127930,1.687000,"aten::narrow",14622
24315,6029611307568.530273,1.128000,"aten::slice",14623
24316,6029611307569.153320,0.167000,"aten::as_strided",14624
24317,6029611307575.417969,6.152000,"autograd::engine::evaluate_function: SqueezeBackward1",14625
24318,6029611307576.403320,3.665000,"SqueezeBackward1",14626
24319,6029611307577.313477,2.513000,"aten::unsqueeze",14627
24320,6029611307578.700195,0.385000,"aten::as_strided",14628
24321,6029611307584.550781,7.311000,"autograd::engine::evaluate_function: CatBackward0",14629
24322,6029611307585.275391,4.488000,"CatBackward0",14630
24323,6029611307585.722656,1.770000,"aten::narrow",14631
24324,6029611307586.069336,1.243000,"aten::slice",14632
24325,6029611307586.625977,0.259000,"aten::as_strided",14633
24326,6029611307587.908203,1.693000,"aten::narrow",14634
24327,6029611307588.231445,1.212000,"aten::slice",14635
24328,6029611307588.703125,0.315000,"aten::as_strided",14636
24329,6029611307595.209961,4.031000,"autograd::engine::evaluate_function: AddBackward0",14637
24330,6029611307596.012695,1.034000,"AddBackward0",14638
24331,6029611307602.389648,23.922000,"autograd::engine::evaluate_function: MulBackward0",14639
24332,6029611307603.199219,20.171000,"MulBackward0",14640
24333,6029611307604.899414,18.080000,"aten::mul",14641
24336,6029611307629.704102,7.990000,"autograd::engine::evaluate_function: CatBackward0",14642
24337,6029611307630.471680,5.103000,"CatBackward0",14643
24338,6029611307630.879883,2.099000,"aten::narrow",14644
24339,6029611307631.281250,1.500000,"aten::slice",14645
24340,6029611307631.849609,0.357000,"aten::as_strided",14646
24341,6029611307633.400391,1.942000,"aten::narrow",14647
24342,6029611307633.779297,1.393000,"aten::slice",14648
24343,6029611307634.417969,0.301000,"aten::as_strided",14649
24344,6029611307640.859375,17.470000,"autograd::engine::evaluate_function: NegBackward0",14650
24345,6029611307641.868164,14.734000,"NegBackward0",14651
24346,6029611307643.071289,13.157000,"aten::neg",14652
24349,6029611307661.750977,22.641000,"autograd::engine::evaluate_function: SplitBackward0",14653
24350,6029611307662.607422,19.726000,"SplitBackward0",14654
24351,6029611307664.271484,17.576000,"aten::cat",14655
24354,6029611307687.724609,27.013000,"autograd::engine::evaluate_function: MulBackward0",14656
24355,6029611307688.596680,9.725000,"MulBackward0",14657
24356,6029611307689.266602,8.759000,"aten::mul",14658
24359,6029611307701.911133,10.748000,"aten::add_",14659
24361,6029611307718.257812,8.523000,"autograd::engine::evaluate_function: CatBackward0",14660
24362,6029611307719.039062,5.704000,"CatBackward0",14661
24363,6029611307719.858398,2.645000,"aten::narrow",14662
24364,6029611307720.517578,1.740000,"aten::slice",14663
24365,6029611307721.292969,0.373000,"aten::as_strided",14664
24366,6029611307722.991211,1.542000,"aten::narrow",14665
24367,6029611307723.366211,1.003000,"aten::slice",14666
24368,6029611307723.821289,0.170000,"aten::as_strided",14667
24369,6029611307729.975586,34.829000,"autograd::engine::evaluate_function: SliceBackward0",14668
24370,6029611307730.711914,32.927000,"SliceBackward0",14669
24371,6029611307732.630859,30.366000,"aten::slice_backward",14670
24372,6029611307734.379883,14.224000,"aten::zeros",14671
24373,6029611307735.666016,3.418000,"aten::empty",14672
24375,6029611307739.845703,8.492000,"aten::zero_",14673
24376,6029611307740.643555,7.094000,"aten::fill_",14674
24378,6029611307749.449219,0.959000,"aten::slice",14675
24379,6029611307749.903320,0.291000,"aten::as_strided",14676
24380,6029611307751.289062,10.978000,"aten::copy_",14677
24382,6029611307768.142578,32.390000,"autograd::engine::evaluate_function: SliceBackward0",14678
24383,6029611307769.013672,21.237000,"SliceBackward0",14679
24384,6029611307769.576172,20.489000,"aten::slice_backward",14680
24385,6029611307770.346680,10.921000,"aten::zeros",14681
24386,6029611307770.884766,3.550000,"aten::empty",14682
24388,6029611307774.856445,6.217000,"aten::zero_",14683
24389,6029611307775.457031,5.063000,"aten::fill_",14684
24391,6029611307781.695312,1.020000,"aten::slice",14685
24392,6029611307782.180664,0.325000,"aten::as_strided",14686
24393,6029611307783.133789,6.608000,"aten::copy_",14687
24395,6029611307792.188477,6.435000,"aten::add_",14688
24397,6029611307803.946289,16.157000,"autograd::engine::evaluate_function: SliceBackward0",14689
24398,6029611307804.752930,14.112000,"SliceBackward0",14690
24399,6029611307805.232422,13.455000,"aten::slice_backward",14691
24400,6029611307805.732422,10.358000,"aten::zeros",14692
24401,6029611307806.242188,3.073000,"aten::empty",14693
24403,6029611307809.806641,6.105000,"aten::zero_",14694
24404,6029611307810.365234,5.024000,"aten::fill_",14695
24406,6029611307816.525391,0.867000,"aten::slice",14696
24407,6029611307816.931641,0.250000,"aten::as_strided",14697
24408,6029611307817.766602,0.704000,"aten::copy_",14698
24409,6029611307823.450195,9.838000,"autograd::engine::evaluate_function: AliasBackward0",14699
24410,6029611307824.385742,0.291000,"AliasBackward0",14700
24411,6029611307825.881836,5.421000,"aten::add_",14701
24413,6029611307836.613281,4.689000,"autograd::engine::evaluate_function: UnsqueezeBackward0",14702
24414,6029611307837.528320,2.373000,"UnsqueezeBackward0",14703
24415,6029611307838.120117,1.580000,"aten::squeeze",14704
24416,6029611307838.955078,0.222000,"aten::as_strided",14705
24417,6029611307844.414062,4.721000,"autograd::engine::evaluate_function: SqueezeBackward1",14706
24418,6029611307845.298828,2.384000,"SqueezeBackward1",14707
24419,6029611307845.792969,1.664000,"aten::unsqueeze",14708
24420,6029611307846.625000,0.313000,"aten::as_strided",14709
24421,6029611307852.309570,7.696000,"autograd::engine::evaluate_function: CatBackward0",14710
24422,6029611307853.070312,5.021000,"CatBackward0",14711
24423,6029611307853.519531,2.190000,"aten::narrow",14712
24424,6029611307853.976562,1.527000,"aten::slice",14713
24425,6029611307854.655273,0.274000,"aten::as_strided",14714
24426,6029611307856.231445,1.649000,"aten::narrow",14715
24427,6029611307856.626953,1.049000,"aten::slice",14716
24428,6029611307857.103516,0.175000,"aten::as_strided",14717
24429,6029611307863.204102,2.943000,"autograd::engine::evaluate_function: AddBackward0",14718
24430,6029611307863.942383,0.332000,"AddBackward0",14719
24431,6029611307869.119141,20.789000,"autograd::engine::evaluate_function: MulBackward0",14720
24432,6029611307869.829102,17.111000,"MulBackward0",14721
24433,6029611307870.450195,16.200000,"aten::mul",14722
24437,6029611307893.231445,7.451000,"autograd::engine::evaluate_function: CatBackward0",14723
24438,6029611307894.013672,4.708000,"CatBackward0",14724
24439,6029611307894.504883,2.010000,"aten::narrow",14725
24440,6029611307894.942383,1.381000,"aten::slice",14726
24441,6029611307895.544922,0.259000,"aten::as_strided",14727
24442,6029611307896.965820,1.549000,"aten::narrow",14728
24443,6029611307897.319336,1.032000,"aten::slice",14729
24444,6029611307897.756836,0.206000,"aten::as_strided",14730
24445,6029611307903.981445,11.900000,"autograd::engine::evaluate_function: NegBackward0",14731
24446,6029611307904.690430,9.756000,"NegBackward0",14732
24447,6029611307905.096680,9.122000,"aten::neg",14733
24450,6029611307919.157227,13.565000,"autograd::engine::evaluate_function: SplitBackward0",14734
24451,6029611307920.046875,10.590000,"SplitBackward0",14735
24452,6029611307920.591797,9.750000,"aten::cat",14736
24455,6029611307935.921875,25.022000,"autograd::engine::evaluate_function: MulBackward0",14737
24456,6029611307936.629883,14.033000,"MulBackward0",14738
24457,6029611307937.169922,13.178000,"aten::mul",14739
24461,6029611307953.150391,5.918000,"aten::add_",14740
24463,6029611307964.422852,7.462000,"autograd::engine::evaluate_function: CatBackward0",14741
24464,6029611307965.239258,4.716000,"CatBackward0",14742
24465,6029611307965.688477,2.118000,"aten::narrow",14743
24466,6029611307966.167969,1.426000,"aten::slice",14744
24467,6029611307966.783203,0.280000,"aten::as_strided",14745
24468,6029611307968.333984,1.423000,"aten::narrow",14746
24469,6029611307968.660156,0.938000,"aten::slice",14747
24470,6029611307969.082031,0.147000,"aten::as_strided",14748
24471,6029611307974.996094,23.057000,"autograd::engine::evaluate_function: SliceBackward0",14749
24472,6029611307975.823242,21.092000,"SliceBackward0",14750
24473,6029611307976.274414,20.446000,"aten::slice_backward",14751
24474,6029611307976.872070,11.117000,"aten::zeros",14752
24475,6029611307977.518555,3.127000,"aten::empty",14753
24477,6029611307981.152344,6.647000,"aten::zero_",14754
24478,6029611307981.846680,5.381000,"aten::fill_",14755
24480,6029611307988.465820,0.875000,"aten::slice",14756
24481,6029611307988.865234,0.233000,"aten::as_strided",14757
24482,6029611307989.817383,6.543000,"aten::copy_",14758
24484,6029611308001.429688,32.073000,"autograd::engine::evaluate_function: SliceBackward0",14759
24485,6029611308002.618164,20.988000,"SliceBackward0",14760
24486,6029611308003.127930,20.297000,"aten::slice_backward",14761
24487,6029611308003.610352,11.103000,"aten::zeros",14762
24488,6029611308004.147461,3.118000,"aten::empty",14763
24490,6029611308007.705078,6.831000,"aten::zero_",14764
24491,6029611308008.250000,5.745000,"aten::fill_",14765
24493,6029611308015.136719,0.943000,"aten::slice",14766
24494,6029611308015.519531,0.341000,"aten::as_strided",14767
24495,6029611308016.498047,6.628000,"aten::copy_",14768
24497,6029611308025.552734,6.187000,"aten::add_",14769
24499,6029611308036.849609,15.797000,"autograd::engine::evaluate_function: SliceBackward0",14770
24500,6029611308037.688477,13.761000,"SliceBackward0",14771
24501,6029611308038.086914,13.175000,"aten::slice_backward",14772
24502,6029611308038.521484,10.272000,"aten::zeros",14773
24503,6029611308039.093750,3.140000,"aten::empty",14774
24505,6029611308042.715820,5.922000,"aten::zero_",14775
24506,6029611308043.220703,4.865000,"aten::fill_",14776
24508,6029611308049.217773,0.851000,"aten::slice",14777
24509,6029611308049.652344,0.221000,"aten::as_strided",14778
24510,6029611308050.458008,0.572000,"aten::copy_",14779
24511,6029611308055.849609,9.538000,"autograd::engine::evaluate_function: AliasBackward0",14780
24512,6029611308056.742188,0.262000,"AliasBackward0",14781
24513,6029611308058.112305,5.527000,"aten::add_",14782
24515,6029611308068.646484,4.189000,"autograd::engine::evaluate_function: UnsqueezeBackward0",14783
24516,6029611308069.493164,2.165000,"UnsqueezeBackward0",14784
24517,6029611308069.969727,1.527000,"aten::squeeze",14785
24518,6029611308070.758789,0.240000,"aten::as_strided",14786
24519,6029611308076.130859,2.338000,"autograd::engine::evaluate_function: CloneBackward0",14787
24520,6029611308077.032227,0.170000,"CloneBackward0",14788
24521,6029611308081.689453,8.766000,"autograd::engine::evaluate_function: ViewBackward0",14789
24522,6029611308082.441406,6.566000,"ViewBackward0",14790
24523,6029611308083.325195,5.450000,"aten::reshape",14791
24524,6029611308086.261719,2.203000,"aten::_reshape_alias",14792
24525,6029611308093.684570,6.521000,"autograd::engine::evaluate_function: PermuteBackward0",14793
24526,6029611308094.499023,4.195000,"PermuteBackward0",14794
24527,6029611308095.625000,2.790000,"aten::permute",14795
24528,6029611308097.478516,0.382000,"aten::as_strided",14796
24529,6029611308103.345703,4.184000,"autograd::engine::evaluate_function: ViewBackward0",14797
24530,6029611308104.095703,2.181000,"ViewBackward0",14798
24531,6029611308104.442383,1.675000,"aten::reshape",14799
24532,6029611308105.169922,0.680000,"aten::_reshape_alias",14800
24533,6029611308110.916992,61.486000,"autograd::engine::evaluate_function: BmmBackward0",14801
24534,6029611308111.646484,56.806000,"BmmBackward0",14802
24535,6029611308113.051758,2.518000,"aten::transpose",14803
24536,6029611308114.449219,0.443000,"aten::as_strided",14804
24537,6029611308116.519531,51.312000,"aten::bmm",14805
24540,6029611308176.197266,5.879000,"autograd::engine::evaluate_function: ReshapeAliasBackward0",14806
24541,6029611308177.016602,3.559000,"ReshapeAliasBackward0",14807
24542,6029611308177.641602,2.763000,"aten::reshape",14808
24543,6029611308178.267578,1.892000,"aten::view",14809
24544,6029611308185.287109,4.705000,"autograd::engine::evaluate_function: PermuteBackward0",14810
24545,6029611308186.077148,2.357000,"PermuteBackward0",14811
24546,6029611308186.635742,1.606000,"aten::permute",14812
24547,6029611308187.501953,0.328000,"aten::as_strided",14813
24548,6029611308193.178711,4.346000,"autograd::engine::evaluate_function: PermuteBackward0",14814
24549,6029611308194.022461,2.086000,"PermuteBackward0",14815
24550,6029611308194.547852,1.370000,"aten::permute",14816
24551,6029611308195.194336,0.417000,"aten::as_strided",14817
24552,6029611308201.114258,4.250000,"autograd::engine::evaluate_function: UnsqueezeBackward0",14818
24553,6029611308201.932617,1.891000,"UnsqueezeBackward0",14819
24554,6029611308202.281250,1.398000,"aten::squeeze",14820
24555,6029611308203.023438,0.245000,"aten::as_strided",14821
24556,6029611308208.642578,16.096000,"autograd::engine::evaluate_function: SplitWithSizesBackward0",14822
24557,6029611308209.467773,12.791000,"SplitWithSizesBackward0",14823
24558,6029611308210.108398,11.818000,"aten::cat",14824
24561,6029611308228.000000,4.065000,"autograd::engine::evaluate_function: UnsqueezeBackward0",14825
24562,6029611308228.835938,1.829000,"UnsqueezeBackward0",14826
24563,6029611308229.194336,1.327000,"aten::squeeze",14827
24564,6029611308229.859375,0.248000,"aten::as_strided",14828
24565,6029611308235.156250,3.927000,"autograd::engine::evaluate_function: UnsqueezeBackward0",14829
24566,6029611308235.983398,1.836000,"UnsqueezeBackward0",14830
24567,6029611308236.418945,1.234000,"aten::squeeze",14831
24568,6029611308237.029297,0.230000,"aten::as_strided",14832
24569,6029611308242.223633,3.669000,"autograd::engine::evaluate_function: ViewBackward0",14833
24570,6029611308243.038086,1.690000,"ViewBackward0",14834
24571,6029611308243.509766,1.055000,"aten::reshape",14835
24572,6029611308243.836914,0.566000,"aten::view",14836
24573,6029611308249.245117,3.306000,"autograd::engine::evaluate_function: AddBackward0",14837
24574,6029611308250.083984,0.360000,"AddBackward0",14838
24575,6029611308255.593750,3.711000,"autograd::engine::evaluate_function: ViewBackward0",14839
24576,6029611308256.329102,1.784000,"ViewBackward0",14840
24577,6029611308256.733398,1.236000,"aten::reshape",14841
24578,6029611308257.204102,0.590000,"aten::view",14842
24579,6029611308262.328125,17.004000,"autograd::engine::evaluate_function: MulBackward0",14843
24580,6029611308263.102539,13.915000,"MulBackward0",14844
24581,6029611308263.869141,12.753000,"aten::mul",14845
24584,6029611308283.150391,161.513000,"autograd::engine::evaluate_function: LinearWithGradAccumulationAndAsyncCommunicationBackward",14846
24585,6029611308284.454102,148.907000,"LinearWithGradAccumulationAndAsyncCommunicationBackward",14847
24586,6029611308316.553711,0.412000,"aten::to",14848
24587,6029611308363.386719,33.308000,"aten::matmul",14849
24588,6029611308364.910156,31.191000,"aten::mm",14850
24591,6029611308401.695312,3.892000,"aten::t",14851
24592,6029611308403.439453,1.431000,"aten::transpose",14852
24593,6029611308404.175781,0.490000,"aten::as_strided",14853
24594,6029611308406.810547,20.029000,"aten::matmul",14854
24595,6029611308407.183594,19.254000,"aten::mm",14855
24599,6029611308452.180664,47.509000,"autograd::engine::evaluate_function: torch::autograd::AccumulateGrad",14856
24601,6029611308456.503906,5.635000,"torch::autograd::AccumulateGrad",14857
24602,6029611308458.835938,2.752000,"aten::detach",14858
24603,6029611308459.554688,1.877000,"detach",14859
24604,6029611308481.155273,12.019000,"aten::add_",14860
24607,6029611308506.035156,10.609000,"autograd::engine::evaluate_function: _CopyToModelParallelRegionBackward",14861
24608,6029611308507.248047,7.520000,"_CopyToModelParallelRegionBackward",14862
24609,6029611308520.264648,5.186000,"autograd::engine::evaluate_function: _GatherFromModelParallelRegionBackward",14863
24610,6029611308521.326172,2.610000,"_GatherFromModelParallelRegionBackward",14864
24611,6029611308528.864258,85.663000,"autograd::engine::evaluate_function: LinearWithGradAccumulationAndAsyncCommunicationBackward",14865
24612,6029611308530.029297,76.395000,"LinearWithGradAccumulationAndAsyncCommunicationBackward",14866
24613,6029611308542.372070,0.250000,"aten::to",14867
24614,6029611308544.261719,24.506000,"aten::matmul",14868
24615,6029611308544.768555,23.557000,"aten::mm",14869
24618,6029611308571.118164,2.653000,"aten::t",14870
24619,6029611308571.822266,1.278000,"aten::transpose",14871
24620,6029611308572.429688,0.463000,"aten::as_strided",14872
24621,6029611308574.816406,27.519000,"aten::matmul",14873
24622,6029611308575.152344,26.736000,"aten::mm",14874
24627,6029611308619.571289,24.333000,"autograd::engine::evaluate_function: torch::autograd::AccumulateGrad",14875
24629,6029611308623.143555,2.671000,"torch::autograd::AccumulateGrad",14876
24630,6029611308624.242188,1.278000,"aten::detach",14877
24631,6029611308624.779297,0.594000,"detach",14878
24632,6029611308630.556641,8.434000,"aten::add_",14879
24635,6029611308649.134766,4.991000,"autograd::engine::evaluate_function: _CopyToModelParallelRegionBackward",14880
24636,6029611308650.239258,2.527000,"_CopyToModelParallelRegionBackward",14881
24637,6029611308657.975586,128.747000,"autograd::engine::evaluate_function: _LinearBackward",14882
24638,6029611308659.028320,111.845000,"_LinearBackward",14883
24639,6029611308682.457031,2.356000,"aten::reshape",14884
24640,6029611308682.851562,1.742000,"aten::view",14885
24641,6029611308718.842773,4.662000,"aten::empty",14886
24644,6029611308765.429688,1.516000,"aten::view",14887
24645,6029611308775.111328,8.671000,"aten::add_",14888
24647,6029611308791.951172,146.943000,"autograd::engine::evaluate_function: _OperationFuserAutogradFunctionBackward",14889
24648,6029611308793.074219,140.389000,"_OperationFuserAutogradFunctionBackward",14890
24649,6029611308830.566406,22.139000,"aten::contiguous",14891
24650,6029611308831.621094,20.849000,"aten::clone",14892
24651,6029611308833.749023,5.761000,"aten::empty_like",14893
24652,6029611308834.705078,4.377000,"aten::empty",14894
24654,6029611308840.570312,11.365000,"aten::copy_",14895
24656,6029611308859.060547,1.040000,"aten::view",14896
24657,6029611308863.958984,1.671000,"aten::view",14897
24658,6029611308869.658203,7.305000,"aten::empty_like",14898
24659,6029611308871.246094,5.323000,"aten::empty_strided",14899
24661,6029611308877.529297,4.377000,"aten::empty_like",14900
24662,6029611308878.179688,3.450000,"aten::empty_strided",14901
24664,6029611308888.555664,3.820000,"aten::empty",14902
24668,6029611308910.936523,0.370000,"aten::_has_compatible_shallow_copy_type",14903
24669,6029611308913.368164,0.046000,"aten::_has_compatible_shallow_copy_type",14904
24670,6029611308917.806641,0.835000,"aten::view",14905
24671,6029611308921.066406,0.783000,"aten::view",14906
24672,6029611308943.663086,76.149000,"autograd::engine::evaluate_function: _OperationFuserAutogradFunctionBackward",14907
24673,6029611308944.827148,69.907000,"_OperationFuserAutogradFunctionBackward",14908
24674,6029611308961.643555,0.725000,"aten::view",14909
24675,6029611308965.123047,1.146000,"aten::view",14910
24676,6029611308968.305664,5.134000,"aten::empty_like",14911
24677,6029611308969.017578,4.151000,"aten::empty_strided",14912
24679,6029611308974.031250,3.409000,"aten::empty_like",14913
24680,6029611308974.384766,2.845000,"aten::empty_strided",14914
24682,6029611308981.108398,3.061000,"aten::empty",14915
24686,6029611308999.776367,0.094000,"aten::_has_compatible_shallow_copy_type",14916
24687,6029611309001.072266,0.038000,"aten::_has_compatible_shallow_copy_type",14917
24688,6029611309004.526367,0.896000,"aten::view",14918
24689,6029611309007.560547,0.640000,"aten::view",14919
24690,6029611309024.191406,9.200000,"autograd::engine::evaluate_function: SqueezeBackward1",14920
24691,6029611309025.236328,6.623000,"SqueezeBackward1",14921
24692,6029611309027.410156,3.989000,"aten::unsqueeze",14922
24693,6029611309029.721680,0.836000,"aten::as_strided",14923
24694,6029611309036.650391,4.557000,"autograd::engine::evaluate_function: SqueezeBackward1",14924
24695,6029611309037.431641,1.997000,"SqueezeBackward1",14925
24696,6029611309037.952148,1.287000,"aten::unsqueeze",14926
24697,6029611309038.627930,0.211000,"aten::as_strided",14927
24698,6029611309044.416992,3.826000,"autograd::engine::evaluate_function: SqueezeBackward1",14928
24699,6029611309045.188477,1.677000,"SqueezeBackward1",14929
24700,6029611309045.572266,1.115000,"aten::unsqueeze",14930
24701,6029611309046.181641,0.150000,"aten::as_strided",14931
24702,6029611309051.389648,21.795000,"autograd::engine::evaluate_function: SplitWithSizesBackward0",14932
24703,6029611309052.282227,17.683000,"SplitWithSizesBackward0",14933
24704,6029611309053.403320,16.141000,"aten::cat",14934
24707,6029611309076.747070,3.769000,"autograd::engine::evaluate_function: AddBackward0",14935
24708,6029611309077.625977,0.962000,"AddBackward0",14936
24709,6029611309083.664062,4.383000,"autograd::engine::evaluate_function: ViewBackward0",14937
24710,6029611309084.478516,2.335000,"ViewBackward0",14938
24711,6029611309085.405273,1.226000,"aten::reshape",14939
24712,6029611309085.784180,0.683000,"aten::view",14940
24713,6029611309091.181641,19.641000,"autograd::engine::evaluate_function: MulBackward0",14941
24714,6029611309091.931641,16.207000,"MulBackward0",14942
24715,6029611309093.349609,14.362000,"aten::mul",14943
24718,6029611309114.642578,149.534000,"autograd::engine::evaluate_function: _LinearBackward",14944
24719,6029611309115.565430,138.053000,"_LinearBackward",14945
24720,6029611309129.685547,1.405000,"aten::reshape",14946
24721,6029611309130.180664,0.715000,"aten::view",14947
24722,6029611309154.185547,3.881000,"aten::empty",14948
24725,6029611309211.497070,4.022000,"aten::empty",14949
24729,6029611309248.480469,1.390000,"aten::view",14950
24731,6029611309271.512695,36.789000,"autograd::engine::evaluate_function: torch::autograd::AccumulateGrad",14951
24733,6029611309275.777344,4.666000,"torch::autograd::AccumulateGrad",14952
24734,6029611309277.827148,2.100000,"aten::detach",14953
24735,6029611309278.508789,1.199000,"detach",14954
24736,6029611309289.314453,12.921000,"aten::add_",14955
24739,6029611309314.342773,112.988000,"autograd::engine::evaluate_function: _LinearBackward",14956
24740,6029611309315.431641,104.355000,"_LinearBackward",14957
24741,6029611309327.567383,1.850000,"aten::reshape",14958
24742,6029611309328.064453,1.153000,"aten::view",14959
24743,6029611309343.072266,4.057000,"aten::empty",14960
24746,6029611309382.991211,3.802000,"aten::empty",14961
24750,6029611309415.374023,1.237000,"aten::view",14962
24752,6029611309432.807617,25.763000,"autograd::engine::evaluate_function: torch::autograd::AccumulateGrad",14963
24754,6029611309436.108398,2.788000,"torch::autograd::AccumulateGrad",14964
24755,6029611309437.328125,1.136000,"aten::detach",14965
24756,6029611309437.630859,0.673000,"detach",14966
24757,6029611309443.779297,9.349000,"aten::add_",14967
24760,6029611309474.584961,79.646000,"autograd::engine::evaluate_function: _LinearBackward",14968
24761,6029611309475.670898,58.492000,"_LinearBackward",14969
24762,6029611309486.518555,1.491000,"aten::reshape",14970
24763,6029611309486.883789,0.874000,"aten::view",14971
24764,6029611309500.305664,4.062000,"aten::empty",14972
24767,6029611309530.327148,1.187000,"aten::view",14973
24768,6029611309538.818359,11.962000,"aten::add",14974
24771,6029611309558.852539,4.401000,"autograd::engine::evaluate_function: AddBackward0",14975
24772,6029611309559.772461,1.374000,"AddBackward0",14976
24773,6029611309566.419922,4.233000,"autograd::engine::evaluate_function: ViewBackward0",14977
24774,6029611309567.149414,2.202000,"ViewBackward0",14978
24775,6029611309567.764648,1.388000,"aten::reshape",14979
24776,6029611309568.084961,0.908000,"aten::view",14980
24777,6029611309573.713867,17.421000,"autograd::engine::evaluate_function: MulBackward0",14981
24778,6029611309574.504883,14.284000,"MulBackward0",14982
24779,6029611309575.633789,12.776000,"aten::mul",14983
24782,6029611309594.629883,105.371000,"autograd::engine::evaluate_function: _LinearBackward",14984
24783,6029611309595.591797,95.946000,"_LinearBackward",14985
24784,6029611309605.674805,1.300000,"aten::reshape",14986
24785,6029611309606.064453,0.706000,"aten::view",14987
24786,6029611309619.171875,3.887000,"aten::empty",14988
24789,6029611309656.563477,3.627000,"aten::empty",14989
24793,6029611309687.403320,1.159000,"aten::view",14990
24795,6029611309705.694336,27.134000,"autograd::engine::evaluate_function: torch::autograd::AccumulateGrad",14991
24797,6029611309708.695312,3.359000,"torch::autograd::AccumulateGrad",14992
24798,6029611309709.943359,1.641000,"aten::detach",14993
24799,6029611309710.508789,0.900000,"detach",14994
24800,6029611309717.754883,10.086000,"aten::add_",14995
24803,6029611309738.191406,112.054000,"autograd::engine::evaluate_function: _LinearBackward",14996
24804,6029611309739.327148,92.000000,"_LinearBackward",14997
24805,6029611309749.699219,1.453000,"aten::reshape",14998
24806,6029611309750.043945,0.924000,"aten::view",14999
24807,6029611309762.580078,3.991000,"aten::empty",15000
24810,6029611309797.948242,3.845000,"aten::empty",15001
24814,6029611309827.303711,1.141000,"aten::view",15002
24816,6029611309839.808594,7.791000,"aten::add_",15003
24818,6029611309860.537109,27.919000,"autograd::engine::evaluate_function: torch::autograd::AccumulateGrad",15004
24820,6029611309863.328125,2.977000,"torch::autograd::AccumulateGrad",15005
24821,6029611309864.381836,1.584000,"aten::detach",15006
24822,6029611309864.926758,0.860000,"detach",15007
24823,6029611309871.654297,11.957000,"aten::add_",15008
24826,6029611309893.784180,70.620000,"autograd::engine::evaluate_function: _LinearBackward",15009
24827,6029611309894.933594,55.789000,"_LinearBackward",15010
24828,6029611309905.081055,1.596000,"aten::reshape",15011
24829,6029611309905.561523,0.875000,"aten::view",15012
24830,6029611309918.228516,4.121000,"aten::empty",15013
24833,6029611309947.238281,1.068000,"aten::view",15014
24834,6029611309954.359375,7.321000,"aten::add_",15015
24836,6029611309968.920898,126.200000,"autograd::engine::evaluate_function: _OperationFuserAutogradFunctionBackward",15016
24837,6029611309970.610352,108.854000,"_OperationFuserAutogradFunctionBackward",15017
24838,6029611309997.581055,0.905000,"aten::view",15018
24839,6029611310001.741211,1.162000,"aten::view",15019
24840,6029611310006.182617,7.416000,"aten::empty_like",15020
24841,6029611310007.823242,5.234000,"aten::empty_strided",15021
24843,6029611310014.638672,4.668000,"aten::empty_like",15022
24844,6029611310015.291992,3.830000,"aten::empty_strided",15023
24846,6029611310024.317383,3.646000,"aten::empty",15024
24851,6029611310060.230469,0.258000,"aten::_has_compatible_shallow_copy_type",15025
24852,6029611310062.058594,0.075000,"aten::_has_compatible_shallow_copy_type",15026
24853,6029611310065.772461,0.903000,"aten::view",15027
24854,6029611310069.147461,0.707000,"aten::view",15028
24855,6029611310083.506836,7.746000,"aten::add_",15029
24857,6029611310100.695312,6.234000,"autograd::engine::evaluate_function: torch::autograd::AccumulateGrad",15030
24858,6029611310102.244141,3.609000,"torch::autograd::AccumulateGrad",15031
24859,6029611310103.930664,1.264000,"aten::detach",15032
24860,6029611310104.397461,0.598000,"detach",15033
24865,6029611310282.927734,5.995000,"autograd::engine::evaluate_function: torch::autograd::AccumulateGrad",15034
24866,6029611310284.533203,3.435000,"torch::autograd::AccumulateGrad",15035
24867,6029611310286.015625,1.264000,"aten::detach",15036
24868,6029611310286.384766,0.715000,"detach",15037
24872,6029611310588.940430,46.372000,"aten::mul_",7326
24875,6029611310710.274414,147.223000,"c10d::allreduce_coalesced_",7327
24876,6029611310752.622070,101.301000,"record_param_comms",7328
24890,6029611311421.591797,104382.426000,"aten::to",7330
24891,6029611311423.048828,104379.989000,"aten::_to_copy",7331
24892,6029611311427.791016,4.551000,"aten::empty_strided",7332
24893,6029611311433.507812,104366.507000,"aten::copy_",7333
25066,6029611415820.441406,10.519000,"aten::select",7334
25067,6029611415825.849609,1.988000,"aten::as_strided",7335
25068,6029611415843.733398,509.402000,"aten::to",7336
25069,6029611415844.702148,507.738000,"aten::_to_copy",7337
25070,6029611415847.198242,4.545000,"aten::empty_strided",7338
25071,6029611415852.719727,498.614000,"aten::copy_",7339
25072,6029611415857.272461,4.003000,"aten::empty_like",7340
25073,6029611415858.541016,2.322000,"aten::empty",7341
25074,6029611415863.053711,4.297000,"aten::expand_as",7342
25075,6029611415864.567383,2.571000,"aten::expand",7343
25076,6029611415866.163086,0.655000,"aten::as_strided",7344
25077,6029611415868.393555,471.721000,"aten::copy_",7345
25082,6029611416343.225586,6.698000,"aten::copy_",7346
25083,6029611416361.911133,43.417000,"aten::to",7347
25084,6029611416362.799805,42.343000,"aten::_to_copy",7348
25085,6029611416364.798828,1.958000,"aten::empty_strided",7349
25086,6029611416367.286133,37.662000,"aten::copy_",7350
25087,6029611416368.726562,2.084000,"aten::empty_like",7351
25088,6029611416369.420898,1.068000,"aten::empty",7352
25089,6029611416372.175781,3.320000,"aten::expand_as",7353
25090,6029611416372.892578,2.353000,"aten::expand",7354
25091,6029611416373.920898,1.157000,"aten::as_strided",7355
25092,6029611416376.032227,27.617000,"aten::copy_",7356
25097,6029611416404.095703,0.543000,"aten::copy_",7357
25098,6029611416409.789062,4.873000,"aten::select",7358
25099,6029611416412.509766,0.420000,"aten::as_strided",7359
25100,6029611416416.608398,3.001000,"aten::item",7360
25101,6029611416418.042969,1.400000,"aten::_local_scalar_dense",7361
25102,6029611416427.053711,4.328000,"aten::slice",7362
25103,6029611416429.103516,0.248000,"aten::as_strided",7363
25104,6029611416434.477539,0.333000,"aten::resolve_conj",7364
25105,6029611416435.708984,0.235000,"aten::resolve_neg",7365
25106,6029611416452.624023,28.789000,"aten::diff",7366
25107,6029611416456.873047,3.090000,"aten::narrow",7367
25108,6029611416458.347656,1.210000,"aten::slice",7368
25109,6029611416458.902344,0.164000,"aten::as_strided",7369
25110,6029611416460.518555,1.497000,"aten::narrow",7370
25111,6029611416460.867188,0.977000,"aten::slice",7371
25112,6029611416461.307617,0.096000,"aten::as_strided",7372
25113,6029611416463.199219,17.273000,"aten::sub",7373
25114,6029611416482.608398,0.077000,"aten::resolve_conj",7374
25115,6029611416483.047852,0.048000,"aten::resolve_neg",7375
25116,6029611416487.456055,1.964000,"aten::slice",7376
25117,6029611416488.154297,0.262000,"aten::as_strided",7377
25118,6029611416498.102539,96.230000,"aten::nan_to_num",7378
25119,6029611416501.589844,2.641000,"aten::empty_like",7379
25120,6029611416502.297852,1.677000,"aten::empty_strided",7380
25121,6029611416507.455078,86.267000,"aten::nan_to_num",7381
25122,6029611416598.574219,4.812000,"aten::reshape",7382
25123,6029611416599.714844,3.397000,"aten::view",7383
25124,6029611416604.545898,0.065000,"aten::resolve_conj",7384
25125,6029611416605.118164,0.043000,"aten::resolve_neg",7385
25126,6029611422512.460938,7.016000,"aten::select",7386
25127,6029611422515.569336,1.827000,"aten::as_strided",7387
25128,6029611422523.080078,38.630000,"aten::item",7388
25129,6029611422524.586914,36.701000,"aten::_local_scalar_dense",7389
25133,6029611422565.085938,2.757000,"aten::select",7390
25134,6029611422566.956055,0.227000,"aten::as_strided",7391
25135,6029611422569.278320,19.901000,"aten::item",7392
25136,6029611422569.755859,19.241000,"aten::_local_scalar_dense",7393
25140,6029611422634.849609,1.940000,"aten::empty",7394
25141,6029611422639.661133,152.370000,"aten::to",7395
25142,6029611422640.920898,150.901000,"aten::_to_copy",7396
25143,6029611422643.451172,118.341000,"aten::empty_strided",7397
25156,6029611422762.717773,28.606000,"aten::copy_",7398
25161,6029611422793.849609,0.253000,"aten::lift_fresh",7399
25162,6029611422795.545898,2.427000,"aten::detach_",7400
25163,6029611422796.724609,1.094000,"detach_",7401
25164,6029611422801.192383,3.239000,"aten::detach",7402
25165,6029611422801.844727,2.403000,"detach",7403
25166,6029611422806.718750,0.419000,"aten::to",7404
25167,6029611422810.202148,27.233000,"aten::clone",7405
25168,6029611422811.605469,3.633000,"aten::empty_strided",7406
25169,6029611422815.866211,21.158000,"aten::copy_",7407
25172,6029611422856.373047,2.008000,"aten::select",7408
25173,6029611422857.411133,0.369000,"aten::as_strided",7409
25174,6029611422859.969727,20.750000,"aten::item",7410
25175,6029611422860.369141,20.097000,"aten::_local_scalar_dense",7411
25179,6029611422882.536133,1.650000,"aten::select",7412
25180,6029611422883.538086,0.194000,"aten::as_strided",7413
25181,6029611422885.401367,19.562000,"aten::item",7414
25182,6029611422885.868164,18.886000,"aten::_local_scalar_dense",7415
25186,6029611422906.386719,1.785000,"aten::select",7416
25187,6029611422907.591797,0.170000,"aten::as_strided",7417
25188,6029611422909.322266,19.214000,"aten::item",7418
25189,6029611422909.647461,18.710000,"aten::_local_scalar_dense",7419
25193,6029611422929.904297,1.186000,"aten::select",7420
25194,6029611422930.559570,0.145000,"aten::as_strided",7421
25195,6029611422932.260742,18.611000,"aten::item",7422
25196,6029611422932.577148,18.112000,"aten::_local_scalar_dense",7423
25247,6029611596108.935547,5.479000,"aten::empty",7424
25248,6029611596119.065430,14.821000,"aten::set_",7425
25249,6029611596126.598633,5.553000,"aten::set_",7426
25250,6029611596142.699219,74.613000,"aten::to",7427
25251,6029611596152.935547,64.092000,"aten::_to_copy",7428
25252,6029611596156.760742,12.192000,"aten::empty_strided",7429
25253,6029611596170.193359,46.266000,"aten::copy_",7430
25258,6029611596518.939453,1.164000,"aten::empty",7431
25259,6029611596523.186523,0.408000,"aten::to",7432
25260,6029611596524.991211,0.309000,"aten::lift_fresh",7433
25261,6029611596527.660156,24.562000,"aten::to",7434
25262,6029611596528.807617,23.213000,"aten::_to_copy",7435
25263,6029611596529.866211,3.644000,"aten::empty_strided",7436
25264,6029611596534.088867,17.661000,"aten::copy_",7437
25269,6029611596566.323242,44.934000,"aten::cat",7438
25270,6029611596579.283203,7.903000,"aten::narrow",7439
25271,6029611596582.836914,3.799000,"aten::slice",7440
25272,6029611596584.551758,1.278000,"aten::as_strided",7441
25275,6029611596640.231445,126.514000,"c10d::broadcast_",7442
25276,6029611596664.481445,97.475000,"record_param_comms",7443
25291,6029611596778.949219,40.657000,"c10d::broadcast_",7445
25292,6029611596785.660156,32.546000,"record_param_comms",7446
25307,6029611596895.047852,26.508000,"aten::mul_",7448
25310,6029611596952.533203,28.462000,"aten::to",7449
25311,6029611596953.752930,27.010000,"aten::_to_copy",7450
25312,6029611596956.874023,10.074000,"aten::empty_strided",7451
25313,6029611596967.992188,12.338000,"aten::copy_",7452
25316,6029611596992.613281,13.515000,"aten::to",7453
25317,6029611596993.043945,12.947000,"aten::_to_copy",7454
25318,6029611596994.271484,3.760000,"aten::empty_strided",7455
25319,6029611596998.618164,7.123000,"aten::copy_",7456
25322,6029611597012.012695,12.419000,"aten::to",7457
25323,6029611597012.293945,12.007000,"aten::_to_copy",7458
25324,6029611597013.413086,2.435000,"aten::empty_strided",7459
25325,6029611597016.457031,7.606000,"aten::copy_",7460
25328,6029611597028.688477,10.655000,"aten::to",7461
25329,6029611597029.176758,10.035000,"aten::_to_copy",7462
25330,6029611597030.261719,2.274000,"aten::empty_strided",7463
25331,6029611597033.141602,5.863000,"aten::copy_",7464
25334,6029611597044.200195,10.948000,"aten::to",7465
25335,6029611597044.592773,10.422000,"aten::_to_copy",7466
25336,6029611597045.452148,2.481000,"aten::empty_strided",7467
25337,6029611597048.457031,6.354000,"aten::copy_",7468
25340,6029611597060.636719,11.436000,"aten::to",7469
25341,6029611597060.935547,11.004000,"aten::_to_copy",7470
25342,6029611597061.642578,2.700000,"aten::empty_strided",7471
25343,6029611597064.958008,6.769000,"aten::copy_",7472
25346,6029611597076.542969,10.703000,"aten::to",7473
25347,6029611597076.823242,10.292000,"aten::_to_copy",7474
25348,6029611597077.649414,2.292000,"aten::empty_strided",7475
25349,6029611597080.386719,6.527000,"aten::copy_",7476
25352,6029611597092.029297,11.912000,"aten::to",7477
25353,6029611597092.385742,11.421000,"aten::_to_copy",7478
25354,6029611597093.464844,3.076000,"aten::empty_strided",7479
25355,6029611597096.974609,6.631000,"aten::copy_",7480
25358,6029611597109.029297,11.044000,"aten::to",7481
25359,6029611597109.320312,10.621000,"aten::_to_copy",7482
25360,6029611597110.147461,2.962000,"aten::empty_strided",7483
25361,6029611597113.586914,6.157000,"aten::copy_",7484
25364,6029611597124.170898,10.609000,"aten::to",7485
25365,6029611597124.482422,10.165000,"aten::_to_copy",7486
25366,6029611597125.600586,2.447000,"aten::empty_strided",7487
25367,6029611597128.606445,5.829000,"aten::copy_",7488
25370,6029611597143.613281,11.633000,"aten::to",7489
25371,6029611597144.041016,11.074000,"aten::_to_copy",7490
25372,6029611597145.434570,2.489000,"aten::empty_strided",7491
25373,6029611597148.387695,6.504000,"aten::copy_",7492
25376,6029611597159.027344,11.173000,"aten::to",7493
25377,6029611597159.470703,10.597000,"aten::_to_copy",7494
25378,6029611597160.568359,2.449000,"aten::empty_strided",7495
25379,6029611597163.508789,6.319000,"aten::copy_",7496
25382,6029611597174.307617,10.321000,"aten::to",7497
25383,6029611597174.592773,9.908000,"aten::_to_copy",7498
25384,6029611597175.484375,2.422000,"aten::empty_strided",7499
25385,6029611597178.337891,5.934000,"aten::copy_",7500
25388,6029611597190.635742,11.733000,"aten::to",7501
25389,6029611597191.043945,11.193000,"aten::_to_copy",7502
25390,6029611597192.606445,2.326000,"aten::empty_strided",7503
25391,6029611597195.388672,6.630000,"aten::copy_",7504
25394,6029611597207.400391,11.023000,"aten::to",7505
25395,6029611597207.776367,10.514000,"aten::_to_copy",7506
25396,6029611597208.608398,2.477000,"aten::empty_strided",7507
25397,6029611597211.602539,6.437000,"aten::copy_",7508
25400,6029611597221.820312,10.331000,"aten::to",7509
25401,6029611597222.214844,9.805000,"aten::_to_copy",7510
25402,6029611597222.898438,2.253000,"aten::empty_strided",7511
25403,6029611597225.605469,6.163000,"aten::copy_",7512
25406,6029611597236.022461,10.755000,"aten::to",7513
25407,6029611597236.304688,10.338000,"aten::_to_copy",7514
25408,6029611597237.073242,2.332000,"aten::empty_strided",7515
25409,6029611597239.940430,6.506000,"aten::copy_",7516
25412,6029611597250.720703,11.122000,"aten::to",7517
25413,6029611597251.025391,10.687000,"aten::_to_copy",7518
25414,6029611597251.653320,2.651000,"aten::empty_strided",7519
25415,6029611597255.095703,6.400000,"aten::copy_",7520
25418,6029611597271.528320,11.169000,"aten::to",7521
25419,6029611597271.891602,10.675000,"aten::_to_copy",7522
25420,6029611597272.799805,2.447000,"aten::empty_strided",7523
25421,6029611597275.992188,6.375000,"aten::copy_",7524
25424,6029611597286.617188,10.648000,"aten::to",7525
25425,6029611597286.957031,10.177000,"aten::_to_copy",7526
25426,6029611597287.847656,2.406000,"aten::empty_strided",7527
25427,6029611597290.764648,6.148000,"aten::copy_",7528
25430,6029611597301.658203,10.817000,"aten::to",7529
25431,6029611597301.943359,10.399000,"aten::_to_copy",7530
25432,6029611597302.932617,2.408000,"aten::empty_strided",7531
25433,6029611597305.853516,6.197000,"aten::copy_",7532
25436,6029611597316.228516,11.402000,"aten::to",7533
25437,6029611597316.576172,10.925000,"aten::_to_copy",7534
25438,6029611597317.444336,2.320000,"aten::empty_strided",7535
25439,6029611597320.251953,6.995000,"aten::copy_",7536
25442,6029611597331.863281,11.103000,"aten::to",7537
25443,6029611597332.461914,10.373000,"aten::_to_copy",7538
25444,6029611597333.598633,2.252000,"aten::empty_strided",7539
25445,6029611597336.446289,6.157000,"aten::copy_",7540
25448,6029611597347.799805,10.948000,"aten::to",7541
25449,6029611597348.105469,10.507000,"aten::_to_copy",7542
25450,6029611597349.183594,2.421000,"aten::empty_strided",7543
25451,6029611597352.105469,6.305000,"aten::copy_",7544
25454,6029611597362.618164,12.381000,"aten::to",7545
25455,6029611597362.919922,11.949000,"aten::_to_copy",7546
25456,6029611597363.834961,3.453000,"aten::empty_strided",7547
25457,6029611597368.086914,6.497000,"aten::copy_",7548
25460,6029611597379.947266,9.947000,"aten::to",7549
25461,6029611597380.374023,9.383000,"aten::_to_copy",7550
25462,6029611597381.042969,2.187000,"aten::empty_strided",7551
25463,6029611597383.684570,5.866000,"aten::copy_",7552
25466,6029611597393.942383,10.644000,"aten::to",7553
25467,6029611597394.225586,10.228000,"aten::_to_copy",7554
25468,6029611597395.032227,2.527000,"aten::empty_strided",7555
25469,6029611597398.056641,6.145000,"aten::copy_",7556
25472,6029611597408.731445,10.991000,"aten::to",7557
25473,6029611597409.085938,10.500000,"aten::_to_copy",7558
25474,6029611597410.326172,2.298000,"aten::empty_strided",7559
25475,6029611597413.213867,6.065000,"aten::copy_",7560
25478,6029611597425.159180,10.745000,"aten::to",7561
25479,6029611597425.458984,10.312000,"aten::_to_copy",7562
25480,6029611597426.498047,2.488000,"aten::empty_strided",7563
25481,6029611597429.422852,6.113000,"aten::copy_",7564
25484,6029611597439.962891,10.583000,"aten::to",7565
25485,6029611597440.246094,10.155000,"aten::_to_copy",7566
25486,6029611597441.166992,2.257000,"aten::empty_strided",7567
25487,6029611597443.890625,6.307000,"aten::copy_",7568
25490,6029611597455.113281,22.079000,"aten::to",7569
25491,6029611597455.418945,21.616000,"aten::_to_copy",7570
25492,6029611597456.299805,2.287000,"aten::empty_strided",7571
25493,6029611597459.191406,17.439000,"aten::copy_",7572
25496,6029611597482.339844,11.348000,"aten::to",7573
25497,6029611597482.748047,10.802000,"aten::_to_copy",7574
25498,6029611597483.595703,2.658000,"aten::empty_strided",7575
25499,6029611597486.839844,6.460000,"aten::copy_",7576
25502,6029611597497.852539,11.563000,"aten::to",7577
25503,6029611597498.148438,11.134000,"aten::_to_copy",7578
25504,6029611597499.317383,2.706000,"aten::empty_strided",7579
25505,6029611597502.511719,6.522000,"aten::copy_",7580
25508,6029611597513.221680,10.963000,"aten::to",7581
25509,6029611597513.573242,10.476000,"aten::_to_copy",7582
25510,6029611597514.672852,2.339000,"aten::empty_strided",7583
25511,6029611597517.470703,6.343000,"aten::copy_",7584
25514,6029611597529.163086,11.047000,"aten::to",7585
25515,6029611597529.461914,10.613000,"aten::_to_copy",7586
25516,6029611597530.707031,2.301000,"aten::empty_strided",7587
25517,6029611597533.551758,6.292000,"aten::copy_",7588
25520,6029611597545.837891,11.341000,"aten::to",7589
25521,6029611597546.102539,10.939000,"aten::_to_copy",7590
25522,6029611597547.208008,2.957000,"aten::empty_strided",7591
25523,6029611597550.653320,6.145000,"aten::copy_",7592
25526,6029611597561.982422,10.608000,"aten::to",7593
25527,6029611597562.387695,10.041000,"aten::_to_copy",7594
25528,6029611597563.303711,2.218000,"aten::empty_strided",7595
25529,6029611597565.928711,6.302000,"aten::copy_",7596
25532,6029611597576.344727,10.837000,"aten::to",7597
25533,6029611597576.773438,10.272000,"aten::_to_copy",7598
25534,6029611597577.664062,2.866000,"aten::empty_strided",7599
25535,6029611597581.084961,5.742000,"aten::copy_",7600
25538,6029611597752.911133,23.315000,"aten::zeros",7601
25539,6029611597755.246094,3.900000,"aten::empty",7602
25540,6029611597760.493164,15.379000,"aten::zero_",7603
25541,6029611597762.051758,13.012000,"aten::fill_",7604
25544,6029611597779.607422,14.395000,"aten::zeros",7605
25545,6029611597780.132812,2.362000,"aten::empty",7606
25546,6029611597782.942383,10.895000,"aten::zero_",7607
25547,6029611597783.599609,9.673000,"aten::fill_",7608
25550,6029611597810.064453,13.973000,"aten::zeros",7609
25551,6029611597810.499023,3.246000,"aten::empty",7610
25552,6029611597814.436523,9.412000,"aten::zero_",7611
25553,6029611597816.507812,6.541000,"aten::fill_",7612
25555,6029611597824.989258,2.035000,"aten::empty",7613
25557,6029611597827.764648,1.778000,"aten::empty",7614
25558,6029611597829.991211,1.583000,"aten::empty",7615
25563,6029611597967.945312,34.981000,"aten::pow",7616
25564,6029611597975.320312,0.680000,"aten::result_type",7617
25565,6029611597976.589844,0.245000,"aten::to",7618
25568,6029611598028.462891,60.590000,"c10d::allreduce_",7619
25569,6029611598044.251953,41.733000,"record_param_comms",7620
25575,6029611598094.903320,18.468000,"aten::pow",7622
25576,6029611598096.017578,0.307000,"aten::result_type",7623
25577,6029611598097.146484,0.189000,"aten::to",7624
25580,6029611598152.132812,3.992000,"aten::detach",7625
25581,6029611598153.047852,2.882000,"detach",7626
25582,6029611598160.484375,0.962000,"aten::detach",7627
25583,6029611598161.036133,0.262000,"detach",7628
25584,6029611598164.948242,1.031000,"aten::detach",7629
25585,6029611598165.659180,0.183000,"detach",7630
25586,6029611598169.041992,0.849000,"aten::detach",7631
25587,6029611598169.414062,0.348000,"detach",7632
25588,6029611598173.142578,0.676000,"aten::detach",7633
25589,6029611598173.468750,0.229000,"detach",7634
25590,6029611598177.067383,0.674000,"aten::detach",7635
25591,6029611598177.383789,0.233000,"detach",7636
25592,6029611598180.718750,1.184000,"aten::detach",7637
25593,6029611598180.986328,0.785000,"detach",7638
25594,6029611598184.738281,0.683000,"aten::detach",7639
25595,6029611598185.033203,0.266000,"detach",7640
25596,6029611598188.678711,0.728000,"aten::detach",7641
25597,6029611598189.017578,0.236000,"detach",7642
25598,6029611598192.364258,0.617000,"aten::detach",7643
25599,6029611598192.643555,0.215000,"detach",7644
25600,6029611598195.663086,0.668000,"aten::detach",7645
25601,6029611598195.999023,0.204000,"detach",7646
25602,6029611598199.114258,0.770000,"aten::detach",7647
25603,6029611598199.538086,0.179000,"detach",7648
25604,6029611598202.739258,0.999000,"aten::detach",7649
25605,6029611598203.084961,0.533000,"detach",7650
25606,6029611598206.545898,0.781000,"aten::detach",7651
25607,6029611598206.921875,0.286000,"detach",7652
25608,6029611598210.250977,1.127000,"aten::detach",7653
25609,6029611598210.655273,0.590000,"detach",7654
25610,6029611598214.322266,0.665000,"aten::detach",7655
25611,6029611598214.643555,0.221000,"detach",7656
25612,6029611598217.910156,0.605000,"aten::detach",7657
25613,6029611598218.186523,0.196000,"detach",7658
25614,6029611598221.572266,0.698000,"aten::detach",7659
25615,6029611598221.900391,0.215000,"detach",7660
25616,6029611598225.243164,0.638000,"aten::detach",7661
25617,6029611598225.528320,0.188000,"detach",7662
25618,6029611598228.615234,0.611000,"aten::detach",7663
25619,6029611598228.906250,0.190000,"detach",7664
25620,6029611598232.045898,0.775000,"aten::detach",7665
25621,6029611598232.390625,0.310000,"detach",7666
25622,6029611598235.475586,0.609000,"aten::detach",7667
25623,6029611598235.759766,0.196000,"detach",7668
25624,6029611598238.815430,1.136000,"aten::detach",7669
25625,6029611598239.121094,0.647000,"detach",7670
25626,6029611598242.840820,0.702000,"aten::detach",7671
25627,6029611598243.120117,0.306000,"detach",7672
25628,6029611598246.491211,0.708000,"aten::detach",7673
25629,6029611598246.800781,0.277000,"detach",7674
25630,6029611598250.155273,0.630000,"aten::detach",7675
25631,6029611598250.422852,0.240000,"detach",7676
25632,6029611598253.594727,0.764000,"aten::detach",7677
25633,6029611598253.918945,0.285000,"detach",7678
25634,6029611598257.682617,0.662000,"aten::detach",7679
25635,6029611598257.959961,0.230000,"detach",7680
25636,6029611598279.188477,0.709000,"aten::detach",15361
25637,6029611598279.567383,0.197000,"detach",15362
25638,6029611598282.936523,0.726000,"aten::detach",15363
25639,6029611598283.245117,0.293000,"detach",15364
25640,6029611598286.517578,1.015000,"aten::detach",15365
25641,6029611598286.835938,0.574000,"detach",15366
25642,6029611598290.443359,0.644000,"aten::detach",15367
25643,6029611598290.711914,0.198000,"detach",15368
25644,6029611598294.363281,0.646000,"aten::detach",15369
25645,6029611598294.654297,0.235000,"detach",15370
25646,6029611598298.438477,0.689000,"aten::detach",15371
25647,6029611598298.763672,0.203000,"detach",15372
25648,6029611598302.033203,0.652000,"aten::detach",15373
25649,6029611598302.334961,0.221000,"detach",15374
25650,6029611598305.623047,0.617000,"aten::detach",15375
25651,6029611598305.921875,0.193000,"detach",15376
25652,6029611598309.083984,0.608000,"aten::detach",15377
25653,6029611598309.364258,0.196000,"detach",15378
25654,6029611598312.339844,0.612000,"aten::detach",15379
25655,6029611598312.622070,0.202000,"detach",15380
25656,6029611598318.149414,21.346000,"aten::add",15381
25659,6029611598346.142578,22.433000,"aten::reciprocal",15382
25662,6029611598372.595703,13.847000,"aten::mul",15383
25665,6029611598392.050781,12.875000,"aten::zeros",15384
25666,6029611598392.773438,2.407000,"aten::empty",15385
25667,6029611598395.885742,8.752000,"aten::zero_",15386
25668,6029611598396.850586,7.140000,"aten::fill_",15387
25671,6029611598411.194336,20.294000,"aten::clamp_max_",15388
25682,6029611599025.378906,15.180000,"aten::copy_",15390
25684,6029611599043.252930,6.191000,"aten::copy_",15391
25686,6029611599051.379883,5.485000,"aten::copy_",15392
25688,6029611599058.699219,5.599000,"aten::copy_",15393
25690,6029611599066.035156,5.488000,"aten::copy_",15394
25692,6029611599073.333984,5.675000,"aten::copy_",15395
25694,6029611599080.825195,5.557000,"aten::copy_",15396
25696,6029611599088.143555,5.901000,"aten::copy_",15397
25699,6029611599095.858398,5.747000,"aten::copy_",15398
25703,6029611599103.421875,6.156000,"aten::copy_",15399
25707,6029611599111.327148,5.584000,"aten::copy_",15400
25711,6029611599118.768555,5.650000,"aten::copy_",15401
25715,6029611599126.211914,5.987000,"aten::copy_",15402
25719,6029611599133.936523,5.837000,"aten::copy_",15403
25723,6029611599141.586914,5.610000,"aten::copy_",15404
25726,6029611599149.010742,5.766000,"aten::copy_",15405
25729,6029611599156.537109,5.776000,"aten::copy_",15406
25732,6029611599164.090820,5.778000,"aten::copy_",15407
25735,6029611599171.693359,5.762000,"aten::copy_",15408
25738,6029611599179.204102,5.684000,"aten::copy_",15409
25741,6029611599186.634766,5.909000,"aten::copy_",15410
25744,6029611599194.304688,5.965000,"aten::copy_",15411
25747,6029611599202.014648,5.911000,"aten::copy_",15412
25750,6029611599209.675781,5.515000,"aten::copy_",15413
25753,6029611599216.970703,5.715000,"aten::copy_",15414
25756,6029611599224.539062,5.745000,"aten::copy_",15415
25759,6029611599232.123047,5.753000,"aten::copy_",15416
25762,6029611599239.631836,5.701000,"aten::copy_",15417
25765,6029611599247.097656,5.922000,"aten::copy_",15418
25768,6029611599254.780273,5.635000,"aten::copy_",15419
25771,6029611599262.168945,5.557000,"aten::copy_",15420
25774,6029611599269.500000,5.558000,"aten::copy_",15421
25777,6029611599276.778320,5.742000,"aten::copy_",15422
25780,6029611599284.307617,5.616000,"aten::copy_",15423
25783,6029611599291.675781,5.733000,"aten::copy_",15424
25786,6029611599299.176758,6.290000,"aten::copy_",15425
25789,6029611599307.262695,5.721000,"aten::copy_",15426
25792,6029611599314.751953,5.626000,"aten::copy_",15427
25796,6029611599358.751953,14.686000,"aten::zero_",15428
25797,6029611599361.231445,11.197000,"aten::fill_",15429
25800,6029611599380.490234,36.856000,"aten::item",15430
25801,6029611599382.013672,34.999000,"aten::_local_scalar_dense",15431
25822,6029611670131.525391,4.244000,"aten::empty",15432
25823,6029611670139.591797,45.499000,"aten::to",15433
25824,6029611670141.639648,43.232000,"aten::_to_copy",15434
25825,6029611670144.639648,7.096000,"aten::empty_strided",15435
25826,6029611670152.865234,31.591000,"aten::copy_",15436
25831,6029611670187.107422,0.345000,"aten::lift_fresh",15437
25832,6029611670188.844727,2.870000,"aten::detach_",15438
25833,6029611670189.978516,1.581000,"detach_",15439
25834,6029611670235.445312,117.626000,"c10d::allreduce_",15440
25835,6029611670257.021484,91.686000,"record_param_comms",15441
25850,6029611670360.093750,0.417000,"aten::resolve_conj",15443
25851,6029611670361.558594,0.224000,"aten::resolve_neg",15444
25852,6029611670363.409180,42.965000,"aten::to",15445
25853,6029611670364.302734,41.853000,"aten::_to_copy",15446
25854,6029611670366.702148,2.725000,"aten::empty_strided",15447
25855,6029611670370.030273,35.520000,"aten::copy_",15448
25860,6029611674407.545898,2.999000,"aten::empty",15449
25861,6029611674413.318359,8.042000,"aten::set_",15450
25862,6029611674416.738281,3.152000,"aten::set_",15451
25863,6029611674426.853516,56.067000,"aten::to",15452
25864,6029611674431.500977,51.124000,"aten::_to_copy",15453
25865,6029611674433.715820,8.357000,"aten::empty_strided",15454
25866,6029611674443.189453,38.817000,"aten::copy_",15455
25871,6029611674502.716797,0.770000,"aten::empty",15456
25872,6029611674508.303711,0.413000,"aten::to",15457
25873,6029611674510.169922,0.285000,"aten::lift_fresh",15458
25874,6029611674513.626953,22.320000,"aten::to",15459
25875,6029611674514.589844,21.202000,"aten::_to_copy",15460
25876,6029611674515.514648,3.095000,"aten::empty_strided",15461
25877,6029611674519.146484,16.374000,"aten::copy_",15462
25882,6029611674746.980469,41.132000,"aten::cat",15463
25883,6029611674758.296875,7.511000,"aten::narrow",15464
25884,6029611674761.283203,3.955000,"aten::slice",15465
25885,6029611674762.952148,1.374000,"aten::as_strided",15466
25888,6029611674809.474609,108.871000,"c10d::broadcast_",15467
25889,6029611674828.999023,85.104000,"record_param_comms",15468
25904,6029611674928.474609,40.408000,"c10d::broadcast_",15470
25905,6029611674936.537109,31.105000,"record_param_comms",15471
