node 0: rendezvous master=b300-1-izksekdp-0001 (10.1.77.46)
node 1: rendezvous master=b300-1-izksekdp-0001 (10.1.77.46)
node 0: NCCL_IB_HCA=mlx5_bond
node 1: NCCL_IB_HCA=mlx5_bond
/root/.cache/user_artifacts/devboxes/q4grmdq/trainers/server-megatron-bridge/.venv/lib/python3.12/site-packages/torch/cuda/__init__.py:61: FutureWarning: The pynvml package is deprecated. Please install nvidia-ml-py instead. If you did not install pynvml directly, please report this to the maintainers of the package that installed pynvml for you.
  import pynvml  # type: ignore[import]
/root/.cache/user_artifacts/devboxes/q4grmdq/trainers/server-megatron-bridge/.venv/lib/python3.12/site-packages/torch/cuda/__init__.py:61: FutureWarning: The pynvml package is deprecated. Please install nvidia-ml-py instead. If you did not install pynvml directly, please report this to the maintainers of the package that installed pynvml for you.
  import pynvml  # type: ignore[import]
W0825 18:13:38.506000 273068 /root/.devbox-venvs/server/lib/python3.12/site-packages/torch/distributed/run.py:851] 
W0825 18:13:38.506000 273068 /root/.devbox-venvs/server/lib/python3.12/site-packages/torch/distributed/run.py:851] *****************************************
W0825 18:13:38.506000 273068 /root/.devbox-venvs/server/lib/python3.12/site-packages/torch/distributed/run.py:851] Setting OMP_NUM_THREADS environment variable for each process to be 1 in default, to avoid your system being overloaded, please further tune the variable for optimal performance in your application as needed. 
W0825 18:13:38.506000 273068 /root/.devbox-venvs/server/lib/python3.12/site-packages/torch/distributed/run.py:851] *****************************************
W0825 18:13:38.512000 232847 /root/.devbox-venvs/server/lib/python3.12/site-packages/torch/distributed/run.py:851] 
W0825 18:13:38.512000 232847 /root/.devbox-venvs/server/lib/python3.12/site-packages/torch/distributed/run.py:851] *****************************************
W0825 18:13:38.512000 232847 /root/.devbox-venvs/server/lib/python3.12/site-packages/torch/distributed/run.py:851] Setting OMP_NUM_THREADS environment variable for each process to be 1 in default, to avoid your system being overloaded, please further tune the variable for optimal performance in your application as needed. 
W0825 18:13:38.512000 232847 /root/.devbox-venvs/server/lib/python3.12/site-packages/torch/distributed/run.py:851] *****************************************
/root/.cache/user_artifacts/devboxes/q4grmdq/trainers/server-megatron-bridge/.venv/lib/python3.12/site-packages/torch/cuda/__init__.py:61: FutureWarning: The pynvml package is deprecated. Please install nvidia-ml-py instead. If you did not install pynvml directly, please report this to the maintainers of the package that installed pynvml for you.
  import pynvml  # type: ignore[import]
/root/.cache/user_artifacts/devboxes/q4grmdq/trainers/server-megatron-bridge/.venv/lib/python3.12/site-packages/torch/cuda/__init__.py:61: FutureWarning: The pynvml package is deprecated. Please install nvidia-ml-py instead. If you did not install pynvml directly, please report this to the maintainers of the package that installed pynvml for you.
  import pynvml  # type: ignore[import]
/root/.cache/user_artifacts/devboxes/q4grmdq/trainers/server-megatron-bridge/.venv/lib/python3.12/site-packages/torch/cuda/__init__.py:61: FutureWarning: The pynvml package is deprecated. Please install nvidia-ml-py instead. If you did not install pynvml directly, please report this to the maintainers of the package that installed pynvml for you.
  import pynvml  # type: ignore[import]
/root/.cache/user_artifacts/devboxes/q4grmdq/trainers/server-megatron-bridge/.venv/lib/python3.12/site-packages/torch/cuda/__init__.py:61: FutureWarning: The pynvml package is deprecated. Please install nvidia-ml-py instead. If you did not install pynvml directly, please report this to the maintainers of the package that installed pynvml for you.
  import pynvml  # type: ignore[import]
/root/.cache/user_artifacts/devboxes/q4grmdq/trainers/server-megatron-bridge/.venv/lib/python3.12/site-packages/torch/cuda/__init__.py:61: FutureWarning: The pynvml package is deprecated. Please install nvidia-ml-py instead. If you did not install pynvml directly, please report this to the maintainers of the package that installed pynvml for you.
  import pynvml  # type: ignore[import]
/root/.cache/user_artifacts/devboxes/q4grmdq/trainers/server-megatron-bridge/.venv/lib/python3.12/site-packages/torch/cuda/__init__.py:61: FutureWarning: The pynvml package is deprecated. Please install nvidia-ml-py instead. If you did not install pynvml directly, please report this to the maintainers of the package that installed pynvml for you.
  import pynvml  # type: ignore[import]
/root/.cache/user_artifacts/devboxes/q4grmdq/trainers/server-megatron-bridge/.venv/lib/python3.12/site-packages/torch/cuda/__init__.py:61: FutureWarning: The pynvml package is deprecated. Please install nvidia-ml-py instead. If you did not install pynvml directly, please report this to the maintainers of the package that installed pynvml for you.
  import pynvml  # type: ignore[import]
/root/.cache/user_artifacts/devboxes/q4grmdq/trainers/server-megatron-bridge/.venv/lib/python3.12/site-packages/torch/cuda/__init__.py:61: FutureWarning: The pynvml package is deprecated. Please install nvidia-ml-py instead. If you did not install pynvml directly, please report this to the maintainers of the package that installed pynvml for you.
  import pynvml  # type: ignore[import]
/root/.cache/user_artifacts/devboxes/q4grmdq/trainers/server-megatron-bridge/.venv/lib/python3.12/site-packages/torch/cuda/__init__.py:61: FutureWarning: The pynvml package is deprecated. Please install nvidia-ml-py instead. If you did not install pynvml directly, please report this to the maintainers of the package that installed pynvml for you.
  import pynvml  # type: ignore[import]
/root/.cache/user_artifacts/devboxes/q4grmdq/trainers/server-megatron-bridge/.venv/lib/python3.12/site-packages/torch/cuda/__init__.py:61: FutureWarning: The pynvml package is deprecated. Please install nvidia-ml-py instead. If you did not install pynvml directly, please report this to the maintainers of the package that installed pynvml for you.
  import pynvml  # type: ignore[import]
/root/.cache/user_artifacts/devboxes/q4grmdq/trainers/server-megatron-bridge/.venv/lib/python3.12/site-packages/torch/cuda/__init__.py:61: FutureWarning: The pynvml package is deprecated. Please install nvidia-ml-py instead. If you did not install pynvml directly, please report this to the maintainers of the package that installed pynvml for you.
  import pynvml  # type: ignore[import]
/root/.cache/user_artifacts/devboxes/q4grmdq/trainers/server-megatron-bridge/.venv/lib/python3.12/site-packages/torch/cuda/__init__.py:61: FutureWarning: The pynvml package is deprecated. Please install nvidia-ml-py instead. If you did not install pynvml directly, please report this to the maintainers of the package that installed pynvml for you.
  import pynvml  # type: ignore[import]
/root/.cache/user_artifacts/devboxes/q4grmdq/trainers/server-megatron-bridge/.venv/lib/python3.12/site-packages/torch/cuda/__init__.py:61: FutureWarning: The pynvml package is deprecated. Please install nvidia-ml-py instead. If you did not install pynvml directly, please report this to the maintainers of the package that installed pynvml for you.
  import pynvml  # type: ignore[import]
/root/.cache/user_artifacts/devboxes/q4grmdq/trainers/server-megatron-bridge/.venv/lib/python3.12/site-packages/torch/cuda/__init__.py:61: FutureWarning: The pynvml package is deprecated. Please install nvidia-ml-py instead. If you did not install pynvml directly, please report this to the maintainers of the package that installed pynvml for you.
  import pynvml  # type: ignore[import]
/root/.cache/user_artifacts/devboxes/q4grmdq/trainers/server-megatron-bridge/.venv/lib/python3.12/site-packages/torch/cuda/__init__.py:61: FutureWarning: The pynvml package is deprecated. Please install nvidia-ml-py instead. If you did not install pynvml directly, please report this to the maintainers of the package that installed pynvml for you.
  import pynvml  # type: ignore[import]
/root/.cache/user_artifacts/devboxes/q4grmdq/trainers/server-megatron-bridge/.venv/lib/python3.12/site-packages/torch/cuda/__init__.py:61: FutureWarning: The pynvml package is deprecated. Please install nvidia-ml-py instead. If you did not install pynvml directly, please report this to the maintainers of the package that installed pynvml for you.
  import pynvml  # type: ignore[import]
/root/.cache/user_artifacts/devboxes/q4grmdq/trainers/server-megatron-bridge/vendor/megatron-bridge/3rdparty/Megatron-LM/megatron/core/models/backends.py:34: UserWarning: Apex is not installed. Falling back to Torch Norm
  warnings.warn("Apex is not installed. Falling back to Torch Norm")
/root/.cache/user_artifacts/devboxes/q4grmdq/trainers/server-megatron-bridge/vendor/megatron-bridge/3rdparty/Megatron-LM/megatron/core/models/backends.py:34: UserWarning: Apex is not installed. Falling back to Torch Norm
  warnings.warn("Apex is not installed. Falling back to Torch Norm")
/root/.cache/user_artifacts/devboxes/q4grmdq/trainers/server-megatron-bridge/vendor/megatron-bridge/3rdparty/Megatron-LM/megatron/core/models/backends.py:34: UserWarning: Apex is not installed. Falling back to Torch Norm
  warnings.warn("Apex is not installed. Falling back to Torch Norm")
/root/.cache/user_artifacts/devboxes/q4grmdq/trainers/server-megatron-bridge/vendor/megatron-bridge/3rdparty/Megatron-LM/megatron/core/models/backends.py:34: UserWarning: Apex is not installed. Falling back to Torch Norm
  warnings.warn("Apex is not installed. Falling back to Torch Norm")
/root/.cache/user_artifacts/devboxes/q4grmdq/trainers/server-megatron-bridge/vendor/megatron-bridge/3rdparty/Megatron-LM/megatron/core/models/backends.py:34: UserWarning: Apex is not installed. Falling back to Torch Norm
  warnings.warn("Apex is not installed. Falling back to Torch Norm")
/root/.cache/user_artifacts/devboxes/q4grmdq/trainers/server-megatron-bridge/vendor/megatron-bridge/3rdparty/Megatron-LM/megatron/core/models/backends.py:34: UserWarning: Apex is not installed. Falling back to Torch Norm
  warnings.warn("Apex is not installed. Falling back to Torch Norm")
/root/.cache/user_artifacts/devboxes/q4grmdq/trainers/server-megatron-bridge/vendor/megatron-bridge/3rdparty/Megatron-LM/megatron/core/models/backends.py:34: UserWarning: Apex is not installed. Falling back to Torch Norm
  warnings.warn("Apex is not installed. Falling back to Torch Norm")
/root/.cache/user_artifacts/devboxes/q4grmdq/trainers/server-megatron-bridge/vendor/megatron-bridge/3rdparty/Megatron-LM/megatron/core/models/backends.py:34: UserWarning: Apex is not installed. Falling back to Torch Norm
  warnings.warn("Apex is not installed. Falling back to Torch Norm")
/root/.cache/user_artifacts/devboxes/q4grmdq/trainers/server-megatron-bridge/vendor/megatron-bridge/3rdparty/Megatron-LM/megatron/core/models/backends.py:34: UserWarning: Apex is not installed. Falling back to Torch Norm
  warnings.warn("Apex is not installed. Falling back to Torch Norm")
/root/.cache/user_artifacts/devboxes/q4grmdq/trainers/server-megatron-bridge/vendor/megatron-bridge/3rdparty/Megatron-LM/megatron/core/models/backends.py:34: UserWarning: Apex is not installed. Falling back to Torch Norm
  warnings.warn("Apex is not installed. Falling back to Torch Norm")
/root/.cache/user_artifacts/devboxes/q4grmdq/trainers/server-megatron-bridge/vendor/megatron-bridge/3rdparty/Megatron-LM/megatron/core/models/backends.py:34: UserWarning: Apex is not installed. Falling back to Torch Norm
  warnings.warn("Apex is not installed. Falling back to Torch Norm")
/root/.cache/user_artifacts/devboxes/q4grmdq/trainers/server-megatron-bridge/vendor/megatron-bridge/3rdparty/Megatron-LM/megatron/core/models/backends.py:34: UserWarning: Apex is not installed. Falling back to Torch Norm
  warnings.warn("Apex is not installed. Falling back to Torch Norm")
/root/.cache/user_artifacts/devboxes/q4grmdq/trainers/server-megatron-bridge/vendor/megatron-bridge/3rdparty/Megatron-LM/megatron/core/models/backends.py:34: UserWarning: Apex is not installed. Falling back to Torch Norm
  warnings.warn("Apex is not installed. Falling back to Torch Norm")
/root/.cache/user_artifacts/devboxes/q4grmdq/trainers/server-megatron-bridge/vendor/megatron-bridge/3rdparty/Megatron-LM/megatron/core/models/backends.py:34: UserWarning: Apex is not installed. Falling back to Torch Norm
  warnings.warn("Apex is not installed. Falling back to Torch Norm")
/root/.cache/user_artifacts/devboxes/q4grmdq/trainers/server-megatron-bridge/vendor/megatron-bridge/3rdparty/Megatron-LM/megatron/core/models/backends.py:34: UserWarning: Apex is not installed. Falling back to Torch Norm
  warnings.warn("Apex is not installed. Falling back to Torch Norm")
/root/.cache/user_artifacts/devboxes/q4grmdq/trainers/server-megatron-bridge/vendor/megatron-bridge/3rdparty/Megatron-LM/megatron/core/models/backends.py:34: UserWarning: Apex is not installed. Falling back to Torch Norm
  warnings.warn("Apex is not installed. Falling back to Torch Norm")
/root/.cache/user_artifacts/devboxes/q4grmdq/trainers/server-megatron-bridge/vendor/megatron-bridge/3rdparty/Megatron-LM/megatron/core/models/gpt/gpt_layer_specs.py:74: UserWarning: Apex is not installed. Falling back to Torch Norm
  warnings.warn("Apex is not installed. Falling back to Torch Norm")
/root/.cache/user_artifacts/devboxes/q4grmdq/trainers/server-megatron-bridge/.venv/lib/python3.12/site-packages/modelopt/torch/__init__.py:53: UserWarning: transformers>=5.0 support is experimental. Unified Hugging Face checkpoint export for quantized checkpoints may not work for some models yet.
  _warnings.warn(
/root/.cache/user_artifacts/devboxes/q4grmdq/trainers/server-megatron-bridge/vendor/megatron-bridge/3rdparty/Megatron-LM/megatron/core/models/gpt/heterogeneous/heterogeneous_layer_specs.py:68: UserWarning: Apex is not installed. Falling back to Torch Norm
  warnings.warn("Apex is not installed. Falling back to Torch Norm")
/root/.cache/user_artifacts/devboxes/q4grmdq/trainers/server-megatron-bridge/vendor/megatron-bridge/3rdparty/Megatron-LM/megatron/core/models/vision/vit_layer_specs.py:31: UserWarning: Apex is not installed. Falling back to Torch Norm
  warnings.warn("Apex is not installed. Falling back to Torch Norm")
/root/.cache/user_artifacts/devboxes/q4grmdq/trainers/server-megatron-bridge/vendor/megatron-bridge/3rdparty/Megatron-LM/megatron/core/models/gpt/gpt_layer_specs.py:74: UserWarning: Apex is not installed. Falling back to Torch Norm
  warnings.warn("Apex is not installed. Falling back to Torch Norm")
/root/.cache/user_artifacts/devboxes/q4grmdq/trainers/server-megatron-bridge/.venv/lib/python3.12/site-packages/modelopt/torch/__init__.py:53: UserWarning: transformers>=5.0 support is experimental. Unified Hugging Face checkpoint export for quantized checkpoints may not work for some models yet.
  _warnings.warn(
/root/.cache/user_artifacts/devboxes/q4grmdq/trainers/server-megatron-bridge/vendor/megatron-bridge/3rdparty/Megatron-LM/megatron/core/models/gpt/heterogeneous/heterogeneous_layer_specs.py:68: UserWarning: Apex is not installed. Falling back to Torch Norm
  warnings.warn("Apex is not installed. Falling back to Torch Norm")
/root/.cache/user_artifacts/devboxes/q4grmdq/trainers/server-megatron-bridge/vendor/megatron-bridge/3rdparty/Megatron-LM/megatron/core/models/vision/vit_layer_specs.py:31: UserWarning: Apex is not installed. Falling back to Torch Norm
  warnings.warn("Apex is not installed. Falling back to Torch Norm")
/root/.cache/user_artifacts/devboxes/q4grmdq/trainers/server-megatron-bridge/vendor/megatron-bridge/3rdparty/Megatron-LM/megatron/core/models/gpt/gpt_layer_specs.py:74: UserWarning: Apex is not installed. Falling back to Torch Norm
  warnings.warn("Apex is not installed. Falling back to Torch Norm")
/root/.cache/user_artifacts/devboxes/q4grmdq/trainers/server-megatron-bridge/vendor/megatron-bridge/3rdparty/Megatron-LM/megatron/core/models/gpt/gpt_layer_specs.py:74: UserWarning: Apex is not installed. Falling back to Torch Norm
  warnings.warn("Apex is not installed. Falling back to Torch Norm")
/root/.cache/user_artifacts/devboxes/q4grmdq/trainers/server-megatron-bridge/.venv/lib/python3.12/site-packages/modelopt/torch/__init__.py:53: UserWarning: transformers>=5.0 support is experimental. Unified Hugging Face checkpoint export for quantized checkpoints may not work for some models yet.
  _warnings.warn(
/root/.cache/user_artifacts/devboxes/q4grmdq/trainers/server-megatron-bridge/.venv/lib/python3.12/site-packages/modelopt/torch/__init__.py:53: UserWarning: transformers>=5.0 support is experimental. Unified Hugging Face checkpoint export for quantized checkpoints may not work for some models yet.
  _warnings.warn(
/root/.cache/user_artifacts/devboxes/q4grmdq/trainers/server-megatron-bridge/vendor/megatron-bridge/3rdparty/Megatron-LM/megatron/core/models/gpt/gpt_layer_specs.py:74: UserWarning: Apex is not installed. Falling back to Torch Norm
  warnings.warn("Apex is not installed. Falling back to Torch Norm")
/root/.cache/user_artifacts/devboxes/q4grmdq/trainers/server-megatron-bridge/vendor/megatron-bridge/3rdparty/Megatron-LM/megatron/core/models/mimo/config/base_configs.py:12: UserWarning: MimoModelConfig is experimental and still under active development. The API may change without notice in future releases.
  class MimoModelConfig:
/root/.cache/user_artifacts/devboxes/q4grmdq/trainers/server-megatron-bridge/.venv/lib/python3.12/site-packages/modelopt/torch/__init__.py:53: UserWarning: transformers>=5.0 support is experimental. Unified Hugging Face checkpoint export for quantized checkpoints may not work for some models yet.
  _warnings.warn(
/root/.cache/user_artifacts/devboxes/q4grmdq/trainers/server-megatron-bridge/vendor/megatron-bridge/3rdparty/Megatron-LM/megatron/core/models/gpt/heterogeneous/heterogeneous_layer_specs.py:68: UserWarning: Apex is not installed. Falling back to Torch Norm
  warnings.warn("Apex is not installed. Falling back to Torch Norm")
/root/.cache/user_artifacts/devboxes/q4grmdq/trainers/server-megatron-bridge/vendor/megatron-bridge/3rdparty/Megatron-LM/megatron/core/models/gpt/heterogeneous/heterogeneous_layer_specs.py:68: UserWarning: Apex is not installed. Falling back to Torch Norm
  warnings.warn("Apex is not installed. Falling back to Torch Norm")
WARNING:megatron.bridge.models.conversion.auto_bridge:Loading a model with trust_remote_code=True allows arbitrary code execution from the model repository. Only use this with models you trust.
/root/.cache/user_artifacts/devboxes/q4grmdq/trainers/server-megatron-bridge/vendor/megatron-bridge/3rdparty/Megatron-LM/megatron/core/models/gpt/heterogeneous/heterogeneous_layer_specs.py:68: UserWarning: Apex is not installed. Falling back to Torch Norm
  warnings.warn("Apex is not installed. Falling back to Torch Norm")
/root/.cache/user_artifacts/devboxes/q4grmdq/trainers/server-megatron-bridge/vendor/megatron-bridge/3rdparty/Megatron-LM/megatron/core/models/mimo/config/base_configs.py:12: UserWarning: MimoModelConfig is experimental and still under active development. The API may change without notice in future releases.
  class MimoModelConfig:
/root/.cache/user_artifacts/devboxes/q4grmdq/trainers/server-megatron-bridge/vendor/megatron-bridge/3rdparty/Megatron-LM/megatron/core/models/gpt/gpt_layer_specs.py:74: UserWarning: Apex is not installed. Falling back to Torch Norm
  warnings.warn("Apex is not installed. Falling back to Torch Norm")
WARNING:megatron.bridge.models.conversion.auto_bridge:Loading a model with trust_remote_code=True allows arbitrary code execution from the model repository. Only use this with models you trust.
/root/.cache/user_artifacts/devboxes/q4grmdq/trainers/server-megatron-bridge/vendor/megatron-bridge/3rdparty/Megatron-LM/megatron/core/models/gpt/gpt_layer_specs.py:74: UserWarning: Apex is not installed. Falling back to Torch Norm
  warnings.warn("Apex is not installed. Falling back to Torch Norm")
/root/.cache/user_artifacts/devboxes/q4grmdq/trainers/server-megatron-bridge/.venv/lib/python3.12/site-packages/modelopt/torch/__init__.py:53: UserWarning: transformers>=5.0 support is experimental. Unified Hugging Face checkpoint export for quantized checkpoints may not work for some models yet.
  _warnings.warn(
/root/.cache/user_artifacts/devboxes/q4grmdq/trainers/server-megatron-bridge/.venv/lib/python3.12/site-packages/modelopt/torch/__init__.py:53: UserWarning: transformers>=5.0 support is experimental. Unified Hugging Face checkpoint export for quantized checkpoints may not work for some models yet.
  _warnings.warn(
/root/.cache/user_artifacts/devboxes/q4grmdq/trainers/server-megatron-bridge/vendor/megatron-bridge/3rdparty/Megatron-LM/megatron/core/models/gpt/heterogeneous/heterogeneous_layer_specs.py:68: UserWarning: Apex is not installed. Falling back to Torch Norm
  warnings.warn("Apex is not installed. Falling back to Torch Norm")
/root/.cache/user_artifacts/devboxes/q4grmdq/trainers/server-megatron-bridge/vendor/megatron-bridge/3rdparty/Megatron-LM/megatron/core/models/vision/vit_layer_specs.py:31: UserWarning: Apex is not installed. Falling back to Torch Norm
  warnings.warn("Apex is not installed. Falling back to Torch Norm")
/root/.cache/user_artifacts/devboxes/q4grmdq/trainers/server-megatron-bridge/vendor/megatron-bridge/3rdparty/Megatron-LM/megatron/core/models/vision/vit_layer_specs.py:31: UserWarning: Apex is not installed. Falling back to Torch Norm
  warnings.warn("Apex is not installed. Falling back to Torch Norm")
/root/.cache/user_artifacts/devboxes/q4grmdq/trainers/server-megatron-bridge/vendor/megatron-bridge/3rdparty/Megatron-LM/megatron/core/models/vision/vit_layer_specs.py:31: UserWarning: Apex is not installed. Falling back to Torch Norm
  warnings.warn("Apex is not installed. Falling back to Torch Norm")
/root/.cache/user_artifacts/devboxes/q4grmdq/trainers/server-megatron-bridge/vendor/megatron-bridge/3rdparty/Megatron-LM/megatron/core/models/gpt/heterogeneous/heterogeneous_layer_specs.py:68: UserWarning: Apex is not installed. Falling back to Torch Norm
  warnings.warn("Apex is not installed. Falling back to Torch Norm")
/root/.cache/user_artifacts/devboxes/q4grmdq/trainers/server-megatron-bridge/vendor/megatron-bridge/3rdparty/Megatron-LM/megatron/core/models/gpt/gpt_layer_specs.py:74: UserWarning: Apex is not installed. Falling back to Torch Norm
  warnings.warn("Apex is not installed. Falling back to Torch Norm")
/root/.cache/user_artifacts/devboxes/q4grmdq/trainers/server-megatron-bridge/vendor/megatron-bridge/3rdparty/Megatron-LM/megatron/core/models/gpt/gpt_layer_specs.py:74: UserWarning: Apex is not installed. Falling back to Torch Norm
  warnings.warn("Apex is not installed. Falling back to Torch Norm")
/root/.cache/user_artifacts/devboxes/q4grmdq/trainers/server-megatron-bridge/.venv/lib/python3.12/site-packages/modelopt/torch/__init__.py:53: UserWarning: transformers>=5.0 support is experimental. Unified Hugging Face checkpoint export for quantized checkpoints may not work for some models yet.
  _warnings.warn(
/root/.cache/user_artifacts/devboxes/q4grmdq/trainers/server-megatron-bridge/.venv/lib/python3.12/site-packages/modelopt/torch/__init__.py:53: UserWarning: transformers>=5.0 support is experimental. Unified Hugging Face checkpoint export for quantized checkpoints may not work for some models yet.
  _warnings.warn(
/root/.cache/user_artifacts/devboxes/q4grmdq/trainers/server-megatron-bridge/vendor/megatron-bridge/3rdparty/Megatron-LM/megatron/core/models/vision/vit_layer_specs.py:31: UserWarning: Apex is not installed. Falling back to Torch Norm
  warnings.warn("Apex is not installed. Falling back to Torch Norm")
/root/.cache/user_artifacts/devboxes/q4grmdq/trainers/server-megatron-bridge/vendor/megatron-bridge/3rdparty/Megatron-LM/megatron/core/models/gpt/heterogeneous/heterogeneous_layer_specs.py:68: UserWarning: Apex is not installed. Falling back to Torch Norm
  warnings.warn("Apex is not installed. Falling back to Torch Norm")
/root/.cache/user_artifacts/devboxes/q4grmdq/trainers/server-megatron-bridge/vendor/megatron-bridge/3rdparty/Megatron-LM/megatron/core/models/gpt/gpt_layer_specs.py:74: UserWarning: Apex is not installed. Falling back to Torch Norm
  warnings.warn("Apex is not installed. Falling back to Torch Norm")
/root/.cache/user_artifacts/devboxes/q4grmdq/trainers/server-megatron-bridge/vendor/megatron-bridge/3rdparty/Megatron-LM/megatron/core/models/gpt/heterogeneous/heterogeneous_layer_specs.py:68: UserWarning: Apex is not installed. Falling back to Torch Norm
  warnings.warn("Apex is not installed. Falling back to Torch Norm")
/root/.cache/user_artifacts/devboxes/q4grmdq/trainers/server-megatron-bridge/vendor/megatron-bridge/3rdparty/Megatron-LM/megatron/core/models/gpt/gpt_layer_specs.py:74: UserWarning: Apex is not installed. Falling back to Torch Norm
  warnings.warn("Apex is not installed. Falling back to Torch Norm")
/root/.cache/user_artifacts/devboxes/q4grmdq/trainers/server-megatron-bridge/vendor/megatron-bridge/3rdparty/Megatron-LM/megatron/core/models/vision/vit_layer_specs.py:31: UserWarning: Apex is not installed. Falling back to Torch Norm
  warnings.warn("Apex is not installed. Falling back to Torch Norm")
/root/.cache/user_artifacts/devboxes/q4grmdq/trainers/server-megatron-bridge/.venv/lib/python3.12/site-packages/modelopt/torch/__init__.py:53: UserWarning: transformers>=5.0 support is experimental. Unified Hugging Face checkpoint export for quantized checkpoints may not work for some models yet.
  _warnings.warn(
/root/.cache/user_artifacts/devboxes/q4grmdq/trainers/server-megatron-bridge/.venv/lib/python3.12/site-packages/modelopt/torch/__init__.py:53: UserWarning: transformers>=5.0 support is experimental. Unified Hugging Face checkpoint export for quantized checkpoints may not work for some models yet.
  _warnings.warn(
/root/.cache/user_artifacts/devboxes/q4grmdq/trainers/server-megatron-bridge/vendor/megatron-bridge/3rdparty/Megatron-LM/megatron/core/models/gpt/heterogeneous/heterogeneous_layer_specs.py:68: UserWarning: Apex is not installed. Falling back to Torch Norm
  warnings.warn("Apex is not installed. Falling back to Torch Norm")
/root/.cache/user_artifacts/devboxes/q4grmdq/trainers/server-megatron-bridge/vendor/megatron-bridge/3rdparty/Megatron-LM/megatron/core/models/gpt/heterogeneous/heterogeneous_layer_specs.py:68: UserWarning: Apex is not installed. Falling back to Torch Norm
  warnings.warn("Apex is not installed. Falling back to Torch Norm")
/root/.cache/user_artifacts/devboxes/q4grmdq/trainers/server-megatron-bridge/vendor/megatron-bridge/src/megatron/bridge/models/glm_moe_dsa/glm5_bridge.py:90: FutureWarning: GLM5Bridge.provider_bridge() and AutoBridge.to_megatron_provider() are deprecated for builder-backed models. Use AutoBridge.get_model_config() for training recipes or AutoBridge.get_model() to construct a model. Legacy provider support will be removed in a future release.
  provider = super().provider_bridge(hf_pretrained)
[transformers] `torch_dtype` is deprecated! Use `dtype` instead!
/root/.cache/user_artifacts/devboxes/q4grmdq/trainers/server-megatron-bridge/vendor/megatron-bridge/3rdparty/Megatron-LM/megatron/core/models/gpt/gpt_layer_specs.py:74: UserWarning: Apex is not installed. Falling back to Torch Norm
  warnings.warn("Apex is not installed. Falling back to Torch Norm")
/root/.cache/user_artifacts/devboxes/q4grmdq/trainers/server-megatron-bridge/vendor/megatron-bridge/3rdparty/Megatron-LM/megatron/core/models/vision/vit_layer_specs.py:31: UserWarning: Apex is not installed. Falling back to Torch Norm
  warnings.warn("Apex is not installed. Falling back to Torch Norm")
/root/.cache/user_artifacts/devboxes/q4grmdq/trainers/server-megatron-bridge/vendor/megatron-bridge/3rdparty/Megatron-LM/megatron/core/models/vision/vit_layer_specs.py:31: UserWarning: Apex is not installed. Falling back to Torch Norm
  warnings.warn("Apex is not installed. Falling back to Torch Norm")
/root/.cache/user_artifacts/devboxes/q4grmdq/trainers/server-megatron-bridge/.venv/lib/python3.12/site-packages/modelopt/torch/__init__.py:53: UserWarning: transformers>=5.0 support is experimental. Unified Hugging Face checkpoint export for quantized checkpoints may not work for some models yet.
  _warnings.warn(
/root/.cache/user_artifacts/devboxes/q4grmdq/trainers/server-megatron-bridge/vendor/megatron-bridge/3rdparty/Megatron-LM/megatron/core/models/gpt/heterogeneous/heterogeneous_layer_specs.py:68: UserWarning: Apex is not installed. Falling back to Torch Norm
  warnings.warn("Apex is not installed. Falling back to Torch Norm")
/root/.cache/user_artifacts/devboxes/q4grmdq/trainers/server-megatron-bridge/vendor/megatron-bridge/3rdparty/Megatron-LM/megatron/core/models/vision/vit_layer_specs.py:31: UserWarning: Apex is not installed. Falling back to Torch Norm
  warnings.warn("Apex is not installed. Falling back to Torch Norm")
/root/.cache/user_artifacts/devboxes/q4grmdq/trainers/server-megatron-bridge/vendor/megatron-bridge/3rdparty/Megatron-LM/megatron/core/models/vision/vit_layer_specs.py:31: UserWarning: Apex is not installed. Falling back to Torch Norm
  warnings.warn("Apex is not installed. Falling back to Torch Norm")
/root/.cache/user_artifacts/devboxes/q4grmdq/trainers/server-megatron-bridge/vendor/megatron-bridge/3rdparty/Megatron-LM/megatron/core/models/gpt/gpt_layer_specs.py:74: UserWarning: Apex is not installed. Falling back to Torch Norm
  warnings.warn("Apex is not installed. Falling back to Torch Norm")
/root/.cache/user_artifacts/devboxes/q4grmdq/trainers/server-megatron-bridge/.venv/lib/python3.12/site-packages/modelopt/torch/__init__.py:53: UserWarning: transformers>=5.0 support is experimental. Unified Hugging Face checkpoint export for quantized checkpoints may not work for some models yet.
  _warnings.warn(
/root/.cache/user_artifacts/devboxes/q4grmdq/trainers/server-megatron-bridge/vendor/megatron-bridge/3rdparty/Megatron-LM/megatron/core/models/vision/vit_layer_specs.py:31: UserWarning: Apex is not installed. Falling back to Torch Norm
  warnings.warn("Apex is not installed. Falling back to Torch Norm")
/root/.cache/user_artifacts/devboxes/q4grmdq/trainers/server-megatron-bridge/vendor/megatron-bridge/3rdparty/Megatron-LM/megatron/core/models/gpt/heterogeneous/heterogeneous_layer_specs.py:68: UserWarning: Apex is not installed. Falling back to Torch Norm
  warnings.warn("Apex is not installed. Falling back to Torch Norm")
/root/.cache/user_artifacts/devboxes/q4grmdq/trainers/server-megatron-bridge/vendor/megatron-bridge/3rdparty/Megatron-LM/megatron/core/models/gpt/gpt_layer_specs.py:74: UserWarning: Apex is not installed. Falling back to Torch Norm
  warnings.warn("Apex is not installed. Falling back to Torch Norm")
/root/.cache/user_artifacts/devboxes/q4grmdq/trainers/server-megatron-bridge/vendor/megatron-bridge/3rdparty/Megatron-LM/megatron/core/models/gpt/gpt_layer_specs.py:74: UserWarning: Apex is not installed. Falling back to Torch Norm
  warnings.warn("Apex is not installed. Falling back to Torch Norm")
/root/.cache/user_artifacts/devboxes/q4grmdq/trainers/server-megatron-bridge/vendor/megatron-bridge/3rdparty/Megatron-LM/megatron/core/models/gpt/gpt_layer_specs.py:74: UserWarning: Apex is not installed. Falling back to Torch Norm
  warnings.warn("Apex is not installed. Falling back to Torch Norm")
/root/.cache/user_artifacts/devboxes/q4grmdq/trainers/server-megatron-bridge/.venv/lib/python3.12/site-packages/modelopt/torch/__init__.py:53: UserWarning: transformers>=5.0 support is experimental. Unified Hugging Face checkpoint export for quantized checkpoints may not work for some models yet.
  _warnings.warn(
INFO:trainers_server_interface.startup:trainer startup phase=bridge_provider rank=8 duration_s=1.136 cumulative_s=1.136
INFO:trainers_server_interface.startup:trainer startup phase=lora_config rank=8 duration_s=0.000 cumulative_s=1.137
/root/.cache/user_artifacts/devboxes/q4grmdq/trainers/server-megatron-bridge/vendor/megatron-bridge/3rdparty/Megatron-LM/megatron/core/transformer/transformer_config.py:2696: UserWarning: full scope is deprecated. Use empty cuda_graph_modules to capture the whole layer.
  warnings.warn(
INFO:trainers_server_interface.startup:trainer startup phase=build_config rank=8 duration_s=0.002 cumulative_s=1.139
/root/.cache/user_artifacts/devboxes/q4grmdq/trainers/server-megatron-bridge/.venv/lib/python3.12/site-packages/modelopt/torch/__init__.py:53: UserWarning: transformers>=5.0 support is experimental. Unified Hugging Face checkpoint export for quantized checkpoints may not work for some models yet.
  _warnings.warn(
/root/.cache/user_artifacts/devboxes/q4grmdq/trainers/server-megatron-bridge/.venv/lib/python3.12/site-packages/modelopt/torch/__init__.py:53: UserWarning: transformers>=5.0 support is experimental. Unified Hugging Face checkpoint export for quantized checkpoints may not work for some models yet.
  _warnings.warn(
/root/.cache/user_artifacts/devboxes/q4grmdq/trainers/server-megatron-bridge/vendor/megatron-bridge/3rdparty/Megatron-LM/megatron/core/models/gpt/heterogeneous/heterogeneous_layer_specs.py:68: UserWarning: Apex is not installed. Falling back to Torch Norm
  warnings.warn("Apex is not installed. Falling back to Torch Norm")
/root/.cache/user_artifacts/devboxes/q4grmdq/trainers/server-megatron-bridge/vendor/megatron-bridge/3rdparty/Megatron-LM/megatron/core/models/gpt/heterogeneous/heterogeneous_layer_specs.py:68: UserWarning: Apex is not installed. Falling back to Torch Norm
  warnings.warn("Apex is not installed. Falling back to Torch Norm")
/root/.cache/user_artifacts/devboxes/q4grmdq/trainers/server-megatron-bridge/vendor/megatron-bridge/3rdparty/Megatron-LM/megatron/core/models/gpt/heterogeneous/heterogeneous_layer_specs.py:68: UserWarning: Apex is not installed. Falling back to Torch Norm
  warnings.warn("Apex is not installed. Falling back to Torch Norm")
/root/.cache/user_artifacts/devboxes/q4grmdq/trainers/server-megatron-bridge/vendor/megatron-bridge/3rdparty/Megatron-LM/megatron/core/models/vision/vit_layer_specs.py:31: UserWarning: Apex is not installed. Falling back to Torch Norm
  warnings.warn("Apex is not installed. Falling back to Torch Norm")
/root/.cache/user_artifacts/devboxes/q4grmdq/trainers/server-megatron-bridge/vendor/megatron-bridge/3rdparty/Megatron-LM/megatron/core/models/vision/vit_layer_specs.py:31: UserWarning: Apex is not installed. Falling back to Torch Norm
  warnings.warn("Apex is not installed. Falling back to Torch Norm")
/root/.cache/user_artifacts/devboxes/q4grmdq/trainers/server-megatron-bridge/vendor/megatron-bridge/src/megatron/bridge/models/glm_moe_dsa/glm5_bridge.py:90: FutureWarning: GLM5Bridge.provider_bridge() and AutoBridge.to_megatron_provider() are deprecated for builder-backed models. Use AutoBridge.get_model_config() for training recipes or AutoBridge.get_model() to construct a model. Legacy provider support will be removed in a future release.
  provider = super().provider_bridge(hf_pretrained)
[transformers] `torch_dtype` is deprecated! Use `dtype` instead!
/root/.cache/user_artifacts/devboxes/q4grmdq/trainers/server-megatron-bridge/vendor/megatron-bridge/3rdparty/Megatron-LM/megatron/core/models/vision/vit_layer_specs.py:31: UserWarning: Apex is not installed. Falling back to Torch Norm
  warnings.warn("Apex is not installed. Falling back to Torch Norm")
/root/.cache/user_artifacts/devboxes/q4grmdq/trainers/server-megatron-bridge/vendor/megatron-bridge/3rdparty/Megatron-LM/megatron/core/models/vision/vit_layer_specs.py:31: UserWarning: Apex is not installed. Falling back to Torch Norm
  warnings.warn("Apex is not installed. Falling back to Torch Norm")
/root/.cache/user_artifacts/devboxes/q4grmdq/trainers/server-megatron-bridge/vendor/megatron-bridge/3rdparty/Megatron-LM/megatron/core/models/mimo/config/base_configs.py:12: UserWarning: MimoModelConfig is experimental and still under active development. The API may change without notice in future releases.
  class MimoModelConfig:
WARNING:megatron.bridge.models.conversion.auto_bridge:Loading a model with trust_remote_code=True allows arbitrary code execution from the model repository. Only use this with models you trust.
/root/.cache/user_artifacts/devboxes/q4grmdq/trainers/server-megatron-bridge/vendor/megatron-bridge/3rdparty/Megatron-LM/megatron/core/models/mimo/config/base_configs.py:12: UserWarning: MimoModelConfig is experimental and still under active development. The API may change without notice in future releases.
  class MimoModelConfig:
/root/.cache/user_artifacts/devboxes/q4grmdq/trainers/server-megatron-bridge/vendor/megatron-bridge/3rdparty/Megatron-LM/megatron/core/models/mimo/config/base_configs.py:12: UserWarning: MimoModelConfig is experimental and still under active development. The API may change without notice in future releases.
  class MimoModelConfig:
/root/.cache/user_artifacts/devboxes/q4grmdq/trainers/server-megatron-bridge/vendor/megatron-bridge/3rdparty/Megatron-LM/megatron/core/models/mimo/config/base_configs.py:12: UserWarning: MimoModelConfig is experimental and still under active development. The API may change without notice in future releases.
  class MimoModelConfig:
/root/.cache/user_artifacts/devboxes/q4grmdq/trainers/server-megatron-bridge/vendor/megatron-bridge/3rdparty/Megatron-LM/megatron/core/models/mimo/config/base_configs.py:12: UserWarning: MimoModelConfig is experimental and still under active development. The API may change without notice in future releases.
  class MimoModelConfig:
/root/.cache/user_artifacts/devboxes/q4grmdq/trainers/server-megatron-bridge/vendor/megatron-bridge/3rdparty/Megatron-LM/megatron/core/models/mimo/config/base_configs.py:12: UserWarning: MimoModelConfig is experimental and still under active development. The API may change without notice in future releases.
  class MimoModelConfig:
/root/.cache/user_artifacts/devboxes/q4grmdq/trainers/server-megatron-bridge/vendor/megatron-bridge/3rdparty/Megatron-LM/megatron/core/models/mimo/config/base_configs.py:12: UserWarning: MimoModelConfig is experimental and still under active development. The API may change without notice in future releases.
  class MimoModelConfig:
WARNING:megatron.bridge.models.conversion.auto_bridge:Loading a model with trust_remote_code=True allows arbitrary code execution from the model repository. Only use this with models you trust.
WARNING:megatron.bridge.models.conversion.auto_bridge:Loading a model with trust_remote_code=True allows arbitrary code execution from the model repository. Only use this with models you trust.
WARNING:megatron.bridge.models.conversion.auto_bridge:Loading a model with trust_remote_code=True allows arbitrary code execution from the model repository. Only use this with models you trust.
WARNING:megatron.bridge.models.conversion.auto_bridge:Loading a model with trust_remote_code=True allows arbitrary code execution from the model repository. Only use this with models you trust.
WARNING:megatron.bridge.models.conversion.auto_bridge:Loading a model with trust_remote_code=True allows arbitrary code execution from the model repository. Only use this with models you trust.
WARNING:megatron.bridge.models.conversion.auto_bridge:Loading a model with trust_remote_code=True allows arbitrary code execution from the model repository. Only use this with models you trust.
/root/.cache/user_artifacts/devboxes/q4grmdq/trainers/server-megatron-bridge/vendor/megatron-bridge/3rdparty/Megatron-LM/megatron/core/models/mimo/config/base_configs.py:12: UserWarning: MimoModelConfig is experimental and still under active development. The API may change without notice in future releases.
  class MimoModelConfig:
/root/.cache/user_artifacts/devboxes/q4grmdq/trainers/server-megatron-bridge/vendor/megatron-bridge/3rdparty/Megatron-LM/megatron/core/models/mimo/config/base_configs.py:12: UserWarning: MimoModelConfig is experimental and still under active development. The API may change without notice in future releases.
  class MimoModelConfig:
WARNING:megatron.bridge.models.conversion.auto_bridge:Loading a model with trust_remote_code=True allows arbitrary code execution from the model repository. Only use this with models you trust.
WARNING:megatron.bridge.models.conversion.auto_bridge:Loading a model with trust_remote_code=True allows arbitrary code execution from the model repository. Only use this with models you trust.
INFO:trainers_server_interface.startup:trainer startup phase=bridge_provider rank=10 duration_s=1.626 cumulative_s=1.626
INFO:trainers_server_interface.startup:trainer startup phase=lora_config rank=10 duration_s=0.000 cumulative_s=1.626
/root/.cache/user_artifacts/devboxes/q4grmdq/trainers/server-megatron-bridge/vendor/megatron-bridge/3rdparty/Megatron-LM/megatron/core/transformer/transformer_config.py:2696: UserWarning: full scope is deprecated. Use empty cuda_graph_modules to capture the whole layer.
  warnings.warn(
INFO:trainers_server_interface.startup:trainer startup phase=build_config rank=10 duration_s=0.002 cumulative_s=1.628
/root/.cache/user_artifacts/devboxes/q4grmdq/trainers/server-megatron-bridge/vendor/megatron-bridge/3rdparty/Megatron-LM/megatron/core/models/mimo/config/base_configs.py:12: UserWarning: MimoModelConfig is experimental and still under active development. The API may change without notice in future releases.
  class MimoModelConfig:
WARNING:megatron.bridge.models.conversion.auto_bridge:Loading a model with trust_remote_code=True allows arbitrary code execution from the model repository. Only use this with models you trust.
/root/.cache/user_artifacts/devboxes/q4grmdq/trainers/server-megatron-bridge/vendor/megatron-bridge/3rdparty/Megatron-LM/megatron/core/models/mimo/config/base_configs.py:12: UserWarning: MimoModelConfig is experimental and still under active development. The API may change without notice in future releases.
  class MimoModelConfig:
/root/.cache/user_artifacts/devboxes/q4grmdq/trainers/server-megatron-bridge/vendor/megatron-bridge/src/megatron/bridge/models/glm_moe_dsa/glm5_bridge.py:90: FutureWarning: GLM5Bridge.provider_bridge() and AutoBridge.to_megatron_provider() are deprecated for builder-backed models. Use AutoBridge.get_model_config() for training recipes or AutoBridge.get_model() to construct a model. Legacy provider support will be removed in a future release.
  provider = super().provider_bridge(hf_pretrained)
[transformers] `torch_dtype` is deprecated! Use `dtype` instead!
WARNING:megatron.bridge.models.conversion.auto_bridge:Loading a model with trust_remote_code=True allows arbitrary code execution from the model repository. Only use this with models you trust.
/root/.cache/user_artifacts/devboxes/q4grmdq/trainers/server-megatron-bridge/vendor/megatron-bridge/3rdparty/Megatron-LM/megatron/core/models/mimo/config/base_configs.py:12: UserWarning: MimoModelConfig is experimental and still under active development. The API may change without notice in future releases.
  class MimoModelConfig:
/root/.cache/user_artifacts/devboxes/q4grmdq/trainers/server-megatron-bridge/vendor/megatron-bridge/3rdparty/Megatron-LM/megatron/core/models/mimo/config/base_configs.py:12: UserWarning: MimoModelConfig is experimental and still under active development. The API may change without notice in future releases.
  class MimoModelConfig:
/root/.cache/user_artifacts/devboxes/q4grmdq/trainers/server-megatron-bridge/vendor/megatron-bridge/3rdparty/Megatron-LM/megatron/core/models/mimo/config/base_configs.py:12: UserWarning: MimoModelConfig is experimental and still under active development. The API may change without notice in future releases.
  class MimoModelConfig:
WARNING:megatron.bridge.models.conversion.auto_bridge:Loading a model with trust_remote_code=True allows arbitrary code execution from the model repository. Only use this with models you trust.
WARNING:megatron.bridge.models.conversion.auto_bridge:Loading a model with trust_remote_code=True allows arbitrary code execution from the model repository. Only use this with models you trust.
WARNING:megatron.bridge.models.conversion.auto_bridge:Loading a model with trust_remote_code=True allows arbitrary code execution from the model repository. Only use this with models you trust.
/root/.cache/user_artifacts/devboxes/q4grmdq/trainers/server-megatron-bridge/vendor/megatron-bridge/src/megatron/bridge/models/glm_moe_dsa/glm5_bridge.py:90: FutureWarning: GLM5Bridge.provider_bridge() and AutoBridge.to_megatron_provider() are deprecated for builder-backed models. Use AutoBridge.get_model_config() for training recipes or AutoBridge.get_model() to construct a model. Legacy provider support will be removed in a future release.
  provider = super().provider_bridge(hf_pretrained)
[transformers] `torch_dtype` is deprecated! Use `dtype` instead!
INFO:trainers_server_interface.startup:trainer startup phase=bridge_provider rank=11 duration_s=1.101 cumulative_s=1.101
INFO:trainers_server_interface.startup:trainer startup phase=lora_config rank=11 duration_s=0.000 cumulative_s=1.101
/root/.cache/user_artifacts/devboxes/q4grmdq/trainers/server-megatron-bridge/vendor/megatron-bridge/3rdparty/Megatron-LM/megatron/core/transformer/transformer_config.py:2696: UserWarning: full scope is deprecated. Use empty cuda_graph_modules to capture the whole layer.
  warnings.warn(
INFO:trainers_server_interface.startup:trainer startup phase=build_config rank=11 duration_s=0.002 cumulative_s=1.103
INFO:trainers_server_interface.startup:trainer startup phase=bridge_provider rank=4 duration_s=1.152 cumulative_s=1.152
INFO:trainers_server_interface.startup:trainer startup phase=lora_config rank=4 duration_s=0.000 cumulative_s=1.152
/root/.cache/user_artifacts/devboxes/q4grmdq/trainers/server-megatron-bridge/vendor/megatron-bridge/3rdparty/Megatron-LM/megatron/core/transformer/transformer_config.py:2696: UserWarning: full scope is deprecated. Use empty cuda_graph_modules to capture the whole layer.
  warnings.warn(
INFO:trainers_server_interface.startup:trainer startup phase=build_config rank=4 duration_s=0.002 cumulative_s=1.154
/root/.cache/user_artifacts/devboxes/q4grmdq/trainers/server-megatron-bridge/vendor/megatron-bridge/src/megatron/bridge/models/glm_moe_dsa/glm5_bridge.py:90: FutureWarning: GLM5Bridge.provider_bridge() and AutoBridge.to_megatron_provider() are deprecated for builder-backed models. Use AutoBridge.get_model_config() for training recipes or AutoBridge.get_model() to construct a model. Legacy provider support will be removed in a future release.
  provider = super().provider_bridge(hf_pretrained)
[transformers] `torch_dtype` is deprecated! Use `dtype` instead!
/root/.cache/user_artifacts/devboxes/q4grmdq/trainers/server-megatron-bridge/vendor/megatron-bridge/src/megatron/bridge/models/glm_moe_dsa/glm5_bridge.py:90: FutureWarning: GLM5Bridge.provider_bridge() and AutoBridge.to_megatron_provider() are deprecated for builder-backed models. Use AutoBridge.get_model_config() for training recipes or AutoBridge.get_model() to construct a model. Legacy provider support will be removed in a future release.
  provider = super().provider_bridge(hf_pretrained)
[transformers] `torch_dtype` is deprecated! Use `dtype` instead!
INFO:trainers_server_interface.startup:trainer startup phase=bridge_provider rank=15 duration_s=1.481 cumulative_s=1.481
INFO:trainers_server_interface.startup:trainer startup phase=lora_config rank=15 duration_s=0.000 cumulative_s=1.481
/root/.cache/user_artifacts/devboxes/q4grmdq/trainers/server-megatron-bridge/vendor/megatron-bridge/3rdparty/Megatron-LM/megatron/core/transformer/transformer_config.py:2696: UserWarning: full scope is deprecated. Use empty cuda_graph_modules to capture the whole layer.
  warnings.warn(
INFO:trainers_server_interface.startup:trainer startup phase=build_config rank=15 duration_s=0.002 cumulative_s=1.483
/root/.cache/user_artifacts/devboxes/q4grmdq/trainers/server-megatron-bridge/vendor/megatron-bridge/src/megatron/bridge/models/glm_moe_dsa/glm5_bridge.py:90: FutureWarning: GLM5Bridge.provider_bridge() and AutoBridge.to_megatron_provider() are deprecated for builder-backed models. Use AutoBridge.get_model_config() for training recipes or AutoBridge.get_model() to construct a model. Legacy provider support will be removed in a future release.
  provider = super().provider_bridge(hf_pretrained)
[transformers] `torch_dtype` is deprecated! Use `dtype` instead!
INFO:trainers_server_interface.startup:trainer startup phase=bridge_provider rank=6 duration_s=1.555 cumulative_s=1.555
INFO:trainers_server_interface.startup:trainer startup phase=lora_config rank=6 duration_s=0.000 cumulative_s=1.555
/root/.cache/user_artifacts/devboxes/q4grmdq/trainers/server-megatron-bridge/vendor/megatron-bridge/3rdparty/Megatron-LM/megatron/core/transformer/transformer_config.py:2696: UserWarning: full scope is deprecated. Use empty cuda_graph_modules to capture the whole layer.
  warnings.warn(
INFO:trainers_server_interface.startup:trainer startup phase=build_config rank=6 duration_s=0.002 cumulative_s=1.556
/root/.cache/user_artifacts/devboxes/q4grmdq/trainers/server-megatron-bridge/vendor/megatron-bridge/src/megatron/bridge/models/glm_moe_dsa/glm5_bridge.py:90: FutureWarning: GLM5Bridge.provider_bridge() and AutoBridge.to_megatron_provider() are deprecated for builder-backed models. Use AutoBridge.get_model_config() for training recipes or AutoBridge.get_model() to construct a model. Legacy provider support will be removed in a future release.
  provider = super().provider_bridge(hf_pretrained)
[transformers] `torch_dtype` is deprecated! Use `dtype` instead!
INFO:trainers_server_interface.startup:trainer startup phase=bridge_provider rank=13 duration_s=1.641 cumulative_s=1.641
INFO:trainers_server_interface.startup:trainer startup phase=lora_config rank=13 duration_s=0.000 cumulative_s=1.641
/root/.cache/user_artifacts/devboxes/q4grmdq/trainers/server-megatron-bridge/vendor/megatron-bridge/3rdparty/Megatron-LM/megatron/core/transformer/transformer_config.py:2696: UserWarning: full scope is deprecated. Use empty cuda_graph_modules to capture the whole layer.
  warnings.warn(
INFO:trainers_server_interface.startup:trainer startup phase=build_config rank=13 duration_s=0.002 cumulative_s=1.643
INFO:trainers_server_interface.startup:trainer startup phase=bridge_provider rank=0 duration_s=2.480 cumulative_s=2.480
INFO:trainers_server_interface.startup:trainer startup phase=lora_config rank=0 duration_s=0.000 cumulative_s=2.480
/root/.cache/user_artifacts/devboxes/q4grmdq/trainers/server-megatron-bridge/vendor/megatron-bridge/3rdparty/Megatron-LM/megatron/core/transformer/transformer_config.py:2696: UserWarning: full scope is deprecated. Use empty cuda_graph_modules to capture the whole layer.
  warnings.warn(
INFO:trainers_server_interface.startup:trainer startup phase=build_config rank=0 duration_s=0.002 cumulative_s=2.482
WARNING:megatron.core.rerun_state_machine:RerunStateMachine initialized in mode RerunMode.DISABLED
> initializing torch distributed ...
/root/.cache/user_artifacts/devboxes/q4grmdq/trainers/server-megatron-bridge/vendor/megatron-bridge/src/megatron/bridge/models/glm_moe_dsa/glm5_bridge.py:90: FutureWarning: GLM5Bridge.provider_bridge() and AutoBridge.to_megatron_provider() are deprecated for builder-backed models. Use AutoBridge.get_model_config() for training recipes or AutoBridge.get_model() to construct a model. Legacy provider support will be removed in a future release.
  provider = super().provider_bridge(hf_pretrained)
[transformers] `torch_dtype` is deprecated! Use `dtype` instead!
/root/.cache/user_artifacts/devboxes/q4grmdq/trainers/server-megatron-bridge/vendor/megatron-bridge/src/megatron/bridge/models/glm_moe_dsa/glm5_bridge.py:90: FutureWarning: GLM5Bridge.provider_bridge() and AutoBridge.to_megatron_provider() are deprecated for builder-backed models. Use AutoBridge.get_model_config() for training recipes or AutoBridge.get_model() to construct a model. Legacy provider support will be removed in a future release.
  provider = super().provider_bridge(hf_pretrained)
[transformers] `torch_dtype` is deprecated! Use `dtype` instead!
INFO:trainers_server_interface.startup:trainer startup phase=bridge_provider rank=9 duration_s=2.982 cumulative_s=2.982
INFO:trainers_server_interface.startup:trainer startup phase=lora_config rank=9 duration_s=0.000 cumulative_s=2.982
/root/.cache/user_artifacts/devboxes/q4grmdq/trainers/server-megatron-bridge/vendor/megatron-bridge/3rdparty/Megatron-LM/megatron/core/transformer/transformer_config.py:2696: UserWarning: full scope is deprecated. Use empty cuda_graph_modules to capture the whole layer.
  warnings.warn(
INFO:trainers_server_interface.startup:trainer startup phase=build_config rank=9 duration_s=0.004 cumulative_s=2.986
INFO:trainers_server_interface.startup:trainer startup phase=bridge_provider rank=2 duration_s=2.459 cumulative_s=2.459
INFO:trainers_server_interface.startup:trainer startup phase=lora_config rank=2 duration_s=0.000 cumulative_s=2.459
/root/.cache/user_artifacts/devboxes/q4grmdq/trainers/server-megatron-bridge/vendor/megatron-bridge/3rdparty/Megatron-LM/megatron/core/transformer/transformer_config.py:2696: UserWarning: full scope is deprecated. Use empty cuda_graph_modules to capture the whole layer.
  warnings.warn(
INFO:trainers_server_interface.startup:trainer startup phase=build_config rank=2 duration_s=0.002 cumulative_s=2.461
/root/.cache/user_artifacts/devboxes/q4grmdq/trainers/server-megatron-bridge/vendor/megatron-bridge/src/megatron/bridge/models/glm_moe_dsa/glm5_bridge.py:90: FutureWarning: GLM5Bridge.provider_bridge() and AutoBridge.to_megatron_provider() are deprecated for builder-backed models. Use AutoBridge.get_model_config() for training recipes or AutoBridge.get_model() to construct a model. Legacy provider support will be removed in a future release.
  provider = super().provider_bridge(hf_pretrained)
[transformers] `torch_dtype` is deprecated! Use `dtype` instead!
/root/.cache/user_artifacts/devboxes/q4grmdq/trainers/server-megatron-bridge/vendor/megatron-bridge/src/megatron/bridge/models/glm_moe_dsa/glm5_bridge.py:90: FutureWarning: GLM5Bridge.provider_bridge() and AutoBridge.to_megatron_provider() are deprecated for builder-backed models. Use AutoBridge.get_model_config() for training recipes or AutoBridge.get_model() to construct a model. Legacy provider support will be removed in a future release.
  provider = super().provider_bridge(hf_pretrained)
[transformers] `torch_dtype` is deprecated! Use `dtype` instead!
INFO:trainers_server_interface.startup:trainer startup phase=bridge_provider rank=14 duration_s=3.716 cumulative_s=3.716
INFO:trainers_server_interface.startup:trainer startup phase=lora_config rank=14 duration_s=0.000 cumulative_s=3.716
/root/.cache/user_artifacts/devboxes/q4grmdq/trainers/server-megatron-bridge/vendor/megatron-bridge/3rdparty/Megatron-LM/megatron/core/transformer/transformer_config.py:2696: UserWarning: full scope is deprecated. Use empty cuda_graph_modules to capture the whole layer.
  warnings.warn(
INFO:trainers_server_interface.startup:trainer startup phase=build_config rank=14 duration_s=0.002 cumulative_s=3.719
INFO:trainers_server_interface.startup:trainer startup phase=bridge_provider rank=5 duration_s=3.815 cumulative_s=3.815
INFO:trainers_server_interface.startup:trainer startup phase=lora_config rank=5 duration_s=0.000 cumulative_s=3.816
/root/.cache/user_artifacts/devboxes/q4grmdq/trainers/server-megatron-bridge/vendor/megatron-bridge/3rdparty/Megatron-LM/megatron/core/transformer/transformer_config.py:2696: UserWarning: full scope is deprecated. Use empty cuda_graph_modules to capture the whole layer.
  warnings.warn(
INFO:trainers_server_interface.startup:trainer startup phase=build_config rank=5 duration_s=0.002 cumulative_s=3.818
/root/.cache/user_artifacts/devboxes/q4grmdq/trainers/server-megatron-bridge/vendor/megatron-bridge/src/megatron/bridge/models/glm_moe_dsa/glm5_bridge.py:90: FutureWarning: GLM5Bridge.provider_bridge() and AutoBridge.to_megatron_provider() are deprecated for builder-backed models. Use AutoBridge.get_model_config() for training recipes or AutoBridge.get_model() to construct a model. Legacy provider support will be removed in a future release.
  provider = super().provider_bridge(hf_pretrained)
[transformers] `torch_dtype` is deprecated! Use `dtype` instead!
/root/.cache/user_artifacts/devboxes/q4grmdq/trainers/server-megatron-bridge/vendor/megatron-bridge/src/megatron/bridge/models/glm_moe_dsa/glm5_bridge.py:90: FutureWarning: GLM5Bridge.provider_bridge() and AutoBridge.to_megatron_provider() are deprecated for builder-backed models. Use AutoBridge.get_model_config() for training recipes or AutoBridge.get_model() to construct a model. Legacy provider support will be removed in a future release.
  provider = super().provider_bridge(hf_pretrained)
[transformers] `torch_dtype` is deprecated! Use `dtype` instead!
INFO:trainers_server_interface.startup:trainer startup phase=bridge_provider rank=12 duration_s=4.262 cumulative_s=4.262
INFO:trainers_server_interface.startup:trainer startup phase=lora_config rank=12 duration_s=0.000 cumulative_s=4.262
/root/.cache/user_artifacts/devboxes/q4grmdq/trainers/server-megatron-bridge/vendor/megatron-bridge/3rdparty/Megatron-LM/megatron/core/transformer/transformer_config.py:2696: UserWarning: full scope is deprecated. Use empty cuda_graph_modules to capture the whole layer.
  warnings.warn(
INFO:trainers_server_interface.startup:trainer startup phase=build_config rank=12 duration_s=0.002 cumulative_s=4.264
INFO:trainers_server_interface.startup:trainer startup phase=bridge_provider rank=7 duration_s=3.974 cumulative_s=3.974
INFO:trainers_server_interface.startup:trainer startup phase=lora_config rank=7 duration_s=0.000 cumulative_s=3.974
/root/.cache/user_artifacts/devboxes/q4grmdq/trainers/server-megatron-bridge/vendor/megatron-bridge/3rdparty/Megatron-LM/megatron/core/transformer/transformer_config.py:2696: UserWarning: full scope is deprecated. Use empty cuda_graph_modules to capture the whole layer.
  warnings.warn(
INFO:trainers_server_interface.startup:trainer startup phase=build_config rank=7 duration_s=0.002 cumulative_s=3.976
/root/.cache/user_artifacts/devboxes/q4grmdq/trainers/server-megatron-bridge/vendor/megatron-bridge/src/megatron/bridge/models/glm_moe_dsa/glm5_bridge.py:90: FutureWarning: GLM5Bridge.provider_bridge() and AutoBridge.to_megatron_provider() are deprecated for builder-backed models. Use AutoBridge.get_model_config() for training recipes or AutoBridge.get_model() to construct a model. Legacy provider support will be removed in a future release.
  provider = super().provider_bridge(hf_pretrained)
[transformers] `torch_dtype` is deprecated! Use `dtype` instead!
INFO:trainers_server_interface.startup:trainer startup phase=bridge_provider rank=3 duration_s=4.488 cumulative_s=4.488
INFO:trainers_server_interface.startup:trainer startup phase=lora_config rank=3 duration_s=0.000 cumulative_s=4.488
/root/.cache/user_artifacts/devboxes/q4grmdq/trainers/server-megatron-bridge/vendor/megatron-bridge/3rdparty/Megatron-LM/megatron/core/transformer/transformer_config.py:2696: UserWarning: full scope is deprecated. Use empty cuda_graph_modules to capture the whole layer.
  warnings.warn(
INFO:trainers_server_interface.startup:trainer startup phase=build_config rank=3 duration_s=0.002 cumulative_s=4.490
/root/.cache/user_artifacts/devboxes/q4grmdq/trainers/server-megatron-bridge/vendor/megatron-bridge/src/megatron/bridge/models/glm_moe_dsa/glm5_bridge.py:90: FutureWarning: GLM5Bridge.provider_bridge() and AutoBridge.to_megatron_provider() are deprecated for builder-backed models. Use AutoBridge.get_model_config() for training recipes or AutoBridge.get_model() to construct a model. Legacy provider support will be removed in a future release.
  provider = super().provider_bridge(hf_pretrained)
[transformers] `torch_dtype` is deprecated! Use `dtype` instead!
INFO:trainers_server_interface.startup:trainer startup phase=bridge_provider rank=1 duration_s=5.827 cumulative_s=5.827
INFO:trainers_server_interface.startup:trainer startup phase=lora_config rank=1 duration_s=0.000 cumulative_s=5.827
/root/.cache/user_artifacts/devboxes/q4grmdq/trainers/server-megatron-bridge/vendor/megatron-bridge/3rdparty/Megatron-LM/megatron/core/transformer/transformer_config.py:2696: UserWarning: full scope is deprecated. Use empty cuda_graph_modules to capture the whole layer.
  warnings.warn(
INFO:trainers_server_interface.startup:trainer startup phase=build_config rank=1 duration_s=0.002 cumulative_s=5.829
> initialized tensor model parallel with size 1
> initialized pipeline model parallel with size 2
> setting random seeds to 1234 ...
> compiling dataset index builder ...
make: Entering directory '/root/.cache/user_artifacts/devboxes/q4grmdq/trainers/server-megatron-bridge/vendor/megatron-bridge/3rdparty/Megatron-LM/megatron/core/datasets'
> compiling dataset index builder ...
make: Entering directory '/root/.cache/user_artifacts/devboxes/q4grmdq/trainers/server-megatron-bridge/vendor/megatron-bridge/3rdparty/Megatron-LM/megatron/core/datasets'
make: Nothing to be done for 'default'.
make: Leaving directory '/root/.cache/user_artifacts/devboxes/q4grmdq/trainers/server-megatron-bridge/vendor/megatron-bridge/3rdparty/Megatron-LM/megatron/core/datasets'
>>> done with dataset index builder. Compilation time: 0.029 seconds
/root/.cache/user_artifacts/devboxes/q4grmdq/trainers/server-megatron-bridge/.venv/lib/python3.12/site-packages/torch/distributed/c10d_logger.py:83: UserWarning: barrier(): using the device under current context. You can specify `device_id` in `init_process_group` to mute this warning.
  return func(*args, **kwargs)
make: Nothing to be done for 'default'.
make: Leaving directory '/root/.cache/user_artifacts/devboxes/q4grmdq/trainers/server-megatron-bridge/vendor/megatron-bridge/3rdparty/Megatron-LM/megatron/core/datasets'
>>> done with dataset index builder. Compilation time: 0.033 seconds
INFO:trainers_server_interface.startup:trainer startup phase=initialize_runtime rank=13 duration_s=11.701 cumulative_s=13.344
INFO:trainers_server_interface.startup:trainer startup phase=initialize_runtime rank=8 duration_s=14.541 cumulative_s=15.680
INFO:trainers_server_interface.startup:trainer startup phase=initialize_runtime rank=12 duration_s=9.622 cumulative_s=13.886
INFO:trainers_server_interface.startup:trainer startup phase=initialize_runtime rank=15 duration_s=12.372 cumulative_s=13.855
INFO:trainers_server_interface.startup:trainer startup phase=initialize_runtime rank=9 duration_s=11.009 cumulative_s=13.995
INFO:trainers_server_interface.startup:trainer startup phase=initialize_runtime rank=1 duration_s=8.153 cumulative_s=13.982
INFO:trainers_server_interface.startup:trainer startup phase=initialize_runtime rank=0 duration_s=11.484 cumulative_s=13.966
INFO:trainers_server_interface.startup:trainer startup phase=initialize_runtime rank=3 duration_s=8.819 cumulative_s=13.309
INFO:trainers_server_interface.startup:trainer startup phase=initialize_runtime rank=4 duration_s=12.830 cumulative_s=13.984
INFO:trainers_server_interface.startup:trainer startup phase=initialize_runtime rank=7 duration_s=9.492 cumulative_s=13.468
INFO:trainers_server_interface.startup:trainer startup phase=initialize_runtime rank=6 duration_s=12.135 cumulative_s=13.691
INFO:trainers_server_interface.startup:trainer startup phase=initialize_runtime rank=5 duration_s=10.166 cumulative_s=13.984
INFO:trainers_server_interface.startup:trainer startup phase=initialize_runtime rank=14 duration_s=10.272 cumulative_s=13.990
INFO:trainers_server_interface.startup:trainer startup phase=initialize_runtime rank=2 duration_s=10.838 cumulative_s=13.299
INFO:trainers_server_interface.startup:trainer startup phase=initialize_runtime rank=10 duration_s=13.836 cumulative_s=15.464
INFO:trainers_server_interface.startup:trainer startup phase=initialize_runtime rank=11 duration_s=13.062 cumulative_s=14.165
INFO:trainers_server_interface.startup:trainer startup phase=jit_fusion rank=15 duration_s=2.198 cumulative_s=16.053
INFO:trainers_server_interface.startup:trainer startup phase=jit_fusion rank=9 duration_s=2.212 cumulative_s=16.207
INFO:trainers_server_interface.startup:trainer startup phase=jit_fusion rank=10 duration_s=2.213 cumulative_s=17.677
INFO:trainers_server_interface.startup:trainer startup phase=jit_fusion rank=8 duration_s=2.215 cumulative_s=17.894
INFO:trainers_server_interface.startup:trainer startup phase=jit_fusion rank=12 duration_s=2.215 cumulative_s=16.100
INFO:trainers_server_interface.startup:trainer startup phase=jit_fusion rank=14 duration_s=2.215 cumulative_s=16.205
INFO:trainers_server_interface.startup:trainer startup phase=jit_fusion rank=13 duration_s=2.216 cumulative_s=15.560
INFO:trainers_server_interface.startup:trainer startup phase=jit_fusion rank=2 duration_s=2.499 cumulative_s=15.798
INFO:trainers_server_interface.startup:trainer startup phase=jit_fusion rank=6 duration_s=2.683 cumulative_s=16.374
INFO:trainers_server_interface.startup:trainer startup phase=jit_fusion rank=7 duration_s=2.684 cumulative_s=16.152
INFO:trainers_server_interface.startup:trainer startup phase=jit_fusion rank=5 duration_s=2.684 cumulative_s=16.668
INFO:trainers_server_interface.startup:trainer startup phase=jit_fusion rank=4 duration_s=2.700 cumulative_s=16.684
INFO:trainers_server_interface.startup:trainer startup phase=jit_fusion rank=11 duration_s=3.051 cumulative_s=17.215
INFO:trainers_server_interface.startup:trainer startup phase=jit_fusion rank=3 duration_s=3.078 cumulative_s=16.387
INFO:trainers_server_interface.startup:trainer startup phase=jit_fusion rank=1 duration_s=3.093 cumulative_s=17.076
INFO:trainers_server_interface.startup:trainer startup phase=jit_fusion rank=0 duration_s=3.094 cumulative_s=17.060
WARNING:megatron.core.models.gpt.gpt_model:GPTModel IS DEPRECATED. GPTModel is only accepting critical bug fixes, no new features. Please reference the migration guide `docs/user-guide/hybrid-model-migration.md` for details on how to use `HybridModel`
INFO:trainers_server_interface.startup:trainer startup phase=model_construct rank=13 duration_s=12.788
Fetching 142 files:   0%|          | 0/142 [00:00<?, ?it/s]Fetching 142 files: 100%|██████████| 142/142 [00:00<00:00, 8472.02it/s]
INFO:trainers_server_interface.startup:trainer startup phase=model_construct rank=5 duration_s=15.455
Fetching 142 files:   0%|          | 0/142 [00:00<?, ?it/s]Fetching 142 files: 100%|██████████| 142/142 [00:00<00:00, 9962.05it/s]
INFO:trainers_server_interface.startup:trainer startup phase=model_construct rank=0 duration_s=17.738
Fetching 142 files:   0%|          | 0/142 [00:00<?, ?it/s]Fetching 142 files: 100%|██████████| 142/142 [00:00<00:00, 14671.90it/s]
INFO:trainers_server_interface.startup:trainer startup phase=model_construct rank=11 duration_s=18.789
INFO:trainers_server_interface.startup:trainer startup phase=model_construct rank=3 duration_s=18.867
Fetching 142 files:   0%|          | 0/142 [00:00<?, ?it/s]Fetching 142 files: 100%|██████████| 142/142 [00:00<00:00, 13144.52it/s]
Fetching 142 files:   0%|          | 0/142 [00:00<?, ?it/s]Fetching 142 files: 100%|██████████| 142/142 [00:00<00:00, 12726.31it/s]
INFO:trainers_server_interface.startup:trainer startup phase=model_construct rank=9 duration_s=21.370
Fetching 142 files:   0%|          | 0/142 [00:00<?, ?it/s]Fetching 142 files: 100%|██████████| 142/142 [00:00<00:00, 13923.16it/s]
INFO:trainers_server_interface.startup:trainer startup phase=model_construct rank=8 duration_s=22.165
INFO:trainers_server_interface.startup:trainer startup phase=model_construct rank=2 duration_s=22.212
INFO:trainers_server_interface.startup:trainer startup phase=model_construct rank=15 duration_s=22.705
Fetching 142 files:   0%|          | 0/142 [00:00<?, ?it/s]Fetching 142 files: 100%|██████████| 142/142 [00:00<00:00, 14012.26it/s]
INFO:trainers_server_interface.startup:trainer startup phase=model_construct rank=14 duration_s=22.790
INFO:trainers_server_interface.startup:trainer startup phase=model_construct rank=6 duration_s=22.341
INFO:trainers_server_interface.startup:trainer startup phase=model_construct rank=10 duration_s=22.827
INFO:trainers_server_interface.startup:trainer startup phase=model_construct rank=12 duration_s=22.833
Fetching 142 files:   0%|          | 0/142 [00:00<?, ?it/s]Fetching 142 files: 100%|██████████| 142/142 [00:00<00:00, 14703.78it/s]
INFO:trainers_server_interface.startup:trainer startup phase=model_construct rank=4 duration_s=22.709
Fetching 142 files:   0%|          | 0/142 [00:00<?, ?it/s]Fetching 142 files: 100%|██████████| 142/142 [00:00<00:00, 13723.93it/s]
Fetching 142 files:   0%|          | 0/142 [00:00<?, ?it/s]Fetching 142 files: 100%|██████████| 142/142 [00:00<00:00, 14697.25it/s]
Fetching 142 files:   0%|          | 0/142 [00:00<?, ?it/s]Fetching 142 files: 100%|██████████| 142/142 [00:00<00:00, 12867.91it/s]
Fetching 142 files:   0%|          | 0/142 [00:00<?, ?it/s]Fetching 142 files:   0%|          | 0/142 [00:00<?, ?it/s]Fetching 142 files: 100%|██████████| 142/142 [00:00<00:00, 15051.20it/s]
Fetching 142 files: 100%|██████████| 142/142 [00:00<00:00, 18069.02it/s]
Fetching 142 files:   0%|          | 0/142 [00:00<?, ?it/s]Fetching 142 files: 100%|██████████| 142/142 [00:00<00:00, 13964.62it/s]
INFO:trainers_server_interface.startup:trainer startup phase=model_construct rank=1 duration_s=23.726
Fetching 142 files:   0%|          | 0/142 [00:00<?, ?it/s]Fetching 142 files: 100%|██████████| 142/142 [00:00<00:00, 12878.20it/s]
INFO:trainers_server_interface.startup:trainer startup phase=model_construct rank=7 duration_s=25.522
Fetching 142 files:   0%|          | 0/142 [00:00<?, ?it/s]Fetching 142 files: 100%|██████████| 142/142 [00:00<00:00, 13141.33it/s]

WARNING:megatron.bridge.peft.module_matcher:No modules matched the requested target_modules entries: *output_layer*
INFO:trainers_server_interface.startup:trainer startup phase=checkpoint_load rank=5 duration_s=382.679
INFO:trainers_server_interface.startup:trainer startup phase=model_post_wrap rank=5 duration_s=0.274
INFO:trainers_server_interface.startup:trainer startup phase=model_build_load_wrap rank=5 duration_s=398.409 cumulative_s=415.076

WARNING:megatron.bridge.peft.module_matcher:No modules matched the requested target_modules entries: *output_layer*
INFO:trainers_server_interface.startup:trainer startup phase=checkpoint_load rank=2 duration_s=383.122
INFO:trainers_server_interface.startup:trainer startup phase=model_post_wrap rank=2 duration_s=0.356
INFO:trainers_server_interface.startup:trainer startup phase=model_build_load_wrap rank=2 duration_s=405.690 cumulative_s=421.488
Loading from zai-org/GLM-5.2-FP8 ━━━━━━━━━━━ 100% 0:00:00 (5916/5916) GLM5Bridge
WARNING:megatron.bridge.peft.module_matcher:No modules matched the requested target_modules entries: *output_layer*
[PEFT+Recompute] Patched decoder block forward to enable grad on hidden_states input. This ensures checkpoint backward is called when only adapters are trainable (PP=1 with frozen base model).
INFO:trainers_server_interface.startup:trainer startup phase=checkpoint_load rank=0 duration_s=390.494
 > number of parameters on (tensor, gtp_remat, pipeline) model parallel rank (0, 0, 0): 51753604864

WARNING:megatron.bridge.peft.module_matcher:No modules matched the requested target_modules entries: *output_layer*
INFO:trainers_server_interface.startup:trainer startup phase=model_post_wrap rank=0 duration_s=0.612
INFO:trainers_server_interface.startup:trainer startup phase=model_build_load_wrap rank=0 duration_s=408.845 cumulative_s=425.905
INFO:trainers_server_interface.startup:trainer startup phase=checkpoint_load rank=3 duration_s=390.771
INFO:trainers_server_interface.startup:trainer startup phase=model_post_wrap rank=3 duration_s=0.074
INFO:trainers_server_interface.startup:trainer startup phase=model_build_load_wrap rank=3 duration_s=409.713 cumulative_s=426.100

WARNING:megatron.bridge.peft.module_matcher:No modules matched the requested target_modules entries: *output_layer*

WARNING:megatron.bridge.peft.module_matcher:No modules matched the requested target_modules entries: *output_layer*
INFO:trainers_server_interface.startup:trainer startup phase=checkpoint_load rank=6 duration_s=392.139
INFO:trainers_server_interface.startup:trainer startup phase=model_post_wrap rank=6 duration_s=0.408
INFO:trainers_server_interface.startup:trainer startup phase=model_build_load_wrap rank=6 duration_s=414.889 cumulative_s=431.263
INFO:trainers_server_interface.startup:trainer startup phase=checkpoint_load rank=1 duration_s=391.712
INFO:trainers_server_interface.startup:trainer startup phase=model_post_wrap rank=1 duration_s=0.074
INFO:trainers_server_interface.startup:trainer startup phase=model_build_load_wrap rank=1 duration_s=415.512 cumulative_s=432.588

WARNING:megatron.bridge.peft.module_matcher:No modules matched the requested target_modules entries: *output_layer*

WARNING:megatron.bridge.peft.module_matcher:No modules matched the requested target_modules entries: *output_layer*
INFO:trainers_server_interface.startup:trainer startup phase=checkpoint_load rank=7 duration_s=391.802
INFO:trainers_server_interface.startup:trainer startup phase=checkpoint_load rank=4 duration_s=394.621
INFO:trainers_server_interface.startup:trainer startup phase=model_post_wrap rank=4 duration_s=0.376
INFO:trainers_server_interface.startup:trainer startup phase=model_build_load_wrap rank=4 duration_s=417.707 cumulative_s=434.391
INFO:trainers_server_interface.startup:trainer startup phase=model_post_wrap rank=7 duration_s=0.664
INFO:trainers_server_interface.startup:trainer startup phase=model_build_load_wrap rank=7 duration_s=417.989 cumulative_s=434.140

WARNING:megatron.bridge.peft.module_matcher:No modules matched the requested target_modules entries: *.mlp.linear_fc1, *.mlp.linear_fc2
INFO:trainers_server_interface.startup:trainer startup phase=checkpoint_load rank=11 duration_s=423.071

WARNING:megatron.bridge.peft.module_matcher:No modules matched the requested target_modules entries: *.mlp.linear_fc1, *.mlp.linear_fc2
INFO:trainers_server_interface.startup:trainer startup phase=model_post_wrap rank=11 duration_s=0.279
INFO:trainers_server_interface.startup:trainer startup phase=model_build_load_wrap rank=11 duration_s=442.139 cumulative_s=459.354
INFO:trainers_server_interface.startup:trainer startup phase=checkpoint_load rank=13 duration_s=430.745
INFO:trainers_server_interface.startup:trainer startup phase=model_post_wrap rank=13 duration_s=0.080
INFO:trainers_server_interface.startup:trainer startup phase=model_build_load_wrap rank=13 duration_s=443.614 cumulative_s=459.174

WARNING:megatron.bridge.peft.module_matcher:No modules matched the requested target_modules entries: *.mlp.linear_fc1, *.mlp.linear_fc2

WARNING:megatron.bridge.peft.module_matcher:No modules matched the requested target_modules entries: *.mlp.linear_fc1, *.mlp.linear_fc2
INFO:trainers_server_interface.startup:trainer startup phase=checkpoint_load rank=8 duration_s=445.769
 > number of parameters on (tensor, gtp_remat, pipeline) model parallel rank (0, 0, 1): 57638195712

WARNING:megatron.bridge.peft.module_matcher:No modules matched the requested target_modules entries: *.mlp.linear_fc1, *.mlp.linear_fc2
INFO:trainers_server_interface.startup:trainer startup phase=model_post_wrap rank=8 duration_s=0.709
INFO:trainers_server_interface.startup:trainer startup phase=model_build_load_wrap rank=8 duration_s=468.643 cumulative_s=486.537

WARNING:megatron.bridge.peft.module_matcher:No modules matched the requested target_modules entries: *.mlp.linear_fc1, *.mlp.linear_fc2
INFO:trainers_server_interface.startup:trainer startup phase=checkpoint_load rank=15 duration_s=446.283
INFO:trainers_server_interface.startup:trainer startup phase=model_post_wrap rank=15 duration_s=0.126
INFO:trainers_server_interface.startup:trainer startup phase=model_build_load_wrap rank=15 duration_s=469.114 cumulative_s=485.167

WARNING:megatron.bridge.peft.module_matcher:No modules matched the requested target_modules entries: *.mlp.linear_fc1, *.mlp.linear_fc2
INFO:trainers_server_interface.startup:trainer startup phase=checkpoint_load rank=10 duration_s=446.896
INFO:trainers_server_interface.startup:trainer startup phase=checkpoint_load rank=12 duration_s=447.246

WARNING:megatron.bridge.peft.module_matcher:No modules matched the requested target_modules entries: *.mlp.linear_fc1, *.mlp.linear_fc2
INFO:trainers_server_interface.startup:trainer startup phase=model_post_wrap rank=10 duration_s=0.442
INFO:trainers_server_interface.startup:trainer startup phase=model_build_load_wrap rank=10 duration_s=470.164 cumulative_s=487.841
INFO:trainers_server_interface.startup:trainer startup phase=model_post_wrap rank=12 duration_s=0.182
INFO:trainers_server_interface.startup:trainer startup phase=model_build_load_wrap rank=12 duration_s=470.261 cumulative_s=486.362
INFO:trainers_server_interface.startup:trainer startup phase=checkpoint_load rank=9 duration_s=449.614
INFO:trainers_server_interface.startup:trainer startup phase=model_post_wrap rank=9 duration_s=0.229
INFO:trainers_server_interface.startup:trainer startup phase=model_build_load_wrap rank=9 duration_s=471.214 cumulative_s=487.420
INFO:trainers_server_interface.startup:trainer startup phase=checkpoint_load rank=14 duration_s=448.481
INFO:trainers_server_interface.startup:trainer startup phase=model_post_wrap rank=14 duration_s=0.085
INFO:trainers_server_interface.startup:trainer startup phase=model_build_load_wrap rank=14 duration_s=471.356 cumulative_s=487.561
INFO:trainers_server_interface.startup:trainer startup phase=optimizer rank=3 duration_s=64.741 cumulative_s=490.841
INFO:trainers_server_interface.startup:trainer startup phase=optimizer rank=14 duration_s=3.962 cumulative_s=491.523
INFO:trainers_server_interface.startup:trainer startup phase=optimizer rank=5 duration_s=76.441 cumulative_s=491.517
INFO:trainers_server_interface.startup:trainer startup phase=optimizer rank=7 duration_s=56.861 cumulative_s=491.002
INFO:trainers_server_interface.startup:trainer startup phase=optimizer rank=2 duration_s=69.345 cumulative_s=490.833
INFO:trainers_server_interface.startup:trainer startup phase=optimizer rank=9 duration_s=4.109 cumulative_s=491.529
INFO:trainers_server_interface.startup:trainer startup phase=optimizer rank=13 duration_s=31.705 cumulative_s=490.879
INFO:trainers_server_interface.startup:trainer startup phase=optimizer rank=1 duration_s=58.929 cumulative_s=491.516
INFO:trainers_server_interface.startup:trainer startup phase=optimizer rank=12 duration_s=5.060 cumulative_s=491.421
INFO:trainers_server_interface.startup:trainer startup phase=optimizer rank=6 duration_s=59.965 cumulative_s=491.227
INFO:trainers_server_interface.startup:trainer startup phase=optimizer rank=4 duration_s=57.129 cumulative_s=491.520
INFO:trainers_server_interface.startup:trainer startup phase=optimizer rank=10 duration_s=5.159 cumulative_s=493.001
INFO:trainers_server_interface.startup:trainer startup phase=optimizer rank=15 duration_s=6.224 cumulative_s=491.392
INFO:trainers_server_interface.startup:trainer startup phase=optimizer rank=0 duration_s=65.598 cumulative_s=491.503
INFO:trainers_server_interface.startup:trainer startup phase=optimizer rank=8 duration_s=6.679 cumulative_s=493.217
INFO:trainers_server_interface.startup:trainer startup phase=optimizer rank=11 duration_s=32.347 cumulative_s=491.702
INFO:trainers_server_interface.startup:trainer startup phase=training_stack rank=7 duration_s=0.072 cumulative_s=491.074
INFO:trainers_server_interface.startup:trainer startup phase=training_stack rank=3 duration_s=0.073 cumulative_s=490.914
INFO:trainers_server_interface.startup:trainer startup phase=training_stack rank=4 duration_s=0.070 cumulative_s=491.590
INFO:trainers_server_interface.startup:trainer startup phase=training_stack rank=5 duration_s=0.072 cumulative_s=491.589
INFO:trainers_server_interface.startup:trainer startup phase=training_stack rank=6 duration_s=0.070 cumulative_s=491.297
INFO:trainers_server_interface.startup:trainer startup phase=training_stack rank=2 duration_s=0.072 cumulative_s=490.905
INFO:trainers_server_interface.dp_worker.controller.checkpoints.manager:weight_sync disabled
INFO:trainers_server_interface.dp_worker.controller.checkpoints.manager:weight_sync disabled
INFO:trainers_server_interface.dp_worker.controller.checkpoints.manager:weight_sync disabled
INFO:trainers_server_interface.dp_worker.controller.checkpoints.manager:weight_sync disabled
INFO:trainers_server_interface.startup:trainer startup phase=training_stack rank=0 duration_s=0.070 cumulative_s=491.573
INFO:trainers_server_interface.dp_worker.controller.checkpoints.manager:weight_sync disabled
INFO:trainers_server_interface.dp_worker.controller.checkpoints.manager:weight_sync disabled
INFO:trainers_server_interface.dp_worker.controller.checkpoints.manager:weight_sync disabled
/root/.cache/user_artifacts/devboxes/q4grmdq/trainers/server-megatron-bridge/.venv/lib/python3.12/site-packages/torch/distributed/c10d_logger.py:83: UserWarning: barrier(): using the device under current context. You can specify `device_id` in `init_process_group` to mute this warning.
  return func(*args, **kwargs)
INFO:trainers_server_interface.startup:trainer startup phase=training_stack rank=1 duration_s=0.082 cumulative_s=491.599
INFO:trainers_server_interface.dp_worker.controller.checkpoints.manager:weight_sync disabled
INFO:trainers_server_interface.startup:trainer startup phase=training_stack rank=13 duration_s=0.085 cumulative_s=490.964
INFO:trainers_server_interface.dp_worker.controller.checkpoints.manager:weight_sync disabled
INFO:trainers_server_interface.startup:trainer startup phase=training_stack rank=9 duration_s=0.088 cumulative_s=491.617
INFO:trainers_server_interface.startup:trainer startup phase=training_stack rank=11 duration_s=0.085 cumulative_s=491.787
INFO:trainers_server_interface.dp_worker.controller.checkpoints.manager:weight_sync disabled
INFO:trainers_server_interface.dp_worker.controller.checkpoints.manager:weight_sync disabled
INFO:trainers_server_interface.startup:trainer startup phase=training_stack rank=14 duration_s=0.090 cumulative_s=491.613
INFO:trainers_server_interface.startup:trainer startup phase=training_stack rank=12 duration_s=0.088 cumulative_s=491.509
INFO:trainers_server_interface.dp_worker.controller.checkpoints.manager:weight_sync disabled
INFO:trainers_server_interface.dp_worker.controller.checkpoints.manager:weight_sync disabled
INFO:trainers_server_interface.startup:trainer startup phase=training_stack rank=15 duration_s=0.087 cumulative_s=491.479
INFO:trainers_server_interface.dp_worker.controller.checkpoints.manager:weight_sync disabled
INFO:trainers_server_interface.startup:trainer startup phase=training_stack rank=10 duration_s=0.090 cumulative_s=493.090
INFO:trainers_server_interface.dp_worker.controller.checkpoints.manager:weight_sync disabled
INFO:trainers_server_interface.startup:trainer startup phase=training_stack rank=8 duration_s=0.095 cumulative_s=493.312
INFO:trainers_server_interface.dp_worker.controller.checkpoints.manager:weight_sync disabled
/root/.cache/user_artifacts/devboxes/q4grmdq/trainers/server-megatron-bridge/.venv/lib/python3.12/site-packages/torch/cuda/__init__.py:61: FutureWarning: The pynvml package is deprecated. Please install nvidia-ml-py instead. If you did not install pynvml directly, please report this to the maintainers of the package that installed pynvml for you.
  import pynvml  # type: ignore[import]
/root/.cache/user_artifacts/devboxes/q4grmdq/trainers/server-megatron-bridge/.venv/lib/python3.12/site-packages/torch/cuda/__init__.py:61: FutureWarning: The pynvml package is deprecated. Please install nvidia-ml-py instead. If you did not install pynvml directly, please report this to the maintainers of the package that installed pynvml for you.
  import pynvml  # type: ignore[import]
/root/.cache/user_artifacts/devboxes/q4grmdq/trainers/server-megatron-bridge/.venv/lib/python3.12/site-packages/torch/cuda/__init__.py:61: FutureWarning: The pynvml package is deprecated. Please install nvidia-ml-py instead. If you did not install pynvml directly, please report this to the maintainers of the package that installed pynvml for you.
  import pynvml  # type: ignore[import]
/root/.cache/user_artifacts/devboxes/q4grmdq/trainers/server-megatron-bridge/.venv/lib/python3.12/site-packages/torch/cuda/__init__.py:61: FutureWarning: The pynvml package is deprecated. Please install nvidia-ml-py instead. If you did not install pynvml directly, please report this to the maintainers of the package that installed pynvml for you.
  import pynvml  # type: ignore[import]
/root/.cache/user_artifacts/devboxes/q4grmdq/trainers/server-megatron-bridge/.venv/lib/python3.12/site-packages/torch/cuda/__init__.py:61: FutureWarning: The pynvml package is deprecated. Please install nvidia-ml-py instead. If you did not install pynvml directly, please report this to the maintainers of the package that installed pynvml for you.
  import pynvml  # type: ignore[import]
/root/.cache/user_artifacts/devboxes/q4grmdq/trainers/server-megatron-bridge/.venv/lib/python3.12/site-packages/torch/cuda/__init__.py:61: FutureWarning: The pynvml package is deprecated. Please install nvidia-ml-py instead. If you did not install pynvml directly, please report this to the maintainers of the package that installed pynvml for you.
  import pynvml  # type: ignore[import]
/root/.cache/user_artifacts/devboxes/q4grmdq/trainers/server-megatron-bridge/.venv/lib/python3.12/site-packages/torch/cuda/__init__.py:61: FutureWarning: The pynvml package is deprecated. Please install nvidia-ml-py instead. If you did not install pynvml directly, please report this to the maintainers of the package that installed pynvml for you.
  import pynvml  # type: ignore[import]
/root/.cache/user_artifacts/devboxes/q4grmdq/trainers/server-megatron-bridge/.venv/lib/python3.12/site-packages/torch/cuda/__init__.py:61: FutureWarning: The pynvml package is deprecated. Please install nvidia-ml-py instead. If you did not install pynvml directly, please report this to the maintainers of the package that installed pynvml for you.
  import pynvml  # type: ignore[import]
/root/.cache/user_artifacts/devboxes/q4grmdq/trainers/server-megatron-bridge/.venv/lib/python3.12/site-packages/torch/cuda/__init__.py:61: FutureWarning: The pynvml package is deprecated. Please install nvidia-ml-py instead. If you did not install pynvml directly, please report this to the maintainers of the package that installed pynvml for you.
  import pynvml  # type: ignore[import]
/root/.cache/user_artifacts/devboxes/q4grmdq/trainers/server-megatron-bridge/.venv/lib/python3.12/site-packages/torch/cuda/__init__.py:61: FutureWarning: The pynvml package is deprecated. Please install nvidia-ml-py instead. If you did not install pynvml directly, please report this to the maintainers of the package that installed pynvml for you.
  import pynvml  # type: ignore[import]
/root/.cache/user_artifacts/devboxes/q4grmdq/trainers/server-megatron-bridge/.venv/lib/python3.12/site-packages/torch/cuda/__init__.py:61: FutureWarning: The pynvml package is deprecated. Please install nvidia-ml-py instead. If you did not install pynvml directly, please report this to the maintainers of the package that installed pynvml for you.
  import pynvml  # type: ignore[import]
/root/.cache/user_artifacts/devboxes/q4grmdq/trainers/server-megatron-bridge/.venv/lib/python3.12/site-packages/torch/cuda/__init__.py:61: FutureWarning: The pynvml package is deprecated. Please install nvidia-ml-py instead. If you did not install pynvml directly, please report this to the maintainers of the package that installed pynvml for you.
  import pynvml  # type: ignore[import]
/root/.cache/user_artifacts/devboxes/q4grmdq/trainers/server-megatron-bridge/.venv/lib/python3.12/site-packages/torch/cuda/__init__.py:61: FutureWarning: The pynvml package is deprecated. Please install nvidia-ml-py instead. If you did not install pynvml directly, please report this to the maintainers of the package that installed pynvml for you.
  import pynvml  # type: ignore[import]
/root/.cache/user_artifacts/devboxes/q4grmdq/trainers/server-megatron-bridge/.venv/lib/python3.12/site-packages/torch/cuda/__init__.py:61: FutureWarning: The pynvml package is deprecated. Please install nvidia-ml-py instead. If you did not install pynvml directly, please report this to the maintainers of the package that installed pynvml for you.
  import pynvml  # type: ignore[import]
/root/.cache/user_artifacts/devboxes/q4grmdq/trainers/server-megatron-bridge/.venv/lib/python3.12/site-packages/torch/cuda/__init__.py:61: FutureWarning: The pynvml package is deprecated. Please install nvidia-ml-py instead. If you did not install pynvml directly, please report this to the maintainers of the package that installed pynvml for you.
  import pynvml  # type: ignore[import]
/root/.cache/user_artifacts/devboxes/q4grmdq/trainers/server-megatron-bridge/.venv/lib/python3.12/site-packages/torch/cuda/__init__.py:61: FutureWarning: The pynvml package is deprecated. Please install nvidia-ml-py instead. If you did not install pynvml directly, please report this to the maintainers of the package that installed pynvml for you.
  import pynvml  # type: ignore[import]
/root/.cache/user_artifacts/devboxes/q4grmdq/trainers/server-megatron-bridge/.venv/lib/python3.12/site-packages/torch/autograd/graph.py:869: UserWarning: The AccumulateGrad node's stream does not match the stream of the node that produced the incoming gradient. This may incur unnecessary synchronization and break CUDA graph capture if the AccumulateGrad node's stream is the default stream. This mismatch is caused by an AccumulateGrad node created prior to the current iteration being kept alive. This can happen if the autograd graph is still being kept alive by tensors such as the loss, or if you are using DDP, which will stash a reference to the node. To resolve the mismatch, delete all references to the autograd graph or ensure that DDP initialization is performed under the same stream as subsequent forwards. If the mismatch is intentional, you can use torch.autograd.graph.set_warn_on_accumulate_grad_stream_mismatch(False) to suppress this warning. (Triggered internally at /pytorch/torch/csrc/autograd/input_buffer.cpp:240.)
  return Variable._execution_engine.run_backward(  # Calls into the C++ engine to run the backward pass
/root/.cache/user_artifacts/devboxes/q4grmdq/trainers/server-megatron-bridge/.venv/lib/python3.12/site-packages/torch/autograd/graph.py:869: UserWarning: The AccumulateGrad node's stream does not match the stream of the node that produced the incoming gradient. This may incur unnecessary synchronization and break CUDA graph capture if the AccumulateGrad node's stream is the default stream. This mismatch is caused by an AccumulateGrad node created prior to the current iteration being kept alive. This can happen if the autograd graph is still being kept alive by tensors such as the loss, or if you are using DDP, which will stash a reference to the node. To resolve the mismatch, delete all references to the autograd graph or ensure that DDP initialization is performed under the same stream as subsequent forwards. If the mismatch is intentional, you can use torch.autograd.graph.set_warn_on_accumulate_grad_stream_mismatch(False) to suppress this warning. (Triggered internally at /pytorch/torch/csrc/autograd/input_buffer.cpp:240.)
  return Variable._execution_engine.run_backward(  # Calls into the C++ engine to run the backward pass
/root/.cache/user_artifacts/devboxes/q4grmdq/trainers/server-megatron-bridge/.venv/lib/python3.12/site-packages/torch/autograd/graph.py:869: UserWarning: The AccumulateGrad node's stream does not match the stream of the node that produced the incoming gradient. This may incur unnecessary synchronization and break CUDA graph capture if the AccumulateGrad node's stream is the default stream. This mismatch is caused by an AccumulateGrad node created prior to the current iteration being kept alive. This can happen if the autograd graph is still being kept alive by tensors such as the loss, or if you are using DDP, which will stash a reference to the node. To resolve the mismatch, delete all references to the autograd graph or ensure that DDP initialization is performed under the same stream as subsequent forwards. If the mismatch is intentional, you can use torch.autograd.graph.set_warn_on_accumulate_grad_stream_mismatch(False) to suppress this warning. (Triggered internally at /pytorch/torch/csrc/autograd/input_buffer.cpp:240.)
  return Variable._execution_engine.run_backward(  # Calls into the C++ engine to run the backward pass
/root/.cache/user_artifacts/devboxes/q4grmdq/trainers/server-megatron-bridge/.venv/lib/python3.12/site-packages/torch/autograd/graph.py:869: UserWarning: The AccumulateGrad node's stream does not match the stream of the node that produced the incoming gradient. This may incur unnecessary synchronization and break CUDA graph capture if the AccumulateGrad node's stream is the default stream. This mismatch is caused by an AccumulateGrad node created prior to the current iteration being kept alive. This can happen if the autograd graph is still being kept alive by tensors such as the loss, or if you are using DDP, which will stash a reference to the node. To resolve the mismatch, delete all references to the autograd graph or ensure that DDP initialization is performed under the same stream as subsequent forwards. If the mismatch is intentional, you can use torch.autograd.graph.set_warn_on_accumulate_grad_stream_mismatch(False) to suppress this warning. (Triggered internally at /pytorch/torch/csrc/autograd/input_buffer.cpp:240.)
  return Variable._execution_engine.run_backward(  # Calls into the C++ engine to run the backward pass
/root/.cache/user_artifacts/devboxes/q4grmdq/trainers/server-megatron-bridge/.venv/lib/python3.12/site-packages/torch/autograd/graph.py:869: UserWarning: The AccumulateGrad node's stream does not match the stream of the node that produced the incoming gradient. This may incur unnecessary synchronization and break CUDA graph capture if the AccumulateGrad node's stream is the default stream. This mismatch is caused by an AccumulateGrad node created prior to the current iteration being kept alive. This can happen if the autograd graph is still being kept alive by tensors such as the loss, or if you are using DDP, which will stash a reference to the node. To resolve the mismatch, delete all references to the autograd graph or ensure that DDP initialization is performed under the same stream as subsequent forwards. If the mismatch is intentional, you can use torch.autograd.graph.set_warn_on_accumulate_grad_stream_mismatch(False) to suppress this warning. (Triggered internally at /pytorch/torch/csrc/autograd/input_buffer.cpp:240.)
  return Variable._execution_engine.run_backward(  # Calls into the C++ engine to run the backward pass
/root/.cache/user_artifacts/devboxes/q4grmdq/trainers/server-megatron-bridge/.venv/lib/python3.12/site-packages/torch/autograd/graph.py:869: UserWarning: The AccumulateGrad node's stream does not match the stream of the node that produced the incoming gradient. This may incur unnecessary synchronization and break CUDA graph capture if the AccumulateGrad node's stream is the default stream. This mismatch is caused by an AccumulateGrad node created prior to the current iteration being kept alive. This can happen if the autograd graph is still being kept alive by tensors such as the loss, or if you are using DDP, which will stash a reference to the node. To resolve the mismatch, delete all references to the autograd graph or ensure that DDP initialization is performed under the same stream as subsequent forwards. If the mismatch is intentional, you can use torch.autograd.graph.set_warn_on_accumulate_grad_stream_mismatch(False) to suppress this warning. (Triggered internally at /pytorch/torch/csrc/autograd/input_buffer.cpp:240.)
  return Variable._execution_engine.run_backward(  # Calls into the C++ engine to run the backward pass
/root/.cache/user_artifacts/devboxes/q4grmdq/trainers/server-megatron-bridge/.venv/lib/python3.12/site-packages/torch/autograd/graph.py:869: UserWarning: The AccumulateGrad node's stream does not match the stream of the node that produced the incoming gradient. This may incur unnecessary synchronization and break CUDA graph capture if the AccumulateGrad node's stream is the default stream. This mismatch is caused by an AccumulateGrad node created prior to the current iteration being kept alive. This can happen if the autograd graph is still being kept alive by tensors such as the loss, or if you are using DDP, which will stash a reference to the node. To resolve the mismatch, delete all references to the autograd graph or ensure that DDP initialization is performed under the same stream as subsequent forwards. If the mismatch is intentional, you can use torch.autograd.graph.set_warn_on_accumulate_grad_stream_mismatch(False) to suppress this warning. (Triggered internally at /pytorch/torch/csrc/autograd/input_buffer.cpp:240.)
  return Variable._execution_engine.run_backward(  # Calls into the C++ engine to run the backward pass
/root/.cache/user_artifacts/devboxes/q4grmdq/trainers/server-megatron-bridge/.venv/lib/python3.12/site-packages/torch/autograd/graph.py:869: UserWarning: The AccumulateGrad node's stream does not match the stream of the node that produced the incoming gradient. This may incur unnecessary synchronization and break CUDA graph capture if the AccumulateGrad node's stream is the default stream. This mismatch is caused by an AccumulateGrad node created prior to the current iteration being kept alive. This can happen if the autograd graph is still being kept alive by tensors such as the loss, or if you are using DDP, which will stash a reference to the node. To resolve the mismatch, delete all references to the autograd graph or ensure that DDP initialization is performed under the same stream as subsequent forwards. If the mismatch is intentional, you can use torch.autograd.graph.set_warn_on_accumulate_grad_stream_mismatch(False) to suppress this warning. (Triggered internally at /pytorch/torch/csrc/autograd/input_buffer.cpp:240.)
  return Variable._execution_engine.run_backward(  # Calls into the C++ engine to run the backward pass
INFO:trainers_server_interface.dp_worker.cuda_memory:release_cached_vram(finalize_model_grads): reserved 111.8 GiB, active 108.1 GiB, reclaimed 3.5 GiB
INFO:trainers_server_interface.dp_worker.cuda_memory:release_cached_vram(finalize_model_grads): reserved 111.8 GiB, active 108.1 GiB, reclaimed 3.5 GiB
INFO:trainers_server_interface.dp_worker.cuda_memory:release_cached_vram(finalize_model_grads): reserved 111.8 GiB, active 108.1 GiB, reclaimed 3.5 GiB
INFO:trainers_server_interface.dp_worker.cuda_memory:release_cached_vram(finalize_model_grads): reserved 111.8 GiB, active 108.1 GiB, reclaimed 3.5 GiB
INFO:trainers_server_interface.dp_worker.cuda_memory:release_cached_vram(finalize_model_grads): reserved 111.8 GiB, active 108.1 GiB, reclaimed 3.5 GiB
INFO:trainers_server_interface.dp_worker.cuda_memory:release_cached_vram(finalize_model_grads): reserved 111.8 GiB, active 108.1 GiB, reclaimed 3.5 GiB
INFO:trainers_server_interface.dp_worker.cuda_memory:release_cached_vram(finalize_model_grads): reserved 111.8 GiB, active 108.1 GiB, reclaimed 3.5 GiB
INFO:trainers_server_interface.dp_worker.cuda_memory:release_cached_vram(finalize_model_grads): reserved 111.8 GiB, active 108.1 GiB, reclaimed 3.5 GiB
INFO:trainers_server_interface.startup:trainer startup phase=warmup_forward_backward rank=12 duration_s=256.945
INFO:trainers_server_interface.startup:trainer startup phase=warmup_forward_backward rank=14 duration_s=256.945
INFO:trainers_server_interface.startup:trainer startup phase=warmup_forward_backward rank=8 duration_s=256.945
INFO:trainers_server_interface.startup:trainer startup phase=warmup_forward_backward rank=9 duration_s=256.945
INFO:trainers_server_interface.startup:trainer startup phase=warmup_forward_backward rank=15 duration_s=256.947
INFO:trainers_server_interface.startup:trainer startup phase=warmup_forward_backward rank=11 duration_s=256.946
INFO:trainers_server_interface.startup:trainer startup phase=warmup_forward_backward rank=13 duration_s=256.949
INFO:trainers_server_interface.startup:trainer startup phase=warmup_forward_backward rank=10 duration_s=256.959
/root/.cache/user_artifacts/devboxes/q4grmdq/trainers/server-megatron-bridge/.venv/lib/python3.12/site-packages/torch/autograd/graph.py:869: UserWarning: The AccumulateGrad node's stream does not match the stream of the node that produced the incoming gradient. This may incur unnecessary synchronization and break CUDA graph capture if the AccumulateGrad node's stream is the default stream. This mismatch is caused by an AccumulateGrad node created prior to the current iteration being kept alive. This can happen if the autograd graph is still being kept alive by tensors such as the loss, or if you are using DDP, which will stash a reference to the node. To resolve the mismatch, delete all references to the autograd graph or ensure that DDP initialization is performed under the same stream as subsequent forwards. If the mismatch is intentional, you can use torch.autograd.graph.set_warn_on_accumulate_grad_stream_mismatch(False) to suppress this warning. (Triggered internally at /pytorch/torch/csrc/autograd/input_buffer.cpp:240.)
  return Variable._execution_engine.run_backward(  # Calls into the C++ engine to run the backward pass
/root/.cache/user_artifacts/devboxes/q4grmdq/trainers/server-megatron-bridge/.venv/lib/python3.12/site-packages/torch/autograd/graph.py:869: UserWarning: The AccumulateGrad node's stream does not match the stream of the node that produced the incoming gradient. This may incur unnecessary synchronization and break CUDA graph capture if the AccumulateGrad node's stream is the default stream. This mismatch is caused by an AccumulateGrad node created prior to the current iteration being kept alive. This can happen if the autograd graph is still being kept alive by tensors such as the loss, or if you are using DDP, which will stash a reference to the node. To resolve the mismatch, delete all references to the autograd graph or ensure that DDP initialization is performed under the same stream as subsequent forwards. If the mismatch is intentional, you can use torch.autograd.graph.set_warn_on_accumulate_grad_stream_mismatch(False) to suppress this warning. (Triggered internally at /pytorch/torch/csrc/autograd/input_buffer.cpp:240.)
  return Variable._execution_engine.run_backward(  # Calls into the C++ engine to run the backward pass
/root/.cache/user_artifacts/devboxes/q4grmdq/trainers/server-megatron-bridge/.venv/lib/python3.12/site-packages/torch/autograd/graph.py:869: UserWarning: The AccumulateGrad node's stream does not match the stream of the node that produced the incoming gradient. This may incur unnecessary synchronization and break CUDA graph capture if the AccumulateGrad node's stream is the default stream. This mismatch is caused by an AccumulateGrad node created prior to the current iteration being kept alive. This can happen if the autograd graph is still being kept alive by tensors such as the loss, or if you are using DDP, which will stash a reference to the node. To resolve the mismatch, delete all references to the autograd graph or ensure that DDP initialization is performed under the same stream as subsequent forwards. If the mismatch is intentional, you can use torch.autograd.graph.set_warn_on_accumulate_grad_stream_mismatch(False) to suppress this warning. (Triggered internally at /pytorch/torch/csrc/autograd/input_buffer.cpp:240.)
  return Variable._execution_engine.run_backward(  # Calls into the C++ engine to run the backward pass
/root/.cache/user_artifacts/devboxes/q4grmdq/trainers/server-megatron-bridge/.venv/lib/python3.12/site-packages/torch/autograd/graph.py:869: UserWarning: The AccumulateGrad node's stream does not match the stream of the node that produced the incoming gradient. This may incur unnecessary synchronization and break CUDA graph capture if the AccumulateGrad node's stream is the default stream. This mismatch is caused by an AccumulateGrad node created prior to the current iteration being kept alive. This can happen if the autograd graph is still being kept alive by tensors such as the loss, or if you are using DDP, which will stash a reference to the node. To resolve the mismatch, delete all references to the autograd graph or ensure that DDP initialization is performed under the same stream as subsequent forwards. If the mismatch is intentional, you can use torch.autograd.graph.set_warn_on_accumulate_grad_stream_mismatch(False) to suppress this warning. (Triggered internally at /pytorch/torch/csrc/autograd/input_buffer.cpp:240.)
  return Variable._execution_engine.run_backward(  # Calls into the C++ engine to run the backward pass
/root/.cache/user_artifacts/devboxes/q4grmdq/trainers/server-megatron-bridge/.venv/lib/python3.12/site-packages/torch/autograd/graph.py:869: UserWarning: The AccumulateGrad node's stream does not match the stream of the node that produced the incoming gradient. This may incur unnecessary synchronization and break CUDA graph capture if the AccumulateGrad node's stream is the default stream. This mismatch is caused by an AccumulateGrad node created prior to the current iteration being kept alive. This can happen if the autograd graph is still being kept alive by tensors such as the loss, or if you are using DDP, which will stash a reference to the node. To resolve the mismatch, delete all references to the autograd graph or ensure that DDP initialization is performed under the same stream as subsequent forwards. If the mismatch is intentional, you can use torch.autograd.graph.set_warn_on_accumulate_grad_stream_mismatch(False) to suppress this warning. (Triggered internally at /pytorch/torch/csrc/autograd/input_buffer.cpp:240.)
  return Variable._execution_engine.run_backward(  # Calls into the C++ engine to run the backward pass
/root/.cache/user_artifacts/devboxes/q4grmdq/trainers/server-megatron-bridge/.venv/lib/python3.12/site-packages/torch/autograd/graph.py:869: UserWarning: The AccumulateGrad node's stream does not match the stream of the node that produced the incoming gradient. This may incur unnecessary synchronization and break CUDA graph capture if the AccumulateGrad node's stream is the default stream. This mismatch is caused by an AccumulateGrad node created prior to the current iteration being kept alive. This can happen if the autograd graph is still being kept alive by tensors such as the loss, or if you are using DDP, which will stash a reference to the node. To resolve the mismatch, delete all references to the autograd graph or ensure that DDP initialization is performed under the same stream as subsequent forwards. If the mismatch is intentional, you can use torch.autograd.graph.set_warn_on_accumulate_grad_stream_mismatch(False) to suppress this warning. (Triggered internally at /pytorch/torch/csrc/autograd/input_buffer.cpp:240.)
  return Variable._execution_engine.run_backward(  # Calls into the C++ engine to run the backward pass
/root/.cache/user_artifacts/devboxes/q4grmdq/trainers/server-megatron-bridge/.venv/lib/python3.12/site-packages/torch/autograd/graph.py:869: UserWarning: The AccumulateGrad node's stream does not match the stream of the node that produced the incoming gradient. This may incur unnecessary synchronization and break CUDA graph capture if the AccumulateGrad node's stream is the default stream. This mismatch is caused by an AccumulateGrad node created prior to the current iteration being kept alive. This can happen if the autograd graph is still being kept alive by tensors such as the loss, or if you are using DDP, which will stash a reference to the node. To resolve the mismatch, delete all references to the autograd graph or ensure that DDP initialization is performed under the same stream as subsequent forwards. If the mismatch is intentional, you can use torch.autograd.graph.set_warn_on_accumulate_grad_stream_mismatch(False) to suppress this warning. (Triggered internally at /pytorch/torch/csrc/autograd/input_buffer.cpp:240.)
  return Variable._execution_engine.run_backward(  # Calls into the C++ engine to run the backward pass
/root/.cache/user_artifacts/devboxes/q4grmdq/trainers/server-megatron-bridge/.venv/lib/python3.12/site-packages/torch/autograd/graph.py:869: UserWarning: The AccumulateGrad node's stream does not match the stream of the node that produced the incoming gradient. This may incur unnecessary synchronization and break CUDA graph capture if the AccumulateGrad node's stream is the default stream. This mismatch is caused by an AccumulateGrad node created prior to the current iteration being kept alive. This can happen if the autograd graph is still being kept alive by tensors such as the loss, or if you are using DDP, which will stash a reference to the node. To resolve the mismatch, delete all references to the autograd graph or ensure that DDP initialization is performed under the same stream as subsequent forwards. If the mismatch is intentional, you can use torch.autograd.graph.set_warn_on_accumulate_grad_stream_mismatch(False) to suppress this warning. (Triggered internally at /pytorch/torch/csrc/autograd/input_buffer.cpp:240.)
  return Variable._execution_engine.run_backward(  # Calls into the C++ engine to run the backward pass
INFO:trainers_server_interface.dp_worker.cuda_memory:release_cached_vram(finalize_model_grads): reserved 97.5 GiB, active 97.1 GiB, reclaimed 0.3 GiB
INFO:trainers_server_interface.dp_worker.cuda_memory:release_cached_vram(finalize_model_grads): reserved 97.5 GiB, active 97.1 GiB, reclaimed 0.3 GiB
INFO:trainers_server_interface.dp_worker.cuda_memory:release_cached_vram(finalize_model_grads): reserved 97.5 GiB, active 97.1 GiB, reclaimed 0.3 GiB
INFO:trainers_server_interface.dp_worker.cuda_memory:release_cached_vram(finalize_model_grads): reserved 97.5 GiB, active 97.1 GiB, reclaimed 0.3 GiB
INFO:trainers_server_interface.dp_worker.cuda_memory:release_cached_vram(finalize_model_grads): reserved 97.5 GiB, active 97.1 GiB, reclaimed 0.3 GiB
INFO:trainers_server_interface.dp_worker.cuda_memory:release_cached_vram(finalize_model_grads): reserved 97.5 GiB, active 97.1 GiB, reclaimed 0.3 GiB
INFO:trainers_server_interface.dp_worker.cuda_memory:release_cached_vram(finalize_model_grads): reserved 97.5 GiB, active 97.1 GiB, reclaimed 0.3 GiB
INFO:trainers_server_interface.dp_worker.cuda_memory:release_cached_vram(finalize_model_grads): reserved 97.5 GiB, active 97.1 GiB, reclaimed 0.3 GiB
INFO:trainers_server_interface.startup:trainer startup phase=warmup_forward_backward rank=7 duration_s=263.139
INFO:trainers_server_interface.startup:trainer startup phase=warmup_forward_backward rank=1 duration_s=263.139
INFO:trainers_server_interface.startup:trainer startup phase=warmup_forward_backward rank=5 duration_s=263.141
INFO:trainers_server_interface.startup:trainer startup phase=warmup_forward_backward rank=3 duration_s=263.142
INFO:trainers_server_interface.startup:trainer startup phase=warmup_forward_backward rank=0 duration_s=263.142
INFO:trainers_server_interface.startup:trainer startup phase=warmup_forward_backward rank=4 duration_s=263.143
INFO:trainers_server_interface.startup:trainer startup phase=warmup_forward_backward rank=2 duration_s=263.150
INFO:trainers_server_interface.startup:trainer startup phase=warmup_forward_backward rank=6 duration_s=263.153
INFO:trainers_server_interface.startup:trainer startup phase=warmup_finalize rank=3 duration_s=0.013 cumulative_s=263.155
INFO:trainers_server_interface.startup:trainer startup phase=warmup_finalize rank=4 duration_s=0.012 cumulative_s=263.155
INFO:trainers_server_interface.startup:trainer startup phase=warmup_finalize rank=5 duration_s=0.015 cumulative_s=263.155
INFO:trainers_server_interface.startup:trainer startup phase=warmup_finalize rank=0 duration_s=0.013 cumulative_s=263.155
INFO:trainers_server_interface.startup:trainer startup phase=warmup_finalize rank=7 duration_s=0.016 cumulative_s=263.155
INFO:trainers_server_interface.startup:trainer startup phase=warmup_finalize rank=2 duration_s=0.005 cumulative_s=263.155
INFO:trainers_server_interface.startup:trainer startup phase=warmup_finalize rank=1 duration_s=0.015 cumulative_s=263.154
INFO:trainers_server_interface.startup:trainer startup phase=warmup_finalize rank=6 duration_s=0.002 cumulative_s=263.155
INFO:trainers_server_interface.startup:trainer startup phase=warmup_finalize rank=11 duration_s=6.209 cumulative_s=263.155
INFO:trainers_server_interface.startup:trainer startup phase=warmup_finalize rank=8 duration_s=6.210 cumulative_s=263.155
INFO:trainers_server_interface.startup:trainer startup phase=warmup_finalize rank=13 duration_s=6.206 cumulative_s=263.155
INFO:trainers_server_interface.startup:trainer startup phase=warmup_finalize rank=14 duration_s=6.211 cumulative_s=263.156
INFO:trainers_server_interface.startup:trainer startup phase=warmup_finalize rank=15 duration_s=6.209 cumulative_s=263.155
INFO:trainers_server_interface.startup:trainer startup phase=warmup_finalize rank=12 duration_s=6.211 cumulative_s=263.155
INFO:trainers_server_interface.startup:trainer startup phase=warmup_finalize rank=9 duration_s=6.210 cumulative_s=263.155
INFO:trainers_server_interface.startup:trainer startup phase=warmup_finalize rank=10 duration_s=6.196 cumulative_s=263.155
INFO:     Started server process [273172]
INFO:     Waiting for application startup.
INFO:     Application startup complete.
INFO:     Uvicorn running on http://0.0.0.0:8001 (Press CTRL+C to quit)
INFO:     10.1.77.49:43670 - "GET /health HTTP/1.1" 200 OK
