waiting_gpu,start_ns,wait_ms,laggard_gpu,laggard_sync_frac,laggard_busy_frac,kind,laggard_top_categories,laggard_nvtx
0,1498299374,9.979,7,0.0,1.032,laggard_gpu_busy,gemm=7.2ms;moe_permute=3.1ms;hybridep_meta=0.0ms,forward|attention|dsa_indexer
0,1692539576,13.824,6,0.0,1.048,laggard_gpu_busy,gemm=10.2ms;moe_permute=3.0ms;activation=1.0ms,forward|moe
0,1770287747,8.377,4,0.0,1.034,laggard_gpu_busy,gemm=5.8ms;moe_permute=2.8ms;hybridep_meta=0.0ms,forward|moe
0,1965018418,10.753,2,0.0,1.033,laggard_gpu_busy,gemm=6.5ms;moe_permute=2.8ms;activation=1.5ms,forward|moe
0,2028858979,11.04,3,0.0,1.037,laggard_gpu_busy,gemm=7.6ms;moe_permute=2.7ms;activation=0.9ms,forward|moe
0,2092892565,19.928,6,0.0,1.035,laggard_gpu_busy,gemm=15.4ms;moe_permute=3.7ms;activation=1.2ms,forward|moe
0,2172087117,11.851,6,0.0,1.041,laggard_gpu_busy,gemm=8.0ms;moe_permute=3.0ms;activation=1.0ms,forward|attention|dsa_indexer
0,2308122877,11.55,3,0.0,1.036,laggard_gpu_busy,gemm=8.2ms;moe_permute=2.6ms;activation=0.8ms,forward|moe
0,2369063420,21.85,2,0.0,1.016,laggard_gpu_busy,gemm=16.8ms;moe_permute=3.0ms;activation=2.1ms,forward|moe
0,2452977191,9.785,4,0.0,1.036,laggard_gpu_busy,gemm=7.2ms;moe_permute=2.9ms;hybridep_meta=0.0ms,forward|moe
0,2519797562,22.427,4,0.0,1.04,laggard_gpu_busy,gemm=18.1ms;moe_permute=3.5ms;activation=1.3ms,forward|attention|dsa_indexer
0,2672038342,18.938,3,0.0,1.046,laggard_gpu_busy,gemm=15.3ms;moe_permute=3.1ms;activation=1.1ms,forward|moe
0,2810556055,20.951,4,0.0,1.031,laggard_gpu_busy,gemm=16.2ms;moe_permute=3.9ms;activation=1.2ms,forward|moe
0,3031908938,15.823,6,0.0,1.023,laggard_gpu_busy,gemm=11.6ms;moe_permute=3.1ms;activation=1.1ms,forward|moe
0,3164324325,5.227,1,0.001,1.064,laggard_gpu_busy,gemm=3.2ms;moe_permute=2.3ms;hybridep_meta=0.0ms,forward|moe
0,3227468120,5.812,5,0.001,1.033,laggard_gpu_busy,gemm=3.5ms;moe_permute=2.5ms;hybridep_meta=0.0ms,forward|attention|dsa_indexer
0,3362956430,6.165,7,0.001,1.017,laggard_gpu_busy,gemm=3.5ms;moe_permute=2.8ms;hybridep_meta=0.0ms,forward|moe
0,3488037480,12.923,3,0.0,1.056,laggard_gpu_busy,gemm=9.5ms;moe_permute=2.9ms;activation=1.0ms,forward|moe
0,3558048887,14.911,3,0.0,1.018,laggard_gpu_busy,gemm=10.4ms;moe_permute=3.4ms;activation=1.2ms,forward|attention|dsa_indexer
0,3701597269,13.169,2,0.0,1.05,laggard_gpu_busy,gemm=8.8ms;moe_permute=2.9ms;activation=1.9ms,forward|moe
0,3765175212,18.083,5,0.0,1.06,laggard_gpu_busy,gemm=15.0ms;moe_permute=2.9ms;activation=1.0ms,forward|moe
0,3910012181,13.532,6,0.0,1.061,laggard_gpu_busy,gemm=9.9ms;moe_permute=3.1ms;activation=1.1ms,forward|attention|dsa_indexer
0,4109038530,11.442,6,0.0,0.986,laggard_gpu_busy,gemm=7.7ms;moe_permute=2.5ms;activation=0.7ms,forward|moe
0,4174261734,20.604,5,0.0,1.034,laggard_gpu_busy,gemm=16.5ms;moe_permute=3.3ms;activation=1.2ms,forward|moe
0,4255715516,5.573,1,0.001,1.046,laggard_gpu_busy,gemm=3.3ms;moe_permute=2.6ms;hybridep_meta=0.0ms,forward|attention|dsa_indexer
0,4387860830,7.202,2,0.0,1.044,laggard_gpu_busy,gemm=5.0ms;moe_permute=2.6ms;hybridep_meta=0.0ms,forward|moe
0,4521365146,8.562,5,0.0,1.045,laggard_gpu_busy,gemm=6.2ms;moe_permute=2.8ms;hybridep_meta=0.0ms,forward|moe
0,4589173698,8.346,1,0.0,1.034,laggard_gpu_busy,gemm=5.8ms;moe_permute=2.8ms;hybridep_meta=0.0ms,forward|attention|dsa_indexer
0,4721793335,13.955,6,0.0,0.855,laggard_gpu_busy,gemm=7.5ms;moe_permute=3.1ms;activation=1.0ms,forward|moe
0,4792599546,11.348,7,0.0,1.024,laggard_gpu_busy,gemm=7.3ms;moe_permute=3.0ms;activation=1.0ms,forward|moe
0,4926293945,12.29,4,0.0,1.039,laggard_gpu_busy,gemm=8.5ms;moe_permute=3.0ms;activation=1.0ms,forward|attention|dsa_indexer
0,5088046646,13.64,7,0.0,1.05,laggard_gpu_busy,gemm=9.8ms;moe_permute=3.3ms;activation=0.9ms,forward|moe
0,5159032763,13.593,6,0.0,1.044,laggard_gpu_busy,gemm=9.4ms;moe_permute=3.5ms;activation=1.1ms,forward|moe
0,5231939185,10.047,1,0.0,1.027,laggard_gpu_busy,gemm=6.6ms;moe_permute=2.7ms;activation=0.7ms,forward|moe
0,5296552092,29.272,1,0.0,1.038,laggard_gpu_busy,gemm=24.5ms;moe_permute=4.0ms;activation=1.6ms,forward|attention|dsa_indexer
0,5519635622,13.791,6,0.0,1.061,laggard_gpu_busy,gemm=10.1ms;moe_permute=3.2ms;activation=1.1ms,forward|moe
0,5653970315,24.618,4,0.0,1.04,laggard_gpu_busy,gemm=20.3ms;moe_permute=3.7ms;activation=1.3ms,forward|attention|dsa_indexer
0,5802755698,12.342,6,0.0,1.069,laggard_gpu_busy,gemm=9.0ms;moe_permute=3.0ms;activation=0.9ms,forward|moe
0,5870249207,17.47,1,0.0,0.596,mixed,gemm=8.1ms;moe_permute=1.2ms;elementwise=0.8ms,forward|moe
0,5949106116,5.303,3,0.001,1.016,laggard_gpu_busy,moe_permute=2.9ms;gemm=2.5ms;hybridep_meta=0.0ms,forward|moe
0,6015049499,10.029,2,0.0,1.036,laggard_gpu_busy,gemm=6.2ms;moe_permute=2.8ms;activation=1.0ms,forward|attention|dsa_indexer
0,6152112920,19.276,1,0.0,1.033,laggard_gpu_busy,gemm=15.6ms;moe_permute=3.1ms;activation=1.0ms,forward|moe
0,6223202685,20.412,2,0.0,1.029,laggard_gpu_busy,gemm=15.6ms;moe_permute=3.2ms;activation=2.0ms,forward|moe
0,6362405774,6.894,4,0.001,1.025,laggard_gpu_busy,gemm=4.2ms;moe_permute=2.9ms;hybridep_meta=0.0ms,forward|attention|dsa_indexer
0,6492454695,11.948,1,0.0,1.06,laggard_gpu_busy,gemm=8.8ms;moe_permute=2.7ms;activation=0.9ms,forward|moe
0,6557412999,9.578,1,0.0,1.028,laggard_gpu_busy,gemm=6.0ms;moe_permute=2.7ms;activation=0.8ms,forward|moe
0,6685356917,16.58,1,0.0,1.051,laggard_gpu_busy,gemm=12.8ms;moe_permute=3.2ms;activation=1.2ms,forward|attention|dsa_indexer
0,6830606468,10.89,1,0.0,1.032,laggard_gpu_busy,gemm=7.4ms;moe_permute=2.7ms;activation=0.9ms,forward|moe
0,6906843982,7.383,4,0.001,1.049,laggard_gpu_busy,gemm=5.2ms;moe_permute=2.6ms;hybridep_meta=0.0ms,forward|moe
0,7034814492,11.696,3,0.0,1.03,laggard_gpu_busy,gemm=8.0ms;moe_permute=2.8ms;activation=0.9ms,forward|attention|dsa_indexer
0,7168199965,12.002,1,0.0,1.03,laggard_gpu_busy,gemm=8.6ms;moe_permute=2.6ms;activation=0.9ms,forward|moe
0,7229842206,17.772,1,0.0,0.806,laggard_gpu_busy,gemm=9.8ms;moe_permute=3.2ms;activation=0.9ms,forward|moe
0,7364516651,16.675,5,0.0,1.049,laggard_gpu_busy,gemm=13.5ms;moe_permute=2.8ms;activation=0.9ms,forward|attention|dsa_indexer
0,7510676835,6.882,4,0.001,1.03,laggard_gpu_busy,gemm=4.3ms;moe_permute=2.7ms;hybridep_meta=0.0ms,forward|moe
0,7565159265,23.373,6,0.0,1.044,laggard_gpu_busy,gemm=19.8ms;moe_permute=3.2ms;activation=1.2ms,forward|moe
0,7650818499,6.286,6,0.001,0.853,laggard_gpu_busy,moe_permute=3.1ms;gemm=2.3ms;hybridep_meta=0.0ms,forward|moe
0,7710104494,24.158,1,0.0,1.042,laggard_gpu_busy,gemm=19.7ms;moe_permute=3.8ms;activation=1.3ms,forward|lm_head
0,8007436238,23.868,1,0.0,1.04,laggard_gpu_busy,gemm=19.9ms;moe_permute=3.4ms;activation=1.3ms,backward|recompute
0,8051416361,30.435,1,0.0,1.029,laggard_gpu_busy,gemm=19.9ms;topk_router=5.4ms;moe_permute=4.1ms,backward|recompute
0,8214775971,35.016,6,0.0,0.013,laggard_gpu_idle(host),hybridep_meta=0.4ms;other=0.1ms,backward|moe|hybridep_dispatch|recompute
0,8274966582,5.245,6,0.001,0.958,laggard_gpu_busy,moe_permute=2.8ms;gemm=2.2ms;hybridep_meta=0.0ms,backward|recompute
0,8311084776,6.794,6,0.001,1.04,laggard_gpu_busy,gemm=4.1ms;moe_permute=3.0ms;hybridep_meta=0.0ms,backward|recompute
0,8457978920,23.159,6,0.0,1.039,laggard_gpu_busy,gemm=19.5ms;moe_permute=3.1ms;activation=1.2ms,backward|recompute
0,8497584225,28.214,6,0.0,1.03,laggard_gpu_busy,gemm=19.6ms;topk_router=4.5ms;moe_permute=3.5ms,backward|recompute
0,8689073311,7.026,4,0.0,1.033,laggard_gpu_busy,gemm=4.6ms;moe_permute=2.7ms;hybridep_meta=0.0ms,backward|recompute
0,8724695634,7.413,4,0.0,1.034,laggard_gpu_busy,gemm=4.7ms;moe_permute=3.0ms;hybridep_meta=0.0ms,backward|recompute
0,8870242874,16.958,5,0.0,1.045,laggard_gpu_busy,gemm=13.7ms;moe_permute=2.8ms;activation=0.9ms,backward|recompute
0,8904633506,19.63,5,0.0,1.032,laggard_gpu_busy,gemm=13.0ms;topk_router=3.2ms;moe_permute=3.0ms,backward|recompute
0,9273687640,16.838,1,0.0,1.058,laggard_gpu_busy,gemm=13.8ms;moe_permute=2.8ms;activation=0.9ms,backward|recompute
0,9307772829,19.584,1,0.0,1.032,laggard_gpu_busy,gemm=13.0ms;moe_permute=3.1ms;topk_router=3.0ms,backward|recompute
0,9490521415,11.772,1,0.0,1.029,laggard_gpu_busy,gemm=8.4ms;moe_permute=2.6ms;activation=0.9ms,backward|recompute
0,9524195240,14.633,1,0.0,1.051,laggard_gpu_busy,gemm=12.5ms;moe_permute=2.9ms;hybridep_meta=0.0ms,backward|recompute
0,9691663841,11.576,3,0.0,0.943,laggard_gpu_busy,gemm=6.8ms;moe_permute=2.9ms;activation=0.9ms,backward|recompute
0,9726254602,15.082,3,0.0,1.052,laggard_gpu_busy,gemm=12.6ms;moe_permute=3.2ms;hybridep_meta=0.0ms,backward|recompute
0,10126693611,7.194,4,0.001,1.047,laggard_gpu_busy,gemm=5.0ms;moe_permute=2.6ms;hybridep_meta=0.0ms,backward|recompute
0,10159273569,8.365,4,0.0,1.049,laggard_gpu_busy,gemm=6.0ms;moe_permute=2.7ms;hybridep_meta=0.0ms,backward|recompute
0,10313958657,12.646,1,0.0,1.05,laggard_gpu_busy,gemm=9.2ms;moe_permute=2.9ms;activation=0.9ms,backward|recompute
0,10348250407,15.299,1,0.0,1.046,laggard_gpu_busy,gemm=12.7ms;moe_permute=3.0ms;activation=0.3ms,backward|recompute
0,10666376740,16.728,1,0.0,1.051,laggard_gpu_busy,gemm=13.0ms;moe_permute=3.1ms;activation=1.1ms,backward|recompute
0,10707069867,23.381,1,0.0,1.034,laggard_gpu_busy,gemm=17.1ms;moe_permute=3.9ms;activation=1.8ms,backward|recompute
0,11077494158,8.94,1,0.0,1.031,laggard_gpu_busy,gemm=5.7ms;moe_permute=2.5ms;activation=0.8ms,backward|recompute
0,11107407245,10.582,1,0.0,1.038,laggard_gpu_busy,gemm=8.4ms;moe_permute=2.6ms;hybridep_meta=0.0ms,backward|recompute
0,11269882084,11.989,1,0.0,1.06,laggard_gpu_busy,gemm=8.8ms;moe_permute=2.7ms;activation=0.9ms,backward|recompute
0,11304424975,17.474,1,0.0,1.044,laggard_gpu_busy,gemm=13.9ms;moe_permute=3.5ms;activation=0.8ms,backward|recompute
0,11487469516,6.946,4,0.001,1.026,laggard_gpu_busy,gemm=4.2ms;moe_permute=2.9ms;hybridep_meta=0.0ms,backward|recompute
0,11524651409,7.878,4,0.001,1.025,laggard_gpu_busy,gemm=5.0ms;moe_permute=3.1ms;hybridep_meta=0.0ms,backward|recompute
0,11844994419,20.418,2,0.0,1.029,laggard_gpu_busy,gemm=15.6ms;moe_permute=3.1ms;activation=2.0ms,backward|recompute
0,11883633606,27.372,2,0.0,1.03,laggard_gpu_busy,gemm=15.9ms;topk_router=7.1ms;moe_permute=3.6ms,backward|recompute
0,12056171838,19.527,1,0.0,1.038,laggard_gpu_busy,gemm=15.9ms;moe_permute=3.0ms;activation=1.0ms,backward|recompute
0,12093709990,24.478,1,0.0,1.029,laggard_gpu_busy,gemm=15.6ms;topk_router=4.5ms;moe_permute=3.6ms,backward|recompute
0,12284142282,10.145,2,0.0,1.039,laggard_gpu_busy,gemm=6.3ms;moe_permute=2.8ms;activation=1.2ms,backward|recompute
0,12319125242,13.354,2,0.0,1.04,laggard_gpu_busy,gemm=10.7ms;moe_permute=3.2ms;hybridep_meta=0.0ms,backward|recompute
0,12481408303,5.165,3,0.001,1.021,laggard_gpu_busy,moe_permute=2.9ms;gemm=2.4ms;hybridep_meta=0.0ms,backward|recompute
0,12516889539,5.717,3,0.001,1.037,laggard_gpu_busy,moe_permute=3.0ms;gemm=2.9ms;hybridep_meta=0.0ms,backward|recompute
0,12665185299,9.208,7,0.0,1.036,laggard_gpu_busy,gemm=5.9ms;moe_permute=2.7ms;activation=0.6ms,backward|recompute
0,12698483058,10.235,7,0.0,1.039,laggard_gpu_busy,gemm=7.8ms;moe_permute=2.8ms;hybridep_meta=0.0ms,backward|recompute
0,12852537407,12.244,6,0.0,1.068,laggard_gpu_busy,gemm=8.9ms;moe_permute=2.9ms;activation=0.9ms,backward|recompute
0,12888312960,17.814,6,0.0,1.04,laggard_gpu_busy,gemm=14.0ms;moe_permute=3.8ms;activation=0.7ms,backward|recompute
0,13049517780,24.553,4,0.0,0.911,laggard_gpu_busy,gemm=17.5ms;moe_permute=3.3ms;activation=1.3ms,backward|recompute
0,13092470139,30.671,4,0.0,1.029,laggard_gpu_busy,gemm=20.6ms;topk_router=5.4ms;moe_permute=3.8ms,backward|recompute
0,13486755784,13.964,6,0.0,1.057,laggard_gpu_busy,gemm=10.0ms;moe_permute=3.3ms;activation=1.1ms,backward|recompute
0,13526189388,16.728,6,0.0,1.042,laggard_gpu_busy,gemm=14.0ms;moe_permute=3.4ms;hybridep_meta=0.0ms,backward|recompute
0,13881917469,28.154,1,0.0,1.041,laggard_gpu_busy,gemm=24.0ms;moe_permute=3.6ms;activation=1.5ms,backward|recompute
0,13929676243,34.147,1,0.0,1.038,laggard_gpu_busy,gemm=23.3ms;topk_router=6.1ms;moe_permute=4.0ms,backward|recompute
0,14119940358,10.418,1,0.0,1.028,laggard_gpu_busy,gemm=6.7ms;moe_permute=2.8ms;activation=0.9ms,backward|recompute
0,14155505316,11.711,1,0.0,1.032,laggard_gpu_busy,gemm=9.1ms;moe_permute=3.0ms;hybridep_meta=0.0ms,backward|recompute
0,14300157717,59.85,3,0.0,0.008,laggard_gpu_idle(host),hybridep_meta=0.4ms;other=0.1ms,backward|moe|hybridep_dispatch|recompute
0,14380501773,13.056,6,0.0,1.045,laggard_gpu_busy,gemm=9.2ms;moe_permute=3.1ms;activation=1.1ms,backward|recompute
0,14418893959,16.243,6,0.0,1.036,laggard_gpu_busy,gemm=13.4ms;moe_permute=3.4ms;hybridep_meta=0.0ms,backward|recompute
0,14585557489,13.086,7,0.0,1.053,laggard_gpu_busy,gemm=9.6ms;moe_permute=3.0ms;activation=0.9ms,backward|recompute
0,14621163344,17.478,7,0.0,1.039,laggard_gpu_busy,gemm=13.6ms;moe_permute=3.5ms;activation=1.0ms,backward|recompute
0,14792265161,12.559,4,0.0,1.045,laggard_gpu_busy,gemm=8.9ms;moe_permute=2.9ms;activation=1.0ms,backward|recompute
0,14828835636,19.352,4,0.0,1.037,laggard_gpu_busy,gemm=15.1ms;moe_permute=3.8ms;activation=1.2ms,backward|recompute
0,15267769395,11.451,7,0.0,1.027,laggard_gpu_busy,gemm=7.4ms;moe_permute=3.0ms;activation=1.0ms,backward|recompute
0,15305477544,13.498,7,0.0,1.039,laggard_gpu_busy,gemm=10.7ms;moe_permute=3.4ms;hybridep_meta=0.0ms,backward|recompute
0,15471126834,14.115,6,0.0,1.022,laggard_gpu_busy,gemm=10.0ms;moe_permute=3.1ms;activation=1.0ms,backward|recompute
0,15509146283,21.129,6,0.0,1.038,laggard_gpu_busy,gemm=16.0ms;moe_permute=3.7ms;activation=1.7ms,backward|recompute
0,15681485143,8.617,1,0.0,1.034,laggard_gpu_busy,gemm=6.1ms;moe_permute=2.8ms;hybridep_meta=0.0ms,backward|recompute
0,15717072632,9.983,1,0.0,1.044,laggard_gpu_busy,gemm=7.3ms;moe_permute=3.1ms;hybridep_meta=0.0ms,backward|recompute
0,15875376345,9.33,5,0.001,1.039,laggard_gpu_busy,gemm=6.3ms;moe_permute=2.9ms;elementwise=0.3ms,backward|recompute
0,15909465643,11.08,5,0.0,1.046,laggard_gpu_busy,gemm=8.5ms;moe_permute=3.1ms;hybridep_meta=0.0ms,backward|recompute
0,16285148087,7.087,2,0.001,1.041,laggard_gpu_busy,gemm=4.8ms;moe_permute=2.6ms;hybridep_meta=0.0ms,backward|recompute
0,16319018279,9.149,2,0.0,1.028,laggard_gpu_busy,gemm=6.4ms;moe_permute=3.0ms;hybridep_meta=0.0ms,backward|recompute
0,16478077711,5.861,1,0.001,1.046,laggard_gpu_busy,gemm=3.5ms;moe_permute=2.6ms;hybridep_meta=0.0ms,backward|recompute
0,16511151223,6.918,1,0.0,1.052,laggard_gpu_busy,gemm=4.4ms;moe_permute=2.9ms;hybridep_meta=0.0ms,backward|recompute
0,16644255551,5.96,4,0.001,0.067,laggard_gpu_idle(host),hybridep_meta=0.3ms;other=0.1ms,backward|moe|hybridep_dispatch|recompute
0,16667080321,20.396,5,0.0,1.033,laggard_gpu_busy,gemm=16.3ms;moe_permute=3.2ms;activation=1.2ms,backward|recompute
0,16708712445,24.598,5,0.0,1.027,laggard_gpu_busy,gemm=17.2ms;moe_permute=3.6ms;topk_router=2.8ms,backward|recompute
0,16881284833,11.642,6,0.0,1.059,laggard_gpu_busy,gemm=8.7ms;moe_permute=2.6ms;activation=0.7ms,backward|recompute
0,16911371248,13.606,6,0.0,1.043,laggard_gpu_busy,gemm=10.5ms;moe_permute=2.7ms;activation=0.9ms,backward|recompute
0,17299151952,14.021,6,0.0,1.062,laggard_gpu_busy,gemm=10.5ms;moe_permute=3.0ms;activation=1.1ms,backward|recompute
0,17338257882,17.876,6,0.0,1.04,laggard_gpu_busy,gemm=15.2ms;moe_permute=3.4ms;hybridep_meta=0.0ms,backward|recompute
0,17701565539,18.218,5,0.0,1.067,laggard_gpu_busy,gemm=15.3ms;moe_permute=2.9ms;activation=1.0ms,backward|recompute
0,17738137012,22.111,5,0.0,1.028,laggard_gpu_busy,gemm=14.2ms;topk_router=3.8ms;moe_permute=3.3ms,backward|recompute
0,17974706625,13.12,2,0.0,1.05,laggard_gpu_busy,gemm=8.8ms;moe_permute=2.8ms;activation=1.8ms,backward|recompute
0,18011406131,20.771,2,0.0,1.035,laggard_gpu_busy,gemm=14.8ms;moe_permute=3.6ms;activation=1.5ms,backward|recompute
0,18181928423,14.692,3,0.0,1.02,laggard_gpu_busy,gemm=10.4ms;moe_permute=3.2ms;activation=1.1ms,backward|recompute
0,18222694306,17.777,3,0.0,1.023,laggard_gpu_busy,gemm=14.0ms;moe_permute=4.2ms;hybridep_meta=0.0ms,backward|recompute
0,18386816502,13.41,3,0.0,1.056,laggard_gpu_busy,gemm=9.9ms;moe_permute=3.0ms;activation=1.0ms,backward|recompute
0,18424197071,18.132,3,0.0,1.044,laggard_gpu_busy,gemm=14.5ms;moe_permute=3.6ms;activation=0.8ms,backward|recompute
0,18569328132,26.023,3,0.0,0.017,laggard_gpu_idle(host),hybridep_meta=0.4ms;other=0.1ms,backward|moe|hybridep_dispatch|recompute
0,18808481739,6.247,7,0.001,1.017,laggard_gpu_busy,gemm=3.6ms;moe_permute=2.7ms;hybridep_meta=0.0ms,backward|recompute
0,18843002183,8.675,7,0.0,1.033,laggard_gpu_busy,gemm=5.8ms;moe_permute=3.1ms;hybridep_meta=0.0ms,backward|recompute
0,19002599252,6.405,5,0.001,1.034,laggard_gpu_busy,gemm=4.1ms;moe_permute=2.5ms;hybridep_meta=0.0ms,backward|recompute
0,19034835834,7.019,5,0.001,1.034,laggard_gpu_busy,gemm=4.5ms;moe_permute=2.8ms;hybridep_meta=0.0ms,backward|recompute
0,19164993535,6.468,6,0.001,0.07,laggard_gpu_idle(host),hybridep_meta=0.4ms;other=0.1ms,backward|moe|hybridep_dispatch|recompute
0,19190594242,5.582,1,0.001,1.055,laggard_gpu_busy,gemm=3.6ms;moe_permute=2.3ms;hybridep_meta=0.0ms,backward|recompute
0,19219710984,6.237,1,0.001,1.046,laggard_gpu_busy,gemm=4.2ms;moe_permute=2.4ms;hybridep_meta=0.0ms,backward|recompute
0,19348334941,21.336,5,0.0,0.02,laggard_gpu_idle(host),hybridep_meta=0.3ms;other=0.1ms,backward|moe|hybridep_dispatch|recompute
0,19422440459,5.145,1,0.001,0.997,laggard_gpu_busy,moe_permute=2.8ms;gemm=2.3ms;hybridep_meta=0.0ms,backward|recompute
0,19578088689,16.015,6,0.0,1.026,laggard_gpu_busy,gemm=11.9ms;moe_permute=3.1ms;activation=1.1ms,backward|recompute
0,19617812099,20.289,6,0.0,1.036,laggard_gpu_busy,gemm=15.9ms;moe_permute=3.7ms;activation=1.4ms,backward|recompute
0,19998582158,20.75,4,0.0,1.032,laggard_gpu_busy,gemm=16.6ms;moe_permute=3.3ms;activation=1.2ms,backward|recompute
0,20040591159,26.94,4,0.0,1.024,laggard_gpu_busy,gemm=17.0ms;topk_router=5.0ms;moe_permute=3.8ms,backward|recompute
0,20197982639,75.262,3,0.0,0.006,laggard_gpu_idle(host),hybridep_meta=0.4ms;other=0.1ms,backward|moe|hybridep_dispatch|recompute
0,20490450462,19.301,3,0.0,1.046,laggard_gpu_busy,gemm=15.6ms;moe_permute=3.2ms;activation=1.1ms,backward|recompute
0,20530029486,23.386,3,0.0,1.031,laggard_gpu_busy,gemm=15.9ms;moe_permute=3.6ms;topk_router=3.0ms,backward|recompute
0,20702536383,21.208,4,0.0,1.045,laggard_gpu_busy,gemm=17.5ms;moe_permute=3.2ms;activation=1.2ms,backward|recompute
0,20744016962,28.025,4,0.0,1.027,laggard_gpu_busy,gemm=18.2ms;topk_router=5.1ms;moe_permute=3.7ms,backward|recompute
0,20922892084,9.948,4,0.0,1.036,laggard_gpu_busy,gemm=7.3ms;moe_permute=3.0ms;elementwise=0.0ms,backward|recompute
0,20962086208,11.191,4,0.0,1.015,laggard_gpu_busy,gemm=8.1ms;moe_permute=3.3ms;hybridep_meta=0.0ms,backward|recompute
0,21109406367,21.702,2,0.0,1.037,laggard_gpu_busy,gemm=17.1ms;moe_permute=3.1ms;activation=2.1ms,backward|recompute
0,21148561454,26.567,2,0.0,1.02,laggard_gpu_busy,gemm=16.5ms;topk_router=5.7ms;moe_permute=3.6ms,backward|recompute
0,21322318363,11.352,3,0.0,1.034,laggard_gpu_busy,gemm=8.1ms;moe_permute=2.5ms;activation=0.8ms,backward|recompute
0,21354106751,16.449,3,0.0,1.047,laggard_gpu_busy,gemm=12.7ms;moe_permute=3.3ms;activation=1.2ms,backward|recompute
0,21520963046,10.969,6,0.0,1.035,laggard_gpu_busy,gemm=7.3ms;moe_permute=2.8ms;activation=0.9ms,backward|recompute
0,21556720530,14.762,6,0.0,1.041,laggard_gpu_busy,gemm=12.0ms;moe_permute=3.4ms;hybridep_meta=0.0ms,backward|recompute
0,21847559914,22.61,6,0.0,1.029,laggard_gpu_busy,gemm=16.5ms;moe_permute=3.3ms;topk_router=2.0ms,backward|recompute
0,22012920225,10.855,3,0.0,1.033,laggard_gpu_busy,gemm=7.3ms;moe_permute=2.8ms;activation=0.9ms,backward|recompute
0,22046161620,13.614,3,0.0,1.049,laggard_gpu_busy,gemm=11.3ms;moe_permute=3.0ms;hybridep_meta=0.0ms,backward|recompute
0,22210852484,10.647,2,0.0,1.032,laggard_gpu_busy,gemm=6.6ms;moe_permute=2.6ms;activation=1.5ms,backward|recompute
0,22244098007,13.053,2,0.0,1.057,laggard_gpu_busy,gemm=11.0ms;moe_permute=2.8ms;hybridep_meta=0.0ms,backward|recompute
0,22589747645,8.604,4,0.0,1.034,laggard_gpu_busy,gemm=6.0ms;moe_permute=2.9ms;hybridep_meta=0.0ms,backward|recompute
0,22625812269,9.792,4,0.0,1.042,laggard_gpu_busy,gemm=7.2ms;moe_permute=2.9ms;hybridep_meta=0.0ms,backward|recompute
0,22779920689,13.774,6,0.0,1.048,laggard_gpu_busy,gemm=10.2ms;moe_permute=2.9ms;activation=1.0ms,backward|recompute
0,22817423056,17.073,6,0.0,1.039,laggard_gpu_busy,gemm=14.4ms;moe_permute=3.3ms;hybridep_meta=0.0ms,backward|recompute
0,22982054944,5.011,1,0.001,1.063,laggard_gpu_busy,gemm=3.1ms;moe_permute=2.3ms;hybridep_meta=0.0ms,backward|recompute
0,23010546050,6.43,6,0.001,1.039,laggard_gpu_busy,gemm=4.0ms;moe_permute=2.7ms;hybridep_meta=0.0ms,backward|recompute
0,23172496358,9.735,7,0.0,1.029,laggard_gpu_busy,gemm=7.0ms;moe_permute=3.1ms;hybridep_meta=0.0ms,backward|recompute
0,23211964830,12.541,7,0.0,1.014,laggard_gpu_busy,gemm=9.3ms;moe_permute=3.4ms;hybridep_meta=0.0ms,backward|recompute
1,1277349009,10.847,0,0.0,1.044,laggard_gpu_busy,gemm=7.3ms;moe_permute=2.8ms;activation=0.9ms,forward|moe
1,1491396243,16.885,7,0.0,1.026,laggard_gpu_busy,gemm=12.9ms;moe_permute=3.1ms;activation=1.1ms,forward|attention|dsa_indexer
1,1696502386,9.863,6,0.0,1.034,laggard_gpu_busy,gemm=7.2ms;moe_permute=3.0ms;hybridep_meta=0.0ms,forward|moe
1,1765222197,13.445,4,0.0,1.046,laggard_gpu_busy,gemm=10.0ms;moe_permute=2.8ms;activation=0.9ms,forward|moe
1,1833515540,6.156,5,0.001,1.068,laggard_gpu_busy,gemm=4.2ms;moe_permute=2.4ms;hybridep_meta=0.0ms,forward|attention|dsa_indexer
1,1963555329,12.218,2,0.0,1.035,laggard_gpu_busy,gemm=8.1ms;moe_permute=2.8ms;activation=1.5ms,forward|moe
1,2024963725,14.938,3,0.0,1.005,laggard_gpu_busy,gemm=11.1ms;moe_permute=2.7ms;activation=0.9ms,forward|moe
1,2099658236,13.164,6,0.0,1.021,laggard_gpu_busy,gemm=8.3ms;moe_permute=3.7ms;activation=1.2ms,forward|moe
1,2170495694,13.445,6,0.0,1.057,laggard_gpu_busy,gemm=9.9ms;moe_permute=3.0ms;activation=1.0ms,forward|attention|dsa_indexer
1,2313994048,5.681,3,0.001,1.041,laggard_gpu_busy,gemm=3.3ms;moe_permute=2.6ms;hybridep_meta=0.0ms,forward|moe
1,2371323438,19.593,2,0.0,1.017,laggard_gpu_busy,gemm=14.6ms;moe_permute=3.0ms;activation=2.1ms,forward|moe
1,2447809272,14.955,4,0.0,0.974,laggard_gpu_busy,gemm=10.3ms;moe_permute=2.9ms;activation=1.0ms,forward|moe
1,2520050305,22.177,4,0.0,1.04,laggard_gpu_busy,gemm=17.9ms;moe_permute=3.5ms;activation=1.3ms,forward|attention|dsa_indexer
1,2676097804,14.881,3,0.0,1.045,laggard_gpu_busy,gemm=11.0ms;moe_permute=3.1ms;activation=1.1ms,forward|moe
1,2741692386,16.031,0,0.0,1.066,laggard_gpu_busy,gemm=12.9ms;moe_permute=2.9ms;activation=0.9ms,forward|moe
1,2821463877,10.045,4,0.001,1.035,laggard_gpu_busy,gemm=6.5ms;moe_permute=3.9ms;hybridep_meta=0.0ms,forward|moe
1,2883629089,22.294,0,0.0,1.044,laggard_gpu_busy,gemm=18.9ms;moe_permute=3.1ms;activation=1.1ms,forward|attention|dsa_indexer
1,3031071849,16.662,6,0.0,1.022,laggard_gpu_busy,gemm=12.5ms;moe_permute=3.1ms;activation=1.1ms,forward|moe
1,3225878109,7.404,5,0.001,1.033,laggard_gpu_busy,gemm=5.1ms;moe_permute=2.5ms;hybridep_meta=0.0ms,forward|attention|dsa_indexer
1,3418270014,13.894,6,0.0,1.083,laggard_gpu_busy,gemm=11.2ms;moe_permute=2.8ms;activation=0.8ms,forward|moe
1,3495041929,5.92,3,0.001,1.023,laggard_gpu_busy,gemm=3.1ms;moe_permute=2.9ms;hybridep_meta=0.0ms,forward|moe
1,3555123605,17.839,3,0.0,1.015,laggard_gpu_busy,gemm=13.3ms;moe_permute=3.4ms;activation=1.2ms,forward|attention|dsa_indexer
1,3703186563,11.582,2,0.0,1.027,laggard_gpu_busy,gemm=7.0ms;moe_permute=2.9ms;activation=1.7ms,forward|moe
1,3770201732,13.058,5,0.0,1.076,laggard_gpu_busy,gemm=9.9ms;moe_permute=2.9ms;activation=1.0ms,forward|moe
1,3837559975,13.769,0,0.0,1.082,laggard_gpu_busy,gemm=10.6ms;moe_permute=3.1ms;activation=0.9ms,forward|moe
1,3915884255,7.662,6,0.001,1.053,laggard_gpu_busy,gemm=5.0ms;moe_permute=3.1ms;hybridep_meta=0.0ms,forward|attention|dsa_indexer
1,4054096001,5.532,5,0.001,1.02,laggard_gpu_busy,gemm=3.3ms;moe_permute=2.4ms;hybridep_combine=0.0ms,forward|moe
1,4114226702,6.255,6,0.001,1.025,laggard_gpu_busy,gemm=3.9ms;moe_permute=2.5ms;hybridep_meta=0.0ms,forward|moe
1,4169046001,25.822,5,0.0,1.027,laggard_gpu_busy,gemm=21.7ms;moe_permute=3.3ms;activation=1.2ms,forward|moe
1,4386081016,8.984,2,0.0,1.038,laggard_gpu_busy,gemm=6.0ms;moe_permute=2.6ms;activation=0.5ms,forward|moe
1,4449664747,15.687,0,0.0,1.055,laggard_gpu_busy,gemm=12.0ms;moe_permute=3.2ms;activation=1.1ms,forward|moe
1,4524700312,5.23,5,0.001,1.04,laggard_gpu_busy,moe_permute=2.8ms;gemm=2.7ms;hybridep_meta=0.0ms,forward|moe
1,4721712259,14.038,6,0.0,0.85,laggard_gpu_busy,gemm=7.5ms;moe_permute=3.1ms;activation=1.0ms,forward|moe
1,4788970867,14.98,7,0.0,1.064,laggard_gpu_busy,gemm=11.6ms;moe_permute=3.0ms;activation=1.0ms,forward|moe
1,4858907544,10.087,0,0.0,1.033,laggard_gpu_busy,gemm=6.8ms;moe_permute=2.5ms;activation=0.8ms,forward|moe
1,4932697531,5.888,4,0.001,1.041,laggard_gpu_busy,gemm=3.2ms;moe_permute=3.0ms;hybridep_meta=0.0ms,forward|attention|dsa_indexer
1,5092911077,8.778,7,0.001,1.032,laggard_gpu_busy,gemm=5.8ms;moe_permute=3.3ms;hybridep_meta=0.0ms,forward|moe
1,5157889571,14.738,6,0.0,1.042,laggard_gpu_busy,gemm=10.6ms;moe_permute=3.5ms;activation=1.1ms,forward|moe
1,5452102089,12.241,0,0.0,1.035,laggard_gpu_busy,gemm=8.9ms;moe_permute=2.7ms;activation=0.9ms,forward|moe
1,5516919750,16.508,6,0.0,1.065,laggard_gpu_busy,gemm=13.1ms;moe_permute=3.2ms;activation=1.1ms,forward|moe
1,5585621442,17.968,0,0.0,1.076,laggard_gpu_busy,gemm=15.3ms;moe_permute=2.8ms;activation=1.0ms,forward|moe
1,5657802072,20.788,4,0.0,1.034,laggard_gpu_busy,gemm=16.2ms;moe_permute=3.7ms;activation=1.3ms,forward|attention|dsa_indexer
1,5798219111,16.881,6,0.0,1.059,laggard_gpu_busy,gemm=13.7ms;moe_permute=3.0ms;activation=0.9ms,forward|moe
1,5942004912,12.407,3,0.0,1.046,laggard_gpu_busy,gemm=8.9ms;moe_permute=2.9ms;activation=0.9ms,forward|moe
1,6014854892,10.225,2,0.0,1.035,laggard_gpu_busy,gemm=6.2ms;moe_permute=2.8ms;activation=1.2ms,forward|attention|dsa_indexer
1,6226485993,17.132,2,0.0,1.028,laggard_gpu_busy,gemm=12.2ms;moe_permute=3.2ms;activation=2.0ms,forward|moe
1,6357892849,11.409,4,0.0,1.035,laggard_gpu_busy,gemm=7.6ms;moe_permute=2.9ms;activation=1.0ms,forward|attention|dsa_indexer
1,6623382009,6.085,0,0.001,1.036,laggard_gpu_busy,gemm=3.9ms;moe_permute=2.4ms;hybridep_meta=0.0ms,forward|moe
1,6900808678,13.419,4,0.0,1.069,laggard_gpu_busy,gemm=10.7ms;moe_permute=2.6ms;activation=0.8ms,forward|moe
1,6963476860,14.808,0,0.0,1.069,laggard_gpu_busy,gemm=11.9ms;moe_permute=2.7ms;activation=0.9ms,forward|moe
1,7028064897,18.449,3,0.0,1.048,laggard_gpu_busy,gemm=15.3ms;moe_permute=2.8ms;activation=0.9ms,forward|attention|dsa_indexer
1,7304196260,11.713,0,0.0,0.944,laggard_gpu_busy,gemm=7.1ms;moe_permute=2.8ms;activation=0.9ms,forward|moe
1,7370776153,10.418,5,0.0,1.034,laggard_gpu_busy,gemm=6.8ms;moe_permute=2.8ms;activation=0.9ms,forward|attention|dsa_indexer
1,7500206725,17.354,4,0.0,1.058,laggard_gpu_busy,gemm=14.4ms;moe_permute=2.7ms;activation=0.9ms,forward|moe
1,7567274814,21.26,6,0.0,1.033,laggard_gpu_busy,gemm=17.3ms;moe_permute=3.2ms;activation=1.2ms,forward|moe
1,7638260087,18.846,6,0.0,1.054,laggard_gpu_busy,gemm=15.4ms;moe_permute=3.1ms;activation=1.1ms,forward|moe
1,8214836159,34.959,6,0.0,0.013,laggard_gpu_idle(host),hybridep_meta=0.4ms;other=0.1ms;hybridep_dispatch=0.0ms,backward|moe|hybridep_dispatch|recompute
1,8262459932,17.753,6,0.0,0.859,laggard_gpu_busy,gemm=11.2ms;moe_permute=2.8ms;activation=1.0ms,backward|recompute
1,8296740687,21.14,6,0.0,1.029,laggard_gpu_busy,gemm=14.1ms;topk_router=3.5ms;moe_permute=3.0ms,backward|recompute
1,8460045130,21.095,6,0.0,1.028,laggard_gpu_busy,gemm=17.1ms;moe_permute=3.1ms;activation=1.2ms,backward|recompute
1,8500003221,25.796,6,0.0,1.033,laggard_gpu_busy,gemm=17.1ms;topk_router=4.5ms;moe_permute=3.5ms,backward|recompute
1,8678491713,17.61,4,0.0,1.061,laggard_gpu_busy,gemm=14.8ms;moe_permute=2.7ms;activation=0.9ms,backward|recompute
1,8711739222,20.371,4,0.0,1.051,laggard_gpu_busy,gemm=14.3ms;topk_router=3.1ms;moe_permute=3.0ms,backward|recompute
1,8876797459,10.405,5,0.0,1.029,laggard_gpu_busy,gemm=6.7ms;moe_permute=2.8ms;activation=0.9ms,backward|recompute
1,8912044888,12.221,5,0.0,1.035,laggard_gpu_busy,gemm=9.7ms;moe_permute=3.0ms;hybridep_meta=0.0ms,backward|recompute
1,9081072469,12.268,0,0.0,1.059,laggard_gpu_busy,gemm=9.1ms;moe_permute=2.7ms;activation=0.9ms,backward|recompute
1,9115358611,14.023,0,0.0,1.044,laggard_gpu_busy,gemm=11.8ms;moe_permute=2.8ms;hybridep_meta=0.0ms,backward|recompute
1,9684936435,18.306,3,0.0,1.053,laggard_gpu_busy,gemm=15.2ms;moe_permute=2.9ms;activation=0.9ms,backward|recompute
1,9718694220,22.644,3,0.0,1.041,laggard_gpu_busy,gemm=15.1ms;topk_router=3.9ms;moe_permute=3.2ms,backward|recompute
1,9882391197,14.876,0,0.0,1.06,laggard_gpu_busy,gemm=11.9ms;moe_permute=2.7ms;activation=0.9ms,backward|recompute
1,9915714131,17.345,0,0.0,1.029,laggard_gpu_busy,gemm=12.5ms;moe_permute=3.1ms;topk_router=1.2ms,backward|recompute
1,10066538169,39.582,0,0.0,0.011,laggard_gpu_idle(host),hybridep_meta=0.4ms;other=0.1ms,backward|moe|hybridep_dispatch|recompute
1,10120103478,13.786,4,0.0,1.065,laggard_gpu_busy,gemm=11.0ms;moe_permute=2.6ms;activation=0.8ms,backward|recompute
1,10151701341,15.94,4,0.0,1.045,laggard_gpu_busy,gemm=12.0ms;moe_permute=2.7ms;activation=1.0ms,backward|recompute
1,10556607621,90.587,0,0.0,0.005,laggard_gpu_idle(host),hybridep_meta=0.3ms;other=0.1ms,backward|moe|hybridep_dispatch|recompute
1,10858007364,22.346,0,0.0,0.02,laggard_gpu_idle(host),hybridep_meta=0.4ms;other=0.1ms,backward|moe|hybridep_dispatch|recompute
1,10899716035,6.526,0,0.0,1.046,laggard_gpu_busy,gemm=4.4ms;moe_permute=2.4ms;hybridep_meta=0.0ms,backward|recompute
1,10929994946,8.616,0,0.0,1.035,laggard_gpu_busy,gemm=6.2ms;moe_permute=2.7ms;hybridep_meta=0.0ms,backward|recompute
1,11454496639,8.595,0,0.0,0.053,laggard_gpu_idle(host),hybridep_meta=0.4ms;other=0.1ms,backward|moe|hybridep_dispatch|recompute
1,11482901198,11.516,4,0.0,1.024,laggard_gpu_busy,gemm=7.7ms;moe_permute=2.9ms;activation=1.0ms,backward|recompute
1,11519166495,13.365,4,0.0,1.027,laggard_gpu_busy,gemm=10.6ms;moe_permute=3.1ms;hybridep_meta=0.0ms,backward|recompute
1,11848064751,17.35,2,0.0,1.027,laggard_gpu_busy,gemm=12.4ms;moe_permute=3.1ms;activation=2.0ms,backward|recompute
1,11887130360,23.877,2,0.0,1.029,laggard_gpu_busy,gemm=14.9ms;topk_router=4.5ms;moe_permute=3.6ms,backward|recompute
1,12284282917,10.006,2,0.0,1.039,laggard_gpu_busy,gemm=6.3ms;moe_permute=2.8ms;activation=1.1ms,backward|recompute
1,12319120682,13.361,2,0.0,1.039,laggard_gpu_busy,gemm=10.7ms;moe_permute=3.2ms;hybridep_meta=0.0ms,backward|recompute
1,12474228612,12.348,3,0.0,1.052,laggard_gpu_busy,gemm=9.0ms;moe_permute=2.9ms;activation=0.9ms,backward|recompute
1,12508540804,14.069,3,0.0,1.042,laggard_gpu_busy,gemm=11.6ms;moe_permute=3.0ms;hybridep_meta=0.0ms,backward|recompute
1,12662231217,12.164,7,0.0,1.106,laggard_gpu_busy,gemm=9.6ms;moe_permute=2.7ms;activation=0.8ms,backward|recompute
1,12694561441,14.158,7,0.0,1.054,laggard_gpu_busy,gemm=11.8ms;moe_permute=2.8ms;activation=0.2ms,backward|recompute
1,12848054943,16.729,6,0.0,1.059,laggard_gpu_busy,gemm=13.6ms;moe_permute=2.9ms;activation=0.9ms,backward|recompute
1,12883220428,22.91,6,0.0,1.031,laggard_gpu_busy,gemm=14.0ms;topk_router=4.4ms;moe_permute=3.8ms,backward|recompute
1,13053698780,20.374,4,0.0,1.031,laggard_gpu_busy,gemm=16.1ms;moe_permute=3.3ms;activation=1.3ms,backward|recompute
1,13097051918,26.092,4,0.0,1.026,laggard_gpu_busy,gemm=18.0ms;moe_permute=3.8ms;topk_router=3.2ms,backward|recompute
1,13275753764,17.809,0,0.0,1.071,laggard_gpu_busy,gemm=15.1ms;moe_permute=2.8ms;activation=0.9ms,backward|recompute
1,13310769967,20.647,0,0.0,1.035,laggard_gpu_busy,gemm=13.9ms;topk_router=3.2ms;moe_permute=3.2ms,backward|recompute
1,13483985910,16.736,6,0.0,1.065,laggard_gpu_busy,gemm=13.1ms;moe_permute=3.3ms;activation=1.1ms,backward|recompute
1,13523089988,19.829,6,0.0,1.039,laggard_gpu_busy,gemm=15.2ms;moe_permute=3.4ms;activation=1.4ms,backward|recompute
1,13691813893,11.896,0,0.0,1.032,laggard_gpu_busy,gemm=8.6ms;moe_permute=2.6ms;activation=0.8ms,backward|recompute
1,13723916248,17.052,0,0.0,1.047,laggard_gpu_busy,gemm=13.1ms;moe_permute=3.3ms;activation=1.3ms,backward|recompute
1,14300241714,59.768,3,0.0,0.008,laggard_gpu_idle(host),hybridep_meta=0.4ms;other=0.1ms,backward|moe|hybridep_dispatch|recompute
1,14379089619,14.471,6,0.0,1.045,laggard_gpu_busy,gemm=10.7ms;moe_permute=3.1ms;activation=1.1ms,backward|recompute
1,14417422075,17.718,6,0.0,1.038,laggard_gpu_busy,gemm=14.9ms;moe_permute=3.4ms;activation=0.1ms,backward|recompute
1,14590085309,8.561,7,0.001,1.034,laggard_gpu_busy,gemm=5.9ms;moe_permute=3.0ms;hybridep_meta=0.0ms,backward|recompute
1,14626439956,12.203,7,0.0,1.049,laggard_gpu_busy,gemm=9.3ms;moe_permute=3.5ms;hybridep_meta=0.0ms,backward|recompute
1,14799148992,5.677,4,0.001,1.034,laggard_gpu_busy,gemm=2.9ms;moe_permute=2.9ms;hybridep_meta=0.0ms,backward|recompute
1,14836873767,11.317,4,0.0,1.06,laggard_gpu_busy,gemm=8.2ms;moe_permute=3.8ms;hybridep_meta=0.0ms,backward|recompute
1,14993187473,10.436,0,0.0,1.036,laggard_gpu_busy,gemm=7.2ms;moe_permute=2.5ms;activation=0.8ms,backward|recompute
1,15024708771,15.036,0,0.0,1.051,laggard_gpu_busy,gemm=12.5ms;moe_permute=3.3ms;hybridep_meta=0.0ms,backward|recompute
1,15166514607,80.14,0,0.0,0.005,laggard_gpu_idle(host),hybridep_meta=0.4ms;other=0.1ms,backward|moe|hybridep_dispatch|recompute
1,15264405376,14.817,7,0.0,1.072,laggard_gpu_busy,gemm=11.6ms;moe_permute=3.0ms;activation=1.0ms,backward|recompute
1,15301601762,17.376,7,0.0,1.039,laggard_gpu_busy,gemm=14.4ms;moe_permute=3.4ms;activation=0.3ms,backward|recompute
1,15471004606,14.239,6,0.0,1.021,laggard_gpu_busy,gemm=10.1ms;moe_permute=3.1ms;activation=1.0ms,backward|recompute
1,15508921287,21.356,6,0.0,1.037,laggard_gpu_busy,gemm=16.0ms;moe_permute=3.7ms;activation=1.7ms,backward|recompute
1,15879421361,5.287,5,0.001,1.046,laggard_gpu_busy,moe_permute=2.9ms;gemm=2.6ms;hybridep_meta=0.0ms,backward|recompute
1,15914402240,6.146,5,0.001,1.068,laggard_gpu_busy,gemm=3.5ms;moe_permute=3.1ms;hybridep_meta=0.0ms,backward|recompute
1,16066008034,15.665,0,0.0,1.058,laggard_gpu_busy,gemm=11.9ms;moe_permute=3.2ms;activation=1.1ms,backward|recompute
1,16105805819,18.928,0,0.0,1.035,laggard_gpu_busy,gemm=15.8ms;moe_permute=3.6ms;activation=0.2ms,backward|recompute
1,16283189756,9.048,2,0.0,1.034,laggard_gpu_busy,gemm=5.9ms;moe_permute=2.6ms;activation=0.6ms,backward|recompute
1,16316098617,12.071,2,0.0,1.045,laggard_gpu_busy,gemm=9.6ms;moe_permute=3.0ms;hybridep_meta=0.0ms,backward|recompute
1,16644196405,6.022,4,0.001,0.067,laggard_gpu_idle(host),hybridep_meta=0.3ms;other=0.1ms,backward|moe|hybridep_dispatch|recompute
1,16661598955,25.88,5,0.0,1.033,laggard_gpu_busy,gemm=22.0ms;moe_permute=3.2ms;activation=1.2ms,backward|recompute
1,16702515534,30.797,5,0.0,1.032,laggard_gpu_busy,gemm=21.9ms;topk_router=4.7ms;moe_permute=3.6ms,backward|recompute
1,16886399602,6.529,6,0.001,1.022,laggard_gpu_busy,gemm=4.1ms;moe_permute=2.6ms;hybridep_meta=0.0ms,backward|recompute
1,16917189792,7.789,6,0.001,1.038,laggard_gpu_busy,gemm=5.3ms;moe_permute=2.7ms;hybridep_meta=0.0ms,backward|recompute
1,17116820375,5.54,5,0.001,1.022,laggard_gpu_busy,gemm=3.3ms;moe_permute=2.4ms;hybridep_meta=0.0ms,backward|recompute
1,17147324323,6.097,5,0.001,1.036,laggard_gpu_busy,gemm=3.8ms;moe_permute=2.5ms;hybridep_meta=0.0ms,backward|recompute
1,17305520686,7.655,6,0.001,1.049,laggard_gpu_busy,gemm=5.0ms;moe_permute=3.0ms;hybridep_meta=0.0ms,backward|recompute
1,17346624086,9.512,6,0.001,1.037,laggard_gpu_busy,gemm=6.4ms;moe_permute=3.4ms;hybridep_meta=0.0ms,backward|recompute
1,17506364655,13.782,0,0.0,1.093,laggard_gpu_busy,gemm=10.9ms;moe_permute=2.9ms;activation=0.9ms,backward|recompute
1,17541912807,16.047,0,0.0,1.045,laggard_gpu_busy,gemm=13.3ms;moe_permute=3.2ms;activation=0.3ms,backward|recompute
1,17706672075,13.114,5,0.0,1.086,laggard_gpu_busy,gemm=10.1ms;moe_permute=2.9ms;activation=1.0ms,backward|recompute
1,17743750097,16.5,5,0.0,1.038,laggard_gpu_busy,gemm=13.8ms;moe_permute=3.3ms;hybridep_meta=0.0ms,backward|recompute
1,17976451081,11.379,2,0.0,1.028,laggard_gpu_busy,gemm=7.1ms;moe_permute=2.8ms;activation=1.5ms,backward|recompute
1,18014482103,17.698,2,0.0,1.041,laggard_gpu_busy,gemm=14.8ms;moe_permute=3.6ms;hybridep_meta=0.0ms,backward|recompute
1,18178885368,17.736,3,0.0,1.017,laggard_gpu_busy,gemm=13.4ms;moe_permute=3.2ms;activation=1.1ms,backward|recompute
1,18218913111,21.56,3,0.0,1.036,laggard_gpu_busy,gemm=16.3ms;moe_permute=4.2ms;activation=1.4ms,backward|recompute
1,18394196504,6.032,3,0.001,1.023,laggard_gpu_busy,gemm=3.2ms;moe_permute=3.0ms;hybridep_meta=0.0ms,backward|recompute
1,18433004781,9.326,3,0.001,1.034,laggard_gpu_busy,gemm=6.1ms;moe_permute=3.6ms;hybridep_meta=0.0ms,backward|recompute
1,18569365176,25.988,3,0.0,0.017,laggard_gpu_idle(host),hybridep_meta=0.4ms;other=0.1ms,backward|moe|hybridep_dispatch|recompute
1,18609819003,14.086,6,0.0,1.085,laggard_gpu_busy,gemm=11.4ms;moe_permute=2.8ms;activation=0.8ms,backward|recompute
1,18642664379,16.262,6,0.0,1.038,laggard_gpu_busy,gemm=11.7ms;moe_permute=3.3ms;activation=1.0ms,backward|recompute
1,18844737927,6.941,7,0.001,1.041,laggard_gpu_busy,gemm=4.1ms;moe_permute=3.1ms;hybridep_meta=0.0ms,backward|recompute
1,19001294891,7.712,5,0.001,1.039,laggard_gpu_busy,gemm=5.5ms;moe_permute=2.5ms;hybridep_meta=0.0ms,backward|recompute
1,19033303109,8.555,5,0.001,1.042,laggard_gpu_busy,gemm=6.1ms;moe_permute=2.8ms;hybridep_meta=0.0ms,backward|recompute
1,19165129743,6.334,6,0.001,0.072,laggard_gpu_idle(host),hybridep_meta=0.4ms;other=0.1ms,backward|moe|hybridep_dispatch|recompute
1,19348440128,21.234,5,0.0,0.02,laggard_gpu_idle(host),hybridep_meta=0.3ms;other=0.1ms,backward|moe|hybridep_dispatch|recompute
1,19577297667,16.808,6,0.0,1.024,laggard_gpu_busy,gemm=12.7ms;moe_permute=3.1ms;activation=1.1ms,backward|recompute
1,19617386916,20.717,6,0.0,1.035,laggard_gpu_busy,gemm=15.9ms;moe_permute=3.7ms;activation=1.5ms,backward|recompute
1,19776523744,22.063,0,0.0,1.045,laggard_gpu_busy,gemm=18.6ms;moe_permute=3.1ms;activation=1.1ms,backward|recompute
1,19815264309,27.516,0,0.0,1.045,laggard_gpu_busy,gemm=19.0ms;topk_router=4.7ms;moe_permute=3.4ms,backward|recompute
1,20009819625,9.515,4,0.0,1.037,laggard_gpu_busy,gemm=6.5ms;moe_permute=3.3ms;hybridep_meta=0.0ms,backward|recompute
1,20053164103,14.371,4,0.0,1.045,laggard_gpu_busy,gemm=11.2ms;moe_permute=3.8ms;hybridep_meta=0.0ms,backward|recompute
1,20198003973,75.243,3,0.0,0.006,laggard_gpu_idle(host),hybridep_meta=0.4ms;other=0.1ms,backward|moe|hybridep_dispatch|recompute
1,20288157504,15.932,0,0.0,0.971,laggard_gpu_busy,gemm=11.4ms;moe_permute=2.9ms;activation=0.9ms,backward|recompute
1,20323319190,20.63,0,0.0,1.036,laggard_gpu_busy,gemm=13.5ms;moe_permute=3.6ms;topk_router=2.9ms,backward|recompute
1,20494547868,15.206,3,0.0,1.046,laggard_gpu_busy,gemm=11.3ms;moe_permute=3.2ms;activation=1.1ms,backward|recompute
1,20534845408,18.571,3,0.0,1.038,laggard_gpu_busy,gemm=15.7ms;moe_permute=3.6ms;hybridep_meta=0.0ms,backward|recompute
1,20702561959,21.184,4,0.0,1.045,laggard_gpu_busy,gemm=17.4ms;moe_permute=3.2ms;activation=1.2ms,backward|recompute
1,20744212214,27.832,4,0.0,1.027,laggard_gpu_busy,gemm=18.0ms;topk_router=5.1ms;moe_permute=3.7ms,backward|recompute
1,20918094420,14.748,4,0.0,1.038,laggard_gpu_busy,gemm=11.0ms;moe_permute=3.0ms;activation=1.0ms,backward|recompute
1,20955103834,18.175,4,0.0,1.042,laggard_gpu_busy,gemm=14.7ms;moe_permute=3.3ms;activation=0.9ms,backward|recompute
1,21111365858,19.745,2,0.0,1.04,laggard_gpu_busy,gemm=15.1ms;moe_permute=3.1ms;activation=2.1ms,backward|recompute
1,21150866691,24.263,2,0.0,1.017,laggard_gpu_busy,gemm=15.5ms;topk_router=4.2ms;moe_permute=3.6ms,backward|recompute
1,21327978294,5.693,3,0.001,1.045,laggard_gpu_busy,gemm=3.4ms;moe_permute=2.5ms;hybridep_meta=0.0ms,backward|recompute
1,21360285048,10.273,3,0.001,1.051,laggard_gpu_busy,gemm=7.5ms;moe_permute=3.3ms;hybridep_meta=0.0ms,backward|recompute
1,21519638059,12.296,6,0.0,1.043,laggard_gpu_busy,gemm=8.8ms;moe_permute=2.8ms;activation=0.9ms,backward|recompute
1,21554644069,16.841,6,0.0,1.044,laggard_gpu_busy,gemm=13.8ms;moe_permute=3.4ms;activation=0.4ms,backward|recompute
1,21855306443,14.866,6,0.0,1.034,laggard_gpu_busy,gemm=12.1ms;moe_permute=3.3ms;hybridep_meta=0.0ms,backward|recompute
1,22008998668,14.778,3,0.0,1.066,laggard_gpu_busy,gemm=11.8ms;moe_permute=2.8ms;activation=0.9ms,backward|recompute
1,22041785681,17.992,3,0.0,1.039,laggard_gpu_busy,gemm=12.6ms;moe_permute=3.0ms;topk_router=1.9ms,backward|recompute
1,22209103660,12.399,2,0.0,1.028,laggard_gpu_busy,gemm=8.3ms;moe_permute=2.6ms;activation=1.5ms,backward|recompute
1,22242117428,15.036,2,0.0,1.052,laggard_gpu_busy,gemm=12.0ms;moe_permute=2.8ms;activation=1.0ms,backward|recompute
1,22399785529,5.834,5,0.001,1.06,laggard_gpu_busy,gemm=3.8ms;moe_permute=2.4ms;hybridep_meta=0.0ms,backward|recompute
1,22429450691,6.877,5,0.001,1.102,laggard_gpu_busy,gemm=5.1ms;moe_permute=2.5ms;hybridep_meta=0.0ms,backward|recompute
1,22584558704,13.795,4,0.0,1.05,laggard_gpu_busy,gemm=10.4ms;moe_permute=2.9ms;activation=1.0ms,backward|recompute
1,22619749484,15.858,4,0.0,1.046,laggard_gpu_busy,gemm=13.6ms;moe_permute=2.9ms;hybridep_meta=0.0ms,backward|recompute
1,22783846314,9.851,6,0.0,1.037,laggard_gpu_busy,gemm=7.3ms;moe_permute=2.9ms;hybridep_meta=0.0ms,backward|recompute
1,22821711773,12.787,6,0.0,1.041,laggard_gpu_busy,gemm=10.0ms;moe_permute=3.3ms;hybridep_meta=0.0ms,backward|recompute
1,23165667274,16.566,7,0.0,1.025,laggard_gpu_busy,gemm=12.6ms;moe_permute=3.1ms;activation=1.1ms,backward|recompute
1,23203881474,20.627,7,0.0,1.033,laggard_gpu_busy,gemm=15.4ms;moe_permute=3.4ms;activation=1.4ms,backward|recompute
1,23547711736,11.002,0,0.0,1.032,laggard_gpu_busy,gemm=7.4ms;moe_permute=2.8ms;activation=0.9ms,backward|recompute
1,23582327632,12.956,0,0.0,1.032,laggard_gpu_busy,gemm=10.5ms;moe_permute=2.9ms;hybridep_meta=0.0ms,backward|recompute
2,1278748056,9.447,0,0.0,1.042,laggard_gpu_busy,gemm=6.7ms;moe_permute=2.8ms;elementwise=0.3ms,forward|moe
2,1490694435,17.585,7,0.0,1.025,laggard_gpu_busy,gemm=13.6ms;moe_permute=3.1ms;activation=1.1ms,forward|attention|dsa_indexer
2,1692852324,13.513,6,0.0,1.049,laggard_gpu_busy,gemm=9.9ms;moe_permute=3.0ms;activation=1.0ms,forward|moe
2,1766162141,12.504,4,0.0,1.033,laggard_gpu_busy,gemm=8.9ms;moe_permute=2.8ms;activation=0.9ms,forward|moe
2,1833576126,6.095,5,0.001,1.068,laggard_gpu_busy,gemm=4.1ms;moe_permute=2.4ms;hybridep_meta=0.0ms,forward|attention|dsa_indexer
2,2100251474,12.572,6,0.0,1.024,laggard_gpu_busy,gemm=8.3ms;moe_permute=3.7ms;activation=0.6ms,forward|moe
2,2171930053,12.011,6,0.0,1.04,laggard_gpu_busy,gemm=8.2ms;moe_permute=3.0ms;activation=1.0ms,forward|attention|dsa_indexer
2,2447644302,15.121,4,0.0,0.963,laggard_gpu_busy,gemm=10.3ms;moe_permute=2.9ms;activation=1.0ms,forward|moe
2,2520050288,22.176,4,0.0,1.04,laggard_gpu_busy,gemm=17.9ms;moe_permute=3.5ms;activation=1.3ms,forward|attention|dsa_indexer
2,2676148486,14.831,3,0.0,1.045,laggard_gpu_busy,gemm=11.0ms;moe_permute=3.1ms;activation=1.1ms,forward|moe
2,2809770905,21.738,4,0.0,1.037,laggard_gpu_busy,gemm=17.1ms;moe_permute=3.9ms;activation=1.2ms,forward|moe
2,2896707100,9.217,0,0.0,1.025,laggard_gpu_busy,gemm=6.4ms;moe_permute=3.1ms;hybridep_combine=0.0ms,forward|attention|dsa_indexer
2,3029619819,18.114,6,0.0,1.02,laggard_gpu_busy,gemm=13.9ms;moe_permute=3.1ms;activation=1.1ms,forward|moe
2,3100489830,8.619,4,0.001,1.034,laggard_gpu_busy,gemm=5.5ms;moe_permute=2.5ms;activation=0.6ms,forward|moe
2,3225907892,7.375,5,0.001,1.033,laggard_gpu_busy,gemm=5.1ms;moe_permute=2.5ms;hybridep_meta=0.0ms,forward|attention|dsa_indexer
2,3358334497,10.79,7,0.0,1.057,laggard_gpu_busy,gemm=7.5ms;moe_permute=2.8ms;activation=0.9ms,forward|moe
2,3418403597,13.76,6,0.0,1.084,laggard_gpu_busy,gemm=11.0ms;moe_permute=2.8ms;activation=0.8ms,forward|moe
2,3489525033,11.438,3,0.0,1.036,laggard_gpu_busy,gemm=7.7ms;moe_permute=2.9ms;activation=1.0ms,forward|moe
2,3556873301,16.089,3,0.0,1.017,laggard_gpu_busy,gemm=11.6ms;moe_permute=3.4ms;activation=1.2ms,forward|attention|dsa_indexer
2,3768349761,14.91,5,0.0,1.072,laggard_gpu_busy,gemm=11.8ms;moe_permute=2.9ms;activation=1.0ms,forward|moe
2,3844725365,6.603,0,0.001,1.043,laggard_gpu_busy,gemm=3.8ms;moe_permute=3.1ms;hybridep_meta=0.0ms,forward|moe
2,3902908376,20.638,6,0.0,1.07,laggard_gpu_busy,gemm=17.6ms;moe_permute=3.1ms;activation=1.1ms,forward|attention|dsa_indexer
2,4049518084,10.109,5,0.0,1.037,laggard_gpu_busy,gemm=7.1ms;moe_permute=2.4ms;activation=0.7ms,forward|moe
2,4176731930,18.136,5,0.0,1.028,laggard_gpu_busy,gemm=13.8ms;moe_permute=3.3ms;activation=1.2ms,forward|moe
2,4450456114,14.895,0,0.0,1.053,laggard_gpu_busy,gemm=11.1ms;moe_permute=3.2ms;activation=1.1ms,forward|moe
2,4518778448,11.151,5,0.0,1.074,laggard_gpu_busy,gemm=8.1ms;moe_permute=2.8ms;activation=0.9ms,forward|moe
2,4585101220,12.422,1,0.0,1.056,laggard_gpu_busy,gemm=9.1ms;moe_permute=2.8ms;activation=0.9ms,forward|attention|dsa_indexer
2,4723276006,12.474,6,0.0,0.957,laggard_gpu_busy,gemm=7.5ms;moe_permute=3.1ms;activation=1.0ms,forward|moe
2,4790420031,13.529,7,0.0,1.045,laggard_gpu_busy,gemm=9.8ms;moe_permute=3.0ms;activation=1.0ms,forward|moe
2,4863865684,5.129,0,0.001,1.019,laggard_gpu_busy,gemm=2.7ms;moe_permute=2.5ms;hybridep_meta=0.0ms,forward|moe
2,4917812655,20.773,4,0.0,1.071,laggard_gpu_busy,gemm=18.0ms;moe_permute=3.0ms;activation=1.0ms,forward|attention|dsa_indexer
2,5093887169,7.802,7,0.001,1.036,laggard_gpu_busy,gemm=4.8ms;moe_permute=3.3ms;hybridep_meta=0.0ms,forward|moe
2,5153945048,18.683,6,0.0,1.048,laggard_gpu_busy,gemm=14.8ms;moe_permute=3.5ms;activation=1.1ms,forward|moe
2,5227957808,14.031,1,0.0,1.062,laggard_gpu_busy,gemm=11.0ms;moe_permute=2.7ms;activation=0.9ms,forward|moe
2,5305558905,20.268,1,0.0,1.05,laggard_gpu_busy,gemm=15.4ms;moe_permute=4.0ms;activation=1.6ms,forward|attention|dsa_indexer
2,5520548993,12.88,6,0.0,1.055,laggard_gpu_busy,gemm=9.1ms;moe_permute=3.2ms;activation=1.1ms,forward|moe
2,5662030610,16.559,4,0.0,0.92,laggard_gpu_busy,gemm=9.9ms;moe_permute=3.7ms;activation=1.3ms,forward|attention|dsa_indexer
2,5804656777,10.443,6,0.0,1.028,laggard_gpu_busy,gemm=6.7ms;moe_permute=3.0ms;activation=0.8ms,forward|moe
2,5874929136,12.793,1,0.0,0.706,laggard_gpu_busy,gemm=7.2ms;moe_permute=1.2ms;activation=0.3ms,forward|moe
2,5938878201,15.533,3,0.0,1.036,laggard_gpu_busy,gemm=12.0ms;moe_permute=2.9ms;activation=0.9ms,forward|moe
2,6163555438,7.836,1,0.001,1.026,laggard_gpu_busy,gemm=5.0ms;moe_permute=3.1ms;hybridep_meta=0.0ms,forward|moe
2,6297465596,5.595,7,0.001,1.035,laggard_gpu_busy,gemm=3.6ms;moe_permute=2.2ms;hybridep_meta=0.0ms,forward|moe
2,6355462794,13.839,4,0.0,1.053,laggard_gpu_busy,gemm=10.4ms;moe_permute=2.9ms;activation=1.0ms,forward|attention|dsa_indexer
2,6496228692,8.177,1,0.001,1.039,laggard_gpu_busy,gemm=5.8ms;moe_permute=2.7ms;hybridep_meta=0.0ms,forward|moe
2,6561833561,5.16,1,0.001,1.013,laggard_gpu_busy,moe_permute=2.7ms;gemm=2.6ms;hybridep_meta=0.0ms,forward|moe
2,6617984174,11.483,0,0.0,0.992,laggard_gpu_busy,gemm=7.9ms;moe_permute=2.4ms;activation=0.8ms,forward|moe
2,6686545410,15.395,1,0.0,1.055,laggard_gpu_busy,gemm=11.6ms;moe_permute=3.2ms;activation=1.2ms,forward|attention|dsa_indexer
2,6832821461,8.677,1,0.001,1.038,laggard_gpu_busy,gemm=6.3ms;moe_permute=2.7ms;hybridep_meta=0.0ms,forward|moe
2,6969726587,8.558,0,0.0,1.042,laggard_gpu_busy,gemm=6.2ms;moe_permute=2.7ms;hybridep_meta=0.0ms,forward|moe
2,7038344110,8.17,3,0.001,1.029,laggard_gpu_busy,gemm=5.6ms;moe_permute=2.8ms;hybridep_meta=0.0ms,forward|attention|dsa_indexer
2,7304141362,11.769,0,0.0,0.94,laggard_gpu_busy,gemm=7.1ms;moe_permute=2.8ms;activation=0.9ms,forward|moe
2,7370056568,11.138,5,0.0,1.032,laggard_gpu_busy,gemm=7.5ms;moe_permute=2.8ms;activation=0.9ms,forward|attention|dsa_indexer
2,7502855337,14.705,4,0.0,1.056,laggard_gpu_busy,gemm=11.6ms;moe_permute=2.7ms;activation=0.9ms,forward|moe
2,7579892262,8.642,6,0.0,1.025,laggard_gpu_busy,gemm=5.7ms;moe_permute=3.2ms;hybridep_meta=0.0ms,forward|moe
2,7637956421,19.151,6,0.0,1.053,laggard_gpu_busy,gemm=15.7ms;moe_permute=3.1ms;activation=1.1ms,forward|moe
2,7720490494,13.775,1,0.0,1.022,laggard_gpu_busy,gemm=9.3ms;moe_permute=3.8ms;activation=0.7ms,forward|lm_head
2,8018226207,13.08,1,0.0,1.019,laggard_gpu_busy,gemm=9.1ms;moe_permute=3.4ms;activation=0.5ms,backward|recompute
2,8064236418,17.617,1,0.0,1.03,laggard_gpu_busy,gemm=14.0ms;moe_permute=4.1ms;hybridep_meta=0.0ms,backward|recompute
2,8214894412,34.901,6,0.0,0.013,laggard_gpu_idle(host),hybridep_meta=0.4ms;other=0.1ms;hybridep_dispatch=0.0ms,backward|moe|hybridep_dispatch|recompute
2,8262156118,18.059,6,0.0,0.845,laggard_gpu_busy,gemm=11.2ms;moe_permute=2.8ms;activation=1.0ms,backward|recompute
2,8296624416,21.256,6,0.0,1.028,laggard_gpu_busy,gemm=14.2ms;topk_router=3.5ms;moe_permute=3.0ms,backward|recompute
2,8472706921,8.433,6,0.0,1.027,laggard_gpu_busy,gemm=5.5ms;moe_permute=3.1ms;hybridep_meta=0.0ms,backward|recompute
2,8515512421,10.288,6,0.0,1.019,laggard_gpu_busy,gemm=7.0ms;moe_permute=3.5ms;hybridep_meta=0.0ms,backward|recompute
2,8681353399,14.748,4,0.0,1.061,laggard_gpu_busy,gemm=11.8ms;moe_permute=2.7ms;activation=0.9ms,backward|recompute
2,8715276325,16.834,4,0.0,1.036,laggard_gpu_busy,gemm=12.8ms;moe_permute=3.0ms;activation=1.1ms,backward|recompute
2,8875744124,11.458,5,0.0,1.044,laggard_gpu_busy,gemm=7.9ms;moe_permute=2.8ms;activation=0.9ms,backward|recompute
2,8911251794,13.013,5,0.0,1.043,laggard_gpu_busy,gemm=10.6ms;moe_permute=3.0ms;hybridep_meta=0.0ms,backward|recompute
2,9081555900,11.785,0,0.0,0.945,laggard_gpu_busy,gemm=7.2ms;moe_permute=2.7ms;activation=0.9ms,backward|recompute
2,9116127309,13.254,0,0.0,1.041,laggard_gpu_busy,gemm=11.0ms;moe_permute=2.8ms;hybridep_meta=0.0ms,backward|recompute
2,9695201255,8.042,3,0.001,1.032,laggard_gpu_busy,gemm=5.4ms;moe_permute=2.9ms;hybridep_meta=0.0ms,backward|recompute
2,9731046559,10.293,3,0.001,0.747,laggard_gpu_busy,gemm=4.5ms;moe_permute=3.2ms;hybridep_meta=0.0ms,backward|recompute
2,9888406822,8.861,0,0.0,1.04,laggard_gpu_busy,gemm=6.4ms;moe_permute=2.7ms;elementwise=0.1ms,backward|recompute
2,9923422681,9.637,0,0.0,1.044,laggard_gpu_busy,gemm=7.0ms;moe_permute=3.1ms;hybridep_meta=0.0ms,backward|recompute
2,10066711704,39.409,0,0.0,0.011,laggard_gpu_idle(host),hybridep_meta=0.4ms;other=0.1ms,backward|moe|hybridep_dispatch|recompute
2,10317982785,8.625,1,0.001,1.033,laggard_gpu_busy,gemm=6.0ms;moe_permute=2.9ms;hybridep_meta=0.0ms,backward|recompute
2,10353100053,10.452,1,0.0,1.029,laggard_gpu_busy,gemm=7.8ms;moe_permute=3.0ms;hybridep_meta=0.0ms,backward|recompute
2,10556990187,90.205,0,0.0,0.005,laggard_gpu_idle(host),hybridep_meta=0.3ms;other=0.1ms,backward|moe|hybridep_dispatch|recompute
2,10668000388,15.107,1,0.0,1.056,laggard_gpu_busy,gemm=11.4ms;moe_permute=3.1ms;activation=1.1ms,backward|recompute
2,10709370200,21.083,1,0.0,1.038,laggard_gpu_busy,gemm=17.1ms;moe_permute=3.9ms;activation=0.9ms,backward|recompute
2,10858031647,22.32,0,0.0,0.02,laggard_gpu_idle(host),hybridep_meta=0.4ms;other=0.1ms,backward|moe|hybridep_dispatch|recompute
2,10894839812,11.402,0,0.0,1.016,laggard_gpu_busy,gemm=8.1ms;moe_permute=2.4ms;activation=0.8ms,backward|recompute
2,10924739011,13.872,0,0.0,1.052,laggard_gpu_busy,gemm=11.3ms;moe_permute=2.7ms;activation=0.6ms,backward|recompute
2,11273785640,8.087,1,0.001,1.039,laggard_gpu_busy,gemm=5.7ms;moe_permute=2.7ms;hybridep_meta=0.0ms,backward|recompute
2,11309284838,12.616,1,0.0,1.032,laggard_gpu_busy,gemm=9.5ms;moe_permute=3.5ms;hybridep_meta=0.0ms,backward|recompute
2,11454406699,8.683,0,0.0,0.052,laggard_gpu_idle(host),hybridep_meta=0.4ms;other=0.1ms,backward|moe|hybridep_dispatch|recompute
2,11480676407,13.741,4,0.0,1.043,laggard_gpu_busy,gemm=10.2ms;moe_permute=2.9ms;activation=1.0ms,backward|recompute
2,11516868120,15.664,4,0.0,1.035,laggard_gpu_busy,gemm=13.1ms;moe_permute=3.1ms;hybridep_meta=0.0ms,backward|recompute
2,11671651698,5.81,7,0.001,1.038,laggard_gpu_busy,gemm=3.8ms;moe_permute=2.2ms;hybridep_meta=0.0ms,backward|recompute
2,11699462342,6.593,7,0.001,1.039,laggard_gpu_busy,gemm=4.5ms;moe_permute=2.4ms;hybridep_meta=0.0ms,backward|recompute
2,12067552369,8.148,1,0.001,1.033,laggard_gpu_busy,gemm=5.4ms;moe_permute=3.0ms;hybridep_meta=0.0ms,backward|recompute
2,12109516529,8.674,1,0.001,0.998,laggard_gpu_busy,gemm=5.0ms;moe_permute=3.6ms;hybridep_meta=0.0ms,backward|recompute
2,12471288314,15.288,3,0.0,1.042,laggard_gpu_busy,gemm=11.9ms;moe_permute=2.9ms;activation=0.9ms,backward|recompute
2,12505175726,17.433,3,0.0,1.04,laggard_gpu_busy,gemm=12.6ms;moe_permute=3.0ms;topk_router=1.4ms,backward|recompute
2,12854503972,10.28,6,0.0,1.027,laggard_gpu_busy,gemm=6.7ms;moe_permute=2.9ms;activation=0.7ms,backward|recompute
2,12890950059,15.18,6,0.0,1.032,laggard_gpu_busy,gemm=11.9ms;moe_permute=3.8ms;hybridep_meta=0.0ms,backward|recompute
2,13058016855,16.056,4,0.0,1.031,laggard_gpu_busy,gemm=11.7ms;moe_permute=3.3ms;activation=1.3ms,backward|recompute
2,13102532457,20.612,4,0.0,1.033,laggard_gpu_busy,gemm=17.5ms;moe_permute=3.8ms;hybridep_meta=0.0ms,backward|recompute
2,13487824503,12.898,6,0.0,1.048,laggard_gpu_busy,gemm=8.8ms;moe_permute=3.3ms;activation=1.1ms,backward|recompute
2,13528183666,14.736,6,0.0,1.047,laggard_gpu_busy,gemm=12.0ms;moe_permute=3.4ms;hybridep_meta=0.0ms,backward|recompute
2,13735217400,5.752,0,0.001,1.009,laggard_gpu_busy,moe_permute=3.3ms;gemm=2.5ms;hybridep_meta=0.0ms,backward|recompute
2,13891018791,19.055,1,0.0,1.051,laggard_gpu_busy,gemm=14.7ms;moe_permute=3.6ms;activation=1.5ms,backward|recompute
2,13941242232,22.583,1,0.0,1.026,laggard_gpu_busy,gemm=19.2ms;moe_permute=4.0ms;hybridep_meta=0.0ms,backward|recompute
2,14115985613,14.374,1,0.0,0.909,laggard_gpu_busy,gemm=9.1ms;moe_permute=2.8ms;activation=0.9ms,backward|recompute
2,14151093644,16.125,1,0.0,1.041,laggard_gpu_busy,gemm=13.0ms;moe_permute=3.0ms;activation=0.9ms,backward|recompute
2,14300227511,59.782,3,0.0,0.008,laggard_gpu_idle(host),hybridep_meta=0.4ms;other=0.1ms,backward|moe|hybridep_dispatch|recompute
2,14375207502,18.352,6,0.0,1.047,laggard_gpu_busy,gemm=14.8ms;moe_permute=3.1ms;activation=1.1ms,backward|recompute
2,14413343518,21.795,6,0.0,1.03,laggard_gpu_busy,gemm=14.9ms;moe_permute=3.4ms;topk_router=2.8ms,backward|recompute
2,14591360485,7.286,7,0.001,1.04,laggard_gpu_busy,gemm=4.6ms;moe_permute=3.0ms;hybridep_meta=0.0ms,backward|recompute
2,14628460207,10.182,7,0.0,1.059,laggard_gpu_busy,gemm=7.2ms;moe_permute=3.5ms;hybridep_meta=0.0ms,backward|recompute
2,14784408039,20.418,4,0.0,1.078,laggard_gpu_busy,gemm=17.8ms;moe_permute=2.9ms;activation=1.0ms,backward|recompute
2,14820128430,28.06,4,0.0,1.059,laggard_gpu_busy,gemm=19.5ms;topk_router=4.8ms;moe_permute=3.8ms,backward|recompute
2,14998536848,5.085,0,0.001,1.02,laggard_gpu_busy,gemm=2.7ms;moe_permute=2.5ms;hybridep_meta=0.0ms,backward|recompute
2,15030939460,8.805,0,0.0,1.027,laggard_gpu_busy,gemm=5.7ms;moe_permute=3.3ms;hybridep_meta=0.0ms,backward|recompute
2,15166529975,80.124,0,0.0,0.005,laggard_gpu_idle(host),hybridep_meta=0.4ms;other=0.1ms,backward|moe|hybridep_dispatch|recompute
2,15265621055,13.602,7,0.0,1.048,laggard_gpu_busy,gemm=10.0ms;moe_permute=3.0ms;activation=1.0ms,backward|recompute
2,15303443762,15.534,7,0.0,1.038,laggard_gpu_busy,gemm=12.8ms;moe_permute=3.4ms;hybridep_meta=0.0ms,backward|recompute
2,15472658976,12.585,6,0.0,1.024,laggard_gpu_busy,gemm=8.4ms;moe_permute=3.1ms;activation=1.0ms,backward|recompute
2,15511381720,18.897,6,0.0,1.042,laggard_gpu_busy,gemm=16.0ms;moe_permute=3.7ms;activation=0.0ms,backward|recompute
2,15677810295,12.294,1,0.0,1.054,laggard_gpu_busy,gemm=8.9ms;moe_permute=2.8ms;activation=0.9ms,backward|recompute
2,15712828218,14.229,1,0.0,1.039,laggard_gpu_busy,gemm=11.6ms;moe_permute=3.1ms;hybridep_meta=0.0ms,backward|recompute
2,15873390264,11.318,5,0.001,1.071,laggard_gpu_busy,gemm=8.0ms;moe_permute=2.9ms;activation=0.9ms,backward|recompute
2,15907673975,12.874,5,0.0,1.052,laggard_gpu_busy,gemm=10.5ms;moe_permute=3.1ms;hybridep_meta=0.0ms,backward|recompute
2,16066326315,15.347,0,0.0,1.055,laggard_gpu_busy,gemm=11.6ms;moe_permute=3.2ms;activation=1.1ms,backward|recompute
2,16107465744,17.267,0,0.0,0.989,laggard_gpu_busy,gemm=13.5ms;moe_permute=3.6ms;hybridep_meta=0.0ms,backward|recompute
2,16512625536,5.447,1,0.001,1.057,laggard_gpu_busy,gemm=2.9ms;moe_permute=2.9ms;hybridep_meta=0.0ms,backward|recompute
2,16644253149,5.966,4,0.001,0.067,laggard_gpu_idle(host),hybridep_meta=0.3ms;other=0.1ms;hybridep_dispatch=0.0ms,backward|moe|hybridep_dispatch|recompute
2,16669394633,18.084,5,0.0,1.036,laggard_gpu_busy,gemm=14.0ms;moe_permute=3.2ms;activation=1.2ms,backward|recompute
2,16711904214,21.408,5,0.0,1.031,laggard_gpu_busy,gemm=17.2ms;moe_permute=3.6ms;activation=1.3ms,backward|recompute
2,17112212939,10.147,5,0.0,1.043,laggard_gpu_busy,gemm=7.2ms;moe_permute=2.4ms;activation=0.7ms,backward|recompute
2,17141941907,11.48,5,0.0,1.057,laggard_gpu_busy,gemm=9.6ms;moe_permute=2.5ms;hybridep_meta=0.0ms,backward|recompute
2,17292399047,20.775,6,0.0,1.067,laggard_gpu_busy,gemm=17.8ms;moe_permute=3.0ms;activation=1.1ms,backward|recompute
2,17330764448,25.373,6,0.0,1.042,laggard_gpu_busy,gemm=17.0ms;topk_router=4.6ms;moe_permute=3.4ms,backward|recompute
2,17513580235,6.566,0,0.0,1.043,laggard_gpu_busy,gemm=3.9ms;moe_permute=2.9ms;hybridep_meta=0.0ms,backward|recompute
2,17551347681,6.612,0,0.001,1.075,laggard_gpu_busy,gemm=3.9ms;moe_permute=3.2ms;hybridep_meta=0.0ms,backward|recompute
2,17704328932,15.456,5,0.0,1.078,laggard_gpu_busy,gemm=12.5ms;moe_permute=2.9ms;activation=1.0ms,backward|recompute
2,17741784024,18.466,5,0.0,1.036,laggard_gpu_busy,gemm=14.1ms;moe_permute=3.3ms;activation=1.3ms,backward|recompute
2,18180859950,15.763,3,0.0,1.019,laggard_gpu_busy,gemm=11.4ms;moe_permute=3.2ms;activation=1.1ms,backward|recompute
2,18221382963,19.09,3,0.0,1.032,laggard_gpu_busy,gemm=15.5ms;moe_permute=4.2ms;hybridep_meta=0.0ms,backward|recompute
2,18388987144,11.241,3,0.0,1.03,laggard_gpu_busy,gemm=7.4ms;moe_permute=3.0ms;activation=1.0ms,backward|recompute
2,18426527197,15.804,3,0.0,1.044,laggard_gpu_busy,gemm=12.9ms;moe_permute=3.6ms;hybridep_meta=0.0ms,backward|recompute
2,18569394438,25.959,3,0.0,0.017,laggard_gpu_idle(host),hybridep_meta=0.4ms;other=0.1ms,backward|moe|hybridep_dispatch|recompute
2,18610133453,13.771,6,0.0,1.087,laggard_gpu_busy,gemm=11.1ms;moe_permute=2.8ms;activation=0.8ms,backward|recompute
2,18643053191,15.874,6,0.0,1.039,laggard_gpu_busy,gemm=11.7ms;moe_permute=3.3ms;activation=1.0ms,backward|recompute
2,18803947350,10.785,7,0.0,1.056,laggard_gpu_busy,gemm=7.5ms;moe_permute=2.7ms;activation=0.9ms,backward|recompute
2,18837997591,13.683,7,0.0,1.044,laggard_gpu_busy,gemm=11.1ms;moe_permute=3.1ms;hybridep_meta=0.0ms,backward|recompute
2,19001199517,7.808,5,0.001,1.04,laggard_gpu_busy,gemm=5.6ms;moe_permute=2.5ms;hybridep_meta=0.0ms,backward|recompute
2,19033162837,8.694,5,0.001,1.044,laggard_gpu_busy,gemm=6.3ms;moe_permute=2.8ms;hybridep_meta=0.0ms,backward|recompute
2,19164987562,6.476,6,0.001,0.07,laggard_gpu_idle(host),hybridep_meta=0.4ms;other=0.1ms,backward|moe|hybridep_dispatch|recompute
2,19348413736,21.259,5,0.0,0.02,laggard_gpu_idle(host),hybridep_meta=0.3ms;other=0.1ms,backward|moe|hybridep_dispatch|recompute
2,19387098182,8.424,4,0.001,1.039,laggard_gpu_busy,gemm=5.5ms;moe_permute=2.4ms;activation=0.5ms,backward|recompute
2,19417646326,9.941,1,0.0,1.042,laggard_gpu_busy,gemm=7.5ms;moe_permute=2.8ms;hybridep_meta=0.0ms,backward|recompute
2,19575954275,18.151,6,0.0,1.024,laggard_gpu_busy,gemm=14.0ms;moe_permute=3.1ms;activation=1.1ms,backward|recompute
2,19615691847,22.411,6,0.0,1.033,laggard_gpu_busy,gemm=15.9ms;moe_permute=3.7ms;topk_router=2.0ms,backward|recompute
2,19789541422,9.045,0,0.0,1.023,laggard_gpu_busy,gemm=6.2ms;moe_permute=3.1ms;hybridep_meta=0.0ms,backward|recompute
2,19831615840,11.166,0,0.0,1.034,laggard_gpu_busy,gemm=8.1ms;moe_permute=3.4ms;hybridep_meta=0.0ms,backward|recompute
2,19997725914,21.608,4,0.0,1.025,laggard_gpu_busy,gemm=17.3ms;moe_permute=3.3ms;activation=1.2ms,backward|recompute
2,20039882189,27.651,4,0.0,1.023,laggard_gpu_busy,gemm=17.1ms;topk_router=5.7ms;moe_permute=3.8ms,backward|recompute
2,20198033945,75.213,3,0.0,0.006,laggard_gpu_idle(host),hybridep_meta=0.4ms;other=0.1ms,backward|moe|hybridep_dispatch|recompute
2,20494753058,15.001,3,0.0,1.046,laggard_gpu_busy,gemm=11.1ms;moe_permute=3.2ms;activation=1.1ms,backward|recompute
2,20535323147,18.094,3,0.0,1.035,laggard_gpu_busy,gemm=15.1ms;moe_permute=3.6ms;hybridep_meta=0.0ms,backward|recompute
2,20702436811,21.31,4,0.0,1.045,laggard_gpu_busy,gemm=17.6ms;moe_permute=3.2ms;activation=1.2ms,backward|recompute
2,20744539837,27.504,4,0.0,1.027,laggard_gpu_busy,gemm=17.7ms;topk_router=5.1ms;moe_permute=3.7ms,backward|recompute
2,20917197469,15.644,4,0.0,1.036,laggard_gpu_busy,gemm=11.9ms;moe_permute=3.0ms;activation=1.0ms,backward|recompute
2,20954593140,18.686,4,0.0,1.04,laggard_gpu_busy,gemm=14.7ms;moe_permute=3.3ms;activation=1.3ms,backward|recompute
2,21520842529,11.091,6,0.0,1.037,laggard_gpu_busy,gemm=7.4ms;moe_permute=2.8ms;activation=0.9ms,backward|recompute
2,21556347887,15.137,6,0.0,1.04,laggard_gpu_busy,gemm=12.3ms;moe_permute=3.4ms;hybridep_meta=0.0ms,backward|recompute
2,21723996093,102.272,0,0.0,0.114,laggard_gpu_idle(host),gemm=9.3ms;moe_permute=1.4ms;elementwise=0.5ms,backward|moe|recompute
2,21856521919,13.65,6,0.0,1.034,laggard_gpu_busy,gemm=10.8ms;moe_permute=3.3ms;hybridep_meta=0.0ms,backward|recompute
2,22053313334,6.464,3,0.001,1.019,laggard_gpu_busy,gemm=3.6ms;moe_permute=3.0ms;hybridep_meta=0.0ms,backward|recompute
2,22399659058,5.959,5,0.001,1.059,laggard_gpu_busy,gemm=3.9ms;moe_permute=2.4ms;hybridep_meta=0.0ms,backward|recompute
2,22429576415,6.751,5,0.001,1.104,laggard_gpu_busy,gemm=4.9ms;moe_permute=2.5ms;hybridep_meta=0.0ms,backward|recompute
2,22585495657,12.858,4,0.0,1.034,laggard_gpu_busy,gemm=9.2ms;moe_permute=2.9ms;activation=1.0ms,backward|recompute
2,22621627771,13.98,4,0.0,1.044,laggard_gpu_busy,gemm=11.6ms;moe_permute=2.9ms;hybridep_meta=0.0ms,backward|recompute
2,22780132564,13.564,6,0.0,1.048,laggard_gpu_busy,gemm=10.0ms;moe_permute=2.9ms;activation=1.0ms,backward|recompute
2,22818002351,16.496,6,0.0,1.037,laggard_gpu_busy,gemm=13.8ms;moe_permute=3.3ms;hybridep_meta=0.0ms,backward|recompute
2,23164738682,17.495,7,0.0,1.023,laggard_gpu_busy,gemm=13.5ms;moe_permute=3.1ms;activation=1.1ms,backward|recompute
2,23203527040,20.98,7,0.0,1.033,laggard_gpu_busy,gemm=15.4ms;moe_permute=3.4ms;activation=1.4ms,backward|recompute
2,23549273474,9.44,0,0.0,1.036,laggard_gpu_busy,gemm=6.7ms;moe_permute=2.8ms;elementwise=0.3ms,backward|recompute
2,23585167991,10.116,0,0.0,1.032,laggard_gpu_busy,gemm=7.5ms;moe_permute=2.9ms;hybridep_meta=0.0ms,backward|recompute
3,1272207834,15.987,0,0.0,1.035,laggard_gpu_busy,gemm=12.6ms;moe_permute=2.8ms;activation=0.9ms,forward|moe
3,1496018250,12.262,7,0.0,1.025,laggard_gpu_busy,gemm=8.1ms;moe_permute=3.1ms;activation=1.1ms,forward|attention|dsa_indexer
3,1695392654,10.974,6,0.0,1.027,laggard_gpu_busy,gemm=7.3ms;moe_permute=3.0ms;activation=0.7ms,forward|moe
3,1767365448,11.303,4,0.0,1.027,laggard_gpu_busy,gemm=7.6ms;moe_permute=2.8ms;activation=0.9ms,forward|moe
3,1832924172,6.749,5,0.001,1.062,laggard_gpu_busy,gemm=4.8ms;moe_permute=2.4ms;hybridep_combine=0.0ms,forward|attention|dsa_indexer
3,1969187936,6.586,2,0.001,1.033,laggard_gpu_busy,gemm=4.0ms;moe_permute=2.8ms;hybridep_meta=0.0ms,forward|moe
3,2087524510,25.299,6,0.0,1.046,laggard_gpu_busy,gemm=21.3ms;moe_permute=3.7ms;activation=1.2ms,forward|moe
3,2169461803,14.479,6,0.0,1.061,laggard_gpu_busy,gemm=11.1ms;moe_permute=3.0ms;activation=1.0ms,forward|attention|dsa_indexer
3,2374332893,16.584,2,0.0,1.009,laggard_gpu_busy,gemm=11.4ms;moe_permute=3.0ms;activation=2.1ms,forward|moe
3,2449996118,12.77,4,0.0,1.031,laggard_gpu_busy,gemm=8.9ms;moe_permute=2.9ms;activation=1.0ms,forward|moe
3,2524344978,17.883,4,0.0,1.043,laggard_gpu_busy,gemm=13.5ms;moe_permute=3.5ms;activation=1.3ms,forward|attention|dsa_indexer
3,2746116987,11.607,0,0.0,1.042,laggard_gpu_busy,gemm=7.9ms;moe_permute=2.9ms;activation=0.9ms,forward|moe
3,2804730896,26.779,4,0.0,1.045,laggard_gpu_busy,gemm=22.6ms;moe_permute=3.9ms;activation=1.2ms,forward|moe
3,2888114169,17.809,0,0.0,1.05,laggard_gpu_busy,gemm=14.3ms;moe_permute=3.1ms;activation=1.1ms,forward|attention|dsa_indexer
3,3032745167,14.99,6,0.0,1.022,laggard_gpu_busy,gemm=10.8ms;moe_permute=3.1ms;activation=1.1ms,forward|moe
3,3100660211,8.449,4,0.001,1.035,laggard_gpu_busy,gemm=5.5ms;moe_permute=2.5ms;activation=0.4ms,forward|moe
3,3360148447,8.977,7,0.0,1.032,laggard_gpu_busy,gemm=6.2ms;moe_permute=2.8ms;elementwise=0.3ms,forward|moe
3,3425278156,6.885,6,0.001,1.032,laggard_gpu_busy,gemm=4.3ms;moe_permute=2.8ms;hybridep_meta=0.0ms,forward|moe
3,3703912252,10.857,2,0.0,1.028,laggard_gpu_busy,gemm=7.0ms;moe_permute=2.9ms;activation=1.0ms,forward|moe
3,3776640426,6.621,5,0.001,1.035,laggard_gpu_busy,gemm=3.9ms;moe_permute=2.9ms;hybridep_meta=0.0ms,forward|moe
3,3836510154,14.82,0,0.0,1.088,laggard_gpu_busy,gemm=11.8ms;moe_permute=3.1ms;activation=0.9ms,forward|moe
3,3905188341,18.358,6,0.0,1.05,laggard_gpu_busy,gemm=14.8ms;moe_permute=3.1ms;activation=1.1ms,forward|attention|dsa_indexer
3,4114357203,6.125,6,0.001,1.026,laggard_gpu_busy,gemm=3.8ms;moe_permute=2.5ms;hybridep_meta=0.0ms,forward|moe
3,4176375301,18.493,5,0.0,1.035,laggard_gpu_busy,gemm=14.3ms;moe_permute=3.3ms;activation=1.2ms,forward|moe
3,4383149589,11.915,2,0.0,1.057,laggard_gpu_busy,gemm=8.2ms;moe_permute=2.6ms;activation=1.6ms,forward|moe
3,4449856572,15.495,0,0.0,1.055,laggard_gpu_busy,gemm=11.8ms;moe_permute=3.2ms;activation=1.1ms,forward|moe
3,4516937061,12.992,5,0.0,1.08,laggard_gpu_busy,gemm=10.1ms;moe_permute=2.8ms;activation=0.9ms,forward|moe
3,4586845128,10.677,1,0.0,1.035,laggard_gpu_busy,gemm=7.1ms;moe_permute=2.8ms;activation=0.9ms,forward|attention|dsa_indexer
3,4719276140,16.476,6,0.0,0.725,laggard_gpu_busy,gemm=7.5ms;moe_permute=3.1ms;activation=1.0ms,forward|moe
3,4796075019,7.875,7,0.001,1.027,laggard_gpu_busy,gemm=5.0ms;moe_permute=3.0ms;hybridep_meta=0.0ms,forward|moe
3,4859729526,9.267,0,0.0,1.032,laggard_gpu_busy,gemm=6.0ms;moe_permute=2.5ms;activation=0.8ms,forward|moe
3,4930333823,8.254,4,0.001,1.042,laggard_gpu_busy,gemm=5.6ms;moe_permute=3.0ms;hybridep_meta=0.0ms,forward|attention|dsa_indexer
3,5088369859,13.32,7,0.0,1.051,laggard_gpu_busy,gemm=9.5ms;moe_permute=3.3ms;activation=0.9ms,forward|moe
3,5163181936,9.447,6,0.0,1.029,laggard_gpu_busy,gemm=6.3ms;moe_permute=3.5ms;hybridep_meta=0.0ms,forward|moe
3,5296699422,29.129,1,0.0,1.038,laggard_gpu_busy,gemm=24.3ms;moe_permute=4.0ms;activation=1.6ms,forward|attention|dsa_indexer
3,5458616996,5.728,0,0.001,1.026,laggard_gpu_busy,gemm=3.2ms;moe_permute=2.7ms;hybridep_meta=0.0ms,forward|moe
3,5514047592,19.381,6,0.0,1.073,laggard_gpu_busy,gemm=16.3ms;moe_permute=3.2ms;activation=1.1ms,forward|moe
3,5585371894,18.218,0,0.0,1.077,laggard_gpu_busy,gemm=15.6ms;moe_permute=2.8ms;activation=1.0ms,forward|moe
3,5653723179,24.867,4,0.0,1.04,laggard_gpu_busy,gemm=20.6ms;moe_permute=3.7ms;activation=1.3ms,forward|attention|dsa_indexer
3,5809238361,5.862,6,0.001,1.034,laggard_gpu_busy,gemm=3.1ms;moe_permute=3.0ms;hybridep_meta=0.0ms,forward|moe
3,5871772571,15.949,1,0.0,0.652,laggard_gpu_busy,gemm=8.1ms;moe_permute=1.2ms;elementwise=0.7ms,forward|moe
3,6152254060,19.139,1,0.0,1.033,laggard_gpu_busy,gemm=15.4ms;moe_permute=3.1ms;activation=1.0ms,forward|moe
3,6231305150,12.312,2,0.0,1.023,laggard_gpu_busy,gemm=7.4ms;moe_permute=3.2ms;activation=1.8ms,forward|moe
3,6352009244,17.293,4,0.0,1.043,laggard_gpu_busy,gemm=13.9ms;moe_permute=2.9ms;activation=1.0ms,forward|attention|dsa_indexer
3,6496403995,8.002,1,0.001,1.04,laggard_gpu_busy,gemm=5.6ms;moe_permute=2.7ms;hybridep_meta=0.0ms,forward|moe
3,6624016013,5.453,0,0.001,1.027,laggard_gpu_busy,gemm=3.2ms;moe_permute=2.4ms;hybridep_meta=0.0ms,forward|moe
3,6683937956,18.002,1,0.0,1.05,laggard_gpu_busy,gemm=14.2ms;moe_permute=3.2ms;activation=1.2ms,forward|attention|dsa_indexer
3,6823505025,17.995,1,0.0,1.028,laggard_gpu_busy,gemm=14.6ms;moe_permute=2.7ms;activation=0.9ms,forward|moe
3,6906072866,8.158,4,0.001,1.051,laggard_gpu_busy,gemm=6.0ms;moe_permute=2.6ms;hybridep_combine=0.0ms,forward|moe
3,6967840073,10.445,0,0.0,1.06,laggard_gpu_busy,gemm=7.2ms;moe_permute=2.7ms;activation=0.9ms,forward|moe
3,7174880673,5.325,1,0.001,1.026,laggard_gpu_busy,gemm=2.9ms;moe_permute=2.6ms;hybridep_meta=0.0ms,forward|moe
3,7310734685,5.176,0,0.001,1.03,laggard_gpu_busy,moe_permute=2.8ms;gemm=2.5ms;hybridep_meta=0.0ms,forward|moe
3,7365221187,15.974,5,0.0,1.045,laggard_gpu_busy,gemm=12.7ms;moe_permute=2.8ms;activation=0.9ms,forward|attention|dsa_indexer
3,7508722788,8.839,4,0.001,1.032,laggard_gpu_busy,gemm=6.3ms;moe_permute=2.7ms;elementwise=0.1ms,forward|moe
3,7576252383,12.283,6,0.0,1.024,laggard_gpu_busy,gemm=8.1ms;moe_permute=3.2ms;activation=1.0ms,forward|moe
3,7709806758,24.459,1,0.0,1.041,laggard_gpu_busy,gemm=20.0ms;moe_permute=3.8ms;activation=1.3ms,forward|lm_head
3,8006847201,24.461,1,0.0,1.041,laggard_gpu_busy,gemm=20.5ms;moe_permute=3.4ms;activation=1.3ms,backward|recompute
3,8050751561,31.103,1,0.0,1.031,laggard_gpu_busy,gemm=20.7ms;topk_router=5.4ms;moe_permute=4.1ms,backward|recompute
3,8214895169,34.9,6,0.0,0.013,laggard_gpu_idle(host),hybridep_meta=0.4ms;other=0.1ms;hybridep_dispatch=0.0ms,backward|moe|hybridep_dispatch|recompute
3,8468772570,12.368,6,0.0,1.023,laggard_gpu_busy,gemm=8.1ms;moe_permute=3.1ms;activation=1.1ms,backward|recompute
3,8510250804,15.551,6,0.0,1.028,laggard_gpu_busy,gemm=12.5ms;moe_permute=3.5ms;hybridep_combine=0.0ms,backward|recompute
3,8687068891,9.033,4,0.0,1.031,laggard_gpu_busy,gemm=6.4ms;moe_permute=2.7ms;elementwise=0.2ms,backward|recompute
3,8721751030,10.361,4,0.0,1.037,laggard_gpu_busy,gemm=7.8ms;moe_permute=3.0ms;hybridep_meta=0.0ms,backward|recompute
3,8871171077,16.032,5,0.0,1.042,laggard_gpu_busy,gemm=12.7ms;moe_permute=2.8ms;activation=0.9ms,backward|recompute
3,8905556285,18.71,5,0.0,1.033,laggard_gpu_busy,gemm=13.0ms;moe_permute=3.0ms;topk_router=2.3ms,backward|recompute
3,9088133337,5.208,0,0.001,0.747,laggard_gpu_busy,moe_permute=2.7ms;gemm=1.2ms;hybridep_meta=0.0ms,backward|recompute
3,9124031775,5.351,0,0.001,1.069,laggard_gpu_busy,gemm=2.9ms;moe_permute=2.8ms;hybridep_combine=0.0ms,backward|recompute
3,9497095711,5.201,1,0.001,1.022,laggard_gpu_busy,gemm=2.8ms;moe_permute=2.6ms;hybridep_meta=0.0ms,backward|recompute
3,9532375967,6.456,1,0.001,1.006,laggard_gpu_busy,gemm=3.6ms;moe_permute=2.9ms;hybridep_meta=0.0ms,backward|recompute
3,9886808086,10.46,0,0.0,1.052,laggard_gpu_busy,gemm=7.1ms;moe_permute=2.7ms;activation=0.9ms,backward|recompute
3,9920753226,12.306,0,0.0,1.034,laggard_gpu_busy,gemm=9.6ms;moe_permute=3.1ms;hybridep_meta=0.0ms,backward|recompute
3,10066573464,39.548,0,0.0,0.011,laggard_gpu_idle(host),hybridep_meta=0.4ms;other=0.1ms,backward|moe|hybridep_dispatch|recompute
3,10125910131,7.98,4,0.001,1.045,laggard_gpu_busy,gemm=5.8ms;moe_permute=2.6ms;hybridep_meta=0.0ms,backward|recompute
3,10158251417,9.39,4,0.0,1.044,laggard_gpu_busy,gemm=7.0ms;moe_permute=2.7ms;hybridep_meta=0.0ms,backward|recompute
3,10308473903,18.134,1,0.0,1.029,laggard_gpu_busy,gemm=14.6ms;moe_permute=2.9ms;activation=0.9ms,backward|recompute
3,10342067264,21.486,1,0.0,1.046,laggard_gpu_busy,gemm=14.8ms;topk_router=3.5ms;moe_permute=3.0ms,backward|recompute
3,10665374619,17.732,1,0.0,1.052,laggard_gpu_busy,gemm=14.1ms;moe_permute=3.1ms;activation=1.1ms,backward|recompute
3,10705913388,24.541,1,0.0,1.032,laggard_gpu_busy,gemm=17.1ms;moe_permute=3.9ms;topk_router=2.5ms,backward|recompute
3,10858019155,22.334,0,0.0,0.02,laggard_gpu_idle(host),hybridep_meta=0.4ms;other=0.1ms,backward|moe|hybridep_dispatch|recompute
3,10900417559,5.824,0,0.0,1.036,laggard_gpu_busy,gemm=3.6ms;moe_permute=2.4ms;hybridep_combine=0.0ms,backward|recompute
3,10930816272,7.797,0,0.0,1.032,laggard_gpu_busy,gemm=5.3ms;moe_permute=2.7ms;hybridep_combine=0.0ms,backward|recompute
3,11274119567,7.753,1,0.001,1.04,laggard_gpu_busy,gemm=5.3ms;moe_permute=2.7ms;hybridep_meta=0.0ms,backward|recompute
3,11309934650,11.967,1,0.0,1.033,laggard_gpu_busy,gemm=8.9ms;moe_permute=3.5ms;hybridep_meta=0.0ms,backward|recompute
3,11454295886,8.796,0,0.0,0.051,laggard_gpu_idle(host),hybridep_meta=0.4ms;other=0.1ms;hybridep_dispatch=0.0ms,backward|moe|hybridep_dispatch|recompute
3,11477193953,17.224,4,0.0,1.034,laggard_gpu_busy,gemm=13.7ms;moe_permute=2.9ms;activation=1.0ms,backward|recompute
3,11512611368,19.922,4,0.0,1.033,laggard_gpu_busy,gemm=13.9ms;moe_permute=3.1ms;topk_router=2.4ms,backward|recompute
3,11853172334,12.243,2,0.0,1.024,laggard_gpu_busy,gemm=7.4ms;moe_permute=3.1ms;activation=1.7ms,backward|recompute
3,11894229321,16.78,2,0.0,1.035,laggard_gpu_busy,gemm=13.7ms;moe_permute=3.6ms;hybridep_combine=0.0ms,backward|recompute
3,12056402338,19.3,1,0.0,1.037,laggard_gpu_busy,gemm=15.7ms;moe_permute=3.0ms;activation=1.0ms,backward|recompute
3,12094014205,24.178,1,0.0,1.029,laggard_gpu_busy,gemm=15.3ms;topk_router=4.5ms;moe_permute=3.6ms,backward|recompute
3,12325599478,6.882,2,0.001,1.034,laggard_gpu_busy,gemm=3.9ms;moe_permute=3.2ms;hybridep_meta=0.0ms,backward|recompute
3,12666705121,7.691,7,0.001,1.03,laggard_gpu_busy,gemm=5.2ms;moe_permute=2.7ms;hybridep_meta=0.0ms,backward|recompute
3,12699888851,8.833,7,0.001,1.045,laggard_gpu_busy,gemm=6.4ms;moe_permute=2.8ms;hybridep_meta=0.0ms,backward|recompute
3,12859112448,5.672,6,0.001,1.032,laggard_gpu_busy,gemm=2.9ms;moe_permute=2.9ms;hybridep_meta=0.0ms,backward|recompute
3,12896006520,10.124,6,0.0,1.04,laggard_gpu_busy,gemm=6.8ms;moe_permute=3.8ms;hybridep_meta=0.0ms,backward|recompute
3,13049737681,24.336,4,0.0,0.919,laggard_gpu_busy,gemm=17.5ms;moe_permute=3.3ms;activation=1.3ms,backward|recompute
3,13092547680,30.596,4,0.0,1.029,laggard_gpu_busy,gemm=20.5ms;topk_router=5.4ms;moe_permute=3.8ms,backward|recompute
3,13275619115,17.944,0,0.0,1.071,laggard_gpu_busy,gemm=15.2ms;moe_permute=2.8ms;activation=0.9ms,backward|recompute
3,13310469903,20.948,0,0.0,1.036,laggard_gpu_busy,gemm=14.1ms;topk_router=3.3ms;moe_permute=3.2ms,backward|recompute
3,13481138823,19.585,6,0.0,1.073,laggard_gpu_busy,gemm=16.3ms;moe_permute=3.3ms;activation=1.1ms,backward|recompute
3,13520065201,22.855,6,0.0,1.034,laggard_gpu_busy,gemm=15.2ms;topk_router=3.5ms;moe_permute=3.4ms,backward|recompute
3,13698525553,5.187,0,0.001,1.02,laggard_gpu_busy,gemm=2.7ms;moe_permute=2.6ms;hybridep_combine=0.0ms,backward|recompute
3,13732008937,8.961,0,0.0,1.034,laggard_gpu_busy,gemm=5.9ms;moe_permute=3.3ms;hybridep_meta=0.0ms,backward|recompute
3,13881739229,28.335,1,0.0,1.041,laggard_gpu_busy,gemm=24.2ms;moe_permute=3.6ms;activation=1.5ms,backward|recompute
3,13929639612,34.187,1,0.0,1.039,laggard_gpu_busy,gemm=23.4ms;topk_router=6.1ms;moe_permute=4.0ms,backward|recompute
3,14384335403,9.225,6,0.0,1.029,laggard_gpu_busy,gemm=6.4ms;moe_permute=3.1ms;hybridep_meta=0.0ms,backward|recompute
3,14423345335,11.795,6,0.0,1.032,laggard_gpu_busy,gemm=8.8ms;moe_permute=3.4ms;hybridep_meta=0.0ms,backward|recompute
3,14585624255,13.023,7,0.0,1.053,laggard_gpu_busy,gemm=9.5ms;moe_permute=3.0ms;activation=0.9ms,backward|recompute
3,14621387469,17.256,7,0.0,1.04,laggard_gpu_busy,gemm=13.6ms;moe_permute=3.5ms;activation=0.8ms,backward|recompute
3,14796962455,7.866,4,0.001,1.045,laggard_gpu_busy,gemm=5.3ms;moe_permute=2.9ms;hybridep_meta=0.0ms,backward|recompute
3,14835497729,12.692,4,0.0,1.057,laggard_gpu_busy,gemm=9.7ms;moe_permute=3.8ms;hybridep_meta=0.0ms,backward|recompute
3,14994225652,9.398,0,0.0,1.035,laggard_gpu_busy,gemm=6.1ms;moe_permute=2.5ms;activation=0.8ms,backward|recompute
3,15025638844,14.106,0,0.0,1.043,laggard_gpu_busy,gemm=11.4ms;moe_permute=3.3ms;hybridep_meta=0.0ms,backward|recompute
3,15166523303,80.131,0,0.0,0.005,laggard_gpu_idle(host),hybridep_meta=0.4ms;other=0.1ms,backward|moe|hybridep_dispatch|recompute
3,15271543778,7.679,7,0.001,1.037,laggard_gpu_busy,gemm=4.9ms;moe_permute=3.0ms;hybridep_meta=0.0ms,backward|recompute
3,15310285902,8.693,7,0.001,1.061,laggard_gpu_busy,gemm=5.9ms;moe_permute=3.4ms;hybridep_meta=0.0ms,backward|recompute
3,15468643838,16.601,6,0.0,1.018,laggard_gpu_busy,gemm=12.5ms;moe_permute=3.1ms;activation=1.0ms,backward|recompute
3,15506409569,23.868,6,0.0,1.033,laggard_gpu_busy,gemm=16.0ms;moe_permute=3.7ms;topk_router=3.3ms,backward|recompute
3,15679619517,10.487,1,0.0,1.028,laggard_gpu_busy,gemm=6.7ms;moe_permute=2.8ms;activation=0.9ms,backward|recompute
3,15714613254,12.445,1,0.0,1.035,laggard_gpu_busy,gemm=9.7ms;moe_permute=3.1ms;hybridep_meta=0.0ms,backward|recompute
3,15871481064,13.228,5,0.0,1.082,laggard_gpu_busy,gemm=10.2ms;moe_permute=2.9ms;activation=0.9ms,backward|recompute
3,15905300293,15.249,5,0.0,1.051,laggard_gpu_busy,gemm=12.5ms;moe_permute=3.1ms;activation=0.4ms,backward|recompute
3,16066135021,15.538,0,0.0,1.055,laggard_gpu_busy,gemm=11.8ms;moe_permute=3.2ms;activation=1.1ms,backward|recompute
3,16106259046,18.475,0,0.0,1.03,laggard_gpu_busy,gemm=15.4ms;moe_permute=3.6ms;hybridep_meta=0.0ms,backward|recompute
3,16280210664,12.027,2,0.0,1.053,laggard_gpu_busy,gemm=8.3ms;moe_permute=2.6ms;activation=1.6ms,backward|recompute
3,16312734938,15.435,2,0.0,1.044,laggard_gpu_busy,gemm=11.8ms;moe_permute=3.0ms;activation=1.1ms,backward|recompute
3,16644243941,5.975,4,0.001,0.067,laggard_gpu_idle(host),hybridep_meta=0.3ms;other=0.1ms,backward|moe|hybridep_dispatch|recompute
3,16668801836,18.678,5,0.0,1.036,laggard_gpu_busy,gemm=14.6ms;moe_permute=3.2ms;activation=1.2ms,backward|recompute
3,16710665077,22.65,5,0.0,1.029,laggard_gpu_busy,gemm=17.2ms;moe_permute=3.6ms;activation=1.6ms,backward|recompute
3,16886487852,6.442,6,0.001,1.022,laggard_gpu_busy,gemm=4.0ms;moe_permute=2.6ms;hybridep_meta=0.0ms,backward|recompute
3,16917466899,7.513,6,0.001,1.039,laggard_gpu_busy,gemm=5.1ms;moe_permute=2.7ms;hybridep_meta=0.0ms,backward|recompute
3,17295057218,18.118,6,0.0,1.048,laggard_gpu_busy,gemm=14.6ms;moe_permute=3.0ms;activation=1.1ms,backward|recompute
3,17333675954,22.462,6,0.0,1.031,laggard_gpu_busy,gemm=15.3ms;moe_permute=3.4ms;topk_router=3.0ms,backward|recompute
3,17505209588,14.937,0,0.0,1.089,laggard_gpu_busy,gemm=12.1ms;moe_permute=2.9ms;activation=0.9ms,backward|recompute
3,17540719495,17.242,0,0.0,1.042,laggard_gpu_busy,gemm=13.3ms;moe_permute=3.2ms;activation=1.1ms,backward|recompute
3,17713135794,6.652,5,0.001,1.033,laggard_gpu_busy,gemm=4.0ms;moe_permute=2.9ms;hybridep_meta=0.0ms,backward|recompute
3,17752866764,7.384,5,0.001,1.06,laggard_gpu_busy,gemm=4.5ms;moe_permute=3.3ms;hybridep_meta=0.0ms,backward|recompute
3,17977125861,10.703,2,0.0,1.029,laggard_gpu_busy,gemm=7.1ms;moe_permute=2.8ms;activation=0.8ms,backward|recompute
3,18014542890,17.637,2,0.0,1.042,laggard_gpu_busy,gemm=14.7ms;moe_permute=3.6ms;hybridep_meta=0.0ms,backward|recompute
3,18617009047,6.896,6,0.001,1.029,laggard_gpu_busy,gemm=4.3ms;moe_permute=2.8ms;hybridep_meta=0.0ms,backward|recompute
3,18650891162,8.036,6,0.001,1.054,laggard_gpu_busy,gemm=5.1ms;moe_permute=3.3ms;hybridep_meta=0.0ms,backward|recompute
3,18805528924,9.203,7,0.0,1.033,laggard_gpu_busy,gemm=6.3ms;moe_permute=2.7ms;elementwise=0.3ms,backward|recompute
3,18839499712,12.181,7,0.0,1.027,laggard_gpu_busy,gemm=9.4ms;moe_permute=3.1ms;hybridep_meta=0.0ms,backward|recompute
3,19348516735,21.158,5,0.0,0.02,laggard_gpu_idle(host),hybridep_meta=0.3ms;other=0.1ms,backward|moe|hybridep_dispatch|recompute
3,19387088656,8.434,4,0.001,1.039,laggard_gpu_busy,gemm=5.5ms;moe_permute=2.4ms;activation=0.5ms,backward|recompute
3,19417284944,10.302,1,0.0,1.043,laggard_gpu_busy,gemm=7.9ms;moe_permute=2.8ms;hybridep_meta=0.0ms,backward|recompute
3,19579250588,14.856,6,0.0,1.027,laggard_gpu_busy,gemm=10.7ms;moe_permute=3.1ms;activation=1.1ms,backward|recompute
3,19619152857,18.951,6,0.0,1.039,laggard_gpu_busy,gemm=15.9ms;moe_permute=3.7ms;activation=0.1ms,backward|recompute
3,19780968196,17.62,0,0.0,1.051,laggard_gpu_busy,gemm=14.1ms;moe_permute=3.1ms;activation=1.1ms,backward|recompute
3,19820315452,22.467,0,0.0,1.032,laggard_gpu_busy,gemm=15.8ms;moe_permute=3.4ms;topk_router=2.4ms,backward|recompute
3,19992899310,26.435,4,0.0,1.047,laggard_gpu_busy,gemm=22.8ms;moe_permute=3.3ms;activation=1.2ms,backward|recompute
3,20034110263,33.424,4,0.0,1.043,laggard_gpu_busy,gemm=23.7ms;topk_router=5.7ms;moe_permute=3.8ms,backward|recompute
3,20292333083,11.758,0,0.0,1.043,laggard_gpu_busy,gemm=8.2ms;moe_permute=2.9ms;activation=0.9ms,backward|recompute
3,20328014384,15.935,0,0.0,1.047,laggard_gpu_busy,gemm=13.1ms;moe_permute=3.6ms;hybridep_meta=0.0ms,backward|recompute
3,20706787445,16.96,4,0.0,1.045,laggard_gpu_busy,gemm=13.0ms;moe_permute=3.2ms;activation=1.2ms,backward|recompute
3,20748958472,23.086,4,0.0,1.03,laggard_gpu_busy,gemm=17.0ms;moe_permute=3.7ms;activation=1.7ms,backward|recompute
3,20920066123,12.777,4,0.0,1.029,laggard_gpu_busy,gemm=8.9ms;moe_permute=3.0ms;activation=1.0ms,backward|recompute
3,20957440720,15.839,4,0.0,1.038,laggard_gpu_busy,gemm=13.2ms;moe_permute=3.3ms;hybridep_meta=0.0ms,backward|recompute
3,21114515405,16.596,2,0.0,1.034,laggard_gpu_busy,gemm=11.7ms;moe_permute=3.1ms;activation=2.1ms,backward|recompute
3,21154424428,20.707,2,0.0,1.02,laggard_gpu_busy,gemm=15.5ms;moe_permute=3.6ms;activation=1.3ms,backward|recompute
3,21518478347,13.456,6,0.0,1.065,laggard_gpu_busy,gemm=10.3ms;moe_permute=2.8ms;activation=0.9ms,backward|recompute
3,21553335324,18.15,6,0.0,1.041,laggard_gpu_busy,gemm=13.8ms;moe_permute=3.4ms;activation=1.4ms,backward|recompute
3,21711177586,115.09,0,0.0,0.101,laggard_gpu_idle(host),gemm=9.3ms;moe_permute=1.4ms;elementwise=0.5ms,backward|moe|recompute
3,21841165050,29.008,6,0.0,1.045,laggard_gpu_busy,gemm=21.4ms;topk_router=4.1ms;moe_permute=3.3ms,backward|recompute
3,22214950199,6.553,2,0.001,1.031,laggard_gpu_busy,gemm=4.2ms;moe_permute=2.6ms;hybridep_meta=0.0ms,backward|recompute
3,22249023425,8.13,2,0.001,1.006,laggard_gpu_busy,gemm=5.4ms;moe_permute=2.8ms;hybridep_meta=0.0ms,backward|recompute
3,22399047755,6.571,5,0.001,1.053,laggard_gpu_busy,gemm=4.5ms;moe_permute=2.4ms;hybridep_meta=0.0ms,backward|recompute
3,22428582504,7.745,5,0.001,1.09,laggard_gpu_busy,gemm=5.9ms;moe_permute=2.5ms;hybridep_meta=0.0ms,backward|recompute
3,22586543903,11.81,4,0.0,1.03,laggard_gpu_busy,gemm=8.0ms;moe_permute=2.9ms;activation=1.0ms,backward|recompute
3,22622111127,13.497,4,0.0,1.046,laggard_gpu_busy,gemm=11.2ms;moe_permute=2.9ms;hybridep_meta=0.0ms,backward|recompute
3,22782749352,10.95,6,0.0,1.028,laggard_gpu_busy,gemm=7.3ms;moe_permute=2.9ms;activation=0.7ms,backward|recompute
3,22820613398,13.886,6,0.0,1.038,laggard_gpu_busy,gemm=11.1ms;moe_permute=3.3ms;hybridep_meta=0.0ms,backward|recompute
3,22982012750,5.057,1,0.001,1.062,laggard_gpu_busy,gemm=3.1ms;moe_permute=2.3ms;hybridep_meta=0.0ms,backward|recompute
3,23010292511,6.686,6,0.001,1.037,laggard_gpu_busy,gemm=4.3ms;moe_permute=2.7ms;hybridep_meta=0.0ms,backward|recompute
3,23170183793,12.051,7,0.0,1.024,laggard_gpu_busy,gemm=7.9ms;moe_permute=3.1ms;activation=1.1ms,backward|recompute
3,23209663218,14.845,7,0.0,1.022,laggard_gpu_busy,gemm=11.7ms;moe_permute=3.4ms;hybridep_meta=0.0ms,backward|recompute
3,23542724768,15.988,0,0.0,1.034,laggard_gpu_busy,gemm=12.5ms;moe_permute=2.8ms;activation=0.9ms,backward|recompute
3,23576870060,18.414,0,0.0,1.037,laggard_gpu_busy,gemm=13.1ms;moe_permute=2.9ms;topk_router=1.9ms,backward|recompute
4,1276836758,11.358,0,0.0,1.046,laggard_gpu_busy,gemm=7.9ms;moe_permute=2.8ms;activation=0.9ms,forward|moe
4,1491023330,17.256,7,0.0,1.026,laggard_gpu_busy,gemm=13.2ms;moe_permute=3.1ms;activation=1.1ms,forward|attention|dsa_indexer
4,1631484780,6.056,1,0.001,1.053,laggard_gpu_busy,gemm=4.1ms;moe_permute=2.2ms;hybridep_meta=0.0ms,forward|moe
4,1690594267,15.771,6,0.0,1.042,laggard_gpu_busy,gemm=12.1ms;moe_permute=3.0ms;activation=1.0ms,forward|moe
4,1961776196,13.997,2,0.0,1.03,laggard_gpu_busy,gemm=9.8ms;moe_permute=2.8ms;activation=1.5ms,forward|moe
4,2088690725,24.132,6,0.0,1.048,laggard_gpu_busy,gemm=20.1ms;moe_permute=3.7ms;activation=1.2ms,forward|moe
4,2175202250,8.738,6,0.001,1.035,laggard_gpu_busy,gemm=6.0ms;moe_permute=3.0ms;hybridep_meta=0.0ms,forward|attention|dsa_indexer
4,2313859111,5.816,3,0.001,1.042,laggard_gpu_busy,gemm=3.4ms;moe_permute=2.6ms;hybridep_meta=0.0ms,forward|moe
4,2377752795,13.163,2,0.0,0.989,laggard_gpu_busy,gemm=7.7ms;moe_permute=3.0ms;activation=2.1ms,forward|moe
4,2683564612,7.413,3,0.001,1.026,laggard_gpu_busy,gemm=4.5ms;moe_permute=3.1ms;hybridep_meta=0.0ms,forward|moe
4,2743933349,13.79,0,0.0,1.038,laggard_gpu_busy,gemm=10.2ms;moe_permute=2.9ms;activation=0.9ms,forward|moe
4,2890696277,15.228,0,0.0,1.044,laggard_gpu_busy,gemm=11.5ms;moe_permute=3.1ms;activation=1.1ms,forward|attention|dsa_indexer
4,3031077491,16.656,6,0.0,1.022,laggard_gpu_busy,gemm=12.5ms;moe_permute=3.1ms;activation=1.1ms,forward|moe
4,3162461833,7.091,1,0.001,1.054,laggard_gpu_busy,gemm=5.2ms;moe_permute=2.3ms;hybridep_meta=0.0ms,forward|moe
4,3220726873,12.555,5,0.0,1.075,laggard_gpu_busy,gemm=9.9ms;moe_permute=2.5ms;activation=0.8ms,forward|attention|dsa_indexer
4,3355521098,13.603,7,0.0,1.06,laggard_gpu_busy,gemm=10.5ms;moe_permute=2.8ms;activation=0.9ms,forward|moe
4,3425603992,6.559,6,0.001,1.034,laggard_gpu_busy,gemm=4.0ms;moe_permute=2.8ms;hybridep_meta=0.0ms,forward|moe
4,3483020065,17.942,3,0.0,1.043,laggard_gpu_busy,gemm=14.5ms;moe_permute=2.9ms;activation=1.0ms,forward|moe
4,3551721764,21.241,3,0.0,1.037,laggard_gpu_busy,gemm=17.2ms;moe_permute=3.4ms;activation=1.2ms,forward|attention|dsa_indexer
4,3698624278,16.145,2,0.0,1.045,laggard_gpu_busy,gemm=11.8ms;moe_permute=2.9ms;activation=1.9ms,forward|moe
4,3768392993,14.867,5,0.0,1.073,laggard_gpu_busy,gemm=11.8ms;moe_permute=2.9ms;activation=1.0ms,forward|moe
4,3839212405,12.116,0,0.0,1.081,laggard_gpu_busy,gemm=8.8ms;moe_permute=3.1ms;activation=0.9ms,forward|moe
4,3910062505,13.483,6,0.0,1.059,laggard_gpu_busy,gemm=9.8ms;moe_permute=3.1ms;activation=1.1ms,forward|attention|dsa_indexer
4,4051552496,8.075,5,0.001,1.037,laggard_gpu_busy,gemm=5.5ms;moe_permute=2.4ms;elementwise=0.3ms,forward|moe
4,4171382954,23.485,5,0.0,1.029,laggard_gpu_busy,gemm=19.4ms;moe_permute=3.3ms;activation=1.2ms,forward|moe
4,4248035340,13.256,1,0.0,1.072,laggard_gpu_busy,gemm=10.5ms;moe_permute=2.6ms;activation=0.8ms,forward|attention|dsa_indexer
4,4453080739,12.27,0,0.0,1.024,laggard_gpu_busy,gemm=8.0ms;moe_permute=3.2ms;activation=1.1ms,forward|moe
4,4591234539,6.287,1,0.001,1.032,laggard_gpu_busy,gemm=3.7ms;moe_permute=2.8ms;hybridep_meta=0.0ms,forward|attention|dsa_indexer
4,4719823333,15.928,6,0.0,0.749,laggard_gpu_busy,gemm=7.5ms;moe_permute=3.1ms;activation=1.0ms,forward|moe
4,4791766513,12.183,7,0.0,1.025,laggard_gpu_busy,gemm=8.2ms;moe_permute=3.0ms;activation=1.0ms,forward|moe
4,5090868860,10.82,7,0.0,1.028,laggard_gpu_busy,gemm=6.8ms;moe_permute=3.3ms;activation=0.8ms,forward|moe
4,5155973072,16.655,6,0.0,1.054,laggard_gpu_busy,gemm=12.8ms;moe_permute=3.5ms;activation=1.1ms,forward|moe
4,5225901579,16.087,1,0.0,1.054,laggard_gpu_busy,gemm=13.0ms;moe_permute=2.7ms;activation=0.9ms,forward|moe
4,5295539268,30.287,1,0.0,1.037,laggard_gpu_busy,gemm=25.5ms;moe_permute=4.0ms;activation=1.6ms,forward|attention|dsa_indexer
4,5457019563,7.324,0,0.001,1.035,laggard_gpu_busy,gemm=4.9ms;moe_permute=2.7ms;hybridep_meta=0.0ms,forward|moe
4,5595969305,7.62,0,0.0,1.038,laggard_gpu_busy,gemm=5.1ms;moe_permute=2.8ms;hybridep_combine=0.0ms,forward|moe
4,5802594449,12.505,6,0.0,1.068,laggard_gpu_busy,gemm=9.2ms;moe_permute=3.0ms;activation=0.9ms,forward|moe
4,5874606781,13.116,1,0.0,0.695,laggard_gpu_busy,gemm=7.3ms;moe_permute=1.2ms;activation=0.3ms,forward|moe
4,5944590041,9.822,3,0.001,1.03,laggard_gpu_busy,gemm=6.4ms;moe_permute=2.9ms;activation=0.6ms,forward|moe
4,6014100593,10.981,2,0.0,1.032,laggard_gpu_busy,gemm=6.6ms;moe_permute=2.8ms;activation=1.6ms,forward|attention|dsa_indexer
4,6154819790,16.572,1,0.0,1.018,laggard_gpu_busy,gemm=12.5ms;moe_permute=3.1ms;activation=1.0ms,forward|moe
4,6230373911,13.243,2,0.0,1.036,laggard_gpu_busy,gemm=8.3ms;moe_permute=3.2ms;activation=2.0ms,forward|moe
4,6295857198,7.203,7,0.001,1.042,laggard_gpu_busy,gemm=5.0ms;moe_permute=2.2ms;elementwise=0.3ms,forward|moe
4,6489927570,14.478,1,0.0,1.054,laggard_gpu_busy,gemm=11.3ms;moe_permute=2.7ms;activation=0.9ms,forward|moe
4,6557390344,9.603,1,0.001,1.027,laggard_gpu_busy,gemm=6.1ms;moe_permute=2.7ms;activation=0.8ms,forward|moe
4,6621749252,7.719,0,0.0,1.048,laggard_gpu_busy,gemm=5.7ms;moe_permute=2.4ms;hybridep_meta=0.0ms,forward|moe
4,6680697362,21.243,1,0.0,1.052,laggard_gpu_busy,gemm=17.7ms;moe_permute=3.2ms;activation=1.2ms,forward|attention|dsa_indexer
4,6825015725,16.483,1,0.0,1.04,laggard_gpu_busy,gemm=13.3ms;moe_permute=2.7ms;activation=0.9ms,forward|moe
4,6965310982,12.974,0,0.0,1.079,laggard_gpu_busy,gemm=10.1ms;moe_permute=2.7ms;activation=0.9ms,forward|moe
4,7038973328,7.541,3,0.001,1.031,laggard_gpu_busy,gemm=4.9ms;moe_permute=2.8ms;hybridep_meta=0.0ms,forward|attention|dsa_indexer
4,7167837640,12.367,1,0.0,1.029,laggard_gpu_busy,gemm=9.0ms;moe_permute=2.6ms;activation=0.9ms,forward|moe
4,7230828377,16.787,1,0.0,0.853,laggard_gpu_busy,gemm=9.8ms;moe_permute=3.2ms;activation=0.9ms,forward|moe
4,7305945583,9.965,0,0.0,1.03,laggard_gpu_busy,gemm=6.6ms;moe_permute=2.8ms;activation=0.6ms,forward|moe
4,7375673208,5.521,5,0.001,1.003,laggard_gpu_busy,moe_permute=2.8ms;gemm=2.7ms;hybridep_meta=0.0ms,forward|attention|dsa_indexer
4,7570152247,18.383,6,0.0,0.743,laggard_gpu_busy,gemm=9.0ms;moe_permute=3.2ms;activation=1.2ms,forward|moe
4,7635919199,21.188,6,0.0,1.048,laggard_gpu_busy,gemm=17.7ms;moe_permute=3.1ms;activation=1.1ms,forward|moe
4,7712074654,22.19,1,0.0,1.045,laggard_gpu_busy,gemm=17.8ms;moe_permute=3.8ms;activation=1.3ms,forward|lm_head
4,8009625022,21.682,1,0.0,1.044,laggard_gpu_busy,gemm=17.7ms;moe_permute=3.4ms;activation=1.3ms,backward|recompute
4,8053887729,27.966,1,0.0,1.022,laggard_gpu_busy,gemm=18.7ms;moe_permute=4.1ms;topk_router=3.9ms,backward|recompute
4,8214827383,34.967,6,0.0,0.013,laggard_gpu_idle(host),hybridep_meta=0.4ms;other=0.1ms;hybridep_dispatch=0.0ms,backward|moe|hybridep_dispatch|recompute
4,8259944529,20.269,6,0.0,0.945,laggard_gpu_busy,gemm=15.1ms;moe_permute=2.8ms;activation=1.0ms,backward|recompute
4,8293982607,23.898,6,0.0,1.043,laggard_gpu_busy,gemm=17.3ms;topk_router=3.5ms;moe_permute=3.0ms,backward|recompute
4,8462816343,18.324,6,0.0,1.023,laggard_gpu_busy,gemm=14.1ms;moe_permute=3.1ms;activation=1.2ms,backward|recompute
4,8503201902,22.598,6,0.0,1.028,laggard_gpu_busy,gemm=16.4ms;moe_permute=3.5ms;topk_router=1.8ms,backward|recompute
4,8881542389,5.66,5,0.001,1.01,laggard_gpu_busy,gemm=2.9ms;moe_permute=2.8ms;hybridep_meta=0.0ms,backward|recompute
4,8919234231,5.031,5,0.001,1.0,laggard_gpu_busy,moe_permute=3.0ms;gemm=2.1ms;hybridep_meta=0.0ms,backward|recompute
4,9083382037,9.958,0,0.0,1.031,laggard_gpu_busy,gemm=6.5ms;moe_permute=2.7ms;activation=0.7ms,backward|recompute
4,9118023933,11.357,0,0.0,1.04,laggard_gpu_busy,gemm=9.0ms;moe_permute=2.8ms;hybridep_meta=0.0ms,backward|recompute
4,9272941100,17.587,1,0.0,1.056,laggard_gpu_busy,gemm=14.6ms;moe_permute=2.8ms;activation=0.9ms,backward|recompute
4,9306856558,20.502,1,0.0,1.035,laggard_gpu_busy,gemm=13.8ms;topk_router=3.2ms;moe_permute=3.1ms,backward|recompute
4,9489037670,13.259,1,0.0,1.026,laggard_gpu_busy,gemm=9.9ms;moe_permute=2.6ms;activation=0.9ms,backward|recompute
4,9522565765,16.265,1,0.0,1.045,laggard_gpu_busy,gemm=12.8ms;moe_permute=2.9ms;activation=1.2ms,backward|recompute
4,9695895920,7.346,3,0.001,1.035,laggard_gpu_busy,gemm=4.7ms;moe_permute=2.9ms;hybridep_meta=0.0ms,backward|recompute
4,9731454369,9.884,3,0.001,0.778,laggard_gpu_busy,gemm=4.5ms;moe_permute=3.2ms;hybridep_meta=0.0ms,backward|recompute
4,9884206749,13.061,0,0.0,1.068,laggard_gpu_busy,gemm=10.0ms;moe_permute=2.7ms;activation=0.9ms,backward|recompute
4,9917702363,15.357,0,0.0,1.033,laggard_gpu_busy,gemm=12.5ms;moe_permute=3.1ms;activation=0.3ms,backward|recompute
4,10066578198,39.542,0,0.0,0.011,laggard_gpu_idle(host),hybridep_meta=0.4ms;other=0.1ms,backward|moe|hybridep_dispatch|recompute
4,10309896697,16.71,1,0.0,1.038,laggard_gpu_busy,gemm=13.2ms;moe_permute=2.9ms;activation=0.9ms,backward|recompute
4,10343580153,19.972,1,0.0,1.036,laggard_gpu_busy,gemm=13.0ms;topk_router=3.5ms;moe_permute=3.0ms,backward|recompute
4,10556569177,90.625,0,0.0,0.005,laggard_gpu_idle(host),hybridep_meta=0.3ms;other=0.1ms,backward|moe|hybridep_dispatch|recompute
4,10661954719,21.152,1,0.0,1.056,laggard_gpu_busy,gemm=17.8ms;moe_permute=3.1ms;activation=1.1ms,backward|recompute
4,10701998870,28.455,1,0.0,1.043,laggard_gpu_busy,gemm=18.5ms;topk_router=5.5ms;moe_permute=3.9ms,backward|recompute
4,10858023149,22.329,0,0.0,0.02,laggard_gpu_idle(host),hybridep_meta=0.4ms;other=0.1ms,backward|moe|hybridep_dispatch|recompute
4,10898495624,7.746,0,0.0,1.047,laggard_gpu_busy,gemm=5.7ms;moe_permute=2.4ms;elementwise=0.0ms,backward|recompute
4,10928814475,9.796,0,0.0,1.043,laggard_gpu_busy,gemm=7.5ms;moe_permute=2.7ms;hybridep_meta=0.0ms,backward|recompute
4,11077369792,9.067,1,0.001,1.03,laggard_gpu_busy,gemm=5.8ms;moe_permute=2.5ms;activation=0.8ms,backward|recompute
4,11107433736,10.557,1,0.0,1.038,laggard_gpu_busy,gemm=8.4ms;moe_permute=2.6ms;hybridep_meta=0.0ms,backward|recompute
4,11267539239,14.334,1,0.0,1.055,laggard_gpu_busy,gemm=11.2ms;moe_permute=2.7ms;activation=0.9ms,backward|recompute
4,11301788533,20.112,1,0.0,1.038,laggard_gpu_busy,gemm=13.9ms;moe_permute=3.5ms;topk_router=2.0ms,backward|recompute
4,11454385938,8.704,0,0.0,0.052,laggard_gpu_idle(host),hybridep_meta=0.4ms;other=0.1ms,backward|moe|hybridep_dispatch|recompute
4,11670485022,6.976,7,0.001,1.049,laggard_gpu_busy,gemm=4.9ms;moe_permute=2.2ms;elementwise=0.2ms,backward|recompute
4,11697753358,8.303,7,0.001,1.031,laggard_gpu_busy,gemm=6.2ms;moe_permute=2.4ms;hybridep_meta=0.0ms,backward|recompute
4,11852110139,13.305,2,0.0,1.035,laggard_gpu_busy,gemm=8.4ms;moe_permute=3.1ms;activation=2.0ms,backward|recompute
4,11891920825,19.086,2,0.0,1.036,laggard_gpu_busy,gemm=14.9ms;moe_permute=3.6ms;activation=1.2ms,backward|recompute
4,12058934389,16.767,1,0.0,1.018,laggard_gpu_busy,gemm=12.7ms;moe_permute=3.0ms;activation=1.0ms,backward|recompute
4,12097221094,20.969,1,0.0,1.034,laggard_gpu_busy,gemm=15.0ms;moe_permute=3.6ms;topk_router=1.6ms,backward|recompute
4,12283625836,10.663,2,0.0,1.039,laggard_gpu_busy,gemm=6.4ms;moe_permute=2.8ms;activation=1.6ms,backward|recompute
4,12318345854,14.134,2,0.0,1.049,laggard_gpu_busy,gemm=11.6ms;moe_permute=3.2ms;hybridep_meta=0.0ms,backward|recompute
4,12476810927,9.765,3,0.001,1.031,laggard_gpu_busy,gemm=6.3ms;moe_permute=2.9ms;activation=0.6ms,backward|recompute
4,12511653185,10.956,3,0.001,1.019,laggard_gpu_busy,gemm=8.1ms;moe_permute=3.0ms;hybridep_meta=0.0ms,backward|recompute
4,12703296119,5.424,7,0.001,1.069,laggard_gpu_busy,gemm=2.9ms;moe_permute=2.8ms;hybridep_meta=0.0ms,backward|recompute
4,12852221125,12.562,6,0.0,1.071,laggard_gpu_busy,gemm=9.3ms;moe_permute=2.9ms;activation=0.9ms,backward|recompute
4,12887886339,18.243,6,0.0,1.039,laggard_gpu_busy,gemm=14.0ms;moe_permute=3.8ms;activation=1.2ms,backward|recompute
4,13286041597,7.521,0,0.0,1.04,laggard_gpu_busy,gemm=5.0ms;moe_permute=2.8ms;hybridep_meta=0.0ms,backward|recompute
4,13322554370,8.864,0,0.001,1.036,laggard_gpu_busy,gemm=6.0ms;moe_permute=3.2ms;hybridep_meta=0.0ms,backward|recompute
4,13696715015,6.995,0,0.001,1.03,laggard_gpu_busy,gemm=4.6ms;moe_permute=2.6ms;hybridep_meta=0.0ms,backward|recompute
4,13729724269,11.244,0,0.0,1.035,laggard_gpu_busy,gemm=8.3ms;moe_permute=3.3ms;hybridep_meta=0.0ms,backward|recompute
4,13880668014,29.405,1,0.0,1.039,laggard_gpu_busy,gemm=25.3ms;moe_permute=3.6ms;activation=1.5ms,backward|recompute
4,13928917564,34.909,1,0.0,1.039,laggard_gpu_busy,gemm=24.1ms;topk_router=6.1ms;moe_permute=4.0ms,backward|recompute
4,14114077581,16.282,1,0.0,0.802,laggard_gpu_busy,gemm=9.1ms;moe_permute=2.8ms;activation=0.9ms,backward|recompute
4,14148700641,18.517,1,0.0,1.035,laggard_gpu_busy,gemm=13.0ms;moe_permute=3.0ms;topk_router=2.1ms,backward|recompute
4,14300213799,59.796,3,0.0,0.008,laggard_gpu_idle(host),hybridep_meta=0.4ms;other=0.1ms,backward|moe|hybridep_dispatch|recompute
4,14377351350,16.208,6,0.0,1.053,laggard_gpu_busy,gemm=12.6ms;moe_permute=3.1ms;activation=1.1ms,backward|recompute
4,14415510314,19.629,6,0.0,1.034,laggard_gpu_busy,gemm=14.9ms;moe_permute=3.4ms;activation=1.4ms,backward|recompute
4,14588126507,10.52,7,0.0,1.03,laggard_gpu_busy,gemm=6.8ms;moe_permute=3.0ms;activation=0.8ms,backward|recompute
4,14624160044,14.483,7,0.0,1.041,laggard_gpu_busy,gemm=11.5ms;moe_permute=3.5ms;hybridep_meta=0.0ms,backward|recompute
4,15032216535,7.528,0,0.0,1.012,laggard_gpu_busy,gemm=4.3ms;moe_permute=3.3ms;hybridep_meta=0.0ms,backward|recompute
4,15166494478,80.16,0,0.0,0.005,laggard_gpu_idle(host),hybridep_meta=0.4ms;other=0.1ms,backward|moe|hybridep_dispatch|recompute
4,15267166454,12.057,7,0.0,1.028,laggard_gpu_busy,gemm=8.1ms;moe_permute=3.0ms;activation=1.0ms,backward|recompute
4,15304837385,14.14,7,0.0,1.038,laggard_gpu_busy,gemm=11.3ms;moe_permute=3.4ms;hybridep_meta=0.0ms,backward|recompute
4,15469299438,15.943,6,0.0,1.019,laggard_gpu_busy,gemm=11.8ms;moe_permute=3.1ms;activation=1.0ms,backward|recompute
4,15506921824,23.356,6,0.0,1.034,laggard_gpu_busy,gemm=16.0ms;moe_permute=3.7ms;topk_router=2.8ms,backward|recompute
4,15683650196,6.454,1,0.001,1.032,laggard_gpu_busy,gemm=3.8ms;moe_permute=2.8ms;hybridep_meta=0.0ms,backward|recompute
4,15720643937,6.414,1,0.001,1.043,laggard_gpu_busy,gemm=3.6ms;moe_permute=3.1ms;hybridep_meta=0.0ms,backward|recompute
4,15879642453,5.065,5,0.001,1.048,laggard_gpu_busy,moe_permute=2.9ms;gemm=2.4ms;hybridep_meta=0.0ms,backward|recompute
4,15914722320,5.825,5,0.001,1.071,laggard_gpu_busy,gemm=3.2ms;moe_permute=3.1ms;hybridep_meta=0.0ms,backward|recompute
4,16069229565,12.443,0,0.0,1.029,laggard_gpu_busy,gemm=8.2ms;moe_permute=3.2ms;activation=1.1ms,backward|recompute
4,16109772425,14.961,0,0.0,1.02,laggard_gpu_busy,gemm=11.7ms;moe_permute=3.6ms;hybridep_meta=0.0ms,backward|recompute
4,16322320638,5.849,2,0.001,1.037,laggard_gpu_busy,gemm=3.1ms;moe_permute=3.0ms;hybridep_meta=0.0ms,backward|recompute
4,16470402865,13.538,1,0.0,1.086,laggard_gpu_busy,gemm=10.9ms;moe_permute=2.6ms;activation=0.8ms,backward|recompute
4,16502460209,15.611,1,0.0,1.051,laggard_gpu_busy,gemm=12.2ms;moe_permute=2.9ms;activation=1.0ms,backward|recompute
4,16664001084,23.477,5,0.0,1.029,laggard_gpu_busy,gemm=19.4ms;moe_permute=3.2ms;activation=1.2ms,backward|recompute
4,16705208911,28.104,5,0.0,1.033,laggard_gpu_busy,gemm=19.1ms;topk_router=4.7ms;moe_permute=3.6ms,backward|recompute
4,17113961678,8.398,5,0.001,1.039,laggard_gpu_busy,gemm=5.5ms;moe_permute=2.4ms;activation=0.5ms,backward|recompute
4,17143654142,9.767,5,0.0,1.036,laggard_gpu_busy,gemm=7.6ms;moe_permute=2.5ms;hybridep_meta=0.0ms,backward|recompute
4,17299657586,13.518,6,0.0,1.06,laggard_gpu_busy,gemm=10.0ms;moe_permute=3.0ms;activation=1.1ms,backward|recompute
4,17339408989,16.728,6,0.0,1.042,laggard_gpu_busy,gemm=14.0ms;moe_permute=3.4ms;hybridep_meta=0.0ms,backward|recompute
4,17508034277,12.111,0,0.0,1.042,laggard_gpu_busy,gemm=8.5ms;moe_permute=2.9ms;activation=0.9ms,backward|recompute
4,17543801164,14.159,0,0.0,1.039,laggard_gpu_busy,gemm=11.5ms;moe_permute=3.2ms;hybridep_meta=0.0ms,backward|recompute
4,17704826350,14.96,5,0.0,1.081,laggard_gpu_busy,gemm=12.0ms;moe_permute=2.9ms;activation=1.0ms,backward|recompute
4,17741796448,18.453,5,0.0,1.036,laggard_gpu_busy,gemm=14.1ms;moe_permute=3.3ms;activation=1.3ms,backward|recompute
4,17971899546,15.93,2,0.0,1.045,laggard_gpu_busy,gemm=11.7ms;moe_permute=2.8ms;activation=1.8ms,backward|recompute
4,18008222918,23.956,2,0.0,1.03,laggard_gpu_busy,gemm=14.8ms;topk_router=4.7ms;moe_permute=3.6ms,backward|recompute
4,18175775716,20.847,3,0.0,1.037,laggard_gpu_busy,gemm=17.0ms;moe_permute=3.2ms;activation=1.1ms,backward|recompute
4,18215417870,25.055,3,0.0,1.03,laggard_gpu_busy,gemm=16.4ms;moe_permute=4.2ms;topk_router=3.9ms,backward|recompute
4,18382333798,17.895,3,0.0,1.044,laggard_gpu_busy,gemm=14.5ms;moe_permute=3.0ms;activation=1.0ms,backward|recompute
4,18418479985,23.851,3,0.0,1.044,laggard_gpu_busy,gemm=15.3ms;topk_router=4.5ms;moe_permute=3.6ms,backward|recompute
4,18569416470,25.936,3,0.0,0.017,laggard_gpu_idle(host),hybridep_meta=0.4ms;other=0.1ms,backward|moe|hybridep_dispatch|recompute
4,18617090986,6.813,6,0.001,1.03,laggard_gpu_busy,gemm=4.2ms;moe_permute=2.8ms;hybridep_meta=0.0ms,backward|recompute
4,18651057089,7.869,6,0.001,1.056,laggard_gpu_busy,gemm=5.0ms;moe_permute=3.3ms;hybridep_meta=0.0ms,backward|recompute
4,18801047870,13.683,7,0.0,1.063,laggard_gpu_busy,gemm=10.7ms;moe_permute=2.7ms;activation=0.9ms,backward|recompute
4,18834320238,17.359,7,0.0,1.046,laggard_gpu_busy,gemm=12.6ms;moe_permute=3.1ms;activation=1.3ms,backward|recompute
4,18996302915,12.704,5,0.0,1.065,laggard_gpu_busy,gemm=9.9ms;moe_permute=2.5ms;activation=0.8ms,backward|recompute
4,19027133025,14.723,5,0.0,1.05,laggard_gpu_busy,gemm=11.6ms;moe_permute=2.8ms;activation=1.0ms,backward|recompute
4,19164959488,6.504,6,0.001,0.07,laggard_gpu_idle(host),hybridep_meta=0.4ms;other=0.1ms,backward|moe|hybridep_dispatch|recompute
4,19188844317,7.334,1,0.001,1.05,laggard_gpu_busy,gemm=5.3ms;moe_permute=2.3ms;elementwise=0.0ms,backward|recompute
4,19217572168,8.379,1,0.001,1.071,laggard_gpu_busy,gemm=6.6ms;moe_permute=2.4ms;hybridep_meta=0.0ms,backward|recompute
4,19348443271,21.229,5,0.0,0.02,laggard_gpu_idle(host),hybridep_meta=0.3ms;other=0.1ms,backward|moe|hybridep_dispatch|recompute
4,19577316947,16.789,6,0.0,1.024,laggard_gpu_busy,gemm=12.6ms;moe_permute=3.1ms;activation=1.1ms,backward|recompute
4,19617155749,20.948,6,0.0,1.035,laggard_gpu_busy,gemm=15.9ms;moe_permute=3.7ms;activation=1.5ms,backward|recompute
4,19783044616,15.542,0,0.0,1.051,laggard_gpu_busy,gemm=11.9ms;moe_permute=3.1ms;activation=1.1ms,backward|recompute
4,19822644760,20.136,0,0.0,1.036,laggard_gpu_busy,gemm=15.8ms;moe_permute=3.4ms;activation=1.6ms,backward|recompute
4,20198004435,75.242,3,0.0,0.006,laggard_gpu_idle(host),hybridep_meta=0.4ms;other=0.1ms,backward|moe|hybridep_dispatch|recompute
4,20290045993,14.044,0,0.0,1.048,laggard_gpu_busy,gemm=10.7ms;moe_permute=2.9ms;activation=0.9ms,backward|recompute
4,20325463090,18.486,0,0.0,1.04,laggard_gpu_busy,gemm=13.5ms;moe_permute=3.6ms;activation=1.4ms,backward|recompute
4,20502187706,7.565,3,0.001,1.026,laggard_gpu_busy,gemm=4.6ms;moe_permute=3.2ms;hybridep_meta=0.0ms,backward|recompute
4,20544485827,8.931,3,0.001,1.023,laggard_gpu_busy,gemm=5.5ms;moe_permute=3.6ms;hybridep_meta=0.0ms,backward|recompute
4,21118119183,12.992,2,0.0,1.026,laggard_gpu_busy,gemm=7.9ms;moe_permute=3.1ms;activation=2.1ms,backward|recompute
4,21159194604,15.936,2,0.0,1.021,laggard_gpu_busy,gemm=12.7ms;moe_permute=3.6ms;hybridep_meta=0.0ms,backward|recompute
4,21328194070,5.478,3,0.001,1.044,laggard_gpu_busy,gemm=3.2ms;moe_permute=2.5ms;hybridep_meta=0.0ms,backward|recompute
4,21360543172,10.015,3,0.001,1.052,laggard_gpu_busy,gemm=7.2ms;moe_permute=3.3ms;hybridep_meta=0.0ms,backward|recompute
4,21524208958,7.725,6,0.001,1.039,laggard_gpu_busy,gemm=5.2ms;moe_permute=2.8ms;hybridep_meta=0.0ms,backward|recompute
4,21560360272,11.124,6,0.0,1.052,laggard_gpu_busy,gemm=8.3ms;moe_permute=3.4ms;hybridep_meta=0.0ms,backward|recompute
4,21712508894,113.758,0,0.0,0.102,laggard_gpu_idle(host),gemm=9.3ms;moe_permute=1.4ms;elementwise=0.5ms,backward|moe|recompute
4,21842774911,27.398,6,0.0,1.039,laggard_gpu_busy,gemm=19.6ms;topk_router=4.1ms;moe_permute=3.3ms,backward|recompute
4,22054451065,5.326,3,0.001,1.019,laggard_gpu_busy,moe_permute=3.0ms;gemm=2.4ms;hybridep_meta=0.0ms,backward|recompute
4,22207419599,14.082,2,0.0,1.024,laggard_gpu_busy,gemm=10.0ms;moe_permute=2.6ms;activation=1.5ms,backward|recompute
4,22240073504,17.079,2,0.0,1.045,laggard_gpu_busy,gemm=12.0ms;moe_permute=2.8ms;topk_router=2.0ms,backward|recompute
4,22400472027,5.147,5,0.001,1.065,laggard_gpu_busy,gemm=3.1ms;moe_permute=2.4ms;hybridep_meta=0.0ms,backward|recompute
4,22778162629,15.535,6,0.0,1.042,laggard_gpu_busy,gemm=11.9ms;moe_permute=2.9ms;activation=1.0ms,backward|recompute
4,22815574115,18.925,6,0.0,1.039,laggard_gpu_busy,gemm=14.7ms;moe_permute=3.3ms;activation=1.4ms,backward|recompute
4,22980760138,6.308,1,0.001,1.05,laggard_gpu_busy,gemm=4.4ms;moe_permute=2.3ms;hybridep_meta=0.0ms,backward|recompute
4,23009233492,7.745,6,0.001,1.045,laggard_gpu_busy,gemm=5.4ms;moe_permute=2.7ms;hybridep_meta=0.0ms,backward|recompute
4,23165134087,17.099,7,0.0,1.024,laggard_gpu_busy,gemm=13.1ms;moe_permute=3.1ms;activation=1.1ms,backward|recompute
4,23203429681,21.078,7,0.0,1.033,laggard_gpu_busy,gemm=15.4ms;moe_permute=3.4ms;topk_router=1.5ms,backward|recompute
4,23395848266,5.408,3,0.001,1.035,laggard_gpu_busy,gemm=3.0ms;moe_permute=2.5ms;hybridep_meta=0.0ms,backward|recompute
4,23547124479,11.589,0,0.0,1.03,laggard_gpu_busy,gemm=7.9ms;moe_permute=2.8ms;activation=0.9ms,backward|recompute
4,23581811494,13.472,0,0.0,1.042,laggard_gpu_busy,gemm=11.1ms;moe_permute=2.9ms;hybridep_meta=0.0ms,backward|recompute
5,1340486464,6.246,3,0.001,1.049,laggard_gpu_busy,gemm=4.4ms;moe_permute=2.1ms;hybridep_meta=0.0ms,forward|moe
5,1489962818,18.317,7,0.0,1.029,laggard_gpu_busy,gemm=14.4ms;moe_permute=3.1ms;activation=1.1ms,forward|attention|dsa_indexer
5,1689477426,16.888,6,0.0,1.039,laggard_gpu_busy,gemm=13.2ms;moe_permute=3.0ms;activation=1.0ms,forward|moe
5,1765015960,13.65,4,0.0,1.052,laggard_gpu_busy,gemm=10.3ms;moe_permute=2.8ms;activation=0.9ms,forward|moe
5,1967687259,8.086,2,0.001,1.048,laggard_gpu_busy,gemm=5.7ms;moe_permute=2.8ms;hybridep_meta=0.0ms,forward|moe
5,2030991639,8.909,3,0.001,1.038,laggard_gpu_busy,gemm=6.3ms;moe_permute=2.7ms;elementwise=0.2ms,forward|moe
5,2098643374,14.18,6,0.0,1.049,laggard_gpu_busy,gemm=9.7ms;moe_permute=3.7ms;activation=1.2ms,forward|moe
5,2167148618,16.791,6,0.0,1.065,laggard_gpu_busy,gemm=13.6ms;moe_permute=3.0ms;activation=1.0ms,forward|attention|dsa_indexer
5,2308173402,11.501,3,0.0,1.036,laggard_gpu_busy,gemm=8.2ms;moe_permute=2.6ms;activation=0.8ms,forward|moe
5,2372613438,18.303,2,0.0,1.017,laggard_gpu_busy,gemm=13.2ms;moe_permute=3.0ms;activation=2.1ms,forward|moe
5,2443891082,18.873,4,0.0,1.039,laggard_gpu_busy,gemm=15.4ms;moe_permute=2.9ms;activation=1.0ms,forward|moe
5,2519952531,22.275,4,0.0,1.04,laggard_gpu_busy,gemm=18.0ms;moe_permute=3.5ms;activation=1.3ms,forward|attention|dsa_indexer
5,2669902554,21.076,3,0.0,1.045,laggard_gpu_busy,gemm=17.5ms;moe_permute=3.1ms;activation=1.1ms,forward|moe
5,2741242286,16.48,0,0.0,1.064,laggard_gpu_busy,gemm=13.4ms;moe_permute=2.9ms;activation=0.9ms,forward|moe
5,2810907224,20.602,4,0.0,1.032,laggard_gpu_busy,gemm=15.8ms;moe_permute=3.9ms;activation=1.2ms,forward|moe
5,2884297016,21.627,0,0.0,1.045,laggard_gpu_busy,gemm=18.2ms;moe_permute=3.1ms;activation=1.1ms,forward|attention|dsa_indexer
5,3040392114,7.342,6,0.001,1.007,laggard_gpu_busy,gemm=4.3ms;moe_permute=3.1ms;hybridep_meta=0.0ms,forward|moe
5,3100989029,8.119,4,0.001,1.036,laggard_gpu_busy,gemm=5.5ms;moe_permute=2.5ms;elementwise=0.3ms,forward|moe
5,3360775353,8.348,7,0.001,1.037,laggard_gpu_busy,gemm=5.9ms;moe_permute=2.8ms;hybridep_meta=0.0ms,forward|moe
5,3558375504,14.586,3,0.0,1.019,laggard_gpu_busy,gemm=10.1ms;moe_permute=3.4ms;activation=1.2ms,forward|attention|dsa_indexer
5,3698752714,16.015,2,0.0,1.045,laggard_gpu_busy,gemm=11.7ms;moe_permute=2.9ms;activation=1.9ms,forward|moe
5,3905840284,17.706,6,0.0,1.052,laggard_gpu_busy,gemm=14.2ms;moe_permute=3.1ms;activation=1.1ms,forward|attention|dsa_indexer
5,4249779410,11.512,1,0.0,1.079,laggard_gpu_busy,gemm=8.8ms;moe_permute=2.6ms;activation=0.8ms,forward|attention|dsa_indexer
5,4382259137,12.806,2,0.0,1.053,laggard_gpu_busy,gemm=9.1ms;moe_permute=2.6ms;activation=1.6ms,forward|moe
5,4448083294,17.267,0,0.0,1.05,laggard_gpu_busy,gemm=13.6ms;moe_permute=3.2ms;activation=1.1ms,forward|moe
5,4582830314,14.692,1,0.0,1.053,laggard_gpu_busy,gemm=11.5ms;moe_permute=2.8ms;activation=0.9ms,forward|attention|dsa_indexer
5,4720761867,14.988,6,0.0,0.796,laggard_gpu_busy,gemm=7.5ms;moe_permute=3.1ms;activation=1.0ms,forward|moe
5,4786978186,16.971,7,0.0,1.056,laggard_gpu_busy,gemm=13.6ms;moe_permute=3.0ms;activation=1.0ms,forward|moe
5,4923229760,15.356,4,0.0,1.055,laggard_gpu_busy,gemm=11.9ms;moe_permute=3.0ms;activation=1.0ms,forward|attention|dsa_indexer
5,5088702733,12.986,7,0.0,1.052,laggard_gpu_busy,gemm=9.2ms;moe_permute=3.3ms;activation=0.9ms,forward|moe
5,5154291369,18.337,6,0.0,1.049,laggard_gpu_busy,gemm=14.4ms;moe_permute=3.5ms;activation=1.1ms,forward|moe
5,5233020342,8.968,1,0.0,1.038,laggard_gpu_busy,gemm=6.6ms;moe_permute=2.7ms;hybridep_meta=0.0ms,forward|moe
5,5298208655,27.618,1,0.0,1.04,laggard_gpu_busy,gemm=22.8ms;moe_permute=4.0ms;activation=1.6ms,forward|attention|dsa_indexer
5,5452911096,11.433,0,0.0,1.035,laggard_gpu_busy,gemm=8.0ms;moe_permute=2.7ms;activation=0.9ms,forward|moe
5,5512873104,20.556,6,0.0,1.069,laggard_gpu_busy,gemm=17.4ms;moe_permute=3.2ms;activation=1.1ms,forward|moe
5,5589429872,14.158,0,0.0,1.064,laggard_gpu_busy,gemm=11.0ms;moe_permute=2.8ms;activation=1.0ms,forward|moe
5,5658164255,20.425,4,0.0,1.031,laggard_gpu_busy,gemm=15.8ms;moe_permute=3.7ms;activation=1.3ms,forward|attention|dsa_indexer
5,5807536231,7.563,6,0.001,1.026,laggard_gpu_busy,gemm=4.8ms;moe_permute=3.0ms;hybridep_meta=0.0ms,forward|moe
5,5872489886,15.232,1,0.0,0.653,laggard_gpu_busy,gemm=8.1ms;moe_permute=1.2ms;activation=0.3ms,forward|moe
5,5944920869,9.491,3,0.001,1.031,laggard_gpu_busy,gemm=6.4ms;moe_permute=2.9ms;elementwise=0.3ms,forward|moe
5,6008603828,16.476,2,0.0,1.048,laggard_gpu_busy,gemm=12.5ms;moe_permute=2.8ms;activation=1.6ms,forward|attention|dsa_indexer
5,6154253445,17.138,1,0.0,1.017,laggard_gpu_busy,gemm=13.1ms;moe_permute=3.1ms;activation=1.0ms,forward|moe
5,6230691364,12.925,2,0.0,1.029,laggard_gpu_busy,gemm=7.9ms;moe_permute=3.2ms;activation=2.0ms,forward|moe
5,6352161821,17.14,4,0.0,1.043,laggard_gpu_busy,gemm=13.7ms;moe_permute=2.9ms;activation=1.0ms,forward|attention|dsa_indexer
5,6623138590,6.329,0,0.0,1.046,laggard_gpu_busy,gemm=4.2ms;moe_permute=2.4ms;hybridep_meta=0.0ms,forward|moe
5,6684996682,16.943,1,0.0,1.05,laggard_gpu_busy,gemm=13.1ms;moe_permute=3.2ms;activation=1.2ms,forward|attention|dsa_indexer
5,6834180390,7.319,1,0.001,1.028,laggard_gpu_busy,gemm=4.8ms;moe_permute=2.7ms;hybridep_meta=0.0ms,forward|moe
5,6905278958,8.951,4,0.001,1.04,laggard_gpu_busy,gemm=6.1ms;moe_permute=2.6ms;activation=0.3ms,forward|moe
5,7162947649,17.256,1,0.0,1.082,laggard_gpu_busy,gemm=14.9ms;moe_permute=2.6ms;activation=0.9ms,forward|moe
5,7232805409,14.811,1,0.0,0.967,laggard_gpu_busy,gemm=9.8ms;moe_permute=3.2ms;activation=0.9ms,forward|moe
5,7302286270,13.624,0,0.0,1.049,laggard_gpu_busy,gemm=10.3ms;moe_permute=2.8ms;activation=0.9ms,forward|moe
5,7506159832,11.401,4,0.0,1.06,laggard_gpu_busy,gemm=8.1ms;moe_permute=2.7ms;activation=0.9ms,forward|moe
5,7570255507,18.279,6,0.0,0.748,laggard_gpu_busy,gemm=9.0ms;moe_permute=3.2ms;activation=1.2ms,forward|moe
5,7648681065,8.426,6,0.001,1.026,laggard_gpu_busy,gemm=5.5ms;moe_permute=3.1ms;hybridep_meta=0.0ms,forward|moe
5,7727682500,6.583,1,0.001,1.043,laggard_gpu_busy,moe_permute=3.8ms;gemm=3.0ms;hybridep_meta=0.0ms,forward|lm_head
5,8024994581,6.312,1,0.001,1.032,laggard_gpu_busy,moe_permute=3.4ms;gemm=3.1ms;hybridep_meta=0.0ms,backward|recompute
5,8072869703,8.983,1,0.001,1.04,laggard_gpu_busy,gemm=5.2ms;moe_permute=4.1ms;hybridep_meta=0.0ms,backward|recompute
5,8214896086,34.899,6,0.0,0.013,laggard_gpu_idle(host),hybridep_meta=0.4ms;other=0.1ms;hybridep_dispatch=0.0ms,backward|moe|hybridep_dispatch|recompute
5,8272820233,7.394,6,0.001,1.037,laggard_gpu_busy,gemm=4.9ms;moe_permute=2.8ms;hybridep_meta=0.0ms,backward|recompute
5,8309139025,8.743,6,0.001,1.039,laggard_gpu_busy,gemm=6.1ms;moe_permute=3.0ms;hybridep_meta=0.0ms,backward|recompute
5,8462791882,18.348,6,0.0,1.023,laggard_gpu_busy,gemm=14.2ms;moe_permute=3.1ms;activation=1.2ms,backward|recompute
5,8503138768,22.661,6,0.0,1.028,laggard_gpu_busy,gemm=16.4ms;moe_permute=3.5ms;topk_router=1.9ms,backward|recompute
5,8684671942,11.429,4,0.0,1.058,laggard_gpu_busy,gemm=8.2ms;moe_permute=2.7ms;activation=0.9ms,backward|recompute
5,8718824297,13.286,4,0.0,1.035,laggard_gpu_busy,gemm=10.8ms;moe_permute=3.0ms;hybridep_meta=0.0ms,backward|recompute
5,9079807174,13.533,0,0.0,1.056,laggard_gpu_busy,gemm=10.4ms;moe_permute=2.7ms;activation=0.9ms,backward|recompute
5,9113905577,15.476,0,0.0,1.049,laggard_gpu_busy,gemm=13.1ms;moe_permute=2.8ms;activation=0.3ms,backward|recompute
5,9276649282,13.879,1,0.0,1.071,laggard_gpu_busy,gemm=10.9ms;moe_permute=2.8ms;activation=0.9ms,backward|recompute
5,9310939110,16.42,1,0.0,1.038,laggard_gpu_busy,gemm=13.0ms;moe_permute=3.1ms;activation=1.0ms,backward|recompute
5,9485235019,17.06,1,0.0,1.079,laggard_gpu_busy,gemm=14.7ms;moe_permute=2.6ms;activation=0.9ms,backward|recompute
5,9518216518,20.615,1,0.0,1.038,laggard_gpu_busy,gemm=13.7ms;topk_router=3.7ms;moe_permute=2.9ms,backward|recompute
5,9735941581,5.397,3,0.001,1.014,laggard_gpu_busy,moe_permute=3.2ms;gemm=2.3ms;hybridep_meta=0.0ms,backward|recompute
5,10066588993,39.531,0,0.0,0.011,laggard_gpu_idle(host),hybridep_meta=0.4ms;other=0.1ms,backward|moe|hybridep_dispatch|recompute
5,10124883940,9.006,4,0.001,1.039,laggard_gpu_busy,gemm=6.1ms;moe_permute=2.6ms;activation=0.3ms,backward|recompute
5,10157134298,10.506,4,0.0,1.059,laggard_gpu_busy,gemm=8.4ms;moe_permute=2.7ms;hybridep_meta=0.0ms,backward|recompute
5,10319343887,7.263,1,0.001,1.028,laggard_gpu_busy,gemm=4.5ms;moe_permute=2.9ms;hybridep_meta=0.0ms,backward|recompute
5,10354378200,9.174,1,0.0,1.022,laggard_gpu_busy,gemm=6.4ms;moe_permute=3.0ms;hybridep_meta=0.0ms,backward|recompute
5,10556613559,90.581,0,0.0,0.005,laggard_gpu_idle(host),hybridep_meta=0.3ms;other=0.1ms,backward|moe|hybridep_dispatch|recompute
5,10666523409,16.584,1,0.0,1.051,laggard_gpu_busy,gemm=12.9ms;moe_permute=3.1ms;activation=1.1ms,backward|recompute
5,10707169343,23.284,1,0.0,1.034,laggard_gpu_busy,gemm=17.1ms;moe_permute=3.9ms;activation=1.8ms,backward|recompute
5,10858065226,22.287,0,0.0,0.02,laggard_gpu_idle(host),hybridep_meta=0.4ms;other=0.1ms,backward|moe|hybridep_dispatch|recompute
5,10900011040,6.23,0,0.0,1.044,laggard_gpu_busy,gemm=4.1ms;moe_permute=2.4ms;hybridep_meta=0.0ms,backward|recompute
5,10930271721,8.34,0,0.0,1.036,laggard_gpu_busy,gemm=5.9ms;moe_permute=2.7ms;hybridep_meta=0.0ms,backward|recompute
5,11112623476,5.368,1,0.001,1.009,laggard_gpu_busy,gemm=2.8ms;moe_permute=2.6ms;hybridep_meta=0.0ms,backward|recompute
5,11313138782,8.763,1,0.001,1.026,laggard_gpu_busy,gemm=5.5ms;moe_permute=3.5ms;hybridep_meta=0.0ms,backward|recompute
5,11454377623,8.713,0,0.0,0.052,laggard_gpu_idle(host),hybridep_meta=0.4ms;other=0.1ms,backward|moe|hybridep_dispatch|recompute
5,11477362546,17.055,4,0.0,1.035,laggard_gpu_busy,gemm=13.5ms;moe_permute=2.9ms;activation=1.0ms,backward|recompute
5,11512761665,19.77,4,0.0,1.033,laggard_gpu_busy,gemm=13.9ms;moe_permute=3.1ms;topk_router=2.3ms,backward|recompute
5,11852590679,12.824,2,0.0,1.03,laggard_gpu_busy,gemm=7.8ms;moe_permute=3.1ms;activation=2.0ms,backward|recompute
5,11892843431,18.164,2,0.0,1.038,laggard_gpu_busy,gemm=14.9ms;moe_permute=3.6ms;activation=0.3ms,backward|recompute
5,12058265220,17.435,1,0.0,1.017,laggard_gpu_busy,gemm=13.4ms;moe_permute=3.0ms;activation=1.0ms,backward|recompute
5,12096233636,21.958,1,0.0,1.033,laggard_gpu_busy,gemm=15.0ms;moe_permute=3.6ms;topk_router=2.6ms,backward|recompute
5,12277894510,16.395,2,0.0,0.818,laggard_gpu_busy,gemm=8.8ms;moe_permute=2.8ms;activation=1.6ms,backward|recompute
5,12311928116,20.553,2,0.0,1.036,laggard_gpu_busy,gemm=12.4ms;topk_router=4.6ms;moe_permute=3.2ms,backward|recompute
5,12477282032,9.295,3,0.001,1.033,laggard_gpu_busy,gemm=6.3ms;moe_permute=2.9ms;elementwise=0.3ms,backward|recompute
5,12511753145,10.856,3,0.001,1.019,laggard_gpu_busy,gemm=8.0ms;moe_permute=3.0ms;hybridep_meta=0.0ms,backward|recompute
5,12667453076,6.942,7,0.001,1.03,laggard_gpu_busy,gemm=4.4ms;moe_permute=2.7ms;hybridep_meta=0.0ms,backward|recompute
5,12700662676,8.057,7,0.001,1.049,laggard_gpu_busy,gemm=5.6ms;moe_permute=2.8ms;hybridep_meta=0.0ms,backward|recompute
5,12857107714,7.677,6,0.001,1.023,laggard_gpu_busy,gemm=4.9ms;moe_permute=2.9ms;hybridep_meta=0.0ms,backward|recompute
5,12893984958,12.145,6,0.0,1.034,laggard_gpu_busy,gemm=8.8ms;moe_permute=3.8ms;hybridep_meta=0.0ms,backward|recompute
5,13054117445,19.956,4,0.0,1.028,laggard_gpu_busy,gemm=15.6ms;moe_permute=3.3ms;activation=1.3ms,backward|recompute
5,13097812847,25.331,4,0.0,1.027,laggard_gpu_busy,gemm=18.0ms;moe_permute=3.8ms;topk_router=2.5ms,backward|recompute
5,13279613674,13.949,0,0.0,0.986,laggard_gpu_busy,gemm=9.8ms;moe_permute=2.8ms;activation=0.9ms,backward|recompute
5,13315055580,16.363,0,0.0,1.044,laggard_gpu_busy,gemm=13.9ms;moe_permute=3.2ms;activation=0.0ms,backward|recompute
5,13480016932,20.706,6,0.0,1.07,laggard_gpu_busy,gemm=17.4ms;moe_permute=3.3ms;activation=1.1ms,backward|recompute
5,13518723405,24.195,6,0.0,1.047,laggard_gpu_busy,gemm=16.4ms;topk_router=4.1ms;moe_permute=3.4ms,backward|recompute
5,13692849971,10.861,0,0.0,1.035,laggard_gpu_busy,gemm=7.6ms;moe_permute=2.6ms;activation=0.8ms,backward|recompute
5,13725234193,15.734,0,0.0,1.051,laggard_gpu_busy,gemm=13.1ms;moe_permute=3.3ms;activation=0.1ms,backward|recompute
5,13883234345,26.839,1,0.0,1.042,laggard_gpu_busy,gemm=22.7ms;moe_permute=3.6ms;activation=1.5ms,backward|recompute
5,13931280753,32.545,1,0.0,1.021,laggard_gpu_busy,gemm=21.1ms;topk_router=6.1ms;moe_permute=4.0ms,backward|recompute
5,14121297573,9.062,1,0.0,1.039,laggard_gpu_busy,gemm=6.6ms;moe_permute=2.8ms;hybridep_meta=0.0ms,backward|recompute
5,14156766103,10.453,1,0.0,1.036,laggard_gpu_busy,gemm=7.9ms;moe_permute=3.0ms;hybridep_meta=0.0ms,backward|recompute
5,14300227436,59.782,3,0.0,0.008,laggard_gpu_idle(host),hybridep_meta=0.4ms;other=0.1ms,backward|moe|hybridep_dispatch|recompute
5,14375512398,18.047,6,0.0,1.048,laggard_gpu_busy,gemm=14.5ms;moe_permute=3.1ms;activation=1.1ms,backward|recompute
5,14413390417,21.749,6,0.0,1.03,laggard_gpu_busy,gemm=14.9ms;moe_permute=3.4ms;topk_router=2.7ms,backward|recompute
5,14585893325,12.753,7,0.0,1.054,laggard_gpu_busy,gemm=9.3ms;moe_permute=3.0ms;activation=0.9ms,backward|recompute
5,14621601473,17.042,7,0.0,1.04,laggard_gpu_busy,gemm=13.6ms;moe_permute=3.5ms;activation=0.6ms,backward|recompute
5,14789958502,14.868,4,0.0,1.053,laggard_gpu_busy,gemm=11.5ms;moe_permute=2.9ms;activation=1.0ms,backward|recompute
5,14826266690,21.923,4,0.0,1.033,laggard_gpu_busy,gemm=15.1ms;moe_permute=3.8ms;topk_router=2.2ms,backward|recompute
5,15033055738,6.688,0,0.0,1.005,laggard_gpu_busy,gemm=3.4ms;moe_permute=3.3ms;hybridep_meta=0.0ms,backward|recompute
5,15166500311,80.154,0,0.0,0.005,laggard_gpu_idle(host),hybridep_meta=0.4ms;other=0.1ms,backward|moe|hybridep_dispatch|recompute
5,15262313455,16.909,7,0.0,1.063,laggard_gpu_busy,gemm=13.7ms;moe_permute=3.0ms;activation=1.0ms,backward|recompute
5,15299241231,19.737,7,0.0,1.034,laggard_gpu_busy,gemm=14.4ms;moe_permute=3.4ms;topk_router=1.5ms,backward|recompute
5,15470064334,15.179,6,0.0,1.02,laggard_gpu_busy,gemm=11.0ms;moe_permute=3.1ms;activation=1.0ms,backward|recompute
5,15508071446,22.206,6,0.0,1.036,laggard_gpu_busy,gemm=16.0ms;moe_permute=3.7ms;activation=1.7ms,backward|recompute
5,15675275388,14.83,1,0.0,1.043,laggard_gpu_busy,gemm=11.4ms;moe_permute=2.8ms;activation=0.9ms,backward|recompute
5,15709714763,17.342,1,0.0,1.043,laggard_gpu_busy,gemm=13.4ms;moe_permute=3.1ms;activation=1.2ms,backward|recompute
5,16064347876,17.324,0,0.0,1.052,laggard_gpu_busy,gemm=13.6ms;moe_permute=3.2ms;activation=1.1ms,backward|recompute
5,16104094711,20.638,0,0.0,1.032,laggard_gpu_busy,gemm=15.8ms;moe_permute=3.6ms;activation=1.4ms,backward|recompute
5,16279071635,13.166,2,0.0,1.051,laggard_gpu_busy,gemm=9.4ms;moe_permute=2.6ms;activation=1.6ms,backward|recompute
5,16311721078,16.448,2,0.0,1.042,laggard_gpu_busy,gemm=11.8ms;moe_permute=3.0ms;topk_router=1.3ms,backward|recompute
5,16471697642,12.243,1,0.0,1.086,laggard_gpu_busy,gemm=9.5ms;moe_permute=2.6ms;activation=0.8ms,backward|recompute
5,16503879113,14.192,1,0.0,1.057,laggard_gpu_busy,gemm=12.1ms;moe_permute=2.9ms;hybridep_meta=0.0ms,backward|recompute
5,16644280470,5.939,4,0.001,0.068,laggard_gpu_idle(host),hybridep_meta=0.3ms;other=0.1ms;hybridep_dispatch=0.0ms,backward|moe|hybridep_dispatch|recompute
5,16887801837,5.127,6,0.001,1.028,laggard_gpu_busy,gemm=2.7ms;moe_permute=2.6ms;hybridep_meta=0.0ms,backward|recompute
5,16918893799,6.086,6,0.001,1.048,laggard_gpu_busy,gemm=3.6ms;moe_permute=2.7ms;hybridep_meta=0.0ms,backward|recompute
5,17295434832,17.74,6,0.0,1.049,laggard_gpu_busy,gemm=14.2ms;moe_permute=3.0ms;activation=1.1ms,backward|recompute
5,17334075774,22.061,6,0.0,1.032,laggard_gpu_busy,gemm=15.3ms;moe_permute=3.4ms;topk_router=2.6ms,backward|recompute
5,17971967403,15.862,2,0.0,1.046,laggard_gpu_busy,gemm=11.6ms;moe_permute=2.8ms;activation=1.8ms,backward|recompute
5,18008499915,23.68,2,0.0,1.031,laggard_gpu_busy,gemm=14.8ms;topk_router=4.4ms;moe_permute=3.6ms,backward|recompute
5,18182080361,14.541,3,0.0,1.02,laggard_gpu_busy,gemm=10.2ms;moe_permute=3.2ms;activation=1.1ms,backward|recompute
5,18222418051,18.055,3,0.0,1.027,laggard_gpu_busy,gemm=14.4ms;moe_permute=4.2ms;hybridep_meta=0.0ms,backward|recompute
5,18569438238,25.915,3,0.0,0.017,laggard_gpu_idle(host),hybridep_meta=0.4ms;other=0.1ms,backward|moe|hybridep_dispatch|recompute
5,18806170006,8.561,7,0.001,1.041,laggard_gpu_busy,gemm=6.2ms;moe_permute=2.7ms;hybridep_meta=0.0ms,backward|recompute
5,18840128131,11.551,7,0.0,1.029,laggard_gpu_busy,gemm=8.7ms;moe_permute=3.1ms;hybridep_meta=0.0ms,backward|recompute
5,19164995362,6.468,6,0.001,0.07,laggard_gpu_idle(host),hybridep_meta=0.4ms;other=0.1ms,backward|moe|hybridep_dispatch|recompute
5,19387372977,8.149,4,0.001,1.04,laggard_gpu_busy,gemm=5.5ms;moe_permute=2.4ms;elementwise=0.3ms,backward|recompute
5,19417542280,10.045,1,0.0,1.042,laggard_gpu_busy,gemm=7.6ms;moe_permute=2.8ms;hybridep_meta=0.0ms,backward|recompute
5,19586859517,7.246,6,0.001,1.005,laggard_gpu_busy,gemm=4.2ms;moe_permute=3.1ms;hybridep_meta=0.0ms,backward|recompute
5,19628029762,10.074,6,0.001,1.002,laggard_gpu_busy,gemm=6.4ms;moe_permute=3.7ms;hybridep_meta=0.0ms,backward|recompute
5,19777068871,21.517,0,0.0,1.046,laggard_gpu_busy,gemm=18.1ms;moe_permute=3.1ms;activation=1.1ms,backward|recompute
5,19815963772,26.817,0,0.0,1.045,laggard_gpu_busy,gemm=18.3ms;topk_router=4.7ms;moe_permute=3.4ms,backward|recompute
5,19999155572,20.178,4,0.0,1.033,laggard_gpu_busy,gemm=16.0ms;moe_permute=3.3ms;activation=1.2ms,backward|recompute
5,20041184959,26.349,4,0.0,1.024,laggard_gpu_busy,gemm=17.0ms;topk_router=4.5ms;moe_permute=3.8ms,backward|recompute
5,20197987068,75.261,3,0.0,0.006,laggard_gpu_idle(host),hybridep_meta=0.4ms;other=0.1ms,backward|moe|hybridep_dispatch|recompute
5,20287751579,16.337,0,0.0,0.947,laggard_gpu_busy,gemm=11.4ms;moe_permute=2.9ms;activation=0.9ms,backward|recompute
5,20322826901,21.123,0,0.0,1.035,laggard_gpu_busy,gemm=13.5ms;moe_permute=3.6ms;topk_router=3.4ms,backward|recompute
5,20488599665,21.153,3,0.0,1.043,laggard_gpu_busy,gemm=17.5ms;moe_permute=3.2ms;activation=1.1ms,backward|recompute
5,20527773064,25.645,3,0.0,1.034,laggard_gpu_busy,gemm=16.7ms;topk_router=4.6ms;moe_permute=3.6ms,backward|recompute
5,20702462531,21.284,4,0.0,1.045,laggard_gpu_busy,gemm=17.5ms;moe_permute=3.2ms;activation=1.2ms,backward|recompute
5,20744141676,27.903,4,0.0,1.027,laggard_gpu_busy,gemm=18.1ms;topk_router=5.1ms;moe_permute=3.7ms,backward|recompute
5,20914024485,18.817,4,0.0,1.033,laggard_gpu_busy,gemm=15.1ms;moe_permute=3.0ms;activation=1.0ms,backward|recompute
5,20950561066,22.718,4,0.0,1.035,laggard_gpu_busy,gemm=15.0ms;topk_router=3.9ms;moe_permute=3.3ms,backward|recompute
5,21112991182,18.12,2,0.0,1.039,laggard_gpu_busy,gemm=13.4ms;moe_permute=3.1ms;activation=2.1ms,backward|recompute
5,21152621320,22.508,2,0.0,1.018,laggard_gpu_busy,gemm=15.5ms;moe_permute=3.6ms;topk_router=2.5ms,backward|recompute
5,21322293859,11.378,3,0.0,1.034,laggard_gpu_busy,gemm=8.1ms;moe_permute=2.5ms;activation=0.8ms,backward|recompute
5,21353881413,16.676,3,0.0,1.046,laggard_gpu_busy,gemm=12.7ms;moe_permute=3.3ms;activation=1.3ms,backward|recompute
5,21516184493,15.75,6,0.0,1.058,laggard_gpu_busy,gemm=12.6ms;moe_permute=2.8ms;activation=0.9ms,backward|recompute
5,21550804164,20.681,6,0.0,1.036,laggard_gpu_busy,gemm=13.8ms;moe_permute=3.4ms;topk_router=2.8ms,backward|recompute
5,21722420622,103.846,0,0.0,0.112,laggard_gpu_idle(host),gemm=9.3ms;moe_permute=1.4ms;elementwise=0.5ms,backward|moe|recompute
5,21853918522,16.253,6,0.0,1.031,laggard_gpu_busy,gemm=13.5ms;moe_permute=3.3ms;hybridep_meta=0.0ms,backward|recompute
5,22015165914,8.611,3,0.001,1.044,laggard_gpu_busy,gemm=6.2ms;moe_permute=2.8ms;hybridep_meta=0.0ms,backward|recompute
5,22048986860,10.79,3,0.0,1.033,laggard_gpu_busy,gemm=8.1ms;moe_permute=3.0ms;hybridep_meta=0.0ms,backward|recompute
5,22213460131,8.042,2,0.001,1.046,laggard_gpu_busy,gemm=5.8ms;moe_permute=2.6ms;hybridep_meta=0.0ms,backward|recompute
5,22247960026,9.193,2,0.0,1.023,laggard_gpu_busy,gemm=6.6ms;moe_permute=2.8ms;hybridep_meta=0.0ms,backward|recompute
5,22584339134,14.015,4,0.0,1.049,laggard_gpu_busy,gemm=10.6ms;moe_permute=2.9ms;activation=1.0ms,backward|recompute
5,22619733947,15.873,4,0.0,1.046,laggard_gpu_busy,gemm=13.7ms;moe_permute=2.9ms;hybridep_meta=0.0ms,backward|recompute
5,22776891422,16.806,6,0.0,1.039,laggard_gpu_busy,gemm=13.2ms;moe_permute=2.9ms;activation=1.0ms,backward|recompute
5,22813862182,20.636,6,0.0,1.036,laggard_gpu_busy,gemm=14.7ms;moe_permute=3.3ms;topk_router=2.0ms,backward|recompute
5,23011893645,5.084,6,0.001,1.032,laggard_gpu_busy,moe_permute=2.7ms;gemm=2.6ms;hybridep_meta=0.0ms,backward|recompute
5,23164018092,18.215,7,0.0,1.024,laggard_gpu_busy,gemm=14.2ms;moe_permute=3.1ms;activation=1.1ms,backward|recompute
5,23202240223,22.268,7,0.0,1.031,laggard_gpu_busy,gemm=15.4ms;moe_permute=3.4ms;topk_router=2.7ms,backward|recompute
5,23366982494,6.212,3,0.001,1.049,laggard_gpu_busy,gemm=4.4ms;moe_permute=2.1ms;hybridep_meta=0.0ms,backward|recompute
5,23393785918,7.471,3,0.001,1.046,laggard_gpu_busy,gemm=5.3ms;moe_permute=2.5ms;hybridep_meta=0.0ms,backward|recompute
6,1278455591,9.739,0,0.0,1.041,laggard_gpu_busy,gemm=6.7ms;moe_permute=2.8ms;activation=0.3ms,forward|moe
6,1493555522,14.725,7,0.0,1.028,laggard_gpu_busy,gemm=10.7ms;moe_permute=3.1ms;activation=1.1ms,forward|attention|dsa_indexer
6,1771127724,7.54,4,0.001,1.037,laggard_gpu_busy,gemm=5.0ms;moe_permute=2.8ms;hybridep_meta=0.0ms,forward|moe
6,1833292729,6.378,5,0.001,1.066,laggard_gpu_busy,gemm=4.4ms;moe_permute=2.4ms;hybridep_meta=0.0ms,forward|attention|dsa_indexer
6,2031452567,8.449,3,0.001,1.045,laggard_gpu_busy,gemm=6.1ms;moe_permute=2.7ms;hybridep_meta=0.0ms,forward|moe
6,2310277803,9.396,3,0.001,1.032,laggard_gpu_busy,gemm=6.0ms;moe_permute=2.6ms;activation=0.8ms,forward|moe
6,2384518002,6.398,2,0.001,0.946,laggard_gpu_busy,gemm=3.0ms;moe_permute=3.0ms;hybridep_meta=0.0ms,forward
6,2453868308,8.897,4,0.0,1.034,laggard_gpu_busy,gemm=6.3ms;moe_permute=2.9ms;hybridep_meta=0.0ms,forward|moe
6,2527995834,14.231,4,0.0,1.016,laggard_gpu_busy,gemm=9.3ms;moe_permute=3.5ms;activation=1.3ms,forward|attention|dsa_indexer
6,2669968663,21.011,3,0.0,1.045,laggard_gpu_busy,gemm=17.4ms;moe_permute=3.1ms;activation=1.1ms,forward|moe
6,2748080678,9.643,0,0.0,1.031,laggard_gpu_busy,gemm=6.6ms;moe_permute=2.9ms;elementwise=0.3ms,forward|moe
6,2806458625,25.05,4,0.0,1.048,laggard_gpu_busy,gemm=20.8ms;moe_permute=3.9ms;activation=1.2ms,forward|moe
6,2897687157,8.237,0,0.0,1.028,laggard_gpu_busy,gemm=5.4ms;moe_permute=3.1ms;hybridep_meta=0.0ms,forward|attention|dsa_indexer
6,3225812076,7.47,5,0.001,1.033,laggard_gpu_busy,gemm=5.2ms;moe_permute=2.5ms;hybridep_meta=0.0ms,forward|attention|dsa_indexer
6,3357216785,11.906,7,0.0,1.069,laggard_gpu_busy,gemm=8.8ms;moe_permute=2.8ms;activation=0.9ms,forward|moe
6,3486973993,13.988,3,0.0,1.055,laggard_gpu_busy,gemm=10.6ms;moe_permute=2.9ms;activation=1.0ms,forward|moe
6,3561368413,11.594,3,0.0,1.025,laggard_gpu_busy,gemm=7.9ms;moe_permute=3.4ms;elementwise=0.3ms,forward|attention|dsa_indexer
6,3700367931,14.401,2,0.0,1.05,laggard_gpu_busy,gemm=10.1ms;moe_permute=2.9ms;activation=1.9ms,forward|moe
6,3777532036,5.729,5,0.001,1.04,laggard_gpu_busy,gemm=3.1ms;moe_permute=2.9ms;hybridep_meta=0.0ms,forward|moe
6,3836870533,14.458,0,0.0,1.09,laggard_gpu_busy,gemm=11.5ms;moe_permute=3.1ms;activation=0.9ms,forward|moe
6,4186435040,8.434,5,0.001,1.021,laggard_gpu_busy,gemm=5.3ms;moe_permute=3.3ms;hybridep_meta=0.0ms,forward|moe
6,4252678166,8.613,1,0.001,1.041,laggard_gpu_busy,gemm=6.1ms;moe_permute=2.6ms;elementwise=0.3ms,forward|attention|dsa_indexer
6,4448827899,16.523,0,0.0,1.052,laggard_gpu_busy,gemm=12.8ms;moe_permute=3.2ms;activation=1.1ms,forward|moe
6,4517696436,12.233,5,0.0,1.08,laggard_gpu_busy,gemm=9.3ms;moe_permute=2.8ms;activation=0.9ms,forward|moe
6,4584277466,13.245,1,0.0,1.059,laggard_gpu_busy,gemm=10.0ms;moe_permute=2.8ms;activation=0.9ms,forward|attention|dsa_indexer
6,4788122701,15.828,7,0.0,1.061,laggard_gpu_busy,gemm=12.5ms;moe_permute=3.0ms;activation=1.0ms,forward|moe
6,4856992261,12.003,0,0.0,1.028,laggard_gpu_busy,gemm=8.7ms;moe_permute=2.5ms;activation=0.8ms,forward|moe
6,4925651708,12.934,4,0.0,1.013,laggard_gpu_busy,gemm=8.8ms;moe_permute=3.0ms;activation=1.0ms,forward|attention|dsa_indexer
6,5086014748,15.674,7,0.0,1.061,laggard_gpu_busy,gemm=12.1ms;moe_permute=3.3ms;activation=0.9ms,forward|moe
6,5231090854,10.898,1,0.0,1.034,laggard_gpu_busy,gemm=7.3ms;moe_permute=2.7ms;activation=0.9ms,forward|moe
6,5302604434,23.222,1,0.0,1.044,laggard_gpu_busy,gemm=18.3ms;moe_permute=4.0ms;activation=1.6ms,forward|attention|dsa_indexer
6,5452864548,11.48,0,0.0,1.035,laggard_gpu_busy,gemm=8.1ms;moe_permute=2.7ms;activation=0.9ms,forward|moe
6,5598064591,5.525,0,0.001,1.025,laggard_gpu_busy,gemm=2.9ms;moe_permute=2.8ms;hybridep_combine=0.0ms,forward|moe
6,5656317236,22.272,4,0.0,1.045,laggard_gpu_busy,gemm=18.0ms;moe_permute=3.7ms;activation=1.3ms,forward|attention|dsa_indexer
6,5869150189,18.571,1,0.0,0.561,mixed,gemm=8.1ms;moe_permute=1.2ms;elementwise=0.8ms,forward|moe
6,5940296151,14.115,3,0.0,1.04,laggard_gpu_busy,gemm=10.6ms;moe_permute=2.9ms;activation=0.9ms,forward|moe
6,6012743691,12.336,2,0.0,1.05,laggard_gpu_busy,gemm=8.2ms;moe_permute=2.8ms;activation=1.6ms,forward|attention|dsa_indexer
6,6156842093,14.549,1,0.0,1.021,laggard_gpu_busy,gemm=10.5ms;moe_permute=3.1ms;activation=1.0ms,forward|moe
6,6227059376,16.557,2,0.0,1.029,laggard_gpu_busy,gemm=11.6ms;moe_permute=3.2ms;activation=2.0ms,forward|moe
6,6356665313,12.637,4,0.0,1.058,laggard_gpu_busy,gemm=9.2ms;moe_permute=2.9ms;activation=1.0ms,forward|attention|dsa_indexer
6,6489497243,14.908,1,0.0,1.053,laggard_gpu_busy,gemm=11.8ms;moe_permute=2.7ms;activation=0.9ms,forward|moe
6,6687102535,14.837,1,0.0,1.051,laggard_gpu_busy,gemm=10.9ms;moe_permute=3.2ms;activation=1.2ms,forward|attention|dsa_indexer
6,6904179919,10.05,4,0.0,1.039,laggard_gpu_busy,gemm=6.8ms;moe_permute=2.6ms;activation=0.8ms,forward|moe
6,6972673811,5.611,0,0.001,1.054,laggard_gpu_busy,gemm=3.2ms;moe_permute=2.7ms;hybridep_meta=0.0ms,forward|moe
6,7030847652,15.666,3,0.0,1.049,laggard_gpu_busy,gemm=12.4ms;moe_permute=2.8ms;activation=0.9ms,forward|attention|dsa_indexer
6,7241613177,6.003,1,0.001,0.802,laggard_gpu_busy,moe_permute=3.2ms;gemm=1.6ms;hybridep_meta=0.0ms,forward|moe
6,7304330574,11.58,0,0.0,0.955,laggard_gpu_busy,gemm=7.1ms;moe_permute=2.8ms;activation=0.9ms,forward|moe
6,7704322285,29.943,1,0.0,0.856,laggard_gpu_busy,gemm=20.2ms;moe_permute=3.8ms;activation=1.3ms,forward|lm_head
6,8001538581,29.768,1,0.0,1.034,laggard_gpu_busy,gemm=25.8ms;moe_permute=3.4ms;activation=1.3ms,backward|recompute
6,8044687470,37.166,1,0.0,1.031,laggard_gpu_busy,gemm=26.9ms;topk_router=5.4ms;moe_permute=4.1ms,backward|recompute
6,9081908526,11.431,0,0.0,0.975,laggard_gpu_busy,gemm=7.2ms;moe_permute=2.7ms;activation=0.9ms,backward|recompute
6,9116328552,13.053,0,0.0,1.041,laggard_gpu_busy,gemm=10.8ms;moe_permute=2.8ms;hybridep_meta=0.0ms,backward|recompute
6,9285294738,5.233,1,0.001,1.037,laggard_gpu_busy,moe_permute=2.8ms;gemm=2.6ms;hybridep_meta=0.0ms,backward|recompute
6,9687657622,15.585,3,0.0,1.05,laggard_gpu_busy,gemm=12.3ms;moe_permute=2.9ms;activation=0.9ms,backward|recompute
6,9721863631,19.476,3,0.0,1.045,laggard_gpu_busy,gemm=13.6ms;moe_permute=3.2ms;topk_router=2.2ms,backward|recompute
6,9891308093,5.96,0,0.001,1.061,laggard_gpu_busy,gemm=3.6ms;moe_permute=2.7ms;hybridep_meta=0.0ms,backward|recompute
6,9925970745,7.089,0,0.0,1.062,laggard_gpu_busy,gemm=4.4ms;moe_permute=3.1ms;hybridep_meta=0.0ms,backward|recompute
6,10066538810,39.581,0,0.0,0.011,laggard_gpu_idle(host),hybridep_meta=0.4ms;other=0.1ms,backward|moe|hybridep_dispatch|recompute
6,10123802288,10.087,4,0.0,1.041,laggard_gpu_busy,gemm=6.8ms;moe_permute=2.6ms;activation=0.8ms,backward|recompute
6,10155889271,11.751,4,0.0,1.053,laggard_gpu_busy,gemm=9.6ms;moe_permute=2.7ms;hybridep_meta=0.0ms,backward|recompute
6,10556571565,90.624,0,0.0,0.005,laggard_gpu_idle(host),hybridep_meta=0.3ms;other=0.1ms,backward|moe|hybridep_dispatch|recompute
6,10668195553,14.911,1,0.0,1.054,laggard_gpu_busy,gemm=11.2ms;moe_permute=3.1ms;activation=1.1ms,backward|recompute
6,10709148721,21.304,1,0.0,1.037,laggard_gpu_busy,gemm=17.1ms;moe_permute=3.9ms;activation=1.1ms,backward|recompute
6,10858050102,22.302,0,0.0,0.02,laggard_gpu_idle(host),hybridep_meta=0.4ms;other=0.1ms,backward|moe|hybridep_dispatch|recompute
6,11267157572,14.716,1,0.0,1.053,laggard_gpu_busy,gemm=11.6ms;moe_permute=2.7ms;activation=0.9ms,backward|recompute
6,11301244770,20.656,1,0.0,1.037,laggard_gpu_busy,gemm=13.9ms;moe_permute=3.5ms;topk_router=2.5ms,backward|recompute
6,11454511369,8.58,0,0.0,0.053,laggard_gpu_idle(host),hybridep_meta=0.4ms;other=0.1ms,backward|moe|hybridep_dispatch|recompute
6,11481632397,12.785,4,0.0,1.046,laggard_gpu_busy,gemm=9.2ms;moe_permute=2.9ms;activation=1.0ms,backward|recompute
6,11517812349,14.719,4,0.0,1.034,laggard_gpu_busy,gemm=12.1ms;moe_permute=3.1ms;hybridep_meta=0.0ms,backward|recompute
6,11848996218,16.418,2,0.0,1.028,laggard_gpu_busy,gemm=11.5ms;moe_permute=3.1ms;activation=2.0ms,backward|recompute
6,11888196291,22.812,2,0.0,1.03,laggard_gpu_busy,gemm=14.9ms;moe_permute=3.6ms;topk_router=3.4ms,backward|recompute
6,12061020559,14.681,1,0.0,1.02,laggard_gpu_busy,gemm=10.6ms;moe_permute=3.0ms;activation=1.0ms,backward|recompute
6,12099259792,18.93,1,0.0,1.038,laggard_gpu_busy,gemm=15.0ms;moe_permute=3.6ms;activation=1.0ms,backward|recompute
6,12281937806,12.352,2,0.0,1.055,laggard_gpu_busy,gemm=8.4ms;moe_permute=2.8ms;activation=1.6ms,backward|recompute
6,12316648946,15.833,2,0.0,1.047,laggard_gpu_busy,gemm=12.4ms;moe_permute=3.2ms;activation=1.0ms,backward|recompute
6,12472555983,14.021,3,0.0,1.046,laggard_gpu_busy,gemm=10.6ms;moe_permute=2.9ms;activation=0.9ms,backward|recompute
6,12506405611,16.204,3,0.0,1.043,laggard_gpu_busy,gemm=12.6ms;moe_permute=3.0ms;activation=1.1ms,backward|recompute
6,12663872886,10.523,7,0.0,1.08,laggard_gpu_busy,gemm=7.5ms;moe_permute=2.7ms;activation=0.8ms,backward|recompute
6,12696985228,11.735,7,0.0,1.034,laggard_gpu_busy,gemm=9.3ms;moe_permute=2.8ms;hybridep_meta=0.0ms,backward|recompute
6,13052173538,21.899,4,0.0,1.021,laggard_gpu_busy,gemm=17.5ms;moe_permute=3.3ms;activation=1.3ms,backward|recompute
6,13095468624,27.675,4,0.0,1.025,laggard_gpu_busy,gemm=18.0ms;topk_router=4.8ms;moe_permute=3.8ms,backward|recompute
6,13287559622,6.003,0,0.001,1.033,laggard_gpu_busy,gemm=3.4ms;moe_permute=2.8ms;hybridep_meta=0.0ms,backward|recompute
6,13325198180,6.22,0,0.001,1.051,laggard_gpu_busy,gemm=3.4ms;moe_permute=3.2ms;hybridep_meta=0.0ms,backward|recompute
6,13692709348,11.002,0,0.0,1.035,laggard_gpu_busy,gemm=7.7ms;moe_permute=2.6ms;activation=0.8ms,backward|recompute
6,13724952372,16.016,0,0.0,1.05,laggard_gpu_busy,gemm=13.1ms;moe_permute=3.3ms;activation=0.3ms,backward|recompute
6,13887693970,22.379,1,0.0,1.047,laggard_gpu_busy,gemm=18.1ms;moe_permute=3.6ms;activation=1.5ms,backward|recompute
6,13936826929,26.999,1,0.0,1.026,laggard_gpu_busy,gemm=20.8ms;moe_permute=4.0ms;activation=2.1ms,backward|recompute
6,14118701073,11.66,1,0.0,1.032,laggard_gpu_busy,gemm=8.0ms;moe_permute=2.8ms;activation=0.9ms,backward|recompute
6,14154034491,13.184,1,0.0,1.028,laggard_gpu_busy,gemm=10.6ms;moe_permute=3.0ms;hybridep_meta=0.0ms,backward|recompute
6,14300294639,59.716,3,0.0,0.008,laggard_gpu_idle(host),hybridep_meta=0.4ms;other=0.1ms,backward|moe|hybridep_dispatch|recompute
6,14583320741,15.325,7,0.0,1.079,laggard_gpu_busy,gemm=12.3ms;moe_permute=3.0ms;activation=0.9ms,backward|recompute
6,14618621391,20.022,7,0.0,1.034,laggard_gpu_busy,gemm=13.6ms;moe_permute=3.5ms;topk_router=2.2ms,backward|recompute
6,14792261487,12.565,4,0.0,1.045,laggard_gpu_busy,gemm=8.9ms;moe_permute=2.9ms;activation=1.0ms,backward|recompute
6,14828907720,19.282,4,0.0,1.037,laggard_gpu_busy,gemm=15.1ms;moe_permute=3.8ms;activation=1.1ms,backward|recompute
6,14991521298,12.102,0,0.0,1.031,laggard_gpu_busy,gemm=8.9ms;moe_permute=2.5ms;activation=0.8ms,backward|recompute
6,15022621467,17.123,0,0.0,1.045,laggard_gpu_busy,gemm=12.6ms;moe_permute=3.3ms;activation=1.3ms,backward|recompute
6,15166508582,80.147,0,0.0,0.005,laggard_gpu_idle(host),hybridep_meta=0.4ms;other=0.1ms,backward|moe|hybridep_dispatch|recompute
6,15263194911,16.028,7,0.0,1.066,laggard_gpu_busy,gemm=12.8ms;moe_permute=3.0ms;activation=1.0ms,backward|recompute
6,15300287611,18.69,7,0.0,1.036,laggard_gpu_busy,gemm=14.4ms;moe_permute=3.4ms;activation=1.2ms,backward|recompute
6,15676858310,13.246,1,0.0,1.052,laggard_gpu_busy,gemm=9.9ms;moe_permute=2.8ms;activation=0.9ms,backward|recompute
6,15711625455,15.433,1,0.0,1.042,laggard_gpu_busy,gemm=12.9ms;moe_permute=3.1ms;hybridep_meta=0.0ms,backward|recompute
6,15872276040,12.433,5,0.001,1.081,laggard_gpu_busy,gemm=9.4ms;moe_permute=2.9ms;activation=0.9ms,backward|recompute
6,15906053992,14.494,5,0.0,1.053,laggard_gpu_busy,gemm=12.2ms;moe_permute=3.1ms;hybridep_meta=0.0ms,backward|recompute
6,16065024212,16.648,0,0.0,1.054,laggard_gpu_busy,gemm=12.9ms;moe_permute=3.2ms;activation=1.1ms,backward|recompute
6,16104924744,19.808,0,0.0,1.034,laggard_gpu_busy,gemm=15.8ms;moe_permute=3.6ms;activation=1.1ms,backward|recompute
6,16474445687,9.495,1,0.001,1.039,laggard_gpu_busy,gemm=6.1ms;moe_permute=2.6ms;activation=0.8ms,backward|recompute
6,16507160750,10.91,1,0.0,1.039,laggard_gpu_busy,gemm=8.5ms;moe_permute=2.9ms;hybridep_meta=0.0ms,backward|recompute
6,16679005767,8.472,5,0.001,1.015,laggard_gpu_busy,gemm=5.4ms;moe_permute=3.2ms;hybridep_meta=0.0ms,backward|recompute
6,16722687964,10.625,5,0.0,1.024,laggard_gpu_busy,gemm=7.3ms;moe_permute=3.6ms;hybridep_meta=0.0ms,backward|recompute
6,17147627754,5.794,5,0.001,1.038,laggard_gpu_busy,gemm=3.5ms;moe_permute=2.5ms;hybridep_meta=0.0ms,backward|recompute
6,17505965359,14.181,0,0.0,1.093,laggard_gpu_busy,gemm=11.4ms;moe_permute=2.9ms;activation=0.9ms,backward|recompute
6,17541474915,16.484,0,0.0,1.044,laggard_gpu_busy,gemm=13.3ms;moe_permute=3.2ms;activation=0.7ms,backward|recompute
6,17714276414,5.509,5,0.001,1.04,laggard_gpu_busy,moe_permute=2.9ms;gemm=2.8ms;hybridep_meta=0.0ms,backward|recompute
6,17752568202,7.682,5,0.001,1.058,laggard_gpu_busy,gemm=4.8ms;moe_permute=3.3ms;hybridep_meta=0.0ms,backward|recompute
6,17973201412,14.628,2,0.0,1.049,laggard_gpu_busy,gemm=10.4ms;moe_permute=2.8ms;activation=1.8ms,backward|recompute
6,18010041188,22.139,2,0.0,1.033,laggard_gpu_busy,gemm=14.8ms;moe_permute=3.6ms;topk_router=2.9ms,backward|recompute
6,18185370933,11.251,3,0.0,1.027,laggard_gpu_busy,gemm=8.0ms;moe_permute=3.2ms;elementwise=0.3ms,backward|recompute
6,18226935550,13.538,3,0.0,1.022,laggard_gpu_busy,gemm=9.7ms;moe_permute=4.2ms;hybridep_meta=0.0ms,backward|recompute
6,18385948737,14.28,3,0.0,1.055,laggard_gpu_busy,gemm=10.8ms;moe_permute=3.0ms;activation=1.0ms,backward|recompute
6,18422629759,19.701,3,0.0,1.04,laggard_gpu_busy,gemm=14.5ms;moe_permute=3.6ms;activation=1.5ms,backward|recompute
6,18569432633,25.92,3,0.0,0.017,laggard_gpu_idle(host),hybridep_meta=0.4ms;other=0.1ms,backward|moe|hybridep_dispatch|recompute
6,18802635040,12.095,7,0.0,1.071,laggard_gpu_busy,gemm=9.1ms;moe_permute=2.7ms;activation=0.9ms,backward|recompute
6,18836406853,15.272,7,0.0,1.052,laggard_gpu_busy,gemm=12.6ms;moe_permute=3.1ms;activation=0.3ms,backward|recompute
6,19000960958,8.046,5,0.001,1.045,laggard_gpu_busy,gemm=5.9ms;moe_permute=2.5ms;hybridep_meta=0.0ms,backward|recompute
6,19032827124,9.031,5,0.0,1.042,laggard_gpu_busy,gemm=6.6ms;moe_permute=2.8ms;hybridep_meta=0.0ms,backward|recompute
6,19190860379,5.318,1,0.001,1.058,laggard_gpu_busy,gemm=3.3ms;moe_permute=2.3ms;hybridep_meta=0.0ms,backward|recompute
6,19219927865,6.022,1,0.001,1.047,laggard_gpu_busy,gemm=3.9ms;moe_permute=2.4ms;hybridep_meta=0.0ms,backward|recompute
6,19348437533,21.236,5,0.0,0.02,laggard_gpu_idle(host),hybridep_meta=0.3ms;other=0.1ms,backward|moe|hybridep_dispatch|recompute
6,19790447671,8.139,0,0.0,1.026,laggard_gpu_busy,gemm=5.3ms;moe_permute=3.1ms;hybridep_meta=0.0ms,backward|recompute
6,19832081795,10.7,0,0.0,1.035,laggard_gpu_busy,gemm=7.7ms;moe_permute=3.4ms;hybridep_meta=0.0ms,backward|recompute
6,19994608337,24.726,4,0.0,1.05,laggard_gpu_busy,gemm=21.1ms;moe_permute=3.3ms;activation=1.2ms,backward|recompute
6,20036104252,31.429,4,0.0,1.032,laggard_gpu_busy,gemm=21.2ms;topk_router=5.7ms;moe_permute=3.8ms,backward|recompute
6,20198018244,75.229,3,0.0,0.006,laggard_gpu_idle(host),hybridep_meta=0.4ms;other=0.1ms,backward|moe|hybridep_dispatch|recompute
6,20294391087,9.699,0,0.0,1.032,laggard_gpu_busy,gemm=6.7ms;moe_permute=2.9ms;elementwise=0.3ms,backward|recompute
6,20330454635,13.495,0,0.0,1.024,laggard_gpu_busy,gemm=10.2ms;moe_permute=3.6ms;hybridep_meta=0.0ms,backward|recompute
6,20488470161,21.283,3,0.0,1.043,laggard_gpu_busy,gemm=17.6ms;moe_permute=3.2ms;activation=1.1ms,backward|recompute
6,20527770601,25.646,3,0.0,1.034,laggard_gpu_busy,gemm=16.7ms;topk_router=4.6ms;moe_permute=3.6ms,backward|recompute
6,20710710857,13.035,4,0.0,1.031,laggard_gpu_busy,gemm=8.7ms;moe_permute=3.2ms;activation=1.2ms,backward|recompute
6,20753629120,18.414,4,0.0,1.036,laggard_gpu_busy,gemm=15.3ms;moe_permute=3.7ms;hybridep_meta=0.0ms,backward|recompute
6,20923313485,9.528,4,0.0,1.036,laggard_gpu_busy,gemm=6.9ms;moe_permute=3.0ms;hybridep_meta=0.0ms,backward|recompute
6,20962413347,10.866,4,0.0,1.016,laggard_gpu_busy,gemm=7.8ms;moe_permute=3.3ms;hybridep_meta=0.0ms,backward|recompute
6,21124874320,6.236,2,0.001,1.026,laggard_gpu_busy,gemm=3.3ms;moe_permute=3.1ms;hybridep_meta=0.0ms,backward|recompute
6,21169631863,5.498,2,0.001,1.016,laggard_gpu_busy,moe_permute=3.6ms;gemm=2.0ms;hybridep_meta=0.0ms,backward|recompute
6,21324348521,9.324,3,0.001,1.035,laggard_gpu_busy,gemm=6.0ms;moe_permute=2.5ms;activation=0.8ms,backward|recompute
6,21356766663,13.791,3,0.0,1.047,laggard_gpu_busy,gemm=11.1ms;moe_permute=3.3ms;hybridep_meta=0.0ms,backward|recompute
6,21736027766,90.24,0,0.0,0.129,laggard_gpu_idle(host),gemm=9.3ms;moe_permute=1.4ms;elementwise=0.5ms,backward|moe|recompute
6,22015425558,8.351,3,0.001,1.046,laggard_gpu_busy,gemm=6.0ms;moe_permute=2.8ms;hybridep_meta=0.0ms,backward|recompute
6,22048953661,10.824,3,0.0,1.033,laggard_gpu_busy,gemm=8.2ms;moe_permute=3.0ms;hybridep_meta=0.0ms,backward|recompute
6,22398960651,6.658,5,0.001,1.053,laggard_gpu_busy,gemm=4.6ms;moe_permute=2.4ms;hybridep_meta=0.0ms,backward|recompute
6,22428587312,7.741,5,0.001,1.09,laggard_gpu_busy,gemm=5.9ms;moe_permute=2.5ms;hybridep_meta=0.0ms,backward|recompute
6,22587601578,10.752,4,0.0,1.031,laggard_gpu_busy,gemm=7.0ms;moe_permute=2.9ms;activation=1.0ms,backward|recompute
6,22623541255,12.066,4,0.0,1.051,laggard_gpu_busy,gemm=9.7ms;moe_permute=2.9ms;hybridep_meta=0.0ms,backward|recompute
6,23167734724,14.499,7,0.0,1.022,laggard_gpu_busy,gemm=10.4ms;moe_permute=3.1ms;activation=1.1ms,backward|recompute
6,23206576445,17.932,7,0.0,1.038,laggard_gpu_busy,gemm=15.2ms;moe_permute=3.4ms;hybridep_meta=0.0ms,backward|recompute
6,23548941585,9.771,0,0.0,1.034,laggard_gpu_busy,gemm=6.7ms;moe_permute=2.8ms;activation=0.3ms,backward|recompute
6,23583939175,11.345,0,0.0,1.033,laggard_gpu_busy,gemm=8.8ms;moe_permute=2.9ms;hybridep_meta=0.0ms,backward|recompute
7,1273471616,14.724,0,0.0,1.038,laggard_gpu_busy,gemm=11.3ms;moe_permute=2.8ms;activation=0.9ms,forward|moe
7,1630771591,6.769,1,0.001,1.052,laggard_gpu_busy,gemm=4.9ms;moe_permute=2.2ms;hybridep_meta=0.0ms,forward|moe
7,1691502770,14.863,6,0.0,1.044,laggard_gpu_busy,gemm=11.2ms;moe_permute=3.0ms;activation=1.0ms,forward|moe
7,1768734146,9.932,4,0.0,1.029,laggard_gpu_busy,gemm=6.8ms;moe_permute=2.8ms;activation=0.4ms,forward|moe
7,1965460472,10.312,2,0.0,1.031,laggard_gpu_busy,gemm=6.0ms;moe_permute=2.8ms;activation=1.5ms,forward|moe
7,2026585862,13.315,3,0.0,1.043,laggard_gpu_busy,gemm=10.0ms;moe_permute=2.7ms;activation=0.9ms,forward|moe
7,2096234553,16.588,6,0.0,1.042,laggard_gpu_busy,gemm=12.1ms;moe_permute=3.7ms;activation=1.2ms,forward|moe
7,2176245696,7.695,6,0.001,1.039,laggard_gpu_busy,gemm=5.0ms;moe_permute=3.0ms;hybridep_meta=0.0ms,forward|attention|dsa_indexer
7,2308529869,11.145,3,0.0,1.037,laggard_gpu_busy,gemm=7.8ms;moe_permute=2.6ms;activation=0.8ms,forward|moe
7,2371320360,19.595,2,0.0,1.017,laggard_gpu_busy,gemm=14.6ms;moe_permute=3.0ms;activation=2.1ms,forward|moe
7,2449662817,13.102,4,0.0,1.036,laggard_gpu_busy,gemm=9.3ms;moe_permute=2.9ms;activation=1.0ms,forward|moe
7,2527391445,14.835,4,0.0,0.974,laggard_gpu_busy,gemm=9.3ms;moe_permute=3.5ms;activation=1.3ms,forward|attention|dsa_indexer
7,2676162152,14.817,3,0.0,1.045,laggard_gpu_busy,gemm=11.0ms;moe_permute=3.1ms;activation=1.1ms,forward|moe
7,2750200323,7.523,0,0.0,1.024,laggard_gpu_busy,gemm=4.8ms;moe_permute=2.9ms;hybridep_combine=0.0ms,forward|moe
7,2823198553,8.312,4,0.001,1.025,laggard_gpu_busy,gemm=4.6ms;moe_permute=3.9ms;hybridep_meta=0.0ms,forward|moe
7,2891531912,14.392,0,0.0,1.025,laggard_gpu_busy,gemm=10.3ms;moe_permute=3.1ms;activation=1.1ms,forward|attention|dsa_indexer
7,3022995835,24.738,6,0.0,1.059,laggard_gpu_busy,gemm=21.7ms;moe_permute=3.1ms;activation=1.1ms,forward|moe
7,3096919288,12.189,4,0.0,1.064,laggard_gpu_busy,gemm=9.4ms;moe_permute=2.5ms;activation=0.8ms,forward|moe
7,3161497032,8.056,1,0.001,1.04,laggard_gpu_busy,gemm=5.3ms;moe_permute=2.3ms;activation=0.4ms,forward|moe
7,3224695789,8.585,5,0.0,1.037,laggard_gpu_busy,gemm=5.9ms;moe_permute=2.5ms;elementwise=0.3ms,forward|attention|dsa_indexer
7,3420149452,12.014,6,0.0,1.065,laggard_gpu_busy,gemm=8.9ms;moe_permute=2.8ms;activation=0.8ms,forward|moe
7,3479403536,21.559,3,0.0,1.058,laggard_gpu_busy,gemm=18.6ms;moe_permute=2.9ms;activation=1.0ms,forward|moe
7,3552743016,20.22,3,0.0,1.027,laggard_gpu_busy,gemm=16.0ms;moe_permute=3.4ms;activation=1.2ms,forward|attention|dsa_indexer
7,3704258368,10.51,2,0.0,1.029,laggard_gpu_busy,gemm=7.0ms;moe_permute=2.9ms;activation=0.6ms,forward|moe
7,3768980817,14.28,5,0.0,1.076,laggard_gpu_busy,gemm=11.2ms;moe_permute=2.9ms;activation=1.0ms,forward|moe
7,3838672747,12.657,0,0.0,1.08,laggard_gpu_busy,gemm=9.4ms;moe_permute=3.1ms;activation=0.9ms,forward|moe
7,3909719504,13.827,6,0.0,1.067,laggard_gpu_busy,gemm=10.3ms;moe_permute=3.1ms;activation=1.1ms,forward|attention|dsa_indexer
7,4050637393,8.989,5,0.0,1.042,laggard_gpu_busy,gemm=6.0ms;moe_permute=2.4ms;activation=0.7ms,forward|moe
7,4178065028,16.803,5,0.0,1.03,laggard_gpu_busy,gemm=12.5ms;moe_permute=3.3ms;activation=1.2ms,forward|moe
7,4252491236,8.799,1,0.001,1.04,laggard_gpu_busy,gemm=6.1ms;moe_permute=2.6ms;elementwise=0.3ms,forward|attention|dsa_indexer
7,4381680844,13.384,2,0.0,1.052,laggard_gpu_busy,gemm=9.7ms;moe_permute=2.6ms;activation=1.6ms,forward|moe
7,4445705987,19.644,0,0.0,1.045,laggard_gpu_busy,gemm=16.0ms;moe_permute=3.2ms;activation=1.1ms,forward|moe
7,4519472779,10.455,5,0.0,1.043,laggard_gpu_busy,gemm=7.0ms;moe_permute=2.8ms;activation=0.9ms,forward|moe
7,4586296505,11.225,1,0.0,1.042,laggard_gpu_busy,gemm=7.7ms;moe_permute=2.8ms;activation=0.9ms,forward|attention|dsa_indexer
7,4727028784,8.722,6,0.001,1.025,laggard_gpu_busy,gemm=5.8ms;moe_permute=3.1ms;hybridep_meta=0.0ms,forward|moe
7,4860642540,8.351,0,0.0,1.038,laggard_gpu_busy,gemm=5.9ms;moe_permute=2.5ms;elementwise=0.2ms,forward|moe
7,4924527553,14.059,4,0.0,1.046,laggard_gpu_busy,gemm=10.4ms;moe_permute=3.0ms;activation=1.0ms,forward|attention|dsa_indexer
7,5160972248,11.656,6,0.0,1.025,laggard_gpu_busy,gemm=7.5ms;moe_permute=3.5ms;activation=0.7ms,forward|moe
7,5230377403,11.61,1,0.0,1.04,laggard_gpu_busy,gemm=8.1ms;moe_permute=2.7ms;activation=0.9ms,forward|moe
7,5296534532,29.293,1,0.0,1.038,laggard_gpu_busy,gemm=24.5ms;moe_permute=4.0ms;activation=1.6ms,forward|attention|dsa_indexer
7,5451880725,12.464,0,0.0,1.038,laggard_gpu_busy,gemm=9.1ms;moe_permute=2.7ms;activation=0.9ms,forward|moe
7,5514580769,18.848,6,0.0,1.071,laggard_gpu_busy,gemm=15.7ms;moe_permute=3.2ms;activation=1.1ms,forward|moe
7,5587268960,16.32,0,0.0,1.055,laggard_gpu_busy,gemm=13.2ms;moe_permute=2.8ms;activation=1.0ms,forward|moe
7,5662043824,16.546,4,0.0,0.921,laggard_gpu_busy,gemm=9.9ms;moe_permute=3.7ms;activation=1.3ms,forward|attention|dsa_indexer
7,5801155674,13.944,6,0.0,1.072,laggard_gpu_busy,gemm=10.8ms;moe_permute=3.0ms;activation=0.9ms,forward|moe
7,5879198437,8.523,1,0.0,0.919,laggard_gpu_busy,gemm=6.0ms;moe_permute=1.2ms;activation=0.3ms,forward|moe
7,6019402392,5.678,2,0.001,1.021,laggard_gpu_busy,gemm=3.0ms;moe_permute=2.8ms;hybridep_meta=0.0ms,forward|attention|dsa_indexer
7,6231054656,12.562,2,0.0,1.022,laggard_gpu_busy,gemm=7.4ms;moe_permute=3.2ms;activation=2.0ms,forward|moe
7,6362864044,6.438,4,0.001,1.018,laggard_gpu_busy,gemm=3.6ms;moe_permute=2.9ms;hybridep_meta=0.0ms,forward|attention|dsa_indexer
7,6491490772,12.915,1,0.0,1.061,laggard_gpu_busy,gemm=9.8ms;moe_permute=2.7ms;activation=0.9ms,forward|moe
7,6554479635,12.513,1,0.0,1.032,laggard_gpu_busy,gemm=9.1ms;moe_permute=2.7ms;activation=0.8ms,forward|moe
7,6624397868,5.069,0,0.001,1.028,laggard_gpu_busy,gemm=2.8ms;moe_permute=2.4ms;hybridep_meta=0.0ms,forward|moe
7,6682739779,19.2,1,0.0,1.047,laggard_gpu_busy,gemm=15.4ms;moe_permute=3.2ms;activation=1.2ms,forward|attention|dsa_indexer
7,6835755368,5.743,1,0.001,1.016,laggard_gpu_busy,gemm=3.1ms;moe_permute=2.7ms;hybridep_meta=0.0ms,forward|moe
7,6905455552,8.773,4,0.001,1.04,laggard_gpu_busy,gemm=6.1ms;moe_permute=2.6ms;elementwise=0.3ms,forward|moe
7,6969061860,9.223,0,0.0,1.033,laggard_gpu_busy,gemm=6.4ms;moe_permute=2.7ms;elementwise=0.3ms,forward|moe
7,7033439566,13.073,3,0.001,0.937,laggard_gpu_busy,gemm=8.2ms;moe_permute=2.8ms;activation=0.9ms,forward|attention|dsa_indexer
7,7163002985,17.201,1,0.0,1.082,laggard_gpu_busy,gemm=14.9ms;moe_permute=2.6ms;activation=0.9ms,forward|moe
7,7233357575,14.258,1,0.0,1.005,laggard_gpu_busy,gemm=9.8ms;moe_permute=3.2ms;activation=0.9ms,forward|moe
7,7308158603,7.753,0,0.0,1.036,laggard_gpu_busy,gemm=5.2ms;moe_permute=2.8ms;hybridep_meta=0.0ms,forward|moe
7,7372408980,8.784,5,0.001,0.912,laggard_gpu_busy,gemm=5.2ms;moe_permute=2.8ms;hybridep_meta=0.0ms,forward|attention|dsa_indexer
7,7511180319,6.38,4,0.001,1.031,laggard_gpu_busy,gemm=3.8ms;moe_permute=2.7ms;hybridep_meta=0.0ms,forward|moe
7,7572016106,16.518,6,0.0,0.827,laggard_gpu_busy,gemm=9.0ms;moe_permute=3.2ms;activation=1.2ms,forward|moe
7,7648347611,8.758,6,0.001,1.025,laggard_gpu_busy,gemm=5.9ms;moe_permute=3.1ms;hybridep_meta=0.0ms,forward|moe
7,7703000018,31.265,1,0.0,0.82,laggard_gpu_busy,gemm=20.2ms;moe_permute=3.8ms;activation=1.3ms,forward|lm_head
7,8000239089,31.068,1,0.0,1.033,laggard_gpu_busy,gemm=27.1ms;moe_permute=3.4ms;activation=1.3ms,backward|recompute
7,8043329316,38.524,1,0.0,0.994,laggard_gpu_busy,gemm=26.9ms;topk_router=5.4ms;moe_permute=4.1ms,backward|recompute
7,8214861288,34.932,6,0.0,0.013,laggard_gpu_idle(host),hybridep_meta=0.4ms;other=0.1ms,backward|moe|hybridep_dispatch|recompute
7,8272560569,7.653,6,0.001,1.035,laggard_gpu_busy,gemm=5.1ms;moe_permute=2.8ms;hybridep_meta=0.0ms,backward|recompute
7,8308668176,9.214,6,0.001,1.037,laggard_gpu_busy,gemm=6.5ms;moe_permute=3.0ms;hybridep_meta=0.0ms,backward|recompute
7,8464472397,16.667,6,0.0,1.026,laggard_gpu_busy,gemm=12.5ms;moe_permute=3.1ms;activation=1.2ms,backward|recompute
7,8505052556,20.747,6,0.0,1.03,laggard_gpu_busy,gemm=16.4ms;moe_permute=3.5ms;activation=1.5ms,backward|recompute
7,8689603870,6.498,4,0.001,1.03,laggard_gpu_busy,gemm=4.0ms;moe_permute=2.7ms;hybridep_meta=0.0ms,backward|recompute
7,8725301911,6.809,4,0.001,1.03,laggard_gpu_busy,gemm=4.1ms;moe_permute=3.0ms;hybridep_meta=0.0ms,backward|recompute
7,8878488183,8.715,5,0.001,0.918,laggard_gpu_busy,gemm=5.2ms;moe_permute=2.8ms;hybridep_meta=0.0ms,backward|recompute
7,8914007950,10.257,5,0.0,1.016,laggard_gpu_busy,gemm=7.5ms;moe_permute=3.0ms;hybridep_meta=0.0ms,backward|recompute
7,9085567631,7.772,0,0.0,1.036,laggard_gpu_busy,gemm=5.3ms;moe_permute=2.7ms;hybridep_meta=0.0ms,backward|recompute
7,9120487073,8.894,0,0.0,1.044,laggard_gpu_busy,gemm=6.5ms;moe_permute=2.8ms;hybridep_meta=0.0ms,backward|recompute
7,9277071358,13.456,1,0.0,1.073,laggard_gpu_busy,gemm=10.4ms;moe_permute=2.8ms;activation=0.9ms,backward|recompute
7,9311712846,15.645,1,0.0,1.04,laggard_gpu_busy,gemm=13.0ms;moe_permute=3.1ms;activation=0.2ms,backward|recompute
7,9485248287,17.048,1,0.0,1.079,laggard_gpu_busy,gemm=14.7ms;moe_permute=2.6ms;activation=0.9ms,backward|recompute
7,9518280769,20.55,1,0.0,1.038,laggard_gpu_busy,gemm=13.6ms;topk_router=3.7ms;moe_permute=2.9ms,backward|recompute
7,9690086212,13.157,3,0.0,1.036,laggard_gpu_busy,gemm=9.5ms;moe_permute=2.9ms;activation=0.9ms,backward|recompute
7,9724971893,16.366,3,0.0,1.054,laggard_gpu_busy,gemm=13.6ms;moe_permute=3.2ms;activation=0.4ms,backward|recompute
7,9888056523,9.211,0,0.0,1.034,laggard_gpu_busy,gemm=6.4ms;moe_permute=2.7ms;elementwise=0.3ms,backward|recompute
7,9922367352,10.692,0,0.0,1.04,laggard_gpu_busy,gemm=8.0ms;moe_permute=3.1ms;hybridep_meta=0.0ms,backward|recompute
7,10066543849,39.576,0,0.0,0.011,laggard_gpu_idle(host),hybridep_meta=0.4ms;other=0.1ms,backward|moe|hybridep_dispatch|recompute
7,10124967177,8.922,4,0.001,1.039,laggard_gpu_busy,gemm=6.1ms;moe_permute=2.6ms;elementwise=0.3ms,backward|recompute
7,10157334053,10.306,4,0.0,1.061,laggard_gpu_busy,gemm=8.2ms;moe_permute=2.7ms;hybridep_meta=0.0ms,backward|recompute
7,10321126657,5.48,1,0.001,1.017,laggard_gpu_busy,moe_permute=2.9ms;gemm=2.6ms;hybridep_meta=0.0ms,backward|recompute
7,10356394230,7.158,1,0.001,1.028,laggard_gpu_busy,gemm=4.4ms;moe_permute=3.0ms;hybridep_meta=0.0ms,backward|recompute
7,10556560689,90.634,0,0.0,0.005,laggard_gpu_idle(host),hybridep_meta=0.3ms;other=0.1ms,backward|moe|hybridep_dispatch|recompute
7,10664195969,18.91,1,0.0,1.049,laggard_gpu_busy,gemm=15.3ms;moe_permute=3.1ms;activation=1.1ms,backward|recompute
7,10704526851,25.926,1,0.0,1.03,laggard_gpu_busy,gemm=17.1ms;topk_router=3.9ms;moe_permute=3.9ms,backward|recompute
7,10858030565,22.322,0,0.0,0.02,laggard_gpu_idle(host),hybridep_meta=0.4ms;other=0.1ms,backward|moe|hybridep_dispatch|recompute
7,10931979437,6.632,0,0.0,1.034,laggard_gpu_busy,gemm=4.2ms;moe_permute=2.7ms;hybridep_meta=0.0ms,backward|recompute
7,11074622131,11.815,1,0.0,0.858,laggard_gpu_busy,gemm=6.6ms;moe_permute=2.5ms;activation=0.8ms,backward|recompute
7,11104160698,13.83,1,0.0,1.049,laggard_gpu_busy,gemm=11.0ms;moe_permute=2.6ms;activation=0.9ms,backward|recompute
7,11269189724,12.683,1,0.0,1.062,laggard_gpu_busy,gemm=9.5ms;moe_permute=2.7ms;activation=0.9ms,backward|recompute
7,11303637679,18.264,1,0.0,1.042,laggard_gpu_busy,gemm=13.9ms;moe_permute=3.5ms;activation=1.5ms,backward|recompute
7,11454624019,8.467,0,0.001,0.053,laggard_gpu_idle(host),hybridep_meta=0.4ms;other=0.1ms,backward|moe|hybridep_dispatch|recompute
7,11488161823,6.256,4,0.001,1.012,laggard_gpu_busy,gemm=3.5ms;moe_permute=2.9ms;hybridep_meta=0.0ms,backward|recompute
7,11525237130,7.295,4,0.001,1.027,laggard_gpu_busy,gemm=4.4ms;moe_permute=3.1ms;hybridep_meta=0.0ms,backward|recompute
7,11851579563,13.835,2,0.0,1.034,laggard_gpu_busy,gemm=8.9ms;moe_permute=3.1ms;activation=2.0ms,backward|recompute
7,11892001684,19.006,2,0.0,1.036,laggard_gpu_busy,gemm=14.9ms;moe_permute=3.6ms;activation=1.1ms,backward|recompute
7,12288456968,5.832,2,0.001,1.022,laggard_gpu_busy,gemm=3.2ms;moe_permute=2.8ms;hybridep_meta=0.0ms,backward|recompute
7,12324384393,8.096,2,0.001,1.029,laggard_gpu_busy,gemm=5.1ms;moe_permute=3.2ms;hybridep_meta=0.0ms,backward|recompute
7,12850971856,13.812,6,0.0,1.072,laggard_gpu_busy,gemm=10.7ms;moe_permute=2.9ms;activation=0.9ms,backward|recompute
7,12886577681,19.553,6,0.0,1.036,laggard_gpu_busy,gemm=14.0ms;moe_permute=3.8ms;activation=1.5ms,backward|recompute
7,13057930999,16.141,4,0.0,1.031,laggard_gpu_busy,gemm=11.8ms;moe_permute=3.3ms;activation=1.3ms,backward|recompute
7,13102228902,20.915,4,0.0,1.032,laggard_gpu_busy,gemm=17.8ms;moe_permute=3.8ms;hybridep_meta=0.0ms,backward|recompute
7,13277606896,15.956,0,0.0,0.862,laggard_gpu_busy,gemm=9.8ms;moe_permute=2.8ms;activation=0.9ms,backward|recompute
7,13312678860,18.739,0,0.0,1.038,laggard_gpu_busy,gemm=13.9ms;moe_permute=3.2ms;topk_router=1.3ms,backward|recompute
7,13481592540,19.13,6,0.0,1.074,laggard_gpu_busy,gemm=15.8ms;moe_permute=3.3ms;activation=1.1ms,backward|recompute
7,13520598779,22.32,6,0.0,1.035,laggard_gpu_busy,gemm=15.2ms;moe_permute=3.4ms;topk_router=3.0ms,backward|recompute
7,13691641151,12.07,0,0.0,1.035,laggard_gpu_busy,gemm=8.8ms;moe_permute=2.6ms;activation=0.8ms,backward|recompute
7,13723850625,17.118,0,0.0,1.047,laggard_gpu_busy,gemm=13.1ms;moe_permute=3.3ms;activation=1.3ms,backward|recompute
7,13881630669,28.443,1,0.0,1.04,laggard_gpu_busy,gemm=24.3ms;moe_permute=3.6ms;activation=1.5ms,backward|recompute
7,13929506460,34.32,1,0.0,1.04,laggard_gpu_busy,gemm=23.5ms;topk_router=6.1ms;moe_permute=4.0ms,backward|recompute
7,14118611970,11.748,1,0.0,1.034,laggard_gpu_busy,gemm=8.1ms;moe_permute=2.8ms;activation=0.9ms,backward|recompute
7,14153771646,13.447,1,0.0,1.031,laggard_gpu_busy,gemm=10.9ms;moe_permute=3.0ms;hybridep_meta=0.0ms,backward|recompute
7,14300246821,59.762,3,0.0,0.008,laggard_gpu_idle(host),hybridep_meta=0.4ms;other=0.1ms,backward|moe|hybridep_dispatch|recompute
7,14381836643,11.724,6,0.0,1.023,laggard_gpu_busy,gemm=7.6ms;moe_permute=3.1ms;activation=1.1ms,backward|recompute
7,14420586464,14.553,6,0.0,1.026,laggard_gpu_busy,gemm=11.5ms;moe_permute=3.4ms;hybridep_meta=0.0ms,backward|recompute
7,14791129390,13.697,4,0.0,1.055,laggard_gpu_busy,gemm=10.3ms;moe_permute=2.9ms;activation=1.0ms,backward|recompute
7,14827934013,20.255,4,0.0,1.035,laggard_gpu_busy,gemm=15.1ms;moe_permute=3.8ms;activation=1.6ms,backward|recompute
7,14994800747,8.821,0,0.0,1.033,laggard_gpu_busy,gemm=6.0ms;moe_permute=2.5ms;activation=0.4ms,backward|recompute
7,15026584653,13.16,0,0.0,1.046,laggard_gpu_busy,gemm=10.5ms;moe_permute=3.3ms;hybridep_meta=0.0ms,backward|recompute
7,15166566886,80.087,0,0.0,0.005,laggard_gpu_idle(host),hybridep_meta=0.4ms;other=0.1ms,backward|moe|hybridep_dispatch|recompute
7,15476265992,8.978,6,0.001,1.029,laggard_gpu_busy,gemm=6.1ms;moe_permute=3.1ms;hybridep_meta=0.0ms,backward|recompute
7,15515347660,14.93,6,0.0,1.033,laggard_gpu_busy,gemm=11.7ms;moe_permute=3.7ms;hybridep_meta=0.0ms,backward|recompute
7,15678974813,11.13,1,0.0,1.035,laggard_gpu_busy,gemm=7.5ms;moe_permute=2.8ms;activation=0.9ms,backward|recompute
7,15713982907,13.075,1,0.0,1.035,laggard_gpu_busy,gemm=10.4ms;moe_permute=3.1ms;hybridep_meta=0.0ms,backward|recompute
7,15873990187,10.718,5,0.001,1.047,laggard_gpu_busy,gemm=7.1ms;moe_permute=2.9ms;activation=0.9ms,backward|recompute
7,15908529414,12.018,5,0.0,1.042,laggard_gpu_busy,gemm=9.4ms;moe_permute=3.1ms;hybridep_meta=0.0ms,backward|recompute
7,16061975770,19.697,0,0.0,1.046,laggard_gpu_busy,gemm=16.0ms;moe_permute=3.2ms;activation=1.1ms,backward|recompute
7,16101522306,23.212,0,0.0,1.029,laggard_gpu_busy,gemm=15.8ms;moe_permute=3.6ms;topk_router=3.1ms,backward|recompute
7,16278885840,13.352,2,0.0,1.052,laggard_gpu_busy,gemm=9.6ms;moe_permute=2.6ms;activation=1.6ms,backward|recompute
7,16311128533,17.041,2,0.0,1.04,laggard_gpu_busy,gemm=11.8ms;moe_permute=3.0ms;topk_router=1.9ms,backward|recompute
7,16474921160,9.021,1,0.001,1.041,laggard_gpu_busy,gemm=6.1ms;moe_permute=2.6ms;activation=0.3ms,backward|recompute
7,16507845875,10.225,1,0.0,1.042,laggard_gpu_busy,gemm=7.8ms;moe_permute=2.9ms;hybridep_meta=0.0ms,backward|recompute
7,16644264492,5.953,4,0.001,0.067,laggard_gpu_idle(host),hybridep_meta=0.3ms;other=0.1ms,backward|moe|hybridep_dispatch|recompute
7,16670731197,16.747,5,0.0,1.038,laggard_gpu_busy,gemm=12.7ms;moe_permute=3.2ms;activation=1.2ms,backward|recompute
7,16713106463,20.207,5,0.0,1.033,laggard_gpu_busy,gemm=17.2ms;moe_permute=3.6ms;activation=0.1ms,backward|recompute
7,17113381486,8.978,5,0.0,1.049,laggard_gpu_busy,gemm=6.0ms;moe_permute=2.4ms;activation=0.7ms,backward|recompute
7,17143167169,10.255,5,0.0,1.034,laggard_gpu_busy,gemm=8.1ms;moe_permute=2.5ms;hybridep_meta=0.0ms,backward|recompute
7,17299470627,13.704,6,0.0,1.064,laggard_gpu_busy,gemm=10.2ms;moe_permute=3.0ms;activation=1.1ms,backward|recompute
7,17338609580,17.526,6,0.0,1.04,laggard_gpu_busy,gemm=14.8ms;moe_permute=3.4ms;hybridep_meta=0.0ms,backward|recompute
7,17507543202,12.603,0,0.0,1.087,laggard_gpu_busy,gemm=9.6ms;moe_permute=2.9ms;activation=0.9ms,backward|recompute
7,17543440141,14.519,0,0.0,1.04,laggard_gpu_busy,gemm=11.9ms;moe_permute=3.2ms;hybridep_meta=0.0ms,backward|recompute
7,17705456548,14.33,5,0.0,1.084,laggard_gpu_busy,gemm=11.4ms;moe_permute=2.9ms;activation=1.0ms,backward|recompute
7,17742607931,17.642,5,0.0,1.038,laggard_gpu_busy,gemm=14.1ms;moe_permute=3.3ms;activation=0.9ms,backward|recompute
7,17977705204,10.124,2,0.0,1.031,laggard_gpu_busy,gemm=7.1ms;moe_permute=2.8ms;elementwise=0.3ms,backward|recompute
7,18015091469,17.088,2,0.0,1.042,laggard_gpu_busy,gemm=14.2ms;moe_permute=3.6ms;hybridep_meta=0.0ms,backward|recompute
7,18176723456,19.899,3,0.0,1.024,laggard_gpu_busy,gemm=15.8ms;moe_permute=3.2ms;activation=1.1ms,backward|recompute
7,18216439310,24.033,3,0.0,1.032,laggard_gpu_busy,gemm=16.3ms;moe_permute=4.2ms;topk_router=2.9ms,backward|recompute
7,18378646823,21.582,3,0.0,1.042,laggard_gpu_busy,gemm=18.3ms;moe_permute=3.0ms;activation=1.0ms,backward|recompute
7,18414465361,27.866,3,0.0,1.051,laggard_gpu_busy,gemm=19.7ms;topk_router=4.5ms;moe_permute=3.6ms,backward|recompute
7,18569408775,25.945,3,0.0,0.017,laggard_gpu_idle(host),hybridep_meta=0.4ms;other=0.1ms,backward|moe|hybridep_dispatch|recompute
7,18610986374,12.918,6,0.0,1.093,laggard_gpu_busy,gemm=10.2ms;moe_permute=2.8ms;activation=0.8ms,backward|recompute
7,18644299130,14.628,6,0.0,1.042,laggard_gpu_busy,gemm=11.7ms;moe_permute=3.3ms;activation=0.2ms,backward|recompute
7,19000435320,8.571,5,0.0,1.036,laggard_gpu_busy,gemm=5.9ms;moe_permute=2.5ms;elementwise=0.3ms,backward|recompute
7,19032006848,9.85,5,0.0,1.041,laggard_gpu_busy,gemm=7.5ms;moe_permute=2.8ms;hybridep_meta=0.0ms,backward|recompute
7,19188010324,8.168,1,0.001,1.037,laggard_gpu_busy,gemm=5.3ms;moe_permute=2.3ms;activation=0.5ms,backward|recompute
7,19216770945,9.18,1,0.001,1.065,laggard_gpu_busy,gemm=7.4ms;moe_permute=2.4ms;hybridep_meta=0.0ms,backward|recompute
7,19348391025,21.282,5,0.0,0.02,laggard_gpu_idle(host),hybridep_meta=0.3ms;other=0.1ms,backward|moe|hybridep_dispatch|recompute
7,19383507066,12.016,4,0.0,1.07,laggard_gpu_busy,gemm=9.4ms;moe_permute=2.4ms;activation=0.7ms,backward|recompute
7,19413179055,14.408,1,0.0,1.054,laggard_gpu_busy,gemm=10.9ms;moe_permute=2.8ms;activation=1.0ms,backward|recompute
7,19569367173,24.738,6,0.0,1.057,laggard_gpu_busy,gemm=21.6ms;moe_permute=3.1ms;activation=1.1ms,backward|recompute
7,19608001711,30.102,6,0.0,1.046,laggard_gpu_busy,gemm=21.8ms;topk_router=4.5ms;moe_permute=3.7ms,backward|recompute
7,19784157248,14.429,0,0.0,1.029,laggard_gpu_busy,gemm=10.4ms;moe_permute=3.1ms;activation=1.1ms,backward|recompute
7,19823955092,18.826,0,0.0,1.039,laggard_gpu_busy,gemm=15.8ms;moe_permute=3.4ms;activation=0.4ms,backward|recompute
7,20010992779,8.341,4,0.001,1.042,laggard_gpu_busy,gemm=5.4ms;moe_permute=3.3ms;hybridep_meta=0.0ms,backward|recompute
7,20055813454,11.722,4,0.0,1.03,laggard_gpu_busy,gemm=8.3ms;moe_permute=3.8ms;hybridep_combine=0.0ms,backward|recompute
7,20198032770,75.215,3,0.0,0.006,laggard_gpu_idle(host),hybridep_meta=0.4ms;other=0.1ms,backward|moe|hybridep_dispatch|recompute
7,20296815390,7.274,0,0.0,1.024,laggard_gpu_busy,gemm=4.6ms;moe_permute=2.9ms;hybridep_meta=0.0ms,backward|recompute
7,20333336372,10.613,0,0.0,1.031,laggard_gpu_busy,gemm=7.3ms;moe_permute=3.6ms;hybridep_meta=0.0ms,backward|recompute
7,20494806331,14.947,3,0.0,1.046,laggard_gpu_busy,gemm=11.1ms;moe_permute=3.2ms;activation=1.1ms,backward|recompute
7,20535326679,18.091,3,0.0,1.035,laggard_gpu_busy,gemm=15.1ms;moe_permute=3.6ms;hybridep_meta=0.0ms,backward|recompute
7,20709826776,13.92,4,0.0,1.0,laggard_gpu_busy,gemm=9.2ms;moe_permute=3.2ms;activation=1.2ms,backward|recompute
7,20753282063,18.761,4,0.0,1.037,laggard_gpu_busy,gemm=15.7ms;moe_permute=3.7ms;hybridep_meta=0.0ms,backward|recompute
7,20919853222,12.988,4,0.0,1.035,laggard_gpu_busy,gemm=9.1ms;moe_permute=3.0ms;activation=1.0ms,backward|recompute
7,20957137699,16.141,4,0.0,1.039,laggard_gpu_busy,gemm=13.5ms;moe_permute=3.3ms;hybridep_meta=0.0ms,backward|recompute
7,21111626697,19.483,2,0.0,1.041,laggard_gpu_busy,gemm=14.8ms;moe_permute=3.1ms;activation=2.1ms,backward|recompute
7,21150962265,24.169,2,0.0,1.017,laggard_gpu_busy,gemm=15.5ms;topk_router=4.1ms;moe_permute=3.6ms,backward|recompute
7,21322716286,10.956,3,0.0,1.035,laggard_gpu_busy,gemm=7.7ms;moe_permute=2.5ms;activation=0.8ms,backward|recompute
7,21354295397,16.264,3,0.0,1.047,laggard_gpu_busy,gemm=12.7ms;moe_permute=3.3ms;activation=1.0ms,backward|recompute
7,21525115873,6.818,6,0.001,1.043,laggard_gpu_busy,gemm=4.3ms;moe_permute=2.8ms;hybridep_meta=0.0ms,backward|recompute
7,21561014289,10.47,6,0.0,1.055,laggard_gpu_busy,gemm=7.7ms;moe_permute=3.4ms;hybridep_meta=0.0ms,backward|recompute
7,21720097535,106.169,0,0.0,0.11,laggard_gpu_idle(host),gemm=9.3ms;moe_permute=1.4ms;elementwise=0.5ms,backward|moe|recompute
7,21851423402,18.749,6,0.0,1.027,laggard_gpu_busy,gemm=16.0ms;moe_permute=3.3ms;hybridep_meta=0.0ms,backward|recompute
7,22010630617,13.147,3,0.0,1.055,laggard_gpu_busy,gemm=10.0ms;moe_permute=2.8ms;activation=0.9ms,backward|recompute
7,22043785679,15.991,3,0.0,1.044,laggard_gpu_busy,gemm=12.6ms;moe_permute=3.0ms;activation=1.0ms,backward|recompute
7,22211295212,10.206,2,0.0,1.03,laggard_gpu_busy,gemm=6.1ms;moe_permute=2.6ms;activation=1.5ms,backward|recompute
7,22245045896,12.106,2,0.0,1.053,laggard_gpu_busy,gemm=10.0ms;moe_permute=2.8ms;hybridep_meta=0.0ms,backward|recompute
7,22588040588,10.312,4,0.0,1.028,laggard_gpu_busy,gemm=6.8ms;moe_permute=2.9ms;activation=0.6ms,backward|recompute
7,22623908859,11.698,4,0.0,1.053,laggard_gpu_busy,gemm=9.4ms;moe_permute=2.9ms;hybridep_meta=0.0ms,backward|recompute
7,22778829955,14.868,6,0.0,1.044,laggard_gpu_busy,gemm=11.3ms;moe_permute=2.9ms;activation=1.0ms,backward|recompute
7,22816251680,18.246,6,0.0,1.041,laggard_gpu_busy,gemm=14.7ms;moe_permute=3.3ms;activation=1.0ms,backward|recompute
7,22980060411,7.008,1,0.001,1.052,laggard_gpu_busy,gemm=5.1ms;moe_permute=2.3ms;elementwise=0.0ms,backward|recompute
7,23008168162,8.81,6,0.001,1.046,laggard_gpu_busy,gemm=6.5ms;moe_permute=2.7ms;hybridep_meta=0.0ms,backward|recompute
7,23543709118,15.004,0,0.0,1.036,laggard_gpu_busy,gemm=11.5ms;moe_permute=2.8ms;activation=0.9ms,backward|recompute
7,23578065348,17.219,0,0.0,1.039,laggard_gpu_busy,gemm=13.1ms;moe_permute=2.9ms;activation=1.2ms,backward|recompute
