config,rank,moe_layer,model_layer,stage,expert,tokens
CP8EP1,0,1,2,router,0,302
CP8EP1,0,1,2,router,1,10
CP8EP1,0,1,2,router,2,995
CP8EP1,0,1,2,router,3,2625
CP8EP1,0,1,2,router,4,1
CP8EP1,0,1,2,router,5,805
CP8EP1,0,1,2,router,6,9
CP8EP1,0,1,2,router,7,4
CP8EP1,0,1,2,router,8,7
CP8EP1,0,1,2,router,9,0
CP8EP1,0,1,2,router,10,3
CP8EP1,0,1,2,router,11,5535
CP8EP1,0,1,2,router,12,3
CP8EP1,0,1,2,router,13,1562
CP8EP1,0,1,2,router,14,64
CP8EP1,0,1,2,router,15,3682
CP8EP1,0,1,2,router,16,5
CP8EP1,0,1,2,router,17,817
CP8EP1,0,1,2,router,18,3
CP8EP1,0,1,2,router,19,7
CP8EP1,0,1,2,router,20,5
CP8EP1,0,1,2,router,21,5
CP8EP1,0,1,2,router,22,9
CP8EP1,0,1,2,router,23,9
CP8EP1,0,1,2,router,24,2
CP8EP1,0,1,2,router,25,3
CP8EP1,0,1,2,router,26,8768
CP8EP1,0,1,2,router,27,598
CP8EP1,0,1,2,router,28,6262
CP8EP1,0,1,2,router,29,0
CP8EP1,0,1,2,router,30,9
CP8EP1,0,1,2,router,31,0
CP8EP1,0,1,2,router,32,2
CP8EP1,0,1,2,router,33,0
CP8EP1,0,1,2,router,34,29
CP8EP1,0,1,2,router,35,0
CP8EP1,0,1,2,router,36,2
CP8EP1,0,1,2,router,37,3353
CP8EP1,0,1,2,router,38,4
CP8EP1,0,1,2,router,39,0
CP8EP1,0,1,2,router,40,4
CP8EP1,0,1,2,router,41,9761
CP8EP1,0,1,2,router,42,0
CP8EP1,0,1,2,router,43,1
CP8EP1,0,1,2,router,44,0
CP8EP1,0,1,2,router,45,48
CP8EP1,0,1,2,router,46,0
CP8EP1,0,1,2,router,47,15
CP8EP1,0,1,2,router,48,0
CP8EP1,0,1,2,router,49,0
CP8EP1,0,1,2,router,50,31
CP8EP1,0,1,2,router,51,8
CP8EP1,0,1,2,router,52,5
CP8EP1,0,1,2,router,53,0
CP8EP1,0,1,2,router,54,64
CP8EP1,0,1,2,router,55,0
CP8EP1,0,1,2,router,56,3
CP8EP1,0,1,2,router,57,782
CP8EP1,0,1,2,router,58,36
CP8EP1,0,1,2,router,59,3
CP8EP1,0,1,2,router,60,0
CP8EP1,0,1,2,router,61,137
CP8EP1,0,1,2,router,62,1027
CP8EP1,0,1,2,router,63,51
CP8EP1,0,1,2,router,64,0
CP8EP1,0,1,2,router,65,3
CP8EP1,0,1,2,router,66,33
CP8EP1,0,1,2,router,67,0
CP8EP1,0,1,2,router,68,1
CP8EP1,0,1,2,router,69,1
CP8EP1,0,1,2,router,70,10
CP8EP1,0,1,2,router,71,2
CP8EP1,0,1,2,router,72,194
CP8EP1,0,1,2,router,73,14
CP8EP1,0,1,2,router,74,7
CP8EP1,0,1,2,router,75,1
CP8EP1,0,1,2,router,76,1
CP8EP1,0,1,2,router,77,11
CP8EP1,0,1,2,router,78,898
CP8EP1,0,1,2,router,79,3
CP8EP1,0,1,2,router,80,4
CP8EP1,0,1,2,router,81,114
CP8EP1,0,1,2,router,82,4245
CP8EP1,0,1,2,router,83,2038
CP8EP1,0,1,2,router,84,0
CP8EP1,0,1,2,router,85,0
CP8EP1,0,1,2,router,86,0
CP8EP1,0,1,2,router,87,141
CP8EP1,0,1,2,router,88,0
CP8EP1,0,1,2,router,89,379
CP8EP1,0,1,2,router,90,1659
CP8EP1,0,1,2,router,91,40
CP8EP1,0,1,2,router,92,3
CP8EP1,0,1,2,router,93,207
CP8EP1,0,1,2,router,94,24
CP8EP1,0,1,2,router,95,62
CP8EP1,0,1,2,router,96,1
CP8EP1,0,1,2,router,97,4
CP8EP1,0,1,2,router,98,2323
CP8EP1,0,1,2,router,99,8
CP8EP1,0,1,2,router,100,1523
CP8EP1,0,1,2,router,101,8
CP8EP1,0,1,2,router,102,362
CP8EP1,0,1,2,router,103,1
CP8EP1,0,1,2,router,104,1
CP8EP1,0,1,2,router,105,0
CP8EP1,0,1,2,router,106,0
CP8EP1,0,1,2,router,107,28
CP8EP1,0,1,2,router,108,0
CP8EP1,0,1,2,router,109,9
CP8EP1,0,1,2,router,110,1
CP8EP1,0,1,2,router,111,4
CP8EP1,0,1,2,router,112,2
CP8EP1,0,1,2,router,113,2
CP8EP1,0,1,2,router,114,14
CP8EP1,0,1,2,router,115,3
CP8EP1,0,1,2,router,116,2
CP8EP1,0,1,2,router,117,4343
CP8EP1,0,1,2,router,118,1
CP8EP1,0,1,2,router,119,0
CP8EP1,0,1,2,router,120,2
CP8EP1,0,1,2,router,121,0
CP8EP1,0,1,2,router,122,9
CP8EP1,0,1,2,router,123,52
CP8EP1,0,1,2,router,124,0
CP8EP1,0,1,2,router,125,19
CP8EP1,0,1,2,router,126,0
CP8EP1,0,1,2,router,127,47
CP8EP1,0,1,2,router,128,58
CP8EP1,0,1,2,router,129,55
CP8EP1,0,1,2,router,130,0
CP8EP1,0,1,2,router,131,31
CP8EP1,0,1,2,router,132,0
CP8EP1,0,1,2,router,133,0
CP8EP1,0,1,2,router,134,0
CP8EP1,0,1,2,router,135,27
CP8EP1,0,1,2,router,136,4
CP8EP1,0,1,2,router,137,0
CP8EP1,0,1,2,router,138,2
CP8EP1,0,1,2,router,139,56
CP8EP1,0,1,2,router,140,101
CP8EP1,0,1,2,router,141,0
CP8EP1,0,1,2,router,142,1
CP8EP1,0,1,2,router,143,2
CP8EP1,0,1,2,router,144,0
CP8EP1,0,1,2,router,145,27
CP8EP1,0,1,2,router,146,0
CP8EP1,0,1,2,router,147,53
CP8EP1,0,1,2,router,148,1
CP8EP1,0,1,2,router,149,17
CP8EP1,0,1,2,router,150,1
CP8EP1,0,1,2,router,151,0
CP8EP1,0,1,2,router,152,3376
CP8EP1,0,1,2,router,153,0
CP8EP1,0,1,2,router,154,0
CP8EP1,0,1,2,router,155,0
CP8EP1,0,1,2,router,156,2
CP8EP1,0,1,2,router,157,723
CP8EP1,0,1,2,router,158,1147
CP8EP1,0,1,2,router,159,0
CP8EP1,0,1,2,router,160,160
CP8EP1,0,1,2,router,161,1733
CP8EP1,0,1,2,router,162,0
CP8EP1,0,1,2,router,163,1504
CP8EP1,0,1,2,router,164,0
CP8EP1,0,1,2,router,165,0
CP8EP1,0,1,2,router,166,7992
CP8EP1,0,1,2,router,167,1303
CP8EP1,0,1,2,router,168,0
CP8EP1,0,1,2,router,169,23
CP8EP1,0,1,2,router,170,14
CP8EP1,0,1,2,router,171,6
CP8EP1,0,1,2,router,172,268
CP8EP1,0,1,2,router,173,0
CP8EP1,0,1,2,router,174,3807
CP8EP1,0,1,2,router,175,171
CP8EP1,0,1,2,router,176,0
CP8EP1,0,1,2,router,177,2649
CP8EP1,0,1,2,router,178,0
CP8EP1,0,1,2,router,179,33
CP8EP1,0,1,2,router,180,25
CP8EP1,0,1,2,router,181,22
CP8EP1,0,1,2,router,182,0
CP8EP1,0,1,2,router,183,29
CP8EP1,0,1,2,router,184,8
CP8EP1,0,1,2,router,185,2845
CP8EP1,0,1,2,router,186,2719
CP8EP1,0,1,2,router,187,2
CP8EP1,0,1,2,router,188,1
CP8EP1,0,1,2,router,189,0
CP8EP1,0,1,2,router,190,825
CP8EP1,0,1,2,router,191,401
CP8EP1,0,1,2,router,192,4
CP8EP1,0,1,2,router,193,4136
CP8EP1,0,1,2,router,194,0
CP8EP1,0,1,2,router,195,2
CP8EP1,0,1,2,router,196,14
CP8EP1,0,1,2,router,197,1
CP8EP1,0,1,2,router,198,0
CP8EP1,0,1,2,router,199,947
CP8EP1,0,1,2,router,200,4
CP8EP1,0,1,2,router,201,121
CP8EP1,0,1,2,router,202,2
CP8EP1,0,1,2,router,203,6
CP8EP1,0,1,2,router,204,3
CP8EP1,0,1,2,router,205,18
CP8EP1,0,1,2,router,206,2665
CP8EP1,0,1,2,router,207,3
CP8EP1,0,1,2,router,208,16
CP8EP1,0,1,2,router,209,5
CP8EP1,0,1,2,router,210,0
CP8EP1,0,1,2,router,211,123
CP8EP1,0,1,2,router,212,19
CP8EP1,0,1,2,router,213,1127
CP8EP1,0,1,2,router,214,59
CP8EP1,0,1,2,router,215,515
CP8EP1,0,1,2,router,216,2
CP8EP1,0,1,2,router,217,1974
CP8EP1,0,1,2,router,218,2935
CP8EP1,0,1,2,router,219,0
CP8EP1,0,1,2,router,220,35
CP8EP1,0,1,2,router,221,3
CP8EP1,0,1,2,router,222,0
CP8EP1,0,1,2,router,223,3801
CP8EP1,0,1,2,router,224,12
CP8EP1,0,1,2,router,225,0
CP8EP1,0,1,2,router,226,0
CP8EP1,0,1,2,router,227,442
CP8EP1,0,1,2,router,228,0
CP8EP1,0,1,2,router,229,0
CP8EP1,0,1,2,router,230,0
CP8EP1,0,1,2,router,231,0
CP8EP1,0,1,2,router,232,0
CP8EP1,0,1,2,router,233,9101
CP8EP1,0,1,2,router,234,0
CP8EP1,0,1,2,router,235,1
CP8EP1,0,1,2,router,236,26
CP8EP1,0,1,2,router,237,1637
CP8EP1,0,1,2,router,238,1287
CP8EP1,0,1,2,router,239,0
CP8EP1,0,1,2,router,240,6
CP8EP1,0,1,2,router,241,1
CP8EP1,0,1,2,router,242,1070
CP8EP1,0,1,2,router,243,3
CP8EP1,0,1,2,router,244,1
CP8EP1,0,1,2,router,245,5
CP8EP1,0,1,2,router,246,5
CP8EP1,0,1,2,router,247,6
CP8EP1,0,1,2,router,248,227
CP8EP1,0,1,2,router,249,5
CP8EP1,0,1,2,router,250,63
CP8EP1,0,1,2,router,251,1
CP8EP1,0,1,2,router,252,0
CP8EP1,0,1,2,router,253,6
CP8EP1,0,1,2,router,254,62
CP8EP1,0,1,2,router,255,2
CP8EP1,0,1,2,expert_input,0,302
CP8EP1,0,1,2,expert_input,1,10
CP8EP1,0,1,2,expert_input,2,995
CP8EP1,0,1,2,expert_input,3,2625
CP8EP1,0,1,2,expert_input,4,1
CP8EP1,0,1,2,expert_input,5,805
CP8EP1,0,1,2,expert_input,6,9
CP8EP1,0,1,2,expert_input,7,4
CP8EP1,0,1,2,expert_input,8,7
CP8EP1,0,1,2,expert_input,9,0
CP8EP1,0,1,2,expert_input,10,3
CP8EP1,0,1,2,expert_input,11,5535
CP8EP1,0,1,2,expert_input,12,3
CP8EP1,0,1,2,expert_input,13,1562
CP8EP1,0,1,2,expert_input,14,64
CP8EP1,0,1,2,expert_input,15,3682
CP8EP1,0,1,2,expert_input,16,5
CP8EP1,0,1,2,expert_input,17,817
CP8EP1,0,1,2,expert_input,18,3
CP8EP1,0,1,2,expert_input,19,7
CP8EP1,0,1,2,expert_input,20,5
CP8EP1,0,1,2,expert_input,21,5
CP8EP1,0,1,2,expert_input,22,9
CP8EP1,0,1,2,expert_input,23,9
CP8EP1,0,1,2,expert_input,24,2
CP8EP1,0,1,2,expert_input,25,3
CP8EP1,0,1,2,expert_input,26,8768
CP8EP1,0,1,2,expert_input,27,598
CP8EP1,0,1,2,expert_input,28,6262
CP8EP1,0,1,2,expert_input,29,0
CP8EP1,0,1,2,expert_input,30,9
CP8EP1,0,1,2,expert_input,31,0
CP8EP1,0,1,2,expert_input,32,2
CP8EP1,0,1,2,expert_input,33,0
CP8EP1,0,1,2,expert_input,34,29
CP8EP1,0,1,2,expert_input,35,0
CP8EP1,0,1,2,expert_input,36,2
CP8EP1,0,1,2,expert_input,37,3353
CP8EP1,0,1,2,expert_input,38,4
CP8EP1,0,1,2,expert_input,39,0
CP8EP1,0,1,2,expert_input,40,4
CP8EP1,0,1,2,expert_input,41,9761
CP8EP1,0,1,2,expert_input,42,0
CP8EP1,0,1,2,expert_input,43,1
CP8EP1,0,1,2,expert_input,44,0
CP8EP1,0,1,2,expert_input,45,48
CP8EP1,0,1,2,expert_input,46,0
CP8EP1,0,1,2,expert_input,47,15
CP8EP1,0,1,2,expert_input,48,0
CP8EP1,0,1,2,expert_input,49,0
CP8EP1,0,1,2,expert_input,50,31
CP8EP1,0,1,2,expert_input,51,8
CP8EP1,0,1,2,expert_input,52,5
CP8EP1,0,1,2,expert_input,53,0
CP8EP1,0,1,2,expert_input,54,64
CP8EP1,0,1,2,expert_input,55,0
CP8EP1,0,1,2,expert_input,56,3
CP8EP1,0,1,2,expert_input,57,782
CP8EP1,0,1,2,expert_input,58,36
CP8EP1,0,1,2,expert_input,59,3
CP8EP1,0,1,2,expert_input,60,0
CP8EP1,0,1,2,expert_input,61,137
CP8EP1,0,1,2,expert_input,62,1027
CP8EP1,0,1,2,expert_input,63,51
CP8EP1,0,1,2,expert_input,64,0
CP8EP1,0,1,2,expert_input,65,3
CP8EP1,0,1,2,expert_input,66,33
CP8EP1,0,1,2,expert_input,67,0
CP8EP1,0,1,2,expert_input,68,1
CP8EP1,0,1,2,expert_input,69,1
CP8EP1,0,1,2,expert_input,70,10
CP8EP1,0,1,2,expert_input,71,2
CP8EP1,0,1,2,expert_input,72,194
CP8EP1,0,1,2,expert_input,73,14
CP8EP1,0,1,2,expert_input,74,7
CP8EP1,0,1,2,expert_input,75,1
CP8EP1,0,1,2,expert_input,76,1
CP8EP1,0,1,2,expert_input,77,11
CP8EP1,0,1,2,expert_input,78,898
CP8EP1,0,1,2,expert_input,79,3
CP8EP1,0,1,2,expert_input,80,4
CP8EP1,0,1,2,expert_input,81,114
CP8EP1,0,1,2,expert_input,82,4245
CP8EP1,0,1,2,expert_input,83,2038
CP8EP1,0,1,2,expert_input,84,0
CP8EP1,0,1,2,expert_input,85,0
CP8EP1,0,1,2,expert_input,86,0
CP8EP1,0,1,2,expert_input,87,141
CP8EP1,0,1,2,expert_input,88,0
CP8EP1,0,1,2,expert_input,89,379
CP8EP1,0,1,2,expert_input,90,1659
CP8EP1,0,1,2,expert_input,91,40
CP8EP1,0,1,2,expert_input,92,3
CP8EP1,0,1,2,expert_input,93,207
CP8EP1,0,1,2,expert_input,94,24
CP8EP1,0,1,2,expert_input,95,62
CP8EP1,0,1,2,expert_input,96,1
CP8EP1,0,1,2,expert_input,97,4
CP8EP1,0,1,2,expert_input,98,2323
CP8EP1,0,1,2,expert_input,99,8
CP8EP1,0,1,2,expert_input,100,1523
CP8EP1,0,1,2,expert_input,101,8
CP8EP1,0,1,2,expert_input,102,362
CP8EP1,0,1,2,expert_input,103,1
CP8EP1,0,1,2,expert_input,104,1
CP8EP1,0,1,2,expert_input,105,0
CP8EP1,0,1,2,expert_input,106,0
CP8EP1,0,1,2,expert_input,107,28
CP8EP1,0,1,2,expert_input,108,0
CP8EP1,0,1,2,expert_input,109,9
CP8EP1,0,1,2,expert_input,110,1
CP8EP1,0,1,2,expert_input,111,4
CP8EP1,0,1,2,expert_input,112,2
CP8EP1,0,1,2,expert_input,113,2
CP8EP1,0,1,2,expert_input,114,14
CP8EP1,0,1,2,expert_input,115,3
CP8EP1,0,1,2,expert_input,116,2
CP8EP1,0,1,2,expert_input,117,4343
CP8EP1,0,1,2,expert_input,118,1
CP8EP1,0,1,2,expert_input,119,0
CP8EP1,0,1,2,expert_input,120,2
CP8EP1,0,1,2,expert_input,121,0
CP8EP1,0,1,2,expert_input,122,9
CP8EP1,0,1,2,expert_input,123,52
CP8EP1,0,1,2,expert_input,124,0
CP8EP1,0,1,2,expert_input,125,19
CP8EP1,0,1,2,expert_input,126,0
CP8EP1,0,1,2,expert_input,127,47
CP8EP1,0,1,2,expert_input,128,58
CP8EP1,0,1,2,expert_input,129,55
CP8EP1,0,1,2,expert_input,130,0
CP8EP1,0,1,2,expert_input,131,31
CP8EP1,0,1,2,expert_input,132,0
CP8EP1,0,1,2,expert_input,133,0
CP8EP1,0,1,2,expert_input,134,0
CP8EP1,0,1,2,expert_input,135,27
CP8EP1,0,1,2,expert_input,136,4
CP8EP1,0,1,2,expert_input,137,0
CP8EP1,0,1,2,expert_input,138,2
CP8EP1,0,1,2,expert_input,139,56
CP8EP1,0,1,2,expert_input,140,101
CP8EP1,0,1,2,expert_input,141,0
CP8EP1,0,1,2,expert_input,142,1
CP8EP1,0,1,2,expert_input,143,2
CP8EP1,0,1,2,expert_input,144,0
CP8EP1,0,1,2,expert_input,145,27
CP8EP1,0,1,2,expert_input,146,0
CP8EP1,0,1,2,expert_input,147,53
CP8EP1,0,1,2,expert_input,148,1
CP8EP1,0,1,2,expert_input,149,17
CP8EP1,0,1,2,expert_input,150,1
CP8EP1,0,1,2,expert_input,151,0
CP8EP1,0,1,2,expert_input,152,3376
CP8EP1,0,1,2,expert_input,153,0
CP8EP1,0,1,2,expert_input,154,0
CP8EP1,0,1,2,expert_input,155,0
CP8EP1,0,1,2,expert_input,156,2
CP8EP1,0,1,2,expert_input,157,723
CP8EP1,0,1,2,expert_input,158,1147
CP8EP1,0,1,2,expert_input,159,0
CP8EP1,0,1,2,expert_input,160,160
CP8EP1,0,1,2,expert_input,161,1733
CP8EP1,0,1,2,expert_input,162,0
CP8EP1,0,1,2,expert_input,163,1504
CP8EP1,0,1,2,expert_input,164,0
CP8EP1,0,1,2,expert_input,165,0
CP8EP1,0,1,2,expert_input,166,7992
CP8EP1,0,1,2,expert_input,167,1303
CP8EP1,0,1,2,expert_input,168,0
CP8EP1,0,1,2,expert_input,169,23
CP8EP1,0,1,2,expert_input,170,14
CP8EP1,0,1,2,expert_input,171,6
CP8EP1,0,1,2,expert_input,172,268
CP8EP1,0,1,2,expert_input,173,0
CP8EP1,0,1,2,expert_input,174,3807
CP8EP1,0,1,2,expert_input,175,171
CP8EP1,0,1,2,expert_input,176,0
CP8EP1,0,1,2,expert_input,177,2649
CP8EP1,0,1,2,expert_input,178,0
CP8EP1,0,1,2,expert_input,179,33
CP8EP1,0,1,2,expert_input,180,25
CP8EP1,0,1,2,expert_input,181,22
CP8EP1,0,1,2,expert_input,182,0
CP8EP1,0,1,2,expert_input,183,29
CP8EP1,0,1,2,expert_input,184,8
CP8EP1,0,1,2,expert_input,185,2845
CP8EP1,0,1,2,expert_input,186,2719
CP8EP1,0,1,2,expert_input,187,2
CP8EP1,0,1,2,expert_input,188,1
CP8EP1,0,1,2,expert_input,189,0
CP8EP1,0,1,2,expert_input,190,825
CP8EP1,0,1,2,expert_input,191,401
CP8EP1,0,1,2,expert_input,192,4
CP8EP1,0,1,2,expert_input,193,4136
CP8EP1,0,1,2,expert_input,194,0
CP8EP1,0,1,2,expert_input,195,2
CP8EP1,0,1,2,expert_input,196,14
CP8EP1,0,1,2,expert_input,197,1
CP8EP1,0,1,2,expert_input,198,0
CP8EP1,0,1,2,expert_input,199,947
CP8EP1,0,1,2,expert_input,200,4
CP8EP1,0,1,2,expert_input,201,121
CP8EP1,0,1,2,expert_input,202,2
CP8EP1,0,1,2,expert_input,203,6
CP8EP1,0,1,2,expert_input,204,3
CP8EP1,0,1,2,expert_input,205,18
CP8EP1,0,1,2,expert_input,206,2665
CP8EP1,0,1,2,expert_input,207,3
CP8EP1,0,1,2,expert_input,208,16
CP8EP1,0,1,2,expert_input,209,5
CP8EP1,0,1,2,expert_input,210,0
CP8EP1,0,1,2,expert_input,211,123
CP8EP1,0,1,2,expert_input,212,19
CP8EP1,0,1,2,expert_input,213,1127
CP8EP1,0,1,2,expert_input,214,59
CP8EP1,0,1,2,expert_input,215,515
CP8EP1,0,1,2,expert_input,216,2
CP8EP1,0,1,2,expert_input,217,1974
CP8EP1,0,1,2,expert_input,218,2935
CP8EP1,0,1,2,expert_input,219,0
CP8EP1,0,1,2,expert_input,220,35
CP8EP1,0,1,2,expert_input,221,3
CP8EP1,0,1,2,expert_input,222,0
CP8EP1,0,1,2,expert_input,223,3801
CP8EP1,0,1,2,expert_input,224,12
CP8EP1,0,1,2,expert_input,225,0
CP8EP1,0,1,2,expert_input,226,0
CP8EP1,0,1,2,expert_input,227,442
CP8EP1,0,1,2,expert_input,228,0
CP8EP1,0,1,2,expert_input,229,0
CP8EP1,0,1,2,expert_input,230,0
CP8EP1,0,1,2,expert_input,231,0
CP8EP1,0,1,2,expert_input,232,0
CP8EP1,0,1,2,expert_input,233,9101
CP8EP1,0,1,2,expert_input,234,0
CP8EP1,0,1,2,expert_input,235,1
CP8EP1,0,1,2,expert_input,236,26
CP8EP1,0,1,2,expert_input,237,1637
CP8EP1,0,1,2,expert_input,238,1287
CP8EP1,0,1,2,expert_input,239,0
CP8EP1,0,1,2,expert_input,240,6
CP8EP1,0,1,2,expert_input,241,1
CP8EP1,0,1,2,expert_input,242,1070
CP8EP1,0,1,2,expert_input,243,3
CP8EP1,0,1,2,expert_input,244,1
CP8EP1,0,1,2,expert_input,245,5
CP8EP1,0,1,2,expert_input,246,5
CP8EP1,0,1,2,expert_input,247,6
CP8EP1,0,1,2,expert_input,248,227
CP8EP1,0,1,2,expert_input,249,5
CP8EP1,0,1,2,expert_input,250,63
CP8EP1,0,1,2,expert_input,251,1
CP8EP1,0,1,2,expert_input,252,0
CP8EP1,0,1,2,expert_input,253,6
CP8EP1,0,1,2,expert_input,254,62
CP8EP1,0,1,2,expert_input,255,2
CP8EP1,0,2,3,router,0,956
CP8EP1,0,2,3,router,1,118
CP8EP1,0,2,3,router,2,30
CP8EP1,0,2,3,router,3,686
CP8EP1,0,2,3,router,4,1393
CP8EP1,0,2,3,router,5,102
CP8EP1,0,2,3,router,6,0
CP8EP1,0,2,3,router,7,3097
CP8EP1,0,2,3,router,8,472
CP8EP1,0,2,3,router,9,65
CP8EP1,0,2,3,router,10,1009
CP8EP1,0,2,3,router,11,21
CP8EP1,0,2,3,router,12,1633
CP8EP1,0,2,3,router,13,17
CP8EP1,0,2,3,router,14,1852
CP8EP1,0,2,3,router,15,1
CP8EP1,0,2,3,router,16,629
CP8EP1,0,2,3,router,17,1036
CP8EP1,0,2,3,router,18,0
CP8EP1,0,2,3,router,19,693
CP8EP1,0,2,3,router,20,265
CP8EP1,0,2,3,router,21,1
CP8EP1,0,2,3,router,22,277
CP8EP1,0,2,3,router,23,2529
CP8EP1,0,2,3,router,24,0
CP8EP1,0,2,3,router,25,336
CP8EP1,0,2,3,router,26,627
CP8EP1,0,2,3,router,27,14
CP8EP1,0,2,3,router,28,0
CP8EP1,0,2,3,router,29,202
CP8EP1,0,2,3,router,30,1519
CP8EP1,0,2,3,router,31,9
CP8EP1,0,2,3,router,32,1348
CP8EP1,0,2,3,router,33,245
CP8EP1,0,2,3,router,34,56
CP8EP1,0,2,3,router,35,594
CP8EP1,0,2,3,router,36,19
CP8EP1,0,2,3,router,37,173
CP8EP1,0,2,3,router,38,0
CP8EP1,0,2,3,router,39,585
CP8EP1,0,2,3,router,40,269
CP8EP1,0,2,3,router,41,611
CP8EP1,0,2,3,router,42,145
CP8EP1,0,2,3,router,43,11
CP8EP1,0,2,3,router,44,2
CP8EP1,0,2,3,router,45,8
CP8EP1,0,2,3,router,46,612
CP8EP1,0,2,3,router,47,35
CP8EP1,0,2,3,router,48,14
CP8EP1,0,2,3,router,49,182
CP8EP1,0,2,3,router,50,1
CP8EP1,0,2,3,router,51,374
CP8EP1,0,2,3,router,52,1
CP8EP1,0,2,3,router,53,9
CP8EP1,0,2,3,router,54,23
CP8EP1,0,2,3,router,55,0
CP8EP1,0,2,3,router,56,1702
CP8EP1,0,2,3,router,57,602
CP8EP1,0,2,3,router,58,388
CP8EP1,0,2,3,router,59,1380
CP8EP1,0,2,3,router,60,2096
CP8EP1,0,2,3,router,61,512
CP8EP1,0,2,3,router,62,846
CP8EP1,0,2,3,router,63,433
CP8EP1,0,2,3,router,64,64
CP8EP1,0,2,3,router,65,211
CP8EP1,0,2,3,router,66,13
CP8EP1,0,2,3,router,67,177
CP8EP1,0,2,3,router,68,117
CP8EP1,0,2,3,router,69,521
CP8EP1,0,2,3,router,70,1660
CP8EP1,0,2,3,router,71,668
CP8EP1,0,2,3,router,72,1061
CP8EP1,0,2,3,router,73,1984
CP8EP1,0,2,3,router,74,681
CP8EP1,0,2,3,router,75,353
CP8EP1,0,2,3,router,76,189
CP8EP1,0,2,3,router,77,1462
CP8EP1,0,2,3,router,78,1
CP8EP1,0,2,3,router,79,6
CP8EP1,0,2,3,router,80,2367
CP8EP1,0,2,3,router,81,1206
CP8EP1,0,2,3,router,82,9
CP8EP1,0,2,3,router,83,1756
CP8EP1,0,2,3,router,84,94
CP8EP1,0,2,3,router,85,14
CP8EP1,0,2,3,router,86,33
CP8EP1,0,2,3,router,87,2029
CP8EP1,0,2,3,router,88,709
CP8EP1,0,2,3,router,89,417
CP8EP1,0,2,3,router,90,0
CP8EP1,0,2,3,router,91,4
CP8EP1,0,2,3,router,92,696
CP8EP1,0,2,3,router,93,649
CP8EP1,0,2,3,router,94,0
CP8EP1,0,2,3,router,95,87
CP8EP1,0,2,3,router,96,464
CP8EP1,0,2,3,router,97,1839
CP8EP1,0,2,3,router,98,168
CP8EP1,0,2,3,router,99,444
CP8EP1,0,2,3,router,100,1155
CP8EP1,0,2,3,router,101,7
CP8EP1,0,2,3,router,102,1
CP8EP1,0,2,3,router,103,42
CP8EP1,0,2,3,router,104,677
CP8EP1,0,2,3,router,105,187
CP8EP1,0,2,3,router,106,587
CP8EP1,0,2,3,router,107,478
CP8EP1,0,2,3,router,108,591
CP8EP1,0,2,3,router,109,1
CP8EP1,0,2,3,router,110,0
CP8EP1,0,2,3,router,111,205
CP8EP1,0,2,3,router,112,1345
CP8EP1,0,2,3,router,113,535
CP8EP1,0,2,3,router,114,113
CP8EP1,0,2,3,router,115,557
CP8EP1,0,2,3,router,116,444
CP8EP1,0,2,3,router,117,103
CP8EP1,0,2,3,router,118,190
CP8EP1,0,2,3,router,119,92
CP8EP1,0,2,3,router,120,69
CP8EP1,0,2,3,router,121,495
CP8EP1,0,2,3,router,122,520
CP8EP1,0,2,3,router,123,280
CP8EP1,0,2,3,router,124,161
CP8EP1,0,2,3,router,125,0
CP8EP1,0,2,3,router,126,2
CP8EP1,0,2,3,router,127,1803
CP8EP1,0,2,3,router,128,697
CP8EP1,0,2,3,router,129,119
CP8EP1,0,2,3,router,130,3
CP8EP1,0,2,3,router,131,255
CP8EP1,0,2,3,router,132,670
CP8EP1,0,2,3,router,133,315
CP8EP1,0,2,3,router,134,2105
CP8EP1,0,2,3,router,135,310
CP8EP1,0,2,3,router,136,0
CP8EP1,0,2,3,router,137,283
CP8EP1,0,2,3,router,138,86
CP8EP1,0,2,3,router,139,176
CP8EP1,0,2,3,router,140,257
CP8EP1,0,2,3,router,141,492
CP8EP1,0,2,3,router,142,2
CP8EP1,0,2,3,router,143,58
CP8EP1,0,2,3,router,144,809
CP8EP1,0,2,3,router,145,806
CP8EP1,0,2,3,router,146,499
CP8EP1,0,2,3,router,147,350
CP8EP1,0,2,3,router,148,79
CP8EP1,0,2,3,router,149,521
CP8EP1,0,2,3,router,150,160
CP8EP1,0,2,3,router,151,1256
CP8EP1,0,2,3,router,152,19
CP8EP1,0,2,3,router,153,7
CP8EP1,0,2,3,router,154,3388
CP8EP1,0,2,3,router,155,971
CP8EP1,0,2,3,router,156,0
CP8EP1,0,2,3,router,157,867
CP8EP1,0,2,3,router,158,728
CP8EP1,0,2,3,router,159,3342
CP8EP1,0,2,3,router,160,79
CP8EP1,0,2,3,router,161,3817
CP8EP1,0,2,3,router,162,593
CP8EP1,0,2,3,router,163,0
CP8EP1,0,2,3,router,164,650
CP8EP1,0,2,3,router,165,328
CP8EP1,0,2,3,router,166,1293
CP8EP1,0,2,3,router,167,151
CP8EP1,0,2,3,router,168,345
CP8EP1,0,2,3,router,169,776
CP8EP1,0,2,3,router,170,353
CP8EP1,0,2,3,router,171,2101
CP8EP1,0,2,3,router,172,6
CP8EP1,0,2,3,router,173,2
CP8EP1,0,2,3,router,174,1120
CP8EP1,0,2,3,router,175,37
CP8EP1,0,2,3,router,176,833
CP8EP1,0,2,3,router,177,8
CP8EP1,0,2,3,router,178,587
CP8EP1,0,2,3,router,179,506
CP8EP1,0,2,3,router,180,17
CP8EP1,0,2,3,router,181,0
CP8EP1,0,2,3,router,182,0
CP8EP1,0,2,3,router,183,111
CP8EP1,0,2,3,router,184,67
CP8EP1,0,2,3,router,185,186
CP8EP1,0,2,3,router,186,1
CP8EP1,0,2,3,router,187,551
CP8EP1,0,2,3,router,188,120
CP8EP1,0,2,3,router,189,58
CP8EP1,0,2,3,router,190,952
CP8EP1,0,2,3,router,191,698
CP8EP1,0,2,3,router,192,754
CP8EP1,0,2,3,router,193,512
CP8EP1,0,2,3,router,194,1
CP8EP1,0,2,3,router,195,1705
CP8EP1,0,2,3,router,196,365
CP8EP1,0,2,3,router,197,21
CP8EP1,0,2,3,router,198,0
CP8EP1,0,2,3,router,199,0
CP8EP1,0,2,3,router,200,771
CP8EP1,0,2,3,router,201,210
CP8EP1,0,2,3,router,202,73
CP8EP1,0,2,3,router,203,800
CP8EP1,0,2,3,router,204,6
CP8EP1,0,2,3,router,205,28
CP8EP1,0,2,3,router,206,1312
CP8EP1,0,2,3,router,207,267
CP8EP1,0,2,3,router,208,909
CP8EP1,0,2,3,router,209,96
CP8EP1,0,2,3,router,210,2256
CP8EP1,0,2,3,router,211,124
CP8EP1,0,2,3,router,212,62
CP8EP1,0,2,3,router,213,0
CP8EP1,0,2,3,router,214,44
CP8EP1,0,2,3,router,215,183
CP8EP1,0,2,3,router,216,40
CP8EP1,0,2,3,router,217,0
CP8EP1,0,2,3,router,218,230
CP8EP1,0,2,3,router,219,12
CP8EP1,0,2,3,router,220,538
CP8EP1,0,2,3,router,221,9
CP8EP1,0,2,3,router,222,587
CP8EP1,0,2,3,router,223,1616
CP8EP1,0,2,3,router,224,62
CP8EP1,0,2,3,router,225,1156
CP8EP1,0,2,3,router,226,330
CP8EP1,0,2,3,router,227,26
CP8EP1,0,2,3,router,228,229
CP8EP1,0,2,3,router,229,2853
CP8EP1,0,2,3,router,230,629
CP8EP1,0,2,3,router,231,33
CP8EP1,0,2,3,router,232,165
CP8EP1,0,2,3,router,233,0
CP8EP1,0,2,3,router,234,1125
CP8EP1,0,2,3,router,235,440
CP8EP1,0,2,3,router,236,815
CP8EP1,0,2,3,router,237,467
CP8EP1,0,2,3,router,238,567
CP8EP1,0,2,3,router,239,655
CP8EP1,0,2,3,router,240,101
CP8EP1,0,2,3,router,241,686
CP8EP1,0,2,3,router,242,0
CP8EP1,0,2,3,router,243,24
CP8EP1,0,2,3,router,244,180
CP8EP1,0,2,3,router,245,0
CP8EP1,0,2,3,router,246,322
CP8EP1,0,2,3,router,247,935
CP8EP1,0,2,3,router,248,1
CP8EP1,0,2,3,router,249,378
CP8EP1,0,2,3,router,250,1649
CP8EP1,0,2,3,router,251,0
CP8EP1,0,2,3,router,252,1423
CP8EP1,0,2,3,router,253,172
CP8EP1,0,2,3,router,254,72
CP8EP1,0,2,3,router,255,412
CP8EP1,0,2,3,expert_input,0,956
CP8EP1,0,2,3,expert_input,1,118
CP8EP1,0,2,3,expert_input,2,30
CP8EP1,0,2,3,expert_input,3,686
CP8EP1,0,2,3,expert_input,4,1393
CP8EP1,0,2,3,expert_input,5,102
CP8EP1,0,2,3,expert_input,6,0
CP8EP1,0,2,3,expert_input,7,3097
CP8EP1,0,2,3,expert_input,8,472
CP8EP1,0,2,3,expert_input,9,65
CP8EP1,0,2,3,expert_input,10,1009
CP8EP1,0,2,3,expert_input,11,21
CP8EP1,0,2,3,expert_input,12,1633
CP8EP1,0,2,3,expert_input,13,17
CP8EP1,0,2,3,expert_input,14,1852
CP8EP1,0,2,3,expert_input,15,1
CP8EP1,0,2,3,expert_input,16,629
CP8EP1,0,2,3,expert_input,17,1036
CP8EP1,0,2,3,expert_input,18,0
CP8EP1,0,2,3,expert_input,19,693
CP8EP1,0,2,3,expert_input,20,265
CP8EP1,0,2,3,expert_input,21,1
CP8EP1,0,2,3,expert_input,22,277
CP8EP1,0,2,3,expert_input,23,2529
CP8EP1,0,2,3,expert_input,24,0
CP8EP1,0,2,3,expert_input,25,336
CP8EP1,0,2,3,expert_input,26,627
CP8EP1,0,2,3,expert_input,27,14
CP8EP1,0,2,3,expert_input,28,0
CP8EP1,0,2,3,expert_input,29,202
CP8EP1,0,2,3,expert_input,30,1519
CP8EP1,0,2,3,expert_input,31,9
CP8EP1,0,2,3,expert_input,32,1348
CP8EP1,0,2,3,expert_input,33,245
CP8EP1,0,2,3,expert_input,34,56
CP8EP1,0,2,3,expert_input,35,594
CP8EP1,0,2,3,expert_input,36,19
CP8EP1,0,2,3,expert_input,37,173
CP8EP1,0,2,3,expert_input,38,0
CP8EP1,0,2,3,expert_input,39,585
CP8EP1,0,2,3,expert_input,40,269
CP8EP1,0,2,3,expert_input,41,611
CP8EP1,0,2,3,expert_input,42,145
CP8EP1,0,2,3,expert_input,43,11
CP8EP1,0,2,3,expert_input,44,2
CP8EP1,0,2,3,expert_input,45,8
CP8EP1,0,2,3,expert_input,46,612
CP8EP1,0,2,3,expert_input,47,35
CP8EP1,0,2,3,expert_input,48,14
CP8EP1,0,2,3,expert_input,49,182
CP8EP1,0,2,3,expert_input,50,1
CP8EP1,0,2,3,expert_input,51,374
CP8EP1,0,2,3,expert_input,52,1
CP8EP1,0,2,3,expert_input,53,9
CP8EP1,0,2,3,expert_input,54,23
CP8EP1,0,2,3,expert_input,55,0
CP8EP1,0,2,3,expert_input,56,1702
CP8EP1,0,2,3,expert_input,57,602
CP8EP1,0,2,3,expert_input,58,388
CP8EP1,0,2,3,expert_input,59,1380
CP8EP1,0,2,3,expert_input,60,2096
CP8EP1,0,2,3,expert_input,61,512
CP8EP1,0,2,3,expert_input,62,846
CP8EP1,0,2,3,expert_input,63,433
CP8EP1,0,2,3,expert_input,64,64
CP8EP1,0,2,3,expert_input,65,211
CP8EP1,0,2,3,expert_input,66,13
CP8EP1,0,2,3,expert_input,67,177
CP8EP1,0,2,3,expert_input,68,117
CP8EP1,0,2,3,expert_input,69,521
CP8EP1,0,2,3,expert_input,70,1660
CP8EP1,0,2,3,expert_input,71,668
CP8EP1,0,2,3,expert_input,72,1061
CP8EP1,0,2,3,expert_input,73,1984
CP8EP1,0,2,3,expert_input,74,681
CP8EP1,0,2,3,expert_input,75,353
CP8EP1,0,2,3,expert_input,76,189
CP8EP1,0,2,3,expert_input,77,1462
CP8EP1,0,2,3,expert_input,78,1
CP8EP1,0,2,3,expert_input,79,6
CP8EP1,0,2,3,expert_input,80,2367
CP8EP1,0,2,3,expert_input,81,1206
CP8EP1,0,2,3,expert_input,82,9
CP8EP1,0,2,3,expert_input,83,1756
CP8EP1,0,2,3,expert_input,84,94
CP8EP1,0,2,3,expert_input,85,14
CP8EP1,0,2,3,expert_input,86,33
CP8EP1,0,2,3,expert_input,87,2029
CP8EP1,0,2,3,expert_input,88,709
CP8EP1,0,2,3,expert_input,89,417
CP8EP1,0,2,3,expert_input,90,0
CP8EP1,0,2,3,expert_input,91,4
CP8EP1,0,2,3,expert_input,92,696
CP8EP1,0,2,3,expert_input,93,649
CP8EP1,0,2,3,expert_input,94,0
CP8EP1,0,2,3,expert_input,95,87
CP8EP1,0,2,3,expert_input,96,464
CP8EP1,0,2,3,expert_input,97,1839
CP8EP1,0,2,3,expert_input,98,168
CP8EP1,0,2,3,expert_input,99,444
CP8EP1,0,2,3,expert_input,100,1155
CP8EP1,0,2,3,expert_input,101,7
CP8EP1,0,2,3,expert_input,102,1
CP8EP1,0,2,3,expert_input,103,42
CP8EP1,0,2,3,expert_input,104,677
CP8EP1,0,2,3,expert_input,105,187
CP8EP1,0,2,3,expert_input,106,587
CP8EP1,0,2,3,expert_input,107,478
CP8EP1,0,2,3,expert_input,108,591
CP8EP1,0,2,3,expert_input,109,1
CP8EP1,0,2,3,expert_input,110,0
CP8EP1,0,2,3,expert_input,111,205
CP8EP1,0,2,3,expert_input,112,1345
CP8EP1,0,2,3,expert_input,113,535
CP8EP1,0,2,3,expert_input,114,113
CP8EP1,0,2,3,expert_input,115,557
CP8EP1,0,2,3,expert_input,116,444
CP8EP1,0,2,3,expert_input,117,103
CP8EP1,0,2,3,expert_input,118,190
CP8EP1,0,2,3,expert_input,119,92
CP8EP1,0,2,3,expert_input,120,69
CP8EP1,0,2,3,expert_input,121,495
CP8EP1,0,2,3,expert_input,122,520
CP8EP1,0,2,3,expert_input,123,280
CP8EP1,0,2,3,expert_input,124,161
CP8EP1,0,2,3,expert_input,125,0
CP8EP1,0,2,3,expert_input,126,2
CP8EP1,0,2,3,expert_input,127,1803
CP8EP1,0,2,3,expert_input,128,697
CP8EP1,0,2,3,expert_input,129,119
CP8EP1,0,2,3,expert_input,130,3
CP8EP1,0,2,3,expert_input,131,255
CP8EP1,0,2,3,expert_input,132,670
CP8EP1,0,2,3,expert_input,133,315
CP8EP1,0,2,3,expert_input,134,2105
CP8EP1,0,2,3,expert_input,135,310
CP8EP1,0,2,3,expert_input,136,0
CP8EP1,0,2,3,expert_input,137,283
CP8EP1,0,2,3,expert_input,138,86
CP8EP1,0,2,3,expert_input,139,176
CP8EP1,0,2,3,expert_input,140,257
CP8EP1,0,2,3,expert_input,141,492
CP8EP1,0,2,3,expert_input,142,2
CP8EP1,0,2,3,expert_input,143,58
CP8EP1,0,2,3,expert_input,144,809
CP8EP1,0,2,3,expert_input,145,806
CP8EP1,0,2,3,expert_input,146,499
CP8EP1,0,2,3,expert_input,147,350
CP8EP1,0,2,3,expert_input,148,79
CP8EP1,0,2,3,expert_input,149,521
CP8EP1,0,2,3,expert_input,150,160
CP8EP1,0,2,3,expert_input,151,1256
CP8EP1,0,2,3,expert_input,152,19
CP8EP1,0,2,3,expert_input,153,7
CP8EP1,0,2,3,expert_input,154,3388
CP8EP1,0,2,3,expert_input,155,971
CP8EP1,0,2,3,expert_input,156,0
CP8EP1,0,2,3,expert_input,157,867
CP8EP1,0,2,3,expert_input,158,728
CP8EP1,0,2,3,expert_input,159,3342
CP8EP1,0,2,3,expert_input,160,79
CP8EP1,0,2,3,expert_input,161,3817
CP8EP1,0,2,3,expert_input,162,593
CP8EP1,0,2,3,expert_input,163,0
CP8EP1,0,2,3,expert_input,164,650
CP8EP1,0,2,3,expert_input,165,328
CP8EP1,0,2,3,expert_input,166,1293
CP8EP1,0,2,3,expert_input,167,151
CP8EP1,0,2,3,expert_input,168,345
CP8EP1,0,2,3,expert_input,169,776
CP8EP1,0,2,3,expert_input,170,353
CP8EP1,0,2,3,expert_input,171,2101
CP8EP1,0,2,3,expert_input,172,6
CP8EP1,0,2,3,expert_input,173,2
CP8EP1,0,2,3,expert_input,174,1120
CP8EP1,0,2,3,expert_input,175,37
CP8EP1,0,2,3,expert_input,176,833
CP8EP1,0,2,3,expert_input,177,8
CP8EP1,0,2,3,expert_input,178,587
CP8EP1,0,2,3,expert_input,179,506
CP8EP1,0,2,3,expert_input,180,17
CP8EP1,0,2,3,expert_input,181,0
CP8EP1,0,2,3,expert_input,182,0
CP8EP1,0,2,3,expert_input,183,111
CP8EP1,0,2,3,expert_input,184,67
CP8EP1,0,2,3,expert_input,185,186
CP8EP1,0,2,3,expert_input,186,1
CP8EP1,0,2,3,expert_input,187,551
CP8EP1,0,2,3,expert_input,188,120
CP8EP1,0,2,3,expert_input,189,58
CP8EP1,0,2,3,expert_input,190,952
CP8EP1,0,2,3,expert_input,191,698
CP8EP1,0,2,3,expert_input,192,754
CP8EP1,0,2,3,expert_input,193,512
CP8EP1,0,2,3,expert_input,194,1
CP8EP1,0,2,3,expert_input,195,1705
CP8EP1,0,2,3,expert_input,196,365
CP8EP1,0,2,3,expert_input,197,21
CP8EP1,0,2,3,expert_input,198,0
CP8EP1,0,2,3,expert_input,199,0
CP8EP1,0,2,3,expert_input,200,771
CP8EP1,0,2,3,expert_input,201,210
CP8EP1,0,2,3,expert_input,202,73
CP8EP1,0,2,3,expert_input,203,800
CP8EP1,0,2,3,expert_input,204,6
CP8EP1,0,2,3,expert_input,205,28
CP8EP1,0,2,3,expert_input,206,1312
CP8EP1,0,2,3,expert_input,207,267
CP8EP1,0,2,3,expert_input,208,909
CP8EP1,0,2,3,expert_input,209,96
CP8EP1,0,2,3,expert_input,210,2256
CP8EP1,0,2,3,expert_input,211,124
CP8EP1,0,2,3,expert_input,212,62
CP8EP1,0,2,3,expert_input,213,0
CP8EP1,0,2,3,expert_input,214,44
CP8EP1,0,2,3,expert_input,215,183
CP8EP1,0,2,3,expert_input,216,40
CP8EP1,0,2,3,expert_input,217,0
CP8EP1,0,2,3,expert_input,218,230
CP8EP1,0,2,3,expert_input,219,12
CP8EP1,0,2,3,expert_input,220,538
CP8EP1,0,2,3,expert_input,221,9
CP8EP1,0,2,3,expert_input,222,587
CP8EP1,0,2,3,expert_input,223,1616
CP8EP1,0,2,3,expert_input,224,62
CP8EP1,0,2,3,expert_input,225,1156
CP8EP1,0,2,3,expert_input,226,330
CP8EP1,0,2,3,expert_input,227,26
CP8EP1,0,2,3,expert_input,228,229
CP8EP1,0,2,3,expert_input,229,2853
CP8EP1,0,2,3,expert_input,230,629
CP8EP1,0,2,3,expert_input,231,33
CP8EP1,0,2,3,expert_input,232,165
CP8EP1,0,2,3,expert_input,233,0
CP8EP1,0,2,3,expert_input,234,1125
CP8EP1,0,2,3,expert_input,235,440
CP8EP1,0,2,3,expert_input,236,815
CP8EP1,0,2,3,expert_input,237,467
CP8EP1,0,2,3,expert_input,238,567
CP8EP1,0,2,3,expert_input,239,655
CP8EP1,0,2,3,expert_input,240,101
CP8EP1,0,2,3,expert_input,241,686
CP8EP1,0,2,3,expert_input,242,0
CP8EP1,0,2,3,expert_input,243,24
CP8EP1,0,2,3,expert_input,244,180
CP8EP1,0,2,3,expert_input,245,0
CP8EP1,0,2,3,expert_input,246,322
CP8EP1,0,2,3,expert_input,247,935
CP8EP1,0,2,3,expert_input,248,1
CP8EP1,0,2,3,expert_input,249,378
CP8EP1,0,2,3,expert_input,250,1649
CP8EP1,0,2,3,expert_input,251,0
CP8EP1,0,2,3,expert_input,252,1423
CP8EP1,0,2,3,expert_input,253,172
CP8EP1,0,2,3,expert_input,254,72
CP8EP1,0,2,3,expert_input,255,412
CP8EP1,1,1,2,router,0,312
CP8EP1,1,1,2,router,1,9
CP8EP1,1,1,2,router,2,1004
CP8EP1,1,1,2,router,3,2562
CP8EP1,1,1,2,router,4,3
CP8EP1,1,1,2,router,5,801
CP8EP1,1,1,2,router,6,6
CP8EP1,1,1,2,router,7,6
CP8EP1,1,1,2,router,8,9
CP8EP1,1,1,2,router,9,0
CP8EP1,1,1,2,router,10,2
CP8EP1,1,1,2,router,11,5542
CP8EP1,1,1,2,router,12,3
CP8EP1,1,1,2,router,13,1601
CP8EP1,1,1,2,router,14,64
CP8EP1,1,1,2,router,15,3645
CP8EP1,1,1,2,router,16,2
CP8EP1,1,1,2,router,17,818
CP8EP1,1,1,2,router,18,9
CP8EP1,1,1,2,router,19,8
CP8EP1,1,1,2,router,20,7
CP8EP1,1,1,2,router,21,3
CP8EP1,1,1,2,router,22,10
CP8EP1,1,1,2,router,23,4
CP8EP1,1,1,2,router,24,1
CP8EP1,1,1,2,router,25,0
CP8EP1,1,1,2,router,26,8774
CP8EP1,1,1,2,router,27,540
CP8EP1,1,1,2,router,28,6072
CP8EP1,1,1,2,router,29,0
CP8EP1,1,1,2,router,30,14
CP8EP1,1,1,2,router,31,0
CP8EP1,1,1,2,router,32,4
CP8EP1,1,1,2,router,33,1
CP8EP1,1,1,2,router,34,29
CP8EP1,1,1,2,router,35,0
CP8EP1,1,1,2,router,36,2
CP8EP1,1,1,2,router,37,3249
CP8EP1,1,1,2,router,38,5
CP8EP1,1,1,2,router,39,0
CP8EP1,1,1,2,router,40,3
CP8EP1,1,1,2,router,41,9763
CP8EP1,1,1,2,router,42,0
CP8EP1,1,1,2,router,43,1
CP8EP1,1,1,2,router,44,0
CP8EP1,1,1,2,router,45,48
CP8EP1,1,1,2,router,46,0
CP8EP1,1,1,2,router,47,12
CP8EP1,1,1,2,router,48,0
CP8EP1,1,1,2,router,49,1
CP8EP1,1,1,2,router,50,25
CP8EP1,1,1,2,router,51,4
CP8EP1,1,1,2,router,52,3
CP8EP1,1,1,2,router,53,1
CP8EP1,1,1,2,router,54,64
CP8EP1,1,1,2,router,55,0
CP8EP1,1,1,2,router,56,8
CP8EP1,1,1,2,router,57,734
CP8EP1,1,1,2,router,58,32
CP8EP1,1,1,2,router,59,5
CP8EP1,1,1,2,router,60,0
CP8EP1,1,1,2,router,61,112
CP8EP1,1,1,2,router,62,1022
CP8EP1,1,1,2,router,63,55
CP8EP1,1,1,2,router,64,0
CP8EP1,1,1,2,router,65,0
CP8EP1,1,1,2,router,66,31
CP8EP1,1,1,2,router,67,0
CP8EP1,1,1,2,router,68,0
CP8EP1,1,1,2,router,69,0
CP8EP1,1,1,2,router,70,9
CP8EP1,1,1,2,router,71,3
CP8EP1,1,1,2,router,72,190
CP8EP1,1,1,2,router,73,10
CP8EP1,1,1,2,router,74,8
CP8EP1,1,1,2,router,75,2
CP8EP1,1,1,2,router,76,0
CP8EP1,1,1,2,router,77,10
CP8EP1,1,1,2,router,78,885
CP8EP1,1,1,2,router,79,4
CP8EP1,1,1,2,router,80,3
CP8EP1,1,1,2,router,81,99
CP8EP1,1,1,2,router,82,4164
CP8EP1,1,1,2,router,83,2042
CP8EP1,1,1,2,router,84,0
CP8EP1,1,1,2,router,85,0
CP8EP1,1,1,2,router,86,0
CP8EP1,1,1,2,router,87,143
CP8EP1,1,1,2,router,88,2
CP8EP1,1,1,2,router,89,352
CP8EP1,1,1,2,router,90,1667
CP8EP1,1,1,2,router,91,37
CP8EP1,1,1,2,router,92,2
CP8EP1,1,1,2,router,93,187
CP8EP1,1,1,2,router,94,24
CP8EP1,1,1,2,router,95,58
CP8EP1,1,1,2,router,96,0
CP8EP1,1,1,2,router,97,9
CP8EP1,1,1,2,router,98,2409
CP8EP1,1,1,2,router,99,7
CP8EP1,1,1,2,router,100,1526
CP8EP1,1,1,2,router,101,6
CP8EP1,1,1,2,router,102,350
CP8EP1,1,1,2,router,103,1
CP8EP1,1,1,2,router,104,4
CP8EP1,1,1,2,router,105,0
CP8EP1,1,1,2,router,106,0
CP8EP1,1,1,2,router,107,29
CP8EP1,1,1,2,router,108,0
CP8EP1,1,1,2,router,109,11
CP8EP1,1,1,2,router,110,5
CP8EP1,1,1,2,router,111,7
CP8EP1,1,1,2,router,112,3
CP8EP1,1,1,2,router,113,1
CP8EP1,1,1,2,router,114,13
CP8EP1,1,1,2,router,115,1
CP8EP1,1,1,2,router,116,3
CP8EP1,1,1,2,router,117,4296
CP8EP1,1,1,2,router,118,3
CP8EP1,1,1,2,router,119,0
CP8EP1,1,1,2,router,120,5
CP8EP1,1,1,2,router,121,0
CP8EP1,1,1,2,router,122,11
CP8EP1,1,1,2,router,123,46
CP8EP1,1,1,2,router,124,0
CP8EP1,1,1,2,router,125,19
CP8EP1,1,1,2,router,126,3
CP8EP1,1,1,2,router,127,33
CP8EP1,1,1,2,router,128,75
CP8EP1,1,1,2,router,129,60
CP8EP1,1,1,2,router,130,2
CP8EP1,1,1,2,router,131,40
CP8EP1,1,1,2,router,132,0
CP8EP1,1,1,2,router,133,0
CP8EP1,1,1,2,router,134,0
CP8EP1,1,1,2,router,135,21
CP8EP1,1,1,2,router,136,3
CP8EP1,1,1,2,router,137,0
CP8EP1,1,1,2,router,138,3
CP8EP1,1,1,2,router,139,69
CP8EP1,1,1,2,router,140,101
CP8EP1,1,1,2,router,141,0
CP8EP1,1,1,2,router,142,0
CP8EP1,1,1,2,router,143,5
CP8EP1,1,1,2,router,144,0
CP8EP1,1,1,2,router,145,33
CP8EP1,1,1,2,router,146,0
CP8EP1,1,1,2,router,147,70
CP8EP1,1,1,2,router,148,6
CP8EP1,1,1,2,router,149,12
CP8EP1,1,1,2,router,150,2
CP8EP1,1,1,2,router,151,0
CP8EP1,1,1,2,router,152,3327
CP8EP1,1,1,2,router,153,0
CP8EP1,1,1,2,router,154,0
CP8EP1,1,1,2,router,155,0
CP8EP1,1,1,2,router,156,1
CP8EP1,1,1,2,router,157,762
CP8EP1,1,1,2,router,158,1255
CP8EP1,1,1,2,router,159,1
CP8EP1,1,1,2,router,160,148
CP8EP1,1,1,2,router,161,1791
CP8EP1,1,1,2,router,162,0
CP8EP1,1,1,2,router,163,1488
CP8EP1,1,1,2,router,164,0
CP8EP1,1,1,2,router,165,0
CP8EP1,1,1,2,router,166,8105
CP8EP1,1,1,2,router,167,1442
CP8EP1,1,1,2,router,168,0
CP8EP1,1,1,2,router,169,26
CP8EP1,1,1,2,router,170,10
CP8EP1,1,1,2,router,171,4
CP8EP1,1,1,2,router,172,275
CP8EP1,1,1,2,router,173,0
CP8EP1,1,1,2,router,174,3826
CP8EP1,1,1,2,router,175,157
CP8EP1,1,1,2,router,176,0
CP8EP1,1,1,2,router,177,2575
CP8EP1,1,1,2,router,178,0
CP8EP1,1,1,2,router,179,27
CP8EP1,1,1,2,router,180,43
CP8EP1,1,1,2,router,181,10
CP8EP1,1,1,2,router,182,0
CP8EP1,1,1,2,router,183,54
CP8EP1,1,1,2,router,184,11
CP8EP1,1,1,2,router,185,2944
CP8EP1,1,1,2,router,186,2777
CP8EP1,1,1,2,router,187,7
CP8EP1,1,1,2,router,188,4
CP8EP1,1,1,2,router,189,0
CP8EP1,1,1,2,router,190,807
CP8EP1,1,1,2,router,191,364
CP8EP1,1,1,2,router,192,5
CP8EP1,1,1,2,router,193,4228
CP8EP1,1,1,2,router,194,0
CP8EP1,1,1,2,router,195,9
CP8EP1,1,1,2,router,196,8
CP8EP1,1,1,2,router,197,1
CP8EP1,1,1,2,router,198,0
CP8EP1,1,1,2,router,199,940
CP8EP1,1,1,2,router,200,3
CP8EP1,1,1,2,router,201,130
CP8EP1,1,1,2,router,202,0
CP8EP1,1,1,2,router,203,11
CP8EP1,1,1,2,router,204,4
CP8EP1,1,1,2,router,205,28
CP8EP1,1,1,2,router,206,2814
CP8EP1,1,1,2,router,207,2
CP8EP1,1,1,2,router,208,24
CP8EP1,1,1,2,router,209,2
CP8EP1,1,1,2,router,210,0
CP8EP1,1,1,2,router,211,97
CP8EP1,1,1,2,router,212,14
CP8EP1,1,1,2,router,213,1100
CP8EP1,1,1,2,router,214,79
CP8EP1,1,1,2,router,215,504
CP8EP1,1,1,2,router,216,1
CP8EP1,1,1,2,router,217,1768
CP8EP1,1,1,2,router,218,2993
CP8EP1,1,1,2,router,219,0
CP8EP1,1,1,2,router,220,39
CP8EP1,1,1,2,router,221,6
CP8EP1,1,1,2,router,222,0
CP8EP1,1,1,2,router,223,3877
CP8EP1,1,1,2,router,224,13
CP8EP1,1,1,2,router,225,0
CP8EP1,1,1,2,router,226,0
CP8EP1,1,1,2,router,227,428
CP8EP1,1,1,2,router,228,0
CP8EP1,1,1,2,router,229,0
CP8EP1,1,1,2,router,230,0
CP8EP1,1,1,2,router,231,0
CP8EP1,1,1,2,router,232,0
CP8EP1,1,1,2,router,233,9036
CP8EP1,1,1,2,router,234,0
CP8EP1,1,1,2,router,235,0
CP8EP1,1,1,2,router,236,32
CP8EP1,1,1,2,router,237,1731
CP8EP1,1,1,2,router,238,1144
CP8EP1,1,1,2,router,239,3
CP8EP1,1,1,2,router,240,9
CP8EP1,1,1,2,router,241,0
CP8EP1,1,1,2,router,242,1096
CP8EP1,1,1,2,router,243,9
CP8EP1,1,1,2,router,244,1
CP8EP1,1,1,2,router,245,2
CP8EP1,1,1,2,router,246,2
CP8EP1,1,1,2,router,247,2
CP8EP1,1,1,2,router,248,220
CP8EP1,1,1,2,router,249,4
CP8EP1,1,1,2,router,250,80
CP8EP1,1,1,2,router,251,2
CP8EP1,1,1,2,router,252,0
CP8EP1,1,1,2,router,253,8
CP8EP1,1,1,2,router,254,67
CP8EP1,1,1,2,router,255,6
CP8EP1,1,1,2,expert_input,0,312
CP8EP1,1,1,2,expert_input,1,9
CP8EP1,1,1,2,expert_input,2,1004
CP8EP1,1,1,2,expert_input,3,2562
CP8EP1,1,1,2,expert_input,4,3
CP8EP1,1,1,2,expert_input,5,801
CP8EP1,1,1,2,expert_input,6,6
CP8EP1,1,1,2,expert_input,7,6
CP8EP1,1,1,2,expert_input,8,9
CP8EP1,1,1,2,expert_input,9,0
CP8EP1,1,1,2,expert_input,10,2
CP8EP1,1,1,2,expert_input,11,5542
CP8EP1,1,1,2,expert_input,12,3
CP8EP1,1,1,2,expert_input,13,1601
CP8EP1,1,1,2,expert_input,14,64
CP8EP1,1,1,2,expert_input,15,3645
CP8EP1,1,1,2,expert_input,16,2
CP8EP1,1,1,2,expert_input,17,818
CP8EP1,1,1,2,expert_input,18,9
CP8EP1,1,1,2,expert_input,19,8
CP8EP1,1,1,2,expert_input,20,7
CP8EP1,1,1,2,expert_input,21,3
CP8EP1,1,1,2,expert_input,22,10
CP8EP1,1,1,2,expert_input,23,4
CP8EP1,1,1,2,expert_input,24,1
CP8EP1,1,1,2,expert_input,25,0
CP8EP1,1,1,2,expert_input,26,8774
CP8EP1,1,1,2,expert_input,27,540
CP8EP1,1,1,2,expert_input,28,6072
CP8EP1,1,1,2,expert_input,29,0
CP8EP1,1,1,2,expert_input,30,14
CP8EP1,1,1,2,expert_input,31,0
CP8EP1,1,1,2,expert_input,32,4
CP8EP1,1,1,2,expert_input,33,1
CP8EP1,1,1,2,expert_input,34,29
CP8EP1,1,1,2,expert_input,35,0
CP8EP1,1,1,2,expert_input,36,2
CP8EP1,1,1,2,expert_input,37,3249
CP8EP1,1,1,2,expert_input,38,5
CP8EP1,1,1,2,expert_input,39,0
CP8EP1,1,1,2,expert_input,40,3
CP8EP1,1,1,2,expert_input,41,9763
CP8EP1,1,1,2,expert_input,42,0
CP8EP1,1,1,2,expert_input,43,1
CP8EP1,1,1,2,expert_input,44,0
CP8EP1,1,1,2,expert_input,45,48
CP8EP1,1,1,2,expert_input,46,0
CP8EP1,1,1,2,expert_input,47,12
CP8EP1,1,1,2,expert_input,48,0
CP8EP1,1,1,2,expert_input,49,1
CP8EP1,1,1,2,expert_input,50,25
CP8EP1,1,1,2,expert_input,51,4
CP8EP1,1,1,2,expert_input,52,3
CP8EP1,1,1,2,expert_input,53,1
CP8EP1,1,1,2,expert_input,54,64
CP8EP1,1,1,2,expert_input,55,0
CP8EP1,1,1,2,expert_input,56,8
CP8EP1,1,1,2,expert_input,57,734
CP8EP1,1,1,2,expert_input,58,32
CP8EP1,1,1,2,expert_input,59,5
CP8EP1,1,1,2,expert_input,60,0
CP8EP1,1,1,2,expert_input,61,112
CP8EP1,1,1,2,expert_input,62,1022
CP8EP1,1,1,2,expert_input,63,55
CP8EP1,1,1,2,expert_input,64,0
CP8EP1,1,1,2,expert_input,65,0
CP8EP1,1,1,2,expert_input,66,31
CP8EP1,1,1,2,expert_input,67,0
CP8EP1,1,1,2,expert_input,68,0
CP8EP1,1,1,2,expert_input,69,0
CP8EP1,1,1,2,expert_input,70,9
CP8EP1,1,1,2,expert_input,71,3
CP8EP1,1,1,2,expert_input,72,190
CP8EP1,1,1,2,expert_input,73,10
CP8EP1,1,1,2,expert_input,74,8
CP8EP1,1,1,2,expert_input,75,2
CP8EP1,1,1,2,expert_input,76,0
CP8EP1,1,1,2,expert_input,77,10
CP8EP1,1,1,2,expert_input,78,885
CP8EP1,1,1,2,expert_input,79,4
CP8EP1,1,1,2,expert_input,80,3
CP8EP1,1,1,2,expert_input,81,99
CP8EP1,1,1,2,expert_input,82,4164
CP8EP1,1,1,2,expert_input,83,2042
CP8EP1,1,1,2,expert_input,84,0
CP8EP1,1,1,2,expert_input,85,0
CP8EP1,1,1,2,expert_input,86,0
CP8EP1,1,1,2,expert_input,87,143
CP8EP1,1,1,2,expert_input,88,2
CP8EP1,1,1,2,expert_input,89,352
CP8EP1,1,1,2,expert_input,90,1667
CP8EP1,1,1,2,expert_input,91,37
CP8EP1,1,1,2,expert_input,92,2
CP8EP1,1,1,2,expert_input,93,187
CP8EP1,1,1,2,expert_input,94,24
CP8EP1,1,1,2,expert_input,95,58
CP8EP1,1,1,2,expert_input,96,0
CP8EP1,1,1,2,expert_input,97,9
CP8EP1,1,1,2,expert_input,98,2409
CP8EP1,1,1,2,expert_input,99,7
CP8EP1,1,1,2,expert_input,100,1526
CP8EP1,1,1,2,expert_input,101,6
CP8EP1,1,1,2,expert_input,102,350
CP8EP1,1,1,2,expert_input,103,1
CP8EP1,1,1,2,expert_input,104,4
CP8EP1,1,1,2,expert_input,105,0
CP8EP1,1,1,2,expert_input,106,0
CP8EP1,1,1,2,expert_input,107,29
CP8EP1,1,1,2,expert_input,108,0
CP8EP1,1,1,2,expert_input,109,11
CP8EP1,1,1,2,expert_input,110,5
CP8EP1,1,1,2,expert_input,111,7
CP8EP1,1,1,2,expert_input,112,3
CP8EP1,1,1,2,expert_input,113,1
CP8EP1,1,1,2,expert_input,114,13
CP8EP1,1,1,2,expert_input,115,1
CP8EP1,1,1,2,expert_input,116,3
CP8EP1,1,1,2,expert_input,117,4296
CP8EP1,1,1,2,expert_input,118,3
CP8EP1,1,1,2,expert_input,119,0
CP8EP1,1,1,2,expert_input,120,5
CP8EP1,1,1,2,expert_input,121,0
CP8EP1,1,1,2,expert_input,122,11
CP8EP1,1,1,2,expert_input,123,46
CP8EP1,1,1,2,expert_input,124,0
CP8EP1,1,1,2,expert_input,125,19
CP8EP1,1,1,2,expert_input,126,3
CP8EP1,1,1,2,expert_input,127,33
CP8EP1,1,1,2,expert_input,128,75
CP8EP1,1,1,2,expert_input,129,60
CP8EP1,1,1,2,expert_input,130,2
CP8EP1,1,1,2,expert_input,131,40
CP8EP1,1,1,2,expert_input,132,0
CP8EP1,1,1,2,expert_input,133,0
CP8EP1,1,1,2,expert_input,134,0
CP8EP1,1,1,2,expert_input,135,21
CP8EP1,1,1,2,expert_input,136,3
CP8EP1,1,1,2,expert_input,137,0
CP8EP1,1,1,2,expert_input,138,3
CP8EP1,1,1,2,expert_input,139,69
CP8EP1,1,1,2,expert_input,140,101
CP8EP1,1,1,2,expert_input,141,0
CP8EP1,1,1,2,expert_input,142,0
CP8EP1,1,1,2,expert_input,143,5
CP8EP1,1,1,2,expert_input,144,0
CP8EP1,1,1,2,expert_input,145,33
CP8EP1,1,1,2,expert_input,146,0
CP8EP1,1,1,2,expert_input,147,70
CP8EP1,1,1,2,expert_input,148,6
CP8EP1,1,1,2,expert_input,149,12
CP8EP1,1,1,2,expert_input,150,2
CP8EP1,1,1,2,expert_input,151,0
CP8EP1,1,1,2,expert_input,152,3327
CP8EP1,1,1,2,expert_input,153,0
CP8EP1,1,1,2,expert_input,154,0
CP8EP1,1,1,2,expert_input,155,0
CP8EP1,1,1,2,expert_input,156,1
CP8EP1,1,1,2,expert_input,157,762
CP8EP1,1,1,2,expert_input,158,1255
CP8EP1,1,1,2,expert_input,159,1
CP8EP1,1,1,2,expert_input,160,148
CP8EP1,1,1,2,expert_input,161,1791
CP8EP1,1,1,2,expert_input,162,0
CP8EP1,1,1,2,expert_input,163,1488
CP8EP1,1,1,2,expert_input,164,0
CP8EP1,1,1,2,expert_input,165,0
CP8EP1,1,1,2,expert_input,166,8105
CP8EP1,1,1,2,expert_input,167,1442
CP8EP1,1,1,2,expert_input,168,0
CP8EP1,1,1,2,expert_input,169,26
CP8EP1,1,1,2,expert_input,170,10
CP8EP1,1,1,2,expert_input,171,4
CP8EP1,1,1,2,expert_input,172,275
CP8EP1,1,1,2,expert_input,173,0
CP8EP1,1,1,2,expert_input,174,3826
CP8EP1,1,1,2,expert_input,175,157
CP8EP1,1,1,2,expert_input,176,0
CP8EP1,1,1,2,expert_input,177,2575
CP8EP1,1,1,2,expert_input,178,0
CP8EP1,1,1,2,expert_input,179,27
CP8EP1,1,1,2,expert_input,180,43
CP8EP1,1,1,2,expert_input,181,10
CP8EP1,1,1,2,expert_input,182,0
CP8EP1,1,1,2,expert_input,183,54
CP8EP1,1,1,2,expert_input,184,11
CP8EP1,1,1,2,expert_input,185,2944
CP8EP1,1,1,2,expert_input,186,2777
CP8EP1,1,1,2,expert_input,187,7
CP8EP1,1,1,2,expert_input,188,4
CP8EP1,1,1,2,expert_input,189,0
CP8EP1,1,1,2,expert_input,190,807
CP8EP1,1,1,2,expert_input,191,364
CP8EP1,1,1,2,expert_input,192,5
CP8EP1,1,1,2,expert_input,193,4228
CP8EP1,1,1,2,expert_input,194,0
CP8EP1,1,1,2,expert_input,195,9
CP8EP1,1,1,2,expert_input,196,8
CP8EP1,1,1,2,expert_input,197,1
CP8EP1,1,1,2,expert_input,198,0
CP8EP1,1,1,2,expert_input,199,940
CP8EP1,1,1,2,expert_input,200,3
CP8EP1,1,1,2,expert_input,201,130
CP8EP1,1,1,2,expert_input,202,0
CP8EP1,1,1,2,expert_input,203,11
CP8EP1,1,1,2,expert_input,204,4
CP8EP1,1,1,2,expert_input,205,28
CP8EP1,1,1,2,expert_input,206,2814
CP8EP1,1,1,2,expert_input,207,2
CP8EP1,1,1,2,expert_input,208,24
CP8EP1,1,1,2,expert_input,209,2
CP8EP1,1,1,2,expert_input,210,0
CP8EP1,1,1,2,expert_input,211,97
CP8EP1,1,1,2,expert_input,212,14
CP8EP1,1,1,2,expert_input,213,1100
CP8EP1,1,1,2,expert_input,214,79
CP8EP1,1,1,2,expert_input,215,504
CP8EP1,1,1,2,expert_input,216,1
CP8EP1,1,1,2,expert_input,217,1768
CP8EP1,1,1,2,expert_input,218,2993
CP8EP1,1,1,2,expert_input,219,0
CP8EP1,1,1,2,expert_input,220,39
CP8EP1,1,1,2,expert_input,221,6
CP8EP1,1,1,2,expert_input,222,0
CP8EP1,1,1,2,expert_input,223,3877
CP8EP1,1,1,2,expert_input,224,13
CP8EP1,1,1,2,expert_input,225,0
CP8EP1,1,1,2,expert_input,226,0
CP8EP1,1,1,2,expert_input,227,428
CP8EP1,1,1,2,expert_input,228,0
CP8EP1,1,1,2,expert_input,229,0
CP8EP1,1,1,2,expert_input,230,0
CP8EP1,1,1,2,expert_input,231,0
CP8EP1,1,1,2,expert_input,232,0
CP8EP1,1,1,2,expert_input,233,9036
CP8EP1,1,1,2,expert_input,234,0
CP8EP1,1,1,2,expert_input,235,0
CP8EP1,1,1,2,expert_input,236,32
CP8EP1,1,1,2,expert_input,237,1731
CP8EP1,1,1,2,expert_input,238,1144
CP8EP1,1,1,2,expert_input,239,3
CP8EP1,1,1,2,expert_input,240,9
CP8EP1,1,1,2,expert_input,241,0
CP8EP1,1,1,2,expert_input,242,1096
CP8EP1,1,1,2,expert_input,243,9
CP8EP1,1,1,2,expert_input,244,1
CP8EP1,1,1,2,expert_input,245,2
CP8EP1,1,1,2,expert_input,246,2
CP8EP1,1,1,2,expert_input,247,2
CP8EP1,1,1,2,expert_input,248,220
CP8EP1,1,1,2,expert_input,249,4
CP8EP1,1,1,2,expert_input,250,80
CP8EP1,1,1,2,expert_input,251,2
CP8EP1,1,1,2,expert_input,252,0
CP8EP1,1,1,2,expert_input,253,8
CP8EP1,1,1,2,expert_input,254,67
CP8EP1,1,1,2,expert_input,255,6
CP8EP1,1,2,3,router,0,935
CP8EP1,1,2,3,router,1,97
CP8EP1,1,2,3,router,2,43
CP8EP1,1,2,3,router,3,715
CP8EP1,1,2,3,router,4,1554
CP8EP1,1,2,3,router,5,96
CP8EP1,1,2,3,router,6,0
CP8EP1,1,2,3,router,7,2997
CP8EP1,1,2,3,router,8,408
CP8EP1,1,2,3,router,9,62
CP8EP1,1,2,3,router,10,1031
CP8EP1,1,2,3,router,11,27
CP8EP1,1,2,3,router,12,1670
CP8EP1,1,2,3,router,13,19
CP8EP1,1,2,3,router,14,1952
CP8EP1,1,2,3,router,15,2
CP8EP1,1,2,3,router,16,638
CP8EP1,1,2,3,router,17,1107
CP8EP1,1,2,3,router,18,0
CP8EP1,1,2,3,router,19,650
CP8EP1,1,2,3,router,20,247
CP8EP1,1,2,3,router,21,2
CP8EP1,1,2,3,router,22,296
CP8EP1,1,2,3,router,23,2530
CP8EP1,1,2,3,router,24,1
CP8EP1,1,2,3,router,25,308
CP8EP1,1,2,3,router,26,666
CP8EP1,1,2,3,router,27,10
CP8EP1,1,2,3,router,28,0
CP8EP1,1,2,3,router,29,179
CP8EP1,1,2,3,router,30,1502
CP8EP1,1,2,3,router,31,13
CP8EP1,1,2,3,router,32,1365
CP8EP1,1,2,3,router,33,216
CP8EP1,1,2,3,router,34,47
CP8EP1,1,2,3,router,35,572
CP8EP1,1,2,3,router,36,19
CP8EP1,1,2,3,router,37,199
CP8EP1,1,2,3,router,38,0
CP8EP1,1,2,3,router,39,581
CP8EP1,1,2,3,router,40,250
CP8EP1,1,2,3,router,41,658
CP8EP1,1,2,3,router,42,111
CP8EP1,1,2,3,router,43,22
CP8EP1,1,2,3,router,44,1
CP8EP1,1,2,3,router,45,10
CP8EP1,1,2,3,router,46,676
CP8EP1,1,2,3,router,47,34
CP8EP1,1,2,3,router,48,4
CP8EP1,1,2,3,router,49,177
CP8EP1,1,2,3,router,50,0
CP8EP1,1,2,3,router,51,416
CP8EP1,1,2,3,router,52,1
CP8EP1,1,2,3,router,53,6
CP8EP1,1,2,3,router,54,39
CP8EP1,1,2,3,router,55,0
CP8EP1,1,2,3,router,56,1649
CP8EP1,1,2,3,router,57,624
CP8EP1,1,2,3,router,58,432
CP8EP1,1,2,3,router,59,1412
CP8EP1,1,2,3,router,60,2126
CP8EP1,1,2,3,router,61,528
CP8EP1,1,2,3,router,62,901
CP8EP1,1,2,3,router,63,481
CP8EP1,1,2,3,router,64,82
CP8EP1,1,2,3,router,65,192
CP8EP1,1,2,3,router,66,9
CP8EP1,1,2,3,router,67,181
CP8EP1,1,2,3,router,68,94
CP8EP1,1,2,3,router,69,542
CP8EP1,1,2,3,router,70,1791
CP8EP1,1,2,3,router,71,616
CP8EP1,1,2,3,router,72,1046
CP8EP1,1,2,3,router,73,1989
CP8EP1,1,2,3,router,74,753
CP8EP1,1,2,3,router,75,343
CP8EP1,1,2,3,router,76,155
CP8EP1,1,2,3,router,77,1395
CP8EP1,1,2,3,router,78,3
CP8EP1,1,2,3,router,79,4
CP8EP1,1,2,3,router,80,2390
CP8EP1,1,2,3,router,81,1154
CP8EP1,1,2,3,router,82,13
CP8EP1,1,2,3,router,83,1838
CP8EP1,1,2,3,router,84,107
CP8EP1,1,2,3,router,85,6
CP8EP1,1,2,3,router,86,27
CP8EP1,1,2,3,router,87,1607
CP8EP1,1,2,3,router,88,703
CP8EP1,1,2,3,router,89,349
CP8EP1,1,2,3,router,90,0
CP8EP1,1,2,3,router,91,4
CP8EP1,1,2,3,router,92,660
CP8EP1,1,2,3,router,93,611
CP8EP1,1,2,3,router,94,0
CP8EP1,1,2,3,router,95,55
CP8EP1,1,2,3,router,96,483
CP8EP1,1,2,3,router,97,1924
CP8EP1,1,2,3,router,98,127
CP8EP1,1,2,3,router,99,447
CP8EP1,1,2,3,router,100,1114
CP8EP1,1,2,3,router,101,3
CP8EP1,1,2,3,router,102,1
CP8EP1,1,2,3,router,103,21
CP8EP1,1,2,3,router,104,737
CP8EP1,1,2,3,router,105,148
CP8EP1,1,2,3,router,106,573
CP8EP1,1,2,3,router,107,489
CP8EP1,1,2,3,router,108,616
CP8EP1,1,2,3,router,109,0
CP8EP1,1,2,3,router,110,0
CP8EP1,1,2,3,router,111,183
CP8EP1,1,2,3,router,112,1371
CP8EP1,1,2,3,router,113,535
CP8EP1,1,2,3,router,114,81
CP8EP1,1,2,3,router,115,582
CP8EP1,1,2,3,router,116,453
CP8EP1,1,2,3,router,117,90
CP8EP1,1,2,3,router,118,141
CP8EP1,1,2,3,router,119,63
CP8EP1,1,2,3,router,120,79
CP8EP1,1,2,3,router,121,488
CP8EP1,1,2,3,router,122,616
CP8EP1,1,2,3,router,123,317
CP8EP1,1,2,3,router,124,155
CP8EP1,1,2,3,router,125,0
CP8EP1,1,2,3,router,126,3
CP8EP1,1,2,3,router,127,1807
CP8EP1,1,2,3,router,128,768
CP8EP1,1,2,3,router,129,111
CP8EP1,1,2,3,router,130,3
CP8EP1,1,2,3,router,131,197
CP8EP1,1,2,3,router,132,687
CP8EP1,1,2,3,router,133,305
CP8EP1,1,2,3,router,134,2266
CP8EP1,1,2,3,router,135,258
CP8EP1,1,2,3,router,136,3
CP8EP1,1,2,3,router,137,310
CP8EP1,1,2,3,router,138,62
CP8EP1,1,2,3,router,139,144
CP8EP1,1,2,3,router,140,285
CP8EP1,1,2,3,router,141,446
CP8EP1,1,2,3,router,142,3
CP8EP1,1,2,3,router,143,40
CP8EP1,1,2,3,router,144,794
CP8EP1,1,2,3,router,145,706
CP8EP1,1,2,3,router,146,418
CP8EP1,1,2,3,router,147,293
CP8EP1,1,2,3,router,148,46
CP8EP1,1,2,3,router,149,576
CP8EP1,1,2,3,router,150,212
CP8EP1,1,2,3,router,151,1237
CP8EP1,1,2,3,router,152,15
CP8EP1,1,2,3,router,153,7
CP8EP1,1,2,3,router,154,3623
CP8EP1,1,2,3,router,155,993
CP8EP1,1,2,3,router,156,0
CP8EP1,1,2,3,router,157,834
CP8EP1,1,2,3,router,158,731
CP8EP1,1,2,3,router,159,3352
CP8EP1,1,2,3,router,160,99
CP8EP1,1,2,3,router,161,3650
CP8EP1,1,2,3,router,162,607
CP8EP1,1,2,3,router,163,0
CP8EP1,1,2,3,router,164,593
CP8EP1,1,2,3,router,165,338
CP8EP1,1,2,3,router,166,1314
CP8EP1,1,2,3,router,167,171
CP8EP1,1,2,3,router,168,316
CP8EP1,1,2,3,router,169,836
CP8EP1,1,2,3,router,170,305
CP8EP1,1,2,3,router,171,2164
CP8EP1,1,2,3,router,172,8
CP8EP1,1,2,3,router,173,2
CP8EP1,1,2,3,router,174,1147
CP8EP1,1,2,3,router,175,36
CP8EP1,1,2,3,router,176,812
CP8EP1,1,2,3,router,177,4
CP8EP1,1,2,3,router,178,555
CP8EP1,1,2,3,router,179,517
CP8EP1,1,2,3,router,180,10
CP8EP1,1,2,3,router,181,0
CP8EP1,1,2,3,router,182,1
CP8EP1,1,2,3,router,183,112
CP8EP1,1,2,3,router,184,58
CP8EP1,1,2,3,router,185,215
CP8EP1,1,2,3,router,186,2
CP8EP1,1,2,3,router,187,584
CP8EP1,1,2,3,router,188,66
CP8EP1,1,2,3,router,189,67
CP8EP1,1,2,3,router,190,1038
CP8EP1,1,2,3,router,191,740
CP8EP1,1,2,3,router,192,839
CP8EP1,1,2,3,router,193,536
CP8EP1,1,2,3,router,194,0
CP8EP1,1,2,3,router,195,1401
CP8EP1,1,2,3,router,196,396
CP8EP1,1,2,3,router,197,12
CP8EP1,1,2,3,router,198,0
CP8EP1,1,2,3,router,199,0
CP8EP1,1,2,3,router,200,875
CP8EP1,1,2,3,router,201,156
CP8EP1,1,2,3,router,202,43
CP8EP1,1,2,3,router,203,834
CP8EP1,1,2,3,router,204,10
CP8EP1,1,2,3,router,205,22
CP8EP1,1,2,3,router,206,1287
CP8EP1,1,2,3,router,207,233
CP8EP1,1,2,3,router,208,993
CP8EP1,1,2,3,router,209,111
CP8EP1,1,2,3,router,210,2273
CP8EP1,1,2,3,router,211,87
CP8EP1,1,2,3,router,212,53
CP8EP1,1,2,3,router,213,0
CP8EP1,1,2,3,router,214,26
CP8EP1,1,2,3,router,215,214
CP8EP1,1,2,3,router,216,42
CP8EP1,1,2,3,router,217,2
CP8EP1,1,2,3,router,218,238
CP8EP1,1,2,3,router,219,7
CP8EP1,1,2,3,router,220,504
CP8EP1,1,2,3,router,221,9
CP8EP1,1,2,3,router,222,560
CP8EP1,1,2,3,router,223,1661
CP8EP1,1,2,3,router,224,69
CP8EP1,1,2,3,router,225,1128
CP8EP1,1,2,3,router,226,380
CP8EP1,1,2,3,router,227,8
CP8EP1,1,2,3,router,228,192
CP8EP1,1,2,3,router,229,2798
CP8EP1,1,2,3,router,230,682
CP8EP1,1,2,3,router,231,8
CP8EP1,1,2,3,router,232,176
CP8EP1,1,2,3,router,233,0
CP8EP1,1,2,3,router,234,1180
CP8EP1,1,2,3,router,235,450
CP8EP1,1,2,3,router,236,737
CP8EP1,1,2,3,router,237,452
CP8EP1,1,2,3,router,238,611
CP8EP1,1,2,3,router,239,690
CP8EP1,1,2,3,router,240,77
CP8EP1,1,2,3,router,241,691
CP8EP1,1,2,3,router,242,0
CP8EP1,1,2,3,router,243,28
CP8EP1,1,2,3,router,244,144
CP8EP1,1,2,3,router,245,0
CP8EP1,1,2,3,router,246,333
CP8EP1,1,2,3,router,247,881
CP8EP1,1,2,3,router,248,1
CP8EP1,1,2,3,router,249,329
CP8EP1,1,2,3,router,250,1790
CP8EP1,1,2,3,router,251,0
CP8EP1,1,2,3,router,252,1437
CP8EP1,1,2,3,router,253,136
CP8EP1,1,2,3,router,254,86
CP8EP1,1,2,3,router,255,382
CP8EP1,1,2,3,expert_input,0,935
CP8EP1,1,2,3,expert_input,1,97
CP8EP1,1,2,3,expert_input,2,43
CP8EP1,1,2,3,expert_input,3,715
CP8EP1,1,2,3,expert_input,4,1554
CP8EP1,1,2,3,expert_input,5,96
CP8EP1,1,2,3,expert_input,6,0
CP8EP1,1,2,3,expert_input,7,2997
CP8EP1,1,2,3,expert_input,8,408
CP8EP1,1,2,3,expert_input,9,62
CP8EP1,1,2,3,expert_input,10,1031
CP8EP1,1,2,3,expert_input,11,27
CP8EP1,1,2,3,expert_input,12,1670
CP8EP1,1,2,3,expert_input,13,19
CP8EP1,1,2,3,expert_input,14,1952
CP8EP1,1,2,3,expert_input,15,2
CP8EP1,1,2,3,expert_input,16,638
CP8EP1,1,2,3,expert_input,17,1107
CP8EP1,1,2,3,expert_input,18,0
CP8EP1,1,2,3,expert_input,19,650
CP8EP1,1,2,3,expert_input,20,247
CP8EP1,1,2,3,expert_input,21,2
CP8EP1,1,2,3,expert_input,22,296
CP8EP1,1,2,3,expert_input,23,2530
CP8EP1,1,2,3,expert_input,24,1
CP8EP1,1,2,3,expert_input,25,308
CP8EP1,1,2,3,expert_input,26,666
CP8EP1,1,2,3,expert_input,27,10
CP8EP1,1,2,3,expert_input,28,0
CP8EP1,1,2,3,expert_input,29,179
CP8EP1,1,2,3,expert_input,30,1502
CP8EP1,1,2,3,expert_input,31,13
CP8EP1,1,2,3,expert_input,32,1365
CP8EP1,1,2,3,expert_input,33,216
CP8EP1,1,2,3,expert_input,34,47
CP8EP1,1,2,3,expert_input,35,572
CP8EP1,1,2,3,expert_input,36,19
CP8EP1,1,2,3,expert_input,37,199
CP8EP1,1,2,3,expert_input,38,0
CP8EP1,1,2,3,expert_input,39,581
CP8EP1,1,2,3,expert_input,40,250
CP8EP1,1,2,3,expert_input,41,658
CP8EP1,1,2,3,expert_input,42,111
CP8EP1,1,2,3,expert_input,43,22
CP8EP1,1,2,3,expert_input,44,1
CP8EP1,1,2,3,expert_input,45,10
CP8EP1,1,2,3,expert_input,46,676
CP8EP1,1,2,3,expert_input,47,34
CP8EP1,1,2,3,expert_input,48,4
CP8EP1,1,2,3,expert_input,49,177
CP8EP1,1,2,3,expert_input,50,0
CP8EP1,1,2,3,expert_input,51,416
CP8EP1,1,2,3,expert_input,52,1
CP8EP1,1,2,3,expert_input,53,6
CP8EP1,1,2,3,expert_input,54,39
CP8EP1,1,2,3,expert_input,55,0
CP8EP1,1,2,3,expert_input,56,1649
CP8EP1,1,2,3,expert_input,57,624
CP8EP1,1,2,3,expert_input,58,432
CP8EP1,1,2,3,expert_input,59,1412
CP8EP1,1,2,3,expert_input,60,2126
CP8EP1,1,2,3,expert_input,61,528
CP8EP1,1,2,3,expert_input,62,901
CP8EP1,1,2,3,expert_input,63,481
CP8EP1,1,2,3,expert_input,64,82
CP8EP1,1,2,3,expert_input,65,192
CP8EP1,1,2,3,expert_input,66,9
CP8EP1,1,2,3,expert_input,67,181
CP8EP1,1,2,3,expert_input,68,94
CP8EP1,1,2,3,expert_input,69,542
CP8EP1,1,2,3,expert_input,70,1791
CP8EP1,1,2,3,expert_input,71,616
CP8EP1,1,2,3,expert_input,72,1046
CP8EP1,1,2,3,expert_input,73,1989
CP8EP1,1,2,3,expert_input,74,753
CP8EP1,1,2,3,expert_input,75,343
CP8EP1,1,2,3,expert_input,76,155
CP8EP1,1,2,3,expert_input,77,1395
CP8EP1,1,2,3,expert_input,78,3
CP8EP1,1,2,3,expert_input,79,4
CP8EP1,1,2,3,expert_input,80,2390
CP8EP1,1,2,3,expert_input,81,1154
CP8EP1,1,2,3,expert_input,82,13
CP8EP1,1,2,3,expert_input,83,1838
CP8EP1,1,2,3,expert_input,84,107
CP8EP1,1,2,3,expert_input,85,6
CP8EP1,1,2,3,expert_input,86,27
CP8EP1,1,2,3,expert_input,87,1607
CP8EP1,1,2,3,expert_input,88,703
CP8EP1,1,2,3,expert_input,89,349
CP8EP1,1,2,3,expert_input,90,0
CP8EP1,1,2,3,expert_input,91,4
CP8EP1,1,2,3,expert_input,92,660
CP8EP1,1,2,3,expert_input,93,611
CP8EP1,1,2,3,expert_input,94,0
CP8EP1,1,2,3,expert_input,95,55
CP8EP1,1,2,3,expert_input,96,483
CP8EP1,1,2,3,expert_input,97,1924
CP8EP1,1,2,3,expert_input,98,127
CP8EP1,1,2,3,expert_input,99,447
CP8EP1,1,2,3,expert_input,100,1114
CP8EP1,1,2,3,expert_input,101,3
CP8EP1,1,2,3,expert_input,102,1
CP8EP1,1,2,3,expert_input,103,21
CP8EP1,1,2,3,expert_input,104,737
CP8EP1,1,2,3,expert_input,105,148
CP8EP1,1,2,3,expert_input,106,573
CP8EP1,1,2,3,expert_input,107,489
CP8EP1,1,2,3,expert_input,108,616
CP8EP1,1,2,3,expert_input,109,0
CP8EP1,1,2,3,expert_input,110,0
CP8EP1,1,2,3,expert_input,111,183
CP8EP1,1,2,3,expert_input,112,1371
CP8EP1,1,2,3,expert_input,113,535
CP8EP1,1,2,3,expert_input,114,81
CP8EP1,1,2,3,expert_input,115,582
CP8EP1,1,2,3,expert_input,116,453
CP8EP1,1,2,3,expert_input,117,90
CP8EP1,1,2,3,expert_input,118,141
CP8EP1,1,2,3,expert_input,119,63
CP8EP1,1,2,3,expert_input,120,79
CP8EP1,1,2,3,expert_input,121,488
CP8EP1,1,2,3,expert_input,122,616
CP8EP1,1,2,3,expert_input,123,317
CP8EP1,1,2,3,expert_input,124,155
CP8EP1,1,2,3,expert_input,125,0
CP8EP1,1,2,3,expert_input,126,3
CP8EP1,1,2,3,expert_input,127,1807
CP8EP1,1,2,3,expert_input,128,768
CP8EP1,1,2,3,expert_input,129,111
CP8EP1,1,2,3,expert_input,130,3
CP8EP1,1,2,3,expert_input,131,197
CP8EP1,1,2,3,expert_input,132,687
CP8EP1,1,2,3,expert_input,133,305
CP8EP1,1,2,3,expert_input,134,2266
CP8EP1,1,2,3,expert_input,135,258
CP8EP1,1,2,3,expert_input,136,3
CP8EP1,1,2,3,expert_input,137,310
CP8EP1,1,2,3,expert_input,138,62
CP8EP1,1,2,3,expert_input,139,144
CP8EP1,1,2,3,expert_input,140,285
CP8EP1,1,2,3,expert_input,141,446
CP8EP1,1,2,3,expert_input,142,3
CP8EP1,1,2,3,expert_input,143,40
CP8EP1,1,2,3,expert_input,144,794
CP8EP1,1,2,3,expert_input,145,706
CP8EP1,1,2,3,expert_input,146,418
CP8EP1,1,2,3,expert_input,147,293
CP8EP1,1,2,3,expert_input,148,46
CP8EP1,1,2,3,expert_input,149,576
CP8EP1,1,2,3,expert_input,150,212
CP8EP1,1,2,3,expert_input,151,1237
CP8EP1,1,2,3,expert_input,152,15
CP8EP1,1,2,3,expert_input,153,7
CP8EP1,1,2,3,expert_input,154,3623
CP8EP1,1,2,3,expert_input,155,993
CP8EP1,1,2,3,expert_input,156,0
CP8EP1,1,2,3,expert_input,157,834
CP8EP1,1,2,3,expert_input,158,731
CP8EP1,1,2,3,expert_input,159,3352
CP8EP1,1,2,3,expert_input,160,99
CP8EP1,1,2,3,expert_input,161,3650
CP8EP1,1,2,3,expert_input,162,607
CP8EP1,1,2,3,expert_input,163,0
CP8EP1,1,2,3,expert_input,164,593
CP8EP1,1,2,3,expert_input,165,338
CP8EP1,1,2,3,expert_input,166,1314
CP8EP1,1,2,3,expert_input,167,171
CP8EP1,1,2,3,expert_input,168,316
CP8EP1,1,2,3,expert_input,169,836
CP8EP1,1,2,3,expert_input,170,305
CP8EP1,1,2,3,expert_input,171,2164
CP8EP1,1,2,3,expert_input,172,8
CP8EP1,1,2,3,expert_input,173,2
CP8EP1,1,2,3,expert_input,174,1147
CP8EP1,1,2,3,expert_input,175,36
CP8EP1,1,2,3,expert_input,176,812
CP8EP1,1,2,3,expert_input,177,4
CP8EP1,1,2,3,expert_input,178,555
CP8EP1,1,2,3,expert_input,179,517
CP8EP1,1,2,3,expert_input,180,10
CP8EP1,1,2,3,expert_input,181,0
CP8EP1,1,2,3,expert_input,182,1
CP8EP1,1,2,3,expert_input,183,112
CP8EP1,1,2,3,expert_input,184,58
CP8EP1,1,2,3,expert_input,185,215
CP8EP1,1,2,3,expert_input,186,2
CP8EP1,1,2,3,expert_input,187,584
CP8EP1,1,2,3,expert_input,188,66
CP8EP1,1,2,3,expert_input,189,67
CP8EP1,1,2,3,expert_input,190,1038
CP8EP1,1,2,3,expert_input,191,740
CP8EP1,1,2,3,expert_input,192,839
CP8EP1,1,2,3,expert_input,193,536
CP8EP1,1,2,3,expert_input,194,0
CP8EP1,1,2,3,expert_input,195,1401
CP8EP1,1,2,3,expert_input,196,396
CP8EP1,1,2,3,expert_input,197,12
CP8EP1,1,2,3,expert_input,198,0
CP8EP1,1,2,3,expert_input,199,0
CP8EP1,1,2,3,expert_input,200,875
CP8EP1,1,2,3,expert_input,201,156
CP8EP1,1,2,3,expert_input,202,43
CP8EP1,1,2,3,expert_input,203,834
CP8EP1,1,2,3,expert_input,204,10
CP8EP1,1,2,3,expert_input,205,22
CP8EP1,1,2,3,expert_input,206,1287
CP8EP1,1,2,3,expert_input,207,233
CP8EP1,1,2,3,expert_input,208,993
CP8EP1,1,2,3,expert_input,209,111
CP8EP1,1,2,3,expert_input,210,2273
CP8EP1,1,2,3,expert_input,211,87
CP8EP1,1,2,3,expert_input,212,53
CP8EP1,1,2,3,expert_input,213,0
CP8EP1,1,2,3,expert_input,214,26
CP8EP1,1,2,3,expert_input,215,214
CP8EP1,1,2,3,expert_input,216,42
CP8EP1,1,2,3,expert_input,217,2
CP8EP1,1,2,3,expert_input,218,238
CP8EP1,1,2,3,expert_input,219,7
CP8EP1,1,2,3,expert_input,220,504
CP8EP1,1,2,3,expert_input,221,9
CP8EP1,1,2,3,expert_input,222,560
CP8EP1,1,2,3,expert_input,223,1661
CP8EP1,1,2,3,expert_input,224,69
CP8EP1,1,2,3,expert_input,225,1128
CP8EP1,1,2,3,expert_input,226,380
CP8EP1,1,2,3,expert_input,227,8
CP8EP1,1,2,3,expert_input,228,192
CP8EP1,1,2,3,expert_input,229,2798
CP8EP1,1,2,3,expert_input,230,682
CP8EP1,1,2,3,expert_input,231,8
CP8EP1,1,2,3,expert_input,232,176
CP8EP1,1,2,3,expert_input,233,0
CP8EP1,1,2,3,expert_input,234,1180
CP8EP1,1,2,3,expert_input,235,450
CP8EP1,1,2,3,expert_input,236,737
CP8EP1,1,2,3,expert_input,237,452
CP8EP1,1,2,3,expert_input,238,611
CP8EP1,1,2,3,expert_input,239,690
CP8EP1,1,2,3,expert_input,240,77
CP8EP1,1,2,3,expert_input,241,691
CP8EP1,1,2,3,expert_input,242,0
CP8EP1,1,2,3,expert_input,243,28
CP8EP1,1,2,3,expert_input,244,144
CP8EP1,1,2,3,expert_input,245,0
CP8EP1,1,2,3,expert_input,246,333
CP8EP1,1,2,3,expert_input,247,881
CP8EP1,1,2,3,expert_input,248,1
CP8EP1,1,2,3,expert_input,249,329
CP8EP1,1,2,3,expert_input,250,1790
CP8EP1,1,2,3,expert_input,251,0
CP8EP1,1,2,3,expert_input,252,1437
CP8EP1,1,2,3,expert_input,253,136
CP8EP1,1,2,3,expert_input,254,86
CP8EP1,1,2,3,expert_input,255,382
CP8EP1,2,1,2,router,0,308
CP8EP1,2,1,2,router,1,8
CP8EP1,2,1,2,router,2,876
CP8EP1,2,1,2,router,3,2510
CP8EP1,2,1,2,router,4,6
CP8EP1,2,1,2,router,5,807
CP8EP1,2,1,2,router,6,9
CP8EP1,2,1,2,router,7,1
CP8EP1,2,1,2,router,8,12
CP8EP1,2,1,2,router,9,0
CP8EP1,2,1,2,router,10,4
CP8EP1,2,1,2,router,11,5672
CP8EP1,2,1,2,router,12,0
CP8EP1,2,1,2,router,13,1544
CP8EP1,2,1,2,router,14,68
CP8EP1,2,1,2,router,15,3737
CP8EP1,2,1,2,router,16,2
CP8EP1,2,1,2,router,17,844
CP8EP1,2,1,2,router,18,7
CP8EP1,2,1,2,router,19,3
CP8EP1,2,1,2,router,20,5
CP8EP1,2,1,2,router,21,4
CP8EP1,2,1,2,router,22,11
CP8EP1,2,1,2,router,23,13
CP8EP1,2,1,2,router,24,0
CP8EP1,2,1,2,router,25,2
CP8EP1,2,1,2,router,26,8979
CP8EP1,2,1,2,router,27,562
CP8EP1,2,1,2,router,28,5860
CP8EP1,2,1,2,router,29,0
CP8EP1,2,1,2,router,30,15
CP8EP1,2,1,2,router,31,0
CP8EP1,2,1,2,router,32,6
CP8EP1,2,1,2,router,33,1
CP8EP1,2,1,2,router,34,28
CP8EP1,2,1,2,router,35,0
CP8EP1,2,1,2,router,36,1
CP8EP1,2,1,2,router,37,3276
CP8EP1,2,1,2,router,38,0
CP8EP1,2,1,2,router,39,0
CP8EP1,2,1,2,router,40,3
CP8EP1,2,1,2,router,41,9823
CP8EP1,2,1,2,router,42,2
CP8EP1,2,1,2,router,43,0
CP8EP1,2,1,2,router,44,0
CP8EP1,2,1,2,router,45,40
CP8EP1,2,1,2,router,46,0
CP8EP1,2,1,2,router,47,13
CP8EP1,2,1,2,router,48,0
CP8EP1,2,1,2,router,49,2
CP8EP1,2,1,2,router,50,24
CP8EP1,2,1,2,router,51,3
CP8EP1,2,1,2,router,52,4
CP8EP1,2,1,2,router,53,0
CP8EP1,2,1,2,router,54,49
CP8EP1,2,1,2,router,55,0
CP8EP1,2,1,2,router,56,2
CP8EP1,2,1,2,router,57,778
CP8EP1,2,1,2,router,58,38
CP8EP1,2,1,2,router,59,4
CP8EP1,2,1,2,router,60,0
CP8EP1,2,1,2,router,61,110
CP8EP1,2,1,2,router,62,1062
CP8EP1,2,1,2,router,63,47
CP8EP1,2,1,2,router,64,0
CP8EP1,2,1,2,router,65,2
CP8EP1,2,1,2,router,66,24
CP8EP1,2,1,2,router,67,0
CP8EP1,2,1,2,router,68,3
CP8EP1,2,1,2,router,69,1
CP8EP1,2,1,2,router,70,9
CP8EP1,2,1,2,router,71,2
CP8EP1,2,1,2,router,72,185
CP8EP1,2,1,2,router,73,11
CP8EP1,2,1,2,router,74,8
CP8EP1,2,1,2,router,75,0
CP8EP1,2,1,2,router,76,2
CP8EP1,2,1,2,router,77,8
CP8EP1,2,1,2,router,78,867
CP8EP1,2,1,2,router,79,1
CP8EP1,2,1,2,router,80,3
CP8EP1,2,1,2,router,81,103
CP8EP1,2,1,2,router,82,4131
CP8EP1,2,1,2,router,83,2067
CP8EP1,2,1,2,router,84,0
CP8EP1,2,1,2,router,85,0
CP8EP1,2,1,2,router,86,0
CP8EP1,2,1,2,router,87,120
CP8EP1,2,1,2,router,88,3
CP8EP1,2,1,2,router,89,366
CP8EP1,2,1,2,router,90,1816
CP8EP1,2,1,2,router,91,29
CP8EP1,2,1,2,router,92,3
CP8EP1,2,1,2,router,93,203
CP8EP1,2,1,2,router,94,20
CP8EP1,2,1,2,router,95,72
CP8EP1,2,1,2,router,96,0
CP8EP1,2,1,2,router,97,5
CP8EP1,2,1,2,router,98,2368
CP8EP1,2,1,2,router,99,9
CP8EP1,2,1,2,router,100,1447
CP8EP1,2,1,2,router,101,4
CP8EP1,2,1,2,router,102,374
CP8EP1,2,1,2,router,103,0
CP8EP1,2,1,2,router,104,1
CP8EP1,2,1,2,router,105,0
CP8EP1,2,1,2,router,106,1
CP8EP1,2,1,2,router,107,27
CP8EP1,2,1,2,router,108,0
CP8EP1,2,1,2,router,109,7
CP8EP1,2,1,2,router,110,2
CP8EP1,2,1,2,router,111,7
CP8EP1,2,1,2,router,112,2
CP8EP1,2,1,2,router,113,4
CP8EP1,2,1,2,router,114,5
CP8EP1,2,1,2,router,115,5
CP8EP1,2,1,2,router,116,0
CP8EP1,2,1,2,router,117,4289
CP8EP1,2,1,2,router,118,0
CP8EP1,2,1,2,router,119,0
CP8EP1,2,1,2,router,120,4
CP8EP1,2,1,2,router,121,0
CP8EP1,2,1,2,router,122,14
CP8EP1,2,1,2,router,123,48
CP8EP1,2,1,2,router,124,0
CP8EP1,2,1,2,router,125,14
CP8EP1,2,1,2,router,126,1
CP8EP1,2,1,2,router,127,33
CP8EP1,2,1,2,router,128,63
CP8EP1,2,1,2,router,129,66
CP8EP1,2,1,2,router,130,0
CP8EP1,2,1,2,router,131,25
CP8EP1,2,1,2,router,132,1
CP8EP1,2,1,2,router,133,0
CP8EP1,2,1,2,router,134,0
CP8EP1,2,1,2,router,135,21
CP8EP1,2,1,2,router,136,4
CP8EP1,2,1,2,router,137,0
CP8EP1,2,1,2,router,138,3
CP8EP1,2,1,2,router,139,55
CP8EP1,2,1,2,router,140,90
CP8EP1,2,1,2,router,141,0
CP8EP1,2,1,2,router,142,0
CP8EP1,2,1,2,router,143,2
CP8EP1,2,1,2,router,144,2
CP8EP1,2,1,2,router,145,24
CP8EP1,2,1,2,router,146,0
CP8EP1,2,1,2,router,147,83
CP8EP1,2,1,2,router,148,0
CP8EP1,2,1,2,router,149,11
CP8EP1,2,1,2,router,150,1
CP8EP1,2,1,2,router,151,0
CP8EP1,2,1,2,router,152,3516
CP8EP1,2,1,2,router,153,0
CP8EP1,2,1,2,router,154,2
CP8EP1,2,1,2,router,155,0
CP8EP1,2,1,2,router,156,4
CP8EP1,2,1,2,router,157,785
CP8EP1,2,1,2,router,158,1273
CP8EP1,2,1,2,router,159,0
CP8EP1,2,1,2,router,160,113
CP8EP1,2,1,2,router,161,1673
CP8EP1,2,1,2,router,162,0
CP8EP1,2,1,2,router,163,1557
CP8EP1,2,1,2,router,164,0
CP8EP1,2,1,2,router,165,0
CP8EP1,2,1,2,router,166,8047
CP8EP1,2,1,2,router,167,1355
CP8EP1,2,1,2,router,168,5
CP8EP1,2,1,2,router,169,19
CP8EP1,2,1,2,router,170,14
CP8EP1,2,1,2,router,171,5
CP8EP1,2,1,2,router,172,240
CP8EP1,2,1,2,router,173,0
CP8EP1,2,1,2,router,174,3996
CP8EP1,2,1,2,router,175,181
CP8EP1,2,1,2,router,176,0
CP8EP1,2,1,2,router,177,2607
CP8EP1,2,1,2,router,178,0
CP8EP1,2,1,2,router,179,35
CP8EP1,2,1,2,router,180,29
CP8EP1,2,1,2,router,181,9
CP8EP1,2,1,2,router,182,0
CP8EP1,2,1,2,router,183,29
CP8EP1,2,1,2,router,184,10
CP8EP1,2,1,2,router,185,2847
CP8EP1,2,1,2,router,186,2789
CP8EP1,2,1,2,router,187,4
CP8EP1,2,1,2,router,188,3
CP8EP1,2,1,2,router,189,1
CP8EP1,2,1,2,router,190,792
CP8EP1,2,1,2,router,191,382
CP8EP1,2,1,2,router,192,2
CP8EP1,2,1,2,router,193,4131
CP8EP1,2,1,2,router,194,2
CP8EP1,2,1,2,router,195,3
CP8EP1,2,1,2,router,196,14
CP8EP1,2,1,2,router,197,0
CP8EP1,2,1,2,router,198,0
CP8EP1,2,1,2,router,199,974
CP8EP1,2,1,2,router,200,4
CP8EP1,2,1,2,router,201,120
CP8EP1,2,1,2,router,202,0
CP8EP1,2,1,2,router,203,10
CP8EP1,2,1,2,router,204,3
CP8EP1,2,1,2,router,205,23
CP8EP1,2,1,2,router,206,2777
CP8EP1,2,1,2,router,207,2
CP8EP1,2,1,2,router,208,27
CP8EP1,2,1,2,router,209,2
CP8EP1,2,1,2,router,210,0
CP8EP1,2,1,2,router,211,112
CP8EP1,2,1,2,router,212,17
CP8EP1,2,1,2,router,213,1093
CP8EP1,2,1,2,router,214,70
CP8EP1,2,1,2,router,215,479
CP8EP1,2,1,2,router,216,0
CP8EP1,2,1,2,router,217,1608
CP8EP1,2,1,2,router,218,3032
CP8EP1,2,1,2,router,219,0
CP8EP1,2,1,2,router,220,29
CP8EP1,2,1,2,router,221,0
CP8EP1,2,1,2,router,222,0
CP8EP1,2,1,2,router,223,3918
CP8EP1,2,1,2,router,224,23
CP8EP1,2,1,2,router,225,0
CP8EP1,2,1,2,router,226,1
CP8EP1,2,1,2,router,227,402
CP8EP1,2,1,2,router,228,2
CP8EP1,2,1,2,router,229,0
CP8EP1,2,1,2,router,230,0
CP8EP1,2,1,2,router,231,0
CP8EP1,2,1,2,router,232,1
CP8EP1,2,1,2,router,233,9186
CP8EP1,2,1,2,router,234,0
CP8EP1,2,1,2,router,235,2
CP8EP1,2,1,2,router,236,24
CP8EP1,2,1,2,router,237,1645
CP8EP1,2,1,2,router,238,1118
CP8EP1,2,1,2,router,239,0
CP8EP1,2,1,2,router,240,6
CP8EP1,2,1,2,router,241,1
CP8EP1,2,1,2,router,242,1116
CP8EP1,2,1,2,router,243,12
CP8EP1,2,1,2,router,244,0
CP8EP1,2,1,2,router,245,4
CP8EP1,2,1,2,router,246,5
CP8EP1,2,1,2,router,247,4
CP8EP1,2,1,2,router,248,211
CP8EP1,2,1,2,router,249,2
CP8EP1,2,1,2,router,250,96
CP8EP1,2,1,2,router,251,2
CP8EP1,2,1,2,router,252,0
CP8EP1,2,1,2,router,253,3
CP8EP1,2,1,2,router,254,62
CP8EP1,2,1,2,router,255,4
CP8EP1,2,1,2,expert_input,0,308
CP8EP1,2,1,2,expert_input,1,8
CP8EP1,2,1,2,expert_input,2,876
CP8EP1,2,1,2,expert_input,3,2510
CP8EP1,2,1,2,expert_input,4,6
CP8EP1,2,1,2,expert_input,5,807
CP8EP1,2,1,2,expert_input,6,9
CP8EP1,2,1,2,expert_input,7,1
CP8EP1,2,1,2,expert_input,8,12
CP8EP1,2,1,2,expert_input,9,0
CP8EP1,2,1,2,expert_input,10,4
CP8EP1,2,1,2,expert_input,11,5672
CP8EP1,2,1,2,expert_input,12,0
CP8EP1,2,1,2,expert_input,13,1544
CP8EP1,2,1,2,expert_input,14,68
CP8EP1,2,1,2,expert_input,15,3737
CP8EP1,2,1,2,expert_input,16,2
CP8EP1,2,1,2,expert_input,17,844
CP8EP1,2,1,2,expert_input,18,7
CP8EP1,2,1,2,expert_input,19,3
CP8EP1,2,1,2,expert_input,20,5
CP8EP1,2,1,2,expert_input,21,4
CP8EP1,2,1,2,expert_input,22,11
CP8EP1,2,1,2,expert_input,23,13
CP8EP1,2,1,2,expert_input,24,0
CP8EP1,2,1,2,expert_input,25,2
CP8EP1,2,1,2,expert_input,26,8979
CP8EP1,2,1,2,expert_input,27,562
CP8EP1,2,1,2,expert_input,28,5860
CP8EP1,2,1,2,expert_input,29,0
CP8EP1,2,1,2,expert_input,30,15
CP8EP1,2,1,2,expert_input,31,0
CP8EP1,2,1,2,expert_input,32,6
CP8EP1,2,1,2,expert_input,33,1
CP8EP1,2,1,2,expert_input,34,28
CP8EP1,2,1,2,expert_input,35,0
CP8EP1,2,1,2,expert_input,36,1
CP8EP1,2,1,2,expert_input,37,3276
CP8EP1,2,1,2,expert_input,38,0
CP8EP1,2,1,2,expert_input,39,0
CP8EP1,2,1,2,expert_input,40,3
CP8EP1,2,1,2,expert_input,41,9823
CP8EP1,2,1,2,expert_input,42,2
CP8EP1,2,1,2,expert_input,43,0
CP8EP1,2,1,2,expert_input,44,0
CP8EP1,2,1,2,expert_input,45,40
CP8EP1,2,1,2,expert_input,46,0
CP8EP1,2,1,2,expert_input,47,13
CP8EP1,2,1,2,expert_input,48,0
CP8EP1,2,1,2,expert_input,49,2
CP8EP1,2,1,2,expert_input,50,24
CP8EP1,2,1,2,expert_input,51,3
CP8EP1,2,1,2,expert_input,52,4
CP8EP1,2,1,2,expert_input,53,0
CP8EP1,2,1,2,expert_input,54,49
CP8EP1,2,1,2,expert_input,55,0
CP8EP1,2,1,2,expert_input,56,2
CP8EP1,2,1,2,expert_input,57,778
CP8EP1,2,1,2,expert_input,58,38
CP8EP1,2,1,2,expert_input,59,4
CP8EP1,2,1,2,expert_input,60,0
CP8EP1,2,1,2,expert_input,61,110
CP8EP1,2,1,2,expert_input,62,1062
CP8EP1,2,1,2,expert_input,63,47
CP8EP1,2,1,2,expert_input,64,0
CP8EP1,2,1,2,expert_input,65,2
CP8EP1,2,1,2,expert_input,66,24
CP8EP1,2,1,2,expert_input,67,0
CP8EP1,2,1,2,expert_input,68,3
CP8EP1,2,1,2,expert_input,69,1
CP8EP1,2,1,2,expert_input,70,9
CP8EP1,2,1,2,expert_input,71,2
CP8EP1,2,1,2,expert_input,72,185
CP8EP1,2,1,2,expert_input,73,11
CP8EP1,2,1,2,expert_input,74,8
CP8EP1,2,1,2,expert_input,75,0
CP8EP1,2,1,2,expert_input,76,2
CP8EP1,2,1,2,expert_input,77,8
CP8EP1,2,1,2,expert_input,78,867
CP8EP1,2,1,2,expert_input,79,1
CP8EP1,2,1,2,expert_input,80,3
CP8EP1,2,1,2,expert_input,81,103
CP8EP1,2,1,2,expert_input,82,4131
CP8EP1,2,1,2,expert_input,83,2067
CP8EP1,2,1,2,expert_input,84,0
CP8EP1,2,1,2,expert_input,85,0
CP8EP1,2,1,2,expert_input,86,0
CP8EP1,2,1,2,expert_input,87,120
CP8EP1,2,1,2,expert_input,88,3
CP8EP1,2,1,2,expert_input,89,366
CP8EP1,2,1,2,expert_input,90,1816
CP8EP1,2,1,2,expert_input,91,29
CP8EP1,2,1,2,expert_input,92,3
CP8EP1,2,1,2,expert_input,93,203
CP8EP1,2,1,2,expert_input,94,20
CP8EP1,2,1,2,expert_input,95,72
CP8EP1,2,1,2,expert_input,96,0
CP8EP1,2,1,2,expert_input,97,5
CP8EP1,2,1,2,expert_input,98,2368
CP8EP1,2,1,2,expert_input,99,9
CP8EP1,2,1,2,expert_input,100,1447
CP8EP1,2,1,2,expert_input,101,4
CP8EP1,2,1,2,expert_input,102,374
CP8EP1,2,1,2,expert_input,103,0
CP8EP1,2,1,2,expert_input,104,1
CP8EP1,2,1,2,expert_input,105,0
CP8EP1,2,1,2,expert_input,106,1
CP8EP1,2,1,2,expert_input,107,27
CP8EP1,2,1,2,expert_input,108,0
CP8EP1,2,1,2,expert_input,109,7
CP8EP1,2,1,2,expert_input,110,2
CP8EP1,2,1,2,expert_input,111,7
CP8EP1,2,1,2,expert_input,112,2
CP8EP1,2,1,2,expert_input,113,4
CP8EP1,2,1,2,expert_input,114,5
CP8EP1,2,1,2,expert_input,115,5
CP8EP1,2,1,2,expert_input,116,0
CP8EP1,2,1,2,expert_input,117,4289
CP8EP1,2,1,2,expert_input,118,0
CP8EP1,2,1,2,expert_input,119,0
CP8EP1,2,1,2,expert_input,120,4
CP8EP1,2,1,2,expert_input,121,0
CP8EP1,2,1,2,expert_input,122,14
CP8EP1,2,1,2,expert_input,123,48
CP8EP1,2,1,2,expert_input,124,0
CP8EP1,2,1,2,expert_input,125,14
CP8EP1,2,1,2,expert_input,126,1
CP8EP1,2,1,2,expert_input,127,33
CP8EP1,2,1,2,expert_input,128,63
CP8EP1,2,1,2,expert_input,129,66
CP8EP1,2,1,2,expert_input,130,0
CP8EP1,2,1,2,expert_input,131,25
CP8EP1,2,1,2,expert_input,132,1
CP8EP1,2,1,2,expert_input,133,0
CP8EP1,2,1,2,expert_input,134,0
CP8EP1,2,1,2,expert_input,135,21
CP8EP1,2,1,2,expert_input,136,4
CP8EP1,2,1,2,expert_input,137,0
CP8EP1,2,1,2,expert_input,138,3
CP8EP1,2,1,2,expert_input,139,55
CP8EP1,2,1,2,expert_input,140,90
CP8EP1,2,1,2,expert_input,141,0
CP8EP1,2,1,2,expert_input,142,0
CP8EP1,2,1,2,expert_input,143,2
CP8EP1,2,1,2,expert_input,144,2
CP8EP1,2,1,2,expert_input,145,24
CP8EP1,2,1,2,expert_input,146,0
CP8EP1,2,1,2,expert_input,147,83
CP8EP1,2,1,2,expert_input,148,0
CP8EP1,2,1,2,expert_input,149,11
CP8EP1,2,1,2,expert_input,150,1
CP8EP1,2,1,2,expert_input,151,0
CP8EP1,2,1,2,expert_input,152,3516
CP8EP1,2,1,2,expert_input,153,0
CP8EP1,2,1,2,expert_input,154,2
CP8EP1,2,1,2,expert_input,155,0
CP8EP1,2,1,2,expert_input,156,4
CP8EP1,2,1,2,expert_input,157,785
CP8EP1,2,1,2,expert_input,158,1273
CP8EP1,2,1,2,expert_input,159,0
CP8EP1,2,1,2,expert_input,160,113
CP8EP1,2,1,2,expert_input,161,1673
CP8EP1,2,1,2,expert_input,162,0
CP8EP1,2,1,2,expert_input,163,1557
CP8EP1,2,1,2,expert_input,164,0
CP8EP1,2,1,2,expert_input,165,0
CP8EP1,2,1,2,expert_input,166,8047
CP8EP1,2,1,2,expert_input,167,1355
CP8EP1,2,1,2,expert_input,168,5
CP8EP1,2,1,2,expert_input,169,19
CP8EP1,2,1,2,expert_input,170,14
CP8EP1,2,1,2,expert_input,171,5
CP8EP1,2,1,2,expert_input,172,240
CP8EP1,2,1,2,expert_input,173,0
CP8EP1,2,1,2,expert_input,174,3996
CP8EP1,2,1,2,expert_input,175,181
CP8EP1,2,1,2,expert_input,176,0
CP8EP1,2,1,2,expert_input,177,2607
CP8EP1,2,1,2,expert_input,178,0
CP8EP1,2,1,2,expert_input,179,35
CP8EP1,2,1,2,expert_input,180,29
CP8EP1,2,1,2,expert_input,181,9
CP8EP1,2,1,2,expert_input,182,0
CP8EP1,2,1,2,expert_input,183,29
CP8EP1,2,1,2,expert_input,184,10
CP8EP1,2,1,2,expert_input,185,2847
CP8EP1,2,1,2,expert_input,186,2789
CP8EP1,2,1,2,expert_input,187,4
CP8EP1,2,1,2,expert_input,188,3
CP8EP1,2,1,2,expert_input,189,1
CP8EP1,2,1,2,expert_input,190,792
CP8EP1,2,1,2,expert_input,191,382
CP8EP1,2,1,2,expert_input,192,2
CP8EP1,2,1,2,expert_input,193,4131
CP8EP1,2,1,2,expert_input,194,2
CP8EP1,2,1,2,expert_input,195,3
CP8EP1,2,1,2,expert_input,196,14
CP8EP1,2,1,2,expert_input,197,0
CP8EP1,2,1,2,expert_input,198,0
CP8EP1,2,1,2,expert_input,199,974
CP8EP1,2,1,2,expert_input,200,4
CP8EP1,2,1,2,expert_input,201,120
CP8EP1,2,1,2,expert_input,202,0
CP8EP1,2,1,2,expert_input,203,10
CP8EP1,2,1,2,expert_input,204,3
CP8EP1,2,1,2,expert_input,205,23
CP8EP1,2,1,2,expert_input,206,2777
CP8EP1,2,1,2,expert_input,207,2
CP8EP1,2,1,2,expert_input,208,27
CP8EP1,2,1,2,expert_input,209,2
CP8EP1,2,1,2,expert_input,210,0
CP8EP1,2,1,2,expert_input,211,112
CP8EP1,2,1,2,expert_input,212,17
CP8EP1,2,1,2,expert_input,213,1093
CP8EP1,2,1,2,expert_input,214,70
CP8EP1,2,1,2,expert_input,215,479
CP8EP1,2,1,2,expert_input,216,0
CP8EP1,2,1,2,expert_input,217,1608
CP8EP1,2,1,2,expert_input,218,3032
CP8EP1,2,1,2,expert_input,219,0
CP8EP1,2,1,2,expert_input,220,29
CP8EP1,2,1,2,expert_input,221,0
CP8EP1,2,1,2,expert_input,222,0
CP8EP1,2,1,2,expert_input,223,3918
CP8EP1,2,1,2,expert_input,224,23
CP8EP1,2,1,2,expert_input,225,0
CP8EP1,2,1,2,expert_input,226,1
CP8EP1,2,1,2,expert_input,227,402
CP8EP1,2,1,2,expert_input,228,2
CP8EP1,2,1,2,expert_input,229,0
CP8EP1,2,1,2,expert_input,230,0
CP8EP1,2,1,2,expert_input,231,0
CP8EP1,2,1,2,expert_input,232,1
CP8EP1,2,1,2,expert_input,233,9186
CP8EP1,2,1,2,expert_input,234,0
CP8EP1,2,1,2,expert_input,235,2
CP8EP1,2,1,2,expert_input,236,24
CP8EP1,2,1,2,expert_input,237,1645
CP8EP1,2,1,2,expert_input,238,1118
CP8EP1,2,1,2,expert_input,239,0
CP8EP1,2,1,2,expert_input,240,6
CP8EP1,2,1,2,expert_input,241,1
CP8EP1,2,1,2,expert_input,242,1116
CP8EP1,2,1,2,expert_input,243,12
CP8EP1,2,1,2,expert_input,244,0
CP8EP1,2,1,2,expert_input,245,4
CP8EP1,2,1,2,expert_input,246,5
CP8EP1,2,1,2,expert_input,247,4
CP8EP1,2,1,2,expert_input,248,211
CP8EP1,2,1,2,expert_input,249,2
CP8EP1,2,1,2,expert_input,250,96
CP8EP1,2,1,2,expert_input,251,2
CP8EP1,2,1,2,expert_input,252,0
CP8EP1,2,1,2,expert_input,253,3
CP8EP1,2,1,2,expert_input,254,62
CP8EP1,2,1,2,expert_input,255,4
CP8EP1,2,2,3,router,0,973
CP8EP1,2,2,3,router,1,117
CP8EP1,2,2,3,router,2,45
CP8EP1,2,2,3,router,3,688
CP8EP1,2,2,3,router,4,1469
CP8EP1,2,2,3,router,5,102
CP8EP1,2,2,3,router,6,1
CP8EP1,2,2,3,router,7,3110
CP8EP1,2,2,3,router,8,427
CP8EP1,2,2,3,router,9,52
CP8EP1,2,2,3,router,10,976
CP8EP1,2,2,3,router,11,25
CP8EP1,2,2,3,router,12,1706
CP8EP1,2,2,3,router,13,19
CP8EP1,2,2,3,router,14,1848
CP8EP1,2,2,3,router,15,1
CP8EP1,2,2,3,router,16,591
CP8EP1,2,2,3,router,17,1105
CP8EP1,2,2,3,router,18,1
CP8EP1,2,2,3,router,19,599
CP8EP1,2,2,3,router,20,249
CP8EP1,2,2,3,router,21,2
CP8EP1,2,2,3,router,22,285
CP8EP1,2,2,3,router,23,2625
CP8EP1,2,2,3,router,24,3
CP8EP1,2,2,3,router,25,290
CP8EP1,2,2,3,router,26,675
CP8EP1,2,2,3,router,27,11
CP8EP1,2,2,3,router,28,0
CP8EP1,2,2,3,router,29,179
CP8EP1,2,2,3,router,30,1478
CP8EP1,2,2,3,router,31,5
CP8EP1,2,2,3,router,32,1255
CP8EP1,2,2,3,router,33,208
CP8EP1,2,2,3,router,34,67
CP8EP1,2,2,3,router,35,582
CP8EP1,2,2,3,router,36,28
CP8EP1,2,2,3,router,37,185
CP8EP1,2,2,3,router,38,0
CP8EP1,2,2,3,router,39,560
CP8EP1,2,2,3,router,40,256
CP8EP1,2,2,3,router,41,609
CP8EP1,2,2,3,router,42,113
CP8EP1,2,2,3,router,43,21
CP8EP1,2,2,3,router,44,1
CP8EP1,2,2,3,router,45,11
CP8EP1,2,2,3,router,46,670
CP8EP1,2,2,3,router,47,29
CP8EP1,2,2,3,router,48,6
CP8EP1,2,2,3,router,49,178
CP8EP1,2,2,3,router,50,0
CP8EP1,2,2,3,router,51,402
CP8EP1,2,2,3,router,52,1
CP8EP1,2,2,3,router,53,7
CP8EP1,2,2,3,router,54,37
CP8EP1,2,2,3,router,55,0
CP8EP1,2,2,3,router,56,1740
CP8EP1,2,2,3,router,57,613
CP8EP1,2,2,3,router,58,412
CP8EP1,2,2,3,router,59,1502
CP8EP1,2,2,3,router,60,2000
CP8EP1,2,2,3,router,61,550
CP8EP1,2,2,3,router,62,932
CP8EP1,2,2,3,router,63,470
CP8EP1,2,2,3,router,64,96
CP8EP1,2,2,3,router,65,183
CP8EP1,2,2,3,router,66,5
CP8EP1,2,2,3,router,67,160
CP8EP1,2,2,3,router,68,76
CP8EP1,2,2,3,router,69,534
CP8EP1,2,2,3,router,70,1780
CP8EP1,2,2,3,router,71,617
CP8EP1,2,2,3,router,72,1034
CP8EP1,2,2,3,router,73,2005
CP8EP1,2,2,3,router,74,747
CP8EP1,2,2,3,router,75,363
CP8EP1,2,2,3,router,76,141
CP8EP1,2,2,3,router,77,1432
CP8EP1,2,2,3,router,78,0
CP8EP1,2,2,3,router,79,4
CP8EP1,2,2,3,router,80,2446
CP8EP1,2,2,3,router,81,1166
CP8EP1,2,2,3,router,82,15
CP8EP1,2,2,3,router,83,1948
CP8EP1,2,2,3,router,84,90
CP8EP1,2,2,3,router,85,7
CP8EP1,2,2,3,router,86,32
CP8EP1,2,2,3,router,87,1519
CP8EP1,2,2,3,router,88,773
CP8EP1,2,2,3,router,89,376
CP8EP1,2,2,3,router,90,0
CP8EP1,2,2,3,router,91,5
CP8EP1,2,2,3,router,92,594
CP8EP1,2,2,3,router,93,581
CP8EP1,2,2,3,router,94,0
CP8EP1,2,2,3,router,95,43
CP8EP1,2,2,3,router,96,488
CP8EP1,2,2,3,router,97,1970
CP8EP1,2,2,3,router,98,142
CP8EP1,2,2,3,router,99,449
CP8EP1,2,2,3,router,100,1203
CP8EP1,2,2,3,router,101,4
CP8EP1,2,2,3,router,102,0
CP8EP1,2,2,3,router,103,21
CP8EP1,2,2,3,router,104,771
CP8EP1,2,2,3,router,105,161
CP8EP1,2,2,3,router,106,561
CP8EP1,2,2,3,router,107,479
CP8EP1,2,2,3,router,108,568
CP8EP1,2,2,3,router,109,0
CP8EP1,2,2,3,router,110,0
CP8EP1,2,2,3,router,111,228
CP8EP1,2,2,3,router,112,1290
CP8EP1,2,2,3,router,113,543
CP8EP1,2,2,3,router,114,112
CP8EP1,2,2,3,router,115,603
CP8EP1,2,2,3,router,116,439
CP8EP1,2,2,3,router,117,61
CP8EP1,2,2,3,router,118,136
CP8EP1,2,2,3,router,119,43
CP8EP1,2,2,3,router,120,68
CP8EP1,2,2,3,router,121,486
CP8EP1,2,2,3,router,122,579
CP8EP1,2,2,3,router,123,280
CP8EP1,2,2,3,router,124,186
CP8EP1,2,2,3,router,125,0
CP8EP1,2,2,3,router,126,3
CP8EP1,2,2,3,router,127,1672
CP8EP1,2,2,3,router,128,708
CP8EP1,2,2,3,router,129,104
CP8EP1,2,2,3,router,130,1
CP8EP1,2,2,3,router,131,222
CP8EP1,2,2,3,router,132,743
CP8EP1,2,2,3,router,133,300
CP8EP1,2,2,3,router,134,2224
CP8EP1,2,2,3,router,135,281
CP8EP1,2,2,3,router,136,2
CP8EP1,2,2,3,router,137,311
CP8EP1,2,2,3,router,138,69
CP8EP1,2,2,3,router,139,159
CP8EP1,2,2,3,router,140,292
CP8EP1,2,2,3,router,141,462
CP8EP1,2,2,3,router,142,2
CP8EP1,2,2,3,router,143,38
CP8EP1,2,2,3,router,144,809
CP8EP1,2,2,3,router,145,783
CP8EP1,2,2,3,router,146,359
CP8EP1,2,2,3,router,147,328
CP8EP1,2,2,3,router,148,39
CP8EP1,2,2,3,router,149,597
CP8EP1,2,2,3,router,150,202
CP8EP1,2,2,3,router,151,1352
CP8EP1,2,2,3,router,152,16
CP8EP1,2,2,3,router,153,7
CP8EP1,2,2,3,router,154,3756
CP8EP1,2,2,3,router,155,971
CP8EP1,2,2,3,router,156,0
CP8EP1,2,2,3,router,157,812
CP8EP1,2,2,3,router,158,736
CP8EP1,2,2,3,router,159,3445
CP8EP1,2,2,3,router,160,96
CP8EP1,2,2,3,router,161,3484
CP8EP1,2,2,3,router,162,569
CP8EP1,2,2,3,router,163,0
CP8EP1,2,2,3,router,164,685
CP8EP1,2,2,3,router,165,311
CP8EP1,2,2,3,router,166,1230
CP8EP1,2,2,3,router,167,170
CP8EP1,2,2,3,router,168,355
CP8EP1,2,2,3,router,169,752
CP8EP1,2,2,3,router,170,293
CP8EP1,2,2,3,router,171,2297
CP8EP1,2,2,3,router,172,8
CP8EP1,2,2,3,router,173,0
CP8EP1,2,2,3,router,174,1129
CP8EP1,2,2,3,router,175,35
CP8EP1,2,2,3,router,176,847
CP8EP1,2,2,3,router,177,2
CP8EP1,2,2,3,router,178,553
CP8EP1,2,2,3,router,179,514
CP8EP1,2,2,3,router,180,10
CP8EP1,2,2,3,router,181,0
CP8EP1,2,2,3,router,182,0
CP8EP1,2,2,3,router,183,106
CP8EP1,2,2,3,router,184,62
CP8EP1,2,2,3,router,185,183
CP8EP1,2,2,3,router,186,1
CP8EP1,2,2,3,router,187,580
CP8EP1,2,2,3,router,188,67
CP8EP1,2,2,3,router,189,77
CP8EP1,2,2,3,router,190,1065
CP8EP1,2,2,3,router,191,666
CP8EP1,2,2,3,router,192,867
CP8EP1,2,2,3,router,193,539
CP8EP1,2,2,3,router,194,0
CP8EP1,2,2,3,router,195,1244
CP8EP1,2,2,3,router,196,382
CP8EP1,2,2,3,router,197,16
CP8EP1,2,2,3,router,198,0
CP8EP1,2,2,3,router,199,0
CP8EP1,2,2,3,router,200,846
CP8EP1,2,2,3,router,201,125
CP8EP1,2,2,3,router,202,51
CP8EP1,2,2,3,router,203,817
CP8EP1,2,2,3,router,204,11
CP8EP1,2,2,3,router,205,25
CP8EP1,2,2,3,router,206,1353
CP8EP1,2,2,3,router,207,257
CP8EP1,2,2,3,router,208,994
CP8EP1,2,2,3,router,209,100
CP8EP1,2,2,3,router,210,2243
CP8EP1,2,2,3,router,211,85
CP8EP1,2,2,3,router,212,63
CP8EP1,2,2,3,router,213,0
CP8EP1,2,2,3,router,214,20
CP8EP1,2,2,3,router,215,192
CP8EP1,2,2,3,router,216,55
CP8EP1,2,2,3,router,217,0
CP8EP1,2,2,3,router,218,245
CP8EP1,2,2,3,router,219,11
CP8EP1,2,2,3,router,220,528
CP8EP1,2,2,3,router,221,3
CP8EP1,2,2,3,router,222,547
CP8EP1,2,2,3,router,223,1623
CP8EP1,2,2,3,router,224,62
CP8EP1,2,2,3,router,225,1207
CP8EP1,2,2,3,router,226,386
CP8EP1,2,2,3,router,227,4
CP8EP1,2,2,3,router,228,211
CP8EP1,2,2,3,router,229,2916
CP8EP1,2,2,3,router,230,650
CP8EP1,2,2,3,router,231,8
CP8EP1,2,2,3,router,232,199
CP8EP1,2,2,3,router,233,0
CP8EP1,2,2,3,router,234,1285
CP8EP1,2,2,3,router,235,419
CP8EP1,2,2,3,router,236,686
CP8EP1,2,2,3,router,237,424
CP8EP1,2,2,3,router,238,607
CP8EP1,2,2,3,router,239,686
CP8EP1,2,2,3,router,240,87
CP8EP1,2,2,3,router,241,741
CP8EP1,2,2,3,router,242,0
CP8EP1,2,2,3,router,243,24
CP8EP1,2,2,3,router,244,155
CP8EP1,2,2,3,router,245,1
CP8EP1,2,2,3,router,246,325
CP8EP1,2,2,3,router,247,860
CP8EP1,2,2,3,router,248,0
CP8EP1,2,2,3,router,249,298
CP8EP1,2,2,3,router,250,1805
CP8EP1,2,2,3,router,251,0
CP8EP1,2,2,3,router,252,1446
CP8EP1,2,2,3,router,253,182
CP8EP1,2,2,3,router,254,75
CP8EP1,2,2,3,router,255,384
CP8EP1,2,2,3,expert_input,0,973
CP8EP1,2,2,3,expert_input,1,117
CP8EP1,2,2,3,expert_input,2,45
CP8EP1,2,2,3,expert_input,3,688
CP8EP1,2,2,3,expert_input,4,1469
CP8EP1,2,2,3,expert_input,5,102
CP8EP1,2,2,3,expert_input,6,1
CP8EP1,2,2,3,expert_input,7,3110
CP8EP1,2,2,3,expert_input,8,427
CP8EP1,2,2,3,expert_input,9,52
CP8EP1,2,2,3,expert_input,10,976
CP8EP1,2,2,3,expert_input,11,25
CP8EP1,2,2,3,expert_input,12,1706
CP8EP1,2,2,3,expert_input,13,19
CP8EP1,2,2,3,expert_input,14,1848
CP8EP1,2,2,3,expert_input,15,1
CP8EP1,2,2,3,expert_input,16,591
CP8EP1,2,2,3,expert_input,17,1105
CP8EP1,2,2,3,expert_input,18,1
CP8EP1,2,2,3,expert_input,19,599
CP8EP1,2,2,3,expert_input,20,249
CP8EP1,2,2,3,expert_input,21,2
CP8EP1,2,2,3,expert_input,22,285
CP8EP1,2,2,3,expert_input,23,2625
CP8EP1,2,2,3,expert_input,24,3
CP8EP1,2,2,3,expert_input,25,290
CP8EP1,2,2,3,expert_input,26,675
CP8EP1,2,2,3,expert_input,27,11
CP8EP1,2,2,3,expert_input,28,0
CP8EP1,2,2,3,expert_input,29,179
CP8EP1,2,2,3,expert_input,30,1478
CP8EP1,2,2,3,expert_input,31,5
CP8EP1,2,2,3,expert_input,32,1255
CP8EP1,2,2,3,expert_input,33,208
CP8EP1,2,2,3,expert_input,34,67
CP8EP1,2,2,3,expert_input,35,582
CP8EP1,2,2,3,expert_input,36,28
CP8EP1,2,2,3,expert_input,37,185
CP8EP1,2,2,3,expert_input,38,0
CP8EP1,2,2,3,expert_input,39,560
CP8EP1,2,2,3,expert_input,40,256
CP8EP1,2,2,3,expert_input,41,609
CP8EP1,2,2,3,expert_input,42,113
CP8EP1,2,2,3,expert_input,43,21
CP8EP1,2,2,3,expert_input,44,1
CP8EP1,2,2,3,expert_input,45,11
CP8EP1,2,2,3,expert_input,46,670
CP8EP1,2,2,3,expert_input,47,29
CP8EP1,2,2,3,expert_input,48,6
CP8EP1,2,2,3,expert_input,49,178
CP8EP1,2,2,3,expert_input,50,0
CP8EP1,2,2,3,expert_input,51,402
CP8EP1,2,2,3,expert_input,52,1
CP8EP1,2,2,3,expert_input,53,7
CP8EP1,2,2,3,expert_input,54,37
CP8EP1,2,2,3,expert_input,55,0
CP8EP1,2,2,3,expert_input,56,1740
CP8EP1,2,2,3,expert_input,57,613
CP8EP1,2,2,3,expert_input,58,412
CP8EP1,2,2,3,expert_input,59,1502
CP8EP1,2,2,3,expert_input,60,2000
CP8EP1,2,2,3,expert_input,61,550
CP8EP1,2,2,3,expert_input,62,932
CP8EP1,2,2,3,expert_input,63,470
CP8EP1,2,2,3,expert_input,64,96
CP8EP1,2,2,3,expert_input,65,183
CP8EP1,2,2,3,expert_input,66,5
CP8EP1,2,2,3,expert_input,67,160
CP8EP1,2,2,3,expert_input,68,76
CP8EP1,2,2,3,expert_input,69,534
CP8EP1,2,2,3,expert_input,70,1780
CP8EP1,2,2,3,expert_input,71,617
CP8EP1,2,2,3,expert_input,72,1034
CP8EP1,2,2,3,expert_input,73,2005
CP8EP1,2,2,3,expert_input,74,747
CP8EP1,2,2,3,expert_input,75,363
CP8EP1,2,2,3,expert_input,76,141
CP8EP1,2,2,3,expert_input,77,1432
CP8EP1,2,2,3,expert_input,78,0
CP8EP1,2,2,3,expert_input,79,4
CP8EP1,2,2,3,expert_input,80,2446
CP8EP1,2,2,3,expert_input,81,1166
CP8EP1,2,2,3,expert_input,82,15
CP8EP1,2,2,3,expert_input,83,1948
CP8EP1,2,2,3,expert_input,84,90
CP8EP1,2,2,3,expert_input,85,7
CP8EP1,2,2,3,expert_input,86,32
CP8EP1,2,2,3,expert_input,87,1519
CP8EP1,2,2,3,expert_input,88,773
CP8EP1,2,2,3,expert_input,89,376
CP8EP1,2,2,3,expert_input,90,0
CP8EP1,2,2,3,expert_input,91,5
CP8EP1,2,2,3,expert_input,92,594
CP8EP1,2,2,3,expert_input,93,581
CP8EP1,2,2,3,expert_input,94,0
CP8EP1,2,2,3,expert_input,95,43
CP8EP1,2,2,3,expert_input,96,488
CP8EP1,2,2,3,expert_input,97,1970
CP8EP1,2,2,3,expert_input,98,142
CP8EP1,2,2,3,expert_input,99,449
CP8EP1,2,2,3,expert_input,100,1203
CP8EP1,2,2,3,expert_input,101,4
CP8EP1,2,2,3,expert_input,102,0
CP8EP1,2,2,3,expert_input,103,21
CP8EP1,2,2,3,expert_input,104,771
CP8EP1,2,2,3,expert_input,105,161
CP8EP1,2,2,3,expert_input,106,561
CP8EP1,2,2,3,expert_input,107,479
CP8EP1,2,2,3,expert_input,108,568
CP8EP1,2,2,3,expert_input,109,0
CP8EP1,2,2,3,expert_input,110,0
CP8EP1,2,2,3,expert_input,111,228
CP8EP1,2,2,3,expert_input,112,1290
CP8EP1,2,2,3,expert_input,113,543
CP8EP1,2,2,3,expert_input,114,112
CP8EP1,2,2,3,expert_input,115,603
CP8EP1,2,2,3,expert_input,116,439
CP8EP1,2,2,3,expert_input,117,61
CP8EP1,2,2,3,expert_input,118,136
CP8EP1,2,2,3,expert_input,119,43
CP8EP1,2,2,3,expert_input,120,68
CP8EP1,2,2,3,expert_input,121,486
CP8EP1,2,2,3,expert_input,122,579
CP8EP1,2,2,3,expert_input,123,280
CP8EP1,2,2,3,expert_input,124,186
CP8EP1,2,2,3,expert_input,125,0
CP8EP1,2,2,3,expert_input,126,3
CP8EP1,2,2,3,expert_input,127,1672
CP8EP1,2,2,3,expert_input,128,708
CP8EP1,2,2,3,expert_input,129,104
CP8EP1,2,2,3,expert_input,130,1
CP8EP1,2,2,3,expert_input,131,222
CP8EP1,2,2,3,expert_input,132,743
CP8EP1,2,2,3,expert_input,133,300
CP8EP1,2,2,3,expert_input,134,2224
CP8EP1,2,2,3,expert_input,135,281
CP8EP1,2,2,3,expert_input,136,2
CP8EP1,2,2,3,expert_input,137,311
CP8EP1,2,2,3,expert_input,138,69
CP8EP1,2,2,3,expert_input,139,159
CP8EP1,2,2,3,expert_input,140,292
CP8EP1,2,2,3,expert_input,141,462
CP8EP1,2,2,3,expert_input,142,2
CP8EP1,2,2,3,expert_input,143,38
CP8EP1,2,2,3,expert_input,144,809
CP8EP1,2,2,3,expert_input,145,783
CP8EP1,2,2,3,expert_input,146,359
CP8EP1,2,2,3,expert_input,147,328
CP8EP1,2,2,3,expert_input,148,39
CP8EP1,2,2,3,expert_input,149,597
CP8EP1,2,2,3,expert_input,150,202
CP8EP1,2,2,3,expert_input,151,1352
CP8EP1,2,2,3,expert_input,152,16
CP8EP1,2,2,3,expert_input,153,7
CP8EP1,2,2,3,expert_input,154,3756
CP8EP1,2,2,3,expert_input,155,971
CP8EP1,2,2,3,expert_input,156,0
CP8EP1,2,2,3,expert_input,157,812
CP8EP1,2,2,3,expert_input,158,736
CP8EP1,2,2,3,expert_input,159,3445
CP8EP1,2,2,3,expert_input,160,96
CP8EP1,2,2,3,expert_input,161,3484
CP8EP1,2,2,3,expert_input,162,569
CP8EP1,2,2,3,expert_input,163,0
CP8EP1,2,2,3,expert_input,164,685
CP8EP1,2,2,3,expert_input,165,311
CP8EP1,2,2,3,expert_input,166,1230
CP8EP1,2,2,3,expert_input,167,170
CP8EP1,2,2,3,expert_input,168,355
CP8EP1,2,2,3,expert_input,169,752
CP8EP1,2,2,3,expert_input,170,293
CP8EP1,2,2,3,expert_input,171,2297
CP8EP1,2,2,3,expert_input,172,8
CP8EP1,2,2,3,expert_input,173,0
CP8EP1,2,2,3,expert_input,174,1129
CP8EP1,2,2,3,expert_input,175,35
CP8EP1,2,2,3,expert_input,176,847
CP8EP1,2,2,3,expert_input,177,2
CP8EP1,2,2,3,expert_input,178,553
CP8EP1,2,2,3,expert_input,179,514
CP8EP1,2,2,3,expert_input,180,10
CP8EP1,2,2,3,expert_input,181,0
CP8EP1,2,2,3,expert_input,182,0
CP8EP1,2,2,3,expert_input,183,106
CP8EP1,2,2,3,expert_input,184,62
CP8EP1,2,2,3,expert_input,185,183
CP8EP1,2,2,3,expert_input,186,1
CP8EP1,2,2,3,expert_input,187,580
CP8EP1,2,2,3,expert_input,188,67
CP8EP1,2,2,3,expert_input,189,77
CP8EP1,2,2,3,expert_input,190,1065
CP8EP1,2,2,3,expert_input,191,666
CP8EP1,2,2,3,expert_input,192,867
CP8EP1,2,2,3,expert_input,193,539
CP8EP1,2,2,3,expert_input,194,0
CP8EP1,2,2,3,expert_input,195,1244
CP8EP1,2,2,3,expert_input,196,382
CP8EP1,2,2,3,expert_input,197,16
CP8EP1,2,2,3,expert_input,198,0
CP8EP1,2,2,3,expert_input,199,0
CP8EP1,2,2,3,expert_input,200,846
CP8EP1,2,2,3,expert_input,201,125
CP8EP1,2,2,3,expert_input,202,51
CP8EP1,2,2,3,expert_input,203,817
CP8EP1,2,2,3,expert_input,204,11
CP8EP1,2,2,3,expert_input,205,25
CP8EP1,2,2,3,expert_input,206,1353
CP8EP1,2,2,3,expert_input,207,257
CP8EP1,2,2,3,expert_input,208,994
CP8EP1,2,2,3,expert_input,209,100
CP8EP1,2,2,3,expert_input,210,2243
CP8EP1,2,2,3,expert_input,211,85
CP8EP1,2,2,3,expert_input,212,63
CP8EP1,2,2,3,expert_input,213,0
CP8EP1,2,2,3,expert_input,214,20
CP8EP1,2,2,3,expert_input,215,192
CP8EP1,2,2,3,expert_input,216,55
CP8EP1,2,2,3,expert_input,217,0
CP8EP1,2,2,3,expert_input,218,245
CP8EP1,2,2,3,expert_input,219,11
CP8EP1,2,2,3,expert_input,220,528
CP8EP1,2,2,3,expert_input,221,3
CP8EP1,2,2,3,expert_input,222,547
CP8EP1,2,2,3,expert_input,223,1623
CP8EP1,2,2,3,expert_input,224,62
CP8EP1,2,2,3,expert_input,225,1207
CP8EP1,2,2,3,expert_input,226,386
CP8EP1,2,2,3,expert_input,227,4
CP8EP1,2,2,3,expert_input,228,211
CP8EP1,2,2,3,expert_input,229,2916
CP8EP1,2,2,3,expert_input,230,650
CP8EP1,2,2,3,expert_input,231,8
CP8EP1,2,2,3,expert_input,232,199
CP8EP1,2,2,3,expert_input,233,0
CP8EP1,2,2,3,expert_input,234,1285
CP8EP1,2,2,3,expert_input,235,419
CP8EP1,2,2,3,expert_input,236,686
CP8EP1,2,2,3,expert_input,237,424
CP8EP1,2,2,3,expert_input,238,607
CP8EP1,2,2,3,expert_input,239,686
CP8EP1,2,2,3,expert_input,240,87
CP8EP1,2,2,3,expert_input,241,741
CP8EP1,2,2,3,expert_input,242,0
CP8EP1,2,2,3,expert_input,243,24
CP8EP1,2,2,3,expert_input,244,155
CP8EP1,2,2,3,expert_input,245,1
CP8EP1,2,2,3,expert_input,246,325
CP8EP1,2,2,3,expert_input,247,860
CP8EP1,2,2,3,expert_input,248,0
CP8EP1,2,2,3,expert_input,249,298
CP8EP1,2,2,3,expert_input,250,1805
CP8EP1,2,2,3,expert_input,251,0
CP8EP1,2,2,3,expert_input,252,1446
CP8EP1,2,2,3,expert_input,253,182
CP8EP1,2,2,3,expert_input,254,75
CP8EP1,2,2,3,expert_input,255,384
CP8EP1,3,1,2,router,0,286
CP8EP1,3,1,2,router,1,5
CP8EP1,3,1,2,router,2,892
CP8EP1,3,1,2,router,3,2421
CP8EP1,3,1,2,router,4,3
CP8EP1,3,1,2,router,5,838
CP8EP1,3,1,2,router,6,7
CP8EP1,3,1,2,router,7,0
CP8EP1,3,1,2,router,8,8
CP8EP1,3,1,2,router,9,0
CP8EP1,3,1,2,router,10,5
CP8EP1,3,1,2,router,11,5668
CP8EP1,3,1,2,router,12,1
CP8EP1,3,1,2,router,13,1459
CP8EP1,3,1,2,router,14,70
CP8EP1,3,1,2,router,15,3804
CP8EP1,3,1,2,router,16,1
CP8EP1,3,1,2,router,17,832
CP8EP1,3,1,2,router,18,9
CP8EP1,3,1,2,router,19,3
CP8EP1,3,1,2,router,20,7
CP8EP1,3,1,2,router,21,5
CP8EP1,3,1,2,router,22,5
CP8EP1,3,1,2,router,23,6
CP8EP1,3,1,2,router,24,0
CP8EP1,3,1,2,router,25,1
CP8EP1,3,1,2,router,26,9079
CP8EP1,3,1,2,router,27,507
CP8EP1,3,1,2,router,28,5761
CP8EP1,3,1,2,router,29,0
CP8EP1,3,1,2,router,30,8
CP8EP1,3,1,2,router,31,0
CP8EP1,3,1,2,router,32,7
CP8EP1,3,1,2,router,33,1
CP8EP1,3,1,2,router,34,33
CP8EP1,3,1,2,router,35,0
CP8EP1,3,1,2,router,36,3
CP8EP1,3,1,2,router,37,3251
CP8EP1,3,1,2,router,38,2
CP8EP1,3,1,2,router,39,0
CP8EP1,3,1,2,router,40,2
CP8EP1,3,1,2,router,41,9942
CP8EP1,3,1,2,router,42,1
CP8EP1,3,1,2,router,43,0
CP8EP1,3,1,2,router,44,0
CP8EP1,3,1,2,router,45,34
CP8EP1,3,1,2,router,46,0
CP8EP1,3,1,2,router,47,13
CP8EP1,3,1,2,router,48,0
CP8EP1,3,1,2,router,49,1
CP8EP1,3,1,2,router,50,19
CP8EP1,3,1,2,router,51,2
CP8EP1,3,1,2,router,52,5
CP8EP1,3,1,2,router,53,0
CP8EP1,3,1,2,router,54,48
CP8EP1,3,1,2,router,55,0
CP8EP1,3,1,2,router,56,6
CP8EP1,3,1,2,router,57,738
CP8EP1,3,1,2,router,58,31
CP8EP1,3,1,2,router,59,5
CP8EP1,3,1,2,router,60,0
CP8EP1,3,1,2,router,61,89
CP8EP1,3,1,2,router,62,1072
CP8EP1,3,1,2,router,63,45
CP8EP1,3,1,2,router,64,0
CP8EP1,3,1,2,router,65,1
CP8EP1,3,1,2,router,66,25
CP8EP1,3,1,2,router,67,0
CP8EP1,3,1,2,router,68,1
CP8EP1,3,1,2,router,69,0
CP8EP1,3,1,2,router,70,6
CP8EP1,3,1,2,router,71,1
CP8EP1,3,1,2,router,72,173
CP8EP1,3,1,2,router,73,8
CP8EP1,3,1,2,router,74,4
CP8EP1,3,1,2,router,75,1
CP8EP1,3,1,2,router,76,1
CP8EP1,3,1,2,router,77,11
CP8EP1,3,1,2,router,78,883
CP8EP1,3,1,2,router,79,1
CP8EP1,3,1,2,router,80,0
CP8EP1,3,1,2,router,81,76
CP8EP1,3,1,2,router,82,4135
CP8EP1,3,1,2,router,83,2025
CP8EP1,3,1,2,router,84,0
CP8EP1,3,1,2,router,85,0
CP8EP1,3,1,2,router,86,0
CP8EP1,3,1,2,router,87,125
CP8EP1,3,1,2,router,88,1
CP8EP1,3,1,2,router,89,353
CP8EP1,3,1,2,router,90,1822
CP8EP1,3,1,2,router,91,28
CP8EP1,3,1,2,router,92,1
CP8EP1,3,1,2,router,93,177
CP8EP1,3,1,2,router,94,14
CP8EP1,3,1,2,router,95,65
CP8EP1,3,1,2,router,96,0
CP8EP1,3,1,2,router,97,2
CP8EP1,3,1,2,router,98,2406
CP8EP1,3,1,2,router,99,11
CP8EP1,3,1,2,router,100,1405
CP8EP1,3,1,2,router,101,11
CP8EP1,3,1,2,router,102,387
CP8EP1,3,1,2,router,103,0
CP8EP1,3,1,2,router,104,5
CP8EP1,3,1,2,router,105,1
CP8EP1,3,1,2,router,106,2
CP8EP1,3,1,2,router,107,26
CP8EP1,3,1,2,router,108,0
CP8EP1,3,1,2,router,109,4
CP8EP1,3,1,2,router,110,4
CP8EP1,3,1,2,router,111,5
CP8EP1,3,1,2,router,112,2
CP8EP1,3,1,2,router,113,1
CP8EP1,3,1,2,router,114,16
CP8EP1,3,1,2,router,115,3
CP8EP1,3,1,2,router,116,4
CP8EP1,3,1,2,router,117,4326
CP8EP1,3,1,2,router,118,1
CP8EP1,3,1,2,router,119,0
CP8EP1,3,1,2,router,120,9
CP8EP1,3,1,2,router,121,0
CP8EP1,3,1,2,router,122,3
CP8EP1,3,1,2,router,123,36
CP8EP1,3,1,2,router,124,0
CP8EP1,3,1,2,router,125,21
CP8EP1,3,1,2,router,126,2
CP8EP1,3,1,2,router,127,21
CP8EP1,3,1,2,router,128,85
CP8EP1,3,1,2,router,129,62
CP8EP1,3,1,2,router,130,0
CP8EP1,3,1,2,router,131,18
CP8EP1,3,1,2,router,132,1
CP8EP1,3,1,2,router,133,0
CP8EP1,3,1,2,router,134,1
CP8EP1,3,1,2,router,135,19
CP8EP1,3,1,2,router,136,7
CP8EP1,3,1,2,router,137,0
CP8EP1,3,1,2,router,138,0
CP8EP1,3,1,2,router,139,55
CP8EP1,3,1,2,router,140,81
CP8EP1,3,1,2,router,141,0
CP8EP1,3,1,2,router,142,0
CP8EP1,3,1,2,router,143,6
CP8EP1,3,1,2,router,144,0
CP8EP1,3,1,2,router,145,32
CP8EP1,3,1,2,router,146,0
CP8EP1,3,1,2,router,147,94
CP8EP1,3,1,2,router,148,1
CP8EP1,3,1,2,router,149,19
CP8EP1,3,1,2,router,150,0
CP8EP1,3,1,2,router,151,0
CP8EP1,3,1,2,router,152,3496
CP8EP1,3,1,2,router,153,0
CP8EP1,3,1,2,router,154,1
CP8EP1,3,1,2,router,155,0
CP8EP1,3,1,2,router,156,3
CP8EP1,3,1,2,router,157,813
CP8EP1,3,1,2,router,158,1269
CP8EP1,3,1,2,router,159,1
CP8EP1,3,1,2,router,160,110
CP8EP1,3,1,2,router,161,1782
CP8EP1,3,1,2,router,162,0
CP8EP1,3,1,2,router,163,1482
CP8EP1,3,1,2,router,164,0
CP8EP1,3,1,2,router,165,0
CP8EP1,3,1,2,router,166,8225
CP8EP1,3,1,2,router,167,1373
CP8EP1,3,1,2,router,168,1
CP8EP1,3,1,2,router,169,27
CP8EP1,3,1,2,router,170,11
CP8EP1,3,1,2,router,171,4
CP8EP1,3,1,2,router,172,245
CP8EP1,3,1,2,router,173,1
CP8EP1,3,1,2,router,174,3903
CP8EP1,3,1,2,router,175,176
CP8EP1,3,1,2,router,176,0
CP8EP1,3,1,2,router,177,2656
CP8EP1,3,1,2,router,178,0
CP8EP1,3,1,2,router,179,29
CP8EP1,3,1,2,router,180,24
CP8EP1,3,1,2,router,181,9
CP8EP1,3,1,2,router,182,0
CP8EP1,3,1,2,router,183,31
CP8EP1,3,1,2,router,184,11
CP8EP1,3,1,2,router,185,2932
CP8EP1,3,1,2,router,186,2844
CP8EP1,3,1,2,router,187,4
CP8EP1,3,1,2,router,188,2
CP8EP1,3,1,2,router,189,0
CP8EP1,3,1,2,router,190,724
CP8EP1,3,1,2,router,191,344
CP8EP1,3,1,2,router,192,3
CP8EP1,3,1,2,router,193,4110
CP8EP1,3,1,2,router,194,0
CP8EP1,3,1,2,router,195,2
CP8EP1,3,1,2,router,196,18
CP8EP1,3,1,2,router,197,0
CP8EP1,3,1,2,router,198,0
CP8EP1,3,1,2,router,199,1012
CP8EP1,3,1,2,router,200,4
CP8EP1,3,1,2,router,201,112
CP8EP1,3,1,2,router,202,0
CP8EP1,3,1,2,router,203,16
CP8EP1,3,1,2,router,204,1
CP8EP1,3,1,2,router,205,18
CP8EP1,3,1,2,router,206,2754
CP8EP1,3,1,2,router,207,3
CP8EP1,3,1,2,router,208,13
CP8EP1,3,1,2,router,209,2
CP8EP1,3,1,2,router,210,0
CP8EP1,3,1,2,router,211,100
CP8EP1,3,1,2,router,212,18
CP8EP1,3,1,2,router,213,1091
CP8EP1,3,1,2,router,214,67
CP8EP1,3,1,2,router,215,432
CP8EP1,3,1,2,router,216,1
CP8EP1,3,1,2,router,217,1642
CP8EP1,3,1,2,router,218,2994
CP8EP1,3,1,2,router,219,0
CP8EP1,3,1,2,router,220,25
CP8EP1,3,1,2,router,221,2
CP8EP1,3,1,2,router,222,0
CP8EP1,3,1,2,router,223,4129
CP8EP1,3,1,2,router,224,17
CP8EP1,3,1,2,router,225,0
CP8EP1,3,1,2,router,226,0
CP8EP1,3,1,2,router,227,372
CP8EP1,3,1,2,router,228,0
CP8EP1,3,1,2,router,229,0
CP8EP1,3,1,2,router,230,0
CP8EP1,3,1,2,router,231,0
CP8EP1,3,1,2,router,232,0
CP8EP1,3,1,2,router,233,9185
CP8EP1,3,1,2,router,234,0
CP8EP1,3,1,2,router,235,0
CP8EP1,3,1,2,router,236,31
CP8EP1,3,1,2,router,237,1628
CP8EP1,3,1,2,router,238,1116
CP8EP1,3,1,2,router,239,0
CP8EP1,3,1,2,router,240,8
CP8EP1,3,1,2,router,241,1
CP8EP1,3,1,2,router,242,1077
CP8EP1,3,1,2,router,243,5
CP8EP1,3,1,2,router,244,0
CP8EP1,3,1,2,router,245,4
CP8EP1,3,1,2,router,246,2
CP8EP1,3,1,2,router,247,3
CP8EP1,3,1,2,router,248,180
CP8EP1,3,1,2,router,249,3
CP8EP1,3,1,2,router,250,102
CP8EP1,3,1,2,router,251,1
CP8EP1,3,1,2,router,252,0
CP8EP1,3,1,2,router,253,3
CP8EP1,3,1,2,router,254,56
CP8EP1,3,1,2,router,255,2
CP8EP1,3,1,2,expert_input,0,286
CP8EP1,3,1,2,expert_input,1,5
CP8EP1,3,1,2,expert_input,2,892
CP8EP1,3,1,2,expert_input,3,2421
CP8EP1,3,1,2,expert_input,4,3
CP8EP1,3,1,2,expert_input,5,838
CP8EP1,3,1,2,expert_input,6,7
CP8EP1,3,1,2,expert_input,7,0
CP8EP1,3,1,2,expert_input,8,8
CP8EP1,3,1,2,expert_input,9,0
CP8EP1,3,1,2,expert_input,10,5
CP8EP1,3,1,2,expert_input,11,5668
CP8EP1,3,1,2,expert_input,12,1
CP8EP1,3,1,2,expert_input,13,1459
CP8EP1,3,1,2,expert_input,14,70
CP8EP1,3,1,2,expert_input,15,3804
CP8EP1,3,1,2,expert_input,16,1
CP8EP1,3,1,2,expert_input,17,832
CP8EP1,3,1,2,expert_input,18,9
CP8EP1,3,1,2,expert_input,19,3
CP8EP1,3,1,2,expert_input,20,7
CP8EP1,3,1,2,expert_input,21,5
CP8EP1,3,1,2,expert_input,22,5
CP8EP1,3,1,2,expert_input,23,6
CP8EP1,3,1,2,expert_input,24,0
CP8EP1,3,1,2,expert_input,25,1
CP8EP1,3,1,2,expert_input,26,9079
CP8EP1,3,1,2,expert_input,27,507
CP8EP1,3,1,2,expert_input,28,5761
CP8EP1,3,1,2,expert_input,29,0
CP8EP1,3,1,2,expert_input,30,8
CP8EP1,3,1,2,expert_input,31,0
CP8EP1,3,1,2,expert_input,32,7
CP8EP1,3,1,2,expert_input,33,1
CP8EP1,3,1,2,expert_input,34,33
CP8EP1,3,1,2,expert_input,35,0
CP8EP1,3,1,2,expert_input,36,3
CP8EP1,3,1,2,expert_input,37,3251
CP8EP1,3,1,2,expert_input,38,2
CP8EP1,3,1,2,expert_input,39,0
CP8EP1,3,1,2,expert_input,40,2
CP8EP1,3,1,2,expert_input,41,9942
CP8EP1,3,1,2,expert_input,42,1
CP8EP1,3,1,2,expert_input,43,0
CP8EP1,3,1,2,expert_input,44,0
CP8EP1,3,1,2,expert_input,45,34
CP8EP1,3,1,2,expert_input,46,0
CP8EP1,3,1,2,expert_input,47,13
CP8EP1,3,1,2,expert_input,48,0
CP8EP1,3,1,2,expert_input,49,1
CP8EP1,3,1,2,expert_input,50,19
CP8EP1,3,1,2,expert_input,51,2
CP8EP1,3,1,2,expert_input,52,5
CP8EP1,3,1,2,expert_input,53,0
CP8EP1,3,1,2,expert_input,54,48
CP8EP1,3,1,2,expert_input,55,0
CP8EP1,3,1,2,expert_input,56,6
CP8EP1,3,1,2,expert_input,57,738
CP8EP1,3,1,2,expert_input,58,31
CP8EP1,3,1,2,expert_input,59,5
CP8EP1,3,1,2,expert_input,60,0
CP8EP1,3,1,2,expert_input,61,89
CP8EP1,3,1,2,expert_input,62,1072
CP8EP1,3,1,2,expert_input,63,45
CP8EP1,3,1,2,expert_input,64,0
CP8EP1,3,1,2,expert_input,65,1
CP8EP1,3,1,2,expert_input,66,25
CP8EP1,3,1,2,expert_input,67,0
CP8EP1,3,1,2,expert_input,68,1
CP8EP1,3,1,2,expert_input,69,0
CP8EP1,3,1,2,expert_input,70,6
CP8EP1,3,1,2,expert_input,71,1
CP8EP1,3,1,2,expert_input,72,173
CP8EP1,3,1,2,expert_input,73,8
CP8EP1,3,1,2,expert_input,74,4
CP8EP1,3,1,2,expert_input,75,1
CP8EP1,3,1,2,expert_input,76,1
CP8EP1,3,1,2,expert_input,77,11
CP8EP1,3,1,2,expert_input,78,883
CP8EP1,3,1,2,expert_input,79,1
CP8EP1,3,1,2,expert_input,80,0
CP8EP1,3,1,2,expert_input,81,76
CP8EP1,3,1,2,expert_input,82,4135
CP8EP1,3,1,2,expert_input,83,2025
CP8EP1,3,1,2,expert_input,84,0
CP8EP1,3,1,2,expert_input,85,0
CP8EP1,3,1,2,expert_input,86,0
CP8EP1,3,1,2,expert_input,87,125
CP8EP1,3,1,2,expert_input,88,1
CP8EP1,3,1,2,expert_input,89,353
CP8EP1,3,1,2,expert_input,90,1822
CP8EP1,3,1,2,expert_input,91,28
CP8EP1,3,1,2,expert_input,92,1
CP8EP1,3,1,2,expert_input,93,177
CP8EP1,3,1,2,expert_input,94,14
CP8EP1,3,1,2,expert_input,95,65
CP8EP1,3,1,2,expert_input,96,0
CP8EP1,3,1,2,expert_input,97,2
CP8EP1,3,1,2,expert_input,98,2406
CP8EP1,3,1,2,expert_input,99,11
CP8EP1,3,1,2,expert_input,100,1405
CP8EP1,3,1,2,expert_input,101,11
CP8EP1,3,1,2,expert_input,102,387
CP8EP1,3,1,2,expert_input,103,0
CP8EP1,3,1,2,expert_input,104,5
CP8EP1,3,1,2,expert_input,105,1
CP8EP1,3,1,2,expert_input,106,2
CP8EP1,3,1,2,expert_input,107,26
CP8EP1,3,1,2,expert_input,108,0
CP8EP1,3,1,2,expert_input,109,4
CP8EP1,3,1,2,expert_input,110,4
CP8EP1,3,1,2,expert_input,111,5
CP8EP1,3,1,2,expert_input,112,2
CP8EP1,3,1,2,expert_input,113,1
CP8EP1,3,1,2,expert_input,114,16
CP8EP1,3,1,2,expert_input,115,3
CP8EP1,3,1,2,expert_input,116,4
CP8EP1,3,1,2,expert_input,117,4326
CP8EP1,3,1,2,expert_input,118,1
CP8EP1,3,1,2,expert_input,119,0
CP8EP1,3,1,2,expert_input,120,9
CP8EP1,3,1,2,expert_input,121,0
CP8EP1,3,1,2,expert_input,122,3
CP8EP1,3,1,2,expert_input,123,36
CP8EP1,3,1,2,expert_input,124,0
CP8EP1,3,1,2,expert_input,125,21
CP8EP1,3,1,2,expert_input,126,2
CP8EP1,3,1,2,expert_input,127,21
CP8EP1,3,1,2,expert_input,128,85
CP8EP1,3,1,2,expert_input,129,62
CP8EP1,3,1,2,expert_input,130,0
CP8EP1,3,1,2,expert_input,131,18
CP8EP1,3,1,2,expert_input,132,1
CP8EP1,3,1,2,expert_input,133,0
CP8EP1,3,1,2,expert_input,134,1
CP8EP1,3,1,2,expert_input,135,19
CP8EP1,3,1,2,expert_input,136,7
CP8EP1,3,1,2,expert_input,137,0
CP8EP1,3,1,2,expert_input,138,0
CP8EP1,3,1,2,expert_input,139,55
CP8EP1,3,1,2,expert_input,140,81
CP8EP1,3,1,2,expert_input,141,0
CP8EP1,3,1,2,expert_input,142,0
CP8EP1,3,1,2,expert_input,143,6
CP8EP1,3,1,2,expert_input,144,0
CP8EP1,3,1,2,expert_input,145,32
CP8EP1,3,1,2,expert_input,146,0
CP8EP1,3,1,2,expert_input,147,94
CP8EP1,3,1,2,expert_input,148,1
CP8EP1,3,1,2,expert_input,149,19
CP8EP1,3,1,2,expert_input,150,0
CP8EP1,3,1,2,expert_input,151,0
CP8EP1,3,1,2,expert_input,152,3496
CP8EP1,3,1,2,expert_input,153,0
CP8EP1,3,1,2,expert_input,154,1
CP8EP1,3,1,2,expert_input,155,0
CP8EP1,3,1,2,expert_input,156,3
CP8EP1,3,1,2,expert_input,157,813
CP8EP1,3,1,2,expert_input,158,1269
CP8EP1,3,1,2,expert_input,159,1
CP8EP1,3,1,2,expert_input,160,110
CP8EP1,3,1,2,expert_input,161,1782
CP8EP1,3,1,2,expert_input,162,0
CP8EP1,3,1,2,expert_input,163,1482
CP8EP1,3,1,2,expert_input,164,0
CP8EP1,3,1,2,expert_input,165,0
CP8EP1,3,1,2,expert_input,166,8225
CP8EP1,3,1,2,expert_input,167,1373
CP8EP1,3,1,2,expert_input,168,1
CP8EP1,3,1,2,expert_input,169,27
CP8EP1,3,1,2,expert_input,170,11
CP8EP1,3,1,2,expert_input,171,4
CP8EP1,3,1,2,expert_input,172,245
CP8EP1,3,1,2,expert_input,173,1
CP8EP1,3,1,2,expert_input,174,3903
CP8EP1,3,1,2,expert_input,175,176
CP8EP1,3,1,2,expert_input,176,0
CP8EP1,3,1,2,expert_input,177,2656
CP8EP1,3,1,2,expert_input,178,0
CP8EP1,3,1,2,expert_input,179,29
CP8EP1,3,1,2,expert_input,180,24
CP8EP1,3,1,2,expert_input,181,9
CP8EP1,3,1,2,expert_input,182,0
CP8EP1,3,1,2,expert_input,183,31
CP8EP1,3,1,2,expert_input,184,11
CP8EP1,3,1,2,expert_input,185,2932
CP8EP1,3,1,2,expert_input,186,2844
CP8EP1,3,1,2,expert_input,187,4
CP8EP1,3,1,2,expert_input,188,2
CP8EP1,3,1,2,expert_input,189,0
CP8EP1,3,1,2,expert_input,190,724
CP8EP1,3,1,2,expert_input,191,344
CP8EP1,3,1,2,expert_input,192,3
CP8EP1,3,1,2,expert_input,193,4110
CP8EP1,3,1,2,expert_input,194,0
CP8EP1,3,1,2,expert_input,195,2
CP8EP1,3,1,2,expert_input,196,18
CP8EP1,3,1,2,expert_input,197,0
CP8EP1,3,1,2,expert_input,198,0
CP8EP1,3,1,2,expert_input,199,1012
CP8EP1,3,1,2,expert_input,200,4
CP8EP1,3,1,2,expert_input,201,112
CP8EP1,3,1,2,expert_input,202,0
CP8EP1,3,1,2,expert_input,203,16
CP8EP1,3,1,2,expert_input,204,1
CP8EP1,3,1,2,expert_input,205,18
CP8EP1,3,1,2,expert_input,206,2754
CP8EP1,3,1,2,expert_input,207,3
CP8EP1,3,1,2,expert_input,208,13
CP8EP1,3,1,2,expert_input,209,2
CP8EP1,3,1,2,expert_input,210,0
CP8EP1,3,1,2,expert_input,211,100
CP8EP1,3,1,2,expert_input,212,18
CP8EP1,3,1,2,expert_input,213,1091
CP8EP1,3,1,2,expert_input,214,67
CP8EP1,3,1,2,expert_input,215,432
CP8EP1,3,1,2,expert_input,216,1
CP8EP1,3,1,2,expert_input,217,1642
CP8EP1,3,1,2,expert_input,218,2994
CP8EP1,3,1,2,expert_input,219,0
CP8EP1,3,1,2,expert_input,220,25
CP8EP1,3,1,2,expert_input,221,2
CP8EP1,3,1,2,expert_input,222,0
CP8EP1,3,1,2,expert_input,223,4129
CP8EP1,3,1,2,expert_input,224,17
CP8EP1,3,1,2,expert_input,225,0
CP8EP1,3,1,2,expert_input,226,0
CP8EP1,3,1,2,expert_input,227,372
CP8EP1,3,1,2,expert_input,228,0
CP8EP1,3,1,2,expert_input,229,0
CP8EP1,3,1,2,expert_input,230,0
CP8EP1,3,1,2,expert_input,231,0
CP8EP1,3,1,2,expert_input,232,0
CP8EP1,3,1,2,expert_input,233,9185
CP8EP1,3,1,2,expert_input,234,0
CP8EP1,3,1,2,expert_input,235,0
CP8EP1,3,1,2,expert_input,236,31
CP8EP1,3,1,2,expert_input,237,1628
CP8EP1,3,1,2,expert_input,238,1116
CP8EP1,3,1,2,expert_input,239,0
CP8EP1,3,1,2,expert_input,240,8
CP8EP1,3,1,2,expert_input,241,1
CP8EP1,3,1,2,expert_input,242,1077
CP8EP1,3,1,2,expert_input,243,5
CP8EP1,3,1,2,expert_input,244,0
CP8EP1,3,1,2,expert_input,245,4
CP8EP1,3,1,2,expert_input,246,2
CP8EP1,3,1,2,expert_input,247,3
CP8EP1,3,1,2,expert_input,248,180
CP8EP1,3,1,2,expert_input,249,3
CP8EP1,3,1,2,expert_input,250,102
CP8EP1,3,1,2,expert_input,251,1
CP8EP1,3,1,2,expert_input,252,0
CP8EP1,3,1,2,expert_input,253,3
CP8EP1,3,1,2,expert_input,254,56
CP8EP1,3,1,2,expert_input,255,2
CP8EP1,3,2,3,router,0,931
CP8EP1,3,2,3,router,1,126
CP8EP1,3,2,3,router,2,41
CP8EP1,3,2,3,router,3,680
CP8EP1,3,2,3,router,4,1574
CP8EP1,3,2,3,router,5,106
CP8EP1,3,2,3,router,6,1
CP8EP1,3,2,3,router,7,3120
CP8EP1,3,2,3,router,8,450
CP8EP1,3,2,3,router,9,75
CP8EP1,3,2,3,router,10,1072
CP8EP1,3,2,3,router,11,23
CP8EP1,3,2,3,router,12,1753
CP8EP1,3,2,3,router,13,25
CP8EP1,3,2,3,router,14,1979
CP8EP1,3,2,3,router,15,2
CP8EP1,3,2,3,router,16,637
CP8EP1,3,2,3,router,17,1094
CP8EP1,3,2,3,router,18,0
CP8EP1,3,2,3,router,19,684
CP8EP1,3,2,3,router,20,214
CP8EP1,3,2,3,router,21,1
CP8EP1,3,2,3,router,22,254
CP8EP1,3,2,3,router,23,2735
CP8EP1,3,2,3,router,24,0
CP8EP1,3,2,3,router,25,325
CP8EP1,3,2,3,router,26,654
CP8EP1,3,2,3,router,27,10
CP8EP1,3,2,3,router,28,0
CP8EP1,3,2,3,router,29,184
CP8EP1,3,2,3,router,30,1484
CP8EP1,3,2,3,router,31,7
CP8EP1,3,2,3,router,32,1259
CP8EP1,3,2,3,router,33,200
CP8EP1,3,2,3,router,34,60
CP8EP1,3,2,3,router,35,540
CP8EP1,3,2,3,router,36,23
CP8EP1,3,2,3,router,37,198
CP8EP1,3,2,3,router,38,0
CP8EP1,3,2,3,router,39,563
CP8EP1,3,2,3,router,40,254
CP8EP1,3,2,3,router,41,571
CP8EP1,3,2,3,router,42,116
CP8EP1,3,2,3,router,43,11
CP8EP1,3,2,3,router,44,1
CP8EP1,3,2,3,router,45,5
CP8EP1,3,2,3,router,46,651
CP8EP1,3,2,3,router,47,34
CP8EP1,3,2,3,router,48,17
CP8EP1,3,2,3,router,49,171
CP8EP1,3,2,3,router,50,0
CP8EP1,3,2,3,router,51,346
CP8EP1,3,2,3,router,52,0
CP8EP1,3,2,3,router,53,3
CP8EP1,3,2,3,router,54,25
CP8EP1,3,2,3,router,55,0
CP8EP1,3,2,3,router,56,1775
CP8EP1,3,2,3,router,57,646
CP8EP1,3,2,3,router,58,406
CP8EP1,3,2,3,router,59,1517
CP8EP1,3,2,3,router,60,2077
CP8EP1,3,2,3,router,61,496
CP8EP1,3,2,3,router,62,930
CP8EP1,3,2,3,router,63,462
CP8EP1,3,2,3,router,64,94
CP8EP1,3,2,3,router,65,195
CP8EP1,3,2,3,router,66,9
CP8EP1,3,2,3,router,67,139
CP8EP1,3,2,3,router,68,87
CP8EP1,3,2,3,router,69,569
CP8EP1,3,2,3,router,70,1855
CP8EP1,3,2,3,router,71,622
CP8EP1,3,2,3,router,72,1048
CP8EP1,3,2,3,router,73,1948
CP8EP1,3,2,3,router,74,748
CP8EP1,3,2,3,router,75,339
CP8EP1,3,2,3,router,76,143
CP8EP1,3,2,3,router,77,1433
CP8EP1,3,2,3,router,78,2
CP8EP1,3,2,3,router,79,3
CP8EP1,3,2,3,router,80,2478
CP8EP1,3,2,3,router,81,1164
CP8EP1,3,2,3,router,82,7
CP8EP1,3,2,3,router,83,1997
CP8EP1,3,2,3,router,84,72
CP8EP1,3,2,3,router,85,10
CP8EP1,3,2,3,router,86,27
CP8EP1,3,2,3,router,87,1347
CP8EP1,3,2,3,router,88,723
CP8EP1,3,2,3,router,89,343
CP8EP1,3,2,3,router,90,0
CP8EP1,3,2,3,router,91,4
CP8EP1,3,2,3,router,92,642
CP8EP1,3,2,3,router,93,588
CP8EP1,3,2,3,router,94,0
CP8EP1,3,2,3,router,95,54
CP8EP1,3,2,3,router,96,522
CP8EP1,3,2,3,router,97,1968
CP8EP1,3,2,3,router,98,139
CP8EP1,3,2,3,router,99,401
CP8EP1,3,2,3,router,100,1097
CP8EP1,3,2,3,router,101,5
CP8EP1,3,2,3,router,102,0
CP8EP1,3,2,3,router,103,21
CP8EP1,3,2,3,router,104,811
CP8EP1,3,2,3,router,105,177
CP8EP1,3,2,3,router,106,552
CP8EP1,3,2,3,router,107,450
CP8EP1,3,2,3,router,108,613
CP8EP1,3,2,3,router,109,1
CP8EP1,3,2,3,router,110,0
CP8EP1,3,2,3,router,111,190
CP8EP1,3,2,3,router,112,1431
CP8EP1,3,2,3,router,113,513
CP8EP1,3,2,3,router,114,76
CP8EP1,3,2,3,router,115,572
CP8EP1,3,2,3,router,116,411
CP8EP1,3,2,3,router,117,55
CP8EP1,3,2,3,router,118,122
CP8EP1,3,2,3,router,119,39
CP8EP1,3,2,3,router,120,62
CP8EP1,3,2,3,router,121,442
CP8EP1,3,2,3,router,122,595
CP8EP1,3,2,3,router,123,282
CP8EP1,3,2,3,router,124,160
CP8EP1,3,2,3,router,125,0
CP8EP1,3,2,3,router,126,2
CP8EP1,3,2,3,router,127,1656
CP8EP1,3,2,3,router,128,782
CP8EP1,3,2,3,router,129,116
CP8EP1,3,2,3,router,130,1
CP8EP1,3,2,3,router,131,221
CP8EP1,3,2,3,router,132,709
CP8EP1,3,2,3,router,133,271
CP8EP1,3,2,3,router,134,2289
CP8EP1,3,2,3,router,135,252
CP8EP1,3,2,3,router,136,0
CP8EP1,3,2,3,router,137,318
CP8EP1,3,2,3,router,138,60
CP8EP1,3,2,3,router,139,147
CP8EP1,3,2,3,router,140,303
CP8EP1,3,2,3,router,141,452
CP8EP1,3,2,3,router,142,3
CP8EP1,3,2,3,router,143,37
CP8EP1,3,2,3,router,144,782
CP8EP1,3,2,3,router,145,734
CP8EP1,3,2,3,router,146,368
CP8EP1,3,2,3,router,147,329
CP8EP1,3,2,3,router,148,33
CP8EP1,3,2,3,router,149,648
CP8EP1,3,2,3,router,150,194
CP8EP1,3,2,3,router,151,1298
CP8EP1,3,2,3,router,152,11
CP8EP1,3,2,3,router,153,3
CP8EP1,3,2,3,router,154,3649
CP8EP1,3,2,3,router,155,993
CP8EP1,3,2,3,router,156,0
CP8EP1,3,2,3,router,157,852
CP8EP1,3,2,3,router,158,778
CP8EP1,3,2,3,router,159,3432
CP8EP1,3,2,3,router,160,101
CP8EP1,3,2,3,router,161,3485
CP8EP1,3,2,3,router,162,625
CP8EP1,3,2,3,router,163,0
CP8EP1,3,2,3,router,164,597
CP8EP1,3,2,3,router,165,344
CP8EP1,3,2,3,router,166,1309
CP8EP1,3,2,3,router,167,148
CP8EP1,3,2,3,router,168,333
CP8EP1,3,2,3,router,169,744
CP8EP1,3,2,3,router,170,340
CP8EP1,3,2,3,router,171,2364
CP8EP1,3,2,3,router,172,6
CP8EP1,3,2,3,router,173,2
CP8EP1,3,2,3,router,174,1142
CP8EP1,3,2,3,router,175,24
CP8EP1,3,2,3,router,176,841
CP8EP1,3,2,3,router,177,12
CP8EP1,3,2,3,router,178,564
CP8EP1,3,2,3,router,179,566
CP8EP1,3,2,3,router,180,7
CP8EP1,3,2,3,router,181,0
CP8EP1,3,2,3,router,182,0
CP8EP1,3,2,3,router,183,101
CP8EP1,3,2,3,router,184,48
CP8EP1,3,2,3,router,185,158
CP8EP1,3,2,3,router,186,0
CP8EP1,3,2,3,router,187,552
CP8EP1,3,2,3,router,188,66
CP8EP1,3,2,3,router,189,75
CP8EP1,3,2,3,router,190,1056
CP8EP1,3,2,3,router,191,701
CP8EP1,3,2,3,router,192,851
CP8EP1,3,2,3,router,193,528
CP8EP1,3,2,3,router,194,0
CP8EP1,3,2,3,router,195,1093
CP8EP1,3,2,3,router,196,388
CP8EP1,3,2,3,router,197,13
CP8EP1,3,2,3,router,198,0
CP8EP1,3,2,3,router,199,0
CP8EP1,3,2,3,router,200,877
CP8EP1,3,2,3,router,201,135
CP8EP1,3,2,3,router,202,54
CP8EP1,3,2,3,router,203,930
CP8EP1,3,2,3,router,204,11
CP8EP1,3,2,3,router,205,20
CP8EP1,3,2,3,router,206,1243
CP8EP1,3,2,3,router,207,234
CP8EP1,3,2,3,router,208,1057
CP8EP1,3,2,3,router,209,96
CP8EP1,3,2,3,router,210,2262
CP8EP1,3,2,3,router,211,64
CP8EP1,3,2,3,router,212,48
CP8EP1,3,2,3,router,213,0
CP8EP1,3,2,3,router,214,28
CP8EP1,3,2,3,router,215,214
CP8EP1,3,2,3,router,216,65
CP8EP1,3,2,3,router,217,3
CP8EP1,3,2,3,router,218,234
CP8EP1,3,2,3,router,219,9
CP8EP1,3,2,3,router,220,510
CP8EP1,3,2,3,router,221,12
CP8EP1,3,2,3,router,222,549
CP8EP1,3,2,3,router,223,1585
CP8EP1,3,2,3,router,224,66
CP8EP1,3,2,3,router,225,1240
CP8EP1,3,2,3,router,226,357
CP8EP1,3,2,3,router,227,4
CP8EP1,3,2,3,router,228,220
CP8EP1,3,2,3,router,229,2864
CP8EP1,3,2,3,router,230,650
CP8EP1,3,2,3,router,231,5
CP8EP1,3,2,3,router,232,197
CP8EP1,3,2,3,router,233,0
CP8EP1,3,2,3,router,234,1226
CP8EP1,3,2,3,router,235,418
CP8EP1,3,2,3,router,236,699
CP8EP1,3,2,3,router,237,393
CP8EP1,3,2,3,router,238,658
CP8EP1,3,2,3,router,239,674
CP8EP1,3,2,3,router,240,69
CP8EP1,3,2,3,router,241,727
CP8EP1,3,2,3,router,242,0
CP8EP1,3,2,3,router,243,21
CP8EP1,3,2,3,router,244,142
CP8EP1,3,2,3,router,245,0
CP8EP1,3,2,3,router,246,303
CP8EP1,3,2,3,router,247,867
CP8EP1,3,2,3,router,248,0
CP8EP1,3,2,3,router,249,283
CP8EP1,3,2,3,router,250,1893
CP8EP1,3,2,3,router,251,0
CP8EP1,3,2,3,router,252,1384
CP8EP1,3,2,3,router,253,157
CP8EP1,3,2,3,router,254,60
CP8EP1,3,2,3,router,255,353
CP8EP1,3,2,3,expert_input,0,931
CP8EP1,3,2,3,expert_input,1,126
CP8EP1,3,2,3,expert_input,2,41
CP8EP1,3,2,3,expert_input,3,680
CP8EP1,3,2,3,expert_input,4,1574
CP8EP1,3,2,3,expert_input,5,106
CP8EP1,3,2,3,expert_input,6,1
CP8EP1,3,2,3,expert_input,7,3120
CP8EP1,3,2,3,expert_input,8,450
CP8EP1,3,2,3,expert_input,9,75
CP8EP1,3,2,3,expert_input,10,1072
CP8EP1,3,2,3,expert_input,11,23
CP8EP1,3,2,3,expert_input,12,1753
CP8EP1,3,2,3,expert_input,13,25
CP8EP1,3,2,3,expert_input,14,1979
CP8EP1,3,2,3,expert_input,15,2
CP8EP1,3,2,3,expert_input,16,637
CP8EP1,3,2,3,expert_input,17,1094
CP8EP1,3,2,3,expert_input,18,0
CP8EP1,3,2,3,expert_input,19,684
CP8EP1,3,2,3,expert_input,20,214
CP8EP1,3,2,3,expert_input,21,1
CP8EP1,3,2,3,expert_input,22,254
CP8EP1,3,2,3,expert_input,23,2735
CP8EP1,3,2,3,expert_input,24,0
CP8EP1,3,2,3,expert_input,25,325
CP8EP1,3,2,3,expert_input,26,654
CP8EP1,3,2,3,expert_input,27,10
CP8EP1,3,2,3,expert_input,28,0
CP8EP1,3,2,3,expert_input,29,184
CP8EP1,3,2,3,expert_input,30,1484
CP8EP1,3,2,3,expert_input,31,7
CP8EP1,3,2,3,expert_input,32,1259
CP8EP1,3,2,3,expert_input,33,200
CP8EP1,3,2,3,expert_input,34,60
CP8EP1,3,2,3,expert_input,35,540
CP8EP1,3,2,3,expert_input,36,23
CP8EP1,3,2,3,expert_input,37,198
CP8EP1,3,2,3,expert_input,38,0
CP8EP1,3,2,3,expert_input,39,563
CP8EP1,3,2,3,expert_input,40,254
CP8EP1,3,2,3,expert_input,41,571
CP8EP1,3,2,3,expert_input,42,116
CP8EP1,3,2,3,expert_input,43,11
CP8EP1,3,2,3,expert_input,44,1
CP8EP1,3,2,3,expert_input,45,5
CP8EP1,3,2,3,expert_input,46,651
CP8EP1,3,2,3,expert_input,47,34
CP8EP1,3,2,3,expert_input,48,17
CP8EP1,3,2,3,expert_input,49,171
CP8EP1,3,2,3,expert_input,50,0
CP8EP1,3,2,3,expert_input,51,346
CP8EP1,3,2,3,expert_input,52,0
CP8EP1,3,2,3,expert_input,53,3
CP8EP1,3,2,3,expert_input,54,25
CP8EP1,3,2,3,expert_input,55,0
CP8EP1,3,2,3,expert_input,56,1775
CP8EP1,3,2,3,expert_input,57,646
CP8EP1,3,2,3,expert_input,58,406
CP8EP1,3,2,3,expert_input,59,1517
CP8EP1,3,2,3,expert_input,60,2077
CP8EP1,3,2,3,expert_input,61,496
CP8EP1,3,2,3,expert_input,62,930
CP8EP1,3,2,3,expert_input,63,462
CP8EP1,3,2,3,expert_input,64,94
CP8EP1,3,2,3,expert_input,65,195
CP8EP1,3,2,3,expert_input,66,9
CP8EP1,3,2,3,expert_input,67,139
CP8EP1,3,2,3,expert_input,68,87
CP8EP1,3,2,3,expert_input,69,569
CP8EP1,3,2,3,expert_input,70,1855
CP8EP1,3,2,3,expert_input,71,622
CP8EP1,3,2,3,expert_input,72,1048
CP8EP1,3,2,3,expert_input,73,1948
CP8EP1,3,2,3,expert_input,74,748
CP8EP1,3,2,3,expert_input,75,339
CP8EP1,3,2,3,expert_input,76,143
CP8EP1,3,2,3,expert_input,77,1433
CP8EP1,3,2,3,expert_input,78,2
CP8EP1,3,2,3,expert_input,79,3
CP8EP1,3,2,3,expert_input,80,2478
CP8EP1,3,2,3,expert_input,81,1164
CP8EP1,3,2,3,expert_input,82,7
CP8EP1,3,2,3,expert_input,83,1997
CP8EP1,3,2,3,expert_input,84,72
CP8EP1,3,2,3,expert_input,85,10
CP8EP1,3,2,3,expert_input,86,27
CP8EP1,3,2,3,expert_input,87,1347
CP8EP1,3,2,3,expert_input,88,723
CP8EP1,3,2,3,expert_input,89,343
CP8EP1,3,2,3,expert_input,90,0
CP8EP1,3,2,3,expert_input,91,4
CP8EP1,3,2,3,expert_input,92,642
CP8EP1,3,2,3,expert_input,93,588
CP8EP1,3,2,3,expert_input,94,0
CP8EP1,3,2,3,expert_input,95,54
CP8EP1,3,2,3,expert_input,96,522
CP8EP1,3,2,3,expert_input,97,1968
CP8EP1,3,2,3,expert_input,98,139
CP8EP1,3,2,3,expert_input,99,401
CP8EP1,3,2,3,expert_input,100,1097
CP8EP1,3,2,3,expert_input,101,5
CP8EP1,3,2,3,expert_input,102,0
CP8EP1,3,2,3,expert_input,103,21
CP8EP1,3,2,3,expert_input,104,811
CP8EP1,3,2,3,expert_input,105,177
CP8EP1,3,2,3,expert_input,106,552
CP8EP1,3,2,3,expert_input,107,450
CP8EP1,3,2,3,expert_input,108,613
CP8EP1,3,2,3,expert_input,109,1
CP8EP1,3,2,3,expert_input,110,0
CP8EP1,3,2,3,expert_input,111,190
CP8EP1,3,2,3,expert_input,112,1431
CP8EP1,3,2,3,expert_input,113,513
CP8EP1,3,2,3,expert_input,114,76
CP8EP1,3,2,3,expert_input,115,572
CP8EP1,3,2,3,expert_input,116,411
CP8EP1,3,2,3,expert_input,117,55
CP8EP1,3,2,3,expert_input,118,122
CP8EP1,3,2,3,expert_input,119,39
CP8EP1,3,2,3,expert_input,120,62
CP8EP1,3,2,3,expert_input,121,442
CP8EP1,3,2,3,expert_input,122,595
CP8EP1,3,2,3,expert_input,123,282
CP8EP1,3,2,3,expert_input,124,160
CP8EP1,3,2,3,expert_input,125,0
CP8EP1,3,2,3,expert_input,126,2
CP8EP1,3,2,3,expert_input,127,1656
CP8EP1,3,2,3,expert_input,128,782
CP8EP1,3,2,3,expert_input,129,116
CP8EP1,3,2,3,expert_input,130,1
CP8EP1,3,2,3,expert_input,131,221
CP8EP1,3,2,3,expert_input,132,709
CP8EP1,3,2,3,expert_input,133,271
CP8EP1,3,2,3,expert_input,134,2289
CP8EP1,3,2,3,expert_input,135,252
CP8EP1,3,2,3,expert_input,136,0
CP8EP1,3,2,3,expert_input,137,318
CP8EP1,3,2,3,expert_input,138,60
CP8EP1,3,2,3,expert_input,139,147
CP8EP1,3,2,3,expert_input,140,303
CP8EP1,3,2,3,expert_input,141,452
CP8EP1,3,2,3,expert_input,142,3
CP8EP1,3,2,3,expert_input,143,37
CP8EP1,3,2,3,expert_input,144,782
CP8EP1,3,2,3,expert_input,145,734
CP8EP1,3,2,3,expert_input,146,368
CP8EP1,3,2,3,expert_input,147,329
CP8EP1,3,2,3,expert_input,148,33
CP8EP1,3,2,3,expert_input,149,648
CP8EP1,3,2,3,expert_input,150,194
CP8EP1,3,2,3,expert_input,151,1298
CP8EP1,3,2,3,expert_input,152,11
CP8EP1,3,2,3,expert_input,153,3
CP8EP1,3,2,3,expert_input,154,3649
CP8EP1,3,2,3,expert_input,155,993
CP8EP1,3,2,3,expert_input,156,0
CP8EP1,3,2,3,expert_input,157,852
CP8EP1,3,2,3,expert_input,158,778
CP8EP1,3,2,3,expert_input,159,3432
CP8EP1,3,2,3,expert_input,160,101
CP8EP1,3,2,3,expert_input,161,3485
CP8EP1,3,2,3,expert_input,162,625
CP8EP1,3,2,3,expert_input,163,0
CP8EP1,3,2,3,expert_input,164,597
CP8EP1,3,2,3,expert_input,165,344
CP8EP1,3,2,3,expert_input,166,1309
CP8EP1,3,2,3,expert_input,167,148
CP8EP1,3,2,3,expert_input,168,333
CP8EP1,3,2,3,expert_input,169,744
CP8EP1,3,2,3,expert_input,170,340
CP8EP1,3,2,3,expert_input,171,2364
CP8EP1,3,2,3,expert_input,172,6
CP8EP1,3,2,3,expert_input,173,2
CP8EP1,3,2,3,expert_input,174,1142
CP8EP1,3,2,3,expert_input,175,24
CP8EP1,3,2,3,expert_input,176,841
CP8EP1,3,2,3,expert_input,177,12
CP8EP1,3,2,3,expert_input,178,564
CP8EP1,3,2,3,expert_input,179,566
CP8EP1,3,2,3,expert_input,180,7
CP8EP1,3,2,3,expert_input,181,0
CP8EP1,3,2,3,expert_input,182,0
CP8EP1,3,2,3,expert_input,183,101
CP8EP1,3,2,3,expert_input,184,48
CP8EP1,3,2,3,expert_input,185,158
CP8EP1,3,2,3,expert_input,186,0
CP8EP1,3,2,3,expert_input,187,552
CP8EP1,3,2,3,expert_input,188,66
CP8EP1,3,2,3,expert_input,189,75
CP8EP1,3,2,3,expert_input,190,1056
CP8EP1,3,2,3,expert_input,191,701
CP8EP1,3,2,3,expert_input,192,851
CP8EP1,3,2,3,expert_input,193,528
CP8EP1,3,2,3,expert_input,194,0
CP8EP1,3,2,3,expert_input,195,1093
CP8EP1,3,2,3,expert_input,196,388
CP8EP1,3,2,3,expert_input,197,13
CP8EP1,3,2,3,expert_input,198,0
CP8EP1,3,2,3,expert_input,199,0
CP8EP1,3,2,3,expert_input,200,877
CP8EP1,3,2,3,expert_input,201,135
CP8EP1,3,2,3,expert_input,202,54
CP8EP1,3,2,3,expert_input,203,930
CP8EP1,3,2,3,expert_input,204,11
CP8EP1,3,2,3,expert_input,205,20
CP8EP1,3,2,3,expert_input,206,1243
CP8EP1,3,2,3,expert_input,207,234
CP8EP1,3,2,3,expert_input,208,1057
CP8EP1,3,2,3,expert_input,209,96
CP8EP1,3,2,3,expert_input,210,2262
CP8EP1,3,2,3,expert_input,211,64
CP8EP1,3,2,3,expert_input,212,48
CP8EP1,3,2,3,expert_input,213,0
CP8EP1,3,2,3,expert_input,214,28
CP8EP1,3,2,3,expert_input,215,214
CP8EP1,3,2,3,expert_input,216,65
CP8EP1,3,2,3,expert_input,217,3
CP8EP1,3,2,3,expert_input,218,234
CP8EP1,3,2,3,expert_input,219,9
CP8EP1,3,2,3,expert_input,220,510
CP8EP1,3,2,3,expert_input,221,12
CP8EP1,3,2,3,expert_input,222,549
CP8EP1,3,2,3,expert_input,223,1585
CP8EP1,3,2,3,expert_input,224,66
CP8EP1,3,2,3,expert_input,225,1240
CP8EP1,3,2,3,expert_input,226,357
CP8EP1,3,2,3,expert_input,227,4
CP8EP1,3,2,3,expert_input,228,220
CP8EP1,3,2,3,expert_input,229,2864
CP8EP1,3,2,3,expert_input,230,650
CP8EP1,3,2,3,expert_input,231,5
CP8EP1,3,2,3,expert_input,232,197
CP8EP1,3,2,3,expert_input,233,0
CP8EP1,3,2,3,expert_input,234,1226
CP8EP1,3,2,3,expert_input,235,418
CP8EP1,3,2,3,expert_input,236,699
CP8EP1,3,2,3,expert_input,237,393
CP8EP1,3,2,3,expert_input,238,658
CP8EP1,3,2,3,expert_input,239,674
CP8EP1,3,2,3,expert_input,240,69
CP8EP1,3,2,3,expert_input,241,727
CP8EP1,3,2,3,expert_input,242,0
CP8EP1,3,2,3,expert_input,243,21
CP8EP1,3,2,3,expert_input,244,142
CP8EP1,3,2,3,expert_input,245,0
CP8EP1,3,2,3,expert_input,246,303
CP8EP1,3,2,3,expert_input,247,867
CP8EP1,3,2,3,expert_input,248,0
CP8EP1,3,2,3,expert_input,249,283
CP8EP1,3,2,3,expert_input,250,1893
CP8EP1,3,2,3,expert_input,251,0
CP8EP1,3,2,3,expert_input,252,1384
CP8EP1,3,2,3,expert_input,253,157
CP8EP1,3,2,3,expert_input,254,60
CP8EP1,3,2,3,expert_input,255,353
CP8EP1,4,1,2,router,0,276
CP8EP1,4,1,2,router,1,10
CP8EP1,4,1,2,router,2,874
CP8EP1,4,1,2,router,3,2394
CP8EP1,4,1,2,router,4,2
CP8EP1,4,1,2,router,5,825
CP8EP1,4,1,2,router,6,5
CP8EP1,4,1,2,router,7,5
CP8EP1,4,1,2,router,8,0
CP8EP1,4,1,2,router,9,0
CP8EP1,4,1,2,router,10,4
CP8EP1,4,1,2,router,11,5668
CP8EP1,4,1,2,router,12,0
CP8EP1,4,1,2,router,13,1493
CP8EP1,4,1,2,router,14,64
CP8EP1,4,1,2,router,15,3778
CP8EP1,4,1,2,router,16,1
CP8EP1,4,1,2,router,17,808
CP8EP1,4,1,2,router,18,3
CP8EP1,4,1,2,router,19,4
CP8EP1,4,1,2,router,20,6
CP8EP1,4,1,2,router,21,9
CP8EP1,4,1,2,router,22,14
CP8EP1,4,1,2,router,23,5
CP8EP1,4,1,2,router,24,0
CP8EP1,4,1,2,router,25,3
CP8EP1,4,1,2,router,26,8951
CP8EP1,4,1,2,router,27,496
CP8EP1,4,1,2,router,28,5712
CP8EP1,4,1,2,router,29,0
CP8EP1,4,1,2,router,30,18
CP8EP1,4,1,2,router,31,0
CP8EP1,4,1,2,router,32,3
CP8EP1,4,1,2,router,33,1
CP8EP1,4,1,2,router,34,22
CP8EP1,4,1,2,router,35,0
CP8EP1,4,1,2,router,36,2
CP8EP1,4,1,2,router,37,3333
CP8EP1,4,1,2,router,38,3
CP8EP1,4,1,2,router,39,0
CP8EP1,4,1,2,router,40,3
CP8EP1,4,1,2,router,41,10026
CP8EP1,4,1,2,router,42,1
CP8EP1,4,1,2,router,43,2
CP8EP1,4,1,2,router,44,0
CP8EP1,4,1,2,router,45,52
CP8EP1,4,1,2,router,46,0
CP8EP1,4,1,2,router,47,13
CP8EP1,4,1,2,router,48,0
CP8EP1,4,1,2,router,49,0
CP8EP1,4,1,2,router,50,17
CP8EP1,4,1,2,router,51,6
CP8EP1,4,1,2,router,52,0
CP8EP1,4,1,2,router,53,1
CP8EP1,4,1,2,router,54,71
CP8EP1,4,1,2,router,55,0
CP8EP1,4,1,2,router,56,3
CP8EP1,4,1,2,router,57,710
CP8EP1,4,1,2,router,58,37
CP8EP1,4,1,2,router,59,3
CP8EP1,4,1,2,router,60,0
CP8EP1,4,1,2,router,61,84
CP8EP1,4,1,2,router,62,1006
CP8EP1,4,1,2,router,63,60
CP8EP1,4,1,2,router,64,1
CP8EP1,4,1,2,router,65,1
CP8EP1,4,1,2,router,66,33
CP8EP1,4,1,2,router,67,0
CP8EP1,4,1,2,router,68,2
CP8EP1,4,1,2,router,69,1
CP8EP1,4,1,2,router,70,3
CP8EP1,4,1,2,router,71,1
CP8EP1,4,1,2,router,72,166
CP8EP1,4,1,2,router,73,7
CP8EP1,4,1,2,router,74,6
CP8EP1,4,1,2,router,75,0
CP8EP1,4,1,2,router,76,0
CP8EP1,4,1,2,router,77,16
CP8EP1,4,1,2,router,78,844
CP8EP1,4,1,2,router,79,5
CP8EP1,4,1,2,router,80,8
CP8EP1,4,1,2,router,81,90
CP8EP1,4,1,2,router,82,4045
CP8EP1,4,1,2,router,83,1989
CP8EP1,4,1,2,router,84,0
CP8EP1,4,1,2,router,85,0
CP8EP1,4,1,2,router,86,0
CP8EP1,4,1,2,router,87,124
CP8EP1,4,1,2,router,88,2
CP8EP1,4,1,2,router,89,348
CP8EP1,4,1,2,router,90,1764
CP8EP1,4,1,2,router,91,30
CP8EP1,4,1,2,router,92,3
CP8EP1,4,1,2,router,93,195
CP8EP1,4,1,2,router,94,24
CP8EP1,4,1,2,router,95,59
CP8EP1,4,1,2,router,96,0
CP8EP1,4,1,2,router,97,7
CP8EP1,4,1,2,router,98,2358
CP8EP1,4,1,2,router,99,6
CP8EP1,4,1,2,router,100,1438
CP8EP1,4,1,2,router,101,10
CP8EP1,4,1,2,router,102,372
CP8EP1,4,1,2,router,103,0
CP8EP1,4,1,2,router,104,2
CP8EP1,4,1,2,router,105,0
CP8EP1,4,1,2,router,106,0
CP8EP1,4,1,2,router,107,22
CP8EP1,4,1,2,router,108,0
CP8EP1,4,1,2,router,109,5
CP8EP1,4,1,2,router,110,5
CP8EP1,4,1,2,router,111,5
CP8EP1,4,1,2,router,112,0
CP8EP1,4,1,2,router,113,0
CP8EP1,4,1,2,router,114,15
CP8EP1,4,1,2,router,115,5
CP8EP1,4,1,2,router,116,2
CP8EP1,4,1,2,router,117,4335
CP8EP1,4,1,2,router,118,0
CP8EP1,4,1,2,router,119,0
CP8EP1,4,1,2,router,120,5
CP8EP1,4,1,2,router,121,0
CP8EP1,4,1,2,router,122,7
CP8EP1,4,1,2,router,123,41
CP8EP1,4,1,2,router,124,0
CP8EP1,4,1,2,router,125,16
CP8EP1,4,1,2,router,126,1
CP8EP1,4,1,2,router,127,32
CP8EP1,4,1,2,router,128,54
CP8EP1,4,1,2,router,129,66
CP8EP1,4,1,2,router,130,0
CP8EP1,4,1,2,router,131,35
CP8EP1,4,1,2,router,132,0
CP8EP1,4,1,2,router,133,0
CP8EP1,4,1,2,router,134,0
CP8EP1,4,1,2,router,135,24
CP8EP1,4,1,2,router,136,3
CP8EP1,4,1,2,router,137,0
CP8EP1,4,1,2,router,138,0
CP8EP1,4,1,2,router,139,67
CP8EP1,4,1,2,router,140,94
CP8EP1,4,1,2,router,141,0
CP8EP1,4,1,2,router,142,0
CP8EP1,4,1,2,router,143,7
CP8EP1,4,1,2,router,144,0
CP8EP1,4,1,2,router,145,26
CP8EP1,4,1,2,router,146,0
CP8EP1,4,1,2,router,147,80
CP8EP1,4,1,2,router,148,2
CP8EP1,4,1,2,router,149,11
CP8EP1,4,1,2,router,150,0
CP8EP1,4,1,2,router,151,0
CP8EP1,4,1,2,router,152,3548
CP8EP1,4,1,2,router,153,0
CP8EP1,4,1,2,router,154,2
CP8EP1,4,1,2,router,155,0
CP8EP1,4,1,2,router,156,7
CP8EP1,4,1,2,router,157,757
CP8EP1,4,1,2,router,158,1292
CP8EP1,4,1,2,router,159,0
CP8EP1,4,1,2,router,160,133
CP8EP1,4,1,2,router,161,1792
CP8EP1,4,1,2,router,162,0
CP8EP1,4,1,2,router,163,1552
CP8EP1,4,1,2,router,164,0
CP8EP1,4,1,2,router,165,0
CP8EP1,4,1,2,router,166,8252
CP8EP1,4,1,2,router,167,1377
CP8EP1,4,1,2,router,168,0
CP8EP1,4,1,2,router,169,19
CP8EP1,4,1,2,router,170,13
CP8EP1,4,1,2,router,171,3
CP8EP1,4,1,2,router,172,192
CP8EP1,4,1,2,router,173,0
CP8EP1,4,1,2,router,174,4091
CP8EP1,4,1,2,router,175,168
CP8EP1,4,1,2,router,176,0
CP8EP1,4,1,2,router,177,2650
CP8EP1,4,1,2,router,178,0
CP8EP1,4,1,2,router,179,20
CP8EP1,4,1,2,router,180,25
CP8EP1,4,1,2,router,181,3
CP8EP1,4,1,2,router,182,0
CP8EP1,4,1,2,router,183,43
CP8EP1,4,1,2,router,184,7
CP8EP1,4,1,2,router,185,2835
CP8EP1,4,1,2,router,186,3006
CP8EP1,4,1,2,router,187,3
CP8EP1,4,1,2,router,188,5
CP8EP1,4,1,2,router,189,1
CP8EP1,4,1,2,router,190,710
CP8EP1,4,1,2,router,191,368
CP8EP1,4,1,2,router,192,4
CP8EP1,4,1,2,router,193,4008
CP8EP1,4,1,2,router,194,1
CP8EP1,4,1,2,router,195,3
CP8EP1,4,1,2,router,196,11
CP8EP1,4,1,2,router,197,1
CP8EP1,4,1,2,router,198,0
CP8EP1,4,1,2,router,199,957
CP8EP1,4,1,2,router,200,0
CP8EP1,4,1,2,router,201,127
CP8EP1,4,1,2,router,202,3
CP8EP1,4,1,2,router,203,11
CP8EP1,4,1,2,router,204,2
CP8EP1,4,1,2,router,205,14
CP8EP1,4,1,2,router,206,2805
CP8EP1,4,1,2,router,207,2
CP8EP1,4,1,2,router,208,18
CP8EP1,4,1,2,router,209,2
CP8EP1,4,1,2,router,210,0
CP8EP1,4,1,2,router,211,94
CP8EP1,4,1,2,router,212,16
CP8EP1,4,1,2,router,213,1129
CP8EP1,4,1,2,router,214,72
CP8EP1,4,1,2,router,215,441
CP8EP1,4,1,2,router,216,0
CP8EP1,4,1,2,router,217,1589
CP8EP1,4,1,2,router,218,3016
CP8EP1,4,1,2,router,219,0
CP8EP1,4,1,2,router,220,27
CP8EP1,4,1,2,router,221,0
CP8EP1,4,1,2,router,222,0
CP8EP1,4,1,2,router,223,4045
CP8EP1,4,1,2,router,224,18
CP8EP1,4,1,2,router,225,0
CP8EP1,4,1,2,router,226,0
CP8EP1,4,1,2,router,227,405
CP8EP1,4,1,2,router,228,0
CP8EP1,4,1,2,router,229,0
CP8EP1,4,1,2,router,230,0
CP8EP1,4,1,2,router,231,0
CP8EP1,4,1,2,router,232,0
CP8EP1,4,1,2,router,233,9231
CP8EP1,4,1,2,router,234,0
CP8EP1,4,1,2,router,235,0
CP8EP1,4,1,2,router,236,26
CP8EP1,4,1,2,router,237,1679
CP8EP1,4,1,2,router,238,1116
CP8EP1,4,1,2,router,239,0
CP8EP1,4,1,2,router,240,7
CP8EP1,4,1,2,router,241,1
CP8EP1,4,1,2,router,242,1067
CP8EP1,4,1,2,router,243,10
CP8EP1,4,1,2,router,244,1
CP8EP1,4,1,2,router,245,8
CP8EP1,4,1,2,router,246,6
CP8EP1,4,1,2,router,247,7
CP8EP1,4,1,2,router,248,233
CP8EP1,4,1,2,router,249,3
CP8EP1,4,1,2,router,250,86
CP8EP1,4,1,2,router,251,1
CP8EP1,4,1,2,router,252,0
CP8EP1,4,1,2,router,253,4
CP8EP1,4,1,2,router,254,72
CP8EP1,4,1,2,router,255,7
CP8EP1,4,1,2,expert_input,0,276
CP8EP1,4,1,2,expert_input,1,10
CP8EP1,4,1,2,expert_input,2,874
CP8EP1,4,1,2,expert_input,3,2394
CP8EP1,4,1,2,expert_input,4,2
CP8EP1,4,1,2,expert_input,5,825
CP8EP1,4,1,2,expert_input,6,5
CP8EP1,4,1,2,expert_input,7,5
CP8EP1,4,1,2,expert_input,8,0
CP8EP1,4,1,2,expert_input,9,0
CP8EP1,4,1,2,expert_input,10,4
CP8EP1,4,1,2,expert_input,11,5668
CP8EP1,4,1,2,expert_input,12,0
CP8EP1,4,1,2,expert_input,13,1493
CP8EP1,4,1,2,expert_input,14,64
CP8EP1,4,1,2,expert_input,15,3778
CP8EP1,4,1,2,expert_input,16,1
CP8EP1,4,1,2,expert_input,17,808
CP8EP1,4,1,2,expert_input,18,3
CP8EP1,4,1,2,expert_input,19,4
CP8EP1,4,1,2,expert_input,20,6
CP8EP1,4,1,2,expert_input,21,9
CP8EP1,4,1,2,expert_input,22,14
CP8EP1,4,1,2,expert_input,23,5
CP8EP1,4,1,2,expert_input,24,0
CP8EP1,4,1,2,expert_input,25,3
CP8EP1,4,1,2,expert_input,26,8951
CP8EP1,4,1,2,expert_input,27,496
CP8EP1,4,1,2,expert_input,28,5712
CP8EP1,4,1,2,expert_input,29,0
CP8EP1,4,1,2,expert_input,30,18
CP8EP1,4,1,2,expert_input,31,0
CP8EP1,4,1,2,expert_input,32,3
CP8EP1,4,1,2,expert_input,33,1
CP8EP1,4,1,2,expert_input,34,22
CP8EP1,4,1,2,expert_input,35,0
CP8EP1,4,1,2,expert_input,36,2
CP8EP1,4,1,2,expert_input,37,3333
CP8EP1,4,1,2,expert_input,38,3
CP8EP1,4,1,2,expert_input,39,0
CP8EP1,4,1,2,expert_input,40,3
CP8EP1,4,1,2,expert_input,41,10026
CP8EP1,4,1,2,expert_input,42,1
CP8EP1,4,1,2,expert_input,43,2
CP8EP1,4,1,2,expert_input,44,0
CP8EP1,4,1,2,expert_input,45,52
CP8EP1,4,1,2,expert_input,46,0
CP8EP1,4,1,2,expert_input,47,13
CP8EP1,4,1,2,expert_input,48,0
CP8EP1,4,1,2,expert_input,49,0
CP8EP1,4,1,2,expert_input,50,17
CP8EP1,4,1,2,expert_input,51,6
CP8EP1,4,1,2,expert_input,52,0
CP8EP1,4,1,2,expert_input,53,1
CP8EP1,4,1,2,expert_input,54,71
CP8EP1,4,1,2,expert_input,55,0
CP8EP1,4,1,2,expert_input,56,3
CP8EP1,4,1,2,expert_input,57,710
CP8EP1,4,1,2,expert_input,58,37
CP8EP1,4,1,2,expert_input,59,3
CP8EP1,4,1,2,expert_input,60,0
CP8EP1,4,1,2,expert_input,61,84
CP8EP1,4,1,2,expert_input,62,1006
CP8EP1,4,1,2,expert_input,63,60
CP8EP1,4,1,2,expert_input,64,1
CP8EP1,4,1,2,expert_input,65,1
CP8EP1,4,1,2,expert_input,66,33
CP8EP1,4,1,2,expert_input,67,0
CP8EP1,4,1,2,expert_input,68,2
CP8EP1,4,1,2,expert_input,69,1
CP8EP1,4,1,2,expert_input,70,3
CP8EP1,4,1,2,expert_input,71,1
CP8EP1,4,1,2,expert_input,72,166
CP8EP1,4,1,2,expert_input,73,7
CP8EP1,4,1,2,expert_input,74,6
CP8EP1,4,1,2,expert_input,75,0
CP8EP1,4,1,2,expert_input,76,0
CP8EP1,4,1,2,expert_input,77,16
CP8EP1,4,1,2,expert_input,78,844
CP8EP1,4,1,2,expert_input,79,5
CP8EP1,4,1,2,expert_input,80,8
CP8EP1,4,1,2,expert_input,81,90
CP8EP1,4,1,2,expert_input,82,4045
CP8EP1,4,1,2,expert_input,83,1989
CP8EP1,4,1,2,expert_input,84,0
CP8EP1,4,1,2,expert_input,85,0
CP8EP1,4,1,2,expert_input,86,0
CP8EP1,4,1,2,expert_input,87,124
CP8EP1,4,1,2,expert_input,88,2
CP8EP1,4,1,2,expert_input,89,348
CP8EP1,4,1,2,expert_input,90,1764
CP8EP1,4,1,2,expert_input,91,30
CP8EP1,4,1,2,expert_input,92,3
CP8EP1,4,1,2,expert_input,93,195
CP8EP1,4,1,2,expert_input,94,24
CP8EP1,4,1,2,expert_input,95,59
CP8EP1,4,1,2,expert_input,96,0
CP8EP1,4,1,2,expert_input,97,7
CP8EP1,4,1,2,expert_input,98,2358
CP8EP1,4,1,2,expert_input,99,6
CP8EP1,4,1,2,expert_input,100,1438
CP8EP1,4,1,2,expert_input,101,10
CP8EP1,4,1,2,expert_input,102,372
CP8EP1,4,1,2,expert_input,103,0
CP8EP1,4,1,2,expert_input,104,2
CP8EP1,4,1,2,expert_input,105,0
CP8EP1,4,1,2,expert_input,106,0
CP8EP1,4,1,2,expert_input,107,22
CP8EP1,4,1,2,expert_input,108,0
CP8EP1,4,1,2,expert_input,109,5
CP8EP1,4,1,2,expert_input,110,5
CP8EP1,4,1,2,expert_input,111,5
CP8EP1,4,1,2,expert_input,112,0
CP8EP1,4,1,2,expert_input,113,0
CP8EP1,4,1,2,expert_input,114,15
CP8EP1,4,1,2,expert_input,115,5
CP8EP1,4,1,2,expert_input,116,2
CP8EP1,4,1,2,expert_input,117,4335
CP8EP1,4,1,2,expert_input,118,0
CP8EP1,4,1,2,expert_input,119,0
CP8EP1,4,1,2,expert_input,120,5
CP8EP1,4,1,2,expert_input,121,0
CP8EP1,4,1,2,expert_input,122,7
CP8EP1,4,1,2,expert_input,123,41
CP8EP1,4,1,2,expert_input,124,0
CP8EP1,4,1,2,expert_input,125,16
CP8EP1,4,1,2,expert_input,126,1
CP8EP1,4,1,2,expert_input,127,32
CP8EP1,4,1,2,expert_input,128,54
CP8EP1,4,1,2,expert_input,129,66
CP8EP1,4,1,2,expert_input,130,0
CP8EP1,4,1,2,expert_input,131,35
CP8EP1,4,1,2,expert_input,132,0
CP8EP1,4,1,2,expert_input,133,0
CP8EP1,4,1,2,expert_input,134,0
CP8EP1,4,1,2,expert_input,135,24
CP8EP1,4,1,2,expert_input,136,3
CP8EP1,4,1,2,expert_input,137,0
CP8EP1,4,1,2,expert_input,138,0
CP8EP1,4,1,2,expert_input,139,67
CP8EP1,4,1,2,expert_input,140,94
CP8EP1,4,1,2,expert_input,141,0
CP8EP1,4,1,2,expert_input,142,0
CP8EP1,4,1,2,expert_input,143,7
CP8EP1,4,1,2,expert_input,144,0
CP8EP1,4,1,2,expert_input,145,26
CP8EP1,4,1,2,expert_input,146,0
CP8EP1,4,1,2,expert_input,147,80
CP8EP1,4,1,2,expert_input,148,2
CP8EP1,4,1,2,expert_input,149,11
CP8EP1,4,1,2,expert_input,150,0
CP8EP1,4,1,2,expert_input,151,0
CP8EP1,4,1,2,expert_input,152,3548
CP8EP1,4,1,2,expert_input,153,0
CP8EP1,4,1,2,expert_input,154,2
CP8EP1,4,1,2,expert_input,155,0
CP8EP1,4,1,2,expert_input,156,7
CP8EP1,4,1,2,expert_input,157,757
CP8EP1,4,1,2,expert_input,158,1292
CP8EP1,4,1,2,expert_input,159,0
CP8EP1,4,1,2,expert_input,160,133
CP8EP1,4,1,2,expert_input,161,1792
CP8EP1,4,1,2,expert_input,162,0
CP8EP1,4,1,2,expert_input,163,1552
CP8EP1,4,1,2,expert_input,164,0
CP8EP1,4,1,2,expert_input,165,0
CP8EP1,4,1,2,expert_input,166,8252
CP8EP1,4,1,2,expert_input,167,1377
CP8EP1,4,1,2,expert_input,168,0
CP8EP1,4,1,2,expert_input,169,19
CP8EP1,4,1,2,expert_input,170,13
CP8EP1,4,1,2,expert_input,171,3
CP8EP1,4,1,2,expert_input,172,192
CP8EP1,4,1,2,expert_input,173,0
CP8EP1,4,1,2,expert_input,174,4091
CP8EP1,4,1,2,expert_input,175,168
CP8EP1,4,1,2,expert_input,176,0
CP8EP1,4,1,2,expert_input,177,2650
CP8EP1,4,1,2,expert_input,178,0
CP8EP1,4,1,2,expert_input,179,20
CP8EP1,4,1,2,expert_input,180,25
CP8EP1,4,1,2,expert_input,181,3
CP8EP1,4,1,2,expert_input,182,0
CP8EP1,4,1,2,expert_input,183,43
CP8EP1,4,1,2,expert_input,184,7
CP8EP1,4,1,2,expert_input,185,2835
CP8EP1,4,1,2,expert_input,186,3006
CP8EP1,4,1,2,expert_input,187,3
CP8EP1,4,1,2,expert_input,188,5
CP8EP1,4,1,2,expert_input,189,1
CP8EP1,4,1,2,expert_input,190,710
CP8EP1,4,1,2,expert_input,191,368
CP8EP1,4,1,2,expert_input,192,4
CP8EP1,4,1,2,expert_input,193,4008
CP8EP1,4,1,2,expert_input,194,1
CP8EP1,4,1,2,expert_input,195,3
CP8EP1,4,1,2,expert_input,196,11
CP8EP1,4,1,2,expert_input,197,1
CP8EP1,4,1,2,expert_input,198,0
CP8EP1,4,1,2,expert_input,199,957
CP8EP1,4,1,2,expert_input,200,0
CP8EP1,4,1,2,expert_input,201,127
CP8EP1,4,1,2,expert_input,202,3
CP8EP1,4,1,2,expert_input,203,11
CP8EP1,4,1,2,expert_input,204,2
CP8EP1,4,1,2,expert_input,205,14
CP8EP1,4,1,2,expert_input,206,2805
CP8EP1,4,1,2,expert_input,207,2
CP8EP1,4,1,2,expert_input,208,18
CP8EP1,4,1,2,expert_input,209,2
CP8EP1,4,1,2,expert_input,210,0
CP8EP1,4,1,2,expert_input,211,94
CP8EP1,4,1,2,expert_input,212,16
CP8EP1,4,1,2,expert_input,213,1129
CP8EP1,4,1,2,expert_input,214,72
CP8EP1,4,1,2,expert_input,215,441
CP8EP1,4,1,2,expert_input,216,0
CP8EP1,4,1,2,expert_input,217,1589
CP8EP1,4,1,2,expert_input,218,3016
CP8EP1,4,1,2,expert_input,219,0
CP8EP1,4,1,2,expert_input,220,27
CP8EP1,4,1,2,expert_input,221,0
CP8EP1,4,1,2,expert_input,222,0
CP8EP1,4,1,2,expert_input,223,4045
CP8EP1,4,1,2,expert_input,224,18
CP8EP1,4,1,2,expert_input,225,0
CP8EP1,4,1,2,expert_input,226,0
CP8EP1,4,1,2,expert_input,227,405
CP8EP1,4,1,2,expert_input,228,0
CP8EP1,4,1,2,expert_input,229,0
CP8EP1,4,1,2,expert_input,230,0
CP8EP1,4,1,2,expert_input,231,0
CP8EP1,4,1,2,expert_input,232,0
CP8EP1,4,1,2,expert_input,233,9231
CP8EP1,4,1,2,expert_input,234,0
CP8EP1,4,1,2,expert_input,235,0
CP8EP1,4,1,2,expert_input,236,26
CP8EP1,4,1,2,expert_input,237,1679
CP8EP1,4,1,2,expert_input,238,1116
CP8EP1,4,1,2,expert_input,239,0
CP8EP1,4,1,2,expert_input,240,7
CP8EP1,4,1,2,expert_input,241,1
CP8EP1,4,1,2,expert_input,242,1067
CP8EP1,4,1,2,expert_input,243,10
CP8EP1,4,1,2,expert_input,244,1
CP8EP1,4,1,2,expert_input,245,8
CP8EP1,4,1,2,expert_input,246,6
CP8EP1,4,1,2,expert_input,247,7
CP8EP1,4,1,2,expert_input,248,233
CP8EP1,4,1,2,expert_input,249,3
CP8EP1,4,1,2,expert_input,250,86
CP8EP1,4,1,2,expert_input,251,1
CP8EP1,4,1,2,expert_input,252,0
CP8EP1,4,1,2,expert_input,253,4
CP8EP1,4,1,2,expert_input,254,72
CP8EP1,4,1,2,expert_input,255,7
CP8EP1,4,2,3,router,0,872
CP8EP1,4,2,3,router,1,119
CP8EP1,4,2,3,router,2,41
CP8EP1,4,2,3,router,3,716
CP8EP1,4,2,3,router,4,1606
CP8EP1,4,2,3,router,5,100
CP8EP1,4,2,3,router,6,0
CP8EP1,4,2,3,router,7,3081
CP8EP1,4,2,3,router,8,417
CP8EP1,4,2,3,router,9,78
CP8EP1,4,2,3,router,10,1038
CP8EP1,4,2,3,router,11,20
CP8EP1,4,2,3,router,12,1805
CP8EP1,4,2,3,router,13,18
CP8EP1,4,2,3,router,14,1987
CP8EP1,4,2,3,router,15,1
CP8EP1,4,2,3,router,16,629
CP8EP1,4,2,3,router,17,1161
CP8EP1,4,2,3,router,18,0
CP8EP1,4,2,3,router,19,689
CP8EP1,4,2,3,router,20,210
CP8EP1,4,2,3,router,21,1
CP8EP1,4,2,3,router,22,254
CP8EP1,4,2,3,router,23,2673
CP8EP1,4,2,3,router,24,2
CP8EP1,4,2,3,router,25,291
CP8EP1,4,2,3,router,26,667
CP8EP1,4,2,3,router,27,7
CP8EP1,4,2,3,router,28,0
CP8EP1,4,2,3,router,29,213
CP8EP1,4,2,3,router,30,1505
CP8EP1,4,2,3,router,31,8
CP8EP1,4,2,3,router,32,1383
CP8EP1,4,2,3,router,33,247
CP8EP1,4,2,3,router,34,47
CP8EP1,4,2,3,router,35,555
CP8EP1,4,2,3,router,36,17
CP8EP1,4,2,3,router,37,150
CP8EP1,4,2,3,router,38,0
CP8EP1,4,2,3,router,39,558
CP8EP1,4,2,3,router,40,244
CP8EP1,4,2,3,router,41,548
CP8EP1,4,2,3,router,42,90
CP8EP1,4,2,3,router,43,18
CP8EP1,4,2,3,router,44,2
CP8EP1,4,2,3,router,45,3
CP8EP1,4,2,3,router,46,595
CP8EP1,4,2,3,router,47,24
CP8EP1,4,2,3,router,48,9
CP8EP1,4,2,3,router,49,179
CP8EP1,4,2,3,router,50,0
CP8EP1,4,2,3,router,51,387
CP8EP1,4,2,3,router,52,2
CP8EP1,4,2,3,router,53,4
CP8EP1,4,2,3,router,54,20
CP8EP1,4,2,3,router,55,1
CP8EP1,4,2,3,router,56,1725
CP8EP1,4,2,3,router,57,704
CP8EP1,4,2,3,router,58,447
CP8EP1,4,2,3,router,59,1549
CP8EP1,4,2,3,router,60,2021
CP8EP1,4,2,3,router,61,520
CP8EP1,4,2,3,router,62,897
CP8EP1,4,2,3,router,63,493
CP8EP1,4,2,3,router,64,88
CP8EP1,4,2,3,router,65,196
CP8EP1,4,2,3,router,66,7
CP8EP1,4,2,3,router,67,162
CP8EP1,4,2,3,router,68,44
CP8EP1,4,2,3,router,69,512
CP8EP1,4,2,3,router,70,1823
CP8EP1,4,2,3,router,71,598
CP8EP1,4,2,3,router,72,967
CP8EP1,4,2,3,router,73,1946
CP8EP1,4,2,3,router,74,757
CP8EP1,4,2,3,router,75,376
CP8EP1,4,2,3,router,76,149
CP8EP1,4,2,3,router,77,1418
CP8EP1,4,2,3,router,78,1
CP8EP1,4,2,3,router,79,0
CP8EP1,4,2,3,router,80,2516
CP8EP1,4,2,3,router,81,1113
CP8EP1,4,2,3,router,82,11
CP8EP1,4,2,3,router,83,2060
CP8EP1,4,2,3,router,84,97
CP8EP1,4,2,3,router,85,6
CP8EP1,4,2,3,router,86,29
CP8EP1,4,2,3,router,87,1342
CP8EP1,4,2,3,router,88,755
CP8EP1,4,2,3,router,89,381
CP8EP1,4,2,3,router,90,0
CP8EP1,4,2,3,router,91,3
CP8EP1,4,2,3,router,92,575
CP8EP1,4,2,3,router,93,632
CP8EP1,4,2,3,router,94,2
CP8EP1,4,2,3,router,95,38
CP8EP1,4,2,3,router,96,483
CP8EP1,4,2,3,router,97,1963
CP8EP1,4,2,3,router,98,167
CP8EP1,4,2,3,router,99,412
CP8EP1,4,2,3,router,100,1140
CP8EP1,4,2,3,router,101,5
CP8EP1,4,2,3,router,102,0
CP8EP1,4,2,3,router,103,12
CP8EP1,4,2,3,router,104,791
CP8EP1,4,2,3,router,105,182
CP8EP1,4,2,3,router,106,583
CP8EP1,4,2,3,router,107,511
CP8EP1,4,2,3,router,108,586
CP8EP1,4,2,3,router,109,0
CP8EP1,4,2,3,router,110,0
CP8EP1,4,2,3,router,111,170
CP8EP1,4,2,3,router,112,1437
CP8EP1,4,2,3,router,113,536
CP8EP1,4,2,3,router,114,54
CP8EP1,4,2,3,router,115,615
CP8EP1,4,2,3,router,116,405
CP8EP1,4,2,3,router,117,59
CP8EP1,4,2,3,router,118,119
CP8EP1,4,2,3,router,119,33
CP8EP1,4,2,3,router,120,54
CP8EP1,4,2,3,router,121,453
CP8EP1,4,2,3,router,122,632
CP8EP1,4,2,3,router,123,298
CP8EP1,4,2,3,router,124,146
CP8EP1,4,2,3,router,125,0
CP8EP1,4,2,3,router,126,1
CP8EP1,4,2,3,router,127,1597
CP8EP1,4,2,3,router,128,741
CP8EP1,4,2,3,router,129,96
CP8EP1,4,2,3,router,130,2
CP8EP1,4,2,3,router,131,188
CP8EP1,4,2,3,router,132,740
CP8EP1,4,2,3,router,133,279
CP8EP1,4,2,3,router,134,2280
CP8EP1,4,2,3,router,135,256
CP8EP1,4,2,3,router,136,0
CP8EP1,4,2,3,router,137,344
CP8EP1,4,2,3,router,138,47
CP8EP1,4,2,3,router,139,142
CP8EP1,4,2,3,router,140,287
CP8EP1,4,2,3,router,141,427
CP8EP1,4,2,3,router,142,3
CP8EP1,4,2,3,router,143,34
CP8EP1,4,2,3,router,144,869
CP8EP1,4,2,3,router,145,783
CP8EP1,4,2,3,router,146,349
CP8EP1,4,2,3,router,147,337
CP8EP1,4,2,3,router,148,29
CP8EP1,4,2,3,router,149,676
CP8EP1,4,2,3,router,150,180
CP8EP1,4,2,3,router,151,1359
CP8EP1,4,2,3,router,152,10
CP8EP1,4,2,3,router,153,9
CP8EP1,4,2,3,router,154,3638
CP8EP1,4,2,3,router,155,1026
CP8EP1,4,2,3,router,156,0
CP8EP1,4,2,3,router,157,834
CP8EP1,4,2,3,router,158,767
CP8EP1,4,2,3,router,159,3375
CP8EP1,4,2,3,router,160,92
CP8EP1,4,2,3,router,161,3415
CP8EP1,4,2,3,router,162,642
CP8EP1,4,2,3,router,163,0
CP8EP1,4,2,3,router,164,634
CP8EP1,4,2,3,router,165,340
CP8EP1,4,2,3,router,166,1306
CP8EP1,4,2,3,router,167,147
CP8EP1,4,2,3,router,168,336
CP8EP1,4,2,3,router,169,714
CP8EP1,4,2,3,router,170,297
CP8EP1,4,2,3,router,171,2290
CP8EP1,4,2,3,router,172,8
CP8EP1,4,2,3,router,173,4
CP8EP1,4,2,3,router,174,1097
CP8EP1,4,2,3,router,175,28
CP8EP1,4,2,3,router,176,828
CP8EP1,4,2,3,router,177,10
CP8EP1,4,2,3,router,178,517
CP8EP1,4,2,3,router,179,554
CP8EP1,4,2,3,router,180,8
CP8EP1,4,2,3,router,181,0
CP8EP1,4,2,3,router,182,0
CP8EP1,4,2,3,router,183,123
CP8EP1,4,2,3,router,184,56
CP8EP1,4,2,3,router,185,181
CP8EP1,4,2,3,router,186,1
CP8EP1,4,2,3,router,187,588
CP8EP1,4,2,3,router,188,48
CP8EP1,4,2,3,router,189,63
CP8EP1,4,2,3,router,190,1018
CP8EP1,4,2,3,router,191,729
CP8EP1,4,2,3,router,192,837
CP8EP1,4,2,3,router,193,534
CP8EP1,4,2,3,router,194,1
CP8EP1,4,2,3,router,195,1086
CP8EP1,4,2,3,router,196,395
CP8EP1,4,2,3,router,197,20
CP8EP1,4,2,3,router,198,0
CP8EP1,4,2,3,router,199,0
CP8EP1,4,2,3,router,200,934
CP8EP1,4,2,3,router,201,130
CP8EP1,4,2,3,router,202,33
CP8EP1,4,2,3,router,203,963
CP8EP1,4,2,3,router,204,11
CP8EP1,4,2,3,router,205,11
CP8EP1,4,2,3,router,206,1317
CP8EP1,4,2,3,router,207,252
CP8EP1,4,2,3,router,208,1046
CP8EP1,4,2,3,router,209,115
CP8EP1,4,2,3,router,210,2242
CP8EP1,4,2,3,router,211,79
CP8EP1,4,2,3,router,212,58
CP8EP1,4,2,3,router,213,0
CP8EP1,4,2,3,router,214,18
CP8EP1,4,2,3,router,215,165
CP8EP1,4,2,3,router,216,52
CP8EP1,4,2,3,router,217,0
CP8EP1,4,2,3,router,218,228
CP8EP1,4,2,3,router,219,13
CP8EP1,4,2,3,router,220,594
CP8EP1,4,2,3,router,221,7
CP8EP1,4,2,3,router,222,554
CP8EP1,4,2,3,router,223,1503
CP8EP1,4,2,3,router,224,59
CP8EP1,4,2,3,router,225,1283
CP8EP1,4,2,3,router,226,376
CP8EP1,4,2,3,router,227,9
CP8EP1,4,2,3,router,228,216
CP8EP1,4,2,3,router,229,2872
CP8EP1,4,2,3,router,230,634
CP8EP1,4,2,3,router,231,4
CP8EP1,4,2,3,router,232,188
CP8EP1,4,2,3,router,233,0
CP8EP1,4,2,3,router,234,1230
CP8EP1,4,2,3,router,235,453
CP8EP1,4,2,3,router,236,639
CP8EP1,4,2,3,router,237,428
CP8EP1,4,2,3,router,238,622
CP8EP1,4,2,3,router,239,646
CP8EP1,4,2,3,router,240,98
CP8EP1,4,2,3,router,241,748
CP8EP1,4,2,3,router,242,0
CP8EP1,4,2,3,router,243,21
CP8EP1,4,2,3,router,244,147
CP8EP1,4,2,3,router,245,0
CP8EP1,4,2,3,router,246,318
CP8EP1,4,2,3,router,247,844
CP8EP1,4,2,3,router,248,0
CP8EP1,4,2,3,router,249,277
CP8EP1,4,2,3,router,250,1878
CP8EP1,4,2,3,router,251,0
CP8EP1,4,2,3,router,252,1375
CP8EP1,4,2,3,router,253,176
CP8EP1,4,2,3,router,254,49
CP8EP1,4,2,3,router,255,407
CP8EP1,4,2,3,expert_input,0,872
CP8EP1,4,2,3,expert_input,1,119
CP8EP1,4,2,3,expert_input,2,41
CP8EP1,4,2,3,expert_input,3,716
CP8EP1,4,2,3,expert_input,4,1606
CP8EP1,4,2,3,expert_input,5,100
CP8EP1,4,2,3,expert_input,6,0
CP8EP1,4,2,3,expert_input,7,3081
CP8EP1,4,2,3,expert_input,8,417
CP8EP1,4,2,3,expert_input,9,78
CP8EP1,4,2,3,expert_input,10,1038
CP8EP1,4,2,3,expert_input,11,20
CP8EP1,4,2,3,expert_input,12,1805
CP8EP1,4,2,3,expert_input,13,18
CP8EP1,4,2,3,expert_input,14,1987
CP8EP1,4,2,3,expert_input,15,1
CP8EP1,4,2,3,expert_input,16,629
CP8EP1,4,2,3,expert_input,17,1161
CP8EP1,4,2,3,expert_input,18,0
CP8EP1,4,2,3,expert_input,19,689
CP8EP1,4,2,3,expert_input,20,210
CP8EP1,4,2,3,expert_input,21,1
CP8EP1,4,2,3,expert_input,22,254
CP8EP1,4,2,3,expert_input,23,2673
CP8EP1,4,2,3,expert_input,24,2
CP8EP1,4,2,3,expert_input,25,291
CP8EP1,4,2,3,expert_input,26,667
CP8EP1,4,2,3,expert_input,27,7
CP8EP1,4,2,3,expert_input,28,0
CP8EP1,4,2,3,expert_input,29,213
CP8EP1,4,2,3,expert_input,30,1505
CP8EP1,4,2,3,expert_input,31,8
CP8EP1,4,2,3,expert_input,32,1383
CP8EP1,4,2,3,expert_input,33,247
CP8EP1,4,2,3,expert_input,34,47
CP8EP1,4,2,3,expert_input,35,555
CP8EP1,4,2,3,expert_input,36,17
CP8EP1,4,2,3,expert_input,37,150
CP8EP1,4,2,3,expert_input,38,0
CP8EP1,4,2,3,expert_input,39,558
CP8EP1,4,2,3,expert_input,40,244
CP8EP1,4,2,3,expert_input,41,548
CP8EP1,4,2,3,expert_input,42,90
CP8EP1,4,2,3,expert_input,43,18
CP8EP1,4,2,3,expert_input,44,2
CP8EP1,4,2,3,expert_input,45,3
CP8EP1,4,2,3,expert_input,46,595
CP8EP1,4,2,3,expert_input,47,24
CP8EP1,4,2,3,expert_input,48,9
CP8EP1,4,2,3,expert_input,49,179
CP8EP1,4,2,3,expert_input,50,0
CP8EP1,4,2,3,expert_input,51,387
CP8EP1,4,2,3,expert_input,52,2
CP8EP1,4,2,3,expert_input,53,4
CP8EP1,4,2,3,expert_input,54,20
CP8EP1,4,2,3,expert_input,55,1
CP8EP1,4,2,3,expert_input,56,1725
CP8EP1,4,2,3,expert_input,57,704
CP8EP1,4,2,3,expert_input,58,447
CP8EP1,4,2,3,expert_input,59,1549
CP8EP1,4,2,3,expert_input,60,2021
CP8EP1,4,2,3,expert_input,61,520
CP8EP1,4,2,3,expert_input,62,897
CP8EP1,4,2,3,expert_input,63,493
CP8EP1,4,2,3,expert_input,64,88
CP8EP1,4,2,3,expert_input,65,196
CP8EP1,4,2,3,expert_input,66,7
CP8EP1,4,2,3,expert_input,67,162
CP8EP1,4,2,3,expert_input,68,44
CP8EP1,4,2,3,expert_input,69,512
CP8EP1,4,2,3,expert_input,70,1823
CP8EP1,4,2,3,expert_input,71,598
CP8EP1,4,2,3,expert_input,72,967
CP8EP1,4,2,3,expert_input,73,1946
CP8EP1,4,2,3,expert_input,74,757
CP8EP1,4,2,3,expert_input,75,376
CP8EP1,4,2,3,expert_input,76,149
CP8EP1,4,2,3,expert_input,77,1418
CP8EP1,4,2,3,expert_input,78,1
CP8EP1,4,2,3,expert_input,79,0
CP8EP1,4,2,3,expert_input,80,2516
CP8EP1,4,2,3,expert_input,81,1113
CP8EP1,4,2,3,expert_input,82,11
CP8EP1,4,2,3,expert_input,83,2060
CP8EP1,4,2,3,expert_input,84,97
CP8EP1,4,2,3,expert_input,85,6
CP8EP1,4,2,3,expert_input,86,29
CP8EP1,4,2,3,expert_input,87,1342
CP8EP1,4,2,3,expert_input,88,755
CP8EP1,4,2,3,expert_input,89,381
CP8EP1,4,2,3,expert_input,90,0
CP8EP1,4,2,3,expert_input,91,3
CP8EP1,4,2,3,expert_input,92,575
CP8EP1,4,2,3,expert_input,93,632
CP8EP1,4,2,3,expert_input,94,2
CP8EP1,4,2,3,expert_input,95,38
CP8EP1,4,2,3,expert_input,96,483
CP8EP1,4,2,3,expert_input,97,1963
CP8EP1,4,2,3,expert_input,98,167
CP8EP1,4,2,3,expert_input,99,412
CP8EP1,4,2,3,expert_input,100,1140
CP8EP1,4,2,3,expert_input,101,5
CP8EP1,4,2,3,expert_input,102,0
CP8EP1,4,2,3,expert_input,103,12
CP8EP1,4,2,3,expert_input,104,791
CP8EP1,4,2,3,expert_input,105,182
CP8EP1,4,2,3,expert_input,106,583
CP8EP1,4,2,3,expert_input,107,511
CP8EP1,4,2,3,expert_input,108,586
CP8EP1,4,2,3,expert_input,109,0
CP8EP1,4,2,3,expert_input,110,0
CP8EP1,4,2,3,expert_input,111,170
CP8EP1,4,2,3,expert_input,112,1437
CP8EP1,4,2,3,expert_input,113,536
CP8EP1,4,2,3,expert_input,114,54
CP8EP1,4,2,3,expert_input,115,615
CP8EP1,4,2,3,expert_input,116,405
CP8EP1,4,2,3,expert_input,117,59
CP8EP1,4,2,3,expert_input,118,119
CP8EP1,4,2,3,expert_input,119,33
CP8EP1,4,2,3,expert_input,120,54
CP8EP1,4,2,3,expert_input,121,453
CP8EP1,4,2,3,expert_input,122,632
CP8EP1,4,2,3,expert_input,123,298
CP8EP1,4,2,3,expert_input,124,146
CP8EP1,4,2,3,expert_input,125,0
CP8EP1,4,2,3,expert_input,126,1
CP8EP1,4,2,3,expert_input,127,1597
CP8EP1,4,2,3,expert_input,128,741
CP8EP1,4,2,3,expert_input,129,96
CP8EP1,4,2,3,expert_input,130,2
CP8EP1,4,2,3,expert_input,131,188
CP8EP1,4,2,3,expert_input,132,740
CP8EP1,4,2,3,expert_input,133,279
CP8EP1,4,2,3,expert_input,134,2280
CP8EP1,4,2,3,expert_input,135,256
CP8EP1,4,2,3,expert_input,136,0
CP8EP1,4,2,3,expert_input,137,344
CP8EP1,4,2,3,expert_input,138,47
CP8EP1,4,2,3,expert_input,139,142
CP8EP1,4,2,3,expert_input,140,287
CP8EP1,4,2,3,expert_input,141,427
CP8EP1,4,2,3,expert_input,142,3
CP8EP1,4,2,3,expert_input,143,34
CP8EP1,4,2,3,expert_input,144,869
CP8EP1,4,2,3,expert_input,145,783
CP8EP1,4,2,3,expert_input,146,349
CP8EP1,4,2,3,expert_input,147,337
CP8EP1,4,2,3,expert_input,148,29
CP8EP1,4,2,3,expert_input,149,676
CP8EP1,4,2,3,expert_input,150,180
CP8EP1,4,2,3,expert_input,151,1359
CP8EP1,4,2,3,expert_input,152,10
CP8EP1,4,2,3,expert_input,153,9
CP8EP1,4,2,3,expert_input,154,3638
CP8EP1,4,2,3,expert_input,155,1026
CP8EP1,4,2,3,expert_input,156,0
CP8EP1,4,2,3,expert_input,157,834
CP8EP1,4,2,3,expert_input,158,767
CP8EP1,4,2,3,expert_input,159,3375
CP8EP1,4,2,3,expert_input,160,92
CP8EP1,4,2,3,expert_input,161,3415
CP8EP1,4,2,3,expert_input,162,642
CP8EP1,4,2,3,expert_input,163,0
CP8EP1,4,2,3,expert_input,164,634
CP8EP1,4,2,3,expert_input,165,340
CP8EP1,4,2,3,expert_input,166,1306
CP8EP1,4,2,3,expert_input,167,147
CP8EP1,4,2,3,expert_input,168,336
CP8EP1,4,2,3,expert_input,169,714
CP8EP1,4,2,3,expert_input,170,297
CP8EP1,4,2,3,expert_input,171,2290
CP8EP1,4,2,3,expert_input,172,8
CP8EP1,4,2,3,expert_input,173,4
CP8EP1,4,2,3,expert_input,174,1097
CP8EP1,4,2,3,expert_input,175,28
CP8EP1,4,2,3,expert_input,176,828
CP8EP1,4,2,3,expert_input,177,10
CP8EP1,4,2,3,expert_input,178,517
CP8EP1,4,2,3,expert_input,179,554
CP8EP1,4,2,3,expert_input,180,8
CP8EP1,4,2,3,expert_input,181,0
CP8EP1,4,2,3,expert_input,182,0
CP8EP1,4,2,3,expert_input,183,123
CP8EP1,4,2,3,expert_input,184,56
CP8EP1,4,2,3,expert_input,185,181
CP8EP1,4,2,3,expert_input,186,1
CP8EP1,4,2,3,expert_input,187,588
CP8EP1,4,2,3,expert_input,188,48
CP8EP1,4,2,3,expert_input,189,63
CP8EP1,4,2,3,expert_input,190,1018
CP8EP1,4,2,3,expert_input,191,729
CP8EP1,4,2,3,expert_input,192,837
CP8EP1,4,2,3,expert_input,193,534
CP8EP1,4,2,3,expert_input,194,1
CP8EP1,4,2,3,expert_input,195,1086
CP8EP1,4,2,3,expert_input,196,395
CP8EP1,4,2,3,expert_input,197,20
CP8EP1,4,2,3,expert_input,198,0
CP8EP1,4,2,3,expert_input,199,0
CP8EP1,4,2,3,expert_input,200,934
CP8EP1,4,2,3,expert_input,201,130
CP8EP1,4,2,3,expert_input,202,33
CP8EP1,4,2,3,expert_input,203,963
CP8EP1,4,2,3,expert_input,204,11
CP8EP1,4,2,3,expert_input,205,11
CP8EP1,4,2,3,expert_input,206,1317
CP8EP1,4,2,3,expert_input,207,252
CP8EP1,4,2,3,expert_input,208,1046
CP8EP1,4,2,3,expert_input,209,115
CP8EP1,4,2,3,expert_input,210,2242
CP8EP1,4,2,3,expert_input,211,79
CP8EP1,4,2,3,expert_input,212,58
CP8EP1,4,2,3,expert_input,213,0
CP8EP1,4,2,3,expert_input,214,18
CP8EP1,4,2,3,expert_input,215,165
CP8EP1,4,2,3,expert_input,216,52
CP8EP1,4,2,3,expert_input,217,0
CP8EP1,4,2,3,expert_input,218,228
CP8EP1,4,2,3,expert_input,219,13
CP8EP1,4,2,3,expert_input,220,594
CP8EP1,4,2,3,expert_input,221,7
CP8EP1,4,2,3,expert_input,222,554
CP8EP1,4,2,3,expert_input,223,1503
CP8EP1,4,2,3,expert_input,224,59
CP8EP1,4,2,3,expert_input,225,1283
CP8EP1,4,2,3,expert_input,226,376
CP8EP1,4,2,3,expert_input,227,9
CP8EP1,4,2,3,expert_input,228,216
CP8EP1,4,2,3,expert_input,229,2872
CP8EP1,4,2,3,expert_input,230,634
CP8EP1,4,2,3,expert_input,231,4
CP8EP1,4,2,3,expert_input,232,188
CP8EP1,4,2,3,expert_input,233,0
CP8EP1,4,2,3,expert_input,234,1230
CP8EP1,4,2,3,expert_input,235,453
CP8EP1,4,2,3,expert_input,236,639
CP8EP1,4,2,3,expert_input,237,428
CP8EP1,4,2,3,expert_input,238,622
CP8EP1,4,2,3,expert_input,239,646
CP8EP1,4,2,3,expert_input,240,98
CP8EP1,4,2,3,expert_input,241,748
CP8EP1,4,2,3,expert_input,242,0
CP8EP1,4,2,3,expert_input,243,21
CP8EP1,4,2,3,expert_input,244,147
CP8EP1,4,2,3,expert_input,245,0
CP8EP1,4,2,3,expert_input,246,318
CP8EP1,4,2,3,expert_input,247,844
CP8EP1,4,2,3,expert_input,248,0
CP8EP1,4,2,3,expert_input,249,277
CP8EP1,4,2,3,expert_input,250,1878
CP8EP1,4,2,3,expert_input,251,0
CP8EP1,4,2,3,expert_input,252,1375
CP8EP1,4,2,3,expert_input,253,176
CP8EP1,4,2,3,expert_input,254,49
CP8EP1,4,2,3,expert_input,255,407
CP8EP1,5,1,2,router,0,304
CP8EP1,5,1,2,router,1,6
CP8EP1,5,1,2,router,2,828
CP8EP1,5,1,2,router,3,2331
CP8EP1,5,1,2,router,4,1
CP8EP1,5,1,2,router,5,895
CP8EP1,5,1,2,router,6,8
CP8EP1,5,1,2,router,7,4
CP8EP1,5,1,2,router,8,10
CP8EP1,5,1,2,router,9,0
CP8EP1,5,1,2,router,10,6
CP8EP1,5,1,2,router,11,5769
CP8EP1,5,1,2,router,12,3
CP8EP1,5,1,2,router,13,1431
CP8EP1,5,1,2,router,14,63
CP8EP1,5,1,2,router,15,3801
CP8EP1,5,1,2,router,16,2
CP8EP1,5,1,2,router,17,778
CP8EP1,5,1,2,router,18,6
CP8EP1,5,1,2,router,19,3
CP8EP1,5,1,2,router,20,5
CP8EP1,5,1,2,router,21,2
CP8EP1,5,1,2,router,22,5
CP8EP1,5,1,2,router,23,12
CP8EP1,5,1,2,router,24,0
CP8EP1,5,1,2,router,25,0
CP8EP1,5,1,2,router,26,8947
CP8EP1,5,1,2,router,27,464
CP8EP1,5,1,2,router,28,5801
CP8EP1,5,1,2,router,29,0
CP8EP1,5,1,2,router,30,20
CP8EP1,5,1,2,router,31,0
CP8EP1,5,1,2,router,32,10
CP8EP1,5,1,2,router,33,0
CP8EP1,5,1,2,router,34,27
CP8EP1,5,1,2,router,35,0
CP8EP1,5,1,2,router,36,4
CP8EP1,5,1,2,router,37,3298
CP8EP1,5,1,2,router,38,1
CP8EP1,5,1,2,router,39,0
CP8EP1,5,1,2,router,40,1
CP8EP1,5,1,2,router,41,10063
CP8EP1,5,1,2,router,42,1
CP8EP1,5,1,2,router,43,1
CP8EP1,5,1,2,router,44,0
CP8EP1,5,1,2,router,45,49
CP8EP1,5,1,2,router,46,0
CP8EP1,5,1,2,router,47,17
CP8EP1,5,1,2,router,48,0
CP8EP1,5,1,2,router,49,2
CP8EP1,5,1,2,router,50,6
CP8EP1,5,1,2,router,51,6
CP8EP1,5,1,2,router,52,4
CP8EP1,5,1,2,router,53,1
CP8EP1,5,1,2,router,54,52
CP8EP1,5,1,2,router,55,0
CP8EP1,5,1,2,router,56,4
CP8EP1,5,1,2,router,57,676
CP8EP1,5,1,2,router,58,29
CP8EP1,5,1,2,router,59,3
CP8EP1,5,1,2,router,60,0
CP8EP1,5,1,2,router,61,106
CP8EP1,5,1,2,router,62,1103
CP8EP1,5,1,2,router,63,53
CP8EP1,5,1,2,router,64,0
CP8EP1,5,1,2,router,65,0
CP8EP1,5,1,2,router,66,28
CP8EP1,5,1,2,router,67,0
CP8EP1,5,1,2,router,68,3
CP8EP1,5,1,2,router,69,2
CP8EP1,5,1,2,router,70,5
CP8EP1,5,1,2,router,71,2
CP8EP1,5,1,2,router,72,167
CP8EP1,5,1,2,router,73,10
CP8EP1,5,1,2,router,74,11
CP8EP1,5,1,2,router,75,3
CP8EP1,5,1,2,router,76,1
CP8EP1,5,1,2,router,77,6
CP8EP1,5,1,2,router,78,895
CP8EP1,5,1,2,router,79,2
CP8EP1,5,1,2,router,80,4
CP8EP1,5,1,2,router,81,80
CP8EP1,5,1,2,router,82,4120
CP8EP1,5,1,2,router,83,1957
CP8EP1,5,1,2,router,84,0
CP8EP1,5,1,2,router,85,0
CP8EP1,5,1,2,router,86,0
CP8EP1,5,1,2,router,87,148
CP8EP1,5,1,2,router,88,1
CP8EP1,5,1,2,router,89,351
CP8EP1,5,1,2,router,90,1819
CP8EP1,5,1,2,router,91,31
CP8EP1,5,1,2,router,92,3
CP8EP1,5,1,2,router,93,182
CP8EP1,5,1,2,router,94,22
CP8EP1,5,1,2,router,95,64
CP8EP1,5,1,2,router,96,0
CP8EP1,5,1,2,router,97,5
CP8EP1,5,1,2,router,98,2331
CP8EP1,5,1,2,router,99,9
CP8EP1,5,1,2,router,100,1399
CP8EP1,5,1,2,router,101,3
CP8EP1,5,1,2,router,102,349
CP8EP1,5,1,2,router,103,2
CP8EP1,5,1,2,router,104,3
CP8EP1,5,1,2,router,105,0
CP8EP1,5,1,2,router,106,0
CP8EP1,5,1,2,router,107,30
CP8EP1,5,1,2,router,108,0
CP8EP1,5,1,2,router,109,3
CP8EP1,5,1,2,router,110,7
CP8EP1,5,1,2,router,111,7
CP8EP1,5,1,2,router,112,2
CP8EP1,5,1,2,router,113,0
CP8EP1,5,1,2,router,114,11
CP8EP1,5,1,2,router,115,7
CP8EP1,5,1,2,router,116,0
CP8EP1,5,1,2,router,117,4275
CP8EP1,5,1,2,router,118,1
CP8EP1,5,1,2,router,119,0
CP8EP1,5,1,2,router,120,4
CP8EP1,5,1,2,router,121,1
CP8EP1,5,1,2,router,122,12
CP8EP1,5,1,2,router,123,46
CP8EP1,5,1,2,router,124,0
CP8EP1,5,1,2,router,125,30
CP8EP1,5,1,2,router,126,3
CP8EP1,5,1,2,router,127,32
CP8EP1,5,1,2,router,128,58
CP8EP1,5,1,2,router,129,54
CP8EP1,5,1,2,router,130,0
CP8EP1,5,1,2,router,131,38
CP8EP1,5,1,2,router,132,0
CP8EP1,5,1,2,router,133,0
CP8EP1,5,1,2,router,134,0
CP8EP1,5,1,2,router,135,21
CP8EP1,5,1,2,router,136,2
CP8EP1,5,1,2,router,137,0
CP8EP1,5,1,2,router,138,2
CP8EP1,5,1,2,router,139,66
CP8EP1,5,1,2,router,140,76
CP8EP1,5,1,2,router,141,0
CP8EP1,5,1,2,router,142,0
CP8EP1,5,1,2,router,143,4
CP8EP1,5,1,2,router,144,0
CP8EP1,5,1,2,router,145,21
CP8EP1,5,1,2,router,146,0
CP8EP1,5,1,2,router,147,88
CP8EP1,5,1,2,router,148,2
CP8EP1,5,1,2,router,149,8
CP8EP1,5,1,2,router,150,2
CP8EP1,5,1,2,router,151,0
CP8EP1,5,1,2,router,152,3592
CP8EP1,5,1,2,router,153,0
CP8EP1,5,1,2,router,154,2
CP8EP1,5,1,2,router,155,0
CP8EP1,5,1,2,router,156,2
CP8EP1,5,1,2,router,157,772
CP8EP1,5,1,2,router,158,1302
CP8EP1,5,1,2,router,159,0
CP8EP1,5,1,2,router,160,109
CP8EP1,5,1,2,router,161,1717
CP8EP1,5,1,2,router,162,0
CP8EP1,5,1,2,router,163,1583
CP8EP1,5,1,2,router,164,0
CP8EP1,5,1,2,router,165,0
CP8EP1,5,1,2,router,166,8282
CP8EP1,5,1,2,router,167,1401
CP8EP1,5,1,2,router,168,3
CP8EP1,5,1,2,router,169,23
CP8EP1,5,1,2,router,170,7
CP8EP1,5,1,2,router,171,5
CP8EP1,5,1,2,router,172,201
CP8EP1,5,1,2,router,173,0
CP8EP1,5,1,2,router,174,3993
CP8EP1,5,1,2,router,175,163
CP8EP1,5,1,2,router,176,0
CP8EP1,5,1,2,router,177,2697
CP8EP1,5,1,2,router,178,0
CP8EP1,5,1,2,router,179,29
CP8EP1,5,1,2,router,180,20
CP8EP1,5,1,2,router,181,9
CP8EP1,5,1,2,router,182,0
CP8EP1,5,1,2,router,183,34
CP8EP1,5,1,2,router,184,7
CP8EP1,5,1,2,router,185,2764
CP8EP1,5,1,2,router,186,2933
CP8EP1,5,1,2,router,187,5
CP8EP1,5,1,2,router,188,2
CP8EP1,5,1,2,router,189,0
CP8EP1,5,1,2,router,190,714
CP8EP1,5,1,2,router,191,340
CP8EP1,5,1,2,router,192,2
CP8EP1,5,1,2,router,193,4089
CP8EP1,5,1,2,router,194,0
CP8EP1,5,1,2,router,195,5
CP8EP1,5,1,2,router,196,13
CP8EP1,5,1,2,router,197,0
CP8EP1,5,1,2,router,198,0
CP8EP1,5,1,2,router,199,963
CP8EP1,5,1,2,router,200,5
CP8EP1,5,1,2,router,201,117
CP8EP1,5,1,2,router,202,0
CP8EP1,5,1,2,router,203,3
CP8EP1,5,1,2,router,204,1
CP8EP1,5,1,2,router,205,34
CP8EP1,5,1,2,router,206,2847
CP8EP1,5,1,2,router,207,0
CP8EP1,5,1,2,router,208,19
CP8EP1,5,1,2,router,209,1
CP8EP1,5,1,2,router,210,0
CP8EP1,5,1,2,router,211,90
CP8EP1,5,1,2,router,212,10
CP8EP1,5,1,2,router,213,1085
CP8EP1,5,1,2,router,214,68
CP8EP1,5,1,2,router,215,452
CP8EP1,5,1,2,router,216,0
CP8EP1,5,1,2,router,217,1566
CP8EP1,5,1,2,router,218,3044
CP8EP1,5,1,2,router,219,0
CP8EP1,5,1,2,router,220,30
CP8EP1,5,1,2,router,221,0
CP8EP1,5,1,2,router,222,0
CP8EP1,5,1,2,router,223,4057
CP8EP1,5,1,2,router,224,19
CP8EP1,5,1,2,router,225,0
CP8EP1,5,1,2,router,226,0
CP8EP1,5,1,2,router,227,365
CP8EP1,5,1,2,router,228,0
CP8EP1,5,1,2,router,229,0
CP8EP1,5,1,2,router,230,0
CP8EP1,5,1,2,router,231,0
CP8EP1,5,1,2,router,232,1
CP8EP1,5,1,2,router,233,9205
CP8EP1,5,1,2,router,234,0
CP8EP1,5,1,2,router,235,0
CP8EP1,5,1,2,router,236,26
CP8EP1,5,1,2,router,237,1620
CP8EP1,5,1,2,router,238,1114
CP8EP1,5,1,2,router,239,0
CP8EP1,5,1,2,router,240,4
CP8EP1,5,1,2,router,241,0
CP8EP1,5,1,2,router,242,1155
CP8EP1,5,1,2,router,243,3
CP8EP1,5,1,2,router,244,0
CP8EP1,5,1,2,router,245,3
CP8EP1,5,1,2,router,246,6
CP8EP1,5,1,2,router,247,4
CP8EP1,5,1,2,router,248,201
CP8EP1,5,1,2,router,249,6
CP8EP1,5,1,2,router,250,88
CP8EP1,5,1,2,router,251,2
CP8EP1,5,1,2,router,252,0
CP8EP1,5,1,2,router,253,6
CP8EP1,5,1,2,router,254,74
CP8EP1,5,1,2,router,255,5
CP8EP1,5,1,2,expert_input,0,304
CP8EP1,5,1,2,expert_input,1,6
CP8EP1,5,1,2,expert_input,2,828
CP8EP1,5,1,2,expert_input,3,2331
CP8EP1,5,1,2,expert_input,4,1
CP8EP1,5,1,2,expert_input,5,895
CP8EP1,5,1,2,expert_input,6,8
CP8EP1,5,1,2,expert_input,7,4
CP8EP1,5,1,2,expert_input,8,10
CP8EP1,5,1,2,expert_input,9,0
CP8EP1,5,1,2,expert_input,10,6
CP8EP1,5,1,2,expert_input,11,5769
CP8EP1,5,1,2,expert_input,12,3
CP8EP1,5,1,2,expert_input,13,1431
CP8EP1,5,1,2,expert_input,14,63
CP8EP1,5,1,2,expert_input,15,3801
CP8EP1,5,1,2,expert_input,16,2
CP8EP1,5,1,2,expert_input,17,778
CP8EP1,5,1,2,expert_input,18,6
CP8EP1,5,1,2,expert_input,19,3
CP8EP1,5,1,2,expert_input,20,5
CP8EP1,5,1,2,expert_input,21,2
CP8EP1,5,1,2,expert_input,22,5
CP8EP1,5,1,2,expert_input,23,12
CP8EP1,5,1,2,expert_input,24,0
CP8EP1,5,1,2,expert_input,25,0
CP8EP1,5,1,2,expert_input,26,8947
CP8EP1,5,1,2,expert_input,27,464
CP8EP1,5,1,2,expert_input,28,5801
CP8EP1,5,1,2,expert_input,29,0
CP8EP1,5,1,2,expert_input,30,20
CP8EP1,5,1,2,expert_input,31,0
CP8EP1,5,1,2,expert_input,32,10
CP8EP1,5,1,2,expert_input,33,0
CP8EP1,5,1,2,expert_input,34,27
CP8EP1,5,1,2,expert_input,35,0
CP8EP1,5,1,2,expert_input,36,4
CP8EP1,5,1,2,expert_input,37,3298
CP8EP1,5,1,2,expert_input,38,1
CP8EP1,5,1,2,expert_input,39,0
CP8EP1,5,1,2,expert_input,40,1
CP8EP1,5,1,2,expert_input,41,10063
CP8EP1,5,1,2,expert_input,42,1
CP8EP1,5,1,2,expert_input,43,1
CP8EP1,5,1,2,expert_input,44,0
CP8EP1,5,1,2,expert_input,45,49
CP8EP1,5,1,2,expert_input,46,0
CP8EP1,5,1,2,expert_input,47,17
CP8EP1,5,1,2,expert_input,48,0
CP8EP1,5,1,2,expert_input,49,2
CP8EP1,5,1,2,expert_input,50,6
CP8EP1,5,1,2,expert_input,51,6
CP8EP1,5,1,2,expert_input,52,4
CP8EP1,5,1,2,expert_input,53,1
CP8EP1,5,1,2,expert_input,54,52
CP8EP1,5,1,2,expert_input,55,0
CP8EP1,5,1,2,expert_input,56,4
CP8EP1,5,1,2,expert_input,57,676
CP8EP1,5,1,2,expert_input,58,29
CP8EP1,5,1,2,expert_input,59,3
CP8EP1,5,1,2,expert_input,60,0
CP8EP1,5,1,2,expert_input,61,106
CP8EP1,5,1,2,expert_input,62,1103
CP8EP1,5,1,2,expert_input,63,53
CP8EP1,5,1,2,expert_input,64,0
CP8EP1,5,1,2,expert_input,65,0
CP8EP1,5,1,2,expert_input,66,28
CP8EP1,5,1,2,expert_input,67,0
CP8EP1,5,1,2,expert_input,68,3
CP8EP1,5,1,2,expert_input,69,2
CP8EP1,5,1,2,expert_input,70,5
CP8EP1,5,1,2,expert_input,71,2
CP8EP1,5,1,2,expert_input,72,167
CP8EP1,5,1,2,expert_input,73,10
CP8EP1,5,1,2,expert_input,74,11
CP8EP1,5,1,2,expert_input,75,3
CP8EP1,5,1,2,expert_input,76,1
CP8EP1,5,1,2,expert_input,77,6
CP8EP1,5,1,2,expert_input,78,895
CP8EP1,5,1,2,expert_input,79,2
CP8EP1,5,1,2,expert_input,80,4
CP8EP1,5,1,2,expert_input,81,80
CP8EP1,5,1,2,expert_input,82,4120
CP8EP1,5,1,2,expert_input,83,1957
CP8EP1,5,1,2,expert_input,84,0
CP8EP1,5,1,2,expert_input,85,0
CP8EP1,5,1,2,expert_input,86,0
CP8EP1,5,1,2,expert_input,87,148
CP8EP1,5,1,2,expert_input,88,1
CP8EP1,5,1,2,expert_input,89,351
CP8EP1,5,1,2,expert_input,90,1819
CP8EP1,5,1,2,expert_input,91,31
CP8EP1,5,1,2,expert_input,92,3
CP8EP1,5,1,2,expert_input,93,182
CP8EP1,5,1,2,expert_input,94,22
CP8EP1,5,1,2,expert_input,95,64
CP8EP1,5,1,2,expert_input,96,0
CP8EP1,5,1,2,expert_input,97,5
CP8EP1,5,1,2,expert_input,98,2331
CP8EP1,5,1,2,expert_input,99,9
CP8EP1,5,1,2,expert_input,100,1399
CP8EP1,5,1,2,expert_input,101,3
CP8EP1,5,1,2,expert_input,102,349
CP8EP1,5,1,2,expert_input,103,2
CP8EP1,5,1,2,expert_input,104,3
CP8EP1,5,1,2,expert_input,105,0
CP8EP1,5,1,2,expert_input,106,0
CP8EP1,5,1,2,expert_input,107,30
CP8EP1,5,1,2,expert_input,108,0
CP8EP1,5,1,2,expert_input,109,3
CP8EP1,5,1,2,expert_input,110,7
CP8EP1,5,1,2,expert_input,111,7
CP8EP1,5,1,2,expert_input,112,2
CP8EP1,5,1,2,expert_input,113,0
CP8EP1,5,1,2,expert_input,114,11
CP8EP1,5,1,2,expert_input,115,7
CP8EP1,5,1,2,expert_input,116,0
CP8EP1,5,1,2,expert_input,117,4275
CP8EP1,5,1,2,expert_input,118,1
CP8EP1,5,1,2,expert_input,119,0
CP8EP1,5,1,2,expert_input,120,4
CP8EP1,5,1,2,expert_input,121,1
CP8EP1,5,1,2,expert_input,122,12
CP8EP1,5,1,2,expert_input,123,46
CP8EP1,5,1,2,expert_input,124,0
CP8EP1,5,1,2,expert_input,125,30
CP8EP1,5,1,2,expert_input,126,3
CP8EP1,5,1,2,expert_input,127,32
CP8EP1,5,1,2,expert_input,128,58
CP8EP1,5,1,2,expert_input,129,54
CP8EP1,5,1,2,expert_input,130,0
CP8EP1,5,1,2,expert_input,131,38
CP8EP1,5,1,2,expert_input,132,0
CP8EP1,5,1,2,expert_input,133,0
CP8EP1,5,1,2,expert_input,134,0
CP8EP1,5,1,2,expert_input,135,21
CP8EP1,5,1,2,expert_input,136,2
CP8EP1,5,1,2,expert_input,137,0
CP8EP1,5,1,2,expert_input,138,2
CP8EP1,5,1,2,expert_input,139,66
CP8EP1,5,1,2,expert_input,140,76
CP8EP1,5,1,2,expert_input,141,0
CP8EP1,5,1,2,expert_input,142,0
CP8EP1,5,1,2,expert_input,143,4
CP8EP1,5,1,2,expert_input,144,0
CP8EP1,5,1,2,expert_input,145,21
CP8EP1,5,1,2,expert_input,146,0
CP8EP1,5,1,2,expert_input,147,88
CP8EP1,5,1,2,expert_input,148,2
CP8EP1,5,1,2,expert_input,149,8
CP8EP1,5,1,2,expert_input,150,2
CP8EP1,5,1,2,expert_input,151,0
CP8EP1,5,1,2,expert_input,152,3592
CP8EP1,5,1,2,expert_input,153,0
CP8EP1,5,1,2,expert_input,154,2
CP8EP1,5,1,2,expert_input,155,0
CP8EP1,5,1,2,expert_input,156,2
CP8EP1,5,1,2,expert_input,157,772
CP8EP1,5,1,2,expert_input,158,1302
CP8EP1,5,1,2,expert_input,159,0
CP8EP1,5,1,2,expert_input,160,109
CP8EP1,5,1,2,expert_input,161,1717
CP8EP1,5,1,2,expert_input,162,0
CP8EP1,5,1,2,expert_input,163,1583
CP8EP1,5,1,2,expert_input,164,0
CP8EP1,5,1,2,expert_input,165,0
CP8EP1,5,1,2,expert_input,166,8282
CP8EP1,5,1,2,expert_input,167,1401
CP8EP1,5,1,2,expert_input,168,3
CP8EP1,5,1,2,expert_input,169,23
CP8EP1,5,1,2,expert_input,170,7
CP8EP1,5,1,2,expert_input,171,5
CP8EP1,5,1,2,expert_input,172,201
CP8EP1,5,1,2,expert_input,173,0
CP8EP1,5,1,2,expert_input,174,3993
CP8EP1,5,1,2,expert_input,175,163
CP8EP1,5,1,2,expert_input,176,0
CP8EP1,5,1,2,expert_input,177,2697
CP8EP1,5,1,2,expert_input,178,0
CP8EP1,5,1,2,expert_input,179,29
CP8EP1,5,1,2,expert_input,180,20
CP8EP1,5,1,2,expert_input,181,9
CP8EP1,5,1,2,expert_input,182,0
CP8EP1,5,1,2,expert_input,183,34
CP8EP1,5,1,2,expert_input,184,7
CP8EP1,5,1,2,expert_input,185,2764
CP8EP1,5,1,2,expert_input,186,2933
CP8EP1,5,1,2,expert_input,187,5
CP8EP1,5,1,2,expert_input,188,2
CP8EP1,5,1,2,expert_input,189,0
CP8EP1,5,1,2,expert_input,190,714
CP8EP1,5,1,2,expert_input,191,340
CP8EP1,5,1,2,expert_input,192,2
CP8EP1,5,1,2,expert_input,193,4089
CP8EP1,5,1,2,expert_input,194,0
CP8EP1,5,1,2,expert_input,195,5
CP8EP1,5,1,2,expert_input,196,13
CP8EP1,5,1,2,expert_input,197,0
CP8EP1,5,1,2,expert_input,198,0
CP8EP1,5,1,2,expert_input,199,963
CP8EP1,5,1,2,expert_input,200,5
CP8EP1,5,1,2,expert_input,201,117
CP8EP1,5,1,2,expert_input,202,0
CP8EP1,5,1,2,expert_input,203,3
CP8EP1,5,1,2,expert_input,204,1
CP8EP1,5,1,2,expert_input,205,34
CP8EP1,5,1,2,expert_input,206,2847
CP8EP1,5,1,2,expert_input,207,0
CP8EP1,5,1,2,expert_input,208,19
CP8EP1,5,1,2,expert_input,209,1
CP8EP1,5,1,2,expert_input,210,0
CP8EP1,5,1,2,expert_input,211,90
CP8EP1,5,1,2,expert_input,212,10
CP8EP1,5,1,2,expert_input,213,1085
CP8EP1,5,1,2,expert_input,214,68
CP8EP1,5,1,2,expert_input,215,452
CP8EP1,5,1,2,expert_input,216,0
CP8EP1,5,1,2,expert_input,217,1566
CP8EP1,5,1,2,expert_input,218,3044
CP8EP1,5,1,2,expert_input,219,0
CP8EP1,5,1,2,expert_input,220,30
CP8EP1,5,1,2,expert_input,221,0
CP8EP1,5,1,2,expert_input,222,0
CP8EP1,5,1,2,expert_input,223,4057
CP8EP1,5,1,2,expert_input,224,19
CP8EP1,5,1,2,expert_input,225,0
CP8EP1,5,1,2,expert_input,226,0
CP8EP1,5,1,2,expert_input,227,365
CP8EP1,5,1,2,expert_input,228,0
CP8EP1,5,1,2,expert_input,229,0
CP8EP1,5,1,2,expert_input,230,0
CP8EP1,5,1,2,expert_input,231,0
CP8EP1,5,1,2,expert_input,232,1
CP8EP1,5,1,2,expert_input,233,9205
CP8EP1,5,1,2,expert_input,234,0
CP8EP1,5,1,2,expert_input,235,0
CP8EP1,5,1,2,expert_input,236,26
CP8EP1,5,1,2,expert_input,237,1620
CP8EP1,5,1,2,expert_input,238,1114
CP8EP1,5,1,2,expert_input,239,0
CP8EP1,5,1,2,expert_input,240,4
CP8EP1,5,1,2,expert_input,241,0
CP8EP1,5,1,2,expert_input,242,1155
CP8EP1,5,1,2,expert_input,243,3
CP8EP1,5,1,2,expert_input,244,0
CP8EP1,5,1,2,expert_input,245,3
CP8EP1,5,1,2,expert_input,246,6
CP8EP1,5,1,2,expert_input,247,4
CP8EP1,5,1,2,expert_input,248,201
CP8EP1,5,1,2,expert_input,249,6
CP8EP1,5,1,2,expert_input,250,88
CP8EP1,5,1,2,expert_input,251,2
CP8EP1,5,1,2,expert_input,252,0
CP8EP1,5,1,2,expert_input,253,6
CP8EP1,5,1,2,expert_input,254,74
CP8EP1,5,1,2,expert_input,255,5
CP8EP1,5,2,3,router,0,853
CP8EP1,5,2,3,router,1,106
CP8EP1,5,2,3,router,2,38
CP8EP1,5,2,3,router,3,674
CP8EP1,5,2,3,router,4,1627
CP8EP1,5,2,3,router,5,94
CP8EP1,5,2,3,router,6,0
CP8EP1,5,2,3,router,7,3054
CP8EP1,5,2,3,router,8,439
CP8EP1,5,2,3,router,9,51
CP8EP1,5,2,3,router,10,1032
CP8EP1,5,2,3,router,11,22
CP8EP1,5,2,3,router,12,1752
CP8EP1,5,2,3,router,13,22
CP8EP1,5,2,3,router,14,1930
CP8EP1,5,2,3,router,15,0
CP8EP1,5,2,3,router,16,625
CP8EP1,5,2,3,router,17,1106
CP8EP1,5,2,3,router,18,0
CP8EP1,5,2,3,router,19,639
CP8EP1,5,2,3,router,20,223
CP8EP1,5,2,3,router,21,1
CP8EP1,5,2,3,router,22,266
CP8EP1,5,2,3,router,23,2785
CP8EP1,5,2,3,router,24,0
CP8EP1,5,2,3,router,25,313
CP8EP1,5,2,3,router,26,654
CP8EP1,5,2,3,router,27,7
CP8EP1,5,2,3,router,28,0
CP8EP1,5,2,3,router,29,188
CP8EP1,5,2,3,router,30,1447
CP8EP1,5,2,3,router,31,5
CP8EP1,5,2,3,router,32,1267
CP8EP1,5,2,3,router,33,232
CP8EP1,5,2,3,router,34,57
CP8EP1,5,2,3,router,35,536
CP8EP1,5,2,3,router,36,20
CP8EP1,5,2,3,router,37,145
CP8EP1,5,2,3,router,38,0
CP8EP1,5,2,3,router,39,573
CP8EP1,5,2,3,router,40,288
CP8EP1,5,2,3,router,41,600
CP8EP1,5,2,3,router,42,104
CP8EP1,5,2,3,router,43,14
CP8EP1,5,2,3,router,44,2
CP8EP1,5,2,3,router,45,11
CP8EP1,5,2,3,router,46,673
CP8EP1,5,2,3,router,47,27
CP8EP1,5,2,3,router,48,7
CP8EP1,5,2,3,router,49,190
CP8EP1,5,2,3,router,50,0
CP8EP1,5,2,3,router,51,389
CP8EP1,5,2,3,router,52,0
CP8EP1,5,2,3,router,53,12
CP8EP1,5,2,3,router,54,31
CP8EP1,5,2,3,router,55,0
CP8EP1,5,2,3,router,56,1863
CP8EP1,5,2,3,router,57,654
CP8EP1,5,2,3,router,58,396
CP8EP1,5,2,3,router,59,1473
CP8EP1,5,2,3,router,60,1980
CP8EP1,5,2,3,router,61,534
CP8EP1,5,2,3,router,62,909
CP8EP1,5,2,3,router,63,451
CP8EP1,5,2,3,router,64,85
CP8EP1,5,2,3,router,65,164
CP8EP1,5,2,3,router,66,2
CP8EP1,5,2,3,router,67,148
CP8EP1,5,2,3,router,68,71
CP8EP1,5,2,3,router,69,551
CP8EP1,5,2,3,router,70,1943
CP8EP1,5,2,3,router,71,633
CP8EP1,5,2,3,router,72,1019
CP8EP1,5,2,3,router,73,1989
CP8EP1,5,2,3,router,74,743
CP8EP1,5,2,3,router,75,345
CP8EP1,5,2,3,router,76,118
CP8EP1,5,2,3,router,77,1441
CP8EP1,5,2,3,router,78,3
CP8EP1,5,2,3,router,79,3
CP8EP1,5,2,3,router,80,2565
CP8EP1,5,2,3,router,81,1185
CP8EP1,5,2,3,router,82,14
CP8EP1,5,2,3,router,83,2014
CP8EP1,5,2,3,router,84,88
CP8EP1,5,2,3,router,85,6
CP8EP1,5,2,3,router,86,29
CP8EP1,5,2,3,router,87,1184
CP8EP1,5,2,3,router,88,698
CP8EP1,5,2,3,router,89,378
CP8EP1,5,2,3,router,90,0
CP8EP1,5,2,3,router,91,5
CP8EP1,5,2,3,router,92,565
CP8EP1,5,2,3,router,93,613
CP8EP1,5,2,3,router,94,1
CP8EP1,5,2,3,router,95,49
CP8EP1,5,2,3,router,96,488
CP8EP1,5,2,3,router,97,1931
CP8EP1,5,2,3,router,98,150
CP8EP1,5,2,3,router,99,412
CP8EP1,5,2,3,router,100,1221
CP8EP1,5,2,3,router,101,5
CP8EP1,5,2,3,router,102,0
CP8EP1,5,2,3,router,103,13
CP8EP1,5,2,3,router,104,817
CP8EP1,5,2,3,router,105,176
CP8EP1,5,2,3,router,106,545
CP8EP1,5,2,3,router,107,490
CP8EP1,5,2,3,router,108,595
CP8EP1,5,2,3,router,109,0
CP8EP1,5,2,3,router,110,0
CP8EP1,5,2,3,router,111,187
CP8EP1,5,2,3,router,112,1385
CP8EP1,5,2,3,router,113,529
CP8EP1,5,2,3,router,114,60
CP8EP1,5,2,3,router,115,649
CP8EP1,5,2,3,router,116,389
CP8EP1,5,2,3,router,117,59
CP8EP1,5,2,3,router,118,134
CP8EP1,5,2,3,router,119,33
CP8EP1,5,2,3,router,120,74
CP8EP1,5,2,3,router,121,448
CP8EP1,5,2,3,router,122,604
CP8EP1,5,2,3,router,123,293
CP8EP1,5,2,3,router,124,166
CP8EP1,5,2,3,router,125,0
CP8EP1,5,2,3,router,126,0
CP8EP1,5,2,3,router,127,1595
CP8EP1,5,2,3,router,128,755
CP8EP1,5,2,3,router,129,97
CP8EP1,5,2,3,router,130,1
CP8EP1,5,2,3,router,131,213
CP8EP1,5,2,3,router,132,749
CP8EP1,5,2,3,router,133,307
CP8EP1,5,2,3,router,134,2309
CP8EP1,5,2,3,router,135,234
CP8EP1,5,2,3,router,136,3
CP8EP1,5,2,3,router,137,309
CP8EP1,5,2,3,router,138,73
CP8EP1,5,2,3,router,139,166
CP8EP1,5,2,3,router,140,304
CP8EP1,5,2,3,router,141,457
CP8EP1,5,2,3,router,142,3
CP8EP1,5,2,3,router,143,39
CP8EP1,5,2,3,router,144,849
CP8EP1,5,2,3,router,145,776
CP8EP1,5,2,3,router,146,368
CP8EP1,5,2,3,router,147,345
CP8EP1,5,2,3,router,148,26
CP8EP1,5,2,3,router,149,583
CP8EP1,5,2,3,router,150,185
CP8EP1,5,2,3,router,151,1377
CP8EP1,5,2,3,router,152,14
CP8EP1,5,2,3,router,153,4
CP8EP1,5,2,3,router,154,3834
CP8EP1,5,2,3,router,155,983
CP8EP1,5,2,3,router,156,0
CP8EP1,5,2,3,router,157,819
CP8EP1,5,2,3,router,158,768
CP8EP1,5,2,3,router,159,3376
CP8EP1,5,2,3,router,160,102
CP8EP1,5,2,3,router,161,3341
CP8EP1,5,2,3,router,162,634
CP8EP1,5,2,3,router,163,1
CP8EP1,5,2,3,router,164,617
CP8EP1,5,2,3,router,165,331
CP8EP1,5,2,3,router,166,1335
CP8EP1,5,2,3,router,167,151
CP8EP1,5,2,3,router,168,322
CP8EP1,5,2,3,router,169,732
CP8EP1,5,2,3,router,170,330
CP8EP1,5,2,3,router,171,2418
CP8EP1,5,2,3,router,172,5
CP8EP1,5,2,3,router,173,2
CP8EP1,5,2,3,router,174,1036
CP8EP1,5,2,3,router,175,21
CP8EP1,5,2,3,router,176,855
CP8EP1,5,2,3,router,177,14
CP8EP1,5,2,3,router,178,546
CP8EP1,5,2,3,router,179,586
CP8EP1,5,2,3,router,180,10
CP8EP1,5,2,3,router,181,0
CP8EP1,5,2,3,router,182,0
CP8EP1,5,2,3,router,183,116
CP8EP1,5,2,3,router,184,56
CP8EP1,5,2,3,router,185,174
CP8EP1,5,2,3,router,186,1
CP8EP1,5,2,3,router,187,647
CP8EP1,5,2,3,router,188,62
CP8EP1,5,2,3,router,189,55
CP8EP1,5,2,3,router,190,1037
CP8EP1,5,2,3,router,191,741
CP8EP1,5,2,3,router,192,896
CP8EP1,5,2,3,router,193,520
CP8EP1,5,2,3,router,194,1
CP8EP1,5,2,3,router,195,1074
CP8EP1,5,2,3,router,196,369
CP8EP1,5,2,3,router,197,17
CP8EP1,5,2,3,router,198,0
CP8EP1,5,2,3,router,199,0
CP8EP1,5,2,3,router,200,932
CP8EP1,5,2,3,router,201,99
CP8EP1,5,2,3,router,202,41
CP8EP1,5,2,3,router,203,923
CP8EP1,5,2,3,router,204,10
CP8EP1,5,2,3,router,205,14
CP8EP1,5,2,3,router,206,1275
CP8EP1,5,2,3,router,207,225
CP8EP1,5,2,3,router,208,1086
CP8EP1,5,2,3,router,209,108
CP8EP1,5,2,3,router,210,2239
CP8EP1,5,2,3,router,211,54
CP8EP1,5,2,3,router,212,56
CP8EP1,5,2,3,router,213,0
CP8EP1,5,2,3,router,214,15
CP8EP1,5,2,3,router,215,192
CP8EP1,5,2,3,router,216,50
CP8EP1,5,2,3,router,217,2
CP8EP1,5,2,3,router,218,215
CP8EP1,5,2,3,router,219,4
CP8EP1,5,2,3,router,220,523
CP8EP1,5,2,3,router,221,8
CP8EP1,5,2,3,router,222,581
CP8EP1,5,2,3,router,223,1474
CP8EP1,5,2,3,router,224,60
CP8EP1,5,2,3,router,225,1233
CP8EP1,5,2,3,router,226,361
CP8EP1,5,2,3,router,227,5
CP8EP1,5,2,3,router,228,188
CP8EP1,5,2,3,router,229,2818
CP8EP1,5,2,3,router,230,695
CP8EP1,5,2,3,router,231,6
CP8EP1,5,2,3,router,232,197
CP8EP1,5,2,3,router,233,0
CP8EP1,5,2,3,router,234,1304
CP8EP1,5,2,3,router,235,414
CP8EP1,5,2,3,router,236,721
CP8EP1,5,2,3,router,237,422
CP8EP1,5,2,3,router,238,655
CP8EP1,5,2,3,router,239,698
CP8EP1,5,2,3,router,240,92
CP8EP1,5,2,3,router,241,738
CP8EP1,5,2,3,router,242,0
CP8EP1,5,2,3,router,243,27
CP8EP1,5,2,3,router,244,129
CP8EP1,5,2,3,router,245,0
CP8EP1,5,2,3,router,246,298
CP8EP1,5,2,3,router,247,864
CP8EP1,5,2,3,router,248,0
CP8EP1,5,2,3,router,249,274
CP8EP1,5,2,3,router,250,1814
CP8EP1,5,2,3,router,251,0
CP8EP1,5,2,3,router,252,1362
CP8EP1,5,2,3,router,253,158
CP8EP1,5,2,3,router,254,48
CP8EP1,5,2,3,router,255,393
CP8EP1,5,2,3,expert_input,0,853
CP8EP1,5,2,3,expert_input,1,106
CP8EP1,5,2,3,expert_input,2,38
CP8EP1,5,2,3,expert_input,3,674
CP8EP1,5,2,3,expert_input,4,1627
CP8EP1,5,2,3,expert_input,5,94
CP8EP1,5,2,3,expert_input,6,0
CP8EP1,5,2,3,expert_input,7,3054
CP8EP1,5,2,3,expert_input,8,439
CP8EP1,5,2,3,expert_input,9,51
CP8EP1,5,2,3,expert_input,10,1032
CP8EP1,5,2,3,expert_input,11,22
CP8EP1,5,2,3,expert_input,12,1752
CP8EP1,5,2,3,expert_input,13,22
CP8EP1,5,2,3,expert_input,14,1930
CP8EP1,5,2,3,expert_input,15,0
CP8EP1,5,2,3,expert_input,16,625
CP8EP1,5,2,3,expert_input,17,1106
CP8EP1,5,2,3,expert_input,18,0
CP8EP1,5,2,3,expert_input,19,639
CP8EP1,5,2,3,expert_input,20,223
CP8EP1,5,2,3,expert_input,21,1
CP8EP1,5,2,3,expert_input,22,266
CP8EP1,5,2,3,expert_input,23,2785
CP8EP1,5,2,3,expert_input,24,0
CP8EP1,5,2,3,expert_input,25,313
CP8EP1,5,2,3,expert_input,26,654
CP8EP1,5,2,3,expert_input,27,7
CP8EP1,5,2,3,expert_input,28,0
CP8EP1,5,2,3,expert_input,29,188
CP8EP1,5,2,3,expert_input,30,1447
CP8EP1,5,2,3,expert_input,31,5
CP8EP1,5,2,3,expert_input,32,1267
CP8EP1,5,2,3,expert_input,33,232
CP8EP1,5,2,3,expert_input,34,57
CP8EP1,5,2,3,expert_input,35,536
CP8EP1,5,2,3,expert_input,36,20
CP8EP1,5,2,3,expert_input,37,145
CP8EP1,5,2,3,expert_input,38,0
CP8EP1,5,2,3,expert_input,39,573
CP8EP1,5,2,3,expert_input,40,288
CP8EP1,5,2,3,expert_input,41,600
CP8EP1,5,2,3,expert_input,42,104
CP8EP1,5,2,3,expert_input,43,14
CP8EP1,5,2,3,expert_input,44,2
CP8EP1,5,2,3,expert_input,45,11
CP8EP1,5,2,3,expert_input,46,673
CP8EP1,5,2,3,expert_input,47,27
CP8EP1,5,2,3,expert_input,48,7
CP8EP1,5,2,3,expert_input,49,190
CP8EP1,5,2,3,expert_input,50,0
CP8EP1,5,2,3,expert_input,51,389
CP8EP1,5,2,3,expert_input,52,0
CP8EP1,5,2,3,expert_input,53,12
CP8EP1,5,2,3,expert_input,54,31
CP8EP1,5,2,3,expert_input,55,0
CP8EP1,5,2,3,expert_input,56,1863
CP8EP1,5,2,3,expert_input,57,654
CP8EP1,5,2,3,expert_input,58,396
CP8EP1,5,2,3,expert_input,59,1473
CP8EP1,5,2,3,expert_input,60,1980
CP8EP1,5,2,3,expert_input,61,534
CP8EP1,5,2,3,expert_input,62,909
CP8EP1,5,2,3,expert_input,63,451
CP8EP1,5,2,3,expert_input,64,85
CP8EP1,5,2,3,expert_input,65,164
CP8EP1,5,2,3,expert_input,66,2
CP8EP1,5,2,3,expert_input,67,148
CP8EP1,5,2,3,expert_input,68,71
CP8EP1,5,2,3,expert_input,69,551
CP8EP1,5,2,3,expert_input,70,1943
CP8EP1,5,2,3,expert_input,71,633
CP8EP1,5,2,3,expert_input,72,1019
CP8EP1,5,2,3,expert_input,73,1989
CP8EP1,5,2,3,expert_input,74,743
CP8EP1,5,2,3,expert_input,75,345
CP8EP1,5,2,3,expert_input,76,118
CP8EP1,5,2,3,expert_input,77,1441
CP8EP1,5,2,3,expert_input,78,3
CP8EP1,5,2,3,expert_input,79,3
CP8EP1,5,2,3,expert_input,80,2565
CP8EP1,5,2,3,expert_input,81,1185
CP8EP1,5,2,3,expert_input,82,14
CP8EP1,5,2,3,expert_input,83,2014
CP8EP1,5,2,3,expert_input,84,88
CP8EP1,5,2,3,expert_input,85,6
CP8EP1,5,2,3,expert_input,86,29
CP8EP1,5,2,3,expert_input,87,1184
CP8EP1,5,2,3,expert_input,88,698
CP8EP1,5,2,3,expert_input,89,378
CP8EP1,5,2,3,expert_input,90,0
CP8EP1,5,2,3,expert_input,91,5
CP8EP1,5,2,3,expert_input,92,565
CP8EP1,5,2,3,expert_input,93,613
CP8EP1,5,2,3,expert_input,94,1
CP8EP1,5,2,3,expert_input,95,49
CP8EP1,5,2,3,expert_input,96,488
CP8EP1,5,2,3,expert_input,97,1931
CP8EP1,5,2,3,expert_input,98,150
CP8EP1,5,2,3,expert_input,99,412
CP8EP1,5,2,3,expert_input,100,1221
CP8EP1,5,2,3,expert_input,101,5
CP8EP1,5,2,3,expert_input,102,0
CP8EP1,5,2,3,expert_input,103,13
CP8EP1,5,2,3,expert_input,104,817
CP8EP1,5,2,3,expert_input,105,176
CP8EP1,5,2,3,expert_input,106,545
CP8EP1,5,2,3,expert_input,107,490
CP8EP1,5,2,3,expert_input,108,595
CP8EP1,5,2,3,expert_input,109,0
CP8EP1,5,2,3,expert_input,110,0
CP8EP1,5,2,3,expert_input,111,187
CP8EP1,5,2,3,expert_input,112,1385
CP8EP1,5,2,3,expert_input,113,529
CP8EP1,5,2,3,expert_input,114,60
CP8EP1,5,2,3,expert_input,115,649
CP8EP1,5,2,3,expert_input,116,389
CP8EP1,5,2,3,expert_input,117,59
CP8EP1,5,2,3,expert_input,118,134
CP8EP1,5,2,3,expert_input,119,33
CP8EP1,5,2,3,expert_input,120,74
CP8EP1,5,2,3,expert_input,121,448
CP8EP1,5,2,3,expert_input,122,604
CP8EP1,5,2,3,expert_input,123,293
CP8EP1,5,2,3,expert_input,124,166
CP8EP1,5,2,3,expert_input,125,0
CP8EP1,5,2,3,expert_input,126,0
CP8EP1,5,2,3,expert_input,127,1595
CP8EP1,5,2,3,expert_input,128,755
CP8EP1,5,2,3,expert_input,129,97
CP8EP1,5,2,3,expert_input,130,1
CP8EP1,5,2,3,expert_input,131,213
CP8EP1,5,2,3,expert_input,132,749
CP8EP1,5,2,3,expert_input,133,307
CP8EP1,5,2,3,expert_input,134,2309
CP8EP1,5,2,3,expert_input,135,234
CP8EP1,5,2,3,expert_input,136,3
CP8EP1,5,2,3,expert_input,137,309
CP8EP1,5,2,3,expert_input,138,73
CP8EP1,5,2,3,expert_input,139,166
CP8EP1,5,2,3,expert_input,140,304
CP8EP1,5,2,3,expert_input,141,457
CP8EP1,5,2,3,expert_input,142,3
CP8EP1,5,2,3,expert_input,143,39
CP8EP1,5,2,3,expert_input,144,849
CP8EP1,5,2,3,expert_input,145,776
CP8EP1,5,2,3,expert_input,146,368
CP8EP1,5,2,3,expert_input,147,345
CP8EP1,5,2,3,expert_input,148,26
CP8EP1,5,2,3,expert_input,149,583
CP8EP1,5,2,3,expert_input,150,185
CP8EP1,5,2,3,expert_input,151,1377
CP8EP1,5,2,3,expert_input,152,14
CP8EP1,5,2,3,expert_input,153,4
CP8EP1,5,2,3,expert_input,154,3834
CP8EP1,5,2,3,expert_input,155,983
CP8EP1,5,2,3,expert_input,156,0
CP8EP1,5,2,3,expert_input,157,819
CP8EP1,5,2,3,expert_input,158,768
CP8EP1,5,2,3,expert_input,159,3376
CP8EP1,5,2,3,expert_input,160,102
CP8EP1,5,2,3,expert_input,161,3341
CP8EP1,5,2,3,expert_input,162,634
CP8EP1,5,2,3,expert_input,163,1
CP8EP1,5,2,3,expert_input,164,617
CP8EP1,5,2,3,expert_input,165,331
CP8EP1,5,2,3,expert_input,166,1335
CP8EP1,5,2,3,expert_input,167,151
CP8EP1,5,2,3,expert_input,168,322
CP8EP1,5,2,3,expert_input,169,732
CP8EP1,5,2,3,expert_input,170,330
CP8EP1,5,2,3,expert_input,171,2418
CP8EP1,5,2,3,expert_input,172,5
CP8EP1,5,2,3,expert_input,173,2
CP8EP1,5,2,3,expert_input,174,1036
CP8EP1,5,2,3,expert_input,175,21
CP8EP1,5,2,3,expert_input,176,855
CP8EP1,5,2,3,expert_input,177,14
CP8EP1,5,2,3,expert_input,178,546
CP8EP1,5,2,3,expert_input,179,586
CP8EP1,5,2,3,expert_input,180,10
CP8EP1,5,2,3,expert_input,181,0
CP8EP1,5,2,3,expert_input,182,0
CP8EP1,5,2,3,expert_input,183,116
CP8EP1,5,2,3,expert_input,184,56
CP8EP1,5,2,3,expert_input,185,174
CP8EP1,5,2,3,expert_input,186,1
CP8EP1,5,2,3,expert_input,187,647
CP8EP1,5,2,3,expert_input,188,62
CP8EP1,5,2,3,expert_input,189,55
CP8EP1,5,2,3,expert_input,190,1037
CP8EP1,5,2,3,expert_input,191,741
CP8EP1,5,2,3,expert_input,192,896
CP8EP1,5,2,3,expert_input,193,520
CP8EP1,5,2,3,expert_input,194,1
CP8EP1,5,2,3,expert_input,195,1074
CP8EP1,5,2,3,expert_input,196,369
CP8EP1,5,2,3,expert_input,197,17
CP8EP1,5,2,3,expert_input,198,0
CP8EP1,5,2,3,expert_input,199,0
CP8EP1,5,2,3,expert_input,200,932
CP8EP1,5,2,3,expert_input,201,99
CP8EP1,5,2,3,expert_input,202,41
CP8EP1,5,2,3,expert_input,203,923
CP8EP1,5,2,3,expert_input,204,10
CP8EP1,5,2,3,expert_input,205,14
CP8EP1,5,2,3,expert_input,206,1275
CP8EP1,5,2,3,expert_input,207,225
CP8EP1,5,2,3,expert_input,208,1086
CP8EP1,5,2,3,expert_input,209,108
CP8EP1,5,2,3,expert_input,210,2239
CP8EP1,5,2,3,expert_input,211,54
CP8EP1,5,2,3,expert_input,212,56
CP8EP1,5,2,3,expert_input,213,0
CP8EP1,5,2,3,expert_input,214,15
CP8EP1,5,2,3,expert_input,215,192
CP8EP1,5,2,3,expert_input,216,50
CP8EP1,5,2,3,expert_input,217,2
CP8EP1,5,2,3,expert_input,218,215
CP8EP1,5,2,3,expert_input,219,4
CP8EP1,5,2,3,expert_input,220,523
CP8EP1,5,2,3,expert_input,221,8
CP8EP1,5,2,3,expert_input,222,581
CP8EP1,5,2,3,expert_input,223,1474
CP8EP1,5,2,3,expert_input,224,60
CP8EP1,5,2,3,expert_input,225,1233
CP8EP1,5,2,3,expert_input,226,361
CP8EP1,5,2,3,expert_input,227,5
CP8EP1,5,2,3,expert_input,228,188
CP8EP1,5,2,3,expert_input,229,2818
CP8EP1,5,2,3,expert_input,230,695
CP8EP1,5,2,3,expert_input,231,6
CP8EP1,5,2,3,expert_input,232,197
CP8EP1,5,2,3,expert_input,233,0
CP8EP1,5,2,3,expert_input,234,1304
CP8EP1,5,2,3,expert_input,235,414
CP8EP1,5,2,3,expert_input,236,721
CP8EP1,5,2,3,expert_input,237,422
CP8EP1,5,2,3,expert_input,238,655
CP8EP1,5,2,3,expert_input,239,698
CP8EP1,5,2,3,expert_input,240,92
CP8EP1,5,2,3,expert_input,241,738
CP8EP1,5,2,3,expert_input,242,0
CP8EP1,5,2,3,expert_input,243,27
CP8EP1,5,2,3,expert_input,244,129
CP8EP1,5,2,3,expert_input,245,0
CP8EP1,5,2,3,expert_input,246,298
CP8EP1,5,2,3,expert_input,247,864
CP8EP1,5,2,3,expert_input,248,0
CP8EP1,5,2,3,expert_input,249,274
CP8EP1,5,2,3,expert_input,250,1814
CP8EP1,5,2,3,expert_input,251,0
CP8EP1,5,2,3,expert_input,252,1362
CP8EP1,5,2,3,expert_input,253,158
CP8EP1,5,2,3,expert_input,254,48
CP8EP1,5,2,3,expert_input,255,393
CP8EP1,6,1,2,router,0,281
CP8EP1,6,1,2,router,1,10
CP8EP1,6,1,2,router,2,851
CP8EP1,6,1,2,router,3,2436
CP8EP1,6,1,2,router,4,1
CP8EP1,6,1,2,router,5,854
CP8EP1,6,1,2,router,6,8
CP8EP1,6,1,2,router,7,4
CP8EP1,6,1,2,router,8,10
CP8EP1,6,1,2,router,9,0
CP8EP1,6,1,2,router,10,2
CP8EP1,6,1,2,router,11,5675
CP8EP1,6,1,2,router,12,2
CP8EP1,6,1,2,router,13,1541
CP8EP1,6,1,2,router,14,48
CP8EP1,6,1,2,router,15,3850
CP8EP1,6,1,2,router,16,3
CP8EP1,6,1,2,router,17,827
CP8EP1,6,1,2,router,18,7
CP8EP1,6,1,2,router,19,2
CP8EP1,6,1,2,router,20,7
CP8EP1,6,1,2,router,21,3
CP8EP1,6,1,2,router,22,7
CP8EP1,6,1,2,router,23,12
CP8EP1,6,1,2,router,24,1
CP8EP1,6,1,2,router,25,0
CP8EP1,6,1,2,router,26,9077
CP8EP1,6,1,2,router,27,519
CP8EP1,6,1,2,router,28,5710
CP8EP1,6,1,2,router,29,0
CP8EP1,6,1,2,router,30,16
CP8EP1,6,1,2,router,31,0
CP8EP1,6,1,2,router,32,5
CP8EP1,6,1,2,router,33,0
CP8EP1,6,1,2,router,34,23
CP8EP1,6,1,2,router,35,0
CP8EP1,6,1,2,router,36,2
CP8EP1,6,1,2,router,37,3196
CP8EP1,6,1,2,router,38,2
CP8EP1,6,1,2,router,39,0
CP8EP1,6,1,2,router,40,3
CP8EP1,6,1,2,router,41,9893
CP8EP1,6,1,2,router,42,3
CP8EP1,6,1,2,router,43,1
CP8EP1,6,1,2,router,44,0
CP8EP1,6,1,2,router,45,49
CP8EP1,6,1,2,router,46,0
CP8EP1,6,1,2,router,47,12
CP8EP1,6,1,2,router,48,0
CP8EP1,6,1,2,router,49,1
CP8EP1,6,1,2,router,50,18
CP8EP1,6,1,2,router,51,6
CP8EP1,6,1,2,router,52,4
CP8EP1,6,1,2,router,53,0
CP8EP1,6,1,2,router,54,65
CP8EP1,6,1,2,router,55,0
CP8EP1,6,1,2,router,56,4
CP8EP1,6,1,2,router,57,739
CP8EP1,6,1,2,router,58,34
CP8EP1,6,1,2,router,59,3
CP8EP1,6,1,2,router,60,0
CP8EP1,6,1,2,router,61,126
CP8EP1,6,1,2,router,62,1051
CP8EP1,6,1,2,router,63,52
CP8EP1,6,1,2,router,64,0
CP8EP1,6,1,2,router,65,1
CP8EP1,6,1,2,router,66,34
CP8EP1,6,1,2,router,67,0
CP8EP1,6,1,2,router,68,2
CP8EP1,6,1,2,router,69,0
CP8EP1,6,1,2,router,70,4
CP8EP1,6,1,2,router,71,3
CP8EP1,6,1,2,router,72,170
CP8EP1,6,1,2,router,73,6
CP8EP1,6,1,2,router,74,6
CP8EP1,6,1,2,router,75,0
CP8EP1,6,1,2,router,76,1
CP8EP1,6,1,2,router,77,12
CP8EP1,6,1,2,router,78,868
CP8EP1,6,1,2,router,79,4
CP8EP1,6,1,2,router,80,3
CP8EP1,6,1,2,router,81,87
CP8EP1,6,1,2,router,82,4111
CP8EP1,6,1,2,router,83,1991
CP8EP1,6,1,2,router,84,0
CP8EP1,6,1,2,router,85,0
CP8EP1,6,1,2,router,86,0
CP8EP1,6,1,2,router,87,152
CP8EP1,6,1,2,router,88,1
CP8EP1,6,1,2,router,89,342
CP8EP1,6,1,2,router,90,1879
CP8EP1,6,1,2,router,91,25
CP8EP1,6,1,2,router,92,2
CP8EP1,6,1,2,router,93,195
CP8EP1,6,1,2,router,94,20
CP8EP1,6,1,2,router,95,59
CP8EP1,6,1,2,router,96,1
CP8EP1,6,1,2,router,97,7
CP8EP1,6,1,2,router,98,2310
CP8EP1,6,1,2,router,99,7
CP8EP1,6,1,2,router,100,1435
CP8EP1,6,1,2,router,101,9
CP8EP1,6,1,2,router,102,400
CP8EP1,6,1,2,router,103,2
CP8EP1,6,1,2,router,104,8
CP8EP1,6,1,2,router,105,0
CP8EP1,6,1,2,router,106,0
CP8EP1,6,1,2,router,107,33
CP8EP1,6,1,2,router,108,0
CP8EP1,6,1,2,router,109,8
CP8EP1,6,1,2,router,110,1
CP8EP1,6,1,2,router,111,2
CP8EP1,6,1,2,router,112,0
CP8EP1,6,1,2,router,113,2
CP8EP1,6,1,2,router,114,11
CP8EP1,6,1,2,router,115,5
CP8EP1,6,1,2,router,116,1
CP8EP1,6,1,2,router,117,4349
CP8EP1,6,1,2,router,118,0
CP8EP1,6,1,2,router,119,0
CP8EP1,6,1,2,router,120,6
CP8EP1,6,1,2,router,121,0
CP8EP1,6,1,2,router,122,10
CP8EP1,6,1,2,router,123,45
CP8EP1,6,1,2,router,124,0
CP8EP1,6,1,2,router,125,21
CP8EP1,6,1,2,router,126,3
CP8EP1,6,1,2,router,127,31
CP8EP1,6,1,2,router,128,74
CP8EP1,6,1,2,router,129,62
CP8EP1,6,1,2,router,130,1
CP8EP1,6,1,2,router,131,35
CP8EP1,6,1,2,router,132,1
CP8EP1,6,1,2,router,133,0
CP8EP1,6,1,2,router,134,0
CP8EP1,6,1,2,router,135,14
CP8EP1,6,1,2,router,136,7
CP8EP1,6,1,2,router,137,0
CP8EP1,6,1,2,router,138,2
CP8EP1,6,1,2,router,139,74
CP8EP1,6,1,2,router,140,73
CP8EP1,6,1,2,router,141,0
CP8EP1,6,1,2,router,142,0
CP8EP1,6,1,2,router,143,4
CP8EP1,6,1,2,router,144,1
CP8EP1,6,1,2,router,145,33
CP8EP1,6,1,2,router,146,0
CP8EP1,6,1,2,router,147,92
CP8EP1,6,1,2,router,148,0
CP8EP1,6,1,2,router,149,13
CP8EP1,6,1,2,router,150,4
CP8EP1,6,1,2,router,151,0
CP8EP1,6,1,2,router,152,3499
CP8EP1,6,1,2,router,153,0
CP8EP1,6,1,2,router,154,0
CP8EP1,6,1,2,router,155,0
CP8EP1,6,1,2,router,156,1
CP8EP1,6,1,2,router,157,794
CP8EP1,6,1,2,router,158,1343
CP8EP1,6,1,2,router,159,2
CP8EP1,6,1,2,router,160,130
CP8EP1,6,1,2,router,161,1696
CP8EP1,6,1,2,router,162,1
CP8EP1,6,1,2,router,163,1548
CP8EP1,6,1,2,router,164,0
CP8EP1,6,1,2,router,165,0
CP8EP1,6,1,2,router,166,8190
CP8EP1,6,1,2,router,167,1390
CP8EP1,6,1,2,router,168,0
CP8EP1,6,1,2,router,169,26
CP8EP1,6,1,2,router,170,7
CP8EP1,6,1,2,router,171,10
CP8EP1,6,1,2,router,172,182
CP8EP1,6,1,2,router,173,0
CP8EP1,6,1,2,router,174,3909
CP8EP1,6,1,2,router,175,163
CP8EP1,6,1,2,router,176,0
CP8EP1,6,1,2,router,177,2578
CP8EP1,6,1,2,router,178,0
CP8EP1,6,1,2,router,179,26
CP8EP1,6,1,2,router,180,19
CP8EP1,6,1,2,router,181,8
CP8EP1,6,1,2,router,182,0
CP8EP1,6,1,2,router,183,27
CP8EP1,6,1,2,router,184,9
CP8EP1,6,1,2,router,185,2826
CP8EP1,6,1,2,router,186,2978
CP8EP1,6,1,2,router,187,4
CP8EP1,6,1,2,router,188,4
CP8EP1,6,1,2,router,189,2
CP8EP1,6,1,2,router,190,732
CP8EP1,6,1,2,router,191,369
CP8EP1,6,1,2,router,192,12
CP8EP1,6,1,2,router,193,4137
CP8EP1,6,1,2,router,194,1
CP8EP1,6,1,2,router,195,3
CP8EP1,6,1,2,router,196,13
CP8EP1,6,1,2,router,197,0
CP8EP1,6,1,2,router,198,1
CP8EP1,6,1,2,router,199,1013
CP8EP1,6,1,2,router,200,3
CP8EP1,6,1,2,router,201,134
CP8EP1,6,1,2,router,202,0
CP8EP1,6,1,2,router,203,12
CP8EP1,6,1,2,router,204,0
CP8EP1,6,1,2,router,205,26
CP8EP1,6,1,2,router,206,2728
CP8EP1,6,1,2,router,207,1
CP8EP1,6,1,2,router,208,20
CP8EP1,6,1,2,router,209,2
CP8EP1,6,1,2,router,210,0
CP8EP1,6,1,2,router,211,91
CP8EP1,6,1,2,router,212,13
CP8EP1,6,1,2,router,213,1114
CP8EP1,6,1,2,router,214,59
CP8EP1,6,1,2,router,215,439
CP8EP1,6,1,2,router,216,1
CP8EP1,6,1,2,router,217,1562
CP8EP1,6,1,2,router,218,2922
CP8EP1,6,1,2,router,219,0
CP8EP1,6,1,2,router,220,34
CP8EP1,6,1,2,router,221,1
CP8EP1,6,1,2,router,222,2
CP8EP1,6,1,2,router,223,4102
CP8EP1,6,1,2,router,224,17
CP8EP1,6,1,2,router,225,0
CP8EP1,6,1,2,router,226,0
CP8EP1,6,1,2,router,227,428
CP8EP1,6,1,2,router,228,0
CP8EP1,6,1,2,router,229,0
CP8EP1,6,1,2,router,230,0
CP8EP1,6,1,2,router,231,0
CP8EP1,6,1,2,router,232,1
CP8EP1,6,1,2,router,233,9176
CP8EP1,6,1,2,router,234,0
CP8EP1,6,1,2,router,235,0
CP8EP1,6,1,2,router,236,29
CP8EP1,6,1,2,router,237,1567
CP8EP1,6,1,2,router,238,1120
CP8EP1,6,1,2,router,239,0
CP8EP1,6,1,2,router,240,7
CP8EP1,6,1,2,router,241,0
CP8EP1,6,1,2,router,242,1132
CP8EP1,6,1,2,router,243,5
CP8EP1,6,1,2,router,244,1
CP8EP1,6,1,2,router,245,6
CP8EP1,6,1,2,router,246,7
CP8EP1,6,1,2,router,247,2
CP8EP1,6,1,2,router,248,221
CP8EP1,6,1,2,router,249,3
CP8EP1,6,1,2,router,250,105
CP8EP1,6,1,2,router,251,0
CP8EP1,6,1,2,router,252,0
CP8EP1,6,1,2,router,253,4
CP8EP1,6,1,2,router,254,82
CP8EP1,6,1,2,router,255,9
CP8EP1,6,1,2,expert_input,0,281
CP8EP1,6,1,2,expert_input,1,10
CP8EP1,6,1,2,expert_input,2,851
CP8EP1,6,1,2,expert_input,3,2436
CP8EP1,6,1,2,expert_input,4,1
CP8EP1,6,1,2,expert_input,5,854
CP8EP1,6,1,2,expert_input,6,8
CP8EP1,6,1,2,expert_input,7,4
CP8EP1,6,1,2,expert_input,8,10
CP8EP1,6,1,2,expert_input,9,0
CP8EP1,6,1,2,expert_input,10,2
CP8EP1,6,1,2,expert_input,11,5675
CP8EP1,6,1,2,expert_input,12,2
CP8EP1,6,1,2,expert_input,13,1541
CP8EP1,6,1,2,expert_input,14,48
CP8EP1,6,1,2,expert_input,15,3850
CP8EP1,6,1,2,expert_input,16,3
CP8EP1,6,1,2,expert_input,17,827
CP8EP1,6,1,2,expert_input,18,7
CP8EP1,6,1,2,expert_input,19,2
CP8EP1,6,1,2,expert_input,20,7
CP8EP1,6,1,2,expert_input,21,3
CP8EP1,6,1,2,expert_input,22,7
CP8EP1,6,1,2,expert_input,23,12
CP8EP1,6,1,2,expert_input,24,1
CP8EP1,6,1,2,expert_input,25,0
CP8EP1,6,1,2,expert_input,26,9077
CP8EP1,6,1,2,expert_input,27,519
CP8EP1,6,1,2,expert_input,28,5710
CP8EP1,6,1,2,expert_input,29,0
CP8EP1,6,1,2,expert_input,30,16
CP8EP1,6,1,2,expert_input,31,0
CP8EP1,6,1,2,expert_input,32,5
CP8EP1,6,1,2,expert_input,33,0
CP8EP1,6,1,2,expert_input,34,23
CP8EP1,6,1,2,expert_input,35,0
CP8EP1,6,1,2,expert_input,36,2
CP8EP1,6,1,2,expert_input,37,3196
CP8EP1,6,1,2,expert_input,38,2
CP8EP1,6,1,2,expert_input,39,0
CP8EP1,6,1,2,expert_input,40,3
CP8EP1,6,1,2,expert_input,41,9893
CP8EP1,6,1,2,expert_input,42,3
CP8EP1,6,1,2,expert_input,43,1
CP8EP1,6,1,2,expert_input,44,0
CP8EP1,6,1,2,expert_input,45,49
CP8EP1,6,1,2,expert_input,46,0
CP8EP1,6,1,2,expert_input,47,12
CP8EP1,6,1,2,expert_input,48,0
CP8EP1,6,1,2,expert_input,49,1
CP8EP1,6,1,2,expert_input,50,18
CP8EP1,6,1,2,expert_input,51,6
CP8EP1,6,1,2,expert_input,52,4
CP8EP1,6,1,2,expert_input,53,0
CP8EP1,6,1,2,expert_input,54,65
CP8EP1,6,1,2,expert_input,55,0
CP8EP1,6,1,2,expert_input,56,4
CP8EP1,6,1,2,expert_input,57,739
CP8EP1,6,1,2,expert_input,58,34
CP8EP1,6,1,2,expert_input,59,3
CP8EP1,6,1,2,expert_input,60,0
CP8EP1,6,1,2,expert_input,61,126
CP8EP1,6,1,2,expert_input,62,1051
CP8EP1,6,1,2,expert_input,63,52
CP8EP1,6,1,2,expert_input,64,0
CP8EP1,6,1,2,expert_input,65,1
CP8EP1,6,1,2,expert_input,66,34
CP8EP1,6,1,2,expert_input,67,0
CP8EP1,6,1,2,expert_input,68,2
CP8EP1,6,1,2,expert_input,69,0
CP8EP1,6,1,2,expert_input,70,4
CP8EP1,6,1,2,expert_input,71,3
CP8EP1,6,1,2,expert_input,72,170
CP8EP1,6,1,2,expert_input,73,6
CP8EP1,6,1,2,expert_input,74,6
CP8EP1,6,1,2,expert_input,75,0
CP8EP1,6,1,2,expert_input,76,1
CP8EP1,6,1,2,expert_input,77,12
CP8EP1,6,1,2,expert_input,78,868
CP8EP1,6,1,2,expert_input,79,4
CP8EP1,6,1,2,expert_input,80,3
CP8EP1,6,1,2,expert_input,81,87
CP8EP1,6,1,2,expert_input,82,4111
CP8EP1,6,1,2,expert_input,83,1991
CP8EP1,6,1,2,expert_input,84,0
CP8EP1,6,1,2,expert_input,85,0
CP8EP1,6,1,2,expert_input,86,0
CP8EP1,6,1,2,expert_input,87,152
CP8EP1,6,1,2,expert_input,88,1
CP8EP1,6,1,2,expert_input,89,342
CP8EP1,6,1,2,expert_input,90,1879
CP8EP1,6,1,2,expert_input,91,25
CP8EP1,6,1,2,expert_input,92,2
CP8EP1,6,1,2,expert_input,93,195
CP8EP1,6,1,2,expert_input,94,20
CP8EP1,6,1,2,expert_input,95,59
CP8EP1,6,1,2,expert_input,96,1
CP8EP1,6,1,2,expert_input,97,7
CP8EP1,6,1,2,expert_input,98,2310
CP8EP1,6,1,2,expert_input,99,7
CP8EP1,6,1,2,expert_input,100,1435
CP8EP1,6,1,2,expert_input,101,9
CP8EP1,6,1,2,expert_input,102,400
CP8EP1,6,1,2,expert_input,103,2
CP8EP1,6,1,2,expert_input,104,8
CP8EP1,6,1,2,expert_input,105,0
CP8EP1,6,1,2,expert_input,106,0
CP8EP1,6,1,2,expert_input,107,33
CP8EP1,6,1,2,expert_input,108,0
CP8EP1,6,1,2,expert_input,109,8
CP8EP1,6,1,2,expert_input,110,1
CP8EP1,6,1,2,expert_input,111,2
CP8EP1,6,1,2,expert_input,112,0
CP8EP1,6,1,2,expert_input,113,2
CP8EP1,6,1,2,expert_input,114,11
CP8EP1,6,1,2,expert_input,115,5
CP8EP1,6,1,2,expert_input,116,1
CP8EP1,6,1,2,expert_input,117,4349
CP8EP1,6,1,2,expert_input,118,0
CP8EP1,6,1,2,expert_input,119,0
CP8EP1,6,1,2,expert_input,120,6
CP8EP1,6,1,2,expert_input,121,0
CP8EP1,6,1,2,expert_input,122,10
CP8EP1,6,1,2,expert_input,123,45
CP8EP1,6,1,2,expert_input,124,0
CP8EP1,6,1,2,expert_input,125,21
CP8EP1,6,1,2,expert_input,126,3
CP8EP1,6,1,2,expert_input,127,31
CP8EP1,6,1,2,expert_input,128,74
CP8EP1,6,1,2,expert_input,129,62
CP8EP1,6,1,2,expert_input,130,1
CP8EP1,6,1,2,expert_input,131,35
CP8EP1,6,1,2,expert_input,132,1
CP8EP1,6,1,2,expert_input,133,0
CP8EP1,6,1,2,expert_input,134,0
CP8EP1,6,1,2,expert_input,135,14
CP8EP1,6,1,2,expert_input,136,7
CP8EP1,6,1,2,expert_input,137,0
CP8EP1,6,1,2,expert_input,138,2
CP8EP1,6,1,2,expert_input,139,74
CP8EP1,6,1,2,expert_input,140,73
CP8EP1,6,1,2,expert_input,141,0
CP8EP1,6,1,2,expert_input,142,0
CP8EP1,6,1,2,expert_input,143,4
CP8EP1,6,1,2,expert_input,144,1
CP8EP1,6,1,2,expert_input,145,33
CP8EP1,6,1,2,expert_input,146,0
CP8EP1,6,1,2,expert_input,147,92
CP8EP1,6,1,2,expert_input,148,0
CP8EP1,6,1,2,expert_input,149,13
CP8EP1,6,1,2,expert_input,150,4
CP8EP1,6,1,2,expert_input,151,0
CP8EP1,6,1,2,expert_input,152,3499
CP8EP1,6,1,2,expert_input,153,0
CP8EP1,6,1,2,expert_input,154,0
CP8EP1,6,1,2,expert_input,155,0
CP8EP1,6,1,2,expert_input,156,1
CP8EP1,6,1,2,expert_input,157,794
CP8EP1,6,1,2,expert_input,158,1343
CP8EP1,6,1,2,expert_input,159,2
CP8EP1,6,1,2,expert_input,160,130
CP8EP1,6,1,2,expert_input,161,1696
CP8EP1,6,1,2,expert_input,162,1
CP8EP1,6,1,2,expert_input,163,1548
CP8EP1,6,1,2,expert_input,164,0
CP8EP1,6,1,2,expert_input,165,0
CP8EP1,6,1,2,expert_input,166,8190
CP8EP1,6,1,2,expert_input,167,1390
CP8EP1,6,1,2,expert_input,168,0
CP8EP1,6,1,2,expert_input,169,26
CP8EP1,6,1,2,expert_input,170,7
CP8EP1,6,1,2,expert_input,171,10
CP8EP1,6,1,2,expert_input,172,182
CP8EP1,6,1,2,expert_input,173,0
CP8EP1,6,1,2,expert_input,174,3909
CP8EP1,6,1,2,expert_input,175,163
CP8EP1,6,1,2,expert_input,176,0
CP8EP1,6,1,2,expert_input,177,2578
CP8EP1,6,1,2,expert_input,178,0
CP8EP1,6,1,2,expert_input,179,26
CP8EP1,6,1,2,expert_input,180,19
CP8EP1,6,1,2,expert_input,181,8
CP8EP1,6,1,2,expert_input,182,0
CP8EP1,6,1,2,expert_input,183,27
CP8EP1,6,1,2,expert_input,184,9
CP8EP1,6,1,2,expert_input,185,2826
CP8EP1,6,1,2,expert_input,186,2978
CP8EP1,6,1,2,expert_input,187,4
CP8EP1,6,1,2,expert_input,188,4
CP8EP1,6,1,2,expert_input,189,2
CP8EP1,6,1,2,expert_input,190,732
CP8EP1,6,1,2,expert_input,191,369
CP8EP1,6,1,2,expert_input,192,12
CP8EP1,6,1,2,expert_input,193,4137
CP8EP1,6,1,2,expert_input,194,1
CP8EP1,6,1,2,expert_input,195,3
CP8EP1,6,1,2,expert_input,196,13
CP8EP1,6,1,2,expert_input,197,0
CP8EP1,6,1,2,expert_input,198,1
CP8EP1,6,1,2,expert_input,199,1013
CP8EP1,6,1,2,expert_input,200,3
CP8EP1,6,1,2,expert_input,201,134
CP8EP1,6,1,2,expert_input,202,0
CP8EP1,6,1,2,expert_input,203,12
CP8EP1,6,1,2,expert_input,204,0
CP8EP1,6,1,2,expert_input,205,26
CP8EP1,6,1,2,expert_input,206,2728
CP8EP1,6,1,2,expert_input,207,1
CP8EP1,6,1,2,expert_input,208,20
CP8EP1,6,1,2,expert_input,209,2
CP8EP1,6,1,2,expert_input,210,0
CP8EP1,6,1,2,expert_input,211,91
CP8EP1,6,1,2,expert_input,212,13
CP8EP1,6,1,2,expert_input,213,1114
CP8EP1,6,1,2,expert_input,214,59
CP8EP1,6,1,2,expert_input,215,439
CP8EP1,6,1,2,expert_input,216,1
CP8EP1,6,1,2,expert_input,217,1562
CP8EP1,6,1,2,expert_input,218,2922
CP8EP1,6,1,2,expert_input,219,0
CP8EP1,6,1,2,expert_input,220,34
CP8EP1,6,1,2,expert_input,221,1
CP8EP1,6,1,2,expert_input,222,2
CP8EP1,6,1,2,expert_input,223,4102
CP8EP1,6,1,2,expert_input,224,17
CP8EP1,6,1,2,expert_input,225,0
CP8EP1,6,1,2,expert_input,226,0
CP8EP1,6,1,2,expert_input,227,428
CP8EP1,6,1,2,expert_input,228,0
CP8EP1,6,1,2,expert_input,229,0
CP8EP1,6,1,2,expert_input,230,0
CP8EP1,6,1,2,expert_input,231,0
CP8EP1,6,1,2,expert_input,232,1
CP8EP1,6,1,2,expert_input,233,9176
CP8EP1,6,1,2,expert_input,234,0
CP8EP1,6,1,2,expert_input,235,0
CP8EP1,6,1,2,expert_input,236,29
CP8EP1,6,1,2,expert_input,237,1567
CP8EP1,6,1,2,expert_input,238,1120
CP8EP1,6,1,2,expert_input,239,0
CP8EP1,6,1,2,expert_input,240,7
CP8EP1,6,1,2,expert_input,241,0
CP8EP1,6,1,2,expert_input,242,1132
CP8EP1,6,1,2,expert_input,243,5
CP8EP1,6,1,2,expert_input,244,1
CP8EP1,6,1,2,expert_input,245,6
CP8EP1,6,1,2,expert_input,246,7
CP8EP1,6,1,2,expert_input,247,2
CP8EP1,6,1,2,expert_input,248,221
CP8EP1,6,1,2,expert_input,249,3
CP8EP1,6,1,2,expert_input,250,105
CP8EP1,6,1,2,expert_input,251,0
CP8EP1,6,1,2,expert_input,252,0
CP8EP1,6,1,2,expert_input,253,4
CP8EP1,6,1,2,expert_input,254,82
CP8EP1,6,1,2,expert_input,255,9
CP8EP1,6,2,3,router,0,846
CP8EP1,6,2,3,router,1,132
CP8EP1,6,2,3,router,2,42
CP8EP1,6,2,3,router,3,676
CP8EP1,6,2,3,router,4,1611
CP8EP1,6,2,3,router,5,98
CP8EP1,6,2,3,router,6,0
CP8EP1,6,2,3,router,7,3057
CP8EP1,6,2,3,router,8,412
CP8EP1,6,2,3,router,9,69
CP8EP1,6,2,3,router,10,1046
CP8EP1,6,2,3,router,11,21
CP8EP1,6,2,3,router,12,1782
CP8EP1,6,2,3,router,13,19
CP8EP1,6,2,3,router,14,1944
CP8EP1,6,2,3,router,15,1
CP8EP1,6,2,3,router,16,650
CP8EP1,6,2,3,router,17,1116
CP8EP1,6,2,3,router,18,0
CP8EP1,6,2,3,router,19,694
CP8EP1,6,2,3,router,20,232
CP8EP1,6,2,3,router,21,1
CP8EP1,6,2,3,router,22,240
CP8EP1,6,2,3,router,23,2748
CP8EP1,6,2,3,router,24,0
CP8EP1,6,2,3,router,25,314
CP8EP1,6,2,3,router,26,670
CP8EP1,6,2,3,router,27,9
CP8EP1,6,2,3,router,28,0
CP8EP1,6,2,3,router,29,191
CP8EP1,6,2,3,router,30,1500
CP8EP1,6,2,3,router,31,5
CP8EP1,6,2,3,router,32,1308
CP8EP1,6,2,3,router,33,219
CP8EP1,6,2,3,router,34,46
CP8EP1,6,2,3,router,35,526
CP8EP1,6,2,3,router,36,14
CP8EP1,6,2,3,router,37,135
CP8EP1,6,2,3,router,38,0
CP8EP1,6,2,3,router,39,558
CP8EP1,6,2,3,router,40,288
CP8EP1,6,2,3,router,41,569
CP8EP1,6,2,3,router,42,88
CP8EP1,6,2,3,router,43,14
CP8EP1,6,2,3,router,44,2
CP8EP1,6,2,3,router,45,10
CP8EP1,6,2,3,router,46,709
CP8EP1,6,2,3,router,47,33
CP8EP1,6,2,3,router,48,5
CP8EP1,6,2,3,router,49,160
CP8EP1,6,2,3,router,50,0
CP8EP1,6,2,3,router,51,405
CP8EP1,6,2,3,router,52,1
CP8EP1,6,2,3,router,53,5
CP8EP1,6,2,3,router,54,24
CP8EP1,6,2,3,router,55,0
CP8EP1,6,2,3,router,56,1816
CP8EP1,6,2,3,router,57,723
CP8EP1,6,2,3,router,58,434
CP8EP1,6,2,3,router,59,1477
CP8EP1,6,2,3,router,60,2032
CP8EP1,6,2,3,router,61,503
CP8EP1,6,2,3,router,62,957
CP8EP1,6,2,3,router,63,460
CP8EP1,6,2,3,router,64,104
CP8EP1,6,2,3,router,65,203
CP8EP1,6,2,3,router,66,5
CP8EP1,6,2,3,router,67,173
CP8EP1,6,2,3,router,68,58
CP8EP1,6,2,3,router,69,552
CP8EP1,6,2,3,router,70,1879
CP8EP1,6,2,3,router,71,641
CP8EP1,6,2,3,router,72,1017
CP8EP1,6,2,3,router,73,2052
CP8EP1,6,2,3,router,74,802
CP8EP1,6,2,3,router,75,360
CP8EP1,6,2,3,router,76,118
CP8EP1,6,2,3,router,77,1475
CP8EP1,6,2,3,router,78,3
CP8EP1,6,2,3,router,79,4
CP8EP1,6,2,3,router,80,2523
CP8EP1,6,2,3,router,81,1135
CP8EP1,6,2,3,router,82,10
CP8EP1,6,2,3,router,83,2063
CP8EP1,6,2,3,router,84,99
CP8EP1,6,2,3,router,85,9
CP8EP1,6,2,3,router,86,29
CP8EP1,6,2,3,router,87,1269
CP8EP1,6,2,3,router,88,704
CP8EP1,6,2,3,router,89,335
CP8EP1,6,2,3,router,90,0
CP8EP1,6,2,3,router,91,5
CP8EP1,6,2,3,router,92,568
CP8EP1,6,2,3,router,93,643
CP8EP1,6,2,3,router,94,3
CP8EP1,6,2,3,router,95,49
CP8EP1,6,2,3,router,96,494
CP8EP1,6,2,3,router,97,2010
CP8EP1,6,2,3,router,98,162
CP8EP1,6,2,3,router,99,406
CP8EP1,6,2,3,router,100,1158
CP8EP1,6,2,3,router,101,4
CP8EP1,6,2,3,router,102,0
CP8EP1,6,2,3,router,103,14
CP8EP1,6,2,3,router,104,801
CP8EP1,6,2,3,router,105,184
CP8EP1,6,2,3,router,106,535
CP8EP1,6,2,3,router,107,446
CP8EP1,6,2,3,router,108,570
CP8EP1,6,2,3,router,109,0
CP8EP1,6,2,3,router,110,0
CP8EP1,6,2,3,router,111,177
CP8EP1,6,2,3,router,112,1385
CP8EP1,6,2,3,router,113,487
CP8EP1,6,2,3,router,114,68
CP8EP1,6,2,3,router,115,665
CP8EP1,6,2,3,router,116,417
CP8EP1,6,2,3,router,117,53
CP8EP1,6,2,3,router,118,125
CP8EP1,6,2,3,router,119,29
CP8EP1,6,2,3,router,120,65
CP8EP1,6,2,3,router,121,449
CP8EP1,6,2,3,router,122,607
CP8EP1,6,2,3,router,123,312
CP8EP1,6,2,3,router,124,160
CP8EP1,6,2,3,router,125,0
CP8EP1,6,2,3,router,126,3
CP8EP1,6,2,3,router,127,1637
CP8EP1,6,2,3,router,128,774
CP8EP1,6,2,3,router,129,97
CP8EP1,6,2,3,router,130,2
CP8EP1,6,2,3,router,131,200
CP8EP1,6,2,3,router,132,705
CP8EP1,6,2,3,router,133,277
CP8EP1,6,2,3,router,134,2349
CP8EP1,6,2,3,router,135,222
CP8EP1,6,2,3,router,136,2
CP8EP1,6,2,3,router,137,325
CP8EP1,6,2,3,router,138,68
CP8EP1,6,2,3,router,139,132
CP8EP1,6,2,3,router,140,273
CP8EP1,6,2,3,router,141,394
CP8EP1,6,2,3,router,142,2
CP8EP1,6,2,3,router,143,24
CP8EP1,6,2,3,router,144,876
CP8EP1,6,2,3,router,145,830
CP8EP1,6,2,3,router,146,359
CP8EP1,6,2,3,router,147,322
CP8EP1,6,2,3,router,148,38
CP8EP1,6,2,3,router,149,573
CP8EP1,6,2,3,router,150,186
CP8EP1,6,2,3,router,151,1303
CP8EP1,6,2,3,router,152,16
CP8EP1,6,2,3,router,153,8
CP8EP1,6,2,3,router,154,3653
CP8EP1,6,2,3,router,155,985
CP8EP1,6,2,3,router,156,0
CP8EP1,6,2,3,router,157,828
CP8EP1,6,2,3,router,158,759
CP8EP1,6,2,3,router,159,3418
CP8EP1,6,2,3,router,160,82
CP8EP1,6,2,3,router,161,3364
CP8EP1,6,2,3,router,162,663
CP8EP1,6,2,3,router,163,0
CP8EP1,6,2,3,router,164,630
CP8EP1,6,2,3,router,165,332
CP8EP1,6,2,3,router,166,1415
CP8EP1,6,2,3,router,167,154
CP8EP1,6,2,3,router,168,355
CP8EP1,6,2,3,router,169,739
CP8EP1,6,2,3,router,170,304
CP8EP1,6,2,3,router,171,2443
CP8EP1,6,2,3,router,172,7
CP8EP1,6,2,3,router,173,0
CP8EP1,6,2,3,router,174,1053
CP8EP1,6,2,3,router,175,22
CP8EP1,6,2,3,router,176,844
CP8EP1,6,2,3,router,177,9
CP8EP1,6,2,3,router,178,531
CP8EP1,6,2,3,router,179,611
CP8EP1,6,2,3,router,180,12
CP8EP1,6,2,3,router,181,0
CP8EP1,6,2,3,router,182,0
CP8EP1,6,2,3,router,183,115
CP8EP1,6,2,3,router,184,47
CP8EP1,6,2,3,router,185,176
CP8EP1,6,2,3,router,186,1
CP8EP1,6,2,3,router,187,559
CP8EP1,6,2,3,router,188,47
CP8EP1,6,2,3,router,189,69
CP8EP1,6,2,3,router,190,1051
CP8EP1,6,2,3,router,191,747
CP8EP1,6,2,3,router,192,896
CP8EP1,6,2,3,router,193,532
CP8EP1,6,2,3,router,194,1
CP8EP1,6,2,3,router,195,1079
CP8EP1,6,2,3,router,196,424
CP8EP1,6,2,3,router,197,16
CP8EP1,6,2,3,router,198,1
CP8EP1,6,2,3,router,199,0
CP8EP1,6,2,3,router,200,870
CP8EP1,6,2,3,router,201,107
CP8EP1,6,2,3,router,202,45
CP8EP1,6,2,3,router,203,986
CP8EP1,6,2,3,router,204,6
CP8EP1,6,2,3,router,205,15
CP8EP1,6,2,3,router,206,1308
CP8EP1,6,2,3,router,207,243
CP8EP1,6,2,3,router,208,1024
CP8EP1,6,2,3,router,209,112
CP8EP1,6,2,3,router,210,2324
CP8EP1,6,2,3,router,211,57
CP8EP1,6,2,3,router,212,52
CP8EP1,6,2,3,router,213,0
CP8EP1,6,2,3,router,214,25
CP8EP1,6,2,3,router,215,180
CP8EP1,6,2,3,router,216,52
CP8EP1,6,2,3,router,217,2
CP8EP1,6,2,3,router,218,229
CP8EP1,6,2,3,router,219,6
CP8EP1,6,2,3,router,220,527
CP8EP1,6,2,3,router,221,9
CP8EP1,6,2,3,router,222,527
CP8EP1,6,2,3,router,223,1513
CP8EP1,6,2,3,router,224,64
CP8EP1,6,2,3,router,225,1283
CP8EP1,6,2,3,router,226,371
CP8EP1,6,2,3,router,227,3
CP8EP1,6,2,3,router,228,206
CP8EP1,6,2,3,router,229,2810
CP8EP1,6,2,3,router,230,628
CP8EP1,6,2,3,router,231,2
CP8EP1,6,2,3,router,232,181
CP8EP1,6,2,3,router,233,0
CP8EP1,6,2,3,router,234,1180
CP8EP1,6,2,3,router,235,393
CP8EP1,6,2,3,router,236,655
CP8EP1,6,2,3,router,237,406
CP8EP1,6,2,3,router,238,605
CP8EP1,6,2,3,router,239,672
CP8EP1,6,2,3,router,240,87
CP8EP1,6,2,3,router,241,706
CP8EP1,6,2,3,router,242,0
CP8EP1,6,2,3,router,243,31
CP8EP1,6,2,3,router,244,132
CP8EP1,6,2,3,router,245,0
CP8EP1,6,2,3,router,246,286
CP8EP1,6,2,3,router,247,874
CP8EP1,6,2,3,router,248,0
CP8EP1,6,2,3,router,249,272
CP8EP1,6,2,3,router,250,1722
CP8EP1,6,2,3,router,251,0
CP8EP1,6,2,3,router,252,1376
CP8EP1,6,2,3,router,253,180
CP8EP1,6,2,3,router,254,73
CP8EP1,6,2,3,router,255,364
CP8EP1,6,2,3,expert_input,0,846
CP8EP1,6,2,3,expert_input,1,132
CP8EP1,6,2,3,expert_input,2,42
CP8EP1,6,2,3,expert_input,3,676
CP8EP1,6,2,3,expert_input,4,1611
CP8EP1,6,2,3,expert_input,5,98
CP8EP1,6,2,3,expert_input,6,0
CP8EP1,6,2,3,expert_input,7,3057
CP8EP1,6,2,3,expert_input,8,412
CP8EP1,6,2,3,expert_input,9,69
CP8EP1,6,2,3,expert_input,10,1046
CP8EP1,6,2,3,expert_input,11,21
CP8EP1,6,2,3,expert_input,12,1782
CP8EP1,6,2,3,expert_input,13,19
CP8EP1,6,2,3,expert_input,14,1944
CP8EP1,6,2,3,expert_input,15,1
CP8EP1,6,2,3,expert_input,16,650
CP8EP1,6,2,3,expert_input,17,1116
CP8EP1,6,2,3,expert_input,18,0
CP8EP1,6,2,3,expert_input,19,694
CP8EP1,6,2,3,expert_input,20,232
CP8EP1,6,2,3,expert_input,21,1
CP8EP1,6,2,3,expert_input,22,240
CP8EP1,6,2,3,expert_input,23,2748
CP8EP1,6,2,3,expert_input,24,0
CP8EP1,6,2,3,expert_input,25,314
CP8EP1,6,2,3,expert_input,26,670
CP8EP1,6,2,3,expert_input,27,9
CP8EP1,6,2,3,expert_input,28,0
CP8EP1,6,2,3,expert_input,29,191
CP8EP1,6,2,3,expert_input,30,1500
CP8EP1,6,2,3,expert_input,31,5
CP8EP1,6,2,3,expert_input,32,1308
CP8EP1,6,2,3,expert_input,33,219
CP8EP1,6,2,3,expert_input,34,46
CP8EP1,6,2,3,expert_input,35,526
CP8EP1,6,2,3,expert_input,36,14
CP8EP1,6,2,3,expert_input,37,135
CP8EP1,6,2,3,expert_input,38,0
CP8EP1,6,2,3,expert_input,39,558
CP8EP1,6,2,3,expert_input,40,288
CP8EP1,6,2,3,expert_input,41,569
CP8EP1,6,2,3,expert_input,42,88
CP8EP1,6,2,3,expert_input,43,14
CP8EP1,6,2,3,expert_input,44,2
CP8EP1,6,2,3,expert_input,45,10
CP8EP1,6,2,3,expert_input,46,709
CP8EP1,6,2,3,expert_input,47,33
CP8EP1,6,2,3,expert_input,48,5
CP8EP1,6,2,3,expert_input,49,160
CP8EP1,6,2,3,expert_input,50,0
CP8EP1,6,2,3,expert_input,51,405
CP8EP1,6,2,3,expert_input,52,1
CP8EP1,6,2,3,expert_input,53,5
CP8EP1,6,2,3,expert_input,54,24
CP8EP1,6,2,3,expert_input,55,0
CP8EP1,6,2,3,expert_input,56,1816
CP8EP1,6,2,3,expert_input,57,723
CP8EP1,6,2,3,expert_input,58,434
CP8EP1,6,2,3,expert_input,59,1477
CP8EP1,6,2,3,expert_input,60,2032
CP8EP1,6,2,3,expert_input,61,503
CP8EP1,6,2,3,expert_input,62,957
CP8EP1,6,2,3,expert_input,63,460
CP8EP1,6,2,3,expert_input,64,104
CP8EP1,6,2,3,expert_input,65,203
CP8EP1,6,2,3,expert_input,66,5
CP8EP1,6,2,3,expert_input,67,173
CP8EP1,6,2,3,expert_input,68,58
CP8EP1,6,2,3,expert_input,69,552
CP8EP1,6,2,3,expert_input,70,1879
CP8EP1,6,2,3,expert_input,71,641
CP8EP1,6,2,3,expert_input,72,1017
CP8EP1,6,2,3,expert_input,73,2052
CP8EP1,6,2,3,expert_input,74,802
CP8EP1,6,2,3,expert_input,75,360
CP8EP1,6,2,3,expert_input,76,118
CP8EP1,6,2,3,expert_input,77,1475
CP8EP1,6,2,3,expert_input,78,3
CP8EP1,6,2,3,expert_input,79,4
CP8EP1,6,2,3,expert_input,80,2523
CP8EP1,6,2,3,expert_input,81,1135
CP8EP1,6,2,3,expert_input,82,10
CP8EP1,6,2,3,expert_input,83,2063
CP8EP1,6,2,3,expert_input,84,99
CP8EP1,6,2,3,expert_input,85,9
CP8EP1,6,2,3,expert_input,86,29
CP8EP1,6,2,3,expert_input,87,1269
CP8EP1,6,2,3,expert_input,88,704
CP8EP1,6,2,3,expert_input,89,335
CP8EP1,6,2,3,expert_input,90,0
CP8EP1,6,2,3,expert_input,91,5
CP8EP1,6,2,3,expert_input,92,568
CP8EP1,6,2,3,expert_input,93,643
CP8EP1,6,2,3,expert_input,94,3
CP8EP1,6,2,3,expert_input,95,49
CP8EP1,6,2,3,expert_input,96,494
CP8EP1,6,2,3,expert_input,97,2010
CP8EP1,6,2,3,expert_input,98,162
CP8EP1,6,2,3,expert_input,99,406
CP8EP1,6,2,3,expert_input,100,1158
CP8EP1,6,2,3,expert_input,101,4
CP8EP1,6,2,3,expert_input,102,0
CP8EP1,6,2,3,expert_input,103,14
CP8EP1,6,2,3,expert_input,104,801
CP8EP1,6,2,3,expert_input,105,184
CP8EP1,6,2,3,expert_input,106,535
CP8EP1,6,2,3,expert_input,107,446
CP8EP1,6,2,3,expert_input,108,570
CP8EP1,6,2,3,expert_input,109,0
CP8EP1,6,2,3,expert_input,110,0
CP8EP1,6,2,3,expert_input,111,177
CP8EP1,6,2,3,expert_input,112,1385
CP8EP1,6,2,3,expert_input,113,487
CP8EP1,6,2,3,expert_input,114,68
CP8EP1,6,2,3,expert_input,115,665
CP8EP1,6,2,3,expert_input,116,417
CP8EP1,6,2,3,expert_input,117,53
CP8EP1,6,2,3,expert_input,118,125
CP8EP1,6,2,3,expert_input,119,29
CP8EP1,6,2,3,expert_input,120,65
CP8EP1,6,2,3,expert_input,121,449
CP8EP1,6,2,3,expert_input,122,607
CP8EP1,6,2,3,expert_input,123,312
CP8EP1,6,2,3,expert_input,124,160
CP8EP1,6,2,3,expert_input,125,0
CP8EP1,6,2,3,expert_input,126,3
CP8EP1,6,2,3,expert_input,127,1637
CP8EP1,6,2,3,expert_input,128,774
CP8EP1,6,2,3,expert_input,129,97
CP8EP1,6,2,3,expert_input,130,2
CP8EP1,6,2,3,expert_input,131,200
CP8EP1,6,2,3,expert_input,132,705
CP8EP1,6,2,3,expert_input,133,277
CP8EP1,6,2,3,expert_input,134,2349
CP8EP1,6,2,3,expert_input,135,222
CP8EP1,6,2,3,expert_input,136,2
CP8EP1,6,2,3,expert_input,137,325
CP8EP1,6,2,3,expert_input,138,68
CP8EP1,6,2,3,expert_input,139,132
CP8EP1,6,2,3,expert_input,140,273
CP8EP1,6,2,3,expert_input,141,394
CP8EP1,6,2,3,expert_input,142,2
CP8EP1,6,2,3,expert_input,143,24
CP8EP1,6,2,3,expert_input,144,876
CP8EP1,6,2,3,expert_input,145,830
CP8EP1,6,2,3,expert_input,146,359
CP8EP1,6,2,3,expert_input,147,322
CP8EP1,6,2,3,expert_input,148,38
CP8EP1,6,2,3,expert_input,149,573
CP8EP1,6,2,3,expert_input,150,186
CP8EP1,6,2,3,expert_input,151,1303
CP8EP1,6,2,3,expert_input,152,16
CP8EP1,6,2,3,expert_input,153,8
CP8EP1,6,2,3,expert_input,154,3653
CP8EP1,6,2,3,expert_input,155,985
CP8EP1,6,2,3,expert_input,156,0
CP8EP1,6,2,3,expert_input,157,828
CP8EP1,6,2,3,expert_input,158,759
CP8EP1,6,2,3,expert_input,159,3418
CP8EP1,6,2,3,expert_input,160,82
CP8EP1,6,2,3,expert_input,161,3364
CP8EP1,6,2,3,expert_input,162,663
CP8EP1,6,2,3,expert_input,163,0
CP8EP1,6,2,3,expert_input,164,630
CP8EP1,6,2,3,expert_input,165,332
CP8EP1,6,2,3,expert_input,166,1415
CP8EP1,6,2,3,expert_input,167,154
CP8EP1,6,2,3,expert_input,168,355
CP8EP1,6,2,3,expert_input,169,739
CP8EP1,6,2,3,expert_input,170,304
CP8EP1,6,2,3,expert_input,171,2443
CP8EP1,6,2,3,expert_input,172,7
CP8EP1,6,2,3,expert_input,173,0
CP8EP1,6,2,3,expert_input,174,1053
CP8EP1,6,2,3,expert_input,175,22
CP8EP1,6,2,3,expert_input,176,844
CP8EP1,6,2,3,expert_input,177,9
CP8EP1,6,2,3,expert_input,178,531
CP8EP1,6,2,3,expert_input,179,611
CP8EP1,6,2,3,expert_input,180,12
CP8EP1,6,2,3,expert_input,181,0
CP8EP1,6,2,3,expert_input,182,0
CP8EP1,6,2,3,expert_input,183,115
CP8EP1,6,2,3,expert_input,184,47
CP8EP1,6,2,3,expert_input,185,176
CP8EP1,6,2,3,expert_input,186,1
CP8EP1,6,2,3,expert_input,187,559
CP8EP1,6,2,3,expert_input,188,47
CP8EP1,6,2,3,expert_input,189,69
CP8EP1,6,2,3,expert_input,190,1051
CP8EP1,6,2,3,expert_input,191,747
CP8EP1,6,2,3,expert_input,192,896
CP8EP1,6,2,3,expert_input,193,532
CP8EP1,6,2,3,expert_input,194,1
CP8EP1,6,2,3,expert_input,195,1079
CP8EP1,6,2,3,expert_input,196,424
CP8EP1,6,2,3,expert_input,197,16
CP8EP1,6,2,3,expert_input,198,1
CP8EP1,6,2,3,expert_input,199,0
CP8EP1,6,2,3,expert_input,200,870
CP8EP1,6,2,3,expert_input,201,107
CP8EP1,6,2,3,expert_input,202,45
CP8EP1,6,2,3,expert_input,203,986
CP8EP1,6,2,3,expert_input,204,6
CP8EP1,6,2,3,expert_input,205,15
CP8EP1,6,2,3,expert_input,206,1308
CP8EP1,6,2,3,expert_input,207,243
CP8EP1,6,2,3,expert_input,208,1024
CP8EP1,6,2,3,expert_input,209,112
CP8EP1,6,2,3,expert_input,210,2324
CP8EP1,6,2,3,expert_input,211,57
CP8EP1,6,2,3,expert_input,212,52
CP8EP1,6,2,3,expert_input,213,0
CP8EP1,6,2,3,expert_input,214,25
CP8EP1,6,2,3,expert_input,215,180
CP8EP1,6,2,3,expert_input,216,52
CP8EP1,6,2,3,expert_input,217,2
CP8EP1,6,2,3,expert_input,218,229
CP8EP1,6,2,3,expert_input,219,6
CP8EP1,6,2,3,expert_input,220,527
CP8EP1,6,2,3,expert_input,221,9
CP8EP1,6,2,3,expert_input,222,527
CP8EP1,6,2,3,expert_input,223,1513
CP8EP1,6,2,3,expert_input,224,64
CP8EP1,6,2,3,expert_input,225,1283
CP8EP1,6,2,3,expert_input,226,371
CP8EP1,6,2,3,expert_input,227,3
CP8EP1,6,2,3,expert_input,228,206
CP8EP1,6,2,3,expert_input,229,2810
CP8EP1,6,2,3,expert_input,230,628
CP8EP1,6,2,3,expert_input,231,2
CP8EP1,6,2,3,expert_input,232,181
CP8EP1,6,2,3,expert_input,233,0
CP8EP1,6,2,3,expert_input,234,1180
CP8EP1,6,2,3,expert_input,235,393
CP8EP1,6,2,3,expert_input,236,655
CP8EP1,6,2,3,expert_input,237,406
CP8EP1,6,2,3,expert_input,238,605
CP8EP1,6,2,3,expert_input,239,672
CP8EP1,6,2,3,expert_input,240,87
CP8EP1,6,2,3,expert_input,241,706
CP8EP1,6,2,3,expert_input,242,0
CP8EP1,6,2,3,expert_input,243,31
CP8EP1,6,2,3,expert_input,244,132
CP8EP1,6,2,3,expert_input,245,0
CP8EP1,6,2,3,expert_input,246,286
CP8EP1,6,2,3,expert_input,247,874
CP8EP1,6,2,3,expert_input,248,0
CP8EP1,6,2,3,expert_input,249,272
CP8EP1,6,2,3,expert_input,250,1722
CP8EP1,6,2,3,expert_input,251,0
CP8EP1,6,2,3,expert_input,252,1376
CP8EP1,6,2,3,expert_input,253,180
CP8EP1,6,2,3,expert_input,254,73
CP8EP1,6,2,3,expert_input,255,364
CP8EP1,7,1,2,router,0,267
CP8EP1,7,1,2,router,1,5
CP8EP1,7,1,2,router,2,879
CP8EP1,7,1,2,router,3,2451
CP8EP1,7,1,2,router,4,1
CP8EP1,7,1,2,router,5,872
CP8EP1,7,1,2,router,6,6
CP8EP1,7,1,2,router,7,4
CP8EP1,7,1,2,router,8,10
CP8EP1,7,1,2,router,9,0
CP8EP1,7,1,2,router,10,2
CP8EP1,7,1,2,router,11,5675
CP8EP1,7,1,2,router,12,3
CP8EP1,7,1,2,router,13,1462
CP8EP1,7,1,2,router,14,71
CP8EP1,7,1,2,router,15,3842
CP8EP1,7,1,2,router,16,2
CP8EP1,7,1,2,router,17,810
CP8EP1,7,1,2,router,18,5
CP8EP1,7,1,2,router,19,3
CP8EP1,7,1,2,router,20,7
CP8EP1,7,1,2,router,21,4
CP8EP1,7,1,2,router,22,14
CP8EP1,7,1,2,router,23,10
CP8EP1,7,1,2,router,24,0
CP8EP1,7,1,2,router,25,0
CP8EP1,7,1,2,router,26,9013
CP8EP1,7,1,2,router,27,499
CP8EP1,7,1,2,router,28,5683
CP8EP1,7,1,2,router,29,0
CP8EP1,7,1,2,router,30,13
CP8EP1,7,1,2,router,31,0
CP8EP1,7,1,2,router,32,6
CP8EP1,7,1,2,router,33,0
CP8EP1,7,1,2,router,34,23
CP8EP1,7,1,2,router,35,0
CP8EP1,7,1,2,router,36,1
CP8EP1,7,1,2,router,37,3236
CP8EP1,7,1,2,router,38,0
CP8EP1,7,1,2,router,39,0
CP8EP1,7,1,2,router,40,1
CP8EP1,7,1,2,router,41,9913
CP8EP1,7,1,2,router,42,4
CP8EP1,7,1,2,router,43,0
CP8EP1,7,1,2,router,44,0
CP8EP1,7,1,2,router,45,45
CP8EP1,7,1,2,router,46,0
CP8EP1,7,1,2,router,47,12
CP8EP1,7,1,2,router,48,0
CP8EP1,7,1,2,router,49,0
CP8EP1,7,1,2,router,50,22
CP8EP1,7,1,2,router,51,1
CP8EP1,7,1,2,router,52,4
CP8EP1,7,1,2,router,53,2
CP8EP1,7,1,2,router,54,50
CP8EP1,7,1,2,router,55,0
CP8EP1,7,1,2,router,56,11
CP8EP1,7,1,2,router,57,674
CP8EP1,7,1,2,router,58,30
CP8EP1,7,1,2,router,59,4
CP8EP1,7,1,2,router,60,0
CP8EP1,7,1,2,router,61,90
CP8EP1,7,1,2,router,62,1092
CP8EP1,7,1,2,router,63,62
CP8EP1,7,1,2,router,64,0
CP8EP1,7,1,2,router,65,1
CP8EP1,7,1,2,router,66,29
CP8EP1,7,1,2,router,67,0
CP8EP1,7,1,2,router,68,1
CP8EP1,7,1,2,router,69,1
CP8EP1,7,1,2,router,70,4
CP8EP1,7,1,2,router,71,3
CP8EP1,7,1,2,router,72,166
CP8EP1,7,1,2,router,73,2
CP8EP1,7,1,2,router,74,5
CP8EP1,7,1,2,router,75,2
CP8EP1,7,1,2,router,76,3
CP8EP1,7,1,2,router,77,12
CP8EP1,7,1,2,router,78,867
CP8EP1,7,1,2,router,79,3
CP8EP1,7,1,2,router,80,4
CP8EP1,7,1,2,router,81,81
CP8EP1,7,1,2,router,82,4073
CP8EP1,7,1,2,router,83,2092
CP8EP1,7,1,2,router,84,0
CP8EP1,7,1,2,router,85,0
CP8EP1,7,1,2,router,86,0
CP8EP1,7,1,2,router,87,146
CP8EP1,7,1,2,router,88,2
CP8EP1,7,1,2,router,89,315
CP8EP1,7,1,2,router,90,1795
CP8EP1,7,1,2,router,91,33
CP8EP1,7,1,2,router,92,0
CP8EP1,7,1,2,router,93,201
CP8EP1,7,1,2,router,94,28
CP8EP1,7,1,2,router,95,64
CP8EP1,7,1,2,router,96,0
CP8EP1,7,1,2,router,97,6
CP8EP1,7,1,2,router,98,2339
CP8EP1,7,1,2,router,99,10
CP8EP1,7,1,2,router,100,1406
CP8EP1,7,1,2,router,101,4
CP8EP1,7,1,2,router,102,368
CP8EP1,7,1,2,router,103,0
CP8EP1,7,1,2,router,104,0
CP8EP1,7,1,2,router,105,0
CP8EP1,7,1,2,router,106,0
CP8EP1,7,1,2,router,107,24
CP8EP1,7,1,2,router,108,0
CP8EP1,7,1,2,router,109,6
CP8EP1,7,1,2,router,110,7
CP8EP1,7,1,2,router,111,5
CP8EP1,7,1,2,router,112,2
CP8EP1,7,1,2,router,113,0
CP8EP1,7,1,2,router,114,11
CP8EP1,7,1,2,router,115,2
CP8EP1,7,1,2,router,116,1
CP8EP1,7,1,2,router,117,4429
CP8EP1,7,1,2,router,118,1
CP8EP1,7,1,2,router,119,0
CP8EP1,7,1,2,router,120,8
CP8EP1,7,1,2,router,121,0
CP8EP1,7,1,2,router,122,6
CP8EP1,7,1,2,router,123,44
CP8EP1,7,1,2,router,124,0
CP8EP1,7,1,2,router,125,25
CP8EP1,7,1,2,router,126,3
CP8EP1,7,1,2,router,127,36
CP8EP1,7,1,2,router,128,49
CP8EP1,7,1,2,router,129,59
CP8EP1,7,1,2,router,130,0
CP8EP1,7,1,2,router,131,32
CP8EP1,7,1,2,router,132,0
CP8EP1,7,1,2,router,133,0
CP8EP1,7,1,2,router,134,0
CP8EP1,7,1,2,router,135,27
CP8EP1,7,1,2,router,136,2
CP8EP1,7,1,2,router,137,0
CP8EP1,7,1,2,router,138,4
CP8EP1,7,1,2,router,139,61
CP8EP1,7,1,2,router,140,92
CP8EP1,7,1,2,router,141,2
CP8EP1,7,1,2,router,142,0
CP8EP1,7,1,2,router,143,2
CP8EP1,7,1,2,router,144,0
CP8EP1,7,1,2,router,145,21
CP8EP1,7,1,2,router,146,0
CP8EP1,7,1,2,router,147,95
CP8EP1,7,1,2,router,148,7
CP8EP1,7,1,2,router,149,11
CP8EP1,7,1,2,router,150,2
CP8EP1,7,1,2,router,151,0
CP8EP1,7,1,2,router,152,3468
CP8EP1,7,1,2,router,153,0
CP8EP1,7,1,2,router,154,0
CP8EP1,7,1,2,router,155,0
CP8EP1,7,1,2,router,156,3
CP8EP1,7,1,2,router,157,727
CP8EP1,7,1,2,router,158,1289
CP8EP1,7,1,2,router,159,0
CP8EP1,7,1,2,router,160,144
CP8EP1,7,1,2,router,161,1783
CP8EP1,7,1,2,router,162,0
CP8EP1,7,1,2,router,163,1553
CP8EP1,7,1,2,router,164,0
CP8EP1,7,1,2,router,165,0
CP8EP1,7,1,2,router,166,8177
CP8EP1,7,1,2,router,167,1335
CP8EP1,7,1,2,router,168,1
CP8EP1,7,1,2,router,169,18
CP8EP1,7,1,2,router,170,6
CP8EP1,7,1,2,router,171,3
CP8EP1,7,1,2,router,172,198
CP8EP1,7,1,2,router,173,0
CP8EP1,7,1,2,router,174,3932
CP8EP1,7,1,2,router,175,146
CP8EP1,7,1,2,router,176,0
CP8EP1,7,1,2,router,177,2732
CP8EP1,7,1,2,router,178,0
CP8EP1,7,1,2,router,179,18
CP8EP1,7,1,2,router,180,26
CP8EP1,7,1,2,router,181,8
CP8EP1,7,1,2,router,182,0
CP8EP1,7,1,2,router,183,23
CP8EP1,7,1,2,router,184,5
CP8EP1,7,1,2,router,185,2782
CP8EP1,7,1,2,router,186,2958
CP8EP1,7,1,2,router,187,6
CP8EP1,7,1,2,router,188,3
CP8EP1,7,1,2,router,189,0
CP8EP1,7,1,2,router,190,735
CP8EP1,7,1,2,router,191,360
CP8EP1,7,1,2,router,192,6
CP8EP1,7,1,2,router,193,4102
CP8EP1,7,1,2,router,194,0
CP8EP1,7,1,2,router,195,2
CP8EP1,7,1,2,router,196,12
CP8EP1,7,1,2,router,197,0
CP8EP1,7,1,2,router,198,2
CP8EP1,7,1,2,router,199,949
CP8EP1,7,1,2,router,200,6
CP8EP1,7,1,2,router,201,124
CP8EP1,7,1,2,router,202,1
CP8EP1,7,1,2,router,203,18
CP8EP1,7,1,2,router,204,0
CP8EP1,7,1,2,router,205,27
CP8EP1,7,1,2,router,206,2817
CP8EP1,7,1,2,router,207,0
CP8EP1,7,1,2,router,208,12
CP8EP1,7,1,2,router,209,4
CP8EP1,7,1,2,router,210,0
CP8EP1,7,1,2,router,211,97
CP8EP1,7,1,2,router,212,14
CP8EP1,7,1,2,router,213,1089
CP8EP1,7,1,2,router,214,79
CP8EP1,7,1,2,router,215,434
CP8EP1,7,1,2,router,216,0
CP8EP1,7,1,2,router,217,1587
CP8EP1,7,1,2,router,218,2988
CP8EP1,7,1,2,router,219,0
CP8EP1,7,1,2,router,220,23
CP8EP1,7,1,2,router,221,1
CP8EP1,7,1,2,router,222,0
CP8EP1,7,1,2,router,223,4079
CP8EP1,7,1,2,router,224,14
CP8EP1,7,1,2,router,225,0
CP8EP1,7,1,2,router,226,2
CP8EP1,7,1,2,router,227,448
CP8EP1,7,1,2,router,228,2
CP8EP1,7,1,2,router,229,0
CP8EP1,7,1,2,router,230,0
CP8EP1,7,1,2,router,231,0
CP8EP1,7,1,2,router,232,0
CP8EP1,7,1,2,router,233,9257
CP8EP1,7,1,2,router,234,0
CP8EP1,7,1,2,router,235,0
CP8EP1,7,1,2,router,236,28
CP8EP1,7,1,2,router,237,1625
CP8EP1,7,1,2,router,238,1144
CP8EP1,7,1,2,router,239,0
CP8EP1,7,1,2,router,240,2
CP8EP1,7,1,2,router,241,0
CP8EP1,7,1,2,router,242,1176
CP8EP1,7,1,2,router,243,5
CP8EP1,7,1,2,router,244,0
CP8EP1,7,1,2,router,245,7
CP8EP1,7,1,2,router,246,12
CP8EP1,7,1,2,router,247,1
CP8EP1,7,1,2,router,248,212
CP8EP1,7,1,2,router,249,4
CP8EP1,7,1,2,router,250,111
CP8EP1,7,1,2,router,251,2
CP8EP1,7,1,2,router,252,0
CP8EP1,7,1,2,router,253,1
CP8EP1,7,1,2,router,254,65
CP8EP1,7,1,2,router,255,4
CP8EP1,7,1,2,expert_input,0,267
CP8EP1,7,1,2,expert_input,1,5
CP8EP1,7,1,2,expert_input,2,879
CP8EP1,7,1,2,expert_input,3,2451
CP8EP1,7,1,2,expert_input,4,1
CP8EP1,7,1,2,expert_input,5,872
CP8EP1,7,1,2,expert_input,6,6
CP8EP1,7,1,2,expert_input,7,4
CP8EP1,7,1,2,expert_input,8,10
CP8EP1,7,1,2,expert_input,9,0
CP8EP1,7,1,2,expert_input,10,2
CP8EP1,7,1,2,expert_input,11,5675
CP8EP1,7,1,2,expert_input,12,3
CP8EP1,7,1,2,expert_input,13,1462
CP8EP1,7,1,2,expert_input,14,71
CP8EP1,7,1,2,expert_input,15,3842
CP8EP1,7,1,2,expert_input,16,2
CP8EP1,7,1,2,expert_input,17,810
CP8EP1,7,1,2,expert_input,18,5
CP8EP1,7,1,2,expert_input,19,3
CP8EP1,7,1,2,expert_input,20,7
CP8EP1,7,1,2,expert_input,21,4
CP8EP1,7,1,2,expert_input,22,14
CP8EP1,7,1,2,expert_input,23,10
CP8EP1,7,1,2,expert_input,24,0
CP8EP1,7,1,2,expert_input,25,0
CP8EP1,7,1,2,expert_input,26,9013
CP8EP1,7,1,2,expert_input,27,499
CP8EP1,7,1,2,expert_input,28,5683
CP8EP1,7,1,2,expert_input,29,0
CP8EP1,7,1,2,expert_input,30,13
CP8EP1,7,1,2,expert_input,31,0
CP8EP1,7,1,2,expert_input,32,6
CP8EP1,7,1,2,expert_input,33,0
CP8EP1,7,1,2,expert_input,34,23
CP8EP1,7,1,2,expert_input,35,0
CP8EP1,7,1,2,expert_input,36,1
CP8EP1,7,1,2,expert_input,37,3236
CP8EP1,7,1,2,expert_input,38,0
CP8EP1,7,1,2,expert_input,39,0
CP8EP1,7,1,2,expert_input,40,1
CP8EP1,7,1,2,expert_input,41,9913
CP8EP1,7,1,2,expert_input,42,4
CP8EP1,7,1,2,expert_input,43,0
CP8EP1,7,1,2,expert_input,44,0
CP8EP1,7,1,2,expert_input,45,45
CP8EP1,7,1,2,expert_input,46,0
CP8EP1,7,1,2,expert_input,47,12
CP8EP1,7,1,2,expert_input,48,0
CP8EP1,7,1,2,expert_input,49,0
CP8EP1,7,1,2,expert_input,50,22
CP8EP1,7,1,2,expert_input,51,1
CP8EP1,7,1,2,expert_input,52,4
CP8EP1,7,1,2,expert_input,53,2
CP8EP1,7,1,2,expert_input,54,50
CP8EP1,7,1,2,expert_input,55,0
CP8EP1,7,1,2,expert_input,56,11
CP8EP1,7,1,2,expert_input,57,674
CP8EP1,7,1,2,expert_input,58,30
CP8EP1,7,1,2,expert_input,59,4
CP8EP1,7,1,2,expert_input,60,0
CP8EP1,7,1,2,expert_input,61,90
CP8EP1,7,1,2,expert_input,62,1092
CP8EP1,7,1,2,expert_input,63,62
CP8EP1,7,1,2,expert_input,64,0
CP8EP1,7,1,2,expert_input,65,1
CP8EP1,7,1,2,expert_input,66,29
CP8EP1,7,1,2,expert_input,67,0
CP8EP1,7,1,2,expert_input,68,1
CP8EP1,7,1,2,expert_input,69,1
CP8EP1,7,1,2,expert_input,70,4
CP8EP1,7,1,2,expert_input,71,3
CP8EP1,7,1,2,expert_input,72,166
CP8EP1,7,1,2,expert_input,73,2
CP8EP1,7,1,2,expert_input,74,5
CP8EP1,7,1,2,expert_input,75,2
CP8EP1,7,1,2,expert_input,76,3
CP8EP1,7,1,2,expert_input,77,12
CP8EP1,7,1,2,expert_input,78,867
CP8EP1,7,1,2,expert_input,79,3
CP8EP1,7,1,2,expert_input,80,4
CP8EP1,7,1,2,expert_input,81,81
CP8EP1,7,1,2,expert_input,82,4073
CP8EP1,7,1,2,expert_input,83,2092
CP8EP1,7,1,2,expert_input,84,0
CP8EP1,7,1,2,expert_input,85,0
CP8EP1,7,1,2,expert_input,86,0
CP8EP1,7,1,2,expert_input,87,146
CP8EP1,7,1,2,expert_input,88,2
CP8EP1,7,1,2,expert_input,89,315
CP8EP1,7,1,2,expert_input,90,1795
CP8EP1,7,1,2,expert_input,91,33
CP8EP1,7,1,2,expert_input,92,0
CP8EP1,7,1,2,expert_input,93,201
CP8EP1,7,1,2,expert_input,94,28
CP8EP1,7,1,2,expert_input,95,64
CP8EP1,7,1,2,expert_input,96,0
CP8EP1,7,1,2,expert_input,97,6
CP8EP1,7,1,2,expert_input,98,2339
CP8EP1,7,1,2,expert_input,99,10
CP8EP1,7,1,2,expert_input,100,1406
CP8EP1,7,1,2,expert_input,101,4
CP8EP1,7,1,2,expert_input,102,368
CP8EP1,7,1,2,expert_input,103,0
CP8EP1,7,1,2,expert_input,104,0
CP8EP1,7,1,2,expert_input,105,0
CP8EP1,7,1,2,expert_input,106,0
CP8EP1,7,1,2,expert_input,107,24
CP8EP1,7,1,2,expert_input,108,0
CP8EP1,7,1,2,expert_input,109,6
CP8EP1,7,1,2,expert_input,110,7
CP8EP1,7,1,2,expert_input,111,5
CP8EP1,7,1,2,expert_input,112,2
CP8EP1,7,1,2,expert_input,113,0
CP8EP1,7,1,2,expert_input,114,11
CP8EP1,7,1,2,expert_input,115,2
CP8EP1,7,1,2,expert_input,116,1
CP8EP1,7,1,2,expert_input,117,4429
CP8EP1,7,1,2,expert_input,118,1
CP8EP1,7,1,2,expert_input,119,0
CP8EP1,7,1,2,expert_input,120,8
CP8EP1,7,1,2,expert_input,121,0
CP8EP1,7,1,2,expert_input,122,6
CP8EP1,7,1,2,expert_input,123,44
CP8EP1,7,1,2,expert_input,124,0
CP8EP1,7,1,2,expert_input,125,25
CP8EP1,7,1,2,expert_input,126,3
CP8EP1,7,1,2,expert_input,127,36
CP8EP1,7,1,2,expert_input,128,49
CP8EP1,7,1,2,expert_input,129,59
CP8EP1,7,1,2,expert_input,130,0
CP8EP1,7,1,2,expert_input,131,32
CP8EP1,7,1,2,expert_input,132,0
CP8EP1,7,1,2,expert_input,133,0
CP8EP1,7,1,2,expert_input,134,0
CP8EP1,7,1,2,expert_input,135,27
CP8EP1,7,1,2,expert_input,136,2
CP8EP1,7,1,2,expert_input,137,0
CP8EP1,7,1,2,expert_input,138,4
CP8EP1,7,1,2,expert_input,139,61
CP8EP1,7,1,2,expert_input,140,92
CP8EP1,7,1,2,expert_input,141,2
CP8EP1,7,1,2,expert_input,142,0
CP8EP1,7,1,2,expert_input,143,2
CP8EP1,7,1,2,expert_input,144,0
CP8EP1,7,1,2,expert_input,145,21
CP8EP1,7,1,2,expert_input,146,0
CP8EP1,7,1,2,expert_input,147,95
CP8EP1,7,1,2,expert_input,148,7
CP8EP1,7,1,2,expert_input,149,11
CP8EP1,7,1,2,expert_input,150,2
CP8EP1,7,1,2,expert_input,151,0
CP8EP1,7,1,2,expert_input,152,3468
CP8EP1,7,1,2,expert_input,153,0
CP8EP1,7,1,2,expert_input,154,0
CP8EP1,7,1,2,expert_input,155,0
CP8EP1,7,1,2,expert_input,156,3
CP8EP1,7,1,2,expert_input,157,727
CP8EP1,7,1,2,expert_input,158,1289
CP8EP1,7,1,2,expert_input,159,0
CP8EP1,7,1,2,expert_input,160,144
CP8EP1,7,1,2,expert_input,161,1783
CP8EP1,7,1,2,expert_input,162,0
CP8EP1,7,1,2,expert_input,163,1553
CP8EP1,7,1,2,expert_input,164,0
CP8EP1,7,1,2,expert_input,165,0
CP8EP1,7,1,2,expert_input,166,8177
CP8EP1,7,1,2,expert_input,167,1335
CP8EP1,7,1,2,expert_input,168,1
CP8EP1,7,1,2,expert_input,169,18
CP8EP1,7,1,2,expert_input,170,6
CP8EP1,7,1,2,expert_input,171,3
CP8EP1,7,1,2,expert_input,172,198
CP8EP1,7,1,2,expert_input,173,0
CP8EP1,7,1,2,expert_input,174,3932
CP8EP1,7,1,2,expert_input,175,146
CP8EP1,7,1,2,expert_input,176,0
CP8EP1,7,1,2,expert_input,177,2732
CP8EP1,7,1,2,expert_input,178,0
CP8EP1,7,1,2,expert_input,179,18
CP8EP1,7,1,2,expert_input,180,26
CP8EP1,7,1,2,expert_input,181,8
CP8EP1,7,1,2,expert_input,182,0
CP8EP1,7,1,2,expert_input,183,23
CP8EP1,7,1,2,expert_input,184,5
CP8EP1,7,1,2,expert_input,185,2782
CP8EP1,7,1,2,expert_input,186,2958
CP8EP1,7,1,2,expert_input,187,6
CP8EP1,7,1,2,expert_input,188,3
CP8EP1,7,1,2,expert_input,189,0
CP8EP1,7,1,2,expert_input,190,735
CP8EP1,7,1,2,expert_input,191,360
CP8EP1,7,1,2,expert_input,192,6
CP8EP1,7,1,2,expert_input,193,4102
CP8EP1,7,1,2,expert_input,194,0
CP8EP1,7,1,2,expert_input,195,2
CP8EP1,7,1,2,expert_input,196,12
CP8EP1,7,1,2,expert_input,197,0
CP8EP1,7,1,2,expert_input,198,2
CP8EP1,7,1,2,expert_input,199,949
CP8EP1,7,1,2,expert_input,200,6
CP8EP1,7,1,2,expert_input,201,124
CP8EP1,7,1,2,expert_input,202,1
CP8EP1,7,1,2,expert_input,203,18
CP8EP1,7,1,2,expert_input,204,0
CP8EP1,7,1,2,expert_input,205,27
CP8EP1,7,1,2,expert_input,206,2817
CP8EP1,7,1,2,expert_input,207,0
CP8EP1,7,1,2,expert_input,208,12
CP8EP1,7,1,2,expert_input,209,4
CP8EP1,7,1,2,expert_input,210,0
CP8EP1,7,1,2,expert_input,211,97
CP8EP1,7,1,2,expert_input,212,14
CP8EP1,7,1,2,expert_input,213,1089
CP8EP1,7,1,2,expert_input,214,79
CP8EP1,7,1,2,expert_input,215,434
CP8EP1,7,1,2,expert_input,216,0
CP8EP1,7,1,2,expert_input,217,1587
CP8EP1,7,1,2,expert_input,218,2988
CP8EP1,7,1,2,expert_input,219,0
CP8EP1,7,1,2,expert_input,220,23
CP8EP1,7,1,2,expert_input,221,1
CP8EP1,7,1,2,expert_input,222,0
CP8EP1,7,1,2,expert_input,223,4079
CP8EP1,7,1,2,expert_input,224,14
CP8EP1,7,1,2,expert_input,225,0
CP8EP1,7,1,2,expert_input,226,2
CP8EP1,7,1,2,expert_input,227,448
CP8EP1,7,1,2,expert_input,228,2
CP8EP1,7,1,2,expert_input,229,0
CP8EP1,7,1,2,expert_input,230,0
CP8EP1,7,1,2,expert_input,231,0
CP8EP1,7,1,2,expert_input,232,0
CP8EP1,7,1,2,expert_input,233,9257
CP8EP1,7,1,2,expert_input,234,0
CP8EP1,7,1,2,expert_input,235,0
CP8EP1,7,1,2,expert_input,236,28
CP8EP1,7,1,2,expert_input,237,1625
CP8EP1,7,1,2,expert_input,238,1144
CP8EP1,7,1,2,expert_input,239,0
CP8EP1,7,1,2,expert_input,240,2
CP8EP1,7,1,2,expert_input,241,0
CP8EP1,7,1,2,expert_input,242,1176
CP8EP1,7,1,2,expert_input,243,5
CP8EP1,7,1,2,expert_input,244,0
CP8EP1,7,1,2,expert_input,245,7
CP8EP1,7,1,2,expert_input,246,12
CP8EP1,7,1,2,expert_input,247,1
CP8EP1,7,1,2,expert_input,248,212
CP8EP1,7,1,2,expert_input,249,4
CP8EP1,7,1,2,expert_input,250,111
CP8EP1,7,1,2,expert_input,251,2
CP8EP1,7,1,2,expert_input,252,0
CP8EP1,7,1,2,expert_input,253,1
CP8EP1,7,1,2,expert_input,254,65
CP8EP1,7,1,2,expert_input,255,4
CP8EP1,7,2,3,router,0,837
CP8EP1,7,2,3,router,1,118
CP8EP1,7,2,3,router,2,38
CP8EP1,7,2,3,router,3,704
CP8EP1,7,2,3,router,4,1661
CP8EP1,7,2,3,router,5,89
CP8EP1,7,2,3,router,6,2
CP8EP1,7,2,3,router,7,3058
CP8EP1,7,2,3,router,8,440
CP8EP1,7,2,3,router,9,54
CP8EP1,7,2,3,router,10,1027
CP8EP1,7,2,3,router,11,26
CP8EP1,7,2,3,router,12,1847
CP8EP1,7,2,3,router,13,28
CP8EP1,7,2,3,router,14,1992
CP8EP1,7,2,3,router,15,1
CP8EP1,7,2,3,router,16,644
CP8EP1,7,2,3,router,17,1153
CP8EP1,7,2,3,router,18,0
CP8EP1,7,2,3,router,19,668
CP8EP1,7,2,3,router,20,206
CP8EP1,7,2,3,router,21,3
CP8EP1,7,2,3,router,22,242
CP8EP1,7,2,3,router,23,2707
CP8EP1,7,2,3,router,24,0
CP8EP1,7,2,3,router,25,315
CP8EP1,7,2,3,router,26,639
CP8EP1,7,2,3,router,27,6
CP8EP1,7,2,3,router,28,0
CP8EP1,7,2,3,router,29,186
CP8EP1,7,2,3,router,30,1576
CP8EP1,7,2,3,router,31,5
CP8EP1,7,2,3,router,32,1325
CP8EP1,7,2,3,router,33,244
CP8EP1,7,2,3,router,34,44
CP8EP1,7,2,3,router,35,529
CP8EP1,7,2,3,router,36,21
CP8EP1,7,2,3,router,37,167
CP8EP1,7,2,3,router,38,0
CP8EP1,7,2,3,router,39,535
CP8EP1,7,2,3,router,40,253
CP8EP1,7,2,3,router,41,580
CP8EP1,7,2,3,router,42,105
CP8EP1,7,2,3,router,43,17
CP8EP1,7,2,3,router,44,1
CP8EP1,7,2,3,router,45,6
CP8EP1,7,2,3,router,46,638
CP8EP1,7,2,3,router,47,26
CP8EP1,7,2,3,router,48,3
CP8EP1,7,2,3,router,49,174
CP8EP1,7,2,3,router,50,0
CP8EP1,7,2,3,router,51,393
CP8EP1,7,2,3,router,52,2
CP8EP1,7,2,3,router,53,8
CP8EP1,7,2,3,router,54,36
CP8EP1,7,2,3,router,55,0
CP8EP1,7,2,3,router,56,1909
CP8EP1,7,2,3,router,57,734
CP8EP1,7,2,3,router,58,425
CP8EP1,7,2,3,router,59,1552
CP8EP1,7,2,3,router,60,2099
CP8EP1,7,2,3,router,61,553
CP8EP1,7,2,3,router,62,960
CP8EP1,7,2,3,router,63,503
CP8EP1,7,2,3,router,64,108
CP8EP1,7,2,3,router,65,185
CP8EP1,7,2,3,router,66,4
CP8EP1,7,2,3,router,67,154
CP8EP1,7,2,3,router,68,55
CP8EP1,7,2,3,router,69,516
CP8EP1,7,2,3,router,70,1897
CP8EP1,7,2,3,router,71,602
CP8EP1,7,2,3,router,72,944
CP8EP1,7,2,3,router,73,1975
CP8EP1,7,2,3,router,74,737
CP8EP1,7,2,3,router,75,337
CP8EP1,7,2,3,router,76,116
CP8EP1,7,2,3,router,77,1444
CP8EP1,7,2,3,router,78,3
CP8EP1,7,2,3,router,79,7
CP8EP1,7,2,3,router,80,2440
CP8EP1,7,2,3,router,81,1131
CP8EP1,7,2,3,router,82,8
CP8EP1,7,2,3,router,83,2063
CP8EP1,7,2,3,router,84,88
CP8EP1,7,2,3,router,85,8
CP8EP1,7,2,3,router,86,33
CP8EP1,7,2,3,router,87,1204
CP8EP1,7,2,3,router,88,701
CP8EP1,7,2,3,router,89,350
CP8EP1,7,2,3,router,90,0
CP8EP1,7,2,3,router,91,3
CP8EP1,7,2,3,router,92,596
CP8EP1,7,2,3,router,93,574
CP8EP1,7,2,3,router,94,0
CP8EP1,7,2,3,router,95,50
CP8EP1,7,2,3,router,96,484
CP8EP1,7,2,3,router,97,1942
CP8EP1,7,2,3,router,98,136
CP8EP1,7,2,3,router,99,429
CP8EP1,7,2,3,router,100,1220
CP8EP1,7,2,3,router,101,1
CP8EP1,7,2,3,router,102,0
CP8EP1,7,2,3,router,103,11
CP8EP1,7,2,3,router,104,771
CP8EP1,7,2,3,router,105,176
CP8EP1,7,2,3,router,106,575
CP8EP1,7,2,3,router,107,500
CP8EP1,7,2,3,router,108,555
CP8EP1,7,2,3,router,109,0
CP8EP1,7,2,3,router,110,0
CP8EP1,7,2,3,router,111,191
CP8EP1,7,2,3,router,112,1340
CP8EP1,7,2,3,router,113,530
CP8EP1,7,2,3,router,114,62
CP8EP1,7,2,3,router,115,630
CP8EP1,7,2,3,router,116,426
CP8EP1,7,2,3,router,117,63
CP8EP1,7,2,3,router,118,117
CP8EP1,7,2,3,router,119,42
CP8EP1,7,2,3,router,120,78
CP8EP1,7,2,3,router,121,441
CP8EP1,7,2,3,router,122,600
CP8EP1,7,2,3,router,123,326
CP8EP1,7,2,3,router,124,162
CP8EP1,7,2,3,router,125,0
CP8EP1,7,2,3,router,126,1
CP8EP1,7,2,3,router,127,1591
CP8EP1,7,2,3,router,128,740
CP8EP1,7,2,3,router,129,83
CP8EP1,7,2,3,router,130,3
CP8EP1,7,2,3,router,131,227
CP8EP1,7,2,3,router,132,726
CP8EP1,7,2,3,router,133,251
CP8EP1,7,2,3,router,134,2393
CP8EP1,7,2,3,router,135,235
CP8EP1,7,2,3,router,136,0
CP8EP1,7,2,3,router,137,290
CP8EP1,7,2,3,router,138,67
CP8EP1,7,2,3,router,139,136
CP8EP1,7,2,3,router,140,282
CP8EP1,7,2,3,router,141,442
CP8EP1,7,2,3,router,142,5
CP8EP1,7,2,3,router,143,50
CP8EP1,7,2,3,router,144,822
CP8EP1,7,2,3,router,145,806
CP8EP1,7,2,3,router,146,337
CP8EP1,7,2,3,router,147,304
CP8EP1,7,2,3,router,148,33
CP8EP1,7,2,3,router,149,639
CP8EP1,7,2,3,router,150,187
CP8EP1,7,2,3,router,151,1407
CP8EP1,7,2,3,router,152,8
CP8EP1,7,2,3,router,153,8
CP8EP1,7,2,3,router,154,3662
CP8EP1,7,2,3,router,155,1082
CP8EP1,7,2,3,router,156,0
CP8EP1,7,2,3,router,157,825
CP8EP1,7,2,3,router,158,779
CP8EP1,7,2,3,router,159,3440
CP8EP1,7,2,3,router,160,82
CP8EP1,7,2,3,router,161,3473
CP8EP1,7,2,3,router,162,643
CP8EP1,7,2,3,router,163,0
CP8EP1,7,2,3,router,164,594
CP8EP1,7,2,3,router,165,359
CP8EP1,7,2,3,router,166,1280
CP8EP1,7,2,3,router,167,148
CP8EP1,7,2,3,router,168,286
CP8EP1,7,2,3,router,169,754
CP8EP1,7,2,3,router,170,353
CP8EP1,7,2,3,router,171,2428
CP8EP1,7,2,3,router,172,8
CP8EP1,7,2,3,router,173,4
CP8EP1,7,2,3,router,174,1036
CP8EP1,7,2,3,router,175,20
CP8EP1,7,2,3,router,176,857
CP8EP1,7,2,3,router,177,7
CP8EP1,7,2,3,router,178,568
CP8EP1,7,2,3,router,179,592
CP8EP1,7,2,3,router,180,7
CP8EP1,7,2,3,router,181,0
CP8EP1,7,2,3,router,182,0
CP8EP1,7,2,3,router,183,113
CP8EP1,7,2,3,router,184,49
CP8EP1,7,2,3,router,185,182
CP8EP1,7,2,3,router,186,1
CP8EP1,7,2,3,router,187,575
CP8EP1,7,2,3,router,188,46
CP8EP1,7,2,3,router,189,63
CP8EP1,7,2,3,router,190,1003
CP8EP1,7,2,3,router,191,694
CP8EP1,7,2,3,router,192,911
CP8EP1,7,2,3,router,193,525
CP8EP1,7,2,3,router,194,0
CP8EP1,7,2,3,router,195,1040
CP8EP1,7,2,3,router,196,381
CP8EP1,7,2,3,router,197,18
CP8EP1,7,2,3,router,198,0
CP8EP1,7,2,3,router,199,0
CP8EP1,7,2,3,router,200,873
CP8EP1,7,2,3,router,201,115
CP8EP1,7,2,3,router,202,49
CP8EP1,7,2,3,router,203,911
CP8EP1,7,2,3,router,204,10
CP8EP1,7,2,3,router,205,11
CP8EP1,7,2,3,router,206,1291
CP8EP1,7,2,3,router,207,206
CP8EP1,7,2,3,router,208,1051
CP8EP1,7,2,3,router,209,113
CP8EP1,7,2,3,router,210,2291
CP8EP1,7,2,3,router,211,59
CP8EP1,7,2,3,router,212,46
CP8EP1,7,2,3,router,213,0
CP8EP1,7,2,3,router,214,20
CP8EP1,7,2,3,router,215,188
CP8EP1,7,2,3,router,216,51
CP8EP1,7,2,3,router,217,0
CP8EP1,7,2,3,router,218,215
CP8EP1,7,2,3,router,219,7
CP8EP1,7,2,3,router,220,557
CP8EP1,7,2,3,router,221,8
CP8EP1,7,2,3,router,222,547
CP8EP1,7,2,3,router,223,1468
CP8EP1,7,2,3,router,224,66
CP8EP1,7,2,3,router,225,1278
CP8EP1,7,2,3,router,226,337
CP8EP1,7,2,3,router,227,3
CP8EP1,7,2,3,router,228,221
CP8EP1,7,2,3,router,229,2810
CP8EP1,7,2,3,router,230,660
CP8EP1,7,2,3,router,231,2
CP8EP1,7,2,3,router,232,181
CP8EP1,7,2,3,router,233,0
CP8EP1,7,2,3,router,234,1164
CP8EP1,7,2,3,router,235,425
CP8EP1,7,2,3,router,236,668
CP8EP1,7,2,3,router,237,410
CP8EP1,7,2,3,router,238,629
CP8EP1,7,2,3,router,239,694
CP8EP1,7,2,3,router,240,87
CP8EP1,7,2,3,router,241,752
CP8EP1,7,2,3,router,242,1
CP8EP1,7,2,3,router,243,26
CP8EP1,7,2,3,router,244,161
CP8EP1,7,2,3,router,245,0
CP8EP1,7,2,3,router,246,272
CP8EP1,7,2,3,router,247,896
CP8EP1,7,2,3,router,248,0
CP8EP1,7,2,3,router,249,255
CP8EP1,7,2,3,router,250,1829
CP8EP1,7,2,3,router,251,0
CP8EP1,7,2,3,router,252,1377
CP8EP1,7,2,3,router,253,157
CP8EP1,7,2,3,router,254,60
CP8EP1,7,2,3,router,255,348
CP8EP1,7,2,3,expert_input,0,837
CP8EP1,7,2,3,expert_input,1,118
CP8EP1,7,2,3,expert_input,2,38
CP8EP1,7,2,3,expert_input,3,704
CP8EP1,7,2,3,expert_input,4,1661
CP8EP1,7,2,3,expert_input,5,89
CP8EP1,7,2,3,expert_input,6,2
CP8EP1,7,2,3,expert_input,7,3058
CP8EP1,7,2,3,expert_input,8,440
CP8EP1,7,2,3,expert_input,9,54
CP8EP1,7,2,3,expert_input,10,1027
CP8EP1,7,2,3,expert_input,11,26
CP8EP1,7,2,3,expert_input,12,1847
CP8EP1,7,2,3,expert_input,13,28
CP8EP1,7,2,3,expert_input,14,1992
CP8EP1,7,2,3,expert_input,15,1
CP8EP1,7,2,3,expert_input,16,644
CP8EP1,7,2,3,expert_input,17,1153
CP8EP1,7,2,3,expert_input,18,0
CP8EP1,7,2,3,expert_input,19,668
CP8EP1,7,2,3,expert_input,20,206
CP8EP1,7,2,3,expert_input,21,3
CP8EP1,7,2,3,expert_input,22,242
CP8EP1,7,2,3,expert_input,23,2707
CP8EP1,7,2,3,expert_input,24,0
CP8EP1,7,2,3,expert_input,25,315
CP8EP1,7,2,3,expert_input,26,639
CP8EP1,7,2,3,expert_input,27,6
CP8EP1,7,2,3,expert_input,28,0
CP8EP1,7,2,3,expert_input,29,186
CP8EP1,7,2,3,expert_input,30,1576
CP8EP1,7,2,3,expert_input,31,5
CP8EP1,7,2,3,expert_input,32,1325
CP8EP1,7,2,3,expert_input,33,244
CP8EP1,7,2,3,expert_input,34,44
CP8EP1,7,2,3,expert_input,35,529
CP8EP1,7,2,3,expert_input,36,21
CP8EP1,7,2,3,expert_input,37,167
CP8EP1,7,2,3,expert_input,38,0
CP8EP1,7,2,3,expert_input,39,535
CP8EP1,7,2,3,expert_input,40,253
CP8EP1,7,2,3,expert_input,41,580
CP8EP1,7,2,3,expert_input,42,105
CP8EP1,7,2,3,expert_input,43,17
CP8EP1,7,2,3,expert_input,44,1
CP8EP1,7,2,3,expert_input,45,6
CP8EP1,7,2,3,expert_input,46,638
CP8EP1,7,2,3,expert_input,47,26
CP8EP1,7,2,3,expert_input,48,3
CP8EP1,7,2,3,expert_input,49,174
CP8EP1,7,2,3,expert_input,50,0
CP8EP1,7,2,3,expert_input,51,393
CP8EP1,7,2,3,expert_input,52,2
CP8EP1,7,2,3,expert_input,53,8
CP8EP1,7,2,3,expert_input,54,36
CP8EP1,7,2,3,expert_input,55,0
CP8EP1,7,2,3,expert_input,56,1909
CP8EP1,7,2,3,expert_input,57,734
CP8EP1,7,2,3,expert_input,58,425
CP8EP1,7,2,3,expert_input,59,1552
CP8EP1,7,2,3,expert_input,60,2099
CP8EP1,7,2,3,expert_input,61,553
CP8EP1,7,2,3,expert_input,62,960
CP8EP1,7,2,3,expert_input,63,503
CP8EP1,7,2,3,expert_input,64,108
CP8EP1,7,2,3,expert_input,65,185
CP8EP1,7,2,3,expert_input,66,4
CP8EP1,7,2,3,expert_input,67,154
CP8EP1,7,2,3,expert_input,68,55
CP8EP1,7,2,3,expert_input,69,516
CP8EP1,7,2,3,expert_input,70,1897
CP8EP1,7,2,3,expert_input,71,602
CP8EP1,7,2,3,expert_input,72,944
CP8EP1,7,2,3,expert_input,73,1975
CP8EP1,7,2,3,expert_input,74,737
CP8EP1,7,2,3,expert_input,75,337
CP8EP1,7,2,3,expert_input,76,116
CP8EP1,7,2,3,expert_input,77,1444
CP8EP1,7,2,3,expert_input,78,3
CP8EP1,7,2,3,expert_input,79,7
CP8EP1,7,2,3,expert_input,80,2440
CP8EP1,7,2,3,expert_input,81,1131
CP8EP1,7,2,3,expert_input,82,8
CP8EP1,7,2,3,expert_input,83,2063
CP8EP1,7,2,3,expert_input,84,88
CP8EP1,7,2,3,expert_input,85,8
CP8EP1,7,2,3,expert_input,86,33
CP8EP1,7,2,3,expert_input,87,1204
CP8EP1,7,2,3,expert_input,88,701
CP8EP1,7,2,3,expert_input,89,350
CP8EP1,7,2,3,expert_input,90,0
CP8EP1,7,2,3,expert_input,91,3
CP8EP1,7,2,3,expert_input,92,596
CP8EP1,7,2,3,expert_input,93,574
CP8EP1,7,2,3,expert_input,94,0
CP8EP1,7,2,3,expert_input,95,50
CP8EP1,7,2,3,expert_input,96,484
CP8EP1,7,2,3,expert_input,97,1942
CP8EP1,7,2,3,expert_input,98,136
CP8EP1,7,2,3,expert_input,99,429
CP8EP1,7,2,3,expert_input,100,1220
CP8EP1,7,2,3,expert_input,101,1
CP8EP1,7,2,3,expert_input,102,0
CP8EP1,7,2,3,expert_input,103,11
CP8EP1,7,2,3,expert_input,104,771
CP8EP1,7,2,3,expert_input,105,176
CP8EP1,7,2,3,expert_input,106,575
CP8EP1,7,2,3,expert_input,107,500
CP8EP1,7,2,3,expert_input,108,555
CP8EP1,7,2,3,expert_input,109,0
CP8EP1,7,2,3,expert_input,110,0
CP8EP1,7,2,3,expert_input,111,191
CP8EP1,7,2,3,expert_input,112,1340
CP8EP1,7,2,3,expert_input,113,530
CP8EP1,7,2,3,expert_input,114,62
CP8EP1,7,2,3,expert_input,115,630
CP8EP1,7,2,3,expert_input,116,426
CP8EP1,7,2,3,expert_input,117,63
CP8EP1,7,2,3,expert_input,118,117
CP8EP1,7,2,3,expert_input,119,42
CP8EP1,7,2,3,expert_input,120,78
CP8EP1,7,2,3,expert_input,121,441
CP8EP1,7,2,3,expert_input,122,600
CP8EP1,7,2,3,expert_input,123,326
CP8EP1,7,2,3,expert_input,124,162
CP8EP1,7,2,3,expert_input,125,0
CP8EP1,7,2,3,expert_input,126,1
CP8EP1,7,2,3,expert_input,127,1591
CP8EP1,7,2,3,expert_input,128,740
CP8EP1,7,2,3,expert_input,129,83
CP8EP1,7,2,3,expert_input,130,3
CP8EP1,7,2,3,expert_input,131,227
CP8EP1,7,2,3,expert_input,132,726
CP8EP1,7,2,3,expert_input,133,251
CP8EP1,7,2,3,expert_input,134,2393
CP8EP1,7,2,3,expert_input,135,235
CP8EP1,7,2,3,expert_input,136,0
CP8EP1,7,2,3,expert_input,137,290
CP8EP1,7,2,3,expert_input,138,67
CP8EP1,7,2,3,expert_input,139,136
CP8EP1,7,2,3,expert_input,140,282
CP8EP1,7,2,3,expert_input,141,442
CP8EP1,7,2,3,expert_input,142,5
CP8EP1,7,2,3,expert_input,143,50
CP8EP1,7,2,3,expert_input,144,822
CP8EP1,7,2,3,expert_input,145,806
CP8EP1,7,2,3,expert_input,146,337
CP8EP1,7,2,3,expert_input,147,304
CP8EP1,7,2,3,expert_input,148,33
CP8EP1,7,2,3,expert_input,149,639
CP8EP1,7,2,3,expert_input,150,187
CP8EP1,7,2,3,expert_input,151,1407
CP8EP1,7,2,3,expert_input,152,8
CP8EP1,7,2,3,expert_input,153,8
CP8EP1,7,2,3,expert_input,154,3662
CP8EP1,7,2,3,expert_input,155,1082
CP8EP1,7,2,3,expert_input,156,0
CP8EP1,7,2,3,expert_input,157,825
CP8EP1,7,2,3,expert_input,158,779
CP8EP1,7,2,3,expert_input,159,3440
CP8EP1,7,2,3,expert_input,160,82
CP8EP1,7,2,3,expert_input,161,3473
CP8EP1,7,2,3,expert_input,162,643
CP8EP1,7,2,3,expert_input,163,0
CP8EP1,7,2,3,expert_input,164,594
CP8EP1,7,2,3,expert_input,165,359
CP8EP1,7,2,3,expert_input,166,1280
CP8EP1,7,2,3,expert_input,167,148
CP8EP1,7,2,3,expert_input,168,286
CP8EP1,7,2,3,expert_input,169,754
CP8EP1,7,2,3,expert_input,170,353
CP8EP1,7,2,3,expert_input,171,2428
CP8EP1,7,2,3,expert_input,172,8
CP8EP1,7,2,3,expert_input,173,4
CP8EP1,7,2,3,expert_input,174,1036
CP8EP1,7,2,3,expert_input,175,20
CP8EP1,7,2,3,expert_input,176,857
CP8EP1,7,2,3,expert_input,177,7
CP8EP1,7,2,3,expert_input,178,568
CP8EP1,7,2,3,expert_input,179,592
CP8EP1,7,2,3,expert_input,180,7
CP8EP1,7,2,3,expert_input,181,0
CP8EP1,7,2,3,expert_input,182,0
CP8EP1,7,2,3,expert_input,183,113
CP8EP1,7,2,3,expert_input,184,49
CP8EP1,7,2,3,expert_input,185,182
CP8EP1,7,2,3,expert_input,186,1
CP8EP1,7,2,3,expert_input,187,575
CP8EP1,7,2,3,expert_input,188,46
CP8EP1,7,2,3,expert_input,189,63
CP8EP1,7,2,3,expert_input,190,1003
CP8EP1,7,2,3,expert_input,191,694
CP8EP1,7,2,3,expert_input,192,911
CP8EP1,7,2,3,expert_input,193,525
CP8EP1,7,2,3,expert_input,194,0
CP8EP1,7,2,3,expert_input,195,1040
CP8EP1,7,2,3,expert_input,196,381
CP8EP1,7,2,3,expert_input,197,18
CP8EP1,7,2,3,expert_input,198,0
CP8EP1,7,2,3,expert_input,199,0
CP8EP1,7,2,3,expert_input,200,873
CP8EP1,7,2,3,expert_input,201,115
CP8EP1,7,2,3,expert_input,202,49
CP8EP1,7,2,3,expert_input,203,911
CP8EP1,7,2,3,expert_input,204,10
CP8EP1,7,2,3,expert_input,205,11
CP8EP1,7,2,3,expert_input,206,1291
CP8EP1,7,2,3,expert_input,207,206
CP8EP1,7,2,3,expert_input,208,1051
CP8EP1,7,2,3,expert_input,209,113
CP8EP1,7,2,3,expert_input,210,2291
CP8EP1,7,2,3,expert_input,211,59
CP8EP1,7,2,3,expert_input,212,46
CP8EP1,7,2,3,expert_input,213,0
CP8EP1,7,2,3,expert_input,214,20
CP8EP1,7,2,3,expert_input,215,188
CP8EP1,7,2,3,expert_input,216,51
CP8EP1,7,2,3,expert_input,217,0
CP8EP1,7,2,3,expert_input,218,215
CP8EP1,7,2,3,expert_input,219,7
CP8EP1,7,2,3,expert_input,220,557
CP8EP1,7,2,3,expert_input,221,8
CP8EP1,7,2,3,expert_input,222,547
CP8EP1,7,2,3,expert_input,223,1468
CP8EP1,7,2,3,expert_input,224,66
CP8EP1,7,2,3,expert_input,225,1278
CP8EP1,7,2,3,expert_input,226,337
CP8EP1,7,2,3,expert_input,227,3
CP8EP1,7,2,3,expert_input,228,221
CP8EP1,7,2,3,expert_input,229,2810
CP8EP1,7,2,3,expert_input,230,660
CP8EP1,7,2,3,expert_input,231,2
CP8EP1,7,2,3,expert_input,232,181
CP8EP1,7,2,3,expert_input,233,0
CP8EP1,7,2,3,expert_input,234,1164
CP8EP1,7,2,3,expert_input,235,425
CP8EP1,7,2,3,expert_input,236,668
CP8EP1,7,2,3,expert_input,237,410
CP8EP1,7,2,3,expert_input,238,629
CP8EP1,7,2,3,expert_input,239,694
CP8EP1,7,2,3,expert_input,240,87
CP8EP1,7,2,3,expert_input,241,752
CP8EP1,7,2,3,expert_input,242,1
CP8EP1,7,2,3,expert_input,243,26
CP8EP1,7,2,3,expert_input,244,161
CP8EP1,7,2,3,expert_input,245,0
CP8EP1,7,2,3,expert_input,246,272
CP8EP1,7,2,3,expert_input,247,896
CP8EP1,7,2,3,expert_input,248,0
CP8EP1,7,2,3,expert_input,249,255
CP8EP1,7,2,3,expert_input,250,1829
CP8EP1,7,2,3,expert_input,251,0
CP8EP1,7,2,3,expert_input,252,1377
CP8EP1,7,2,3,expert_input,253,157
CP8EP1,7,2,3,expert_input,254,60
CP8EP1,7,2,3,expert_input,255,348
CP8EP8,0,1,2,router,0,302
CP8EP8,0,1,2,router,1,10
CP8EP8,0,1,2,router,2,995
CP8EP8,0,1,2,router,3,2625
CP8EP8,0,1,2,router,4,1
CP8EP8,0,1,2,router,5,804
CP8EP8,0,1,2,router,6,9
CP8EP8,0,1,2,router,7,4
CP8EP8,0,1,2,router,8,7
CP8EP8,0,1,2,router,9,0
CP8EP8,0,1,2,router,10,3
CP8EP8,0,1,2,router,11,5535
CP8EP8,0,1,2,router,12,3
CP8EP8,0,1,2,router,13,1562
CP8EP8,0,1,2,router,14,64
CP8EP8,0,1,2,router,15,3682
CP8EP8,0,1,2,router,16,5
CP8EP8,0,1,2,router,17,817
CP8EP8,0,1,2,router,18,3
CP8EP8,0,1,2,router,19,7
CP8EP8,0,1,2,router,20,5
CP8EP8,0,1,2,router,21,5
CP8EP8,0,1,2,router,22,9
CP8EP8,0,1,2,router,23,9
CP8EP8,0,1,2,router,24,2
CP8EP8,0,1,2,router,25,3
CP8EP8,0,1,2,router,26,8768
CP8EP8,0,1,2,router,27,598
CP8EP8,0,1,2,router,28,6262
CP8EP8,0,1,2,router,29,0
CP8EP8,0,1,2,router,30,9
CP8EP8,0,1,2,router,31,0
CP8EP8,0,1,2,router,32,2
CP8EP8,0,1,2,router,33,0
CP8EP8,0,1,2,router,34,29
CP8EP8,0,1,2,router,35,0
CP8EP8,0,1,2,router,36,2
CP8EP8,0,1,2,router,37,3353
CP8EP8,0,1,2,router,38,4
CP8EP8,0,1,2,router,39,0
CP8EP8,0,1,2,router,40,4
CP8EP8,0,1,2,router,41,9762
CP8EP8,0,1,2,router,42,0
CP8EP8,0,1,2,router,43,1
CP8EP8,0,1,2,router,44,0
CP8EP8,0,1,2,router,45,48
CP8EP8,0,1,2,router,46,0
CP8EP8,0,1,2,router,47,15
CP8EP8,0,1,2,router,48,0
CP8EP8,0,1,2,router,49,0
CP8EP8,0,1,2,router,50,31
CP8EP8,0,1,2,router,51,8
CP8EP8,0,1,2,router,52,5
CP8EP8,0,1,2,router,53,0
CP8EP8,0,1,2,router,54,64
CP8EP8,0,1,2,router,55,0
CP8EP8,0,1,2,router,56,3
CP8EP8,0,1,2,router,57,782
CP8EP8,0,1,2,router,58,36
CP8EP8,0,1,2,router,59,3
CP8EP8,0,1,2,router,60,0
CP8EP8,0,1,2,router,61,137
CP8EP8,0,1,2,router,62,1027
CP8EP8,0,1,2,router,63,51
CP8EP8,0,1,2,router,64,0
CP8EP8,0,1,2,router,65,3
CP8EP8,0,1,2,router,66,33
CP8EP8,0,1,2,router,67,0
CP8EP8,0,1,2,router,68,1
CP8EP8,0,1,2,router,69,1
CP8EP8,0,1,2,router,70,10
CP8EP8,0,1,2,router,71,2
CP8EP8,0,1,2,router,72,194
CP8EP8,0,1,2,router,73,14
CP8EP8,0,1,2,router,74,7
CP8EP8,0,1,2,router,75,1
CP8EP8,0,1,2,router,76,1
CP8EP8,0,1,2,router,77,11
CP8EP8,0,1,2,router,78,898
CP8EP8,0,1,2,router,79,3
CP8EP8,0,1,2,router,80,4
CP8EP8,0,1,2,router,81,114
CP8EP8,0,1,2,router,82,4245
CP8EP8,0,1,2,router,83,2038
CP8EP8,0,1,2,router,84,0
CP8EP8,0,1,2,router,85,0
CP8EP8,0,1,2,router,86,0
CP8EP8,0,1,2,router,87,141
CP8EP8,0,1,2,router,88,0
CP8EP8,0,1,2,router,89,379
CP8EP8,0,1,2,router,90,1659
CP8EP8,0,1,2,router,91,40
CP8EP8,0,1,2,router,92,3
CP8EP8,0,1,2,router,93,207
CP8EP8,0,1,2,router,94,24
CP8EP8,0,1,2,router,95,62
CP8EP8,0,1,2,router,96,1
CP8EP8,0,1,2,router,97,4
CP8EP8,0,1,2,router,98,2323
CP8EP8,0,1,2,router,99,8
CP8EP8,0,1,2,router,100,1522
CP8EP8,0,1,2,router,101,8
CP8EP8,0,1,2,router,102,362
CP8EP8,0,1,2,router,103,1
CP8EP8,0,1,2,router,104,1
CP8EP8,0,1,2,router,105,0
CP8EP8,0,1,2,router,106,0
CP8EP8,0,1,2,router,107,28
CP8EP8,0,1,2,router,108,0
CP8EP8,0,1,2,router,109,9
CP8EP8,0,1,2,router,110,1
CP8EP8,0,1,2,router,111,4
CP8EP8,0,1,2,router,112,2
CP8EP8,0,1,2,router,113,2
CP8EP8,0,1,2,router,114,14
CP8EP8,0,1,2,router,115,3
CP8EP8,0,1,2,router,116,2
CP8EP8,0,1,2,router,117,4343
CP8EP8,0,1,2,router,118,1
CP8EP8,0,1,2,router,119,0
CP8EP8,0,1,2,router,120,2
CP8EP8,0,1,2,router,121,0
CP8EP8,0,1,2,router,122,9
CP8EP8,0,1,2,router,123,52
CP8EP8,0,1,2,router,124,0
CP8EP8,0,1,2,router,125,19
CP8EP8,0,1,2,router,126,0
CP8EP8,0,1,2,router,127,47
CP8EP8,0,1,2,router,128,58
CP8EP8,0,1,2,router,129,55
CP8EP8,0,1,2,router,130,0
CP8EP8,0,1,2,router,131,31
CP8EP8,0,1,2,router,132,0
CP8EP8,0,1,2,router,133,0
CP8EP8,0,1,2,router,134,0
CP8EP8,0,1,2,router,135,27
CP8EP8,0,1,2,router,136,4
CP8EP8,0,1,2,router,137,0
CP8EP8,0,1,2,router,138,2
CP8EP8,0,1,2,router,139,56
CP8EP8,0,1,2,router,140,101
CP8EP8,0,1,2,router,141,0
CP8EP8,0,1,2,router,142,1
CP8EP8,0,1,2,router,143,2
CP8EP8,0,1,2,router,144,0
CP8EP8,0,1,2,router,145,27
CP8EP8,0,1,2,router,146,0
CP8EP8,0,1,2,router,147,53
CP8EP8,0,1,2,router,148,1
CP8EP8,0,1,2,router,149,17
CP8EP8,0,1,2,router,150,1
CP8EP8,0,1,2,router,151,0
CP8EP8,0,1,2,router,152,3376
CP8EP8,0,1,2,router,153,0
CP8EP8,0,1,2,router,154,0
CP8EP8,0,1,2,router,155,0
CP8EP8,0,1,2,router,156,2
CP8EP8,0,1,2,router,157,723
CP8EP8,0,1,2,router,158,1147
CP8EP8,0,1,2,router,159,0
CP8EP8,0,1,2,router,160,160
CP8EP8,0,1,2,router,161,1733
CP8EP8,0,1,2,router,162,0
CP8EP8,0,1,2,router,163,1504
CP8EP8,0,1,2,router,164,0
CP8EP8,0,1,2,router,165,0
CP8EP8,0,1,2,router,166,7993
CP8EP8,0,1,2,router,167,1303
CP8EP8,0,1,2,router,168,0
CP8EP8,0,1,2,router,169,23
CP8EP8,0,1,2,router,170,14
CP8EP8,0,1,2,router,171,6
CP8EP8,0,1,2,router,172,268
CP8EP8,0,1,2,router,173,0
CP8EP8,0,1,2,router,174,3807
CP8EP8,0,1,2,router,175,171
CP8EP8,0,1,2,router,176,0
CP8EP8,0,1,2,router,177,2649
CP8EP8,0,1,2,router,178,0
CP8EP8,0,1,2,router,179,33
CP8EP8,0,1,2,router,180,25
CP8EP8,0,1,2,router,181,22
CP8EP8,0,1,2,router,182,0
CP8EP8,0,1,2,router,183,29
CP8EP8,0,1,2,router,184,8
CP8EP8,0,1,2,router,185,2845
CP8EP8,0,1,2,router,186,2719
CP8EP8,0,1,2,router,187,2
CP8EP8,0,1,2,router,188,1
CP8EP8,0,1,2,router,189,0
CP8EP8,0,1,2,router,190,825
CP8EP8,0,1,2,router,191,401
CP8EP8,0,1,2,router,192,4
CP8EP8,0,1,2,router,193,4136
CP8EP8,0,1,2,router,194,0
CP8EP8,0,1,2,router,195,2
CP8EP8,0,1,2,router,196,14
CP8EP8,0,1,2,router,197,1
CP8EP8,0,1,2,router,198,0
CP8EP8,0,1,2,router,199,947
CP8EP8,0,1,2,router,200,4
CP8EP8,0,1,2,router,201,121
CP8EP8,0,1,2,router,202,2
CP8EP8,0,1,2,router,203,6
CP8EP8,0,1,2,router,204,3
CP8EP8,0,1,2,router,205,18
CP8EP8,0,1,2,router,206,2665
CP8EP8,0,1,2,router,207,3
CP8EP8,0,1,2,router,208,16
CP8EP8,0,1,2,router,209,5
CP8EP8,0,1,2,router,210,0
CP8EP8,0,1,2,router,211,123
CP8EP8,0,1,2,router,212,19
CP8EP8,0,1,2,router,213,1127
CP8EP8,0,1,2,router,214,59
CP8EP8,0,1,2,router,215,515
CP8EP8,0,1,2,router,216,2
CP8EP8,0,1,2,router,217,1974
CP8EP8,0,1,2,router,218,2935
CP8EP8,0,1,2,router,219,0
CP8EP8,0,1,2,router,220,35
CP8EP8,0,1,2,router,221,3
CP8EP8,0,1,2,router,222,0
CP8EP8,0,1,2,router,223,3801
CP8EP8,0,1,2,router,224,12
CP8EP8,0,1,2,router,225,0
CP8EP8,0,1,2,router,226,0
CP8EP8,0,1,2,router,227,442
CP8EP8,0,1,2,router,228,0
CP8EP8,0,1,2,router,229,0
CP8EP8,0,1,2,router,230,0
CP8EP8,0,1,2,router,231,0
CP8EP8,0,1,2,router,232,0
CP8EP8,0,1,2,router,233,9101
CP8EP8,0,1,2,router,234,0
CP8EP8,0,1,2,router,235,1
CP8EP8,0,1,2,router,236,26
CP8EP8,0,1,2,router,237,1637
CP8EP8,0,1,2,router,238,1287
CP8EP8,0,1,2,router,239,0
CP8EP8,0,1,2,router,240,6
CP8EP8,0,1,2,router,241,1
CP8EP8,0,1,2,router,242,1070
CP8EP8,0,1,2,router,243,3
CP8EP8,0,1,2,router,244,1
CP8EP8,0,1,2,router,245,5
CP8EP8,0,1,2,router,246,5
CP8EP8,0,1,2,router,247,6
CP8EP8,0,1,2,router,248,227
CP8EP8,0,1,2,router,249,5
CP8EP8,0,1,2,router,250,63
CP8EP8,0,1,2,router,251,1
CP8EP8,0,1,2,router,252,0
CP8EP8,0,1,2,router,253,6
CP8EP8,0,1,2,router,254,62
CP8EP8,0,1,2,router,255,2
CP8EP8,0,1,2,expert_input,0,2336
CP8EP8,0,1,2,expert_input,1,63
CP8EP8,0,1,2,expert_input,2,7199
CP8EP8,0,1,2,expert_input,3,19730
CP8EP8,0,1,2,expert_input,4,18
CP8EP8,0,1,2,expert_input,5,6696
CP8EP8,0,1,2,expert_input,6,58
CP8EP8,0,1,2,expert_input,7,28
CP8EP8,0,1,2,expert_input,8,66
CP8EP8,0,1,2,expert_input,9,0
CP8EP8,0,1,2,expert_input,10,28
CP8EP8,0,1,2,expert_input,11,45202
CP8EP8,0,1,2,expert_input,12,15
CP8EP8,0,1,2,expert_input,13,12091
CP8EP8,0,1,2,expert_input,14,512
CP8EP8,0,1,2,expert_input,15,30140
CP8EP8,0,1,2,expert_input,16,18
CP8EP8,0,1,2,expert_input,17,6534
CP8EP8,0,1,2,expert_input,18,49
CP8EP8,0,1,2,expert_input,19,33
CP8EP8,0,1,2,expert_input,20,49
CP8EP8,0,1,2,expert_input,21,35
CP8EP8,0,1,2,expert_input,22,75
CP8EP8,0,1,2,expert_input,23,71
CP8EP8,0,1,2,expert_input,24,4
CP8EP8,0,1,2,expert_input,25,9
CP8EP8,0,1,2,expert_input,26,71589
CP8EP8,0,1,2,expert_input,27,4184
CP8EP8,0,1,2,expert_input,28,46863
CP8EP8,0,1,2,expert_input,29,0
CP8EP8,0,1,2,expert_input,30,113
CP8EP8,0,1,2,expert_input,31,0
CP8EP8,0,2,3,router,0,958
CP8EP8,0,2,3,router,1,117
CP8EP8,0,2,3,router,2,30
CP8EP8,0,2,3,router,3,685
CP8EP8,0,2,3,router,4,1394
CP8EP8,0,2,3,router,5,102
CP8EP8,0,2,3,router,6,0
CP8EP8,0,2,3,router,7,3093
CP8EP8,0,2,3,router,8,473
CP8EP8,0,2,3,router,9,65
CP8EP8,0,2,3,router,10,1010
CP8EP8,0,2,3,router,11,21
CP8EP8,0,2,3,router,12,1632
CP8EP8,0,2,3,router,13,17
CP8EP8,0,2,3,router,14,1854
CP8EP8,0,2,3,router,15,1
CP8EP8,0,2,3,router,16,628
CP8EP8,0,2,3,router,17,1040
CP8EP8,0,2,3,router,18,0
CP8EP8,0,2,3,router,19,694
CP8EP8,0,2,3,router,20,265
CP8EP8,0,2,3,router,21,1
CP8EP8,0,2,3,router,22,277
CP8EP8,0,2,3,router,23,2529
CP8EP8,0,2,3,router,24,0
CP8EP8,0,2,3,router,25,335
CP8EP8,0,2,3,router,26,625
CP8EP8,0,2,3,router,27,14
CP8EP8,0,2,3,router,28,0
CP8EP8,0,2,3,router,29,202
CP8EP8,0,2,3,router,30,1519
CP8EP8,0,2,3,router,31,9
CP8EP8,0,2,3,router,32,1351
CP8EP8,0,2,3,router,33,244
CP8EP8,0,2,3,router,34,56
CP8EP8,0,2,3,router,35,589
CP8EP8,0,2,3,router,36,19
CP8EP8,0,2,3,router,37,173
CP8EP8,0,2,3,router,38,0
CP8EP8,0,2,3,router,39,584
CP8EP8,0,2,3,router,40,269
CP8EP8,0,2,3,router,41,609
CP8EP8,0,2,3,router,42,145
CP8EP8,0,2,3,router,43,11
CP8EP8,0,2,3,router,44,2
CP8EP8,0,2,3,router,45,9
CP8EP8,0,2,3,router,46,612
CP8EP8,0,2,3,router,47,34
CP8EP8,0,2,3,router,48,14
CP8EP8,0,2,3,router,49,181
CP8EP8,0,2,3,router,50,1
CP8EP8,0,2,3,router,51,375
CP8EP8,0,2,3,router,52,1
CP8EP8,0,2,3,router,53,10
CP8EP8,0,2,3,router,54,23
CP8EP8,0,2,3,router,55,0
CP8EP8,0,2,3,router,56,1700
CP8EP8,0,2,3,router,57,604
CP8EP8,0,2,3,router,58,388
CP8EP8,0,2,3,router,59,1383
CP8EP8,0,2,3,router,60,2098
CP8EP8,0,2,3,router,61,513
CP8EP8,0,2,3,router,62,843
CP8EP8,0,2,3,router,63,432
CP8EP8,0,2,3,router,64,64
CP8EP8,0,2,3,router,65,211
CP8EP8,0,2,3,router,66,13
CP8EP8,0,2,3,router,67,177
CP8EP8,0,2,3,router,68,118
CP8EP8,0,2,3,router,69,522
CP8EP8,0,2,3,router,70,1661
CP8EP8,0,2,3,router,71,669
CP8EP8,0,2,3,router,72,1066
CP8EP8,0,2,3,router,73,1982
CP8EP8,0,2,3,router,74,679
CP8EP8,0,2,3,router,75,352
CP8EP8,0,2,3,router,76,190
CP8EP8,0,2,3,router,77,1461
CP8EP8,0,2,3,router,78,1
CP8EP8,0,2,3,router,79,6
CP8EP8,0,2,3,router,80,2366
CP8EP8,0,2,3,router,81,1205
CP8EP8,0,2,3,router,82,9
CP8EP8,0,2,3,router,83,1755
CP8EP8,0,2,3,router,84,95
CP8EP8,0,2,3,router,85,14
CP8EP8,0,2,3,router,86,33
CP8EP8,0,2,3,router,87,2027
CP8EP8,0,2,3,router,88,709
CP8EP8,0,2,3,router,89,416
CP8EP8,0,2,3,router,90,0
CP8EP8,0,2,3,router,91,4
CP8EP8,0,2,3,router,92,692
CP8EP8,0,2,3,router,93,652
CP8EP8,0,2,3,router,94,0
CP8EP8,0,2,3,router,95,87
CP8EP8,0,2,3,router,96,463
CP8EP8,0,2,3,router,97,1842
CP8EP8,0,2,3,router,98,169
CP8EP8,0,2,3,router,99,444
CP8EP8,0,2,3,router,100,1154
CP8EP8,0,2,3,router,101,7
CP8EP8,0,2,3,router,102,1
CP8EP8,0,2,3,router,103,42
CP8EP8,0,2,3,router,104,680
CP8EP8,0,2,3,router,105,188
CP8EP8,0,2,3,router,106,587
CP8EP8,0,2,3,router,107,480
CP8EP8,0,2,3,router,108,593
CP8EP8,0,2,3,router,109,1
CP8EP8,0,2,3,router,110,0
CP8EP8,0,2,3,router,111,204
CP8EP8,0,2,3,router,112,1342
CP8EP8,0,2,3,router,113,536
CP8EP8,0,2,3,router,114,112
CP8EP8,0,2,3,router,115,552
CP8EP8,0,2,3,router,116,444
CP8EP8,0,2,3,router,117,103
CP8EP8,0,2,3,router,118,191
CP8EP8,0,2,3,router,119,91
CP8EP8,0,2,3,router,120,69
CP8EP8,0,2,3,router,121,492
CP8EP8,0,2,3,router,122,519
CP8EP8,0,2,3,router,123,279
CP8EP8,0,2,3,router,124,163
CP8EP8,0,2,3,router,125,0
CP8EP8,0,2,3,router,126,2
CP8EP8,0,2,3,router,127,1801
CP8EP8,0,2,3,router,128,696
CP8EP8,0,2,3,router,129,119
CP8EP8,0,2,3,router,130,3
CP8EP8,0,2,3,router,131,255
CP8EP8,0,2,3,router,132,671
CP8EP8,0,2,3,router,133,315
CP8EP8,0,2,3,router,134,2102
CP8EP8,0,2,3,router,135,310
CP8EP8,0,2,3,router,136,0
CP8EP8,0,2,3,router,137,285
CP8EP8,0,2,3,router,138,86
CP8EP8,0,2,3,router,139,177
CP8EP8,0,2,3,router,140,257
CP8EP8,0,2,3,router,141,493
CP8EP8,0,2,3,router,142,2
CP8EP8,0,2,3,router,143,57
CP8EP8,0,2,3,router,144,808
CP8EP8,0,2,3,router,145,807
CP8EP8,0,2,3,router,146,498
CP8EP8,0,2,3,router,147,349
CP8EP8,0,2,3,router,148,79
CP8EP8,0,2,3,router,149,520
CP8EP8,0,2,3,router,150,160
CP8EP8,0,2,3,router,151,1260
CP8EP8,0,2,3,router,152,19
CP8EP8,0,2,3,router,153,7
CP8EP8,0,2,3,router,154,3389
CP8EP8,0,2,3,router,155,968
CP8EP8,0,2,3,router,156,0
CP8EP8,0,2,3,router,157,867
CP8EP8,0,2,3,router,158,729
CP8EP8,0,2,3,router,159,3348
CP8EP8,0,2,3,router,160,79
CP8EP8,0,2,3,router,161,3816
CP8EP8,0,2,3,router,162,594
CP8EP8,0,2,3,router,163,0
CP8EP8,0,2,3,router,164,649
CP8EP8,0,2,3,router,165,327
CP8EP8,0,2,3,router,166,1292
CP8EP8,0,2,3,router,167,151
CP8EP8,0,2,3,router,168,343
CP8EP8,0,2,3,router,169,779
CP8EP8,0,2,3,router,170,353
CP8EP8,0,2,3,router,171,2104
CP8EP8,0,2,3,router,172,6
CP8EP8,0,2,3,router,173,2
CP8EP8,0,2,3,router,174,1119
CP8EP8,0,2,3,router,175,37
CP8EP8,0,2,3,router,176,832
CP8EP8,0,2,3,router,177,8
CP8EP8,0,2,3,router,178,588
CP8EP8,0,2,3,router,179,506
CP8EP8,0,2,3,router,180,17
CP8EP8,0,2,3,router,181,0
CP8EP8,0,2,3,router,182,0
CP8EP8,0,2,3,router,183,112
CP8EP8,0,2,3,router,184,67
CP8EP8,0,2,3,router,185,188
CP8EP8,0,2,3,router,186,1
CP8EP8,0,2,3,router,187,550
CP8EP8,0,2,3,router,188,121
CP8EP8,0,2,3,router,189,59
CP8EP8,0,2,3,router,190,951
CP8EP8,0,2,3,router,191,698
CP8EP8,0,2,3,router,192,753
CP8EP8,0,2,3,router,193,512
CP8EP8,0,2,3,router,194,1
CP8EP8,0,2,3,router,195,1702
CP8EP8,0,2,3,router,196,365
CP8EP8,0,2,3,router,197,21
CP8EP8,0,2,3,router,198,0
CP8EP8,0,2,3,router,199,0
CP8EP8,0,2,3,router,200,773
CP8EP8,0,2,3,router,201,210
CP8EP8,0,2,3,router,202,73
CP8EP8,0,2,3,router,203,802
CP8EP8,0,2,3,router,204,6
CP8EP8,0,2,3,router,205,28
CP8EP8,0,2,3,router,206,1315
CP8EP8,0,2,3,router,207,267
CP8EP8,0,2,3,router,208,909
CP8EP8,0,2,3,router,209,96
CP8EP8,0,2,3,router,210,2257
CP8EP8,0,2,3,router,211,124
CP8EP8,0,2,3,router,212,62
CP8EP8,0,2,3,router,213,0
CP8EP8,0,2,3,router,214,44
CP8EP8,0,2,3,router,215,182
CP8EP8,0,2,3,router,216,40
CP8EP8,0,2,3,router,217,0
CP8EP8,0,2,3,router,218,229
CP8EP8,0,2,3,router,219,12
CP8EP8,0,2,3,router,220,537
CP8EP8,0,2,3,router,221,9
CP8EP8,0,2,3,router,222,586
CP8EP8,0,2,3,router,223,1616
CP8EP8,0,2,3,router,224,62
CP8EP8,0,2,3,router,225,1155
CP8EP8,0,2,3,router,226,331
CP8EP8,0,2,3,router,227,26
CP8EP8,0,2,3,router,228,228
CP8EP8,0,2,3,router,229,2858
CP8EP8,0,2,3,router,230,631
CP8EP8,0,2,3,router,231,33
CP8EP8,0,2,3,router,232,165
CP8EP8,0,2,3,router,233,0
CP8EP8,0,2,3,router,234,1125
CP8EP8,0,2,3,router,235,440
CP8EP8,0,2,3,router,236,816
CP8EP8,0,2,3,router,237,464
CP8EP8,0,2,3,router,238,568
CP8EP8,0,2,3,router,239,653
CP8EP8,0,2,3,router,240,101
CP8EP8,0,2,3,router,241,686
CP8EP8,0,2,3,router,242,0
CP8EP8,0,2,3,router,243,24
CP8EP8,0,2,3,router,244,179
CP8EP8,0,2,3,router,245,0
CP8EP8,0,2,3,router,246,320
CP8EP8,0,2,3,router,247,935
CP8EP8,0,2,3,router,248,1
CP8EP8,0,2,3,router,249,377
CP8EP8,0,2,3,router,250,1649
CP8EP8,0,2,3,router,251,0
CP8EP8,0,2,3,router,252,1422
CP8EP8,0,2,3,router,253,174
CP8EP8,0,2,3,router,254,71
CP8EP8,0,2,3,router,255,412
CP8EP8,0,2,3,expert_input,0,7210
CP8EP8,0,2,3,expert_input,1,932
CP8EP8,0,2,3,expert_input,2,318
CP8EP8,0,2,3,expert_input,3,5536
CP8EP8,0,2,3,expert_input,4,12486
CP8EP8,0,2,3,expert_input,5,789
CP8EP8,0,2,3,expert_input,6,4
CP8EP8,0,2,3,expert_input,7,24570
CP8EP8,0,2,3,expert_input,8,3466
CP8EP8,0,2,3,expert_input,9,507
CP8EP8,0,2,3,expert_input,10,8236
CP8EP8,0,2,3,expert_input,11,185
CP8EP8,0,2,3,expert_input,12,13947
CP8EP8,0,2,3,expert_input,13,167
CP8EP8,0,2,3,expert_input,14,15481
CP8EP8,0,2,3,expert_input,15,9
CP8EP8,0,2,3,expert_input,16,5044
CP8EP8,0,2,3,expert_input,17,8881
CP8EP8,0,2,3,expert_input,18,1
CP8EP8,0,2,3,expert_input,19,5312
CP8EP8,0,2,3,expert_input,20,1845
CP8EP8,0,2,3,expert_input,21,12
CP8EP8,0,2,3,expert_input,22,2112
CP8EP8,0,2,3,expert_input,23,21324
CP8EP8,0,2,3,expert_input,24,6
CP8EP8,0,2,3,expert_input,25,2498
CP8EP8,0,2,3,expert_input,26,5252
CP8EP8,0,2,3,expert_input,27,75
CP8EP8,0,2,3,expert_input,28,0
CP8EP8,0,2,3,expert_input,29,1518
CP8EP8,0,2,3,expert_input,30,12011
CP8EP8,0,2,3,expert_input,31,57
CP8EP8,1,1,2,router,0,312
CP8EP8,1,1,2,router,1,9
CP8EP8,1,1,2,router,2,1004
CP8EP8,1,1,2,router,3,2562
CP8EP8,1,1,2,router,4,3
CP8EP8,1,1,2,router,5,801
CP8EP8,1,1,2,router,6,6
CP8EP8,1,1,2,router,7,6
CP8EP8,1,1,2,router,8,9
CP8EP8,1,1,2,router,9,0
CP8EP8,1,1,2,router,10,2
CP8EP8,1,1,2,router,11,5542
CP8EP8,1,1,2,router,12,3
CP8EP8,1,1,2,router,13,1601
CP8EP8,1,1,2,router,14,64
CP8EP8,1,1,2,router,15,3645
CP8EP8,1,1,2,router,16,2
CP8EP8,1,1,2,router,17,818
CP8EP8,1,1,2,router,18,9
CP8EP8,1,1,2,router,19,8
CP8EP8,1,1,2,router,20,7
CP8EP8,1,1,2,router,21,3
CP8EP8,1,1,2,router,22,10
CP8EP8,1,1,2,router,23,4
CP8EP8,1,1,2,router,24,1
CP8EP8,1,1,2,router,25,0
CP8EP8,1,1,2,router,26,8774
CP8EP8,1,1,2,router,27,540
CP8EP8,1,1,2,router,28,6072
CP8EP8,1,1,2,router,29,0
CP8EP8,1,1,2,router,30,14
CP8EP8,1,1,2,router,31,0
CP8EP8,1,1,2,router,32,4
CP8EP8,1,1,2,router,33,1
CP8EP8,1,1,2,router,34,29
CP8EP8,1,1,2,router,35,0
CP8EP8,1,1,2,router,36,2
CP8EP8,1,1,2,router,37,3249
CP8EP8,1,1,2,router,38,5
CP8EP8,1,1,2,router,39,0
CP8EP8,1,1,2,router,40,3
CP8EP8,1,1,2,router,41,9764
CP8EP8,1,1,2,router,42,0
CP8EP8,1,1,2,router,43,1
CP8EP8,1,1,2,router,44,0
CP8EP8,1,1,2,router,45,48
CP8EP8,1,1,2,router,46,0
CP8EP8,1,1,2,router,47,12
CP8EP8,1,1,2,router,48,0
CP8EP8,1,1,2,router,49,1
CP8EP8,1,1,2,router,50,25
CP8EP8,1,1,2,router,51,4
CP8EP8,1,1,2,router,52,3
CP8EP8,1,1,2,router,53,1
CP8EP8,1,1,2,router,54,64
CP8EP8,1,1,2,router,55,0
CP8EP8,1,1,2,router,56,8
CP8EP8,1,1,2,router,57,734
CP8EP8,1,1,2,router,58,32
CP8EP8,1,1,2,router,59,5
CP8EP8,1,1,2,router,60,0
CP8EP8,1,1,2,router,61,112
CP8EP8,1,1,2,router,62,1022
CP8EP8,1,1,2,router,63,55
CP8EP8,1,1,2,router,64,0
CP8EP8,1,1,2,router,65,0
CP8EP8,1,1,2,router,66,31
CP8EP8,1,1,2,router,67,0
CP8EP8,1,1,2,router,68,0
CP8EP8,1,1,2,router,69,0
CP8EP8,1,1,2,router,70,9
CP8EP8,1,1,2,router,71,3
CP8EP8,1,1,2,router,72,190
CP8EP8,1,1,2,router,73,10
CP8EP8,1,1,2,router,74,8
CP8EP8,1,1,2,router,75,2
CP8EP8,1,1,2,router,76,0
CP8EP8,1,1,2,router,77,10
CP8EP8,1,1,2,router,78,885
CP8EP8,1,1,2,router,79,4
CP8EP8,1,1,2,router,80,3
CP8EP8,1,1,2,router,81,99
CP8EP8,1,1,2,router,82,4164
CP8EP8,1,1,2,router,83,2042
CP8EP8,1,1,2,router,84,0
CP8EP8,1,1,2,router,85,0
CP8EP8,1,1,2,router,86,0
CP8EP8,1,1,2,router,87,143
CP8EP8,1,1,2,router,88,2
CP8EP8,1,1,2,router,89,352
CP8EP8,1,1,2,router,90,1667
CP8EP8,1,1,2,router,91,37
CP8EP8,1,1,2,router,92,2
CP8EP8,1,1,2,router,93,187
CP8EP8,1,1,2,router,94,24
CP8EP8,1,1,2,router,95,58
CP8EP8,1,1,2,router,96,0
CP8EP8,1,1,2,router,97,9
CP8EP8,1,1,2,router,98,2408
CP8EP8,1,1,2,router,99,7
CP8EP8,1,1,2,router,100,1526
CP8EP8,1,1,2,router,101,6
CP8EP8,1,1,2,router,102,350
CP8EP8,1,1,2,router,103,1
CP8EP8,1,1,2,router,104,4
CP8EP8,1,1,2,router,105,0
CP8EP8,1,1,2,router,106,0
CP8EP8,1,1,2,router,107,29
CP8EP8,1,1,2,router,108,0
CP8EP8,1,1,2,router,109,11
CP8EP8,1,1,2,router,110,5
CP8EP8,1,1,2,router,111,7
CP8EP8,1,1,2,router,112,3
CP8EP8,1,1,2,router,113,1
CP8EP8,1,1,2,router,114,13
CP8EP8,1,1,2,router,115,1
CP8EP8,1,1,2,router,116,3
CP8EP8,1,1,2,router,117,4295
CP8EP8,1,1,2,router,118,3
CP8EP8,1,1,2,router,119,0
CP8EP8,1,1,2,router,120,5
CP8EP8,1,1,2,router,121,0
CP8EP8,1,1,2,router,122,11
CP8EP8,1,1,2,router,123,46
CP8EP8,1,1,2,router,124,0
CP8EP8,1,1,2,router,125,19
CP8EP8,1,1,2,router,126,3
CP8EP8,1,1,2,router,127,33
CP8EP8,1,1,2,router,128,75
CP8EP8,1,1,2,router,129,60
CP8EP8,1,1,2,router,130,2
CP8EP8,1,1,2,router,131,40
CP8EP8,1,1,2,router,132,0
CP8EP8,1,1,2,router,133,0
CP8EP8,1,1,2,router,134,0
CP8EP8,1,1,2,router,135,21
CP8EP8,1,1,2,router,136,3
CP8EP8,1,1,2,router,137,0
CP8EP8,1,1,2,router,138,3
CP8EP8,1,1,2,router,139,69
CP8EP8,1,1,2,router,140,101
CP8EP8,1,1,2,router,141,0
CP8EP8,1,1,2,router,142,0
CP8EP8,1,1,2,router,143,5
CP8EP8,1,1,2,router,144,0
CP8EP8,1,1,2,router,145,33
CP8EP8,1,1,2,router,146,0
CP8EP8,1,1,2,router,147,70
CP8EP8,1,1,2,router,148,6
CP8EP8,1,1,2,router,149,12
CP8EP8,1,1,2,router,150,2
CP8EP8,1,1,2,router,151,0
CP8EP8,1,1,2,router,152,3328
CP8EP8,1,1,2,router,153,0
CP8EP8,1,1,2,router,154,0
CP8EP8,1,1,2,router,155,0
CP8EP8,1,1,2,router,156,1
CP8EP8,1,1,2,router,157,762
CP8EP8,1,1,2,router,158,1255
CP8EP8,1,1,2,router,159,1
CP8EP8,1,1,2,router,160,148
CP8EP8,1,1,2,router,161,1791
CP8EP8,1,1,2,router,162,0
CP8EP8,1,1,2,router,163,1488
CP8EP8,1,1,2,router,164,0
CP8EP8,1,1,2,router,165,0
CP8EP8,1,1,2,router,166,8105
CP8EP8,1,1,2,router,167,1441
CP8EP8,1,1,2,router,168,0
CP8EP8,1,1,2,router,169,26
CP8EP8,1,1,2,router,170,10
CP8EP8,1,1,2,router,171,4
CP8EP8,1,1,2,router,172,275
CP8EP8,1,1,2,router,173,0
CP8EP8,1,1,2,router,174,3825
CP8EP8,1,1,2,router,175,157
CP8EP8,1,1,2,router,176,0
CP8EP8,1,1,2,router,177,2576
CP8EP8,1,1,2,router,178,0
CP8EP8,1,1,2,router,179,27
CP8EP8,1,1,2,router,180,43
CP8EP8,1,1,2,router,181,10
CP8EP8,1,1,2,router,182,0
CP8EP8,1,1,2,router,183,54
CP8EP8,1,1,2,router,184,11
CP8EP8,1,1,2,router,185,2944
CP8EP8,1,1,2,router,186,2777
CP8EP8,1,1,2,router,187,7
CP8EP8,1,1,2,router,188,4
CP8EP8,1,1,2,router,189,0
CP8EP8,1,1,2,router,190,807
CP8EP8,1,1,2,router,191,364
CP8EP8,1,1,2,router,192,5
CP8EP8,1,1,2,router,193,4229
CP8EP8,1,1,2,router,194,0
CP8EP8,1,1,2,router,195,9
CP8EP8,1,1,2,router,196,8
CP8EP8,1,1,2,router,197,1
CP8EP8,1,1,2,router,198,0
CP8EP8,1,1,2,router,199,940
CP8EP8,1,1,2,router,200,3
CP8EP8,1,1,2,router,201,130
CP8EP8,1,1,2,router,202,0
CP8EP8,1,1,2,router,203,11
CP8EP8,1,1,2,router,204,4
CP8EP8,1,1,2,router,205,28
CP8EP8,1,1,2,router,206,2814
CP8EP8,1,1,2,router,207,2
CP8EP8,1,1,2,router,208,24
CP8EP8,1,1,2,router,209,2
CP8EP8,1,1,2,router,210,0
CP8EP8,1,1,2,router,211,97
CP8EP8,1,1,2,router,212,14
CP8EP8,1,1,2,router,213,1100
CP8EP8,1,1,2,router,214,79
CP8EP8,1,1,2,router,215,504
CP8EP8,1,1,2,router,216,1
CP8EP8,1,1,2,router,217,1768
CP8EP8,1,1,2,router,218,2993
CP8EP8,1,1,2,router,219,0
CP8EP8,1,1,2,router,220,39
CP8EP8,1,1,2,router,221,6
CP8EP8,1,1,2,router,222,0
CP8EP8,1,1,2,router,223,3877
CP8EP8,1,1,2,router,224,13
CP8EP8,1,1,2,router,225,0
CP8EP8,1,1,2,router,226,0
CP8EP8,1,1,2,router,227,428
CP8EP8,1,1,2,router,228,0
CP8EP8,1,1,2,router,229,0
CP8EP8,1,1,2,router,230,0
CP8EP8,1,1,2,router,231,0
CP8EP8,1,1,2,router,232,0
CP8EP8,1,1,2,router,233,9036
CP8EP8,1,1,2,router,234,0
CP8EP8,1,1,2,router,235,0
CP8EP8,1,1,2,router,236,32
CP8EP8,1,1,2,router,237,1731
CP8EP8,1,1,2,router,238,1144
CP8EP8,1,1,2,router,239,3
CP8EP8,1,1,2,router,240,9
CP8EP8,1,1,2,router,241,0
CP8EP8,1,1,2,router,242,1096
CP8EP8,1,1,2,router,243,9
CP8EP8,1,1,2,router,244,1
CP8EP8,1,1,2,router,245,2
CP8EP8,1,1,2,router,246,2
CP8EP8,1,1,2,router,247,2
CP8EP8,1,1,2,router,248,220
CP8EP8,1,1,2,router,249,4
CP8EP8,1,1,2,router,250,80
CP8EP8,1,1,2,router,251,2
CP8EP8,1,1,2,router,252,0
CP8EP8,1,1,2,router,253,8
CP8EP8,1,1,2,router,254,67
CP8EP8,1,1,2,router,255,6
CP8EP8,1,1,2,expert_input,32,43
CP8EP8,1,1,2,expert_input,33,4
CP8EP8,1,1,2,expert_input,34,214
CP8EP8,1,1,2,expert_input,35,0
CP8EP8,1,1,2,expert_input,36,17
CP8EP8,1,1,2,expert_input,37,26193
CP8EP8,1,1,2,expert_input,38,17
CP8EP8,1,1,2,expert_input,39,0
CP8EP8,1,1,2,expert_input,40,20
CP8EP8,1,1,2,expert_input,41,79186
CP8EP8,1,1,2,expert_input,42,12
CP8EP8,1,1,2,expert_input,43,6
CP8EP8,1,1,2,expert_input,44,0
CP8EP8,1,1,2,expert_input,45,365
CP8EP8,1,1,2,expert_input,46,0
CP8EP8,1,1,2,expert_input,47,107
CP8EP8,1,1,2,expert_input,48,0
CP8EP8,1,1,2,expert_input,49,7
CP8EP8,1,1,2,expert_input,50,162
CP8EP8,1,1,2,expert_input,51,36
CP8EP8,1,1,2,expert_input,52,29
CP8EP8,1,1,2,expert_input,53,5
CP8EP8,1,1,2,expert_input,54,463
CP8EP8,1,1,2,expert_input,55,0
CP8EP8,1,1,2,expert_input,56,41
CP8EP8,1,1,2,expert_input,57,5831
CP8EP8,1,1,2,expert_input,58,267
CP8EP8,1,1,2,expert_input,59,30
CP8EP8,1,1,2,expert_input,60,0
CP8EP8,1,1,2,expert_input,61,854
CP8EP8,1,1,2,expert_input,62,8436
CP8EP8,1,1,2,expert_input,63,425
CP8EP8,1,2,3,router,0,935
CP8EP8,1,2,3,router,1,98
CP8EP8,1,2,3,router,2,43
CP8EP8,1,2,3,router,3,715
CP8EP8,1,2,3,router,4,1554
CP8EP8,1,2,3,router,5,96
CP8EP8,1,2,3,router,6,0
CP8EP8,1,2,3,router,7,2995
CP8EP8,1,2,3,router,8,407
CP8EP8,1,2,3,router,9,62
CP8EP8,1,2,3,router,10,1029
CP8EP8,1,2,3,router,11,27
CP8EP8,1,2,3,router,12,1667
CP8EP8,1,2,3,router,13,19
CP8EP8,1,2,3,router,14,1951
CP8EP8,1,2,3,router,15,2
CP8EP8,1,2,3,router,16,642
CP8EP8,1,2,3,router,17,1108
CP8EP8,1,2,3,router,18,0
CP8EP8,1,2,3,router,19,647
CP8EP8,1,2,3,router,20,247
CP8EP8,1,2,3,router,21,2
CP8EP8,1,2,3,router,22,296
CP8EP8,1,2,3,router,23,2532
CP8EP8,1,2,3,router,24,1
CP8EP8,1,2,3,router,25,310
CP8EP8,1,2,3,router,26,666
CP8EP8,1,2,3,router,27,10
CP8EP8,1,2,3,router,28,0
CP8EP8,1,2,3,router,29,178
CP8EP8,1,2,3,router,30,1504
CP8EP8,1,2,3,router,31,13
CP8EP8,1,2,3,router,32,1367
CP8EP8,1,2,3,router,33,216
CP8EP8,1,2,3,router,34,47
CP8EP8,1,2,3,router,35,574
CP8EP8,1,2,3,router,36,19
CP8EP8,1,2,3,router,37,198
CP8EP8,1,2,3,router,38,0
CP8EP8,1,2,3,router,39,579
CP8EP8,1,2,3,router,40,248
CP8EP8,1,2,3,router,41,656
CP8EP8,1,2,3,router,42,110
CP8EP8,1,2,3,router,43,22
CP8EP8,1,2,3,router,44,1
CP8EP8,1,2,3,router,45,11
CP8EP8,1,2,3,router,46,676
CP8EP8,1,2,3,router,47,34
CP8EP8,1,2,3,router,48,4
CP8EP8,1,2,3,router,49,177
CP8EP8,1,2,3,router,50,0
CP8EP8,1,2,3,router,51,417
CP8EP8,1,2,3,router,52,1
CP8EP8,1,2,3,router,53,6
CP8EP8,1,2,3,router,54,39
CP8EP8,1,2,3,router,55,0
CP8EP8,1,2,3,router,56,1647
CP8EP8,1,2,3,router,57,622
CP8EP8,1,2,3,router,58,434
CP8EP8,1,2,3,router,59,1409
CP8EP8,1,2,3,router,60,2126
CP8EP8,1,2,3,router,61,528
CP8EP8,1,2,3,router,62,902
CP8EP8,1,2,3,router,63,481
CP8EP8,1,2,3,router,64,82
CP8EP8,1,2,3,router,65,193
CP8EP8,1,2,3,router,66,9
CP8EP8,1,2,3,router,67,181
CP8EP8,1,2,3,router,68,94
CP8EP8,1,2,3,router,69,541
CP8EP8,1,2,3,router,70,1793
CP8EP8,1,2,3,router,71,616
CP8EP8,1,2,3,router,72,1045
CP8EP8,1,2,3,router,73,1989
CP8EP8,1,2,3,router,74,751
CP8EP8,1,2,3,router,75,342
CP8EP8,1,2,3,router,76,154
CP8EP8,1,2,3,router,77,1389
CP8EP8,1,2,3,router,78,3
CP8EP8,1,2,3,router,79,4
CP8EP8,1,2,3,router,80,2392
CP8EP8,1,2,3,router,81,1151
CP8EP8,1,2,3,router,82,13
CP8EP8,1,2,3,router,83,1841
CP8EP8,1,2,3,router,84,107
CP8EP8,1,2,3,router,85,6
CP8EP8,1,2,3,router,86,27
CP8EP8,1,2,3,router,87,1609
CP8EP8,1,2,3,router,88,704
CP8EP8,1,2,3,router,89,350
CP8EP8,1,2,3,router,90,0
CP8EP8,1,2,3,router,91,4
CP8EP8,1,2,3,router,92,663
CP8EP8,1,2,3,router,93,610
CP8EP8,1,2,3,router,94,0
CP8EP8,1,2,3,router,95,55
CP8EP8,1,2,3,router,96,485
CP8EP8,1,2,3,router,97,1923
CP8EP8,1,2,3,router,98,127
CP8EP8,1,2,3,router,99,447
CP8EP8,1,2,3,router,100,1117
CP8EP8,1,2,3,router,101,3
CP8EP8,1,2,3,router,102,1
CP8EP8,1,2,3,router,103,20
CP8EP8,1,2,3,router,104,737
CP8EP8,1,2,3,router,105,149
CP8EP8,1,2,3,router,106,574
CP8EP8,1,2,3,router,107,489
CP8EP8,1,2,3,router,108,617
CP8EP8,1,2,3,router,109,0
CP8EP8,1,2,3,router,110,0
CP8EP8,1,2,3,router,111,184
CP8EP8,1,2,3,router,112,1373
CP8EP8,1,2,3,router,113,533
CP8EP8,1,2,3,router,114,81
CP8EP8,1,2,3,router,115,582
CP8EP8,1,2,3,router,116,453
CP8EP8,1,2,3,router,117,89
CP8EP8,1,2,3,router,118,142
CP8EP8,1,2,3,router,119,63
CP8EP8,1,2,3,router,120,79
CP8EP8,1,2,3,router,121,486
CP8EP8,1,2,3,router,122,617
CP8EP8,1,2,3,router,123,316
CP8EP8,1,2,3,router,124,155
CP8EP8,1,2,3,router,125,0
CP8EP8,1,2,3,router,126,3
CP8EP8,1,2,3,router,127,1807
CP8EP8,1,2,3,router,128,772
CP8EP8,1,2,3,router,129,110
CP8EP8,1,2,3,router,130,3
CP8EP8,1,2,3,router,131,197
CP8EP8,1,2,3,router,132,685
CP8EP8,1,2,3,router,133,305
CP8EP8,1,2,3,router,134,2268
CP8EP8,1,2,3,router,135,257
CP8EP8,1,2,3,router,136,3
CP8EP8,1,2,3,router,137,308
CP8EP8,1,2,3,router,138,63
CP8EP8,1,2,3,router,139,144
CP8EP8,1,2,3,router,140,286
CP8EP8,1,2,3,router,141,445
CP8EP8,1,2,3,router,142,3
CP8EP8,1,2,3,router,143,40
CP8EP8,1,2,3,router,144,794
CP8EP8,1,2,3,router,145,703
CP8EP8,1,2,3,router,146,418
CP8EP8,1,2,3,router,147,294
CP8EP8,1,2,3,router,148,46
CP8EP8,1,2,3,router,149,577
CP8EP8,1,2,3,router,150,213
CP8EP8,1,2,3,router,151,1236
CP8EP8,1,2,3,router,152,15
CP8EP8,1,2,3,router,153,7
CP8EP8,1,2,3,router,154,3622
CP8EP8,1,2,3,router,155,992
CP8EP8,1,2,3,router,156,0
CP8EP8,1,2,3,router,157,836
CP8EP8,1,2,3,router,158,730
CP8EP8,1,2,3,router,159,3355
CP8EP8,1,2,3,router,160,99
CP8EP8,1,2,3,router,161,3651
CP8EP8,1,2,3,router,162,608
CP8EP8,1,2,3,router,163,0
CP8EP8,1,2,3,router,164,592
CP8EP8,1,2,3,router,165,340
CP8EP8,1,2,3,router,166,1315
CP8EP8,1,2,3,router,167,173
CP8EP8,1,2,3,router,168,317
CP8EP8,1,2,3,router,169,837
CP8EP8,1,2,3,router,170,304
CP8EP8,1,2,3,router,171,2162
CP8EP8,1,2,3,router,172,8
CP8EP8,1,2,3,router,173,2
CP8EP8,1,2,3,router,174,1144
CP8EP8,1,2,3,router,175,36
CP8EP8,1,2,3,router,176,812
CP8EP8,1,2,3,router,177,4
CP8EP8,1,2,3,router,178,556
CP8EP8,1,2,3,router,179,518
CP8EP8,1,2,3,router,180,10
CP8EP8,1,2,3,router,181,0
CP8EP8,1,2,3,router,182,1
CP8EP8,1,2,3,router,183,113
CP8EP8,1,2,3,router,184,60
CP8EP8,1,2,3,router,185,215
CP8EP8,1,2,3,router,186,2
CP8EP8,1,2,3,router,187,584
CP8EP8,1,2,3,router,188,67
CP8EP8,1,2,3,router,189,67
CP8EP8,1,2,3,router,190,1039
CP8EP8,1,2,3,router,191,737
CP8EP8,1,2,3,router,192,836
CP8EP8,1,2,3,router,193,538
CP8EP8,1,2,3,router,194,0
CP8EP8,1,2,3,router,195,1399
CP8EP8,1,2,3,router,196,393
CP8EP8,1,2,3,router,197,12
CP8EP8,1,2,3,router,198,0
CP8EP8,1,2,3,router,199,0
CP8EP8,1,2,3,router,200,878
CP8EP8,1,2,3,router,201,156
CP8EP8,1,2,3,router,202,43
CP8EP8,1,2,3,router,203,838
CP8EP8,1,2,3,router,204,10
CP8EP8,1,2,3,router,205,22
CP8EP8,1,2,3,router,206,1287
CP8EP8,1,2,3,router,207,233
CP8EP8,1,2,3,router,208,992
CP8EP8,1,2,3,router,209,111
CP8EP8,1,2,3,router,210,2270
CP8EP8,1,2,3,router,211,87
CP8EP8,1,2,3,router,212,52
CP8EP8,1,2,3,router,213,0
CP8EP8,1,2,3,router,214,26
CP8EP8,1,2,3,router,215,215
CP8EP8,1,2,3,router,216,42
CP8EP8,1,2,3,router,217,2
CP8EP8,1,2,3,router,218,238
CP8EP8,1,2,3,router,219,7
CP8EP8,1,2,3,router,220,505
CP8EP8,1,2,3,router,221,9
CP8EP8,1,2,3,router,222,561
CP8EP8,1,2,3,router,223,1659
CP8EP8,1,2,3,router,224,68
CP8EP8,1,2,3,router,225,1129
CP8EP8,1,2,3,router,226,380
CP8EP8,1,2,3,router,227,8
CP8EP8,1,2,3,router,228,192
CP8EP8,1,2,3,router,229,2797
CP8EP8,1,2,3,router,230,686
CP8EP8,1,2,3,router,231,10
CP8EP8,1,2,3,router,232,176
CP8EP8,1,2,3,router,233,0
CP8EP8,1,2,3,router,234,1179
CP8EP8,1,2,3,router,235,452
CP8EP8,1,2,3,router,236,736
CP8EP8,1,2,3,router,237,454
CP8EP8,1,2,3,router,238,612
CP8EP8,1,2,3,router,239,690
CP8EP8,1,2,3,router,240,76
CP8EP8,1,2,3,router,241,688
CP8EP8,1,2,3,router,242,0
CP8EP8,1,2,3,router,243,27
CP8EP8,1,2,3,router,244,140
CP8EP8,1,2,3,router,245,0
CP8EP8,1,2,3,router,246,331
CP8EP8,1,2,3,router,247,881
CP8EP8,1,2,3,router,248,1
CP8EP8,1,2,3,router,249,327
CP8EP8,1,2,3,router,250,1791
CP8EP8,1,2,3,router,251,0
CP8EP8,1,2,3,router,252,1440
CP8EP8,1,2,3,router,253,136
CP8EP8,1,2,3,router,254,86
CP8EP8,1,2,3,router,255,381
CP8EP8,1,2,3,expert_input,32,10512
CP8EP8,1,2,3,expert_input,33,1812
CP8EP8,1,2,3,expert_input,34,425
CP8EP8,1,2,3,expert_input,35,4419
CP8EP8,1,2,3,expert_input,36,161
CP8EP8,1,2,3,expert_input,37,1355
CP8EP8,1,2,3,expert_input,38,0
CP8EP8,1,2,3,expert_input,39,4509
CP8EP8,1,2,3,expert_input,40,2101
CP8EP8,1,2,3,expert_input,41,4741
CP8EP8,1,2,3,expert_input,42,873
CP8EP8,1,2,3,expert_input,43,128
CP8EP8,1,2,3,expert_input,44,12
CP8EP8,1,2,3,expert_input,45,66
CP8EP8,1,2,3,expert_input,46,5229
CP8EP8,1,2,3,expert_input,47,241
CP8EP8,1,2,3,expert_input,48,65
CP8EP8,1,2,3,expert_input,49,1411
CP8EP8,1,2,3,expert_input,50,1
CP8EP8,1,2,3,expert_input,51,3111
CP8EP8,1,2,3,expert_input,52,8
CP8EP8,1,2,3,expert_input,53,55
CP8EP8,1,2,3,expert_input,54,235
CP8EP8,1,2,3,expert_input,55,1
CP8EP8,1,2,3,expert_input,56,14181
CP8EP8,1,2,3,expert_input,57,5306
CP8EP8,1,2,3,expert_input,58,3344
CP8EP8,1,2,3,expert_input,59,11861
CP8EP8,1,2,3,expert_input,60,16442
CP8EP8,1,2,3,expert_input,61,4194
CP8EP8,1,2,3,expert_input,62,7330
CP8EP8,1,2,3,expert_input,63,3751
CP8EP8,2,1,2,router,0,308
CP8EP8,2,1,2,router,1,8
CP8EP8,2,1,2,router,2,876
CP8EP8,2,1,2,router,3,2510
CP8EP8,2,1,2,router,4,6
CP8EP8,2,1,2,router,5,807
CP8EP8,2,1,2,router,6,9
CP8EP8,2,1,2,router,7,1
CP8EP8,2,1,2,router,8,12
CP8EP8,2,1,2,router,9,0
CP8EP8,2,1,2,router,10,4
CP8EP8,2,1,2,router,11,5671
CP8EP8,2,1,2,router,12,0
CP8EP8,2,1,2,router,13,1544
CP8EP8,2,1,2,router,14,68
CP8EP8,2,1,2,router,15,3737
CP8EP8,2,1,2,router,16,2
CP8EP8,2,1,2,router,17,844
CP8EP8,2,1,2,router,18,7
CP8EP8,2,1,2,router,19,3
CP8EP8,2,1,2,router,20,5
CP8EP8,2,1,2,router,21,4
CP8EP8,2,1,2,router,22,11
CP8EP8,2,1,2,router,23,13
CP8EP8,2,1,2,router,24,0
CP8EP8,2,1,2,router,25,2
CP8EP8,2,1,2,router,26,8979
CP8EP8,2,1,2,router,27,562
CP8EP8,2,1,2,router,28,5861
CP8EP8,2,1,2,router,29,0
CP8EP8,2,1,2,router,30,15
CP8EP8,2,1,2,router,31,0
CP8EP8,2,1,2,router,32,6
CP8EP8,2,1,2,router,33,1
CP8EP8,2,1,2,router,34,28
CP8EP8,2,1,2,router,35,0
CP8EP8,2,1,2,router,36,1
CP8EP8,2,1,2,router,37,3276
CP8EP8,2,1,2,router,38,0
CP8EP8,2,1,2,router,39,0
CP8EP8,2,1,2,router,40,3
CP8EP8,2,1,2,router,41,9823
CP8EP8,2,1,2,router,42,2
CP8EP8,2,1,2,router,43,0
CP8EP8,2,1,2,router,44,0
CP8EP8,2,1,2,router,45,40
CP8EP8,2,1,2,router,46,0
CP8EP8,2,1,2,router,47,13
CP8EP8,2,1,2,router,48,0
CP8EP8,2,1,2,router,49,2
CP8EP8,2,1,2,router,50,24
CP8EP8,2,1,2,router,51,3
CP8EP8,2,1,2,router,52,4
CP8EP8,2,1,2,router,53,0
CP8EP8,2,1,2,router,54,49
CP8EP8,2,1,2,router,55,0
CP8EP8,2,1,2,router,56,2
CP8EP8,2,1,2,router,57,778
CP8EP8,2,1,2,router,58,38
CP8EP8,2,1,2,router,59,4
CP8EP8,2,1,2,router,60,0
CP8EP8,2,1,2,router,61,110
CP8EP8,2,1,2,router,62,1062
CP8EP8,2,1,2,router,63,47
CP8EP8,2,1,2,router,64,0
CP8EP8,2,1,2,router,65,2
CP8EP8,2,1,2,router,66,24
CP8EP8,2,1,2,router,67,0
CP8EP8,2,1,2,router,68,3
CP8EP8,2,1,2,router,69,1
CP8EP8,2,1,2,router,70,9
CP8EP8,2,1,2,router,71,2
CP8EP8,2,1,2,router,72,185
CP8EP8,2,1,2,router,73,11
CP8EP8,2,1,2,router,74,8
CP8EP8,2,1,2,router,75,0
CP8EP8,2,1,2,router,76,2
CP8EP8,2,1,2,router,77,8
CP8EP8,2,1,2,router,78,866
CP8EP8,2,1,2,router,79,1
CP8EP8,2,1,2,router,80,3
CP8EP8,2,1,2,router,81,103
CP8EP8,2,1,2,router,82,4132
CP8EP8,2,1,2,router,83,2067
CP8EP8,2,1,2,router,84,0
CP8EP8,2,1,2,router,85,0
CP8EP8,2,1,2,router,86,0
CP8EP8,2,1,2,router,87,120
CP8EP8,2,1,2,router,88,3
CP8EP8,2,1,2,router,89,366
CP8EP8,2,1,2,router,90,1816
CP8EP8,2,1,2,router,91,29
CP8EP8,2,1,2,router,92,3
CP8EP8,2,1,2,router,93,203
CP8EP8,2,1,2,router,94,20
CP8EP8,2,1,2,router,95,72
CP8EP8,2,1,2,router,96,0
CP8EP8,2,1,2,router,97,5
CP8EP8,2,1,2,router,98,2368
CP8EP8,2,1,2,router,99,9
CP8EP8,2,1,2,router,100,1447
CP8EP8,2,1,2,router,101,4
CP8EP8,2,1,2,router,102,374
CP8EP8,2,1,2,router,103,0
CP8EP8,2,1,2,router,104,1
CP8EP8,2,1,2,router,105,0
CP8EP8,2,1,2,router,106,1
CP8EP8,2,1,2,router,107,27
CP8EP8,2,1,2,router,108,0
CP8EP8,2,1,2,router,109,7
CP8EP8,2,1,2,router,110,2
CP8EP8,2,1,2,router,111,7
CP8EP8,2,1,2,router,112,2
CP8EP8,2,1,2,router,113,4
CP8EP8,2,1,2,router,114,5
CP8EP8,2,1,2,router,115,5
CP8EP8,2,1,2,router,116,0
CP8EP8,2,1,2,router,117,4289
CP8EP8,2,1,2,router,118,0
CP8EP8,2,1,2,router,119,0
CP8EP8,2,1,2,router,120,4
CP8EP8,2,1,2,router,121,0
CP8EP8,2,1,2,router,122,14
CP8EP8,2,1,2,router,123,48
CP8EP8,2,1,2,router,124,0
CP8EP8,2,1,2,router,125,14
CP8EP8,2,1,2,router,126,1
CP8EP8,2,1,2,router,127,33
CP8EP8,2,1,2,router,128,63
CP8EP8,2,1,2,router,129,66
CP8EP8,2,1,2,router,130,0
CP8EP8,2,1,2,router,131,25
CP8EP8,2,1,2,router,132,1
CP8EP8,2,1,2,router,133,0
CP8EP8,2,1,2,router,134,0
CP8EP8,2,1,2,router,135,21
CP8EP8,2,1,2,router,136,4
CP8EP8,2,1,2,router,137,0
CP8EP8,2,1,2,router,138,3
CP8EP8,2,1,2,router,139,55
CP8EP8,2,1,2,router,140,90
CP8EP8,2,1,2,router,141,0
CP8EP8,2,1,2,router,142,0
CP8EP8,2,1,2,router,143,2
CP8EP8,2,1,2,router,144,2
CP8EP8,2,1,2,router,145,24
CP8EP8,2,1,2,router,146,0
CP8EP8,2,1,2,router,147,83
CP8EP8,2,1,2,router,148,0
CP8EP8,2,1,2,router,149,11
CP8EP8,2,1,2,router,150,1
CP8EP8,2,1,2,router,151,0
CP8EP8,2,1,2,router,152,3515
CP8EP8,2,1,2,router,153,0
CP8EP8,2,1,2,router,154,2
CP8EP8,2,1,2,router,155,0
CP8EP8,2,1,2,router,156,4
CP8EP8,2,1,2,router,157,785
CP8EP8,2,1,2,router,158,1273
CP8EP8,2,1,2,router,159,0
CP8EP8,2,1,2,router,160,112
CP8EP8,2,1,2,router,161,1673
CP8EP8,2,1,2,router,162,0
CP8EP8,2,1,2,router,163,1558
CP8EP8,2,1,2,router,164,0
CP8EP8,2,1,2,router,165,0
CP8EP8,2,1,2,router,166,8048
CP8EP8,2,1,2,router,167,1355
CP8EP8,2,1,2,router,168,5
CP8EP8,2,1,2,router,169,19
CP8EP8,2,1,2,router,170,14
CP8EP8,2,1,2,router,171,5
CP8EP8,2,1,2,router,172,240
CP8EP8,2,1,2,router,173,0
CP8EP8,2,1,2,router,174,3996
CP8EP8,2,1,2,router,175,181
CP8EP8,2,1,2,router,176,0
CP8EP8,2,1,2,router,177,2606
CP8EP8,2,1,2,router,178,0
CP8EP8,2,1,2,router,179,35
CP8EP8,2,1,2,router,180,29
CP8EP8,2,1,2,router,181,9
CP8EP8,2,1,2,router,182,0
CP8EP8,2,1,2,router,183,29
CP8EP8,2,1,2,router,184,10
CP8EP8,2,1,2,router,185,2847
CP8EP8,2,1,2,router,186,2789
CP8EP8,2,1,2,router,187,4
CP8EP8,2,1,2,router,188,3
CP8EP8,2,1,2,router,189,1
CP8EP8,2,1,2,router,190,792
CP8EP8,2,1,2,router,191,382
CP8EP8,2,1,2,router,192,2
CP8EP8,2,1,2,router,193,4131
CP8EP8,2,1,2,router,194,2
CP8EP8,2,1,2,router,195,3
CP8EP8,2,1,2,router,196,14
CP8EP8,2,1,2,router,197,0
CP8EP8,2,1,2,router,198,0
CP8EP8,2,1,2,router,199,974
CP8EP8,2,1,2,router,200,4
CP8EP8,2,1,2,router,201,120
CP8EP8,2,1,2,router,202,0
CP8EP8,2,1,2,router,203,10
CP8EP8,2,1,2,router,204,3
CP8EP8,2,1,2,router,205,23
CP8EP8,2,1,2,router,206,2776
CP8EP8,2,1,2,router,207,2
CP8EP8,2,1,2,router,208,27
CP8EP8,2,1,2,router,209,2
CP8EP8,2,1,2,router,210,0
CP8EP8,2,1,2,router,211,112
CP8EP8,2,1,2,router,212,17
CP8EP8,2,1,2,router,213,1093
CP8EP8,2,1,2,router,214,70
CP8EP8,2,1,2,router,215,479
CP8EP8,2,1,2,router,216,0
CP8EP8,2,1,2,router,217,1609
CP8EP8,2,1,2,router,218,3033
CP8EP8,2,1,2,router,219,0
CP8EP8,2,1,2,router,220,29
CP8EP8,2,1,2,router,221,0
CP8EP8,2,1,2,router,222,0
CP8EP8,2,1,2,router,223,3918
CP8EP8,2,1,2,router,224,23
CP8EP8,2,1,2,router,225,0
CP8EP8,2,1,2,router,226,1
CP8EP8,2,1,2,router,227,402
CP8EP8,2,1,2,router,228,2
CP8EP8,2,1,2,router,229,0
CP8EP8,2,1,2,router,230,0
CP8EP8,2,1,2,router,231,0
CP8EP8,2,1,2,router,232,1
CP8EP8,2,1,2,router,233,9186
CP8EP8,2,1,2,router,234,0
CP8EP8,2,1,2,router,235,2
CP8EP8,2,1,2,router,236,24
CP8EP8,2,1,2,router,237,1645
CP8EP8,2,1,2,router,238,1118
CP8EP8,2,1,2,router,239,0
CP8EP8,2,1,2,router,240,6
CP8EP8,2,1,2,router,241,1
CP8EP8,2,1,2,router,242,1116
CP8EP8,2,1,2,router,243,12
CP8EP8,2,1,2,router,244,0
CP8EP8,2,1,2,router,245,4
CP8EP8,2,1,2,router,246,5
CP8EP8,2,1,2,router,247,4
CP8EP8,2,1,2,router,248,211
CP8EP8,2,1,2,router,249,2
CP8EP8,2,1,2,router,250,96
CP8EP8,2,1,2,router,251,2
CP8EP8,2,1,2,router,252,0
CP8EP8,2,1,2,router,253,3
CP8EP8,2,1,2,router,254,62
CP8EP8,2,1,2,router,255,4
CP8EP8,2,1,2,expert_input,64,1
CP8EP8,2,1,2,expert_input,65,9
CP8EP8,2,1,2,expert_input,66,237
CP8EP8,2,1,2,expert_input,67,0
CP8EP8,2,1,2,expert_input,68,13
CP8EP8,2,1,2,expert_input,69,6
CP8EP8,2,1,2,expert_input,70,50
CP8EP8,2,1,2,expert_input,71,17
CP8EP8,2,1,2,expert_input,72,1411
CP8EP8,2,1,2,expert_input,73,68
CP8EP8,2,1,2,expert_input,74,55
CP8EP8,2,1,2,expert_input,75,9
CP8EP8,2,1,2,expert_input,76,9
CP8EP8,2,1,2,expert_input,77,86
CP8EP8,2,1,2,expert_input,78,7008
CP8EP8,2,1,2,expert_input,79,23
CP8EP8,2,1,2,expert_input,80,29
CP8EP8,2,1,2,expert_input,81,730
CP8EP8,2,1,2,expert_input,82,33021
CP8EP8,2,1,2,expert_input,83,16201
CP8EP8,2,1,2,expert_input,84,0
CP8EP8,2,1,2,expert_input,85,0
CP8EP8,2,1,2,expert_input,86,0
CP8EP8,2,1,2,expert_input,87,1099
CP8EP8,2,1,2,expert_input,88,12
CP8EP8,2,1,2,expert_input,89,2806
CP8EP8,2,1,2,expert_input,90,14221
CP8EP8,2,1,2,expert_input,91,253
CP8EP8,2,1,2,expert_input,92,17
CP8EP8,2,1,2,expert_input,93,1547
CP8EP8,2,1,2,expert_input,94,176
CP8EP8,2,1,2,expert_input,95,503
CP8EP8,2,2,3,router,0,976
CP8EP8,2,2,3,router,1,119
CP8EP8,2,2,3,router,2,45
CP8EP8,2,2,3,router,3,688
CP8EP8,2,2,3,router,4,1464
CP8EP8,2,2,3,router,5,103
CP8EP8,2,2,3,router,6,1
CP8EP8,2,2,3,router,7,3111
CP8EP8,2,2,3,router,8,426
CP8EP8,2,2,3,router,9,53
CP8EP8,2,2,3,router,10,973
CP8EP8,2,2,3,router,11,25
CP8EP8,2,2,3,router,12,1705
CP8EP8,2,2,3,router,13,19
CP8EP8,2,2,3,router,14,1849
CP8EP8,2,2,3,router,15,1
CP8EP8,2,2,3,router,16,591
CP8EP8,2,2,3,router,17,1104
CP8EP8,2,2,3,router,18,1
CP8EP8,2,2,3,router,19,597
CP8EP8,2,2,3,router,20,249
CP8EP8,2,2,3,router,21,2
CP8EP8,2,2,3,router,22,285
CP8EP8,2,2,3,router,23,2623
CP8EP8,2,2,3,router,24,3
CP8EP8,2,2,3,router,25,293
CP8EP8,2,2,3,router,26,678
CP8EP8,2,2,3,router,27,11
CP8EP8,2,2,3,router,28,0
CP8EP8,2,2,3,router,29,179
CP8EP8,2,2,3,router,30,1476
CP8EP8,2,2,3,router,31,5
CP8EP8,2,2,3,router,32,1254
CP8EP8,2,2,3,router,33,209
CP8EP8,2,2,3,router,34,66
CP8EP8,2,2,3,router,35,580
CP8EP8,2,2,3,router,36,28
CP8EP8,2,2,3,router,37,185
CP8EP8,2,2,3,router,38,0
CP8EP8,2,2,3,router,39,560
CP8EP8,2,2,3,router,40,256
CP8EP8,2,2,3,router,41,610
CP8EP8,2,2,3,router,42,113
CP8EP8,2,2,3,router,43,20
CP8EP8,2,2,3,router,44,1
CP8EP8,2,2,3,router,45,11
CP8EP8,2,2,3,router,46,671
CP8EP8,2,2,3,router,47,29
CP8EP8,2,2,3,router,48,6
CP8EP8,2,2,3,router,49,178
CP8EP8,2,2,3,router,50,0
CP8EP8,2,2,3,router,51,401
CP8EP8,2,2,3,router,52,1
CP8EP8,2,2,3,router,53,7
CP8EP8,2,2,3,router,54,37
CP8EP8,2,2,3,router,55,0
CP8EP8,2,2,3,router,56,1742
CP8EP8,2,2,3,router,57,613
CP8EP8,2,2,3,router,58,413
CP8EP8,2,2,3,router,59,1501
CP8EP8,2,2,3,router,60,2002
CP8EP8,2,2,3,router,61,547
CP8EP8,2,2,3,router,62,930
CP8EP8,2,2,3,router,63,471
CP8EP8,2,2,3,router,64,96
CP8EP8,2,2,3,router,65,183
CP8EP8,2,2,3,router,66,5
CP8EP8,2,2,3,router,67,160
CP8EP8,2,2,3,router,68,75
CP8EP8,2,2,3,router,69,534
CP8EP8,2,2,3,router,70,1778
CP8EP8,2,2,3,router,71,617
CP8EP8,2,2,3,router,72,1031
CP8EP8,2,2,3,router,73,2007
CP8EP8,2,2,3,router,74,747
CP8EP8,2,2,3,router,75,360
CP8EP8,2,2,3,router,76,144
CP8EP8,2,2,3,router,77,1437
CP8EP8,2,2,3,router,78,0
CP8EP8,2,2,3,router,79,4
CP8EP8,2,2,3,router,80,2447
CP8EP8,2,2,3,router,81,1167
CP8EP8,2,2,3,router,82,15
CP8EP8,2,2,3,router,83,1951
CP8EP8,2,2,3,router,84,90
CP8EP8,2,2,3,router,85,7
CP8EP8,2,2,3,router,86,32
CP8EP8,2,2,3,router,87,1518
CP8EP8,2,2,3,router,88,771
CP8EP8,2,2,3,router,89,373
CP8EP8,2,2,3,router,90,0
CP8EP8,2,2,3,router,91,5
CP8EP8,2,2,3,router,92,594
CP8EP8,2,2,3,router,93,579
CP8EP8,2,2,3,router,94,0
CP8EP8,2,2,3,router,95,43
CP8EP8,2,2,3,router,96,486
CP8EP8,2,2,3,router,97,1974
CP8EP8,2,2,3,router,98,141
CP8EP8,2,2,3,router,99,449
CP8EP8,2,2,3,router,100,1207
CP8EP8,2,2,3,router,101,4
CP8EP8,2,2,3,router,102,0
CP8EP8,2,2,3,router,103,21
CP8EP8,2,2,3,router,104,769
CP8EP8,2,2,3,router,105,160
CP8EP8,2,2,3,router,106,561
CP8EP8,2,2,3,router,107,480
CP8EP8,2,2,3,router,108,565
CP8EP8,2,2,3,router,109,0
CP8EP8,2,2,3,router,110,0
CP8EP8,2,2,3,router,111,230
CP8EP8,2,2,3,router,112,1292
CP8EP8,2,2,3,router,113,546
CP8EP8,2,2,3,router,114,113
CP8EP8,2,2,3,router,115,603
CP8EP8,2,2,3,router,116,439
CP8EP8,2,2,3,router,117,60
CP8EP8,2,2,3,router,118,136
CP8EP8,2,2,3,router,119,43
CP8EP8,2,2,3,router,120,68
CP8EP8,2,2,3,router,121,483
CP8EP8,2,2,3,router,122,580
CP8EP8,2,2,3,router,123,279
CP8EP8,2,2,3,router,124,186
CP8EP8,2,2,3,router,125,0
CP8EP8,2,2,3,router,126,3
CP8EP8,2,2,3,router,127,1675
CP8EP8,2,2,3,router,128,710
CP8EP8,2,2,3,router,129,105
CP8EP8,2,2,3,router,130,1
CP8EP8,2,2,3,router,131,224
CP8EP8,2,2,3,router,132,743
CP8EP8,2,2,3,router,133,300
CP8EP8,2,2,3,router,134,2221
CP8EP8,2,2,3,router,135,280
CP8EP8,2,2,3,router,136,2
CP8EP8,2,2,3,router,137,309
CP8EP8,2,2,3,router,138,69
CP8EP8,2,2,3,router,139,158
CP8EP8,2,2,3,router,140,293
CP8EP8,2,2,3,router,141,463
CP8EP8,2,2,3,router,142,2
CP8EP8,2,2,3,router,143,38
CP8EP8,2,2,3,router,144,811
CP8EP8,2,2,3,router,145,783
CP8EP8,2,2,3,router,146,360
CP8EP8,2,2,3,router,147,329
CP8EP8,2,2,3,router,148,39
CP8EP8,2,2,3,router,149,597
CP8EP8,2,2,3,router,150,203
CP8EP8,2,2,3,router,151,1353
CP8EP8,2,2,3,router,152,16
CP8EP8,2,2,3,router,153,7
CP8EP8,2,2,3,router,154,3755
CP8EP8,2,2,3,router,155,971
CP8EP8,2,2,3,router,156,0
CP8EP8,2,2,3,router,157,814
CP8EP8,2,2,3,router,158,736
CP8EP8,2,2,3,router,159,3444
CP8EP8,2,2,3,router,160,96
CP8EP8,2,2,3,router,161,3482
CP8EP8,2,2,3,router,162,569
CP8EP8,2,2,3,router,163,0
CP8EP8,2,2,3,router,164,685
CP8EP8,2,2,3,router,165,311
CP8EP8,2,2,3,router,166,1234
CP8EP8,2,2,3,router,167,170
CP8EP8,2,2,3,router,168,357
CP8EP8,2,2,3,router,169,750
CP8EP8,2,2,3,router,170,291
CP8EP8,2,2,3,router,171,2294
CP8EP8,2,2,3,router,172,8
CP8EP8,2,2,3,router,173,0
CP8EP8,2,2,3,router,174,1133
CP8EP8,2,2,3,router,175,35
CP8EP8,2,2,3,router,176,848
CP8EP8,2,2,3,router,177,2
CP8EP8,2,2,3,router,178,554
CP8EP8,2,2,3,router,179,514
CP8EP8,2,2,3,router,180,10
CP8EP8,2,2,3,router,181,0
CP8EP8,2,2,3,router,182,0
CP8EP8,2,2,3,router,183,107
CP8EP8,2,2,3,router,184,62
CP8EP8,2,2,3,router,185,184
CP8EP8,2,2,3,router,186,1
CP8EP8,2,2,3,router,187,577
CP8EP8,2,2,3,router,188,67
CP8EP8,2,2,3,router,189,77
CP8EP8,2,2,3,router,190,1066
CP8EP8,2,2,3,router,191,665
CP8EP8,2,2,3,router,192,864
CP8EP8,2,2,3,router,193,539
CP8EP8,2,2,3,router,194,0
CP8EP8,2,2,3,router,195,1243
CP8EP8,2,2,3,router,196,382
CP8EP8,2,2,3,router,197,16
CP8EP8,2,2,3,router,198,0
CP8EP8,2,2,3,router,199,0
CP8EP8,2,2,3,router,200,845
CP8EP8,2,2,3,router,201,124
CP8EP8,2,2,3,router,202,50
CP8EP8,2,2,3,router,203,817
CP8EP8,2,2,3,router,204,11
CP8EP8,2,2,3,router,205,25
CP8EP8,2,2,3,router,206,1355
CP8EP8,2,2,3,router,207,257
CP8EP8,2,2,3,router,208,996
CP8EP8,2,2,3,router,209,100
CP8EP8,2,2,3,router,210,2239
CP8EP8,2,2,3,router,211,85
CP8EP8,2,2,3,router,212,63
CP8EP8,2,2,3,router,213,0
CP8EP8,2,2,3,router,214,20
CP8EP8,2,2,3,router,215,192
CP8EP8,2,2,3,router,216,55
CP8EP8,2,2,3,router,217,0
CP8EP8,2,2,3,router,218,245
CP8EP8,2,2,3,router,219,12
CP8EP8,2,2,3,router,220,529
CP8EP8,2,2,3,router,221,3
CP8EP8,2,2,3,router,222,548
CP8EP8,2,2,3,router,223,1624
CP8EP8,2,2,3,router,224,63
CP8EP8,2,2,3,router,225,1204
CP8EP8,2,2,3,router,226,386
CP8EP8,2,2,3,router,227,4
CP8EP8,2,2,3,router,228,211
CP8EP8,2,2,3,router,229,2916
CP8EP8,2,2,3,router,230,648
CP8EP8,2,2,3,router,231,8
CP8EP8,2,2,3,router,232,200
CP8EP8,2,2,3,router,233,0
CP8EP8,2,2,3,router,234,1285
CP8EP8,2,2,3,router,235,419
CP8EP8,2,2,3,router,236,688
CP8EP8,2,2,3,router,237,423
CP8EP8,2,2,3,router,238,607
CP8EP8,2,2,3,router,239,683
CP8EP8,2,2,3,router,240,87
CP8EP8,2,2,3,router,241,740
CP8EP8,2,2,3,router,242,0
CP8EP8,2,2,3,router,243,24
CP8EP8,2,2,3,router,244,156
CP8EP8,2,2,3,router,245,1
CP8EP8,2,2,3,router,246,324
CP8EP8,2,2,3,router,247,859
CP8EP8,2,2,3,router,248,0
CP8EP8,2,2,3,router,249,296
CP8EP8,2,2,3,router,250,1804
CP8EP8,2,2,3,router,251,0
CP8EP8,2,2,3,router,252,1449
CP8EP8,2,2,3,router,253,183
CP8EP8,2,2,3,router,254,74
CP8EP8,2,2,3,router,255,386
CP8EP8,2,2,3,expert_input,64,721
CP8EP8,2,2,3,expert_input,65,1525
CP8EP8,2,2,3,expert_input,66,54
CP8EP8,2,2,3,expert_input,67,1297
CP8EP8,2,2,3,expert_input,68,603
CP8EP8,2,2,3,expert_input,69,4294
CP8EP8,2,2,3,expert_input,70,14623
CP8EP8,2,2,3,expert_input,71,4997
CP8EP8,2,2,3,expert_input,72,8138
CP8EP8,2,2,3,expert_input,73,15892
CP8EP8,2,2,3,expert_input,74,5963
CP8EP8,2,2,3,expert_input,75,2815
CP8EP8,2,2,3,expert_input,76,1131
CP8EP8,2,2,3,expert_input,77,11504
CP8EP8,2,2,3,expert_input,78,16
CP8EP8,2,2,3,expert_input,79,31
CP8EP8,2,2,3,expert_input,80,19736
CP8EP8,2,2,3,expert_input,81,9249
CP8EP8,2,2,3,expert_input,82,87
CP8EP8,2,2,3,expert_input,83,15738
CP8EP8,2,2,3,expert_input,84,735
CP8EP8,2,2,3,expert_input,85,66
CP8EP8,2,2,3,expert_input,86,239
CP8EP8,2,2,3,expert_input,87,11498
CP8EP8,2,2,3,expert_input,88,5761
CP8EP8,2,2,3,expert_input,89,2924
CP8EP8,2,2,3,expert_input,90,0
CP8EP8,2,2,3,expert_input,91,33
CP8EP8,2,2,3,expert_input,92,4888
CP8EP8,2,2,3,expert_input,93,4894
CP8EP8,2,2,3,expert_input,94,6
CP8EP8,2,2,3,expert_input,95,424
CP8EP8,3,1,2,router,0,286
CP8EP8,3,1,2,router,1,5
CP8EP8,3,1,2,router,2,892
CP8EP8,3,1,2,router,3,2421
CP8EP8,3,1,2,router,4,3
CP8EP8,3,1,2,router,5,838
CP8EP8,3,1,2,router,6,7
CP8EP8,3,1,2,router,7,0
CP8EP8,3,1,2,router,8,8
CP8EP8,3,1,2,router,9,0
CP8EP8,3,1,2,router,10,5
CP8EP8,3,1,2,router,11,5668
CP8EP8,3,1,2,router,12,1
CP8EP8,3,1,2,router,13,1459
CP8EP8,3,1,2,router,14,70
CP8EP8,3,1,2,router,15,3804
CP8EP8,3,1,2,router,16,1
CP8EP8,3,1,2,router,17,832
CP8EP8,3,1,2,router,18,9
CP8EP8,3,1,2,router,19,3
CP8EP8,3,1,2,router,20,7
CP8EP8,3,1,2,router,21,5
CP8EP8,3,1,2,router,22,5
CP8EP8,3,1,2,router,23,6
CP8EP8,3,1,2,router,24,0
CP8EP8,3,1,2,router,25,1
CP8EP8,3,1,2,router,26,9079
CP8EP8,3,1,2,router,27,506
CP8EP8,3,1,2,router,28,5761
CP8EP8,3,1,2,router,29,0
CP8EP8,3,1,2,router,30,8
CP8EP8,3,1,2,router,31,0
CP8EP8,3,1,2,router,32,7
CP8EP8,3,1,2,router,33,1
CP8EP8,3,1,2,router,34,33
CP8EP8,3,1,2,router,35,0
CP8EP8,3,1,2,router,36,3
CP8EP8,3,1,2,router,37,3251
CP8EP8,3,1,2,router,38,2
CP8EP8,3,1,2,router,39,0
CP8EP8,3,1,2,router,40,2
CP8EP8,3,1,2,router,41,9943
CP8EP8,3,1,2,router,42,1
CP8EP8,3,1,2,router,43,0
CP8EP8,3,1,2,router,44,0
CP8EP8,3,1,2,router,45,34
CP8EP8,3,1,2,router,46,0
CP8EP8,3,1,2,router,47,13
CP8EP8,3,1,2,router,48,0
CP8EP8,3,1,2,router,49,1
CP8EP8,3,1,2,router,50,19
CP8EP8,3,1,2,router,51,2
CP8EP8,3,1,2,router,52,5
CP8EP8,3,1,2,router,53,0
CP8EP8,3,1,2,router,54,48
CP8EP8,3,1,2,router,55,0
CP8EP8,3,1,2,router,56,6
CP8EP8,3,1,2,router,57,738
CP8EP8,3,1,2,router,58,31
CP8EP8,3,1,2,router,59,5
CP8EP8,3,1,2,router,60,0
CP8EP8,3,1,2,router,61,89
CP8EP8,3,1,2,router,62,1072
CP8EP8,3,1,2,router,63,45
CP8EP8,3,1,2,router,64,0
CP8EP8,3,1,2,router,65,1
CP8EP8,3,1,2,router,66,25
CP8EP8,3,1,2,router,67,0
CP8EP8,3,1,2,router,68,1
CP8EP8,3,1,2,router,69,0
CP8EP8,3,1,2,router,70,6
CP8EP8,3,1,2,router,71,1
CP8EP8,3,1,2,router,72,173
CP8EP8,3,1,2,router,73,8
CP8EP8,3,1,2,router,74,4
CP8EP8,3,1,2,router,75,1
CP8EP8,3,1,2,router,76,1
CP8EP8,3,1,2,router,77,11
CP8EP8,3,1,2,router,78,883
CP8EP8,3,1,2,router,79,1
CP8EP8,3,1,2,router,80,0
CP8EP8,3,1,2,router,81,76
CP8EP8,3,1,2,router,82,4134
CP8EP8,3,1,2,router,83,2025
CP8EP8,3,1,2,router,84,0
CP8EP8,3,1,2,router,85,0
CP8EP8,3,1,2,router,86,0
CP8EP8,3,1,2,router,87,125
CP8EP8,3,1,2,router,88,1
CP8EP8,3,1,2,router,89,353
CP8EP8,3,1,2,router,90,1823
CP8EP8,3,1,2,router,91,28
CP8EP8,3,1,2,router,92,1
CP8EP8,3,1,2,router,93,177
CP8EP8,3,1,2,router,94,14
CP8EP8,3,1,2,router,95,65
CP8EP8,3,1,2,router,96,0
CP8EP8,3,1,2,router,97,2
CP8EP8,3,1,2,router,98,2406
CP8EP8,3,1,2,router,99,11
CP8EP8,3,1,2,router,100,1404
CP8EP8,3,1,2,router,101,11
CP8EP8,3,1,2,router,102,387
CP8EP8,3,1,2,router,103,0
CP8EP8,3,1,2,router,104,5
CP8EP8,3,1,2,router,105,1
CP8EP8,3,1,2,router,106,2
CP8EP8,3,1,2,router,107,26
CP8EP8,3,1,2,router,108,0
CP8EP8,3,1,2,router,109,4
CP8EP8,3,1,2,router,110,4
CP8EP8,3,1,2,router,111,5
CP8EP8,3,1,2,router,112,2
CP8EP8,3,1,2,router,113,1
CP8EP8,3,1,2,router,114,16
CP8EP8,3,1,2,router,115,3
CP8EP8,3,1,2,router,116,4
CP8EP8,3,1,2,router,117,4326
CP8EP8,3,1,2,router,118,1
CP8EP8,3,1,2,router,119,0
CP8EP8,3,1,2,router,120,9
CP8EP8,3,1,2,router,121,0
CP8EP8,3,1,2,router,122,3
CP8EP8,3,1,2,router,123,36
CP8EP8,3,1,2,router,124,0
CP8EP8,3,1,2,router,125,21
CP8EP8,3,1,2,router,126,2
CP8EP8,3,1,2,router,127,21
CP8EP8,3,1,2,router,128,85
CP8EP8,3,1,2,router,129,62
CP8EP8,3,1,2,router,130,0
CP8EP8,3,1,2,router,131,18
CP8EP8,3,1,2,router,132,1
CP8EP8,3,1,2,router,133,0
CP8EP8,3,1,2,router,134,1
CP8EP8,3,1,2,router,135,19
CP8EP8,3,1,2,router,136,7
CP8EP8,3,1,2,router,137,0
CP8EP8,3,1,2,router,138,0
CP8EP8,3,1,2,router,139,55
CP8EP8,3,1,2,router,140,81
CP8EP8,3,1,2,router,141,0
CP8EP8,3,1,2,router,142,0
CP8EP8,3,1,2,router,143,6
CP8EP8,3,1,2,router,144,0
CP8EP8,3,1,2,router,145,32
CP8EP8,3,1,2,router,146,0
CP8EP8,3,1,2,router,147,94
CP8EP8,3,1,2,router,148,1
CP8EP8,3,1,2,router,149,19
CP8EP8,3,1,2,router,150,0
CP8EP8,3,1,2,router,151,0
CP8EP8,3,1,2,router,152,3496
CP8EP8,3,1,2,router,153,0
CP8EP8,3,1,2,router,154,1
CP8EP8,3,1,2,router,155,0
CP8EP8,3,1,2,router,156,3
CP8EP8,3,1,2,router,157,813
CP8EP8,3,1,2,router,158,1269
CP8EP8,3,1,2,router,159,1
CP8EP8,3,1,2,router,160,110
CP8EP8,3,1,2,router,161,1783
CP8EP8,3,1,2,router,162,0
CP8EP8,3,1,2,router,163,1482
CP8EP8,3,1,2,router,164,0
CP8EP8,3,1,2,router,165,0
CP8EP8,3,1,2,router,166,8225
CP8EP8,3,1,2,router,167,1373
CP8EP8,3,1,2,router,168,1
CP8EP8,3,1,2,router,169,27
CP8EP8,3,1,2,router,170,11
CP8EP8,3,1,2,router,171,4
CP8EP8,3,1,2,router,172,245
CP8EP8,3,1,2,router,173,1
CP8EP8,3,1,2,router,174,3903
CP8EP8,3,1,2,router,175,176
CP8EP8,3,1,2,router,176,0
CP8EP8,3,1,2,router,177,2656
CP8EP8,3,1,2,router,178,0
CP8EP8,3,1,2,router,179,29
CP8EP8,3,1,2,router,180,24
CP8EP8,3,1,2,router,181,9
CP8EP8,3,1,2,router,182,0
CP8EP8,3,1,2,router,183,31
CP8EP8,3,1,2,router,184,11
CP8EP8,3,1,2,router,185,2932
CP8EP8,3,1,2,router,186,2844
CP8EP8,3,1,2,router,187,4
CP8EP8,3,1,2,router,188,2
CP8EP8,3,1,2,router,189,0
CP8EP8,3,1,2,router,190,724
CP8EP8,3,1,2,router,191,345
CP8EP8,3,1,2,router,192,3
CP8EP8,3,1,2,router,193,4110
CP8EP8,3,1,2,router,194,0
CP8EP8,3,1,2,router,195,2
CP8EP8,3,1,2,router,196,18
CP8EP8,3,1,2,router,197,0
CP8EP8,3,1,2,router,198,0
CP8EP8,3,1,2,router,199,1012
CP8EP8,3,1,2,router,200,4
CP8EP8,3,1,2,router,201,112
CP8EP8,3,1,2,router,202,0
CP8EP8,3,1,2,router,203,16
CP8EP8,3,1,2,router,204,1
CP8EP8,3,1,2,router,205,18
CP8EP8,3,1,2,router,206,2754
CP8EP8,3,1,2,router,207,3
CP8EP8,3,1,2,router,208,13
CP8EP8,3,1,2,router,209,2
CP8EP8,3,1,2,router,210,0
CP8EP8,3,1,2,router,211,100
CP8EP8,3,1,2,router,212,18
CP8EP8,3,1,2,router,213,1091
CP8EP8,3,1,2,router,214,67
CP8EP8,3,1,2,router,215,432
CP8EP8,3,1,2,router,216,1
CP8EP8,3,1,2,router,217,1642
CP8EP8,3,1,2,router,218,2993
CP8EP8,3,1,2,router,219,0
CP8EP8,3,1,2,router,220,25
CP8EP8,3,1,2,router,221,2
CP8EP8,3,1,2,router,222,0
CP8EP8,3,1,2,router,223,4129
CP8EP8,3,1,2,router,224,17
CP8EP8,3,1,2,router,225,0
CP8EP8,3,1,2,router,226,0
CP8EP8,3,1,2,router,227,372
CP8EP8,3,1,2,router,228,0
CP8EP8,3,1,2,router,229,0
CP8EP8,3,1,2,router,230,0
CP8EP8,3,1,2,router,231,0
CP8EP8,3,1,2,router,232,0
CP8EP8,3,1,2,router,233,9185
CP8EP8,3,1,2,router,234,0
CP8EP8,3,1,2,router,235,0
CP8EP8,3,1,2,router,236,31
CP8EP8,3,1,2,router,237,1628
CP8EP8,3,1,2,router,238,1116
CP8EP8,3,1,2,router,239,0
CP8EP8,3,1,2,router,240,8
CP8EP8,3,1,2,router,241,1
CP8EP8,3,1,2,router,242,1077
CP8EP8,3,1,2,router,243,5
CP8EP8,3,1,2,router,244,0
CP8EP8,3,1,2,router,245,4
CP8EP8,3,1,2,router,246,2
CP8EP8,3,1,2,router,247,3
CP8EP8,3,1,2,router,248,180
CP8EP8,3,1,2,router,249,3
CP8EP8,3,1,2,router,250,102
CP8EP8,3,1,2,router,251,1
CP8EP8,3,1,2,router,252,0
CP8EP8,3,1,2,router,253,3
CP8EP8,3,1,2,router,254,56
CP8EP8,3,1,2,router,255,2
CP8EP8,3,1,2,expert_input,96,2
CP8EP8,3,1,2,expert_input,97,45
CP8EP8,3,1,2,expert_input,98,18843
CP8EP8,3,1,2,expert_input,99,67
CP8EP8,3,1,2,expert_input,100,11577
CP8EP8,3,1,2,expert_input,101,55
CP8EP8,3,1,2,expert_input,102,2962
CP8EP8,3,1,2,expert_input,103,6
CP8EP8,3,1,2,expert_input,104,24
CP8EP8,3,1,2,expert_input,105,1
CP8EP8,3,1,2,expert_input,106,3
CP8EP8,3,1,2,expert_input,107,219
CP8EP8,3,1,2,expert_input,108,0
CP8EP8,3,1,2,expert_input,109,53
CP8EP8,3,1,2,expert_input,110,32
CP8EP8,3,1,2,expert_input,111,42
CP8EP8,3,1,2,expert_input,112,13
CP8EP8,3,1,2,expert_input,113,10
CP8EP8,3,1,2,expert_input,114,96
CP8EP8,3,1,2,expert_input,115,31
CP8EP8,3,1,2,expert_input,116,13
CP8EP8,3,1,2,expert_input,117,34641
CP8EP8,3,1,2,expert_input,118,7
CP8EP8,3,1,2,expert_input,119,0
CP8EP8,3,1,2,expert_input,120,43
CP8EP8,3,1,2,expert_input,121,1
CP8EP8,3,1,2,expert_input,122,72
CP8EP8,3,1,2,expert_input,123,358
CP8EP8,3,1,2,expert_input,124,0
CP8EP8,3,1,2,expert_input,125,165
CP8EP8,3,1,2,expert_input,126,16
CP8EP8,3,1,2,expert_input,127,265
CP8EP8,3,2,3,router,0,930
CP8EP8,3,2,3,router,1,126
CP8EP8,3,2,3,router,2,41
CP8EP8,3,2,3,router,3,681
CP8EP8,3,2,3,router,4,1570
CP8EP8,3,2,3,router,5,107
CP8EP8,3,2,3,router,6,1
CP8EP8,3,2,3,router,7,3119
CP8EP8,3,2,3,router,8,450
CP8EP8,3,2,3,router,9,75
CP8EP8,3,2,3,router,10,1073
CP8EP8,3,2,3,router,11,23
CP8EP8,3,2,3,router,12,1752
CP8EP8,3,2,3,router,13,25
CP8EP8,3,2,3,router,14,1975
CP8EP8,3,2,3,router,15,2
CP8EP8,3,2,3,router,16,635
CP8EP8,3,2,3,router,17,1095
CP8EP8,3,2,3,router,18,0
CP8EP8,3,2,3,router,19,685
CP8EP8,3,2,3,router,20,213
CP8EP8,3,2,3,router,21,1
CP8EP8,3,2,3,router,22,253
CP8EP8,3,2,3,router,23,2735
CP8EP8,3,2,3,router,24,0
CP8EP8,3,2,3,router,25,325
CP8EP8,3,2,3,router,26,653
CP8EP8,3,2,3,router,27,11
CP8EP8,3,2,3,router,28,0
CP8EP8,3,2,3,router,29,184
CP8EP8,3,2,3,router,30,1487
CP8EP8,3,2,3,router,31,7
CP8EP8,3,2,3,router,32,1254
CP8EP8,3,2,3,router,33,199
CP8EP8,3,2,3,router,34,60
CP8EP8,3,2,3,router,35,539
CP8EP8,3,2,3,router,36,23
CP8EP8,3,2,3,router,37,199
CP8EP8,3,2,3,router,38,0
CP8EP8,3,2,3,router,39,564
CP8EP8,3,2,3,router,40,255
CP8EP8,3,2,3,router,41,570
CP8EP8,3,2,3,router,42,116
CP8EP8,3,2,3,router,43,11
CP8EP8,3,2,3,router,44,1
CP8EP8,3,2,3,router,45,5
CP8EP8,3,2,3,router,46,654
CP8EP8,3,2,3,router,47,34
CP8EP8,3,2,3,router,48,17
CP8EP8,3,2,3,router,49,172
CP8EP8,3,2,3,router,50,0
CP8EP8,3,2,3,router,51,345
CP8EP8,3,2,3,router,52,0
CP8EP8,3,2,3,router,53,3
CP8EP8,3,2,3,router,54,25
CP8EP8,3,2,3,router,55,0
CP8EP8,3,2,3,router,56,1776
CP8EP8,3,2,3,router,57,649
CP8EP8,3,2,3,router,58,406
CP8EP8,3,2,3,router,59,1520
CP8EP8,3,2,3,router,60,2078
CP8EP8,3,2,3,router,61,497
CP8EP8,3,2,3,router,62,933
CP8EP8,3,2,3,router,63,462
CP8EP8,3,2,3,router,64,94
CP8EP8,3,2,3,router,65,194
CP8EP8,3,2,3,router,66,9
CP8EP8,3,2,3,router,67,139
CP8EP8,3,2,3,router,68,88
CP8EP8,3,2,3,router,69,567
CP8EP8,3,2,3,router,70,1855
CP8EP8,3,2,3,router,71,623
CP8EP8,3,2,3,router,72,1043
CP8EP8,3,2,3,router,73,1952
CP8EP8,3,2,3,router,74,748
CP8EP8,3,2,3,router,75,339
CP8EP8,3,2,3,router,76,143
CP8EP8,3,2,3,router,77,1438
CP8EP8,3,2,3,router,78,2
CP8EP8,3,2,3,router,79,3
CP8EP8,3,2,3,router,80,2475
CP8EP8,3,2,3,router,81,1163
CP8EP8,3,2,3,router,82,7
CP8EP8,3,2,3,router,83,1997
CP8EP8,3,2,3,router,84,72
CP8EP8,3,2,3,router,85,10
CP8EP8,3,2,3,router,86,27
CP8EP8,3,2,3,router,87,1344
CP8EP8,3,2,3,router,88,721
CP8EP8,3,2,3,router,89,343
CP8EP8,3,2,3,router,90,0
CP8EP8,3,2,3,router,91,4
CP8EP8,3,2,3,router,92,640
CP8EP8,3,2,3,router,93,589
CP8EP8,3,2,3,router,94,0
CP8EP8,3,2,3,router,95,53
CP8EP8,3,2,3,router,96,524
CP8EP8,3,2,3,router,97,1967
CP8EP8,3,2,3,router,98,137
CP8EP8,3,2,3,router,99,403
CP8EP8,3,2,3,router,100,1096
CP8EP8,3,2,3,router,101,5
CP8EP8,3,2,3,router,102,0
CP8EP8,3,2,3,router,103,21
CP8EP8,3,2,3,router,104,811
CP8EP8,3,2,3,router,105,177
CP8EP8,3,2,3,router,106,554
CP8EP8,3,2,3,router,107,448
CP8EP8,3,2,3,router,108,611
CP8EP8,3,2,3,router,109,1
CP8EP8,3,2,3,router,110,0
CP8EP8,3,2,3,router,111,189
CP8EP8,3,2,3,router,112,1434
CP8EP8,3,2,3,router,113,513
CP8EP8,3,2,3,router,114,76
CP8EP8,3,2,3,router,115,570
CP8EP8,3,2,3,router,116,412
CP8EP8,3,2,3,router,117,55
CP8EP8,3,2,3,router,118,123
CP8EP8,3,2,3,router,119,39
CP8EP8,3,2,3,router,120,61
CP8EP8,3,2,3,router,121,442
CP8EP8,3,2,3,router,122,593
CP8EP8,3,2,3,router,123,279
CP8EP8,3,2,3,router,124,160
CP8EP8,3,2,3,router,125,0
CP8EP8,3,2,3,router,126,2
CP8EP8,3,2,3,router,127,1653
CP8EP8,3,2,3,router,128,783
CP8EP8,3,2,3,router,129,116
CP8EP8,3,2,3,router,130,1
CP8EP8,3,2,3,router,131,220
CP8EP8,3,2,3,router,132,708
CP8EP8,3,2,3,router,133,272
CP8EP8,3,2,3,router,134,2288
CP8EP8,3,2,3,router,135,252
CP8EP8,3,2,3,router,136,0
CP8EP8,3,2,3,router,137,318
CP8EP8,3,2,3,router,138,60
CP8EP8,3,2,3,router,139,147
CP8EP8,3,2,3,router,140,303
CP8EP8,3,2,3,router,141,451
CP8EP8,3,2,3,router,142,3
CP8EP8,3,2,3,router,143,36
CP8EP8,3,2,3,router,144,784
CP8EP8,3,2,3,router,145,734
CP8EP8,3,2,3,router,146,368
CP8EP8,3,2,3,router,147,328
CP8EP8,3,2,3,router,148,33
CP8EP8,3,2,3,router,149,646
CP8EP8,3,2,3,router,150,195
CP8EP8,3,2,3,router,151,1297
CP8EP8,3,2,3,router,152,11
CP8EP8,3,2,3,router,153,3
CP8EP8,3,2,3,router,154,3650
CP8EP8,3,2,3,router,155,994
CP8EP8,3,2,3,router,156,0
CP8EP8,3,2,3,router,157,852
CP8EP8,3,2,3,router,158,778
CP8EP8,3,2,3,router,159,3432
CP8EP8,3,2,3,router,160,101
CP8EP8,3,2,3,router,161,3485
CP8EP8,3,2,3,router,162,628
CP8EP8,3,2,3,router,163,0
CP8EP8,3,2,3,router,164,600
CP8EP8,3,2,3,router,165,345
CP8EP8,3,2,3,router,166,1309
CP8EP8,3,2,3,router,167,148
CP8EP8,3,2,3,router,168,333
CP8EP8,3,2,3,router,169,746
CP8EP8,3,2,3,router,170,340
CP8EP8,3,2,3,router,171,2365
CP8EP8,3,2,3,router,172,6
CP8EP8,3,2,3,router,173,2
CP8EP8,3,2,3,router,174,1139
CP8EP8,3,2,3,router,175,24
CP8EP8,3,2,3,router,176,842
CP8EP8,3,2,3,router,177,12
CP8EP8,3,2,3,router,178,566
CP8EP8,3,2,3,router,179,562
CP8EP8,3,2,3,router,180,7
CP8EP8,3,2,3,router,181,0
CP8EP8,3,2,3,router,182,0
CP8EP8,3,2,3,router,183,101
CP8EP8,3,2,3,router,184,48
CP8EP8,3,2,3,router,185,158
CP8EP8,3,2,3,router,186,0
CP8EP8,3,2,3,router,187,552
CP8EP8,3,2,3,router,188,66
CP8EP8,3,2,3,router,189,75
CP8EP8,3,2,3,router,190,1060
CP8EP8,3,2,3,router,191,701
CP8EP8,3,2,3,router,192,851
CP8EP8,3,2,3,router,193,527
CP8EP8,3,2,3,router,194,0
CP8EP8,3,2,3,router,195,1091
CP8EP8,3,2,3,router,196,389
CP8EP8,3,2,3,router,197,13
CP8EP8,3,2,3,router,198,0
CP8EP8,3,2,3,router,199,0
CP8EP8,3,2,3,router,200,876
CP8EP8,3,2,3,router,201,135
CP8EP8,3,2,3,router,202,53
CP8EP8,3,2,3,router,203,932
CP8EP8,3,2,3,router,204,11
CP8EP8,3,2,3,router,205,20
CP8EP8,3,2,3,router,206,1243
CP8EP8,3,2,3,router,207,235
CP8EP8,3,2,3,router,208,1054
CP8EP8,3,2,3,router,209,97
CP8EP8,3,2,3,router,210,2263
CP8EP8,3,2,3,router,211,64
CP8EP8,3,2,3,router,212,48
CP8EP8,3,2,3,router,213,0
CP8EP8,3,2,3,router,214,28
CP8EP8,3,2,3,router,215,214
CP8EP8,3,2,3,router,216,65
CP8EP8,3,2,3,router,217,3
CP8EP8,3,2,3,router,218,234
CP8EP8,3,2,3,router,219,9
CP8EP8,3,2,3,router,220,511
CP8EP8,3,2,3,router,221,12
CP8EP8,3,2,3,router,222,550
CP8EP8,3,2,3,router,223,1585
CP8EP8,3,2,3,router,224,67
CP8EP8,3,2,3,router,225,1241
CP8EP8,3,2,3,router,226,355
CP8EP8,3,2,3,router,227,5
CP8EP8,3,2,3,router,228,220
CP8EP8,3,2,3,router,229,2863
CP8EP8,3,2,3,router,230,652
CP8EP8,3,2,3,router,231,5
CP8EP8,3,2,3,router,232,197
CP8EP8,3,2,3,router,233,0
CP8EP8,3,2,3,router,234,1228
CP8EP8,3,2,3,router,235,419
CP8EP8,3,2,3,router,236,698
CP8EP8,3,2,3,router,237,393
CP8EP8,3,2,3,router,238,660
CP8EP8,3,2,3,router,239,672
CP8EP8,3,2,3,router,240,69
CP8EP8,3,2,3,router,241,725
CP8EP8,3,2,3,router,242,0
CP8EP8,3,2,3,router,243,21
CP8EP8,3,2,3,router,244,143
CP8EP8,3,2,3,router,245,0
CP8EP8,3,2,3,router,246,301
CP8EP8,3,2,3,router,247,868
CP8EP8,3,2,3,router,248,0
CP8EP8,3,2,3,router,249,281
CP8EP8,3,2,3,router,250,1899
CP8EP8,3,2,3,router,251,0
CP8EP8,3,2,3,router,252,1382
CP8EP8,3,2,3,router,253,160
CP8EP8,3,2,3,router,254,60
CP8EP8,3,2,3,router,255,352
CP8EP8,3,2,3,expert_input,96,3908
CP8EP8,3,2,3,expert_input,97,15544
CP8EP8,3,2,3,expert_input,98,1190
CP8EP8,3,2,3,expert_input,99,3405
CP8EP8,3,2,3,expert_input,100,9316
CP8EP8,3,2,3,expert_input,101,34
CP8EP8,3,2,3,expert_input,102,2
CP8EP8,3,2,3,expert_input,103,154
CP8EP8,3,2,3,expert_input,104,6180
CP8EP8,3,2,3,expert_input,105,1393
CP8EP8,3,2,3,expert_input,106,4516
CP8EP8,3,2,3,expert_input,107,3846
CP8EP8,3,2,3,expert_input,108,4692
CP8EP8,3,2,3,expert_input,109,2
CP8EP8,3,2,3,expert_input,110,0
CP8EP8,3,2,3,expert_input,111,1534
CP8EP8,3,2,3,expert_input,112,10989
CP8EP8,3,2,3,expert_input,113,4215
CP8EP8,3,2,3,expert_input,114,625
CP8EP8,3,2,3,expert_input,115,4864
CP8EP8,3,2,3,expert_input,116,3385
CP8EP8,3,2,3,expert_input,117,544
CP8EP8,3,2,3,expert_input,118,1083
CP8EP8,3,2,3,expert_input,119,372
CP8EP8,3,2,3,expert_input,120,548
CP8EP8,3,2,3,expert_input,121,3694
CP8EP8,3,2,3,expert_input,122,4754
CP8EP8,3,2,3,expert_input,123,2381
CP8EP8,3,2,3,expert_input,124,1298
CP8EP8,3,2,3,expert_input,125,0
CP8EP8,3,2,3,expert_input,126,15
CP8EP8,3,2,3,expert_input,127,13369
CP8EP8,4,1,2,router,0,276
CP8EP8,4,1,2,router,1,10
CP8EP8,4,1,2,router,2,874
CP8EP8,4,1,2,router,3,2394
CP8EP8,4,1,2,router,4,2
CP8EP8,4,1,2,router,5,825
CP8EP8,4,1,2,router,6,5
CP8EP8,4,1,2,router,7,5
CP8EP8,4,1,2,router,8,0
CP8EP8,4,1,2,router,9,0
CP8EP8,4,1,2,router,10,4
CP8EP8,4,1,2,router,11,5668
CP8EP8,4,1,2,router,12,0
CP8EP8,4,1,2,router,13,1493
CP8EP8,4,1,2,router,14,64
CP8EP8,4,1,2,router,15,3778
CP8EP8,4,1,2,router,16,1
CP8EP8,4,1,2,router,17,808
CP8EP8,4,1,2,router,18,3
CP8EP8,4,1,2,router,19,4
CP8EP8,4,1,2,router,20,6
CP8EP8,4,1,2,router,21,9
CP8EP8,4,1,2,router,22,14
CP8EP8,4,1,2,router,23,5
CP8EP8,4,1,2,router,24,0
CP8EP8,4,1,2,router,25,3
CP8EP8,4,1,2,router,26,8951
CP8EP8,4,1,2,router,27,496
CP8EP8,4,1,2,router,28,5712
CP8EP8,4,1,2,router,29,0
CP8EP8,4,1,2,router,30,18
CP8EP8,4,1,2,router,31,0
CP8EP8,4,1,2,router,32,3
CP8EP8,4,1,2,router,33,1
CP8EP8,4,1,2,router,34,22
CP8EP8,4,1,2,router,35,0
CP8EP8,4,1,2,router,36,2
CP8EP8,4,1,2,router,37,3334
CP8EP8,4,1,2,router,38,3
CP8EP8,4,1,2,router,39,0
CP8EP8,4,1,2,router,40,3
CP8EP8,4,1,2,router,41,10026
CP8EP8,4,1,2,router,42,1
CP8EP8,4,1,2,router,43,2
CP8EP8,4,1,2,router,44,0
CP8EP8,4,1,2,router,45,52
CP8EP8,4,1,2,router,46,0
CP8EP8,4,1,2,router,47,13
CP8EP8,4,1,2,router,48,0
CP8EP8,4,1,2,router,49,0
CP8EP8,4,1,2,router,50,17
CP8EP8,4,1,2,router,51,6
CP8EP8,4,1,2,router,52,0
CP8EP8,4,1,2,router,53,1
CP8EP8,4,1,2,router,54,71
CP8EP8,4,1,2,router,55,0
CP8EP8,4,1,2,router,56,3
CP8EP8,4,1,2,router,57,710
CP8EP8,4,1,2,router,58,37
CP8EP8,4,1,2,router,59,3
CP8EP8,4,1,2,router,60,0
CP8EP8,4,1,2,router,61,84
CP8EP8,4,1,2,router,62,1006
CP8EP8,4,1,2,router,63,60
CP8EP8,4,1,2,router,64,1
CP8EP8,4,1,2,router,65,1
CP8EP8,4,1,2,router,66,33
CP8EP8,4,1,2,router,67,0
CP8EP8,4,1,2,router,68,2
CP8EP8,4,1,2,router,69,1
CP8EP8,4,1,2,router,70,3
CP8EP8,4,1,2,router,71,1
CP8EP8,4,1,2,router,72,166
CP8EP8,4,1,2,router,73,7
CP8EP8,4,1,2,router,74,6
CP8EP8,4,1,2,router,75,0
CP8EP8,4,1,2,router,76,0
CP8EP8,4,1,2,router,77,16
CP8EP8,4,1,2,router,78,844
CP8EP8,4,1,2,router,79,5
CP8EP8,4,1,2,router,80,8
CP8EP8,4,1,2,router,81,90
CP8EP8,4,1,2,router,82,4044
CP8EP8,4,1,2,router,83,1989
CP8EP8,4,1,2,router,84,0
CP8EP8,4,1,2,router,85,0
CP8EP8,4,1,2,router,86,0
CP8EP8,4,1,2,router,87,124
CP8EP8,4,1,2,router,88,2
CP8EP8,4,1,2,router,89,348
CP8EP8,4,1,2,router,90,1764
CP8EP8,4,1,2,router,91,30
CP8EP8,4,1,2,router,92,3
CP8EP8,4,1,2,router,93,195
CP8EP8,4,1,2,router,94,24
CP8EP8,4,1,2,router,95,59
CP8EP8,4,1,2,router,96,0
CP8EP8,4,1,2,router,97,7
CP8EP8,4,1,2,router,98,2358
CP8EP8,4,1,2,router,99,6
CP8EP8,4,1,2,router,100,1438
CP8EP8,4,1,2,router,101,10
CP8EP8,4,1,2,router,102,372
CP8EP8,4,1,2,router,103,0
CP8EP8,4,1,2,router,104,2
CP8EP8,4,1,2,router,105,0
CP8EP8,4,1,2,router,106,0
CP8EP8,4,1,2,router,107,22
CP8EP8,4,1,2,router,108,0
CP8EP8,4,1,2,router,109,5
CP8EP8,4,1,2,router,110,5
CP8EP8,4,1,2,router,111,5
CP8EP8,4,1,2,router,112,0
CP8EP8,4,1,2,router,113,0
CP8EP8,4,1,2,router,114,15
CP8EP8,4,1,2,router,115,5
CP8EP8,4,1,2,router,116,2
CP8EP8,4,1,2,router,117,4335
CP8EP8,4,1,2,router,118,0
CP8EP8,4,1,2,router,119,0
CP8EP8,4,1,2,router,120,5
CP8EP8,4,1,2,router,121,0
CP8EP8,4,1,2,router,122,7
CP8EP8,4,1,2,router,123,41
CP8EP8,4,1,2,router,124,0
CP8EP8,4,1,2,router,125,16
CP8EP8,4,1,2,router,126,1
CP8EP8,4,1,2,router,127,32
CP8EP8,4,1,2,router,128,54
CP8EP8,4,1,2,router,129,66
CP8EP8,4,1,2,router,130,0
CP8EP8,4,1,2,router,131,35
CP8EP8,4,1,2,router,132,0
CP8EP8,4,1,2,router,133,0
CP8EP8,4,1,2,router,134,0
CP8EP8,4,1,2,router,135,24
CP8EP8,4,1,2,router,136,3
CP8EP8,4,1,2,router,137,0
CP8EP8,4,1,2,router,138,0
CP8EP8,4,1,2,router,139,67
CP8EP8,4,1,2,router,140,94
CP8EP8,4,1,2,router,141,0
CP8EP8,4,1,2,router,142,0
CP8EP8,4,1,2,router,143,7
CP8EP8,4,1,2,router,144,0
CP8EP8,4,1,2,router,145,26
CP8EP8,4,1,2,router,146,0
CP8EP8,4,1,2,router,147,80
CP8EP8,4,1,2,router,148,2
CP8EP8,4,1,2,router,149,11
CP8EP8,4,1,2,router,150,0
CP8EP8,4,1,2,router,151,0
CP8EP8,4,1,2,router,152,3548
CP8EP8,4,1,2,router,153,0
CP8EP8,4,1,2,router,154,2
CP8EP8,4,1,2,router,155,0
CP8EP8,4,1,2,router,156,7
CP8EP8,4,1,2,router,157,757
CP8EP8,4,1,2,router,158,1293
CP8EP8,4,1,2,router,159,0
CP8EP8,4,1,2,router,160,133
CP8EP8,4,1,2,router,161,1792
CP8EP8,4,1,2,router,162,0
CP8EP8,4,1,2,router,163,1552
CP8EP8,4,1,2,router,164,0
CP8EP8,4,1,2,router,165,0
CP8EP8,4,1,2,router,166,8252
CP8EP8,4,1,2,router,167,1377
CP8EP8,4,1,2,router,168,0
CP8EP8,4,1,2,router,169,19
CP8EP8,4,1,2,router,170,13
CP8EP8,4,1,2,router,171,3
CP8EP8,4,1,2,router,172,192
CP8EP8,4,1,2,router,173,0
CP8EP8,4,1,2,router,174,4091
CP8EP8,4,1,2,router,175,168
CP8EP8,4,1,2,router,176,0
CP8EP8,4,1,2,router,177,2650
CP8EP8,4,1,2,router,178,0
CP8EP8,4,1,2,router,179,20
CP8EP8,4,1,2,router,180,25
CP8EP8,4,1,2,router,181,3
CP8EP8,4,1,2,router,182,0
CP8EP8,4,1,2,router,183,43
CP8EP8,4,1,2,router,184,7
CP8EP8,4,1,2,router,185,2835
CP8EP8,4,1,2,router,186,3006
CP8EP8,4,1,2,router,187,3
CP8EP8,4,1,2,router,188,5
CP8EP8,4,1,2,router,189,1
CP8EP8,4,1,2,router,190,710
CP8EP8,4,1,2,router,191,368
CP8EP8,4,1,2,router,192,4
CP8EP8,4,1,2,router,193,4008
CP8EP8,4,1,2,router,194,1
CP8EP8,4,1,2,router,195,3
CP8EP8,4,1,2,router,196,11
CP8EP8,4,1,2,router,197,1
CP8EP8,4,1,2,router,198,0
CP8EP8,4,1,2,router,199,956
CP8EP8,4,1,2,router,200,0
CP8EP8,4,1,2,router,201,127
CP8EP8,4,1,2,router,202,3
CP8EP8,4,1,2,router,203,11
CP8EP8,4,1,2,router,204,2
CP8EP8,4,1,2,router,205,14
CP8EP8,4,1,2,router,206,2805
CP8EP8,4,1,2,router,207,2
CP8EP8,4,1,2,router,208,18
CP8EP8,4,1,2,router,209,2
CP8EP8,4,1,2,router,210,0
CP8EP8,4,1,2,router,211,94
CP8EP8,4,1,2,router,212,16
CP8EP8,4,1,2,router,213,1129
CP8EP8,4,1,2,router,214,72
CP8EP8,4,1,2,router,215,441
CP8EP8,4,1,2,router,216,0
CP8EP8,4,1,2,router,217,1588
CP8EP8,4,1,2,router,218,3016
CP8EP8,4,1,2,router,219,0
CP8EP8,4,1,2,router,220,27
CP8EP8,4,1,2,router,221,0
CP8EP8,4,1,2,router,222,0
CP8EP8,4,1,2,router,223,4046
CP8EP8,4,1,2,router,224,18
CP8EP8,4,1,2,router,225,0
CP8EP8,4,1,2,router,226,0
CP8EP8,4,1,2,router,227,405
CP8EP8,4,1,2,router,228,0
CP8EP8,4,1,2,router,229,0
CP8EP8,4,1,2,router,230,0
CP8EP8,4,1,2,router,231,0
CP8EP8,4,1,2,router,232,0
CP8EP8,4,1,2,router,233,9231
CP8EP8,4,1,2,router,234,0
CP8EP8,4,1,2,router,235,0
CP8EP8,4,1,2,router,236,26
CP8EP8,4,1,2,router,237,1679
CP8EP8,4,1,2,router,238,1116
CP8EP8,4,1,2,router,239,0
CP8EP8,4,1,2,router,240,7
CP8EP8,4,1,2,router,241,1
CP8EP8,4,1,2,router,242,1067
CP8EP8,4,1,2,router,243,10
CP8EP8,4,1,2,router,244,1
CP8EP8,4,1,2,router,245,8
CP8EP8,4,1,2,router,246,6
CP8EP8,4,1,2,router,247,7
CP8EP8,4,1,2,router,248,233
CP8EP8,4,1,2,router,249,3
CP8EP8,4,1,2,router,250,86
CP8EP8,4,1,2,router,251,1
CP8EP8,4,1,2,router,252,0
CP8EP8,4,1,2,router,253,4
CP8EP8,4,1,2,router,254,72
CP8EP8,4,1,2,router,255,7
CP8EP8,4,1,2,expert_input,128,516
CP8EP8,4,1,2,expert_input,129,484
CP8EP8,4,1,2,expert_input,130,3
CP8EP8,4,1,2,expert_input,131,254
CP8EP8,4,1,2,expert_input,132,3
CP8EP8,4,1,2,expert_input,133,0
CP8EP8,4,1,2,expert_input,134,1
CP8EP8,4,1,2,expert_input,135,174
CP8EP8,4,1,2,expert_input,136,32
CP8EP8,4,1,2,expert_input,137,0
CP8EP8,4,1,2,expert_input,138,16
CP8EP8,4,1,2,expert_input,139,503
CP8EP8,4,1,2,expert_input,140,708
CP8EP8,4,1,2,expert_input,141,2
CP8EP8,4,1,2,expert_input,142,1
CP8EP8,4,1,2,expert_input,143,32
CP8EP8,4,1,2,expert_input,144,3
CP8EP8,4,1,2,expert_input,145,217
CP8EP8,4,1,2,expert_input,146,0
CP8EP8,4,1,2,expert_input,147,655
CP8EP8,4,1,2,expert_input,148,19
CP8EP8,4,1,2,expert_input,149,102
CP8EP8,4,1,2,expert_input,150,12
CP8EP8,4,1,2,expert_input,151,0
CP8EP8,4,1,2,expert_input,152,27822
CP8EP8,4,1,2,expert_input,153,0
CP8EP8,4,1,2,expert_input,154,7
CP8EP8,4,1,2,expert_input,155,0
CP8EP8,4,1,2,expert_input,156,23
CP8EP8,4,1,2,expert_input,157,6133
CP8EP8,4,1,2,expert_input,158,10170
CP8EP8,4,1,2,expert_input,159,4
CP8EP8,4,2,3,router,0,870
CP8EP8,4,2,3,router,1,118
CP8EP8,4,2,3,router,2,41
CP8EP8,4,2,3,router,3,718
CP8EP8,4,2,3,router,4,1608
CP8EP8,4,2,3,router,5,103
CP8EP8,4,2,3,router,6,0
CP8EP8,4,2,3,router,7,3080
CP8EP8,4,2,3,router,8,421
CP8EP8,4,2,3,router,9,78
CP8EP8,4,2,3,router,10,1042
CP8EP8,4,2,3,router,11,20
CP8EP8,4,2,3,router,12,1805
CP8EP8,4,2,3,router,13,18
CP8EP8,4,2,3,router,14,1981
CP8EP8,4,2,3,router,15,1
CP8EP8,4,2,3,router,16,630
CP8EP8,4,2,3,router,17,1164
CP8EP8,4,2,3,router,18,0
CP8EP8,4,2,3,router,19,688
CP8EP8,4,2,3,router,20,210
CP8EP8,4,2,3,router,21,1
CP8EP8,4,2,3,router,22,254
CP8EP8,4,2,3,router,23,2671
CP8EP8,4,2,3,router,24,2
CP8EP8,4,2,3,router,25,291
CP8EP8,4,2,3,router,26,665
CP8EP8,4,2,3,router,27,7
CP8EP8,4,2,3,router,28,0
CP8EP8,4,2,3,router,29,213
CP8EP8,4,2,3,router,30,1501
CP8EP8,4,2,3,router,31,8
CP8EP8,4,2,3,router,32,1384
CP8EP8,4,2,3,router,33,248
CP8EP8,4,2,3,router,34,47
CP8EP8,4,2,3,router,35,552
CP8EP8,4,2,3,router,36,17
CP8EP8,4,2,3,router,37,152
CP8EP8,4,2,3,router,38,0
CP8EP8,4,2,3,router,39,556
CP8EP8,4,2,3,router,40,244
CP8EP8,4,2,3,router,41,548
CP8EP8,4,2,3,router,42,90
CP8EP8,4,2,3,router,43,18
CP8EP8,4,2,3,router,44,2
CP8EP8,4,2,3,router,45,3
CP8EP8,4,2,3,router,46,594
CP8EP8,4,2,3,router,47,24
CP8EP8,4,2,3,router,48,9
CP8EP8,4,2,3,router,49,179
CP8EP8,4,2,3,router,50,0
CP8EP8,4,2,3,router,51,387
CP8EP8,4,2,3,router,52,2
CP8EP8,4,2,3,router,53,4
CP8EP8,4,2,3,router,54,20
CP8EP8,4,2,3,router,55,1
CP8EP8,4,2,3,router,56,1729
CP8EP8,4,2,3,router,57,704
CP8EP8,4,2,3,router,58,448
CP8EP8,4,2,3,router,59,1552
CP8EP8,4,2,3,router,60,2023
CP8EP8,4,2,3,router,61,519
CP8EP8,4,2,3,router,62,899
CP8EP8,4,2,3,router,63,491
CP8EP8,4,2,3,router,64,88
CP8EP8,4,2,3,router,65,193
CP8EP8,4,2,3,router,66,7
CP8EP8,4,2,3,router,67,162
CP8EP8,4,2,3,router,68,43
CP8EP8,4,2,3,router,69,512
CP8EP8,4,2,3,router,70,1824
CP8EP8,4,2,3,router,71,597
CP8EP8,4,2,3,router,72,967
CP8EP8,4,2,3,router,73,1946
CP8EP8,4,2,3,router,74,758
CP8EP8,4,2,3,router,75,376
CP8EP8,4,2,3,router,76,149
CP8EP8,4,2,3,router,77,1417
CP8EP8,4,2,3,router,78,1
CP8EP8,4,2,3,router,79,0
CP8EP8,4,2,3,router,80,2519
CP8EP8,4,2,3,router,81,1113
CP8EP8,4,2,3,router,82,11
CP8EP8,4,2,3,router,83,2059
CP8EP8,4,2,3,router,84,96
CP8EP8,4,2,3,router,85,6
CP8EP8,4,2,3,router,86,29
CP8EP8,4,2,3,router,87,1342
CP8EP8,4,2,3,router,88,752
CP8EP8,4,2,3,router,89,379
CP8EP8,4,2,3,router,90,0
CP8EP8,4,2,3,router,91,3
CP8EP8,4,2,3,router,92,574
CP8EP8,4,2,3,router,93,632
CP8EP8,4,2,3,router,94,2
CP8EP8,4,2,3,router,95,38
CP8EP8,4,2,3,router,96,484
CP8EP8,4,2,3,router,97,1961
CP8EP8,4,2,3,router,98,168
CP8EP8,4,2,3,router,99,412
CP8EP8,4,2,3,router,100,1143
CP8EP8,4,2,3,router,101,5
CP8EP8,4,2,3,router,102,0
CP8EP8,4,2,3,router,103,12
CP8EP8,4,2,3,router,104,790
CP8EP8,4,2,3,router,105,182
CP8EP8,4,2,3,router,106,584
CP8EP8,4,2,3,router,107,513
CP8EP8,4,2,3,router,108,584
CP8EP8,4,2,3,router,109,0
CP8EP8,4,2,3,router,110,0
CP8EP8,4,2,3,router,111,169
CP8EP8,4,2,3,router,112,1440
CP8EP8,4,2,3,router,113,537
CP8EP8,4,2,3,router,114,55
CP8EP8,4,2,3,router,115,618
CP8EP8,4,2,3,router,116,405
CP8EP8,4,2,3,router,117,60
CP8EP8,4,2,3,router,118,118
CP8EP8,4,2,3,router,119,33
CP8EP8,4,2,3,router,120,54
CP8EP8,4,2,3,router,121,454
CP8EP8,4,2,3,router,122,632
CP8EP8,4,2,3,router,123,296
CP8EP8,4,2,3,router,124,146
CP8EP8,4,2,3,router,125,0
CP8EP8,4,2,3,router,126,1
CP8EP8,4,2,3,router,127,1601
CP8EP8,4,2,3,router,128,744
CP8EP8,4,2,3,router,129,96
CP8EP8,4,2,3,router,130,2
CP8EP8,4,2,3,router,131,187
CP8EP8,4,2,3,router,132,741
CP8EP8,4,2,3,router,133,279
CP8EP8,4,2,3,router,134,2278
CP8EP8,4,2,3,router,135,256
CP8EP8,4,2,3,router,136,0
CP8EP8,4,2,3,router,137,343
CP8EP8,4,2,3,router,138,47
CP8EP8,4,2,3,router,139,141
CP8EP8,4,2,3,router,140,287
CP8EP8,4,2,3,router,141,428
CP8EP8,4,2,3,router,142,3
CP8EP8,4,2,3,router,143,34
CP8EP8,4,2,3,router,144,869
CP8EP8,4,2,3,router,145,784
CP8EP8,4,2,3,router,146,350
CP8EP8,4,2,3,router,147,339
CP8EP8,4,2,3,router,148,29
CP8EP8,4,2,3,router,149,673
CP8EP8,4,2,3,router,150,180
CP8EP8,4,2,3,router,151,1361
CP8EP8,4,2,3,router,152,10
CP8EP8,4,2,3,router,153,9
CP8EP8,4,2,3,router,154,3632
CP8EP8,4,2,3,router,155,1031
CP8EP8,4,2,3,router,156,0
CP8EP8,4,2,3,router,157,834
CP8EP8,4,2,3,router,158,765
CP8EP8,4,2,3,router,159,3374
CP8EP8,4,2,3,router,160,92
CP8EP8,4,2,3,router,161,3409
CP8EP8,4,2,3,router,162,642
CP8EP8,4,2,3,router,163,0
CP8EP8,4,2,3,router,164,636
CP8EP8,4,2,3,router,165,339
CP8EP8,4,2,3,router,166,1305
CP8EP8,4,2,3,router,167,145
CP8EP8,4,2,3,router,168,335
CP8EP8,4,2,3,router,169,718
CP8EP8,4,2,3,router,170,296
CP8EP8,4,2,3,router,171,2291
CP8EP8,4,2,3,router,172,8
CP8EP8,4,2,3,router,173,4
CP8EP8,4,2,3,router,174,1102
CP8EP8,4,2,3,router,175,28
CP8EP8,4,2,3,router,176,828
CP8EP8,4,2,3,router,177,10
CP8EP8,4,2,3,router,178,517
CP8EP8,4,2,3,router,179,554
CP8EP8,4,2,3,router,180,8
CP8EP8,4,2,3,router,181,0
CP8EP8,4,2,3,router,182,0
CP8EP8,4,2,3,router,183,122
CP8EP8,4,2,3,router,184,56
CP8EP8,4,2,3,router,185,181
CP8EP8,4,2,3,router,186,1
CP8EP8,4,2,3,router,187,586
CP8EP8,4,2,3,router,188,48
CP8EP8,4,2,3,router,189,63
CP8EP8,4,2,3,router,190,1021
CP8EP8,4,2,3,router,191,724
CP8EP8,4,2,3,router,192,838
CP8EP8,4,2,3,router,193,535
CP8EP8,4,2,3,router,194,1
CP8EP8,4,2,3,router,195,1082
CP8EP8,4,2,3,router,196,397
CP8EP8,4,2,3,router,197,20
CP8EP8,4,2,3,router,198,0
CP8EP8,4,2,3,router,199,0
CP8EP8,4,2,3,router,200,933
CP8EP8,4,2,3,router,201,130
CP8EP8,4,2,3,router,202,32
CP8EP8,4,2,3,router,203,966
CP8EP8,4,2,3,router,204,11
CP8EP8,4,2,3,router,205,11
CP8EP8,4,2,3,router,206,1318
CP8EP8,4,2,3,router,207,251
CP8EP8,4,2,3,router,208,1045
CP8EP8,4,2,3,router,209,115
CP8EP8,4,2,3,router,210,2242
CP8EP8,4,2,3,router,211,78
CP8EP8,4,2,3,router,212,59
CP8EP8,4,2,3,router,213,0
CP8EP8,4,2,3,router,214,18
CP8EP8,4,2,3,router,215,166
CP8EP8,4,2,3,router,216,52
CP8EP8,4,2,3,router,217,0
CP8EP8,4,2,3,router,218,227
CP8EP8,4,2,3,router,219,13
CP8EP8,4,2,3,router,220,596
CP8EP8,4,2,3,router,221,7
CP8EP8,4,2,3,router,222,553
CP8EP8,4,2,3,router,223,1503
CP8EP8,4,2,3,router,224,59
CP8EP8,4,2,3,router,225,1280
CP8EP8,4,2,3,router,226,376
CP8EP8,4,2,3,router,227,10
CP8EP8,4,2,3,router,228,215
CP8EP8,4,2,3,router,229,2873
CP8EP8,4,2,3,router,230,634
CP8EP8,4,2,3,router,231,4
CP8EP8,4,2,3,router,232,187
CP8EP8,4,2,3,router,233,0
CP8EP8,4,2,3,router,234,1231
CP8EP8,4,2,3,router,235,451
CP8EP8,4,2,3,router,236,641
CP8EP8,4,2,3,router,237,430
CP8EP8,4,2,3,router,238,623
CP8EP8,4,2,3,router,239,646
CP8EP8,4,2,3,router,240,98
CP8EP8,4,2,3,router,241,746
CP8EP8,4,2,3,router,242,0
CP8EP8,4,2,3,router,243,21
CP8EP8,4,2,3,router,244,147
CP8EP8,4,2,3,router,245,0
CP8EP8,4,2,3,router,246,317
CP8EP8,4,2,3,router,247,844
CP8EP8,4,2,3,router,248,0
CP8EP8,4,2,3,router,249,279
CP8EP8,4,2,3,router,250,1876
CP8EP8,4,2,3,router,251,0
CP8EP8,4,2,3,router,252,1373
CP8EP8,4,2,3,router,253,173
CP8EP8,4,2,3,router,254,50
CP8EP8,4,2,3,router,255,407
CP8EP8,4,2,3,expert_input,128,5977
CP8EP8,4,2,3,expert_input,129,823
CP8EP8,4,2,3,expert_input,130,16
CP8EP8,4,2,3,expert_input,131,1725
CP8EP8,4,2,3,expert_input,132,5725
CP8EP8,4,2,3,expert_input,133,2306
CP8EP8,4,2,3,expert_input,134,18201
CP8EP8,4,2,3,expert_input,135,2044
CP8EP8,4,2,3,expert_input,136,10
CP8EP8,4,2,3,expert_input,137,2487
CP8EP8,4,2,3,expert_input,138,535
CP8EP8,4,2,3,expert_input,139,1201
CP8EP8,4,2,3,expert_input,140,2287
CP8EP8,4,2,3,expert_input,141,3572
CP8EP8,4,2,3,expert_input,142,23
CP8EP8,4,2,3,expert_input,143,318
CP8EP8,4,2,3,expert_input,144,6609
CP8EP8,4,2,3,expert_input,145,6225
CP8EP8,4,2,3,expert_input,146,3060
CP8EP8,4,2,3,expert_input,147,2610
CP8EP8,4,2,3,expert_input,148,323
CP8EP8,4,2,3,expert_input,149,4811
CP8EP8,4,2,3,expert_input,150,1509
CP8EP8,4,2,3,expert_input,151,10595
CP8EP8,4,2,3,expert_input,152,109
CP8EP8,4,2,3,expert_input,153,53
CP8EP8,4,2,3,expert_input,154,29183
CP8EP8,4,2,3,expert_input,155,8011
CP8EP8,4,2,3,expert_input,156,0
CP8EP8,4,2,3,expert_input,157,6679
CP8EP8,4,2,3,expert_input,158,6048
CP8EP8,4,2,3,expert_input,159,27187
CP8EP8,5,1,2,router,0,304
CP8EP8,5,1,2,router,1,6
CP8EP8,5,1,2,router,2,828
CP8EP8,5,1,2,router,3,2331
CP8EP8,5,1,2,router,4,1
CP8EP8,5,1,2,router,5,895
CP8EP8,5,1,2,router,6,8
CP8EP8,5,1,2,router,7,4
CP8EP8,5,1,2,router,8,10
CP8EP8,5,1,2,router,9,0
CP8EP8,5,1,2,router,10,6
CP8EP8,5,1,2,router,11,5769
CP8EP8,5,1,2,router,12,3
CP8EP8,5,1,2,router,13,1430
CP8EP8,5,1,2,router,14,63
CP8EP8,5,1,2,router,15,3802
CP8EP8,5,1,2,router,16,2
CP8EP8,5,1,2,router,17,778
CP8EP8,5,1,2,router,18,6
CP8EP8,5,1,2,router,19,3
CP8EP8,5,1,2,router,20,5
CP8EP8,5,1,2,router,21,2
CP8EP8,5,1,2,router,22,5
CP8EP8,5,1,2,router,23,12
CP8EP8,5,1,2,router,24,0
CP8EP8,5,1,2,router,25,0
CP8EP8,5,1,2,router,26,8947
CP8EP8,5,1,2,router,27,464
CP8EP8,5,1,2,router,28,5801
CP8EP8,5,1,2,router,29,0
CP8EP8,5,1,2,router,30,20
CP8EP8,5,1,2,router,31,0
CP8EP8,5,1,2,router,32,10
CP8EP8,5,1,2,router,33,0
CP8EP8,5,1,2,router,34,27
CP8EP8,5,1,2,router,35,0
CP8EP8,5,1,2,router,36,4
CP8EP8,5,1,2,router,37,3298
CP8EP8,5,1,2,router,38,1
CP8EP8,5,1,2,router,39,0
CP8EP8,5,1,2,router,40,1
CP8EP8,5,1,2,router,41,10063
CP8EP8,5,1,2,router,42,1
CP8EP8,5,1,2,router,43,1
CP8EP8,5,1,2,router,44,0
CP8EP8,5,1,2,router,45,49
CP8EP8,5,1,2,router,46,0
CP8EP8,5,1,2,router,47,17
CP8EP8,5,1,2,router,48,0
CP8EP8,5,1,2,router,49,2
CP8EP8,5,1,2,router,50,6
CP8EP8,5,1,2,router,51,6
CP8EP8,5,1,2,router,52,4
CP8EP8,5,1,2,router,53,1
CP8EP8,5,1,2,router,54,52
CP8EP8,5,1,2,router,55,0
CP8EP8,5,1,2,router,56,4
CP8EP8,5,1,2,router,57,676
CP8EP8,5,1,2,router,58,29
CP8EP8,5,1,2,router,59,3
CP8EP8,5,1,2,router,60,0
CP8EP8,5,1,2,router,61,106
CP8EP8,5,1,2,router,62,1103
CP8EP8,5,1,2,router,63,53
CP8EP8,5,1,2,router,64,0
CP8EP8,5,1,2,router,65,0
CP8EP8,5,1,2,router,66,28
CP8EP8,5,1,2,router,67,0
CP8EP8,5,1,2,router,68,3
CP8EP8,5,1,2,router,69,2
CP8EP8,5,1,2,router,70,5
CP8EP8,5,1,2,router,71,2
CP8EP8,5,1,2,router,72,167
CP8EP8,5,1,2,router,73,10
CP8EP8,5,1,2,router,74,11
CP8EP8,5,1,2,router,75,3
CP8EP8,5,1,2,router,76,1
CP8EP8,5,1,2,router,77,6
CP8EP8,5,1,2,router,78,896
CP8EP8,5,1,2,router,79,2
CP8EP8,5,1,2,router,80,4
CP8EP8,5,1,2,router,81,80
CP8EP8,5,1,2,router,82,4119
CP8EP8,5,1,2,router,83,1957
CP8EP8,5,1,2,router,84,0
CP8EP8,5,1,2,router,85,0
CP8EP8,5,1,2,router,86,0
CP8EP8,5,1,2,router,87,148
CP8EP8,5,1,2,router,88,1
CP8EP8,5,1,2,router,89,351
CP8EP8,5,1,2,router,90,1819
CP8EP8,5,1,2,router,91,31
CP8EP8,5,1,2,router,92,3
CP8EP8,5,1,2,router,93,182
CP8EP8,5,1,2,router,94,22
CP8EP8,5,1,2,router,95,64
CP8EP8,5,1,2,router,96,0
CP8EP8,5,1,2,router,97,5
CP8EP8,5,1,2,router,98,2331
CP8EP8,5,1,2,router,99,9
CP8EP8,5,1,2,router,100,1399
CP8EP8,5,1,2,router,101,3
CP8EP8,5,1,2,router,102,349
CP8EP8,5,1,2,router,103,2
CP8EP8,5,1,2,router,104,3
CP8EP8,5,1,2,router,105,0
CP8EP8,5,1,2,router,106,0
CP8EP8,5,1,2,router,107,30
CP8EP8,5,1,2,router,108,0
CP8EP8,5,1,2,router,109,3
CP8EP8,5,1,2,router,110,7
CP8EP8,5,1,2,router,111,7
CP8EP8,5,1,2,router,112,2
CP8EP8,5,1,2,router,113,0
CP8EP8,5,1,2,router,114,11
CP8EP8,5,1,2,router,115,7
CP8EP8,5,1,2,router,116,0
CP8EP8,5,1,2,router,117,4275
CP8EP8,5,1,2,router,118,1
CP8EP8,5,1,2,router,119,0
CP8EP8,5,1,2,router,120,4
CP8EP8,5,1,2,router,121,1
CP8EP8,5,1,2,router,122,12
CP8EP8,5,1,2,router,123,46
CP8EP8,5,1,2,router,124,0
CP8EP8,5,1,2,router,125,30
CP8EP8,5,1,2,router,126,3
CP8EP8,5,1,2,router,127,32
CP8EP8,5,1,2,router,128,58
CP8EP8,5,1,2,router,129,54
CP8EP8,5,1,2,router,130,0
CP8EP8,5,1,2,router,131,38
CP8EP8,5,1,2,router,132,0
CP8EP8,5,1,2,router,133,0
CP8EP8,5,1,2,router,134,0
CP8EP8,5,1,2,router,135,21
CP8EP8,5,1,2,router,136,2
CP8EP8,5,1,2,router,137,0
CP8EP8,5,1,2,router,138,2
CP8EP8,5,1,2,router,139,66
CP8EP8,5,1,2,router,140,76
CP8EP8,5,1,2,router,141,0
CP8EP8,5,1,2,router,142,0
CP8EP8,5,1,2,router,143,4
CP8EP8,5,1,2,router,144,0
CP8EP8,5,1,2,router,145,21
CP8EP8,5,1,2,router,146,0
CP8EP8,5,1,2,router,147,88
CP8EP8,5,1,2,router,148,2
CP8EP8,5,1,2,router,149,8
CP8EP8,5,1,2,router,150,2
CP8EP8,5,1,2,router,151,0
CP8EP8,5,1,2,router,152,3592
CP8EP8,5,1,2,router,153,0
CP8EP8,5,1,2,router,154,2
CP8EP8,5,1,2,router,155,0
CP8EP8,5,1,2,router,156,2
CP8EP8,5,1,2,router,157,772
CP8EP8,5,1,2,router,158,1302
CP8EP8,5,1,2,router,159,0
CP8EP8,5,1,2,router,160,109
CP8EP8,5,1,2,router,161,1717
CP8EP8,5,1,2,router,162,0
CP8EP8,5,1,2,router,163,1583
CP8EP8,5,1,2,router,164,0
CP8EP8,5,1,2,router,165,0
CP8EP8,5,1,2,router,166,8283
CP8EP8,5,1,2,router,167,1401
CP8EP8,5,1,2,router,168,3
CP8EP8,5,1,2,router,169,23
CP8EP8,5,1,2,router,170,7
CP8EP8,5,1,2,router,171,5
CP8EP8,5,1,2,router,172,201
CP8EP8,5,1,2,router,173,0
CP8EP8,5,1,2,router,174,3993
CP8EP8,5,1,2,router,175,163
CP8EP8,5,1,2,router,176,0
CP8EP8,5,1,2,router,177,2698
CP8EP8,5,1,2,router,178,0
CP8EP8,5,1,2,router,179,29
CP8EP8,5,1,2,router,180,20
CP8EP8,5,1,2,router,181,9
CP8EP8,5,1,2,router,182,0
CP8EP8,5,1,2,router,183,34
CP8EP8,5,1,2,router,184,7
CP8EP8,5,1,2,router,185,2764
CP8EP8,5,1,2,router,186,2932
CP8EP8,5,1,2,router,187,5
CP8EP8,5,1,2,router,188,2
CP8EP8,5,1,2,router,189,0
CP8EP8,5,1,2,router,190,714
CP8EP8,5,1,2,router,191,339
CP8EP8,5,1,2,router,192,2
CP8EP8,5,1,2,router,193,4089
CP8EP8,5,1,2,router,194,0
CP8EP8,5,1,2,router,195,5
CP8EP8,5,1,2,router,196,13
CP8EP8,5,1,2,router,197,0
CP8EP8,5,1,2,router,198,0
CP8EP8,5,1,2,router,199,963
CP8EP8,5,1,2,router,200,5
CP8EP8,5,1,2,router,201,117
CP8EP8,5,1,2,router,202,0
CP8EP8,5,1,2,router,203,3
CP8EP8,5,1,2,router,204,1
CP8EP8,5,1,2,router,205,34
CP8EP8,5,1,2,router,206,2846
CP8EP8,5,1,2,router,207,0
CP8EP8,5,1,2,router,208,19
CP8EP8,5,1,2,router,209,1
CP8EP8,5,1,2,router,210,0
CP8EP8,5,1,2,router,211,90
CP8EP8,5,1,2,router,212,10
CP8EP8,5,1,2,router,213,1085
CP8EP8,5,1,2,router,214,68
CP8EP8,5,1,2,router,215,452
CP8EP8,5,1,2,router,216,0
CP8EP8,5,1,2,router,217,1566
CP8EP8,5,1,2,router,218,3045
CP8EP8,5,1,2,router,219,0
CP8EP8,5,1,2,router,220,30
CP8EP8,5,1,2,router,221,0
CP8EP8,5,1,2,router,222,0
CP8EP8,5,1,2,router,223,4057
CP8EP8,5,1,2,router,224,19
CP8EP8,5,1,2,router,225,0
CP8EP8,5,1,2,router,226,0
CP8EP8,5,1,2,router,227,365
CP8EP8,5,1,2,router,228,0
CP8EP8,5,1,2,router,229,0
CP8EP8,5,1,2,router,230,0
CP8EP8,5,1,2,router,231,0
CP8EP8,5,1,2,router,232,1
CP8EP8,5,1,2,router,233,9204
CP8EP8,5,1,2,router,234,0
CP8EP8,5,1,2,router,235,0
CP8EP8,5,1,2,router,236,26
CP8EP8,5,1,2,router,237,1620
CP8EP8,5,1,2,router,238,1115
CP8EP8,5,1,2,router,239,0
CP8EP8,5,1,2,router,240,4
CP8EP8,5,1,2,router,241,0
CP8EP8,5,1,2,router,242,1155
CP8EP8,5,1,2,router,243,3
CP8EP8,5,1,2,router,244,0
CP8EP8,5,1,2,router,245,3
CP8EP8,5,1,2,router,246,6
CP8EP8,5,1,2,router,247,4
CP8EP8,5,1,2,router,248,201
CP8EP8,5,1,2,router,249,6
CP8EP8,5,1,2,router,250,88
CP8EP8,5,1,2,router,251,2
CP8EP8,5,1,2,router,252,0
CP8EP8,5,1,2,router,253,6
CP8EP8,5,1,2,router,254,74
CP8EP8,5,1,2,router,255,5
CP8EP8,5,1,2,expert_input,160,1046
CP8EP8,5,1,2,expert_input,161,13967
CP8EP8,5,1,2,expert_input,162,1
CP8EP8,5,1,2,expert_input,163,12268
CP8EP8,5,1,2,expert_input,164,0
CP8EP8,5,1,2,expert_input,165,0
CP8EP8,5,1,2,expert_input,166,65272
CP8EP8,5,1,2,expert_input,167,10975
CP8EP8,5,1,2,expert_input,168,10
CP8EP8,5,1,2,expert_input,169,181
CP8EP8,5,1,2,expert_input,170,82
CP8EP8,5,1,2,expert_input,171,40
CP8EP8,5,1,2,expert_input,172,1801
CP8EP8,5,1,2,expert_input,173,1
CP8EP8,5,1,2,expert_input,174,31456
CP8EP8,5,1,2,expert_input,175,1325
CP8EP8,5,1,2,expert_input,176,0
CP8EP8,5,1,2,expert_input,177,21145
CP8EP8,5,1,2,expert_input,178,0
CP8EP8,5,1,2,expert_input,179,217
CP8EP8,5,1,2,expert_input,180,211
CP8EP8,5,1,2,expert_input,181,78
CP8EP8,5,1,2,expert_input,182,0
CP8EP8,5,1,2,expert_input,183,270
CP8EP8,5,1,2,expert_input,184,68
CP8EP8,5,1,2,expert_input,185,22775
CP8EP8,5,1,2,expert_input,186,23002
CP8EP8,5,1,2,expert_input,187,35
CP8EP8,5,1,2,expert_input,188,24
CP8EP8,5,1,2,expert_input,189,4
CP8EP8,5,1,2,expert_input,190,6039
CP8EP8,5,1,2,expert_input,191,2929
CP8EP8,5,2,3,router,0,856
CP8EP8,5,2,3,router,1,105
CP8EP8,5,2,3,router,2,38
CP8EP8,5,2,3,router,3,671
CP8EP8,5,2,3,router,4,1623
CP8EP8,5,2,3,router,5,93
CP8EP8,5,2,3,router,6,0
CP8EP8,5,2,3,router,7,3055
CP8EP8,5,2,3,router,8,438
CP8EP8,5,2,3,router,9,51
CP8EP8,5,2,3,router,10,1034
CP8EP8,5,2,3,router,11,22
CP8EP8,5,2,3,router,12,1758
CP8EP8,5,2,3,router,13,22
CP8EP8,5,2,3,router,14,1932
CP8EP8,5,2,3,router,15,0
CP8EP8,5,2,3,router,16,625
CP8EP8,5,2,3,router,17,1104
CP8EP8,5,2,3,router,18,0
CP8EP8,5,2,3,router,19,641
CP8EP8,5,2,3,router,20,223
CP8EP8,5,2,3,router,21,1
CP8EP8,5,2,3,router,22,265
CP8EP8,5,2,3,router,23,2781
CP8EP8,5,2,3,router,24,0
CP8EP8,5,2,3,router,25,311
CP8EP8,5,2,3,router,26,655
CP8EP8,5,2,3,router,27,7
CP8EP8,5,2,3,router,28,0
CP8EP8,5,2,3,router,29,187
CP8EP8,5,2,3,router,30,1448
CP8EP8,5,2,3,router,31,5
CP8EP8,5,2,3,router,32,1266
CP8EP8,5,2,3,router,33,232
CP8EP8,5,2,3,router,34,57
CP8EP8,5,2,3,router,35,535
CP8EP8,5,2,3,router,36,20
CP8EP8,5,2,3,router,37,145
CP8EP8,5,2,3,router,38,0
CP8EP8,5,2,3,router,39,575
CP8EP8,5,2,3,router,40,289
CP8EP8,5,2,3,router,41,601
CP8EP8,5,2,3,router,42,104
CP8EP8,5,2,3,router,43,14
CP8EP8,5,2,3,router,44,2
CP8EP8,5,2,3,router,45,11
CP8EP8,5,2,3,router,46,673
CP8EP8,5,2,3,router,47,27
CP8EP8,5,2,3,router,48,7
CP8EP8,5,2,3,router,49,190
CP8EP8,5,2,3,router,50,0
CP8EP8,5,2,3,router,51,388
CP8EP8,5,2,3,router,52,0
CP8EP8,5,2,3,router,53,12
CP8EP8,5,2,3,router,54,31
CP8EP8,5,2,3,router,55,0
CP8EP8,5,2,3,router,56,1861
CP8EP8,5,2,3,router,57,655
CP8EP8,5,2,3,router,58,395
CP8EP8,5,2,3,router,59,1472
CP8EP8,5,2,3,router,60,1979
CP8EP8,5,2,3,router,61,534
CP8EP8,5,2,3,router,62,910
CP8EP8,5,2,3,router,63,451
CP8EP8,5,2,3,router,64,85
CP8EP8,5,2,3,router,65,165
CP8EP8,5,2,3,router,66,2
CP8EP8,5,2,3,router,67,149
CP8EP8,5,2,3,router,68,71
CP8EP8,5,2,3,router,69,550
CP8EP8,5,2,3,router,70,1943
CP8EP8,5,2,3,router,71,634
CP8EP8,5,2,3,router,72,1023
CP8EP8,5,2,3,router,73,1989
CP8EP8,5,2,3,router,74,745
CP8EP8,5,2,3,router,75,344
CP8EP8,5,2,3,router,76,117
CP8EP8,5,2,3,router,77,1441
CP8EP8,5,2,3,router,78,3
CP8EP8,5,2,3,router,79,3
CP8EP8,5,2,3,router,80,2570
CP8EP8,5,2,3,router,81,1184
CP8EP8,5,2,3,router,82,14
CP8EP8,5,2,3,router,83,2014
CP8EP8,5,2,3,router,84,88
CP8EP8,5,2,3,router,85,6
CP8EP8,5,2,3,router,86,29
CP8EP8,5,2,3,router,87,1186
CP8EP8,5,2,3,router,88,700
CP8EP8,5,2,3,router,89,378
CP8EP8,5,2,3,router,90,0
CP8EP8,5,2,3,router,91,5
CP8EP8,5,2,3,router,92,563
CP8EP8,5,2,3,router,93,615
CP8EP8,5,2,3,router,94,1
CP8EP8,5,2,3,router,95,49
CP8EP8,5,2,3,router,96,488
CP8EP8,5,2,3,router,97,1933
CP8EP8,5,2,3,router,98,150
CP8EP8,5,2,3,router,99,413
CP8EP8,5,2,3,router,100,1221
CP8EP8,5,2,3,router,101,5
CP8EP8,5,2,3,router,102,0
CP8EP8,5,2,3,router,103,13
CP8EP8,5,2,3,router,104,816
CP8EP8,5,2,3,router,105,176
CP8EP8,5,2,3,router,106,546
CP8EP8,5,2,3,router,107,490
CP8EP8,5,2,3,router,108,595
CP8EP8,5,2,3,router,109,0
CP8EP8,5,2,3,router,110,0
CP8EP8,5,2,3,router,111,188
CP8EP8,5,2,3,router,112,1384
CP8EP8,5,2,3,router,113,530
CP8EP8,5,2,3,router,114,59
CP8EP8,5,2,3,router,115,645
CP8EP8,5,2,3,router,116,389
CP8EP8,5,2,3,router,117,59
CP8EP8,5,2,3,router,118,131
CP8EP8,5,2,3,router,119,32
CP8EP8,5,2,3,router,120,74
CP8EP8,5,2,3,router,121,446
CP8EP8,5,2,3,router,122,604
CP8EP8,5,2,3,router,123,295
CP8EP8,5,2,3,router,124,166
CP8EP8,5,2,3,router,125,0
CP8EP8,5,2,3,router,126,0
CP8EP8,5,2,3,router,127,1599
CP8EP8,5,2,3,router,128,758
CP8EP8,5,2,3,router,129,97
CP8EP8,5,2,3,router,130,1
CP8EP8,5,2,3,router,131,214
CP8EP8,5,2,3,router,132,750
CP8EP8,5,2,3,router,133,306
CP8EP8,5,2,3,router,134,2304
CP8EP8,5,2,3,router,135,233
CP8EP8,5,2,3,router,136,3
CP8EP8,5,2,3,router,137,309
CP8EP8,5,2,3,router,138,74
CP8EP8,5,2,3,router,139,166
CP8EP8,5,2,3,router,140,306
CP8EP8,5,2,3,router,141,456
CP8EP8,5,2,3,router,142,3
CP8EP8,5,2,3,router,143,39
CP8EP8,5,2,3,router,144,848
CP8EP8,5,2,3,router,145,775
CP8EP8,5,2,3,router,146,369
CP8EP8,5,2,3,router,147,343
CP8EP8,5,2,3,router,148,26
CP8EP8,5,2,3,router,149,582
CP8EP8,5,2,3,router,150,185
CP8EP8,5,2,3,router,151,1379
CP8EP8,5,2,3,router,152,14
CP8EP8,5,2,3,router,153,4
CP8EP8,5,2,3,router,154,3825
CP8EP8,5,2,3,router,155,984
CP8EP8,5,2,3,router,156,0
CP8EP8,5,2,3,router,157,820
CP8EP8,5,2,3,router,158,768
CP8EP8,5,2,3,router,159,3381
CP8EP8,5,2,3,router,160,102
CP8EP8,5,2,3,router,161,3343
CP8EP8,5,2,3,router,162,632
CP8EP8,5,2,3,router,163,1
CP8EP8,5,2,3,router,164,614
CP8EP8,5,2,3,router,165,331
CP8EP8,5,2,3,router,166,1341
CP8EP8,5,2,3,router,167,151
CP8EP8,5,2,3,router,168,321
CP8EP8,5,2,3,router,169,730
CP8EP8,5,2,3,router,170,327
CP8EP8,5,2,3,router,171,2416
CP8EP8,5,2,3,router,172,5
CP8EP8,5,2,3,router,173,2
CP8EP8,5,2,3,router,174,1036
CP8EP8,5,2,3,router,175,21
CP8EP8,5,2,3,router,176,858
CP8EP8,5,2,3,router,177,14
CP8EP8,5,2,3,router,178,548
CP8EP8,5,2,3,router,179,587
CP8EP8,5,2,3,router,180,10
CP8EP8,5,2,3,router,181,0
CP8EP8,5,2,3,router,182,0
CP8EP8,5,2,3,router,183,116
CP8EP8,5,2,3,router,184,55
CP8EP8,5,2,3,router,185,174
CP8EP8,5,2,3,router,186,1
CP8EP8,5,2,3,router,187,645
CP8EP8,5,2,3,router,188,61
CP8EP8,5,2,3,router,189,55
CP8EP8,5,2,3,router,190,1040
CP8EP8,5,2,3,router,191,742
CP8EP8,5,2,3,router,192,897
CP8EP8,5,2,3,router,193,517
CP8EP8,5,2,3,router,194,1
CP8EP8,5,2,3,router,195,1074
CP8EP8,5,2,3,router,196,370
CP8EP8,5,2,3,router,197,17
CP8EP8,5,2,3,router,198,0
CP8EP8,5,2,3,router,199,0
CP8EP8,5,2,3,router,200,931
CP8EP8,5,2,3,router,201,99
CP8EP8,5,2,3,router,202,41
CP8EP8,5,2,3,router,203,923
CP8EP8,5,2,3,router,204,10
CP8EP8,5,2,3,router,205,13
CP8EP8,5,2,3,router,206,1275
CP8EP8,5,2,3,router,207,225
CP8EP8,5,2,3,router,208,1085
CP8EP8,5,2,3,router,209,111
CP8EP8,5,2,3,router,210,2242
CP8EP8,5,2,3,router,211,54
CP8EP8,5,2,3,router,212,56
CP8EP8,5,2,3,router,213,0
CP8EP8,5,2,3,router,214,15
CP8EP8,5,2,3,router,215,192
CP8EP8,5,2,3,router,216,49
CP8EP8,5,2,3,router,217,2
CP8EP8,5,2,3,router,218,217
CP8EP8,5,2,3,router,219,4
CP8EP8,5,2,3,router,220,523
CP8EP8,5,2,3,router,221,8
CP8EP8,5,2,3,router,222,582
CP8EP8,5,2,3,router,223,1475
CP8EP8,5,2,3,router,224,60
CP8EP8,5,2,3,router,225,1231
CP8EP8,5,2,3,router,226,359
CP8EP8,5,2,3,router,227,5
CP8EP8,5,2,3,router,228,189
CP8EP8,5,2,3,router,229,2818
CP8EP8,5,2,3,router,230,694
CP8EP8,5,2,3,router,231,6
CP8EP8,5,2,3,router,232,198
CP8EP8,5,2,3,router,233,0
CP8EP8,5,2,3,router,234,1303
CP8EP8,5,2,3,router,235,414
CP8EP8,5,2,3,router,236,721
CP8EP8,5,2,3,router,237,422
CP8EP8,5,2,3,router,238,652
CP8EP8,5,2,3,router,239,699
CP8EP8,5,2,3,router,240,92
CP8EP8,5,2,3,router,241,737
CP8EP8,5,2,3,router,242,0
CP8EP8,5,2,3,router,243,27
CP8EP8,5,2,3,router,244,129
CP8EP8,5,2,3,router,245,0
CP8EP8,5,2,3,router,246,299
CP8EP8,5,2,3,router,247,861
CP8EP8,5,2,3,router,248,0
CP8EP8,5,2,3,router,249,273
CP8EP8,5,2,3,router,250,1813
CP8EP8,5,2,3,router,251,0
CP8EP8,5,2,3,router,252,1362
CP8EP8,5,2,3,router,253,158
CP8EP8,5,2,3,router,254,48
CP8EP8,5,2,3,router,255,393
CP8EP8,5,2,3,expert_input,160,733
CP8EP8,5,2,3,expert_input,161,28016
CP8EP8,5,2,3,expert_input,162,4975
CP8EP8,5,2,3,expert_input,163,1
CP8EP8,5,2,3,expert_input,164,5000
CP8EP8,5,2,3,expert_input,165,2687
CP8EP8,5,2,3,expert_input,166,10495
CP8EP8,5,2,3,expert_input,167,1240
CP8EP8,5,2,3,expert_input,168,2647
CP8EP8,5,2,3,expert_input,169,6050
CP8EP8,5,2,3,expert_input,170,2564
CP8EP8,5,2,3,expert_input,171,18493
CP8EP8,5,2,3,expert_input,172,56
CP8EP8,5,2,3,expert_input,173,16
CP8EP8,5,2,3,expert_input,174,8761
CP8EP8,5,2,3,expert_input,175,223
CP8EP8,5,2,3,expert_input,176,6720
CP8EP8,5,2,3,expert_input,177,66
CP8EP8,5,2,3,expert_input,178,4431
CP8EP8,5,2,3,expert_input,179,4443
CP8EP8,5,2,3,expert_input,180,81
CP8EP8,5,2,3,expert_input,181,0
CP8EP8,5,2,3,expert_input,182,1
CP8EP8,5,2,3,expert_input,183,897
CP8EP8,5,2,3,expert_input,184,445
CP8EP8,5,2,3,expert_input,185,1458
CP8EP8,5,2,3,expert_input,186,8
CP8EP8,5,2,3,expert_input,187,4625
CP8EP8,5,2,3,expert_input,188,523
CP8EP8,5,2,3,expert_input,189,527
CP8EP8,5,2,3,expert_input,190,8232
CP8EP8,5,2,3,expert_input,191,5708
CP8EP8,6,1,2,router,0,281
CP8EP8,6,1,2,router,1,10
CP8EP8,6,1,2,router,2,851
CP8EP8,6,1,2,router,3,2436
CP8EP8,6,1,2,router,4,1
CP8EP8,6,1,2,router,5,854
CP8EP8,6,1,2,router,6,8
CP8EP8,6,1,2,router,7,4
CP8EP8,6,1,2,router,8,10
CP8EP8,6,1,2,router,9,0
CP8EP8,6,1,2,router,10,2
CP8EP8,6,1,2,router,11,5674
CP8EP8,6,1,2,router,12,2
CP8EP8,6,1,2,router,13,1540
CP8EP8,6,1,2,router,14,48
CP8EP8,6,1,2,router,15,3850
CP8EP8,6,1,2,router,16,3
CP8EP8,6,1,2,router,17,827
CP8EP8,6,1,2,router,18,7
CP8EP8,6,1,2,router,19,2
CP8EP8,6,1,2,router,20,7
CP8EP8,6,1,2,router,21,3
CP8EP8,6,1,2,router,22,7
CP8EP8,6,1,2,router,23,12
CP8EP8,6,1,2,router,24,1
CP8EP8,6,1,2,router,25,0
CP8EP8,6,1,2,router,26,9078
CP8EP8,6,1,2,router,27,519
CP8EP8,6,1,2,router,28,5711
CP8EP8,6,1,2,router,29,0
CP8EP8,6,1,2,router,30,16
CP8EP8,6,1,2,router,31,0
CP8EP8,6,1,2,router,32,5
CP8EP8,6,1,2,router,33,0
CP8EP8,6,1,2,router,34,23
CP8EP8,6,1,2,router,35,0
CP8EP8,6,1,2,router,36,2
CP8EP8,6,1,2,router,37,3196
CP8EP8,6,1,2,router,38,2
CP8EP8,6,1,2,router,39,0
CP8EP8,6,1,2,router,40,3
CP8EP8,6,1,2,router,41,9892
CP8EP8,6,1,2,router,42,3
CP8EP8,6,1,2,router,43,1
CP8EP8,6,1,2,router,44,0
CP8EP8,6,1,2,router,45,49
CP8EP8,6,1,2,router,46,0
CP8EP8,6,1,2,router,47,12
CP8EP8,6,1,2,router,48,0
CP8EP8,6,1,2,router,49,1
CP8EP8,6,1,2,router,50,18
CP8EP8,6,1,2,router,51,6
CP8EP8,6,1,2,router,52,4
CP8EP8,6,1,2,router,53,0
CP8EP8,6,1,2,router,54,65
CP8EP8,6,1,2,router,55,0
CP8EP8,6,1,2,router,56,4
CP8EP8,6,1,2,router,57,739
CP8EP8,6,1,2,router,58,34
CP8EP8,6,1,2,router,59,3
CP8EP8,6,1,2,router,60,0
CP8EP8,6,1,2,router,61,126
CP8EP8,6,1,2,router,62,1052
CP8EP8,6,1,2,router,63,52
CP8EP8,6,1,2,router,64,0
CP8EP8,6,1,2,router,65,1
CP8EP8,6,1,2,router,66,34
CP8EP8,6,1,2,router,67,0
CP8EP8,6,1,2,router,68,2
CP8EP8,6,1,2,router,69,0
CP8EP8,6,1,2,router,70,4
CP8EP8,6,1,2,router,71,3
CP8EP8,6,1,2,router,72,170
CP8EP8,6,1,2,router,73,6
CP8EP8,6,1,2,router,74,6
CP8EP8,6,1,2,router,75,0
CP8EP8,6,1,2,router,76,1
CP8EP8,6,1,2,router,77,12
CP8EP8,6,1,2,router,78,869
CP8EP8,6,1,2,router,79,4
CP8EP8,6,1,2,router,80,3
CP8EP8,6,1,2,router,81,87
CP8EP8,6,1,2,router,82,4111
CP8EP8,6,1,2,router,83,1991
CP8EP8,6,1,2,router,84,0
CP8EP8,6,1,2,router,85,0
CP8EP8,6,1,2,router,86,0
CP8EP8,6,1,2,router,87,152
CP8EP8,6,1,2,router,88,1
CP8EP8,6,1,2,router,89,342
CP8EP8,6,1,2,router,90,1879
CP8EP8,6,1,2,router,91,25
CP8EP8,6,1,2,router,92,2
CP8EP8,6,1,2,router,93,195
CP8EP8,6,1,2,router,94,20
CP8EP8,6,1,2,router,95,59
CP8EP8,6,1,2,router,96,1
CP8EP8,6,1,2,router,97,7
CP8EP8,6,1,2,router,98,2310
CP8EP8,6,1,2,router,99,7
CP8EP8,6,1,2,router,100,1435
CP8EP8,6,1,2,router,101,9
CP8EP8,6,1,2,router,102,400
CP8EP8,6,1,2,router,103,2
CP8EP8,6,1,2,router,104,8
CP8EP8,6,1,2,router,105,0
CP8EP8,6,1,2,router,106,0
CP8EP8,6,1,2,router,107,33
CP8EP8,6,1,2,router,108,0
CP8EP8,6,1,2,router,109,8
CP8EP8,6,1,2,router,110,1
CP8EP8,6,1,2,router,111,2
CP8EP8,6,1,2,router,112,0
CP8EP8,6,1,2,router,113,2
CP8EP8,6,1,2,router,114,11
CP8EP8,6,1,2,router,115,5
CP8EP8,6,1,2,router,116,1
CP8EP8,6,1,2,router,117,4349
CP8EP8,6,1,2,router,118,0
CP8EP8,6,1,2,router,119,0
CP8EP8,6,1,2,router,120,6
CP8EP8,6,1,2,router,121,0
CP8EP8,6,1,2,router,122,10
CP8EP8,6,1,2,router,123,45
CP8EP8,6,1,2,router,124,0
CP8EP8,6,1,2,router,125,21
CP8EP8,6,1,2,router,126,3
CP8EP8,6,1,2,router,127,31
CP8EP8,6,1,2,router,128,74
CP8EP8,6,1,2,router,129,62
CP8EP8,6,1,2,router,130,1
CP8EP8,6,1,2,router,131,35
CP8EP8,6,1,2,router,132,1
CP8EP8,6,1,2,router,133,0
CP8EP8,6,1,2,router,134,0
CP8EP8,6,1,2,router,135,14
CP8EP8,6,1,2,router,136,7
CP8EP8,6,1,2,router,137,0
CP8EP8,6,1,2,router,138,2
CP8EP8,6,1,2,router,139,74
CP8EP8,6,1,2,router,140,73
CP8EP8,6,1,2,router,141,0
CP8EP8,6,1,2,router,142,0
CP8EP8,6,1,2,router,143,4
CP8EP8,6,1,2,router,144,1
CP8EP8,6,1,2,router,145,33
CP8EP8,6,1,2,router,146,0
CP8EP8,6,1,2,router,147,92
CP8EP8,6,1,2,router,148,0
CP8EP8,6,1,2,router,149,13
CP8EP8,6,1,2,router,150,4
CP8EP8,6,1,2,router,151,0
CP8EP8,6,1,2,router,152,3499
CP8EP8,6,1,2,router,153,0
CP8EP8,6,1,2,router,154,0
CP8EP8,6,1,2,router,155,0
CP8EP8,6,1,2,router,156,1
CP8EP8,6,1,2,router,157,794
CP8EP8,6,1,2,router,158,1342
CP8EP8,6,1,2,router,159,2
CP8EP8,6,1,2,router,160,130
CP8EP8,6,1,2,router,161,1695
CP8EP8,6,1,2,router,162,1
CP8EP8,6,1,2,router,163,1549
CP8EP8,6,1,2,router,164,0
CP8EP8,6,1,2,router,165,0
CP8EP8,6,1,2,router,166,8190
CP8EP8,6,1,2,router,167,1390
CP8EP8,6,1,2,router,168,0
CP8EP8,6,1,2,router,169,26
CP8EP8,6,1,2,router,170,7
CP8EP8,6,1,2,router,171,10
CP8EP8,6,1,2,router,172,182
CP8EP8,6,1,2,router,173,0
CP8EP8,6,1,2,router,174,3909
CP8EP8,6,1,2,router,175,163
CP8EP8,6,1,2,router,176,0
CP8EP8,6,1,2,router,177,2578
CP8EP8,6,1,2,router,178,0
CP8EP8,6,1,2,router,179,26
CP8EP8,6,1,2,router,180,19
CP8EP8,6,1,2,router,181,8
CP8EP8,6,1,2,router,182,0
CP8EP8,6,1,2,router,183,27
CP8EP8,6,1,2,router,184,9
CP8EP8,6,1,2,router,185,2826
CP8EP8,6,1,2,router,186,2978
CP8EP8,6,1,2,router,187,4
CP8EP8,6,1,2,router,188,4
CP8EP8,6,1,2,router,189,2
CP8EP8,6,1,2,router,190,732
CP8EP8,6,1,2,router,191,370
CP8EP8,6,1,2,router,192,12
CP8EP8,6,1,2,router,193,4138
CP8EP8,6,1,2,router,194,1
CP8EP8,6,1,2,router,195,3
CP8EP8,6,1,2,router,196,13
CP8EP8,6,1,2,router,197,0
CP8EP8,6,1,2,router,198,1
CP8EP8,6,1,2,router,199,1013
CP8EP8,6,1,2,router,200,3
CP8EP8,6,1,2,router,201,134
CP8EP8,6,1,2,router,202,0
CP8EP8,6,1,2,router,203,12
CP8EP8,6,1,2,router,204,0
CP8EP8,6,1,2,router,205,26
CP8EP8,6,1,2,router,206,2728
CP8EP8,6,1,2,router,207,1
CP8EP8,6,1,2,router,208,20
CP8EP8,6,1,2,router,209,2
CP8EP8,6,1,2,router,210,0
CP8EP8,6,1,2,router,211,91
CP8EP8,6,1,2,router,212,13
CP8EP8,6,1,2,router,213,1113
CP8EP8,6,1,2,router,214,59
CP8EP8,6,1,2,router,215,439
CP8EP8,6,1,2,router,216,1
CP8EP8,6,1,2,router,217,1562
CP8EP8,6,1,2,router,218,2922
CP8EP8,6,1,2,router,219,0
CP8EP8,6,1,2,router,220,34
CP8EP8,6,1,2,router,221,1
CP8EP8,6,1,2,router,222,2
CP8EP8,6,1,2,router,223,4103
CP8EP8,6,1,2,router,224,17
CP8EP8,6,1,2,router,225,0
CP8EP8,6,1,2,router,226,0
CP8EP8,6,1,2,router,227,428
CP8EP8,6,1,2,router,228,0
CP8EP8,6,1,2,router,229,0
CP8EP8,6,1,2,router,230,0
CP8EP8,6,1,2,router,231,0
CP8EP8,6,1,2,router,232,1
CP8EP8,6,1,2,router,233,9175
CP8EP8,6,1,2,router,234,0
CP8EP8,6,1,2,router,235,0
CP8EP8,6,1,2,router,236,29
CP8EP8,6,1,2,router,237,1567
CP8EP8,6,1,2,router,238,1120
CP8EP8,6,1,2,router,239,0
CP8EP8,6,1,2,router,240,7
CP8EP8,6,1,2,router,241,0
CP8EP8,6,1,2,router,242,1131
CP8EP8,6,1,2,router,243,5
CP8EP8,6,1,2,router,244,1
CP8EP8,6,1,2,router,245,6
CP8EP8,6,1,2,router,246,7
CP8EP8,6,1,2,router,247,2
CP8EP8,6,1,2,router,248,221
CP8EP8,6,1,2,router,249,3
CP8EP8,6,1,2,router,250,105
CP8EP8,6,1,2,router,251,0
CP8EP8,6,1,2,router,252,0
CP8EP8,6,1,2,router,253,4
CP8EP8,6,1,2,router,254,82
CP8EP8,6,1,2,router,255,9
CP8EP8,6,1,2,expert_input,192,38
CP8EP8,6,1,2,expert_input,193,32944
CP8EP8,6,1,2,expert_input,194,4
CP8EP8,6,1,2,expert_input,195,29
CP8EP8,6,1,2,expert_input,196,103
CP8EP8,6,1,2,expert_input,197,3
CP8EP8,6,1,2,expert_input,198,3
CP8EP8,6,1,2,expert_input,199,7754
CP8EP8,6,1,2,expert_input,200,29
CP8EP8,6,1,2,expert_input,201,985
CP8EP8,6,1,2,expert_input,202,6
CP8EP8,6,1,2,expert_input,203,87
CP8EP8,6,1,2,expert_input,204,14
CP8EP8,6,1,2,expert_input,205,188
CP8EP8,6,1,2,expert_input,206,22205
CP8EP8,6,1,2,expert_input,207,13
CP8EP8,6,1,2,expert_input,208,149
CP8EP8,6,1,2,expert_input,209,20
CP8EP8,6,1,2,expert_input,210,0
CP8EP8,6,1,2,expert_input,211,804
CP8EP8,6,1,2,expert_input,212,121
CP8EP8,6,1,2,expert_input,213,8827
CP8EP8,6,1,2,expert_input,214,553
CP8EP8,6,1,2,expert_input,215,3697
CP8EP8,6,1,2,expert_input,216,5
CP8EP8,6,1,2,expert_input,217,13296
CP8EP8,6,1,2,expert_input,218,23925
CP8EP8,6,1,2,expert_input,219,0
CP8EP8,6,1,2,expert_input,220,242
CP8EP8,6,1,2,expert_input,221,13
CP8EP8,6,1,2,expert_input,222,2
CP8EP8,6,1,2,expert_input,223,32011
CP8EP8,6,2,3,router,0,850
CP8EP8,6,2,3,router,1,131
CP8EP8,6,2,3,router,2,42
CP8EP8,6,2,3,router,3,675
CP8EP8,6,2,3,router,4,1608
CP8EP8,6,2,3,router,5,97
CP8EP8,6,2,3,router,6,0
CP8EP8,6,2,3,router,7,3056
CP8EP8,6,2,3,router,8,412
CP8EP8,6,2,3,router,9,69
CP8EP8,6,2,3,router,10,1048
CP8EP8,6,2,3,router,11,21
CP8EP8,6,2,3,router,12,1780
CP8EP8,6,2,3,router,13,19
CP8EP8,6,2,3,router,14,1943
CP8EP8,6,2,3,router,15,1
CP8EP8,6,2,3,router,16,650
CP8EP8,6,2,3,router,17,1114
CP8EP8,6,2,3,router,18,0
CP8EP8,6,2,3,router,19,692
CP8EP8,6,2,3,router,20,232
CP8EP8,6,2,3,router,21,1
CP8EP8,6,2,3,router,22,240
CP8EP8,6,2,3,router,23,2745
CP8EP8,6,2,3,router,24,0
CP8EP8,6,2,3,router,25,316
CP8EP8,6,2,3,router,26,671
CP8EP8,6,2,3,router,27,9
CP8EP8,6,2,3,router,28,0
CP8EP8,6,2,3,router,29,190
CP8EP8,6,2,3,router,30,1502
CP8EP8,6,2,3,router,31,5
CP8EP8,6,2,3,router,32,1308
CP8EP8,6,2,3,router,33,219
CP8EP8,6,2,3,router,34,47
CP8EP8,6,2,3,router,35,524
CP8EP8,6,2,3,router,36,14
CP8EP8,6,2,3,router,37,136
CP8EP8,6,2,3,router,38,0
CP8EP8,6,2,3,router,39,558
CP8EP8,6,2,3,router,40,287
CP8EP8,6,2,3,router,41,569
CP8EP8,6,2,3,router,42,89
CP8EP8,6,2,3,router,43,14
CP8EP8,6,2,3,router,44,2
CP8EP8,6,2,3,router,45,10
CP8EP8,6,2,3,router,46,707
CP8EP8,6,2,3,router,47,33
CP8EP8,6,2,3,router,48,5
CP8EP8,6,2,3,router,49,160
CP8EP8,6,2,3,router,50,0
CP8EP8,6,2,3,router,51,405
CP8EP8,6,2,3,router,52,1
CP8EP8,6,2,3,router,53,5
CP8EP8,6,2,3,router,54,24
CP8EP8,6,2,3,router,55,0
CP8EP8,6,2,3,router,56,1815
CP8EP8,6,2,3,router,57,722
CP8EP8,6,2,3,router,58,435
CP8EP8,6,2,3,router,59,1471
CP8EP8,6,2,3,router,60,2036
CP8EP8,6,2,3,router,61,504
CP8EP8,6,2,3,router,62,955
CP8EP8,6,2,3,router,63,460
CP8EP8,6,2,3,router,64,104
CP8EP8,6,2,3,router,65,203
CP8EP8,6,2,3,router,66,5
CP8EP8,6,2,3,router,67,175
CP8EP8,6,2,3,router,68,58
CP8EP8,6,2,3,router,69,554
CP8EP8,6,2,3,router,70,1873
CP8EP8,6,2,3,router,71,641
CP8EP8,6,2,3,router,72,1019
CP8EP8,6,2,3,router,73,2052
CP8EP8,6,2,3,router,74,801
CP8EP8,6,2,3,router,75,362
CP8EP8,6,2,3,router,76,117
CP8EP8,6,2,3,router,77,1477
CP8EP8,6,2,3,router,78,3
CP8EP8,6,2,3,router,79,4
CP8EP8,6,2,3,router,80,2524
CP8EP8,6,2,3,router,81,1136
CP8EP8,6,2,3,router,82,10
CP8EP8,6,2,3,router,83,2061
CP8EP8,6,2,3,router,84,99
CP8EP8,6,2,3,router,85,9
CP8EP8,6,2,3,router,86,29
CP8EP8,6,2,3,router,87,1266
CP8EP8,6,2,3,router,88,702
CP8EP8,6,2,3,router,89,333
CP8EP8,6,2,3,router,90,0
CP8EP8,6,2,3,router,91,5
CP8EP8,6,2,3,router,92,568
CP8EP8,6,2,3,router,93,642
CP8EP8,6,2,3,router,94,3
CP8EP8,6,2,3,router,95,49
CP8EP8,6,2,3,router,96,495
CP8EP8,6,2,3,router,97,2007
CP8EP8,6,2,3,router,98,162
CP8EP8,6,2,3,router,99,408
CP8EP8,6,2,3,router,100,1159
CP8EP8,6,2,3,router,101,4
CP8EP8,6,2,3,router,102,0
CP8EP8,6,2,3,router,103,14
CP8EP8,6,2,3,router,104,803
CP8EP8,6,2,3,router,105,184
CP8EP8,6,2,3,router,106,535
CP8EP8,6,2,3,router,107,445
CP8EP8,6,2,3,router,108,571
CP8EP8,6,2,3,router,109,0
CP8EP8,6,2,3,router,110,0
CP8EP8,6,2,3,router,111,180
CP8EP8,6,2,3,router,112,1385
CP8EP8,6,2,3,router,113,488
CP8EP8,6,2,3,router,114,68
CP8EP8,6,2,3,router,115,665
CP8EP8,6,2,3,router,116,417
CP8EP8,6,2,3,router,117,54
CP8EP8,6,2,3,router,118,125
CP8EP8,6,2,3,router,119,29
CP8EP8,6,2,3,router,120,65
CP8EP8,6,2,3,router,121,449
CP8EP8,6,2,3,router,122,608
CP8EP8,6,2,3,router,123,311
CP8EP8,6,2,3,router,124,160
CP8EP8,6,2,3,router,125,0
CP8EP8,6,2,3,router,126,3
CP8EP8,6,2,3,router,127,1640
CP8EP8,6,2,3,router,128,774
CP8EP8,6,2,3,router,129,96
CP8EP8,6,2,3,router,130,2
CP8EP8,6,2,3,router,131,200
CP8EP8,6,2,3,router,132,701
CP8EP8,6,2,3,router,133,278
CP8EP8,6,2,3,router,134,2348
CP8EP8,6,2,3,router,135,222
CP8EP8,6,2,3,router,136,2
CP8EP8,6,2,3,router,137,325
CP8EP8,6,2,3,router,138,69
CP8EP8,6,2,3,router,139,132
CP8EP8,6,2,3,router,140,273
CP8EP8,6,2,3,router,141,394
CP8EP8,6,2,3,router,142,2
CP8EP8,6,2,3,router,143,24
CP8EP8,6,2,3,router,144,875
CP8EP8,6,2,3,router,145,833
CP8EP8,6,2,3,router,146,359
CP8EP8,6,2,3,router,147,321
CP8EP8,6,2,3,router,148,38
CP8EP8,6,2,3,router,149,575
CP8EP8,6,2,3,router,150,186
CP8EP8,6,2,3,router,151,1301
CP8EP8,6,2,3,router,152,16
CP8EP8,6,2,3,router,153,8
CP8EP8,6,2,3,router,154,3652
CP8EP8,6,2,3,router,155,986
CP8EP8,6,2,3,router,156,0
CP8EP8,6,2,3,router,157,832
CP8EP8,6,2,3,router,158,762
CP8EP8,6,2,3,router,159,3418
CP8EP8,6,2,3,router,160,82
CP8EP8,6,2,3,router,161,3359
CP8EP8,6,2,3,router,162,661
CP8EP8,6,2,3,router,163,0
CP8EP8,6,2,3,router,164,630
CP8EP8,6,2,3,router,165,334
CP8EP8,6,2,3,router,166,1416
CP8EP8,6,2,3,router,167,154
CP8EP8,6,2,3,router,168,355
CP8EP8,6,2,3,router,169,738
CP8EP8,6,2,3,router,170,301
CP8EP8,6,2,3,router,171,2435
CP8EP8,6,2,3,router,172,7
CP8EP8,6,2,3,router,173,0
CP8EP8,6,2,3,router,174,1054
CP8EP8,6,2,3,router,175,22
CP8EP8,6,2,3,router,176,845
CP8EP8,6,2,3,router,177,9
CP8EP8,6,2,3,router,178,532
CP8EP8,6,2,3,router,179,609
CP8EP8,6,2,3,router,180,12
CP8EP8,6,2,3,router,181,0
CP8EP8,6,2,3,router,182,0
CP8EP8,6,2,3,router,183,113
CP8EP8,6,2,3,router,184,47
CP8EP8,6,2,3,router,185,176
CP8EP8,6,2,3,router,186,1
CP8EP8,6,2,3,router,187,557
CP8EP8,6,2,3,router,188,47
CP8EP8,6,2,3,router,189,69
CP8EP8,6,2,3,router,190,1052
CP8EP8,6,2,3,router,191,750
CP8EP8,6,2,3,router,192,896
CP8EP8,6,2,3,router,193,533
CP8EP8,6,2,3,router,194,1
CP8EP8,6,2,3,router,195,1080
CP8EP8,6,2,3,router,196,425
CP8EP8,6,2,3,router,197,16
CP8EP8,6,2,3,router,198,1
CP8EP8,6,2,3,router,199,0
CP8EP8,6,2,3,router,200,873
CP8EP8,6,2,3,router,201,107
CP8EP8,6,2,3,router,202,46
CP8EP8,6,2,3,router,203,987
CP8EP8,6,2,3,router,204,6
CP8EP8,6,2,3,router,205,15
CP8EP8,6,2,3,router,206,1312
CP8EP8,6,2,3,router,207,244
CP8EP8,6,2,3,router,208,1024
CP8EP8,6,2,3,router,209,112
CP8EP8,6,2,3,router,210,2324
CP8EP8,6,2,3,router,211,57
CP8EP8,6,2,3,router,212,52
CP8EP8,6,2,3,router,213,0
CP8EP8,6,2,3,router,214,25
CP8EP8,6,2,3,router,215,179
CP8EP8,6,2,3,router,216,52
CP8EP8,6,2,3,router,217,2
CP8EP8,6,2,3,router,218,228
CP8EP8,6,2,3,router,219,6
CP8EP8,6,2,3,router,220,528
CP8EP8,6,2,3,router,221,9
CP8EP8,6,2,3,router,222,529
CP8EP8,6,2,3,router,223,1511
CP8EP8,6,2,3,router,224,64
CP8EP8,6,2,3,router,225,1283
CP8EP8,6,2,3,router,226,372
CP8EP8,6,2,3,router,227,3
CP8EP8,6,2,3,router,228,206
CP8EP8,6,2,3,router,229,2813
CP8EP8,6,2,3,router,230,629
CP8EP8,6,2,3,router,231,2
CP8EP8,6,2,3,router,232,181
CP8EP8,6,2,3,router,233,0
CP8EP8,6,2,3,router,234,1181
CP8EP8,6,2,3,router,235,394
CP8EP8,6,2,3,router,236,656
CP8EP8,6,2,3,router,237,406
CP8EP8,6,2,3,router,238,602
CP8EP8,6,2,3,router,239,673
CP8EP8,6,2,3,router,240,87
CP8EP8,6,2,3,router,241,705
CP8EP8,6,2,3,router,242,0
CP8EP8,6,2,3,router,243,30
CP8EP8,6,2,3,router,244,132
CP8EP8,6,2,3,router,245,0
CP8EP8,6,2,3,router,246,287
CP8EP8,6,2,3,router,247,875
CP8EP8,6,2,3,router,248,0
CP8EP8,6,2,3,router,249,273
CP8EP8,6,2,3,router,250,1722
CP8EP8,6,2,3,router,251,0
CP8EP8,6,2,3,router,252,1376
CP8EP8,6,2,3,router,253,179
CP8EP8,6,2,3,router,254,74
CP8EP8,6,2,3,router,255,364
CP8EP8,6,2,3,expert_input,192,6843
CP8EP8,6,2,3,expert_input,193,4226
CP8EP8,6,2,3,expert_input,194,4
CP8EP8,6,2,3,expert_input,195,9711
CP8EP8,6,2,3,expert_input,196,3103
CP8EP8,6,2,3,expert_input,197,133
CP8EP8,6,2,3,expert_input,198,1
CP8EP8,6,2,3,expert_input,199,0
CP8EP8,6,2,3,expert_input,200,6981
CP8EP8,6,2,3,expert_input,201,1077
CP8EP8,6,2,3,expert_input,202,387
CP8EP8,6,2,3,expert_input,203,7179
CP8EP8,6,2,3,expert_input,204,75
CP8EP8,6,2,3,expert_input,205,145
CP8EP8,6,2,3,expert_input,206,10396
CP8EP8,6,2,3,expert_input,207,1918
CP8EP8,6,2,3,expert_input,208,8156
CP8EP8,6,2,3,expert_input,209,855
CP8EP8,6,2,3,expert_input,210,18128
CP8EP8,6,2,3,expert_input,211,608
CP8EP8,6,2,3,expert_input,212,438
CP8EP8,6,2,3,expert_input,213,0
CP8EP8,6,2,3,expert_input,214,196
CP8EP8,6,2,3,expert_input,215,1528
CP8EP8,6,2,3,expert_input,216,406
CP8EP8,6,2,3,expert_input,217,9
CP8EP8,6,2,3,expert_input,218,1833
CP8EP8,6,2,3,expert_input,219,70
CP8EP8,6,2,3,expert_input,220,4289
CP8EP8,6,2,3,expert_input,221,65
CP8EP8,6,2,3,expert_input,222,4456
CP8EP8,6,2,3,expert_input,223,12442
CP8EP8,7,1,2,router,0,267
CP8EP8,7,1,2,router,1,5
CP8EP8,7,1,2,router,2,879
CP8EP8,7,1,2,router,3,2451
CP8EP8,7,1,2,router,4,1
CP8EP8,7,1,2,router,5,872
CP8EP8,7,1,2,router,6,6
CP8EP8,7,1,2,router,7,4
CP8EP8,7,1,2,router,8,10
CP8EP8,7,1,2,router,9,0
CP8EP8,7,1,2,router,10,2
CP8EP8,7,1,2,router,11,5675
CP8EP8,7,1,2,router,12,3
CP8EP8,7,1,2,router,13,1462
CP8EP8,7,1,2,router,14,71
CP8EP8,7,1,2,router,15,3842
CP8EP8,7,1,2,router,16,2
CP8EP8,7,1,2,router,17,810
CP8EP8,7,1,2,router,18,5
CP8EP8,7,1,2,router,19,3
CP8EP8,7,1,2,router,20,7
CP8EP8,7,1,2,router,21,4
CP8EP8,7,1,2,router,22,14
CP8EP8,7,1,2,router,23,10
CP8EP8,7,1,2,router,24,0
CP8EP8,7,1,2,router,25,0
CP8EP8,7,1,2,router,26,9013
CP8EP8,7,1,2,router,27,499
CP8EP8,7,1,2,router,28,5683
CP8EP8,7,1,2,router,29,0
CP8EP8,7,1,2,router,30,13
CP8EP8,7,1,2,router,31,0
CP8EP8,7,1,2,router,32,6
CP8EP8,7,1,2,router,33,0
CP8EP8,7,1,2,router,34,23
CP8EP8,7,1,2,router,35,0
CP8EP8,7,1,2,router,36,1
CP8EP8,7,1,2,router,37,3236
CP8EP8,7,1,2,router,38,0
CP8EP8,7,1,2,router,39,0
CP8EP8,7,1,2,router,40,1
CP8EP8,7,1,2,router,41,9913
CP8EP8,7,1,2,router,42,4
CP8EP8,7,1,2,router,43,0
CP8EP8,7,1,2,router,44,0
CP8EP8,7,1,2,router,45,45
CP8EP8,7,1,2,router,46,0
CP8EP8,7,1,2,router,47,12
CP8EP8,7,1,2,router,48,0
CP8EP8,7,1,2,router,49,0
CP8EP8,7,1,2,router,50,22
CP8EP8,7,1,2,router,51,1
CP8EP8,7,1,2,router,52,4
CP8EP8,7,1,2,router,53,2
CP8EP8,7,1,2,router,54,50
CP8EP8,7,1,2,router,55,0
CP8EP8,7,1,2,router,56,11
CP8EP8,7,1,2,router,57,674
CP8EP8,7,1,2,router,58,30
CP8EP8,7,1,2,router,59,4
CP8EP8,7,1,2,router,60,0
CP8EP8,7,1,2,router,61,90
CP8EP8,7,1,2,router,62,1092
CP8EP8,7,1,2,router,63,62
CP8EP8,7,1,2,router,64,0
CP8EP8,7,1,2,router,65,1
CP8EP8,7,1,2,router,66,29
CP8EP8,7,1,2,router,67,0
CP8EP8,7,1,2,router,68,1
CP8EP8,7,1,2,router,69,1
CP8EP8,7,1,2,router,70,4
CP8EP8,7,1,2,router,71,3
CP8EP8,7,1,2,router,72,166
CP8EP8,7,1,2,router,73,2
CP8EP8,7,1,2,router,74,5
CP8EP8,7,1,2,router,75,2
CP8EP8,7,1,2,router,76,3
CP8EP8,7,1,2,router,77,12
CP8EP8,7,1,2,router,78,867
CP8EP8,7,1,2,router,79,3
CP8EP8,7,1,2,router,80,4
CP8EP8,7,1,2,router,81,81
CP8EP8,7,1,2,router,82,4072
CP8EP8,7,1,2,router,83,2092
CP8EP8,7,1,2,router,84,0
CP8EP8,7,1,2,router,85,0
CP8EP8,7,1,2,router,86,0
CP8EP8,7,1,2,router,87,146
CP8EP8,7,1,2,router,88,2
CP8EP8,7,1,2,router,89,315
CP8EP8,7,1,2,router,90,1794
CP8EP8,7,1,2,router,91,33
CP8EP8,7,1,2,router,92,0
CP8EP8,7,1,2,router,93,201
CP8EP8,7,1,2,router,94,28
CP8EP8,7,1,2,router,95,64
CP8EP8,7,1,2,router,96,0
CP8EP8,7,1,2,router,97,6
CP8EP8,7,1,2,router,98,2339
CP8EP8,7,1,2,router,99,10
CP8EP8,7,1,2,router,100,1406
CP8EP8,7,1,2,router,101,4
CP8EP8,7,1,2,router,102,368
CP8EP8,7,1,2,router,103,0
CP8EP8,7,1,2,router,104,0
CP8EP8,7,1,2,router,105,0
CP8EP8,7,1,2,router,106,0
CP8EP8,7,1,2,router,107,24
CP8EP8,7,1,2,router,108,0
CP8EP8,7,1,2,router,109,6
CP8EP8,7,1,2,router,110,7
CP8EP8,7,1,2,router,111,5
CP8EP8,7,1,2,router,112,2
CP8EP8,7,1,2,router,113,0
CP8EP8,7,1,2,router,114,11
CP8EP8,7,1,2,router,115,2
CP8EP8,7,1,2,router,116,1
CP8EP8,7,1,2,router,117,4429
CP8EP8,7,1,2,router,118,1
CP8EP8,7,1,2,router,119,0
CP8EP8,7,1,2,router,120,8
CP8EP8,7,1,2,router,121,0
CP8EP8,7,1,2,router,122,6
CP8EP8,7,1,2,router,123,44
CP8EP8,7,1,2,router,124,0
CP8EP8,7,1,2,router,125,25
CP8EP8,7,1,2,router,126,3
CP8EP8,7,1,2,router,127,36
CP8EP8,7,1,2,router,128,49
CP8EP8,7,1,2,router,129,59
CP8EP8,7,1,2,router,130,0
CP8EP8,7,1,2,router,131,32
CP8EP8,7,1,2,router,132,0
CP8EP8,7,1,2,router,133,0
CP8EP8,7,1,2,router,134,0
CP8EP8,7,1,2,router,135,27
CP8EP8,7,1,2,router,136,2
CP8EP8,7,1,2,router,137,0
CP8EP8,7,1,2,router,138,4
CP8EP8,7,1,2,router,139,61
CP8EP8,7,1,2,router,140,92
CP8EP8,7,1,2,router,141,2
CP8EP8,7,1,2,router,142,0
CP8EP8,7,1,2,router,143,2
CP8EP8,7,1,2,router,144,0
CP8EP8,7,1,2,router,145,21
CP8EP8,7,1,2,router,146,0
CP8EP8,7,1,2,router,147,95
CP8EP8,7,1,2,router,148,7
CP8EP8,7,1,2,router,149,11
CP8EP8,7,1,2,router,150,2
CP8EP8,7,1,2,router,151,0
CP8EP8,7,1,2,router,152,3468
CP8EP8,7,1,2,router,153,0
CP8EP8,7,1,2,router,154,0
CP8EP8,7,1,2,router,155,0
CP8EP8,7,1,2,router,156,3
CP8EP8,7,1,2,router,157,727
CP8EP8,7,1,2,router,158,1289
CP8EP8,7,1,2,router,159,0
CP8EP8,7,1,2,router,160,144
CP8EP8,7,1,2,router,161,1783
CP8EP8,7,1,2,router,162,0
CP8EP8,7,1,2,router,163,1552
CP8EP8,7,1,2,router,164,0
CP8EP8,7,1,2,router,165,0
CP8EP8,7,1,2,router,166,8176
CP8EP8,7,1,2,router,167,1335
CP8EP8,7,1,2,router,168,1
CP8EP8,7,1,2,router,169,18
CP8EP8,7,1,2,router,170,6
CP8EP8,7,1,2,router,171,3
CP8EP8,7,1,2,router,172,198
CP8EP8,7,1,2,router,173,0
CP8EP8,7,1,2,router,174,3932
CP8EP8,7,1,2,router,175,146
CP8EP8,7,1,2,router,176,0
CP8EP8,7,1,2,router,177,2732
CP8EP8,7,1,2,router,178,0
CP8EP8,7,1,2,router,179,18
CP8EP8,7,1,2,router,180,26
CP8EP8,7,1,2,router,181,8
CP8EP8,7,1,2,router,182,0
CP8EP8,7,1,2,router,183,23
CP8EP8,7,1,2,router,184,5
CP8EP8,7,1,2,router,185,2782
CP8EP8,7,1,2,router,186,2957
CP8EP8,7,1,2,router,187,6
CP8EP8,7,1,2,router,188,3
CP8EP8,7,1,2,router,189,0
CP8EP8,7,1,2,router,190,735
CP8EP8,7,1,2,router,191,360
CP8EP8,7,1,2,router,192,6
CP8EP8,7,1,2,router,193,4103
CP8EP8,7,1,2,router,194,0
CP8EP8,7,1,2,router,195,2
CP8EP8,7,1,2,router,196,12
CP8EP8,7,1,2,router,197,0
CP8EP8,7,1,2,router,198,2
CP8EP8,7,1,2,router,199,949
CP8EP8,7,1,2,router,200,6
CP8EP8,7,1,2,router,201,124
CP8EP8,7,1,2,router,202,1
CP8EP8,7,1,2,router,203,18
CP8EP8,7,1,2,router,204,0
CP8EP8,7,1,2,router,205,27
CP8EP8,7,1,2,router,206,2817
CP8EP8,7,1,2,router,207,0
CP8EP8,7,1,2,router,208,12
CP8EP8,7,1,2,router,209,4
CP8EP8,7,1,2,router,210,0
CP8EP8,7,1,2,router,211,97
CP8EP8,7,1,2,router,212,14
CP8EP8,7,1,2,router,213,1089
CP8EP8,7,1,2,router,214,79
CP8EP8,7,1,2,router,215,435
CP8EP8,7,1,2,router,216,0
CP8EP8,7,1,2,router,217,1587
CP8EP8,7,1,2,router,218,2988
CP8EP8,7,1,2,router,219,0
CP8EP8,7,1,2,router,220,23
CP8EP8,7,1,2,router,221,1
CP8EP8,7,1,2,router,222,0
CP8EP8,7,1,2,router,223,4080
CP8EP8,7,1,2,router,224,14
CP8EP8,7,1,2,router,225,0
CP8EP8,7,1,2,router,226,2
CP8EP8,7,1,2,router,227,448
CP8EP8,7,1,2,router,228,2
CP8EP8,7,1,2,router,229,0
CP8EP8,7,1,2,router,230,0
CP8EP8,7,1,2,router,231,0
CP8EP8,7,1,2,router,232,0
CP8EP8,7,1,2,router,233,9257
CP8EP8,7,1,2,router,234,0
CP8EP8,7,1,2,router,235,0
CP8EP8,7,1,2,router,236,28
CP8EP8,7,1,2,router,237,1626
CP8EP8,7,1,2,router,238,1144
CP8EP8,7,1,2,router,239,0
CP8EP8,7,1,2,router,240,2
CP8EP8,7,1,2,router,241,0
CP8EP8,7,1,2,router,242,1177
CP8EP8,7,1,2,router,243,5
CP8EP8,7,1,2,router,244,0
CP8EP8,7,1,2,router,245,7
CP8EP8,7,1,2,router,246,12
CP8EP8,7,1,2,router,247,1
CP8EP8,7,1,2,router,248,212
CP8EP8,7,1,2,router,249,4
CP8EP8,7,1,2,router,250,111
CP8EP8,7,1,2,router,251,2
CP8EP8,7,1,2,router,252,0
CP8EP8,7,1,2,router,253,1
CP8EP8,7,1,2,router,254,65
CP8EP8,7,1,2,router,255,4
CP8EP8,7,1,2,expert_input,224,133
CP8EP8,7,1,2,expert_input,225,0
CP8EP8,7,1,2,expert_input,226,3
CP8EP8,7,1,2,expert_input,227,3290
CP8EP8,7,1,2,expert_input,228,4
CP8EP8,7,1,2,expert_input,229,0
CP8EP8,7,1,2,expert_input,230,0
CP8EP8,7,1,2,expert_input,231,0
CP8EP8,7,1,2,expert_input,232,3
CP8EP8,7,1,2,expert_input,233,73375
CP8EP8,7,1,2,expert_input,234,0
CP8EP8,7,1,2,expert_input,235,3
CP8EP8,7,1,2,expert_input,236,222
CP8EP8,7,1,2,expert_input,237,13133
CP8EP8,7,1,2,expert_input,238,9160
CP8EP8,7,1,2,expert_input,239,3
CP8EP8,7,1,2,expert_input,240,49
CP8EP8,7,1,2,expert_input,241,4
CP8EP8,7,1,2,expert_input,242,8889
CP8EP8,7,1,2,expert_input,243,52
CP8EP8,7,1,2,expert_input,244,4
CP8EP8,7,1,2,expert_input,245,39
CP8EP8,7,1,2,expert_input,246,45
CP8EP8,7,1,2,expert_input,247,29
CP8EP8,7,1,2,expert_input,248,1705
CP8EP8,7,1,2,expert_input,249,30
CP8EP8,7,1,2,expert_input,250,731
CP8EP8,7,1,2,expert_input,251,11
CP8EP8,7,1,2,expert_input,252,0
CP8EP8,7,1,2,expert_input,253,35
CP8EP8,7,1,2,expert_input,254,540
CP8EP8,7,1,2,expert_input,255,39
CP8EP8,7,2,3,router,0,835
CP8EP8,7,2,3,router,1,118
CP8EP8,7,2,3,router,2,38
CP8EP8,7,2,3,router,3,703
CP8EP8,7,2,3,router,4,1665
CP8EP8,7,2,3,router,5,88
CP8EP8,7,2,3,router,6,2
CP8EP8,7,2,3,router,7,3061
CP8EP8,7,2,3,router,8,439
CP8EP8,7,2,3,router,9,54
CP8EP8,7,2,3,router,10,1027
CP8EP8,7,2,3,router,11,26
CP8EP8,7,2,3,router,12,1848
CP8EP8,7,2,3,router,13,28
CP8EP8,7,2,3,router,14,1996
CP8EP8,7,2,3,router,15,1
CP8EP8,7,2,3,router,16,643
CP8EP8,7,2,3,router,17,1152
CP8EP8,7,2,3,router,18,0
CP8EP8,7,2,3,router,19,668
CP8EP8,7,2,3,router,20,206
CP8EP8,7,2,3,router,21,3
CP8EP8,7,2,3,router,22,242
CP8EP8,7,2,3,router,23,2708
CP8EP8,7,2,3,router,24,0
CP8EP8,7,2,3,router,25,317
CP8EP8,7,2,3,router,26,639
CP8EP8,7,2,3,router,27,6
CP8EP8,7,2,3,router,28,0
CP8EP8,7,2,3,router,29,185
CP8EP8,7,2,3,router,30,1574
CP8EP8,7,2,3,router,31,5
CP8EP8,7,2,3,router,32,1328
CP8EP8,7,2,3,router,33,245
CP8EP8,7,2,3,router,34,45
CP8EP8,7,2,3,router,35,526
CP8EP8,7,2,3,router,36,21
CP8EP8,7,2,3,router,37,167
CP8EP8,7,2,3,router,38,0
CP8EP8,7,2,3,router,39,533
CP8EP8,7,2,3,router,40,253
CP8EP8,7,2,3,router,41,578
CP8EP8,7,2,3,router,42,106
CP8EP8,7,2,3,router,43,18
CP8EP8,7,2,3,router,44,1
CP8EP8,7,2,3,router,45,6
CP8EP8,7,2,3,router,46,642
CP8EP8,7,2,3,router,47,26
CP8EP8,7,2,3,router,48,3
CP8EP8,7,2,3,router,49,174
CP8EP8,7,2,3,router,50,0
CP8EP8,7,2,3,router,51,393
CP8EP8,7,2,3,router,52,2
CP8EP8,7,2,3,router,53,8
CP8EP8,7,2,3,router,54,36
CP8EP8,7,2,3,router,55,0
CP8EP8,7,2,3,router,56,1911
CP8EP8,7,2,3,router,57,737
CP8EP8,7,2,3,router,58,425
CP8EP8,7,2,3,router,59,1553
CP8EP8,7,2,3,router,60,2100
CP8EP8,7,2,3,router,61,552
CP8EP8,7,2,3,router,62,958
CP8EP8,7,2,3,router,63,503
CP8EP8,7,2,3,router,64,108
CP8EP8,7,2,3,router,65,183
CP8EP8,7,2,3,router,66,4
CP8EP8,7,2,3,router,67,154
CP8EP8,7,2,3,router,68,56
CP8EP8,7,2,3,router,69,514
CP8EP8,7,2,3,router,70,1896
CP8EP8,7,2,3,router,71,600
CP8EP8,7,2,3,router,72,944
CP8EP8,7,2,3,router,73,1975
CP8EP8,7,2,3,router,74,734
CP8EP8,7,2,3,router,75,340
CP8EP8,7,2,3,router,76,117
CP8EP8,7,2,3,router,77,1444
CP8EP8,7,2,3,router,78,3
CP8EP8,7,2,3,router,79,7
CP8EP8,7,2,3,router,80,2443
CP8EP8,7,2,3,router,81,1130
CP8EP8,7,2,3,router,82,8
CP8EP8,7,2,3,router,83,2060
CP8EP8,7,2,3,router,84,88
CP8EP8,7,2,3,router,85,8
CP8EP8,7,2,3,router,86,33
CP8EP8,7,2,3,router,87,1206
CP8EP8,7,2,3,router,88,702
CP8EP8,7,2,3,router,89,352
CP8EP8,7,2,3,router,90,0
CP8EP8,7,2,3,router,91,3
CP8EP8,7,2,3,router,92,594
CP8EP8,7,2,3,router,93,575
CP8EP8,7,2,3,router,94,0
CP8EP8,7,2,3,router,95,50
CP8EP8,7,2,3,router,96,483
CP8EP8,7,2,3,router,97,1937
CP8EP8,7,2,3,router,98,136
CP8EP8,7,2,3,router,99,429
CP8EP8,7,2,3,router,100,1219
CP8EP8,7,2,3,router,101,1
CP8EP8,7,2,3,router,102,0
CP8EP8,7,2,3,router,103,11
CP8EP8,7,2,3,router,104,774
CP8EP8,7,2,3,router,105,177
CP8EP8,7,2,3,router,106,575
CP8EP8,7,2,3,router,107,501
CP8EP8,7,2,3,router,108,556
CP8EP8,7,2,3,router,109,0
CP8EP8,7,2,3,router,110,0
CP8EP8,7,2,3,router,111,190
CP8EP8,7,2,3,router,112,1339
CP8EP8,7,2,3,router,113,532
CP8EP8,7,2,3,router,114,61
CP8EP8,7,2,3,router,115,629
CP8EP8,7,2,3,router,116,426
CP8EP8,7,2,3,router,117,64
CP8EP8,7,2,3,router,118,117
CP8EP8,7,2,3,router,119,42
CP8EP8,7,2,3,router,120,78
CP8EP8,7,2,3,router,121,442
CP8EP8,7,2,3,router,122,601
CP8EP8,7,2,3,router,123,326
CP8EP8,7,2,3,router,124,162
CP8EP8,7,2,3,router,125,0
CP8EP8,7,2,3,router,126,1
CP8EP8,7,2,3,router,127,1593
CP8EP8,7,2,3,router,128,740
CP8EP8,7,2,3,router,129,84
CP8EP8,7,2,3,router,130,3
CP8EP8,7,2,3,router,131,228
CP8EP8,7,2,3,router,132,726
CP8EP8,7,2,3,router,133,251
CP8EP8,7,2,3,router,134,2392
CP8EP8,7,2,3,router,135,234
CP8EP8,7,2,3,router,136,0
CP8EP8,7,2,3,router,137,290
CP8EP8,7,2,3,router,138,67
CP8EP8,7,2,3,router,139,136
CP8EP8,7,2,3,router,140,282
CP8EP8,7,2,3,router,141,442
CP8EP8,7,2,3,router,142,5
CP8EP8,7,2,3,router,143,50
CP8EP8,7,2,3,router,144,820
CP8EP8,7,2,3,router,145,806
CP8EP8,7,2,3,router,146,338
CP8EP8,7,2,3,router,147,307
CP8EP8,7,2,3,router,148,33
CP8EP8,7,2,3,router,149,641
CP8EP8,7,2,3,router,150,187
CP8EP8,7,2,3,router,151,1408
CP8EP8,7,2,3,router,152,8
CP8EP8,7,2,3,router,153,8
CP8EP8,7,2,3,router,154,3658
CP8EP8,7,2,3,router,155,1085
CP8EP8,7,2,3,router,156,0
CP8EP8,7,2,3,router,157,824
CP8EP8,7,2,3,router,158,780
CP8EP8,7,2,3,router,159,3435
CP8EP8,7,2,3,router,160,82
CP8EP8,7,2,3,router,161,3471
CP8EP8,7,2,3,router,162,641
CP8EP8,7,2,3,router,163,0
CP8EP8,7,2,3,router,164,594
CP8EP8,7,2,3,router,165,360
CP8EP8,7,2,3,router,166,1283
CP8EP8,7,2,3,router,167,148
CP8EP8,7,2,3,router,168,286
CP8EP8,7,2,3,router,169,752
CP8EP8,7,2,3,router,170,352
CP8EP8,7,2,3,router,171,2426
CP8EP8,7,2,3,router,172,8
CP8EP8,7,2,3,router,173,4
CP8EP8,7,2,3,router,174,1034
CP8EP8,7,2,3,router,175,20
CP8EP8,7,2,3,router,176,855
CP8EP8,7,2,3,router,177,7
CP8EP8,7,2,3,router,178,570
CP8EP8,7,2,3,router,179,593
CP8EP8,7,2,3,router,180,7
CP8EP8,7,2,3,router,181,0
CP8EP8,7,2,3,router,182,0
CP8EP8,7,2,3,router,183,113
CP8EP8,7,2,3,router,184,50
CP8EP8,7,2,3,router,185,182
CP8EP8,7,2,3,router,186,1
CP8EP8,7,2,3,router,187,574
CP8EP8,7,2,3,router,188,46
CP8EP8,7,2,3,router,189,62
CP8EP8,7,2,3,router,190,1003
CP8EP8,7,2,3,router,191,691
CP8EP8,7,2,3,router,192,908
CP8EP8,7,2,3,router,193,525
CP8EP8,7,2,3,router,194,0
CP8EP8,7,2,3,router,195,1040
CP8EP8,7,2,3,router,196,382
CP8EP8,7,2,3,router,197,18
CP8EP8,7,2,3,router,198,0
CP8EP8,7,2,3,router,199,0
CP8EP8,7,2,3,router,200,872
CP8EP8,7,2,3,router,201,116
CP8EP8,7,2,3,router,202,49
CP8EP8,7,2,3,router,203,914
CP8EP8,7,2,3,router,204,10
CP8EP8,7,2,3,router,205,11
CP8EP8,7,2,3,router,206,1291
CP8EP8,7,2,3,router,207,206
CP8EP8,7,2,3,router,208,1051
CP8EP8,7,2,3,router,209,113
CP8EP8,7,2,3,router,210,2291
CP8EP8,7,2,3,router,211,59
CP8EP8,7,2,3,router,212,46
CP8EP8,7,2,3,router,213,0
CP8EP8,7,2,3,router,214,20
CP8EP8,7,2,3,router,215,188
CP8EP8,7,2,3,router,216,51
CP8EP8,7,2,3,router,217,0
CP8EP8,7,2,3,router,218,215
CP8EP8,7,2,3,router,219,7
CP8EP8,7,2,3,router,220,560
CP8EP8,7,2,3,router,221,8
CP8EP8,7,2,3,router,222,547
CP8EP8,7,2,3,router,223,1469
CP8EP8,7,2,3,router,224,66
CP8EP8,7,2,3,router,225,1274
CP8EP8,7,2,3,router,226,338
CP8EP8,7,2,3,router,227,3
CP8EP8,7,2,3,router,228,220
CP8EP8,7,2,3,router,229,2815
CP8EP8,7,2,3,router,230,655
CP8EP8,7,2,3,router,231,2
CP8EP8,7,2,3,router,232,181
CP8EP8,7,2,3,router,233,0
CP8EP8,7,2,3,router,234,1159
CP8EP8,7,2,3,router,235,428
CP8EP8,7,2,3,router,236,668
CP8EP8,7,2,3,router,237,407
CP8EP8,7,2,3,router,238,630
CP8EP8,7,2,3,router,239,693
CP8EP8,7,2,3,router,240,88
CP8EP8,7,2,3,router,241,748
CP8EP8,7,2,3,router,242,1
CP8EP8,7,2,3,router,243,26
CP8EP8,7,2,3,router,244,161
CP8EP8,7,2,3,router,245,0
CP8EP8,7,2,3,router,246,273
CP8EP8,7,2,3,router,247,898
CP8EP8,7,2,3,router,248,0
CP8EP8,7,2,3,router,249,257
CP8EP8,7,2,3,router,250,1827
CP8EP8,7,2,3,router,251,0
CP8EP8,7,2,3,router,252,1379
CP8EP8,7,2,3,router,253,157
CP8EP8,7,2,3,router,254,60
CP8EP8,7,2,3,router,255,348
CP8EP8,7,2,3,expert_input,224,509
CP8EP8,7,2,3,expert_input,225,9797
CP8EP8,7,2,3,expert_input,226,2897
CP8EP8,7,2,3,expert_input,227,64
CP8EP8,7,2,3,expert_input,228,1681
CP8EP8,7,2,3,expert_input,229,22753
CP8EP8,7,2,3,expert_input,230,5229
CP8EP8,7,2,3,expert_input,231,70
CP8EP8,7,2,3,expert_input,232,1485
CP8EP8,7,2,3,expert_input,233,0
CP8EP8,7,2,3,expert_input,234,9691
CP8EP8,7,2,3,expert_input,235,3417
CP8EP8,7,2,3,expert_input,236,5624
CP8EP8,7,2,3,expert_input,237,3399
CP8EP8,7,2,3,expert_input,238,4954
CP8EP8,7,2,3,expert_input,239,5409
CP8EP8,7,2,3,expert_input,240,698
CP8EP8,7,2,3,expert_input,241,5775
CP8EP8,7,2,3,expert_input,242,1
CP8EP8,7,2,3,expert_input,243,200
CP8EP8,7,2,3,expert_input,244,1187
CP8EP8,7,2,3,expert_input,245,1
CP8EP8,7,2,3,expert_input,246,2452
CP8EP8,7,2,3,expert_input,247,7021
CP8EP8,7,2,3,expert_input,248,2
CP8EP8,7,2,3,expert_input,249,2363
CP8EP8,7,2,3,expert_input,250,14381
CP8EP8,7,2,3,expert_input,251,0
CP8EP8,7,2,3,expert_input,252,11183
CP8EP8,7,2,3,expert_input,253,1320
CP8EP8,7,2,3,expert_input,254,523
CP8EP8,7,2,3,expert_input,255,3043
