node 1: rendezvous master=b300-1-ea7ns7ym-0002 (10.1.77.41)
node 0: rendezvous master=b300-1-ea7ns7ym-0002 (10.1.77.41)
node 1: NCCL_IB_HCA=mlx5_bond
node 0: NCCL_IB_HCA=mlx5_bond
/root/.cache/user_artifacts/trainers_main/server/.venv/lib/python3.12/site-packages/torch/cuda/__init__.py:61: FutureWarning: The pynvml package is deprecated. Please install nvidia-ml-py instead. If you did not install pynvml directly, please report this to the maintainers of the package that installed pynvml for you.
  import pynvml  # type: ignore[import]
/root/.cache/user_artifacts/trainers_main/server/.venv/lib/python3.12/site-packages/torch/cuda/__init__.py:61: FutureWarning: The pynvml package is deprecated. Please install nvidia-ml-py instead. If you did not install pynvml directly, please report this to the maintainers of the package that installed pynvml for you.
  import pynvml  # type: ignore[import]
W0814 23:01:09.627000 118289 torch/distributed/run.py:851] 
W0814 23:01:09.627000 118289 torch/distributed/run.py:851] *****************************************
W0814 23:01:09.627000 118289 torch/distributed/run.py:851] Setting OMP_NUM_THREADS environment variable for each process to be 1 in default, to avoid your system being overloaded, please further tune the variable for optimal performance in your application as needed. 
W0814 23:01:09.627000 118289 torch/distributed/run.py:851] *****************************************
W0814 23:01:10.299000 96673 torch/distributed/run.py:851] 
W0814 23:01:10.299000 96673 torch/distributed/run.py:851] *****************************************
W0814 23:01:10.299000 96673 torch/distributed/run.py:851] Setting OMP_NUM_THREADS environment variable for each process to be 1 in default, to avoid your system being overloaded, please further tune the variable for optimal performance in your application as needed. 
W0814 23:01:10.299000 96673 torch/distributed/run.py:851] *****************************************
/root/.cache/user_artifacts/trainers_main/server/.venv/lib/python3.12/site-packages/torch/cuda/__init__.py:61: FutureWarning: The pynvml package is deprecated. Please install nvidia-ml-py instead. If you did not install pynvml directly, please report this to the maintainers of the package that installed pynvml for you.
  import pynvml  # type: ignore[import]
/root/.cache/user_artifacts/trainers_main/server/.venv/lib/python3.12/site-packages/torch/cuda/__init__.py:61: FutureWarning: The pynvml package is deprecated. Please install nvidia-ml-py instead. If you did not install pynvml directly, please report this to the maintainers of the package that installed pynvml for you.
  import pynvml  # type: ignore[import]
/root/.cache/user_artifacts/trainers_main/server/.venv/lib/python3.12/site-packages/torch/cuda/__init__.py:61: FutureWarning: The pynvml package is deprecated. Please install nvidia-ml-py instead. If you did not install pynvml directly, please report this to the maintainers of the package that installed pynvml for you.
  import pynvml  # type: ignore[import]
/root/.cache/user_artifacts/trainers_main/server/.venv/lib/python3.12/site-packages/torch/cuda/__init__.py:61: FutureWarning: The pynvml package is deprecated. Please install nvidia-ml-py instead. If you did not install pynvml directly, please report this to the maintainers of the package that installed pynvml for you.
  import pynvml  # type: ignore[import]
/root/.cache/user_artifacts/trainers_main/server/.venv/lib/python3.12/site-packages/torch/cuda/__init__.py:61: FutureWarning: The pynvml package is deprecated. Please install nvidia-ml-py instead. If you did not install pynvml directly, please report this to the maintainers of the package that installed pynvml for you.
  import pynvml  # type: ignore[import]
/root/.cache/user_artifacts/trainers_main/server/.venv/lib/python3.12/site-packages/torch/cuda/__init__.py:61: FutureWarning: The pynvml package is deprecated. Please install nvidia-ml-py instead. If you did not install pynvml directly, please report this to the maintainers of the package that installed pynvml for you.
  import pynvml  # type: ignore[import]
/root/.cache/user_artifacts/trainers_main/server/.venv/lib/python3.12/site-packages/torch/cuda/__init__.py:61: FutureWarning: The pynvml package is deprecated. Please install nvidia-ml-py instead. If you did not install pynvml directly, please report this to the maintainers of the package that installed pynvml for you.
  import pynvml  # type: ignore[import]
/root/.cache/user_artifacts/trainers_main/server/.venv/lib/python3.12/site-packages/torch/cuda/__init__.py:61: FutureWarning: The pynvml package is deprecated. Please install nvidia-ml-py instead. If you did not install pynvml directly, please report this to the maintainers of the package that installed pynvml for you.
  import pynvml  # type: ignore[import]
/root/.cache/user_artifacts/trainers_main/server/.venv/lib/python3.12/site-packages/torch/cuda/__init__.py:61: FutureWarning: The pynvml package is deprecated. Please install nvidia-ml-py instead. If you did not install pynvml directly, please report this to the maintainers of the package that installed pynvml for you.
  import pynvml  # type: ignore[import]
/root/.cache/user_artifacts/trainers_main/server/.venv/lib/python3.12/site-packages/torch/cuda/__init__.py:61: FutureWarning: The pynvml package is deprecated. Please install nvidia-ml-py instead. If you did not install pynvml directly, please report this to the maintainers of the package that installed pynvml for you.
  import pynvml  # type: ignore[import]
/root/.cache/user_artifacts/trainers_main/server/.venv/lib/python3.12/site-packages/torch/cuda/__init__.py:61: FutureWarning: The pynvml package is deprecated. Please install nvidia-ml-py instead. If you did not install pynvml directly, please report this to the maintainers of the package that installed pynvml for you.
  import pynvml  # type: ignore[import]
/root/.cache/user_artifacts/trainers_main/server/.venv/lib/python3.12/site-packages/torch/cuda/__init__.py:61: FutureWarning: The pynvml package is deprecated. Please install nvidia-ml-py instead. If you did not install pynvml directly, please report this to the maintainers of the package that installed pynvml for you.
  import pynvml  # type: ignore[import]
/root/.cache/user_artifacts/trainers_main/server/.venv/lib/python3.12/site-packages/torch/cuda/__init__.py:61: FutureWarning: The pynvml package is deprecated. Please install nvidia-ml-py instead. If you did not install pynvml directly, please report this to the maintainers of the package that installed pynvml for you.
  import pynvml  # type: ignore[import]
/root/.cache/user_artifacts/trainers_main/server/.venv/lib/python3.12/site-packages/torch/cuda/__init__.py:61: FutureWarning: The pynvml package is deprecated. Please install nvidia-ml-py instead. If you did not install pynvml directly, please report this to the maintainers of the package that installed pynvml for you.
  import pynvml  # type: ignore[import]
/root/.cache/user_artifacts/trainers_main/server/.venv/lib/python3.12/site-packages/torch/cuda/__init__.py:61: FutureWarning: The pynvml package is deprecated. Please install nvidia-ml-py instead. If you did not install pynvml directly, please report this to the maintainers of the package that installed pynvml for you.
  import pynvml  # type: ignore[import]
/root/.cache/user_artifacts/trainers_main/server/.venv/lib/python3.12/site-packages/torch/cuda/__init__.py:61: FutureWarning: The pynvml package is deprecated. Please install nvidia-ml-py instead. If you did not install pynvml directly, please report this to the maintainers of the package that installed pynvml for you.
  import pynvml  # type: ignore[import]
/root/.cache/user_artifacts/trainers_main/server/vendor/megatron-bridge/3rdparty/Megatron-LM/megatron/core/models/backends.py:34: UserWarning: Apex is not installed. Falling back to Torch Norm
  warnings.warn("Apex is not installed. Falling back to Torch Norm")
/root/.cache/user_artifacts/trainers_main/server/vendor/megatron-bridge/3rdparty/Megatron-LM/megatron/core/models/backends.py:34: UserWarning: Apex is not installed. Falling back to Torch Norm
  warnings.warn("Apex is not installed. Falling back to Torch Norm")
/root/.cache/user_artifacts/trainers_main/server/vendor/megatron-bridge/3rdparty/Megatron-LM/megatron/core/models/backends.py:34: UserWarning: Apex is not installed. Falling back to Torch Norm
  warnings.warn("Apex is not installed. Falling back to Torch Norm")
/root/.cache/user_artifacts/trainers_main/server/vendor/megatron-bridge/3rdparty/Megatron-LM/megatron/core/models/backends.py:34: UserWarning: Apex is not installed. Falling back to Torch Norm
  warnings.warn("Apex is not installed. Falling back to Torch Norm")
/root/.cache/user_artifacts/trainers_main/server/vendor/megatron-bridge/3rdparty/Megatron-LM/megatron/core/models/backends.py:34: UserWarning: Apex is not installed. Falling back to Torch Norm
  warnings.warn("Apex is not installed. Falling back to Torch Norm")
/root/.cache/user_artifacts/trainers_main/server/vendor/megatron-bridge/3rdparty/Megatron-LM/megatron/core/models/backends.py:34: UserWarning: Apex is not installed. Falling back to Torch Norm
  warnings.warn("Apex is not installed. Falling back to Torch Norm")
/root/.cache/user_artifacts/trainers_main/server/vendor/megatron-bridge/3rdparty/Megatron-LM/megatron/core/models/backends.py:34: UserWarning: Apex is not installed. Falling back to Torch Norm
  warnings.warn("Apex is not installed. Falling back to Torch Norm")
/root/.cache/user_artifacts/trainers_main/server/vendor/megatron-bridge/3rdparty/Megatron-LM/megatron/core/models/backends.py:34: UserWarning: Apex is not installed. Falling back to Torch Norm
  warnings.warn("Apex is not installed. Falling back to Torch Norm")
/root/.cache/user_artifacts/trainers_main/server/vendor/megatron-bridge/3rdparty/Megatron-LM/megatron/core/models/gpt/gpt_layer_specs.py:74: UserWarning: Apex is not installed. Falling back to Torch Norm
  warnings.warn("Apex is not installed. Falling back to Torch Norm")
/root/.cache/user_artifacts/trainers_main/server/vendor/megatron-bridge/3rdparty/Megatron-LM/megatron/core/models/gpt/gpt_layer_specs.py:74: UserWarning: Apex is not installed. Falling back to Torch Norm
  warnings.warn("Apex is not installed. Falling back to Torch Norm")
/root/.cache/user_artifacts/trainers_main/server/vendor/megatron-bridge/3rdparty/Megatron-LM/megatron/core/models/gpt/gpt_layer_specs.py:74: UserWarning: Apex is not installed. Falling back to Torch Norm
  warnings.warn("Apex is not installed. Falling back to Torch Norm")
/root/.cache/user_artifacts/trainers_main/server/vendor/megatron-bridge/3rdparty/Megatron-LM/megatron/core/models/gpt/gpt_layer_specs.py:74: UserWarning: Apex is not installed. Falling back to Torch Norm
  warnings.warn("Apex is not installed. Falling back to Torch Norm")
/root/.cache/user_artifacts/trainers_main/server/vendor/megatron-bridge/3rdparty/Megatron-LM/megatron/core/models/gpt/gpt_layer_specs.py:74: UserWarning: Apex is not installed. Falling back to Torch Norm
  warnings.warn("Apex is not installed. Falling back to Torch Norm")
/root/.cache/user_artifacts/trainers_main/server/vendor/megatron-bridge/3rdparty/Megatron-LM/megatron/core/models/gpt/gpt_layer_specs.py:74: UserWarning: Apex is not installed. Falling back to Torch Norm
  warnings.warn("Apex is not installed. Falling back to Torch Norm")
/root/.cache/user_artifacts/trainers_main/server/vendor/megatron-bridge/3rdparty/Megatron-LM/megatron/core/models/gpt/gpt_layer_specs.py:74: UserWarning: Apex is not installed. Falling back to Torch Norm
  warnings.warn("Apex is not installed. Falling back to Torch Norm")
/root/.cache/user_artifacts/trainers_main/server/vendor/megatron-bridge/3rdparty/Megatron-LM/megatron/core/models/gpt/gpt_layer_specs.py:74: UserWarning: Apex is not installed. Falling back to Torch Norm
  warnings.warn("Apex is not installed. Falling back to Torch Norm")
/root/.cache/user_artifacts/trainers_main/server/vendor/megatron-bridge/3rdparty/Megatron-LM/megatron/core/models/backends.py:34: UserWarning: Apex is not installed. Falling back to Torch Norm
  warnings.warn("Apex is not installed. Falling back to Torch Norm")
/root/.cache/user_artifacts/trainers_main/server/vendor/megatron-bridge/3rdparty/Megatron-LM/megatron/core/models/backends.py:34: UserWarning: Apex is not installed. Falling back to Torch Norm
  warnings.warn("Apex is not installed. Falling back to Torch Norm")
/root/.cache/user_artifacts/trainers_main/server/vendor/megatron-bridge/3rdparty/Megatron-LM/megatron/core/models/backends.py:34: UserWarning: Apex is not installed. Falling back to Torch Norm
  warnings.warn("Apex is not installed. Falling back to Torch Norm")
/root/.cache/user_artifacts/trainers_main/server/vendor/megatron-bridge/3rdparty/Megatron-LM/megatron/core/models/backends.py:34: UserWarning: Apex is not installed. Falling back to Torch Norm
  warnings.warn("Apex is not installed. Falling back to Torch Norm")
/root/.cache/user_artifacts/trainers_main/server/vendor/megatron-bridge/3rdparty/Megatron-LM/megatron/core/models/backends.py:34: UserWarning: Apex is not installed. Falling back to Torch Norm
  warnings.warn("Apex is not installed. Falling back to Torch Norm")
/root/.cache/user_artifacts/trainers_main/server/vendor/megatron-bridge/3rdparty/Megatron-LM/megatron/core/models/backends.py:34: UserWarning: Apex is not installed. Falling back to Torch Norm
  warnings.warn("Apex is not installed. Falling back to Torch Norm")
/root/.cache/user_artifacts/trainers_main/server/vendor/megatron-bridge/3rdparty/Megatron-LM/megatron/core/models/backends.py:34: UserWarning: Apex is not installed. Falling back to Torch Norm
  warnings.warn("Apex is not installed. Falling back to Torch Norm")
/root/.cache/user_artifacts/trainers_main/server/vendor/megatron-bridge/3rdparty/Megatron-LM/megatron/core/models/backends.py:34: UserWarning: Apex is not installed. Falling back to Torch Norm
  warnings.warn("Apex is not installed. Falling back to Torch Norm")
/root/.cache/user_artifacts/trainers_main/server/vendor/megatron-bridge/3rdparty/Megatron-LM/megatron/core/models/gpt/gpt_layer_specs.py:74: UserWarning: Apex is not installed. Falling back to Torch Norm
  warnings.warn("Apex is not installed. Falling back to Torch Norm")
/root/.cache/user_artifacts/trainers_main/server/vendor/megatron-bridge/3rdparty/Megatron-LM/megatron/core/models/gpt/gpt_layer_specs.py:74: UserWarning: Apex is not installed. Falling back to Torch Norm
  warnings.warn("Apex is not installed. Falling back to Torch Norm")
/root/.cache/user_artifacts/trainers_main/server/vendor/megatron-bridge/3rdparty/Megatron-LM/megatron/core/models/gpt/gpt_layer_specs.py:74: UserWarning: Apex is not installed. Falling back to Torch Norm
  warnings.warn("Apex is not installed. Falling back to Torch Norm")
/root/.cache/user_artifacts/trainers_main/server/vendor/megatron-bridge/3rdparty/Megatron-LM/megatron/core/models/gpt/gpt_layer_specs.py:74: UserWarning: Apex is not installed. Falling back to Torch Norm
  warnings.warn("Apex is not installed. Falling back to Torch Norm")
/root/.cache/user_artifacts/trainers_main/server/vendor/megatron-bridge/3rdparty/Megatron-LM/megatron/core/models/gpt/gpt_layer_specs.py:74: UserWarning: Apex is not installed. Falling back to Torch Norm
  warnings.warn("Apex is not installed. Falling back to Torch Norm")
/root/.cache/user_artifacts/trainers_main/server/vendor/megatron-bridge/3rdparty/Megatron-LM/megatron/core/models/gpt/gpt_layer_specs.py:74: UserWarning: Apex is not installed. Falling back to Torch Norm
  warnings.warn("Apex is not installed. Falling back to Torch Norm")
/root/.cache/user_artifacts/trainers_main/server/vendor/megatron-bridge/3rdparty/Megatron-LM/megatron/core/models/gpt/gpt_layer_specs.py:74: UserWarning: Apex is not installed. Falling back to Torch Norm
  warnings.warn("Apex is not installed. Falling back to Torch Norm")
/root/.cache/user_artifacts/trainers_main/server/vendor/megatron-bridge/3rdparty/Megatron-LM/megatron/core/models/gpt/gpt_layer_specs.py:74: UserWarning: Apex is not installed. Falling back to Torch Norm
  warnings.warn("Apex is not installed. Falling back to Torch Norm")
/root/.cache/user_artifacts/trainers_main/server/.venv/lib/python3.12/site-packages/modelopt/torch/__init__.py:53: UserWarning: transformers>=5.0 support is experimental. Unified Hugging Face checkpoint export for quantized checkpoints may not work for some models yet.
  _warnings.warn(
/root/.cache/user_artifacts/trainers_main/server/.venv/lib/python3.12/site-packages/modelopt/torch/__init__.py:53: UserWarning: transformers>=5.0 support is experimental. Unified Hugging Face checkpoint export for quantized checkpoints may not work for some models yet.
  _warnings.warn(
/root/.cache/user_artifacts/trainers_main/server/.venv/lib/python3.12/site-packages/modelopt/torch/__init__.py:53: UserWarning: transformers>=5.0 support is experimental. Unified Hugging Face checkpoint export for quantized checkpoints may not work for some models yet.
  _warnings.warn(
/root/.cache/user_artifacts/trainers_main/server/.venv/lib/python3.12/site-packages/modelopt/torch/__init__.py:53: UserWarning: transformers>=5.0 support is experimental. Unified Hugging Face checkpoint export for quantized checkpoints may not work for some models yet.
  _warnings.warn(
/root/.cache/user_artifacts/trainers_main/server/.venv/lib/python3.12/site-packages/modelopt/torch/__init__.py:53: UserWarning: transformers>=5.0 support is experimental. Unified Hugging Face checkpoint export for quantized checkpoints may not work for some models yet.
  _warnings.warn(
/root/.cache/user_artifacts/trainers_main/server/.venv/lib/python3.12/site-packages/modelopt/torch/__init__.py:53: UserWarning: transformers>=5.0 support is experimental. Unified Hugging Face checkpoint export for quantized checkpoints may not work for some models yet.
  _warnings.warn(
/root/.cache/user_artifacts/trainers_main/server/.venv/lib/python3.12/site-packages/modelopt/torch/__init__.py:53: UserWarning: transformers>=5.0 support is experimental. Unified Hugging Face checkpoint export for quantized checkpoints may not work for some models yet.
  _warnings.warn(
/root/.cache/user_artifacts/trainers_main/server/.venv/lib/python3.12/site-packages/modelopt/torch/__init__.py:53: UserWarning: transformers>=5.0 support is experimental. Unified Hugging Face checkpoint export for quantized checkpoints may not work for some models yet.
  _warnings.warn(
/root/.cache/user_artifacts/trainers_main/server/vendor/megatron-bridge/3rdparty/Megatron-LM/megatron/core/models/gpt/heterogeneous/heterogeneous_layer_specs.py:68: UserWarning: Apex is not installed. Falling back to Torch Norm
  warnings.warn("Apex is not installed. Falling back to Torch Norm")
/root/.cache/user_artifacts/trainers_main/server/vendor/megatron-bridge/3rdparty/Megatron-LM/megatron/core/models/gpt/heterogeneous/heterogeneous_layer_specs.py:68: UserWarning: Apex is not installed. Falling back to Torch Norm
  warnings.warn("Apex is not installed. Falling back to Torch Norm")
/root/.cache/user_artifacts/trainers_main/server/vendor/megatron-bridge/3rdparty/Megatron-LM/megatron/core/models/gpt/heterogeneous/heterogeneous_layer_specs.py:68: UserWarning: Apex is not installed. Falling back to Torch Norm
  warnings.warn("Apex is not installed. Falling back to Torch Norm")
/root/.cache/user_artifacts/trainers_main/server/vendor/megatron-bridge/3rdparty/Megatron-LM/megatron/core/models/gpt/heterogeneous/heterogeneous_layer_specs.py:68: UserWarning: Apex is not installed. Falling back to Torch Norm
  warnings.warn("Apex is not installed. Falling back to Torch Norm")
/root/.cache/user_artifacts/trainers_main/server/vendor/megatron-bridge/3rdparty/Megatron-LM/megatron/core/models/gpt/heterogeneous/heterogeneous_layer_specs.py:68: UserWarning: Apex is not installed. Falling back to Torch Norm
  warnings.warn("Apex is not installed. Falling back to Torch Norm")
/root/.cache/user_artifacts/trainers_main/server/vendor/megatron-bridge/3rdparty/Megatron-LM/megatron/core/models/gpt/heterogeneous/heterogeneous_layer_specs.py:68: UserWarning: Apex is not installed. Falling back to Torch Norm
  warnings.warn("Apex is not installed. Falling back to Torch Norm")
/root/.cache/user_artifacts/trainers_main/server/vendor/megatron-bridge/3rdparty/Megatron-LM/megatron/core/models/gpt/heterogeneous/heterogeneous_layer_specs.py:68: UserWarning: Apex is not installed. Falling back to Torch Norm
  warnings.warn("Apex is not installed. Falling back to Torch Norm")
/root/.cache/user_artifacts/trainers_main/server/vendor/megatron-bridge/3rdparty/Megatron-LM/megatron/core/models/gpt/heterogeneous/heterogeneous_layer_specs.py:68: UserWarning: Apex is not installed. Falling back to Torch Norm
  warnings.warn("Apex is not installed. Falling back to Torch Norm")
/root/.cache/user_artifacts/trainers_main/server/vendor/megatron-bridge/3rdparty/Megatron-LM/megatron/core/models/vision/vit_layer_specs.py:31: UserWarning: Apex is not installed. Falling back to Torch Norm
  warnings.warn("Apex is not installed. Falling back to Torch Norm")
/root/.cache/user_artifacts/trainers_main/server/vendor/megatron-bridge/3rdparty/Megatron-LM/megatron/core/models/vision/vit_layer_specs.py:31: UserWarning: Apex is not installed. Falling back to Torch Norm
  warnings.warn("Apex is not installed. Falling back to Torch Norm")
/root/.cache/user_artifacts/trainers_main/server/vendor/megatron-bridge/3rdparty/Megatron-LM/megatron/core/models/vision/vit_layer_specs.py:31: UserWarning: Apex is not installed. Falling back to Torch Norm
  warnings.warn("Apex is not installed. Falling back to Torch Norm")
/root/.cache/user_artifacts/trainers_main/server/vendor/megatron-bridge/3rdparty/Megatron-LM/megatron/core/models/vision/vit_layer_specs.py:31: UserWarning: Apex is not installed. Falling back to Torch Norm
  warnings.warn("Apex is not installed. Falling back to Torch Norm")
/root/.cache/user_artifacts/trainers_main/server/vendor/megatron-bridge/3rdparty/Megatron-LM/megatron/core/models/vision/vit_layer_specs.py:31: UserWarning: Apex is not installed. Falling back to Torch Norm
  warnings.warn("Apex is not installed. Falling back to Torch Norm")
/root/.cache/user_artifacts/trainers_main/server/vendor/megatron-bridge/3rdparty/Megatron-LM/megatron/core/models/vision/vit_layer_specs.py:31: UserWarning: Apex is not installed. Falling back to Torch Norm
  warnings.warn("Apex is not installed. Falling back to Torch Norm")
/root/.cache/user_artifacts/trainers_main/server/vendor/megatron-bridge/3rdparty/Megatron-LM/megatron/core/models/vision/vit_layer_specs.py:31: UserWarning: Apex is not installed. Falling back to Torch Norm
  warnings.warn("Apex is not installed. Falling back to Torch Norm")
/root/.cache/user_artifacts/trainers_main/server/vendor/megatron-bridge/3rdparty/Megatron-LM/megatron/core/models/vision/vit_layer_specs.py:31: UserWarning: Apex is not installed. Falling back to Torch Norm
  warnings.warn("Apex is not installed. Falling back to Torch Norm")
/root/.cache/user_artifacts/trainers_main/server/vendor/megatron-bridge/3rdparty/Megatron-LM/megatron/core/models/mimo/config/base_configs.py:12: UserWarning: MimoModelConfig is experimental and still under active development. The API may change without notice in future releases.
  class MimoModelConfig:
/root/.cache/user_artifacts/trainers_main/server/vendor/megatron-bridge/3rdparty/Megatron-LM/megatron/core/models/mimo/config/base_configs.py:12: UserWarning: MimoModelConfig is experimental and still under active development. The API may change without notice in future releases.
  class MimoModelConfig:
/root/.cache/user_artifacts/trainers_main/server/vendor/megatron-bridge/3rdparty/Megatron-LM/megatron/core/models/mimo/config/base_configs.py:12: UserWarning: MimoModelConfig is experimental and still under active development. The API may change without notice in future releases.
  class MimoModelConfig:
/root/.cache/user_artifacts/trainers_main/server/vendor/megatron-bridge/3rdparty/Megatron-LM/megatron/core/models/mimo/config/base_configs.py:12: UserWarning: MimoModelConfig is experimental and still under active development. The API may change without notice in future releases.
  class MimoModelConfig:
/root/.cache/user_artifacts/trainers_main/server/vendor/megatron-bridge/3rdparty/Megatron-LM/megatron/core/models/mimo/config/base_configs.py:12: UserWarning: MimoModelConfig is experimental and still under active development. The API may change without notice in future releases.
  class MimoModelConfig:
/root/.cache/user_artifacts/trainers_main/server/vendor/megatron-bridge/3rdparty/Megatron-LM/megatron/core/models/mimo/config/base_configs.py:12: UserWarning: MimoModelConfig is experimental and still under active development. The API may change without notice in future releases.
  class MimoModelConfig:
/root/.cache/user_artifacts/trainers_main/server/vendor/megatron-bridge/3rdparty/Megatron-LM/megatron/core/models/mimo/config/base_configs.py:12: UserWarning: MimoModelConfig is experimental and still under active development. The API may change without notice in future releases.
  class MimoModelConfig:
/root/.cache/user_artifacts/trainers_main/server/vendor/megatron-bridge/3rdparty/Megatron-LM/megatron/core/models/mimo/config/base_configs.py:12: UserWarning: MimoModelConfig is experimental and still under active development. The API may change without notice in future releases.
  class MimoModelConfig:
WARNING:megatron.bridge.models.conversion.auto_bridge:Loading a model with trust_remote_code=True allows arbitrary code execution from the model repository. Only use this with models you trust.
WARNING:megatron.bridge.models.conversion.auto_bridge:Loading a model with trust_remote_code=True allows arbitrary code execution from the model repository. Only use this with models you trust.
WARNING:megatron.bridge.models.conversion.auto_bridge:Loading a model with trust_remote_code=True allows arbitrary code execution from the model repository. Only use this with models you trust.
WARNING:megatron.bridge.models.conversion.auto_bridge:Loading a model with trust_remote_code=True allows arbitrary code execution from the model repository. Only use this with models you trust.
WARNING:megatron.bridge.models.conversion.auto_bridge:Loading a model with trust_remote_code=True allows arbitrary code execution from the model repository. Only use this with models you trust.
WARNING:megatron.bridge.models.conversion.auto_bridge:Loading a model with trust_remote_code=True allows arbitrary code execution from the model repository. Only use this with models you trust.
WARNING:megatron.bridge.models.conversion.auto_bridge:Loading a model with trust_remote_code=True allows arbitrary code execution from the model repository. Only use this with models you trust.
WARNING:megatron.bridge.models.conversion.auto_bridge:Loading a model with trust_remote_code=True allows arbitrary code execution from the model repository. Only use this with models you trust.
[transformers] `torch_dtype` is deprecated! Use `dtype` instead!
INFO:trainers_server.dp_worker.backends.megatron_bridge.backend:LoRA config: rank=32 alpha=32 (explicit) -> forward scale=1
INFO:trainers_server.dp_worker.backends.megatron_bridge.megatron_config:Installed TE get_attention_backend logging wrapper
INFO:trainers_server.dp_worker.backends.megatron_bridge.megatron_config:attention_backend=AttnBackend.flash (set from trainer config)
/root/.cache/user_artifacts/trainers_main/server/vendor/megatron-bridge/3rdparty/Megatron-LM/megatron/core/transformer/transformer_config.py:2379: UserWarning: full scope is deprecated. Use empty cuda_graph_modules to capture the whole layer.
  warnings.warn(
[transformers] `torch_dtype` is deprecated! Use `dtype` instead!
INFO:trainers_server.dp_worker.backends.megatron_bridge.backend:LoRA config: rank=32 alpha=32 (explicit) -> forward scale=1
INFO:trainers_server.dp_worker.backends.megatron_bridge.megatron_config:Installed TE get_attention_backend logging wrapper
INFO:trainers_server.dp_worker.backends.megatron_bridge.megatron_config:attention_backend=AttnBackend.flash (set from trainer config)
/root/.cache/user_artifacts/trainers_main/server/vendor/megatron-bridge/3rdparty/Megatron-LM/megatron/core/transformer/transformer_config.py:2379: UserWarning: full scope is deprecated. Use empty cuda_graph_modules to capture the whole layer.
  warnings.warn(
[transformers] `torch_dtype` is deprecated! Use `dtype` instead!
INFO:trainers_server.dp_worker.backends.megatron_bridge.backend:LoRA config: rank=32 alpha=32 (explicit) -> forward scale=1
INFO:trainers_server.dp_worker.backends.megatron_bridge.megatron_config:Installed TE get_attention_backend logging wrapper
INFO:trainers_server.dp_worker.backends.megatron_bridge.megatron_config:attention_backend=AttnBackend.flash (set from trainer config)
/root/.cache/user_artifacts/trainers_main/server/vendor/megatron-bridge/3rdparty/Megatron-LM/megatron/core/transformer/transformer_config.py:2379: UserWarning: full scope is deprecated. Use empty cuda_graph_modules to capture the whole layer.
  warnings.warn(
WARNING:megatron.core.rerun_state_machine:RerunStateMachine initialized in mode RerunMode.DISABLED
> initializing torch distributed ...
[transformers] `torch_dtype` is deprecated! Use `dtype` instead!
INFO:trainers_server.dp_worker.backends.megatron_bridge.backend:LoRA config: rank=32 alpha=32 (explicit) -> forward scale=1
INFO:trainers_server.dp_worker.backends.megatron_bridge.megatron_config:Installed TE get_attention_backend logging wrapper
INFO:trainers_server.dp_worker.backends.megatron_bridge.megatron_config:attention_backend=AttnBackend.flash (set from trainer config)
/root/.cache/user_artifacts/trainers_main/server/vendor/megatron-bridge/3rdparty/Megatron-LM/megatron/core/transformer/transformer_config.py:2379: UserWarning: full scope is deprecated. Use empty cuda_graph_modules to capture the whole layer.
  warnings.warn(
[transformers] `torch_dtype` is deprecated! Use `dtype` instead!
INFO:trainers_server.dp_worker.backends.megatron_bridge.backend:LoRA config: rank=32 alpha=32 (explicit) -> forward scale=1
INFO:trainers_server.dp_worker.backends.megatron_bridge.megatron_config:Installed TE get_attention_backend logging wrapper
INFO:trainers_server.dp_worker.backends.megatron_bridge.megatron_config:attention_backend=AttnBackend.flash (set from trainer config)
/root/.cache/user_artifacts/trainers_main/server/vendor/megatron-bridge/3rdparty/Megatron-LM/megatron/core/transformer/transformer_config.py:2379: UserWarning: full scope is deprecated. Use empty cuda_graph_modules to capture the whole layer.
  warnings.warn(
[transformers] `torch_dtype` is deprecated! Use `dtype` instead!
INFO:trainers_server.dp_worker.backends.megatron_bridge.backend:LoRA config: rank=32 alpha=32 (explicit) -> forward scale=1
INFO:trainers_server.dp_worker.backends.megatron_bridge.megatron_config:Installed TE get_attention_backend logging wrapper
INFO:trainers_server.dp_worker.backends.megatron_bridge.megatron_config:attention_backend=AttnBackend.flash (set from trainer config)
/root/.cache/user_artifacts/trainers_main/server/vendor/megatron-bridge/3rdparty/Megatron-LM/megatron/core/transformer/transformer_config.py:2379: UserWarning: full scope is deprecated. Use empty cuda_graph_modules to capture the whole layer.
  warnings.warn(
[transformers] `torch_dtype` is deprecated! Use `dtype` instead!
INFO:trainers_server.dp_worker.backends.megatron_bridge.backend:LoRA config: rank=32 alpha=32 (explicit) -> forward scale=1
INFO:trainers_server.dp_worker.backends.megatron_bridge.megatron_config:Installed TE get_attention_backend logging wrapper
INFO:trainers_server.dp_worker.backends.megatron_bridge.megatron_config:attention_backend=AttnBackend.flash (set from trainer config)
/root/.cache/user_artifacts/trainers_main/server/vendor/megatron-bridge/3rdparty/Megatron-LM/megatron/core/transformer/transformer_config.py:2379: UserWarning: full scope is deprecated. Use empty cuda_graph_modules to capture the whole layer.
  warnings.warn(
[transformers] `torch_dtype` is deprecated! Use `dtype` instead!
INFO:trainers_server.dp_worker.backends.megatron_bridge.backend:LoRA config: rank=32 alpha=32 (explicit) -> forward scale=1
INFO:trainers_server.dp_worker.backends.megatron_bridge.megatron_config:Installed TE get_attention_backend logging wrapper
INFO:trainers_server.dp_worker.backends.megatron_bridge.megatron_config:attention_backend=AttnBackend.flash (set from trainer config)
/root/.cache/user_artifacts/trainers_main/server/vendor/megatron-bridge/3rdparty/Megatron-LM/megatron/core/transformer/transformer_config.py:2379: UserWarning: full scope is deprecated. Use empty cuda_graph_modules to capture the whole layer.
  warnings.warn(
/root/.cache/user_artifacts/trainers_main/server/.venv/lib/python3.12/site-packages/modelopt/torch/__init__.py:53: UserWarning: transformers>=5.0 support is experimental. Unified Hugging Face checkpoint export for quantized checkpoints may not work for some models yet.
  _warnings.warn(
/root/.cache/user_artifacts/trainers_main/server/.venv/lib/python3.12/site-packages/modelopt/torch/__init__.py:53: UserWarning: transformers>=5.0 support is experimental. Unified Hugging Face checkpoint export for quantized checkpoints may not work for some models yet.
  _warnings.warn(
/root/.cache/user_artifacts/trainers_main/server/.venv/lib/python3.12/site-packages/modelopt/torch/__init__.py:53: UserWarning: transformers>=5.0 support is experimental. Unified Hugging Face checkpoint export for quantized checkpoints may not work for some models yet.
  _warnings.warn(
/root/.cache/user_artifacts/trainers_main/server/.venv/lib/python3.12/site-packages/modelopt/torch/__init__.py:53: UserWarning: transformers>=5.0 support is experimental. Unified Hugging Face checkpoint export for quantized checkpoints may not work for some models yet.
  _warnings.warn(
/root/.cache/user_artifacts/trainers_main/server/.venv/lib/python3.12/site-packages/modelopt/torch/__init__.py:53: UserWarning: transformers>=5.0 support is experimental. Unified Hugging Face checkpoint export for quantized checkpoints may not work for some models yet.
  _warnings.warn(
/root/.cache/user_artifacts/trainers_main/server/.venv/lib/python3.12/site-packages/modelopt/torch/__init__.py:53: UserWarning: transformers>=5.0 support is experimental. Unified Hugging Face checkpoint export for quantized checkpoints may not work for some models yet.
  _warnings.warn(
/root/.cache/user_artifacts/trainers_main/server/.venv/lib/python3.12/site-packages/modelopt/torch/__init__.py:53: UserWarning: transformers>=5.0 support is experimental. Unified Hugging Face checkpoint export for quantized checkpoints may not work for some models yet.
  _warnings.warn(
/root/.cache/user_artifacts/trainers_main/server/.venv/lib/python3.12/site-packages/modelopt/torch/__init__.py:53: UserWarning: transformers>=5.0 support is experimental. Unified Hugging Face checkpoint export for quantized checkpoints may not work for some models yet.
  _warnings.warn(
/root/.cache/user_artifacts/trainers_main/server/vendor/megatron-bridge/3rdparty/Megatron-LM/megatron/core/models/gpt/heterogeneous/heterogeneous_layer_specs.py:68: UserWarning: Apex is not installed. Falling back to Torch Norm
  warnings.warn("Apex is not installed. Falling back to Torch Norm")
/root/.cache/user_artifacts/trainers_main/server/vendor/megatron-bridge/3rdparty/Megatron-LM/megatron/core/models/gpt/heterogeneous/heterogeneous_layer_specs.py:68: UserWarning: Apex is not installed. Falling back to Torch Norm
  warnings.warn("Apex is not installed. Falling back to Torch Norm")
/root/.cache/user_artifacts/trainers_main/server/vendor/megatron-bridge/3rdparty/Megatron-LM/megatron/core/models/gpt/heterogeneous/heterogeneous_layer_specs.py:68: UserWarning: Apex is not installed. Falling back to Torch Norm
  warnings.warn("Apex is not installed. Falling back to Torch Norm")
/root/.cache/user_artifacts/trainers_main/server/vendor/megatron-bridge/3rdparty/Megatron-LM/megatron/core/models/gpt/heterogeneous/heterogeneous_layer_specs.py:68: UserWarning: Apex is not installed. Falling back to Torch Norm
  warnings.warn("Apex is not installed. Falling back to Torch Norm")
/root/.cache/user_artifacts/trainers_main/server/vendor/megatron-bridge/3rdparty/Megatron-LM/megatron/core/models/gpt/heterogeneous/heterogeneous_layer_specs.py:68: UserWarning: Apex is not installed. Falling back to Torch Norm
  warnings.warn("Apex is not installed. Falling back to Torch Norm")
/root/.cache/user_artifacts/trainers_main/server/vendor/megatron-bridge/3rdparty/Megatron-LM/megatron/core/models/gpt/heterogeneous/heterogeneous_layer_specs.py:68: UserWarning: Apex is not installed. Falling back to Torch Norm
  warnings.warn("Apex is not installed. Falling back to Torch Norm")
/root/.cache/user_artifacts/trainers_main/server/vendor/megatron-bridge/3rdparty/Megatron-LM/megatron/core/models/gpt/heterogeneous/heterogeneous_layer_specs.py:68: UserWarning: Apex is not installed. Falling back to Torch Norm
  warnings.warn("Apex is not installed. Falling back to Torch Norm")
/root/.cache/user_artifacts/trainers_main/server/vendor/megatron-bridge/3rdparty/Megatron-LM/megatron/core/models/gpt/heterogeneous/heterogeneous_layer_specs.py:68: UserWarning: Apex is not installed. Falling back to Torch Norm
  warnings.warn("Apex is not installed. Falling back to Torch Norm")
/root/.cache/user_artifacts/trainers_main/server/vendor/megatron-bridge/3rdparty/Megatron-LM/megatron/core/models/vision/vit_layer_specs.py:31: UserWarning: Apex is not installed. Falling back to Torch Norm
  warnings.warn("Apex is not installed. Falling back to Torch Norm")
/root/.cache/user_artifacts/trainers_main/server/vendor/megatron-bridge/3rdparty/Megatron-LM/megatron/core/models/vision/vit_layer_specs.py:31: UserWarning: Apex is not installed. Falling back to Torch Norm
  warnings.warn("Apex is not installed. Falling back to Torch Norm")
/root/.cache/user_artifacts/trainers_main/server/vendor/megatron-bridge/3rdparty/Megatron-LM/megatron/core/models/vision/vit_layer_specs.py:31: UserWarning: Apex is not installed. Falling back to Torch Norm
  warnings.warn("Apex is not installed. Falling back to Torch Norm")
/root/.cache/user_artifacts/trainers_main/server/vendor/megatron-bridge/3rdparty/Megatron-LM/megatron/core/models/vision/vit_layer_specs.py:31: UserWarning: Apex is not installed. Falling back to Torch Norm
  warnings.warn("Apex is not installed. Falling back to Torch Norm")
/root/.cache/user_artifacts/trainers_main/server/vendor/megatron-bridge/3rdparty/Megatron-LM/megatron/core/models/vision/vit_layer_specs.py:31: UserWarning: Apex is not installed. Falling back to Torch Norm
  warnings.warn("Apex is not installed. Falling back to Torch Norm")
/root/.cache/user_artifacts/trainers_main/server/vendor/megatron-bridge/3rdparty/Megatron-LM/megatron/core/models/vision/vit_layer_specs.py:31: UserWarning: Apex is not installed. Falling back to Torch Norm
  warnings.warn("Apex is not installed. Falling back to Torch Norm")
/root/.cache/user_artifacts/trainers_main/server/vendor/megatron-bridge/3rdparty/Megatron-LM/megatron/core/models/vision/vit_layer_specs.py:31: UserWarning: Apex is not installed. Falling back to Torch Norm
  warnings.warn("Apex is not installed. Falling back to Torch Norm")
/root/.cache/user_artifacts/trainers_main/server/vendor/megatron-bridge/3rdparty/Megatron-LM/megatron/core/models/vision/vit_layer_specs.py:31: UserWarning: Apex is not installed. Falling back to Torch Norm
  warnings.warn("Apex is not installed. Falling back to Torch Norm")
/root/.cache/user_artifacts/trainers_main/server/vendor/megatron-bridge/3rdparty/Megatron-LM/megatron/core/models/mimo/config/base_configs.py:12: UserWarning: MimoModelConfig is experimental and still under active development. The API may change without notice in future releases.
  class MimoModelConfig:
/root/.cache/user_artifacts/trainers_main/server/vendor/megatron-bridge/3rdparty/Megatron-LM/megatron/core/models/mimo/config/base_configs.py:12: UserWarning: MimoModelConfig is experimental and still under active development. The API may change without notice in future releases.
  class MimoModelConfig:
/root/.cache/user_artifacts/trainers_main/server/vendor/megatron-bridge/3rdparty/Megatron-LM/megatron/core/models/mimo/config/base_configs.py:12: UserWarning: MimoModelConfig is experimental and still under active development. The API may change without notice in future releases.
  class MimoModelConfig:
/root/.cache/user_artifacts/trainers_main/server/vendor/megatron-bridge/3rdparty/Megatron-LM/megatron/core/models/mimo/config/base_configs.py:12: UserWarning: MimoModelConfig is experimental and still under active development. The API may change without notice in future releases.
  class MimoModelConfig:
/root/.cache/user_artifacts/trainers_main/server/vendor/megatron-bridge/3rdparty/Megatron-LM/megatron/core/models/mimo/config/base_configs.py:12: UserWarning: MimoModelConfig is experimental and still under active development. The API may change without notice in future releases.
  class MimoModelConfig:
/root/.cache/user_artifacts/trainers_main/server/vendor/megatron-bridge/3rdparty/Megatron-LM/megatron/core/models/mimo/config/base_configs.py:12: UserWarning: MimoModelConfig is experimental and still under active development. The API may change without notice in future releases.
  class MimoModelConfig:
/root/.cache/user_artifacts/trainers_main/server/vendor/megatron-bridge/3rdparty/Megatron-LM/megatron/core/models/mimo/config/base_configs.py:12: UserWarning: MimoModelConfig is experimental and still under active development. The API may change without notice in future releases.
  class MimoModelConfig:
/root/.cache/user_artifacts/trainers_main/server/vendor/megatron-bridge/3rdparty/Megatron-LM/megatron/core/models/mimo/config/base_configs.py:12: UserWarning: MimoModelConfig is experimental and still under active development. The API may change without notice in future releases.
  class MimoModelConfig:
WARNING:megatron.bridge.models.conversion.auto_bridge:Loading a model with trust_remote_code=True allows arbitrary code execution from the model repository. Only use this with models you trust.
WARNING:megatron.bridge.models.conversion.auto_bridge:Loading a model with trust_remote_code=True allows arbitrary code execution from the model repository. Only use this with models you trust.
WARNING:megatron.bridge.models.conversion.auto_bridge:Loading a model with trust_remote_code=True allows arbitrary code execution from the model repository. Only use this with models you trust.
WARNING:megatron.bridge.models.conversion.auto_bridge:Loading a model with trust_remote_code=True allows arbitrary code execution from the model repository. Only use this with models you trust.
WARNING:megatron.bridge.models.conversion.auto_bridge:Loading a model with trust_remote_code=True allows arbitrary code execution from the model repository. Only use this with models you trust.
WARNING:megatron.bridge.models.conversion.auto_bridge:Loading a model with trust_remote_code=True allows arbitrary code execution from the model repository. Only use this with models you trust.
WARNING:megatron.bridge.models.conversion.auto_bridge:Loading a model with trust_remote_code=True allows arbitrary code execution from the model repository. Only use this with models you trust.
WARNING:megatron.bridge.models.conversion.auto_bridge:Loading a model with trust_remote_code=True allows arbitrary code execution from the model repository. Only use this with models you trust.
[transformers] `torch_dtype` is deprecated! Use `dtype` instead!
INFO:trainers_server.dp_worker.backends.megatron_bridge.backend:LoRA config: rank=32 alpha=32 (explicit) -> forward scale=1
INFO:trainers_server.dp_worker.backends.megatron_bridge.megatron_config:Installed TE get_attention_backend logging wrapper
INFO:trainers_server.dp_worker.backends.megatron_bridge.megatron_config:attention_backend=AttnBackend.flash (set from trainer config)
/root/.cache/user_artifacts/trainers_main/server/vendor/megatron-bridge/3rdparty/Megatron-LM/megatron/core/transformer/transformer_config.py:2379: UserWarning: full scope is deprecated. Use empty cuda_graph_modules to capture the whole layer.
  warnings.warn(
[transformers] `torch_dtype` is deprecated! Use `dtype` instead!
INFO:trainers_server.dp_worker.backends.megatron_bridge.backend:LoRA config: rank=32 alpha=32 (explicit) -> forward scale=1
INFO:trainers_server.dp_worker.backends.megatron_bridge.megatron_config:Installed TE get_attention_backend logging wrapper
INFO:trainers_server.dp_worker.backends.megatron_bridge.megatron_config:attention_backend=AttnBackend.flash (set from trainer config)
/root/.cache/user_artifacts/trainers_main/server/vendor/megatron-bridge/3rdparty/Megatron-LM/megatron/core/transformer/transformer_config.py:2379: UserWarning: full scope is deprecated. Use empty cuda_graph_modules to capture the whole layer.
  warnings.warn(
[transformers] `torch_dtype` is deprecated! Use `dtype` instead!
INFO:trainers_server.dp_worker.backends.megatron_bridge.backend:LoRA config: rank=32 alpha=32 (explicit) -> forward scale=1
INFO:trainers_server.dp_worker.backends.megatron_bridge.megatron_config:Installed TE get_attention_backend logging wrapper
INFO:trainers_server.dp_worker.backends.megatron_bridge.megatron_config:attention_backend=AttnBackend.flash (set from trainer config)
/root/.cache/user_artifacts/trainers_main/server/vendor/megatron-bridge/3rdparty/Megatron-LM/megatron/core/transformer/transformer_config.py:2379: UserWarning: full scope is deprecated. Use empty cuda_graph_modules to capture the whole layer.
  warnings.warn(
[transformers] `torch_dtype` is deprecated! Use `dtype` instead!
INFO:trainers_server.dp_worker.backends.megatron_bridge.backend:LoRA config: rank=32 alpha=32 (explicit) -> forward scale=1
INFO:trainers_server.dp_worker.backends.megatron_bridge.megatron_config:Installed TE get_attention_backend logging wrapper
INFO:trainers_server.dp_worker.backends.megatron_bridge.megatron_config:attention_backend=AttnBackend.flash (set from trainer config)
/root/.cache/user_artifacts/trainers_main/server/vendor/megatron-bridge/3rdparty/Megatron-LM/megatron/core/transformer/transformer_config.py:2379: UserWarning: full scope is deprecated. Use empty cuda_graph_modules to capture the whole layer.
  warnings.warn(
[transformers] `torch_dtype` is deprecated! Use `dtype` instead!
INFO:trainers_server.dp_worker.backends.megatron_bridge.backend:LoRA config: rank=32 alpha=32 (explicit) -> forward scale=1
INFO:trainers_server.dp_worker.backends.megatron_bridge.megatron_config:Installed TE get_attention_backend logging wrapper
INFO:trainers_server.dp_worker.backends.megatron_bridge.megatron_config:attention_backend=AttnBackend.flash (set from trainer config)
/root/.cache/user_artifacts/trainers_main/server/vendor/megatron-bridge/3rdparty/Megatron-LM/megatron/core/transformer/transformer_config.py:2379: UserWarning: full scope is deprecated. Use empty cuda_graph_modules to capture the whole layer.
  warnings.warn(
[transformers] `torch_dtype` is deprecated! Use `dtype` instead!
INFO:trainers_server.dp_worker.backends.megatron_bridge.backend:LoRA config: rank=32 alpha=32 (explicit) -> forward scale=1
INFO:trainers_server.dp_worker.backends.megatron_bridge.megatron_config:Installed TE get_attention_backend logging wrapper
INFO:trainers_server.dp_worker.backends.megatron_bridge.megatron_config:attention_backend=AttnBackend.flash (set from trainer config)
/root/.cache/user_artifacts/trainers_main/server/vendor/megatron-bridge/3rdparty/Megatron-LM/megatron/core/transformer/transformer_config.py:2379: UserWarning: full scope is deprecated. Use empty cuda_graph_modules to capture the whole layer.
  warnings.warn(
[transformers] `torch_dtype` is deprecated! Use `dtype` instead!
INFO:trainers_server.dp_worker.backends.megatron_bridge.backend:LoRA config: rank=32 alpha=32 (explicit) -> forward scale=1
INFO:trainers_server.dp_worker.backends.megatron_bridge.megatron_config:Installed TE get_attention_backend logging wrapper
INFO:trainers_server.dp_worker.backends.megatron_bridge.megatron_config:attention_backend=AttnBackend.flash (set from trainer config)
/root/.cache/user_artifacts/trainers_main/server/vendor/megatron-bridge/3rdparty/Megatron-LM/megatron/core/transformer/transformer_config.py:2379: UserWarning: full scope is deprecated. Use empty cuda_graph_modules to capture the whole layer.
  warnings.warn(
[transformers] `torch_dtype` is deprecated! Use `dtype` instead!
INFO:trainers_server.dp_worker.backends.megatron_bridge.backend:LoRA config: rank=32 alpha=32 (explicit) -> forward scale=1
INFO:trainers_server.dp_worker.backends.megatron_bridge.megatron_config:Installed TE get_attention_backend logging wrapper
INFO:trainers_server.dp_worker.backends.megatron_bridge.megatron_config:attention_backend=AttnBackend.flash (set from trainer config)
/root/.cache/user_artifacts/trainers_main/server/vendor/megatron-bridge/3rdparty/Megatron-LM/megatron/core/transformer/transformer_config.py:2379: UserWarning: full scope is deprecated. Use empty cuda_graph_modules to capture the whole layer.
  warnings.warn(
> initialized tensor model parallel with size 1
> initialized pipeline model parallel with size 2
> setting random seeds to 1234 ...
> compiling dataset index builder ...
make: Entering directory '/root/.cache/user_artifacts/trainers_main/server/vendor/megatron-bridge/3rdparty/Megatron-LM/megatron/core/datasets'
> compiling dataset index builder ...
make: Entering directory '/root/.cache/user_artifacts/trainers_main/server/vendor/megatron-bridge/3rdparty/Megatron-LM/megatron/core/datasets'
make: Nothing to be done for 'default'.
make: Leaving directory '/root/.cache/user_artifacts/trainers_main/server/vendor/megatron-bridge/3rdparty/Megatron-LM/megatron/core/datasets'
>>> done with dataset index builder. Compilation time: 0.035 seconds
make: Nothing to be done for 'default'.
make: Leaving directory '/root/.cache/user_artifacts/trainers_main/server/vendor/megatron-bridge/3rdparty/Megatron-LM/megatron/core/datasets'
>>> done with dataset index builder. Compilation time: 0.036 seconds
/root/.cache/user_artifacts/trainers_main/server/.venv/lib/python3.12/site-packages/torch/distributed/c10d_logger.py:83: UserWarning: barrier(): using the device under current context. You can specify `device_id` in `init_process_group` to mute this warning.
  return func(*args, **kwargs)
WARNING:megatron.core.transformer.moe.token_dispatcher:BT_MOE_PROBS_A2A_COMM present but DISABLED (env unset or != '1'); probs all-to-all stays serialized behind the tokens all-to-all
WARNING:megatron.core.transformer.moe.token_dispatcher:BT_MOE_PROBS_A2A_COMM present but DISABLED (env unset or != '1'); probs all-to-all stays serialized behind the tokens all-to-all
WARNING:megatron.core.transformer.moe.token_dispatcher:BT_MOE_PROBS_A2A_COMM present but DISABLED (env unset or != '1'); probs all-to-all stays serialized behind the tokens all-to-all
WARNING:megatron.core.transformer.moe.token_dispatcher:BT_MOE_PROBS_A2A_COMM present but DISABLED (env unset or != '1'); probs all-to-all stays serialized behind the tokens all-to-all
WARNING:megatron.core.transformer.moe.token_dispatcher:BT_MOE_PROBS_A2A_COMM present but DISABLED (env unset or != '1'); probs all-to-all stays serialized behind the tokens all-to-all
WARNING:megatron.core.transformer.moe.token_dispatcher:BT_MOE_PROBS_A2A_COMM present but DISABLED (env unset or != '1'); probs all-to-all stays serialized behind the tokens all-to-all
WARNING:megatron.core.transformer.moe.token_dispatcher:BT_MOE_PROBS_A2A_COMM present but DISABLED (env unset or != '1'); probs all-to-all stays serialized behind the tokens all-to-all
WARNING:megatron.core.transformer.moe.token_dispatcher:BT_MOE_PROBS_A2A_COMM present but DISABLED (env unset or != '1'); probs all-to-all stays serialized behind the tokens all-to-all
WARNING:megatron.core.transformer.moe.token_dispatcher:BT_MOE_PROBS_A2A_COMM present but DISABLED (env unset or != '1'); probs all-to-all stays serialized behind the tokens all-to-all
WARNING:megatron.core.transformer.moe.token_dispatcher:BT_MOE_PROBS_A2A_COMM present but DISABLED (env unset or != '1'); probs all-to-all stays serialized behind the tokens all-to-all
WARNING:megatron.core.transformer.moe.token_dispatcher:BT_MOE_PROBS_A2A_COMM present but DISABLED (env unset or != '1'); probs all-to-all stays serialized behind the tokens all-to-all
WARNING:megatron.core.transformer.moe.token_dispatcher:BT_MOE_PROBS_A2A_COMM present but DISABLED (env unset or != '1'); probs all-to-all stays serialized behind the tokens all-to-all
WARNING:megatron.core.transformer.moe.token_dispatcher:BT_MOE_PROBS_A2A_COMM present but DISABLED (env unset or != '1'); probs all-to-all stays serialized behind the tokens all-to-all
WARNING:megatron.core.transformer.moe.token_dispatcher:BT_MOE_PROBS_A2A_COMM present but DISABLED (env unset or != '1'); probs all-to-all stays serialized behind the tokens all-to-all
WARNING:megatron.core.transformer.moe.token_dispatcher:BT_MOE_PROBS_A2A_COMM present but DISABLED (env unset or != '1'); probs all-to-all stays serialized behind the tokens all-to-all
WARNING:megatron.core.transformer.moe.token_dispatcher:BT_MOE_PROBS_A2A_COMM present but DISABLED (env unset or != '1'); probs all-to-all stays serialized behind the tokens all-to-all
Fetching 142 files:   0%|          | 0/142 [00:00<?, ?it/s]Fetching 142 files: 100%|██████████| 142/142 [00:00<00:00, 8435.42it/s]
Fetching 142 files:   0%|          | 0/142 [00:00<?, ?it/s]Fetching 142 files: 100%|██████████| 142/142 [00:00<00:00, 10314.34it/s]
Fetching 142 files:   0%|          | 0/142 [00:00<?, ?it/s]Fetching 142 files: 100%|██████████| 142/142 [00:00<00:00, 15075.20it/s]
Fetching 142 files:   0%|          | 0/142 [00:00<?, ?it/s]Fetching 142 files: 100%|██████████| 142/142 [00:00<00:00, 12658.69it/s]
Fetching 142 files:   0%|          | 0/142 [00:00<?, ?it/s]Fetching 142 files: 100%|██████████| 142/142 [00:00<00:00, 12996.23it/s]
Fetching 142 files:   0%|          | 0/142 [00:00<?, ?it/s]Fetching 142 files: 100%|██████████| 142/142 [00:00<00:00, 8418.61it/s]
Fetching 142 files:   0%|          | 0/142 [00:00<?, ?it/s]Fetching 142 files: 100%|██████████| 142/142 [00:00<00:00, 15692.45it/s]
Fetching 142 files:   0%|          | 0/142 [00:00<?, ?it/s]Fetching 142 files: 100%|██████████| 142/142 [00:00<00:00, 12697.28it/s]
Fetching 142 files:   0%|          | 0/142 [00:00<?, ?it/s]Fetching 142 files: 100%|██████████| 142/142 [00:00<00:00, 12590.18it/s]
Fetching 142 files:   0%|          | 0/142 [00:00<?, ?it/s]Fetching 142 files: 100%|██████████| 142/142 [00:00<00:00, 12886.84it/s]
Fetching 142 files:   0%|          | 0/142 [00:00<?, ?it/s]Fetching 142 files: 100%|██████████| 142/142 [00:00<00:00, 15072.92it/s]
Fetching 142 files:   0%|          | 0/142 [00:00<?, ?it/s]Fetching 142 files: 100%|██████████| 142/142 [00:00<00:00, 13038.62it/s]
Fetching 142 files:   0%|          | 0/142 [00:00<?, ?it/s]Fetching 142 files: 100%|██████████| 142/142 [00:00<00:00, 12928.52it/s]
Fetching 142 files:   0%|          | 0/142 [00:00<?, ?it/s]Fetching 142 files:   0%|          | 0/142 [00:00<?, ?it/s]Fetching 142 files: 100%|██████████| 142/142 [00:00<00:00, 13851.92it/s]
Fetching 142 files: 100%|██████████| 142/142 [00:00<00:00, 14266.00it/s]
Fetching 142 files:   0%|          | 0/142 [00:00<?, ?it/s]Fetching 142 files: 100%|██████████| 142/142 [00:00<00:00, 12812.27it/s]

WARNING:megatron.bridge.peft.module_matcher:No modules matched the requested target_modules entries: *output_layer*
INFO:trainers_server.dp_worker.backends.megatron_bridge.backend:LoRA training: disabled dynamic MoE router expert-bias updates
INFO:trainers_server.dp_worker.backends.megatron_bridge.backend:LoRA training: froze 35 MoE router expert-bias updates

WARNING:megatron.bridge.peft.module_matcher:No modules matched the requested target_modules entries: *output_layer*
INFO:trainers_server.dp_worker.backends.megatron_bridge.backend:LoRA training: disabled dynamic MoE router expert-bias updates
INFO:trainers_server.dp_worker.backends.megatron_bridge.backend:LoRA training: froze 35 MoE router expert-bias updates

WARNING:megatron.bridge.peft.module_matcher:No modules matched the requested target_modules entries: *output_layer*

INFO:trainers_server.dp_worker.backends.megatron_bridge.backend:LoRA training: disabled dynamic MoE router expert-bias updates
INFO:trainers_server.dp_worker.backends.megatron_bridge.backend:LoRA training: froze 35 MoE router expert-bias updates
WARNING:megatron.bridge.peft.module_matcher:No modules matched the requested target_modules entries: *output_layer*
INFO:trainers_server.dp_worker.backends.megatron_bridge.backend:LoRA training: disabled dynamic MoE router expert-bias updates
INFO:trainers_server.dp_worker.backends.megatron_bridge.backend:LoRA training: froze 35 MoE router expert-bias updates
Loading from zai-org/GLM-5.2-FP8 ━━━━━━━━━━━ 100% 0:00:00 (5916/5916) GLM5Bridge
WARNING:megatron.bridge.peft.module_matcher:No modules matched the requested target_modules entries: *output_layer*
[PEFT+Recompute] Patched decoder block forward to enable grad on hidden_states input. This ensures checkpoint backward is called when only adapters are trainable (PP=1 with frozen base model).
 > number of parameters on (tensor, pipeline) model parallel rank (0, 0): 51753604864
INFO:trainers_server.dp_worker.backends.megatron_bridge.backend:LoRA training: disabled dynamic MoE router expert-bias updates
INFO:trainers_server.dp_worker.backends.megatron_bridge.backend:LoRA training: froze 35 MoE router expert-bias updates

WARNING:megatron.bridge.peft.module_matcher:No modules matched the requested target_modules entries: *output_layer*

WARNING:megatron.bridge.peft.module_matcher:No modules matched the requested target_modules entries: *output_layer*

WARNING:megatron.bridge.peft.module_matcher:No modules matched the requested target_modules entries: *output_layer*
INFO:trainers_server.dp_worker.backends.megatron_bridge.backend:LoRA training: disabled dynamic MoE router expert-bias updates
INFO:trainers_server.dp_worker.backends.megatron_bridge.backend:LoRA training: froze 35 MoE router expert-bias updates
INFO:trainers_server.dp_worker.backends.megatron_bridge.backend:LoRA training: disabled dynamic MoE router expert-bias updates
INFO:trainers_server.dp_worker.backends.megatron_bridge.backend:LoRA training: froze 35 MoE router expert-bias updates
INFO:trainers_server.dp_worker.backends.megatron_bridge.backend:LoRA training: disabled dynamic MoE router expert-bias updates
INFO:trainers_server.dp_worker.backends.megatron_bridge.backend:LoRA training: froze 35 MoE router expert-bias updates

WARNING:megatron.bridge.peft.module_matcher:No modules matched the requested target_modules entries: *.mlp.linear_fc1, *.mlp.linear_fc2

WARNING:megatron.bridge.peft.module_matcher:No modules matched the requested target_modules entries: *.mlp.linear_fc1, *.mlp.linear_fc2
INFO:trainers_server.dp_worker.backends.megatron_bridge.backend:LoRA training: disabled dynamic MoE router expert-bias updates
INFO:trainers_server.dp_worker.backends.megatron_bridge.backend:LoRA training: froze 40 MoE router expert-bias updates
INFO:trainers_server.dp_worker.backends.megatron_bridge.backend:LoRA training: disabled dynamic MoE router expert-bias updates
INFO:trainers_server.dp_worker.backends.megatron_bridge.backend:LoRA training: froze 40 MoE router expert-bias updates

WARNING:megatron.bridge.peft.module_matcher:No modules matched the requested target_modules entries: *.mlp.linear_fc1, *.mlp.linear_fc2
INFO:trainers_server.dp_worker.backends.megatron_bridge.backend:LoRA training: disabled dynamic MoE router expert-bias updates
INFO:trainers_server.dp_worker.backends.megatron_bridge.backend:LoRA training: froze 40 MoE router expert-bias updates

WARNING:megatron.bridge.peft.module_matcher:No modules matched the requested target_modules entries: *.mlp.linear_fc1, *.mlp.linear_fc2
 > number of parameters on (tensor, pipeline) model parallel rank (0, 1): 57638195712
INFO:trainers_server.dp_worker.backends.megatron_bridge.backend:LoRA training: disabled dynamic MoE router expert-bias updates
INFO:trainers_server.dp_worker.backends.megatron_bridge.backend:LoRA training: froze 40 MoE router expert-bias updates

WARNING:megatron.bridge.peft.module_matcher:No modules matched the requested target_modules entries: *.mlp.linear_fc1, *.mlp.linear_fc2
INFO:trainers_server.dp_worker.backends.megatron_bridge.backend:LoRA training: disabled dynamic MoE router expert-bias updates
INFO:trainers_server.dp_worker.backends.megatron_bridge.backend:LoRA training: froze 40 MoE router expert-bias updates

WARNING:megatron.bridge.peft.module_matcher:No modules matched the requested target_modules entries: *.mlp.linear_fc1, *.mlp.linear_fc2
INFO:trainers_server.dp_worker.backends.megatron_bridge.backend:LoRA training: disabled dynamic MoE router expert-bias updates
INFO:trainers_server.dp_worker.backends.megatron_bridge.backend:LoRA training: froze 40 MoE router expert-bias updates

WARNING:megatron.bridge.peft.module_matcher:No modules matched the requested target_modules entries: *.mlp.linear_fc1, *.mlp.linear_fc2

WARNING:megatron.bridge.peft.module_matcher:No modules matched the requested target_modules entries: *.mlp.linear_fc1, *.mlp.linear_fc2
INFO:trainers_server.dp_worker.backends.megatron_bridge.backend:LoRA training: disabled dynamic MoE router expert-bias updates
INFO:trainers_server.dp_worker.backends.megatron_bridge.backend:LoRA training: froze 40 MoE router expert-bias updates
INFO:trainers_server.dp_worker.backends.megatron_bridge.backend:LoRA training: disabled dynamic MoE router expert-bias updates
INFO:trainers_server.dp_worker.backends.megatron_bridge.backend:LoRA training: froze 40 MoE router expert-bias updates
INFO:trainers_server.dp_worker.backends.megatron_bridge.backend:MegatronBridgeBackend ready
INFO:trainers_server.dp_worker.backends.megatron_bridge.backend:MegatronBridgeBackend ready
INFO:trainers_server.dp_worker.backends.megatron_bridge.backend:MegatronBridgeBackend ready
INFO:trainers_server.dp_worker.backends.megatron_bridge.backend:MegatronBridgeBackend ready
INFO:trainers_server.dp_worker.backends.megatron_bridge.backend:MegatronBridgeBackend ready
INFO:trainers_server.dp_worker.backends.megatron_bridge.backend:MegatronBridgeBackend ready
INFO:trainers_server.dp_worker.backends.megatron_bridge.backend:MegatronBridgeBackend ready
INFO:trainers_server.dp_worker.backends.megatron_bridge.backend:MegatronBridgeBackend ready
/root/.cache/user_artifacts/trainers_main/server/.venv/lib/python3.12/site-packages/torch/distributed/c10d_logger.py:83: UserWarning: barrier(): using the device under current context. You can specify `device_id` in `init_process_group` to mute this warning.
  return func(*args, **kwargs)
INFO:trainers_server.dp_worker.backends.megatron_bridge.backend:MegatronBridgeBackend ready
INFO:trainers_server.dp_worker.backends.megatron_bridge.backend:MegatronBridgeBackend ready
INFO:trainers_server.dp_worker.backends.megatron_bridge.backend:MegatronBridgeBackend ready
INFO:trainers_server.dp_worker.backends.megatron_bridge.backend:MegatronBridgeBackend ready
INFO:trainers_server.dp_worker.backends.megatron_bridge.backend:MegatronBridgeBackend ready
INFO:trainers_server.dp_worker.backends.megatron_bridge.backend:MegatronBridgeBackend ready
INFO:trainers_server.dp_worker.backends.megatron_bridge.backend:MegatronBridgeBackend ready
INFO:trainers_server.dp_worker.backends.megatron_bridge.backend:MegatronBridgeBackend ready
INFO:trainers_server.dp_worker.backends.megatron_bridge.backend:starting — forward+backward seq=64 across PP=2 (establishing pipeline p2p connections + compiling DSA/Triton/cuDNN forward and backward kernels)...
WARNING:megatron.core.lookahead_checkpoint:BT_MOE_LOOKAHEAD_RECOMPUTE present but DISABLED (env unset or != '1'); status-quo checkpoint recompute order
WARNING:megatron.core.lookahead_checkpoint:BT_MOE_LOOKAHEAD_RECOMPUTE present but DISABLED (env unset or != '1'); status-quo checkpoint recompute order
WARNING:megatron.core.lookahead_checkpoint:BT_MOE_LOOKAHEAD_RECOMPUTE present but DISABLED (env unset or != '1'); status-quo checkpoint recompute order
WARNING:megatron.core.lookahead_checkpoint:BT_MOE_LOOKAHEAD_RECOMPUTE present but DISABLED (env unset or != '1'); status-quo checkpoint recompute order
WARNING:megatron.core.lookahead_checkpoint:BT_MOE_LOOKAHEAD_RECOMPUTE present but DISABLED (env unset or != '1'); status-quo checkpoint recompute order
WARNING:megatron.core.models.common.embeddings.rope_utils:BT_THD_ROPE_HOST_CACHE=1: THD RoPE cu_seqlens host cache ACTIVE
WARNING:megatron.core.lookahead_checkpoint:BT_MOE_LOOKAHEAD_RECOMPUTE present but DISABLED (env unset or != '1'); status-quo checkpoint recompute order
WARNING:megatron.core.lookahead_checkpoint:BT_MOE_LOOKAHEAD_RECOMPUTE present but DISABLED (env unset or != '1'); status-quo checkpoint recompute order
WARNING:megatron.core.models.common.embeddings.rope_utils:BT_THD_ROPE_HOST_CACHE=1: THD RoPE cu_seqlens host cache ACTIVE
WARNING:megatron.core.lookahead_checkpoint:BT_MOE_LOOKAHEAD_RECOMPUTE present but DISABLED (env unset or != '1'); status-quo checkpoint recompute order
WARNING:megatron.core.transformer.experimental_attention_variant.dsa:BT_DSA_CP_LAYOUT_CACHE=1: DSA packed-CP layout cache ACTIVE
WARNING:megatron.core.transformer.experimental_attention_variant.dsa:BT_DSA_CP_LAYOUT_CACHE=1: DSA packed-CP layout cache ACTIVE
WARNING:megatron.core.models.common.embeddings.rope_utils:BT_THD_ROPE_HOST_CACHE=1: THD RoPE cu_seqlens host cache ACTIVE
WARNING:megatron.core.models.common.embeddings.rope_utils:BT_THD_ROPE_HOST_CACHE=1: THD RoPE cu_seqlens host cache ACTIVE
WARNING:megatron.core.models.common.embeddings.rope_utils:BT_THD_ROPE_HOST_CACHE=1: THD RoPE cu_seqlens host cache ACTIVE
WARNING:megatron.core.models.common.embeddings.rope_utils:BT_THD_ROPE_HOST_CACHE=1: THD RoPE cu_seqlens host cache ACTIVE
WARNING:megatron.core.models.common.embeddings.rope_utils:BT_THD_ROPE_HOST_CACHE=1: THD RoPE cu_seqlens host cache ACTIVE
WARNING:megatron.core.models.common.embeddings.rope_utils:BT_THD_ROPE_HOST_CACHE=1: THD RoPE cu_seqlens host cache ACTIVE
WARNING:megatron.core.transformer.experimental_attention_variant.dsa:BT_DSA_CP_LAYOUT_CACHE=1: DSA packed-CP layout cache ACTIVE
WARNING:megatron.core.transformer.experimental_attention_variant.dsa:BT_DSA_CP_LAYOUT_CACHE=1: DSA packed-CP layout cache ACTIVE
WARNING:megatron.core.transformer.experimental_attention_variant.dsa:BT_DSA_CP_LAYOUT_CACHE=1: DSA packed-CP layout cache ACTIVE
WARNING:megatron.core.transformer.experimental_attention_variant.dsa:BT_DSA_CP_LAYOUT_CACHE=1: DSA packed-CP layout cache ACTIVE
WARNING:megatron.core.transformer.experimental_attention_variant.dsa:BT_DSA_CP_LAYOUT_CACHE=1: DSA packed-CP layout cache ACTIVE
WARNING:megatron.core.transformer.experimental_attention_variant.dsa:BT_DSA_CP_LAYOUT_CACHE=1: DSA packed-CP layout cache ACTIVE
WARNING:megatron.core.transformer.experimental_attention_variant.dsa_cudnn_kernels:BT_DSA_BWD_ASYNC_NONEMPTY present but DISABLED (env unset or != '1'); using the original syncing nonzero path
WARNING:megatron.core.transformer.experimental_attention_variant.dsa_cudnn_kernels:BT_DSA_BWD_ASYNC_NONEMPTY present but DISABLED (env unset or != '1'); using the original syncing nonzero path
WARNING:megatron.core.transformer.experimental_attention_variant.dsa_cudnn_kernels:BT_DSA_BWD_ASYNC_NONEMPTY present but DISABLED (env unset or != '1'); using the original syncing nonzero path
WARNING:megatron.core.transformer.experimental_attention_variant.dsa_cudnn_kernels:BT_DSA_BWD_ASYNC_NONEMPTY present but DISABLED (env unset or != '1'); using the original syncing nonzero path
WARNING:megatron.core.transformer.experimental_attention_variant.dsa_cudnn_kernels:BT_DSA_BWD_ASYNC_NONEMPTY present but DISABLED (env unset or != '1'); using the original syncing nonzero path
WARNING:megatron.core.transformer.experimental_attention_variant.dsa_cudnn_kernels:BT_DSA_BWD_ASYNC_NONEMPTY present but DISABLED (env unset or != '1'); using the original syncing nonzero path
WARNING:megatron.core.transformer.experimental_attention_variant.dsa_cudnn_kernels:BT_DSA_BWD_ASYNC_NONEMPTY present but DISABLED (env unset or != '1'); using the original syncing nonzero path
WARNING:megatron.core.transformer.experimental_attention_variant.dsa_cudnn_kernels:BT_DSA_BWD_ASYNC_NONEMPTY present but DISABLED (env unset or != '1'); using the original syncing nonzero path
WARNING:megatron.core.transformer.moe.router:BT_MOE_ROUTING_REPLAY_FORCE present but DISABLED (env unset or != '1'); the replay recomputes routing
WARNING:megatron.core.transformer.moe.router:BT_MOE_ROUTING_REPLAY_FORCE present but DISABLED (env unset or != '1'); the replay recomputes routing
WARNING:megatron.core.transformer.moe.router:BT_MOE_ROUTING_REPLAY_FORCE present but DISABLED (env unset or != '1'); the replay recomputes routing
WARNING:megatron.core.transformer.moe.router:BT_MOE_ROUTING_REPLAY_FORCE present but DISABLED (env unset or != '1'); the replay recomputes routing
WARNING:megatron.core.transformer.moe.router:BT_MOE_ROUTING_REPLAY_FORCE present but DISABLED (env unset or != '1'); the replay recomputes routing
WARNING:megatron.core.transformer.moe.router:BT_MOE_ROUTING_REPLAY_FORCE present but DISABLED (env unset or != '1'); the replay recomputes routing
WARNING:megatron.core.transformer.moe.router:BT_MOE_ROUTING_REPLAY_FORCE present but DISABLED (env unset or != '1'); the replay recomputes routing
WARNING:megatron.core.transformer.moe.router:BT_MOE_ROUTING_REPLAY_FORCE present but DISABLED (env unset or != '1'); the replay recomputes routing
WARNING:megatron.core.transformer.moe.token_dispatcher:BT_MOE_DISPATCH_REPLAY_CACHE present but DISABLED (env unset or != '1'); recomputing dispatcher split metadata in the recompute replay
WARNING:megatron.core.transformer.moe.token_dispatcher:BT_MOE_DISPATCH_REPLAY_CACHE present but DISABLED (env unset or != '1'); recomputing dispatcher split metadata in the recompute replay
WARNING:megatron.core.transformer.moe.token_dispatcher:BT_MOE_DISPATCH_REPLAY_CACHE present but DISABLED (env unset or != '1'); recomputing dispatcher split metadata in the recompute replay
WARNING:megatron.core.transformer.moe.token_dispatcher:BT_MOE_DISPATCH_REPLAY_CACHE present but DISABLED (env unset or != '1'); recomputing dispatcher split metadata in the recompute replay
WARNING:megatron.core.transformer.moe.token_dispatcher:BT_MOE_DISPATCH_REPLAY_CACHE present but DISABLED (env unset or != '1'); recomputing dispatcher split metadata in the recompute replay
WARNING:megatron.core.transformer.moe.token_dispatcher:BT_MOE_DISPATCH_REPLAY_CACHE present but DISABLED (env unset or != '1'); recomputing dispatcher split metadata in the recompute replay
WARNING:megatron.core.transformer.moe.token_dispatcher:BT_MOE_DISPATCH_REPLAY_CACHE present but DISABLED (env unset or != '1'); recomputing dispatcher split metadata in the recompute replay
WARNING:megatron.core.transformer.moe.token_dispatcher:BT_MOE_DISPATCH_REPLAY_CACHE present but DISABLED (env unset or != '1'); recomputing dispatcher split metadata in the recompute replay
WARNING:megatron.core.lookahead_checkpoint:BT_MOE_LOOKAHEAD_RECOMPUTE present but DISABLED (env unset or != '1'); status-quo checkpoint recompute order
WARNING:megatron.core.lookahead_checkpoint:BT_MOE_LOOKAHEAD_RECOMPUTE present but DISABLED (env unset or != '1'); status-quo checkpoint recompute order
WARNING:megatron.core.lookahead_checkpoint:BT_MOE_LOOKAHEAD_RECOMPUTE present but DISABLED (env unset or != '1'); status-quo checkpoint recompute order
WARNING:megatron.core.lookahead_checkpoint:BT_MOE_LOOKAHEAD_RECOMPUTE present but DISABLED (env unset or != '1'); status-quo checkpoint recompute order
WARNING:megatron.core.lookahead_checkpoint:BT_MOE_LOOKAHEAD_RECOMPUTE present but DISABLED (env unset or != '1'); status-quo checkpoint recompute order
WARNING:megatron.core.lookahead_checkpoint:BT_MOE_LOOKAHEAD_RECOMPUTE present but DISABLED (env unset or != '1'); status-quo checkpoint recompute order
WARNING:megatron.core.lookahead_checkpoint:BT_MOE_LOOKAHEAD_RECOMPUTE present but DISABLED (env unset or != '1'); status-quo checkpoint recompute order
WARNING:megatron.core.lookahead_checkpoint:BT_MOE_LOOKAHEAD_RECOMPUTE present but DISABLED (env unset or != '1'); status-quo checkpoint recompute order
WARNING:megatron.core.models.common.embeddings.rope_utils:BT_THD_ROPE_HOST_CACHE=1: THD RoPE cu_seqlens host cache ACTIVE
WARNING:megatron.core.transformer.experimental_attention_variant.dsa:BT_DSA_CP_LAYOUT_CACHE=1: DSA packed-CP layout cache ACTIVE
WARNING:megatron.core.models.common.embeddings.rope_utils:BT_THD_ROPE_HOST_CACHE=1: THD RoPE cu_seqlens host cache ACTIVE
WARNING:megatron.core.transformer.experimental_attention_variant.dsa:BT_DSA_CP_LAYOUT_CACHE=1: DSA packed-CP layout cache ACTIVE
WARNING:megatron.core.models.common.embeddings.rope_utils:BT_THD_ROPE_HOST_CACHE=1: THD RoPE cu_seqlens host cache ACTIVE
WARNING:megatron.core.models.common.embeddings.rope_utils:BT_THD_ROPE_HOST_CACHE=1: THD RoPE cu_seqlens host cache ACTIVE
WARNING:megatron.core.models.common.embeddings.rope_utils:BT_THD_ROPE_HOST_CACHE=1: THD RoPE cu_seqlens host cache ACTIVE
WARNING:megatron.core.models.common.embeddings.rope_utils:BT_THD_ROPE_HOST_CACHE=1: THD RoPE cu_seqlens host cache ACTIVE
WARNING:megatron.core.models.common.embeddings.rope_utils:BT_THD_ROPE_HOST_CACHE=1: THD RoPE cu_seqlens host cache ACTIVE
WARNING:megatron.core.models.common.embeddings.rope_utils:BT_THD_ROPE_HOST_CACHE=1: THD RoPE cu_seqlens host cache ACTIVE
WARNING:megatron.core.transformer.experimental_attention_variant.dsa:BT_DSA_CP_LAYOUT_CACHE=1: DSA packed-CP layout cache ACTIVE
WARNING:megatron.core.transformer.experimental_attention_variant.dsa:BT_DSA_CP_LAYOUT_CACHE=1: DSA packed-CP layout cache ACTIVE
WARNING:megatron.core.transformer.experimental_attention_variant.dsa:BT_DSA_CP_LAYOUT_CACHE=1: DSA packed-CP layout cache ACTIVE
WARNING:megatron.core.transformer.experimental_attention_variant.dsa:BT_DSA_CP_LAYOUT_CACHE=1: DSA packed-CP layout cache ACTIVE
WARNING:megatron.core.transformer.experimental_attention_variant.dsa:BT_DSA_CP_LAYOUT_CACHE=1: DSA packed-CP layout cache ACTIVE
WARNING:megatron.core.transformer.experimental_attention_variant.dsa:BT_DSA_CP_LAYOUT_CACHE=1: DSA packed-CP layout cache ACTIVE
WARNING:megatron.core.transformer.experimental_attention_variant.dsa_cudnn_kernels:BT_DSA_BWD_ASYNC_NONEMPTY present but DISABLED (env unset or != '1'); using the original syncing nonzero path
WARNING:megatron.core.transformer.experimental_attention_variant.dsa_cudnn_kernels:BT_DSA_BWD_ASYNC_NONEMPTY present but DISABLED (env unset or != '1'); using the original syncing nonzero path
WARNING:megatron.core.transformer.moe.router:BT_MOE_ROUTING_REPLAY_FORCE present but DISABLED (env unset or != '1'); the replay recomputes routing
WARNING:megatron.core.transformer.experimental_attention_variant.dsa_cudnn_kernels:BT_DSA_BWD_ASYNC_NONEMPTY present but DISABLED (env unset or != '1'); using the original syncing nonzero path
WARNING:megatron.core.transformer.experimental_attention_variant.dsa_cudnn_kernels:BT_DSA_BWD_ASYNC_NONEMPTY present but DISABLED (env unset or != '1'); using the original syncing nonzero path
WARNING:megatron.core.transformer.experimental_attention_variant.dsa_cudnn_kernels:BT_DSA_BWD_ASYNC_NONEMPTY present but DISABLED (env unset or != '1'); using the original syncing nonzero path
WARNING:megatron.core.transformer.experimental_attention_variant.dsa_cudnn_kernels:BT_DSA_BWD_ASYNC_NONEMPTY present but DISABLED (env unset or != '1'); using the original syncing nonzero path
WARNING:megatron.core.transformer.experimental_attention_variant.dsa_cudnn_kernels:BT_DSA_BWD_ASYNC_NONEMPTY present but DISABLED (env unset or != '1'); using the original syncing nonzero path
WARNING:megatron.core.transformer.experimental_attention_variant.dsa_cudnn_kernels:BT_DSA_BWD_ASYNC_NONEMPTY present but DISABLED (env unset or != '1'); using the original syncing nonzero path
WARNING:megatron.core.transformer.moe.router:BT_MOE_ROUTING_REPLAY_FORCE present but DISABLED (env unset or != '1'); the replay recomputes routing
WARNING:megatron.core.transformer.moe.router:BT_MOE_ROUTING_REPLAY_FORCE present but DISABLED (env unset or != '1'); the replay recomputes routing
WARNING:megatron.core.transformer.moe.router:BT_MOE_ROUTING_REPLAY_FORCE present but DISABLED (env unset or != '1'); the replay recomputes routing
WARNING:megatron.core.transformer.moe.router:BT_MOE_ROUTING_REPLAY_FORCE present but DISABLED (env unset or != '1'); the replay recomputes routing
WARNING:megatron.core.transformer.moe.router:BT_MOE_ROUTING_REPLAY_FORCE present but DISABLED (env unset or != '1'); the replay recomputes routing
WARNING:megatron.core.transformer.moe.router:BT_MOE_ROUTING_REPLAY_FORCE present but DISABLED (env unset or != '1'); the replay recomputes routing
WARNING:megatron.core.transformer.moe.router:BT_MOE_ROUTING_REPLAY_FORCE present but DISABLED (env unset or != '1'); the replay recomputes routing
WARNING:megatron.core.transformer.moe.token_dispatcher:BT_MOE_DISPATCH_REPLAY_CACHE present but DISABLED (env unset or != '1'); recomputing dispatcher split metadata in the recompute replay
WARNING:megatron.core.transformer.moe.token_dispatcher:BT_MOE_DISPATCH_REPLAY_CACHE present but DISABLED (env unset or != '1'); recomputing dispatcher split metadata in the recompute replay
WARNING:megatron.core.transformer.moe.token_dispatcher:BT_MOE_DISPATCH_REPLAY_CACHE present but DISABLED (env unset or != '1'); recomputing dispatcher split metadata in the recompute replay
WARNING:megatron.core.transformer.moe.token_dispatcher:BT_MOE_DISPATCH_REPLAY_CACHE present but DISABLED (env unset or != '1'); recomputing dispatcher split metadata in the recompute replay
WARNING:megatron.core.transformer.moe.token_dispatcher:BT_MOE_DISPATCH_REPLAY_CACHE present but DISABLED (env unset or != '1'); recomputing dispatcher split metadata in the recompute replay
WARNING:megatron.core.transformer.moe.token_dispatcher:BT_MOE_DISPATCH_REPLAY_CACHE present but DISABLED (env unset or != '1'); recomputing dispatcher split metadata in the recompute replay
WARNING:megatron.core.transformer.moe.token_dispatcher:BT_MOE_DISPATCH_REPLAY_CACHE present but DISABLED (env unset or != '1'); recomputing dispatcher split metadata in the recompute replay
WARNING:megatron.core.transformer.moe.token_dispatcher:BT_MOE_DISPATCH_REPLAY_CACHE present but DISABLED (env unset or != '1'); recomputing dispatcher split metadata in the recompute replay
TF32 LM-head fast path ACTIVE
TF32 LM-head fast path ACTIVE
TF32 LM-head fast path ACTIVETF32 LM-head fast path ACTIVE

TF32 LM-head fast path ACTIVE
TF32 LM-head fast path ACTIVE
TF32 LM-head fast path ACTIVE
TF32 LM-head fast path ACTIVE
/root/.cache/user_artifacts/trainers_main/server/.venv/lib/python3.12/site-packages/torch/autograd/graph.py:869: UserWarning: The AccumulateGrad node's stream does not match the stream of the node that produced the incoming gradient. This may incur unnecessary synchronization and break CUDA graph capture if the AccumulateGrad node's stream is the default stream. This mismatch is caused by an AccumulateGrad node created prior to the current iteration being kept alive. This can happen if the autograd graph is still being kept alive by tensors such as the loss, or if you are using DDP, which will stash a reference to the node. To resolve the mismatch, delete all references to the autograd graph or ensure that DDP initialization is performed under the same stream as subsequent forwards. If the mismatch is intentional, you can use torch.autograd.graph.set_warn_on_accumulate_grad_stream_mismatch(False) to suppress this warning. (Triggered internally at /pytorch/torch/csrc/autograd/input_buffer.cpp:240.)
  return Variable._execution_engine.run_backward(  # Calls into the C++ engine to run the backward pass
/root/.cache/user_artifacts/trainers_main/server/.venv/lib/python3.12/site-packages/torch/autograd/graph.py:869: UserWarning: The AccumulateGrad node's stream does not match the stream of the node that produced the incoming gradient. This may incur unnecessary synchronization and break CUDA graph capture if the AccumulateGrad node's stream is the default stream. This mismatch is caused by an AccumulateGrad node created prior to the current iteration being kept alive. This can happen if the autograd graph is still being kept alive by tensors such as the loss, or if you are using DDP, which will stash a reference to the node. To resolve the mismatch, delete all references to the autograd graph or ensure that DDP initialization is performed under the same stream as subsequent forwards. If the mismatch is intentional, you can use torch.autograd.graph.set_warn_on_accumulate_grad_stream_mismatch(False) to suppress this warning. (Triggered internally at /pytorch/torch/csrc/autograd/input_buffer.cpp:240.)
  return Variable._execution_engine.run_backward(  # Calls into the C++ engine to run the backward pass
/root/.cache/user_artifacts/trainers_main/server/.venv/lib/python3.12/site-packages/torch/autograd/graph.py:869: UserWarning: The AccumulateGrad node's stream does not match the stream of the node that produced the incoming gradient. This may incur unnecessary synchronization and break CUDA graph capture if the AccumulateGrad node's stream is the default stream. This mismatch is caused by an AccumulateGrad node created prior to the current iteration being kept alive. This can happen if the autograd graph is still being kept alive by tensors such as the loss, or if you are using DDP, which will stash a reference to the node. To resolve the mismatch, delete all references to the autograd graph or ensure that DDP initialization is performed under the same stream as subsequent forwards. If the mismatch is intentional, you can use torch.autograd.graph.set_warn_on_accumulate_grad_stream_mismatch(False) to suppress this warning. (Triggered internally at /pytorch/torch/csrc/autograd/input_buffer.cpp:240.)
  return Variable._execution_engine.run_backward(  # Calls into the C++ engine to run the backward pass
/root/.cache/user_artifacts/trainers_main/server/.venv/lib/python3.12/site-packages/torch/autograd/graph.py:869: UserWarning: The AccumulateGrad node's stream does not match the stream of the node that produced the incoming gradient. This may incur unnecessary synchronization and break CUDA graph capture if the AccumulateGrad node's stream is the default stream. This mismatch is caused by an AccumulateGrad node created prior to the current iteration being kept alive. This can happen if the autograd graph is still being kept alive by tensors such as the loss, or if you are using DDP, which will stash a reference to the node. To resolve the mismatch, delete all references to the autograd graph or ensure that DDP initialization is performed under the same stream as subsequent forwards. If the mismatch is intentional, you can use torch.autograd.graph.set_warn_on_accumulate_grad_stream_mismatch(False) to suppress this warning. (Triggered internally at /pytorch/torch/csrc/autograd/input_buffer.cpp:240.)
  return Variable._execution_engine.run_backward(  # Calls into the C++ engine to run the backward pass
/root/.cache/user_artifacts/trainers_main/server/.venv/lib/python3.12/site-packages/torch/autograd/graph.py:869: UserWarning: The AccumulateGrad node's stream does not match the stream of the node that produced the incoming gradient. This may incur unnecessary synchronization and break CUDA graph capture if the AccumulateGrad node's stream is the default stream. This mismatch is caused by an AccumulateGrad node created prior to the current iteration being kept alive. This can happen if the autograd graph is still being kept alive by tensors such as the loss, or if you are using DDP, which will stash a reference to the node. To resolve the mismatch, delete all references to the autograd graph or ensure that DDP initialization is performed under the same stream as subsequent forwards. If the mismatch is intentional, you can use torch.autograd.graph.set_warn_on_accumulate_grad_stream_mismatch(False) to suppress this warning. (Triggered internally at /pytorch/torch/csrc/autograd/input_buffer.cpp:240.)
  return Variable._execution_engine.run_backward(  # Calls into the C++ engine to run the backward pass
/root/.cache/user_artifacts/trainers_main/server/.venv/lib/python3.12/site-packages/torch/autograd/graph.py:869: UserWarning: The AccumulateGrad node's stream does not match the stream of the node that produced the incoming gradient. This may incur unnecessary synchronization and break CUDA graph capture if the AccumulateGrad node's stream is the default stream. This mismatch is caused by an AccumulateGrad node created prior to the current iteration being kept alive. This can happen if the autograd graph is still being kept alive by tensors such as the loss, or if you are using DDP, which will stash a reference to the node. To resolve the mismatch, delete all references to the autograd graph or ensure that DDP initialization is performed under the same stream as subsequent forwards. If the mismatch is intentional, you can use torch.autograd.graph.set_warn_on_accumulate_grad_stream_mismatch(False) to suppress this warning. (Triggered internally at /pytorch/torch/csrc/autograd/input_buffer.cpp:240.)
  return Variable._execution_engine.run_backward(  # Calls into the C++ engine to run the backward pass
/root/.cache/user_artifacts/trainers_main/server/.venv/lib/python3.12/site-packages/torch/autograd/graph.py:869: UserWarning: The AccumulateGrad node's stream does not match the stream of the node that produced the incoming gradient. This may incur unnecessary synchronization and break CUDA graph capture if the AccumulateGrad node's stream is the default stream. This mismatch is caused by an AccumulateGrad node created prior to the current iteration being kept alive. This can happen if the autograd graph is still being kept alive by tensors such as the loss, or if you are using DDP, which will stash a reference to the node. To resolve the mismatch, delete all references to the autograd graph or ensure that DDP initialization is performed under the same stream as subsequent forwards. If the mismatch is intentional, you can use torch.autograd.graph.set_warn_on_accumulate_grad_stream_mismatch(False) to suppress this warning. (Triggered internally at /pytorch/torch/csrc/autograd/input_buffer.cpp:240.)
  return Variable._execution_engine.run_backward(  # Calls into the C++ engine to run the backward pass
/root/.cache/user_artifacts/trainers_main/server/.venv/lib/python3.12/site-packages/torch/autograd/graph.py:869: UserWarning: The AccumulateGrad node's stream does not match the stream of the node that produced the incoming gradient. This may incur unnecessary synchronization and break CUDA graph capture if the AccumulateGrad node's stream is the default stream. This mismatch is caused by an AccumulateGrad node created prior to the current iteration being kept alive. This can happen if the autograd graph is still being kept alive by tensors such as the loss, or if you are using DDP, which will stash a reference to the node. To resolve the mismatch, delete all references to the autograd graph or ensure that DDP initialization is performed under the same stream as subsequent forwards. If the mismatch is intentional, you can use torch.autograd.graph.set_warn_on_accumulate_grad_stream_mismatch(False) to suppress this warning. (Triggered internally at /pytorch/torch/csrc/autograd/input_buffer.cpp:240.)
  return Variable._execution_engine.run_backward(  # Calls into the C++ engine to run the backward pass
/root/.cache/user_artifacts/trainers_main/server/.venv/lib/python3.12/site-packages/torch/autograd/graph.py:869: UserWarning: The AccumulateGrad node's stream does not match the stream of the node that produced the incoming gradient. This may incur unnecessary synchronization and break CUDA graph capture if the AccumulateGrad node's stream is the default stream. This mismatch is caused by an AccumulateGrad node created prior to the current iteration being kept alive. This can happen if the autograd graph is still being kept alive by tensors such as the loss, or if you are using DDP, which will stash a reference to the node. To resolve the mismatch, delete all references to the autograd graph or ensure that DDP initialization is performed under the same stream as subsequent forwards. If the mismatch is intentional, you can use torch.autograd.graph.set_warn_on_accumulate_grad_stream_mismatch(False) to suppress this warning. (Triggered internally at /pytorch/torch/csrc/autograd/input_buffer.cpp:240.)
  return Variable._execution_engine.run_backward(  # Calls into the C++ engine to run the backward pass
/root/.cache/user_artifacts/trainers_main/server/.venv/lib/python3.12/site-packages/torch/autograd/graph.py:869: UserWarning: The AccumulateGrad node's stream does not match the stream of the node that produced the incoming gradient. This may incur unnecessary synchronization and break CUDA graph capture if the AccumulateGrad node's stream is the default stream. This mismatch is caused by an AccumulateGrad node created prior to the current iteration being kept alive. This can happen if the autograd graph is still being kept alive by tensors such as the loss, or if you are using DDP, which will stash a reference to the node. To resolve the mismatch, delete all references to the autograd graph or ensure that DDP initialization is performed under the same stream as subsequent forwards. If the mismatch is intentional, you can use torch.autograd.graph.set_warn_on_accumulate_grad_stream_mismatch(False) to suppress this warning. (Triggered internally at /pytorch/torch/csrc/autograd/input_buffer.cpp:240.)
  return Variable._execution_engine.run_backward(  # Calls into the C++ engine to run the backward pass
/root/.cache/user_artifacts/trainers_main/server/.venv/lib/python3.12/site-packages/torch/autograd/graph.py:869: UserWarning: The AccumulateGrad node's stream does not match the stream of the node that produced the incoming gradient. This may incur unnecessary synchronization and break CUDA graph capture if the AccumulateGrad node's stream is the default stream. This mismatch is caused by an AccumulateGrad node created prior to the current iteration being kept alive. This can happen if the autograd graph is still being kept alive by tensors such as the loss, or if you are using DDP, which will stash a reference to the node. To resolve the mismatch, delete all references to the autograd graph or ensure that DDP initialization is performed under the same stream as subsequent forwards. If the mismatch is intentional, you can use torch.autograd.graph.set_warn_on_accumulate_grad_stream_mismatch(False) to suppress this warning. (Triggered internally at /pytorch/torch/csrc/autograd/input_buffer.cpp:240.)
  return Variable._execution_engine.run_backward(  # Calls into the C++ engine to run the backward pass
/root/.cache/user_artifacts/trainers_main/server/.venv/lib/python3.12/site-packages/torch/autograd/graph.py:869: UserWarning: The AccumulateGrad node's stream does not match the stream of the node that produced the incoming gradient. This may incur unnecessary synchronization and break CUDA graph capture if the AccumulateGrad node's stream is the default stream. This mismatch is caused by an AccumulateGrad node created prior to the current iteration being kept alive. This can happen if the autograd graph is still being kept alive by tensors such as the loss, or if you are using DDP, which will stash a reference to the node. To resolve the mismatch, delete all references to the autograd graph or ensure that DDP initialization is performed under the same stream as subsequent forwards. If the mismatch is intentional, you can use torch.autograd.graph.set_warn_on_accumulate_grad_stream_mismatch(False) to suppress this warning. (Triggered internally at /pytorch/torch/csrc/autograd/input_buffer.cpp:240.)
  return Variable._execution_engine.run_backward(  # Calls into the C++ engine to run the backward pass
/root/.cache/user_artifacts/trainers_main/server/.venv/lib/python3.12/site-packages/torch/autograd/graph.py:869: UserWarning: The AccumulateGrad node's stream does not match the stream of the node that produced the incoming gradient. This may incur unnecessary synchronization and break CUDA graph capture if the AccumulateGrad node's stream is the default stream. This mismatch is caused by an AccumulateGrad node created prior to the current iteration being kept alive. This can happen if the autograd graph is still being kept alive by tensors such as the loss, or if you are using DDP, which will stash a reference to the node. To resolve the mismatch, delete all references to the autograd graph or ensure that DDP initialization is performed under the same stream as subsequent forwards. If the mismatch is intentional, you can use torch.autograd.graph.set_warn_on_accumulate_grad_stream_mismatch(False) to suppress this warning. (Triggered internally at /pytorch/torch/csrc/autograd/input_buffer.cpp:240.)
  return Variable._execution_engine.run_backward(  # Calls into the C++ engine to run the backward pass
/root/.cache/user_artifacts/trainers_main/server/.venv/lib/python3.12/site-packages/torch/autograd/graph.py:869: UserWarning: The AccumulateGrad node's stream does not match the stream of the node that produced the incoming gradient. This may incur unnecessary synchronization and break CUDA graph capture if the AccumulateGrad node's stream is the default stream. This mismatch is caused by an AccumulateGrad node created prior to the current iteration being kept alive. This can happen if the autograd graph is still being kept alive by tensors such as the loss, or if you are using DDP, which will stash a reference to the node. To resolve the mismatch, delete all references to the autograd graph or ensure that DDP initialization is performed under the same stream as subsequent forwards. If the mismatch is intentional, you can use torch.autograd.graph.set_warn_on_accumulate_grad_stream_mismatch(False) to suppress this warning. (Triggered internally at /pytorch/torch/csrc/autograd/input_buffer.cpp:240.)
  return Variable._execution_engine.run_backward(  # Calls into the C++ engine to run the backward pass
/root/.cache/user_artifacts/trainers_main/server/.venv/lib/python3.12/site-packages/torch/autograd/graph.py:869: UserWarning: The AccumulateGrad node's stream does not match the stream of the node that produced the incoming gradient. This may incur unnecessary synchronization and break CUDA graph capture if the AccumulateGrad node's stream is the default stream. This mismatch is caused by an AccumulateGrad node created prior to the current iteration being kept alive. This can happen if the autograd graph is still being kept alive by tensors such as the loss, or if you are using DDP, which will stash a reference to the node. To resolve the mismatch, delete all references to the autograd graph or ensure that DDP initialization is performed under the same stream as subsequent forwards. If the mismatch is intentional, you can use torch.autograd.graph.set_warn_on_accumulate_grad_stream_mismatch(False) to suppress this warning. (Triggered internally at /pytorch/torch/csrc/autograd/input_buffer.cpp:240.)
  return Variable._execution_engine.run_backward(  # Calls into the C++ engine to run the backward pass
/root/.cache/user_artifacts/trainers_main/server/.venv/lib/python3.12/site-packages/torch/autograd/graph.py:869: UserWarning: The AccumulateGrad node's stream does not match the stream of the node that produced the incoming gradient. This may incur unnecessary synchronization and break CUDA graph capture if the AccumulateGrad node's stream is the default stream. This mismatch is caused by an AccumulateGrad node created prior to the current iteration being kept alive. This can happen if the autograd graph is still being kept alive by tensors such as the loss, or if you are using DDP, which will stash a reference to the node. To resolve the mismatch, delete all references to the autograd graph or ensure that DDP initialization is performed under the same stream as subsequent forwards. If the mismatch is intentional, you can use torch.autograd.graph.set_warn_on_accumulate_grad_stream_mismatch(False) to suppress this warning. (Triggered internally at /pytorch/torch/csrc/autograd/input_buffer.cpp:240.)
  return Variable._execution_engine.run_backward(  # Calls into the C++ engine to run the backward pass
INFO:trainers_server.dp_worker.backends.megatron_bridge.backend:READY — pipeline connected (2 PP stage(s)), kernels warm (154.8s). Server will now accept ops.
INFO:     Started server process [118374]
INFO:     Waiting for application startup.
INFO:     Application startup complete.
INFO:     Uvicorn running on http://0.0.0.0:8001 (Press CTRL+C to quit)
INFO:     127.0.0.1:55336 - "GET /status HTTP/1.1" 200 OK
INFO:trainers_server.dp_worker.api.server:submit: op=forward_backward operation_id=2c2e73e1496f4a52a5a1a66eb269e4f8 enqueued (qsize=1) n_datums=1 total_tokens=131072 seq_len[min/max]=131072/131072
INFO:     127.0.0.1:55336 - "POST /forward_backward HTTP/1.1" 202 Accepted
ERROR:opentelemetry.sdk.trace.export:Exception while exporting Span batch.
Traceback (most recent call last):
  File "/root/.cache/user_artifacts/trainers_main/server/.venv/lib/python3.12/site-packages/urllib3/connection.py", line 204, in _new_conn
    sock = connection.create_connection(
           ^^^^^^^^^^^^^^^^^^^^^^^^^^^^^
  File "/root/.cache/user_artifacts/trainers_main/server/.venv/lib/python3.12/site-packages/urllib3/util/connection.py", line 85, in create_connection
    raise err
  File "/root/.cache/user_artifacts/trainers_main/server/.venv/lib/python3.12/site-packages/urllib3/util/connection.py", line 73, in create_connection
    sock.connect(sa)
ConnectionRefusedError: [Errno 111] Connection refused

The above exception was the direct cause of the following exception:

Traceback (most recent call last):
  File "/root/.cache/user_artifacts/trainers_main/server/.venv/lib/python3.12/site-packages/urllib3/connectionpool.py", line 787, in urlopen
    response = self._make_request(
               ^^^^^^^^^^^^^^^^^^^
  File "/root/.cache/user_artifacts/trainers_main/server/.venv/lib/python3.12/site-packages/urllib3/connectionpool.py", line 493, in _make_request
    conn.request(
  File "/root/.cache/user_artifacts/trainers_main/server/.venv/lib/python3.12/site-packages/urllib3/connection.py", line 500, in request
    self.endheaders()
  File "/usr/lib/python3.12/http/client.py", line 1360, in endheaders
    self._send_output(message_body, encode_chunked=encode_chunked)
  File "/usr/lib/python3.12/http/client.py", line 1120, in _send_output
    self.send(msg)
  File "/usr/lib/python3.12/http/client.py", line 1064, in send
    self.connect()
  File "/root/.cache/user_artifacts/trainers_main/server/.venv/lib/python3.12/site-packages/urllib3/connection.py", line 331, in connect
    self.sock = self._new_conn()
                ^^^^^^^^^^^^^^^^
  File "/root/.cache/user_artifacts/trainers_main/server/.venv/lib/python3.12/site-packages/urllib3/connection.py", line 219, in _new_conn
    raise NewConnectionError(
urllib3.exceptions.NewConnectionError: HTTPConnection(host='localhost', port=4318): Failed to establish a new connection: [Errno 111] Connection refused

The above exception was the direct cause of the following exception:

Traceback (most recent call last):
  File "/root/.cache/user_artifacts/trainers_main/server/.venv/lib/python3.12/site-packages/requests/adapters.py", line 644, in send
    resp = conn.urlopen(
           ^^^^^^^^^^^^^
  File "/root/.cache/user_artifacts/trainers_main/server/.venv/lib/python3.12/site-packages/urllib3/connectionpool.py", line 841, in urlopen
    retries = retries.increment(
              ^^^^^^^^^^^^^^^^^^
  File "/root/.cache/user_artifacts/trainers_main/server/.venv/lib/python3.12/site-packages/urllib3/util/retry.py", line 535, in increment
    raise MaxRetryError(_pool, url, reason) from reason  # type: ignore[arg-type]
    ^^^^^^^^^^^^^^^^^^^^^^^^^^^^^^^^^^^^^^^^^^^^^^^^^^^
urllib3.exceptions.MaxRetryError: HTTPConnectionPool(host='localhost', port=4318): Max retries exceeded with url: /v1/traces (Caused by NewConnectionError("HTTPConnection(host='localhost', port=4318): Failed to establish a new connection: [Errno 111] Connection refused"))

During handling of the above exception, another exception occurred:

Traceback (most recent call last):
  File "/root/.cache/user_artifacts/trainers_main/server/.venv/lib/python3.12/site-packages/opentelemetry/sdk/trace/export/__init__.py", line 362, in _export_batch
    self.span_exporter.export(self.spans_list[:idx])  # type: ignore
    ^^^^^^^^^^^^^^^^^^^^^^^^^^^^^^^^^^^^^^^^^^^^^^^^
  File "/root/.cache/user_artifacts/trainers_main/server/.venv/lib/python3.12/site-packages/opentelemetry/exporter/otlp/proto/http/trace_exporter/__init__.py", line 139, in export
    resp = self._export(serialized_data)
           ^^^^^^^^^^^^^^^^^^^^^^^^^^^^^
  File "/root/.cache/user_artifacts/trainers_main/server/.venv/lib/python3.12/site-packages/opentelemetry/exporter/otlp/proto/http/trace_exporter/__init__.py", line 110, in _export
    return self._session.post(
           ^^^^^^^^^^^^^^^^^^^
  File "/root/.cache/user_artifacts/trainers_main/server/.venv/lib/python3.12/site-packages/requests/sessions.py", line 637, in post
    return self.request("POST", url, data=data, json=json, **kwargs)
           ^^^^^^^^^^^^^^^^^^^^^^^^^^^^^^^^^^^^^^^^^^^^^^^^^^^^^^^^^
  File "/root/.cache/user_artifacts/trainers_main/server/.venv/lib/python3.12/site-packages/requests/sessions.py", line 589, in request
    resp = self.send(prep, **send_kwargs)
           ^^^^^^^^^^^^^^^^^^^^^^^^^^^^^^
  File "/root/.cache/user_artifacts/trainers_main/server/.venv/lib/python3.12/site-packages/requests/sessions.py", line 703, in send
    r = adapter.send(request, **kwargs)
        ^^^^^^^^^^^^^^^^^^^^^^^^^^^^^^^
  File "/root/.cache/user_artifacts/trainers_main/server/.venv/lib/python3.12/site-packages/requests/adapters.py", line 677, in send
    raise ConnectionError(e, request=request)
requests.exceptions.ConnectionError: HTTPConnectionPool(host='localhost', port=4318): Max retries exceeded with url: /v1/traces (Caused by NewConnectionError("HTTPConnection(host='localhost', port=4318): Failed to establish a new connection: [Errno 111] Connection refused"))
INFO:trainers_server.dp_worker.api.dispatcher_worker:dispatcher_worker: op=forward_backward operation_id=2c2e73e1496f4a52a5a1a66eb269e4f8 done in 13.20s {'loss': 12.323976127442378}
INFO:trainers_server.dp_worker.api.server:retrieve: operation_id=2c2e73e1496f4a52a5a1a66eb269e4f8 done after 13.20s
INFO:     127.0.0.1:55336 - "GET /operations/2c2e73e1496f4a52a5a1a66eb269e4f8 HTTP/1.1" 200 OK
INFO:trainers_server.dp_worker.api.server:submit: op=optim_step operation_id=8abd5317e5714dfda9d0b22ea37f87b8 enqueued (qsize=1) 
INFO:     127.0.0.1:55336 - "POST /optim_step HTTP/1.1" 202 Accepted
ERROR:opentelemetry.sdk.trace.export:Exception while exporting Span batch.
Traceback (most recent call last):
  File "/root/.cache/user_artifacts/trainers_main/server/.venv/lib/python3.12/site-packages/urllib3/connection.py", line 204, in _new_conn
    sock = connection.create_connection(
           ^^^^^^^^^^^^^^^^^^^^^^^^^^^^^
  File "/root/.cache/user_artifacts/trainers_main/server/.venv/lib/python3.12/site-packages/urllib3/util/connection.py", line 85, in create_connection
    raise err
  File "/root/.cache/user_artifacts/trainers_main/server/.venv/lib/python3.12/site-packages/urllib3/util/connection.py", line 73, in create_connection
    sock.connect(sa)
ConnectionRefusedError: [Errno 111] Connection refused

The above exception was the direct cause of the following exception:

Traceback (most recent call last):
  File "/root/.cache/user_artifacts/trainers_main/server/.venv/lib/python3.12/site-packages/urllib3/connectionpool.py", line 787, in urlopen
    response = self._make_request(
               ^^^^^^^^^^^^^^^^^^^
  File "/root/.cache/user_artifacts/trainers_main/server/.venv/lib/python3.12/site-packages/urllib3/connectionpool.py", line 493, in _make_request
    conn.request(
  File "/root/.cache/user_artifacts/trainers_main/server/.venv/lib/python3.12/site-packages/urllib3/connection.py", line 500, in request
    self.endheaders()
  File "/usr/lib/python3.12/http/client.py", line 1360, in endheaders
    self._send_output(message_body, encode_chunked=encode_chunked)
  File "/usr/lib/python3.12/http/client.py", line 1120, in _send_output
    self.send(msg)
  File "/usr/lib/python3.12/http/client.py", line 1064, in send
    self.connect()
  File "/root/.cache/user_artifacts/trainers_main/server/.venv/lib/python3.12/site-packages/urllib3/connection.py", line 331, in connect
    self.sock = self._new_conn()
                ^^^^^^^^^^^^^^^^
  File "/root/.cache/user_artifacts/trainers_main/server/.venv/lib/python3.12/site-packages/urllib3/connection.py", line 219, in _new_conn
    raise NewConnectionError(
urllib3.exceptions.NewConnectionError: HTTPConnection(host='localhost', port=4318): Failed to establish a new connection: [Errno 111] Connection refused

The above exception was the direct cause of the following exception:

Traceback (most recent call last):
  File "/root/.cache/user_artifacts/trainers_main/server/.venv/lib/python3.12/site-packages/requests/adapters.py", line 644, in send
    resp = conn.urlopen(
           ^^^^^^^^^^^^^
  File "/root/.cache/user_artifacts/trainers_main/server/.venv/lib/python3.12/site-packages/urllib3/connectionpool.py", line 841, in urlopen
    retries = retries.increment(
              ^^^^^^^^^^^^^^^^^^
  File "/root/.cache/user_artifacts/trainers_main/server/.venv/lib/python3.12/site-packages/urllib3/util/retry.py", line 535, in increment
    raise MaxRetryError(_pool, url, reason) from reason  # type: ignore[arg-type]
    ^^^^^^^^^^^^^^^^^^^^^^^^^^^^^^^^^^^^^^^^^^^^^^^^^^^
urllib3.exceptions.MaxRetryError: HTTPConnectionPool(host='localhost', port=4318): Max retries exceeded with url: /v1/traces (Caused by NewConnectionError("HTTPConnection(host='localhost', port=4318): Failed to establish a new connection: [Errno 111] Connection refused"))

During handling of the above exception, another exception occurred:

Traceback (most recent call last):
  File "/root/.cache/user_artifacts/trainers_main/server/.venv/lib/python3.12/site-packages/opentelemetry/sdk/trace/export/__init__.py", line 362, in _export_batch
    self.span_exporter.export(self.spans_list[:idx])  # type: ignore
    ^^^^^^^^^^^^^^^^^^^^^^^^^^^^^^^^^^^^^^^^^^^^^^^^
  File "/root/.cache/user_artifacts/trainers_main/server/.venv/lib/python3.12/site-packages/opentelemetry/exporter/otlp/proto/http/trace_exporter/__init__.py", line 139, in export
    resp = self._export(serialized_data)
           ^^^^^^^^^^^^^^^^^^^^^^^^^^^^^
  File "/root/.cache/user_artifacts/trainers_main/server/.venv/lib/python3.12/site-packages/opentelemetry/exporter/otlp/proto/http/trace_exporter/__init__.py", line 110, in _export
    return self._session.post(
           ^^^^^^^^^^^^^^^^^^^
  File "/root/.cache/user_artifacts/trainers_main/server/.venv/lib/python3.12/site-packages/requests/sessions.py", line 637, in post
    return self.request("POST", url, data=data, json=json, **kwargs)
           ^^^^^^^^^^^^^^^^^^^^^^^^^^^^^^^^^^^^^^^^^^^^^^^^^^^^^^^^^
  File "/root/.cache/user_artifacts/trainers_main/server/.venv/lib/python3.12/site-packages/requests/sessions.py", line 589, in request
    resp = self.send(prep, **send_kwargs)
           ^^^^^^^^^^^^^^^^^^^^^^^^^^^^^^
  File "/root/.cache/user_artifacts/trainers_main/server/.venv/lib/python3.12/site-packages/requests/sessions.py", line 703, in send
    r = adapter.send(request, **kwargs)
        ^^^^^^^^^^^^^^^^^^^^^^^^^^^^^^^
  File "/root/.cache/user_artifacts/trainers_main/server/.venv/lib/python3.12/site-packages/requests/adapters.py", line 677, in send
    raise ConnectionError(e, request=request)
requests.exceptions.ConnectionError: HTTPConnectionPool(host='localhost', port=4318): Max retries exceeded with url: /v1/traces (Caused by NewConnectionError("HTTPConnection(host='localhost', port=4318): Failed to establish a new connection: [Errno 111] Connection refused"))
INFO:trainers_server.dp_worker.api.dispatcher_worker:dispatcher_worker: op=optim_step operation_id=8abd5317e5714dfda9d0b22ea37f87b8 done in 7.10s step=1.0 learning_rate=1e-05 lr=1e-05 grad_norm=0.4166489839553833 tps=6995.447584411649 train_mean_nll=12.323976127442378 num_tokens=131072.0 num_loss_tokens=131071.0 step_seconds=18.736756786238402 peak_reserved_bytes=163072442368 peak_allocated_bytes=159870662656 device_total_bytes=287428771840
INFO:trainers_server.dp_worker.api.server:retrieve: operation_id=8abd5317e5714dfda9d0b22ea37f87b8 done after 7.10s
INFO:     127.0.0.1:55336 - "GET /operations/8abd5317e5714dfda9d0b22ea37f87b8 HTTP/1.1" 200 OK
INFO:trainers_server.dp_worker.api.server:submit: op=forward_backward operation_id=a5dbdfa8187b421082b51eeaba47983e enqueued (qsize=1) n_datums=4 total_tokens=524288 seq_len[min/max]=131072/131072
INFO:     127.0.0.1:55336 - "POST /forward_backward HTTP/1.1" 202 Accepted
ERROR:opentelemetry.sdk.trace.export:Exception while exporting Span batch.
Traceback (most recent call last):
  File "/root/.cache/user_artifacts/trainers_main/server/.venv/lib/python3.12/site-packages/urllib3/connection.py", line 204, in _new_conn
    sock = connection.create_connection(
           ^^^^^^^^^^^^^^^^^^^^^^^^^^^^^
  File "/root/.cache/user_artifacts/trainers_main/server/.venv/lib/python3.12/site-packages/urllib3/util/connection.py", line 85, in create_connection
    raise err
  File "/root/.cache/user_artifacts/trainers_main/server/.venv/lib/python3.12/site-packages/urllib3/util/connection.py", line 73, in create_connection
    sock.connect(sa)
ConnectionRefusedError: [Errno 111] Connection refused

The above exception was the direct cause of the following exception:

Traceback (most recent call last):
  File "/root/.cache/user_artifacts/trainers_main/server/.venv/lib/python3.12/site-packages/urllib3/connectionpool.py", line 787, in urlopen
    response = self._make_request(
               ^^^^^^^^^^^^^^^^^^^
  File "/root/.cache/user_artifacts/trainers_main/server/.venv/lib/python3.12/site-packages/urllib3/connectionpool.py", line 493, in _make_request
    conn.request(
  File "/root/.cache/user_artifacts/trainers_main/server/.venv/lib/python3.12/site-packages/urllib3/connection.py", line 500, in request
    self.endheaders()
  File "/usr/lib/python3.12/http/client.py", line 1360, in endheaders
    self._send_output(message_body, encode_chunked=encode_chunked)
  File "/usr/lib/python3.12/http/client.py", line 1120, in _send_output
    self.send(msg)
  File "/usr/lib/python3.12/http/client.py", line 1064, in send
    self.connect()
  File "/root/.cache/user_artifacts/trainers_main/server/.venv/lib/python3.12/site-packages/urllib3/connection.py", line 331, in connect
    self.sock = self._new_conn()
                ^^^^^^^^^^^^^^^^
  File "/root/.cache/user_artifacts/trainers_main/server/.venv/lib/python3.12/site-packages/urllib3/connection.py", line 219, in _new_conn
    raise NewConnectionError(
urllib3.exceptions.NewConnectionError: HTTPConnection(host='localhost', port=4318): Failed to establish a new connection: [Errno 111] Connection refused

The above exception was the direct cause of the following exception:

Traceback (most recent call last):
  File "/root/.cache/user_artifacts/trainers_main/server/.venv/lib/python3.12/site-packages/requests/adapters.py", line 644, in send
    resp = conn.urlopen(
           ^^^^^^^^^^^^^
  File "/root/.cache/user_artifacts/trainers_main/server/.venv/lib/python3.12/site-packages/urllib3/connectionpool.py", line 841, in urlopen
    retries = retries.increment(
              ^^^^^^^^^^^^^^^^^^
  File "/root/.cache/user_artifacts/trainers_main/server/.venv/lib/python3.12/site-packages/urllib3/util/retry.py", line 535, in increment
    raise MaxRetryError(_pool, url, reason) from reason  # type: ignore[arg-type]
    ^^^^^^^^^^^^^^^^^^^^^^^^^^^^^^^^^^^^^^^^^^^^^^^^^^^
urllib3.exceptions.MaxRetryError: HTTPConnectionPool(host='localhost', port=4318): Max retries exceeded with url: /v1/traces (Caused by NewConnectionError("HTTPConnection(host='localhost', port=4318): Failed to establish a new connection: [Errno 111] Connection refused"))

During handling of the above exception, another exception occurred:

Traceback (most recent call last):
  File "/root/.cache/user_artifacts/trainers_main/server/.venv/lib/python3.12/site-packages/opentelemetry/sdk/trace/export/__init__.py", line 362, in _export_batch
    self.span_exporter.export(self.spans_list[:idx])  # type: ignore
    ^^^^^^^^^^^^^^^^^^^^^^^^^^^^^^^^^^^^^^^^^^^^^^^^
  File "/root/.cache/user_artifacts/trainers_main/server/.venv/lib/python3.12/site-packages/opentelemetry/exporter/otlp/proto/http/trace_exporter/__init__.py", line 139, in export
    resp = self._export(serialized_data)
           ^^^^^^^^^^^^^^^^^^^^^^^^^^^^^
  File "/root/.cache/user_artifacts/trainers_main/server/.venv/lib/python3.12/site-packages/opentelemetry/exporter/otlp/proto/http/trace_exporter/__init__.py", line 110, in _export
    return self._session.post(
           ^^^^^^^^^^^^^^^^^^^
  File "/root/.cache/user_artifacts/trainers_main/server/.venv/lib/python3.12/site-packages/requests/sessions.py", line 637, in post
    return self.request("POST", url, data=data, json=json, **kwargs)
           ^^^^^^^^^^^^^^^^^^^^^^^^^^^^^^^^^^^^^^^^^^^^^^^^^^^^^^^^^
  File "/root/.cache/user_artifacts/trainers_main/server/.venv/lib/python3.12/site-packages/requests/sessions.py", line 589, in request
    resp = self.send(prep, **send_kwargs)
           ^^^^^^^^^^^^^^^^^^^^^^^^^^^^^^
  File "/root/.cache/user_artifacts/trainers_main/server/.venv/lib/python3.12/site-packages/requests/sessions.py", line 703, in send
    r = adapter.send(request, **kwargs)
        ^^^^^^^^^^^^^^^^^^^^^^^^^^^^^^^
  File "/root/.cache/user_artifacts/trainers_main/server/.venv/lib/python3.12/site-packages/requests/adapters.py", line 677, in send
    raise ConnectionError(e, request=request)
requests.exceptions.ConnectionError: HTTPConnectionPool(host='localhost', port=4318): Max retries exceeded with url: /v1/traces (Caused by NewConnectionError("HTTPConnection(host='localhost', port=4318): Failed to establish a new connection: [Errno 111] Connection refused"))
INFO:trainers_server.dp_worker.api.dispatcher_worker:dispatcher_worker: op=forward_backward operation_id=a5dbdfa8187b421082b51eeaba47983e done in 36.91s {'loss': 12.31747678739004}
INFO:trainers_server.dp_worker.api.server:retrieve: operation_id=a5dbdfa8187b421082b51eeaba47983e done after 6.93s
INFO:     127.0.0.1:55336 - "GET /operations/a5dbdfa8187b421082b51eeaba47983e HTTP/1.1" 200 OK
INFO:trainers_server.dp_worker.api.server:submit: op=optim_step operation_id=6c9ad99fe31b46e7b3ad679ac90de5f9 enqueued (qsize=1) 
INFO:     127.0.0.1:55336 - "POST /optim_step HTTP/1.1" 202 Accepted
INFO:trainers_server.dp_worker.api.dispatcher_worker:dispatcher_worker: op=optim_step operation_id=6c9ad99fe31b46e7b3ad679ac90de5f9 done in 0.03s step=2.0 learning_rate=1e-05 lr=1e-05 grad_norm=0.430410772562027 tps=14200.268513857127 train_mean_nll=12.31747678739004 num_tokens=524288.0 num_loss_tokens=524284.0 step_seconds=36.92099198605865 peak_reserved_bytes=168697004032 peak_allocated_bytes=164372180480 device_total_bytes=287428771840
INFO:trainers_server.dp_worker.api.server:retrieve: operation_id=6c9ad99fe31b46e7b3ad679ac90de5f9 done after 0.03s
INFO:     127.0.0.1:55336 - "GET /operations/6c9ad99fe31b46e7b3ad679ac90de5f9 HTTP/1.1" 200 OK
INFO:trainers_server.dp_worker.api.server:submit: op=forward_backward operation_id=a05a7fcd14fd4f32aef8d6587050ecfc enqueued (qsize=1) n_datums=4 total_tokens=524288 seq_len[min/max]=131072/131072
INFO:     127.0.0.1:55336 - "POST /forward_backward HTTP/1.1" 202 Accepted
ERROR:opentelemetry.sdk.trace.export:Exception while exporting Span batch.
Traceback (most recent call last):
  File "/root/.cache/user_artifacts/trainers_main/server/.venv/lib/python3.12/site-packages/urllib3/connection.py", line 204, in _new_conn
    sock = connection.create_connection(
           ^^^^^^^^^^^^^^^^^^^^^^^^^^^^^
  File "/root/.cache/user_artifacts/trainers_main/server/.venv/lib/python3.12/site-packages/urllib3/util/connection.py", line 85, in create_connection
    raise err
  File "/root/.cache/user_artifacts/trainers_main/server/.venv/lib/python3.12/site-packages/urllib3/util/connection.py", line 73, in create_connection
    sock.connect(sa)
ConnectionRefusedError: [Errno 111] Connection refused

The above exception was the direct cause of the following exception:

Traceback (most recent call last):
  File "/root/.cache/user_artifacts/trainers_main/server/.venv/lib/python3.12/site-packages/urllib3/connectionpool.py", line 787, in urlopen
    response = self._make_request(
               ^^^^^^^^^^^^^^^^^^^
  File "/root/.cache/user_artifacts/trainers_main/server/.venv/lib/python3.12/site-packages/urllib3/connectionpool.py", line 493, in _make_request
    conn.request(
  File "/root/.cache/user_artifacts/trainers_main/server/.venv/lib/python3.12/site-packages/urllib3/connection.py", line 500, in request
    self.endheaders()
  File "/usr/lib/python3.12/http/client.py", line 1360, in endheaders
    self._send_output(message_body, encode_chunked=encode_chunked)
  File "/usr/lib/python3.12/http/client.py", line 1120, in _send_output
    self.send(msg)
  File "/usr/lib/python3.12/http/client.py", line 1064, in send
    self.connect()
  File "/root/.cache/user_artifacts/trainers_main/server/.venv/lib/python3.12/site-packages/urllib3/connection.py", line 331, in connect
    self.sock = self._new_conn()
                ^^^^^^^^^^^^^^^^
  File "/root/.cache/user_artifacts/trainers_main/server/.venv/lib/python3.12/site-packages/urllib3/connection.py", line 219, in _new_conn
    raise NewConnectionError(
urllib3.exceptions.NewConnectionError: HTTPConnection(host='localhost', port=4318): Failed to establish a new connection: [Errno 111] Connection refused

The above exception was the direct cause of the following exception:

Traceback (most recent call last):
  File "/root/.cache/user_artifacts/trainers_main/server/.venv/lib/python3.12/site-packages/requests/adapters.py", line 644, in send
    resp = conn.urlopen(
           ^^^^^^^^^^^^^
  File "/root/.cache/user_artifacts/trainers_main/server/.venv/lib/python3.12/site-packages/urllib3/connectionpool.py", line 841, in urlopen
    retries = retries.increment(
              ^^^^^^^^^^^^^^^^^^
  File "/root/.cache/user_artifacts/trainers_main/server/.venv/lib/python3.12/site-packages/urllib3/util/retry.py", line 535, in increment
    raise MaxRetryError(_pool, url, reason) from reason  # type: ignore[arg-type]
    ^^^^^^^^^^^^^^^^^^^^^^^^^^^^^^^^^^^^^^^^^^^^^^^^^^^
urllib3.exceptions.MaxRetryError: HTTPConnectionPool(host='localhost', port=4318): Max retries exceeded with url: /v1/traces (Caused by NewConnectionError("HTTPConnection(host='localhost', port=4318): Failed to establish a new connection: [Errno 111] Connection refused"))

During handling of the above exception, another exception occurred:

Traceback (most recent call last):
  File "/root/.cache/user_artifacts/trainers_main/server/.venv/lib/python3.12/site-packages/opentelemetry/sdk/trace/export/__init__.py", line 362, in _export_batch
    self.span_exporter.export(self.spans_list[:idx])  # type: ignore
    ^^^^^^^^^^^^^^^^^^^^^^^^^^^^^^^^^^^^^^^^^^^^^^^^
  File "/root/.cache/user_artifacts/trainers_main/server/.venv/lib/python3.12/site-packages/opentelemetry/exporter/otlp/proto/http/trace_exporter/__init__.py", line 139, in export
    resp = self._export(serialized_data)
           ^^^^^^^^^^^^^^^^^^^^^^^^^^^^^
  File "/root/.cache/user_artifacts/trainers_main/server/.venv/lib/python3.12/site-packages/opentelemetry/exporter/otlp/proto/http/trace_exporter/__init__.py", line 110, in _export
    return self._session.post(
           ^^^^^^^^^^^^^^^^^^^
  File "/root/.cache/user_artifacts/trainers_main/server/.venv/lib/python3.12/site-packages/requests/sessions.py", line 637, in post
    return self.request("POST", url, data=data, json=json, **kwargs)
           ^^^^^^^^^^^^^^^^^^^^^^^^^^^^^^^^^^^^^^^^^^^^^^^^^^^^^^^^^
  File "/root/.cache/user_artifacts/trainers_main/server/.venv/lib/python3.12/site-packages/requests/sessions.py", line 589, in request
    resp = self.send(prep, **send_kwargs)
           ^^^^^^^^^^^^^^^^^^^^^^^^^^^^^^
  File "/root/.cache/user_artifacts/trainers_main/server/.venv/lib/python3.12/site-packages/requests/sessions.py", line 703, in send
    r = adapter.send(request, **kwargs)
        ^^^^^^^^^^^^^^^^^^^^^^^^^^^^^^^
  File "/root/.cache/user_artifacts/trainers_main/server/.venv/lib/python3.12/site-packages/requests/adapters.py", line 677, in send
    raise ConnectionError(e, request=request)
requests.exceptions.ConnectionError: HTTPConnectionPool(host='localhost', port=4318): Max retries exceeded with url: /v1/traces (Caused by NewConnectionError("HTTPConnection(host='localhost', port=4318): Failed to establish a new connection: [Errno 111] Connection refused"))
INFO:trainers_server.dp_worker.api.dispatcher_worker:dispatcher_worker: op=forward_backward operation_id=a05a7fcd14fd4f32aef8d6587050ecfc done in 33.13s {'loss': 12.312666417437876}
INFO:trainers_server.dp_worker.api.server:retrieve: operation_id=a05a7fcd14fd4f32aef8d6587050ecfc done after 3.15s
INFO:     127.0.0.1:55336 - "GET /operations/a05a7fcd14fd4f32aef8d6587050ecfc HTTP/1.1" 200 OK
INFO:trainers_server.dp_worker.api.server:submit: op=optim_step operation_id=2d88b61f668e4e2f993d19b8b63bed30 enqueued (qsize=1) 
INFO:     127.0.0.1:55336 - "POST /optim_step HTTP/1.1" 202 Accepted
INFO:trainers_server.dp_worker.api.dispatcher_worker:dispatcher_worker: op=optim_step operation_id=2d88b61f668e4e2f993d19b8b63bed30 done in 0.03s step=3.0 learning_rate=1e-05 lr=1e-05 grad_norm=0.41560763120651245 tps=15817.148666960415 train_mean_nll=12.312666417437876 num_tokens=524288.0 num_loss_tokens=524284.0 step_seconds=33.146808634046465 peak_reserved_bytes=169053519872 peak_allocated_bytes=164372182528 device_total_bytes=287428771840
INFO:trainers_server.dp_worker.api.server:retrieve: operation_id=2d88b61f668e4e2f993d19b8b63bed30 done after 0.03s
INFO:     127.0.0.1:55336 - "GET /operations/2d88b61f668e4e2f993d19b8b63bed30 HTTP/1.1" 200 OK
INFO:trainers_server.dp_worker.api.server:submit: op=forward_backward operation_id=c24e6a1eca7c4ed3b85385315b9d66be enqueued (qsize=1) n_datums=4 total_tokens=524288 seq_len[min/max]=131072/131072
INFO:     127.0.0.1:55336 - "POST /forward_backward HTTP/1.1" 202 Accepted
ERROR:opentelemetry.sdk.trace.export:Exception while exporting Span batch.
Traceback (most recent call last):
  File "/root/.cache/user_artifacts/trainers_main/server/.venv/lib/python3.12/site-packages/urllib3/connection.py", line 204, in _new_conn
    sock = connection.create_connection(
           ^^^^^^^^^^^^^^^^^^^^^^^^^^^^^
  File "/root/.cache/user_artifacts/trainers_main/server/.venv/lib/python3.12/site-packages/urllib3/util/connection.py", line 85, in create_connection
    raise err
  File "/root/.cache/user_artifacts/trainers_main/server/.venv/lib/python3.12/site-packages/urllib3/util/connection.py", line 73, in create_connection
    sock.connect(sa)
ConnectionRefusedError: [Errno 111] Connection refused

The above exception was the direct cause of the following exception:

Traceback (most recent call last):
  File "/root/.cache/user_artifacts/trainers_main/server/.venv/lib/python3.12/site-packages/urllib3/connectionpool.py", line 787, in urlopen
    response = self._make_request(
               ^^^^^^^^^^^^^^^^^^^
  File "/root/.cache/user_artifacts/trainers_main/server/.venv/lib/python3.12/site-packages/urllib3/connectionpool.py", line 493, in _make_request
    conn.request(
  File "/root/.cache/user_artifacts/trainers_main/server/.venv/lib/python3.12/site-packages/urllib3/connection.py", line 500, in request
    self.endheaders()
  File "/usr/lib/python3.12/http/client.py", line 1360, in endheaders
    self._send_output(message_body, encode_chunked=encode_chunked)
  File "/usr/lib/python3.12/http/client.py", line 1120, in _send_output
    self.send(msg)
  File "/usr/lib/python3.12/http/client.py", line 1064, in send
    self.connect()
  File "/root/.cache/user_artifacts/trainers_main/server/.venv/lib/python3.12/site-packages/urllib3/connection.py", line 331, in connect
    self.sock = self._new_conn()
                ^^^^^^^^^^^^^^^^
  File "/root/.cache/user_artifacts/trainers_main/server/.venv/lib/python3.12/site-packages/urllib3/connection.py", line 219, in _new_conn
    raise NewConnectionError(
urllib3.exceptions.NewConnectionError: HTTPConnection(host='localhost', port=4318): Failed to establish a new connection: [Errno 111] Connection refused

The above exception was the direct cause of the following exception:

Traceback (most recent call last):
  File "/root/.cache/user_artifacts/trainers_main/server/.venv/lib/python3.12/site-packages/requests/adapters.py", line 644, in send
    resp = conn.urlopen(
           ^^^^^^^^^^^^^
  File "/root/.cache/user_artifacts/trainers_main/server/.venv/lib/python3.12/site-packages/urllib3/connectionpool.py", line 841, in urlopen
    retries = retries.increment(
              ^^^^^^^^^^^^^^^^^^
  File "/root/.cache/user_artifacts/trainers_main/server/.venv/lib/python3.12/site-packages/urllib3/util/retry.py", line 535, in increment
    raise MaxRetryError(_pool, url, reason) from reason  # type: ignore[arg-type]
    ^^^^^^^^^^^^^^^^^^^^^^^^^^^^^^^^^^^^^^^^^^^^^^^^^^^
urllib3.exceptions.MaxRetryError: HTTPConnectionPool(host='localhost', port=4318): Max retries exceeded with url: /v1/traces (Caused by NewConnectionError("HTTPConnection(host='localhost', port=4318): Failed to establish a new connection: [Errno 111] Connection refused"))

During handling of the above exception, another exception occurred:

Traceback (most recent call last):
  File "/root/.cache/user_artifacts/trainers_main/server/.venv/lib/python3.12/site-packages/opentelemetry/sdk/trace/export/__init__.py", line 362, in _export_batch
    self.span_exporter.export(self.spans_list[:idx])  # type: ignore
    ^^^^^^^^^^^^^^^^^^^^^^^^^^^^^^^^^^^^^^^^^^^^^^^^
  File "/root/.cache/user_artifacts/trainers_main/server/.venv/lib/python3.12/site-packages/opentelemetry/exporter/otlp/proto/http/trace_exporter/__init__.py", line 139, in export
    resp = self._export(serialized_data)
           ^^^^^^^^^^^^^^^^^^^^^^^^^^^^^
  File "/root/.cache/user_artifacts/trainers_main/server/.venv/lib/python3.12/site-packages/opentelemetry/exporter/otlp/proto/http/trace_exporter/__init__.py", line 110, in _export
    return self._session.post(
           ^^^^^^^^^^^^^^^^^^^
  File "/root/.cache/user_artifacts/trainers_main/server/.venv/lib/python3.12/site-packages/requests/sessions.py", line 637, in post
    return self.request("POST", url, data=data, json=json, **kwargs)
           ^^^^^^^^^^^^^^^^^^^^^^^^^^^^^^^^^^^^^^^^^^^^^^^^^^^^^^^^^
  File "/root/.cache/user_artifacts/trainers_main/server/.venv/lib/python3.12/site-packages/requests/sessions.py", line 589, in request
    resp = self.send(prep, **send_kwargs)
           ^^^^^^^^^^^^^^^^^^^^^^^^^^^^^^
  File "/root/.cache/user_artifacts/trainers_main/server/.venv/lib/python3.12/site-packages/requests/sessions.py", line 703, in send
    r = adapter.send(request, **kwargs)
        ^^^^^^^^^^^^^^^^^^^^^^^^^^^^^^^
  File "/root/.cache/user_artifacts/trainers_main/server/.venv/lib/python3.12/site-packages/requests/adapters.py", line 677, in send
    raise ConnectionError(e, request=request)
requests.exceptions.ConnectionError: HTTPConnectionPool(host='localhost', port=4318): Max retries exceeded with url: /v1/traces (Caused by NewConnectionError("HTTPConnection(host='localhost', port=4318): Failed to establish a new connection: [Errno 111] Connection refused"))
INFO:trainers_server.dp_worker.api.dispatcher_worker:dispatcher_worker: op=forward_backward operation_id=c24e6a1eca7c4ed3b85385315b9d66be done in 33.27s {'loss': 12.313860426791587}
INFO:trainers_server.dp_worker.api.server:retrieve: operation_id=c24e6a1eca7c4ed3b85385315b9d66be done after 3.29s
INFO:     127.0.0.1:55336 - "GET /operations/c24e6a1eca7c4ed3b85385315b9d66be HTTP/1.1" 200 OK
INFO:trainers_server.dp_worker.api.server:submit: op=optim_step operation_id=0334e795b3df4aff8391baf7ecd8ab8e enqueued (qsize=1) 
INFO:     127.0.0.1:55336 - "POST /optim_step HTTP/1.1" 202 Accepted
INFO:trainers_server.dp_worker.api.dispatcher_worker:dispatcher_worker: op=optim_step operation_id=0334e795b3df4aff8391baf7ecd8ab8e done in 0.02s step=4.0 learning_rate=1e-05 lr=1e-05 grad_norm=0.3627626299858093 tps=15753.282334462689 train_mean_nll=12.313860426791587 num_tokens=524288.0 num_loss_tokens=524284.0 step_seconds=33.28119111107662 peak_reserved_bytes=169053519872 peak_allocated_bytes=164372184576 device_total_bytes=287428771840
INFO:trainers_server.dp_worker.api.server:retrieve: operation_id=0334e795b3df4aff8391baf7ecd8ab8e done after 0.02s
INFO:     127.0.0.1:55336 - "GET /operations/0334e795b3df4aff8391baf7ecd8ab8e HTTP/1.1" 200 OK
INFO:trainers_server.dp_worker.api.server:submit: op=forward_backward operation_id=4a4e1dc7363140cfa1e7c26e60f77fd6 enqueued (qsize=1) n_datums=4 total_tokens=524288 seq_len[min/max]=131072/131072
INFO:     127.0.0.1:55336 - "POST /forward_backward HTTP/1.1" 202 Accepted
ERROR:opentelemetry.sdk.trace.export:Exception while exporting Span batch.
Traceback (most recent call last):
  File "/root/.cache/user_artifacts/trainers_main/server/.venv/lib/python3.12/site-packages/urllib3/connection.py", line 204, in _new_conn
    sock = connection.create_connection(
           ^^^^^^^^^^^^^^^^^^^^^^^^^^^^^
  File "/root/.cache/user_artifacts/trainers_main/server/.venv/lib/python3.12/site-packages/urllib3/util/connection.py", line 85, in create_connection
    raise err
  File "/root/.cache/user_artifacts/trainers_main/server/.venv/lib/python3.12/site-packages/urllib3/util/connection.py", line 73, in create_connection
    sock.connect(sa)
ConnectionRefusedError: [Errno 111] Connection refused

The above exception was the direct cause of the following exception:

Traceback (most recent call last):
  File "/root/.cache/user_artifacts/trainers_main/server/.venv/lib/python3.12/site-packages/urllib3/connectionpool.py", line 787, in urlopen
    response = self._make_request(
               ^^^^^^^^^^^^^^^^^^^
  File "/root/.cache/user_artifacts/trainers_main/server/.venv/lib/python3.12/site-packages/urllib3/connectionpool.py", line 493, in _make_request
    conn.request(
  File "/root/.cache/user_artifacts/trainers_main/server/.venv/lib/python3.12/site-packages/urllib3/connection.py", line 500, in request
    self.endheaders()
  File "/usr/lib/python3.12/http/client.py", line 1360, in endheaders
    self._send_output(message_body, encode_chunked=encode_chunked)
  File "/usr/lib/python3.12/http/client.py", line 1120, in _send_output
    self.send(msg)
  File "/usr/lib/python3.12/http/client.py", line 1064, in send
    self.connect()
  File "/root/.cache/user_artifacts/trainers_main/server/.venv/lib/python3.12/site-packages/urllib3/connection.py", line 331, in connect
    self.sock = self._new_conn()
                ^^^^^^^^^^^^^^^^
  File "/root/.cache/user_artifacts/trainers_main/server/.venv/lib/python3.12/site-packages/urllib3/connection.py", line 219, in _new_conn
    raise NewConnectionError(
urllib3.exceptions.NewConnectionError: HTTPConnection(host='localhost', port=4318): Failed to establish a new connection: [Errno 111] Connection refused

The above exception was the direct cause of the following exception:

Traceback (most recent call last):
  File "/root/.cache/user_artifacts/trainers_main/server/.venv/lib/python3.12/site-packages/requests/adapters.py", line 644, in send
    resp = conn.urlopen(
           ^^^^^^^^^^^^^
  File "/root/.cache/user_artifacts/trainers_main/server/.venv/lib/python3.12/site-packages/urllib3/connectionpool.py", line 841, in urlopen
    retries = retries.increment(
              ^^^^^^^^^^^^^^^^^^
  File "/root/.cache/user_artifacts/trainers_main/server/.venv/lib/python3.12/site-packages/urllib3/util/retry.py", line 535, in increment
    raise MaxRetryError(_pool, url, reason) from reason  # type: ignore[arg-type]
    ^^^^^^^^^^^^^^^^^^^^^^^^^^^^^^^^^^^^^^^^^^^^^^^^^^^
urllib3.exceptions.MaxRetryError: HTTPConnectionPool(host='localhost', port=4318): Max retries exceeded with url: /v1/traces (Caused by NewConnectionError("HTTPConnection(host='localhost', port=4318): Failed to establish a new connection: [Errno 111] Connection refused"))

During handling of the above exception, another exception occurred:

Traceback (most recent call last):
  File "/root/.cache/user_artifacts/trainers_main/server/.venv/lib/python3.12/site-packages/opentelemetry/sdk/trace/export/__init__.py", line 362, in _export_batch
    self.span_exporter.export(self.spans_list[:idx])  # type: ignore
    ^^^^^^^^^^^^^^^^^^^^^^^^^^^^^^^^^^^^^^^^^^^^^^^^
  File "/root/.cache/user_artifacts/trainers_main/server/.venv/lib/python3.12/site-packages/opentelemetry/exporter/otlp/proto/http/trace_exporter/__init__.py", line 139, in export
    resp = self._export(serialized_data)
           ^^^^^^^^^^^^^^^^^^^^^^^^^^^^^
  File "/root/.cache/user_artifacts/trainers_main/server/.venv/lib/python3.12/site-packages/opentelemetry/exporter/otlp/proto/http/trace_exporter/__init__.py", line 110, in _export
    return self._session.post(
           ^^^^^^^^^^^^^^^^^^^
  File "/root/.cache/user_artifacts/trainers_main/server/.venv/lib/python3.12/site-packages/requests/sessions.py", line 637, in post
    return self.request("POST", url, data=data, json=json, **kwargs)
           ^^^^^^^^^^^^^^^^^^^^^^^^^^^^^^^^^^^^^^^^^^^^^^^^^^^^^^^^^
  File "/root/.cache/user_artifacts/trainers_main/server/.venv/lib/python3.12/site-packages/requests/sessions.py", line 589, in request
    resp = self.send(prep, **send_kwargs)
           ^^^^^^^^^^^^^^^^^^^^^^^^^^^^^^
  File "/root/.cache/user_artifacts/trainers_main/server/.venv/lib/python3.12/site-packages/requests/sessions.py", line 703, in send
    r = adapter.send(request, **kwargs)
        ^^^^^^^^^^^^^^^^^^^^^^^^^^^^^^^
  File "/root/.cache/user_artifacts/trainers_main/server/.venv/lib/python3.12/site-packages/requests/adapters.py", line 677, in send
    raise ConnectionError(e, request=request)
requests.exceptions.ConnectionError: HTTPConnectionPool(host='localhost', port=4318): Max retries exceeded with url: /v1/traces (Caused by NewConnectionError("HTTPConnection(host='localhost', port=4318): Failed to establish a new connection: [Errno 111] Connection refused"))
ERROR:opentelemetry.sdk.trace.export:Exception while exporting Span batch.
Traceback (most recent call last):
  File "/root/.cache/user_artifacts/trainers_main/server/.venv/lib/python3.12/site-packages/urllib3/connection.py", line 204, in _new_conn
    sock = connection.create_connection(
           ^^^^^^^^^^^^^^^^^^^^^^^^^^^^^
  File "/root/.cache/user_artifacts/trainers_main/server/.venv/lib/python3.12/site-packages/urllib3/util/connection.py", line 85, in create_connection
    raise err
  File "/root/.cache/user_artifacts/trainers_main/server/.venv/lib/python3.12/site-packages/urllib3/util/connection.py", line 73, in create_connection
    sock.connect(sa)
ConnectionRefusedError: [Errno 111] Connection refused

The above exception was the direct cause of the following exception:

Traceback (most recent call last):
  File "/root/.cache/user_artifacts/trainers_main/server/.venv/lib/python3.12/site-packages/urllib3/connectionpool.py", line 787, in urlopen
    response = self._make_request(
               ^^^^^^^^^^^^^^^^^^^
  File "/root/.cache/user_artifacts/trainers_main/server/.venv/lib/python3.12/site-packages/urllib3/connectionpool.py", line 493, in _make_request
    conn.request(
  File "/root/.cache/user_artifacts/trainers_main/server/.venv/lib/python3.12/site-packages/urllib3/connection.py", line 500, in request
    self.endheaders()
  File "/usr/lib/python3.12/http/client.py", line 1360, in endheaders
    self._send_output(message_body, encode_chunked=encode_chunked)
  File "/usr/lib/python3.12/http/client.py", line 1120, in _send_output
    self.send(msg)
  File "/usr/lib/python3.12/http/client.py", line 1064, in send
    self.connect()
  File "/root/.cache/user_artifacts/trainers_main/server/.venv/lib/python3.12/site-packages/urllib3/connection.py", line 331, in connect
    self.sock = self._new_conn()
                ^^^^^^^^^^^^^^^^
  File "/root/.cache/user_artifacts/trainers_main/server/.venv/lib/python3.12/site-packages/urllib3/connection.py", line 219, in _new_conn
    raise NewConnectionError(
urllib3.exceptions.NewConnectionError: HTTPConnection(host='localhost', port=4318): Failed to establish a new connection: [Errno 111] Connection refused

The above exception was the direct cause of the following exception:

Traceback (most recent call last):
  File "/root/.cache/user_artifacts/trainers_main/server/.venv/lib/python3.12/site-packages/requests/adapters.py", line 644, in send
    resp = conn.urlopen(
           ^^^^^^^^^^^^^
  File "/root/.cache/user_artifacts/trainers_main/server/.venv/lib/python3.12/site-packages/urllib3/connectionpool.py", line 841, in urlopen
    retries = retries.increment(
              ^^^^^^^^^^^^^^^^^^
  File "/root/.cache/user_artifacts/trainers_main/server/.venv/lib/python3.12/site-packages/urllib3/util/retry.py", line 535, in increment
    raise MaxRetryError(_pool, url, reason) from reason  # type: ignore[arg-type]
    ^^^^^^^^^^^^^^^^^^^^^^^^^^^^^^^^^^^^^^^^^^^^^^^^^^^
urllib3.exceptions.MaxRetryError: HTTPConnectionPool(host='localhost', port=4318): Max retries exceeded with url: /v1/traces (Caused by NewConnectionError("HTTPConnection(host='localhost', port=4318): Failed to establish a new connection: [Errno 111] Connection refused"))

During handling of the above exception, another exception occurred:

Traceback (most recent call last):
  File "/root/.cache/user_artifacts/trainers_main/server/.venv/lib/python3.12/site-packages/opentelemetry/sdk/trace/export/__init__.py", line 362, in _export_batch
    self.span_exporter.export(self.spans_list[:idx])  # type: ignore
    ^^^^^^^^^^^^^^^^^^^^^^^^^^^^^^^^^^^^^^^^^^^^^^^^
  File "/root/.cache/user_artifacts/trainers_main/server/.venv/lib/python3.12/site-packages/opentelemetry/exporter/otlp/proto/http/trace_exporter/__init__.py", line 139, in export
    resp = self._export(serialized_data)
           ^^^^^^^^^^^^^^^^^^^^^^^^^^^^^
  File "/root/.cache/user_artifacts/trainers_main/server/.venv/lib/python3.12/site-packages/opentelemetry/exporter/otlp/proto/http/trace_exporter/__init__.py", line 110, in _export
    return self._session.post(
           ^^^^^^^^^^^^^^^^^^^
  File "/root/.cache/user_artifacts/trainers_main/server/.venv/lib/python3.12/site-packages/requests/sessions.py", line 637, in post
    return self.request("POST", url, data=data, json=json, **kwargs)
           ^^^^^^^^^^^^^^^^^^^^^^^^^^^^^^^^^^^^^^^^^^^^^^^^^^^^^^^^^
  File "/root/.cache/user_artifacts/trainers_main/server/.venv/lib/python3.12/site-packages/requests/sessions.py", line 589, in request
    resp = self.send(prep, **send_kwargs)
           ^^^^^^^^^^^^^^^^^^^^^^^^^^^^^^
  File "/root/.cache/user_artifacts/trainers_main/server/.venv/lib/python3.12/site-packages/requests/sessions.py", line 703, in send
    r = adapter.send(request, **kwargs)
        ^^^^^^^^^^^^^^^^^^^^^^^^^^^^^^^
  File "/root/.cache/user_artifacts/trainers_main/server/.venv/lib/python3.12/site-packages/requests/adapters.py", line 677, in send
    raise ConnectionError(e, request=request)
requests.exceptions.ConnectionError: HTTPConnectionPool(host='localhost', port=4318): Max retries exceeded with url: /v1/traces (Caused by NewConnectionError("HTTPConnection(host='localhost', port=4318): Failed to establish a new connection: [Errno 111] Connection refused"))
INFO:trainers_server.dp_worker.api.dispatcher_worker:dispatcher_worker: op=forward_backward operation_id=4a4e1dc7363140cfa1e7c26e60f77fd6 done in 33.10s {'loss': 12.305221025245858}
INFO:trainers_server.dp_worker.api.server:retrieve: operation_id=4a4e1dc7363140cfa1e7c26e60f77fd6 done after 3.12s
INFO:     127.0.0.1:55336 - "GET /operations/4a4e1dc7363140cfa1e7c26e60f77fd6 HTTP/1.1" 200 OK
INFO:trainers_server.dp_worker.api.server:submit: op=optim_step operation_id=c131cea126ee4f969cd8bff2dc79fb73 enqueued (qsize=1) 
INFO:     127.0.0.1:55336 - "POST /optim_step HTTP/1.1" 202 Accepted
INFO:trainers_server.dp_worker.api.dispatcher_worker:dispatcher_worker: op=optim_step operation_id=c131cea126ee4f969cd8bff2dc79fb73 done in 0.04s step=5.0 learning_rate=1e-05 lr=1e-05 grad_norm=0.35423651337623596 tps=15833.249753719816 train_mean_nll=12.305221025245858 num_tokens=524288.0 num_loss_tokens=524284.0 step_seconds=33.11310111032799 peak_reserved_bytes=169053519872 peak_allocated_bytes=164372186624 device_total_bytes=287428771840
INFO:trainers_server.dp_worker.api.server:retrieve: operation_id=c131cea126ee4f969cd8bff2dc79fb73 done after 0.04s
INFO:     127.0.0.1:55336 - "GET /operations/c131cea126ee4f969cd8bff2dc79fb73 HTTP/1.1" 200 OK
INFO:trainers_server.dp_worker.api.server:submit: op=forward_backward operation_id=128db1dae28d4292b05a993a22d4506a enqueued (qsize=1) n_datums=4 total_tokens=524288 seq_len[min/max]=131072/131072
INFO:     127.0.0.1:55336 - "POST /forward_backward HTTP/1.1" 202 Accepted
ERROR:opentelemetry.sdk.trace.export:Exception while exporting Span batch.
Traceback (most recent call last):
  File "/root/.cache/user_artifacts/trainers_main/server/.venv/lib/python3.12/site-packages/urllib3/connection.py", line 204, in _new_conn
    sock = connection.create_connection(
           ^^^^^^^^^^^^^^^^^^^^^^^^^^^^^
  File "/root/.cache/user_artifacts/trainers_main/server/.venv/lib/python3.12/site-packages/urllib3/util/connection.py", line 85, in create_connection
    raise err
  File "/root/.cache/user_artifacts/trainers_main/server/.venv/lib/python3.12/site-packages/urllib3/util/connection.py", line 73, in create_connection
    sock.connect(sa)
ConnectionRefusedError: [Errno 111] Connection refused

The above exception was the direct cause of the following exception:

Traceback (most recent call last):
  File "/root/.cache/user_artifacts/trainers_main/server/.venv/lib/python3.12/site-packages/urllib3/connectionpool.py", line 787, in urlopen
    response = self._make_request(
               ^^^^^^^^^^^^^^^^^^^
  File "/root/.cache/user_artifacts/trainers_main/server/.venv/lib/python3.12/site-packages/urllib3/connectionpool.py", line 493, in _make_request
    conn.request(
  File "/root/.cache/user_artifacts/trainers_main/server/.venv/lib/python3.12/site-packages/urllib3/connection.py", line 500, in request
    self.endheaders()
  File "/usr/lib/python3.12/http/client.py", line 1360, in endheaders
    self._send_output(message_body, encode_chunked=encode_chunked)
  File "/usr/lib/python3.12/http/client.py", line 1120, in _send_output
    self.send(msg)
  File "/usr/lib/python3.12/http/client.py", line 1064, in send
    self.connect()
  File "/root/.cache/user_artifacts/trainers_main/server/.venv/lib/python3.12/site-packages/urllib3/connection.py", line 331, in connect
    self.sock = self._new_conn()
                ^^^^^^^^^^^^^^^^
  File "/root/.cache/user_artifacts/trainers_main/server/.venv/lib/python3.12/site-packages/urllib3/connection.py", line 219, in _new_conn
    raise NewConnectionError(
urllib3.exceptions.NewConnectionError: HTTPConnection(host='localhost', port=4318): Failed to establish a new connection: [Errno 111] Connection refused

The above exception was the direct cause of the following exception:

Traceback (most recent call last):
  File "/root/.cache/user_artifacts/trainers_main/server/.venv/lib/python3.12/site-packages/requests/adapters.py", line 644, in send
    resp = conn.urlopen(
           ^^^^^^^^^^^^^
  File "/root/.cache/user_artifacts/trainers_main/server/.venv/lib/python3.12/site-packages/urllib3/connectionpool.py", line 841, in urlopen
    retries = retries.increment(
              ^^^^^^^^^^^^^^^^^^
  File "/root/.cache/user_artifacts/trainers_main/server/.venv/lib/python3.12/site-packages/urllib3/util/retry.py", line 535, in increment
    raise MaxRetryError(_pool, url, reason) from reason  # type: ignore[arg-type]
    ^^^^^^^^^^^^^^^^^^^^^^^^^^^^^^^^^^^^^^^^^^^^^^^^^^^
urllib3.exceptions.MaxRetryError: HTTPConnectionPool(host='localhost', port=4318): Max retries exceeded with url: /v1/traces (Caused by NewConnectionError("HTTPConnection(host='localhost', port=4318): Failed to establish a new connection: [Errno 111] Connection refused"))

During handling of the above exception, another exception occurred:

Traceback (most recent call last):
  File "/root/.cache/user_artifacts/trainers_main/server/.venv/lib/python3.12/site-packages/opentelemetry/sdk/trace/export/__init__.py", line 362, in _export_batch
    self.span_exporter.export(self.spans_list[:idx])  # type: ignore
    ^^^^^^^^^^^^^^^^^^^^^^^^^^^^^^^^^^^^^^^^^^^^^^^^
  File "/root/.cache/user_artifacts/trainers_main/server/.venv/lib/python3.12/site-packages/opentelemetry/exporter/otlp/proto/http/trace_exporter/__init__.py", line 139, in export
    resp = self._export(serialized_data)
           ^^^^^^^^^^^^^^^^^^^^^^^^^^^^^
  File "/root/.cache/user_artifacts/trainers_main/server/.venv/lib/python3.12/site-packages/opentelemetry/exporter/otlp/proto/http/trace_exporter/__init__.py", line 110, in _export
    return self._session.post(
           ^^^^^^^^^^^^^^^^^^^
  File "/root/.cache/user_artifacts/trainers_main/server/.venv/lib/python3.12/site-packages/requests/sessions.py", line 637, in post
    return self.request("POST", url, data=data, json=json, **kwargs)
           ^^^^^^^^^^^^^^^^^^^^^^^^^^^^^^^^^^^^^^^^^^^^^^^^^^^^^^^^^
  File "/root/.cache/user_artifacts/trainers_main/server/.venv/lib/python3.12/site-packages/requests/sessions.py", line 589, in request
    resp = self.send(prep, **send_kwargs)
           ^^^^^^^^^^^^^^^^^^^^^^^^^^^^^^
  File "/root/.cache/user_artifacts/trainers_main/server/.venv/lib/python3.12/site-packages/requests/sessions.py", line 703, in send
    r = adapter.send(request, **kwargs)
        ^^^^^^^^^^^^^^^^^^^^^^^^^^^^^^^
  File "/root/.cache/user_artifacts/trainers_main/server/.venv/lib/python3.12/site-packages/requests/adapters.py", line 677, in send
    raise ConnectionError(e, request=request)
requests.exceptions.ConnectionError: HTTPConnectionPool(host='localhost', port=4318): Max retries exceeded with url: /v1/traces (Caused by NewConnectionError("HTTPConnection(host='localhost', port=4318): Failed to establish a new connection: [Errno 111] Connection refused"))
INFO:trainers_server.dp_worker.api.dispatcher_worker:dispatcher_worker: op=forward_backward operation_id=128db1dae28d4292b05a993a22d4506a done in 33.12s {'loss': 12.311861510173875}
INFO:trainers_server.dp_worker.api.server:retrieve: operation_id=128db1dae28d4292b05a993a22d4506a done after 3.14s
INFO:     127.0.0.1:55336 - "GET /operations/128db1dae28d4292b05a993a22d4506a HTTP/1.1" 200 OK
INFO:trainers_server.dp_worker.api.server:submit: op=optim_step operation_id=93052e2097ab4a4ca20b6e86b1c869af enqueued (qsize=1) 
INFO:     127.0.0.1:55336 - "POST /optim_step HTTP/1.1" 202 Accepted
INFO:trainers_server.dp_worker.api.dispatcher_worker:dispatcher_worker: op=optim_step operation_id=93052e2097ab4a4ca20b6e86b1c869af done in 0.04s step=6.0 learning_rate=1e-05 lr=1e-05 grad_norm=0.43004485964775085 tps=15822.605901749044 train_mean_nll=12.311861510173875 num_tokens=524288.0 num_loss_tokens=524284.0 step_seconds=33.13537626201287 peak_reserved_bytes=169053519872 peak_allocated_bytes=164372188672 device_total_bytes=287428771840
INFO:trainers_server.dp_worker.api.server:retrieve: operation_id=93052e2097ab4a4ca20b6e86b1c869af done after 0.04s
INFO:     127.0.0.1:55336 - "GET /operations/93052e2097ab4a4ca20b6e86b1c869af HTTP/1.1" 200 OK
INFO:     127.0.0.1:55336 - "GET /status HTTP/1.1" 200 OK
ERROR:opentelemetry.sdk.trace.export:Exception while exporting Span batch.
Traceback (most recent call last):
  File "/root/.cache/user_artifacts/trainers_main/server/.venv/lib/python3.12/site-packages/urllib3/connection.py", line 204, in _new_conn
    sock = connection.create_connection(
           ^^^^^^^^^^^^^^^^^^^^^^^^^^^^^
  File "/root/.cache/user_artifacts/trainers_main/server/.venv/lib/python3.12/site-packages/urllib3/util/connection.py", line 85, in create_connection
    raise err
  File "/root/.cache/user_artifacts/trainers_main/server/.venv/lib/python3.12/site-packages/urllib3/util/connection.py", line 73, in create_connection
    sock.connect(sa)
ConnectionRefusedError: [Errno 111] Connection refused

The above exception was the direct cause of the following exception:

Traceback (most recent call last):
  File "/root/.cache/user_artifacts/trainers_main/server/.venv/lib/python3.12/site-packages/urllib3/connectionpool.py", line 787, in urlopen
    response = self._make_request(
               ^^^^^^^^^^^^^^^^^^^
  File "/root/.cache/user_artifacts/trainers_main/server/.venv/lib/python3.12/site-packages/urllib3/connectionpool.py", line 493, in _make_request
    conn.request(
  File "/root/.cache/user_artifacts/trainers_main/server/.venv/lib/python3.12/site-packages/urllib3/connection.py", line 500, in request
    self.endheaders()
  File "/usr/lib/python3.12/http/client.py", line 1360, in endheaders
    self._send_output(message_body, encode_chunked=encode_chunked)
  File "/usr/lib/python3.12/http/client.py", line 1120, in _send_output
    self.send(msg)
  File "/usr/lib/python3.12/http/client.py", line 1064, in send
    self.connect()
  File "/root/.cache/user_artifacts/trainers_main/server/.venv/lib/python3.12/site-packages/urllib3/connection.py", line 331, in connect
    self.sock = self._new_conn()
                ^^^^^^^^^^^^^^^^
  File "/root/.cache/user_artifacts/trainers_main/server/.venv/lib/python3.12/site-packages/urllib3/connection.py", line 219, in _new_conn
    raise NewConnectionError(
urllib3.exceptions.NewConnectionError: HTTPConnection(host='localhost', port=4318): Failed to establish a new connection: [Errno 111] Connection refused

The above exception was the direct cause of the following exception:

Traceback (most recent call last):
  File "/root/.cache/user_artifacts/trainers_main/server/.venv/lib/python3.12/site-packages/requests/adapters.py", line 644, in send
    resp = conn.urlopen(
           ^^^^^^^^^^^^^
  File "/root/.cache/user_artifacts/trainers_main/server/.venv/lib/python3.12/site-packages/urllib3/connectionpool.py", line 841, in urlopen
    retries = retries.increment(
              ^^^^^^^^^^^^^^^^^^
  File "/root/.cache/user_artifacts/trainers_main/server/.venv/lib/python3.12/site-packages/urllib3/util/retry.py", line 535, in increment
    raise MaxRetryError(_pool, url, reason) from reason  # type: ignore[arg-type]
    ^^^^^^^^^^^^^^^^^^^^^^^^^^^^^^^^^^^^^^^^^^^^^^^^^^^
urllib3.exceptions.MaxRetryError: HTTPConnectionPool(host='localhost', port=4318): Max retries exceeded with url: /v1/traces (Caused by NewConnectionError("HTTPConnection(host='localhost', port=4318): Failed to establish a new connection: [Errno 111] Connection refused"))

During handling of the above exception, another exception occurred:

Traceback (most recent call last):
  File "/root/.cache/user_artifacts/trainers_main/server/.venv/lib/python3.12/site-packages/opentelemetry/sdk/trace/export/__init__.py", line 362, in _export_batch
    self.span_exporter.export(self.spans_list[:idx])  # type: ignore
    ^^^^^^^^^^^^^^^^^^^^^^^^^^^^^^^^^^^^^^^^^^^^^^^^
  File "/root/.cache/user_artifacts/trainers_main/server/.venv/lib/python3.12/site-packages/opentelemetry/exporter/otlp/proto/http/trace_exporter/__init__.py", line 139, in export
    resp = self._export(serialized_data)
           ^^^^^^^^^^^^^^^^^^^^^^^^^^^^^
  File "/root/.cache/user_artifacts/trainers_main/server/.venv/lib/python3.12/site-packages/opentelemetry/exporter/otlp/proto/http/trace_exporter/__init__.py", line 110, in _export
    return self._session.post(
           ^^^^^^^^^^^^^^^^^^^
  File "/root/.cache/user_artifacts/trainers_main/server/.venv/lib/python3.12/site-packages/requests/sessions.py", line 637, in post
    return self.request("POST", url, data=data, json=json, **kwargs)
           ^^^^^^^^^^^^^^^^^^^^^^^^^^^^^^^^^^^^^^^^^^^^^^^^^^^^^^^^^
  File "/root/.cache/user_artifacts/trainers_main/server/.venv/lib/python3.12/site-packages/requests/sessions.py", line 589, in request
    resp = self.send(prep, **send_kwargs)
           ^^^^^^^^^^^^^^^^^^^^^^^^^^^^^^
  File "/root/.cache/user_artifacts/trainers_main/server/.venv/lib/python3.12/site-packages/requests/sessions.py", line 703, in send
    r = adapter.send(request, **kwargs)
        ^^^^^^^^^^^^^^^^^^^^^^^^^^^^^^^
  File "/root/.cache/user_artifacts/trainers_main/server/.venv/lib/python3.12/site-packages/requests/adapters.py", line 677, in send
    raise ConnectionError(e, request=request)
requests.exceptions.ConnectionError: HTTPConnectionPool(host='localhost', port=4318): Max retries exceeded with url: /v1/traces (Caused by NewConnectionError("HTTPConnection(host='localhost', port=4318): Failed to establish a new connection: [Errno 111] Connection refused"))
INFO:trainers_server.dp_worker.api.server:submit: op=save_weights_for_sampler operation_id=cb6b6ec5459b46fda63cb26c9bd08a1f enqueued (qsize=1) 
INFO:     127.0.0.1:39698 - "POST /save_weights_for_sampler HTTP/1.1" 202 Accepted
INFO:baseten_weight_sync.training:Wrote LoRA adapter (1094 tensors, 417.8 MB) to checkpoint s3-export (version=6, bump_version=True, forked=True) in 0.79s
INFO:trainers_server.dp_worker.api.dispatcher_worker:dispatcher_worker: op=save_weights_for_sampler operation_id=cb6b6ec5459b46fda63cb26c9bd08a1f done in 1.81s 
INFO:trainers_server.dp_worker.api.server:retrieve: operation_id=cb6b6ec5459b46fda63cb26c9bd08a1f done after 1.81s
INFO:     127.0.0.1:39698 - "GET /operations/cb6b6ec5459b46fda63cb26c9bd08a1f HTTP/1.1" 200 OK
ERROR:opentelemetry.sdk.trace.export:Exception while exporting Span batch.
Traceback (most recent call last):
  File "/root/.cache/user_artifacts/trainers_main/server/.venv/lib/python3.12/site-packages/urllib3/connection.py", line 204, in _new_conn
    sock = connection.create_connection(
           ^^^^^^^^^^^^^^^^^^^^^^^^^^^^^
  File "/root/.cache/user_artifacts/trainers_main/server/.venv/lib/python3.12/site-packages/urllib3/util/connection.py", line 85, in create_connection
    raise err
  File "/root/.cache/user_artifacts/trainers_main/server/.venv/lib/python3.12/site-packages/urllib3/util/connection.py", line 73, in create_connection
    sock.connect(sa)
ConnectionRefusedError: [Errno 111] Connection refused

The above exception was the direct cause of the following exception:

Traceback (most recent call last):
  File "/root/.cache/user_artifacts/trainers_main/server/.venv/lib/python3.12/site-packages/urllib3/connectionpool.py", line 787, in urlopen
    response = self._make_request(
               ^^^^^^^^^^^^^^^^^^^
  File "/root/.cache/user_artifacts/trainers_main/server/.venv/lib/python3.12/site-packages/urllib3/connectionpool.py", line 493, in _make_request
    conn.request(
  File "/root/.cache/user_artifacts/trainers_main/server/.venv/lib/python3.12/site-packages/urllib3/connection.py", line 500, in request
    self.endheaders()
  File "/usr/lib/python3.12/http/client.py", line 1360, in endheaders
    self._send_output(message_body, encode_chunked=encode_chunked)
  File "/usr/lib/python3.12/http/client.py", line 1120, in _send_output
    self.send(msg)
  File "/usr/lib/python3.12/http/client.py", line 1064, in send
    self.connect()
  File "/root/.cache/user_artifacts/trainers_main/server/.venv/lib/python3.12/site-packages/urllib3/connection.py", line 331, in connect
    self.sock = self._new_conn()
                ^^^^^^^^^^^^^^^^
  File "/root/.cache/user_artifacts/trainers_main/server/.venv/lib/python3.12/site-packages/urllib3/connection.py", line 219, in _new_conn
    raise NewConnectionError(
urllib3.exceptions.NewConnectionError: HTTPConnection(host='localhost', port=4318): Failed to establish a new connection: [Errno 111] Connection refused

The above exception was the direct cause of the following exception:

Traceback (most recent call last):
  File "/root/.cache/user_artifacts/trainers_main/server/.venv/lib/python3.12/site-packages/requests/adapters.py", line 644, in send
    resp = conn.urlopen(
           ^^^^^^^^^^^^^
  File "/root/.cache/user_artifacts/trainers_main/server/.venv/lib/python3.12/site-packages/urllib3/connectionpool.py", line 841, in urlopen
    retries = retries.increment(
              ^^^^^^^^^^^^^^^^^^
  File "/root/.cache/user_artifacts/trainers_main/server/.venv/lib/python3.12/site-packages/urllib3/util/retry.py", line 535, in increment
    raise MaxRetryError(_pool, url, reason) from reason  # type: ignore[arg-type]
    ^^^^^^^^^^^^^^^^^^^^^^^^^^^^^^^^^^^^^^^^^^^^^^^^^^^
urllib3.exceptions.MaxRetryError: HTTPConnectionPool(host='localhost', port=4318): Max retries exceeded with url: /v1/traces (Caused by NewConnectionError("HTTPConnection(host='localhost', port=4318): Failed to establish a new connection: [Errno 111] Connection refused"))

During handling of the above exception, another exception occurred:

Traceback (most recent call last):
  File "/root/.cache/user_artifacts/trainers_main/server/.venv/lib/python3.12/site-packages/opentelemetry/sdk/trace/export/__init__.py", line 362, in _export_batch
    self.span_exporter.export(self.spans_list[:idx])  # type: ignore
    ^^^^^^^^^^^^^^^^^^^^^^^^^^^^^^^^^^^^^^^^^^^^^^^^
  File "/root/.cache/user_artifacts/trainers_main/server/.venv/lib/python3.12/site-packages/opentelemetry/exporter/otlp/proto/http/trace_exporter/__init__.py", line 139, in export
    resp = self._export(serialized_data)
           ^^^^^^^^^^^^^^^^^^^^^^^^^^^^^
  File "/root/.cache/user_artifacts/trainers_main/server/.venv/lib/python3.12/site-packages/opentelemetry/exporter/otlp/proto/http/trace_exporter/__init__.py", line 110, in _export
    return self._session.post(
           ^^^^^^^^^^^^^^^^^^^
  File "/root/.cache/user_artifacts/trainers_main/server/.venv/lib/python3.12/site-packages/requests/sessions.py", line 637, in post
    return self.request("POST", url, data=data, json=json, **kwargs)
           ^^^^^^^^^^^^^^^^^^^^^^^^^^^^^^^^^^^^^^^^^^^^^^^^^^^^^^^^^
  File "/root/.cache/user_artifacts/trainers_main/server/.venv/lib/python3.12/site-packages/requests/sessions.py", line 589, in request
    resp = self.send(prep, **send_kwargs)
           ^^^^^^^^^^^^^^^^^^^^^^^^^^^^^^
  File "/root/.cache/user_artifacts/trainers_main/server/.venv/lib/python3.12/site-packages/requests/sessions.py", line 703, in send
    r = adapter.send(request, **kwargs)
        ^^^^^^^^^^^^^^^^^^^^^^^^^^^^^^^
  File "/root/.cache/user_artifacts/trainers_main/server/.venv/lib/python3.12/site-packages/requests/adapters.py", line 677, in send
    raise ConnectionError(e, request=request)
requests.exceptions.ConnectionError: HTTPConnectionPool(host='localhost', port=4318): Max retries exceeded with url: /v1/traces (Caused by NewConnectionError("HTTPConnection(host='localhost', port=4318): Failed to establish a new connection: [Errno 111] Connection refused"))
INFO:trainers_server.dp_worker.api.server:submit: op=save_state operation_id=41c8ab62b80042758c0d4d2cc3de3a6e enqueued (qsize=1) 
INFO:     127.0.0.1:39654 - "POST /save_state HTTP/1.1" 202 Accepted
saving checkpoint at iteration       6 to /tmp/checkpoints/s3-sync-save in torch_dist format
WARNING:megatron.core.dist_checkpointing.strategies.torch:MCore's async save is deprecated and will be removed in the future releases. Please, use NVRx async solution by setting `async_strategy` to `nvrx`.
WARNING:megatron.core.dist_checkpointing.strategies.torch:MCore's async save is deprecated and will be removed in the future releases. Please, use NVRx async solution by setting `async_strategy` to `nvrx`.
WARNING:megatron.core.dist_checkpointing.strategies.torch:MCore's async save is deprecated and will be removed in the future releases. Please, use NVRx async solution by setting `async_strategy` to `nvrx`.
WARNING:megatron.core.dist_checkpointing.strategies.torch:MCore's async save is deprecated and will be removed in the future releases. Please, use NVRx async solution by setting `async_strategy` to `nvrx`.
WARNING:megatron.core.dist_checkpointing.strategies.torch:MCore's async save is deprecated and will be removed in the future releases. Please, use NVRx async solution by setting `async_strategy` to `nvrx`.
WARNING:megatron.core.dist_checkpointing.strategies.torch:MCore's async save is deprecated and will be removed in the future releases. Please, use NVRx async solution by setting `async_strategy` to `nvrx`.
WARNING:megatron.core.dist_checkpointing.strategies.torch:MCore's async save is deprecated and will be removed in the future releases. Please, use NVRx async solution by setting `async_strategy` to `nvrx`.
WARNING:megatron.core.dist_checkpointing.strategies.torch:MCore's async save is deprecated and will be removed in the future releases. Please, use NVRx async solution by setting `async_strategy` to `nvrx`.
WARNING:megatron.core.dist_checkpointing.strategies.torch:MCore's async save is deprecated and will be removed in the future releases. Please, use NVRx async solution by setting `async_strategy` to `nvrx`.
WARNING:megatron.core.dist_checkpointing.strategies.torch:MCore's async save is deprecated and will be removed in the future releases. Please, use NVRx async solution by setting `async_strategy` to `nvrx`.
WARNING:megatron.core.dist_checkpointing.strategies.torch:MCore's async save is deprecated and will be removed in the future releases. Please, use NVRx async solution by setting `async_strategy` to `nvrx`.
WARNING:megatron.core.dist_checkpointing.strategies.torch:MCore's async save is deprecated and will be removed in the future releases. Please, use NVRx async solution by setting `async_strategy` to `nvrx`.
WARNING:megatron.core.dist_checkpointing.strategies.torch:MCore's async save is deprecated and will be removed in the future releases. Please, use NVRx async solution by setting `async_strategy` to `nvrx`.
WARNING:megatron.core.dist_checkpointing.strategies.torch:MCore's async save is deprecated and will be removed in the future releases. Please, use NVRx async solution by setting `async_strategy` to `nvrx`.
WARNING:megatron.core.dist_checkpointing.strategies.torch:MCore's async save is deprecated and will be removed in the future releases. Please, use NVRx async solution by setting `async_strategy` to `nvrx`.
ERROR:opentelemetry.sdk.trace.export:Exception while exporting Span batch.
Traceback (most recent call last):
  File "/root/.cache/user_artifacts/trainers_main/server/.venv/lib/python3.12/site-packages/urllib3/connection.py", line 204, in _new_conn
    sock = connection.create_connection(
           ^^^^^^^^^^^^^^^^^^^^^^^^^^^^^
  File "/root/.cache/user_artifacts/trainers_main/server/.venv/lib/python3.12/site-packages/urllib3/util/connection.py", line 85, in create_connection
    raise err
  File "/root/.cache/user_artifacts/trainers_main/server/.venv/lib/python3.12/site-packages/urllib3/util/connection.py", line 73, in create_connection
    sock.connect(sa)
ConnectionRefusedError: [Errno 111] Connection refused

The above exception was the direct cause of the following exception:

Traceback (most recent call last):
  File "/root/.cache/user_artifacts/trainers_main/server/.venv/lib/python3.12/site-packages/urllib3/connectionpool.py", line 787, in urlopen
    response = self._make_request(
               ^^^^^^^^^^^^^^^^^^^
  File "/root/.cache/user_artifacts/trainers_main/server/.venv/lib/python3.12/site-packages/urllib3/connectionpool.py", line 493, in _make_request
    conn.request(
  File "/root/.cache/user_artifacts/trainers_main/server/.venv/lib/python3.12/site-packages/urllib3/connection.py", line 500, in request
    self.endheaders()
  File "/usr/lib/python3.12/http/client.py", line 1360, in endheaders
    self._send_output(message_body, encode_chunked=encode_chunked)
  File "/usr/lib/python3.12/http/client.py", line 1120, in _send_output
    self.send(msg)
  File "/usr/lib/python3.12/http/client.py", line 1064, in send
    self.connect()
  File "/root/.cache/user_artifacts/trainers_main/server/.venv/lib/python3.12/site-packages/urllib3/connection.py", line 331, in connect
    self.sock = self._new_conn()
                ^^^^^^^^^^^^^^^^
  File "/root/.cache/user_artifacts/trainers_main/server/.venv/lib/python3.12/site-packages/urllib3/connection.py", line 219, in _new_conn
    raise NewConnectionError(
urllib3.exceptions.NewConnectionError: HTTPConnection(host='localhost', port=4318): Failed to establish a new connection: [Errno 111] Connection refused

The above exception was the direct cause of the following exception:

Traceback (most recent call last):
  File "/root/.cache/user_artifacts/trainers_main/server/.venv/lib/python3.12/site-packages/requests/adapters.py", line 644, in send
    resp = conn.urlopen(
           ^^^^^^^^^^^^^
  File "/root/.cache/user_artifacts/trainers_main/server/.venv/lib/python3.12/site-packages/urllib3/connectionpool.py", line 841, in urlopen
    retries = retries.increment(
              ^^^^^^^^^^^^^^^^^^
  File "/root/.cache/user_artifacts/trainers_main/server/.venv/lib/python3.12/site-packages/urllib3/util/retry.py", line 535, in increment
    raise MaxRetryError(_pool, url, reason) from reason  # type: ignore[arg-type]
    ^^^^^^^^^^^^^^^^^^^^^^^^^^^^^^^^^^^^^^^^^^^^^^^^^^^
urllib3.exceptions.MaxRetryError: HTTPConnectionPool(host='localhost', port=4318): Max retries exceeded with url: /v1/traces (Caused by NewConnectionError("HTTPConnection(host='localhost', port=4318): Failed to establish a new connection: [Errno 111] Connection refused"))

During handling of the above exception, another exception occurred:

Traceback (most recent call last):
  File "/root/.cache/user_artifacts/trainers_main/server/.venv/lib/python3.12/site-packages/opentelemetry/sdk/trace/export/__init__.py", line 362, in _export_batch
    self.span_exporter.export(self.spans_list[:idx])  # type: ignore
    ^^^^^^^^^^^^^^^^^^^^^^^^^^^^^^^^^^^^^^^^^^^^^^^^
  File "/root/.cache/user_artifacts/trainers_main/server/.venv/lib/python3.12/site-packages/opentelemetry/exporter/otlp/proto/http/trace_exporter/__init__.py", line 139, in export
    resp = self._export(serialized_data)
           ^^^^^^^^^^^^^^^^^^^^^^^^^^^^^
  File "/root/.cache/user_artifacts/trainers_main/server/.venv/lib/python3.12/site-packages/opentelemetry/exporter/otlp/proto/http/trace_exporter/__init__.py", line 110, in _export
    return self._session.post(
           ^^^^^^^^^^^^^^^^^^^
  File "/root/.cache/user_artifacts/trainers_main/server/.venv/lib/python3.12/site-packages/requests/sessions.py", line 637, in post
    return self.request("POST", url, data=data, json=json, **kwargs)
           ^^^^^^^^^^^^^^^^^^^^^^^^^^^^^^^^^^^^^^^^^^^^^^^^^^^^^^^^^
  File "/root/.cache/user_artifacts/trainers_main/server/.venv/lib/python3.12/site-packages/requests/sessions.py", line 589, in request
    resp = self.send(prep, **send_kwargs)
           ^^^^^^^^^^^^^^^^^^^^^^^^^^^^^^
  File "/root/.cache/user_artifacts/trainers_main/server/.venv/lib/python3.12/site-packages/requests/sessions.py", line 703, in send
    r = adapter.send(request, **kwargs)
        ^^^^^^^^^^^^^^^^^^^^^^^^^^^^^^^
  File "/root/.cache/user_artifacts/trainers_main/server/.venv/lib/python3.12/site-packages/requests/adapters.py", line 677, in send
    raise ConnectionError(e, request=request)
requests.exceptions.ConnectionError: HTTPConnectionPool(host='localhost', port=4318): Max retries exceeded with url: /v1/traces (Caused by NewConnectionError("HTTPConnection(host='localhost', port=4318): Failed to establish a new connection: [Errno 111] Connection refused"))
WARNING:megatron.core.dist_checkpointing.strategies.torch:MCore's async save is deprecated and will be removed in the future releases. Please, use NVRx async solution by setting `async_strategy` to `nvrx`.
/root/.cache/user_artifacts/trainers_main/server/.venv/lib/python3.12/site-packages/torch/cuda/__init__.py:61: FutureWarning: The pynvml package is deprecated. Please install nvidia-ml-py instead. If you did not install pynvml directly, please report this to the maintainers of the package that installed pynvml for you.
  import pynvml  # type: ignore[import]
/root/.cache/user_artifacts/trainers_main/server/.venv/lib/python3.12/site-packages/torch/cuda/__init__.py:61: FutureWarning: The pynvml package is deprecated. Please install nvidia-ml-py instead. If you did not install pynvml directly, please report this to the maintainers of the package that installed pynvml for you.
  import pynvml  # type: ignore[import]
/root/.cache/user_artifacts/trainers_main/server/.venv/lib/python3.12/site-packages/torch/cuda/__init__.py:61: FutureWarning: The pynvml package is deprecated. Please install nvidia-ml-py instead. If you did not install pynvml directly, please report this to the maintainers of the package that installed pynvml for you.
  import pynvml  # type: ignore[import]
/root/.cache/user_artifacts/trainers_main/server/.venv/lib/python3.12/site-packages/torch/cuda/__init__.py:61: FutureWarning: The pynvml package is deprecated. Please install nvidia-ml-py instead. If you did not install pynvml directly, please report this to the maintainers of the package that installed pynvml for you.
  import pynvml  # type: ignore[import]
/root/.cache/user_artifacts/trainers_main/server/.venv/lib/python3.12/site-packages/torch/cuda/__init__.py:61: FutureWarning: The pynvml package is deprecated. Please install nvidia-ml-py instead. If you did not install pynvml directly, please report this to the maintainers of the package that installed pynvml for you.
  import pynvml  # type: ignore[import]
/root/.cache/user_artifacts/trainers_main/server/.venv/lib/python3.12/site-packages/torch/cuda/__init__.py:61: FutureWarning: The pynvml package is deprecated. Please install nvidia-ml-py instead. If you did not install pynvml directly, please report this to the maintainers of the package that installed pynvml for you.
  import pynvml  # type: ignore[import]
/root/.cache/user_artifacts/trainers_main/server/.venv/lib/python3.12/site-packages/torch/cuda/__init__.py:61: FutureWarning: The pynvml package is deprecated. Please install nvidia-ml-py instead. If you did not install pynvml directly, please report this to the maintainers of the package that installed pynvml for you.
  import pynvml  # type: ignore[import]
/root/.cache/user_artifacts/trainers_main/server/.venv/lib/python3.12/site-packages/torch/cuda/__init__.py:61: FutureWarning: The pynvml package is deprecated. Please install nvidia-ml-py instead. If you did not install pynvml directly, please report this to the maintainers of the package that installed pynvml for you.
  import pynvml  # type: ignore[import]
/root/.cache/user_artifacts/trainers_main/server/.venv/lib/python3.12/site-packages/torch/cuda/__init__.py:61: FutureWarning: The pynvml package is deprecated. Please install nvidia-ml-py instead. If you did not install pynvml directly, please report this to the maintainers of the package that installed pynvml for you.
  import pynvml  # type: ignore[import]
/root/.cache/user_artifacts/trainers_main/server/.venv/lib/python3.12/site-packages/torch/cuda/__init__.py:61: FutureWarning: The pynvml package is deprecated. Please install nvidia-ml-py instead. If you did not install pynvml directly, please report this to the maintainers of the package that installed pynvml for you.
  import pynvml  # type: ignore[import]
/root/.cache/user_artifacts/trainers_main/server/.venv/lib/python3.12/site-packages/torch/cuda/__init__.py:61: FutureWarning: The pynvml package is deprecated. Please install nvidia-ml-py instead. If you did not install pynvml directly, please report this to the maintainers of the package that installed pynvml for you.
  import pynvml  # type: ignore[import]
/root/.cache/user_artifacts/trainers_main/server/.venv/lib/python3.12/site-packages/torch/cuda/__init__.py:61: FutureWarning: The pynvml package is deprecated. Please install nvidia-ml-py instead. If you did not install pynvml directly, please report this to the maintainers of the package that installed pynvml for you.
  import pynvml  # type: ignore[import]
/root/.cache/user_artifacts/trainers_main/server/.venv/lib/python3.12/site-packages/torch/cuda/__init__.py:61: FutureWarning: The pynvml package is deprecated. Please install nvidia-ml-py instead. If you did not install pynvml directly, please report this to the maintainers of the package that installed pynvml for you.
  import pynvml  # type: ignore[import]
/root/.cache/user_artifacts/trainers_main/server/.venv/lib/python3.12/site-packages/torch/cuda/__init__.py:61: FutureWarning: The pynvml package is deprecated. Please install nvidia-ml-py instead. If you did not install pynvml directly, please report this to the maintainers of the package that installed pynvml for you.
  import pynvml  # type: ignore[import]
/root/.cache/user_artifacts/trainers_main/server/.venv/lib/python3.12/site-packages/torch/cuda/__init__.py:61: FutureWarning: The pynvml package is deprecated. Please install nvidia-ml-py instead. If you did not install pynvml directly, please report this to the maintainers of the package that installed pynvml for you.
  import pynvml  # type: ignore[import]
/root/.cache/user_artifacts/trainers_main/server/.venv/lib/python3.12/site-packages/torch/cuda/__init__.py:61: FutureWarning: The pynvml package is deprecated. Please install nvidia-ml-py instead. If you did not install pynvml directly, please report this to the maintainers of the package that installed pynvml for you.
  import pynvml  # type: ignore[import]
/root/.cache/user_artifacts/trainers_main/server/vendor/megatron-bridge/3rdparty/Megatron-LM/megatron/core/models/backends.py:34: UserWarning: Apex is not installed. Falling back to Torch Norm
  warnings.warn("Apex is not installed. Falling back to Torch Norm")
/root/.cache/user_artifacts/trainers_main/server/vendor/megatron-bridge/3rdparty/Megatron-LM/megatron/core/models/backends.py:34: UserWarning: Apex is not installed. Falling back to Torch Norm
  warnings.warn("Apex is not installed. Falling back to Torch Norm")
/root/.cache/user_artifacts/trainers_main/server/vendor/megatron-bridge/3rdparty/Megatron-LM/megatron/core/models/backends.py:34: UserWarning: Apex is not installed. Falling back to Torch Norm
  warnings.warn("Apex is not installed. Falling back to Torch Norm")
/root/.cache/user_artifacts/trainers_main/server/vendor/megatron-bridge/3rdparty/Megatron-LM/megatron/core/models/backends.py:34: UserWarning: Apex is not installed. Falling back to Torch Norm
  warnings.warn("Apex is not installed. Falling back to Torch Norm")
/root/.cache/user_artifacts/trainers_main/server/vendor/megatron-bridge/3rdparty/Megatron-LM/megatron/core/models/backends.py:34: UserWarning: Apex is not installed. Falling back to Torch Norm
  warnings.warn("Apex is not installed. Falling back to Torch Norm")
/root/.cache/user_artifacts/trainers_main/server/vendor/megatron-bridge/3rdparty/Megatron-LM/megatron/core/models/backends.py:34: UserWarning: Apex is not installed. Falling back to Torch Norm
  warnings.warn("Apex is not installed. Falling back to Torch Norm")
/root/.cache/user_artifacts/trainers_main/server/vendor/megatron-bridge/3rdparty/Megatron-LM/megatron/core/models/backends.py:34: UserWarning: Apex is not installed. Falling back to Torch Norm
  warnings.warn("Apex is not installed. Falling back to Torch Norm")
/root/.cache/user_artifacts/trainers_main/server/vendor/megatron-bridge/3rdparty/Megatron-LM/megatron/core/models/backends.py:34: UserWarning: Apex is not installed. Falling back to Torch Norm
  warnings.warn("Apex is not installed. Falling back to Torch Norm")
/root/.cache/user_artifacts/trainers_main/server/vendor/megatron-bridge/3rdparty/Megatron-LM/megatron/core/models/gpt/gpt_layer_specs.py:74: UserWarning: Apex is not installed. Falling back to Torch Norm
  warnings.warn("Apex is not installed. Falling back to Torch Norm")
/root/.cache/user_artifacts/trainers_main/server/vendor/megatron-bridge/3rdparty/Megatron-LM/megatron/core/models/gpt/gpt_layer_specs.py:74: UserWarning: Apex is not installed. Falling back to Torch Norm
  warnings.warn("Apex is not installed. Falling back to Torch Norm")
/root/.cache/user_artifacts/trainers_main/server/vendor/megatron-bridge/3rdparty/Megatron-LM/megatron/core/models/gpt/gpt_layer_specs.py:74: UserWarning: Apex is not installed. Falling back to Torch Norm
  warnings.warn("Apex is not installed. Falling back to Torch Norm")
/root/.cache/user_artifacts/trainers_main/server/vendor/megatron-bridge/3rdparty/Megatron-LM/megatron/core/models/gpt/gpt_layer_specs.py:74: UserWarning: Apex is not installed. Falling back to Torch Norm
  warnings.warn("Apex is not installed. Falling back to Torch Norm")
/root/.cache/user_artifacts/trainers_main/server/vendor/megatron-bridge/3rdparty/Megatron-LM/megatron/core/models/gpt/gpt_layer_specs.py:74: UserWarning: Apex is not installed. Falling back to Torch Norm
  warnings.warn("Apex is not installed. Falling back to Torch Norm")
/root/.cache/user_artifacts/trainers_main/server/vendor/megatron-bridge/3rdparty/Megatron-LM/megatron/core/models/gpt/gpt_layer_specs.py:74: UserWarning: Apex is not installed. Falling back to Torch Norm
  warnings.warn("Apex is not installed. Falling back to Torch Norm")
/root/.cache/user_artifacts/trainers_main/server/vendor/megatron-bridge/3rdparty/Megatron-LM/megatron/core/models/gpt/gpt_layer_specs.py:74: UserWarning: Apex is not installed. Falling back to Torch Norm
  warnings.warn("Apex is not installed. Falling back to Torch Norm")
/root/.cache/user_artifacts/trainers_main/server/vendor/megatron-bridge/3rdparty/Megatron-LM/megatron/core/models/gpt/gpt_layer_specs.py:74: UserWarning: Apex is not installed. Falling back to Torch Norm
  warnings.warn("Apex is not installed. Falling back to Torch Norm")
/root/.cache/user_artifacts/trainers_main/server/vendor/megatron-bridge/3rdparty/Megatron-LM/megatron/core/models/backends.py:34: UserWarning: Apex is not installed. Falling back to Torch Norm
  warnings.warn("Apex is not installed. Falling back to Torch Norm")
/root/.cache/user_artifacts/trainers_main/server/vendor/megatron-bridge/3rdparty/Megatron-LM/megatron/core/models/backends.py:34: UserWarning: Apex is not installed. Falling back to Torch Norm
  warnings.warn("Apex is not installed. Falling back to Torch Norm")
/root/.cache/user_artifacts/trainers_main/server/vendor/megatron-bridge/3rdparty/Megatron-LM/megatron/core/models/backends.py:34: UserWarning: Apex is not installed. Falling back to Torch Norm
  warnings.warn("Apex is not installed. Falling back to Torch Norm")
/root/.cache/user_artifacts/trainers_main/server/vendor/megatron-bridge/3rdparty/Megatron-LM/megatron/core/models/backends.py:34: UserWarning: Apex is not installed. Falling back to Torch Norm
  warnings.warn("Apex is not installed. Falling back to Torch Norm")
/root/.cache/user_artifacts/trainers_main/server/vendor/megatron-bridge/3rdparty/Megatron-LM/megatron/core/models/backends.py:34: UserWarning: Apex is not installed. Falling back to Torch Norm
  warnings.warn("Apex is not installed. Falling back to Torch Norm")
/root/.cache/user_artifacts/trainers_main/server/vendor/megatron-bridge/3rdparty/Megatron-LM/megatron/core/models/backends.py:34: UserWarning: Apex is not installed. Falling back to Torch Norm
  warnings.warn("Apex is not installed. Falling back to Torch Norm")
/root/.cache/user_artifacts/trainers_main/server/vendor/megatron-bridge/3rdparty/Megatron-LM/megatron/core/models/backends.py:34: UserWarning: Apex is not installed. Falling back to Torch Norm
  warnings.warn("Apex is not installed. Falling back to Torch Norm")
/root/.cache/user_artifacts/trainers_main/server/vendor/megatron-bridge/3rdparty/Megatron-LM/megatron/core/models/backends.py:34: UserWarning: Apex is not installed. Falling back to Torch Norm
  warnings.warn("Apex is not installed. Falling back to Torch Norm")
/root/.cache/user_artifacts/trainers_main/server/vendor/megatron-bridge/3rdparty/Megatron-LM/megatron/core/models/gpt/gpt_layer_specs.py:74: UserWarning: Apex is not installed. Falling back to Torch Norm
  warnings.warn("Apex is not installed. Falling back to Torch Norm")
/root/.cache/user_artifacts/trainers_main/server/vendor/megatron-bridge/3rdparty/Megatron-LM/megatron/core/models/gpt/gpt_layer_specs.py:74: UserWarning: Apex is not installed. Falling back to Torch Norm
  warnings.warn("Apex is not installed. Falling back to Torch Norm")
/root/.cache/user_artifacts/trainers_main/server/vendor/megatron-bridge/3rdparty/Megatron-LM/megatron/core/models/gpt/gpt_layer_specs.py:74: UserWarning: Apex is not installed. Falling back to Torch Norm
  warnings.warn("Apex is not installed. Falling back to Torch Norm")
/root/.cache/user_artifacts/trainers_main/server/vendor/megatron-bridge/3rdparty/Megatron-LM/megatron/core/models/gpt/gpt_layer_specs.py:74: UserWarning: Apex is not installed. Falling back to Torch Norm
  warnings.warn("Apex is not installed. Falling back to Torch Norm")
/root/.cache/user_artifacts/trainers_main/server/vendor/megatron-bridge/3rdparty/Megatron-LM/megatron/core/models/gpt/gpt_layer_specs.py:74: UserWarning: Apex is not installed. Falling back to Torch Norm
  warnings.warn("Apex is not installed. Falling back to Torch Norm")
/root/.cache/user_artifacts/trainers_main/server/vendor/megatron-bridge/3rdparty/Megatron-LM/megatron/core/models/gpt/gpt_layer_specs.py:74: UserWarning: Apex is not installed. Falling back to Torch Norm
  warnings.warn("Apex is not installed. Falling back to Torch Norm")
/root/.cache/user_artifacts/trainers_main/server/vendor/megatron-bridge/3rdparty/Megatron-LM/megatron/core/models/gpt/gpt_layer_specs.py:74: UserWarning: Apex is not installed. Falling back to Torch Norm
  warnings.warn("Apex is not installed. Falling back to Torch Norm")
/root/.cache/user_artifacts/trainers_main/server/vendor/megatron-bridge/3rdparty/Megatron-LM/megatron/core/models/gpt/gpt_layer_specs.py:74: UserWarning: Apex is not installed. Falling back to Torch Norm
  warnings.warn("Apex is not installed. Falling back to Torch Norm")
/root/.cache/user_artifacts/trainers_main/server/.venv/lib/python3.12/site-packages/modelopt/torch/__init__.py:53: UserWarning: transformers>=5.0 support is experimental. Unified Hugging Face checkpoint export for quantized checkpoints may not work for some models yet.
  _warnings.warn(
/root/.cache/user_artifacts/trainers_main/server/.venv/lib/python3.12/site-packages/modelopt/torch/__init__.py:53: UserWarning: transformers>=5.0 support is experimental. Unified Hugging Face checkpoint export for quantized checkpoints may not work for some models yet.
  _warnings.warn(
/root/.cache/user_artifacts/trainers_main/server/.venv/lib/python3.12/site-packages/modelopt/torch/__init__.py:53: UserWarning: transformers>=5.0 support is experimental. Unified Hugging Face checkpoint export for quantized checkpoints may not work for some models yet.
  _warnings.warn(
/root/.cache/user_artifacts/trainers_main/server/.venv/lib/python3.12/site-packages/modelopt/torch/__init__.py:53: UserWarning: transformers>=5.0 support is experimental. Unified Hugging Face checkpoint export for quantized checkpoints may not work for some models yet.
  _warnings.warn(
/root/.cache/user_artifacts/trainers_main/server/vendor/megatron-bridge/3rdparty/Megatron-LM/megatron/core/models/gpt/heterogeneous/heterogeneous_layer_specs.py:68: UserWarning: Apex is not installed. Falling back to Torch Norm
  warnings.warn("Apex is not installed. Falling back to Torch Norm")
/root/.cache/user_artifacts/trainers_main/server/vendor/megatron-bridge/3rdparty/Megatron-LM/megatron/core/models/gpt/heterogeneous/heterogeneous_layer_specs.py:68: UserWarning: Apex is not installed. Falling back to Torch Norm
  warnings.warn("Apex is not installed. Falling back to Torch Norm")
/root/.cache/user_artifacts/trainers_main/server/vendor/megatron-bridge/3rdparty/Megatron-LM/megatron/core/models/gpt/heterogeneous/heterogeneous_layer_specs.py:68: UserWarning: Apex is not installed. Falling back to Torch Norm
  warnings.warn("Apex is not installed. Falling back to Torch Norm")
/root/.cache/user_artifacts/trainers_main/server/vendor/megatron-bridge/3rdparty/Megatron-LM/megatron/core/models/gpt/heterogeneous/heterogeneous_layer_specs.py:68: UserWarning: Apex is not installed. Falling back to Torch Norm
  warnings.warn("Apex is not installed. Falling back to Torch Norm")
/root/.cache/user_artifacts/trainers_main/server/.venv/lib/python3.12/site-packages/modelopt/torch/__init__.py:53: UserWarning: transformers>=5.0 support is experimental. Unified Hugging Face checkpoint export for quantized checkpoints may not work for some models yet.
  _warnings.warn(
/root/.cache/user_artifacts/trainers_main/server/.venv/lib/python3.12/site-packages/modelopt/torch/__init__.py:53: UserWarning: transformers>=5.0 support is experimental. Unified Hugging Face checkpoint export for quantized checkpoints may not work for some models yet.
  _warnings.warn(
/root/.cache/user_artifacts/trainers_main/server/vendor/megatron-bridge/3rdparty/Megatron-LM/megatron/core/models/gpt/heterogeneous/heterogeneous_layer_specs.py:68: UserWarning: Apex is not installed. Falling back to Torch Norm
  warnings.warn("Apex is not installed. Falling back to Torch Norm")
/root/.cache/user_artifacts/trainers_main/server/.venv/lib/python3.12/site-packages/modelopt/torch/__init__.py:53: UserWarning: transformers>=5.0 support is experimental. Unified Hugging Face checkpoint export for quantized checkpoints may not work for some models yet.
  _warnings.warn(
/root/.cache/user_artifacts/trainers_main/server/vendor/megatron-bridge/3rdparty/Megatron-LM/megatron/core/models/gpt/heterogeneous/heterogeneous_layer_specs.py:68: UserWarning: Apex is not installed. Falling back to Torch Norm
  warnings.warn("Apex is not installed. Falling back to Torch Norm")
/root/.cache/user_artifacts/trainers_main/server/vendor/megatron-bridge/3rdparty/Megatron-LM/megatron/core/models/vision/vit_layer_specs.py:31: UserWarning: Apex is not installed. Falling back to Torch Norm
  warnings.warn("Apex is not installed. Falling back to Torch Norm")
/root/.cache/user_artifacts/trainers_main/server/vendor/megatron-bridge/3rdparty/Megatron-LM/megatron/core/models/vision/vit_layer_specs.py:31: UserWarning: Apex is not installed. Falling back to Torch Norm
  warnings.warn("Apex is not installed. Falling back to Torch Norm")
/root/.cache/user_artifacts/trainers_main/server/vendor/megatron-bridge/3rdparty/Megatron-LM/megatron/core/models/vision/vit_layer_specs.py:31: UserWarning: Apex is not installed. Falling back to Torch Norm
  warnings.warn("Apex is not installed. Falling back to Torch Norm")
/root/.cache/user_artifacts/trainers_main/server/vendor/megatron-bridge/3rdparty/Megatron-LM/megatron/core/models/vision/vit_layer_specs.py:31: UserWarning: Apex is not installed. Falling back to Torch Norm
  warnings.warn("Apex is not installed. Falling back to Torch Norm")
/root/.cache/user_artifacts/trainers_main/server/vendor/megatron-bridge/3rdparty/Megatron-LM/megatron/core/models/gpt/heterogeneous/heterogeneous_layer_specs.py:68: UserWarning: Apex is not installed. Falling back to Torch Norm
  warnings.warn("Apex is not installed. Falling back to Torch Norm")
/root/.cache/user_artifacts/trainers_main/server/.venv/lib/python3.12/site-packages/modelopt/torch/__init__.py:53: UserWarning: transformers>=5.0 support is experimental. Unified Hugging Face checkpoint export for quantized checkpoints may not work for some models yet.
  _warnings.warn(
/root/.cache/user_artifacts/trainers_main/server/vendor/megatron-bridge/3rdparty/Megatron-LM/megatron/core/models/gpt/heterogeneous/heterogeneous_layer_specs.py:68: UserWarning: Apex is not installed. Falling back to Torch Norm
  warnings.warn("Apex is not installed. Falling back to Torch Norm")
/root/.cache/user_artifacts/trainers_main/server/vendor/megatron-bridge/3rdparty/Megatron-LM/megatron/core/models/vision/vit_layer_specs.py:31: UserWarning: Apex is not installed. Falling back to Torch Norm
  warnings.warn("Apex is not installed. Falling back to Torch Norm")
/root/.cache/user_artifacts/trainers_main/server/vendor/megatron-bridge/3rdparty/Megatron-LM/megatron/core/models/vision/vit_layer_specs.py:31: UserWarning: Apex is not installed. Falling back to Torch Norm
  warnings.warn("Apex is not installed. Falling back to Torch Norm")
/root/.cache/user_artifacts/trainers_main/server/vendor/megatron-bridge/3rdparty/Megatron-LM/megatron/core/models/vision/vit_layer_specs.py:31: UserWarning: Apex is not installed. Falling back to Torch Norm
  warnings.warn("Apex is not installed. Falling back to Torch Norm")
/root/.cache/user_artifacts/trainers_main/server/vendor/megatron-bridge/3rdparty/Megatron-LM/megatron/core/models/vision/vit_layer_specs.py:31: UserWarning: Apex is not installed. Falling back to Torch Norm
  warnings.warn("Apex is not installed. Falling back to Torch Norm")
/root/.cache/user_artifacts/trainers_main/server/vendor/megatron-bridge/3rdparty/Megatron-LM/megatron/core/models/mimo/config/base_configs.py:12: UserWarning: MimoModelConfig is experimental and still under active development. The API may change without notice in future releases.
  class MimoModelConfig:
/root/.cache/user_artifacts/trainers_main/server/vendor/megatron-bridge/3rdparty/Megatron-LM/megatron/core/models/mimo/config/base_configs.py:12: UserWarning: MimoModelConfig is experimental and still under active development. The API may change without notice in future releases.
  class MimoModelConfig:
/root/.cache/user_artifacts/trainers_main/server/vendor/megatron-bridge/3rdparty/Megatron-LM/megatron/core/models/mimo/config/base_configs.py:12: UserWarning: MimoModelConfig is experimental and still under active development. The API may change without notice in future releases.
  class MimoModelConfig:
/root/.cache/user_artifacts/trainers_main/server/vendor/megatron-bridge/3rdparty/Megatron-LM/megatron/core/models/mimo/config/base_configs.py:12: UserWarning: MimoModelConfig is experimental and still under active development. The API may change without notice in future releases.
  class MimoModelConfig:
/root/.cache/user_artifacts/trainers_main/server/vendor/megatron-bridge/3rdparty/Megatron-LM/megatron/core/models/mimo/config/base_configs.py:12: UserWarning: MimoModelConfig is experimental and still under active development. The API may change without notice in future releases.
  class MimoModelConfig:
/root/.cache/user_artifacts/trainers_main/server/vendor/megatron-bridge/3rdparty/Megatron-LM/megatron/core/models/mimo/config/base_configs.py:12: UserWarning: MimoModelConfig is experimental and still under active development. The API may change without notice in future releases.
  class MimoModelConfig:
/root/.cache/user_artifacts/trainers_main/server/vendor/megatron-bridge/3rdparty/Megatron-LM/megatron/core/models/mimo/config/base_configs.py:12: UserWarning: MimoModelConfig is experimental and still under active development. The API may change without notice in future releases.
  class MimoModelConfig:
/root/.cache/user_artifacts/trainers_main/server/vendor/megatron-bridge/3rdparty/Megatron-LM/megatron/core/models/mimo/config/base_configs.py:12: UserWarning: MimoModelConfig is experimental and still under active development. The API may change without notice in future releases.
  class MimoModelConfig:
/root/.cache/user_artifacts/trainers_main/server/.venv/lib/python3.12/site-packages/torch/distributed/c10d_logger.py:83: UserWarning: barrier(): using the device under current context. You can specify `device_id` in `init_process_group` to mute this warning.
  return func(*args, **kwargs)
/root/.cache/user_artifacts/trainers_main/server/.venv/lib/python3.12/site-packages/modelopt/torch/__init__.py:53: UserWarning: transformers>=5.0 support is experimental. Unified Hugging Face checkpoint export for quantized checkpoints may not work for some models yet.
  _warnings.warn(
/root/.cache/user_artifacts/trainers_main/server/.venv/lib/python3.12/site-packages/modelopt/torch/__init__.py:53: UserWarning: transformers>=5.0 support is experimental. Unified Hugging Face checkpoint export for quantized checkpoints may not work for some models yet.
  _warnings.warn(
/root/.cache/user_artifacts/trainers_main/server/.venv/lib/python3.12/site-packages/modelopt/torch/__init__.py:53: UserWarning: transformers>=5.0 support is experimental. Unified Hugging Face checkpoint export for quantized checkpoints may not work for some models yet.
  _warnings.warn(
/root/.cache/user_artifacts/trainers_main/server/.venv/lib/python3.12/site-packages/modelopt/torch/__init__.py:53: UserWarning: transformers>=5.0 support is experimental. Unified Hugging Face checkpoint export for quantized checkpoints may not work for some models yet.
  _warnings.warn(
/root/.cache/user_artifacts/trainers_main/server/.venv/lib/python3.12/site-packages/modelopt/torch/__init__.py:53: UserWarning: transformers>=5.0 support is experimental. Unified Hugging Face checkpoint export for quantized checkpoints may not work for some models yet.
  _warnings.warn(
/root/.cache/user_artifacts/trainers_main/server/.venv/lib/python3.12/site-packages/modelopt/torch/__init__.py:53: UserWarning: transformers>=5.0 support is experimental. Unified Hugging Face checkpoint export for quantized checkpoints may not work for some models yet.
  _warnings.warn(
/root/.cache/user_artifacts/trainers_main/server/.venv/lib/python3.12/site-packages/modelopt/torch/__init__.py:53: UserWarning: transformers>=5.0 support is experimental. Unified Hugging Face checkpoint export for quantized checkpoints may not work for some models yet.
  _warnings.warn(
/root/.cache/user_artifacts/trainers_main/server/.venv/lib/python3.12/site-packages/modelopt/torch/__init__.py:53: UserWarning: transformers>=5.0 support is experimental. Unified Hugging Face checkpoint export for quantized checkpoints may not work for some models yet.
  _warnings.warn(
/root/.cache/user_artifacts/trainers_main/server/vendor/megatron-bridge/3rdparty/Megatron-LM/megatron/core/models/gpt/heterogeneous/heterogeneous_layer_specs.py:68: UserWarning: Apex is not installed. Falling back to Torch Norm
  warnings.warn("Apex is not installed. Falling back to Torch Norm")
/root/.cache/user_artifacts/trainers_main/server/vendor/megatron-bridge/3rdparty/Megatron-LM/megatron/core/models/gpt/heterogeneous/heterogeneous_layer_specs.py:68: UserWarning: Apex is not installed. Falling back to Torch Norm
  warnings.warn("Apex is not installed. Falling back to Torch Norm")
/root/.cache/user_artifacts/trainers_main/server/vendor/megatron-bridge/3rdparty/Megatron-LM/megatron/core/models/gpt/heterogeneous/heterogeneous_layer_specs.py:68: UserWarning: Apex is not installed. Falling back to Torch Norm
  warnings.warn("Apex is not installed. Falling back to Torch Norm")
/root/.cache/user_artifacts/trainers_main/server/vendor/megatron-bridge/3rdparty/Megatron-LM/megatron/core/models/gpt/heterogeneous/heterogeneous_layer_specs.py:68: UserWarning: Apex is not installed. Falling back to Torch Norm
  warnings.warn("Apex is not installed. Falling back to Torch Norm")
/root/.cache/user_artifacts/trainers_main/server/vendor/megatron-bridge/3rdparty/Megatron-LM/megatron/core/models/gpt/heterogeneous/heterogeneous_layer_specs.py:68: UserWarning: Apex is not installed. Falling back to Torch Norm
  warnings.warn("Apex is not installed. Falling back to Torch Norm")
/root/.cache/user_artifacts/trainers_main/server/vendor/megatron-bridge/3rdparty/Megatron-LM/megatron/core/models/gpt/heterogeneous/heterogeneous_layer_specs.py:68: UserWarning: Apex is not installed. Falling back to Torch Norm
  warnings.warn("Apex is not installed. Falling back to Torch Norm")
/root/.cache/user_artifacts/trainers_main/server/vendor/megatron-bridge/3rdparty/Megatron-LM/megatron/core/models/gpt/heterogeneous/heterogeneous_layer_specs.py:68: UserWarning: Apex is not installed. Falling back to Torch Norm
  warnings.warn("Apex is not installed. Falling back to Torch Norm")
/root/.cache/user_artifacts/trainers_main/server/vendor/megatron-bridge/3rdparty/Megatron-LM/megatron/core/models/gpt/heterogeneous/heterogeneous_layer_specs.py:68: UserWarning: Apex is not installed. Falling back to Torch Norm
  warnings.warn("Apex is not installed. Falling back to Torch Norm")
/root/.cache/user_artifacts/trainers_main/server/vendor/megatron-bridge/3rdparty/Megatron-LM/megatron/core/models/vision/vit_layer_specs.py:31: UserWarning: Apex is not installed. Falling back to Torch Norm
  warnings.warn("Apex is not installed. Falling back to Torch Norm")
/root/.cache/user_artifacts/trainers_main/server/vendor/megatron-bridge/3rdparty/Megatron-LM/megatron/core/models/vision/vit_layer_specs.py:31: UserWarning: Apex is not installed. Falling back to Torch Norm
  warnings.warn("Apex is not installed. Falling back to Torch Norm")
/root/.cache/user_artifacts/trainers_main/server/vendor/megatron-bridge/3rdparty/Megatron-LM/megatron/core/models/vision/vit_layer_specs.py:31: UserWarning: Apex is not installed. Falling back to Torch Norm
  warnings.warn("Apex is not installed. Falling back to Torch Norm")
/root/.cache/user_artifacts/trainers_main/server/vendor/megatron-bridge/3rdparty/Megatron-LM/megatron/core/models/vision/vit_layer_specs.py:31: UserWarning: Apex is not installed. Falling back to Torch Norm
  warnings.warn("Apex is not installed. Falling back to Torch Norm")
/root/.cache/user_artifacts/trainers_main/server/vendor/megatron-bridge/3rdparty/Megatron-LM/megatron/core/models/vision/vit_layer_specs.py:31: UserWarning: Apex is not installed. Falling back to Torch Norm
  warnings.warn("Apex is not installed. Falling back to Torch Norm")
/root/.cache/user_artifacts/trainers_main/server/vendor/megatron-bridge/3rdparty/Megatron-LM/megatron/core/models/vision/vit_layer_specs.py:31: UserWarning: Apex is not installed. Falling back to Torch Norm
  warnings.warn("Apex is not installed. Falling back to Torch Norm")
/root/.cache/user_artifacts/trainers_main/server/vendor/megatron-bridge/3rdparty/Megatron-LM/megatron/core/models/vision/vit_layer_specs.py:31: UserWarning: Apex is not installed. Falling back to Torch Norm
  warnings.warn("Apex is not installed. Falling back to Torch Norm")
/root/.cache/user_artifacts/trainers_main/server/vendor/megatron-bridge/3rdparty/Megatron-LM/megatron/core/models/vision/vit_layer_specs.py:31: UserWarning: Apex is not installed. Falling back to Torch Norm
  warnings.warn("Apex is not installed. Falling back to Torch Norm")
/root/.cache/user_artifacts/trainers_main/server/vendor/megatron-bridge/3rdparty/Megatron-LM/megatron/core/models/mimo/config/base_configs.py:12: UserWarning: MimoModelConfig is experimental and still under active development. The API may change without notice in future releases.
  class MimoModelConfig:
/root/.cache/user_artifacts/trainers_main/server/vendor/megatron-bridge/3rdparty/Megatron-LM/megatron/core/models/mimo/config/base_configs.py:12: UserWarning: MimoModelConfig is experimental and still under active development. The API may change without notice in future releases.
  class MimoModelConfig:
/root/.cache/user_artifacts/trainers_main/server/vendor/megatron-bridge/3rdparty/Megatron-LM/megatron/core/models/mimo/config/base_configs.py:12: UserWarning: MimoModelConfig is experimental and still under active development. The API may change without notice in future releases.
  class MimoModelConfig:
/root/.cache/user_artifacts/trainers_main/server/vendor/megatron-bridge/3rdparty/Megatron-LM/megatron/core/models/mimo/config/base_configs.py:12: UserWarning: MimoModelConfig is experimental and still under active development. The API may change without notice in future releases.
  class MimoModelConfig:
/root/.cache/user_artifacts/trainers_main/server/vendor/megatron-bridge/3rdparty/Megatron-LM/megatron/core/models/mimo/config/base_configs.py:12: UserWarning: MimoModelConfig is experimental and still under active development. The API may change without notice in future releases.
  class MimoModelConfig:
/root/.cache/user_artifacts/trainers_main/server/vendor/megatron-bridge/3rdparty/Megatron-LM/megatron/core/models/mimo/config/base_configs.py:12: UserWarning: MimoModelConfig is experimental and still under active development. The API may change without notice in future releases.
  class MimoModelConfig:
/root/.cache/user_artifacts/trainers_main/server/vendor/megatron-bridge/3rdparty/Megatron-LM/megatron/core/models/mimo/config/base_configs.py:12: UserWarning: MimoModelConfig is experimental and still under active development. The API may change without notice in future releases.
  class MimoModelConfig:
/root/.cache/user_artifacts/trainers_main/server/vendor/megatron-bridge/3rdparty/Megatron-LM/megatron/core/models/mimo/config/base_configs.py:12: UserWarning: MimoModelConfig is experimental and still under active development. The API may change without notice in future releases.
  class MimoModelConfig:
  successfully saved checkpoint from iteration       6 to /tmp/checkpoints/s3-sync-save [ t 1/1, p 1/2 ]
INFO:baseten_weight_sync.training:TrainerCheckpointWriter.write: rank 1 uploaded 1 file(s); checkpoint s3-sync-save total 2718.0 MB in 0.90s
INFO:baseten_weight_sync.training:TrainerCheckpointWriter.write: rank 7 uploaded 1 file(s); checkpoint s3-sync-save total 2718.0 MB in 0.90s
INFO:baseten_weight_sync.training:TrainerCheckpointWriter.write: rank 3 uploaded 1 file(s); checkpoint s3-sync-save total 2718.0 MB in 0.90s
INFO:baseten_weight_sync.training:TrainerCheckpointWriter.write: rank 6 uploaded 1 file(s); checkpoint s3-sync-save total 2718.0 MB in 0.90s
INFO:baseten_weight_sync.training:TrainerCheckpointWriter.write: rank 4 uploaded 1 file(s); checkpoint s3-sync-save total 2718.0 MB in 0.90s
INFO:baseten_weight_sync.training:TrainerCheckpointWriter.write: rank 10 uploaded 1 file(s); checkpoint s3-sync-save total 2718.0 MB in 0.90s
INFO:baseten_weight_sync.training:TrainerCheckpointWriter.write: rank 14 uploaded 1 file(s); checkpoint s3-sync-save total 2718.0 MB in 0.90s
INFO:baseten_weight_sync.training:TrainerCheckpointWriter.write: rank 12 uploaded 1 file(s); checkpoint s3-sync-save total 2718.0 MB in 0.90s
INFO:baseten_weight_sync.training:TrainerCheckpointWriter.write: rank 13 uploaded 1 file(s); checkpoint s3-sync-save total 2718.0 MB in 0.90s
INFO:baseten_weight_sync.training:TrainerCheckpointWriter.write: rank 2 uploaded 1 file(s); checkpoint s3-sync-save total 2718.0 MB in 0.90s
INFO:baseten_weight_sync.training:TrainerCheckpointWriter.write: rank 5 uploaded 1 file(s); checkpoint s3-sync-save total 2718.0 MB in 0.90s
INFO:baseten_weight_sync.training:TrainerCheckpointWriter.write: rank 11 uploaded 1 file(s); checkpoint s3-sync-save total 2718.0 MB in 0.90s
INFO:baseten_weight_sync.training:TrainerCheckpointWriter.write: rank 9 uploaded 1 file(s); checkpoint s3-sync-save total 2718.0 MB in 0.90s
INFO:baseten_weight_sync.training:TrainerCheckpointWriter.write: rank 15 uploaded 1 file(s); checkpoint s3-sync-save total 2718.0 MB in 0.90s
INFO:baseten_weight_sync.training:TrainerCheckpointWriter.write: rank 0 uploaded 7 file(s); checkpoint s3-sync-save total 2718.0 MB in 0.91s
INFO:baseten_weight_sync.training:TrainerCheckpointWriter.write: rank 8 uploaded 1 file(s); checkpoint s3-sync-save total 2718.0 MB in 0.91s
INFO:trainers_server.dp_worker.api.dispatcher_worker:dispatcher_worker: op=save_state operation_id=41c8ab62b80042758c0d4d2cc3de3a6e done in 65.93s 
INFO:trainers_server.dp_worker.api.server:retrieve: operation_id=41c8ab62b80042758c0d4d2cc3de3a6e done after 5.93s
INFO:     127.0.0.1:39654 - "GET /operations/41c8ab62b80042758c0d4d2cc3de3a6e HTTP/1.1" 200 OK
ERROR:opentelemetry.sdk.trace.export:Exception while exporting Span batch.
Traceback (most recent call last):
  File "/root/.cache/user_artifacts/trainers_main/server/.venv/lib/python3.12/site-packages/urllib3/connection.py", line 204, in _new_conn
    sock = connection.create_connection(
           ^^^^^^^^^^^^^^^^^^^^^^^^^^^^^
  File "/root/.cache/user_artifacts/trainers_main/server/.venv/lib/python3.12/site-packages/urllib3/util/connection.py", line 85, in create_connection
    raise err
  File "/root/.cache/user_artifacts/trainers_main/server/.venv/lib/python3.12/site-packages/urllib3/util/connection.py", line 73, in create_connection
    sock.connect(sa)
ConnectionRefusedError: [Errno 111] Connection refused

The above exception was the direct cause of the following exception:

Traceback (most recent call last):
  File "/root/.cache/user_artifacts/trainers_main/server/.venv/lib/python3.12/site-packages/urllib3/connectionpool.py", line 787, in urlopen
    response = self._make_request(
               ^^^^^^^^^^^^^^^^^^^
  File "/root/.cache/user_artifacts/trainers_main/server/.venv/lib/python3.12/site-packages/urllib3/connectionpool.py", line 493, in _make_request
    conn.request(
  File "/root/.cache/user_artifacts/trainers_main/server/.venv/lib/python3.12/site-packages/urllib3/connection.py", line 500, in request
    self.endheaders()
  File "/usr/lib/python3.12/http/client.py", line 1360, in endheaders
    self._send_output(message_body, encode_chunked=encode_chunked)
  File "/usr/lib/python3.12/http/client.py", line 1120, in _send_output
    self.send(msg)
  File "/usr/lib/python3.12/http/client.py", line 1064, in send
    self.connect()
  File "/root/.cache/user_artifacts/trainers_main/server/.venv/lib/python3.12/site-packages/urllib3/connection.py", line 331, in connect
    self.sock = self._new_conn()
                ^^^^^^^^^^^^^^^^
  File "/root/.cache/user_artifacts/trainers_main/server/.venv/lib/python3.12/site-packages/urllib3/connection.py", line 219, in _new_conn
    raise NewConnectionError(
urllib3.exceptions.NewConnectionError: HTTPConnection(host='localhost', port=4318): Failed to establish a new connection: [Errno 111] Connection refused

The above exception was the direct cause of the following exception:

Traceback (most recent call last):
  File "/root/.cache/user_artifacts/trainers_main/server/.venv/lib/python3.12/site-packages/requests/adapters.py", line 644, in send
    resp = conn.urlopen(
           ^^^^^^^^^^^^^
  File "/root/.cache/user_artifacts/trainers_main/server/.venv/lib/python3.12/site-packages/urllib3/connectionpool.py", line 841, in urlopen
    retries = retries.increment(
              ^^^^^^^^^^^^^^^^^^
  File "/root/.cache/user_artifacts/trainers_main/server/.venv/lib/python3.12/site-packages/urllib3/util/retry.py", line 535, in increment
    raise MaxRetryError(_pool, url, reason) from reason  # type: ignore[arg-type]
    ^^^^^^^^^^^^^^^^^^^^^^^^^^^^^^^^^^^^^^^^^^^^^^^^^^^
urllib3.exceptions.MaxRetryError: HTTPConnectionPool(host='localhost', port=4318): Max retries exceeded with url: /v1/traces (Caused by NewConnectionError("HTTPConnection(host='localhost', port=4318): Failed to establish a new connection: [Errno 111] Connection refused"))

During handling of the above exception, another exception occurred:

Traceback (most recent call last):
  File "/root/.cache/user_artifacts/trainers_main/server/.venv/lib/python3.12/site-packages/opentelemetry/sdk/trace/export/__init__.py", line 362, in _export_batch
    self.span_exporter.export(self.spans_list[:idx])  # type: ignore
    ^^^^^^^^^^^^^^^^^^^^^^^^^^^^^^^^^^^^^^^^^^^^^^^^
  File "/root/.cache/user_artifacts/trainers_main/server/.venv/lib/python3.12/site-packages/opentelemetry/exporter/otlp/proto/http/trace_exporter/__init__.py", line 139, in export
    resp = self._export(serialized_data)
           ^^^^^^^^^^^^^^^^^^^^^^^^^^^^^
  File "/root/.cache/user_artifacts/trainers_main/server/.venv/lib/python3.12/site-packages/opentelemetry/exporter/otlp/proto/http/trace_exporter/__init__.py", line 110, in _export
    return self._session.post(
           ^^^^^^^^^^^^^^^^^^^
  File "/root/.cache/user_artifacts/trainers_main/server/.venv/lib/python3.12/site-packages/requests/sessions.py", line 637, in post
    return self.request("POST", url, data=data, json=json, **kwargs)
           ^^^^^^^^^^^^^^^^^^^^^^^^^^^^^^^^^^^^^^^^^^^^^^^^^^^^^^^^^
  File "/root/.cache/user_artifacts/trainers_main/server/.venv/lib/python3.12/site-packages/requests/sessions.py", line 589, in request
    resp = self.send(prep, **send_kwargs)
           ^^^^^^^^^^^^^^^^^^^^^^^^^^^^^^
  File "/root/.cache/user_artifacts/trainers_main/server/.venv/lib/python3.12/site-packages/requests/sessions.py", line 703, in send
    r = adapter.send(request, **kwargs)
        ^^^^^^^^^^^^^^^^^^^^^^^^^^^^^^^
  File "/root/.cache/user_artifacts/trainers_main/server/.venv/lib/python3.12/site-packages/requests/adapters.py", line 677, in send
    raise ConnectionError(e, request=request)
requests.exceptions.ConnectionError: HTTPConnectionPool(host='localhost', port=4318): Max retries exceeded with url: /v1/traces (Caused by NewConnectionError("HTTPConnection(host='localhost', port=4318): Failed to establish a new connection: [Errno 111] Connection refused"))
INFO:trainers_server.dp_worker.api.server:evicted 2 expired finished ops
INFO:     127.0.0.1:43492 - "GET /status HTTP/1.1" 200 OK
INFO:trainers_server.dp_worker.api.server:submit: op=forward_backward operation_id=41406aeb60ab46de996b74099dfdb7ec enqueued (qsize=1) n_datums=1 total_tokens=131072 seq_len[min/max]=131072/131072
INFO:     127.0.0.1:43492 - "POST /forward_backward HTTP/1.1" 202 Accepted
ERROR:opentelemetry.sdk.trace.export:Exception while exporting Span batch.
Traceback (most recent call last):
  File "/root/.cache/user_artifacts/trainers_main/server/.venv/lib/python3.12/site-packages/urllib3/connection.py", line 204, in _new_conn
    sock = connection.create_connection(
           ^^^^^^^^^^^^^^^^^^^^^^^^^^^^^
  File "/root/.cache/user_artifacts/trainers_main/server/.venv/lib/python3.12/site-packages/urllib3/util/connection.py", line 85, in create_connection
    raise err
  File "/root/.cache/user_artifacts/trainers_main/server/.venv/lib/python3.12/site-packages/urllib3/util/connection.py", line 73, in create_connection
    sock.connect(sa)
ConnectionRefusedError: [Errno 111] Connection refused

The above exception was the direct cause of the following exception:

Traceback (most recent call last):
  File "/root/.cache/user_artifacts/trainers_main/server/.venv/lib/python3.12/site-packages/urllib3/connectionpool.py", line 787, in urlopen
    response = self._make_request(
               ^^^^^^^^^^^^^^^^^^^
  File "/root/.cache/user_artifacts/trainers_main/server/.venv/lib/python3.12/site-packages/urllib3/connectionpool.py", line 493, in _make_request
    conn.request(
  File "/root/.cache/user_artifacts/trainers_main/server/.venv/lib/python3.12/site-packages/urllib3/connection.py", line 500, in request
    self.endheaders()
  File "/usr/lib/python3.12/http/client.py", line 1360, in endheaders
    self._send_output(message_body, encode_chunked=encode_chunked)
  File "/usr/lib/python3.12/http/client.py", line 1120, in _send_output
    self.send(msg)
  File "/usr/lib/python3.12/http/client.py", line 1064, in send
    self.connect()
  File "/root/.cache/user_artifacts/trainers_main/server/.venv/lib/python3.12/site-packages/urllib3/connection.py", line 331, in connect
    self.sock = self._new_conn()
                ^^^^^^^^^^^^^^^^
  File "/root/.cache/user_artifacts/trainers_main/server/.venv/lib/python3.12/site-packages/urllib3/connection.py", line 219, in _new_conn
    raise NewConnectionError(
urllib3.exceptions.NewConnectionError: HTTPConnection(host='localhost', port=4318): Failed to establish a new connection: [Errno 111] Connection refused

The above exception was the direct cause of the following exception:

Traceback (most recent call last):
  File "/root/.cache/user_artifacts/trainers_main/server/.venv/lib/python3.12/site-packages/requests/adapters.py", line 644, in send
    resp = conn.urlopen(
           ^^^^^^^^^^^^^
  File "/root/.cache/user_artifacts/trainers_main/server/.venv/lib/python3.12/site-packages/urllib3/connectionpool.py", line 841, in urlopen
    retries = retries.increment(
              ^^^^^^^^^^^^^^^^^^
  File "/root/.cache/user_artifacts/trainers_main/server/.venv/lib/python3.12/site-packages/urllib3/util/retry.py", line 535, in increment
    raise MaxRetryError(_pool, url, reason) from reason  # type: ignore[arg-type]
    ^^^^^^^^^^^^^^^^^^^^^^^^^^^^^^^^^^^^^^^^^^^^^^^^^^^
urllib3.exceptions.MaxRetryError: HTTPConnectionPool(host='localhost', port=4318): Max retries exceeded with url: /v1/traces (Caused by NewConnectionError("HTTPConnection(host='localhost', port=4318): Failed to establish a new connection: [Errno 111] Connection refused"))

During handling of the above exception, another exception occurred:

Traceback (most recent call last):
  File "/root/.cache/user_artifacts/trainers_main/server/.venv/lib/python3.12/site-packages/opentelemetry/sdk/trace/export/__init__.py", line 362, in _export_batch
    self.span_exporter.export(self.spans_list[:idx])  # type: ignore
    ^^^^^^^^^^^^^^^^^^^^^^^^^^^^^^^^^^^^^^^^^^^^^^^^
  File "/root/.cache/user_artifacts/trainers_main/server/.venv/lib/python3.12/site-packages/opentelemetry/exporter/otlp/proto/http/trace_exporter/__init__.py", line 139, in export
    resp = self._export(serialized_data)
           ^^^^^^^^^^^^^^^^^^^^^^^^^^^^^
  File "/root/.cache/user_artifacts/trainers_main/server/.venv/lib/python3.12/site-packages/opentelemetry/exporter/otlp/proto/http/trace_exporter/__init__.py", line 110, in _export
    return self._session.post(
           ^^^^^^^^^^^^^^^^^^^
  File "/root/.cache/user_artifacts/trainers_main/server/.venv/lib/python3.12/site-packages/requests/sessions.py", line 637, in post
    return self.request("POST", url, data=data, json=json, **kwargs)
           ^^^^^^^^^^^^^^^^^^^^^^^^^^^^^^^^^^^^^^^^^^^^^^^^^^^^^^^^^
  File "/root/.cache/user_artifacts/trainers_main/server/.venv/lib/python3.12/site-packages/requests/sessions.py", line 589, in request
    resp = self.send(prep, **send_kwargs)
           ^^^^^^^^^^^^^^^^^^^^^^^^^^^^^^
  File "/root/.cache/user_artifacts/trainers_main/server/.venv/lib/python3.12/site-packages/requests/sessions.py", line 703, in send
    r = adapter.send(request, **kwargs)
        ^^^^^^^^^^^^^^^^^^^^^^^^^^^^^^^
  File "/root/.cache/user_artifacts/trainers_main/server/.venv/lib/python3.12/site-packages/requests/adapters.py", line 677, in send
    raise ConnectionError(e, request=request)
requests.exceptions.ConnectionError: HTTPConnectionPool(host='localhost', port=4318): Max retries exceeded with url: /v1/traces (Caused by NewConnectionError("HTTPConnection(host='localhost', port=4318): Failed to establish a new connection: [Errno 111] Connection refused"))
/root/.cache/user_artifacts/trainers_main/server/.venv/lib/python3.12/site-packages/torch/autograd/graph.py:869: UserWarning: c10d::broadcast_: an autograd kernel was not registered to the Autograd key(s) but we are trying to backprop through it. This may lead to silently incorrect behavior. This behavior is deprecated and will be removed in a future version of PyTorch. If your operator is differentiable, please ensure you have registered an autograd kernel to the correct Autograd key (e.g. DispatchKey::Autograd, DispatchKey::CompositeImplicitAutograd). If your operator is not differentiable, or to squash this warning and use the previous behavior, please register torch::CppFunction::makeFallthrough() to DispatchKey::Autograd. (Triggered internally at /pytorch/torch/csrc/autograd/autograd_not_implemented_fallback.cpp:76.)
  return Variable._execution_engine.run_backward(  # Calls into the C++ engine to run the backward pass
/root/.cache/user_artifacts/trainers_main/server/.venv/lib/python3.12/site-packages/torch/autograd/graph.py:869: UserWarning: c10d::broadcast_: an autograd kernel was not registered to the Autograd key(s) but we are trying to backprop through it. This may lead to silently incorrect behavior. This behavior is deprecated and will be removed in a future version of PyTorch. If your operator is differentiable, please ensure you have registered an autograd kernel to the correct Autograd key (e.g. DispatchKey::Autograd, DispatchKey::CompositeImplicitAutograd). If your operator is not differentiable, or to squash this warning and use the previous behavior, please register torch::CppFunction::makeFallthrough() to DispatchKey::Autograd. (Triggered internally at /pytorch/torch/csrc/autograd/autograd_not_implemented_fallback.cpp:76.)
  return Variable._execution_engine.run_backward(  # Calls into the C++ engine to run the backward pass
/root/.cache/user_artifacts/trainers_main/server/.venv/lib/python3.12/site-packages/torch/autograd/graph.py:869: UserWarning: c10d::broadcast_: an autograd kernel was not registered to the Autograd key(s) but we are trying to backprop through it. This may lead to silently incorrect behavior. This behavior is deprecated and will be removed in a future version of PyTorch. If your operator is differentiable, please ensure you have registered an autograd kernel to the correct Autograd key (e.g. DispatchKey::Autograd, DispatchKey::CompositeImplicitAutograd). If your operator is not differentiable, or to squash this warning and use the previous behavior, please register torch::CppFunction::makeFallthrough() to DispatchKey::Autograd. (Triggered internally at /pytorch/torch/csrc/autograd/autograd_not_implemented_fallback.cpp:76.)
  return Variable._execution_engine.run_backward(  # Calls into the C++ engine to run the backward pass
/root/.cache/user_artifacts/trainers_main/server/.venv/lib/python3.12/site-packages/torch/autograd/graph.py:869: UserWarning: c10d::broadcast_: an autograd kernel was not registered to the Autograd key(s) but we are trying to backprop through it. This may lead to silently incorrect behavior. This behavior is deprecated and will be removed in a future version of PyTorch. If your operator is differentiable, please ensure you have registered an autograd kernel to the correct Autograd key (e.g. DispatchKey::Autograd, DispatchKey::CompositeImplicitAutograd). If your operator is not differentiable, or to squash this warning and use the previous behavior, please register torch::CppFunction::makeFallthrough() to DispatchKey::Autograd. (Triggered internally at /pytorch/torch/csrc/autograd/autograd_not_implemented_fallback.cpp:76.)
  return Variable._execution_engine.run_backward(  # Calls into the C++ engine to run the backward pass
/root/.cache/user_artifacts/trainers_main/server/.venv/lib/python3.12/site-packages/torch/autograd/graph.py:869: UserWarning: c10d::broadcast_: an autograd kernel was not registered to the Autograd key(s) but we are trying to backprop through it. This may lead to silently incorrect behavior. This behavior is deprecated and will be removed in a future version of PyTorch. If your operator is differentiable, please ensure you have registered an autograd kernel to the correct Autograd key (e.g. DispatchKey::Autograd, DispatchKey::CompositeImplicitAutograd). If your operator is not differentiable, or to squash this warning and use the previous behavior, please register torch::CppFunction::makeFallthrough() to DispatchKey::Autograd. (Triggered internally at /pytorch/torch/csrc/autograd/autograd_not_implemented_fallback.cpp:76.)
  return Variable._execution_engine.run_backward(  # Calls into the C++ engine to run the backward pass
/root/.cache/user_artifacts/trainers_main/server/.venv/lib/python3.12/site-packages/torch/autograd/graph.py:869: UserWarning: c10d::broadcast_: an autograd kernel was not registered to the Autograd key(s) but we are trying to backprop through it. This may lead to silently incorrect behavior. This behavior is deprecated and will be removed in a future version of PyTorch. If your operator is differentiable, please ensure you have registered an autograd kernel to the correct Autograd key (e.g. DispatchKey::Autograd, DispatchKey::CompositeImplicitAutograd). If your operator is not differentiable, or to squash this warning and use the previous behavior, please register torch::CppFunction::makeFallthrough() to DispatchKey::Autograd. (Triggered internally at /pytorch/torch/csrc/autograd/autograd_not_implemented_fallback.cpp:76.)
  return Variable._execution_engine.run_backward(  # Calls into the C++ engine to run the backward pass
/root/.cache/user_artifacts/trainers_main/server/.venv/lib/python3.12/site-packages/torch/autograd/graph.py:869: UserWarning: c10d::broadcast_: an autograd kernel was not registered to the Autograd key(s) but we are trying to backprop through it. This may lead to silently incorrect behavior. This behavior is deprecated and will be removed in a future version of PyTorch. If your operator is differentiable, please ensure you have registered an autograd kernel to the correct Autograd key (e.g. DispatchKey::Autograd, DispatchKey::CompositeImplicitAutograd). If your operator is not differentiable, or to squash this warning and use the previous behavior, please register torch::CppFunction::makeFallthrough() to DispatchKey::Autograd. (Triggered internally at /pytorch/torch/csrc/autograd/autograd_not_implemented_fallback.cpp:76.)
  return Variable._execution_engine.run_backward(  # Calls into the C++ engine to run the backward pass
/root/.cache/user_artifacts/trainers_main/server/.venv/lib/python3.12/site-packages/torch/autograd/graph.py:869: UserWarning: c10d::broadcast_: an autograd kernel was not registered to the Autograd key(s) but we are trying to backprop through it. This may lead to silently incorrect behavior. This behavior is deprecated and will be removed in a future version of PyTorch. If your operator is differentiable, please ensure you have registered an autograd kernel to the correct Autograd key (e.g. DispatchKey::Autograd, DispatchKey::CompositeImplicitAutograd). If your operator is not differentiable, or to squash this warning and use the previous behavior, please register torch::CppFunction::makeFallthrough() to DispatchKey::Autograd. (Triggered internally at /pytorch/torch/csrc/autograd/autograd_not_implemented_fallback.cpp:76.)
  return Variable._execution_engine.run_backward(  # Calls into the C++ engine to run the backward pass
/root/.cache/user_artifacts/trainers_main/server/.venv/lib/python3.12/site-packages/torch/autograd/graph.py:869: UserWarning: c10d::broadcast_: an autograd kernel was not registered to the Autograd key(s) but we are trying to backprop through it. This may lead to silently incorrect behavior. This behavior is deprecated and will be removed in a future version of PyTorch. If your operator is differentiable, please ensure you have registered an autograd kernel to the correct Autograd key (e.g. DispatchKey::Autograd, DispatchKey::CompositeImplicitAutograd). If your operator is not differentiable, or to squash this warning and use the previous behavior, please register torch::CppFunction::makeFallthrough() to DispatchKey::Autograd. (Triggered internally at /pytorch/torch/csrc/autograd/autograd_not_implemented_fallback.cpp:76.)
  return Variable._execution_engine.run_backward(  # Calls into the C++ engine to run the backward pass
/root/.cache/user_artifacts/trainers_main/server/.venv/lib/python3.12/site-packages/torch/autograd/graph.py:869: UserWarning: c10d::broadcast_: an autograd kernel was not registered to the Autograd key(s) but we are trying to backprop through it. This may lead to silently incorrect behavior. This behavior is deprecated and will be removed in a future version of PyTorch. If your operator is differentiable, please ensure you have registered an autograd kernel to the correct Autograd key (e.g. DispatchKey::Autograd, DispatchKey::CompositeImplicitAutograd). If your operator is not differentiable, or to squash this warning and use the previous behavior, please register torch::CppFunction::makeFallthrough() to DispatchKey::Autograd. (Triggered internally at /pytorch/torch/csrc/autograd/autograd_not_implemented_fallback.cpp:76.)
  return Variable._execution_engine.run_backward(  # Calls into the C++ engine to run the backward pass
/root/.cache/user_artifacts/trainers_main/server/.venv/lib/python3.12/site-packages/torch/autograd/graph.py:869: UserWarning: c10d::broadcast_: an autograd kernel was not registered to the Autograd key(s) but we are trying to backprop through it. This may lead to silently incorrect behavior. This behavior is deprecated and will be removed in a future version of PyTorch. If your operator is differentiable, please ensure you have registered an autograd kernel to the correct Autograd key (e.g. DispatchKey::Autograd, DispatchKey::CompositeImplicitAutograd). If your operator is not differentiable, or to squash this warning and use the previous behavior, please register torch::CppFunction::makeFallthrough() to DispatchKey::Autograd. (Triggered internally at /pytorch/torch/csrc/autograd/autograd_not_implemented_fallback.cpp:76.)
  return Variable._execution_engine.run_backward(  # Calls into the C++ engine to run the backward pass
/root/.cache/user_artifacts/trainers_main/server/.venv/lib/python3.12/site-packages/torch/autograd/graph.py:869: UserWarning: c10d::broadcast_: an autograd kernel was not registered to the Autograd key(s) but we are trying to backprop through it. This may lead to silently incorrect behavior. This behavior is deprecated and will be removed in a future version of PyTorch. If your operator is differentiable, please ensure you have registered an autograd kernel to the correct Autograd key (e.g. DispatchKey::Autograd, DispatchKey::CompositeImplicitAutograd). If your operator is not differentiable, or to squash this warning and use the previous behavior, please register torch::CppFunction::makeFallthrough() to DispatchKey::Autograd. (Triggered internally at /pytorch/torch/csrc/autograd/autograd_not_implemented_fallback.cpp:76.)
  return Variable._execution_engine.run_backward(  # Calls into the C++ engine to run the backward pass
/root/.cache/user_artifacts/trainers_main/server/.venv/lib/python3.12/site-packages/torch/autograd/graph.py:869: UserWarning: c10d::broadcast_: an autograd kernel was not registered to the Autograd key(s) but we are trying to backprop through it. This may lead to silently incorrect behavior. This behavior is deprecated and will be removed in a future version of PyTorch. If your operator is differentiable, please ensure you have registered an autograd kernel to the correct Autograd key (e.g. DispatchKey::Autograd, DispatchKey::CompositeImplicitAutograd). If your operator is not differentiable, or to squash this warning and use the previous behavior, please register torch::CppFunction::makeFallthrough() to DispatchKey::Autograd. (Triggered internally at /pytorch/torch/csrc/autograd/autograd_not_implemented_fallback.cpp:76.)
  return Variable._execution_engine.run_backward(  # Calls into the C++ engine to run the backward pass
/root/.cache/user_artifacts/trainers_main/server/.venv/lib/python3.12/site-packages/torch/autograd/graph.py:869: UserWarning: c10d::broadcast_: an autograd kernel was not registered to the Autograd key(s) but we are trying to backprop through it. This may lead to silently incorrect behavior. This behavior is deprecated and will be removed in a future version of PyTorch. If your operator is differentiable, please ensure you have registered an autograd kernel to the correct Autograd key (e.g. DispatchKey::Autograd, DispatchKey::CompositeImplicitAutograd). If your operator is not differentiable, or to squash this warning and use the previous behavior, please register torch::CppFunction::makeFallthrough() to DispatchKey::Autograd. (Triggered internally at /pytorch/torch/csrc/autograd/autograd_not_implemented_fallback.cpp:76.)
  return Variable._execution_engine.run_backward(  # Calls into the C++ engine to run the backward pass
/root/.cache/user_artifacts/trainers_main/server/.venv/lib/python3.12/site-packages/torch/autograd/graph.py:869: UserWarning: c10d::broadcast_: an autograd kernel was not registered to the Autograd key(s) but we are trying to backprop through it. This may lead to silently incorrect behavior. This behavior is deprecated and will be removed in a future version of PyTorch. If your operator is differentiable, please ensure you have registered an autograd kernel to the correct Autograd key (e.g. DispatchKey::Autograd, DispatchKey::CompositeImplicitAutograd). If your operator is not differentiable, or to squash this warning and use the previous behavior, please register torch::CppFunction::makeFallthrough() to DispatchKey::Autograd. (Triggered internally at /pytorch/torch/csrc/autograd/autograd_not_implemented_fallback.cpp:76.)
  return Variable._execution_engine.run_backward(  # Calls into the C++ engine to run the backward pass
/root/.cache/user_artifacts/trainers_main/server/.venv/lib/python3.12/site-packages/torch/autograd/graph.py:869: UserWarning: c10d::broadcast_: an autograd kernel was not registered to the Autograd key(s) but we are trying to backprop through it. This may lead to silently incorrect behavior. This behavior is deprecated and will be removed in a future version of PyTorch. If your operator is differentiable, please ensure you have registered an autograd kernel to the correct Autograd key (e.g. DispatchKey::Autograd, DispatchKey::CompositeImplicitAutograd). If your operator is not differentiable, or to squash this warning and use the previous behavior, please register torch::CppFunction::makeFallthrough() to DispatchKey::Autograd. (Triggered internally at /pytorch/torch/csrc/autograd/autograd_not_implemented_fallback.cpp:76.)
  return Variable._execution_engine.run_backward(  # Calls into the C++ engine to run the backward pass
INFO:trainers_server.dp_worker.api.dispatcher_worker:dispatcher_worker: op=forward_backward operation_id=41406aeb60ab46de996b74099dfdb7ec done in 12.69s {'loss': 12.300651936736578}
INFO:trainers_server.dp_worker.api.server:retrieve: operation_id=41406aeb60ab46de996b74099dfdb7ec done after 12.69s
INFO:     127.0.0.1:43492 - "GET /operations/41406aeb60ab46de996b74099dfdb7ec HTTP/1.1" 200 OK
INFO:trainers_server.dp_worker.api.server:submit: op=optim_step operation_id=e175523085bd4ab2a18dfcef1e16aefe enqueued (qsize=1) 
INFO:     127.0.0.1:43492 - "POST /optim_step HTTP/1.1" 202 Accepted
INFO:trainers_server.dp_worker.api.dispatcher_worker:dispatcher_worker: op=optim_step operation_id=e175523085bd4ab2a18dfcef1e16aefe done in 0.04s step=7.0 learning_rate=1e-05 lr=1e-05 grad_norm=0.39565932750701904 tps=10320.432730499842 train_mean_nll=12.300651936736578 num_tokens=131072.0 num_loss_tokens=131071.0 step_seconds=12.700242656748742 peak_reserved_bytes=169053519872 peak_allocated_bytes=164372188672 device_total_bytes=287428771840
INFO:trainers_server.dp_worker.api.server:retrieve: operation_id=e175523085bd4ab2a18dfcef1e16aefe done after 0.04s
INFO:     127.0.0.1:43492 - "GET /operations/e175523085bd4ab2a18dfcef1e16aefe HTTP/1.1" 200 OK
INFO:trainers_server.dp_worker.api.server:submit: op=forward_backward operation_id=d28747caa3ed45498da624cf375946a5 enqueued (qsize=1) n_datums=2 total_tokens=262144 seq_len[min/max]=131072/131072
INFO:     127.0.0.1:43492 - "POST /forward_backward HTTP/1.1" 202 Accepted
ERROR:opentelemetry.sdk.trace.export:Exception while exporting Span batch.
Traceback (most recent call last):
  File "/root/.cache/user_artifacts/trainers_main/server/.venv/lib/python3.12/site-packages/urllib3/connection.py", line 204, in _new_conn
    sock = connection.create_connection(
           ^^^^^^^^^^^^^^^^^^^^^^^^^^^^^
  File "/root/.cache/user_artifacts/trainers_main/server/.venv/lib/python3.12/site-packages/urllib3/util/connection.py", line 85, in create_connection
    raise err
  File "/root/.cache/user_artifacts/trainers_main/server/.venv/lib/python3.12/site-packages/urllib3/util/connection.py", line 73, in create_connection
    sock.connect(sa)
ConnectionRefusedError: [Errno 111] Connection refused

The above exception was the direct cause of the following exception:

Traceback (most recent call last):
  File "/root/.cache/user_artifacts/trainers_main/server/.venv/lib/python3.12/site-packages/urllib3/connectionpool.py", line 787, in urlopen
    response = self._make_request(
               ^^^^^^^^^^^^^^^^^^^
  File "/root/.cache/user_artifacts/trainers_main/server/.venv/lib/python3.12/site-packages/urllib3/connectionpool.py", line 493, in _make_request
    conn.request(
  File "/root/.cache/user_artifacts/trainers_main/server/.venv/lib/python3.12/site-packages/urllib3/connection.py", line 500, in request
    self.endheaders()
  File "/usr/lib/python3.12/http/client.py", line 1360, in endheaders
    self._send_output(message_body, encode_chunked=encode_chunked)
  File "/usr/lib/python3.12/http/client.py", line 1120, in _send_output
    self.send(msg)
  File "/usr/lib/python3.12/http/client.py", line 1064, in send
    self.connect()
  File "/root/.cache/user_artifacts/trainers_main/server/.venv/lib/python3.12/site-packages/urllib3/connection.py", line 331, in connect
    self.sock = self._new_conn()
                ^^^^^^^^^^^^^^^^
  File "/root/.cache/user_artifacts/trainers_main/server/.venv/lib/python3.12/site-packages/urllib3/connection.py", line 219, in _new_conn
    raise NewConnectionError(
urllib3.exceptions.NewConnectionError: HTTPConnection(host='localhost', port=4318): Failed to establish a new connection: [Errno 111] Connection refused

The above exception was the direct cause of the following exception:

Traceback (most recent call last):
  File "/root/.cache/user_artifacts/trainers_main/server/.venv/lib/python3.12/site-packages/requests/adapters.py", line 644, in send
    resp = conn.urlopen(
           ^^^^^^^^^^^^^
  File "/root/.cache/user_artifacts/trainers_main/server/.venv/lib/python3.12/site-packages/urllib3/connectionpool.py", line 841, in urlopen
    retries = retries.increment(
              ^^^^^^^^^^^^^^^^^^
  File "/root/.cache/user_artifacts/trainers_main/server/.venv/lib/python3.12/site-packages/urllib3/util/retry.py", line 535, in increment
    raise MaxRetryError(_pool, url, reason) from reason  # type: ignore[arg-type]
    ^^^^^^^^^^^^^^^^^^^^^^^^^^^^^^^^^^^^^^^^^^^^^^^^^^^
urllib3.exceptions.MaxRetryError: HTTPConnectionPool(host='localhost', port=4318): Max retries exceeded with url: /v1/traces (Caused by NewConnectionError("HTTPConnection(host='localhost', port=4318): Failed to establish a new connection: [Errno 111] Connection refused"))

During handling of the above exception, another exception occurred:

Traceback (most recent call last):
  File "/root/.cache/user_artifacts/trainers_main/server/.venv/lib/python3.12/site-packages/opentelemetry/sdk/trace/export/__init__.py", line 362, in _export_batch
    self.span_exporter.export(self.spans_list[:idx])  # type: ignore
    ^^^^^^^^^^^^^^^^^^^^^^^^^^^^^^^^^^^^^^^^^^^^^^^^
  File "/root/.cache/user_artifacts/trainers_main/server/.venv/lib/python3.12/site-packages/opentelemetry/exporter/otlp/proto/http/trace_exporter/__init__.py", line 139, in export
    resp = self._export(serialized_data)
           ^^^^^^^^^^^^^^^^^^^^^^^^^^^^^
  File "/root/.cache/user_artifacts/trainers_main/server/.venv/lib/python3.12/site-packages/opentelemetry/exporter/otlp/proto/http/trace_exporter/__init__.py", line 110, in _export
    return self._session.post(
           ^^^^^^^^^^^^^^^^^^^
  File "/root/.cache/user_artifacts/trainers_main/server/.venv/lib/python3.12/site-packages/requests/sessions.py", line 637, in post
    return self.request("POST", url, data=data, json=json, **kwargs)
           ^^^^^^^^^^^^^^^^^^^^^^^^^^^^^^^^^^^^^^^^^^^^^^^^^^^^^^^^^
  File "/root/.cache/user_artifacts/trainers_main/server/.venv/lib/python3.12/site-packages/requests/sessions.py", line 589, in request
    resp = self.send(prep, **send_kwargs)
           ^^^^^^^^^^^^^^^^^^^^^^^^^^^^^^
  File "/root/.cache/user_artifacts/trainers_main/server/.venv/lib/python3.12/site-packages/requests/sessions.py", line 703, in send
    r = adapter.send(request, **kwargs)
        ^^^^^^^^^^^^^^^^^^^^^^^^^^^^^^^
  File "/root/.cache/user_artifacts/trainers_main/server/.venv/lib/python3.12/site-packages/requests/adapters.py", line 677, in send
    raise ConnectionError(e, request=request)
requests.exceptions.ConnectionError: HTTPConnectionPool(host='localhost', port=4318): Max retries exceeded with url: /v1/traces (Caused by NewConnectionError("HTTPConnection(host='localhost', port=4318): Failed to establish a new connection: [Errno 111] Connection refused"))
INFO:trainers_server.dp_worker.api.dispatcher_worker:dispatcher_worker: op=forward_backward operation_id=d28747caa3ed45498da624cf375946a5 done in 19.48s {'loss': 12.280352824041932}
INFO:trainers_server.dp_worker.api.server:retrieve: operation_id=d28747caa3ed45498da624cf375946a5 done after 19.49s
INFO:     127.0.0.1:43492 - "GET /operations/d28747caa3ed45498da624cf375946a5 HTTP/1.1" 200 OK
INFO:trainers_server.dp_worker.api.server:submit: op=optim_step operation_id=260cc882b0e54a24bb326006f900f14b enqueued (qsize=1) 
INFO:     127.0.0.1:43492 - "POST /optim_step HTTP/1.1" 202 Accepted
INFO:trainers_server.dp_worker.api.dispatcher_worker:dispatcher_worker: op=optim_step operation_id=260cc882b0e54a24bb326006f900f14b done in 0.02s step=8.0 learning_rate=1e-05 lr=1e-05 grad_norm=0.3740028440952301 tps=13447.02973429205 train_mean_nll=12.280352824041932 num_tokens=262144.0 num_loss_tokens=262142.0 step_seconds=19.494565356057137 peak_reserved_bytes=169053519872 peak_allocated_bytes=164372188672 device_total_bytes=287428771840
INFO:trainers_server.dp_worker.api.server:retrieve: operation_id=260cc882b0e54a24bb326006f900f14b done after 0.02s
INFO:     127.0.0.1:43492 - "GET /operations/260cc882b0e54a24bb326006f900f14b HTTP/1.1" 200 OK
INFO:     127.0.0.1:43492 - "GET /status HTTP/1.1" 200 OK
ERROR:opentelemetry.sdk.trace.export:Exception while exporting Span batch.
Traceback (most recent call last):
  File "/root/.cache/user_artifacts/trainers_main/server/.venv/lib/python3.12/site-packages/urllib3/connection.py", line 204, in _new_conn
    sock = connection.create_connection(
           ^^^^^^^^^^^^^^^^^^^^^^^^^^^^^
  File "/root/.cache/user_artifacts/trainers_main/server/.venv/lib/python3.12/site-packages/urllib3/util/connection.py", line 85, in create_connection
    raise err
  File "/root/.cache/user_artifacts/trainers_main/server/.venv/lib/python3.12/site-packages/urllib3/util/connection.py", line 73, in create_connection
    sock.connect(sa)
ConnectionRefusedError: [Errno 111] Connection refused

The above exception was the direct cause of the following exception:

Traceback (most recent call last):
  File "/root/.cache/user_artifacts/trainers_main/server/.venv/lib/python3.12/site-packages/urllib3/connectionpool.py", line 787, in urlopen
    response = self._make_request(
               ^^^^^^^^^^^^^^^^^^^
  File "/root/.cache/user_artifacts/trainers_main/server/.venv/lib/python3.12/site-packages/urllib3/connectionpool.py", line 493, in _make_request
    conn.request(
  File "/root/.cache/user_artifacts/trainers_main/server/.venv/lib/python3.12/site-packages/urllib3/connection.py", line 500, in request
    self.endheaders()
  File "/usr/lib/python3.12/http/client.py", line 1360, in endheaders
    self._send_output(message_body, encode_chunked=encode_chunked)
  File "/usr/lib/python3.12/http/client.py", line 1120, in _send_output
    self.send(msg)
  File "/usr/lib/python3.12/http/client.py", line 1064, in send
    self.connect()
  File "/root/.cache/user_artifacts/trainers_main/server/.venv/lib/python3.12/site-packages/urllib3/connection.py", line 331, in connect
    self.sock = self._new_conn()
                ^^^^^^^^^^^^^^^^
  File "/root/.cache/user_artifacts/trainers_main/server/.venv/lib/python3.12/site-packages/urllib3/connection.py", line 219, in _new_conn
    raise NewConnectionError(
urllib3.exceptions.NewConnectionError: HTTPConnection(host='localhost', port=4318): Failed to establish a new connection: [Errno 111] Connection refused

The above exception was the direct cause of the following exception:

Traceback (most recent call last):
  File "/root/.cache/user_artifacts/trainers_main/server/.venv/lib/python3.12/site-packages/requests/adapters.py", line 644, in send
    resp = conn.urlopen(
           ^^^^^^^^^^^^^
  File "/root/.cache/user_artifacts/trainers_main/server/.venv/lib/python3.12/site-packages/urllib3/connectionpool.py", line 841, in urlopen
    retries = retries.increment(
              ^^^^^^^^^^^^^^^^^^
  File "/root/.cache/user_artifacts/trainers_main/server/.venv/lib/python3.12/site-packages/urllib3/util/retry.py", line 535, in increment
    raise MaxRetryError(_pool, url, reason) from reason  # type: ignore[arg-type]
    ^^^^^^^^^^^^^^^^^^^^^^^^^^^^^^^^^^^^^^^^^^^^^^^^^^^
urllib3.exceptions.MaxRetryError: HTTPConnectionPool(host='localhost', port=4318): Max retries exceeded with url: /v1/traces (Caused by NewConnectionError("HTTPConnection(host='localhost', port=4318): Failed to establish a new connection: [Errno 111] Connection refused"))

During handling of the above exception, another exception occurred:

Traceback (most recent call last):
  File "/root/.cache/user_artifacts/trainers_main/server/.venv/lib/python3.12/site-packages/opentelemetry/sdk/trace/export/__init__.py", line 362, in _export_batch
    self.span_exporter.export(self.spans_list[:idx])  # type: ignore
    ^^^^^^^^^^^^^^^^^^^^^^^^^^^^^^^^^^^^^^^^^^^^^^^^
  File "/root/.cache/user_artifacts/trainers_main/server/.venv/lib/python3.12/site-packages/opentelemetry/exporter/otlp/proto/http/trace_exporter/__init__.py", line 139, in export
    resp = self._export(serialized_data)
           ^^^^^^^^^^^^^^^^^^^^^^^^^^^^^
  File "/root/.cache/user_artifacts/trainers_main/server/.venv/lib/python3.12/site-packages/opentelemetry/exporter/otlp/proto/http/trace_exporter/__init__.py", line 110, in _export
    return self._session.post(
           ^^^^^^^^^^^^^^^^^^^
  File "/root/.cache/user_artifacts/trainers_main/server/.venv/lib/python3.12/site-packages/requests/sessions.py", line 637, in post
    return self.request("POST", url, data=data, json=json, **kwargs)
           ^^^^^^^^^^^^^^^^^^^^^^^^^^^^^^^^^^^^^^^^^^^^^^^^^^^^^^^^^
  File "/root/.cache/user_artifacts/trainers_main/server/.venv/lib/python3.12/site-packages/requests/sessions.py", line 589, in request
    resp = self.send(prep, **send_kwargs)
           ^^^^^^^^^^^^^^^^^^^^^^^^^^^^^^
  File "/root/.cache/user_artifacts/trainers_main/server/.venv/lib/python3.12/site-packages/requests/sessions.py", line 703, in send
    r = adapter.send(request, **kwargs)
        ^^^^^^^^^^^^^^^^^^^^^^^^^^^^^^^
  File "/root/.cache/user_artifacts/trainers_main/server/.venv/lib/python3.12/site-packages/requests/adapters.py", line 677, in send
    raise ConnectionError(e, request=request)
requests.exceptions.ConnectionError: HTTPConnectionPool(host='localhost', port=4318): Max retries exceeded with url: /v1/traces (Caused by NewConnectionError("HTTPConnection(host='localhost', port=4318): Failed to establish a new connection: [Errno 111] Connection refused"))
INFO:trainers_server.dp_worker.api.server:evicted 4 expired finished ops
INFO:trainers_server.dp_worker.api.server:evicted 2 expired finished ops
INFO:trainers_server.dp_worker.api.server:evicted 4 expired finished ops
INFO:trainers_server.dp_worker.api.server:evicted 1 expired finished ops
